chunk_offset,chunk_size,object_name,super_index,sub_index,material,sub_flag,vert_stride,vert_count,index_count,blend_flags,flags2,alpha_min,alpha_max,alpha_unique,color_samples,uv_bounds,bounds,radial_bounds,elevation_bounds,triangle_count,local_valid_triangle_count,max_triangle_edge,coincident_uv_seam_count,coincident_uv_seam_samples,u_wrap_triangle_count,max_triangle_u_span,u_wrap_samples,v_wrap_triangle_count,max_triangle_v_span,v_wrap_samples,duplicate_geometric_triangle_count,duplicate_geometric_triangle_samples,boundary_geometric_edge_count,boundary_geometric_edge_samples
4685056,960,guilddoorl      ,0,0,model   kou_ko  ,12,36,21,34,0,0,255,255,1,"[(89, 89, 89, 255)]","(0.76171875, 0.5, 0.99609375, 0.99609375)","(-0.03500000014901161, -2.79325008392334, -0.0, 0.03500000014901161, 0.037310998886823654, 1.0038700103759766)","(0.03500000014901161, 1.0044799638333728)","(-46.830501897240495, 89.28210962487996)",12,12,3.0033033548497405,7,"[((-0.035, 0.03731, -0.0), [0, 11, 19], [(0.761719, 0.996094), (0.765625, 0.996094), (0.96875, 0.996094)]), ((-0.035, -2.79325, -0.0), [1, 4, 20], [(0.761719, 0.5), (0.765625, 0.503906), (0.96875, 0.5)]), ((0.035, 0.03731, -0.0), [2, 13, 14], [(0.761719, 0.96875), (0.765625, 0.996094), (0.996094, 0.996094)]), ((0.035, -2.79325, -0.0), [3, 6, 15], [(0.761719, 0.523438), (0.765625, 0.503906), (0.996094, 0.5)]), ((-0.035, -2.79325, 1.00387), [5, 18], [(0.996094, 0.5), (0.996094, 0.503906)]), ((0.035, -2.79325, 1.00387), [7, 9, 17], [(0.96875, 0.5), (0.996094, 0.503906), (0.996094, 0.523438)]), ((0.035, 0.03731, 1.00387), [10, 12, 16], [(0.96875, 0.996094), (0.996094, 0.96875), (0.996094, 0.996094)])]",0,0.234375,[],0,0.49609375,[],0,[],0,[]
4686016,1008,guilddoorr      ,0,0,model   kou_ko  ,12,36,22,34,0,0,255,255,1,"[(89, 89, 89, 255)]","(0.76171875, 0.5, 0.99609375, 0.99609375)","(-0.03500000014901161, -2.79325008392334, -1.0038700103759766, 0.03500000014901161, 0.037310998886823654, -0.0)","(0.03500000014901161, 1.0044799638333728)","(-46.830501897240495, 89.28210962487996)",12,12,3.0033033548497405,8,"[((0.035, 0.03731, -0.0), [0, 13, 20], [(0.765625, 0.996094), (0.96875, 0.996094), (0.996094, 0.976562)]), ((0.035, -2.79325, -0.0), [1, 4, 21], [(0.765625, 0.503906), (0.96875, 0.5), (0.996094, 0.523438)]), ((-0.035, 0.03731, -0.0), [2, 15], [(0.765625, 0.996094), (0.996094, 0.996094)]), ((-0.035, -2.79325, -0.0), [3, 6, 16], [(0.765625, 0.503906), (0.996094, 0.5), (0.996094, 0.503906)]), ((0.035, -2.79325, -1.00387), [5, 8, 19], [(0.761719, 0.523438), (0.996094, 0.5), (0.996094, 0.503906)]), ((-0.035, -2.79325, -1.00387), [7, 10, 18], [(0.761719, 0.503906), (0.96875, 0.5), (0.996094, 0.503906)]), ((0.035, 0.03731, -1.00387), [9, 12], [(0.761719, 0.976562), (0.996094, 0.996094)]), ((-0.035, 0.03731, -1.00387), [11, 14, 17], [(0.761719, 0.996094), (0.96875, 0.996094), (0.996094, 0.996094)])]",0,0.234375,[],0,0.49609375,[],0,[],0,[]
4923776,1856,houdaidoorl     ,0,0,model   doors   ,36,36,42,97,0,0,128,128,1,"[(115, 115, 115, 128)]","(0.3828125, 0.50390625, 0.9921875, 0.93359375)","(-0.03843799978494644, -2.6365599632263184, -1.6207599639892578, 1.6145999431610107, -0.0, 0.03227199986577034)","(0.04563949989507512, 2.2384055019334252)","(0.0, 88.04575708146481)",36,36,2.607028590541014,19,"[((1.18452, -2.63656, -1.2614), [0, 36], [(0.523438, 0.535156), (0.992188, 0.527344)]), ((0.61817, -2.59746, -0.69505), [1, 35], [(0.742188, 0.539062), (0.992188, 0.570312)]), ((0.68888, -2.59746, -0.62434), [2, 41], [(0.734375, 0.539062), (0.976562, 0.570312)]), ((0.32596, -2.48005, -0.40284), [3, 34], [(0.851562, 0.554688), (0.992188, 0.605469)]), ((0.39667, -2.48005, -0.33213), [4, 32], [(0.84375, 0.554688), (0.976562, 0.605469)]), ((0.10943, -2.2474, -0.1863), [5, 16], [(0.9375, 0.59375), (0.992188, 0.644531)]), ((0.18014, -2.2474, -0.11559), [6, 33], [(0.929688, 0.585938), (0.976562, 0.644531)]), ((0.0093, -1.83364, -0.08618), [7, 15], [(0.976562, 0.644531), (0.992188, 0.695312)])]",12,0.609375,"[(16, [13, 9, 14], [0.3828125, 0.9921875, 0.3828125]), (17, [9, 14, 15], [0.9921875, 0.3828125, 0.9765625]), (18, [14, 15, 16], [0.3828125, 0.9765625, 0.9375]), (40, [25, 26, 27], [0.96875, 0.9921875, 0.3828125]), (41, [26, 27, 28], [0.9921875, 0.3828125, 0.9921875]), (42, [27, 28, 29], [0.3828125, 0.9921875, 0.3828125]), (50, [27, 32, 33], [0.3828125, 0.84375, 0.9296875]), (56, [16, 34, 14], [0.9375, 0.8515625, 0.3828125])]",0,0.1875,[],0,[],0,[]
4925632,1856,houdaidoorr     ,0,0,model   doors   ,36,36,42,97,0,0,128,128,1,"[(115, 115, 115, 128)]","(0.3828125, 0.50390625, 0.9921875, 0.93359375)","(-1.6145999431610107, -2.6365599632263184, -0.03227199986577034, 0.03843799978494644, -0.0, 1.6207599639892578)","(0.04563949989507512, 2.2384055019334252)","(0.0, 88.04575708146481)",36,36,2.607028590541014,19,"[((-1.18452, -2.63656, 1.2614), [0, 36], [(0.523438, 0.535156), (0.992188, 0.539062)]), ((-0.61817, -2.59746, 0.69505), [1, 35], [(0.742188, 0.539062), (0.992188, 0.597656)]), ((-0.68888, -2.59746, 0.62434), [2, 41], [(0.734375, 0.539062), (0.976562, 0.597656)]), ((-0.32596, -2.48005, 0.40284), [3, 34], [(0.851562, 0.554688), (0.992188, 0.640625)]), ((-0.39667, -2.48005, 0.33213), [4, 32], [(0.84375, 0.554688), (0.976562, 0.640625)]), ((-0.10943, -2.2474, 0.1863), [5, 16], [(0.9375, 0.589844), (0.992188, 0.683594)]), ((-0.18014, -2.2474, 0.11559), [6, 33], [(0.929688, 0.589844), (0.976562, 0.683594)]), ((-0.0093, -1.83364, 0.08618), [7, 15], [(0.976562, 0.644531), (0.992188, 0.699219)])]",12,0.609375,"[(16, [13, 9, 14], [0.3828125, 0.9921875, 0.3828125]), (17, [9, 14, 15], [0.9921875, 0.3828125, 0.9765625]), (18, [14, 15, 16], [0.3828125, 0.9765625, 0.9375]), (40, [25, 26, 27], [0.96875, 0.9921875, 0.3828125]), (41, [26, 27, 28], [0.9921875, 0.3828125, 0.9921875]), (42, [27, 28, 29], [0.3828125, 0.9921875, 0.3828125]), (50, [27, 32, 33], [0.3828125, 0.84375, 0.9296875]), (56, [16, 34, 14], [0.9375, 0.8515625, 0.3828125])]",0,0.1875,[],0,[],0,[]
5229168,1072,kouboudoorl     ,0,0,model   kou_ko  ,12,36,24,34,0,0,255,255,1,"[(66, 66, 70, 255), (71, 71, 71, 255)]","(0.19140625, 0.0, 0.44140625, 0.5)","(-0.03500000014901161, -3.200010061264038, -0.0, 0.03500000014901161, 0.037310998886823654, 1.265570044517517)","(0.03500000014901161, 1.2660539236503716)","(-46.830501897240495, 89.37335436660749)",12,12,3.4759049446261283,8,"[((-0.035, 0.03731, -0.0), [0, 13, 22], [(0.191406, 0.5), (0.195312, 0.496094), (0.195312, 0.5)]), ((-0.035, -3.20001, -0.0), [1, 4, 23], [(0.191406, 0.0), (0.191406, 0.003906), (0.195312, 0.003906)]), ((0.035, 0.03731, -0.0), [2, 15, 16], [(0.195312, 0.46875), (0.195312, 0.496094), (0.214844, 0.5)]), ((0.035, -3.20001, -0.0), [3, 6, 17], [(0.191406, 0.023438), (0.195312, 0.003906), (0.214844, 0.0)]), ((-0.035, -3.20001, 1.26557), [5, 8, 21], [(0.214844, 0.0), (0.433594, 0.003906), (0.441406, 0.003906)]), ((0.035, -3.20001, 1.26557), [7, 10, 19], [(0.191406, 0.0), (0.433594, 0.023438), (0.441406, 0.003906)]), ((-0.035, 0.03731, 1.26557), [9, 12, 20], [(0.214844, 0.5), (0.433594, 0.5), (0.441406, 0.496094)]), ((0.035, 0.03731, 1.26557), [11, 14, 18], [(0.191406, 0.5), (0.433594, 0.46875), (0.441406, 0.496094)])]",0,0.24609375,[],0,0.5,[],0,[],0,[]
5230240,1072,kouboudoorr     ,0,0,model   kou_ko  ,12,36,24,34,0,0,255,255,1,"[(71, 71, 71, 255)]","(0.1875, 0.0, 0.44140625, 0.5)","(-0.03500000014901161, -3.200010061264038, -1.265570044517517, 0.03500000014901161, 0.037310998886823654, -0.0)","(0.03500000014901161, 1.2660539236503716)","(-46.830501897240495, 89.37335436660749)",12,12,3.4759049446261283,8,"[((0.035, 0.03731, -0.0), [0, 13, 22], [(0.195312, 0.496094), (0.195312, 0.5), (0.417969, 0.496094)]), ((0.035, -3.20001, -0.0), [1, 4, 23], [(0.195312, 0.003906), (0.195312, 0.472656), (0.417969, 0.003906)]), ((-0.035, 0.03731, -0.0), [2, 15, 16], [(0.195312, 0.46875), (0.195312, 0.496094), (0.4375, 0.496094)]), ((-0.035, -3.20001, -0.0), [3, 6, 17], [(0.195312, 0.003906), (0.195312, 0.5), (0.4375, 0.003906)]), ((0.035, -3.20001, -1.26557), [5, 8, 21], [(0.1875, 0.0), (0.4375, 0.472656), (0.441406, 0.003906)]), ((-0.035, -3.20001, -1.26557), [7, 10, 19], [(0.21875, 0.0), (0.4375, 0.5), (0.441406, 0.003906)]), ((0.035, 0.03731, -1.26557), [9, 12, 20], [(0.1875, 0.5), (0.4375, 0.5), (0.441406, 0.496094)]), ((-0.035, 0.03731, -1.26557), [11, 14, 18], [(0.21875, 0.5), (0.4375, 0.46875), (0.441406, 0.496094)])]",0,0.24609375,[],0,0.5,[],0,[],0,[]
5237680,15104,lift01          ,0,0,model   tetu_02 ,216,36,378,677,0,0,255,255,1,"[(64, 68, 72, 255)]","(0.001953125, 0.00390625, 0.5, 0.9921875)","(-0.9842990040779114, -0.8063349723815918, -0.9842990040779114, 3.999999989900971e-06, 1.8928500413894653, -0.0)","(0.0, 1.080783684146067)","(-89.99987892167238, 90.0)",216,216,1.8878261108831624,120,"[((0.0, -0.80633, -0.0), [0, 59], [(0.001953, 0.332031), (0.060547, 0.332031)]), ((-0.6, -0.80633, -0.0), [1, 200], [(0.001953, 0.332031), (0.060547, 0.332031)]), ((0.0, -0.70385, -0.0), [2, 57], [(0.001953, 0.355469), (0.060547, 0.355469)]), ((-0.6, -0.70385, -0.0), [3, 130, 198, 330], [(0.001953, 0.355469), (0.060547, 0.355469)]), ((0.0, -0.60425, -0.0), [4, 55, 120], [(0.001953, 0.375), (0.060547, 0.375)]), ((-0.6, -0.60425, -0.0), [5, 45, 329], [(0.001953, 0.375), (0.060547, 0.375)]), ((0.0, -0.00425, -0.0), [6, 122, 194], [(0.001953, 0.5), (0.060547, 0.5)]), ((-0.6, -0.00425, -0.0), [7, 47], [(0.001953, 0.5), (0.060547, 0.5)])]",0,0.109375,[],0,0.375,[],0,[],36,"[((-0.6, -0.80633, -0.0), (0.0, -0.80633, -0.0)), ((-0.9843, -0.00425, -0.27437), (-0.9843, -0.00425, -0.14636)), ((-0.9843, -0.00425, -0.32029), (-0.9843, -0.00425, -0.27437)), ((-0.44637, -0.00425, -0.9843), (-0.32029, -0.00425, -0.9843)), ((-0.32029, -0.00425, -0.9843), (-0.27437, -0.00425, -0.9843)), ((0.0, -0.80633, -0.6), (0.0, -0.80633, -0.0)), ((-0.9069, 1.89285, -0.32029), (-0.6, 1.89285, -0.32029)), ((-0.9069, 1.89285, -0.37776), (-0.6, 1.89285, -0.37776))]"
5252784,15104,lift01b         ,0,0,model   tetu_02 ,216,36,378,677,0,0,255,255,1,"[(64, 68, 72, 255)]","(0.001953125, 0.00390625, 0.5, 0.9921875)","(-0.9842990040779114, -0.8063349723815918, -0.9842990040779114, 3.999999989900971e-06, 1.8928500413894653, -0.0)","(0.0, 1.080783684146067)","(-89.99987892167238, 90.0)",216,216,1.8878261108831624,120,"[((0.0, -0.80633, -0.0), [0, 59], [(0.001953, 0.332031), (0.060547, 0.332031)]), ((-0.6, -0.80633, -0.0), [1, 200], [(0.001953, 0.332031), (0.060547, 0.332031)]), ((0.0, -0.70385, -0.0), [2, 57], [(0.001953, 0.355469), (0.060547, 0.355469)]), ((-0.6, -0.70385, -0.0), [3, 130, 198, 330], [(0.001953, 0.355469), (0.060547, 0.355469)]), ((0.0, -0.60425, -0.0), [4, 55, 120], [(0.001953, 0.375), (0.060547, 0.375)]), ((-0.6, -0.60425, -0.0), [5, 45, 329], [(0.001953, 0.375), (0.060547, 0.375)]), ((0.0, -0.00425, -0.0), [6, 122, 194], [(0.001953, 0.5), (0.060547, 0.5)]), ((-0.6, -0.00425, -0.0), [7, 47], [(0.001953, 0.5), (0.060547, 0.5)])]",0,0.109375,[],0,0.375,[],0,[],36,"[((-0.6, -0.80633, -0.0), (0.0, -0.80633, -0.0)), ((-0.9843, -0.00425, -0.27437), (-0.9843, -0.00425, -0.14636)), ((-0.9843, -0.00425, -0.32029), (-0.9843, -0.00425, -0.27437)), ((-0.44637, -0.00425, -0.9843), (-0.32029, -0.00425, -0.9843)), ((-0.32029, -0.00425, -0.9843), (-0.27437, -0.00425, -0.9843)), ((0.0, -0.80633, -0.6), (0.0, -0.80633, -0.0)), ((-0.9069, 1.89285, -0.32029), (-0.6, 1.89285, -0.32029)), ((-0.9069, 1.89285, -0.37776), (-0.6, 1.89285, -0.37776))]"
5267888,8640,lift02          ,0,0,model   tetu_02 ,128,36,214,395,0,0,255,255,1,"[(64, 68, 72, 255)]","(0.001953125, 0.00390625, 0.5, 0.9921875)","(0.0, -0.8063349723815918, -0.6000019907951355, 0.9843029975891113, 1.8928500413894653, -0.0)","(0.0, 1.08078732114625)","(-90.0, 90.0)",128,128,1.8878257867753554,72,"[((0.6, -0.80633, -0.0), [0, 171], [(0.001953, 0.332031), (0.060547, 0.332031)]), ((0.0, -0.70385, -0.0), [1, 166, 172], [(0.001953, 0.355469), (0.060547, 0.355469), (0.060547, 0.375)]), ((0.6, -0.70385, -0.0), [2, 97, 170, 206], [(0.001953, 0.355469), (0.060547, 0.355469)]), ((0.0, -0.60425, -0.0), [3, 84, 167], [(0.001953, 0.375), (0.060547, 0.355469), (0.060547, 0.375)]), ((0.6, -0.60425, -0.0), [4, 67, 207], [(0.001953, 0.375), (0.060547, 0.375)]), ((0.0, -0.00425, -0.0), [5, 68, 85], [(0.001953, 0.5), (0.060547, 0.5)]), ((0.6, -0.00425, -0.0), [6, 65], [(0.001953, 0.5), (0.060547, 0.488281)]), ((0.0, 1.78569, -0.0), [7, 70], [(0.001953, 0.875), (0.060547, 0.875)])]",0,0.09375,[],0,0.38671875,[],0,[],22,"[((0.0, 1.89285, -0.0), (0.6, 1.89285, -0.0)), ((0.6, 1.89285, -0.32029), (0.6, 1.89285, -0.27437)), ((0.6, 1.89285, -0.2169), (0.6, 1.89285, -0.0)), ((0.9843, -0.00425, -0.32029), (0.9843, -0.00425, -0.27437)), ((0.9843, -0.00425, -0.27437), (0.9843, -0.00425, -0.14636)), ((0.6, 1.89285, -0.32029), (0.9069, 1.89285, -0.32029)), ((0.6, 1.89285, -0.37776), (0.9069, 1.89285, -0.37776)), ((0.9069, 1.89285, -0.27437), (0.9069, 1.89285, -0.2169))]"
5276528,8640,lift02b         ,0,0,model   tetu_02 ,128,36,214,395,0,0,255,255,1,"[(64, 68, 72, 255)]","(0.001953125, 0.00390625, 0.5, 0.9921875)","(0.0, -0.8063349723815918, -0.6000019907951355, 0.9843029975891113, 1.8928500413894653, -0.0)","(0.0, 1.08078732114625)","(-90.0, 90.0)",128,128,1.8878257867753554,72,"[((0.6, -0.80633, -0.0), [0, 171], [(0.001953, 0.332031), (0.060547, 0.332031)]), ((0.0, -0.70385, -0.0), [1, 166, 172], [(0.001953, 0.355469), (0.060547, 0.355469), (0.060547, 0.375)]), ((0.6, -0.70385, -0.0), [2, 97, 170, 206], [(0.001953, 0.355469), (0.060547, 0.355469)]), ((0.0, -0.60425, -0.0), [3, 84, 167], [(0.001953, 0.375), (0.060547, 0.355469), (0.060547, 0.375)]), ((0.6, -0.60425, -0.0), [4, 67, 207], [(0.001953, 0.375), (0.060547, 0.375)]), ((0.0, -0.00425, -0.0), [5, 68, 85], [(0.001953, 0.5), (0.060547, 0.5)]), ((0.6, -0.00425, -0.0), [6, 65], [(0.001953, 0.5), (0.060547, 0.488281)]), ((0.0, 1.78569, -0.0), [7, 70], [(0.001953, 0.875), (0.060547, 0.875)])]",0,0.09375,[],0,0.38671875,[],0,[],22,"[((0.0, 1.89285, -0.0), (0.6, 1.89285, -0.0)), ((0.6, 1.89285, -0.32029), (0.6, 1.89285, -0.27437)), ((0.6, 1.89285, -0.2169), (0.6, 1.89285, -0.0)), ((0.9843, -0.00425, -0.32029), (0.9843, -0.00425, -0.27437)), ((0.9843, -0.00425, -0.27437), (0.9843, -0.00425, -0.14636)), ((0.6, 1.89285, -0.32029), (0.9069, 1.89285, -0.32029)), ((0.6, 1.89285, -0.37776), (0.9069, 1.89285, -0.37776)), ((0.9069, 1.89285, -0.27437), (0.9069, 1.89285, -0.2169))]"
5285168,8560,lift03          ,0,0,model   tetu_02 ,128,36,212,391,0,0,255,255,1,"[(64, 68, 72, 255)]","(0.001953125, 0.00390625, 0.5, 0.9921875)","(0.0, -0.8063349723815918, -0.6000019907951355, 0.9843029975891113, 1.8928500413894653, -0.0)","(0.0, 1.0838071798287692)","(-90.0, 90.0)",128,128,1.8878257867753554,72,"[((0.6, -0.80633, -0.0), [0, 169], [(0.001953, 0.332031), (0.060547, 0.332031)]), ((0.0, -0.70385, -0.0), [1, 164, 170], [(0.001953, 0.355469), (0.060547, 0.355469)]), ((0.6, -0.70385, -0.0), [2, 99, 168, 204], [(0.001953, 0.355469), (0.060547, 0.355469)]), ((0.0, -0.60425, -0.0), [3, 86, 165], [(0.001953, 0.375), (0.060547, 0.375)]), ((0.6, -0.60425, -0.0), [4, 69, 205], [(0.001953, 0.375), (0.060547, 0.375)]), ((0.0, -0.00425, -0.0), [5, 70, 87], [(0.001953, 0.5), (0.060547, 0.5)]), ((0.6, -0.00425, -0.0), [6, 67], [(0.001953, 0.5), (0.060547, 0.5)]), ((0.0, 1.78569, -0.0), [7, 72], [(0.001953, 0.875), (0.060547, 0.875)])]",0,0.09375,[],0,0.375,[],0,[],22,"[((0.0, 1.89285, -0.0), (0.6, 1.89285, -0.0)), ((0.6, 1.89285, -0.32563), (0.6, 1.89285, -0.2797)), ((0.6, 1.89285, -0.22224), (0.6, 1.89285, -0.0)), ((0.9843, -0.00425, -0.32563), (0.9843, -0.00425, -0.2797)), ((0.9843, -0.00425, -0.2797), (0.9843, -0.00425, -0.15362)), ((0.6, 1.89285, -0.32563), (0.9069, 1.89285, -0.32563)), ((0.6, 1.89285, -0.38309), (0.9069, 1.89285, -0.38309)), ((0.9069, 1.89285, -0.2797), (0.9069, 1.89285, -0.22224))]"
5293728,8560,lift03b         ,0,0,model   tetu_02 ,128,36,212,391,0,0,255,255,1,"[(64, 68, 72, 255)]","(0.001953125, 0.00390625, 0.5, 0.9921875)","(0.0, -0.8063349723815918, -0.6000019907951355, 0.9843029975891113, 1.8928500413894653, -0.0)","(0.0, 1.0838071798287692)","(-90.0, 90.0)",128,128,1.8878257867753554,72,"[((0.6, -0.80633, -0.0), [0, 169], [(0.001953, 0.332031), (0.060547, 0.332031)]), ((0.0, -0.70385, -0.0), [1, 164, 170], [(0.001953, 0.355469), (0.060547, 0.355469)]), ((0.6, -0.70385, -0.0), [2, 99, 168, 204], [(0.001953, 0.355469), (0.060547, 0.355469)]), ((0.0, -0.60425, -0.0), [3, 86, 165], [(0.001953, 0.375), (0.060547, 0.375)]), ((0.6, -0.60425, -0.0), [4, 69, 205], [(0.001953, 0.375), (0.060547, 0.375)]), ((0.0, -0.00425, -0.0), [5, 70, 87], [(0.001953, 0.5), (0.060547, 0.5)]), ((0.6, -0.00425, -0.0), [6, 67], [(0.001953, 0.5), (0.060547, 0.5)]), ((0.0, 1.78569, -0.0), [7, 72], [(0.001953, 0.875), (0.060547, 0.875)])]",0,0.09375,[],0,0.375,[],0,[],22,"[((0.0, 1.89285, -0.0), (0.6, 1.89285, -0.0)), ((0.6, 1.89285, -0.32563), (0.6, 1.89285, -0.2797)), ((0.6, 1.89285, -0.22224), (0.6, 1.89285, -0.0)), ((0.9843, -0.00425, -0.32563), (0.9843, -0.00425, -0.2797)), ((0.9843, -0.00425, -0.2797), (0.9843, -0.00425, -0.15362)), ((0.6, 1.89285, -0.32563), (0.9069, 1.89285, -0.32563)), ((0.6, 1.89285, -0.38309), (0.9069, 1.89285, -0.38309)), ((0.9069, 1.89285, -0.2797), (0.9069, 1.89285, -0.22224))]"
5302288,4304,lift04          ,0,0,model   tetu_02 ,60,36,106,171,0,0,255,255,1,"[(64, 68, 72, 255)]","(0.21875, 0.00390625, 0.701171875, 0.27734375)","(-5.231389999389648, -0.6042510271072388, -0.3000180125236511, 0.0, 0.3464460074901581, -0.0)","(0.0, 5.239985890587175)","(-8.77178184938493, 90.0)",60,60,2.1991331360284985,32,"[((-5.23139, -0.00425, -0.30001), [0, 24], [(0.234375, 0.121094), (0.234375, 0.128906)]), ((-3.11569, -0.00425, -0.2314), [1, 62, 87, 97], [(0.21875, 0.195312), (0.453125, 0.21875), (0.578125, 0.140625), (0.701172, 0.171875)]), ((-3.11569, -0.00425, -0.17393), [3, 37, 85, 103], [(0.341797, 0.195312), (0.453125, 0.1875), (0.578125, 0.152344), (0.701172, 0.160156)]), ((-3.11569, -0.00425, -0.12801), [5, 35, 67, 77], [(0.21875, 0.195312), (0.453125, 0.21875), (0.578125, 0.160156), (0.701172, 0.152344)]), ((-3.11569, -0.00425, -0.07055), [6, 23, 65, 83], [(0.341797, 0.195312), (0.453125, 0.1875), (0.578125, 0.167969), (0.701172, 0.144531)]), ((-2.11569, -0.00425, -0.30001), [7, 40, 57], [(0.578125, 0.121094), (0.578125, 0.183594), (0.701172, 0.121094)]), ((0.0, -0.00425, -0.30001), [8, 41], [(0.234375, 0.121094), (0.234375, 0.183594)]), ((-2.11569, -0.00425, -0.2314), [9, 90, 99], [(0.341797, 0.195312), (0.390625, 0.21875), (0.578125, 0.171875)])]",0,0.34375,[],0,0.1171875,[],0,[],12,"[((-5.23139, -0.00425, -0.30001), (-5.23139, -0.00425, -0.17392)), ((-5.23139, -0.00425, -0.17392), (-5.23139, -0.00425, -0.12802)), ((0.0, -0.00425, -0.30001), (0.0, -0.00425, -0.17393)), ((0.0, -0.00425, -0.17393), (0.0, -0.00425, -0.12802)), ((-5.23139, -0.60425, -0.30002), (-5.23139, -0.00425, -0.30001)), ((-5.23139, -0.60425, -0.0), (-5.23139, -0.00425, -0.0)), ((-5.23139, -0.00425, -0.12802), (-5.23139, -0.00425, -0.0)), ((0.0, -0.60425, -0.30001), (0.0, -0.00425, -0.30001))]"
5306592,4304,lift04b         ,0,0,model   tetu_02 ,60,36,106,171,0,0,255,255,1,"[(64, 68, 72, 255)]","(0.21875, 0.00390625, 0.701171875, 0.27734375)","(-5.231389999389648, -0.6042510271072388, -0.3000180125236511, 0.0, 0.3464460074901581, -0.0)","(0.0, 5.239985890587175)","(-8.77178184938493, 90.0)",60,60,2.1991331360284985,32,"[((-5.23139, -0.00425, -0.30001), [0, 24], [(0.234375, 0.121094), (0.234375, 0.128906)]), ((-3.11569, -0.00425, -0.2314), [1, 62, 87, 97], [(0.21875, 0.195312), (0.453125, 0.21875), (0.578125, 0.140625), (0.701172, 0.171875)]), ((-3.11569, -0.00425, -0.17393), [3, 37, 85, 103], [(0.341797, 0.195312), (0.453125, 0.1875), (0.578125, 0.152344), (0.701172, 0.160156)]), ((-3.11569, -0.00425, -0.12801), [5, 35, 67, 77], [(0.21875, 0.195312), (0.453125, 0.21875), (0.578125, 0.160156), (0.701172, 0.152344)]), ((-3.11569, -0.00425, -0.07055), [6, 23, 65, 83], [(0.341797, 0.195312), (0.453125, 0.1875), (0.578125, 0.167969), (0.701172, 0.144531)]), ((-2.11569, -0.00425, -0.30001), [7, 40, 57], [(0.578125, 0.121094), (0.578125, 0.183594), (0.701172, 0.121094)]), ((0.0, -0.00425, -0.30001), [8, 41], [(0.234375, 0.121094), (0.234375, 0.183594)]), ((-2.11569, -0.00425, -0.2314), [9, 90, 99], [(0.341797, 0.195312), (0.390625, 0.21875), (0.578125, 0.171875)])]",0,0.34375,[],0,0.1171875,[],0,[],12,"[((-5.23139, -0.00425, -0.30001), (-5.23139, -0.00425, -0.17392)), ((-5.23139, -0.00425, -0.17392), (-5.23139, -0.00425, -0.12802)), ((0.0, -0.00425, -0.30001), (0.0, -0.00425, -0.17393)), ((0.0, -0.00425, -0.17393), (0.0, -0.00425, -0.12802)), ((-5.23139, -0.60425, -0.30002), (-5.23139, -0.00425, -0.30001)), ((-5.23139, -0.60425, -0.0), (-5.23139, -0.00425, -0.0)), ((-5.23139, -0.00425, -0.12802), (-5.23139, -0.00425, -0.0)), ((0.0, -0.60425, -0.30001), (0.0, -0.00425, -0.30001))]"
5310896,10464,lift05          ,0,0,model   tetu_02 ,152,36,262,445,0,0,255,255,1,"[(64, 68, 72, 255)]","(0.001953125, 0.0, 0.546875, 0.9921875)","(-0.9842990040779114, 0.5259900093078613, -0.5999979972839355, 3.999999989900971e-06, 3.9851601123809814, -0.0)","(0.0, 1.080783684146067)","(-90.0, -31.794267478585876)",152,152,1.8878262699733144,80,"[((-0.6, 1.35073, -0.0), [0, 9, 76, 238], [(0.001953, 0.0), (0.001953, 0.5), (0.060547, 0.003906), (0.060547, 0.5)]), ((-0.6, 3.14067, -0.0), [1, 65], [(0.001953, 0.375), (0.060547, 0.375)]), ((0.0, 3.14067, -0.0), [2, 176, 250], [(0.001953, 0.375), (0.060547, 0.375)]), ((-0.6, 3.74067, -0.0), [3, 249, 258], [(0.001953, 0.5), (0.060547, 0.503906)]), ((0.0, 3.74067, -0.0), [4, 47], [(0.001953, 0.503906), (0.060547, 0.503906)]), ((-0.6, 3.86662, -0.0), [5, 188, 203, 257], [(0.001953, 0.535156), (0.060547, 0.53125)]), ((0.0, 3.86662, -0.0), [6, 49], [(0.001953, 0.53125), (0.060547, 0.53125)]), ((-0.6, 3.98516, -0.0), [7, 204], [(0.001953, 0.5625), (0.060547, 0.5625)])]",0,0.109375,[],0,0.375,[],0,[],20,"[((-0.6, 3.98516, -0.0), (0.0, 3.98516, -0.0)), ((-0.6, 0.52599, -0.0), (0.0, 0.52599, -0.0)), ((-0.9843, 1.35073, -0.27437), (-0.9843, 1.35073, -0.14636)), ((-0.9843, 1.35073, -0.32029), (-0.9843, 1.35073, -0.27437)), ((-0.9843, 3.14067, -0.44637), (-0.9843, 3.14067, -0.32029)), ((0.0, 3.98516, -0.6), (0.0, 3.98516, -0.0)), ((0.0, 0.52599, -0.6), (0.0, 0.52599, -0.0)), ((-0.6, 3.98516, -0.6), (0.0, 3.98516, -0.6))]"
5321360,10464,lift05b         ,0,0,model   tetu_02 ,152,36,262,445,0,0,255,255,1,"[(64, 68, 72, 255)]","(0.001953125, 0.0, 0.546875, 0.9921875)","(-0.9842990040779114, 0.5259900093078613, -0.5999979972839355, 3.999999989900971e-06, 3.9851601123809814, -0.0)","(0.0, 1.080783684146067)","(-90.0, -31.794267478585876)",152,152,1.8878262699733144,80,"[((-0.6, 1.35073, -0.0), [0, 9, 76, 238], [(0.001953, 0.0), (0.001953, 0.5), (0.060547, 0.003906), (0.060547, 0.5)]), ((-0.6, 3.14067, -0.0), [1, 65], [(0.001953, 0.375), (0.060547, 0.375)]), ((0.0, 3.14067, -0.0), [2, 176, 250], [(0.001953, 0.375), (0.060547, 0.375)]), ((-0.6, 3.74067, -0.0), [3, 249, 258], [(0.001953, 0.5), (0.060547, 0.503906)]), ((0.0, 3.74067, -0.0), [4, 47], [(0.001953, 0.503906), (0.060547, 0.503906)]), ((-0.6, 3.86662, -0.0), [5, 188, 203, 257], [(0.001953, 0.535156), (0.060547, 0.53125)]), ((0.0, 3.86662, -0.0), [6, 49], [(0.001953, 0.53125), (0.060547, 0.53125)]), ((-0.6, 3.98516, -0.0), [7, 204], [(0.001953, 0.5625), (0.060547, 0.5625)])]",0,0.109375,[],0,0.375,[],0,[],20,"[((-0.6, 3.98516, -0.0), (0.0, 3.98516, -0.0)), ((-0.6, 0.52599, -0.0), (0.0, 0.52599, -0.0)), ((-0.9843, 1.35073, -0.27437), (-0.9843, 1.35073, -0.14636)), ((-0.9843, 1.35073, -0.32029), (-0.9843, 1.35073, -0.27437)), ((-0.9843, 3.14067, -0.44637), (-0.9843, 3.14067, -0.32029)), ((0.0, 3.98516, -0.6), (0.0, 3.98516, -0.0)), ((0.0, 0.52599, -0.6), (0.0, 0.52599, -0.0)), ((-0.6, 3.98516, -0.6), (0.0, 3.98516, -0.6))]"
5331824,10768,lift06          ,0,0,model   tetu_02 ,152,36,270,449,0,0,255,255,1,"[(64, 68, 72, 255)]","(0.001953125, 0.0, 0.546875, 0.9921875)","(-0.9842990040779114, 0.5259900093078613, -3.999999989900971e-06, 0.0, 3.9851601123809814, 0.5999979972839355)","(0.0, 1.080783684146067)","(-90.0, -31.794267478585876)",152,152,1.8878253227763893,80,"[((0.0, 1.35073, 0.6), [0, 9, 201, 211], [(0.001953, 0.003906), (0.001953, 0.5), (0.060547, 0.003906), (0.060547, 0.5)]), ((0.0, 3.14067, 0.6), [1, 203, 221], [(0.001953, 0.375), (0.060547, 0.375)]), ((0.0, 3.14067, -0.0), [2, 78, 258], [(0.001953, 0.375), (0.060547, 0.375)]), ((0.0, 3.74067, 0.6), [3, 217, 223], [(0.001953, 0.503906), (0.060547, 0.503906)]), ((0.0, 3.74067, -0.0), [4, 47], [(0.001953, 0.503906), (0.060547, 0.503906)]), ((0.0, 3.86662, 0.6), [5, 219, 225], [(0.001953, 0.53125), (0.060547, 0.53125)]), ((0.0, 3.86662, -0.0), [6, 49], [(0.001953, 0.53125), (0.060547, 0.53125)]), ((0.0, 3.98516, 0.6), [7, 227], [(0.001953, 0.5625), (0.060547, 0.5625)])]",0,0.109375,[],0,0.375,[],0,[],20,"[((0.0, 3.98516, -0.0), (0.0, 3.98516, 0.6)), ((0.0, 0.52599, -0.0), (0.0, 0.52599, 0.6)), ((-0.9843, 1.35073, 0.32029), (-0.9843, 1.35073, 0.44637)), ((-0.9843, 1.35073, 0.27437), (-0.9843, 1.35073, 0.32029)), ((-0.9843, 3.14067, 0.14636), (-0.9843, 3.14067, 0.27437)), ((-0.6, 3.98516, -0.0), (0.0, 3.98516, -0.0)), ((-0.6, 0.52599, -0.0), (0.0, 0.52599, -0.0)), ((-0.9843, 1.35073, 0.14636), (-0.9843, 1.35073, 0.27437))]"
5342592,10768,lift06b         ,0,0,model   tetu_02 ,152,36,270,449,0,0,255,255,1,"[(64, 68, 72, 255)]","(0.001953125, 0.0, 0.546875, 0.9921875)","(-0.9842990040779114, 0.5259900093078613, -3.999999989900971e-06, 0.0, 3.9851601123809814, 0.5999979972839355)","(0.0, 1.080783684146067)","(-90.0, -31.794267478585876)",152,152,1.8878253227763893,80,"[((0.0, 1.35073, 0.6), [0, 9, 201, 211], [(0.001953, 0.003906), (0.001953, 0.5), (0.060547, 0.003906), (0.060547, 0.5)]), ((0.0, 3.14067, 0.6), [1, 203, 221], [(0.001953, 0.375), (0.060547, 0.375)]), ((0.0, 3.14067, -0.0), [2, 78, 258], [(0.001953, 0.375), (0.060547, 0.375)]), ((0.0, 3.74067, 0.6), [3, 217, 223], [(0.001953, 0.503906), (0.060547, 0.503906)]), ((0.0, 3.74067, -0.0), [4, 47], [(0.001953, 0.503906), (0.060547, 0.503906)]), ((0.0, 3.86662, 0.6), [5, 219, 225], [(0.001953, 0.53125), (0.060547, 0.53125)]), ((0.0, 3.86662, -0.0), [6, 49], [(0.001953, 0.53125), (0.060547, 0.53125)]), ((0.0, 3.98516, 0.6), [7, 227], [(0.001953, 0.5625), (0.060547, 0.5625)])]",0,0.109375,[],0,0.375,[],0,[],20,"[((0.0, 3.98516, -0.0), (0.0, 3.98516, 0.6)), ((0.0, 0.52599, -0.0), (0.0, 0.52599, 0.6)), ((-0.9843, 1.35073, 0.32029), (-0.9843, 1.35073, 0.44637)), ((-0.9843, 1.35073, 0.27437), (-0.9843, 1.35073, 0.32029)), ((-0.9843, 3.14067, 0.14636), (-0.9843, 3.14067, 0.27437)), ((-0.6, 3.98516, -0.0), (0.0, 3.98516, -0.0)), ((-0.6, 0.52599, -0.0), (0.0, 0.52599, -0.0)), ((-0.9843, 1.35073, 0.14636), (-0.9843, 1.35073, 0.27437))]"
5353360,1504,lift07          ,0,0,model   tetu_02 ,28,36,34,67,0,0,255,255,1,"[(64, 68, 72, 255)]","(0.234375, 0.00390625, 0.640625, 0.18359375)","(-5.231389999389648, -0.0, -0.0, 0.0, 0.6000000238418579, 0.3000180125236511)","(0.0, 5.239985890587175)","(-90.0, 0.0)",28,28,2.6836330882845707,12,"[((-2.6157, -0.0, 0.30001), [0, 26, 30], [(0.640625, 0.003906), (0.640625, 0.183594)]), ((0.0, -0.0, 0.30001), [1, 31], [(0.234375, 0.003906), (0.234375, 0.183594)]), ((-5.23139, -0.0, -0.0), [9, 17], [(0.234375, 0.003906), (0.234375, 0.128906)]), ((-5.23139, -0.0, 0.30001), [11, 24], [(0.234375, 0.003906), (0.234375, 0.183594)]), ((-5.23139, 0.6, 0.30002), [12, 25], [(0.234375, 0.121094), (0.234375, 0.128906)]), ((-2.6157, 0.6, -0.0), [13, 19], [(0.640625, 0.121094), (0.640625, 0.183594)]), ((-2.6157, 0.6, 0.30002), [14, 27, 28], [(0.640625, 0.121094), (0.640625, 0.128906)]), ((0.0, 0.6, -0.0), [15, 21], [(0.234375, 0.121094), (0.234375, 0.183594)])]",0,0.40625,[],0,0.1171875,[],0,[],12,"[((0.0, -0.0, 0.17393), (0.0, -0.0, 0.30001)), ((0.0, -0.0, 0.12802), (0.0, -0.0, 0.17393)), ((-5.23139, -0.0, -0.0), (-5.23139, -0.0, 0.12802)), ((-5.23139, -0.0, 0.12802), (-5.23139, -0.0, 0.17392)), ((-5.23139, -0.0, 0.17392), (-5.23139, -0.0, 0.30001)), ((0.0, 0.6, -0.0), (0.0, 0.6, 0.30001)), ((0.0, -0.0, -0.0), (0.0, 0.6, -0.0)), ((0.0, -0.0, -0.0), (0.0, -0.0, 0.12802))]"
5354864,1504,lift07b         ,0,0,model   tetu_02 ,28,36,34,67,0,0,255,255,1,"[(64, 68, 72, 255)]","(0.234375, 0.00390625, 0.640625, 0.18359375)","(-5.231389999389648, -0.0, -0.0, 0.0, 0.6000000238418579, 0.3000180125236511)","(0.0, 5.239985890587175)","(-90.0, 0.0)",28,28,2.6836330882845707,12,"[((-2.6157, -0.0, 0.30001), [0, 26, 30], [(0.640625, 0.003906), (0.640625, 0.183594)]), ((0.0, -0.0, 0.30001), [1, 31], [(0.234375, 0.003906), (0.234375, 0.183594)]), ((-5.23139, -0.0, -0.0), [9, 17], [(0.234375, 0.003906), (0.234375, 0.128906)]), ((-5.23139, -0.0, 0.30001), [11, 24], [(0.234375, 0.003906), (0.234375, 0.183594)]), ((-5.23139, 0.6, 0.30002), [12, 25], [(0.234375, 0.121094), (0.234375, 0.128906)]), ((-2.6157, 0.6, -0.0), [13, 19], [(0.640625, 0.121094), (0.640625, 0.183594)]), ((-2.6157, 0.6, 0.30002), [14, 27, 28], [(0.640625, 0.121094), (0.640625, 0.128906)]), ((0.0, 0.6, -0.0), [15, 21], [(0.234375, 0.121094), (0.234375, 0.183594)])]",0,0.40625,[],0,0.1171875,[],0,[],12,"[((0.0, -0.0, 0.17393), (0.0, -0.0, 0.30001)), ((0.0, -0.0, 0.12802), (0.0, -0.0, 0.17393)), ((-5.23139, -0.0, -0.0), (-5.23139, -0.0, 0.12802)), ((-5.23139, -0.0, 0.12802), (-5.23139, -0.0, 0.17392)), ((-5.23139, -0.0, 0.17392), (-5.23139, -0.0, 0.30001)), ((0.0, 0.6, -0.0), (0.0, 0.6, 0.30001)), ((0.0, -0.0, -0.0), (0.0, 0.6, -0.0)), ((0.0, -0.0, -0.0), (0.0, -0.0, 0.12802))]"
5356368,4144,lift08          ,0,0,model   tetu_02 ,62,36,102,161,0,0,255,255,1,"[(64, 68, 72, 255)]","(0.267578125, 0.28125, 0.625, 0.71875)","(-2.9070498943328857, 0.001285000005736947, -0.045921001583337784, 0.09294500201940536, 2.0, -0.0)","(0.0, 2.9074125655859815)","(-90.0, -0.6555376012715871)",62,62,1.1954518966657361,34,"[((-0.67636, 0.88242, -0.04592), [0, 60, 76, 78], [(0.294922, 0.71875), (0.390625, 0.28125), (0.390625, 0.3125), (0.542969, 0.316406)]), ((-0.85282, 1.09606, -0.04592), [1, 55, 62], [(0.4375, 0.28125), (0.542969, 0.371094)]), ((-0.82532, 0.76534, -0.04592), [2, 69, 72, 74], [(0.267578, 0.71875), (0.390625, 0.3125), (0.5, 0.3125), (0.533203, 0.316406)]), ((-1.44931, 0.67577, -0.04592), [3, 47, 54], [(0.390625, 0.28125), (0.492188, 0.371094), (0.5, 0.28125)]), ((-1.29927, 0.4314, -0.04592), [4, 45, 68], [(0.46875, 0.3125), (0.492188, 0.316406)]), ((-2.04879, 0.42781, -0.04592), [5, 40, 46], [(0.441406, 0.371094), (0.453125, 0.28125)]), ((-1.94881, 0.16535, -0.04592), [6, 33, 44], [(0.4375, 0.3125), (0.441406, 0.316406)]), ((-2.56646, 0.31512, -0.04592), [7, 41, 88], [(0.394531, 0.371094), (0.421875, 0.28125)])]",0,0.109375,[],0,0.28125,[],0,[],4,"[((-2.90705, 0.03327, -0.04592), (-2.90705, 0.31512, -0.04592)), ((-2.90705, 0.03327, -0.0), (-2.90705, 0.31512, -0.0)), ((-2.90705, 0.31512, -0.04592), (-2.90705, 0.31512, -0.0)), ((-2.90705, 0.03327, -0.04592), (-2.90705, 0.03327, -0.0))]"
5360512,4144,lift08b         ,0,0,model   tetu_02 ,62,36,102,161,0,0,255,255,1,"[(64, 68, 72, 255)]","(0.267578125, 0.28125, 0.625, 0.71875)","(-2.9070498943328857, 0.001285000005736947, -0.045921001583337784, 0.09294500201940536, 2.0, -0.0)","(0.0, 2.9074125655859815)","(-90.0, -0.6555376012715871)",62,62,1.1954518966657361,34,"[((-0.67636, 0.88242, -0.04592), [0, 60, 76, 78], [(0.294922, 0.71875), (0.390625, 0.28125), (0.390625, 0.3125), (0.542969, 0.316406)]), ((-0.85282, 1.09606, -0.04592), [1, 55, 62], [(0.4375, 0.28125), (0.542969, 0.371094)]), ((-0.82532, 0.76534, -0.04592), [2, 69, 72, 74], [(0.267578, 0.71875), (0.390625, 0.3125), (0.5, 0.3125), (0.533203, 0.316406)]), ((-1.44931, 0.67577, -0.04592), [3, 47, 54], [(0.390625, 0.28125), (0.492188, 0.371094), (0.5, 0.28125)]), ((-1.29927, 0.4314, -0.04592), [4, 45, 68], [(0.46875, 0.3125), (0.492188, 0.316406)]), ((-2.04879, 0.42781, -0.04592), [5, 40, 46], [(0.441406, 0.371094), (0.453125, 0.28125)]), ((-1.94881, 0.16535, -0.04592), [6, 33, 44], [(0.4375, 0.3125), (0.441406, 0.316406)]), ((-2.56646, 0.31512, -0.04592), [7, 41, 88], [(0.394531, 0.371094), (0.421875, 0.28125)])]",0,0.109375,[],0,0.28125,[],0,[],4,"[((-2.90705, 0.03327, -0.04592), (-2.90705, 0.31512, -0.04592)), ((-2.90705, 0.03327, -0.0), (-2.90705, 0.31512, -0.0)), ((-2.90705, 0.31512, -0.04592), (-2.90705, 0.31512, -0.0)), ((-2.90705, 0.03327, -0.04592), (-2.90705, 0.03327, -0.0))]"
5364656,9280,lift09          ,0,0,model   tetu_02 ,136,36,222,405,0,0,255,255,1,"[(64, 68, 72, 255)]","(0.001953125, 0.00390625, 0.546875, 0.99609375)","(-0.9068949818611145, -9.996479988098145, -1.9999999949504854e-06, 0.0, -0.8063349723815918, 0.5999969840049744)","(1.9999999949504854e-06, 1.0285897792513985)","(42.50069914984542, 89.99998853680907)",132,132,5.104642395457019,74,"[((-0.6, -0.94255, 0.6), [0, 57, 91, 180], [(0.001953, 0.96875), (0.060547, 0.96875), (0.064453, 0.996094), (0.123047, 0.996094)]), ((-0.6, -6.01181, 0.6), [1, 16, 34, 92], [(0.064453, 0.003906), (0.123047, 0.003906), (0.126953, 0.8125), (0.185547, 0.8125)]), ((-0.6, -1.54051, 0.48532), [2, 103, 105], [(0.074219, 0.878906), (0.126953, 0.992188), (0.5, 0.1875)]), ((-0.6, -6.01181, 0.48532), [3, 14], [(0.074219, 0.003906), (0.136719, 0.8125)]), ((-0.6, -1.54051, 0.43378), [4, 52, 101], [(0.080078, 0.878906), (0.126953, 0.992188), (0.5, 0.21875)]), ((-0.6, -6.01181, 0.43378), [5, 12], [(0.080078, 0.003906), (0.142578, 0.8125)]), ((-0.6, -1.29651, 0.2479), [6, 112, 191, 194], [(0.099609, 0.929688), (0.421875, 0.183594), (0.453125, 0.183594)]), ((-0.6, -6.01181, -0.0), [7, 10, 19, 82], [(0.064453, 0.003906), (0.123047, 0.003906), (0.126953, 0.8125), (0.185547, 0.8125)])]",0,0.109375,[],26,0.9921875,"[(0, [0, 1, 2], [0.99609375, 0.00390625, 0.87890625]), (1, [1, 2, 3], [0.00390625, 0.87890625, 0.00390625]), (2, [2, 3, 4], [0.87890625, 0.00390625, 0.87890625]), (3, [3, 4, 5], [0.00390625, 0.87890625, 0.00390625]), (4, [4, 5, 6], [0.87890625, 0.00390625, 0.9296875]), (5, [5, 6, 7], [0.00390625, 0.9296875, 0.00390625]), (6, [6, 7, 8], [0.9296875, 0.00390625, 0.99609375]), (12, [9, 10, 11], [0.03125, 0.8125, 0.1015625])]",0,[],28,"[((-0.6, -9.99648, -0.0), (0.0, -9.99648, -0.0)), ((0.0, -9.99648, -0.0), (0.0, -9.99648, 0.6)), ((-0.6, -9.99648, 0.6), (0.0, -9.99648, 0.6)), ((-0.6, -1.29651, 0.43378), (-0.6, -1.08695, 0.43378)), ((-0.6, -9.71423, 0.2984), (-0.6, -9.50467, 0.2984)), ((-0.7483, -1.15848, 0.43378), (-0.67922, -1.15848, 0.43378)), ((-0.7483, -1.15848, 0.43378), (-0.7483, -1.12299, 0.36769)), ((-0.7483, -1.22945, 0.3016), (-0.7483, -1.15848, 0.3016))]"
5364656,9280,lift09          ,0,1,                ,136,36,8,10,0,0,255,255,1,"[(64, 68, 72, 255)]","(-1.0, 0.0, -1.0, 1.0)","(-0.7482950091362, -9.6427001953125, 0.2983970046043396, -0.6792219877243042, -1.1584800481796265, 0.43378400802612305)","(0.7418782116796511, 0.8649358278608611)","(53.25451717717991, 85.60051467831954)",4,4,0.09903483813618073,0,[],0,0.0,[],4,1.0,"[(0, [0, 1, 2], [0.0, 0.0, 1.0]), (1, [1, 2, 3], [0.0, 1.0, 1.0]), (6, [4, 5, 6], [0.0, 1.0, 0.0]), (7, [5, 6, 7], [1.0, 0.0, 1.0])]",0,[],8,"[((-0.7483, -1.22945, 0.43378), (-0.67922, -1.22945, 0.43378)), ((-0.67922, -1.22945, 0.43378), (-0.67922, -1.15848, 0.43378)), ((-0.7483, -1.15848, 0.43378), (-0.67922, -1.15848, 0.43378)), ((-0.7483, -1.22945, 0.43378), (-0.7483, -1.15848, 0.43378)), ((-0.67922, -9.6427, 0.2984), (-0.67922, -9.57173, 0.2984)), ((-0.7483, -9.57173, 0.2984), (-0.67922, -9.57173, 0.2984)), ((-0.7483, -9.6427, 0.2984), (-0.7483, -9.57173, 0.2984)), ((-0.7483, -9.6427, 0.2984), (-0.67922, -9.6427, 0.2984))]"
5373936,9280,lift09b         ,0,0,model   tetu_02 ,136,36,222,405,0,0,255,255,1,"[(64, 68, 72, 255)]","(0.001953125, 0.00390625, 0.546875, 0.99609375)","(-0.9068949818611145, -9.996479988098145, -1.9999999949504854e-06, 0.0, -0.8063349723815918, 0.5999969840049744)","(1.9999999949504854e-06, 1.0285897792513985)","(42.50069914984542, 89.99998853680907)",132,132,5.104642395457019,74,"[((-0.6, -0.94255, 0.6), [0, 57, 91, 180], [(0.001953, 0.96875), (0.060547, 0.96875), (0.064453, 0.996094), (0.123047, 0.996094)]), ((-0.6, -6.01181, 0.6), [1, 16, 34, 92], [(0.064453, 0.003906), (0.123047, 0.003906), (0.126953, 0.8125), (0.185547, 0.8125)]), ((-0.6, -1.54051, 0.48532), [2, 103, 105], [(0.074219, 0.878906), (0.126953, 0.992188), (0.5, 0.1875)]), ((-0.6, -6.01181, 0.48532), [3, 14], [(0.074219, 0.003906), (0.136719, 0.8125)]), ((-0.6, -1.54051, 0.43378), [4, 52, 101], [(0.080078, 0.878906), (0.126953, 0.992188), (0.5, 0.21875)]), ((-0.6, -6.01181, 0.43378), [5, 12], [(0.080078, 0.003906), (0.142578, 0.8125)]), ((-0.6, -1.29651, 0.2479), [6, 112, 191, 194], [(0.099609, 0.929688), (0.421875, 0.183594), (0.453125, 0.183594)]), ((-0.6, -6.01181, -0.0), [7, 10, 19, 82], [(0.064453, 0.003906), (0.123047, 0.003906), (0.126953, 0.8125), (0.185547, 0.8125)])]",0,0.109375,[],26,0.9921875,"[(0, [0, 1, 2], [0.99609375, 0.00390625, 0.87890625]), (1, [1, 2, 3], [0.00390625, 0.87890625, 0.00390625]), (2, [2, 3, 4], [0.87890625, 0.00390625, 0.87890625]), (3, [3, 4, 5], [0.00390625, 0.87890625, 0.00390625]), (4, [4, 5, 6], [0.87890625, 0.00390625, 0.9296875]), (5, [5, 6, 7], [0.00390625, 0.9296875, 0.00390625]), (6, [6, 7, 8], [0.9296875, 0.00390625, 0.99609375]), (12, [9, 10, 11], [0.03125, 0.8125, 0.1015625])]",0,[],28,"[((-0.6, -9.99648, -0.0), (0.0, -9.99648, -0.0)), ((0.0, -9.99648, -0.0), (0.0, -9.99648, 0.6)), ((-0.6, -9.99648, 0.6), (0.0, -9.99648, 0.6)), ((-0.6, -1.29651, 0.43378), (-0.6, -1.08695, 0.43378)), ((-0.6, -9.71423, 0.2984), (-0.6, -9.50467, 0.2984)), ((-0.7483, -1.15848, 0.43378), (-0.67922, -1.15848, 0.43378)), ((-0.7483, -1.15848, 0.43378), (-0.7483, -1.12299, 0.36769)), ((-0.7483, -1.22945, 0.3016), (-0.7483, -1.15848, 0.3016))]"
5373936,9280,lift09b         ,0,1,                ,136,36,8,10,0,0,255,255,1,"[(64, 68, 72, 255)]","(-1.0, 0.0, -1.0, 1.0)","(-0.7482950091362, -9.6427001953125, 0.2983970046043396, -0.6792219877243042, -1.1584800481796265, 0.43378400802612305)","(0.7418782116796511, 0.8649358278608611)","(53.25451717717991, 85.60051467831954)",4,4,0.09903483813618073,0,[],0,0.0,[],4,1.0,"[(0, [0, 1, 2], [0.0, 0.0, 1.0]), (1, [1, 2, 3], [0.0, 1.0, 1.0]), (6, [4, 5, 6], [0.0, 1.0, 0.0]), (7, [5, 6, 7], [1.0, 0.0, 1.0])]",0,[],8,"[((-0.7483, -1.22945, 0.43378), (-0.67922, -1.22945, 0.43378)), ((-0.67922, -1.22945, 0.43378), (-0.67922, -1.15848, 0.43378)), ((-0.7483, -1.15848, 0.43378), (-0.67922, -1.15848, 0.43378)), ((-0.7483, -1.22945, 0.43378), (-0.7483, -1.15848, 0.43378)), ((-0.67922, -9.6427, 0.2984), (-0.67922, -9.57173, 0.2984)), ((-0.7483, -9.57173, 0.2984), (-0.67922, -9.57173, 0.2984)), ((-0.7483, -9.6427, 0.2984), (-0.7483, -9.57173, 0.2984)), ((-0.7483, -9.6427, 0.2984), (-0.67922, -9.6427, 0.2984))]"
5383216,17504,lift10          ,0,0,model   tetu_02 ,248,36,440,757,0,0,255,255,1,"[(64, 68, 72, 255)]","(0.001953125, 0.0, 0.546875, 0.9921875)","(0.0, 0.5259900093078613, -0.9842990040779114, 0.9842990040779114, 3.9851601123809814, 3.999999989900971e-06)","(0.0, 1.080783684146067)","(-90.0, -31.794267478585876)",248,248,1.8878253227763893,128,"[((0.0, 1.35073, -0.6), [0, 9, 106, 374], [(0.001953, 0.0), (0.001953, 0.5), (0.060547, 0.003906), (0.060547, 0.5)]), ((0.0, 3.14067, -0.6), [1, 88], [(0.001953, 0.375), (0.060547, 0.375)]), ((0.0, 3.14067, 0.0), [2, 206, 414], [(0.001953, 0.375), (0.060547, 0.375)]), ((0.0, 3.74067, -0.6), [3, 413, 422], [(0.001953, 0.5), (0.060547, 0.503906)]), ((0.0, 3.74067, -0.0), [4, 76], [(0.001953, 0.503906), (0.060547, 0.503906)]), ((0.0, 3.86662, -0.6), [5, 316, 331, 421], [(0.001953, 0.535156), (0.060547, 0.53125)]), ((0.0, 3.86662, -0.0), [6, 78], [(0.001953, 0.53125), (0.060547, 0.53125)]), ((0.0, 3.98516, -0.6), [7, 332], [(0.001953, 0.5625), (0.060547, 0.5625)])]",0,0.109375,[],0,0.375,[],0,[],32,"[((0.0, 3.98516, -0.6), (0.0, 3.98516, -0.0)), ((0.0, 0.52599, -0.6), (0.0, 0.52599, -0.0)), ((0.14636, 1.35073, -0.9843), (0.27437, 1.35073, -0.9843)), ((0.27437, 1.35073, -0.9843), (0.32029, 1.35073, -0.9843)), ((0.9843, 1.35073, -0.44637), (0.9843, 1.35073, -0.32029)), ((0.9843, 1.35073, -0.32029), (0.9843, 1.35073, -0.27437)), ((0.32029, 3.14067, -0.9843), (0.44637, 3.14067, -0.9843)), ((0.9843, 3.14067, -0.27437), (0.9843, 3.14067, -0.14636))]"
5400720,17504,lift10b         ,0,0,model   tetu_02 ,248,36,440,757,0,0,255,255,1,"[(64, 68, 72, 255)]","(0.001953125, 0.0, 0.546875, 0.9921875)","(0.0, 0.5259900093078613, -0.9842990040779114, 0.9842990040779114, 3.9851601123809814, 3.999999989900971e-06)","(0.0, 1.080783684146067)","(-90.0, -31.794267478585876)",248,248,1.8878253227763893,128,"[((0.0, 1.35073, -0.6), [0, 9, 106, 374], [(0.001953, 0.0), (0.001953, 0.5), (0.060547, 0.003906), (0.060547, 0.5)]), ((0.0, 3.14067, -0.6), [1, 88], [(0.001953, 0.375), (0.060547, 0.375)]), ((0.0, 3.14067, 0.0), [2, 206, 414], [(0.001953, 0.375), (0.060547, 0.375)]), ((0.0, 3.74067, -0.6), [3, 413, 422], [(0.001953, 0.5), (0.060547, 0.503906)]), ((0.0, 3.74067, -0.0), [4, 76], [(0.001953, 0.503906), (0.060547, 0.503906)]), ((0.0, 3.86662, -0.6), [5, 316, 331, 421], [(0.001953, 0.535156), (0.060547, 0.53125)]), ((0.0, 3.86662, -0.0), [6, 78], [(0.001953, 0.53125), (0.060547, 0.53125)]), ((0.0, 3.98516, -0.6), [7, 332], [(0.001953, 0.5625), (0.060547, 0.5625)])]",0,0.109375,[],0,0.375,[],0,[],32,"[((0.0, 3.98516, -0.6), (0.0, 3.98516, -0.0)), ((0.0, 0.52599, -0.6), (0.0, 0.52599, -0.0)), ((0.14636, 1.35073, -0.9843), (0.27437, 1.35073, -0.9843)), ((0.27437, 1.35073, -0.9843), (0.32029, 1.35073, -0.9843)), ((0.9843, 1.35073, -0.44637), (0.9843, 1.35073, -0.32029)), ((0.9843, 1.35073, -0.32029), (0.9843, 1.35073, -0.27437)), ((0.32029, 3.14067, -0.9843), (0.44637, 3.14067, -0.9843)), ((0.9843, 3.14067, -0.27437), (0.9843, 3.14067, -0.14636))]"
5418224,4832,lift11          ,0,0,model   tetu_02 ,94,36,118,217,0,0,255,255,1,"[(64, 68, 72, 255)]","(0.189453125, 0.19140625, 0.208984375, 0.75)","(-5.7034101486206055, -9.678190231323242, -0.0, 0.0, -1.1229900121688843, 0.13218599557876587)","(0.0, 5.704941734748352)","(59.11561201077029, 90.0)",94,94,2.8759869085811656,39,"[((-4.77777, -8.33269, 0.13218), [0, 33, 49, 115], [(0.189453, 0.25), (0.189453, 0.75), (0.208984, 0.25), (0.208984, 0.75)]), ((-5.55731, -9.52977, 0.13218), [2, 30], [(0.189453, 0.34375), (0.208984, 0.34375)]), ((-5.62801, -9.57173, 0.13218), [4, 31], [(0.189453, 0.3125), (0.208984, 0.3125)]), ((-5.70341, -9.57173, 0.13218), [6, 32], [(0.189453, 0.28125), (0.208984, 0.28125)]), ((-4.71832, -8.37147, 0.13218), [7, 35], [(0.199219, 0.25), (0.199219, 0.75)]), ((-5.48574, -9.60859, 0.06609), [8, 13], [(0.189453, 0.34375), (0.208984, 0.34375)]), ((-5.62801, -9.67819, 0.06609), [9, 15], [(0.189453, 0.3125), (0.208984, 0.3125)]), ((-5.70341, -9.67819, 0.06609), [10, 17], [(0.189453, 0.28125), (0.208984, 0.28125)])]",0,0.009765625,[],0,0.5,[],0,[],12,"[((-5.70341, -9.6427, 0.13218), (-5.70341, -9.57173, 0.13218)), ((-5.70341, -9.67819, 0.06609), (-5.70341, -9.6427, 0.13218)), ((-5.70341, -9.67819, 0.06609), (-5.70341, -9.6427, -0.0)), ((-5.70341, -9.6427, -0.0), (-5.70341, -9.57173, -0.0)), ((-5.70341, -9.57173, -0.0), (-5.70341, -9.53624, 0.06609)), ((-5.70341, -9.57173, 0.13218), (-5.70341, -9.53624, 0.06609)), ((0.0, -1.22945, 0.13218), (0.0, -1.15848, 0.13218)), ((0.0, -1.26494, 0.06609), (0.0, -1.22945, 0.13218))]"
5423056,4832,lift11b         ,0,0,model   tetu_02 ,94,36,118,217,0,0,255,255,1,"[(64, 68, 72, 255)]","(0.189453125, 0.19140625, 0.208984375, 0.75)","(-5.7034101486206055, -9.678190231323242, -0.0, 0.0, -1.1229900121688843, 0.13218599557876587)","(0.0, 5.704941734748352)","(59.11561201077029, 90.0)",94,94,2.8759869085811656,39,"[((-4.77777, -8.33269, 0.13218), [0, 33, 49, 115], [(0.189453, 0.25), (0.189453, 0.75), (0.208984, 0.25), (0.208984, 0.75)]), ((-5.55731, -9.52977, 0.13218), [2, 30], [(0.189453, 0.34375), (0.208984, 0.34375)]), ((-5.62801, -9.57173, 0.13218), [4, 31], [(0.189453, 0.3125), (0.208984, 0.3125)]), ((-5.70341, -9.57173, 0.13218), [6, 32], [(0.189453, 0.28125), (0.208984, 0.28125)]), ((-4.71832, -8.37147, 0.13218), [7, 35], [(0.199219, 0.25), (0.199219, 0.75)]), ((-5.48574, -9.60859, 0.06609), [8, 13], [(0.189453, 0.34375), (0.208984, 0.34375)]), ((-5.62801, -9.67819, 0.06609), [9, 15], [(0.189453, 0.3125), (0.208984, 0.3125)]), ((-5.70341, -9.67819, 0.06609), [10, 17], [(0.189453, 0.28125), (0.208984, 0.28125)])]",0,0.009765625,[],0,0.5,[],0,[],12,"[((-5.70341, -9.6427, 0.13218), (-5.70341, -9.57173, 0.13218)), ((-5.70341, -9.67819, 0.06609), (-5.70341, -9.6427, 0.13218)), ((-5.70341, -9.67819, 0.06609), (-5.70341, -9.6427, -0.0)), ((-5.70341, -9.6427, -0.0), (-5.70341, -9.57173, -0.0)), ((-5.70341, -9.57173, -0.0), (-5.70341, -9.53624, 0.06609)), ((-5.70341, -9.57173, 0.13218), (-5.70341, -9.53624, 0.06609)), ((0.0, -1.22945, 0.13218), (0.0, -1.15848, 0.13218)), ((0.0, -1.26494, 0.06609), (0.0, -1.22945, 0.13218))]"
5427888,15568,lift12          ,0,0,model   tetu_02 ,224,36,372,693,0,0,255,255,1,"[(64, 68, 72, 255)]","(0.001953125, 0.00390625, 0.546875, 0.99609375)","(0.0, -9.190139770507812, -0.9068949818611145, 0.9068949818611145, -0.0, 1.9999999949504854e-06)","(1.9999999949504854e-06, 1.0285897792513985)","(0.0, 89.999987531032)",216,216,5.104648714864727,120,"[((0.6, -0.13622, -0.6), [0, 26, 286, 329], [(0.001953, 0.96875), (0.060547, 0.96875), (0.064453, 0.996094), (0.123047, 0.996094)]), ((0.6, -5.20548, -0.6), [1, 16, 25, 28], [(0.064453, 0.003906), (0.123047, 0.003906), (0.126953, 0.8125), (0.185547, 0.8125)]), ((0.6, -0.73417, -0.48532), [2, 128, 130], [(0.076172, 0.878906), (0.126953, 0.992188), (0.5, 0.1875)]), ((0.6, -5.20548, -0.48532), [3, 14], [(0.076172, 0.003906), (0.138672, 0.8125)]), ((0.6, -0.73417, -0.43378), [4, 67, 126], [(0.082031, 0.878906), (0.126953, 0.992188), (0.5, 0.21875)]), ((0.6, -5.20548, -0.43378), [5, 12], [(0.082031, 0.003906), (0.144531, 0.8125)]), ((0.6, -0.49018, -0.2479), [6, 137, 297, 300], [(0.097656, 0.925781), (0.421875, 0.183594), (0.453125, 0.183594)]), ((0.6, -5.20548, 0.0), [7, 10, 37, 111], [(0.064453, 0.003906), (0.123047, 0.003906), (0.126953, 0.8125), (0.185547, 0.8125)])]",0,0.109375,[],36,0.9921875,"[(0, [0, 1, 2], [0.99609375, 0.00390625, 0.87890625]), (1, [1, 2, 3], [0.00390625, 0.87890625, 0.00390625]), (2, [2, 3, 4], [0.87890625, 0.00390625, 0.87890625]), (3, [3, 4, 5], [0.00390625, 0.87890625, 0.00390625]), (4, [4, 5, 6], [0.87890625, 0.00390625, 0.92578125]), (5, [5, 6, 7], [0.00390625, 0.92578125, 0.00390625]), (6, [6, 7, 8], [0.92578125, 0.00390625, 0.99609375]), (12, [9, 10, 11], [0.03125, 0.8125, 0.1015625])]",0,[],48,"[((0.0, -9.19014, 0.0), (0.6, -9.19014, 0.0)), ((0.0, -9.19014, -0.6), (0.0, -9.19014, 0.0)), ((0.6, -0.49018, -0.43378), (0.6, -0.28061, -0.43378)), ((0.16621, -0.49018, -0.6), (0.16621, -0.28061, -0.6)), ((0.6, -8.9079, -0.2984), (0.6, -8.69833, -0.2984)), ((0.3016, -8.9079, -0.6), (0.3016, -8.69833, -0.6)), ((0.67922, -0.35214, -0.43378), (0.7483, -0.35214, -0.43378)), ((0.7483, -0.35214, -0.43378), (0.7483, -0.31665, -0.36769))]"
5427888,15568,lift12          ,0,1,                ,224,36,16,22,0,0,255,255,1,"[(64, 68, 72, 255)]","(-1.0, 0.0, -1.0, 1.0)","(0.1662060022354126, -8.836370468139648, -0.7482950091362, 0.7482950091362, -0.35214099287986755, -0.2983970046043396)","(0.6992617133714907, 0.8649358278608611)","(22.15269403119287, 85.2008534367134)",8,8,0.09904167259867595,0,[],0,0.0,[],8,1.0,"[(0, [0, 1, 2], [0.0, 0.0, 1.0]), (1, [1, 2, 3], [0.0, 1.0, 1.0]), (6, [4, 5, 6], [0.0, 1.0, 0.0]), (7, [5, 6, 7], [1.0, 0.0, 1.0]), (12, [8, 9, 10], [0.0, 0.0, 1.0]), (13, [9, 10, 11], [0.0, 1.0, 1.0]), (18, [12, 13, 14], [0.0, 1.0, 0.0]), (19, [13, 14, 15], [1.0, 0.0, 1.0])]",0,[],16,"[((0.67922, -0.42312, -0.43378), (0.7483, -0.42312, -0.43378)), ((0.67922, -0.42312, -0.43378), (0.67922, -0.35214, -0.43378)), ((0.67922, -0.35214, -0.43378), (0.7483, -0.35214, -0.43378)), ((0.7483, -0.42312, -0.43378), (0.7483, -0.35214, -0.43378)), ((0.67922, -8.83637, -0.2984), (0.67922, -8.76539, -0.2984)), ((0.67922, -8.76539, -0.2984), (0.7483, -8.76539, -0.2984)), ((0.7483, -8.83637, -0.2984), (0.7483, -8.76539, -0.2984)), ((0.67922, -8.83637, -0.2984), (0.7483, -8.83637, -0.2984))]"
5443456,15568,lift12b         ,0,0,model   tetu_02 ,224,36,372,693,0,0,255,255,1,"[(64, 68, 72, 255)]","(0.001953125, 0.00390625, 0.546875, 0.99609375)","(0.0, -9.190139770507812, -0.9068949818611145, 0.9068949818611145, -0.0, 1.9999999949504854e-06)","(1.9999999949504854e-06, 1.0285897792513985)","(0.0, 89.999987531032)",216,216,5.104648714864727,120,"[((0.6, -0.13622, -0.6), [0, 26, 286, 329], [(0.001953, 0.96875), (0.060547, 0.96875), (0.064453, 0.996094), (0.123047, 0.996094)]), ((0.6, -5.20548, -0.6), [1, 16, 25, 28], [(0.064453, 0.003906), (0.123047, 0.003906), (0.126953, 0.8125), (0.185547, 0.8125)]), ((0.6, -0.73417, -0.48532), [2, 128, 130], [(0.076172, 0.878906), (0.126953, 0.992188), (0.5, 0.1875)]), ((0.6, -5.20548, -0.48532), [3, 14], [(0.076172, 0.003906), (0.138672, 0.8125)]), ((0.6, -0.73417, -0.43378), [4, 67, 126], [(0.082031, 0.878906), (0.126953, 0.992188), (0.5, 0.21875)]), ((0.6, -5.20548, -0.43378), [5, 12], [(0.082031, 0.003906), (0.144531, 0.8125)]), ((0.6, -0.49018, -0.2479), [6, 137, 297, 300], [(0.097656, 0.925781), (0.421875, 0.183594), (0.453125, 0.183594)]), ((0.6, -5.20548, 0.0), [7, 10, 37, 111], [(0.064453, 0.003906), (0.123047, 0.003906), (0.126953, 0.8125), (0.185547, 0.8125)])]",0,0.109375,[],36,0.9921875,"[(0, [0, 1, 2], [0.99609375, 0.00390625, 0.87890625]), (1, [1, 2, 3], [0.00390625, 0.87890625, 0.00390625]), (2, [2, 3, 4], [0.87890625, 0.00390625, 0.87890625]), (3, [3, 4, 5], [0.00390625, 0.87890625, 0.00390625]), (4, [4, 5, 6], [0.87890625, 0.00390625, 0.92578125]), (5, [5, 6, 7], [0.00390625, 0.92578125, 0.00390625]), (6, [6, 7, 8], [0.92578125, 0.00390625, 0.99609375]), (12, [9, 10, 11], [0.03125, 0.8125, 0.1015625])]",0,[],48,"[((0.0, -9.19014, 0.0), (0.6, -9.19014, 0.0)), ((0.0, -9.19014, -0.6), (0.0, -9.19014, 0.0)), ((0.6, -0.49018, -0.43378), (0.6, -0.28061, -0.43378)), ((0.16621, -0.49018, -0.6), (0.16621, -0.28061, -0.6)), ((0.6, -8.9079, -0.2984), (0.6, -8.69833, -0.2984)), ((0.3016, -8.9079, -0.6), (0.3016, -8.69833, -0.6)), ((0.67922, -0.35214, -0.43378), (0.7483, -0.35214, -0.43378)), ((0.7483, -0.35214, -0.43378), (0.7483, -0.31665, -0.36769))]"
5443456,15568,lift12b         ,0,1,                ,224,36,16,22,0,0,255,255,1,"[(64, 68, 72, 255)]","(-1.0, 0.0, -1.0, 1.0)","(0.1662060022354126, -8.836370468139648, -0.7482950091362, 0.7482950091362, -0.35214099287986755, -0.2983970046043396)","(0.6992617133714907, 0.8649358278608611)","(22.15269403119287, 85.2008534367134)",8,8,0.09904167259867595,0,[],0,0.0,[],8,1.0,"[(0, [0, 1, 2], [0.0, 0.0, 1.0]), (1, [1, 2, 3], [0.0, 1.0, 1.0]), (6, [4, 5, 6], [0.0, 1.0, 0.0]), (7, [5, 6, 7], [1.0, 0.0, 1.0]), (12, [8, 9, 10], [0.0, 0.0, 1.0]), (13, [9, 10, 11], [0.0, 1.0, 1.0]), (18, [12, 13, 14], [0.0, 1.0, 0.0]), (19, [13, 14, 15], [1.0, 0.0, 1.0])]",0,[],16,"[((0.67922, -0.42312, -0.43378), (0.7483, -0.42312, -0.43378)), ((0.67922, -0.42312, -0.43378), (0.67922, -0.35214, -0.43378)), ((0.67922, -0.35214, -0.43378), (0.7483, -0.35214, -0.43378)), ((0.7483, -0.42312, -0.43378), (0.7483, -0.35214, -0.43378)), ((0.67922, -8.83637, -0.2984), (0.67922, -8.76539, -0.2984)), ((0.67922, -8.76539, -0.2984), (0.7483, -8.76539, -0.2984)), ((0.7483, -8.83637, -0.2984), (0.7483, -8.76539, -0.2984)), ((0.67922, -8.83637, -0.2984), (0.7483, -8.83637, -0.2984))]"
5459024,15232,lift13          ,0,0,model   tetu_02 ,216,36,384,629,0,0,255,255,1,"[(64, 68, 72, 255)]","(0.21875, 0.00390625, 0.701171875, 1.0)","(-9.999999974752427e-07, -1.6900099515914917, -3.999999989900971e-06, 5.231389999389648, 0.35069701075553894, 0.3000180125236511)","(9.999999974752427e-07, 5.239985890587175)","(-8.877710102199764, 89.9999045070382)",216,216,2.1991331351391583,105,"[((0.76277, -1.62505, -0.0), [0, 293, 351, 355], [(0.515625, 0.1875), (0.546875, 0.1875), (0.578125, 0.1875)]), ((0.62087, -1.57692, -0.0), [1, 295, 297], [(0.515625, 0.1875), (0.546875, 0.1875), (0.546875, 0.21875)]), ((0.58205, -1.63033, -0.0), [2, 146, 208], [(0.453125, 0.128906), (0.546875, 0.21875)]), ((0.58435, -1.35232, -0.0), [3, 285, 299], [(0.5, 0.1875), (0.515625, 0.1875), (0.578125, 0.21875)]), ((0.53223, -1.35232, -0.0), [4, 196, 207], [(0.421875, 0.128906), (0.5, 0.21875)]), ((0.49742, -1.10536, -0.0), [5, 277, 287], [(0.453125, 0.1875), (0.46875, 0.1875)]), ((0.43698, -1.10536, -0.0), [6, 188, 195], [(0.390625, 0.128906), (0.453125, 0.21875)]), ((0.30874, -0.89355, -0.0), [8, 176, 187], [(0.34375, 0.128906), (0.421875, 0.21875)])]",0,0.34375,[],0,0.1171875,[],0,[],12,"[((-0.0, -0.0, 0.17393), (-0.0, -0.0, 0.30001)), ((-0.0, -0.0, 0.12802), (-0.0, -0.0, 0.17393)), ((5.23139, -0.0, 0.17392), (5.23139, -0.0, 0.30001)), ((5.23139, -0.0, 0.12802), (5.23139, -0.0, 0.17392)), ((5.23139, -0.6, 0.30002), (5.23139, -0.0, 0.30001)), ((-0.0, -0.6, -0.0), (-0.0, -0.6, 0.30001)), ((-0.0, -0.0, -0.0), (-0.0, -0.0, 0.12802)), ((5.23139, -0.6, -0.0), (5.23139, -0.6, 0.30002))]"
5474256,15232,lift13b         ,0,0,model   tetu_02 ,216,36,384,629,0,0,255,255,1,"[(64, 68, 72, 255)]","(0.21875, 0.00390625, 0.701171875, 1.0)","(-9.999999974752427e-07, -1.6900099515914917, -3.999999989900971e-06, 5.231389999389648, 0.35069701075553894, 0.3000180125236511)","(9.999999974752427e-07, 5.239985890587175)","(-8.877710102199764, 89.9999045070382)",216,216,2.1991331351391583,105,"[((0.76277, -1.62505, -0.0), [0, 293, 351, 355], [(0.515625, 0.1875), (0.546875, 0.1875), (0.578125, 0.1875)]), ((0.62087, -1.57692, -0.0), [1, 295, 297], [(0.515625, 0.1875), (0.546875, 0.1875), (0.546875, 0.21875)]), ((0.58205, -1.63033, -0.0), [2, 146, 208], [(0.453125, 0.128906), (0.546875, 0.21875)]), ((0.58435, -1.35232, -0.0), [3, 285, 299], [(0.5, 0.1875), (0.515625, 0.1875), (0.578125, 0.21875)]), ((0.53223, -1.35232, -0.0), [4, 196, 207], [(0.421875, 0.128906), (0.5, 0.21875)]), ((0.49742, -1.10536, -0.0), [5, 277, 287], [(0.453125, 0.1875), (0.46875, 0.1875)]), ((0.43698, -1.10536, -0.0), [6, 188, 195], [(0.390625, 0.128906), (0.453125, 0.21875)]), ((0.30874, -0.89355, -0.0), [8, 176, 187], [(0.34375, 0.128906), (0.421875, 0.21875)])]",0,0.34375,[],0,0.1171875,[],0,[],12,"[((-0.0, -0.0, 0.17393), (-0.0, -0.0, 0.30001)), ((-0.0, -0.0, 0.12802), (-0.0, -0.0, 0.17393)), ((5.23139, -0.0, 0.17392), (5.23139, -0.0, 0.30001)), ((5.23139, -0.0, 0.12802), (5.23139, -0.0, 0.17392)), ((5.23139, -0.6, 0.30002), (5.23139, -0.0, 0.30001)), ((-0.0, -0.6, -0.0), (-0.0, -0.6, 0.30001)), ((-0.0, -0.0, -0.0), (-0.0, -0.0, 0.12802)), ((5.23139, -0.6, -0.0), (5.23139, -0.6, 0.30002))]"
5489488,2448,lift14          ,0,0,model   tetu_01 ,48,36,32,38,0,0,255,255,1,"[(64, 68, 72, 255)]","(0.53125, 0.37890625, 0.625, 0.49609375)","(-0.10000000149011612, -0.10000000149011612, -0.12425799667835236, 0.10000000149011612, 0.10000000149011612, 0.5316939949989319)","(0.12425799667835236, 0.5410161777765499)","(-38.826317849579965, 38.826317849579965)",24,24,0.657991318032081,8,"[((0.0, -0.1, -0.12426), [0, 9], [(0.53125, 0.378906), (0.53125, 0.496094)]), ((0.0, -0.1, 0.53169), [1, 8], [(0.625, 0.378906), (0.625, 0.496094)]), ((0.1, -0.0, -0.12426), [6, 31], [(0.53125, 0.378906), (0.53125, 0.496094)]), ((0.1, -0.0, 0.53169), [7, 30], [(0.625, 0.378906), (0.625, 0.496094)]), ((-0.1, -0.0, 0.53169), [14, 16], [(0.625, 0.378906), (0.625, 0.496094)]), ((-0.1, -0.0, -0.12426), [15, 17], [(0.53125, 0.378906), (0.53125, 0.496094)]), ((0.0, 0.1, 0.53169), [22, 24], [(0.625, 0.378906), (0.625, 0.496094)]), ((0.0, 0.1, -0.12426), [23, 25], [(0.53125, 0.378906), (0.53125, 0.496094)])]",0,0.09375,[],0,0.046875,[],0,[],24,"[((0.0, -0.1, -0.12426), (0.05, -0.0866, -0.12426)), ((0.0, -0.1, 0.53169), (0.05, -0.0866, 0.53169)), ((0.05, -0.0866, -0.12426), (0.0866, -0.05, -0.12426)), ((0.05, -0.0866, 0.53169), (0.0866, -0.05, 0.53169)), ((0.0866, -0.05, -0.12426), (0.1, -0.0, -0.12426)), ((0.0866, -0.05, 0.53169), (0.1, -0.0, 0.53169)), ((-0.05, -0.0866, 0.53169), (0.0, -0.1, 0.53169)), ((-0.05, -0.0866, -0.12426), (0.0, -0.1, -0.12426))]"
5489488,2448,lift14          ,0,1,model   tetu_02 ,48,36,26,61,0,0,255,255,1,"[(64, 68, 72, 255)]","(0.234375, 0.4453125, 0.26171875, 0.49609375)","(-0.10000000149011612, -0.10000000149011612, -0.12425799667835236, 0.10000000149011612, 0.10000000149011612, 0.5316939949989319)","(0.12425799667835236, 0.5410161777765499)","(-38.826317849579965, 38.826317849579965)",24,24,0.10000039907498345,0,[],0,0.02734375,[],0,0.05078125,[],0,[],24,"[((0.05, -0.0866, 0.53169), (0.0866, -0.05, 0.53169)), ((0.0, -0.1, 0.53169), (0.05, -0.0866, 0.53169)), ((-0.05, -0.0866, 0.53169), (0.0, -0.1, 0.53169)), ((-0.0866, -0.05, 0.53169), (-0.05, -0.0866, 0.53169)), ((-0.1, -0.0, 0.53169), (-0.0866, -0.05, 0.53169)), ((-0.1, -0.0, 0.53169), (-0.0866, 0.05, 0.53169)), ((-0.0866, 0.05, 0.53169), (-0.05, 0.0866, 0.53169)), ((-0.05, 0.0866, 0.53169), (0.0, 0.1, 0.53169))]"
5491936,2448,lift14b         ,0,0,model   tetu_01 ,48,36,32,38,0,0,255,255,1,"[(64, 68, 72, 255)]","(0.53125, 0.37890625, 0.625, 0.49609375)","(-0.10000000149011612, -0.10000000149011612, -0.12425799667835236, 0.10000000149011612, 0.10000000149011612, 0.5316939949989319)","(0.12425799667835236, 0.5410161777765499)","(-38.826317849579965, 38.826317849579965)",24,24,0.657991318032081,8,"[((0.0, -0.1, -0.12426), [0, 9], [(0.53125, 0.378906), (0.53125, 0.496094)]), ((0.0, -0.1, 0.53169), [1, 8], [(0.625, 0.378906), (0.625, 0.496094)]), ((0.1, -0.0, -0.12426), [6, 31], [(0.53125, 0.378906), (0.53125, 0.496094)]), ((0.1, -0.0, 0.53169), [7, 30], [(0.625, 0.378906), (0.625, 0.496094)]), ((-0.1, -0.0, 0.53169), [14, 16], [(0.625, 0.378906), (0.625, 0.496094)]), ((-0.1, -0.0, -0.12426), [15, 17], [(0.53125, 0.378906), (0.53125, 0.496094)]), ((0.0, 0.1, 0.53169), [22, 24], [(0.625, 0.378906), (0.625, 0.496094)]), ((0.0, 0.1, -0.12426), [23, 25], [(0.53125, 0.378906), (0.53125, 0.496094)])]",0,0.09375,[],0,0.046875,[],0,[],24,"[((0.0, -0.1, -0.12426), (0.05, -0.0866, -0.12426)), ((0.0, -0.1, 0.53169), (0.05, -0.0866, 0.53169)), ((0.05, -0.0866, -0.12426), (0.0866, -0.05, -0.12426)), ((0.05, -0.0866, 0.53169), (0.0866, -0.05, 0.53169)), ((0.0866, -0.05, -0.12426), (0.1, -0.0, -0.12426)), ((0.0866, -0.05, 0.53169), (0.1, -0.0, 0.53169)), ((-0.05, -0.0866, 0.53169), (0.0, -0.1, 0.53169)), ((-0.05, -0.0866, -0.12426), (0.0, -0.1, -0.12426))]"
5491936,2448,lift14b         ,0,1,model   tetu_02 ,48,36,26,61,0,0,255,255,1,"[(64, 68, 72, 255)]","(0.234375, 0.4453125, 0.26171875, 0.49609375)","(-0.10000000149011612, -0.10000000149011612, -0.12425799667835236, 0.10000000149011612, 0.10000000149011612, 0.5316939949989319)","(0.12425799667835236, 0.5410161777765499)","(-38.826317849579965, 38.826317849579965)",24,24,0.10000039907498345,0,[],0,0.02734375,[],0,0.05078125,[],0,[],24,"[((0.05, -0.0866, 0.53169), (0.0866, -0.05, 0.53169)), ((0.0, -0.1, 0.53169), (0.05, -0.0866, 0.53169)), ((-0.05, -0.0866, 0.53169), (0.0, -0.1, 0.53169)), ((-0.0866, -0.05, 0.53169), (-0.05, -0.0866, 0.53169)), ((-0.1, -0.0, 0.53169), (-0.0866, -0.05, 0.53169)), ((-0.1, -0.0, 0.53169), (-0.0866, 0.05, 0.53169)), ((-0.0866, 0.05, 0.53169), (-0.05, 0.0866, 0.53169)), ((-0.05, 0.0866, 0.53169), (0.0, 0.1, 0.53169))]"
5494384,56112,liftall         ,0,0,model   tetu_02 ,924,36,1135,1581,0,0,255,255,1,"[(61, 64, 67, 255), (67, 72, 75, 255), (68, 72, 79, 255)]","(0.189453125, 0.1875, 0.623046875, 0.75)","(-3.00039005279541, -42.991798400878906, -3.0, 2.999619960784912, 0.5796970129013062, 3.0)","(2.751379198012384, 4.2429165050603626)","(-11.897816185848077, 84.75513538824413)",720,720,4.000802883228614,390,"[((-2.35788, -0.0, 2.85728), [0, 920], [(0.212891, 0.5), (0.228516, 0.5)]), ((-2.35788, -1.01749, 2.85728), [1, 921], [(0.212891, 0.25), (0.228516, 0.25)]), ((-2.4003, -0.0, 2.81485), [6, 918], [(0.212891, 0.5), (0.228516, 0.5)]), ((-2.4003, -1.01749, 2.81485), [7, 919], [(0.212891, 0.25), (0.228516, 0.25)]), ((0.04243, -0.0, 2.85728), [8, 924], [(0.212891, 0.5), (0.228516, 0.5)]), ((0.04243, -1.01749, 2.85728), [9, 925], [(0.212891, 0.25), (0.228516, 0.25)]), ((0.0, -0.0, 2.81485), [14, 922], [(0.212891, 0.5), (0.228516, 0.5)]), ((0.0, -1.01749, 2.81485), [15, 923], [(0.212891, 0.25), (0.228516, 0.25)])]",0,0.26171875,[],0,0.5,[],0,[],196,"[((-2.4003, -0.0, 2.8997), (-2.35788, -0.0, 2.85728)), ((-2.4003, -1.01749, 2.8997), (-2.35788, -1.01749, 2.85728)), ((-2.44273, -0.0, 2.85728), (-2.4003, -0.0, 2.8997)), ((-2.44273, -1.01749, 2.85728), (-2.4003, -1.01749, 2.8997)), ((-2.44273, -0.0, 2.85728), (-2.4003, -0.0, 2.81485)), ((-2.44273, -1.01749, 2.85728), (-2.4003, -1.01749, 2.81485)), ((0.0, -0.0, 2.8997), (0.04243, -0.0, 2.85728)), ((0.0, -1.01749, 2.8997), (0.04243, -1.01749, 2.85728))]"
5494384,56112,liftall         ,0,1,model   tetu_01 ,924,36,16,22,0,0,255,255,1,"[(67, 72, 75, 255)]","(0.2890625, 0.9296875, 0.326171875, 0.99609375)","(-2.5193099975585938, -1.098099946975708, -2.8575000762939453, 2.5423901081085205, -0.9981039762496948, 2.9082300662994385)","(3.7350674352189035, 3.8628421635288297)","(14.487557327341984, 16.38319664829977)",8,8,0.141418608293561,0,[],0,0.037109375,[],0,0.06640625,[],0,[],16,"[((2.54239, -1.0981, 2.80823), (2.54239, -0.9981, 2.80823)), ((2.54239, -0.9981, 2.80823), (2.54239, -0.9981, 2.90823)), ((2.54239, -1.0981, 2.90823), (2.54239, -0.9981, 2.90823)), ((2.54239, -1.0981, 2.80823), (2.54239, -1.0981, 2.90823)), ((-2.51931, -1.0981, 2.90823), (-2.51931, -0.9981, 2.90823)), ((-2.51931, -0.9981, 2.80823), (-2.51931, -0.9981, 2.90823)), ((-2.51931, -1.0981, 2.80823), (-2.51931, -0.9981, 2.80823)), ((-2.51931, -1.0981, 2.80823), (-2.51931, -1.0981, 2.90823))]"
5494384,56112,liftall         ,0,2,model   tetu_03 ,924,36,266,523,0,0,255,255,1,"[(67, 72, 75, 255)]","(0.00390625, 0.00390625, 0.80859375, 0.99609375)","(-3.00039005279541, -0.0, -3.0, 2.999619960784912, 0.5796980261802673, 3.0)","(0.00038499999209307134, 4.2429165050603626)","(-89.96194765132874, 0.0)",186,186,3.814399982445743,38,"[((2.54156, -0.0, -2.54195), [2, 58, 81], [(0.003906, 0.003906), (0.003906, 0.191406), (0.183594, 0.816406)]), ((2.54156, -0.0, -3.0), [4, 74, 82, 187], [(0.003906, 0.183594), (0.003906, 0.816406)]), ((2.99962, -0.0, -2.83036), [8, 139], [(0.003906, 0.925781), (0.074219, 0.996094)]), ((2.99962, -0.0, -2.75037), [10, 141], [(0.003906, 0.894531), (0.105469, 0.996094)]), ((2.99962, -0.0, -2.54195), [11, 142, 150, 195], [(0.003906, 0.371094), (0.003906, 0.816406), (0.183594, 0.996094)]), ((2.54156, -0.0, 2.54195), [13, 48, 244], [(0.003906, 0.003906), (0.003906, 0.191406), (0.183594, 0.816406)]), ((2.54156, -0.0, 3.0), [15, 165, 174, 204], [(0.003906, 0.183594), (0.003906, 0.816406), (0.183594, 0.996094), (0.5, 0.183594)]), ((2.99962, -0.0, 2.54195), [22, 105, 212, 254], [(0.003906, 0.371094), (0.003906, 0.816406)])]",0,0.49609375,[],0,0.328125,[],0,[],90,"[((2.83031, -0.0, -2.75037), (2.89959, -0.0, -2.71037)), ((2.83031, -0.0, -2.83036), (2.83031, -0.0, -2.75037)), ((2.83031, -0.0, -2.83036), (2.89959, -0.0, -2.87036)), ((2.89959, -0.0, -2.87036), (2.96888, -0.0, -2.83036)), ((2.96888, -0.0, -2.83036), (2.96888, -0.0, -2.75037)), ((2.83031, -0.0, 2.75037), (2.83031, -0.0, 2.83036)), ((2.83031, -0.0, 2.83036), (2.89959, -0.0, 2.87036)), ((2.89959, -0.0, 2.87036), (2.96888, -0.0, 2.83036))]"
5494384,56112,liftall         ,0,3,model   kou_ko  ,924,36,16,26,0,0,255,255,1,"[(67, 72, 75, 255)]","(0.00390625, 0.5, 0.74609375, 0.99609375)","(-2.520129919052124, -0.0, -2.541949987411499, 2.541559934616089, -0.0, 2.541949987411499)","(0.0, 3.594584348676083)","(0.0, 0.0)",10,10,3.5943121437714045,4,"[((0.0, -0.0, -0.0), [0, 9, 13], [(0.003906, 0.625), (0.375, 0.625), (0.375, 0.875)]), ((2.54156, -0.0, -0.0), [1, 8], [(0.746094, 0.625), (0.746094, 0.875)]), ((0.00038, -0.0, -2.54195), [2, 12], [(0.003906, 0.996094), (0.375, 0.996094)]), ((-2.52013, -0.0, -0.0), [11, 15], [(0.003906, 0.875), (0.375, 0.625)])]",0,0.37109375,[],0,0.375,[],0,[],10,"[((2.54156, -0.0, -0.82404), (2.54156, -0.0, -0.0)), ((2.54156, -0.0, -2.54195), (2.54156, -0.0, -0.82404)), ((0.00038, -0.0, -2.54195), (2.54156, -0.0, -2.54195)), ((2.54156, -0.0, 0.82404), (2.54156, -0.0, 2.54195)), ((0.00038, -0.0, 2.54195), (2.54156, -0.0, 2.54195)), ((2.54156, -0.0, -0.0), (2.54156, -0.0, 0.82404)), ((-2.52013, -0.0, -2.54195), (-2.52013, -0.0, -0.0)), ((-2.52013, -0.0, -2.54195), (0.00038, -0.0, -2.54195))]"
5550496,55984,liftallb        ,0,0,model   tetu_02 ,924,36,1132,1569,0,0,255,255,1,"[(59, 63, 64, 255), (67, 72, 75, 255)]","(0.189453125, 0.1875, 0.623046875, 0.75)","(-3.00039005279541, -42.991798400878906, -3.0, 2.999619960784912, 0.5796970129013062, 3.0)","(2.751379198012384, 4.2429165050603626)","(-11.897816185848077, 84.75513538824413)",720,720,4.000802883228614,390,"[((-2.35788, -0.0, 2.85728), [0, 938], [(0.212891, 0.5), (0.228516, 0.5)]), ((-2.35788, -1.01749, 2.85728), [1, 939], [(0.212891, 0.25), (0.228516, 0.25)]), ((-2.4003, -0.0, 2.81485), [6, 936], [(0.212891, 0.5), (0.228516, 0.5)]), ((-2.4003, -1.01749, 2.81485), [7, 937], [(0.212891, 0.25), (0.228516, 0.25)]), ((0.04243, -0.0, 2.85728), [8, 942], [(0.212891, 0.5), (0.228516, 0.5)]), ((0.04243, -1.01749, 2.85728), [9, 943], [(0.212891, 0.25), (0.228516, 0.25)]), ((0.0, -0.0, 2.81485), [14, 940], [(0.212891, 0.5), (0.228516, 0.5)]), ((0.0, -1.01749, 2.81485), [15, 941], [(0.212891, 0.25), (0.228516, 0.25)])]",0,0.26171875,[],0,0.5,[],0,[],196,"[((-2.4003, -0.0, 2.8997), (-2.35788, -0.0, 2.85728)), ((-2.4003, -1.01749, 2.8997), (-2.35788, -1.01749, 2.85728)), ((-2.44273, -0.0, 2.85728), (-2.4003, -0.0, 2.8997)), ((-2.44273, -1.01749, 2.85728), (-2.4003, -1.01749, 2.8997)), ((-2.44273, -0.0, 2.85728), (-2.4003, -0.0, 2.81485)), ((-2.44273, -1.01749, 2.85728), (-2.4003, -1.01749, 2.81485)), ((0.0, -0.0, 2.8997), (0.04243, -0.0, 2.85728)), ((0.0, -1.01749, 2.8997), (0.04243, -1.01749, 2.85728))]"
5550496,55984,liftallb        ,0,1,model   tetu_01 ,924,36,16,22,0,0,255,255,1,"[(67, 72, 75, 255)]","(0.2890625, 0.9296875, 0.326171875, 0.99609375)","(-2.5193099975585938, -1.098099946975708, -2.8575000762939453, 2.5423901081085205, -0.9981039762496948, 2.9082300662994385)","(3.7350674352189035, 3.8628421635288297)","(14.487557327341984, 16.38319664829977)",8,8,0.141418608293561,0,[],0,0.037109375,[],0,0.06640625,[],0,[],16,"[((2.54239, -1.0981, 2.80823), (2.54239, -0.9981, 2.80823)), ((2.54239, -0.9981, 2.80823), (2.54239, -0.9981, 2.90823)), ((2.54239, -1.0981, 2.90823), (2.54239, -0.9981, 2.90823)), ((2.54239, -1.0981, 2.80823), (2.54239, -1.0981, 2.90823)), ((-2.51931, -1.0981, 2.90823), (-2.51931, -0.9981, 2.90823)), ((-2.51931, -0.9981, 2.80823), (-2.51931, -0.9981, 2.90823)), ((-2.51931, -1.0981, 2.80823), (-2.51931, -0.9981, 2.80823)), ((-2.51931, -1.0981, 2.80823), (-2.51931, -1.0981, 2.90823))]"
5550496,55984,liftallb        ,0,2,model   tetu_03 ,924,36,266,523,0,0,255,255,1,"[(67, 72, 75, 255)]","(0.00390625, 0.00390625, 0.80859375, 0.99609375)","(-3.00039005279541, -0.0, -3.0, 2.999619960784912, 0.5796980261802673, 3.0)","(0.00038499999209307134, 4.2429165050603626)","(-89.96194765132874, 0.0)",186,186,3.814399982445743,38,"[((2.54156, -0.0, -2.54195), [2, 58, 81], [(0.003906, 0.003906), (0.003906, 0.191406), (0.183594, 0.816406)]), ((2.54156, -0.0, -3.0), [4, 74, 82, 187], [(0.003906, 0.183594), (0.003906, 0.816406)]), ((2.99962, -0.0, -2.83036), [8, 139], [(0.003906, 0.925781), (0.074219, 0.996094)]), ((2.99962, -0.0, -2.75037), [10, 141], [(0.003906, 0.894531), (0.105469, 0.996094)]), ((2.99962, -0.0, -2.54195), [11, 142, 150, 195], [(0.003906, 0.371094), (0.003906, 0.816406), (0.183594, 0.996094)]), ((2.54156, -0.0, 2.54195), [13, 48, 244], [(0.003906, 0.003906), (0.003906, 0.191406), (0.183594, 0.816406)]), ((2.54156, -0.0, 3.0), [15, 165, 174, 204], [(0.003906, 0.183594), (0.003906, 0.816406), (0.183594, 0.996094), (0.5, 0.183594)]), ((2.99962, -0.0, 2.54195), [22, 105, 212, 254], [(0.003906, 0.371094), (0.003906, 0.816406)])]",0,0.49609375,[],0,0.328125,[],0,[],90,"[((2.83031, -0.0, -2.75037), (2.89959, -0.0, -2.71037)), ((2.83031, -0.0, -2.83036), (2.83031, -0.0, -2.75037)), ((2.83031, -0.0, -2.83036), (2.89959, -0.0, -2.87036)), ((2.89959, -0.0, -2.87036), (2.96888, -0.0, -2.83036)), ((2.96888, -0.0, -2.83036), (2.96888, -0.0, -2.75037)), ((2.83031, -0.0, 2.75037), (2.83031, -0.0, 2.83036)), ((2.83031, -0.0, 2.83036), (2.89959, -0.0, 2.87036)), ((2.89959, -0.0, 2.87036), (2.96888, -0.0, 2.83036))]"
5550496,55984,liftallb        ,0,3,model   kou_ko  ,924,36,16,26,0,0,255,255,1,"[(67, 72, 75, 255)]","(0.00390625, 0.5, 0.74609375, 0.99609375)","(-2.520129919052124, -0.0, -2.541949987411499, 2.541559934616089, -0.0, 2.541949987411499)","(0.0, 3.594584348676083)","(0.0, 0.0)",10,10,3.5943121437714045,4,"[((0.0, -0.0, -0.0), [0, 9, 13], [(0.003906, 0.625), (0.375, 0.625), (0.375, 0.875)]), ((2.54156, -0.0, -0.0), [1, 8], [(0.746094, 0.625), (0.746094, 0.875)]), ((0.00038, -0.0, -2.54195), [2, 12], [(0.003906, 0.996094), (0.375, 0.996094)]), ((-2.52013, -0.0, -0.0), [11, 15], [(0.003906, 0.875), (0.375, 0.625)])]",0,0.37109375,[],0,0.375,[],0,[],10,"[((2.54156, -0.0, -0.82404), (2.54156, -0.0, -0.0)), ((2.54156, -0.0, -2.54195), (2.54156, -0.0, -0.82404)), ((0.00038, -0.0, -2.54195), (2.54156, -0.0, -2.54195)), ((2.54156, -0.0, 0.82404), (2.54156, -0.0, 2.54195)), ((0.00038, -0.0, 2.54195), (2.54156, -0.0, 2.54195)), ((2.54156, -0.0, -0.0), (2.54156, -0.0, 0.82404)), ((-2.52013, -0.0, -2.54195), (-2.52013, -0.0, -0.0)), ((-2.52013, -0.0, -2.54195), (0.00038, -0.0, -2.54195))]"
5606480,18192,liftbase        ,0,0,model   tetu_02 ,296,36,448,767,0,0,255,255,1,"[(61, 61, 61, 255), (62, 62, 62, 255), (63, 63, 63, 255), (63, 64, 64, 255), (64, 64, 64, 255), (64, 64, 65, 255), (64, 65, 66, 255), (64, 65, 67, 255)]","(0.001953125, 0.28125, 0.8046875, 0.99609375)","(-4.0, 1.8928500413894653, -4.0, 4.0, 2.579699993133545, 4.0)","(2.8439600491748678, 5.656854249492381)","(-42.21055130132153, -19.47122063449069)",288,288,4.0,152,"[((3.6, 2.0, -0.0), [0, 65], [(0.59375, 0.753906), (0.804688, 0.878906)]), ((3.6, 2.0, -3.0), [1, 63, 285, 311], [(0.001953, 0.9375), (0.060547, 0.9375), (0.542969, 0.878906), (0.753906, 0.753906)]), ((3.3831, 2.0, -2.6931), [3, 317, 323], [(0.40625, 0.3125), (0.46875, 0.3125), (0.570312, 0.921875)]), ((3.32563, 2.0, -2.6931), [5, 319, 325], [(0.40625, 0.3125), (0.421875, 0.3125), (0.570312, 0.933594)]), ((3.27971, 2.0, -2.6931), [7, 309, 331], [(0.453125, 0.3125), (0.46875, 0.3125), (0.570312, 0.941406)]), ((3.22224, 2.0, -0.0), [8, 45], [(0.804688, 0.949219), (0.804688, 0.953125)]), ((3.22224, 2.0, -2.6931), [9, 327, 333], [(0.40625, 0.3125), (0.46875, 0.3125), (0.570312, 0.949219)]), ((3.0, 2.0, -0.0), [10, 87], [(0.804688, 0.878906), (0.804688, 0.996094)])]",0,0.26171875,[],0,0.1171875,[],0,[],80,"[((-4.0, 2.0, 4.0), (0.0, 2.0, 4.0)), ((-4.0, 2.0, -0.0), (-4.0, 2.0, 4.0)), ((4.0, 2.0, -4.0), (4.0, 2.0, -0.0)), ((2.87888, 2.5797, -0.00012), (2.87888, 2.5797, 2.86466)), ((2.87888, 2.5797, -2.85658), (2.87888, 2.5797, -0.00012)), ((-0.00055, 2.5797, 2.86466), (2.87888, 2.5797, 2.86466)), ((-2.84396, 2.5797, 2.86466), (-0.00055, 2.5797, 2.86466)), ((-0.00055, 2.5797, -2.85658), (2.87888, 2.5797, -2.85658))]"
5606480,18192,liftbase        ,0,1,model   e_stone ,296,36,9,19,0,0,255,255,1,"[(63, 63, 63, 255), (64, 64, 65, 255), (64, 66, 67, 255), (64, 66, 68, 255), (64, 67, 68, 255), (66, 69, 72, 255), (67, 71, 74, 255)]","(0.25, 0.5, 0.5, 0.99609375)","(-2.8439600467681885, 2.579699993133545, -2.8565800189971924, 2.878880023956299, 2.579699993133545, 2.8646600246429443)","(0.0, 4.061308563643242)","(-90.0, -32.42327857848751)",8,8,4.06178096829931,0,[],0,0.125,[],0,0.25,[],0,[],8,"[((2.87888, 2.5797, -0.00012), (2.87888, 2.5797, 2.86466)), ((-0.00055, 2.5797, 2.86466), (2.87888, 2.5797, 2.86466)), ((-2.84396, 2.5797, 2.86466), (-0.00055, 2.5797, 2.86466)), ((-2.84396, 2.5797, -0.00012), (-2.84396, 2.5797, 2.86466)), ((-0.00055, 2.5797, -2.85658), (2.87888, 2.5797, -2.85658)), ((-2.84396, 2.5797, -2.85658), (-0.00055, 2.5797, -2.85658)), ((-2.84396, 2.5797, -2.85658), (-2.84396, 2.5797, -0.00012)), ((2.87888, 2.5797, -2.85658), (2.87888, 2.5797, -0.00012))]"
5624672,18160,liftbaseb       ,0,0,model   tetu_02 ,296,36,447,767,0,0,255,255,1,"[(64, 64, 64, 255), (64, 64, 65, 255), (64, 65, 66, 255), (64, 65, 67, 255), (64, 66, 67, 255), (65, 67, 69, 255), (65, 67, 70, 255), (65, 68, 70, 255)]","(0.001953125, 0.28125, 0.8046875, 0.99609375)","(-4.0, 1.8928500413894653, -4.0, 4.0, 2.579699993133545, 4.0)","(2.8439600491748678, 5.656854249492381)","(-42.21055130132153, -19.47122063449069)",288,288,4.0,152,"[((3.6, 2.0, -0.0), [0, 65], [(0.59375, 0.753906), (0.804688, 0.878906)]), ((3.6, 2.0, -3.0), [1, 63, 284, 310], [(0.001953, 0.9375), (0.060547, 0.9375), (0.542969, 0.878906), (0.753906, 0.753906)]), ((3.3831, 2.0, -2.6931), [3, 316, 322], [(0.40625, 0.3125), (0.46875, 0.3125), (0.570312, 0.921875)]), ((3.32563, 2.0, -2.6931), [5, 318, 324], [(0.40625, 0.3125), (0.421875, 0.3125), (0.570312, 0.933594)]), ((3.27971, 2.0, -2.6931), [7, 308, 330], [(0.453125, 0.3125), (0.46875, 0.3125), (0.570312, 0.941406)]), ((3.22224, 2.0, -0.0), [8, 45], [(0.804688, 0.949219), (0.804688, 0.953125)]), ((3.22224, 2.0, -2.6931), [9, 326, 332], [(0.40625, 0.3125), (0.46875, 0.3125), (0.570312, 0.949219)]), ((3.0, 2.0, -0.0), [10, 87], [(0.804688, 0.878906), (0.804688, 0.996094)])]",0,0.26171875,[],0,0.1171875,[],0,[],80,"[((-4.0, 2.0, 4.0), (0.0, 2.0, 4.0)), ((-4.0, 2.0, -0.0), (-4.0, 2.0, 4.0)), ((4.0, 2.0, -4.0), (4.0, 2.0, -0.0)), ((2.87888, 2.5797, -0.00012), (2.87888, 2.5797, 2.86466)), ((2.87888, 2.5797, -2.85658), (2.87888, 2.5797, -0.00012)), ((-0.00055, 2.5797, 2.86466), (2.87888, 2.5797, 2.86466)), ((-2.84396, 2.5797, 2.86466), (-0.00055, 2.5797, 2.86466)), ((-0.00055, 2.5797, -2.85658), (2.87888, 2.5797, -2.85658))]"
5624672,18160,liftbaseb       ,0,1,model   e_stone ,296,36,9,19,0,0,255,255,1,"[(64, 66, 67, 255), (64, 66, 68, 255), (65, 68, 70, 255), (67, 71, 75, 255), (68, 73, 77, 255)]","(0.25, 0.5, 0.5, 0.99609375)","(-2.8439600467681885, 2.579699993133545, -2.8565800189971924, 2.878880023956299, 2.579699993133545, 2.8646600246429443)","(0.0, 4.061308563643242)","(-90.0, -32.42327857848751)",8,8,4.06178096829931,0,[],0,0.125,[],0,0.25,[],0,[],8,"[((2.87888, 2.5797, -0.00012), (2.87888, 2.5797, 2.86466)), ((-0.00055, 2.5797, 2.86466), (2.87888, 2.5797, 2.86466)), ((-2.84396, 2.5797, 2.86466), (-0.00055, 2.5797, 2.86466)), ((-2.84396, 2.5797, -0.00012), (-2.84396, 2.5797, 2.86466)), ((-0.00055, 2.5797, -2.85658), (2.87888, 2.5797, -2.85658)), ((-2.84396, 2.5797, -2.85658), (-0.00055, 2.5797, -2.85658)), ((-2.84396, 2.5797, -2.85658), (-2.84396, 2.5797, -0.00012)), ((2.87888, 2.5797, -2.85658), (2.87888, 2.5797, -0.00012))]"
5642832,49328,liftstep        ,0,0,model   tetu_02 ,668,36,1004,1623,0,0,255,255,1,"[(64, 64, 64, 255), (66, 66, 66, 255), (66, 67, 67, 255), (67, 67, 67, 255), (67, 67, 68, 255), (67, 68, 68, 255), (67, 68, 69, 255), (67, 68, 70, 255)]","(0.0625, 0.0, 0.9375, 1.0)","(-9.214900016784668, -3.365679979324341, -2.0350100994110107, 0.0, -0.0, 2.034060001373291)","(0.0, 9.269494220310449)","(0.0, 90.0)",532,532,3.55978168914295,301,"[((-8.55459, -2.7267, 0.83905), [0, 10, 862], [(0.376953, 0.371094), (0.466797, 0.316406), (0.564453, 0.371094)]), ((-8.76741, -2.7267, 0.99567), [1, 183, 929, 944], [(0.427734, 0.371094), (0.498047, 0.316406), (0.501953, 0.316406), (0.669922, 0.996094)]), ((-8.76741, -2.7267, 0.83905), [2, 860, 938], [(0.376953, 0.3125), (0.376953, 0.316406), (0.427734, 0.316406)]), ((-8.85796, -2.7267, 0.99567), [3, 898, 928], [(0.185547, 0.996094), (0.412109, 0.371094), (0.501953, 0.371094)]), ((-8.85796, -2.7267, 0.83905), [4, 866, 892, 936], [(0.185547, 0.996094), (0.376953, 0.28125), (0.412109, 0.316406), (0.720703, 0.996094)]), ((-9.2149, -2.7267, 0.99567), [5, 302, 899], [(0.185547, 0.921875), (0.345703, 0.871094), (0.361328, 0.371094)]), ((-9.2149, -2.7267, 0.83905), [6, 304, 893], [(0.185547, 0.921875), (0.361328, 0.316406), (0.373047, 0.871094)]), ((-8.55459, -2.7267, 1.55408), [7, 197, 325, 663, 846, 947], [(0.373047, 0.5), (0.376953, 0.316406), (0.376953, 0.371094), (0.498047, 0.4375), (0.623047, 0.371094)])]",0,0.498046875,[],4,0.5625,"[(654, [430, 431, 432], [0.4375, 0.4375, 1.0]), (655, [431, 432, 433], [0.4375, 1.0, 1.0]), (720, [474, 475, 476], [1.0, 1.0, 0.4375]), (721, [475, 476, 477], [1.0, 0.4375, 0.4375])]",0,[],178,"[((-8.55459, -2.91581, -1.55502), (-8.55459, -2.91581, 1.55408)), ((-8.55459, -3.36568, -0.83372), (-8.55459, -3.36568, 0.83905)), ((-8.55459, -3.36568, -1.77663), (-8.55459, -3.36568, -0.83372)), ((-6.1681, -3.17049, -1.77663), (-4.46759, -3.17049, -1.77663)), ((-4.46759, -3.17049, -1.93108), (-4.46759, -3.17049, -1.77663)), ((-6.1681, -3.17049, -1.93108), (-6.1681, -3.17049, -1.77663)), ((-6.1681, -2.7267, -1.77663), (-4.46759, -2.7267, -1.77663)), ((-6.1681, -2.7267, -1.93108), (-6.1681, -2.7267, -1.77663))]"
5642832,49328,liftstep        ,0,1,model   tetu_03 ,668,36,108,193,0,0,255,255,1,"[(66, 66, 66, 255), (66, 67, 67, 255), (67, 67, 67, 255), (67, 67, 68, 255), (68, 69, 71, 255), (69, 72, 74, 255), (69, 73, 76, 255), (70, 73, 76, 255)]","(0.00390625, 0.0, 1.0, 0.99609375)","(-8.554590225219727, -3.170490026473999, -1.8920700550079346, -0.44729599356651306, -0.21950200200080872, 1.9009599685668945)","(1.8141415114746224, 8.737129290253725)","(4.302660731129178, 59.9784707627751)",62,62,3.33710877427962,6,"[((-4.46759, -1.32234, 1.68718), [6, 34], [(0.066406, 0.730469), (0.996094, 0.316406)]), ((-4.05387, -1.12185, -1.697), [27, 102], [(0.164062, 0.777344), (0.180115, 0.774658)]), ((-6.58586, -1.83973, 1.68718), [32, 64], [(0.441406, 0.167969), (0.496094, 0.1875)]), ((-6.58586, -1.83973, -1.697), [53, 106], [(0.441406, 0.167969), (0.496094, 0.1875)]), ((-4.46759, -1.32234, -1.697), [79, 103], [(0.066406, 0.730469), (0.996094, 0.316406)]), ((-6.1681, -1.83973, -1.697), [81, 107], [(0.550781, 0.171875), (0.558594, 0.175781)])]",10,0.84765625,"[(50, [32, 33, 34], [0.44140625, 0.55078125, 0.99609375]), (112, [71, 72, 73], [0.99609375, 0.99609375, 0.1484375]), (113, [72, 73, 74], [0.99609375, 0.1484375, 0.1484375]), (118, [75, 76, 77], [0.99609375, 0.99609375, 0.1484375]), (119, [76, 77, 78], [0.99609375, 0.1484375, 0.1484375]), (130, [83, 84, 85], [0.99609375, 0.99609375, 0.1484375]), (131, [84, 85, 86], [0.99609375, 0.1484375, 0.1484375]), (136, [87, 88, 89], [0.99609375, 0.99609375, 0.1484375])]",12,0.5546875,"[(0, [0, 1, 2], [0.44140625, 0.99609375, 0.44140625]), (1, [1, 2, 3], [0.99609375, 0.44140625, 0.99609375]), (2, [2, 3, 4], [0.44140625, 0.99609375, 0.73046875]), (26, [17, 18, 19], [0.99609375, 0.99609375, 0.47265625]), (27, [18, 19, 20], [0.99609375, 0.47265625, 0.79296875]), (35, [23, 24, 25], [0.79296875, 0.47265625, 0.99609375]), (36, [24, 25, 26], [0.47265625, 0.99609375, 0.99609375]), (42, [27, 28, 29], [0.774658203125, 0.99609375, 0.44140625])]",0,[],106,"[((-0.66673, -2.53469, 1.68718), (-0.66673, -0.2195, 1.68718)), ((-2.21314, -2.53469, 1.68718), (-0.66673, -2.53469, 1.68718)), ((-2.21314, -0.2195, 1.68718), (-0.66673, -0.2195, 1.68718)), ((-4.05387, -1.12185, 1.68718), (-2.21314, -0.2195, 1.68718)), ((-4.46759, -1.32234, 1.68718), (-4.05387, -1.12185, 1.68718)), ((-4.46759, -1.32234, 1.68718), (-4.05387, -1.32234, 1.68718)), ((-4.05387, -2.7267, -1.77663), (-2.21314, -2.7267, -1.77663)), ((-2.21314, -3.17049, -1.77663), (-0.4473, -3.17049, -1.77663))]"
5642832,49328,liftstep        ,0,2,model   kou_ko  ,668,36,29,57,0,0,255,255,1,"[(64, 64, 64, 255), (66, 66, 66, 255), (67, 67, 67, 255), (67, 67, 68, 255), (69, 72, 75, 255), (70, 73, 76, 255), (70, 73, 77, 255), (71, 74, 78, 255)]","(0.0, 0.5, 0.75, 1.0)","(-8.554590225219727, -3.365679979324341, -1.7766300439834595, -0.44729599356651306, -2.7267000675201416, 1.7766300439834595)","(0.44729599356651306, 8.737129290253725)","(18.538981505277146, 82.42980061083422)",19,19,4.1367529184367,0,[],0,0.25,[],0,0.5,[],0,[],29,"[((-4.46759, -3.36568, -1.77663), (-4.46759, -3.36568, 1.77663)), ((-6.58586, -3.36568, 1.77663), (-4.46759, -3.36568, 1.77663)), ((-6.58586, -3.36568, -1.77663), (-4.46759, -3.36568, -1.77663)), ((-8.55459, -3.36568, -1.77663), (-8.55459, -3.36568, -0.83372)), ((-8.55459, -3.36568, -1.77663), (-6.58586, -3.36568, -1.77663)), ((-0.4473, -3.36568, -0.0), (-0.4473, -3.36568, 1.77663)), ((-2.21314, -3.36568, 1.77663), (-0.4473, -3.36568, 1.77663)), ((-4.25221, -3.36568, -1.77663), (-2.21314, -3.36568, -1.77663))]"
5642832,49328,liftstep        ,0,3,model   tetu_01 ,668,36,40,58,0,0,255,255,1,"[(66, 66, 66, 255), (68, 69, 71, 255), (68, 70, 73, 255), (69, 72, 76, 255), (69, 73, 76, 255), (70, 73, 76, 255), (70, 73, 77, 255), (70, 74, 77, 255)]","(0.2890625, 0.25390625, 0.529296875, 0.99609375)","(-9.214900016784668, -3.365679979324341, -1.9310799837112427, -4.05387020111084, -2.7267000675201416, 1.9299499988555908)","(4.426090591101713, 9.269494220310449)","(18.882475397285, 35.614721046085975)",20,20,0.46989819275049605,0,[],0,0.037109375,[],0,0.2421875,[],0,[],40,"[((-9.2149, -3.36568, 0.99614), (-9.2149, -3.17049, 0.99614)), ((-9.2149, -3.17049, 0.83905), (-9.2149, -3.17049, 0.99614)), ((-9.2149, -3.36568, 0.83905), (-9.2149, -3.17049, 0.83905)), ((-9.2149, -3.36568, 0.83905), (-9.2149, -3.36568, 0.99614)), ((-6.1681, -2.7267, -1.93108), (-6.1681, -2.7267, -1.77663)), ((-6.1681, -3.17049, -1.77663), (-6.1681, -2.7267, -1.77663)), ((-6.1681, -3.17049, -1.93108), (-6.1681, -3.17049, -1.77663)), ((-6.1681, -3.17049, -1.93108), (-6.1681, -2.7267, -1.93108))]"
5642832,49328,liftstep        ,0,4,model   e_si    ,668,36,13,18,0,0,255,255,1,"[(64, 64, 64, 255), (66, 67, 67, 255), (67, 68, 70, 255), (67, 69, 70, 255), (68, 70, 72, 255), (72, 75, 79, 255)]","(0.25, 0.5, 0.875, 1.75)","(-0.44729599356651306, -2.7267000675201416, -1.5550199747085571, 0.0, -0.0, 1.5540800094604492)","(0.0004729999927803874, 1.6180731836364064)","(0.0, 59.328379089589255)",7,7,3.1387144370608864,4,"[((-0.4473, -0.0, 1.55408), [0, 7], [(0.375, 0.5), (0.625, 1.75)]), ((-0.4473, -0.0, -0.00047), [2, 5, 11], [(0.25, 0.5), (0.5, 0.5), (0.748047, 1.75)]), ((-0.4473, -0.0, -1.55502), [4, 9], [(0.375, 0.5), (0.875, 1.75)]), ((0.0, -0.0, -0.00047), [6, 12], [(0.25, 0.59375), (0.5, 0.59375)])]",0,0.25,[],0,0.5,[],0,[],7,"[((-0.4473, -2.7267, 1.55408), (-0.4473, -0.0, 1.55408)), ((-0.4473, -2.7267, -1.55502), (-0.4473, -2.7267, 1.55408)), ((-0.4473, -2.7267, -1.55502), (-0.4473, -0.0, -1.55502)), ((-0.4473, -0.0, 1.55408), (0.0, -0.0, 1.55408)), ((0.0, -0.0, -0.00047), (0.0, -0.0, 1.55408)), ((-0.4473, -0.0, -1.55502), (0.0, -0.0, -1.55502)), ((0.0, -0.0, -1.55502), (0.0, -0.0, -0.00047))]"
5642832,49328,liftstep        ,0,5,model   tetu_02 ,668,36,56,82,32768,0,63,126,2,"[(66, 66, 66, 63), (66, 66, 66, 126), (66, 67, 67, 126), (67, 67, 67, 63), (67, 67, 67, 126), (67, 67, 68, 63), (67, 67, 68, 126), (69, 72, 75, 126)]","(0.126953125, 0.50390625, 0.373046875, 0.74609375)","(-8.554590225219727, -2.7267000675201416, -2.0350100994110107, -0.44729599356651306, -0.0, 2.034060001373291)","(1.61716986790666, 8.793308821264592)","(0.0, 52.6273191825545)",28,28,1.9780716586268992,0,[],0,0.24609375,[],0,0.0546875,[],0,[],56,"[((-8.43116, -2.53469, -2.03501), (-6.58586, -2.53469, -2.03501)), ((-6.58586, -2.7267, -2.03501), (-6.58586, -2.53469, -2.03501)), ((-8.55459, -2.7267, -2.03501), (-6.58586, -2.7267, -2.03501)), ((-8.55459, -2.7267, -2.03501), (-8.43116, -2.53469, -2.03501)), ((-8.55459, -2.7267, -1.55502), (-6.58586, -2.7267, -1.55502)), ((-6.58586, -2.7267, -1.55502), (-6.58586, -2.53469, -1.55502)), ((-8.43116, -2.53469, -1.55502), (-6.58586, -2.53469, -1.55502)), ((-8.55459, -2.7267, -1.55502), (-8.43116, -2.53469, -1.55502))]"
5692160,49328,liftstepb       ,0,0,model   tetu_02 ,668,36,1004,1623,0,0,255,255,1,"[(66, 66, 66, 255), (66, 67, 67, 255), (67, 67, 67, 255), (67, 67, 68, 255), (67, 68, 68, 255), (67, 68, 69, 255), (67, 68, 70, 255), (67, 69, 70, 255)]","(0.0625, 0.0, 0.9375, 1.0)","(-9.214900016784668, -3.365679979324341, -2.0350100994110107, 0.0, -0.0, 2.034060001373291)","(0.0, 9.269494220310449)","(0.0, 90.0)",532,532,3.55978168914295,301,"[((-8.55459, -2.7267, 0.83905), [0, 10, 862], [(0.376953, 0.371094), (0.466797, 0.316406), (0.564453, 0.371094)]), ((-8.76741, -2.7267, 0.99567), [1, 183, 929, 944], [(0.427734, 0.371094), (0.498047, 0.316406), (0.501953, 0.316406), (0.669922, 0.996094)]), ((-8.76741, -2.7267, 0.83905), [2, 860, 938], [(0.376953, 0.3125), (0.376953, 0.316406), (0.427734, 0.316406)]), ((-8.85796, -2.7267, 0.99567), [3, 898, 928], [(0.185547, 0.996094), (0.412109, 0.371094), (0.501953, 0.371094)]), ((-8.85796, -2.7267, 0.83905), [4, 866, 892, 936], [(0.185547, 0.996094), (0.376953, 0.28125), (0.412109, 0.316406), (0.720703, 0.996094)]), ((-9.2149, -2.7267, 0.99567), [5, 302, 899], [(0.185547, 0.921875), (0.345703, 0.871094), (0.361328, 0.371094)]), ((-9.2149, -2.7267, 0.83905), [6, 304, 893], [(0.185547, 0.921875), (0.361328, 0.316406), (0.373047, 0.871094)]), ((-8.55459, -2.7267, 1.55408), [7, 197, 325, 663, 846, 947], [(0.373047, 0.5), (0.376953, 0.316406), (0.376953, 0.371094), (0.498047, 0.4375), (0.623047, 0.371094)])]",0,0.498046875,[],4,0.5625,"[(654, [430, 431, 432], [0.4375, 0.4375, 1.0]), (655, [431, 432, 433], [0.4375, 1.0, 1.0]), (720, [474, 475, 476], [1.0, 1.0, 0.4375]), (721, [475, 476, 477], [1.0, 0.4375, 0.4375])]",0,[],178,"[((-8.55459, -2.91581, -1.55502), (-8.55459, -2.91581, 1.55408)), ((-8.55459, -3.36568, -0.83372), (-8.55459, -3.36568, 0.83905)), ((-8.55459, -3.36568, -1.77663), (-8.55459, -3.36568, -0.83372)), ((-6.1681, -3.17049, -1.77663), (-4.46759, -3.17049, -1.77663)), ((-4.46759, -3.17049, -1.93108), (-4.46759, -3.17049, -1.77663)), ((-6.1681, -3.17049, -1.93108), (-6.1681, -3.17049, -1.77663)), ((-6.1681, -2.7267, -1.77663), (-4.46759, -2.7267, -1.77663)), ((-6.1681, -2.7267, -1.93108), (-6.1681, -2.7267, -1.77663))]"
5692160,49328,liftstepb       ,0,1,model   tetu_03 ,668,36,108,193,0,0,255,255,1,"[(66, 66, 66, 255), (66, 67, 67, 255), (67, 67, 67, 255), (67, 67, 68, 255), (68, 69, 71, 255), (69, 72, 74, 255), (69, 72, 75, 255), (70, 73, 76, 255)]","(0.00390625, 0.0, 1.0, 0.99609375)","(-8.554590225219727, -3.170490026473999, -1.8920700550079346, -0.44729599356651306, -0.21950200200080872, 1.9009599685668945)","(1.8141415114746224, 8.737129290253725)","(4.302660731129178, 59.9784707627751)",62,62,3.33710877427962,6,"[((-4.46759, -1.32234, 1.68718), [6, 34], [(0.066406, 0.730469), (0.996094, 0.316406)]), ((-4.05387, -1.12185, -1.697), [27, 102], [(0.164062, 0.777344), (0.180115, 0.774658)]), ((-6.58586, -1.83973, 1.68718), [32, 64], [(0.441406, 0.167969), (0.496094, 0.1875)]), ((-6.58586, -1.83973, -1.697), [53, 106], [(0.441406, 0.167969), (0.496094, 0.1875)]), ((-4.46759, -1.32234, -1.697), [79, 103], [(0.066406, 0.730469), (0.996094, 0.316406)]), ((-6.1681, -1.83973, -1.697), [81, 107], [(0.550781, 0.171875), (0.558594, 0.175781)])]",10,0.84765625,"[(50, [32, 33, 34], [0.44140625, 0.55078125, 0.99609375]), (112, [71, 72, 73], [0.99609375, 0.99609375, 0.1484375]), (113, [72, 73, 74], [0.99609375, 0.1484375, 0.1484375]), (118, [75, 76, 77], [0.99609375, 0.99609375, 0.1484375]), (119, [76, 77, 78], [0.99609375, 0.1484375, 0.1484375]), (130, [83, 84, 85], [0.99609375, 0.99609375, 0.1484375]), (131, [84, 85, 86], [0.99609375, 0.1484375, 0.1484375]), (136, [87, 88, 89], [0.99609375, 0.99609375, 0.1484375])]",12,0.5546875,"[(0, [0, 1, 2], [0.44140625, 0.99609375, 0.44140625]), (1, [1, 2, 3], [0.99609375, 0.44140625, 0.99609375]), (2, [2, 3, 4], [0.44140625, 0.99609375, 0.73046875]), (26, [17, 18, 19], [0.99609375, 0.99609375, 0.47265625]), (27, [18, 19, 20], [0.99609375, 0.47265625, 0.79296875]), (35, [23, 24, 25], [0.79296875, 0.47265625, 0.99609375]), (36, [24, 25, 26], [0.47265625, 0.99609375, 0.99609375]), (42, [27, 28, 29], [0.774658203125, 0.99609375, 0.44140625])]",0,[],106,"[((-0.66673, -2.53469, 1.68718), (-0.66673, -0.2195, 1.68718)), ((-2.21314, -2.53469, 1.68718), (-0.66673, -2.53469, 1.68718)), ((-2.21314, -0.2195, 1.68718), (-0.66673, -0.2195, 1.68718)), ((-4.05387, -1.12185, 1.68718), (-2.21314, -0.2195, 1.68718)), ((-4.46759, -1.32234, 1.68718), (-4.05387, -1.12185, 1.68718)), ((-4.46759, -1.32234, 1.68718), (-4.05387, -1.32234, 1.68718)), ((-4.05387, -2.7267, -1.77663), (-2.21314, -2.7267, -1.77663)), ((-2.21314, -3.17049, -1.77663), (-0.4473, -3.17049, -1.77663))]"
5692160,49328,liftstepb       ,0,2,model   kou_ko  ,668,36,29,57,0,0,255,255,1,"[(66, 66, 66, 255), (67, 67, 67, 255), (67, 67, 68, 255), (69, 72, 75, 255), (70, 73, 76, 255), (70, 74, 77, 255), (71, 75, 78, 255), (72, 75, 79, 255)]","(0.0, 0.5, 0.75, 1.0)","(-8.554590225219727, -3.365679979324341, -1.7766300439834595, -0.44729599356651306, -2.7267000675201416, 1.7766300439834595)","(0.44729599356651306, 8.737129290253725)","(18.538981505277146, 82.42980061083422)",19,19,4.1367529184367,0,[],0,0.25,[],0,0.5,[],0,[],29,"[((-4.46759, -3.36568, -1.77663), (-4.46759, -3.36568, 1.77663)), ((-6.58586, -3.36568, 1.77663), (-4.46759, -3.36568, 1.77663)), ((-6.58586, -3.36568, -1.77663), (-4.46759, -3.36568, -1.77663)), ((-8.55459, -3.36568, -1.77663), (-8.55459, -3.36568, -0.83372)), ((-8.55459, -3.36568, -1.77663), (-6.58586, -3.36568, -1.77663)), ((-0.4473, -3.36568, -0.0), (-0.4473, -3.36568, 1.77663)), ((-2.21314, -3.36568, 1.77663), (-0.4473, -3.36568, 1.77663)), ((-4.25221, -3.36568, -1.77663), (-2.21314, -3.36568, -1.77663))]"
5692160,49328,liftstepb       ,0,3,model   tetu_01 ,668,36,40,58,0,0,255,255,1,"[(66, 66, 66, 255), (68, 69, 71, 255), (68, 70, 73, 255), (69, 72, 76, 255), (69, 73, 76, 255), (70, 73, 76, 255), (70, 73, 77, 255), (70, 74, 77, 255)]","(0.2890625, 0.25390625, 0.529296875, 0.99609375)","(-9.214900016784668, -3.365679979324341, -1.9310799837112427, -4.05387020111084, -2.7267000675201416, 1.9299499988555908)","(4.426090591101713, 9.269494220310449)","(18.882475397285, 35.614721046085975)",20,20,0.46989819275049605,0,[],0,0.037109375,[],0,0.2421875,[],0,[],40,"[((-9.2149, -3.36568, 0.99614), (-9.2149, -3.17049, 0.99614)), ((-9.2149, -3.17049, 0.83905), (-9.2149, -3.17049, 0.99614)), ((-9.2149, -3.36568, 0.83905), (-9.2149, -3.17049, 0.83905)), ((-9.2149, -3.36568, 0.83905), (-9.2149, -3.36568, 0.99614)), ((-6.1681, -2.7267, -1.93108), (-6.1681, -2.7267, -1.77663)), ((-6.1681, -3.17049, -1.77663), (-6.1681, -2.7267, -1.77663)), ((-6.1681, -3.17049, -1.93108), (-6.1681, -3.17049, -1.77663)), ((-6.1681, -3.17049, -1.93108), (-6.1681, -2.7267, -1.93108))]"
5692160,49328,liftstepb       ,0,4,model   e_si    ,668,36,13,18,0,0,255,255,1,"[(66, 67, 67, 255), (67, 68, 70, 255), (67, 69, 70, 255), (68, 70, 72, 255), (72, 75, 79, 255)]","(0.25, 0.5, 0.875, 1.75)","(-0.44729599356651306, -2.7267000675201416, -1.5550199747085571, 0.0, -0.0, 1.5540800094604492)","(0.0004729999927803874, 1.6180731836364064)","(0.0, 59.328379089589255)",7,7,3.1387144370608864,4,"[((-0.4473, -0.0, 1.55408), [0, 7], [(0.375, 0.5), (0.625, 1.75)]), ((-0.4473, -0.0, -0.00047), [2, 5, 11], [(0.25, 0.5), (0.5, 0.5), (0.748047, 1.75)]), ((-0.4473, -0.0, -1.55502), [4, 9], [(0.375, 0.5), (0.875, 1.75)]), ((0.0, -0.0, -0.00047), [6, 12], [(0.25, 0.59375), (0.5, 0.59375)])]",0,0.25,[],0,0.5,[],0,[],7,"[((-0.4473, -2.7267, 1.55408), (-0.4473, -0.0, 1.55408)), ((-0.4473, -2.7267, -1.55502), (-0.4473, -2.7267, 1.55408)), ((-0.4473, -2.7267, -1.55502), (-0.4473, -0.0, -1.55502)), ((-0.4473, -0.0, 1.55408), (0.0, -0.0, 1.55408)), ((0.0, -0.0, -0.00047), (0.0, -0.0, 1.55408)), ((-0.4473, -0.0, -1.55502), (0.0, -0.0, -1.55502)), ((0.0, -0.0, -1.55502), (0.0, -0.0, -0.00047))]"
5692160,49328,liftstepb       ,0,5,model   tetu_02 ,668,36,56,82,32768,0,63,126,2,"[(66, 66, 66, 63), (66, 66, 66, 126), (66, 67, 67, 126), (67, 67, 67, 63), (67, 67, 67, 126), (67, 67, 68, 63), (67, 67, 68, 126), (69, 72, 75, 126)]","(0.126953125, 0.50390625, 0.373046875, 0.74609375)","(-8.554590225219727, -2.7267000675201416, -2.0350100994110107, -0.44729599356651306, -0.0, 2.034060001373291)","(1.61716986790666, 8.793308821264592)","(0.0, 52.6273191825545)",28,28,1.9780716586268992,0,[],0,0.24609375,[],0,0.0546875,[],0,[],56,"[((-8.43116, -2.53469, -2.03501), (-6.58586, -2.53469, -2.03501)), ((-6.58586, -2.7267, -2.03501), (-6.58586, -2.53469, -2.03501)), ((-8.55459, -2.7267, -2.03501), (-6.58586, -2.7267, -2.03501)), ((-8.55459, -2.7267, -2.03501), (-8.43116, -2.53469, -2.03501)), ((-8.55459, -2.7267, -1.55502), (-6.58586, -2.7267, -1.55502)), ((-6.58586, -2.7267, -1.55502), (-6.58586, -2.53469, -1.55502)), ((-8.43116, -2.53469, -1.55502), (-6.58586, -2.53469, -1.55502)), ((-8.55459, -2.7267, -1.55502), (-8.43116, -2.53469, -1.55502))]"
6321168,1008,plgdoor2l       ,0,0,model   doors   ,12,36,22,35,0,0,128,128,1,"[(115, 115, 115, 128)]","(0.0078125, 0.03515625, 0.4296875, 0.49609375)","(-0.03500000014901161, -3.0, -1.25, 0.03500000014901161, -0.0, -0.0)","(0.03500000014901161, 1.2504899040017998)","(0.0, 89.33157956155058)",12,12,3.25,8,"[((0.035, -3.0, -1.25), [0, 12, 16], [(0.054688, 0.066406), (0.429688, 0.058594), (0.429688, 0.066406)]), ((0.035, -0.0, -0.0), [1, 17], [(0.054688, 0.496094), (0.070312, 0.496094)]), ((0.035, -0.0, -1.25), [2, 15], [(0.054688, 0.496094), (0.429688, 0.496094)]), ((-0.035, -0.0, -0.0), [3, 5, 19], [(0.007812, 0.496094), (0.070312, 0.472656), (0.070312, 0.496094)]), ((-0.035, -0.0, -1.25), [4, 7, 13], [(0.007812, 0.496094), (0.429688, 0.472656), (0.429688, 0.496094)]), ((-0.035, -3.0, -0.0), [6, 9, 20], [(0.007812, 0.066406), (0.070312, 0.035156), (0.070312, 0.066406)]), ((-0.035, -3.0, -1.25), [8, 11, 14], [(0.007812, 0.066406), (0.429688, 0.035156), (0.429688, 0.066406)]), ((0.035, -3.0, -0.0), [10, 18, 21], [(0.054688, 0.066406), (0.070312, 0.058594), (0.070312, 0.066406)])]",0,0.359375,[],0,0.4296875,[],0,[],0,[]
6322176,976,plgdoor2r       ,0,0,model   doors   ,12,36,21,35,0,0,128,128,1,"[(115, 115, 115, 128)]","(0.0078125, 0.03515625, 0.4296875, 0.49609375)","(-0.03500000014901161, -3.0, -0.0, 0.03500000014901161, -0.0, 1.25)","(0.03500000014901161, 1.2504899040017998)","(0.0, 89.33157956155058)",12,12,3.25,8,"[((0.035, -3.0, -0.0), [0, 5, 19], [(0.054688, 0.066406), (0.070312, 0.058594), (0.070312, 0.066406)]), ((0.035, -0.0, 1.25), [1, 12], [(0.007812, 0.496094), (0.429688, 0.496094)]), ((0.035, -0.0, -0.0), [2, 18], [(0.054688, 0.496094), (0.070312, 0.496094)]), ((-0.035, -0.0, 1.25), [3, 11, 14], [(0.054688, 0.496094), (0.429688, 0.472656), (0.429688, 0.496094)]), ((-0.035, -0.0, -0.0), [4, 16], [(0.007812, 0.496094), (0.070312, 0.496094)]), ((-0.035, -3.0, -0.0), [6, 9, 17], [(0.007812, 0.066406), (0.070312, 0.035156), (0.070312, 0.066406)]), ((0.035, -3.0, 1.25), [7, 13, 20], [(0.007812, 0.066406), (0.429688, 0.058594), (0.429688, 0.066406)]), ((-0.035, -3.0, 1.25), [8, 10, 15], [(0.054688, 0.066406), (0.429688, 0.035156), (0.429688, 0.066406)])]",0,0.359375,[],0,0.4296875,[],0,[],0,[]
6323152,1824,plgdoorl        ,0,0,model   doors   ,32,36,42,83,0,0,128,128,1,"[(115, 115, 115, 128)]","(0.0, 0.078125, 0.3671875, 0.99609375)","(-0.05435999855399132, -3.0606400966644287, -1.1151000261306763, 0.0456399992108345, -0.0, -0.0)","(0.0456399992108345, 1.1164242373396525)","(0.0, 88.80469971912446)",32,32,2.4552326319919886,18,"[((-0.05436, -3.06064, -1.1151), [0, 21, 30], [(0.007812, 0.09375), (0.0625, 0.078125), (0.367188, 0.535156)]), ((-0.05436, -3.03238, -0.79902), [1, 29], [(0.0625, 0.105469), (0.265625, 0.539062)]), ((0.04564, -3.03238, -0.79902), [2, 34], [(0.0, 0.105469), (0.265625, 0.539062)]), ((-0.05436, -2.92002, -0.47392), [3, 28], [(0.0625, 0.144531), (0.171875, 0.5625)]), ((0.04564, -2.92002, -0.47392), [4, 32], [(0.0, 0.144531), (0.179688, 0.558594)]), ((-0.05436, -2.71444, -0.23365), [5, 17], [(0.0625, 0.207031), (0.085938, 0.59375)]), ((0.04564, -2.71444, -0.23365), [6, 31], [(0.0, 0.207031), (0.09375, 0.589844)]), ((-0.05436, -2.44599, -0.06391), [7, 16], [(0.03125, 0.625), (0.0625, 0.234375)])]",0,0.359375,[],0,0.30859375,[],0,[],0,[]
6324976,1824,plgdoorr        ,0,0,model   doors   ,32,36,42,83,0,0,128,128,1,"[(115, 115, 115, 128)]","(0.0078125, 0.078125, 0.3671875, 0.99609375)","(-0.0456399992108345, -3.0606400966644287, -0.0, 0.05435999855399132, -0.0, 1.164929986000061)","(0.0456399992108345, 1.1661976169264334)","(0.0, 88.80469971912446)",32,32,2.4782617055516503,18,"[((0.05436, -3.06064, 1.16493), [0, 21, 30], [(0.0625, 0.078125), (0.0625, 0.09375), (0.367188, 0.535156)]), ((0.05436, -3.03238, 0.79902), [1, 29], [(0.0625, 0.117188), (0.25, 0.535156)]), ((-0.04564, -3.03238, 0.79902), [2, 34], [(0.015625, 0.117188), (0.257812, 0.539062)]), ((0.05436, -2.92002, 0.4576), [3, 28], [(0.0625, 0.175781), (0.164062, 0.558594)]), ((-0.04564, -2.92002, 0.4576), [4, 32], [(0.015625, 0.175781), (0.164062, 0.5625)]), ((0.05436, -2.71444, 0.21734), [5, 17], [(0.0625, 0.234375), (0.085938, 0.589844)]), ((-0.04564, -2.71444, 0.21734), [6, 31], [(0.015625, 0.234375), (0.09375, 0.589844)]), ((0.05436, -2.44599, 0.04759), [7, 16], [(0.03125, 0.628906), (0.0625, 0.292969)])]",0,0.359375,[],0,0.30859375,[],0,[],0,[]
6616144,928,ryoujikandoorl  ,0,0,model   doors   ,12,36,20,30,0,0,128,128,1,"[(115, 115, 115, 128)]","(0.4453125, 0.06640625, 0.9921875, 0.49609375)","(0.0, -2.2570700645446777, -0.03500000014901161, 1.9283699989318848, 0.5722370147705078, 0.03500000014901161)","(0.03500000014901161, 1.928687598547517)","(-86.4999516220353, 89.11159533355311)",12,12,3.4239727513290146,7,"[((1.92837, 0.57224, 0.035), [0, 18], [(0.445312, 0.496094), (0.992188, 0.496094)]), ((1.92837, -2.25707, 0.035), [1, 13, 19], [(0.445312, 0.097656), (0.507812, 0.089844), (0.992188, 0.097656)]), ((0.0, -2.25707, 0.035), [3, 11], [(0.445312, 0.097656), (0.992188, 0.089844)]), ((0.0, 0.57224, -0.035), [4, 6, 14], [(0.445312, 0.472656), (0.445312, 0.496094), (0.492188, 0.496094)]), ((0.0, -2.25707, -0.035), [5, 7, 10], [(0.445312, 0.097656), (0.492188, 0.097656), (0.992188, 0.066406)]), ((1.92837, 0.57224, -0.035), [8, 15, 16], [(0.492188, 0.496094), (0.992188, 0.472656), (0.992188, 0.496094)]), ((1.92837, -2.25707, -0.035), [9, 12, 17], [(0.492188, 0.097656), (0.507812, 0.066406), (0.992188, 0.097656)])]",6,0.546875,"[(0, [0, 1, 2], [0.9921875, 0.9921875, 0.4453125]), (1, [1, 2, 3], [0.9921875, 0.4453125, 0.4453125]), (8, [6, 7, 8], [0.4453125, 0.4453125, 0.9921875]), (9, [7, 8, 9], [0.4453125, 0.9921875, 0.9921875]), (20, [2, 14, 0], [0.4453125, 0.4453125, 0.9921875]), (21, [14, 0, 15], [0.4453125, 0.9921875, 0.9921875])]",0,0.3984375,[],0,[],0,[]
6617072,960,ryoujikandoorr  ,0,0,model   doors   ,12,36,21,30,0,0,128,128,1,"[(115, 115, 115, 128)]","(0.4453125, 0.06640625, 0.9921875, 0.49609375)","(-1.9283699989318848, -2.2570700645446777, -0.03500000014901161, 0.0, 0.5722370147705078, 0.03500000014901161)","(0.03500000014901161, 1.928687598547517)","(-86.4999516220353, 89.11159533355311)",12,12,3.4239727513290146,8,"[((-1.92837, 0.57224, -0.035), [0, 16, 19], [(0.445312, 0.472656), (0.492188, 0.496094), (0.992188, 0.496094)]), ((-1.92837, -2.25707, -0.035), [1, 13, 20], [(0.445312, 0.089844), (0.492188, 0.097656), (0.992188, 0.097656)]), ((0.0, 0.57224, -0.035), [2, 14], [(0.445312, 0.496094), (0.992188, 0.472656)]), ((0.0, -2.25707, -0.035), [3, 11], [(0.445312, 0.097656), (0.992188, 0.089844)]), ((0.0, 0.57224, 0.035), [4, 6, 15], [(0.445312, 0.496094), (0.492188, 0.496094), (0.992188, 0.496094)]), ((0.0, -2.25707, 0.035), [5, 7, 10], [(0.445312, 0.097656), (0.492188, 0.097656), (0.992188, 0.066406)]), ((-1.92837, 0.57224, 0.035), [8, 17], [(0.445312, 0.496094), (0.992188, 0.496094)]), ((-1.92837, -2.25707, 0.035), [9, 12, 18], [(0.445312, 0.066406), (0.445312, 0.097656), (0.992188, 0.097656)])]",8,0.546875,"[(0, [0, 1, 2], [0.9921875, 0.9921875, 0.4453125]), (1, [1, 2, 3], [0.9921875, 0.4453125, 0.4453125]), (8, [6, 7, 8], [0.4453125, 0.4453125, 0.9921875]), (9, [7, 8, 9], [0.4453125, 0.9921875, 0.9921875]), (14, [10, 11, 12], [0.9921875, 0.9921875, 0.4453125]), (15, [11, 12, 13], [0.9921875, 0.4453125, 0.4453125]), (20, [14, 15, 16], [0.9921875, 0.9921875, 0.4453125]), (21, [15, 16, 17], [0.9921875, 0.4453125, 0.4453125])]",0,0.3984375,[],0,[],0,[]
