offset,token
6221,main
6270,fdo0
6321,s058
6338,fdi0
6355,s058E
6370,s067
6390,ovl1
6407,s067E
6422,s059
6439,s059E
6454,fdo2
6492,fdo0
6543,s060
6560,fdi0
6577,s060E
6592,s068
6612,ovl1
6629,s068E
6644,s061
6661,s061E
6676,fdo2
6714,fdi2
6733,s065
6750,s065F
6772,fdi2
6791,s066
6808,s066F
6830,fdo0
6883,fdi0
6920,fdo0
6973,fdi0
7298,s059
7370,s059
7748,sha0S
7761,sha0
7785,sha1S
7798,sha1
7822,sit0S
7835,sha0
7859,sit1S
7872,sha0
8913,caso
8929,shso
9587,fdo1
9604,fdo1F
9660,s072
9680,fdi1
9771,s072E
9786,s074
9811,s074E
9826,s073
9860,s073E
9875,s075
9936,s075E
9951,s076
10024,tlk1R
10039,s076E
10054,s077
10103,s072E
10118,s074
10146,fdo1
10163,fdo1R
10178,s074R
10193,s077F
10213,fdi1
10233,fdo1
10250,fdo1F
10306,s078
10326,fdi1
10414,s086
10446,s086E
10461,s080
10488,s080E
10503,s079
10571,fdo1
10588,fdo1R
10603,s079
10632,s000
10652,fdi1
10680,s000Ea
10695,s001
10750,s001Ea
10765,s002
10831,s002Ea
10846,s003
10909,s003Ea
10924,s004
10966,s004Ea
10981,s005
11023,s005Ep
11038,s022
11063,s022Ea
11078,s009
11118,s009Ea
11133,s006
11192,s006Ea
11207,s007
11231,tlk1J
11330,std0'
11355,s007Ea
11370,s008
11424,s008
11447,s018
11475,s018
11495,s017
11512,pas0
11568,fdo1
11585,fdo1Ry
11600,s017Ry
11615,s018E
11630,qstc
11660,fdi1
11680,fdo1
11697,fdo1F
11905,s010
11925,fdi1
11991,ten0f-
12052,ten1
12100,s010Ea
12115,s012
12173,thk2
12201,s012Ea
12216,s011
12267,tlk0
12295,s011Ea
12310,s013
12358,ovl1
12375,s013Ea
12390,s014
12415,s014E
12430,ovl1
12447,s081
12487,tlb0
12505,s081Ey
12520,s000
12545,tlb1Ry
12560,s000Ea
12575,s015
12618,s015Ea
12633,s016
12720,s016Ea
12735,s017
12842,fdo1
12859,fdo1Ra
12912,fdi1
12932,fdo1
12949,fdo1F
13008,s018
13028,fdi1
13061,s018Ea
13076,s019
13131,s019Ey
13146,s019
13224,tlk2
13242,s019Ea
13257,s020
13289,fdo1
13306,fdo1Ra
13321,s020F
13341,fdi1
13361,fdo1
13378,fdo1F
13441,s021
13468,fdi1
13535,pas0
13563,s021Ea
13578,s022
13631,fdo1
13648,fdo1Ra
13663,s022F
13683,fdi1
13703,fdo1
13720,fdo1F
13851,s023
13871,fdi1
13891,ure0
13941,s023Ea
13956,s024
14026,s024E
14041,s082
14081,tlk1f
14119,tlk1R
14134,s082Ea
14149,s089
14209,s089Ea
14224,s025
14264,s025Ea
14279,s026
14319,tlk2
14376,s026Ea
14391,s027
14431,s027Ey
14446,s001
14489,s001Ea
14504,s028
14544,tlk1
14587,s028Ea
14602,s029
14642,s029Ea
14657,s030
14718,tlk2
14759,s030Ea
14774,s031
14835,fdo1
14852,fdo1Ra
14867,s031f
15028,s032
15048,tlk0E
15063,fdi1
15080,rgb0
15108,tlk1f
15146,fdo1
15163,fdo1Ra
15209,s083
15236,fdi1
15253,rgb0
15307,dis0
15335,fdo1
15352,fdo1R
15367,s083N
15461,s033
15481,fdi1
15579,s033Ea
15594,s034
15667,s034Ey
15682,s002
15722,tlk1Ry
15737,s002Ea
15752,s035
15792,dis0
15820,s035Ea
15835,s036
15869,s036E
15884,s084
15919,fdo1
15936,fdo1R
15951,s084F
15971,fdi1
15996,fdo1
16013,fdo1F
16122,s037
16142,fdi1
16226,s037Ea
16241,s038
16294,s038Ea
16309,s039
16381,s039Ea
16396,s040
16436,tlk1f
16474,s040Ea
16489,s087
16514,tlb0Ra
16529,s087Ea
16544,s088
16569,tlb1Ra
16584,s088Ea
16599,s042
16619,s042Ea
16634,s041
16674,s041Ea
16689,s043
16760,tlk0
16778,s043E
16793,s087
16825,s087Ea
16840,s044
16953,s044Ea
16968,s045
16991,s045E
17006,s085
17043,s085E
17058,s086
17081,tlk0
17099,ang0
17124,tlk1
17158,s086Ey
17173,s020
17218,fdo1
17235,fdo1Ry
17290,fdi1
17315,fdo1
17332,fdo1F
17561,s046
17581,fdi1
17700,s046Ea
17715,s047
17758,s047Ey
17773,s003
17798,s003Ey
17813,s004
17847,s004Ey
17862,s005
17912,s005Ea
17927,s048
18053,s048Ea
18068,s049
18141,s049Ey
18156,s006
18227,s006Ea
18242,s050
18325,s050Ea
18340,s051
18395,tlb1Ra
18410,s051Ey
18425,s012
18450,s012Ea
18465,s052
18567,s052
18585,s007
18610,s007Ea
18625,s053
18680,fdo1
18697,fdo1Ra
18758,fdi1
18778,fdo1
18795,fdo1F
18872,s054
18892,fdi1
18935,fdo1
18952,fdo1Ra
18967,s054f9
18982,tlk2N
19038,s055
19058,fdi1
19075,rgb0
19116,s055Ea
19131,s056
19177,fdo1
19194,fdo1Ra
19209,s056N
19269,s057
19289,fdi1
19317,s057Ep
19332,s023
19372,fdo1
19389,fdo1Rp
19404,s023E
19419,qstc
19441,fdi1
19461,fdo1
19478,fdo1F
19574,s039
19591,fdi1
19619,s039E
19634,s040
19696,s040E
19711,s041
19738,thk1S
19751,thk1+
19777,thk2S
19790,thk2J
19822,s041E
19837,s042
19854,tlk0+
19888,s042E
19903,s057
19931,tlk1R
19946,s057E
19961,s044
20010,s044E
20025,s043
20042,tlk0+
20065,tlk1S
20078,tlk1R
20093,s043E
20108,s045
20155,s045E
20170,s046
20211,tlk0+
20242,tlk1
20266,s081
20283,tlk0+
20322,tlk1E
20337,ovl2
20354,s081E
20369,s082
20468,s082E
20483,s047
20510,dai0
20525,main
20558,dai1R
20573,s047E
20588,s048
20652,ovl2
20669,s048E
20684,s083
20743,tlk2R
20758,s083E
20773,s049
20821,tlc1
20839,fdo1
20856,fdo1
20874,s049F
20891,fdi1
21697,str0
21717,kill
21773,sha0S
21786,sha0
21810,sha1S
21823,sha1
22030,str0
22050,kill
22140,str0
22160,kill
22200,str0
22218,kill
22239,str0
22259,kill
22280,str0
22300,kill
22321,brbrE
22336,arar
22357,str0
22377,kill
22483,who0
22500,who0
22516,who1
22533,who1
22549,whi0
22567,whi1
22585,fdo0
22602,fdo0
22618,fdo1
22635,fdo1
22651,fdo2
22668,fdo2
22684,fdi0
22702,fdi1
22720,fdi2
22823,fdo1
22909,back
22933,fdi1
22950,fdi12
22994,fdo2
23011,fdo2G
23040,fdi2
23680,AuBuCuDuEuFu
24416,s006
24431,tlk0
24445,tlk0
24459,tlk1
24473,tlk1
24489,s008
24504,gak0
24518,gak0
24532,gak1
24546,gak1
24562,s009
24577,job0
24591,job0
24605,job1
24619,job1
24635,s005
24650,hap0
24664,hap0
24678,hap1
24692,hap1
24706,new0
24720,new0
24734,new1
24748,new1
24764,s007
24779,exp0
24793,exp0
24807,exp1
24821,exp1
24835,dan0S
24861,dan0S
24887,dan1S
24913,dan0S
24939,dan0S
24965,dan2S
24991,dan3S
25004,dan3
25018,dan3S
25044,dae3
25058,dae3
25134,fdo0
25175,s000
25192,fdi0
25216,fdo0
25244,fdi0
25287,fdo0
25349,s000
25366,fdi0
25404,s002
25428,s002E
25443,s001
25474,fdo0
25502,fdi0
25531,s001
25733,s000
25787,s000
25841,s000
25907,s000
25961,s000
26015,s000
26137,s000
26193,s000
26267,s001
26359,s000
27667,fdi1
27698,fdo0
27739,s000
27756,fdi0
27801,s001
27825,s000
27865,s001
27896,fdo0
27945,fdi0
27977,s002
28019,s002
28220,fdo0
28261,s000
28278,fdi0
28345,fdo0
28380,fdi0
28397,qstc
28430,fdo0
28471,s000
28488,fdi0
28533,s001
28557,s000
28597,s001
28628,fdo0
28677,fdi0
28709,s002
28751,s002
28952,fdo0
28993,s000
29010,fdi0
29077,fdo0
29112,fdi0
29129,qstc
29162,fdo0
29203,s000
29220,fdi0
29248,s002
29326,s001
29375,s000
29455,s001
29486,fdo0
29535,fdi0
29660,fdo0
29701,s000
29718,fdi0
29785,fdo0
29820,fdi0
29837,qstc
29859,fdo1
29876,fdo1F
29964,s000
29984,fdi1
30001,s005
30016,hap0
30037,hap1R
30052,s000E
30067,s001
30088,s006
30103,tlk0
30124,tlk1E
30139,fdo1
30156,fdo1R
30171,s001F
30188,fdi2
30215,s006
30230,tlk0
30269,fdo1
30286,fdo1F
30374,s000
30394,fdi1
30411,s005
30426,hap0
30447,hap1R
30462,s000E
30477,s001
30498,s006
30513,tlk0
30534,tlk1R
30549,s001E
30564,s002
30583,hap0
30602,s002E
30617,s003
30632,hap1
30651,s007
30666,exp0
30693,s003E
30708,s004
30727,exp1R
30742,s004E
30757,s005
30778,s008
30793,gak0
30812,gak1R
30827,s005E
30842,s000
30863,s000E
30878,s006
30895,s006
30914,tlk1E
30929,fdo1
30946,fdo1R
30961,s006F
30978,fdi2
30998,fdo1
31015,fdo1F
31103,s000
31123,fdi1
31140,s005
31155,hap0
31174,s000E
31189,s002
31208,hap1R
31223,s002E
31238,s003
31255,s007
31270,exp0
31297,s003E
31312,s004
31331,exp1R
31346,s004E
31361,s005
31382,s008
31397,gak0
31414,gak1R
31429,s005E
31444,s000
31465,s000E
31480,s006
31497,s006
31516,tlk1E
31531,fdo1
31548,fdo1R
31563,s006F
31580,fdi2
36832,bind
40809,main
40829,fdo1
40850,fdi1
40867,main
40887,fdi1
47396,bind
51373,main
51393,fdo1
51414,fdi1
51431,main
51451,fdi1
57960,bind
61937,main
61957,fdo1
61978,fdi1
61995,main
62015,fdi1
68524,bind
72501,main
72521,fdo1
72542,fdi1
72559,main
72579,fdi1
79088,bind
83065,main
83085,fdo1
83106,fdi1
83123,main
83143,fdi1
87954,fdo1
87984,z50a
88014,fdi1
88048,blon
88065,blon
88082,ovl1
88099,z50b
88126,who1
88143,who1E
88158,fdo0
88179,whi1
88196,blof
88252,fdo1
88282,z50a
88312,fdi1
88346,blon
88363,blon
88380,ovl1
88397,z50b
88424,who1
88441,who1E
88456,fdo0
88477,whi1
88494,blof
88550,fdo1
88580,z50a
88610,fdi1
88644,blon
88661,blon
88678,ovl1
88695,z50b
88722,who1
88739,who1E
88754,fdo0
88775,whi1
88792,blof
88848,fdo1
88878,z50a
88908,fdi1
88942,blon
88959,blon
88976,ovl1
88993,z50b
89020,who1
89037,who1E
89052,fdo0
89073,whi1
89090,blof
89146,fdo1
89176,z50a
89206,fdi1
89240,blon
89257,blon
89274,ovl1
89291,z50b
89318,who1
89335,who1E
89350,fdo0
89371,whi1
89388,blof
89444,fdo1
89474,z50a
89504,fdi1
89538,blon
89555,blon
89572,ovl1
89589,z50b
89616,who1
89633,who1E
89648,fdo0
89669,whi1
89686,blof
89742,fdo1
89772,z50a
89802,fdi1
89836,blon
89853,blon
89870,ovl1
89887,z50b
89914,who1
89931,who1E
89946,fdo0
89967,whi1
89984,blof
90051,fdo1
90081,z50a
90111,fdi1
90145,blon
90162,blon
90179,ovl1
90196,z50b
90223,who1
90240,who1E
90255,fdo0
90276,whi1
90293,blof
90360,fdo1
90390,z50a
90420,fdi1
90454,blon
90471,blon
90488,ovl1
90505,z50b
90532,who1
90549,who1E
90564,fdo0
90585,whi1
90602,blof
90669,fdo1
90699,z50a
90729,fdi1
90763,blon
90780,blon
90797,ovl1
90814,z50b
90841,who1
90858,who1E
90873,fdo0
90894,whi1
90911,blof
90978,fdo1
91008,z50a
91038,fdi1
91072,blon
91089,blon
91106,ovl1
91123,z50b
91150,who1
91167,who1E
91182,fdo0
91203,whi1
91220,blof
91287,fdo1
91317,z50a
91347,fdi1
91381,blon
91398,blon
91415,ovl1
91432,z50b
91459,who1
91476,who1E
91491,fdo0
91512,whi1
91529,blof
91896,tlb0
91915,tlb1'
91950,tlb0
91969,tlb1'
92031,tlb0
92107,thk1
92130,thk2'
92164,thk1
92183,thk2'
92234,pas0
92268,dis0
92310,pas0
92336,shk0
92382,thk1
92401,thk2'
92449,tlb0
92506,tlb0
92556,thk1
92575,thk2'
92619,tlb0
92667,tlb0
92715,tlb0
92763,tlb0
92811,tlb0
92863,tlb0
92921,tlk0
92969,bik0
93068,fdo1
93088,door
93208,fdo1
93228,door
93596,tlk0
93644,kas0
93748,tlk2
93904,tlk0
93952,kas0
94052,tlk2
94231,tlk0
94260,tlk0
94427,tlk0
94456,tlk0
94619,tlk0
94648,tlk0
94815,tlk0
94844,tlk0
96380,tlk1
96399,ten1
96505,akb0S
96518,akb0
96537,dis0
96559,thk1
96577,thk2
96603,thk1
96621,thk2
96666,dis0
96693,akb0S
96706,akb0
96810,akb0S
96823,akb0
96839,akb0S
96852,akb0
97158,fdo1
97175,fdo1F
97281,y000
97298,fdi1
97334,y000E
97349,y001
97431,ovl2
97448,y001E
97463,y002
97507,y002E
97522,y004
97578,ten0R
97593,y004N
97620,y003
97676,thk2f
97691,sgm0
97709,dosa
97738,y003E
97753,y005
97836,y005E
97851,y006
97892,y006E
97907,y007
97935,y007E
97950,y008
97989,y008E
98004,y009
98080,tlb1R
98095,y009E
98110,y010
98197,fdo1
98214,fdo1
98232,y010F
98249,fdi1
98268,fdo1
98285,fdo1
98305,fdi2
98325,fdo1
98342,fdo1F
98397,y011
98414,fdi1
98465,ten0E
98480,ovl2
98497,y011E
98512,y012
98563,y012E
98578,y013
98626,y013E
98641,y014
98687,fdo1
98704,fdo1E2
98719,qstc
98739,y014F
98756,fdi1
98783,tlk1
98812,tlk1
98831,ten1
98992,tlk1
99011,ten1
99289,tlk0
99512,tlk0
99756,tlk1
99775,ten1
100126,tlk1
100145,ten1
100517,tlk1
100536,ten1
100708,tlb0
100727,tlb1
100812,tlk1
100831,tlk2
100860,tlk1
100883,tlk2
100972,tlb0
101022,tlb1
101088,tlb0
101107,tlb1
109396,tlk0
109450,tlk0
109469,ten0
109518,tlk0
109541,ten0
109571,tlk0
109768,tlc0
109787,tlc1
109888,sdo0
109907,sdo1
110016,tlk0
110035,tlk1
110160,tlk0
110229,tlk1
110270,thk2
110388,tlk0
110454,ten0
110569,tlk0
110608,tlk1
110626,tlk0
110649,tlk1
110728,tlb0
110755,tlb1
110956,utl0
110983,utl1
111001,ngt0
111020,ngt1f
111035,tlk0
111054,tlk1
111436,tlk0
111455,tlk1
111473,ang0
111554,sha0
111636,tlk0
111666,tlk0
111695,dis0
111712,dis0
112020,tlb1
112070,tlc0
112097,tlc1
112123,tlb0
112142,tlb1
112376,kid0
112394,nay0
112421,nay1
112812,thk1
112839,thk2
112885,shk0
112918,shk0
112955,iro0
112991,thk1
113014,thk2
113047,syu0
113087,gkr0
113206,ehn1
113374,ehn0
113397,ehn1
113581,tlk0
113604,tlk1
113627,dis0
113657,tlk0
113680,tlk1
113703,dis0
113904,thk1
113954,syu0
113973,syu1
113999,tlb0
114049,thk1
114068,thk2
114094,thk1
114113,thk2
114139,thk1
114158,thk2
114274,zit0
114348,tlk0
114375,tlk1
114501,wai0
114524,tlb0
114551,tlb1
114577,wai0
114600,tlb0
114627,tlb1
114846,ntl0
114865,ntl1
114883,dk00
114902,dk01
114920,ntl0
114939,ntl1
115656,tlb0
115679,tlb1
115843,hap0S
115856,hap0
116000,hap0S
116013,hap0
116088,tlk1
116114,dis0
116196,tlk0
116219,thk1
116409,tlk0
116432,war0
116576,tlk0
116599,tlk1
116756,tlk0
116783,tlk1
117084,tlk0
117111,ten0
117134,tlk1
117153,ten1
117179,tlk1
117198,ten1
117216,tlk0
117239,ten0
117737,tlk0
117802,thk1
117821,thk2
117868,tlk0
117983,pas0
118005,pas0f
118020,tlk0
118043,ten0n
118132,pas0
118154,pas0f
118169,tlk0
118192,ten0n
118447,aww0
118474,aww0
119891,wof2
119913,won2
119935,tlk0
119949,tlk0
119965,tlk1
119979,tlk1
120001,thk0
120015,thk0
120031,thk1
120045,thk1
120073,pnt0
120087,pnt0
120103,pnt1
120117,pnt1
120139,agr0
120153,agr0
120169,agr1
120183,agr1
120205,agb0
120219,agb0
120241,pas0
120255,pas0
120277,hap0
120291,hap0
120307,hap1
120321,hap1
120337,hapr
120351,hapr
120373,pnb0
120387,pnb0
120403,pnb1
120417,pnb1
120439,tlc0
120453,tlc0
120469,tlc1
120483,tlc1
120511,tld0
120525,tld0
120541,tld1
120555,tld1
120583,ags0
120597,ags0
120613,ags1
120627,ags1
120649,dsk0
120663,dsk0
120679,dsk1
120693,dsk1
120709,dskl
120723,dskl
120739,dst0
120753,dst0
120769,dst1
120783,dst1
120805,dsc0
120819,dsc0
120835,dsc1
120849,dsc1
120877,dscl
120891,dscl
120907,dsk1S
120920,dsk12
121037,giz2S
121050,giz2
121095,hap0
121113,haprS
121126,hapr
121142,tlk0
121160,sute
121177,tlk1S
121190,tlk1
121241,hap1S
121269,hapr
121393,tlk0
121411,tlk1S
121424,tlk1
124543,tlk0
124571,tlk1
125769,fkc1
125798,fkcf
125827,fkcs
126388,rsl0
126404,rsl1
126420,rsl2
126436,rsl3
126855,pas0
126886,tlk0
126928,tlk0
126951,tlk1
128398,tlk0
129533,tlk0
129552,tlk1
129596,tlb0
129619,tlb1
129642,tlk0
129661,tlk1
129692,fdo1
129709,fdo1E
129724,fdi1
129744,tlk0
129763,tlk1
129981,pa01S
129994,pa01
130027,pa01S
130040,pa01
133654,kas0
133672,thk1
133690,thk2
133708,poi0
155674,tlk0
155688,tlk0
155704,tlk1
155718,tlk1
155734,thk0
155748,thk0
155764,thk1
155778,thk1
155794,pas0
155808,pas0
155824,tlb0
155838,tlb0
155854,tlb1
155868,tlb1
155884,tlc0
155898,tlc0
155914,tlc1
155928,tlc1
155944,yes0
155958,yes0
155974,no00
155988,no00
156004,iya0
156018,iya0
156034,tun0
156048,tun0
156064,tun1
156078,tun1
156094,fwa0
156108,fwa0
156124,nem0
156138,nem0
156154,nem1
156168,nem1
156184,tld0
156198,tld0
156214,tld1
156228,tld1
156250,utu0
156264,utu0
156280,utu1
156294,utu1
156322,kou0
156336,kou0
156352,kou1
156366,kou1
156388,tle0
156402,tle0
156418,tle1
156432,tle1
156513,Aphmau
156566,Nashmeira
157202,har0
157261,aka1
158939,sha0S
158952,sha0
158976,sha1S
158989,sha1
159181,ast0
161716,Dahaeel
162330,sha0S
162343,sha0
162367,sha1S
162380,sha1
163030,sha0S
163043,sha0
163067,sha1S
163080,sha1
163686,sha0S
163699,sha0
163723,sha1S
163736,sha1
164234,sha0S
164247,sha0
164271,sha1S
164284,sha1
166389,ude1S
166402,ude1
166539,usi0
166555,usi0
166569,usi0
166585,hik0
166599,hik0
166615,hik1
166629,hik1
166645,ude0
166659,ude0
166675,ude1
166689,ude1
166705,udbs
166719,udbs
166735,udb1
166749,udb1
166765,usi0
166779,usi0
166795,stp0
166809,stp0
166825,mn00
166839,mn00
166864,sil0
166878,sil0
166894,yah0
166908,yah0
166924,tlk0
166938,tlk0
166954,tlk1
166968,tlk1
166984,tlk0S
167012,tlk1
167026,tlk1
167042,thk0
167056,thk0
167072,thk1
167086,thk1
167102,tka0
167116,tka0
167132,tka1
167146,tka1
167162,tun0
167176,tun0
167192,tun1
167206,tun1
167222,yahc
167236,yahc
167252,kou0
167266,kou0
167282,kou1
167296,kou1
167312,iya0
167326,iya0
167342,yes0
167356,yes0
167372,no00
167386,no00
167402,sec0
167416,sec0
167432,sec1
167446,sec1
167462,itm0
167476,itm0
167492,kis0
167506,kis0
167522,kis1
167536,kis1
167552,kis0S
167580,kis1S
167593,kis1
168221,sha0S
168234,sha0
168258,sha1S
168271,sha1
169245,sha0S
169258,sha0
169282,sha1S
169295,sha1
169624,ao00
169761,ao00
171768,thk1S
171781,thk1
171827,yah0
172006,Ovjang
172038,usi0
172052,usi0
172068,hik0
172082,hik0
172098,hik1
172112,hik1
172128,ude0
172142,ude0
172158,ude1
172172,ude1
172188,udbs
172202,udbs
172218,udb1
172232,udb1
172248,usi0
172262,usi0
172278,stp0
172292,stp0
172308,mn00
172322,mn00
172347,sil0
172361,sil0
172377,yah0
172391,yah0
172407,tlk0
172421,tlk0
172437,tlk1
172451,tlk1
172467,tlk0S
172495,tlk1
172509,tlk1
172525,thk0
172539,thk0
172555,thk1
172569,thk1
172585,tka0
172599,tka0
172615,tka1
172629,tka1
172645,tun0
172659,tun0
172675,tun1
172689,tun1
172705,yahc
172719,yahc
172735,kou0
172749,kou0
172765,kou1
172779,kou1
172795,iya0
172809,iya0
172825,yes0
172839,yes0
172855,no00
172869,no00
172885,sec0
172899,sec0
172915,sec1
172929,sec1
172945,itm0
172959,itm0
172975,kis0
172989,kis0
173005,kis1
173019,kis1
173035,kis0S
173063,kis1S
173076,kis1
173862,tla0
173880,tla1S
173893,tla1
176356,tlk1S
176369,tlk1y
176421,s003
176439,tlk0
176453,tlk0
176469,tlk1
176483,tlk1
176499,thk0
176513,thk0
176529,thk1
176543,thk1
176559,pas0
176573,pas0
176589,tlb0
176603,tlb0
176619,tlb1
176633,tlb1
176649,tlc0
176663,tlc0
176679,tlc1
176693,tlc1
176709,yes0
176723,yes0
176739,no00
176753,no00
176769,iya0
176783,iya0
176799,tun0
176813,tun0
176829,tun1
176843,tun1
176859,fwa0
176873,fwa0
176889,nem0
176903,nem0
176919,nem1
176933,nem1
176949,tld0
176963,tld0
176979,tld1
176993,tld1
177015,utu0
177029,utu0
177045,utu1
177059,utu1
177087,kou0
177101,kou0
177117,kou1
177131,kou1
177153,tle0
177167,tle0
177183,tle1
177197,tle1
178446,ara0
178464,ara1
178864,tlk0
178883,tlk1S
178896,tlk1
178912,thk0
178931,thk1S
178944,thk1
178960,ara0
178979,ara1S
178992,ara1
179008,pas0S
179021,pas0
180195,atob
180726,szt0
180744,sze0
182343,sha0S
182356,sha0
182731,caso
182747,shso
183057,sha0S
183070,sha0
183094,sha1S
183107,sha1
183610,gst0
185166,ehn0
185225,ohh0
185243,ohh1
186413,ded0
186429,koki
186446,awk0S
186459,awk0
187093,wof2
187115,won2
187232,tlk0
187250,tlk1
189927,tlb0
189946,tlb1S
189984,tlk0
190003,tlk1
190035,tlb0
190054,tlb1S
190105,tlb0
190124,tlb1
190156,thb0
190179,thb1
190531,twb0
190550,twb1S
190587,twb0
190610,twb1S
190699,tlb0
190722,tlb1S
190759,tlb0
190782,tlb1S
191046,fdo1
191066,dor2
191808,tlk0
191827,ten0
191845,tlk0
191864,ten0
192004,tlk0
192023,ten0
192041,tlk0
192060,ten0
192258,eton
192787,fdo1
192966,eton
193495,fdo1
195971,s000
195991,tlk0+
196014,s000E
196029,s011
196103,tlk1
196146,s011E
196161,s001
196216,tlk0+
196239,tlk1
196263,tlb0+
196294,tlb1R
196309,s001E
196324,s002
196354,thk1+
196377,thk2
196423,s002E
196438,s012
196487,tlk0+
196510,tlk1
196540,s012E
196555,s014
196626,s014E
196641,s013
196669,s013E
196684,s010
196732,s010E
196747,s004
196800,s004E
196815,s019
196848,dis0J
196883,tld0+
196906,tld1
196924,s019E
196939,s020
196993,s020E
197008,s008
197060,s008E
197075,s003
197103,thb1+
197126,thb2+
197158,s003E
197173,s022
197201,s022E
197216,s015
197271,s015E
197286,s009
197331,s009E
197346,s016
197363,tlb0+
197394,tlb1
197412,thb1+
197443,thb2
197461,s016E
197476,s006
197502,tlk0+
197525,tlk1
197588,tlb0+
197611,tlb1
197629,s006E
197644,s021
197673,tlk0+
197696,tlk1
197714,thk1
197740,thk2R
197755,s021E
197770,s017
197827,tlk0+
197850,tlk1J
197877,s017E
197892,s018
197923,s018F
197940,fdi2
198032,s023
198065,s023E
198080,s024
198130,s024E
198145,s025
198192,s025E
198207,s026
198234,sha0+
198260,s029E
198275,s027
198330,s027E
198345,s028
198372,s028E
198387,s029
198404,s029bG
198419,main
198502,s029E
198517,s031
198560,s031E
198575,s030
198592,s030E
198607,s032
198624,s032+
198647,s033
198696,s033E
198711,s034
198798,fdi2
198907,s035
198947,sha0
198965,s035E
198980,s036
198995,sha0f
199010,sha1R
199025,s036E
199040,s037
199055,sha1J
199109,s037
199127,s037E
199142,s038
199176,s038E
199191,s039
199248,s039E
199263,s042
199299,s042E
199314,s043
199339,s043E
199354,s050
199391,s050E
199406,s044
199450,s044E
199465,s045
199594,s045E
199609,s046
199641,s046E
199656,s049
199693,s049E
199708,s047
199728,str0
199765,s047E
199780,s048
199857,s050E
199872,s056
199906,s056E
199921,s051
200058,s051E
200073,s052
200090,tlk0
200116,tlk1
200134,s052E
200149,s053
200184,s053E
200199,s054
200234,s054E
200249,s055
200330,s055E
200345,s057
200430,s057E
200445,s058
200462,tlk0+
200485,tlk1J
200564,s058E
200579,s059
200723,s059E
200738,s060
200866,s060E
200881,s061
200953,s061E
200968,s062
201011,s062E
201026,s063
201055,tlb0+
201081,tlb1
201099,s063E
201114,s064
201137,tlk1
201166,s064E
201181,s065
201218,ten1
201259,s065E
201274,s066
201307,s066E
201322,s067
201349,s067y
201382,s068
201455,s068E
201470,s069
201527,s069E
201542,s070
201575,s070E
201590,s071
201618,s071E
201633,s072
201670,s072E
201685,s073
201736,s073E
201751,s074
201787,s074E
201802,s075
201837,s075E
201852,s076
201883,s076E
201898,s077
201926,s077E
201941,s078
201985,s078E
202000,s079
202180,s079E
202195,s080
202233,s080E
202248,s081
202368,s081'
202434,s082
202502,fdi2
202557,s082E
202572,s084
202650,s084E
202665,s085
202705,s085E
202720,s086
202869,s086E
202884,s087
202918,s087E
202933,s088
202981,tlk0
203009,tlk1
203061,s088E
203076,s089
203103,sha0
203158,s089E
203173,s090
203208,s090E
203223,s091
203274,s091
203352,ka00
203375,tlk0+
203398,ka00E
203413,ka01
203430,tlk1f
203445,thk1+
203468,ka01E
203483,ka02
203508,thk2
203565,ka02N
203636,s092
203653,fdi2
203686,s092E
203701,s093
203726,s093E
203741,s094
203766,s094'
203788,s095
203840,s095
203911,ka05
203966,ka05E
203981,ka06
204030,ka06E
204045,ka07
204076,ka07kidl0
204144,s096
204161,fdi2
204195,s096E
204210,s097
204234,sha1J
204306,s097E
204321,s098
204389,s098E
204404,s099
204466,tlk0+
204489,tlk1
204528,s099E
204543,s100
204560,tlk0+
204583,tlk1
204630,fdi2
204665,s012
204728,s012E
204743,s001
204768,tlk0R
204783,s001E
204798,s002
204823,tlk1+
204846,s002E
204861,s009
204927,tlk0+
204959,s009E
204974,s004
204991,tlk1
205009,shk0+
205032,s004E
205047,s003
205130,s005
205181,s005E
205196,s006
205247,s006E
205262,s020
205302,s020E
205317,s007
205345,s007E
205360,s014
205417,s014E
205450,dead
205468,s008
205539,s015
205565,tlk0+
205617,s010
205634,tlk1N
205663,tlk0+
205686,tlk1
205704,dis0+
205727,s010E
205742,s016
205782,s016E
205797,s019
205814,iro0+
205837,s019E
205852,s017
205869,poi0+
205892,s017E
205907,s000
205969,s000E
205984,s021
206001,tlk0+
206038,s021f
206053,tlk1F
206070,fdi2
206111,s022
206197,s022E
206212,s023
206229,tlk0+
206252,s023E
206267,s024
206284,tlk1f
206299,twb0+
206366,s025
206383,twb1+
206442,s025E
206457,s026
206474,twb0y
206542,s027
206559,twb1'
206608,s027E
206623,s038
206697,s028
206791,s029
206846,s029J
206908,s032
206945,s032N
206966,s033
207003,s033E
207018,s034
207064,twb0+
207087,s034f
207102,twb1E
207117,s036
207142,s036E
207157,s035
207212,s035E
207227,s037
207334,s039
207380,ehn0
207398,s039f
207413,ehn1E
207428,s045
207494,s045E
207509,s040
207544,s040E
207559,s041
207602,s041J
207651,s031
207705,s031E
207720,s042
207770,s042E
207785,s044
207827,s044E
207842,s043
207872,s043
207901,fdi2
207953,s046
208039,s046E
208054,s047
208113,s047E
208128,s048
208165,s048E
208180,s049
208197,tlk0+
208252,s050
208269,tlk1'
208324,tlk0+
208375,s050f
208417,s054
208446,tlk0J
208481,s054f
208496,tlk1S
208509,tlk1
208527,s052
208544,frst
208564,ok00
208584,s052E
208599,s055
208649,s055J
208702,s056
208742,s056E
208757,s060
208774,shk0
208792,s060E
208807,s061
208839,s061E
208854,s057
208901,s057E
208916,s058
208949,s058E
208964,s051
209038,s051J
209062,s053
209099,s053E
209114,s062
209156,s062E
209171,s063
209203,s063'
209245,s065
209265,dis0+
209298,s065E
209313,s066
209353,pas0
209374,s066
209394,qstc
209411,fdi2
209452,s059
209513,s059E
209528,s064
209573,s064y
209598,s067
209653,s067J
209677,s069
209694,tlk0+
209728,s069f
209743,tlk1E
209758,s068
209786,s068E
209801,s070
209818,twb0
209864,s070f
209879,twb1E
209894,s071
209934,s071E
209949,s072
209989,s072E
210004,s073
210041,s073E
210056,s074
210082,twb0+
210105,twb1J
210129,tlk0+
210152,s074E
210167,s140
210214,s140f
210229,tlk1E
210244,s075
210296,s075
210316,fdi2
210368,s076
210438,s076E
210453,s077
210489,s077E
210504,s078
210548,dis0+
210591,s079
210666,s082
210683,tlk0J
210726,s082f
210741,tlk1E
210756,s080
210784,thk1+
210807,s080f
210853,s081
210881,s081E
210896,s083
210962,s084
210979,tlk0+
211002,s084f
211017,tlk1E
211032,s085
211057,s085E
211072,s086
211114,s086E
211129,s087
211162,s087E
211177,s088
211204,tlk0+
211227,s088f
211266,s089
211291,in00S
211304,in00
211340,deadR
211355,s089
211382,s090
211399,sha0S
211412,sha0
211444,sha1f
211459,poi0+
211482,s090E
211497,s091
211565,s099
211582,tlb0+
211605,s099fZ
211620,tlb1E
211635,s092
211652,tlk0+
211675,s092f
211690,tlk1E
211705,s093
211722,poi0+
211745,s093E
211760,s094
211797,s094E
211812,s095
211832,s095E
211847,s096
211867,s096E
211882,s097
211909,poi0R
211924,s097E
211939,s098
211956,nmo0+
211985,s098
212014,fdi2
212083,s100
212194,s101
212222,s101E
212237,s102
212276,s102E
212291,s104
212351,s104E
212366,s105
212425,s105E
212440,s106
212508,s107
212549,s107E
212564,s124
212581,tlk0
212620,s124f
212635,tlk1E
212650,s108
212701,s108E
212716,s109
212733,tlk0+
212772,s109f
212787,tlk1E
212802,s110
212850,s110N
212885,tlk0E
212900,s111
212935,tlk1+
213000,s111
213020,fdi2
213113,s112
213191,tlk0+
213256,s112f
213271,tlk1E
213286,s113
213323,s113J
213354,s114
213444,s114E
213459,s143
213485,tlk0
213513,s143f
213528,tlk1E
213543,s115
213616,s115E
213631,s116
213682,s116E
213697,s117
213749,s117E
213764,s118
213811,s118E
213826,s119
213891,s119E
213906,s120
213999,sha0+
214025,s120E
214040,s121
214092,sha1S
214105,sha1'
214127,s122
214144,tlk0+
214167,tlk1S
214180,tlk1n
214225,s122E
214240,s123
214340,s141
214383,s141E
214398,s125
214415,tlk0
214441,s125f
214456,tlk1E
214471,s126
214527,s126E
214542,s127
214633,bik0+
214680,deadR
214739,s128
214762,dis0+
214783,dis0
214806,tlk0J
214847,s128J
214897,s129
214934,s129J
214958,s130
214975,twb0+
215009,s130f
215024,twb1y
215049,s131
215162,s132
215179,tlk0+
215202,s132f
215217,tlk1J
215241,s133
215343,s134
215383,s134J
215407,s135
215444,s135E
215459,s136
215496,tlk0+
215519,s136J
215543,s137
215568,tlk1y
215631,s137J
215673,s139
215690,twb0+
215713,tlk0+
215736,s139f
215751,tlk1f
215766,twb1E
215781,s138
215854,s138
215881,qstc
215898,fdi2
216010,s000
216062,s000E
216077,s0b0
216094,tlk0+
216125,ten0R
216155,s0a0
216180,tlk1+
216203,s0a0E
216218,s001
216235,thk1+
216266,s001E
216281,s002
216306,s002E
216321,s0a2
216346,s0a2E
216361,s003
216378,thk2n
216418,s003E
216433,s004
216483,s004E
216498,s005
216523,s005E
216538,s006
216583,tlk1+
216606,s006E
216621,s0a6
216638,thk1+
216669,s0a6E
216684,s005
216701,thk2+
216724,s005E
216739,s0a3
216764,s0a3E
216779,s007
216796,tlk0+
216819,tlk1f
216834,ten1+
216857,tlk0R
216872,s007E
216887,s008
216912,tlk1R
216927,s008E
216942,s0a5
216959,tlb0+
216997,dis0+
217020,s0a5E
217035,s009
217087,sdo1R
217102,s009E
217117,s0a9
217151,s0a9E
217166,s006
217183,tlk0+
217206,s006E
217221,s0b6
217246,s0b6E
217261,s0c6
217286,s0c6E
217301,s0d6
217318,ten0+
217361,s0d6E
217376,s0c5
217401,s0c5E
217416,s010
217433,tlk0+
217456,ten0+
217479,s010E
217494,s011
217519,s011E
217534,sa11
217559,sa11E
217574,sb11
217599,sb11E
217614,s012
217642,col0
217664,s012E
217679,sk01
217797,sk01E
217812,sk02
217884,sk02E
217899,sk03
218009,sk03E
218024,sk04
218030,kidl0
218118,tld0
218167,sk04E
218182,ska4
218224,str0
218283,ska4E
218298,s013
218329,col0E
218344,col1
218372,s013E
218387,s014
218412,s014E
218427,s015
218469,s015E
218484,s0b5
218501,tlk0+
218524,s0b5E
218539,s0c6
218564,s0c6E
218579,s016
218635,oro0+
218658,s016E
218673,s017
218715,oro1f
218730,thk1+
218753,thk2R
218768,s017E
218783,s018
218800,tlk1+
218823,s018E
218838,s019
218894,s019E
218909,s020
218970,thk1+
218993,s020E
219008,sa20
219047,wav0f
219062,thk2S
219075,thk2J
219111,sa20E
219126,s021
219159,tlk1+
219182,s021E
219197,s023
219214,zit0+
219237,s023E
219252,s022
219277,s022E
219292,s023
219309,gkr0+
219332,s023E
219347,s022
219413,thk1+
219436,s022E
219451,s021
219468,zit0+
219491,thk2
219537,s021E
219552,s024
219591,s024E
219606,s025
219623,thk1+
219646,thk2J
219679,tlk0+
219702,s025E
219717,s026
219742,ten0n
219785,s026
219842,n000
219894,n000E
219909,n001
219926,tlk0+
219949,tlk1+
219972,n001E
219987,n002
220004,thk1+
220027,n002E
220042,n003
220059,thk2+
220082,tlk0+
220105,tlk1
220123,n003
220271,t000
220351,ntl0+
220374,ntl1R
220389,t000E
220404,t001
220421,thk1f
220436,tlk0+
220459,tlk1R
220474,t001E
220489,t002
220506,twb0+
220529,twb1R
220544,t002E
220559,t003
220576,ntl0+
220599,ntl1R
220614,t003E
220629,t0a3
220701,t0a3E
220716,t006
220736,t006E
220751,t004
220780,tlk0+
220803,tlk1R
220818,t004E
220833,t005
220860,tlk0+
220883,tlk1fK
220898,twa0+
220921,twa1R
220936,t005E
220951,t007
220968,poi0S
220981,poi0+
221004,poi1S
221017,poi1R
221032,t007E
221047,t008
221112,dis0+
221148,t008E
221163,t009
221201,deadR
221216,t009E
221231,t010
221254,ngt0
221272,t010E
221287,t006
221329,t006E
221344,t011
221370,gom0+
221410,t011E
221425,ta11
221445,gom1J
221481,ta11E
221496,t012
221513,dis0+
221536,t012E
221551,t013
221577,t013E
221592,t014
221620,dead+
221643,t014E
221658,t015
221714,ngt1
221732,t015E
221747,t016
221804,kidl0
221824,sha0R
221839,t016E
221854,t017
221908,t017E
221923,t018
221958,t018E
221973,t019
221990,sha1S
222003,sha1f
222018,tlk0+
222073,t019E
222088,t020
222159,t020
222245,r000
222294,tlk0+
222317,tlk1R
222332,r000E
222347,r0a1
222382,r0a1E
222397,r001
222420,col0
222499,r001E
222514,r002
222545,r002E
222560,r003
222620,r003E
222635,r004
222652,tlk1+
222675,ten1f
222690,tlk0+
222713,ten0R
222728,r004E
222743,r005
222760,thk2+
222783,r005E
222798,r006
222827,tlk0+
222850,tlk1f
222865,tlk0+
222888,ten0R
222903,r006E
222918,r007
222935,tlk0+
222958,tlk1R
222973,r007E
222988,r0a4
223013,r0a4E
223028,r008
223045,tlk0+
223068,tlk1R
223083,r008E
223098,r009
223115,tlb0+
223138,tlb1R
223153,r009E
223168,r010
223193,r010E
223208,r011
223233,r011E
223248,r012
223283,r012E
223298,r013
223323,tlb0+
223346,tlb1R
223361,r013E
223376,r014
223393,thk1+
223416,thk2S
223429,thk2y
223482,r014E
223497,r015
223514,tlb0f
223529,tlk1
223566,tlb1f
223581,ten1R
223596,r015E
223611,r016
223681,tlk0
223710,tlk1S
223738,aig0+
223761,aig1R
223776,r016E
223791,r017
223808,thk1+
223831,thk2S
223844,thk2f
223859,tlk0+
223882,r017E
223897,r018
223922,ten0J
223954,r018E
223969,r019
223986,tlk1+
224009,tlk0+
224032,tlk1R
224047,r019E
224062,r020
224087,ten1S
224129,r020E
224144,r021
224161,thk1+
224193,tlk0+
224231,thk2J
224262,r021E
224277,r022
224329,col0E
224344,col1
224380,r022E
224395,r023
224427,r023E
224442,r024
224476,tlk0+
224499,tlk1
224517,r024
224581,o000
224633,o000E
224648,o001
224665,tlk0+
224688,ten0R
224703,o001E
224718,o002
224760,dis0+
224783,o002E
224798,o003
224833,o003E
224848,o004
224870,tlk1+
224893,ten1+
224919,o004
225022,q000
225060,q000E
225075,q001
225104,q001E
225119,q002
225149,q002E
225164,q003
225201,q003E
225216,q004
225241,q004E
225256,q005
225291,q005E
225306,q006
225378,q006E
225393,q007
225445,q007E
225460,q008
225485,q008E
225500,q009
225525,q009E
225540,q010
225584,q010E
225599,q011
225641,q011E
225656,q012
225703,q012E
225718,q013
225760,q013E
225775,q014
225800,q014E
225815,q015
225840,q015E
225855,q016
225887,q016E
225902,q017
225928,sha1S
225941,sha1J
225973,q017E
225988,q018
226025,q018E
226040,q019
226057,tlb0+
226080,q019E
226095,q020
226112,tlb1+
226135,q020E
226150,qa18
226192,qa18E
226207,q021
226231,tlb0+
226254,q021E
226269,qa21
226294,tlb1R
226309,qa21E
226324,q022
226364,q022E
226379,q023
226407,q023E
226422,q024
226485,q024E
226500,q025
226525,pas0S
226538,pas0'
226560,q025E
226575,q026
226621,q026E
226636,q027
226689,q027E
226704,q028
226763,q028E
226778,q029
226795,tlk1+
226818,q029E
226833,q030
226858,q030E
226873,q031
226890,ten1S
226903,ten1J
226935,q031E
226950,q030
226982,q030E
226997,q032
227037,q032E
227052,q033
227069,tlk0+
227092,tlk1S
227105,tlk1n
227169,q033E
227184,q034
227230,q034E
227245,q035
227277,q035
227341,p000
227393,p000E
227408,p001
227425,tlk0+
227448,ten0S
227461,ten0f
227476,pas0S
227489,pas0
227507,p001E
227522,p002
227539,thb1
227565,thb2f
227580,tlk1+
227603,p002E
227618,p003
227653,p003E
227668,p004
227690,ten1f
227705,tlk0+
227728,ten0
227749,p004
227767,qstc
227791,fdo0
227812,fdo1
227829,fdo1
227845,fdo2
227862,fdo1
227878,fdi0
227896,fdi1
227914,fdi2
227932,who1
227949,who1
227965,whi1
227982,whi1
227998,efon
228015,efon
228688,opf-
228701,tlc0
228720,tlc1
228734,opf0
228747,tlk0
228766,tlk1
228780,opf0
228793,thk1
228812,thk2S
228825,thk2f0
228840,tlk0
228859,tlk1
228873,opf-
228886,std0
228905,std1
228936,tlk0
228974,tlk0
229001,tlk1
230285,sha0S
230298,sha0
230986,thk1
231007,thk1
231026,thk2
231053,tlk0
233671,nmo0
233692,thk1
233711,thk2
233738,tlk0
233762,tlk1
233811,nmo0S
236686,tlk0+
236709,tlk1f
236724,twb0+
236759,twb1+
236824,tlk0
236843,tlk1J
236870,twb0+
236893,twb1
237797,tlk0
237866,tlk0
237923,tlk1+
238014,tlk0
238044,tlk0
238074,thk1
239582,twb0
239601,twb1
239635,twb0
243369,fdo1
243386,fdo1F
243531,sha0y
243591,fdi1
243608,s000
243628,s000E
243643,s001
243663,s001E
243678,s021
243762,tlk1R
243777,s021E
243792,s002
243869,tlk0n
243896,s002E
243911,s003
243940,tlk1n
243975,tlk0J
244040,s003E
244055,s004
244075,s004E
244090,s035
244115,s035E
244130,s023
244176,s023E
244191,s024
244255,s024E
244270,s025
244316,s025E
244331,s026
244383,s026E
244398,s027
244462,s027E
244477,s028
244504,s028E
244519,s005
244570,thk1
244612,thk2J
244639,s005E
244654,s029
244690,s029E
244705,s032
244746,s032'2
244781,s006
244843,s006E
244858,s030
244875,tlk0+
244898,tlk1R
244913,s030E
244928,s031
244978,tlk1R
244993,s031E
245008,s033
245046,tlk0+
245069,tlk1R
245084,s033E
245099,s034
245194,s034E
245209,s006
245243,s006E
245258,s007
245315,s007E
245330,s008
245367,tlk0+
245390,s008E
245405,s062
245438,tlk1R
245453,s062E
245468,s037
245497,tlk0+
245520,tlk1J
245544,s037E
245559,s038
245576,thk1
245638,s038E
245653,s039
245670,tlk0+
245693,tlk1R
245708,s039E
245723,s040
245743,thk2
245793,tlk1R
245808,s040E
245823,s042
245860,s042E
245875,s010
245913,thk1+
245938,thk2R
245953,s010E
245968,s044
246065,tlk0+
246088,tlk1R
246103,s044E
246118,s045
246164,tlk0+
246187,tlk1y
246212,s045E
246227,s046
246276,tlk1J
246342,s046E
246357,s011
246393,tlk0+
246416,tlk1n
246451,s011E
246466,s063
246503,s063E
246518,s047
246589,s047K
246635,s047E
246650,s049
246676,tlk0+
246699,tlk1R
246714,s049E
246729,s048
246769,thk2R
246784,s048E
246799,s012
246847,s012E
246862,s013
246947,s013E
246962,s051
247011,s051E
247026,s014
247080,tlk0+
247103,tlk1R
247118,s014E
247133,s050
247178,tlk0+
247201,tlk1R
247216,s050E
247231,s015
247277,tlk0+
247300,tlk1R
247315,s015E
247330,s052
247443,s052E
247458,s053
247512,s053E
247527,s016
247566,tlk1U
247581,s016E
247596,s017
247627,s017E
247642,s054
247682,tlk1R
247697,s054E
247712,s055
247745,s055E
247760,s056
247799,s056E
247814,s057
247854,s057E
247869,s059
247917,s059E
247932,s018
247999,s018E
248014,s060
248090,tlk1J
248150,s060E
248165,s019
248211,s019E
248226,s115
248253,s115E
248268,s064
248298,s064E
248313,s065
248341,s065E
248356,fdo1
248373,fdo1
248393,fdi2
248413,fdo1
248430,fdo1F
248507,sha0N
248620,fdi1
248637,s067
248654,tlk0
248672,tlk1U
248687,s067E
248702,s069
248747,s069E
248762,s070
248802,sha0+
248825,s070E
248840,s071
248865,s071E
248880,s072
248897,sha1
248922,sha1n
248957,s072E
248972,s077
249012,thk1R
249027,s077E
249042,s073
249075,s073E
249090,s074
249107,thk2
249125,s074E
249140,s075
249169,s075E
249184,s076
249242,s076E
249257,s078
249304,s078E
249319,s079
249356,s079E
249371,s081
249431,s081E
249446,s083
249480,thk1
249498,thk2
249536,s083E
249551,s084
249609,s084E
249624,s085
249661,s085E
249676,s086
249767,s0hm
249795,s0hf
249823,s0em
249851,s0ef
249879,s0tm
249907,s0tf
249935,s0mf
249963,s0gm
249983,s088
250012,s088E
250027,s089
250044,tlk0+
250067,tlk1
250105,s089E
250120,s091
250145,s091E
250160,s093
250185,s093E
250200,s094
250252,s094E
250267,s095
250291,tlk0+
250314,tlk1R
250329,s095E
250344,s096
250388,s096E
250403,s097
250432,tlk0+
250455,tlk1R
250470,s097E
250485,s098
250545,s098E
250560,s099
250624,s099E
250639,s128
250678,s128E
250693,s101
250734,tlk0+
250757,tlk1R
250772,s101E
250787,s102
250804,tlk0+
250827,tlk1J
250851,s102E
250866,s103
250883,tlk0+
250906,tlk1
250924,tlk0+
250947,tlk1R
250962,s103E
250977,s104
251014,s104E
251029,s106
251054,s106E
251069,s108
251086,tlk0+
251109,tlk1R
251124,s108E
251139,s107
251179,s107E
251194,s110
251219,s110E
251234,s111
251271,s111E
251286,s112
251323,s112E
251338,s113
251355,tlk0+
251378,tlk1R
251393,s113E
251408,s116
251445,s116E
251460,s117
251515,s117E
251530,s119
251567,s119E
251582,s120
251611,tlk0+
251634,tlk1R
251649,s120E
251664,s121
251681,tlk0+
251735,s121E
251750,s124
251787,s124
251813,s122
251850,utl0+
251873,utl1R
251888,s122
251909,s123
251967,s123E
251982,s129
252037,s129E
252052,s125
252085,s125E
252100,s126
252147,s126E
252162,s127
252221,fdo1
252238,fdo1R
252253,s127
252273,fdi2
252293,fdo1
252310,fdo1F
252480,fdi1
252505,s130
252546,s131
252586,tlk2R
252601,s131E
252616,s132
252633,tlk0+
252656,tlk1R
252671,s132E
252686,s133
252754,s133E
252769,s134
252786,s134E
252801,s135
252858,s135E
252873,s136
252918,s136E
252933,s137
252999,tlk2R
253014,s137E
253029,s138
253081,tlk0+
253104,tlk1R
253119,s138E
253134,s139
253171,tlk0+
253194,tlk1R
253209,s139E
253224,s140
253280,s140E
253295,s141
253333,tlk0+
253356,tlk1f
253371,tlk0+
253394,tlk1R
253409,s141E
253424,s142
253447,tlk0+
253470,tlk1f
253485,tlk0+
253508,tlk1R
253523,s142E
253538,s143
253587,s143E
253602,s144
253658,s144E
253673,s145
253721,s145E
253736,s146
253763,s146E
253778,s147
253814,s147E
253829,s148
253882,s148E
253897,s149
253927,s149E
253942,s150
253959,tlk0+
254013,s150E
254028,s151
254068,s151E
254083,s152
254112,s152E
254127,s154
254152,deadN
254232,s154E
254247,s156
254279,s156E
254294,s157
254319,s157E
254334,s158
254349,deadU
254364,s158f
254404,s161
254431,sha1N
254452,s161E
254467,s162
254509,s162E
254524,s163
254548,s163E
254563,s150
254656,s150E
254671,s167
254688,tlk0+
254711,tlk1R
254726,s167E
254741,s168
254802,tlk0+
254825,tlk1R
254840,s168E
254855,s169
254882,s169E
254897,s170
254951,s170E
254966,s171
255035,tlk2
255053,s171E
255068,s172
255103,s172E
255118,fdo1
255178,fdi2
255198,fdo1
255215,fdo1F
255366,fdi1
255383,s173
255410,s173E
255425,s175
255471,s175E
255486,s177
255554,s177E
255569,s178
255606,s178E
255621,s179
255653,s179E
255668,s181
255750,s181E
255765,s184
255821,s184E
255836,s185
255900,s185E
255915,s186
255952,s186E
255967,s187
256024,s187E
256039,s188
256056,tlk0+
256079,tlk1R
256094,s188E
256109,s190
256146,s190E
256161,s210
256197,s210E
256212,s183
256244,s183E
256259,s192
256284,s192E
256299,s193
256336,s193E
256351,s194
256384,s194E
256399,s195
256416,tlk0+
256439,tlk1n
256474,s195E
256489,s196
256506,tlk0+
256529,tlk1R
256544,s196E
256559,s206
256596,s206E
256611,s197
256648,s197E
256663,s198
256680,tlk0+
256703,tlk1R
256718,s198E
256733,s199
256766,s199E
256781,s201
256799,dead+
256844,s201E
256859,s203
256897,s203E
256912,s204
256932,deadU
256947,s204E
256962,fdo1
256979,fdo1f
257019,s207
257036,fdi1
257076,sha1R
257091,s207E
257106,s208
257167,s208E
257182,s209
257206,s209E
257221,s191
257238,s191E
257253,s205
257278,s205
257312,s199E
257327,s211
257367,s211
257404,s199E
257419,s212
257444,s212E
257459,s213
257496,s213E
257511,s214
257582,s214E
257597,s215
257624,s215E
257639,s216
257683,s216E
257698,s217
257715,s217E
257730,s218
257772,s218E
257787,fdo1
257840,fdi2
257860,fdo1
257877,fdo1F
258030,fdi1
258047,s219
258064,tlb0+
258087,tlb1R
258102,s219E
258117,s220
258154,s220E
258169,s221
258186,tlk0+
258209,tlk1R
258224,s221E
258239,s223
258278,s223E
258293,s225
258361,s225E
258376,s224
258396,s224E
258411,s233
258450,s233E
258465,s226
258482,tlk0+
258505,tlk1
258523,s226E
258538,s227
258575,s227E
258590,s228
258607,thb0+
258629,thb1
258647,s228E
258662,s229
258694,s229E
258709,s230
258760,s230E
258775,s233
258820,s233'2
258842,s232
258881,s232E
258896,s231
258933,s231E
258948,s235
258987,s235E
259002,s236
259039,s236E
259054,s247
259071,tlk0+
259094,tlk1R
259140,s237'2
259162,s239
259182,s239E
259197,s238
259214,s238y
259245,s240
259291,s240E
259306,s241
259323,s241E
259338,s242
259365,dead+
259390,s242E
259405,s243
259441,s243E
259456,s244
259500,dead+
259525,s244E
259540,s245
259557,s245N
259585,sha0y
259637,s248
259654,s248E
259669,s246
259704,s246E
259719,s247
259736,sha1n
259771,s247
259847,s249
259884,s249E
259899,s250
259916,thb0+
259939,thb1R
259954,s250E
259969,s251
260015,s251E
260030,s252
260055,s252E
260070,s253
260129,s253E
260144,fdo1
260161,fdo1
260190,fdi2
260210,fdo1
260227,fdo1F
260457,fdi1
260482,s000
260510,s000E
260525,s002
260550,s002E
260565,s001
260590,s001E
260605,s003
260640,s003E
260655,s005
260672,s005E
260687,s006
260726,s006E
260741,s004
260785,s004E
260800,s007
260840,s007E
260855,s008
260880,s008E
260895,s009
260920,s009E
260935,s010
260960,s010E
260975,s011
261016,s011E
261031,s012
261056,s012E
261071,s013
261104,s013E
261119,s014
261171,s014E
261186,s016
261233,s016E
261248,s017
261295,s017E
261310,s018
261354,s018E
261369,s019
261394,s019E
261409,s020
261433,s020
261459,s013E
261474,s144
261499,s144E
261514,s145
261539,s145E
261554,s146
261591,s146E
261606,s147
261652,s147E
261667,s148
261692,s148E
261707,s149
261732,s149E
261747,s150
261787,s150
261813,s013E
261828,s151
261879,s151E
261894,s152
261935,s152E
261950,s146
261987,s146E
262002,s147
262027,s147E
262042,s150
262079,s150
262097,s021
262147,s021E
262162,s022
262210,s022E
262225,s024
262263,tlk0+
262294,tlk1R
262309,s024E
262324,s025
262367,s025E
262382,s026
262419,s026E
262434,s023
262459,s023E
262474,s027
262499,s027E
262514,s028
262547,s028E
262562,s029
262587,s029E
262602,s030
262634,s030E
262649,s031
262674,s031E
262689,s032
262723,s032E
262738,s033
262763,s033E
262778,s034
262803,s034E
262818,s035
262870,s035E
262885,fdo1
262902,fdo1E
262917,s123
262934,efon
262996,s123E
263011,s124
263045,s124E
263060,s125
263102,s126
263144,s127
263164,s127E
263179,fdo1
263196,fdo1E
263211,s128
263228,fdi1
263295,s128E
263310,s136
263343,s136E
263358,s137
263391,s137E
263406,s138
263431,s138E
263446,s139
263471,s139E
263486,fdo1
263503,fdo1E
263518,s129
263535,efon
263563,s129E
263578,s131
263595,tlk0
263613,tlk1R
263628,s131E
263643,s132
263675,s132E
263690,s133
263722,s133E
263737,s134
263769,s134E
263784,s135
263804,s135E
263819,fdo1
263836,fdo1E
263851,s140
263868,fdi1
263885,tlk0+
263908,s140E
263923,s141
263948,s141E
263963,s142
263996,s142E
264011,s143
264036,tlk1R
264051,s143E
264066,s036
264091,s036E
264106,s037
264131,s037E
264146,s038
264180,s038E
264195,s039
264228,s039E
264243,s041
264292,s042
264317,s042E
264332,s043
264365,s043E
264380,s044
264405,s044E
264420,s045
264453,s045E
264468,s046
264485,s046E
264500,s047
264525,s047E
264540,s048
264577,s048E
264592,s049
264617,s049E
264632,s050
264681,s050E
264696,s051
264721,s051E
264736,s052
264761,s052E
264776,s053
264819,s053E
264834,s054
264859,s054E
264874,s055
264891,tlk0+
264914,tlk1R
264929,s055E
264944,s056
264969,s056E
264984,s057
265009,s057E
265024,s058
265073,s058E
265088,s059
265105,tlk0+
265144,tlk1R
265159,s059E
265174,s061
265199,s061E
265214,s063
265249,s063E
265264,s064
265306,s064E
265321,s062
265338,s062E
265353,s065
265378,s065E
265393,s066
265427,s066E
265442,s067
265469,s067E
265484,s068
265521,s068E
265536,s075
265561,s075E
265576,s069
265613,s069E
265628,s070
265665,s070E
265680,s071
265725,s071E
265740,s072
265765,s072E
265780,s073
265829,s073E
265844,s083
265861,s083E
265876,s074
265927,s074E
265942,s076
265976,s076E
265991,s077
266016,s077E
266031,s078
266063,s078E
266078,s079
266112,s079E
266127,s080
266173,s080E
266188,s155
266205,s155N
266226,s081
266251,s081E
266266,s082
266291,s082E
266306,fdo1
266323,fdo1N
266370,fdi1
266387,s084
266412,s084E
266427,s085
266452,s085E
266467,s086
266492,s086E
266507,s087
266549,s087E
266564,fdo1
266581,fdo1
266610,fdi2
269872,sha0
270690,s000
270711,m503
270726,s001
270744,s002
270802,str0
270822,kill
271652,dr02
271669,dr02E
271684,dr03
271705,db02E
271720,db03
271735,ao00f
271750,ao01
271775,str0
271862,fdo1
271879,fdo1
271980,od01
272000,od01E
272015,od02
272032,od02
272048,str0
272068,kill
272144,kira
272161,str0
272267,s001
272285,s002
273823,da00
273854,da00E
273869,da01
273910,da015
273932,nose
273949,nosej
273988,fdi2
274569,stb0'
274654,dr03E
274669,dr00
274694,dr00E
274709,dr04
274726,stb1+
274749,dr04E
274764,dr06
274781,sta0+
274812,sta1S
274825,sta1R
274840,dr06E
274855,dr05
275015,dr05E
275030,dr01
275052,kidl0
275072,dr01E
275114,nose
275131,nosej
275170,fdi2
275252,thk1E
275267,dn00
275304,thk2S
275317,thk2R
275332,dn00E
275347,dn01
275364,tlk0+
275393,tlk2S
275406,tlk2R
275421,dn01E
275436,dn02
275456,dis0+
275477,dis0R
275492,dn02E
275507,dn03
275532,poi1
275550,dn03E
275565,dn04
275596,poi2S
275609,poi2R
275624,dn04E
275639,dn05
275659,yko0+
275682,mku0R
275697,dn05E
275712,dn06
275746,yko1S
275759,yko1R
275774,dn06E
275789,dn07
275817,tlk0+
275840,dn07E
275855,dn03
275890,tlk2S
275903,tlk2F
275920,fdi2
276004,od00
276024,tlk0+
276062,od01
276079,tlk1+
276150,dis0+
276224,od02
276318,od04
276368,od06
276459,nose
276476,nosej
276533,od01
276579,od07
276627,od08
276657,thk1+
276695,od09
276712,thk2y
276790,od10
276821,od10F
276838,fdi2
276922,od20
276974,od21
276999,thk1+
277022,thk2y
277083,od22
277100,pas0
277124,pas0
277165,od24
277187,thk1S
277200,thk1+
277231,thk2y
277271,od23
277310,od23F
277327,qstc
277344,fdi2
277428,mm00
277462,hai0+
277513,mm01
277536,kisi+
277559,kisi
277595,mm02
277620,hai0+
277671,mm03
277688,aww0
277706,aww1S
277719,aww1HY
277737,thk0S
277750,thk0
277783,mm04
277800,bik0
277847,mm05
277904,fdi2
277988,mm10
278026,bik0+
278064,mm11
278094,mem0
278127,mm12
278142,mem0
278166,mem1S
278209,mm13
278226,hai0+
278277,mm14
278300,kisi+
278323,kisi
278387,mm15
278509,mm16
278526,thk0+
278547,thk0
278568,mm16Hg
278632,mm17
278649,ang0+
278670,ang0
278703,mm19
278779,tlk1+
278829,mm20
278846,hai0
278881,qstc
278898,fdi2
279001,ao00
279046,akb0
279070,akb0
279106,aa00
279123,tlb0+
279146,tlb1+
279197,aa01
279270,aa02
279287,thk1
279313,thk2+
279365,aa02
279382,dis0+
279426,aa03
279448,tlk0+
279471,ten0+
279522,aa04
279539,thk1+
279652,aa05
279669,tld0+
279722,aa06
279814,aa07
279831,tlk0+
279884,aa08
279976,aa09
279993,tlb0+
280046,aa10
280138,aa11
280155,thb1+
280208,aa12
280300,aa13
280317,sdo0+
280370,aa14
280462,aa15
280479,poi1+
280532,aa16
280624,aa17
280641,tld0+
280694,aa18
280786,aa19
280803,tlb0+
280856,aa20
280948,aa21
280965,thk1+
281018,aa22
281124,aa23
281245,fdi2
281262,ac00
281308,fdi2
281325,ac00
281371,fdi2
281388,ac00
281488,ab00
281561,ab01
281626,ab02
281691,ab03
281756,ab04
281868,ab05
281885,tlb0+
281908,tlb1+
281946,ab06
281969,tlb1
281990,aka0+
282013,aka1S
282026,aka1
282064,ac00
282154,ac00
282201,ac01
282241,ac02
282281,ac03
282344,ac04
282370,tlk1+
282408,ac05
282425,ten1+
282463,ac06
282480,thk1+
282526,ac07
282543,thk2+
282581,ac11
282645,ac08
282676,tlb0
282771,ac09
282788,tlb1+
282809,tlb1
282850,ac10
282926,fdi2
282954,fdi2
283099,ad00
283127,tld0+
283150,tld1
283194,ad01
283268,tlb0+
283321,ad02
283374,ad03
283391,akb0+
283425,ad03F
283442,fdi2
283526,ad05
283608,tlk0+
283646,ad04
283663,ten0+
283714,ad06
283731,dis0+
283772,ad07
283789,tld0+
283820,tld1S
283863,ad08
283888,akb0+
283917,ad08F
283934,fdi2
284015,ao00
284041,aka0
284089,aka1S
284102,aka1f
284117,dis0+
284152,ao00E
284167,ac00
284187,kira
284204,str0
284242,ac00E
284430,rw00
284447,rw00E
284462,rw01
284487,rw01E
284502,rw02
284535,rw02E
284550,rw03
284575,rw03E
284590,rw04
284615,rw04E
284630,rw05
284663,rw05E
284678,rw06
284729,rw07
284769,rw08
284809,rw09
284849,rw10
284896,rw11
284966,nose
284983,nosej
285036,fdi2
285130,thk1
285156,thk2+
285193,dis0+
285227,tlk0+
285250,ten0+
285286,thk1+
285384,tld0+
285482,tlk0+
285580,tlb0+
285678,thb1+
285776,sdo0+
285874,poi1+
285972,tld0+
286070,tlb0+
286168,thk1+
286545,tlb0+
286568,tlb1+
286597,tlb1
286618,aka0+
286641,aka1S
286654,aka1
286700,fdi2
286718,fdi0
286735,fdi0
286751,fdo0
286768,fdo0
286784,fdi1
286801,fdi1
286817,fdo1
286834,fdo1
286850,whi1
286867,whi1
286883,who1
286900,who1
286916,who2
286933,who2
286949,who3
286966,who3
286982,main
287002,fdo1
287019,fdo1
287035,fdi1
287052,main
287072,fdi1
287088,blon
287105,blon
287123,whi0
287140,whi0
287156,who0
287173,who0
287189,efon
287206,efon
287222,fdis
287240,fdos
287257,fdos
287273,fdif
287291,fdof
287308,fdof
287324,fdip
287342,fdop
287359,fdop
287504,tlk0
287527,tlk1
287573,thk1
287592,thk2S
287605,thk2y
287655,thk1
287674,thk2S
287687,thk2y
287736,tlk0
287759,tlk1S
287772,tlk1
287805,thk1
287833,thk2y
287856,thk1
287880,pas0E
287895,qstc
288016,kisi+
288039,kisi
288498,twa1
289025,thk1S
289038,thk1
289057,thk2
289113,ksk0
289329,thk1
289355,thk2+
289392,dis0+
289428,aka0S
289441,aka0+
289504,aka1S
289517,aka1
289613,thk1
289639,thk2+
289676,dis0+
289712,aka0S
289725,aka0+
289756,aka1S
289769,aka1
289863,thk1
289889,thk2+
289926,dis0+
289962,aka0S
289975,aka0+
289998,aka1S
290011,aka1
290104,thk1
290130,thk2+
290167,dis0+
290203,aka0S
290216,aka0+
290239,aka1S
290252,aka1
290345,thk1
290371,thk2+
290408,dis0+
290444,aka0S
290457,aka0+
290480,aka1S
290493,aka1
290586,thk1
290612,thk2+
290649,dis0+
290685,aka0S
290698,aka0+
290729,aka1S
290742,aka1
290837,thk1
290863,thk2+
290900,dis0+
290936,aka0S
290949,aka0
290977,aka1S
290990,aka1
291479,str0
291628,sha0S
291641,sha0
291665,sha1S
291678,sha1
291899,ast0
293346,ao00
293372,aka0
293425,aka1S
293438,aka1f
293453,dis0+
293488,ao00E
293503,ac00
293523,kira
293540,str0
293578,ac00E
293701,stal
293716,str0
293752,rw00
293769,rw00E
293784,b000
293817,b000E
293832,b001
293865,b001E
293880,b002
293908,b002E
293923,b003
293948,b003E
293963,b004
294007,b001E
294022,b002
294058,b002R
294073,b004E
294088,b005
294121,b005E
294136,b006
294169,b006E
294184,b007
294217,b007E
294232,b008
294263,b008E
294295,kill
294326,nose
294396,fdi2
294477,ao00
294503,aka0
294534,ao00E
294549,ac00
294569,kira
294586,str0
294624,ac00E
294747,stal
294762,str0
294798,b009
294834,b009E
294849,b010
294882,b010E
294897,b011
294930,b011E
294945,b012
294983,b012E
294998,b013
295031,b013E
295063,kill
295094,nose
295159,qstc
295176,fdi2
295257,ao00
295283,aka0
295314,ao00E
295329,ac00
295349,kira
295366,str0
295404,ac00E
295520,str0
295556,b100
295574,dead
295592,b100'
295614,b101
295659,b101E
295674,b103
295715,b103E
295730,b104
295769,b104E
295784,b105
295827,b105E
295842,b106
295865,opcl
295909,stalS
295922,stal
295940,b106E
295955,b107
295983,b107E
295998,b108
296031,b108E
296046,b109
296079,b109E
296094,b110
296127,b110E
296142,b111
296173,b111E
296205,kill
296236,nose
296301,fdi2
296382,ao00
296408,aka0
296439,ao00E
296454,ac00
296474,kira
296491,str0
296529,ac00E
296642,staljG
296676,b112
296706,b112E
296721,b113
296748,b113E
296763,b114
296800,str0
296824,b114E
296839,b115
296864,b115E
296879,b116
296921,b116E
296936,b117
296969,b117E
296984,b118
297034,b118E
297072,kill
297103,nose
297168,fdi2
297506,deadn
297550,kidl0
297770,thk1
297880,thk2S
297893,thk2+
297946,fdi2
298259,twb0
298325,twb1+
298346,twb1n
298551,qstc
298568,fdi2
298880,stalS
298917,thk1Hm
298936,thk1E
298951,b200
298985,b200E
299000,b201
299027,twb0+
299050,b201E
299065,b202
299117,b202E
299132,b203
299159,thk2+
299192,b203E
299207,b204
299232,b204E
299247,b205
299274,twa0+
299297,twa1y
299322,b205E
299337,b206
299362,b206E
299377,b207
299402,thk2+
299444,b207E
299459,b208
299484,b208E
299499,b209
299524,b209E
299539,b210
299571,twa0+
299594,twa1R
299609,b210E
299624,b211
299651,b211E
299666,b212
299691,b212E
299706,b213
299730,sta0'
299970,stalS
299983,stclHm
300002,b213E
300017,b214
300043,b214E
300058,b215
300083,b215E
300098,b216
300134,b216E
300149,b217
300219,b217E
300234,b218
300251,fdi2
300301,twb1fU
300339,b218E
300354,b219
300392,b219E
300407,b220
300450,twa1fh
300465,thk1
300483,b220E
300498,b221
300521,thk1J
300545,b221E
300560,b222
300593,thk2+
300616,b222E
300631,b223
300651,thk2+
300672,thk2R
300687,b223E
300702,b224
300739,b224E
300754,b225
300796,b225E
300811,b226
300828,ao01+
300849,ao01R
300864,b226E
300879,b227
300911,ao02
300929,b227E
300944,b228
300979,ao02
301015,b228E
301054,nose
301119,fdi2
301447,twb0+
301652,tlb0+
301675,tlb1
301748,twa0+
301779,twa1R
301832,twa1R
301976,twb0+
302071,twb1+
302374,thk1R
302519,thk2+
302806,thk1R
302951,thk2+
303238,thk1R
303383,thk2+
303597,fdi2
303910,twb0+
303941,twb1R
303994,twb1R
304041,thk1+
304104,thk2
304128,thk2+
304400,pas0
304483,pas0
304521,qstc
304538,fdi2
305046,thk1R
305191,thk2+
305478,thk1R
305623,thk2+
305897,S1fU
305910,thk1R
306055,thk2+
306254,fdi2
306634,std0
306718,qstc
306735,fdi2
306969,twb0+
307000,twb1R
307203,thk1R
307299,thk2
307482,thk1R
307578,thk2
307761,thk1R
307857,thk2
308011,fdi2
308582,pas0
308660,pas0
308681,od10F
308698,qstc
308715,fdi2
308796,ao00
308825,aka0
308856,ao00E
308871,ac00
308891,kira
308908,str0
308946,ac00E
309062,stal
309077,str0
309113,rw00
309130,rw00E
309145,bg03
309170,bg03E
309185,bg04
309210,bg04E
309225,bg05
309261,bg05E
309293,kill
309324,nose
309341,nose
309382,fdi2
309499,stalS
309536,bg00
309575,bg00E
309590,bg01
309618,bg01E
309633,bg02
309653,main
309673,main
309711,bg02E
309750,nose
309827,fdi2
309847,main
309869,fdi0
309886,fdi0
309902,fdo0
309919,fdo0
309935,fdi1
309952,fdi1
309968,fdo1
309985,fdo1
310001,whi1
310018,whi1
310034,who1
310051,who1
310067,who2
310084,who2
310100,who3
310117,who3
310133,main
310153,fdo1
310170,fdo1
310186,fdi1
310203,main
310223,fdi1
310239,blon
310256,blon
310274,whi0
310291,whi0
310307,who0
310324,who0
310340,efon
310357,efon
310373,fdis
310391,fdos
310408,fdos
310424,fdif
310442,fdof
310459,fdof
310475,fdip
310493,fdop
310510,fdop
310867,tlc0+
310890,tcst+
310913,std1S
310950,akb0+
311020,dis0+
311076,tlb0+
311099,tlb1S
311137,akb0+
311213,thk1+
311236,thk2S
311249,thk2
311306,thk1+
311329,thk2S
311342,thk2
311399,thk1+
311422,thk2S
311435,thk2
311487,tlk0+
311510,tlk1S
311683,thk1+
311706,thk2S
311827,thk1+
311850,thk2S
311965,akb0+
311986,akb0+
312009,pas0+
312041,tlc0+
312064,tlc1S
312102,akb0+
312178,thk1+
312201,thk2S
312214,thk2
312271,thk1+
312294,thk2S
312307,thk2
312364,thk1+
312387,thk2S
312400,thk2
312452,tlk0+
312475,tlk1S
312648,thk1+
312671,thk2S
312792,thk1+
312815,thk2S
312930,akb0+
312951,akb0+
312974,pas0+
313006,tlc0+
313029,tlc1S
313067,akb0+
313143,thk1+
313166,thk2S
313179,thk2
313236,thk1+
313259,thk2S
313272,thk2
313329,thk1+
313352,thk2S
313365,thk2
313417,tlk0+
313440,tlk1S
313613,thk1+
313636,thk2S
313757,thk1+
313780,thk2S
313895,akb0+
313916,akb0+
313939,pas0+
313971,tlc0+
313994,tlc1S
314032,thk1+
314055,thk2S
315890,sl00
315962,sl00E
315977,sl01
316025,sl01E
316040,sl02
316095,sl02E
316110,sl03
316158,sl03E
316173,sl04
316210,twa1
316234,twa1R
316249,sl04E
316264,sl05
316329,sl05E
316344,sl06
316361,thk1
316395,sl06E
316410,sl07
316450,sl07E
316465,sl08
316550,sl08E
316565,sl09
316582,thk1
316608,sl09E
316623,sl10
316661,thk2R
316676,sl10E
316691,sl11
316716,sl11E
316731,sl12
316785,sl12E
316800,sl13
316858,sl13E
316873,sl14
316951,sl14E
316966,sl15
317004,sl15E
317019,sl16
317092,sl16E
317107,sl17
317249,sl17E
317264,sl18
317281,twa0
317317,sl18E
317332,sl19
317349,twa1
317385,sl19E
317400,sl20
317450,sl20E
317465,sl21
317515,sl21E
317530,sl17
317558,sl17E
317573,sl22
317638,sl22E
317653,sl23
317693,sl23E
317708,sl17
317764,sl17E
317779,sl24
317821,sl24E
317836,sl25
318239,sl25E
318254,sl26
318321,sl26E
318336,sl27
318389,sl27F
318406,fdi2
318498,sl14
318543,sl14E
318558,sl15
318596,sl15E
318611,sl16
318684,sl16E
318699,sl17
318836,sl17E
318851,sl18
318868,twa0
318904,sl18E
318919,sl19
318936,twa1
318972,sl19E
318987,sl20
319037,sl20E
319052,sl21
319102,sl21E
319117,sl17
319145,sl17E
319160,sl22
319225,sl22E
319240,sl23
319280,sl23E
319295,sl17
319351,sl17E
319366,sl24
319408,sl24E
319423,sl25
319821,sl25E
319836,sl26
319903,sl26E
319918,sl27
319971,sl27F
319988,fdi2
320058,twb1
320247,twa1
320475,twa0
320518,twa1
320662,twb1
320849,twb1
321394,twb0
321521,twa0
321564,twa1
321708,twb1
321892,twb1
322147,twa1R
322444,thk1
322547,thk2
322862,twb1
322917,fdi2
322936,fdi0
322953,fdi0
322969,fdo0
322986,fdo0
323002,fdi1
323019,fdi1
323035,fdo1
323052,fdo1
323068,whi1
323085,whi1
323101,who1
323118,who1
323134,who2
323151,who2
323167,who3
323184,who3
323200,main
323220,fdo1
323237,fdo1
323253,fdi1
323270,main
323290,fdi1
323306,blon
323323,blon
323341,whi0
323358,whi0
323374,who0
323391,who0
323407,efon
323424,efon
323440,fdis
323458,fdos
323475,fdos
323491,fdif
323509,fdof
323526,fdof
323542,fdip
323560,fdop
323577,fdop
323941,tlk0
323959,tlk1
324021,tlk0
324050,tlk0
324084,tlk0
324117,tlk0
324405,tlk0
324576,tlk0
324744,thk0
324847,thk0
324949,tlk0
324968,tlk1
325081,tlk0
325120,tlk0
325485,thk1
325504,thk2H
325692,ure0
325741,ure0
325780,dis0
326269,tlk0
326288,tlk1
326341,tlk0
326481,thk1
326849,tlk0
326868,tlk1f
326883,thk1
327053,tlk0
327132,tlk0
327163,tlk0
327198,tlk0
327346,tlk0
327387,tlk0
327890,ure0
328129,tlk0
328162,dis0
328187,ang0
328225,dis0
328276,tlk0
329252,tlk0
329542,kei0
329891,sha0
331042,ksk0
331304,kei0
331647,sha0
332795,ure0
332823,tlk1
333058,kei0
333430,sha0
339525,fdo1
339542,fdo1F
339641,s270
339658,fdi1
339770,s271
339842,fdo1
339859,fdo1w
339887,s272
339955,fdi1
340037,tlk0f
340065,tlk1U
340080,s272E
340095,s273
340241,tlk1f
340256,tlk0E
340271,s274
340355,tlk0U
340370,s274'
340472,tlk1E
340487,s275
340668,s275E
340683,s276
340733,s276E
340748,s278
340792,fdo1
340857,s277
340874,fdi1
341042,tlk1
341479,fdo1
341527,fdi1
341547,fdo1
341564,fdo1F
341612,s27j
341629,fdi1
341760,s27jE
341775,s27k
341813,s27kE
341828,s27l
341908,s27lE
341923,s27k
341984,tlk1R
341999,s27kE
342014,s27m
342090,tlk0R
342105,s27mE
342120,s27k
342198,fdo1
342244,s27kF
342261,fdi1
342278,qstc
342298,fdo1
342315,fdo1F
342392,w000
342409,fdi1
342470,w000ET
342485,w001
342525,w001ET
342540,w002
342557,tlk0
342602,w002ET
342617,w003
342676,w003ET
342691,w004
342785,w004ET
342800,w005
342836,tlk1
342854,fdo1
342871,fdo1RT
342920,fdi1
342940,fdo1
342957,fdo1F
343043,w006
343060,fdi1
343106,w006ET
343121,w007
343203,w007ET
343218,w008
343235,tlk1
343302,w008ET
343317,w009
343391,w009ET
343406,w010
343457,fdo1
343474,fdo1RT
343523,fdi1
343543,fdo1
343560,fdo1F
343624,s290
343641,fdi1
343751,s291
343821,s291E
343836,s292
343861,s292E
343876,fdo1
343893,fdo1R
343945,fdi1
343965,fdo1
343982,fdo1F
344066,w000
344083,fdi1
344133,tlk1y
344225,w000Eu
344240,w001
344306,w001Eu
344321,w002
344354,tlk0
344380,tlk1Ru
344395,w002Eu
344410,w003
344472,w003Eu
344487,w004
344518,fdo1
344535,fdo1RT
344584,fdi1
344604,fdo1
344621,fdo1F
344747,w005
344764,fdi1
344800,w005Eu
344815,w006
344866,w006Eu
344881,w007
344898,tlk1
344935,w007Eu
344950,w008
345021,fdo1
345038,fdo1RT
345087,fdi1
345104,qstc
345129,fdo1
345146,fdo1F
345193,sks0
345210,fdi1
345297,sks0E
345312,sks1
345407,tlk0
345534,tlk0
345661,tlk0
345785,fdo1
345802,fdo1R
345817,sks1F
345837,fdi1
345857,fdo1
345874,fdo1F
345921,sks1
345938,fdi1
345997,tlk0f
346033,tlk1E
346048,sks2
346119,tlk0R
346134,sks2E
346149,sks3
346197,fdo1
346214,fdo1R
346229,sks3F
346249,fdi1
346266,qstc
346291,fdo1
346308,fdo1F
346467,so00
346487,fdi1
346504,fdi1+
346527,so00
346545,so01
346588,tld0+
346627,tld1E
346642,so02
346686,tld1E
346701,so02
346737,so02E
346752,so04
346789,so03
346831,tlk0+
346869,pnb0+
346892,pnb1'
346928,fdo1
346945,fdo1
347024,pnb1E
347039,so0e
347056,fdi1
347073,fdi1+
347096,so05E
347111,so06
347153,kei0
347181,kei0
347209,so06E
347224,so07
347254,pnb0+
347322,so07E
347337,so08
347354,pnb1y
347404,so08E
347419,so0b
347444,so0bE
347459,so0c
347484,so0cE
347499,so0d
347524,so0dE
347539,so0f
347564,agr0
347582,so0fE
347597,so0g
347629,agr0U
347644,so0gE
347659,so0h
347684,agr1+
347720,tld0+
347743,so0hE
347758,so0i
347783,tld1+
347806,so0iE
347821,so0j
347851,fdo1
348007,tlc0E
348022,so10
348039,fdi1
348056,fdi1+
348087,tlc1J
348111,so10E
348126,so11
348151,so12
348224,so12E
348239,so13
348281,so13
348299,fdo1
348340,fdi2
348365,fdo1
348382,fdo1F
348520,so0l
348537,fdi1
348554,fdi1+
348577,so0lE
348592,fdo1
348609,fdo1
348727,tlc0E
348742,so10
348759,fdi1
348776,fdi1+
348802,fdo1
348843,fdi2
348868,fdo1
348885,fdo1F
349040,so20
349057,fdi1
349074,fdi1+
349105,so20E
349120,so0i
349160,fdo1
349177,fdo1
349302,tlc0y
349337,so0iE
349352,so10
349369,fdi1
349386,fdi1+
349409,tlc1+
349430,tlc1R
349445,so10E
349460,so11
349511,pnt0+
349580,pnt1E
349595,so12
349683,tlk0+
349721,tld0+
349750,kei0+
349781,tld1+
349804,fdo1
349821,fdo1R
349934,fkc0S
349947,fkc0E
349962,so15
349979,fdi1
349996,fdi1H
350037,fdo1
350085,fdi2
350110,fdo1
350127,fdo1F
350265,so0l
350285,fdi1
350302,fdi1+
350325,so0lE
350340,fdo1
350357,fdo1
350475,tlc0E
350490,so10
350507,fdi1
350524,fdi1+
350646,fdo1
350696,tlc1N
350762,fkc0S
350775,fkc0R
350790,so10E
350805,so15
350822,fdi1
350839,fdi1
350871,fdo1
350919,fdi2
350944,fdo1
350961,fdo1F
351116,tld0E
351131,so20
351148,fdi1
351165,fdi1+
351209,tld1+
351232,so20E
351247,so0i
351287,so0iE
351302,fdo1
351319,fdo1
351437,so31
351454,fdi1
351471,fdi1fB
351486,tlk0+
351509,tlk1S
351522,tlk1R
351537,so31E
351552,so32
351585,so32E
351600,so33
351625,so33E
351640,so30
351676,fdo1
351717,fdi2
351742,fdo1
351759,fdo1F
351910,so0l
351930,fdi1
351947,fdi1+
351978,so0lE
351993,fdo1
352010,fdo1
352110,so10
352127,fdi1
352144,fdi1J
352179,fdo1
352220,fdi2
352245,fdo1
352262,fdo1F
352438,so20
352455,fdi1
352472,fdi1+
352498,so20E
352513,so50
352530,tld0+
352590,tld1+
352620,fdo1
352748,so50E
352763,so51
352790,fdi1
352843,so52
352860,so52E
352875,so53
352892,so53+
352923,so54
352948,so55
352988,so56
353028,so57
353061,so57E
353076,so04
353101,pnt0E
353116,so58
353162,pnt1R
353177,so58E
353192,so59
353251,so59E
353266,so5a
353283,tld0+
353335,fdo1
353397,qstc
353414,fdi2
353502,fdo1
353534,tlc1N
353636,udc0
353669,so10E
353684,so15
353701,fdi1
353718,fdi1
353800,udb2S
353828,udt2S
353856,udc2S
353869,udt2+
354060,fdo1
354077,fdo1
354162,so16
354179,fdi1
354196,fdi1+
354227,pnt0+
354263,pnt1+
354403,fdo1
354420,fdo1
354505,so16
354522,fdi1
354539,fdi1+
354795,fkc2S
354808,fkc2+
354831,fdo1
354848,fdo1kidl0
355010,tlc0E
355025,so10
355045,fdi1
355062,fdi1y
355125,tlc1+
355148,tlk1S
355161,tlc1J
355271,fdo1
355303,tlc1
355441,fkn0E
355456,so15
355473,fdi1
355490,fdi1+
355753,fkn2
355776,fdo1
355793,fdo1
355885,so16
355902,fdi1
355919,fdi1+
355971,pnb0+
356007,pnb1+
356028,pnb1J
356160,tlk0+
356191,tlk1+
356228,so10R
356243,so30E
356258,so32
356283,fdo1
356300,fdo1R
356315,so32E
356330,so40
356417,fdi1
356434,fdi1+
356473,so41
356864,fdo1
356881,fdo1
356927,so44
356944,fdi1
356961,fdi1
356984,tlk0+
357007,tlk1+
357030,so44E
357045,so43
357107,tlk0+
357130,tlk1+
357161,so44E
357176,so43
357193,tlk0+
357942,fdo1
357959,fdo1F
358016,k100
358033,fdi1
358050,fdi1
358086,k100E
358101,k101
358141,ovl2
358158,k101E
358173,k102
358222,k102E
358237,k103
358261,k103E
358276,k104
358307,k104E
358322,k105
358385,k105E
358400,k106
358417,tlk0
358440,tlk1R
358455,k106E
358470,k107
358529,k107E
358544,k108
358603,fdo1
358623,k108
358643,fdi1
358745,fdo1
358762,fdo1F
358862,k200
358879,fdi1
358896,fdi1
358918,k200E
358933,k201
358991,k201E
359006,k202
359059,k202E
359074,k203
359123,k203E
359138,k204
359162,tlk0
359181,k204E
359196,k203
359217,tlk1
359236,k203E
359251,k205
359302,ovl2
359319,k205E
359334,k206
359358,thk1
359380,thk2
359399,k206E
359414,k207
359441,sha0
359459,fdo1
359476,fdo1R
359491,k207f
359506,sha17G
359549,k208
359566,fdi0
359595,pa02S
359608,pa02R
359623,k208E
359638,k210
359687,k210E
359702,s059
359780,s059E
359795,k209
359831,fdo1
359851,k209
359889,fdi1
359906,qstc
360725,sha0N
360759,sha1
360931,tlk0
360964,tlk1'
361004,tlk1
361972,qstc
362276,udb1
362305,udbf
362334,udbs
362383,fkb1
362412,fkbf
362441,fkbs
363048,udt1
363077,udtf
363106,udts
363155,fkn1
363184,fknf
363213,fkns
363832,udc1
363861,udcf
363890,udcs
363939,fkc1
363968,fkcf
363997,fkcs
364364,who0
364381,who0
364397,who1
364414,who1
364430,whi0
364448,whi1
364466,fdo0
364483,fdo0
364499,fdo1
364516,fdo1
364532,fdo2
364549,fdo2
364565,fdi0
364583,fdi1
364601,fdi2
364655,wkyb
368289,fdo1
368306,fdo1F
368362,s058
368382,fdi1
368441,tlb1R
368456,s058E
368471,s059
368496,s059E
368511,s060
368548,s060E
368563,s061
368611,who1
368628,who1R
368643,s061
368661,s025
368681,whi1
368701,s025E
368716,s024
368756,s024E
368771,s062
368819,tlb1R
368834,s062E
368849,s009
368892,fdo1
368909,fdo1R
368924,s009F
368944,fdi1
369339,fdo1
369356,fdo1F
369412,s066
369432,fdi1
369547,fdo1
369564,fdo1R
369594,tlk1
369717,s008
369737,fdi1
369765,s008E
369780,s081
369840,s081E
369855,s062
369904,s062
369922,s008
369942,fdi1
369970,ovl1
369987,s008E
370002,s021
370027,ovl1
370044,s021E
370059,s067
370112,tlk1
370130,thk1
370211,s081
370231,fdi1
370259,s081E
370274,s067
370319,tlk1
370337,thk1
370376,s081
370396,fdi1
370424,s081E
370439,s067
370484,tlk1
370502,thk1
370552,s081
370572,fdi1
370600,s081E
370615,s067
370660,tlk1
370678,thk1
370717,s081
370737,fdi1
370765,s081E
370780,s011
370797,thk1
370825,thk2
370853,s011E
370868,s067
370932,s081
370952,fdi1
370980,s081E
370995,s067
371012,tlk0
371040,tlk1
371058,thk1
371097,s008
371117,fdi1
371145,s008E
371160,s011
371177,thk1
371205,thk2
371233,mou0
371251,s011E
371266,s010
371291,s010E
371306,s067
371323,mou1
371404,s081
371424,fdi1
371452,s081E
371467,s067
371484,tlk0
371512,tlk1
371530,thk1
371569,s081
371589,fdi1
371617,s081E
371632,s067
371649,tlk0
371677,tlk1
371695,thk1
371742,s008
371762,fdi1
371790,s008E
371805,s081
371865,s081E
371880,s062
371929,s062
371947,s008
371967,fdi1
371995,ovl1
372012,s008E
372027,s021
372052,ovl1
372069,s021E
372084,s067
372109,tlk0
372137,tlk1
372155,thk1
372236,s016
372263,fdi1
372291,s016E
372306,s011
372323,thk1
372379,s011E
372394,s067
372411,tlk0
372439,tlk1
372457,thk1
372515,s008
372535,fdi1
372563,s008E
372578,s081
372638,s081E
372653,s062
372702,s062
372720,s008
372740,fdi1
372768,ovl1
372785,s008E
372800,s021
372825,ovl1
372842,s021E
372857,s067
372882,tlk0
372910,tlk1
372928,thk1
373009,s081
373029,fdi1
373057,s081E
373072,s067
373089,tlk0
373117,tlk1
373135,thk1
373174,s081
373194,fdi1
373222,s081E
373237,s067
373254,tlk0
373282,tlk1
373300,thk1
373339,s016
373366,fdi1
373394,s016E
373409,s011
373426,thk1
373482,s011E
373497,s067
373514,tlk0
373542,tlk1
373560,thk1
373610,s081
373630,fdi1
373658,s081E
373673,s067
373690,tlk0
373718,tlk1
373736,thk1
373775,s081
373795,fdi1
373823,s081E
373838,s067
373855,tlk0
373883,tlk1
373901,thk1
373948,s081
373968,fdi1
374034,s081
374052,s008
374072,fdi1
374100,ovl1
374117,s008E
374132,s021
374157,ovl1
374174,s021E
374189,s067
374214,tlk0
374242,tlk1
374260,thk1
374357,s081
374377,fdi1
374405,s081E
374420,s067
374437,tlk0
374465,tlk1
374483,thk1
374522,s081
374542,fdi1
374570,s081E
374585,s067
374602,tlk0
374630,tlk1
374648,thk1
374695,s008
374715,fdi1
374743,s008E
374758,s081
374818,s081E
374833,s062
374882,s062
374900,s008
374920,fdi1
374948,ovl1
374965,s008E
374980,s021
375005,ovl1
375022,s021E
375037,s067
375062,tlk0
375090,tlk1
375108,thk1
375189,s016
375216,fdi1
375244,s016E
375259,s011
375276,thk1
375332,s011E
375347,s067
375364,tlk0
375392,tlk1
375410,thk1
375468,s081
375488,fdi1
375554,s081E
375569,s067
375586,tlk0
375614,tlk1
375632,thk1
375663,s008
375683,fdi1
375711,s008E
375726,s014
375751,s014E
375766,s013
375814,tlb1
375832,s013E
375847,s015
375895,tlk1R
375910,s015E
375925,s062
375950,pas0
375968,s062E
375983,s022
376049,fdo1
376066,fdo1R
376081,s022
376099,s046
376132,s023
376152,fdi1
376180,s023E
376195,s024
376275,s024E
376290,s025
376336,tlk1fJ
376381,tlk1'
376403,s025
376426,s029
376454,s029
376474,s026
376514,s047
376544,s026R
376559,s029E
376574,s027
376651,s027E
376666,s028
376739,s081
376759,fdi1
376787,s081E
376802,s067
376819,tlk0
376847,tlk1
376865,thk1
376904,s081
376924,fdi1
376952,s081E
376967,s067
376984,tlk0
377012,tlk1
377030,thk1
377093,fdo1
377110,fdo1R
377125,s067R
377140,s028
377179,qstc
377239,qstc
377269,fdi1
377289,fdo1
377306,fdo1F
377362,s030
377382,fdi1
377415,s030E
377430,s026
377455,s026E
377470,s031
377510,tlk1E
377525,fdo1
377542,fdo1R
377557,s031F
377577,fdi1
377597,fdo1
377614,fdo1F
377684,s032
377704,fdi1
377747,ovl1
377764,s032E
377779,s033
377807,fdo1
377824,fdo1R
377839,s033F
377859,fdi1
377899,fdo1
377916,fdo1F
377994,s034
378014,fdi1
378065,twa1R
378080,s034E
378095,s035
378143,twb1R
378158,s035E
378173,s032
378209,s032
378229,fdi1
378268,s032
378288,fdi1
378308,twb0
378355,twb1
378381,s099
378401,fdi1
378444,twb1
378515,s099E
378530,s100
378572,s100
378627,s099
378650,s101
378698,twb1R
378713,s101E
378728,s102
378776,twa1R
378791,s102E
378806,s103
378834,s103
378883,s103E
378898,s104
378938,twb1R
378953,s104E
378968,s105
379041,s105E
379056,s106
379104,twb1R
379119,s106E
379134,s107
379185,fdo1
379202,fdo1R
379217,s107
379264,s164
379284,fdi1
379312,fdo1
379329,fdo1Rv
379344,s164N
379395,s107E
379410,s103
379441,s103E
379456,s108
379496,twb1R
379511,s108E
379526,s109
379599,s109E
379614,s110
379662,twb1R
379677,s110E
379692,s111
379743,fdo1
379760,fdo1R
379775,s111
379822,s165
379842,fdi1
379870,fdo1
379887,fdo1Rv
379902,s165N
379953,s111E
379968,s103
379999,s103E
380014,s112
380077,s112E
380092,s113
380137,s113E
380152,s114
380193,fdo1
380210,fdo1R
380225,s114
380272,s166
380292,fdi1
380320,fdo1
380337,fdo1Rv
380352,s166N
380403,s114E
380418,s103
380458,s099E
380473,s043
380513,twa1
380558,s032E
380573,s043
380615,s032
380641,s032E
380656,s043
380696,twa1
380743,s036
380791,twa1
380822,s041
380870,twa1
380901,s042
380949,twa1
380972,fdo1
380989,fdo1R
381004,s043R
381019,s036R
381034,s041R
381049,s042F
381069,fdi1
381099,fdo1
381116,fdo1F
381186,s037
381206,fdi1
381226,twb0
381268,twb1
381790,M4fV
382059,Z5fV
382176,N6fV
382420,B7fV
382451,a7fV
382506,s037E
382521,s038
382577,fdo1
382594,fdo1R
382609,s038F
382629,fdi1
382654,fdo1
382671,fdo1F
382749,s039
382769,fdi1
382823,s039E
382838,s040
382875,twa0
382926,twa1
382952,s044
382972,fdi1
382992,twa0
383064,s044E
383079,s040
383119,twb0
383265,twb1
383291,s044
383311,fdi1
383331,twa0
383403,s044E
383418,s040
383458,twb0
383604,twb1
383630,s045
383650,fdi1
383670,twb0
383712,s045E
383727,s040
383782,twa0
383833,twa1
383851,fdo1
383868,fdo1R
383883,s040E
383898,qstc
383920,fdi1
383945,fdo1
383962,fdo1F
384032,s101
384052,fdi1
384103,twb1R
384118,s101E
384133,s102
384181,twa1R
384196,s102E
384211,s103
384260,s103E
384275,s104
384315,twb1R
384330,s104E
384345,s105
384418,s105E
384433,s106
384481,twb1R
384496,s106E
384511,s107
384562,fdo1
384579,fdo1R
384594,s107
384641,s164
384661,fdi1
384689,fdo1
384706,fdo1Rv
384721,s164N
384767,s107E
384782,s103
384813,s103E
384828,s108
384868,twb1R
384883,s108E
384898,s109
384971,s109E
384986,s110
385034,twb1R
385049,s110E
385064,s111
385115,fdo1
385132,fdo1R
385147,s111
385194,s165
385214,fdi1
385242,fdo1
385259,fdo1Rv
385274,s165N
385320,s111E
385335,s103
385366,s103E
385381,s112
385444,s112E
385459,s113
385504,s113E
385519,s114
385560,fdo1
385577,fdo1R
385592,s114
385639,s166
385659,fdi1
385687,fdo1
385704,fdo1Rv
385719,s166N
385765,s114E
385780,s103
385806,fdo1
385823,fdo1R
385838,s043R
385853,s036R
385868,s041R
385883,s042F
385903,fdi1
386063,fdo1
386080,fdo1F
386150,s037
386170,fdi1
386190,twb0
386232,twb1
387329,oJfV
387606,s037E
387621,s038
387677,fdo1
387694,fdo1R
387709,s038F
387729,fdi1
387759,fdo1
387776,fdo1F
388516,s039
388536,fdi1
388571,s039E
388586,s040
388623,twa0
388665,twa1
388691,s044
388711,fdi1
388731,twa0
388803,s044E
388818,s040
388858,twb0
388995,twb1
389021,s045
389041,fdi1
389084,s045E
389099,s040
389167,twa0
389209,twa1
389254,s039
389274,fdi1
389309,s039E
389324,s040
389361,twa0
389403,twa1
389429,s045
389449,fdi1
389492,s045E
389507,s040
389575,twa0
389617,twa1
389638,fdo1
389655,fdo1R
389670,s040E
389685,qstc
389707,fdi1
389727,fdo1
389744,fdo1F
389803,s048
389823,fdi1
389863,tlk0+
389886,tlk1R
389901,s048E
389916,s049
389941,tlk0+
389964,tlk1R
389979,s049E
389994,s050
390030,s050E
390045,s051
390080,s051E
390095,s052
390125,s052E
390140,s053
390221,s053E
390236,s054
390253,tlk0
390281,tlk1y
390329,s054E
390344,s055
390371,tlk0+
390394,tlk1+
390417,s055E
390432,s056
390469,s056E
390484,s057
390501,tlk0+
390532,tlk1E
390547,fdo1
390564,fdo1R
390579,s057F
390599,fdi1
390619,fdo1
390636,fdo1F
390750,s058
390770,fdi1
390790,tlk0
390823,tlk1y
390868,fdo1
390885,fdo1R
390936,tlk0E
390951,s059
390971,fdi1
391021,tlk0+
391044,tlk1
391082,s059E
391097,s060
391194,s060E
391209,s061
391275,fdo1
391292,fdo1R
391347,s062
391374,fdi1
391465,s062E
391480,s063
391508,s063E
391523,s027
391592,s027E
391607,s028
391650,s028E
391665,s064
391749,s064E
391764,s065
391789,s065E
391804,s066
391821,thk1+
391844,tlk0+
391867,thk2f
391882,tlk1
391900,s066E
391915,s067
391961,s067E
391976,s068
392034,tlk0+
392057,tlk1+
392080,s068E
392095,s069
392112,tlk0
392173,tlk1+
392196,fdo1
392213,fdo1R
392228,s069E
392243,qstc
392271,fdi1
392291,fdo1
392308,fdo1F
392364,s030
392384,fdi1
392404,twb0+
392447,fdo1
392464,fdo1R
392479,s030
392505,s032
392525,fdi1
392561,s032E
392576,s031
392593,tlk0+
392624,tlk1+
392647,s031E
392662,s033
392687,twa0+
392718,twa1R
392733,s033E
392748,s034
392773,s034E
392788,s035
392821,fdo1
392838,fdo1R
392853,s035N
392911,s036
392931,tlk0E
392946,fdi1
392974,tlk1R
392989,s036E
393004,s037
393029,fdo1
393046,fdo1R
393061,s037N
393112,s038
393129,fdi1
393180,s038E
393195,s039
393227,s039E
393242,s040
393287,s040E
393302,s041
393356,s041E
393371,s042
393388,tlk0+
393411,tlk1+
393434,twb0+
393462,fdo1
393479,fdo1R
393494,s042E
393509,qstc
393539,fdi1
393559,fdo1
393576,fdo1F
393674,s055
393702,s055
393722,s054
393758,fdi1
393799,s055
393825,s055
393843,s054E
393858,s056
393915,s056E
393930,s057
393947,tlk0+
393978,tlk1R
393993,s057
394027,s068
394055,s068
394075,s067
394111,fdi1
394152,s068
394178,s068
394196,s067E
394211,s056
394248,s056
394282,s070
394310,s070
394330,s069
394366,fdi1
394407,s070
394433,s070
394451,s069E
394466,s056
394503,s056
394529,s058
394557,s058
394577,s059
394618,s058
394644,s058
394662,s059E
394677,s066
394743,s058
394769,s058
394787,s059E
394802,s060
394819,tlk0
394870,tlk1R
394885,s060E
394900,s061
394925,tlk0+
394948,tlk1R
394963,s061E
394978,s062
395019,s062E
395034,s063
395100,s058
395126,s058
395144,s059E
395159,s064
395176,tlk0
395227,tlk1R
395242,s064E
395257,s061
395282,tlk0+
395305,tlk1R
395320,s061E
395335,s062
395376,s062E
395391,s063
395457,s058
395483,s058
395501,s059E
395516,s065
395533,tlk0
395584,tlk1R
395599,s065E
395614,s061
395639,tlk0+
395662,tlk1R
395677,s061E
395692,s062
395733,s062E
395748,s063
395798,fdo1
395815,fdo1R
395830,s063R
395845,s066F
395865,fdi1
395885,fdo1
395902,fdo1F
395981,s057
396008,fdi1
396033,s057
396051,fdo1
396068,fdo1R
396083,s063R
396098,s066F
396118,fdi1
396138,fdo1
396155,fdo1F
396225,s086
396261,fdi1
396289,tlk0+
396312,fdo1
396329,fdo1f'
396344,tlk1R
396407,s089
396427,fdi1
396463,s089E
396478,s087
396512,s087E
396527,s088
396544,pa00+
396575,s088
396601,tlk0+
396624,fdo1
396641,fdo1f'
396656,tlk1R
396719,s089
396739,fdi1
396775,s089E
396790,s087
396824,s087E
396839,s091
396856,pa00+
396887,s091
396913,tlk0+
396936,fdo1
396953,fdo1f'
396968,tlk1R
397031,s089
397051,fdi1
397087,s089E
397102,s087
397136,s087E
397151,s092
397168,pa00+
397199,s092
397217,s090
397254,fdo1
397271,fdo1R
397286,s090F
397306,fdi1
397326,fdo1
397343,fdo1F
397413,s071
397449,fdi1
397474,s071E
397489,s096
397541,tlk1
397559,s096
397582,s073
397610,s073
397630,s072
397684,s073
397710,s073
397728,s072E
397743,s074
397823,s074E
397838,s075
397893,s075E
397908,s078
397925,tlk0+
397948,tlk1
397966,s078E
397981,s076
398027,fdo1
398044,fdo1R
398059,s076
398096,s098
398116,efon
398133,efon+
398176,fdo1
398193,fdo1R
398208,s0985x
398230,nose
398247,nosejo
398336,s077
398363,fdi1
398400,tlk0+
398423,tlk1+
398446,fdo1
398463,fdo1R
398478,s077F
398498,fdi1
398518,fdo1
398535,fdo1F
398605,s079
398641,fdi1
398666,s079E
398681,s080
398726,s080E
398741,s081
398758,tlk0+
398789,tlk1+
398812,fdo1
398829,fdo1R
398844,s081F
398864,fdi1
398884,fdo1
398901,fdo1F
398993,s082
399044,fdi1
399072,tlk0+
399095,tlk1
399113,s082E
399128,s083
399181,s083E
399196,s084
399213,tlk0+
399236,tlk1+
399259,s084E
399274,s085
399299,fdo1
399316,fdo1R
399331,s085F
399351,fdi1
399371,fdo1
399388,fdo1F
399700,twb0E
399715,s208
399735,fdi1
399798,s208E
399813,s209
399958,s209E
399973,s210
400051,s210E
400066,s211
400157,s211E
400172,s212
400250,s212E
400265,s213
400290,s213E
400305,s214
400345,twa1
400457,s214E
400472,s215
400686,s215E
400701,s216
400799,s216E
400814,s217
400852,twb0+
400875,s217E
400890,s218
400907,twb1+
400950,s218E
400965,s219
400982,tlk0+
401005,tlk1+
401028,fdo1
401045,fdo1R
401134,fdi1
401154,fdo1
401171,fdo1F
401236,s220
401256,fdi1
401302,s220E
401317,s221
401357,twb1
401375,s221E
401390,s222
401432,s222
401450,s223
401502,s224
401565,s224E
401580,s225
401617,fdo1
401634,fdo1R
401649,s225
401873,qs00'
401930,s226
401950,efon
402009,s226E
402024,s227
402099,tlk1
402127,s227E
402142,s228
402171,main
402191,s228E
402206,s229
402249,s229E
402264,s230
402304,corp'
402336,s230E
402351,s231
402386,sha0
402412,s231E
402427,s232
402444,sha1fu
402459,sha1fu
402474,sha1
402559,s232E
402574,s233
402641,s233E
402656,s234
402684,s234E
402699,s235
402716,sha1
402751,s235E
402766,s236
402817,s236E
402832,s237
402883,s237E
402898,s239
402949,s239
402967,s238
402984,s166
403011,s238E
403026,s242
403046,s242E
403061,s243
403093,qs01
403111,s171
403131,s167
403151,s168
403171,s169
403191,s243E
403206,s244
403226,s170
403258,fdo1
403275,fdo1R
403290,s244N
403375,nose
403392,nosejo
403479,s240
403499,fdi1
403527,s240E
403542,s241
403617,fdo1
403634,fdo1R
403649,s241F
403669,fdi1
403689,fdo1
403706,fdo1F
403768,s087
403788,fdi1
403816,s087E
403831,s088
403848,twb0+
403871,twb1n
403920,s088E
403935,s089
403966,fdo1
403983,fdo1R
403998,s089w
404318,s090
404338,efon
404355,efonfu
404370,tlk0
404441,s090E
404456,s091
404476,s091E
404491,s092
404508,tlk1
404648,s092E
404663,s093
404691,s093E
404706,s094
404760,s094E
404775,s095
404815,s095E
404830,s096
404867,tlk0+
404890,tlk1R
404905,s096E
404920,s097
404971,s097E
404986,s098
405016,fdo1
405033,fdo1R
405217,s099
405237,fdi1
405274,s099E
405289,s100
405342,s100E
405357,s101
405400,s101E
405415,s098
405440,s098E
405455,s102
405500,s102E
405515,s103
405544,tlk0+
405567,tlk1+
405595,fdo1
405612,fdo1R
405627,s103N
405691,fdi1
405716,fdo1
405733,fdo1F
405799,s181
405819,fdi1
405839,tlk0+
405862,tlk1
405880,s181E
405895,s182
405923,s182E
405938,s183
405976,fdo1
405993,fdo1R
406008,s183
406132,qs00y
406160,s242
406180,s166
406197,efon
406214,efon
406232,s242E
406247,s250
406267,s250E
406282,s136
406302,s136E
406317,s139
406369,qs00R
406384,s139E
406399,s243
406416,qs01
406434,s171
406454,s167
406474,s168
406494,s169
406514,s243E
406529,s244
406549,s170
406576,fdo1
406593,fdo1R
406608,s244
406633,nose
406650,nosejo
406725,s185
406745,fdi1
406777,tlk0+
406808,tlk1
406826,s185E
406841,s186
406869,s186E
406884,s184
406901,tlk0+
406932,tlk1
406955,fdo1
406972,fdo1R
407010,qstc
407032,fdi1
407057,fdo1
407074,fdo1F
407331,hap0
407349,ohh0
407367,s208
407387,fdi1
407404,fdi1+
407427,s208E
407442,s209
407467,s209E
407482,s210
407488,kidl0
407508,hap1+
407539,s210E
407554,s211
407571,hapr
407600,s211E
407615,s212
407632,hap0+
407671,s212E
407686,s213
407703,haprf
407718,tlk0+
407749,tlk1
407767,s213E
407782,s214
407850,s214E
407865,s215
407882,hap0+
407905,hapr+
407928,s215E
407943,s216
407960,tlk0+
407983,tlk1
408004,thk0+
408035,s216E
408050,s217
408083,thk1
408107,s217E
408122,s218
408156,tlk0+
408179,s218E
408194,s219
408219,tlk1R
408234,s219E
408249,s220
408280,thk0
408306,thk1
408330,s220E
408345,s221
408362,dsk0S
408375,dsk0
408393,dsc0+
408416,s221E
408431,s222
408456,ehn0+
408479,ehn1
408497,s222E
408512,s223
408591,s223E
408606,s224
408662,s224E
408677,s225
408705,s225E
408720,s226
408758,sha0
408784,tlk0+
408807,s226E
408822,s227
408882,ehn0+
408905,s227E
408920,s228
408937,ehn1
409006,tlk0+
409029,dsc1f
409044,tlk1R
409059,s228E
409074,s229
409105,s229E
409120,s230
409145,tlk0+
409176,tlk1
409194,s230E
409209,s231
409269,ehn0+
409292,ehn1
409310,s231E
409325,s233
409354,ohh0+
409377,s233E
409392,s232
409409,ohh1+
409430,ohh1f
409445,poi0+
409482,s244
409499,ded0
409517,s232E
409532,s235
409564,s235E
409579,s236
409585,kidl0
409614,dsk1+
409645,s236E
409660,s237
409700,s237E
409715,s234
409766,s234E
409781,s238
409821,s238E
409836,s239
409867,dis0+
409907,s239E
409922,s240
409939,tlk0+
409970,tlk1R
409985,s240E
410000,s241
410037,kai0
410061,kai0R
410076,s241E
410091,s242
410111,tla0+
410142,tla1
410160,s242E
410175,s243
410192,tlk0+
410223,fdo1
410240,fdo1R
410255,s243f
410270,tlk14-
410387,s079
410407,fdi1
410424,fdi1
410442,oti1R0
410457,s079E0
410472,s120
410527,s120E0
410542,s080
410568,s080E0
410583,s081
410616,s081E0
410631,s082
410664,s082E0
410679,s083
410712,s083E0
410727,s084
410779,fdo1
410796,fdo1
410814,s084N
410925,s085
410945,fdi1
410962,fdi1
410983,hap0+
411009,s085E0
411024,s086
411061,s086E0
411076,s087
411093,hapr
411122,tlk0+
411145,s087E0
411160,s088
411196,s088E0
411211,s089
411228,dis0+
411251,s089E0
411266,s090
411283,thk1+
411306,tlk1+
411329,s090E0
411344,s091
411390,s091E0
411405,s092
411422,thk2+
411445,dis0+
411468,s092E0
411483,s093
411508,s093E0
411523,s094
411540,tlk0+
411571,tlk1
411589,s094E0
411604,s095
411621,tlk0+
411644,kai0+
411665,kai0R0
411680,s095E0
411695,s096
411712,tlk1+
411735,tlk0+
411766,tlk1
411784,s096E0
411799,s097
411816,tlk1f
411831,obi0+
411877,s097E0
411892,s098
411909,tlk0+
411932,obi1
411950,s098E0
411965,s099
412018,s099E0
412033,s100
412070,s100E0
412085,s101
412119,ehn1
412166,agr0
412184,s101E0
412199,s102
412233,s102E0
412248,s103
412292,s103E0
412307,s104
412356,dis0+
412379,s104E0
412394,s105
412419,s105E0
412434,s106
412451,tla0+
412474,tla1+
412497,s106E0
412512,s107
412588,s107E0
412603,s108
412645,s108E0
412660,s109
412688,s109E0
412703,s110
412731,s110E0
412746,s111
412780,agr1R0
412795,s111E0
412810,s112
412859,s112E0
412874,s113
412897,pnt0
412949,pnt1
412973,s113E0
412988,s114
413035,s114E0
413050,s115
413085,tlc0+
413122,s115E0
413137,s116
413170,s116E0
413185,s117
413202,tlc1
413244,pnt0+
413267,s117E0
413282,s118
413307,pnt1
413349,ags1En
413381,s118E0
413396,s119
413429,fdo1
413446,fdo1R0
413461,s119N
413508,fdi2
413528,fdo1
413545,fdo1F
413777,s210
413797,fdi1
413814,dis0
413880,s210E0
413895,s211
413974,s211E0
413989,s212
414035,tlk1
414053,s212E0
414068,s213
414116,tlk1R0
414131,s213E0
414146,s214
414236,tlk1R0
414251,s214E0
414266,s215
414335,s215E0
414350,s216
414375,s216E0
414390,s218
414471,dis0
414491,s218E0
414506,s217
414561,tlk2
414579,s217E0
414594,s219
414634,s219E0
414649,s220
414710,sha0
414737,s220E0
414752,s238
414772,s238E0
414787,s221
414818,s221E0
414833,s222
414889,s222E0
414904,s223
414953,s223E0
414968,s224
415028,s224E0
415043,s225
415119,s225E0
415134,s226
415171,s226E0
415186,s227
415238,tlk1fu
415309,tlk1R0
415324,s227E0
415339,s228
415394,s228E0
415409,s229
415449,tlk1R0
415464,s229E0
415479,s230
415534,s230E0
415549,s231
415603,s231E0
415618,s232
415688,s232E0
415703,s233
415740,s233E0
415755,s234
415840,s234E0
415855,s235
415910,s235E0
415925,s236
415978,tlk1'
416003,s236E0
416018,s237
416090,tlk2E
416105,fdo1
416122,fdo1R0
416137,s237'
416214,fdi1
416234,fdo1
416251,fdo1F
416449,s105
416469,fdi1
416566,s105E
416581,s106
416623,s106E
416638,s107
416697,s107E
416712,s108
416772,tlk1R
416787,s108E
416802,s109
416874,tlk1R
416889,s109E
416904,s110
416947,s110E
416962,s111
417021,s111E
417036,s112
417086,s112E
417101,s113
417138,s113E
417153,s114
417214,thk2R
417229,s114E
417244,s115
417292,fdo1
417309,fdo1R
417324,s115'
417401,fdi1
417421,fdo1
417438,fdo1F
417603,s116
417623,fdi1
417643,tlk0+
417666,tlk1+
417689,s116E
417704,s117
417753,s117E
417768,s118
417819,s118E
417834,s119
417871,s119E
417886,s120
417939,tlk1R
417954,s120E
417969,s121
418012,s121E
418027,s122
418092,s122E
418107,s123
418168,s123
418186,s124
418234,s124E
418249,s125
418342,s125E
418357,s126
418388,s126E
418403,s127
418428,s127E
418443,s128
418480,s128E
418495,s129
418527,s129E
418542,s130
418579,s130E
418594,s131
418619,s131E
418634,s132
418678,s132E
418693,s133
418720,fdo1
418737,fdo1R
418752,s133'
418804,fdi1
418834,fdo1
418851,fdo1F
419028,s134
419048,fdi1
419114,s134E
419129,s135
419154,s135E
419169,s136
419217,tlk2R
419232,s136
419250,s139
419270,fdi1
419325,tlk2R
419340,s139E
419355,s137
419388,s137E
419403,s140
419441,ure0R
419456,s140E
419471,s141
419509,ure0R
419524,s141
419547,s143
419567,s143
419593,s143
419613,s143
419631,s142
419651,s142E
419666,s144
419704,dis0R
419719,s144E
419734,s145
419787,fdo1
419804,fdo1R
419819,s145E
419834,s146
419854,efon
419871,efonfx
419899,pas0E
419914,fdo1
419931,fdo1R
419946,s146E
419961,s147
419981,fdi1
420017,fdo1
420034,fdo1R
420049,s147fx
420064,tlk2
420232,s219
420252,efon
420269,efon
420323,sha0R0
420338,s219E
420353,s148
420403,aww0R
420418,s148E0
420433,s222
420484,s222E0
420499,s223
420538,sha1
420556,fdo1
420573,fdo1R0
420719,s149
420739,fdi1
420782,s149E
420797,s150
420845,s150E
420860,s151
420923,s151E
420938,s152
420993,s152E
421008,s153
421031,s153E
421046,s154
421081,s154E
421096,s155
421147,s137E
421162,s138
421195,fdo1
421212,fdo1R
421227,s138R
421242,s155'
421289,fdi1
421314,fdo1
421331,fdo1F
421499,s156
421519,fdi1
421604,tlk2R
421619,s156E
421634,s157
421700,s157E
421715,s158
421740,s158E
421755,s159
421808,s159E
421823,s160
421870,s160E
421885,s161
421938,s161'
421963,s162
422017,s162E
422032,s163
422097,s163E
422112,s164
422170,s164E
422185,s166
422235,s166E
422250,s167
422343,s167E
422358,s168
422401,tlk1R
422416,s168E
422431,s169
422464,s169E
422479,s170
422534,s170E
422549,s171
422610,s171E
422625,s172
422650,s172E
422665,s173
422728,s173E
422743,s174
422760,tlk1'
422814,s174E
422829,s176
422865,s176E
422880,s175
422908,s175E
422923,s165
422943,s165E
422958,s177
422978,s177n
423013,s179
423033,s179
423059,s179
423079,s179
423097,s178
423117,s178E
423132,s180
423183,tlk1R
423198,s180E
423213,s181
423261,s181E
423276,s182
423333,s182E
423348,s183
423386,thk2fu
423462,s183E
423477,s184
423593,s184E
423608,s185
423648,s185E
423663,s186
423683,s186E
423698,s187
423774,s187E
423789,s188
423885,s188E
423900,s189
423917,tlk0fu
423972,fdo1
423989,fdo1R
424004,s189fu
424019,tlk1
424115,s190
424135,fdi1
424163,s190E
424178,s191
424216,aww0R
424231,s191E
424246,s192
424308,s192E
424323,s193
424366,s193E
424381,s194
424424,fdo1
424441,fdo1R
424456,s194fx
424471,tlk2
424504,sha0
424573,s195
424593,efon
424610,efon
424672,fdo1
424689,fdo1R
424704,s195fu
424732,sha1
424828,s196
424848,fdi1
424876,s196E
424891,s197
424944,tlk1fx
424982,fdo1
424999,fdo1R
425014,s197E
425029,qstc
425108,fdi1
425131,fdo1
425148,fdo1F
425252,s055
425280,s055
425300,s054
425320,s057
425356,fdi1
425417,s055
425443,s055
425461,s054E
425476,s057
425493,tlk0+
425566,s055
425592,s055
425610,s054R
425625,s057E
425640,s060
425657,tlk0
425696,s060E
425711,s056
425775,s056E
425790,s057
425835,s055
425861,s055
425879,s054R
425894,s057E
425909,s060
425926,tlk0
425965,s060E
425980,s056
426044,s056E
426059,s057
426088,fdo1
426105,fdo1R
426120,s054R
426135,s055R
426150,s056R
426165,s057F
426185,fdi1
426208,fdo1
426225,fdo1F
426329,s055
426357,s055
426377,s054
426397,s057
426433,fdi1
426486,s057
426520,fdo1
426537,fdo1R
426552,s056
426575,s055
426601,s055
426619,s054F
426639,fdi1
426659,fdo1
426676,fdo1F
426761,s057
426788,fdi1
426813,tlk0+
426836,tlk1+
426859,fdo1
426876,fdo1R
426891,s057F
426911,fdi1
426931,fdo1
426948,fdo1F
427024,s086
427060,fdi1
427088,tlk0
427130,end0+
427153,fdo1
427170,fdo1R
427185,s086F
427205,fdi1
427567,tlk0
427585,tlk1
427615,tlk0
427644,thk1
427775,tlb0
427809,tlk0
427848,tlk0
427887,tlk0
427921,tlk0
427949,tlk1
427967,thk1
428170,pas0
428199,tlk0
428255,tlk0
428274,tlk1
428308,tlk0
428331,tlk1
428350,tlk0
428380,tlk0
428410,tlk0
428690,twa0
428840,twa0
428888,twb0
429284,twa0
429303,twa1
429563,tlk0
432309,fdo1
432326,fdo1F
432456,s198
432476,fdi1
432493,fdi1+
432516,s198E
432531,s199
432556,s199E
432571,s200
432628,s200E
432643,s201
432670,s201E
432685,s147
432710,s147E
432725,s202
432751,s202E
432766,s203
432795,s203E
432810,s204
432857,hsa0
432875,s204E
432890,s074
432913,hsa0R
432928,s074E
432943,s205
433010,s205E
433025,s206
433060,tlk0+
433083,s206E
433098,s149
433118,s149E
433133,s150
433158,tlk1R
433173,s150E
433188,s207
433213,thk0+
433236,s207E
433251,s208
433268,thk1+
433307,s208E
433322,s108
433339,tlk0+
433362,tlk1R
433377,s108E
433392,s209
433409,tlk0+
433432,ten0R
433447,s209E
433462,s151
433487,s151E
433502,s208
433533,s208
433551,s210
433573,tlk0+
433596,s210E
433611,s152
433636,tlk1R
433651,s152E
433666,s211
433718,s211E
433733,s212
433750,tlk0+
433773,tlk1R
433788,s212E
433803,s213
433836,s213E
433851,s215
433876,s215E
433891,s214
433908,tlb0+
433939,tlb1S
433952,tlb1R
433967,s214E
433982,s216
434029,tlk0+
434052,tlk1R
434067,s216E
434082,s217
434107,s217E
434122,s218
434139,tlb0+
434162,tlb1R
434177,s218E
434192,s219
434217,tlb0+
434240,tlb1R
434255,s219E
434270,s220
434307,s220E
434322,s109
434339,tlk0+
434377,thk0+
434400,thk1R
434415,s109E
434430,s110
434447,tlk0+
434470,ten0R
434485,s110E
434500,s111
434517,tlb0+
434548,tlb1R
434563,s111E
434578,s221
434603,s221E
434618,s223
434656,tlb0+
434679,tlb1R
434694,s223E
434709,s112
434734,tlk0+
434757,ten0R
434772,s112E
434787,s113
434804,tlb0+
434827,tlb1R
434842,s113E
434857,s153
434895,s153E
434910,s114
434932,tlb0+
434955,tlb1R
434970,s114E
434985,s224
435002,tlk0+
435025,fdo1
435042,fdo1R
435057,s224kidl0
435225,s225
435245,efon
435262,efon+
435285,s225E
435300,s226
435325,s226E
435340,s227
435365,s227E
435380,s154
435405,s154E
435420,s115
435474,s115E
435489,s116
435521,tlk0+
435544,s116E
435559,s228
435576,yes0+
435599,s228E
435614,fdo1
435631,fdo1kidl0
435644,kidl0
435653,kidl0
435755,s155
435775,fdi1
435792,fdi1
435810,s155E
435825,s117
435850,tlk0+
435873,tlk1R
435888,s117E
435903,s118
435936,fdo1
435953,fdo1R
435968,s118N
436225,s222
436252,efon
436269,efonJ
436296,s222E
436311,s229
436355,s229E
436370,s230
436423,stb0'
436513,s230E
436528,s232
436545,sha0
436563,sha0S
436576,sha0S
436589,sha0R
436604,s232E
436619,s156
436652,s156E
436667,s231
436673,kidl0
436682,kidl0
436702,s231
436720,s157
436743,s157E
436758,s233
436914,wra0
436932,s233E
436947,s148
436974,wra0U
436989,s148E
437004,s234
437024,wra1
437042,s234E
437057,s235
437082,fdo1
437099,fdo1R
437253,s236
437273,fdi1
437290,fdi1+
437313,s236E
437328,s237
437361,s237E
437376,s239
437409,s239E
437424,s240
437461,tlb0+
437484,tlb1E
437499,fdo1
437516,fdo1R
437531,s240
437546,str0
437563,s241
437583,fdi1
437600,fdi1
437628,fdo1
437645,fdo1R
437660,s241z
437681,kill
437687,kidl0
437799,ma00
437820,ptkl
437860,s242
437880,fdi1
437897,fdi1
437915,s242E
437930,s244
437960,s244
437978,s245
437995,ma00+
438018,s245
438036,s248
438069,s248E
438084,s247
438109,s247E
438124,s246
438149,s246E
438164,s158
438189,s158E
438204,s159
438229,s159E
438244,s085
438250,kidl0
438286,s085E
438301,s100
438334,s100E
438349,s160
438374,s160E
438389,s249
438395,kidl0
438444,tlb0R
438459,s249E
438474,s084
438507,tlb1+
438538,s084
438556,s101
438573,tlk0+
438604,tlk1R
438619,s101E
438634,s086
438675,s086E
438690,s243
438715,s243E
438730,s087
438765,s087E
438780,s088
438820,tlk0+
438843,tlk1R
438858,s088E
438873,s089
438890,yes0+
438913,s089E
438928,s181
438963,s181E
438978,s108
439008,s108E
439023,s090
439066,s090E
439081,s091
439113,yes0+
439144,s091E
439159,s092
439187,s092E
439202,s161
439219,ma00+
439242,s161E
439257,s093
439299,ma01S
439312,ma01'
439337,s093E
439352,s094
439560,s094
439578,s097
439595,ma01
439619,ma01R
439634,s097E
439649,s095
439669,main
439678,kidl0
439687,kidl0
439728,s095E
439743,s096
439795,s096E
439810,s106
439835,tlk0+
439858,tlk1S
439871,tlk1'
439913,s106E
439928,s098
440027,s098E
440042,s162
440062,tlb0R
440077,s162E
440092,s099
440109,usi0J
440149,s099E
440164,s163
440181,hik0+
440202,hik0R
440217,s163E
440232,s102
440264,tlb1+
440303,s102E
440318,s103
440351,s103
440377,s102E
440392,s105
440417,tlk0+
440455,ude0+
440478,s105
440501,s245
440507,kidl0
440516,kidl0
440610,s245E
440625,s246
440659,s246E
440674,s109
440699,s109E
440714,s110
440739,s110E
440754,s111
440824,fdo1
440841,fdo1R
440856,s111z
440896,nose
440913,nosej
441132,s112
441152,fdi1
441214,s112E
441229,s113
441254,sha0+
441283,sha0R
441298,s113E
441313,s164
441338,s164E
441353,s114
441378,s114E
441393,s075
441426,s075E
441441,s115
441458,sha1+
441481,tun0+
441502,tun0R
441517,s115E
441532,s116
441565,s116E
441580,s117
441597,tun1+
441628,s117E
441643,s118
441680,tlk0+
441703,tlk1R
441718,s118E
441733,s119
441750,usi0+
441773,s119E
441788,s120
441831,s120E
441846,s119
441868,tlk0+
441891,tlk1R
441906,s119E
441921,s121
441946,thk0+
441969,s121E
441984,s120
442024,ude0+
442047,s120
442065,s122
442096,s122E
442111,s076
442117,kidl0
442137,tlk0+
442168,tlk1R
442183,s076E
442198,s124
442215,tlb0+
442238,tlb1+
442261,s124E
442276,s131
442301,tlb0R
442316,s131E
442331,s165
442364,tlb1R
442379,s165E
442394,s121
442411,sha0+
442432,sha0'
442454,s121E
442469,s123
442524,s123E
442539,s166
442582,s166E
442597,s125
442629,tlk0+
442652,tlk1R
442667,s125E
442682,s126
442707,s126E
442722,s167
442756,s167E
442771,s168
442788,tlk0+
442811,s168E
442826,s127
442880,s127E
442895,s128
442926,s128
442944,s169
442969,s169E
442984,s129
443001,thk0+
443024,thk1R
443039,s129E
443054,s130
443089,s130E
443104,s077
443148,sha1+
443179,s077E
443194,s122
443211,ude0+
443232,ude0R
443247,s122E
443262,s133
443288,tlb0+
443311,tlb1S
443324,tlk1J
443359,s133E
443374,s134
443401,tlb0+
443439,thk0+
443462,thk1R
443477,s134E
443492,s078
443521,tlb0+
443559,ude1+
443582,s078E
443597,s135
443614,tlb0+
443645,tlb1R
443660,s135E
443675,s132
443692,tld0
443731,tlb0+
443754,tlb1R
443769,s132E
443784,s170
443801,tld1+
443824,s170E
443839,s123
443856,tlb0+
443879,tlb1R
443894,s123E
443909,s124
443964,tlb0+
443987,tlb1R
444002,s124E
444017,s140
444023,kidl0
444051,tlb0+
444074,tlb1'
444099,fdo1
444116,fdo1R
444131,s140N
444179,s136
444199,fdi1
444216,fdi1
444239,yes0+
444262,tlk0+
444285,s136E
444300,s137
444306,kidl0
444350,tlk0+
444388,tlb0+
444419,s137E
444434,s141
444456,lst0
444491,s141E
444506,s145
444531,s145E
444546,s142
444571,s142E
444586,s143
444592,kidl0
444612,lst1+
444643,s143E
444658,s125
444683,s125E
444698,s126
444723,tlk0+
444746,tlk1R
444761,s126E
444776,s127
444801,yes0+
444840,s127E
444855,s128
444889,s128E
444904,s138
444937,s138E
444952,s139
444998,s139E
445013,s171
445043,fdo1
445060,fdo1R
445075,s171
445090,str0
445107,s144
445127,fdi1
445144,fdi1'
445189,fdo1
445206,fdo1R
445221,s144
445236,kill
445367,s172
445387,fdi1
445404,fdi1U
445419,s172
445437,s145
445503,s145E
445518,s173
445548,s173E
445563,s146
445583,fdo1
445600,fdo1R
445615,s146N
445679,fdi2
445699,fdo1
445716,fdo1F
445783,s211
445803,fdi1
445831,s211E
445846,s210
445894,tlk1R
445909,s210E
445924,s209
445964,s209E
445979,s212
446019,s021
446039,ovl1
446056,s021E
446071,s216
446111,tlk0
446139,s216E
446154,s213
446184,s213E
446199,s214
446247,s214E
446262,s215
446310,fdo1
446327,fdo1R
446342,s215F
446362,fdi1
446392,fdo1
446409,fdo1F
446550,s217
446570,fdi1
446613,ten0'
446751,fdo1
446768,fdo1R
446783,s217
446962,fdi1
446992,fdo1
447009,fdo1R
447024,s217F
447044,fdi1
447091,fdo1
447108,fdo1R
447123,s217F
447143,fdi1
447173,fdo1
447190,fdo1F
447239,s222
447259,fdi1
447643,fdo1
447660,fdo1R
447675,s222F
447695,fdi1
447802,fdo1
447819,fdo1R
447834,s222
448049,fdi1
448079,fdo1
448096,fdo1F
448160,s230
448180,fdi1
448208,s230E
448223,s231
448248,s231E
448263,s232
448405,fdo1
448422,fdo1R
448437,s232F
448457,fdi1
448504,fdo1
448521,fdo1R
448536,s232
448669,fdi1
448694,fdo1
448711,fdo1F
448749,s235
448769,fdi1
448820,s235
448843,s235E
448858,s236
449036,fdo1
449053,fdo1R
449068,s236R
449083,s235
449180,fdi1
449210,fdo1
449227,fdo1F
449253,s239
449273,fdi1
449416,fdo1
449433,fdo1R
449448,s239
449586,fdi1
449611,fdo1
449628,fdo1F
449908,s218
449928,fdi1
449971,fdo1
449988,fdo1R
450018,tlk1
450405,s222
450425,fdi1
450461,fdo1
450478,fdo1R
450493,s222
450511,s219
450531,fdi1
450745,s232
450765,fdi1
450801,fdo1
450818,fdo1R
450833,s232
450851,s219
450871,fdi1
451520,s221R
451535,s224R
451550,s234R
451565,s238R
451580,s241E
451595,s225
451635,s225E
451650,s226
451698,thk2
451716,s226E
451731,s227
451782,s221R
451797,s224R
451812,s234R
451827,s238R
451842,s241E
451857,s227
451882,s227E
451897,s228
451937,fdo1
451954,fdo1R
451984,s046
452004,s229
452024,fdi1
452067,fdo1
452084,fdo1R
452099,s219R
452114,s221R
452129,s224R
452144,s229R
452159,s234F
452179,fdi1
452201,thk1
452362,s217
452382,fdi1
452434,fdo1
452451,fdo1R
452466,s217
452484,s220
452504,fdi1
452532,s220E
452547,s221
452599,thk1
452684,s217
452704,fdi1
452735,fdo1
452752,fdo1R
452782,thk1
452800,s219
452820,fdi1
452867,thk1
453001,tlk0
453019,s217
453039,ten0
453057,fdi1
453072,ten0'
453105,fdo1
453122,fdo1R
453152,thk1
453170,s219
453190,fdi1
453234,s217
453254,fdi1
453274,thk1
453308,fdo1
453325,fdo1R
453340,s217
453358,s219
453378,fdi1
453581,s222
453601,fdi1
453653,fdo1
453670,fdo1R
453700,thk1
453718,s223
453738,fdi1
453766,thk2
453784,s223E
453799,s224
453987,s222
454007,fdi1
454055,fdo1
454072,fdo1R
454102,thk1
454120,s219
454140,fdi1
454331,s222
454358,fdi1
454395,fdo1
454412,fdo1R
454442,thk1
454460,s219
454480,fdi1
454524,s222
454544,fdi1
454580,fdo1
454597,fdo1R
454612,s222
454630,s219
454650,fdi1
454744,s232
454764,fdi1
454806,fdo1
454823,fdo1R
454838,s232xE
454854,s233
454874,fdi1
454902,s233E
454917,s234
454934,tlk0
455007,s232
455027,fdi1
455072,fdo1
455089,fdo1R
455120,thk1
455138,s219
455158,fdi1
455238,s232
455258,fdi1
455303,fdo1
455320,fdo1R
455351,thk1
455369,s219
455389,fdi1
455461,s232
455481,fdi1
455512,fdo1
455529,fdo1R
455560,thk1
455578,s219
455598,fdi1
455745,s236
455765,fdi0
455807,fdo1
455824,fdo1R
455839,s236xE
455855,s237
455875,fdi1
455918,thk2
455936,s237E
455951,s238
456064,s236
456084,fdi0
456143,fdo1
456160,fdo1R
456191,thk1
456209,s219
456229,fdi1
456327,s236
456347,fdi0
456399,fdo1
456416,fdo1R
456447,thk1
456465,s219
456485,fdi1
456629,s236
456649,fdi1
456685,fdo1
456702,fdo1R
456717,s236x
456736,s219
456756,fdi1
456869,s239
456889,fdi1
456909,pas0
456945,pas0'
456970,fdo1
456987,fdo1R
457018,thk1
457036,s240
457056,fdi1
457099,s240E
457114,s241
457219,s239
457239,fdi1
457270,fdo1
457287,fdo1R
457318,thk1
457336,s219
457356,fdi1
457476,s239
457496,fdi1
457537,fdo1
457554,fdo1R
457585,thk1
457603,s219
457623,fdi1
457667,s239
457687,fdi1
457723,fdo1
457740,fdo1R
457755,s239E
457770,s219
457790,fdi1
457840,fdo1
457857,fdo1F
457933,s240
457953,fdi1
458011,s239
458044,s239
458067,s248
458095,s248
458115,s241
458170,s242
458210,thk1
458253,s243
458308,s244
458363,s245
458411,s246
458479,s247
458524,fdo1
458556,s247E6
458571,atg0
458597,atg0
458618,atg0
458639,atg0
458665,atg0
458686,atg0
458712,qstc
458743,fdi1
459117,sha0
459169,sha0
459551,sha0
459986,sha0
462249,thk1
462266,thk1f
462281,thk2
462298,thk2f
462313,tlk0
462340,ten0
462357,ten0f
462372,tlk1
462395,ten1
462412,ten1f
462427,tlk0
462446,ten0
462463,ten0f
462478,dis0
462495,dis0f
462510,tlk0
462533,ten0
462572,tlk0
462596,ten0
462627,tlk0
462651,ten0
462682,tlk0
462706,ten0
462737,tlk0
462761,ten0
462792,tlk0
462816,ten0
462847,tlk0
462878,ten0
462901,dis0
462920,tlk0
462939,ten0
463006,tlk0
467829,tlk0
467891,tlk0
467953,tlk0
468015,tlk0
468077,tlk0
468150,tlk0
468212,tlk0
468274,tlk0
468336,tlk0
468398,tlk0
468471,tlk0
468533,tlk0
468595,tlk0
468657,tlk0
468719,tlk0
468792,tlk0
468854,tlk0
468916,tlk0
468978,tlk0
469040,tlk0
469113,tlk0
469175,tlk0
469237,tlk0
469299,tlk0
469361,tlk0
469415,ten0
469458,tlk0
469488,tlk0
469507,ten0
469526,tlk0
469556,tlk0
469590,dis0
469620,tlk0
469639,ten0
469684,tlk1
469714,tlk0
469733,ten0
469763,tlk1
469808,tlk0
469842,tlk0
469900,tlk0
469930,pas0
470333,tlk0
470364,ten0
470524,tlk0
470542,ten0
470846,thk1
470862,thk2
470891,sdo0
471049,pas0
471077,pas02
471154,pas0
471177,pas0
472560,fdo1
472577,fdo1
472755,wpof'
472819,s067
472839,fdi1
472880,s068
472897,thk1'
472935,thk2R
472950,s068E
472965,s069
473002,s069E
473017,s070
473034,thk1+
473065,thk2R
473080,s070E
473095,s071
473118,bik0+
473147,s071E
473162,s072
473202,agr0
473241,s072E
473256,s073
473276,s073E
473291,s075
473308,agr1S
473321,agr1U
473336,s075E
473351,s074
473404,fra0
473422,s074E
473437,s076
473484,fra1R
473499,s076E
473514,s206
473534,s206E
473549,s077
473582,fra1R
473597,s077E
473612,s078
473618,kidl0
473638,tlk0+
473661,fdo1
473678,fdo1R
473693,s078kidl0
473717,pnt1
473735,s079
473752,fdi1
473767,pnt1
473785,s079E
473800,s080
473830,s080E
473845,s081
473877,ags0
473895,tuki
473915,s081E
473930,s082
473947,ags1E3
474009,ags1R
474024,s082E
474039,s090
474064,s090E
474079,s083
474085,kidl0
474136,tlk0+
474201,spo0R
474216,s083E
474231,s084
474295,s084E
474310,s085
474316,kidl0
474339,s085E
474354,s086
474395,spo0
474413,s086E
474428,s087
474486,wpon
474504,spo0
474524,s087E
474539,s088
474566,spo1R
474581,s088E
474596,s204
474616,s204E
474631,s205
474648,doku
474668,s205E
474683,s199
474713,cat0
474731,s199E
474746,s200
474766,slow
474783,s200E
474798,s201
474818,s201
474841,s203
474869,s203
474889,s089
474926,blak
474943,fdo0
474960,fdo0E
474975,gara
474995,s089R
475023,dead+
475111,stb0
475198,sta0
475265,sha0
475316,pa01
475367,pa01
475486,a003
475506,s091
475526,fdi1
475546,s091E
475561,s196
475595,a004
475615,s000
475655,s196E
475670,s092
475698,s092E
475713,s093
475746,s093E
475761,s094
475794,s094E
475809,s095
475826,stb1+
475847,stb1R
475862,s095E
475877,s096
475926,s096E
475941,s097
475958,tlk0+
475996,stb0+
476019,s097E
476034,s098
476059,s098E
476074,s099
476080,kidl0
476120,s099E
476135,s100
476181,s100E
476196,s101
476213,tlk0+
476244,tlk1R
476259,s101E
476274,s102
476307,s102E
476322,s103
476348,stb0+
476374,s103E
476389,s104
476435,s104E
476450,s105
476487,s105E
476502,s106
476527,s106E
476542,s107
476559,tlk0+
476582,tlk1R
476597,s107E3
476612,s001
476637,s001E
476652,s108
476677,s108E
476692,s109
476717,s109E
476732,s110
476765,s110E
476780,s112
476810,s112E
476825,s115
476861,s115E
476876,s114
476893,stb1+
476916,s114E
476931,s113
476956,s113E
476971,s116
477008,tlk0+
477031,s116E
477046,s117
477052,kidl0
477089,s117E
477104,s118
477136,sta0+
477157,tlk1R
477172,s118E
477187,s119
477239,s119E
477254,s120
477297,stb0+
477320,s120E
477335,s121
477360,s121E
477375,s122
477381,kidl0
477427,sta0
477445,s122E
477460,s123
477485,tlk0+
477508,tlk1R
477523,s123E
477538,s124
477571,s124E
477586,s125
477611,s125E
477626,s126
477675,fdo1
477692,fdo1R
477707,s126
477722,klal
477782,nose
477799,nosej
477926,sha0Hh
477954,bl00
477971,blkl
477991,s127
478008,fdi1
478025,fdi1
478040,open
478070,clos
478090,s127E
478105,fdo1
478122,fdo1
478137,kill
478157,s127
478177,fdi2
478205,s127E
478220,s129
478237,gak0
478255,sha1S
478268,sha1R
478283,s129E
478298,s128
478340,gak0K
478370,s128E
478385,s130
478422,s130E
478437,s131
478454,tlk0+
478477,tlk1J
478528,pnt0R
478543,s131E
478558,s132
478575,tlk0+
478596,pnt0R
478611,s132E
478626,s133
478651,s133
478669,s134
478701,pnt1
478719,sry0
478737,s134E
478752,s135
478790,sry1J
478814,s135E
478829,s136
478859,tlk0+
478882,tlk1
478918,s136E
478933,s137
478950,tld0+
478989,s137E
479004,s138
479049,s138E
479064,s139
479081,tld1+
479117,pnt0R
479132,s139E
479147,s140
479221,s140E
479236,s141
479283,s141E
479298,s142
479315,kun0+
479359,s142E
479374,s143
479399,tlk0+
479422,tlk1R
479437,s143E
479452,s202
479476,kun0+
479517,s202E
479532,s144
479570,s144E
479585,s136
479613,s136E
479628,s145
479651,bik0+
479680,s145E
479695,s146
479712,pnt0
479773,pnt1+
479800,pnt1R
479815,s146E
479830,s147
479847,sei0J
479882,s147E
479897,s148
479917,sei1+
479943,s148E
479958,s149
479983,fdo1
480000,fdo1R
480015,s149E3
480092,fdi2
480112,fdo1
480129,fdo1F
480303,s150
480323,fdi1
480343,tlk0+
480366,s150E
480381,s151
480398,tlk1+
480419,tlk1n
480454,s151E
480469,s153
480494,s153E
480509,s154
480585,s154E
480600,s209
480642,s209E
480657,s155
480700,s155E
480715,s156
480748,fdo1
480765,fdo1R
480780,s156N
480980,s210
481000,fdi1
481020,ovl1
481037,s210E3
481052,s211
481089,ovl1
481106,s211E3
481121,s157
481141,s157E3
481156,s158
481196,s158E3
481211,s159
481248,s159E3
481263,s160
481296,s160E3
481311,s161
481336,s161E3
481351,s162
481393,shk0'
481418,s162E3
481433,s163
481487,s163E3
481502,s164
481550,s164E3
481565,s165
481590,tlk1R3
481605,s165E3
481620,s166
481660,s166E3
481675,s000
481705,pas0R3
481720,s000E3
481735,s167
481760,bik1
481786,s167E3
481801,s168
481864,tlk1'
481894,s168E3
481909,s169
481932,fdo0
481949,fdo0E3
481964,butu
482023,s169E3
482038,s170
482058,fdi1
482107,s170E3
482122,sa05
482147,sa05E3
482162,s171
482243,s171E3
482258,s172
482297,s172E3
482312,s173
482337,s173E3
482352,s174
482369,tlk0+
482392,s174E3
482407,sa00
482484,tlk1R3
482499,sa00E3
482514,s175
482572,tlk0+
482595,tlk1R3
482610,s175E3
482625,s176
482650,s176E3
482665,sa01
482735,sa01E3
482750,s187
482825,s187E3
482840,s177
482865,s177E3
482880,s178
482902,thk1+
482925,s178E3
482940,sa02
482957,tlk0+
482980,tlk1R3
482995,sa02E3
483010,s179
483032,thk1
483058,s179E3
483073,s180
483090,tlk0+
483121,tlk1R3
483136,s180E3
483151,s181
483168,thk2+
483191,thk2J
483276,s181E3
483291,s184
483333,s184E3
483348,s185
483373,thk1
483396,thk1
483427,s185E3
483442,s186
483488,thk1
483506,s181E3
483521,s182
483546,s182E3
483561,s183
483586,s183E3
483601,sa03
483646,sa03E3
483661,sa04
483678,thk2
483714,sa04
483734,s181
483751,gkr1
483772,fdo1
483789,fdo1
483807,s186E3
483853,fdi2
483895,H2K7PYQ
488293,fdo1
488310,fdo1F
488424,zzza
488441,fdi1
488492,tlk1
488510,fdo1
488527,fdo1R
488542,zzza
488573,thk1E
488588,zzzb
488605,fdi1
488661,zzzbE
488676,zzzc
488746,zzzcE
488761,zzzd
488825,thk2
488863,zzzdE
488878,zzze
488926,tlk1R
488941,zzzeE
488956,zzzg
489001,zzzgE
489016,zzzf
489056,fdo1
489073,fdo1
489091,zzzfF
489108,qstc
489125,fdi2
489145,fdo1
489162,fdo1F
489314,l000
489331,fdi1
489391,l000E
489406,l001
489423,tlk1'
489488,l001E
489503,l002
489547,l002E
489562,kudn
489622,kudnE
489637,l003
489687,l003E
489702,clap
489755,clapJ
489779,l004
489824,twb0+
489855,twb1R
489870,l004E
489885,l005
489933,thk2R
489948,l005E
489963,buyu
490008,buyuE
490023,l006
490048,twb0+
490071,twb1
490112,tlk1
490150,l006E
490165,mezu
490217,tlk1R
490232,mezuE
490247,l007
490266,twa0+
490360,l007E
490375,l008
490420,l008E
490435,l009
490465,twa0+
490496,twa1
490514,l009E
490529,yosh
490565,fdo1
490582,fdo1R
490597,yoshN
490778,bass
490795,fdi1
490824,bassE
490839,k000
490872,twb0+
490895,k000E
490910,k001
490958,twb1R
490973,k001y
490998,k002
491060,k002E
491075,k003
491092,ude0+
491131,k003E
491146,k002
491179,k002E
491194,k004
491211,twb0+
491242,twb1R
491257,k004E
491272,k005
491289,ude1+
491340,k005E
491355,k006
491400,k006E
491415,k002
491460,k002E
491475,k007
491495,twa0+
491534,twa1R
491549,k007E
491564,k008
491627,k008E
491642,k009
491699,k009E
491714,k010
491739,ude0+
491762,k010E
491777,k011
491814,k011E
491829,k012
491879,k012y
491904,k013
491921,ude1+
491947,twa0+
491978,twa1R
491993,k013E
492008,k015
492025,twa0+
492064,twa1R
492079,k015E
492094,k014
492127,thk1+
492150,k014E
492165,k016
492193,thk2
492219,k016E
492234,k017
492282,k017E
492297,k018
492317,ude0+
492348,ude1R
492363,k018E
492378,k019
492417,k019E
492432,k020
492475,fdo1
492492,fdo1R
492507,l009N
492721,j000
492738,fdi1
492796,j000E
492811,j001
492851,j001E
492866,j002
492906,j002J
492930,j003
492996,j003E
493011,j004
493092,twa0+
493135,twa1
493153,j004E
493168,j005
493185,twa0+
493208,twa1
493244,twa1n
493279,j005E
493294,j006
493314,ude0+
493337,ude1R
493352,j006E
493367,j007
493419,j007E
493434,gaha
493451,gah0+
493534,gahaE
493549,j008
493590,twa0+
493613,twa1kidl0
493694,j008E
493709,j014
493726,ude0+
493749,twb0+
493772,twb1R
493787,j014E
493802,j009
493859,twb0+
493882,twb1R
493897,j009E
493912,j015
493940,j015E
493955,j016
493972,twa0+
493998,twa1R
494013,j016E
494028,j017
494059,thk1+
494090,thk2R
494105,j017E
494120,j018
494140,ude1+
494163,j018E
494178,j019
494230,j019E
494245,j020
494291,j020E
494306,j011
494381,j011E
494396,j012
494444,j012E
494459,j021
494476,ude0+
494507,ude1n
494542,j021E
494557,j022
494607,j022E
494622,j013
494700,fdo1
494717,fdo1R
494781,nose
494798,nosej
495062,tlk0
495080,y000
495097,fdi1
495128,tlk1R
495143,y000E
495158,y001
495195,twa0+
495226,twa1R
495241,y001E
495256,koko
495304,fdo1
495321,fdo1R
495336,koko
495367,waja
495384,fdi1
495415,fdo1
495432,fdo1R
495447,wajaj
495478,nose
495495,nosej
495711,y002
495728,fdi1
495783,y002E
495798,y003
495853,y003E
495868,y002
495908,tlk1+
495951,y002E
495966,y004
496027,y004E
496042,y001
496082,tlk1y
496115,y001E
496130,y005
496167,twa0+
496203,twa1R
496218,y005E
496233,y006
496273,twb0+
496312,twb0
496330,y006E
496345,y007
496415,y007E
496430,y008
496475,y008E
496490,y009
496539,fdo1
496556,fdo1R
496571,y0094
496701,sta0S
496729,hiz0S
496769,oooo
496786,fdi1
496806,ooooE
496821,oooa
496865,oooaE
496880,ooob
496913,ooobE
496928,oooc
496964,ooocE
496979,oood
496999,sta1+
497022,ooodE
497037,oooe
497065,oooeE
497080,ooof
497097,stb0+
497128,ooofE
497143,ooon
497163,stb1+
497214,ooog
497239,ude0+
497260,ude0R
497275,ooogE
497290,oooh
497310,hiz1+
497333,ooohE
497348,oooi
497391,hiz0+
497414,oooiE
497429,oooj
497446,stb0+
497488,ooojE
497503,oook
497542,oookE
497557,oool
497585,ooolE
497600,ooom
497636,fdo1
497653,fdo1R
497668,ooomj
497721,nose
497738,nosej
497954,tlk0
497972,y010
497989,fdi1
498069,y010E
498084,y011
498132,y011E
498147,y012
498207,tlk1
498225,y012E
498240,y013
498303,y013E
498318,y014
498361,y014E
498376,y015
498417,y015E
498432,y016
498480,y016E
498495,y017
498547,y017N
498568,y018
498645,y018E
498660,y019
498703,fdo1
498720,fdo1
498738,zzzfF
498755,fdi2
498775,fdo1
498792,fdo1F
498941,s000
498958,fdi1
498982,tld0
499000,tlk0
499037,s000EB
499052,s002
499080,tlk1RB
499095,s002EB
499110,s001
499127,tld1
499224,s003
499274,s003'
499296,s004
499316,ten1
499334,tlk0
499359,tld0
499450,who1
499467,who1'
499574,twa0
499592,s012
499609,whi1
499639,twa0
499685,twa1
499715,s012EB
499730,s013
499750,s013E#
499765,who1
499782,who1RB
499797,s012N
499849,s005
499866,whi1
499897,tld1y
499936,s005EB
499951,s008
499992,s008
500017,tlk1
500035,s008EB
500050,s009
500103,fdo0
500120,fdo0RB
500135,s009
500159,s010
500176,fdi1
500227,ovl2
500244,s010EB
500259,s016
500328,tlk1RB
500343,s016EB
500358,s011
500388,thk1
500453,fdo1
500470,fdo1
500488,s011F
500505,fdi1
500525,fdo1
500542,fdo1F
500797,s020
500814,fdi1
500841,ikr0
500859,ikr1
500877,ovl2
500894,s020EB
500909,s021
500941,ikr0
501002,s021EB
501017,s022
501120,en00
501137,s022EB
501152,s042
501169,str0
501229,fdo0
501246,fdo0RB
501261,s042
501279,str0
501296,str1
501319,dead'
501341,s023
501358,fdi0
501415,str0
501432,s023N
501507,s024
501524,std0+
501581,kill
501598,kill
501615,kill
501632,s025
501649,kill
501666,str0
501715,ovl1
501732,s025N
501760,s026
501788,s026'
501813,s027
501833,ovl1
501877,s028
501936,ovl1
501953,s044'
501975,s029
502008,kidl0
502048,s029'
502108,s030
502128,s030EB
502143,s031
502237,s031J
502264,s032
502359,s033
502379,s033EB
502394,s034
502433,s034EB
502448,s045
502472,nage
502492,s045'
502514,s036
502531,str0
502551,who1
502568,who1+
502590,kill
502699,s035
502716,whi1
502795,ovl2
502812,s035J
502836,std0EB
502851,s037
502903,s037EB
502918,s014
502935,kan0'
502967,akb0+
502993,fdo1
503010,fdo1
503025,kill
503086,fdi1
503106,fdo1
503123,fdo1F
503216,ktu0S
503244,ktu0S
503364,s110
503381,fdi1
503439,s111
503480,tlk1
503515,tlk1E
503530,ovl2
503562,s112
503609,fdo1
503626,fdo1
503644,s112F
503661,fdi1
503682,fdo1
503699,fdo1F
503851,s000
503868,fdi1
503934,s000E
503949,s001
503966,tlk0+
503989,tlk1
504030,s001E
504045,s002
504074,tlk0+
504105,s002E
504120,s003
504157,tlk1R
504172,s003N
504193,s004
504316,s004J
504340,s005
504372,tlk1
504398,ten1
504441,s005E
504456,s007
504527,s007E
504542,s008
504575,ten1R
504590,s008E
504605,s006
504668,ten0+
504691,s006E
504706,s009
504733,twb0+
504764,twb1R
504779,s009E
504794,s010
504830,dis0
504848,fdo1
504865,fdo1
504883,s010F
504900,fdi1
504920,fdo1
504937,fdo1F
505049,s050
505066,fdi1
505124,s050E
505139,s051
505156,twb0+
505215,s051E
505230,s052
505289,ten0R
505304,s052E
505319,s055
505366,twb0S
505379,twb0+
505402,s055E
505417,s053
505442,ten0S
505455,ten0
505473,fdo1
505490,fdo1E#
505505,qstc
505525,s053F
505542,fdi1
505562,fdo1
505579,fdo1F
505662,r002
505679,fdi1
505699,thk0+
505733,thk1S
505761,tlk0+
505795,r002E
505810,r003
505850,tlb0+
505873,tlb1
505891,tlk0+
505914,tlk1R
505929,r003E
505944,r004
505961,tlk0+
505999,thk0+
506025,r004E
506040,r011
506092,r011E
506107,r005
506138,tlk0+
506177,tlk1R
506192,r005E
506207,r006
506272,r006E
506287,r007
506353,r007E
506368,r008
506385,tlk0+
506416,tlk1+
506439,r008E
506454,r009
506501,hap0+
506524,r009E
506539,r010
506579,fdo1
506596,fdo1
506614,r010F
506631,fdi1
506651,fdo1
506668,fdo1F
506719,r001
506736,fdi1
506766,tlk0+
506792,r001E
506807,r002
506846,tlk1R
506861,r002E
506876,fdo1
506893,fdo1
506911,r010F
506928,fdi1
506948,fdo1
506965,fdo1F
507084,w000
507101,fdi1
507152,ten0
507170,w000E
507185,w001
507267,w001'
507292,w002
507334,w002E
507349,w003
507384,w003E
507399,w004
507453,fdo1
507470,fdo1
507488,w004F
507505,qstc
507522,fdi1
507542,fdo1
507559,fdo1F
507752,x000
507769,fdi1
507794,x000'
507816,x001
507868,x001E
507883,x002
507939,x002N
507966,x003
508016,x003E
508031,x005
508090,x005E
508105,x004
508162,twa1+
508188,x004N
508253,x006
508298,x006E
508313,x007
508341,x007J
508382,x008
508413,x008E
508428,x009
508448,tlk0+
508482,tlk1
508508,x009E
508523,x010
508578,tlk0+
508612,tlk1S
508625,tlk1
508643,x010E
508658,x011
508725,fdo1
508742,fdo1
508807,fdi1
508827,fdo1
508844,fdo1F
508965,p000
508985,fdi1
509045,fdo1
509062,fdo1
509080,p000F
509097,fdi1
509117,fdo1
509134,fdo1F
509327,sz00
509345,z000
509362,fdi1
509379,fdi1
509397,ovl2
509414,z000E
509429,z001
509473,z001E
509488,z002
509508,ktl0+
509545,ktl1R
509560,z002E
509575,z003
509595,szt0+
509629,sze0R
509644,z003E
509659,z004
509679,ktl0+
509713,ktl1
509731,z004E
509746,z005
509785,ovl2
509802,z005E
509817,z006
509837,szt0+
509882,sze0
509900,ovl2
509917,z006E
509932,z007
509963,z007E
509978,z008
510009,szn0+
510035,z008E
510050,z009
510067,aiy0+
510088,aiy0
510121,aiy1E
510136,z011
510172,z011E
510187,z010
510207,szy0+
510249,z010E
510264,z012
510295,ktl0+
510318,z012E
510333,z013
510358,ktl1
510395,z013
510445,z014
510462,szn0+
510506,z014E
510521,back
510568,fdo1
510585,fdo1R
510643,sz00S
510671,ktu0S
510714,z015
510731,fdi2
510770,z015E
510785,z016
510827,z016
510847,ovl2
510869,z017
510905,z017E
510920,z018
510940,ktl0'
510970,ktl1
510988,z018E
511003,z019
511028,ktl0+
511066,ktl1R
511081,z019E
511096,z020
511116,ktl0+
511154,ktl1
511177,z020
511203,z017E
511218,itaw
511235,ktl0+
511273,itawE
511288,ita2
511316,ktl1'
511354,ita2
511380,z017E
511395,z200
511415,ktl0+
511449,szy0+
511472,ktl1R
511487,z200E
511502,z201
511572,z201E
511587,z202
511604,ktl0+
511656,ktl1
511679,z202
511708,z017
511744,z017E
511759,z021
511779,aiy0+
511810,aiy1R
511825,z021
511851,z017
511869,z022
511907,szy0+
511933,z022E
511948,z023
512009,fdo1
512026,fdo1R
512041,z023N
512070,z024
512090,fdi1
512107,fdi1
512125,ktl0+
512156,z024E
512171,z025
512196,ktl1
512222,z025
512242,z026
512283,z026E
512298,soha
512334,fdo1
512351,fdo1R
512366,soha
512403,m000
512423,fdi1
512471,m000N
512510,m001
512552,m001E
512567,m002
512609,m002E
512624,m003
512674,m003E
512689,m004
512751,fdo1
512768,fdo1
512786,m0045
512810,nose
512827,nosej
513033,ktu0S
513070,fdi1
513087,z015
513131,z015
513157,z026E
513172,z203
513192,ktl0+
513226,ktl1R
513241,z203E
513256,z206
513276,ktl0+
513318,ktl1E
513333,ovl2
513350,z206E
513365,z204
513385,ktl0+
513419,ktl1
513437,z204E
513452,z207
513482,ktl0+
513524,ktl1
513542,z207E
513557,z203
513582,ktl0+
513605,ktl1
513628,z203
513654,z026E
513669,z210
513689,ktu0+
513734,ktu1R
513749,z210E
513764,z211
513784,ktu0+
513826,ktu1E
513841,ovl2
513858,z211E
513873,z212
513893,ktu0+
513935,ktu1R
513950,z212E
513965,z213
514001,z213
514030,fdo1
514047,fdo1E
514062,z027
514079,fdi1
514141,z027N
514162,z028
514195,z028E
514210,z030
514227,main
514254,z030N
514275,dead
514310,deadE
514325,z031
514345,main
514365,z031'
514442,z032
514516,ohh0E
514531,z033
514607,z033E
514622,stup
514642,stupE
514657,z034
514674,fdi2
514735,z034E
514750,z035
514767,ohh1
514803,z035E
514818,z036
514863,z036E
514878,z037
514895,kai0+
514946,z037
514997,z038
515035,dis0+
515071,z038E
515086,z039
515197,zb00E
515212,z040
515279,z040E
515294,z041
515476,z041E
515491,z042
515522,z042E
515537,z043
515570,z043E
515585,z044
515605,zby0+
515639,z043E
515654,z047
515690,zbo0+
515713,zbo1
515731,z047
515752,z044E
515767,z045
515784,zbt0'
515850,z045E
515865,z046
515901,z046E
515916,z047
515952,z047E
515967,z048
516011,fdo1
516028,fdo1R
516058,zbt1N
516182,z050
516199,fdi2
516258,z050E
516273,z051
516318,z051E
516333,z052
516368,z052E
516383,z000
516448,atur
516472,mtun
516499,z000
516527,z001
516584,fdo1
516601,fdo1R
516616,z001
516666,z005
516683,fdi2
516722,zbo0+
516763,kb00E
516778,z002
516798,z002
516826,z003
516857,z003E
516872,z004
516904,kb01+
516949,z004E
516964,z006
516984,atck
517016,kb04+
517042,atck
517074,kb04+
517100,z006E
517115,z007
517150,kb02+
517187,z007E
517202,z008
517237,kb03+
517263,z008E
517278,z010
517310,kb05+
517359,z010E
517374,z009
517402,z009E
517417,z011
517460,kb06+
517494,z011E
517509,z012
517550,z012E
517565,z013
517582,atck
517614,kb04+
517640,mbak
517672,kb07
517690,z013E
517705,z016
517733,z016E
517748,z017
517781,atun
517798,kb08
517816,fdo1
517833,fdo1
517851,z017
517899,kidl0
517908,kidl0
517931,z014
517948,fdi2
517987,z014E
518002,z015
518019,tlk0+
518042,tlk1+
518068,z015E
518083,item
518100,itm0
518115,main
518151,itemE
518166,itm2
518183,itm0
518198,main
518221,itm2E
518236,z018
518261,lgo0+
518287,gttn
518304,yahc+
518330,j000
518364,fdo1
518381,fdo1R
518457,yne0
518484,z100
518501,fdi2
518518,zbt0
518558,ovl2
518575,z100E
518590,z101
518636,zbt1E
518651,z102
518682,z102E
518697,z103
518732,yne2
518750,zbt0+
518791,yne3
518809,z103E
518824,z104
518888,z104E
518903,z105
518949,zbt1E
518964,z106
519006,z106E
519021,z107
519038,zbt0
519075,fdo1
519092,fdo1R
519107,z107
519140,yne2E
519155,z108
519175,fdi1
519192,fdi1
519218,zbt1
519236,z108E
519251,z109
519268,zbo0+
519309,zbo1E
519324,z110
519356,yne3
519385,z110E
519400,z112
519420,zbt0+
519454,zbt1
519472,z112E
519487,z111
519526,z111E
519541,z113
519580,z113E
519595,age1
519630,yne2
519659,age1E
519674,z115
519736,yne3
519754,z115E
519769,z116
519800,z116
519837,z119
519876,yne4
519894,z119E
519909,z120
519934,ovl2
519951,z120E
519966,z117
519986,zbo0+
520012,tla0+
520046,tla1
520064,z117E
520079,z118
520110,fdo1
520127,fdo1
520171,fdi1
520191,fdo1
520208,fdo1F
520382,kbi0+
520405,n000
520422,fdi1
520439,fdi1'
520464,n000E
520479,n001
520519,n001E
520534,n003
520559,kbi1+
520582,n003E
520597,n002
520633,kbi2+
520659,n002E
520674,n004
520714,n004E
520729,n005
520749,kbi3+
520788,n005E
520803,n004
520840,n004E
520855,n006
520875,kbi4+
520912,kbi4R
520927,n006
520970,n007
520998,n007
521032,n008
521079,tlk0+
521110,tlk1
521128,n008'
521150,n009
521226,n009
521286,n010
521328,n010N
521362,n009
521436,n009E
521451,n011
521491,n011E
521506,n012
521585,n012E
521600,n013
521626,tld0+
521672,tld1
521693,n014
521736,n014J
521784,n015
521811,ovl2
521828,n015J
521852,j001
521872,ohh0+
521906,ohh1
521932,j001E
521947,n016
521990,n016E
522005,n017
522081,n017E
522096,n018
522130,n018E
522145,n019
522179,thk1+
522219,n019f
522234,thk2E
522249,n020
522269,tlk0+
522308,tlk1
522326,n020E
522341,n021
522367,hap0+
522407,hapr
522453,n021E
522468,n022
522488,thk1+
522523,thk2
522547,hap0+
522570,n022E
522585,n023
522657,hap1E
522672,n024
522699,ohh0+
522738,ohh1
522756,n024E
522771,n025
522788,hapr
522827,tlk0+
522858,tlk1
522876,n025E
522891,n026
522919,n026y
522944,n025
522975,thk0+
523001,n025
523029,n027
523046,thk1
523107,n027E
523122,n028
523174,n028E
523189,n029
523212,tlk0+
523243,tlk1J
523270,n029E
523285,n030
523350,fdo1
523367,fdo1R
523382,n030
523488,n031
523511,tld0E
523526,fdi1
523543,fdi1
523569,tlk0+
523592,tlk1
523610,n031E
523625,n032
523661,tld1
523685,n032
523713,n033
523805,n033
523842,n034
523911,pnt0+
523959,n034'
523981,n035
524039,n035E
524054,n036
524082,pnt1n
524112,n036E
524127,falz
524173,falzE
524188,n037
524231,n037E
524246,n038
524274,n038E
524289,n039
524387,n039E
524402,n040
524422,thk1+
524453,thk2
524471,n040E
524486,n041
524506,tlk0+
524529,tlk1
524547,n041E
524562,n042
524582,ehn0+
524613,n042E
524628,n043
524661,ehn1E
524676,fdo1
524693,fdo1R
524708,n0434
524908,k000
524925,fdi1
524942,fdi1
524979,ovl2
524996,k000'
525018,l000
525052,ovl2
525069,l000E
525084,k001
525104,sag0
525133,ovl2
525150,k001'
525172,l001
525200,l001
525237,l002
525260,sag0+
525283,l002E
525298,l003
525374,l003J
525398,l004
525434,no00+
525457,l004
525485,l005
525502,ude0+
525543,l005E
525558,l007
525586,ude1
525612,l007
525657,o000
525691,stb0+
525714,o000E
525729,o001
525774,stb1+
525797,o001E
525812,o002
525829,tlb0+
525860,o002E
525875,o003
525914,tlb1+
525948,o003E
525963,o004
525991,o004
526026,o005
526056,o005E
526071,o006
526091,o006E
526106,o020
526132,dai0
526161,dai1
526179,o020E
526194,o021
526234,ovl2
526251,o021J
526287,o007
526331,ovl2
526348,o007E
526363,o008
526416,o008E
526431,o009
526489,o009E
526504,o010
526580,o010'
526615,o011
526632,ast0S
526645,ast0+
526688,o011E
526703,o012
526720,ude0+
526762,ao00
526788,o012E
526803,o013
526831,o013E
526846,o014
526902,o015
526954,ovl2
526971,o015E
526986,o016
527011,ude1+
527042,ast1f
527057,ao01+
527080,o016E
527095,o017
527173,o017E
527188,o018
527216,o018E
527231,o019
527281,fdo1
527298,fdo1
527328,nose
527345,nosej
527606,dge0S
527646,n044
527663,fdi2
527699,n044E
527714,n045
527758,n045E
527773,n046
527824,tld0E
527839,n047
527870,n047E
527885,n048
527921,dge1+
527947,n048E
527962,n049
527979,tld1
528005,dge0
528029,tlc0+
528052,n049E
528067,n050
528095,n050E
528110,n052
528146,tlc1
528175,n052E
528190,n051
528210,dis0+
528273,n051E
528288,n053
528329,tlk0+
528360,tlk1
528378,n053E
528393,n054
528473,n054E
528488,n055
528524,pnt0+
528547,n055
528584,n056
528601,pnt1'
528631,n056E
528646,n057
528705,n057E
528720,n058
528760,n058E
528775,n059
528808,n059E
528823,n060
528871,n059E
528886,n060
528946,n060J
528979,n061
529027,tld0+
529050,n061
529085,n062
529145,n062J
529169,n063
529189,dis0+
529215,tla0+
529238,tla1
529256,n063J
529280,n064
529308,n064E
529323,n063
529340,tld1
529364,poi0+
529416,n063E
529431,n065
529479,n065E
529494,n066
529514,ohh0+
529537,n066E
529552,n067
529572,dge1
529598,n067J
529629,n068
529667,n068E
529682,n069
529709,fdo1
529726,fdo1R
529741,n069N
529825,n070
529842,fdi1
529878,n070E
529893,n071
529913,pnt0+
529939,fdo1
529956,fdo1
529974,n071F
529991,fdi1
531914,fdo1
531931,fdo1F
532091,z100
532124,fdi1
532147,z100E
532162,z101
532200,z101E
532215,z102
532255,z102E
532270,z103
532306,z103E
532321,z104
532378,z104E
532393,z105
532413,tld0+
532458,z105E
532473,z106
532498,tlb0+
532521,tlb1
532539,tld1
532565,z106E
532580,z107
532597,tlb0+
532620,tlb1
532638,z107E
532653,z108
532690,agr0+
532716,z108E
532731,z106
532762,z106E
532777,z131
532805,agr1
532823,hap0+
532846,z109
532877,z109'
532908,z110
532937,tlk0+
532963,fdo0
532980,fdo0R
532995,z110f0
533010,tlk1
533028,brow
533071,sha0
533099,z111
533116,fdi0
533178,z111E
533193,z112
533235,z112E
533250,kiyk
533267,tld0
533296,kiykE
533311,z112
533339,sha1R
533354,z112E
533369,z113
533397,z113E
533412,z114
533429,tld1
533455,z114E
533470,z115
533487,hap0+
533521,z115E
533536,z116
533553,tlb0+
533584,tlb1R
533599,z116E
533614,z117
533631,thk0
533657,thk1
533675,z117E
533690,z118
533720,cry0+
533757,cry1+
533780,z118E
533795,z119
533866,z119E
533881,z120
533898,wht0+
533938,wht1R
533953,z120E
533968,z121
533996,z121y
534021,z122
534093,z123
534118,thk0
534152,thk1R
534167,z123E
534182,z124
534250,z125
534270,pnt0+
534305,z125J
534334,z126
534354,wht0+
534392,wht1E
534407,z127
534432,pnt1
534450,z127E
534465,z128
534494,tlk0+
534548,tlk1
534566,z128E
534581,z129
534646,z129E
534661,detc
534706,fdo1
534723,fdo1R
534738,detcN
534821,z130
534838,fdi1
534874,z130
534894,z132
534930,z132E
534945,z133
534970,tlb0+
535001,tlb1R
535016,z133E
535031,z134
535051,wht0+
535082,wht1
535102,z134
535128,z132E
535143,z135
535163,ang0+
535194,z135E
535209,z136
535226,cry0+
535257,cry1+
535285,z136
535311,z132E
535326,z137
535343,thk0
535369,thk1
535387,z137E
535402,z138
535422,tlk0+
535453,tlk1
535473,z138
535502,z139
535522,thk0+
535545,thk1R
535560,z139E
535575,z140
535592,pas0+
535618,z140E
535633,z141
535659,z141E
535674,z142
535691,wht0
535728,wht1R
535743,z142E
535758,z143
535789,z143E
535804,z144
535840,z144E
535855,z145
535872,pnt0+
535903,pnt1
535929,z144E
535944,z146
535961,thk0+
535992,thk1R
536007,z146
536036,z144E
536051,z147
536068,wht0+
536099,wht1R
536114,z147
536138,fdo1
536155,fdo1
536197,fdi2
536217,fdo1
536234,fdo1F
536389,n000
536418,fdi1
536456,n000N
536477,n002
536508,n002E
536523,n001
536570,ovl2
536587,n001E
536602,n003
536639,pnt0+
536665,pnt1+
536691,n003E
536706,n004
536734,thk0
536760,n004E
536775,n005
536792,thk1
536818,hap0+
536844,n005E
536859,n006
536876,tlk0+
536910,tlk1
536928,n006E
536943,n007
536960,ang0+
536994,n007
537022,n008
537042,thk1+
537068,thk2
537086,n008E
537101,n009
537118,ang0+
537171,n009E
537186,n010
537219,n010
537322,n011
537361,tlb0+
537415,n011'
537437,n014
537485,n011E
537500,n013
537517,tlb0+
537540,tlb1
537558,n013
537602,n014E
537617,n015
537637,thk1+
537671,thk2R
537686,n015E
537701,n016
537734,n016E
537749,n018
537791,n016E
537806,n017
537832,tlb0+
537855,tlb1
537873,n017
537894,n018'
537916,n019
537936,thk1+
537988,thk2R
538003,n019E
538018,n020
538054,n020E
538069,n021
538089,tlb0+
538126,n021E
538141,n022
538184,tlb0
538207,fdo1
538224,fdo1R
538239,n022
538285,thk1E
538300,n023
538317,fdi1
538334,tlb1
538378,tlk0+
538401,n023E
538416,n024
538436,tlb0+
538459,tlb1
538477,wht0+
538500,wht1R
538515,n024E
538530,n025
538550,thk1+
538587,ang0+
538613,n025E
538628,n026
538668,n026J
538692,n027
538725,n027E
538740,n030
538757,thk2
538786,thk1R
538801,n030
538827,n027E
538842,n028
538859,thk2
538885,tlk0+
538908,tlk1
538937,n028E
538952,n025
538994,thk1R
539009,n025
539038,n027E
539053,n029
539070,thk2
539096,tlb0+
539122,n029E
539137,n025
539162,tlb1
539191,thk1R
539206,n025
539227,n031
539244,hap0+
539270,n031E
539285,n033
539305,tlb0+
539339,tlb1
539357,n033E
539372,n032
539392,tlb0+
539437,tlb1R
539452,n032E
539467,n034
539495,tlk0+
539521,tlk1
539539,n034E
539554,n036
539596,n036E
539611,n035
539662,n035E
539677,n037
539706,hap0+
539732,fdo1
539749,fdo1
539767,n037F
539784,fdi2
539804,fdo1
539821,fdo1F
540003,hap0E
540018,m000
540035,fdi1
540066,m000E
540081,m001
540120,haprR
540135,m001
540163,m002
540183,tlb0+
540206,tlb1
540235,m002'
540257,m003
540314,m003E
540329,m004
540372,m004E
540387,m005
540407,tlk0+
540430,tlk1
540448,thk0+
540471,thk1
540489,m005'
540511,m006
540539,dis0
540557,m006E
540572,m007
540592,tld0+
540618,m007J
540651,m008
540709,tld1E
540724,m009
540744,tlc0+
540778,m009E
540793,m010
540813,tlk1+
540839,m010E
540854,m011
540900,tlc1E
540915,m012
540943,ten1
540961,m012E
540976,m013
540993,agr0+
541019,m013E
541034,m014
541051,poi0+
541089,m014E
541104,m015
541124,agb0+
541150,m015E
541165,m016
541201,m016J
541225,m017
541254,tlk0+
541288,tlk1
541326,ovl2
541343,m017E
541358,m018
541378,tlk0+
541412,tlk1
541438,m018J
541480,m019
541500,tlb0+
541534,tlb1+
541560,m019J
541584,m020
541623,agr1+
541649,m020E
541664,m021
541716,m021E
541731,m022
541780,m022J
541804,m023
541873,m024
541902,tlk0+
541925,tlk1
541959,m024E
541974,m025
542036,m025E
542051,m026
542080,tlb0+
542103,tlb0
542138,m026E
542153,m027
542220,m027E
542235,m028
542255,thb0+
542286,thb1
542315,m028N
542336,m029
542379,fdo1
542396,fdo1
542447,qstc
542464,fdi2
542513,fdo1
542530,fdo1F
542694,z000
542718,fdi2
542738,z000E1
542753,z001
542773,tld0
542791,z001E1
542806,z002
542846,z002E1
542861,z034
542920,z034E1
542935,z003
542952,tld1+
542986,z034E1
543001,z003
543018,tld1
543057,z003E1
543072,z004
543089,hap0+
543120,hapr
543138,z004E1
543153,z029
543170,tlk0+
543193,tlk1
543211,z029E1
543226,z037
543243,hap0+
543274,z037E1
543289,z005
543330,hapr+
543353,z005E1
543368,z006
543385,pnt0+
543408,z006E1
543423,z028
543451,pnt1+
543474,z028J
543498,z007
543515,dsk0+
543538,dsc0
543564,z007E1
543579,z008
543646,z008E1
543661,z009
543710,z009E1
543725,z038
543765,z038E1
543780,z010
543823,z010E1
543838,z011
543878,z011E1
543893,z039
543926,z039E1
543941,z012
543991,z012E1
544006,z027
544056,z027E1
544071,z013
544091,tlk0+
544114,tlk1
544135,X0R1
544148,z013E1
544163,z040
544188,thk1+
544211,z040E1
544226,z041
544243,thk2+
544266,z041
544295,z013E1
544310,z014
544349,z013E1
544364,z042
544409,z042
544430,z014E1
544445,z035
544505,z035E1
544520,z015
544575,dsc1E1
544590,z016
544647,dsk1
544679,z016E1
544694,z017
544732,z017E1
544747,z043
544764,sss0+
544785,sss0
544803,fdo1
544820,fdo1R1
544871,sup0E1
544886,z018
544903,fdi1
544963,sup1
544981,z018
545031,z019
545059,z019E1
545074,z030
545080,kidl0
545111,tld0+
545134,z030E1
545149,z031
545191,fdo1
545208,fdo1R1
545223,z031
545230,kidl0
545239,kidl0
545284,z020
545301,fdi1
545333,tld0
545378,z020E1
545393,z021
545410,tld1+
545449,z021E1
545464,z022
545500,z021E1
545515,z022
545543,z022E1
545558,z023
545575,tlc0+
545611,z023E1
545626,z024
545646,tlc1+
545672,z024E1
545687,z025
545704,agr0+
545727,agb0+
545753,z025E1
545768,z033
545785,agr1+
545814,agr1R1
545829,z033E1
545844,z036
545869,pnt0+
545895,z036E1
545910,z026
545930,fdo1
545947,fdo1
545991,fdi2
546011,fdo1
546028,fdo1F
546160,y000
546184,fdi1
546201,fdi1
546219,y000E1
546234,y001
546305,ten1R1
546320,y001E1
546335,y018
546381,fdo0
546398,fdo0R1
546470,y002
546487,fdi1
546586,y002E1
546601,y003
546647,fdo1
546664,fdo1R1
546679,y0034
546867,ast0f
546897,sta0
546928,y004
546945,fdi1
546962,fdi1
546988,y004E1
547003,y006
547039,y006E1
547054,y005
547090,y005E1
547105,y007
547146,y007E1
547161,y008
547178,sta1+
547220,y007E1
547235,y008
547252,sta1+
547294,y008E1
547309,y009
547329,stb0+
547368,stb1R1
547383,y009E1
547398,y010
547431,y010E1
547446,y011
547463,ude0
547506,y011E1
547521,y012
547562,y012E1
547577,y013
547610,y013E1
547625,y014
547653,y014E1
547668,y021
547685,ude1
547719,y021E1
547734,y019
547776,fdo1
547793,fdo1
547826,y019E1
547841,y020
547858,fdi1
547894,y020E1
547909,y022
547937,y020E1
547952,y015
547985,y015E1
548000,y017
548041,y017E1
548056,y016
548104,fdo1
548121,fdo1R1
548136,y016
548166,nose
548183,nosej
548234,fdi2
548687,kan0
548852,sha0
549825,cr00S
549838,cr00
549977,cr01S
549990,cr01
550039,cr02S
550052,cr00
551236,s034E
551251,s043
551269,s028E
551284,s044
551530,dai0
551545,main
551560,dai0f
551575,dai1
555084,gun0
555101,gun0
555254,mnk0
555579,ktn0
555671,stf0
555763,ktn0
559037,fdo1
559054,fdo1F
559287,tlk0
559305,zzzz
559322,fdi1
559359,tlk1f
559397,zzzzE
559412,z000
559437,tlk1n
559522,z000E
559537,z013
559554,tlk0+
559620,z013E
559635,z014
559711,z014
559749,z001
559774,tlk1
559829,z001E
559844,z015
559889,z015E
559904,z016
559924,tlk0+
559970,z016E
559985,tuki
560028,tlk0+
560051,tlk1
560069,tukiE
560084,z017
560140,z017E
560155,z018
560217,z018J
560250,z019
560304,z019E
560319,z020
560417,fdo1
560434,fdo1R
560449,z020N
560489,z021
560506,fdi1
560560,z021E
560575,z022
560646,z022E
560661,z023
560709,tlk1R
560724,z023E
560739,z024
560803,z024E
560818,biya
560863,biyaE
560878,z025
560934,tlk1R
560949,z025N
560983,z026
561031,tlk1
561066,z026E
561081,kyur
561129,kyur'
561151,z002
561211,z002E
561226,z027
561309,z027E
561324,z028
561415,z028J
561439,z029
561536,tlk1R
561551,z029E
561566,z030
561622,fdo1
561639,fdo1R
561654,z030N
562079,wnd0
562143,fgh0
562170,m000
562187,fdi1
562207,m000E
562222,m001
562263,m001E
562278,m002
562311,m002E
562326,m003
562359,m003E
562374,m004
562407,m004E
562422,m008
562450,m008E
562465,m005
562493,m005E
562508,m007
562528,stm0
562543,st00
562563,m005E
562578,m006
562595,stm0
562610,st00
562630,fdo1
562667,m006N
563106,ke00
563124,o000
563141,fdi2
563178,o000E
563267,ke01
563317,ke01
563367,ke01
563417,ke01
563467,ke01
563544,fdo1
563561,fdo1j
563625,nose
563642,nosej
563890,tlk0
563908,z031
563925,fdi2
563977,z031E
563992,z032
564062,z032E
564077,z033
564122,z033E
564137,z039
564202,z039E
564217,z034
564297,z034E
564312,z031
564366,z034E
564381,z031
564460,z036
564516,z036E
564531,z037
564579,tlk1R
564594,z037E
564609,z033
564669,z033E
564684,z038
564735,fdo1
564752,fdo1R
564767,z038
564785,thk2
564893,g000
564910,fdi2
564964,g000E
564979,g001
565033,g001E
565048,g002
565068,tlk1s
565122,dead
565140,g002E
565155,g003
565180,fdo1
565197,fdo1j
565252,nose
565269,nosej
565547,z003
565564,fdi2
565659,z003E
565674,z004
565714,z004E
565729,z040
565808,z040E
565823,z005
565887,z005E
565902,z041
565959,z041E
565974,z006
566042,tlk1R
566057,z006E
566072,z007
566133,z007E
566148,z008
566196,z008E
566211,z009
566259,z009E
566274,z042
566322,tlk1R
566337,z042E
566352,z010
566414,z010E
566429,z011
566486,tlk0R
566501,z011E
566516,z043
566559,fdo1
566576,fdo1R
566591,z043F
566608,fdi2
566630,fdo1
566647,fdo18
566705,s001
566725,fdi1
566742,fdi1f5
566757,twa0+
566791,twa1
566809,s001E
566824,s125
566841,twb0+
566878,s125E
566893,s002
566918,twb1
566936,s002E
566951,s003
566996,twa0+
567019,twa1
567037,s003E
567052,s004
567097,s004E
567112,s005
567141,s005E
567156,s006
567176,tlk0+
567210,tlk1R
567225,s006E
567240,s126
567288,s126E
567303,s007
567377,s007E
567392,s008
567419,tlk0+
567442,tlk1
567460,s008'
567482,s009
567527,twa0+
567550,twa1
567568,s009E
567583,fdo2
567600,fdo2F
567617,fdi2
567637,fdo1
567654,fdo1F
567846,s021
567863,fdi1
567922,twb0+
567945,twb1
567991,s021E
568006,s022
568047,s022E
568062,s023
568079,twa0+
568102,twa1n
568163,s023E
568178,s024
568198,s024'
568229,s025
568256,twa0
568294,twb0
568461,s026
568481,s026E
568496,s027
568542,s027E
568557,s113
568654,s113E
568669,s114
568740,s114E
568755,s115
568869,s028
568966,s028E
568981,s029
569084,twa0+
569110,s029E
569125,s124
569150,twa1n
569193,s124E
569208,s030
569281,s030E
569296,s112
569362,fdo1
569379,fdo1R
569710,s031
569727,fdi1
569744,fdi1+
569777,s031E
569792,s032
569860,s032E
569875,s033
569937,fdo2
569954,fdo2R
569969,s033E
569984,s034
570004,fdi2
570021,fdi2+
570085,s034E
570100,s035
570149,ovl1
570166,s035E
570181,s036
570221,osb0
570239,ovl2
570256,s036n
570283,s037
570308,s037E
570323,s038
570350,s038E
570365,s039
570385,s039E
570400,s040
570446,s040E
570461,s041
570489,ikr0+
570512,osa1
570530,s041E
570545,s042
570580,tlk0+
570603,tlk1
570621,s042E
570636,s043
570684,s043E
570699,s044
570741,fdo2
570758,fdo2R
570773,s044
570799,s045
570816,fdi2
570882,s045E
570897,s046
570914,tlk0+
570937,tlk1
570955,s046E
570970,s047
571038,s047E
571053,s048
571070,thk0+
571101,thk1
571119,tlk0+
571145,tlk1R
571160,s048E
571175,s049
571217,fdo1
571234,fdo1R
571249,s049+
571318,nose
571335,nosej
571623,s050
571640,fdi2
571686,twa0+
571709,twa1+
571747,s127
571827,s127E
571842,s051
571895,s051E
571910,ovl2
571927,s052
571991,ovl2
572037,s053
572060,s053E
572075,s054
572133,aww0J
572174,s054E
572189,s067
572252,s067E
572267,s055
572321,s055E
572336,s068
572363,s068E
572378,s110
572395,down
572444,s110N
572507,s056
572544,s056E
572559,s057
572585,s057E
572600,s058
572649,s058E
572664,s065
572726,s060
572856,s128
572959,s128E
572974,s061
573067,s061E
573082,s111
573102,s111E
573117,s062
573213,s062E
573228,s066
573303,s066E
573318,s063
573406,s063E
573421,s064
573450,tlk0+
573504,fdo2
573521,fdo2R
573561,fdi2
574330,twa0
574364,twa0
574383,twa1
574427,twa0
574574,twa0
574659,twa0
574678,twa1
578288,fdo1
578305,fdo18
578470,back
578488,fdi1
578553,fdo2
578593,fdi1
631953,fdo1
631970,fdo1F
632082,s000
632136,s000E
632151,s001
632182,s001E
632197,s002
632247,s002E
632262,s003
632304,s003E
632319,s004
632344,s004E
632359,s005
632401,s005E
632416,s006
632485,s006E
632506,kidl0
632544,fdi2
632631,fdo1
632648,fdo1F
632751,s007
632791,s007E
632806,s008
632823,thk1
632849,thk2R
632864,s008E
632879,s009
632904,s009E
632919,s010
632936,thk1
632962,s010E
632977,s000
633037,s000E
633052,s011
633092,s011E
633107,s012
633132,s012E
633147,s013
633172,tlk1R
633187,s013E
633202,s014
633227,s014E
633242,s015
633282,s015E
633297,s016
633357,s016E
633372,s017
633397,s017E
633412,s018
633475,s018E
633490,s020
633523,s020E
633538,s022
633586,s022E
633601,s023
633693,fdi2
633713,fdo1
633730,fdo1F
633848,s024
633896,s024E
633911,s025
633960,s025E
633975,s026
634028,s026E
634043,s027
634093,s027E
634108,s028
634134,s028E
634149,s029
634223,s029E
634238,s031
634295,s031E
634310,s007
634366,s029E
634381,s030
634447,s030E
634462,s029
634485,s007E
634500,s032
634547,s032
634670,s034
634701,s034E
634716,s036
634741,s036E
634756,s035
634781,s035E
634796,s037
634821,s037E
634836,s039
634861,s039E
634876,s040
634992,s230
635009,efon
635026,efon+
635049,s230E
635064,s231
635089,s231E
635104,s232
635137,s232
635158,mor1
635178,s233
635202,s233
635250,mor2
635268,s241
635285,efon
635302,efon
635328,s241E
635343,s242
635360,mor3
635384,mor3
635405,s242+
635464,rsl1
635482,s242E
635497,s009
635514,efon
635531,efon+
635603,kidl0
635639,s009E
635654,s245
635671,fdi2
635688,s245E
635703,s041
635748,s041E
635763,s042
635828,s042E
635843,s044
635886,s044E
635901,s045
635946,s045E
635961,s046
636047,s046E
636062,s047
636087,s047E
636102,s048
636183,s046E
636198,s246
636261,s246E
636276,s008
636302,s008E
636317,s046
636356,s048E
636371,s046
636429,s046E
636444,s049
636495,s049E
636510,s050
636551,s048E
636566,s046
636603,s046E
636618,s246
636676,s246E
636691,s008
636717,s008E
636732,s046
636767,s050E
636782,s051
636816,s051E
636831,s052
636902,s052E
636917,s010
636942,s010E
636957,s053
637012,s053E
637027,s011
637075,s011E
637200,s054
637231,s054E
637246,s012
637271,s012E
637286,s055
637309,tld1+
637332,s055E
637347,s056
637375,s056E
637390,s070
637415,s070E
637430,s080
637461,pnb0
637479,s080E
637494,s057
637519,s057E
637534,s058
637559,s058E
637574,s061
637591,pnb1
637635,s061E
637667,agr0
637705,s059
637746,s059E
637761,s075
637787,agr0R
637802,s075E
637817,s013
637873,agr1R
637888,s013E
637903,s071
637920,tlk0+
637943,s071E
637958,s062
637983,s062E
637998,s064
638023,s064E
638038,s063
638055,tlk1
638093,s063E
638108,s065
638167,s065
638188,tlc0E
638203,s067
638231,s067E
638246,s066
638307,s066E
638322,s068
638384,s068E
638399,s069
638437,s069E
638452,s073
638477,s073E
638492,s074
638547,s074E
638562,s014
638602,s014E
638691,s078
638722,s078E
638737,s079
638774,s079E
638789,s081
638837,s081E
638852,s082
638877,s082E
638892,s083
638940,s083kidl0
638973,fdi2
638993,fdo1
639010,fdo1F
639131,s084
639182,s084E
639197,s085
639222,s085E
639237,s086
639274,s086E
639289,s087
639352,s089
639392,s089E
639407,s091
639455,tlk0E
639470,s092
639503,s092E
639518,s094
639535,tlk1
639601,s094E
639616,s096
639649,s096E
639664,s098
639725,thk2
639743,s098E
639758,s100
639789,s100E
639804,s101
639885,s101E
639900,s001
639917,s001
639947,s248
639986,thk2+
640015,s248E
640030,s249
640084,pas0
640102,s249E
640117,s250
640149,pas0R
640164,s250E
640179,s251
640267,thk1R
640282,s251E
640297,s252
640345,tlk1R
640360,s252E
640375,s254
640415,s254E
640430,s255
640447,thk2
640501,s255E
640516,s000
640541,s000E
640556,s001
640581,s001E
640596,s002
640623,tlk0
640685,tlk1ov
640711,s002E
640726,s004
640743,dis0+
640766,s004E
640781,s005
640908,s006
640925,fdi2
640965,s006E
640980,s007
641005,s007E
641020,s008
641060,s008E
641075,s009
641110,thk2+
641133,s009E
641148,s011
641165,tlk0+
641188,tlk1
641265,s003
641282,fdi2
641307,s003E
641322,s010
641355,s010E
641370,s012
641403,s012E
641418,s013
641464,s013E
641479,s014
641509,s014E
641524,s015
641575,s015E
641616,nose
641633,nosej
641708,s023
641725,fdi2
641753,s023E
641768,s024
641795,tlk0+
641818,tlk1R
641833,s024E
641848,s025
641865,thk1
641926,s025E
641941,s027
641958,tlk0+
641981,tlk1R
641996,s027E
642011,s029
642028,thk2
642062,s029E
642077,s032
642110,s032E
642125,s016
642170,s033
642195,s033E
642210,s034
642289,s034E
642304,s017
642361,s017E
642376,s035
642438,s035E
642453,s037
642486,s037E
642529,fdi2
642559,fdo1
642576,fdo1F
642722,s103
642770,s103E
642785,s104
642839,s104E
642854,s108
642918,s108E
642933,s105
642958,s105E
642973,s106
643016,s106E
643031,s107
643059,s107E
643074,s109
643111,s109E
643126,s110
643188,s110E
643203,s112
643228,s112E
643243,s113
643274,s113N
643366,s015
643394,s015E
643409,s016
643447,s016E
643462,s017
643505,s017N
643522,fPHO
643555,s115
643599,s114
643616,s114
643634,s116
643659,s116E
643674,s117
643707,s117E
643722,s119
643760,s119E
643775,s121
643850,s147
643886,s147
643904,s103
643932,s103E
643947,s104
643972,s104E
643987,s108
644012,s108
644033,s113N
644125,s015
644153,s015E
644168,s016
644206,s016E
644221,s017
644264,s017N
644281,fPHO
644314,s115
644358,s114
644375,s114
644393,s116
644418,s116E
644433,s119
644471,s119E
644486,s121
644550,s121
644560,Z1H7
644585,s122
644602,s122H8
644647,s123
644671,s123E
644686,s124
644703,s124E
644718,s125
644735,s125H9
644764,fdo1
644806,s121
644823,fdi1
644840,fdi1+
644874,s128
644898,s128E
644913,s127
644930,s127E
644945,s126
644962,main
645008,fdo1
645050,s121
645067,fdi1
645084,fdi1+
645118,s128
645142,s128E
645157,s127
645174,s127E
645189,s126
645235,fdo1
645277,s121
645294,fdi1
645311,fdi1+
645345,s128
645369,s128E
645384,s127
645401,s127E
645416,s126
645462,fdo1
645504,s121
645521,fdi1
645538,fdi1+
645577,s129
645606,s129E
645621,s132
645638,s132E
645653,s130
645670,s130E
645685,s131
645702,s131E
645717,s133
645734,s133+
645757,s134
645782,s134E
645797,s135
645923,s121
645954,s148
645987,s148E
646002,s119
646027,s119
646045,s119
646070,s119
646163,s136
646191,s136E
646206,s137
646301,s137E
646316,s138
646333,s138y
646358,s139
646407,s140
646437,s140E
646452,s141
646469,s141E
646484,s142
646501,s142E
646516,s143
646554,s143E
646569,s144
646623,s144E
646638,s145
646663,s145E
646678,s146
646717,s121
646842,s149
646931,s149E
646946,s150
646971,s150E
646986,s151
647041,s151E
647056,s152
647073,s152E
647088,s153
647121,s153E
647136,s155
647170,s155E
647185,s156
647210,s156E
647225,s157
647258,s157E
647273,s159
647307,s159E
647322,s160
647347,s160E
647362,s161
647395,s161'
647429,s162
647460,s162E
647475,s164
647498,nir0n
647557,s164E
647572,s163
647611,s163
647729,s167
647760,s167E
647775,s165
647803,s165E
647818,s166
647852,tlc0n
647892,s166E
647907,s170
647924,tlc1
647956,s170E
647971,s171
647996,tld0+
648019,s171E
648034,s173
648079,s173E
648094,s174
648122,s174E
648137,s175
648165,s175E
648180,s176
648205,s176E
648220,s177
648237,tld1
648276,agr0
648294,s177E
648309,s178
648334,s178E
648349,s180
648391,s180E
648406,s179
648436,agb0
648454,s179E
648469,s181
648497,s181E
648512,s182
648553,s182E
648568,s183
648598,agr1
648624,s183E
648639,s184
648691,s184E
648706,s185
648735,love+
648758,s185E
648773,s186
648822,s186E
648837,s187
648905,s187E
648920,s188
648945,s188E
648960,s189
648977,pnt0
649028,s189E
649043,s191
649068,s191E
649083,s193
649108,pnt1
649126,s193E
649141,s192
649179,pnt1R
649194,s192E
649209,s194
649234,pnb0
649252,s194E
649267,s195
649292,s195E
649307,s196
649349,s196E
649364,s197
649384,s197E
649399,s018
649453,s018E
649468,s198
649503,pnb1+
649526,s198E
649541,s199
649558,lovl+
649589,s199E
649604,s201
649633,love+
649656,s201E
649671,s202
649696,s203
649719,loveR
649734,s203E
649749,s204
649766,tlc0+
649789,s204E
649804,s205
649832,s205E
649847,s206
649897,tlc1
649921,s206E
649936,s207
650010,s207E
650025,s209
650050,s209E
650065,s210
650090,s210E
650105,s211
650139,s211E
650154,s212
650177,pnt1
650195,zei0+
650231,pnt0
650258,s212E
650273,s213
650298,s213E
650313,s214
650373,s214E
650388,s215
650427,s214R
650442,s215
650513,dsc0
650544,s216
650603,s216
650626,s218
650643,tlk0+
650666,tlk1R
650681,s218E
650696,s217
650721,s217E
650736,s220
650781,s220E
650796,s221
650841,s221E
650856,s222
650889,s222E
650904,s223
650957,s223E
650972,s224
651004,s224E
651019,s225
651044,s225E
651059,s226
651104,s226E
651119,s227
651152,s227E
651167,s228
651620,s146R
651635,s228E
651708,qstc
651727,fdi2
651876,fdi0
651893,fdi0
651909,fdo0
651926,fdo0
651942,fdi1
651959,fdi1
651975,fdo1
651992,fdo1
652008,whi1
652025,whi1
652041,who1
652058,who1
652074,who2
652091,who2
652107,who3
652124,who3
652140,main
652160,fdo1
652177,fdo1
652193,fdi1
652210,main
652230,fdi1
652246,blon
652263,blon
652281,whi0
652298,whi0
652314,who0
652331,who0
652347,efon
652364,efon
652380,fdis
652398,fdos
652415,fdos
652431,fdif
652449,fdof
652466,fdof
652482,fdip
652500,fdop
652517,fdop
652603,rsl0S
652616,rsl0
652701,fdo1
652718,fdo1
652734,fdi2
652752,brst
652770,bred
652788,whst
652806,whed
657482,s000
657519,s000E
657534,s001
657557,tld0+
657580,s001E
657595,s002
657620,s002E
657635,s095
657660,s095E
657675,s096
657700,s096E
657715,s003
657732,tld1
657769,s003E
657784,s005
657821,s005E
657836,s004
657853,pnb0+
657876,s004E
657891,s007
657928,pnb1R
657943,s007E
657958,s008
657983,s008E
657998,s097
658023,s097E
658038,s010
658064,agr0+
658087,s010E
658102,s011
658139,s011E
658154,s012
658177,agb0+
658200,s012E
658215,s013
658252,s013E
658267,s014
658292,s014E
658307,s015
658355,s015E
658370,s016
658408,s016E
658423,s017
658453,s017E
658468,s018
658509,s018E
658524,s019
658550,s019E
658565,s020
658600,s020
658627,agr1E
658642,s021
658684,s021E
658699,s022
658716,tld0+
658765,s022E
658780,s024
658826,tld1
658853,s024E
658868,s025
658916,s025E
658931,s006
658956,s006E
658971,s098
658996,s098E
659011,s099
659045,s099E
659060,s100
659093,pnb0+
659116,pnb1R
659131,s100E
659146,s101
659192,s101E
659207,s102
659255,s102E
659270,s103
659311,s103E
659326,s104
659351,s104E
659366,s105
659391,s105E
659406,s026
659429,tld0+
659452,s026E
659467,s106
659515,s106E
659530,s107
659566,s107E
659581,s027
659637,s027E
659652,s028
659669,tld1
659699,hap0+
659722,lovl
659743,hapr
659761,s028
659799,tld1
659823,s027E
659838,s029
659855,tlc0+
659878,tlc1
659896,s029
659914,s030
659950,pnb0+
659973,s030E
659988,s031
660036,pnb1R
660051,s031E
660066,s032
660111,s032E
660126,s033
660151,s033E
660166,s034
660203,s034E
660218,s035
660243,s035E
660258,s108
660275,s108+
660298,s036
660335,s036E
660350,s037
660401,tlc0
660433,tlc1
660451,s037E
660466,s038
660483,pnb0+
660506,s038E
660521,s040
660558,s040E
660573,s041
660593,pnb1+
660616,s041E
660631,s042
660654,tld0+
660677,s042E
660692,s043
660730,s043E
660745,s044
660798,s044E
660813,s045
660830,tld1
660884,s045
660910,s044E
660925,s046
660954,agr0+
660977,s046E
660992,s047
661012,s047E
661027,s048
661044,agr1
661068,tlc0+
661104,s048E
661119,s049
661136,s049Hj
661157,s050
661188,s050E
661203,s112
661228,s112E
661243,s111
661277,s111E
661292,s113
661326,tlc1
661344,s113
661362,s052
661395,pnb0J
661427,s052E
661442,s053
661499,s053E
661514,s054
661531,pnb1
661565,dsk0
661583,s054E
661598,s055
661615,s055+
661652,s109
661693,s109E
661708,s110
661751,s110E
661766,s114
661791,s114
661812,dsc0E
661827,s057
661862,s057E
661877,s058
661902,s058E
661917,s059
661942,s059E
661957,s202
661974,s202+
661997,s115
662032,s115E
662047,s060
662064,dsk1
662082,s060E
662097,s062
662120,hap0
662170,hapr
662188,s062E
662203,s061
662220,pnb0+
662243,s061E
662258,s063
662275,pnb1
662299,hap0+
662336,s063
662354,s064
662452,s064
662485,s064E
662500,s065
662533,s065E
662548,s066
662589,s066E
662604,s067
662637,s067E
662652,s069
662683,s069
662690,kidl0
663078,s071
663103,s071E
663118,s070
663135,tlk0+
663158,tlk1R
663173,s070E
663188,s072
663208,tlk0+
663231,tlk1R
663246,s072E
663261,s073
663301,s073
663416,s075
663441,s075E
663456,s074
663501,s074E
663516,s076
663550,s076E
663565,s077
663599,s077E
663614,s078
663639,s078E
663654,s079
663671,tlk0+
663694,tlk1
663743,s079+
664054,s081
664071,s081E
664086,s082
664109,s082E
664124,s083
664153,s083E
664168,s084
664185,thk1U
664200,s084E
664215,s085
664271,s085E
664286,s086
664303,s086+
664337,s087
664374,s087E
664389,s088
664421,s088E
664436,s089
664461,s089E
664476,s090
664513,s090E
664528,s091
664553,s091E
664568,s092
664628,s092+
664651,s203
664688,s203E
664703,s204
664736,s204E
664751,s209
664791,s209E
664806,s093
664833,s093
664851,s094
664881,s094E
664896,s095
664921,s095E
664936,s096
664953,tlk0+
664976,tlk1R
664991,s096E
665006,s097
665043,s097E
665058,s099
665105,s099E
665120,s098
665192,s098E
665207,s103
665232,thk1
665268,s103E
665283,s104
665308,s104E
665323,s102
665348,thk2R
665363,s102E
665378,s105
665415,s105E
665430,s106
665447,s106n
665482,s107
665519,s107E
665534,s100
665559,s100E
665574,s108
665611,s108E
665626,s111
665651,s111E
665666,s112
665726,s114
665763,s114E
665778,s113
665815,s113E
665830,s115
665867,s115E
665882,s116
665907,s116E
665922,s117
665985,s117E
666000,s205
666070,s205E
666085,s120
666119,s120E
666134,s206
666188,s121
666205,s121E
666220,s146
666288,s146E
666303,s122
666345,hoh0+
666368,hoh1R
666383,s122E
666398,s123
666426,s123E
666441,s191
666458,den0
666484,den1R
666499,s191E
666514,s124
666534,kui0+
666557,s124E
666572,s127
666610,s128E
666625,s129
666684,s129E
666699,s131
666724,s131E
666739,s130
666776,s130E
666791,s118
666816,s118R
666831,s132E
666846,s133
666871,s133E
666886,s134
666911,s134E
666926,s135
666951,s135E
666966,s136
666991,s136E
667006,s137
667031,s137E
667046,s138
667071,s138E
667086,s139
667103,s139E
667118,s140
667143,s140E
667158,s141
667195,s141E
667210,s142
667240,s142E
667255,s143
667307,s143E
667322,s144
667357,s144E
667372,s153
667426,s153E
667441,s173
667458,deh0+
667483,s173E
667498,s119
667558,s119E
667573,s154
667676,s154E
667691,s155
667753,s156
667770,s156E
667785,s158
667810,s158E
667825,s125
667873,s125E
667888,s159
667930,s159E
667945,s157
668027,s157
668253,gst0
668276,s160
668301,s160E
668316,s161
668341,s161E
668356,s162
668373,gag0+
668396,s162E
668411,s207
668436,s207E
668451,s163
668488,s163E
668503,s164
668528,s164E
668543,s165
668580,gag1R
668595,s165E
668610,s166
668676,s166N
668703,gst0E
668718,s167
668755,s167E
668770,s168
668787,gpn0+
668818,gpn1
668836,s168E
668851,s169
668876,s169E
668891,s170
668934,gst0
668952,s170E
668967,s171
669001,s171E
669016,s172
669041,s172E
669056,s176
669081,s176E
669096,s175
669133,s175E
669148,s196
669372,gst0
669425,deh1
669443,s196E
669458,s190
669475,kui0+
669498,s190E
669513,s198
669538,s198E
669553,s197
669578,s197E
669593,s182
669618,s182E
669633,s200
669650,s200+
669673,s195
669698,s195E
669713,s208
669738,s208E
669753,s194
669790,s194E
669805,s193
669822,s193+
669845,s192
669862,s192n
669897,s201
669919,gag0
669948,s201
669955,kidl0
670304,s071
670329,s071E
670344,s073
670384,s073
670489,s074
670522,s074
670849,s000
671115,gst0
671139,s022
671164,s022Ev
671179,s028
671204,s028
671225,s000Ev
671240,s001
671265,s001Ev
671280,s002
671317,s002Ev
671332,s003
671369,s003Ev
671384,s004
671421,s004Ev
671436,s005
671465,s005Ev
671480,s006
671505,s006Ev
671520,s007
671557,s007Ev
671572,s008
671592,p8Rv
671605,s008Ev
671620,s009
671665,s009
671691,s008Ev
671706,s009
671731,s009
671749,s010
671785,s010Ev
671800,s011
671837,s011Ev
671852,s012
671889,s012Ev
671904,s013
671952,s013Ev
671967,s015
672001,s015Ev
672016,s017
672039,gst0J
672111,s017Ev
672126,s021
672151,gpn0Uv
672166,s021+
672396,gst0
672444,s022
672469,s022Ev
672484,s023
672501,gpn0
672527,s023Ev
672542,s024
672567,s024Ev
672582,s025
672615,s025Ev
672630,s026
672652,gag0+
672675,s026Ev
672690,s027
672707,gag1
672733,s027Ev
672748,s028
672773,s028Ev
672788,s029
672813,s029Ev
672828,s030
672861,s030Ev
672876,s031
672901,s031Ev
672916,s032
672941,s032
672969,s034
672994,s034
673110,p101
673310,p101
673336,p101
673512,p101
673716,gst0N
673737,s035
673787,s035
673808,BAEv
673821,s036
673862,s036Ev
673877,s037
673902,s037
673920,s036
673949,s036
673990,s036Ev
674005,s037
674030,s037
674048,s036
674080,s038
674121,s038Ev
674136,s039
674161,s039Ev
674176,s040
674201,s040Ev
674216,s041
674241,s041
674259,s038
674275,eCEv
674288,s038
674316,PCRv
674329,s038Ev
674344,s039
674369,s039Ev
674384,s040
674409,s040Ev
674424,s041
674449,s041
674454,bCRv
674467,s038
674491,s043
674508,s043+
674632,p201
674904,p201
674917,AFEv
674930,p201
675202,p201
675215,kGEv
675228,p201
675500,p201
675647,gst0N
675668,s035
675718,s035
675757,s036
675798,s036Ev
675813,s039
675838,s039
675856,s036
675872,RIEv
675885,s036
675926,s036Ev
675941,s039
675966,s039
675971,OIRv
675984,s036
676013,s036
676054,s036Ev
676069,s039
676094,s039
676112,s036
676128,RJEv
676141,s038
676182,s038Ev
676197,s039
676222,s039
676227,OJRv
676240,s038
676269,s038
676310,s038Ev
676325,s039
676350,s039
676368,s038
676384,RKEv
676397,s038
676438,s038Ev
676453,s039
676478,s039
676483,OKRv
676496,s038
676520,s043
676537,s043+
676648,QNEv
676661,p301
677266,p301
677292,p301
677873,p301
677899,p301
678456,p301
678663,gst0N
678684,s035
678737,s035+
678768,s051
678785,gag0+
678824,s051Ev
678839,s052
678856,gag1+
678879,s052
678897,s051
678913,QUEv
678926,s051
678943,gag0+
678982,s051Ev
678997,s052
679014,gag1+
679037,s052
679042,NURv
679055,s051
679084,s051
679101,gag0+
679140,s051Ev
679155,s052
679172,gag1+
679195,s052
679213,s051
679246,s033
679271,s033Ev
679286,s034
679311,s034+
679428,gst0Ev
679443,s053
679483,s053n
679518,s054
679543,s054Ev
679558,s055
679606,s055Ev
679621,s056
679671,s056N
679692,s058
679735,s058Ev
679750,s059
679790,s059Ev
679805,s060
679830,s060Ev
679845,s061
679870,s061Ev
679885,s062
679910,s062Ev
679925,s214
679950,s214Ev
679965,s215
679990,s215Ev
680005,s063
680139,s063Ev
680154,s064
680244,s064Ev
680259,s065
680282,gpn0+
680305,s065Ev
680320,s066
680417,s066Ev
680432,s067
680458,gpn1
680476,gag0+
680565,s067Ev
680580,s068
680707,s068Ev
680722,s226
680747,s226Ev
680762,s069
680830,s069Ev
680845,s070
680870,s070Ev
680885,s071
680923,s071Ev
680938,s227
680975,s227Ev
680990,s228
681015,s228Ev
681030,s072
681575,gst0N
681860,s072Ev
681875,s073
681892,s073Ev
681907,s074
681932,s074Ev
681947,s075
682006,s075N
682361,gst0
682384,s076
682412,s076Ev
682427,s077
682470,s077Ev
682485,s078
682510,s078Ev
682525,s079
682550,s079Ev
682565,s080
682582,s080
682611,s043
682636,s043Ev
682651,s048
682676,s048Ev
682691,s044
682716,s044Ev
682731,s045
682756,s045
682776,s046
682801,s046
682870,s043
682914,s048
682939,s048+
682962,s048
682987,s048Rv
683002,s043Ev
683017,s046
683046,s046
683400,s071
683425,s071E
683440,s073
683480,s073
683585,s074
683618,s074
683893,gpn0
683917,s116
683942,s116E
683957,s117
683974,gpn1
683992,s117E
684007,s118
684024,gag0+
684047,gag1R
684062,s118E
684077,s119
684114,s119E
684129,s120
684146,s120+
684249,gpn0
684267,s121
684292,s121E
684307,s122
684332,s122E
684347,s123
684384,s123E
684399,s124
684431,s124E
684446,s125
684498,s125E
684513,s126
684535,dge0U
684550,s126+
684573,s127
684598,s127E
684613,s128
684630,dge1+
684656,s128E
684671,s129
684703,s129E
684718,s130
684743,s130E
684758,uta0
684775,uta0E
684790,s131
684814,s131E
684829,s132
684860,s132E
684875,s133
684899,s133E
684914,s134
684938,s134E
684953,s135
684977,s135E
684992,s136
685016,s136E
685031,s137
685055,s137E
685070,s138
685094,s138E
685109,s139
685133,s139E
685148,s140
685179,s140E
685194,s141
685287,gpn0
685315,s142
685343,s142E
685358,s143
685383,s143E
685398,s144
685423,s144E
685438,s145
685475,s145E
685490,s146
685538,s146E
685553,s147
685570,gpn1
685600,s147E
685615,s148
685640,s148E
685655,s149
685687,gag0+
685710,s150
685765,s094
685782,gag1+
685827,s094N
685848,s151
685878,s151E
685893,s152
685929,s152E
685944,s153
685961,gag0+
685984,s153E
685999,s154
686016,gag1
686034,gpn0+
686057,s154E
686072,s155
686097,s155E
686112,s156
686129,gpn1+
686184,s156E
686199,s157
686224,s157E
686239,s158
686262,gag0+
686285,s158E
686300,s159
686317,s159
686666,s071
686691,s071E
686706,s073
686738,s073
686835,s074
686877,s074
687168,gst0
687189,s160
687219,s160E
687234,s161
687271,s161E
687286,s162
687311,s162E
687326,s163
687389,s163E
687404,s164
687456,s165
687508,s165
687700,s166
687725,s166N
687746,s167
687770,s167E
687785,s168
687813,gst0+
687836,s168E
687851,s169
687933,s094
687958,s094E
687973,s171
688023,s171E
688038,s172
688063,s172E
688078,s173
688111,s173E
688126,s174
688151,s174E
688166,s175
688183,s175+
688232,s157
688311,s157
688351,s176
688385,s176E
688400,s177
688425,s177E
688440,s178
688474,s178E
688489,s179
688537,s179E
688552,s180
688600,s180E
688615,s181
688643,gst0K
688699,s181E
688714,s182
688739,s182E
688754,s183
688779,s183E
688794,s184
688841,s184E
688856,s185
688901,s186
688938,s186E
688953,s187
688970,gpn0+
688993,s187E
689008,s188
689033,s188E
689048,s189
689085,s189E
689100,s190
689117,gpn1
689135,s190E
689150,s191
689175,s191E
689190,s192
689226,s192
689451,gst0
689472,s193
689489,gpn0+
689512,s193E
689527,s194
689552,gpn1
689570,s194E
689585,s195
689602,gag0+
689625,s195
689654,gag0N
690106,s071
690131,s071E
690146,s073
690186,s073
690291,s074
690324,s074
690599,gpn0
690622,s081
690858,gpn0
690884,s082
690912,s082Ev
690927,s098
690952,s098
690981,s081Ev
690996,s082
691021,s082Ev
691036,s083
691061,s083Ev
691076,s084
691109,gst0
691137,s084J
691188,s085
691205,gpn0+
691228,s085Ev
691243,s086
691283,gpn1
691301,gag0
691319,s087
691365,s087Ev
691380,s089
691405,s089Ev
691420,s090
691445,s090Ev
691460,s091
691477,gag1
691495,s091+
691518,s092
691557,gst0
691575,s092'
691605,s093
691622,gpn0+
691645,s093Ev
691660,s094
691702,gpn0+
691725,s094Ev
691740,s095
691765,s095Ev
691780,s096
691819,s096Ev
691834,s098
691851,gpn1
691892,gag0
691910,s099
691935,s099Ev
691950,s100
692003,gag1Ev
692018,s102
692046,s102Ev
692061,s101
692086,s101Ev
692101,s103
692126,s103Ev
692141,s104
692166,s104
692467,gpn0
692499,s105
692516,s105Ev
692531,s107
692584,s107Ev
692599,s106
692640,s106Ev
692655,s108
692687,gpn1
692705,s109
692730,s109Ev
692783,s110
692803,s110
692867,s111
692887,s111
692973,s112
692993,s112
693065,s113
693120,s113Ev
693135,s114
693155,s114
693173,s115
693193,s115
693227,s116
693247,s116
693265,s117
693285,s117
693341,s118
693361,s118
693379,s119
693399,s119
693433,s120
693453,s120
693471,s121
693491,s121
693547,s122
693567,s122
693585,s123
693605,s123
693639,s124
693659,s124
693677,s125
693697,s125
693753,s126
693773,s126
693791,s127
693811,s127
693845,s128
693865,s128
693883,s129
693903,s129
693959,s130
693979,s130
693997,s131
694017,s131
694051,s132
694071,s132
694089,s133
694109,s133
694165,s134
694185,s134
694203,s135
694220,s135+
694243,s137
694323,s137+
694376,s138
694396,s138
694475,s139
694500,s139Ev
694515,s140
694532,gpn1+
694555,s140Ev
694570,s141
694595,s141Ev
694610,s142
694627,gag0+
694650,s142
694676,s139
694754,gpn1Rv
694769,s139
695070,gpn0
695099,s146
695136,s146Ev
695151,s147
695168,gpn1
695194,s147Ev
695209,s148
695234,s148E
695249,s196
695274,s196E
695289,s197
695321,gpn0+
695344,s198
695369,s198E
695384,s199
695409,gpn1R
695424,s199E
695439,s200
695464,s200E
695479,s201
695504,s201E
695519,s202
695544,s202Ev
695559,s149
695647,s152
695672,s152
695690,s152
695715,s152Ev
695730,s154
695763,s154Ev
695778,s155
695823,s155Ev
695838,s156
695909,s156Ev
695924,s157
695941,s157J
695975,s158
696009,s158Ev
696024,s176
696041,s176+
696084,s161
696114,s161Ev
696129,s160
696154,s160Ev
696169,s162
696206,s162Ev
696221,s163
696248,s163
696286,s164
696303,s164+
696326,s165
696343,gpn0+
696366,s165Ev
696381,s166
696418,s166Ev
696433,s167
696470,s167Ev
696485,s168
696510,s168
696813,gpn0
696834,s169
696866,s105
696883,s105Ev
696898,s107
696951,s107Ev
696966,s106
697007,s106Ev
697022,s108
697054,gpn1
697072,s109
697097,s109Ev
697112,s177
697132,s177
697158,s217
697183,s217Ev
697198,s218
697223,s218Ev
697238,s219
697263,s219Ev
697278,s171
697298,s171
697336,s172
697361,s172Ev
697376,s173
697482,s173Ev
697497,s174
697559,s174
697588,s175
697644,s175Ev
697659,s178
697679,s178
697713,s220
697738,s220Ev
697753,s221
697785,s221Ev
697840,s179
697860,s179
697878,s180
697898,s180
697932,s181
697952,s181
697970,s182
697990,s182
698016,s183
698036,s183
698054,s184
698074,s184
698108,s187
698154,s189
698179,s189Ev
698194,s190
698219,s190
698337,s191
698354,efon
698371,efon
698405,s191Ev
698420,s192
698452,s192Ev
698467,s193
698512,s193Ev
698527,s194
698552,s194Ev
698567,s195
698615,s195Ev
698630,s196
698663,s196Ev
698678,s197
698703,s197Ev
698718,s198
698761,s198
699051,gst0
699069,s200
699086,s169
699129,s200Ev
699144,s201
699169,gpn0+
699194,s201Ev
699209,s202
699246,s202Ev
699261,s203
699278,gpn1
699296,s203Ev
699311,s222
699347,s222Ev
699362,s204
699387,s204Ev
699402,s205
699439,s205Ev
699454,s223
699479,s223Ev
699494,s224
699531,s224Ev
699546,s225
699571,s225Ev
699586,s206
699603,s206+
699626,s207
699646,s207
699693,s208
699718,s208Ev
699733,s209
699766,s209Ev
699781,s210
699806,s210Ev
699821,s211
699846,s211Ev
699861,s212
699909,deadn
699984,s212Ev
699999,s213
700027,s213w
700277,gst0
700303,s018
700328,s018E
700343,s019
700420,s019E
700435,s020
700493,s020E
700508,s021
700533,s021
700613,s204
700640,s204E
700655,s022
700680,s022E
700695,s203
700720,s203E
700735,s026
700752,s026J
700834,s031
700866,s031E
700881,s030
700918,s030E
700933,s039
700958,s039E
700973,s036
701026,s036E
701041,s038
701078,s038
701368,deh0
701410,s205
701443,s205E
701458,s040
701483,s040E
701498,s041
701523,s041E
701538,s042
701575,s042E
701590,s043
701612,deh1
701630,kui0+
701653,hoh0
701671,s043E
701686,s044
701703,hoh1+
701726,s044E
701741,s045
701766,s045E
701781,s002
701806,s002E
701821,s003
701846,s003E
701861,s004
701886,s004E
701901,s046
701968,s046E
701983,s047
702011,s047E
702026,s048
702059,s048E
702074,s049
702099,s049E
702114,s050
702147,s050E
702162,s051
702187,s051+
702210,s052
702235,s052E
702250,s053
702329,s053E
702344,s054
702366,gag0+
702389,s054E
702404,s055
702421,s055+
702444,s056
702481,s056E
702496,s057
702521,s057E
702536,s058
702553,gag1
702579,s058E
702594,s059
702619,s059E
702634,s060
702659,s060E
702674,s199
702691,deh0
702733,s199E
702748,s200
702765,s200+
702788,s201
702805,gag0
702831,s201
702978,s061
703015,s061E
703030,s062
703075,s062E
703090,s092
703115,s092E
703130,s063
703178,deh1R
703193,s063E
703208,s064
703332,s064E
703347,s065
703364,s065E
703379,s066
703415,s066E
703430,s067
703455,s067E
703470,s068
703516,s068E
703531,s069
703568,s069E
703583,s206
703608,s206E
703623,s070
703648,s070E
703663,s071
703784,s071E
703799,s072
703824,s072+
703847,s073
703884,s073E
703899,s074
703936,s074E
703951,s075
703988,s075E
704003,s076
704040,s076E
704055,s077
704080,s077E
704095,s078
704205,s078E
704220,s079
704254,s079E
704269,s080
704294,s080E
704309,s081
704334,s081E
704349,s082
704395,s082E
704410,s083
704444,s083E
704459,s084
704539,s084E
704554,s085
704600,s085E
704615,s086
704704,s086
704798,s087
704826,s087E
704841,s088
704866,s088E
704881,s089
704906,s089E
704921,s090
704938,s090E
704953,s093
704993,s093E
705008,s091
705047,s091
705126,qstc
705292,fdo1
705309,fdo1
705325,fdi2
705343,brst
705361,bred
705379,whst
705397,whed
706725,tlk0
706743,tlk1
708559,corpS
708572,corp
708621,tlk0S
708634,tlk0
708658,tlk1S
708671,tlk1
708695,thk1S
708708,thk1
708732,thk2S
708745,thk2
709660,s200
709680,tlc0+
709703,tlc1R
709718,s200E
709733,s201
709750,aww0
709774,aww0f
709789,thk1+
709815,s201E
709830,s202
709847,thk2
709865,tlc1+
709888,tlc2n
709923,s202E
709938,s203
709955,aww0+
709979,aww0f
709994,thk1+
710020,s203E
710035,s204
710052,thk2+
710075,s204E
710090,s205
710115,tlk0
710133,tlk1+
710156,aww0+
710180,aww0R
710195,s205E
710210,s206
710227,thk1+
710248,thk1f
710263,thk2
710279,thk2f
710294,aww0+
710320,s206E
710335,s207
710350,aww0f
710365,tlb1+
710388,tlb2S
710401,tlb2n
710457,thk1+
710480,s207E
710495,s208
710512,thk2+
710555,tlk0
710573,tlk1R
710588,s208E
710603,s209
710620,aww0+
710646,s209E
710661,s210
710684,aww0f
710699,aww0+
710742,s210E
710757,s211
710787,thk1+
710810,thk2n
710848,s211E
710863,s250
710880,thk1+
710903,thk2f
710918,tlc1+
710941,tlc2R
710956,s250E
710971,s251
710988,tlb1+
711022,tlb2J
711046,s251E
711061,s212
711102,s212E
711117,s214
711155,wht0+
711178,wht1S
711191,wht1R
711206,s214E
711221,s213
711268,tlb0+
711291,s213E
711306,s215
711331,tlb1R
711346,s215E
711361,s216
711378,aww0+
711404,tlb1+
711433,tlb2R
711448,s216
711466,s217
711494,s217E
711509,s218
711538,ang0+
711573,tlb0+
711596,tlb1R
711611,s218E
711626,s219
711643,hap0+
711666,s219E
711681,s220
711710,wht0+
711748,tlb0+
711771,tlb1
711789,s220E
711804,s221
711851,thk1+
711874,thk2
711892,s221E
711907,s225
711924,tlb0+
711947,tlb1f
711962,aww0+
711988,s225E
712003,s222
712020,thk1+
712043,thk2n
712078,tlk0
712096,tlk1R
712111,s222E
712126,s224
712143,tlc0+
712166,s224E
712181,s223
712218,tlc1
712236,thk1+
712259,thk2
712277,s222E
712292,s226
712309,wht0+
712361,tlb0+
712387,s226E
712402,s227
712419,wht1
712473,thb0
712502,thb1R
712517,s227E
712532,s228
712577,tlb0+
712600,tlb1
712618,s228E
712633,s229
712664,s229E
712679,s230
712722,tlc0+
712745,tlc1
712763,s230E
712778,s231
712816,thk1+
712839,thk2
712857,s231E
712872,s232
712910,tlc0+
712933,tlc1n
712979,fdi2
713073,s301
713111,tlb0+
713134,tlb1R
713149,s301E
713164,s302
713181,wht0+
713219,tlk0+
713242,tlk1R
713257,s302E
713272,s303
713289,tlb0+
713320,s303E
713335,s304
713368,tlb1R
713383,s304E
713398,s305
713415,tlk0+
713453,ura0+
713487,ura1
713505,s305E
713520,s306
713537,tlb0+
713568,tlb1+
713591,ang0
713609,s306E
713624,s307
713656,s307E
713671,s308
713696,hap0
713714,s308E
713729,s309
713754,tlb0+
713777,tlb1R
713792,s309E
713807,s310
713824,wht0+
713862,tlb0+
713885,s310E
713900,s311
713933,tlb1R
713948,s311E
713963,s312
713980,tlk0+
714003,tlk1+
714026,s312E
714041,s313
714058,hap0+
714081,s313E
714096,s314
714143,s315E
714158,s316
714175,tlb0+
714198,tlb1R
714213,s316E
714228,s317
714272,s317E
714287,s318
714316,pnt0+
714339,s318E
714354,s319
714371,pnt1'
714411,lst0+
714434,s319E
714449,s315
714488,lst1
714510,s315R
714525,s321
714543,s320
714578,tlk0+
714616,tlb0+
714639,tlb1R
714654,s321E
714669,s300
714716,s300E
714731,s321
714748,pnt0+
714771,pnt1
714792,s300E
714807,s322
714824,hap0+
714847,tlb0+
714878,tlb1R
714893,s322E
714908,s323
714932,tlk0+
714955,tlk1R
714970,s323E
714985,s324
715031,tlk0+
715054,tlk1n
715089,wht0+
715112,wht1R
715127,s324E
715142,s325
715159,tlk0+
715197,tlb0+
715228,tlb1R
715243,s325E
715258,s326
715303,tlb0+
715326,tlb1'
715359,fdi2
715378,fdi0
715395,fdi0
715411,fdo0
715428,fdo0
715444,fdi1
715461,fdi1
715477,fdo1
715494,fdo1
715510,whi1
715527,whi1
715543,who1
715560,who1
715576,who2
715593,who2
715609,who3
715626,who3
715642,main
715662,fdo1
715679,fdo1
715695,fdi1
715712,main
715732,fdi1
715748,blon
715765,blon
715783,whi0
715800,whi0
715816,who0
715833,who0
715849,efon
715866,efon
715882,fdis
715900,fdos
715917,fdos
715933,fdif
715951,fdof
715968,fdof
715984,fdip
716002,fdop
716019,fdop
717705,s001
717746,tlk0R
717761,s001E
717776,s002
717847,s004
717875,dis0E
717890,s003
717918,s0034
717971,sw01
718002,sw01
718081,sw02
718112,sw02'
718231,sw03
718273,sw03z
718458,sw04
718500,sw04'
718560,sw05
718627,nose
718644,nose
718746,s004
718800,s004E
718815,s005
718894,s005E
718909,s006
719013,s007
719060,s007E
719075,s008
719190,s008'
719212,s009
719263,s009E
719278,s010
719295,tlk0+
719372,s010E
719387,s011
719425,s011E
719440,s027
719473,s027
719491,s032
719537,thk1+
719563,s032E
719578,s033
719606,s033f.
719621,thk2S
719634,thk2'
719656,s028
719699,s010E
719714,s014
719776,s015
719842,s012
719878,s012E
719893,s013
719990,wi01
720018,wi01'
720052,wi03
720083,wi03N
720125,wi04
720153,wi04E
720168,wi05
720193,wi05'
720215,wi06
720262,wi07
720299,wi07N
720343,nose
720360,noseN
720441,thk1S
720454,thk1j
720476,s017
720504,thk2S
720517,thk2f.
720532,tlk0+
720555,tlk1S
720568,tlk1R
720583,s017'
720605,s016
720656,s016E
720671,s018
720735,s019
720783,s019
720809,s019
720857,s019
720883,s019
720931,s019
720957,s019
721005,s019
721031,tar2
721079,tar2
721105,tar2
721153,tar2
721179,s019
721227,s019
721253,s019
721301,s019
721332,s020
721404,s021
721452,s021E
721467,s022
721512,s023
721566,s024
721591,s024'
721613,s025
721638,s025
721661,s032
721699,s032
721904,mam3
721935,mam3'
722042,mam2
722097,mam2'
722191,mam4
722283,mam4z
722377,nose
722394,noseN
722479,s028
722510,s028'
722573,s029
722639,s031
722664,s031
722690,hmf0
722715,hmf0
722741,elm0
722766,elm0
722792,elf0
722817,elf0
722843,tal0
722868,tal0
722894,tal0
722919,tal0
722945,mit0
722970,mit0
722996,gal0
723021,gal0
723075,s030
723100,s030
723126,hmf1
723151,hmf1
723177,elm1
723202,elm1
723228,elf1
723253,elf1
723279,tal1
723304,tal1
723330,tal1
723355,tal1
723381,mit1
723406,mit1
723432,gal1
723457,gal1
723494,s034
723624,sal1
723641,sal1E
723656,sal2
723749,sal2E
723764,sal3
723894,sal4
723931,msu0ov
723977,sal4fr
723992,msu1S
724005,msu1ft
724020,tlk0E
724035,sal5
724060,tlk1R
724075,sal5E
724090,sal6
724107,tlk0+
724130,tlk1R
724145,sal6E
724160,sal7
724200,iro0'
724228,iro0R
724276,sal8
724327,sal9
724404,hum3
724432,hmf3
724460,elm3
724488,elf3
724516,tar3
724544,tar3
724572,mit3
724600,gal3
724643,tlk0+
724666,tlk1R
724681,sa10J
724710,sa11
724761,sa11y
724786,sa12
724817,sa12y
724849,sa13
724902,sa14
724930,sa14'
724952,sa15
725047,sa15E
725062,sa16
725137,sa16ov
725164,sa44
725245,sa44E
725260,sa45
725285,sa45'
725352,sa18
725383,sa18E
725398,sa19
725423,sa19J
725470,sa20
725513,sa20y
725558,sa21
725653,sa21z
725695,sa22
725720,sa22E
725735,sa23
725784,sa24
725809,sa24'
725831,sa25
725900,sa26
725931,sa26'
725974,sa27
726017,sa27
726053,sa28
726108,sa29
726149,sa29'
726171,sa30
726307,sa31
726327,sa31J
726360,sa32
726461,sa33
726492,sa33E
726507,sa34
726540,sa34E
726555,sa35
726580,tlk0+
726603,tlk1
726621,sa35ft
726636,iro0E
726651,sa36
726674,iro0R
726689,sa36N
726717,sa37
726793,sa38
726824,tlk0+
726845,tlk0ft
726860,tlk1S
726873,tlk1N
726894,sa38y
726919,sa39
726944,sa39'
726972,sa41
727003,sa41'
727025,sa40
727099,sa42
727130,sa42'
727152,sa43
727194,sa43
727225,s005E
727240,s000
727326,fdi2
727565,s606
727585,s606E
727600,s607
727705,s608
727770,s608J
727803,s609
727828,s609'
727853,s657
727897,s657
727929,s611
728145,s611
728181,s610
728235,s612
728260,s612E
728275,s613
728300,s613y
728362,s614
728387,s614J
728439,s615
728479,s615E
728494,s616
728574,s617
728619,s617'
728641,s618
728680,s618J
728727,s619
728760,s619J
728789,s620
728828,s620E
728843,s621
728866,s621
728967,r229
729006,r229
729038,nose
729055,nose'
729253,s622
729273,s622E
729288,s623
729324,s623'
729346,s624
729387,s624ov
729427,s625
729527,s625n
729554,s626
729577,s626
729738,r542
729873,r553
729927,r553N
730031,r528
730059,r528E
730074,s529
730130,s529
730336,nose
730353,nosej
730390,s627
730445,s627J
730520,s628
730583,s628n
730610,tlk0E
730625,s629
730694,s629J
730756,hum6
730793,hum6
730819,hmf6
730856,hmf6
730882,elm6
730919,elm6
730945,elf6
730982,elf6
731008,tar6
731045,tar6
731071,tar6
731108,tar6
731134,mit6
731171,mit6
731197,gal6
731234,gal6
731267,mik1
731463,r311
731480,blin
731497,blin+
731583,r312
731600,blin
731617,blin+
731664,r312
731769,hum5
731809,hum5'
731870,hmf5
731910,hmf5'
731971,elm5
732011,elm5'
732072,elf5
732112,elf5'
732173,tar5
732213,tar5'
732274,tar5
732314,tar5'
732375,mit5
732415,mit5'
732476,gal5
732516,gal5'
732703,str0
732720,str0
732744,r305
732771,main
732893,r305
733165,s600
733208,s600ov
733239,s601
733262,s601J
733304,s602
733328,s602E
733343,s603
733387,s603
733443,s604
733460,s604
733530,s605
733547,blin
733564,blin+
733586,s605
733727,main
733751,r549
733788,r549E
733803,r550
733867,s552
733884,blin
733901,blin+
733962,r554
734013,nose
734030,nose'
734225,tlk0n
734252,s630
734321,s630fv
734336,tlk1J
734379,s631
734413,s631y
734462,s632
734487,s632'
734509,s633
734532,s633E
734547,s634
734564,s634'
734589,s635
734658,s635z
734755,s636
734775,s636E
734790,s637
734831,s639
734942,s639
734972,s640
735034,s638
735081,tlk0+
735104,tlk1R
735119,s638'
735141,s641
735221,s642
735281,s655
735323,s655
735341,s643
735392,s645
735420,s645E
735435,s644
735481,s644E
735496,s646
735537,s646E
735552,s647
735585,s647'
735607,s648
735653,s650
735693,s650'
735715,s649
735787,thk1
735805,s656
735825,s656n
735855,thk2'
735877,s651
735933,s652
735991,s652'
736013,s653
736121,qstc
736149,fdi2
736271,thk1
736289,s656
736309,s656n
736339,thk2'
736361,s651
736417,s652
736475,s652'
736497,s653
736605,qstc
736633,fdi2
736652,fdi0
736669,fdi0
736685,fdo0
736702,fdo0
736718,fdi1
736735,fdi1
736751,fdo1
736768,fdo1
736784,whi1
736801,whi1
736817,who1
736834,who1
736850,who2
736867,who2
736883,who3
736900,who3
736916,main
736936,fdo1
736953,fdo1
736969,fdi1
736986,main
737006,fdi1
737022,blon
737039,blon
737057,whi0
737074,whi0
737090,who0
737107,who0
737123,efon
737140,efon
737156,fdis
737174,fdos
737191,fdos
737207,fdif
737225,fdof
737242,fdof
737258,fdip
737276,fdop
737293,fdop
738302,poi0
738320,poi1
738349,pas0
738367,tlk0
738385,tlk1
738467,sha0S
738480,sha0f9
738495,sir0S
738508,sir0
738527,sir1
738545,sha1
738688,sha0S
738701,sha0f9
738716,sir0S
738729,sir0
738748,sir1
738766,sha1
739123,corpS
739136,corp
739219,sha0
739235,sha1
740066,dis0
740085,msu0
740104,msu1
740138,obi0
740263,sha0l
740288,sha1S
741014,sit0S
741027,sit0
741061,sit1S
741074,sit1
741171,sha0S
741184,sha0
741200,sha1
741227,ssnjS
741240,ssnj
741254,ssbkS
741267,ssbk
741281,ssblS
741294,ssbl
741326,moj0S
741339,moj0
741355,moj1S
741368,moj1
741384,iro0S
741397,iro0
741413,teh0S
741426,teh0
741442,teh1S
741455,teh1
741471,bik0S
741484,bik0f
741499,bik1S
741512,bik1
741528,syu0S
741541,syu0
741557,wav0S
741570,wav0
741720,iro0S
741733,iro0
741933,sha0S
741946,sha0
741962,sha1S
741975,sha1
742500,tlk0
742518,tlk1
743382,caso
743396,shso
743893,initS
743906,init
743949,deadS
743962,dead
744002,shbk
744016,pop0
744030,caso
744047,shso
744616,initS
744629,init
744671,deadS
744684,dead
744698,pop0
744712,caso
744729,shso
744941,initS
744954,init
744983,deadS
744996,dead
745010,pop0
745024,caso
745041,shso
746318,hen0S
746331,hen0
746473,hen0
747132,hen0
747146,hen0
748904,fdo1
748924,dor2
749040,fdo1
749060,dor2
761409,fdo1
761426,fdo1EN
761441,fdi1
761458,fdi1
762268,fdo1
762285,fdo1
762365,fdi1
762382,fdi1
769393,fdo1
769410,fdo1EN
769425,fdi1
769442,fdi1
770252,fdo1
770269,fdo1
770349,fdi1
770366,fdi1
849083,sjhm
849111,sjhm
849139,sjel
849167,sjel
849195,sjtr
849223,sjtr
849251,sjmt
849279,sjgl
849337,sshm
849365,sshm
849393,ssel
849421,ssel
849449,sstr
849477,sstr
849505,ssmt
849533,ssgl
849591,sbhm
849619,sbhm
849647,sbel
849675,sbel
849703,sbtr
849731,sbtr
849759,sbmt
849787,sbgl
849845,swhm
849873,swhm
849901,swel
849929,swel
849957,swtr
849985,swtr
850013,swmt
850041,swgl
850099,athm
850127,athf
850155,atem
850183,atef
850211,attr
850239,attr
850267,atmt
850295,atgl
850568,sjhm
850594,sjhm
850620,sjel
850646,sjel
850672,sjtr
850698,sjtr
850724,sjmt
850750,sjgl
850787,sshm
850813,sshm
850839,ssel
850865,ssel
850891,sstr
850917,sstr
850943,ssmt
850969,ssgl
851006,sbhm
851032,sbhm
851058,sbel
851084,sbel
851110,sbtr
851136,sbtr
851162,sbmt
851188,sbgl
851225,swhm
851251,swhm
851277,swel
851303,swel
851329,swtr
851355,swtr
851381,swmt
851407,swgl
851444,athm
851470,athf
851496,atem
851522,atef
851548,attr
851574,attr
851600,atmt
851626,atgl
851669,srjm
851697,srjm
851725,srjm
851753,srjm
851781,srjs
851809,srjs
851837,srjm
851865,srjl
851904,srsm
851932,srsm
851960,srsm
851988,srsm
852016,srss
852044,srss
852072,srsm
852100,srsl
852139,srbm
852167,srbm
852195,srbm
852223,srbm
852251,srbs
852279,srbs
852307,srbm
852335,srbl
852374,srwm
852402,srwm
852430,srwm
852458,srwm
852486,srws
852514,srws
852542,srwm
852570,srwl
852609,athm
852637,athf
852665,atem
852693,atef
852721,attr
852749,attr
852777,atmt
852805,atgl
853211,fdi2
853502,twa0
853528,tlk0
853554,twa0
853580,tlk0
853606,tlk0
853632,tlk0
853658,tlk0
853684,twa0
855848,twa1
855874,tlk1
855900,twa1
855926,tlk1
855952,tlk1
855978,tlk1
856004,tlk1
856030,twa1
856098,twa0
856124,tlk0
856150,twa0
856176,tlk0
856202,tlk0
856228,tlk0
856254,tlk0
856280,twa0
860052,twa1
860078,tlk1
860104,twa1
860130,tlk1
860156,tlk1
860169,I-fI
860182,tlk1
860195,c-fJ
860208,tlk1
860234,twa1
860946,twa0
860972,tlk0
860985,y0fG
860998,twa0
861024,tlk0
861050,tlk0
861076,tlk0
861102,tlk0
861128,twa0
861478,twa1
861504,tlk1
861530,twa1
861556,tlk1
861582,tlk1
861608,tlk1
861634,tlk1
861660,twa1
866501,fdo0
866518,fdo0
866534,fdo1
866551,fdo1
866567,fdo2
866584,fdo2
866600,fdi0
866618,fdi1
866636,fdi2
867158,sjhm
867186,sjhm
867214,sjel
867242,sjel
867270,sjtr
867298,sjtr
867326,sjmt
867354,sjgl
867412,sshm
867440,sshm
867468,ssel
867496,ssel
867524,sstr
867552,sstr
867580,ssmt
867608,ssgl
867666,sbhm
867694,sbhm
867722,sbel
867750,sbel
867778,sbtr
867806,sbtr
867834,sbmt
867862,sbgl
867920,swhm
867948,swhm
867976,swel
868004,swel
868032,swtr
868060,swtr
868088,swmt
868116,swgl
868174,athm
868202,athf
868230,atem
868258,atef
868286,attr
868314,attr
868342,atmt
868370,atgl
868643,sjhm
868669,sjhm
868695,sjel
868721,sjel
868747,sjtr
868773,sjtr
868799,sjmt
868825,sjgl
868862,sshm
868888,sshm
868914,ssel
868940,ssel
868966,sstr
868992,sstr
869018,ssmt
869044,ssgl
869081,sbhm
869107,sbhm
869133,sbel
869159,sbel
869185,sbtr
869211,sbtr
869237,sbmt
869263,sbgl
869300,swhm
869326,swhm
869352,swel
869378,swel
869404,swtr
869430,swtr
869456,swmt
869482,swgl
869519,athm
869545,athf
869571,atem
869597,atef
869623,attr
869649,attr
869675,atmt
869701,atgl
869957,fdi2
870446,sjhm
870474,sjhm
870502,sjel
870530,sjel
870558,sjtr
870586,sjtr
870614,sjmt
870642,sjgl
870700,sshm
870728,sshm
870756,ssel
870784,ssel
870812,sstr
870840,sstr
870868,ssmt
870896,ssgl
870954,sbhm
870982,sbhm
871010,sbel
871038,sbel
871066,sbtr
871094,sbtr
871122,sbmt
871150,sbgl
871208,swhm
871236,swhm
871264,swel
871292,swel
871320,swtr
871348,swtr
871376,swmt
871404,swgl
871462,athm
871490,athf
871518,atem
871546,atef
871574,attr
871602,attr
871630,atmt
871658,atgl
871931,sjhm
871957,sjhm
871983,sjel
872009,sjel
872035,sjtr
872061,sjtr
872087,sjmt
872113,sjgl
872150,sshm
872176,sshm
872202,ssel
872228,ssel
872254,sstr
872280,sstr
872306,ssmt
872332,ssgl
872369,sbhm
872395,sbhm
872421,sbel
872447,sbel
872473,sbtr
872499,sbtr
872525,sbmt
872551,sbgl
872588,swhm
872614,swhm
872640,swel
872666,swel
872692,swtr
872718,swtr
872744,swmt
872770,swgl
872807,athm
872833,athf
872859,atem
872885,atef
872911,attr
872937,attr
872963,atmt
872989,atgl
873246,fdo2
873263,fdo2
873293,fdi2
873310,fdi2
873567,fdi2
873611,Feliz
873642,Ferdinand
873673,Gunnar
873704,Massimo
873735,Oldrich
873766,Siegward
873797,Theobald
873828,Zenji
873870,Amerita
873901,Beatrice
873932,Henrietta
873963,Jesimae
873994,Karyn
874025,Nanako
874056,Sharlene
874087,Sieghilde
874129,Chanandit
874160,Deulmaeux
874191,Demresinaux
874222,Ephealgaux
874253,Gauldeval
874284,Grauffemart
874315,Migaifongut
874346,Romidiant
874388,Armittie
874419,Cadepure
874450,Clearite
874481,Epilleve
874512,Liabelle
874543,Nauthima
874574,Radille
874605,Vimechue
874647,Balu-Falu
874678,Burg-Ladarg
874709,Ehgo-Ryuhgo
874740,Kolui-Pelui
874771,Nokum-Akkum
874802,Savul-Kivul
874833,Vinja-Kanja
874864,Yarga-Umiga
874906,Cupapa
874937,Jajuju
874968,Kalokoko
874999,Mahoyaya
875030,Pakurara
875061,Ripokeke
875092,Yawawa
875123,Yufafa
875165,Fhig
875196,Khuma
875227,Pimy
875258,Raka
875289,Sahyu
875320,Sufhi
875351,Tsuim
875382,Yoli
875424,Durib
875455,Dzapiwa
875486,Jugowa
875517,Mugido
875548,Voldai
875579,Wagwei
875610,Zayag
875641,Zoldof
875707,Feliz
875738,Ferdinand
875769,Gunnar
875800,Massimo
875831,Oldrich
875862,Siegward
875893,Theobald
875924,Zenji
875966,Amerita
875997,Beatrice
876028,Henrietta
876059,Jesimae
876090,Karyn
876121,Nanako
876152,Sharlene
876183,Sieghilde
876225,Chanandit
876256,Deulmaeux
876287,Demresinaux
876318,Ephealgaux
876349,Gauldeval
876380,Grauffemart
876411,Migaifongut
876442,Romidiant
876484,Armittie
876515,Cadepure
876546,Clearite
876577,Epilleve
876608,Liabelle
876639,Nauthima
876670,Radille
876701,Vimechue
876743,Balu-Falu
876774,Burg-Ladarg
876805,Ehgo-Ryuhgo
876836,Kolui-Pelui
876867,Nokum-Akkum
876898,Savul-Kivul
876929,Vinja-Kanja
876960,Yarga-Umiga
877002,Cupapa
877033,Jajuju
877064,Kalokoko
877095,Mahoyaya
877126,Pakurara
877157,Ripokeke
877188,Yawawa
877219,Yufafa
877261,Fhig
877292,Khuma
877323,Pimy
877354,Raka
877385,Sahyu
877416,Sufhi
877447,Tsuim
877478,Yoli
877520,Durib
877551,Dzapiwa
877582,Jugowa
877613,Mugido
877644,Voldai
877675,Wagwei
877706,Zayag
877737,Zoldof
893547,Feliz
893578,Ferdinand
893609,Gunnar
893640,Massimo
893671,Oldrich
893702,Siegward
893733,Theobald
893764,Zenji
893806,Amerita
893837,Beatrice
893868,Henrietta
893899,Jesimae
893930,Karyn
893961,Nanako
893992,Sharlene
894023,Sieghilde
894065,Chanandit
894096,Deulmaeux
894127,Demresinaux
894158,Ephealgaux
894189,Gauldeval
894220,Grauffemart
894251,Migaifongut
894282,Romidiant
894324,Armittie
894355,Cadepure
894386,Clearite
894417,Epilleve
894448,Liabelle
894479,Nauthima
894510,Radille
894541,Vimechue
894583,Balu-Falu
894614,Burg-Ladarg
894645,Ehgo-Ryuhgo
894676,Kolui-Pelui
894707,Nokum-Akkum
894738,Savul-Kivul
894769,Vinja-Kanja
894800,Yarga-Umiga
894842,Cupapa
894873,Jajuju
894904,Kalokoko
894935,Mahoyaya
894966,Pakurara
894997,Ripokeke
895028,Yawawa
895059,Yufafa
895101,Fhig
895132,Khuma
895163,Pimy
895194,Raka
895225,Sahyu
895256,Sufhi
895287,Tsuim
895318,Yoli
895360,Durib
895391,Dzapiwa
895422,Jugowa
895453,Mugido
895484,Voldai
895515,Wagwei
895546,Zayag
895577,Zoldof
895643,Feliz
895674,Ferdinand
895705,Gunnar
895736,Massimo
895767,Oldrich
895798,Siegward
895829,Theobald
895860,Zenji
895902,Amerita
895933,Beatrice
895964,Henrietta
895995,Jesimae
896026,Karyn
896057,Nanako
896088,Sharlene
896119,Sieghilde
896161,Chanandit
896192,Deulmaeux
896223,Demresinaux
896254,Ephealgaux
896285,Gauldeval
896316,Grauffemart
896347,Migaifongut
896378,Romidiant
896420,Armittie
896451,Cadepure
896482,Clearite
896513,Epilleve
896544,Liabelle
896575,Nauthima
896606,Radille
896637,Vimechue
896679,Balu-Falu
896710,Burg-Ladarg
896741,Ehgo-Ryuhgo
896772,Kolui-Pelui
896803,Nokum-Akkum
896834,Savul-Kivul
896865,Vinja-Kanja
896896,Yarga-Umiga
896938,Cupapa
896969,Jajuju
897000,Kalokoko
897031,Mahoyaya
897062,Pakurara
897093,Ripokeke
897124,Yawawa
897155,Yufafa
897197,Fhig
897228,Khuma
897259,Pimy
897290,Raka
897321,Sahyu
897352,Sufhi
897383,Tsuim
897414,Yoli
897456,Durib
897487,Dzapiwa
897518,Jugowa
897549,Mugido
897580,Voldai
897611,Wagwei
897642,Zayag
897673,Zoldof
915312,thk1
915331,thk2f
915346,tlk0
915365,tlk1
915383,tlk0
915454,tlk0
915605,pas0
915670,thk1
915689,thk2f
915704,tlk0
915727,tlk1
915822,pas0
915934,tlk0
916044,tlk1f
916059,pas0
916280,tlk0
916299,tlk1
916317,tlk0
916380,tlk0
916552,tlk0
916687,tlk0
916706,tlk1
916844,tlk0
916863,tlk1
916906,tlk0
916925,tlk1
916968,tlk0
916987,tlk1
917030,tlk0
917049,tlk1
917092,tlk0
917111,tlk1
917244,tlk0
917263,tlk1
917312,tlk0
917331,tlk1
917380,tlk0
917399,tlk1
917448,tlk0
917467,tlk1
917516,tlk0
917535,tlk1
917659,tlk0
917678,tlk1
917727,tlk0
917746,tlk1
917795,tlk0
917814,tlk1
917863,tlk0
917882,tlk1
917931,tlk0
917950,tlk1
918074,tlk0
918093,tlk1
918142,tlk0
918161,tlk1
918210,tlk0
918229,tlk1
918278,tlk0
918297,tlk1
918346,tlk0
918365,tlk1
918489,tlk0
918508,tlk1
918557,tlk0
918576,tlk1
918625,tlk0
918644,tlk1
918693,tlk0
918712,tlk1
918761,tlk0
918780,tlk1
918904,tlk0
918923,tlk1
918972,tlk0
918991,tlk1
919040,tlk0
919059,tlk1
919108,tlk0
919127,tlk1
919176,tlk0
919195,tlk1
919319,tlk0
919338,tlk1
919387,tlk0
919406,tlk1
919455,tlk0
919474,tlk1
919523,tlk0
919542,tlk1
919591,tlk0
919610,tlk1
919734,tlk0
919753,tlk1
919802,tlk0
919821,tlk1
919870,tlk0
919889,tlk1
919938,tlk0
919957,tlk1
920006,tlk0
920025,tlk1
920149,tlk0
920168,tlk1
920217,tlk0
920236,tlk1
920285,tlk0
920304,tlk1
920353,tlk0
920372,tlk1
920421,tlk0
920440,tlk1
920564,tlk0
920583,tlk1
920632,tlk0
920651,tlk1
920700,tlk0
920719,tlk1
920768,tlk0
920787,tlk1
920836,tlk0
920855,tlk1
920979,tlk0
920998,tlk1
921047,tlk0
921066,tlk1
921115,tlk0
921134,tlk1
921183,tlk0
921202,tlk1
921251,tlk0
921270,tlk1
921723,tlk0
921776,tlk0
921819,tlk0
922059,tlk0
922162,tlk0
922194,tlk0
922310,tlk0
922420,hap0
922460,open
922504,clos
922526,tlk0
922545,pas0S
922603,tlk0
922648,tlk0
922757,hap0
922825,open
922869,clos
922891,tlk0
922910,pas0S
922923,pas0
922955,open
923042,pas0S
923081,clos
923106,tlk0
923171,tlk0.
923200,tlk0
923228,tlk0
923256,tlk0
923298,tlk0
923440,tlk0
923472,tlk0
923500,tlk0
923529,tlk0
923681,main
923717,main
930286,fdo1
932888,fdi0
932905,fdi0
932921,fdo0
932938,fdo0
932954,fdi1
932971,fdi1
932987,fdo1
933004,fdo1
933020,whi1
933037,whi1
933053,who1
933070,who1
933086,who2
933103,who2
933119,who3
933136,who3
933152,main
933172,fdo1
933189,fdo1
933205,fdi1
933222,main
933242,fdi1
933258,blon
933275,blon
933293,whi0
933310,whi0
933326,who0
933343,who0
933359,efon
933376,efon
933392,fdis
933410,fdos
933427,fdos
933443,fdif
933461,fdof
933478,fdof
933494,fdip
933512,fdop
933529,fdop
