offset,token
4117,tlk0
4141,tlk1
4333,sit0S
4346,sit0
4370,sit1S
4383,sit1
4407,tlk0
4425,tlk1
4483,sha0S
4496,sha0
4520,sha1S
4533,sha1
4587,pas0
5286,main
5304,dead
5323,s000
5343,main
5363,s001
5383,kila
5404,main
5422,dead
5441,main
5459,dead
5478,s000
5530,main
5550,s001
5570,kila
5644,main
5662,dead
5716,main
5769,dead
5823,s000
5843,main
5895,s001
5915,kila
5936,main
5953,main
6041,s000
6061,main
6116,s001
6136,kila
6192,main
6245,dead
6299,main
6317,dead
6371,main
6424,dead
7768,atp0
7792,ec00
7816,sitl
7840,sit1
8135,kizm_
8151,hmmm
8178,kizm_
8194,hfmm
8221,kizm_
8237,emmm
8264,kizm_
8280,efmm
8307,kizm_
8323,tmam
8350,kizm_
8366,tmam
8393,kizm_
8409,mmam
8436,kizm_
8452,gmam
8480,kizl_
8496,hmll
8523,kizl_
8539,hfll
8566,kizl_
8582,emll
8609,kizl_
8625,efll
8652,kizl_
8668,tmll
8695,kizl_
8711,tmll
8738,kizl_
8754,mmll
8781,kizl_
8797,gmll
9192,AuBuCuDuEuFu
9928,s006
9943,tlk0
9957,tlk0
9971,tlk1
9985,tlk1
10001,s008
10016,gak0
10030,gak0
10044,gak1
10058,gak1
10074,s009
10089,job0
10103,job0
10117,job1
10131,job1
10147,s005
10162,hap0
10176,hap0
10190,hap1
10204,hap1
10218,new0
10232,new0
10246,new1
10260,new1
10276,s007
10291,exp0
10305,exp0
10319,exp1
10333,exp1
10347,dan0S
10373,dan0S
10399,dan1S
10425,dan0S
10451,dan0S
10477,dan2S
10503,dan3S
10516,dan3
10530,dan3S
10556,dae3
10570,dae3
10646,fdo0
10687,s000
10704,fdi0
10728,fdo0
10756,fdi0
10799,fdo0
10861,s000
10878,fdi0
10916,s002
10940,s002E
10955,s001
10986,fdo0
11014,fdi0
11043,s001
11245,s000
11299,s000
11353,s000
11419,s000
11473,s000
11527,s000
11649,s000
11705,s000
11779,s001
11871,s000
13179,fdi1
13210,fdo0
13251,s000
13268,fdi0
13313,s001
13337,s000
13377,s001
13408,fdo0
13457,fdi0
13489,s002
13531,s002
13732,fdo0
13773,s000
13790,fdi0
13857,fdo0
13892,fdi0
13909,qstc
13942,fdo0
13983,s000
14000,fdi0
14045,s001
14069,s000
14109,s001
14140,fdo0
14189,fdi0
14221,s002
14263,s002
14464,fdo0
14505,s000
14522,fdi0
14589,fdo0
14624,fdi0
14641,qstc
14674,fdo0
14715,s000
14732,fdi0
14760,s002
14838,s001
14887,s000
14967,s001
14998,fdo0
15047,fdi0
15172,fdo0
15213,s000
15230,fdi0
15297,fdo0
15332,fdi0
15349,qstc
15371,fdo1
15388,fdo1F
15476,s000
15496,fdi1
15513,s005
15528,hap0
15549,hap1R
15564,s000E
15579,s001
15600,s006
15615,tlk0
15636,tlk1E
15651,fdo1
15668,fdo1R
15683,s001F
15700,fdi2
15727,s006
15742,tlk0
15781,fdo1
15798,fdo1F
15886,s000
15906,fdi1
15923,s005
15938,hap0
15959,hap1R
15974,s000E
15989,s001
16010,s006
16025,tlk0
16046,tlk1R
16061,s001E
16076,s002
16095,hap0
16114,s002E
16129,s003
16144,hap1
16163,s007
16178,exp0
16205,s003E
16220,s004
16239,exp1R
16254,s004E
16269,s005
16290,s008
16305,gak0
16324,gak1R
16339,s005E
16354,s000
16375,s000E
16390,s006
16407,s006
16426,tlk1E
16441,fdo1
16458,fdo1R
16473,s006F
16490,fdi2
16510,fdo1
16527,fdo1F
16615,s000
16635,fdi1
16652,s005
16667,hap0
16686,s000E
16701,s002
16720,hap1R
16735,s002E
16750,s003
16767,s007
16782,exp0
16809,s003E
16824,s004
16843,exp1R
16858,s004E
16873,s005
16894,s008
16909,gak0
16926,gak1R
16941,s005E
16956,s000
16977,s000E
16992,s006
17009,s006
17028,tlk1E
17043,fdo1
17060,fdo1R
17075,s006F
17092,fdi2
24440,fdo1
29120,fdo1
33800,fdo1
38476,fdo1
39790,cry0
39818,fdo1
39906,cry0E
39938,fdi1
40126,fdo1
40163,fdi1
40186,cry0
40218,fdo1
40328,fdi1
40369,tlk0
40388,tlk1R
40515,tlk0
40534,tlk1n
40569,cry0
40669,pas0
40700,tlk0
40724,tlk1J
40775,cry0
40799,fdo1
40836,fdi1
40859,cry0
40892,fdo1
40966,fdi1
40986,tlk0
41065,ovl1
41099,tlk0
41123,tlk1
41143,tlk0
41162,tlk1R
41192,ovl1
41239,tlk0
41258,tlk1E
41273,fdo1
41310,fdi1
41356,fdo1
41449,cry0E
41481,fdi1
41616,tlk0
41682,pas0
41700,tlk0
41728,tlk1y
41785,tlk0
41804,tlk1n
41849,tlk0
41868,tlk1n
42077,cry0J
42134,sha0
42168,cry1+
42199,tlk0
42218,tlk1fR
42233,sha1
42275,tlk0J
42325,pas0
42378,fdo1
42400,fdi1
42419,qstc
43140,fdo1
43207,ko01
43224,fdi1
43265,ko01E
43280,ko07
43322,ko07E
43337,ko02
43417,ko02E
43432,ko06
43470,fdo1
43490,ko06F
43507,fdi1
43609,fdo1
43632,ko01
43693,fdi1
43738,ko01E
43753,ko16
43780,fdo1
43800,ko16E
43815,dopn
43841,dcls
43861,ko17
43878,fdi1
43898,fdo1
43918,ko17N
43946,dopn
43966,dcls
43986,ko01
44010,fdi1
44046,ko01E
44061,ko02
44108,ko02E
44123,ko07
44161,ko07E
44176,ko02
44197,fdo1
44222,ko02F
44239,fdi1
44295,fdo1
44318,ko01
44379,fdi1
44498,ko16
44579,ko16
44606,fdo1
44626,dopn
44646,ko16
44664,dcls
44778,ko04
44812,fdi1
44832,ko04E
44847,blon
44864,blon
44881,ovl1
44898,ko03
44936,ko03E
44951,blof
44973,ko08
45075,ko05
45127,ko05E
45142,ko08
45167,ko08E
45182,ko11
45317,ko11E
45332,ovl1
45349,ko10
45378,ko10E
45393,ovl1
45410,ko11
45448,ko11E
45463,blon
45480,blon
45497,ko12
45536,ko13
45575,blof
45592,ko11
45630,ko11E
45645,ko08
45717,fdo1
45753,ko08
45806,ko01
45823,fdi1
45847,ko01E
45862,ko06
45898,ko06E
45913,ko02
45977,fdo1
46002,ko02F
46019,fdi1
46060,fdo1
46083,ko01
46156,fdi1
46180,ko01E
46195,ko02
46242,ko02E
46257,ko06
46325,ko06E
46340,ovl1
46357,ko14
46383,ko14
46406,ko02
46434,pas0
46452,ko02E
46467,ko15
46514,fdo1
46534,ko15F
46551,fdi1
46570,qstc
46621,pas0
46962,tlk0
46988,kisi
47230,tlk0
47250,kan0
47330,std0
47804,fdo1
47936,fdo1
48068,fdo1
48200,fdo1
48332,fdo1
48464,fdo1
48596,fdo1
48728,fdo1
48860,fdo1
48992,fdo1
49124,fdo1
49256,fdo1
49388,fdo1
49520,fdo1
49685,fdo1
49817,fdo1
49949,fdo1
51677,fdo1
51705,fdi1
51746,san1
51777,san2
51808,san3
51831,fdo1
51855,fdi1
52518,tgs5
52543,tgs5
52806,pv00
52848,dead
52893,pv01
52911,tgs6
52935,tgs6E
52950,tgs1
52967,tgs1E
52982,tgs0
52999,tgs0
53074,tgs5
53319,tgs5E
53334,tgs2
53369,tgs2
53444,tgs7
53917,tgs7E
53932,tgs3
53964,tgs3
54331,dead'
54368,pva0E
54383,tgs4
54414,tgs4
54508,fdi1
55468,fdo1
55498,z80a
55522,fdi1
55562,fdo1
61226,fdo1
61282,fdi1
61347,fdo1
61415,fdi1
70945,tlk0
70995,tlk0
71034,tlk1
71067,tlk0
71106,tlk1
71135,tlk0
71166,tlk1
77433,ksd0
77470,kbs0
77507,kws0
77684,ksd1
77727,kbs1
77770,kws1
77896,ksd2
77939,kbs2
77982,kws2
78261,kws2N
78296,fdi2
78350,fdi0
78367,fdi0
78383,fdo0
78400,fdo0
78416,fdi1
78433,fdi1
78449,fdo1
78466,fdo1
78482,whi1
78499,whi1
78515,who1
78532,who1
78548,who2
78565,who2
78581,who3
78598,who3
78614,main
78634,fdo1
78651,fdo1
78667,fdi1
78684,main
78704,fdi1
78720,blon
78737,blon
78755,whi0
78772,whi0
78788,who0
78805,who0
78821,efon
78838,efon
78854,fdis
78872,fdos
78889,fdos
78905,fdif
78923,fdof
78940,fdof
78956,fdip
78974,fdop
78991,fdop
85502,K#HV
85517,Z#HW
85532,i#HX
85548,y#HY
90398,eton
90927,fdo1
93336,bind
97313,main
97333,fdo1
97354,fdi1
97371,main
97391,fdi1
103904,bind
107881,main
107901,fdo1
107922,fdi1
107939,main
107959,fdi1
114472,bind
118449,main
118469,fdo1
118490,fdi1
118507,main
118527,fdi1
125040,bind
129017,main
129037,fdo1
129058,fdi1
129075,main
129095,fdi1
135608,bind
139585,main
139605,fdo1
139626,fdi1
139643,main
139663,fdi1
152722,tlk0+
152852,tlk0+
152918,tlk0+
152949,ten0E
152964,qstc
152999,tlk0
154508,tlk0+
154563,tlk0+
154610,tlk0+
154657,tlk0+
154992,s000
155009,fdi2
155026,tlk0+
155049,s001E
155064,s013
155089,s013E
155104,s014
155137,tlk1R
155152,s014E
155167,s015
155216,s015E
155231,s016
155267,s015
155288,s016F
155305,woff
155322,woffE
155337,fdi2
155373,s017
155434,s017E
155449,s018
155474,s018E
155489,s001
155537,tlk1R
155552,s001E
155567,s019
155584,tlk0+A
155607,s019E
155622,s020
155647,tlk1R
155662,s020E
155677,s021
155694,thk1+B
155717,thk2R
155732,s021E
155747,s022
155797,s022nB
155829,s023
155854,s023n
155886,s002
155929,s002E
155944,s024
155981,thk1+
156004,thk2R
156019,s024E
156034,s025
156057,thk2+
156080,s025
156388,s000
156405,fdi2
156422,tlk0+
156445,tlk1R
156460,s000E
156475,s026
156524,s026E
156539,s016
156575,s026E
156590,s027
156607,tlk0+
156630,s027E
156645,s029
156678,s029E
156693,s028
156718,tlk1
156736,s028R
156751,s016F
156768,woff
156785,woffE
156800,fdi2
156826,tlk0+
157161,s000
157178,fdi2
157195,tlk0+
157242,tlk1E
157257,s026
157311,s026E
157326,s015
157351,s015
157372,s026
157395,woff
157412,woffE
157427,fdi2
157606,s000
157623,fdi2
157680,s000E
157695,s026
157744,s026E
157759,s016
157795,s026E
157810,s027
157827,tlk0+
157850,s027E
157865,s029
157898,s029E
157913,s028
157938,tlk1
157956,s028F
157973,woff
157990,woffE
158005,fdi2
158355,s000
158372,fdi2
158389,tlk0+
158412,tlk1R
158427,s000E
158442,s030
158462,thk1
158490,s030E
158505,s031
158547,thk2R
158562,s031E
158577,s033
158592,thk2
158620,s033E
158635,s032
158660,s032E
158675,s003
158720,s003J
158753,s034
158782,tlk0+C
158805,tlk1SC
158818,tlk1KC
158840,s034E
158855,s035
158892,s035E
158907,s036
158924,thk1+C
158947,thk2R
158962,s036E
158977,s037
158994,tlk0+
159017,tlk1JC
159041,s037E
159056,s038
159099,s038E
159114,s039
159148,s039E
159163,s040
159215,s040E
159230,s041
159247,tlk0+D
159270,tlk1R
159285,s041E
159300,s042
159326,s042E
159341,s051
159389,s051n
159421,s043
159446,s043E
159461,s004
159510,s004E
159525,s005
159554,s005n
159586,s044
159611,s044E
159626,s045
159651,s045n
159678,s046
159703,s046E
159718,s047
159743,s047E
159758,s048
159775,tlk0+
159798,tlk1R
159813,s048E
159828,s050
159888,s050E
159903,s049
159946,s049E
159961,s052
160016,s052E
160031,s053
160056,thk1'
160081,s053E
160096,s054
160127,s054E
160142,s055
160167,thk2R
160182,s055E
160197,s056
160217,kidl0C
160283,s056E
160298,s058
160338,s058E
160353,s059
160408,s059E
160423,s060
160460,s060E
160475,s062
160500,s062E
160515,s061
160546,s061J
160588,s063
160629,tlk0+
160652,tlk0R
160667,s063E
160682,s065
160707,s065E
160722,s066
160747,s066
160801,s011
160818,fdi2
160855,tlk0
160883,tlk1n
160915,s012
160932,qstc
160955,s012F
160972,woff
160989,woffE
161004,fdi2
161354,s000
161371,fdi2
161388,tlk0+
161411,tlk1R
161426,s000E
161441,s030
161461,thk1
161489,s030E
161504,s031
161546,thk2R
161561,s031E
161576,s033
161591,thk2
161619,s033E
161634,s032
161659,s032E
161674,s003
161719,s003J
161752,s034
161781,tlk0+C
161804,tlk1SC
161817,tlk1KC
161839,s034E
161854,s035
161891,s035E
161906,s036
161923,thk1+C
161946,thk2R
161961,s036E
161976,s037
161993,tlk0+
162016,tlk1JC
162040,s037E
162055,s038
162098,s038E
162113,s039
162147,s039E
162162,s040
162214,s040E
162229,s041
162246,tlk0+D
162269,tlk1R
162284,s041E
162299,s042
162325,s042E
162340,s051
162388,s051n
162420,s043
162445,s043E
162460,s004
162509,s004E
162524,s005
162553,s005n
162585,s044
162610,s044E
162625,s045
162650,s045n
162677,s046
162702,s046E
162717,s047
162742,s047E
162757,s048
162774,tlk0+
162797,tlk1R
162812,s048E
162827,s050
162887,s050E
162902,s049
162945,s049E
162960,s052
163015,s052E
163030,s053
163055,thk1'
163080,s053E
163095,s054
163126,s054E
163141,s055
163166,thk2R
163181,s055E
163196,s056
163216,kidl0C
163282,s056E
163297,s058
163337,s058E
163352,s059
163407,s059E
163422,s060
163459,s060E
163474,s062
163499,s062E
163514,s061
163545,s061J
163587,s063
163628,tlk0+
163651,tlk0R
163666,s063E
163681,s065
163706,s065E
163721,s066
163746,s066
163800,s011
163817,fdi2
163871,s012
163888,qstc
163911,s012F
163928,woff
163945,woffE
163960,fdi2
163986,tlk0+
164053,tlk0+
164076,tlk1
164105,tlk0+
164159,tlk0
164187,tlk1
164213,tlk0
164241,tlk1
164271,tlk0+
164338,tlk0+
164361,tlk1
164390,tlk0+
164449,tlk0+
164472,tlk1
164498,tlk0
164526,tlk1
164556,tlk0+
164609,fdo1
164626,fdo1
164642,fdi2
164659,fdi2
167422,tlk0
169417,s000
169434,fdi2
169451,tlk0+
169474,tlk1y
169499,s000E
169514,s001
169547,s001E
169562,s052
169605,s052E
169620,s002
169637,s002E
169652,s003
169676,s003E
169691,s004
169765,s004E
169780,s005
169846,s005n
169878,s006
169898,s006E
169913,s007
169975,s007E
169990,s009
170019,s009E
170034,s010
170125,s010E
170140,s031
170174,s031E
170189,s012
170236,tlk0+
170296,tlb0
170314,s012E
170329,s013
170346,s013E
170361,s017
170385,s017E
170400,s018
170417,def0f
170447,ada0
170473,s018E
170488,s019
170515,tlb0
170533,s019E
170548,s020
170625,s020'
170647,s021
170676,s021E
170691,s022
170708,s022E
170723,s023
170749,tlb0+
170772,s023E
170787,s024
170804,tla0+
170827,s024E
170842,fdo1
170859,fdo1
170899,kidl0
170919,s026
170936,fdi2
170968,tlb0+
170991,def0R
171006,s026E
171021,s027
171038,tlb0+
171061,def0R
171076,s027E
171091,s028
171108,tlb0+
171131,def0R
171146,s028E
171161,s029
171178,pas0S
171206,pat0+
171242,s029E
171257,s030
171277,main
171303,s030E
171318,s032
171351,s032E
171366,s033
171406,pas1
171424,s033E
171439,s034
171469,tlb0+
171492,def0R
171507,s034E
171522,s035
171539,tlb0+
171562,def0S
171590,ada0R
171605,s035E
171620,s036
171637,tla0+
171660,s036E
171675,s037
171681,kidl0
171709,s037E
171724,s038
171741,pas0S
171769,pat0+
171792,pat1R
171807,s038E
171822,s039
171872,s039E
171887,s041
171904,s041E
171919,s040
171936,pat0+
171967,pat1R
171982,s040
172003,s039E
172018,s041
172024,kidl0
172068,s041E
172083,s042
172100,s042E
172115,s043
172144,s043E
172159,s044
172176,s044E
172191,s045
172215,s045
172316,pas0S
172344,pat0E
172359,s046
172376,fdi2
172404,pat0S
172432,pas1S
172445,pas1R
172460,s046E
172475,s047
172492,tlb0+
172515,def0R
172530,s047E
172545,s048
172562,pas0S
172575,pas0
172590,main
172607,s048E
172622,s049
172654,fdo1
172671,fdo1U
172686,s049
172714,s050
172731,fdi2
172765,s050E
172780,s051
172824,tlk0+
172847,tlk1
172865,s051F
172882,woff
172899,woffE
172914,fdi2
173209,s054
173226,fdi2
173243,tlk0+
173266,s054E
173281,s055
173306,tlk1
173334,s055E
173349,s057
173386,s057E
173401,s058
173435,s058E
173450,s059
173476,tls0+
173499,s059E
173514,s060
173539,s060E
173554,s061
173591,s061E
173606,s062
173629,tls1+
173652,fd00N
173681,s062E
173696,s063
173740,s063J
173764,hrmk
173786,s064
173809,tla0+
173832,tla1R
173847,s064E
173862,s065
173894,tlb0
173944,tlb1R
173959,s065E
173974,s066
174006,tla0+
174029,tla1E
174044,s067
174091,tla0+
174114,fd00
174141,tla1J
174165,hrmk
174187,s067E
174202,s068
174225,s068E
174240,s069
174313,tls0
174331,s069E
174346,s071
174371,tls1R
174386,s071E
174401,s072
174416,tls1'
174445,s072E
174460,s074
174486,s074E
174501,s075
174538,s075E
174553,s184
174578,s184'
174600,s076
174636,s076E
174651,s077
174714,tlk0+
174737,s077E
174752,s078
174785,tlk1R
174800,s078E
174815,s080
174873,s080E
174888,s081
174912,s081E
174927,s082
174970,s082E
174985,s083
175002,tlk0+
175025,s083E
175040,s084
175065,tlk1+
175088,s084E
175103,s085
175120,thk1+
175143,s085E
175158,s086
175190,s086E
175205,s087
175222,thk2+
175245,tlk0+
175271,s087F
175288,woff
175305,woffE
175320,fdi2
175717,s088
175734,fdi2
175751,tls0+
175774,s088E
175789,s090
175814,tls1
175846,s090E
175861,s089
175881,s089E
175896,s091
175941,s091E
175956,s185
176016,s185z
176043,s092
176073,s092E
176088,s094
176122,s094E
176137,s099
176197,s099E
176212,ac00
176258,ac00E
176273,kl00
176290,ac00
176336,ac00E
176351,kl00
176380,s093
176404,s093E
176419,s096
176450,s096
176692,stdcE
176707,s100
176724,fdi2
176741,s100E
176756,s101
176773,kei0+
176796,s101E
176811,s108
176828,tla0+
176851,tla1S
176879,kei1J
176903,hrmk
176925,s108E
176940,s105
176960,s105E
176975,s106
176992,tls0+
177015,s106E
177030,s107
177055,s107E
177070,s102
177095,tls1R
177110,s102E
177125,s104
177142,s104E
177157,s109
177191,hrmk
177208,s109E
177223,s110
177251,tla0+
177274,tla1R
177289,s110E
177304,s111
177338,hrmk
177355,s111E
177370,s112
177413,s112E
177428,s113
177453,s113J
177477,hrmk
177494,s114
177551,s114E
177566,s115
177588,kei0+
177611,s115+
177634,s116
177651,tls0+
177674,kei1R
177689,s116E
177704,s117
177736,kei1
177754,s117J
177787,hrmk
177804,s119
177831,hrmk
177857,tls0+
177880,s119E
177895,s124
177921,tls0+
177944,tls1R
177959,s124E
177974,s120
178010,hrmk
178032,s120E
178047,s183
178087,hrmk
178104,s183E
178119,s121
178147,tlb0+
178170,tlb1R
178185,s121E
178200,s122
178238,s122E
178253,s123
178300,hrmk
178326,s123E
178341,s125
178367,hrmk
178433,tlk0+
178456,tlk1R
178471,s125E
178486,s127
178492,kidl0
178539,kei0+
178605,kei1
178632,s127E
178647,s128
178686,hrmk
178737,hrmk
178754,s128E
178769,s129
178797,tls0+
178829,s129E
178844,s130
178884,s130E
178899,s131
178916,tls1ov
178937,tlk0+
178969,s131E
178984,s132
179009,tlk1R
179024,s132E
179039,s133
179064,s133E
179079,s134
179096,tla0+
179119,tla1J
179156,s134E
179171,s135
179211,s135E
179226,s136
179243,tlk0+
179277,s136
179422,s138
179439,fdi2
179456,war0+
179479,s138E
179494,s139
179528,s139E
179543,s140
179568,s140E
179583,s141
179600,thk0+
179631,s141E
179646,s143
179679,s143E
179694,s144
179727,thk1R
179742,s144E
179757,s146
179790,s146E
179805,s148
179822,tlk0+
179853,s148E
179868,s149
179896,s149
180125,s151
180147,fdi2
180164,tlk0+
180187,s151E
180202,s152
180219,tls0+
180242,tls1J
180266,hrmk
180288,s152E
180303,s153
180326,tla0+
180349,tla1R
180364,s153E
180379,s154
180410,tla0+
180433,tla1R
180448,s154E
180463,s155
180488,s155E
180503,s157
180528,s157E
180543,s156
180560,tlk1+
180583,s156E
180598,s158
180622,tls0+
180645,tls1J
180669,hrmk
180686,s158E
180701,s159
180748,tla0+
180771,tla1J
180795,hrmk
180812,s159E
180827,s160
180861,tha0+
180908,s160E
180923,s161
180954,tha1
180975,s161E
180990,s162
181023,s162E
181038,s164
181055,tls0+
181078,tls1R
181093,s164E
181108,s165
181133,s165E
181148,s166
181211,s166E
181226,s167
181260,hrmk
181277,s167E
181292,s168
181320,tls0+
181343,s168E
181358,s169
181383,tls1J
181407,hrmk
181424,s169E
181439,s170
181467,tla0+
181490,tla1R
181505,s170E
181520,s172
181563,s172E
181578,s171
181630,s171E
181645,s173
181662,tha0+
181685,thb1
181712,hrmk
181734,s173E
181749,s174
181772,tla0+
181795,tla1J
181819,hrmk
181836,s174E
181851,s175
181879,kei0+
181902,kei1
181938,hrmk
181955,s175E
181970,s176
182003,tla0+
182034,s176E
182049,s177
182074,s177E
182089,s178
182130,s178E
182145,s180
182170,s180E
182185,s181
182218,tla1R
182233,s181E
182248,s182
182265,tls0
182320,f000F
182337,fdi2
182425,fd00ov
182452,s058
182469,fdi2
182501,kei0+
182537,fd00
182951,stdcN
183091,s001
183108,fdi2
183133,s001E4
183148,s002
183171,thb0
183189,thb1
183221,s002E4
183236,s003
183253,tls0+
183276,tls1
183294,s003E4
183309,s004
183326,tla0+
183349,tla1R4
183364,s004E4
183379,s005
183411,war0+
183446,s005+
183487,f000
183525,fdi2
183542,qstc
183590,tla0+
183750,fg00ov
183777,s000
183794,fdi2
183826,tla0
183869,tla1
183887,fi00
183905,fi01+
183936,fi00
183966,f000
183993,s000
184011,fdi2
184102,fd00ov
184129,s000
184146,fdi2
184178,tla0
184229,tla1
184247,fd00
184274,s000
184292,fdi2
184326,tla0+
184448,fd00ov
184475,s058
184492,fdi2
184524,kei0+
184560,fd00
184713,f000
184999,stdcN
185150,s001
185167,fdi2
185184,war0+
185207,s001E4
185222,s007
185239,tla0+
185262,s007E4
185277,s009
185302,s009E4
185317,s008
185342,tla1J
185366,hrmk
185383,s008E4
185398,s010
185426,tla0+
185449,tla1J
185473,hrmk
185490,s010E4
185505,s011
185553,fd00ov
185574,tla0+
185605,tla1J
185629,hrmk
185646,s011E4
185661,s012
185704,tls0+
185740,fd00R4
185755,s012E4
185770,s013
185787,tla0+
185825,tls1R4
185840,s013E4
185855,s014
185884,fg00
185902,fg01+
185925,fg00R4
185940,s014E4
185955,s015
185972,f000
185999,tla0+
186022,tla1
186049,hrmk
186066,s015E4
186081,s016
186109,tla0+
186132,tla1J
186156,hrmk
186182,hrmk
186199,s016E4
186214,s017
186261,s017E4
186276,s018
186318,hrmk
186335,s018E4
186350,s019
186400,s019E4
186415,s020
186438,thb0+
186461,thb1
186482,s020E4
186497,s021
186514,tls0+
186537,s021E4
186552,s022
186586,hrmk
186603,s022E4
186618,s023
186646,tlb0+
186669,tlb1R4
186684,s023E4
186699,s024
186747,hrmk
186764,s024E4
186779,s025
186846,tha0+
186897,hrmk
186914,s025E4
186929,s026
186957,tls1U4
186987,fg01+
187010,fg00N
187038,s027
187124,s027E4
187139,s028
187204,s028E4
187219,s029
187273,s029E4
187288,s030
187305,s030E4
187320,s034
187346,thk0+
187369,thk1U4
187384,s034E4
187399,s035
187428,f000+
187451,s035E4
187466,s031
187488,s031E4
187503,s032
187520,ude0U4
187535,s032E4
187550,s033
187676,fd00U4
187691,s033E4
187706,s037
187759,f000
187775,kidl0
187795,ira0
187813,s037E4
187828,s038
187853,s038E4
187868,s039
187893,s039E4
187908,s040
187925,ude1+
187948,s040E4
187963,s041
187980,ira1+
188003,s041E4
188018,s043
188041,thb0+
188064,s043E4
188079,s044
188104,thb1
188125,s044E4
188140,s045
188157,tla0+
188180,tla1R4
188195,s045E4
188210,s046
188227,tls0kidl0
188259,s046E4
188274,s048
188354,s048E4
188369,s047
188401,tlk0+
188424,tlk1R4
188439,s047E4
188454,s049
188491,s049E4
188506,s050
188544,s050E4
188559,s051
188606,s051E4
188621,s052
188653,tha0+
188689,tha1R4
188704,s052E4
188719,s053
188757,tls0+
188780,tls1R4
188795,s053E4
188810,s054
188866,s054E4
188881,s055
188898,war0+
188919,war0R4
188934,s055E4
188949,s056
188966,tls0+
188989,s056E4
189004,s057
189081,war0
189089,POR4
189128,fdi2
189165,tla0+
189262,tla0+
189317,tla0+
189383,tla0
189401,tla1
189423,fdo1
189440,fdo1
189456,fdi2
189473,fdi2
191007,mae1
192345,tlk0
192386,tlk0
192473,tlk0
192557,tlk0
192637,tlk0
193029,tlk0
193173,tlk0
193313,tlk0
193669,tlk0
193837,tlk0
196547,s219
196661,s219y
196925,s028
196942,fdi2
196959,tlk0+
196982,tlk1'
197014,s028E
197029,s029
197056,s029E
197071,s030
197103,tlk0+
197141,tlk0+
197164,tlk1
197182,s030E
197197,s031
197242,s031E
197257,s032
197288,sho0+
197311,sho1R
197326,s032E
197341,s042
197358,tlk0+
197381,tlk1R
197416,s033
197476,s033E
197491,s213
197550,s034
197567,s034E
197582,s035
197628,s035E
197643,s036
197689,tlk0+
197727,tlk0+
197750,tlk1R
197765,s036E
197780,s037
197812,s037E
197827,s038
197865,tlk0+
197888,tlk1R
197903,s038N
197936,s039
197968,tlk0+
197999,tlk1R
198014,s039E
198029,s040
198053,thk1+
198076,thk2+
198099,s040E
198114,s041
198152,s041E
198167,s043
198216,s043N
198237,s070
198277,s070N
198316,s044
198382,s044E
198397,s045
198485,hal0+
198507,s045E
198522,s046
198547,s046E
198562,s047
198601,hal1
198619,s047E
198634,s063
198713,hal0U
198728,s063E
198743,s064
198783,s064E
198798,s049
198826,s049N
199035,s050
199052,fdi2
199072,tlk0+
199103,s050E
199118,s051
199143,tlk1
199161,s051E
199176,s052
199200,s052E
199215,s053
199269,tlk0+
199292,s053E
199307,s056
199324,tlk1
199358,s056E
199373,s054
199398,s054E
199413,s057
199433,tlk0+
199464,s057E
199479,s058
199512,s058E
199527,s059
199552,s059E
199567,s060
199584,tlk1
199617,s060E
199632,s061
199657,s061J
199695,s062
199751,s062E
199766,s065
199783,tlk0+
199806,tlk1+
199834,s065
199867,s062E
199882,s065
199899,tlk0+
199930,tlk1+
199958,s065E
199973,s066
199990,thk0+
200013,thk1
200039,s066E
200054,s067
200122,s067E
200137,s068
200222,s068E
200237,s069
200298,fdi2
200541,s089
200558,fdi2
200602,kei0+
200653,fd01+
200691,kei1
200718,s089E
200733,s161
200753,tla0+
200784,tla1
200802,s161E
200817,s162
200834,tlb0+
200857,tlb1R
200872,s162E
200887,s163
200927,s163E
200942,s164
200959,tla0+
200982,tla1R
200997,s164E
201012,s165
201029,thb0
201047,thb1
201083,s165E
201098,s166
201131,kei0+
201154,kei1R
201169,s166E
201184,s167
201217,s167E
201232,s168
201257,tha0+
201280,tha1R
201295,s168E
201310,s169
201353,s169E
201368,s170
201401,tla0+
201424,tla1
201442,kei0+
201499,fdi2
201884,s071
201901,fdi2
201945,kei0+
201989,fd00
202049,kei1
202227,s072
202244,fdi2
202261,s072E
202276,s171
202293,tla0+
202324,tla1R
202339,s171E
202354,s172
202387,s172E
202402,s173
202465,tls0+
202509,f000
202541,s173E
202556,s211
202585,kya0
202612,s211E
202627,s210
202671,bik0
202698,s210n
202730,s209
202747,s209E
202762,s174
202794,bik1
202838,s174E
202853,s212
202870,va00+
202891,va00
202918,s212E
202933,s175
202962,gme0+
202997,s175E
203012,s092
203064,s176
203111,s176E
203126,s177
203132,kidl0
203141,kidl0
203207,s177E
203222,s178
203326,tls0+
203349,fg00
203390,s178E
203405,s179
203449,tlb0+
203517,bik1
203550,tls1R
203565,s179E
203580,s180
203597,tlb0+
203620,tlb1R
203635,s180E
203650,s182
203684,s182E
203699,s181
203735,s181
203892,kbi2E
203907,s077
203924,fdi2
203941,s077E
203956,s074
203996,kbi1R
204011,s074E
204026,s075
204043,tlk0+
204081,tlk1R
204096,s075E
204111,s076
204128,kbi2+
204167,kbi1R
204182,s076E
204197,s078
204214,tlk0+
204252,tlk1R
204267,s078E
204282,s079
204319,tlk0+
204342,tlk1R
204357,s079E
204372,s184
204409,s184E
204424,s185
204460,tlk0+
204483,s185E
204498,s186
204518,main
204535,s186E
204550,s215
204570,tlb0+
204593,s215
204653,s187
204670,fdi2
204687,s187E
204702,s188
204735,s188E
204750,s189
204767,tla0+
204790,tla1R
204805,s189E
204820,s190
204853,s190E
204868,s191
204893,s191E
204908,s192
204939,s192E
204954,s193
205008,s193N
205029,s195
205052,bik0+
205081,s195E
205096,s196
205128,tls0+
205151,tls1R
205166,s196E
205181,s197
205214,s197E
205229,s198
205254,s198E
205269,s199
205318,s200
205423,s200E
205438,s201
205477,mei0+
205508,mei1
205526,s201E
205541,s202
205586,tla0+
205609,tla1J
205651,s202E
205666,s203
205722,s203E
205737,s205
205825,s205E
205840,s204
205878,kei0+
205919,s204
205947,s206
205975,tla0+
205998,tla1R
206013,s206E
206028,s194
206060,s194E
206075,s207
206186,fdi2
206425,f000N
206507,s090
206524,fdi2
206541,kei0+
206572,s090E
206587,s093
206619,kei1N
206707,s093E
206722,s094
206760,tla0+
206796,tla1R
206811,s094E
206826,s095
206858,s095E
206873,s096
206890,ude0+
206993,ude1
207062,s096E
207077,s098
207109,bik1N
207130,s098E
207145,s099
207313,tlk0+
207336,tlk1R
207351,s099E
207366,s100
207427,s100E
207442,s101
207481,tlk0+
207512,tlk1J
207554,s101E
207569,s102
207621,tlk0+
207644,tlk1R
207659,s102E
207674,s103
207691,tlk0+
207714,tlk1
207774,s103E
207789,s104
207833,s104N
207991,s106
208008,fdi2
208025,s106E
208040,s107
208057,tlk0+
208095,tlk0+
208118,tlk1R
208133,s107J
208166,s108
208199,tlk0+
208230,s108E
208245,s110
208270,s110E
208285,s111
208318,tlk1R
208333,s111E
208348,s112
208381,s112E
208396,s113
208413,tlk0+
208444,tlk1+
208467,s113E
208482,s114
208499,s114E
208514,s115
208573,tla0+
208611,tla1
208638,s115E
208653,s116
208690,tlk0+
208713,tlk1R
208728,s116E
208743,s117
208772,fc01+
208795,fc00
208822,s117E
208837,s118
208902,s118E
208917,s119
208934,tlk0+
208957,tlk1R
208972,s119E
208987,s120
209016,fc01+
209039,fc00
209066,s120E
209081,s121
209118,s121E
209133,s122
209162,fc01+
209185,fc00R
209200,s122E
209215,s123
209232,fe01+
209255,fe00U
209285,sag0
209303,s124
209320,fe01+
209343,fe00R
209358,s124E
209373,s125
209405,fc00+
209428,fc01kidl0
209452,s125E
209467,s126
209499,tls0+
209535,fc00U
209550,s126E
209565,s127
209582,fc01+
209605,fc00R
209620,s127E
209635,s128
209667,tlk0+
209690,tlk1E
209705,s129
209722,fc01+
209745,fc00R
209760,s129E
209775,s130
209807,tlk0+
209845,tls1
209872,f000J
209905,s131
209967,s131N
210086,s133
210103,fdi2
210120,s133E
210135,s134
210152,tha0+
210175,tha1R
210190,s134E
210205,s135
210230,s135E
210245,s136
210262,thk0+
210293,s136E
210308,s137
210333,thk1R
210348,s137E
210363,s138
210414,s138E
210429,s139
210466,s139E
210481,s140
210636,s140E
210651,s141
210674,bik0+
210718,s141K
210729,kidl0
210749,s159
210786,tlk0+
210809,tlk1R
210824,s159E
210839,s142
210929,s142E
210944,s145
211028,s145E
211043,s146
211093,tla0+
211116,tla1R
211131,s146E
211146,s147
211193,s147E
211208,s148
211274,s148
211300,s147E
211315,s148
211381,s148
211399,s147
211477,s147
211500,s150
211621,s150
211644,s151
211765,s151
211788,s152
211853,tha0+
211876,tha1ov
211897,tla0+
211971,s152
211994,s153
212059,tha0+
212082,tha1ov
212147,s153E
212162,s154
212242,tla0+
212307,s154E
212322,s155
212354,s155E
212369,s160
212386,ude0+
212409,ude1R
212424,s160E
212439,s156
212532,s156E
212547,s157
212575,tls0+
212598,tls1
212616,s157E
212631,s158
212711,s158F
212728,fdi2
212745,qstc
212764,fdo1
212781,fdo1
212797,fdi2
212814,fdi2
212833,fdo1
212850,fdo18
213057,s028
213085,s028
213105,s000
213122,fdi1
213233,s028
213259,s028
213277,s000
213300,s029
213328,s029
213348,s001
213457,s029
213483,s029
213501,s001E
213516,s003
213573,s003
213596,s002
213624,s002
213652,s030
213680,s030
213708,s002
213728,s036
213808,s002
213834,s002
213860,s030
213886,s030
213912,s002
213930,s036
213953,s031
213981,s031
214001,s004
214184,s031
214210,s031
214228,s004E
214243,s006
214350,s006E
214365,s007
214512,s007E
214527,s008
214566,s008
214589,s038
214617,s038
214645,s038
214665,s009
214720,s038
214746,s038
214772,s038
214790,s009E
214805,s011
214847,s011E
214862,s010
214936,s010
214959,s032
214987,s032
215007,s005
215116,s032
215142,s032
215160,s005E
215175,s012
215307,s012
215330,s013
215358,s013
215386,s033
215414,s033
215442,s013
215462,s037
215561,s013
215587,s013
215613,s033
215639,s033
215665,s013
215683,s037E
215698,s014
215731,star
215768,stop
215788,who1
215805,who1R
216015,main
216032,s015
216049,whi1
216066,whi1
216113,s015E
216128,s016
216185,s016
216208,s034
216236,s034
216256,s017
216359,s034
216385,s034
216403,s017
216426,s035
216454,s035
216474,s018
216560,s035
216586,s035
216604,s018E
216619,s019
216689,s019E
216704,s020
216855,s020E
216870,s021
216972,s021E
216987,s024
217031,s024E
217046,s022
217193,s022E
217208,s023
217281,s023E
217296,s025
217367,s025E
217382,s026
217448,s026E
217463,s027
217493,fdo1
217510,fdo1E
217525,se01
217637,qstc
217656,fdi1
218306,se002
219409,tlk0
219577,tlk0
220574,lau0S
220602,tlb0S
220630,tlb1
220679,tla0
220693,tla0
220709,tla1
220723,tla1
220739,tlb0
220753,tlb0
220769,tlb1
220783,tlb1
220799,tls0
220813,tls0
220829,tls1
220843,tls1
220865,tha0
220879,tha0
220901,tha1
220915,tha1
220937,thb0
220951,thb0
220973,thb1
220987,thb1
221015,war0
221029,war0
221057,ude0
221071,ude0
221093,ude1
221107,ude1
221135,hey0
221149,hey0
221177,kei0
221191,kei0
221207,kei1
221221,kei1
221237,sha0
221251,sha0
221267,sha1
221281,sha1
221309,bik0
221323,bik0
221339,bik1
221353,bik1
221381,pnt0
221395,pnt0
221411,pnt1
221425,pnt1
221441,wav0
221455,wav0
221471,ika0
221485,ika0
221501,ika1
221515,ika1
221531,ika2
221545,ika2
221561,ika3
221575,ika3
221591,yes0
221605,yes0
221621,pas0
221635,pas0
221663,lau0
221677,lau0
221705,ooi0
221719,ooi0
221735,ooi1
221749,ooi1
221777,sht0
221791,sht0
221807,sht1
221821,sht1
221849,ira0
221863,ira0
221879,ira1
221893,ira1
221915,rbt0
221929,rbt0
221951,rbt1
221965,rbt1
221981,rah0
221995,rah0
222011,rah1
222025,rah1
222041,rah2
222055,rah2
222071,rah3
222085,rah3
222101,pul0
222115,pul0
222131,yo00
222145,yo00
222161,roh0
222175,roh0
222191,roh1
222205,roh1
222221,roh3
222235,roh3
222627,pas0
222641,pas0
222657,thk0
222671,thk0
222687,thk1
222701,thk1
222717,thk2
222731,thk2
222747,tlk0
222761,tlk0
222777,tlk1
222791,tlk1
222807,cry0
222821,cry0
222837,cry1
222851,cry1
223833,tla0
223937,tla0+
224000,kei0+
224064,kei0+
224198,tla0
224312,tla0+
224378,tla0+
224439,tla0+
224496,tla0+
224558,tla0+
224619,pnt0
224637,pnt1
224669,tla0+
224732,tla0+
224787,tla0+
224827,tla0
224841,tla0
224857,tla1
224871,tla1
224887,tlb0
224901,tlb0
224917,tlb1
224931,tlb1
224947,tls0
224961,tls0
224977,tls1
224991,tls1
225013,tha0
225027,tha0
225049,tha1
225063,tha1
225085,thb0
225099,thb0
225121,thb1
225135,thb1
225163,war0
225177,war0
225205,ude0
225219,ude0
225241,ude1
225255,ude1
225283,hey0
225297,hey0
225325,kei0
225339,kei0
225355,kei1
225369,kei1
225385,sha0
225399,sha0
225415,sha1
225429,sha1
225457,bik0
225471,bik0
225487,bik1
225501,bik1
225529,pnt0
225543,pnt0
225559,pnt1
225573,pnt1
225589,wav0
225603,wav0
225619,ika0
225633,ika0
225649,ika1
225663,ika1
225679,ika2
225693,ika2
225709,ika3
225723,ika3
225739,yes0
225753,yes0
225769,pas0
225783,pas0
225811,lau0
225825,lau0
225853,ooi0
225867,ooi0
225883,ooi1
225897,ooi1
225925,sht0
225939,sht0
225955,sht1
225969,sht1
225997,ira0
226011,ira0
226027,ira1
226041,ira1
226063,rbt0
226077,rbt0
226099,rbt1
226113,rbt1
226129,rah0
226143,rah0
226159,rah1
226173,rah1
226189,rah2
226203,rah2
226219,rah3
226233,rah3
226249,pul0
226263,pul0
226279,yo00
226293,yo00
226309,roh0
226323,roh0
226339,roh1
226353,roh1
226369,roh3
226383,roh3
226419,tla0
226470,tla0
227068,tlb0
227148,tla0
227162,tla0
227178,tla1
227192,tla1
227208,tlb0
227222,tlb0
227238,tlb1
227252,tlb1
227268,tls0
227282,tls0
227298,tls1
227312,tls1
227334,tha0
227348,tha0
227370,tha1
227384,tha1
227406,thb0
227420,thb0
227442,thb1
227456,thb1
227484,war0
227498,war0
227526,ude0
227540,ude0
227562,ude1
227576,ude1
227604,hey0
227618,hey0
227646,kei0
227660,kei0
227676,kei1
227690,kei1
227706,sha0
227720,sha0
227736,sha1
227750,sha1
227778,bik0
227792,bik0
227808,bik1
227822,bik1
227850,pnt0
227864,pnt0
227880,pnt1
227894,pnt1
227910,wav0
227924,wav0
227940,ika0
227954,ika0
227970,ika1
227984,ika1
228000,ika2
228014,ika2
228030,ika3
228044,ika3
228060,yes0
228074,yes0
228090,pas0
228104,pas0
228132,lau0
228146,lau0
228174,ooi0
228188,ooi0
228204,ooi1
228218,ooi1
228246,sht0
228260,sht0
228276,sht1
228290,sht1
228318,ira0
228332,ira0
228348,ira1
228362,ira1
228384,rbt0
228398,rbt0
228420,rbt1
228434,rbt1
228450,rah0
228464,rah0
228480,rah1
228494,rah1
228510,rah2
228524,rah2
228540,rah3
228554,rah3
228570,pul0
228584,pul0
228600,yo00
228614,yo00
228630,roh0
228644,roh0
228660,roh1
228674,roh1
228690,roh3
228704,roh3
229245,tla0
229310,tla0
229324,tla0
229340,tla1
229354,tla1
229370,tlb0
229384,tlb0
229400,tlb1
229414,tlb1
229430,tls0
229444,tls0
229460,tls1
229474,tls1
229496,tha0
229510,tha0
229532,tha1
229546,tha1
229568,thb0
229582,thb0
229604,thb1
229618,thb1
229646,war0
229660,war0
229688,ude0
229702,ude0
229724,ude1
229738,ude1
229766,hey0
229780,hey0
229808,kei0
229822,kei0
229838,kei1
229852,kei1
229868,sha0
229882,sha0
229898,sha1
229912,sha1
229940,bik0
229954,bik0
229970,bik1
229984,bik1
230012,pnt0
230026,pnt0
230042,pnt1
230056,pnt1
230072,wav0
230086,wav0
230102,ika0
230116,ika0
230132,ika1
230146,ika1
230162,ika2
230176,ika2
230192,ika3
230206,ika3
230222,yes0
230236,yes0
230252,pas0
230266,pas0
230294,lau0
230308,lau0
230336,ooi0
230350,ooi0
230366,ooi1
230380,ooi1
230408,sht0
230422,sht0
230438,sht1
230452,sht1
230480,ira0
230494,ira0
230510,ira1
230524,ira1
230546,rbt0
230560,rbt0
230582,rbt1
230596,rbt1
230612,rah0
230626,rah0
230642,rah1
230656,rah1
230672,rah2
230686,rah2
230702,rah3
230716,rah3
230732,pul0
230746,pul0
230762,yo00
230776,yo00
230792,roh0
230806,roh0
230822,roh1
230836,roh1
230852,roh3
230866,roh3
230973,tla0
231345,tla0
235935,fd00
235953,kei0S
235966,kei0
235982,s000
235999,fdi2
236016,fd01+
236070,kei1S
236098,f000S
236320,s002
236345,s002E
236360,s001
236377,fdi2
236394,tla0+
236417,tla1R
236432,s001E
236447,s003
236525,ika0+
236548,ika1R
236563,s003E
236578,s004
236664,ira0+
236709,tla1S
236722,tla1R
236737,s004E
236752,s005
236769,tla0+'
236792,tla1R
236807,s005E
236822,s006
236881,tls0+
236944,wav0R
236959,s006E
236974,s007
236991,tha0+'
237014,tha1R
237029,s007E
237044,s008
237092,tla1R
237107,s008J'
237136,s009
237142,kidl0
237162,tla0ov'
237191,tla1R
237206,s009E
237221,s010
237261,tla1R
237276,s010E
237291,s011
237316,s011E
237331,s012
237354,sht0+
237383,s012E
237398,s013
237494,s013E
237509,s014
237553,pnt0
237597,pnt1S
237610,ude0R
237625,s014E
237640,s015
237657,sht1J
237742,ude1R
237757,s015E
237772,s016
237789,tlb0+
237812,s016E
237827,s018
237844,yo00+
237867,s018E
237882,s017
237899,tlb1S
237912,ude1
238160,s017E
238175,s019
238192,tla0+'
238230,tla0+
238291,s019E
238306,s020
238338,ika0+
238403,s020E
238418,s021
238450,tha0+
238509,tha1R
238524,s021E
238539,s022
238556,tls0+
238607,s023
238632,tls1R
238647,s023E
238662,s029
238723,s029E
238738,s024
238755,sht0+
238794,kidl0
238803,kidl0
239068,s027
239085,fdi2
239125,s027E
239140,s026
239157,roh0+
239200,s030
239225,yes0+'
239248,s030E
239263,s032
239300,tla0+
239323,tla1R
239338,s032E
239353,s033
239407,s033E
239422,s034
239452,s034E
239467,s036
239499,roh0
239517,s036E
239532,s035
239549,bik0n
239576,bik0
239594,s035E
239609,s037
239651,s037E
239666,s038
239683,roh3
239698,s000
239704,kidl0
239722,kidl0'
239750,s038
239970,kidl0
239988,kidl0'
239997,kidl0
240043,s040
240060,fdi2
240077,tla0+
240100,tla1R
240115,s040E
240130,s041
240155,s041E
240170,s042
240187,tla0+
240210,tla1+
240233,s042E
240248,s043
240265,ika0+
240288,s043E
240303,s044
240328,s044E
240343,s045
240360,ika1+
240411,s045E
240426,s046
240449,tlb0+
240472,tlb1R
240487,s046E
240502,s047
240519,tls0+'
240557,kai0
240583,tla0+
240606,tla1R
240621,s047E
240636,s050
240791,s050E
240806,s051
240843,s051E
240858,s052
240888,kai1
240912,kai1R
240927,s052E
240942,s053
240959,kai2S
240972,kai2U
240987,s053E
241002,s054
241019,kai3
241051,kai3R
241066,s054E
241081,s055
241098,kai4
241162,pul0
241180,s055E
241195,s056
241218,pul0R
241233,s056E
241248,s057
241265,pul1
241295,kai0+
241316,pul1R
241331,s057E
241346,s058
241363,pul2+
241384,pul2R
241399,s058E
241414,s059
241431,pul3+
241452,pul3R
241467,s059E
241482,s060
241499,pul4+
241522,s060E
241537,s061
241568,pul4U
241583,s061E
241598,s063
241615,pul5+
241756,s063E
241771,s064
241812,kai1
241859,s064E
241874,s066
241897,kai2+
241920,s066E
241935,s062
241973,kai3
242029,s062E
242044,s067
242061,s000
242093,kas4E
242108,sesr
242153,awa0+
242182,s067E
242197,s211
242214,s211E
242229,s206
242246,s206E
242261,s068
242278,kai5
242296,s068E
242311,s069
242328,kai5
242372,s069E
242387,s070
242404,kai6+
242425,kai6J
242449,s070E
242464,s207
242481,awa1+
242508,awa1R
242523,s207E
242538,s071
242555,kai6
242579,kai6R
242594,s071E
242609,s072
242632,awa2+
242655,kya0S
242668,awa2R
242683,s072E
242698,s212
242741,gme0U
242756,s212E
242771,s073
242788,awa3
242812,s073E
242827,ys03
242853,awa3R
242868,ys03E
242883,ys04
242906,ys04E
242949,fdi2
243357,s074
243374,fdi2
243460,s074E
243475,s075
243500,s075E
243515,s076
243562,ira0J
243612,tlk0+
243643,s076E
243658,s077
243691,tlk1U
243706,s077E
243721,s078
243746,s078E
243761,s079
243846,tlk0+
243869,tlk1R
243884,s079E
243899,s080
243924,s080E
243939,s081
244006,tla0+'
244029,tla1J
244080,s081E
244095,s082
244136,tla0
244162,s082E
244177,ys07
244202,tla1
244220,ys07E
244235,s084
244252,bik0+
244275,bik1J
244299,s084E
244314,s085
244331,tla0+'
244354,tla1R
244369,s085E
244384,s086
244475,s087
244564,s087E
244579,s088
244620,tla0+
244643,tla1R
244658,s088E
244673,s089
244782,s089E
244797,s092
244844,tlb0+
244867,tlb1R
244882,s092E
244897,s090
244914,kei0+
244937,kei1R
244952,s090E
244967,s091
245049,tla0+'
245110,s091E
245125,s093
245201,ira0ov
245244,s093E
245259,s094
245276,tla0+
245299,tla1R
245314,s094E
245329,ys00
245349,yes0y
245397,ys00E
245412,s095
245429,kei0+
245467,war0R
245482,s095E
245497,s096
245514,s096
245552,fdi2
246654,s097
246671,fdi2
246688,tlk0+
246711,tlk1
246753,tlk0f
246768,tlk0
247190,s098
247207,fdi2
247224,s098E
247239,s099
247283,tlk0
247301,tlk1
247319,tla0
247358,s099E
247373,s100
247418,s100E
247433,s101
247466,s101E
247481,s102
247545,s102E
247560,s103
247606,ude0+
247657,ude1S
247700,tha0+
247723,tha1ov
247747,s103E
247762,s104
247847,s104E
247862,s105
247912,s105E
247927,s213
247944,s213E
247959,s106
247976,thb0+
247999,thb1R
248014,s106E
248029,s107
248190,sinlJ
248265,sin0
248283,s107E
248298,s108
248313,sin0R
248328,s108E
248343,s204
248368,s204E
248383,s198
248400,sina
248441,s198E
248456,s199
248500,sin1E
248515,a000
248532,a000R
248547,s199E
248562,s205
248610,sin2
248628,s205E
248643,s203
248680,s203E
248695,s200
248712,s200+
248735,s201
248779,sin3+
248800,sin3U
248815,s201E
248830,s202
248875,s202E
248890,ys08
248910,ys08E
248925,ys01
248963,f000N
249499,kidl0
249562,s109
249579,fdi2
249596,s109E
249611,s110
249638,s110E
249653,s111
249697,s111E
249712,s112
249770,sqa0
249788,s112E
249803,s118
249823,tla0
249853,s118E
249868,s113
249885,s113E
249900,s114
249932,sqa1U
249947,s114E
249962,s117
249979,s117E
249994,s115
250023,s115E
250038,s116
250055,s116E
250070,s119
250102,sqb0
250160,s119E
250175,s120
250208,s120E
250223,s121
250259,s121E
250274,s122
250299,tla1R
250314,s122E
250329,s123
250369,sqb1
250399,sag0
250441,s123E
250456,s124
250480,s124
250599,s125
250624,s125E
250639,s126
250656,tla0
250692,s126E
250707,ys10
250740,tla1
250770,ys10E
250785,s127
250868,s127E
250883,s128
250932,fdi2
251336,s131
251353,fdi2
251370,tla0+
251401,tla1
251433,s131E
251448,s129
251484,s129E
251499,s130
251581,s130E
251596,s132
251625,bik0+
251648,bik1R
251663,s132E
251678,s133
251746,s133
252029,noh0E
252044,s134
252061,fdi2
252078,s134E
252093,s136
252110,s136E
252125,s138
252142,roh1+
252165,roh2
252183,s138E
252198,s139
252215,gir0U
252230,s139E
252245,s143
252292,noh3U
252307,s143E
252322,s140
252346,roh3
252361,s000
252381,s140E
252396,s141
252428,rah1+
252451,rah2S
252464,gir1
252509,s141E
252524,s142
252555,s142E
252570,s145
252587,ron0U
252602,s145E
252617,s146
252623,kidl0
252651,s146E
252666,s147
252691,tls0+
252714,tls1R
252729,s147E
252744,s148
252799,s148E
252814,s149
252845,s149E
252860,s150
252885,s150E
252900,s151
252925,s151E
252940,s152
252957,tls0+
252980,tls1R
252995,s152E
253010,s153
253050,tlk1R
253065,s153E
253080,s154
253095,kidl0
253132,s154E
253147,s155
253198,tlk1R
253213,s155E
253228,s158
253261,s158E
253276,s159
253301,s159E
253316,s160
253349,s160E
253364,s161
253370,kidl0
253379,kidl0'
253436,s161E
253451,s162
253476,s162E
253491,s163
253524,s163E
253539,s165
253594,s165E
253609,s156
253626,s156E
253641,s157
253658,s157E
253673,s164
253720,s164E
253735,s166
253790,sht0+
253822,s166E
253837,s167
253903,tha0+'
253926,tha1R
253941,s167E
253956,s168
253981,s168E
253996,s169
254031,tla0+'
254054,tla1R
254069,s169E
254084,s137
254121,s137E
254136,s171
254259,s171E
254274,s170
254307,s170E
254322,s172
254339,tla0+
254362,tla1R
254377,s172E
254392,s173
254417,s173E
254432,s174
254449,tla0+'
254472,tla1R
254487,s174E
254502,s175
254535,s175E
254550,s176
254671,tla0+
254702,tla1R
254717,s176E
254732,s177
254769,tla0+
254822,war0+'
254845,tls1
254887,s177E
254902,s178
254945,tla0+
254989,tla1R
255004,s178E
255019,s179
255044,s179E
255059,s180
255140,tla0+
255163,tla1R
255178,s180E
255193,s181
255218,s181E
255233,s182
255250,tha0
255277,fd01+
255308,s182E
255323,s183
255361,fd00R
255376,s183E
255391,s184
255438,roh4+
255461,roh5R
255476,s184E
255491,s185
255535,lau0
255553,lau0+'
255582,s185J
255642,s186
255734,tla0+
255785,tla1
255812,s186E
255827,s187
255874,s187E
255889,s188
255943,fdi2
256258,fd00J
256317,s189
256334,fdi2
256378,kei0
256425,s189S
256468,kei1
256648,s190
256665,fdi2
256771,s190E
256786,s209
256860,s209E
256875,s208
256960,s208E
256975,s191
256992,yes0+
257015,s191E
257030,s192
257067,fd00J
257094,s192E
257109,s193
257115,kidl0'
257199,pas0y
257260,sha1
257278,s193E
257293,s194
257368,s194E
257383,s197
257430,f000J
257454,ooi0+
257486,s197E
257501,s195
257518,ooi1
257549,bik0+
257580,bik1R
257595,s195E
257610,s210
257700,s210E
257715,s196
257770,stat
257795,stop
257960,s000
258081,s001
258121,s003
258191,s004
258228,tlk0+
258281,s002
258351,s005
258391,s006
258523,s007
258582,s009
258622,s010
258688,s011
258748,s012
258818,s013
258878,s014
258948,s015
258988,s016
259058,s017
259179,ron0
259212,gui0
259245,s018
259285,s019
259338,ys00
259370,gui1+
259421,gui2
259454,s021
259486,ys06
259501,gui2
259586,s022
259634,s023
259674,s024
259714,s025
259754,s026
259806,s027
259941,sen0
259963,s028
259980,fdi2
260012,tha0
260045,s029
260113,s030
260130,tla0+
260183,s031
260210,tla0+
260233,tla1
260293,s032
260313,kya0
260346,ys07
260420,ys08
260440,sen1J
260518,s033
260632,s034
260649,tha0+
260702,s035
260719,thk0+
260772,s036
260789,tlb0+'
260842,s037
260867,tla0+
260890,tla1+
260928,s040
260945,tls0+
260998,s041
261025,tla0+
261078,s042
261118,s043
261158,tla1
261199,s045
261216,tla0+'
261297,tla1J
261336,s038
261387,tla0+
261425,s047
261450,tls0
261498,s048
261555,s049
261703,tla0+
261741,s050
261796,s051
261855,bik0+'
261938,s052
261955,tla0+
261993,ys10
262042,s053
262059,tla1+
262097,s054
262114,tla0+
262183,s055
262200,yes0+'
262238,s056
262255,tla0+
262308,s057
262325,tls0+
262378,s058
262448,s059
262465,tla0+
262518,s060
262535,tla0+
262596,s062
262644,ys01
262664,tls0
262682,kei0
262715,ys02
262782,s063
262799,tla0+
262869,s064
262901,tls0+'
262954,s065
262971,tla0+
263009,s066
263046,tla0+
263099,s067
263131,fd00
263181,s068
263230,tla0+
263258,roh3
263273,s000
263308,s069
263340,fd00
263404,roh4
263437,ys04
263477,s070
263486,kidl0
263506,fd01+
263559,s072
263603,f000+
263910,s071
263927,ken2+
263965,s073
264005,s074
264045,ys05
264097,ken0
264180,fdi2
264197,qstc
264236,tla0+
264304,tla0+
264372,tla0
264437,tla0+
264493,fdo1
264510,fdo1
264526,fdi2
264543,fdi2
264721,ude0
267377,fdo1
267394,fdo1F
267480,s101
267497,fdi1
267548,s101E
267563,s108
267659,s108E
267674,s109
267694,s109E
267709,s102
267726,kei0
267752,s102E
267767,s103
267784,kei1S
267827,tlb0+
267850,s103E
267865,s104
267882,tlb1
267918,s104E
267933,s105
267950,tla0
267986,s105E
268001,s106
268039,s106E
268054,s107
268071,kei0+
268094,fdo1
268111,fdo1R
268126,s107
268148,fdi2
268168,fdo1
268185,fdo1F
268278,thb0
268302,r101
268319,fdi1
268336,fdi1
268354,r101E
268369,r102
268394,thb1
268442,fdo2
268459,fdo2R
268474,r102N
268523,box0
268552,r103
268569,fdi2
268586,fdi2
268619,box1R
268634,r103E
268649,r104
268674,r104E
268689,r105
268714,r105E
268729,r107
268783,shal
268801,sha1
268819,r107E
268834,r108
268849,sha1J
268879,tla0+
268902,r108E
268917,r109
268939,tla1+
268970,r109E
268985,r106
269002,kei0
269030,fdo1
269047,fdo1R
269062,r106
269084,fdi2
269424,r101
269441,fdi1
269458,fdi1
269476,r101EF
269491,r102
269525,kei0RF
269540,r102EF
269555,r134
269580,r134EF
269595,r104
269601,kidl0
269661,r104EF
269676,r105
269696,r105EF
269711,r106
269739,tlb0J
269779,r106EF
269794,r107
269811,tlb1+
269834,r107EF
269849,r108
269866,lrky+
269904,r108EF
269919,rhm1
269947,r108EF
269962,rhm1
269990,r108EF
270005,rem1
270033,r108EF
270048,rem1
270076,r108EF
270091,rtr1
270119,r108EF
270134,rtr1
270162,r108EF
270177,rmt1
270205,r108EF
270220,rgl1
270260,fdo2
270277,fdo2RF
270292,rhm1RF
270307,rem1RF
270322,rtr1RF
270337,rmt1RF
270449,rah1EF
270464,r109
270481,fdi2
270498,fdi2+
270519,roh3RF
270534,r109EF
270549,r110
270566,fe01+
270589,fe00RF
270604,r110EF
270619,r111
270644,r111EF
270659,r113
270676,fe01+
270723,r113EF
270738,rhm2
270766,r113EF
270781,rhm2
270809,r113EF
270824,rem2
270852,r113EF
270867,rem2
270895,r113EF
270910,rtr2
270938,r113EF
270953,rtr2
270981,r113EF
270996,rmt2
271024,r113EF
271039,rgl2
271048,kidl0
271083,pul2ov
271122,rhm2RF
271137,rem2RF
271152,rtr2RF
271167,rmt2RF
271182,rgl2EF
271197,r114
271220,pul3+
271249,r114EF
271264,r115
271367,r115EF
271382,r116
271410,r116EF
271425,r117
271460,r117EF
271475,r118
271520,r118EF
271535,r119
271560,r119EF
271575,r120
271597,tls0+
271620,r120EF
271635,r121
271641,kidl0
271690,kou0+
271713,r121EF
271728,r135
271837,kou0
271990,kou1
272008,r135EF
272023,r122
272052,r122EF
272067,r123
272131,kou2
272149,r123EF
272164,r124
272184,r124EF
272199,r136
272321,kou3
272339,r136EF
272354,r137
272374,r137EF
272389,r138
272409,r138EF
272424,r139
272444,r139EF
272459,r125
272499,ff00
272517,r125EF
272532,r126
272549,fg01
272578,fg00
272599,fdo2
272616,fdo2RF
272631,r126kidl0
272740,r127
272757,fdi2
272774,fdi2+
272805,r127EF
272820,r128
272860,let0+
272911,r128EF
272926,rhm3
272954,r128EF
272969,rhm3
272997,r128EF
273012,rem3
273040,r128EF
273055,rem3
273083,r128EF
273098,rtr3
273126,r128EF
273141,rtr3
273169,r128EF
273184,rmt3
273212,r128EF
273227,rgl3
273306,rhm3RF
273321,rem3RF
273336,rtr3RF
273351,rmt3RF
273366,rgl3EF
273381,r133
273401,r133EF
273416,r130
273441,r130EF
273456,r131
273473,fe01+
273496,fe00RF
273511,r131EF
273526,r132
273546,fdo2
273563,fdo2RF
273641,fdi2
274387,s013
274404,fdi2
274448,s013E
274463,s014
274499,s014E
274514,s015
274531,s015E
274546,s016
274599,let0R
274614,s016E
274629,s017
274700,s017E
274715,s018
274754,s018
274939,fdi2
274956,s000
275053,s000E
275068,s001
275085,s001E
275100,s002
275319,eba0U
275334,s002E
275349,s004
275381,eba1U
275396,s004E
275411,s003
275467,eba0
275599,s003E
275614,s006
275646,eba1
275672,s006E
275687,s007
275719,eba2
275745,s007E
275760,kl66
275795,fdi2
275812,s000
275832,s001
275849,se04
275869,s008
275892,s008
275983,eba2
276001,main
276018,fls0
276035,fdi2
276052,s029
276069,s029E
276084,s034
276109,s034E
276124,s031
276159,eba0
276187,s031
276202,s000
276227,kil0
276277,s032
276294,se05
276311,s001
276358,str0
276527,s032E
276542,se09
276559,s009
276589,kil0
276606,kil0
276623,kill
276640,eba2
276658,eba2+
276680,main
276697,s009
276819,s000
276922,se06
276939,s001
276956,s010
276973,w000
277072,ebb0
277117,w000R
277132,s010
277147,c000
277164,c001
277181,s000
277198,s001
277230,ebb1E
277245,se07
277262,s011
277294,kil0
277311,w003
277715,w003R
277730,s011
277745,c000
277762,c001
277779,s002
277796,se08
277813,s012
277845,ebc1N
277872,s012E
277887,kall
277910,kil0
277927,woed
277944,woed4
278052,main
278126,s019
278143,fdi2
278160,s019E
278175,s020
278192,lok1+
278215,lok2R
278230,s020E
278245,s021
278326,tlk1R
278341,s021E
278356,s022
278373,tlk0J
278424,tlk1R
278439,s022E
278454,s023
278509,tlk0+
278555,s023E
278570,s024
278587,kbi0U
278602,s024+
278633,s025
278650,kbi2+
278681,s025E
278696,s026
278744,rlk0
278785,s026E
278800,s027
278870,hha0+
278893,s027E
278908,s028
278944,guf0+
278967,s028
278983,guf0
279001,kil0
279186,fdi2
279203,qstc
279222,fdo1
279239,fdo1
279255,fdi2
279272,fdi2
280223,wat0
280346,tla0
280360,tla0
280376,tla1
280390,tla1
280406,tlb0
280420,tlb0
280436,tlb1
280450,tlb1
280466,tls0
280480,tls0
280496,tls1
280510,tls1
280532,tha0
280546,tha0
280568,tha1
280582,tha1
280604,thb0
280618,thb0
280640,thb1
280654,thb1
280682,war0
280696,war0
280724,ude0
280738,ude0
280760,ude1
280774,ude1
280802,hey0
280816,hey0
280844,kei0
280858,kei0
280874,kei1
280888,kei1
280904,sha0
280918,sha0
280934,sha1
280948,sha1
280976,bik0
280990,bik0
281006,bik1
281020,bik1
281048,pnt0
281062,pnt0
281078,pnt1
281092,pnt1
281108,wav0
281122,wav0
281138,ika0
281152,ika0
281168,ika1
281182,ika1
281198,ika2
281212,ika2
281228,ika3
281242,ika3
281258,yes0
281272,yes0
281288,pas0
281302,pas0
281330,lau0
281344,lau0
281372,ooi0
281386,ooi0
281402,ooi1
281416,ooi1
281444,sht0
281458,sht0
281474,sht1
281488,sht1
281516,ira0
281530,ira0
281546,ira1
281560,ira1
281582,rbt0
281596,rbt0
281618,rbt1
281632,rbt1
281648,rah0
281662,rah0
281678,rah1
281692,rah1
281708,rah2
281722,rah2
281738,rah3
281752,rah3
281768,pul0
281782,pul0
281798,yo00
281812,yo00
281828,roh0
281842,roh0
281858,roh1
281872,roh1
281888,roh3
281902,roh3
282537,tla0
282551,tla0
282567,tla1
282581,tla1
282597,tlb0
282611,tlb0
282627,tlb1
282641,tlb1
282657,tls0
282671,tls0
282687,tls1
282701,tls1
282723,tha0
282737,tha0
282759,tha1
282773,tha1
282795,thb0
282809,thb0
282831,thb1
282845,thb1
282873,war0
282887,war0
282915,ude0
282929,ude0
282951,ude1
282965,ude1
282993,hey0
283007,hey0
283035,kei0
283049,kei0
283065,kei1
283079,kei1
283095,sha0
283109,sha0
283125,sha1
283139,sha1
283167,bik0
283181,bik0
283197,bik1
283211,bik1
283239,pnt0
283253,pnt0
283269,pnt1
283283,pnt1
283299,wav0
283313,wav0
283329,ika0
283343,ika0
283359,ika1
283373,ika1
283389,ika2
283403,ika2
283419,ika3
283433,ika3
283449,yes0
283463,yes0
283479,pas0
283493,pas0
283521,lau0
283535,lau0
283563,ooi0
283577,ooi0
283593,ooi1
283607,ooi1
283635,sht0
283649,sht0
283665,sht1
283679,sht1
283707,ira0
283721,ira0
283737,ira1
283751,ira1
283773,rbt0
283787,rbt0
283809,rbt1
283823,rbt1
283839,rah0
283853,rah0
283869,rah1
283883,rah1
283899,rah2
283913,rah2
283929,rah3
283943,rah3
283959,pul0
283973,pul0
283989,yo00
284003,yo00
284019,roh0
284033,roh0
284049,roh1
284063,roh1
284079,roh3
284093,roh3
288361,hs01
288378,hs01
288402,str0
288422,kill
288442,s002
288462,s002
288482,s002
289050,twa0'
289072,aa00
289101,aa00E
289116,aa01
289207,aa01E
289222,aa02
289294,aa02E
289309,aa04
289339,aa04E
289354,aa03
289391,aa03E
289406,aa05
289461,aa05E
289476,aa06
289516,aa06E
289531,aa07
289553,ulb0
289579,aa07E
289594,aa08
289620,ulb0
289630,kidl0T
289744,thk1R
289759,aa08E
289774,aa09
289794,twb0+T
289817,aa09E
289832,aa10
289859,twb1J
289891,aa10E
289906,aa11
289953,aa11E
289968,aa17
289985,twa0+T
290008,twa1R
290023,aa17E
290038,aa12
290055,thk2JU
290087,aa12E
290102,aa13
290119,tlk0+T
290147,thk1
290165,tlk1R
290180,aa13E
290195,aa14
290235,aa14E
290250,aa15
290293,thk2R
290308,aa15E
290323,aa16
290358,aa16E
290373,aa18
290437,aa18E
290452,aa19
290491,aa19E
290506,aa20
290531,aa20E
290546,aa21
290609,aa21E
290624,aa22
290660,thk1nW
290693,thk1JV
290717,aa22E
290732,aa23
290770,twb0+T
290793,twb1R
290808,aa23E
290823,aa24
290851,aa24E
290866,aa25
290908,thk2+V
290929,twb1JT
290953,aa25E
290968,aa26
291009,aa26E
291024,aa27
291072,aa27E
291106,fdi2
291125,fdi0
291142,fdi0
291158,fdo0
291175,fdo0
291191,fdi1
291208,fdi1
291224,fdo1
291241,fdo1
291257,whi1
291274,whi1
291290,who1
291307,who1
291323,who2
291340,who2
291356,who3
291373,who3
291389,main
291409,fdo1
291426,fdo1
291442,fdi1
291459,main
291479,fdi1
291495,blon
291512,blon
291530,whi0
291547,whi0
291563,who0
291580,who0
291596,efon
291613,efon
291629,fdis
291647,fdos
291664,fdos
291680,fdif
291698,fdof
291715,fdof
291731,fdip
291749,fdop
291766,fdop
292213,fdo2
292246,chco
292456,fdo1
292481,chco
293000,frst
293020,ok00
293048,frst
293068,ng00
293472,frst
293492,ok00
293520,frst
293540,ng00
293948,frst
293968,ok00
293996,frst
294016,ng00
296255,ks00
296311,ks00El
296326,ks01
296353,ks01El
296368,ks02
296403,ks02El
296418,ks03
296443,ks03El
296458,ks04
296500,ks04El
296515,ks05
296542,ks05El
296557,ks06
296701,kb00
296757,kb00El
296772,kb01
296799,kb01El
296814,kb02
296849,kb02El
296864,kb03
296889,kb03El
296904,kb04
296921,gah0+R
296944,kb04El
296959,kb05
296986,kb05El
297001,kb06
297145,kw00
297201,kw00El
297216,kw01
297243,kw01El
297258,kw02
297293,kw02El
297308,kw03
297325,tlk0+S
297348,kw03El
297363,kw04
297380,tlk1+S
297403,kw04El
297418,kw05
297445,kw05El
297460,kw06
297503,ks06Rl
297518,kb06Rl
297533,kw06El
297661,qstc
297696,fdi2
298492,fdi0
298509,fdi0
298525,fdo0
298542,fdo0
298558,fdi1
298575,fdi1
298591,fdo1
298608,fdo1
298624,whi1
298641,whi1
298657,who1
298674,who1
298690,who2
298707,who2
298723,who3
298740,who3
298756,main
298776,fdo1
298793,fdo1
298809,fdi1
298826,main
298846,fdi1
298862,blon
298879,blon
298897,whi0
298914,whi0
298930,who0
298947,who0
298963,efon
298980,efon
298996,fdis
299014,fdos
299031,fdos
299047,fdif
299065,fdof
299082,fdof
299098,fdip
299116,fdop
299133,fdop
300700,sit0S
300713,sit0
300737,sit1S
300750,sit1
301641,fdo1
301658,fdo1F
301947,z000
301964,fdi1
302022,z000E
302037,z001
302079,z001E
302094,z002
302114,tlk0+_
302151,fdo1
302168,fdo1R
302183,z0024
302333,sha0f
302348,sha0f
302363,sha0f
302378,sha0f
302393,sha0
302419,z004
302436,fdi1
302464,z004E
302479,z008
302507,z008E
302522,z005
302573,z005E
302588,z014
302616,thk2R
302631,z014E
302646,z006
302663,tlk0+a
302686,tlk1y
302736,z006E
302751,z015
302779,z015E
302794,z007
302855,twb1R
302870,z007E
302885,z008
302916,fdo1
302933,fdo1R
302948,z008N
303118,tlk0
303136,z009
303153,fdi1
303189,tlk1
303207,z009E
303222,z010
303262,z010E
303277,z011
303357,z011'
303379,z012
303414,z012E
303429,z013
303472,fdo1
303489,fdo1R
303530,fdi2
303550,fdo1
303567,fdo1F
303838,y000
303855,fdi1
303890,y000E
303905,y001
303953,twa1R
303968,y001E
303983,y002
304050,y002E
304065,y003
304135,twa1R
304150,y003E
304165,y004
304225,y004E
304240,y005
304268,y005E
304283,y006
304376,y006E
304391,y007
304444,fdo1
304461,fdo1R
304539,y009
304556,fdi1
304592,y009E
304607,y010
304663,thk2R
304678,y010E
304693,y011
304748,twa1
304766,y011E
304781,y012
304809,y012E
304824,y013
304892,twa1R
304907,y013E
304922,y014
304967,fdo1
304984,fdo1R
304999,y014N
305032,y015
305049,fdi1
305077,y015E
305092,y016
305140,twa1R
305155,y016E
305170,y017
305262,y017E
305277,y018
305322,twa1
305345,fdo1
305362,fdo1R
305377,y018N
305446,y019
305463,fdi1
305545,y019E
305560,y020
305593,y020E
305608,y021
305694,y021E
305709,y022
305758,fdo1
305775,fdo1R
305790,op13
305808,qstc
305825,fdi2
322627,z80a
322655,z81a
322683,z82a
322711,z83a
322739,z84a
322767,z87a
322795,z88a
322823,z89a
322851,z90a
322879,z91a
322907,z94a
322935,z95a
322963,z96a
322991,z97a
323019,z98a
323047,d64a
323075,d71a
323103,d75a
323493,z80b
323521,z81b
323549,z82b
323577,z83b
323605,z84b
323633,z87b
323661,z88b
323689,z89b
323717,z90b
323745,z91b
323773,z94b
323801,z95b
323829,z96b
323857,z97b
323885,z98b
323913,d64b
323941,d71b
323969,d75b
324945,fdi2
324967,fdi0
324984,fdi0
325000,fdo0
325017,fdo0
325033,fdi1
325050,fdi1
325066,fdo1
325083,fdo1
325099,whi1
325116,whi1
325132,who1
325149,who1
325165,who2
325182,who2
325198,who3
325215,who3
325231,main
325251,fdo1
325268,fdo1
325284,fdi1
325301,main
325321,fdi1
325337,blon
325354,blon
325372,whi0
325389,whi0
325405,who0
325422,who0
325438,efon
325455,efon
325471,fdis
325489,fdos
325506,fdos
325522,fdif
325540,fdof
325557,fdof
325573,fdip
325591,fdop
325608,fdop
327056,frst
327076,ok00
331244,frst
331264,ok00
335432,frst
335452,ok00
339620,frst
339640,ok00
347137,s072
347154,fdi2
347198,s072E
347213,s000
347297,s000N
347382,s002
347426,s002K
347448,s003
347535,s003J
347576,s004
347605,s004f0
347620,tlk0+
347643,tlk1E
347658,s005
347705,s005J
347734,s006
347760,tlk0+
347783,tlk1J
347807,s006E
347822,s007
347860,s007J
347889,s008
347915,tlk0+
347969,s008E
347984,s009
348001,tlk0+
348040,tlk1R
348055,s009
348081,s008E
348096,s009
348113,tlk0+
348136,tlk1
348154,s009E
348169,s012
348186,tlk0+
348225,tlk1U
348240,s012E
348255,s015
348328,s015E
348343,s073
348377,s073E
348392,s014
348439,s014
348462,fdi2
349215,mem0
349248,s016
349265,fdi2
349312,s016E
349327,s162
349344,mem1+
349375,mem2R
349414,s017
349439,s017E
349454,s019
349479,s019E
349494,s018
349534,s018E
349549,s020
349566,mth0+
349597,mth1+
349620,s020E
349635,s024
349652,mem1+
349675,mem2R
349690,s024E
349705,s022
349722,mtb0+
349745,mtb1
349763,s022E
349778,s075
349795,mta0+
349818,s075E
349833,s023
349865,mem1n
349950,mem2R
349965,s023E
349980,s026
349997,mem1+
350020,mem2R
350055,s028
350096,s028E
350111,s068
350136,s068E
350151,s029
350168,mta0+
350211,s030
350243,mem1n
350313,mem2n
350345,s030E
350360,s031
350377,mta1
350486,s032
350575,s033
350598,mtb0+
350629,mtb1R
350644,s033E
350659,s034
350665,kidl0
350803,s034E
350818,s035
350873,bti0
350888,str0
350913,bti1
350928,kill
350945,s035E
350960,s036
350972,kidl0
351022,msdl+
351045,s036E
351060,s038
351112,s038E
351127,s039
351159,mth0+
351190,mth1R
351205,s039E
351220,s163
351267,s163E
351282,s040
351337,mtb1R
351352,s040E
351367,s041
351392,s041E
351407,s042
351424,bti0+
351447,s042
351477,bti1'
351927,s043
351944,fdi2
352087,s043E
352102,s044
352130,tlk0+
352153,tlk1R
352168,s044E
352183,s045
352200,tlk0+
352223,tlk1R
352238,s045E
352253,s046
352303,s046E
352318,s047
352388,s047E
352403,s055
352440,tlk0+
352463,tlk1J
352492,s055E
352507,s048
352559,s048E
352574,s049
352627,tlk0+
352650,tlk1R
352665,s049E
352680,s050
352717,s050E
352732,s051
352749,tlk0+
352772,tlk1R
352787,s051E
352802,s052
352839,s052E
352854,s053
352899,s053E
352914,s054
352984,s054E
352999,s069
353055,s069
353087,fdi2
353206,s070
353226,s070E
353241,s071
353294,s071
353314,fdi2
353836,kan2
353917,kan0y
353969,br00
353989,twa0+
354012,br00E
354027,br01
354074,br01E
354089,br02
354247,the1
354265,br02E
354280,br03
354313,br03E
354328,br04
354345,the2y
354378,br04E
354393,br05
354435,twb0+
354466,br05E
354481,br06
354501,twb1E
354516,bel0
354528,kidl0
354637,dan0S
354650,dan0'
354699,mae0E
354714,bel1
354752,br06E
354767,br07
354795,br07E
354810,br08
354843,br08E
354858,br09
354883,br09E
354898,br10
354928,mae1
354946,br10E
354961,br11
355136,rin0
355227,br11E
355242,br12
355274,ls00
355291,hs00
355308,hs00
355340,rin1'
355362,br12E
355377,br13
355414,br13E
355429,br19
355449,br19E
355464,br18
355484,br18E
355499,br15
355519,br15E
355534,br20
355554,br20E
355569,br14
355586,kai0
355606,br14E
355621,br16
355641,br16E
355656,br30
355711,br30E
355726,br31
355743,dan0+
355777,br30E
355792,br32
355809,dan0+
355832,br31R
355847,br32E
355862,br33
355909,br33E
355924,br34
355960,br34E
355975,br15
356000,hs02
356017,rin2
356032,ls02
356049,ris2E
356064,k093
356081,hs02
356098,rin2
356116,br17E
356131,br36
356162,br34E
356177,br14
356197,br14E
356212,br37
356234,hs02
356251,rin2
356266,hs02
356283,rin2
356298,ls02
356315,ris2E
356330,k093
356358,br34E
356373,br17
356398,hs02
356415,rin2
356430,ls02
356447,ris2E
356462,k093
356479,hs02
356496,rin2
356514,br17E
356529,br35
356575,dan0R
356590,br35R
356605,br36R
356620,br37N
356645,rin2'
356694,ev0l
356729,rin0E
356744,k031
356801,br41
356833,br41E
356848,er00
356865,sef0
356882,sexy
356900,er00E
356915,br42
356935,br42E
356950,br43
356970,br43E
356985,br44
357005,br44E
357020,br45
357040,br45E
357055,br46
357075,br46E
357090,br47
357107,sef1
357147,br40
357179,ls00
357196,br13
357216,br13E
357231,br14
357251,br14E
357266,br50
357324,kan1E
357339,k031
357356,dan1
357371,kils
357388,br47R
357403,br50E
357418,br51
357443,ls01
357468,br51E
357483,br52
357500,dan0+
357523,br52E
357538,br53
357566,br53E
357581,br63
357606,br63E
357621,br64
357677,k031
357694,kill
357709,wponkidl0
357733,f200N
357767,mae0
357820,br53E
357835,br54
357868,br54
357891,br55
357911,xx55
357928,ls03
357945,kns0
357963,xx55R
357978,br55E
357993,br58
358013,br58E
358028,br56
358056,br56E
358071,br59
358088,bel1
358105,ls04
358122,kns1
358140,br59E
358155,br60
358172,knf2
358197,br60E
358212,br61
358229,ev02
358293,hit0
358323,rin0
358350,dan2
358368,br61E
358383,ls01
358417,stat
358524,kan1
358542,k031
358559,stop
358576,ls00E
358640,fdi2
359240,msdl
359258,s077
359275,fdi2
359382,s077
359416,s081
359478,s081E
359493,s082
359546,mth1
359743,s082E
359758,s083
359865,s083E
359880,s084
359932,may1+
359955,s084E
359970,s087
359987,tlk0+
360010,tlk1R
360025,s087E
360040,s086
360065,tlk0+
360088,tlk1U
360103,s086E
360118,s164
360155,s164E
360170,s088
360202,may2+
360264,s088E
360279,s089
360351,s089E
360366,s090
360426,mom0+
360449,s090E
360464,s091
360561,msdl
360579,s091E
360594,s165
360625,s165E
360640,s093
360667,oho0+
360713,s093J
360737,s166
360876,s166E
360891,s094
360981,s094E
360996,s095
361018,oho1+
361110,s095J
361143,s097
361174,tlk0+
361197,tlk1R
361212,s097J
361245,s098
361286,mth0+
361309,s098E
361324,s099
361341,mth1+
361372,s099E
361387,s096
361404,mom0+
361430,s096
361453,mom0
361500,fdi2
361946,s140
361963,fdi2
362055,s140E
362070,s157
362213,s157E
362228,s100
362302,tlk0+
362343,s100E
362358,s101
362383,tlk1R
362398,s101E
362413,s143
362470,s143E
362485,s159
362502,tlk0+
362545,s159E
362560,s102
362596,tlk0+
362619,tlk1y
362658,s102E
362673,s144
362728,tlk0+
362751,tlk1U
362766,s144E
362781,s145
362878,msd0U
362893,s145E
362908,s147
362979,s147E
362994,s146
363054,s146E
363069,s148
363101,s148E
363116,s149
363133,tlk0+
363156,tlk1R
363171,s149E
363186,s152
363242,s152E
363257,s151
363274,tlk0+
363297,tlk1R
363312,s151E
363327,s167
363586,s160
363603,fdi2
363683,s160E
363698,s158
363715,s158z
363736,s161
363780,s161
364221,s104
364287,s104E
364302,s105
364421,s105E
364436,s106
364453,tlk0+
364476,tlk1R
364491,s106E
364506,s107
364523,tlk0+
364546,tlk1f0
364561,tlk0+
364584,tlk1R
364599,s107E
364614,s108
364631,tlk0+
364654,tlk1R
364669,s108E
364684,s110
364701,tlk0+
364724,tlk1f0
364739,tlk0+
364762,tlk1R
364777,s110E
364792,s111
364814,tlk0+
364837,tlk1R
364852,s111E
364867,s112
364884,tlk0+
364907,tlk1N
364989,s112E
365004,s113
365029,s113
365101,s115
365172,s115E
365187,s114
365204,s114E
365219,s116
365282,msd0
365308,s116E
365323,s117
365360,tlk0+
365391,tlk1R
365406,s117E
365421,s118
365438,tlk0+
365461,tlk1R
365476,s118E
365491,s119
365516,s119E
365531,s120
365548,tlk0+
365571,tlk1U
365586,s120E
365601,s121
365626,s121E
365641,s122
365666,s122E
365681,s123
365706,s123E
365721,s125
365754,s125E
365769,s126
365802,s126E
365817,s127
365861,s127E
365876,s128
365929,s128E
365944,s129
365961,tlk0+
365984,tlk1n
366016,s129E
366031,s130
366056,s130E
366071,s131
366088,tlk0+
366111,tlk1R
366126,s131E
366141,s132
366183,s132E
366198,s133
366223,s133E
366238,s135
366328,msdlU
366343,s135+
366366,s136
366403,s136E
366418,s137
366450,s137E
366465,s168
366490,s168E
366505,s169
366571,s169
366649,fdi2
366786,s047
366809,s047EA
366824,s048
366882,s048EA
366897,s049
366914,tlk0+
366943,s049z
366953,kidl0
366962,kidl0
367104,s050
367139,tlk0+
367170,tlk1RA
367185,s050EA
367200,s051
367256,s051EA
367271,s052
367288,tla0y
367334,tla1RA
367349,s052EA
367364,s053
367705,s094
367733,s094EA
367748,s095
367765,dsk1+
367801,dsk2
367819,s095EA
367834,s148
367861,s148EA
367876,s096
367901,s096EA
367916,s097
367933,hin1+
367954,hin1RA
367969,s097EA
367984,s098
368001,dsk3+
368022,dsk3RA
368037,s098EA
368052,s099
368061,kidl0
368110,s099EA
368125,s100
368134,kidl0
368162,s100EA
368177,s101
368235,s101EA
368250,s102
368298,s102EA
368313,s103
368352,s103EA
368367,s104
368384,tlb0+
368427,s104EA
368442,s105
368459,chu0
368474,main
368519,s105EA
368534,s106
368594,s106EA
368609,s107
368624,kidl0
368633,kidl0
368703,kke0
368721,s107EA
368736,s114
368768,kke1'
368793,s114EA
368808,s108
368831,kke1S
368844,kke1RA
368859,s108EA
368874,s109
368924,s109EA
368939,s110
368993,s110EA
369008,s111
369040,kke2K
369078,kke2S
369091,kke2RA
369106,s111EA
369121,s112
369153,kke3
369171,s112EA
369186,s113
369209,kke3S
369222,kke3
369244,kidl0
369267,s113EA
369282,s115
369299,don0+
369320,don0RA
369335,s115EA
369350,s116
369367,don1+
369403,yes0+
369424,yes0RA
369439,s116EA
369454,s117
369479,s117EA
369494,s118
369519,s118EA
369534,s134
369558,ng00+
369579,ng00RA
369594,s134EA
369609,s128
369634,s128EA
369649,s135
369666,ng01+
369687,ng01RA
369702,s135EA
369717,s121
369742,ng02RA
369757,s121EA
369772,s122
369807,ng02RA
369822,s122EA
369837,s123
369862,s123EA
369877,s124
369894,ng03S
369907,ng03RA
369922,s124EA
369937,s125
369954,ng04+
369975,ng04RA
369990,s125EA
370005,s126
370025,s126EA
370040,s149
370057,ng05
370102,s149EA
370117,s127
370134,zko0N
370193,sha0f
370208,sha0f
370223,sha0f
370238,sha0+
370259,sha0S
370272,sha0S
370285,sha0S
370298,sha0S
370311,zko0RA
370326,s127EA
370341,s129
370358,ng06
370386,s129EA
370401,s130
370444,s130EA
370459,s131
370468,kidl0
370514,s131EA
370529,s132
370546,sha1
370564,sha1
370582,sha1
370600,sha1
370618,s132EA
370633,s133
370685,kidl0
370744,s133EA
370759,s080
370822,dis0
370892,s080EA
370907,s081
370924,tlk0+
370947,s081EA
370962,s082
371003,tlk1RA
371018,s082EA
371033,s083
371050,tlk0+
371073,tlk1n
371108,s083EA
371123,s084
371148,s084EA
371163,s085
371200,fd00RA
371215,s085EA
371230,s086
371283,tlk0+
371306,tlk1RA
371321,s086EA
371336,s087
371361,s087EA
371376,s088
371404,s088EA
371419,s089
371436,tlk0+
371459,tlk1'
371481,s089EA
371496,s090
371513,ude0+
371534,ude0RA
371549,s090EA
371564,s091
371628,s091EA
371643,s092
371698,s092EA
371713,s093
371766,s093'
371777,kidl0
371933,thk1'
371965,s054
371988,s054EA
372003,s055
372050,s055EA
372065,s056
372094,tlb0+
372117,s056EA
372132,s057
372149,tlb2
372198,s057EA
372213,s058
372230,tlb1f0
372245,tlk1+
372303,s058EA
372318,s064
372335,thk2
372353,s064EA
372368,s059
372409,s059EA
372424,s060
372441,tlk0+
372464,tlk1f0
372479,tlk0+
372502,tlk1RA
372517,s060
372527,IdEA
372540,s063
372555,edEA
372568,s063
372596,s062
372624,s062
372652,s063
372672,s061
372717,s061RA
372732,s062RA
372747,s063EA
372762,s065
372779,tlb0+
372802,tlb1J
372826,s065
372859,s061RA
372874,s062RA
372889,s063EA
372904,s066
372929,s066EA
372944,s067
372961,tlk0+
372984,tlk1RA
372999,s067EA
373014,s068
373049,s068EA
373064,s069
373099,s069EA
373114,s070
373131,tlk0+
373169,tlk0+
373192,tlk1J
373219,s070EA
373234,s065
373251,tlb0+
373274,tlb1RA
373289,s065
373299,MgEA
373312,s063
373327,igEA
373340,s063
373368,s062
373396,s062
373424,s063
373444,s061
373483,fd00RA
373498,s061RA
373513,s062RA
373528,s063EA
373543,s071
373560,tlb0+
373598,f000
373619,s071
373640,s061RA
373655,s062RA
373670,s063EA
373685,s072
373702,ude0+
373725,s072EA
373740,s073
373777,s073EA
373792,s074
373817,s074EA
373832,s075
373849,tlk0+
373880,s075EA
373895,s076
373912,tlk1+
373955,s076EA
373970,s077
373987,tlk0y
374033,s077EA
374048,s078
374081,tlk1RA
374096,s078EA
374111,s079
374128,tlk0+
374157,s079
374193,fdi2
374443,tlk0
374462,tlk1'
374519,thk1+
374568,thk2J
374628,bl98
374645,kain
374762,tla0+
374788,tla1+
374846,hdb0+
374980,hdb1y
375152,std0+
375243,std1+
375301,tlk1y
375352,yah0
375376,yah1R
375455,san0+
375663,bl98
375875,lpa0+
376028,hdb0f
376043,sin0+
376114,sib0
376195,at00
376234,kald0
376322,main
376339,chu0
376389,hda0+
376415,srb0
376558,sin0
376576,chu1
376603,dki0+
376678,chu2K
376871,dki1+
377074,thk1
377107,blof
377124,kaif
377196,thk2+
377237,tlk0+
377303,tlk1+
377587,a000
377607,a001
377627,a002
377702,blof
377731,qstc
377748,fdi2
377767,fdi0
377784,fdi0
377800,fdo0
377817,fdo0
377833,fdi1
377850,fdi1
377866,fdo1
377883,fdo1
377899,whi1
377916,whi1
377932,who1
377949,who1
377965,who2
377982,who2
377998,who3
378015,who3
378031,main
378051,fdo1
378068,fdo1
378084,fdi1
378101,main
378121,fdi1
378137,blon
378154,blon
378172,whi0
378189,whi0
378205,who0
378222,who0
378238,efon
378255,efon
378271,fdis
378289,fdos
378306,fdos
378322,fdif
378340,fdof
378357,fdof
378373,fdip
378391,fdop
378408,fdop
379832,fh01
379850,fh00
380338,sin1
380398,sin0
380416,sid0
380463,sid0
381336,mae1
383625,tel0
383643,tel1
383668,tel0
383686,tel1
384660,tlb0
384678,tlb1S
384706,cry0
384777,ude0
384856,bik0
385832,mae1
387975,msd0
388006,msd0
388057,msd0
388062,kidl0
388184,msd0
388232,msd0
388248,oho0S
388276,oho1S
388289,oho1
388325,msd0S
388338,msd0
388433,msd0
388498,msd0
388537,msd0
388611,msdl
388661,Mayakov
388713,rsn0S
388726,rsn0
388742,dnc0S
388770,dnc1S
388783,dnc1
388799,dnc2S
388812,dnc2
388942,msd0
389220,ude0
401176,dopn
401218,dcls
401253,s128
401270,fdi2
401287,fdi2
401305,s128E
401320,s129
401340,s129E
401355,s130
401409,s130E
401424,s103
401441,mtb0+
401472,mtb1R
401487,s103E
401502,s105
401527,s105E
401542,s106
401573,mtb1R
401588,s106E
401603,s107
401620,mou0
401641,s107E
401656,s126
401676,s126E
401691,s122
401711,s122E
401726,s109
401751,mou1
401769,s109E
401784,s127
401809,s127E
401824,s110
401841,mtb0+
401879,s110E
401894,whm1
401922,s110E
401937,whm1
401965,s110E
401980,wem1
402008,s110E
402023,wem1
402051,s110E
402066,wtr1
402094,s110E
402109,wtr1
402137,s110E
402152,wmt1
402180,s110E
402195,wgl1
402260,whm1R
402275,whm1R
402290,wem1R
402305,wem1R
402320,wtr1R
402335,wmt1R
402350,wgl1E
402365,s112
402405,s112E
402420,whm2
402448,s112E
402463,whm2
402491,s112E
402506,wem2
402534,s112E
402549,wem2
402577,s112E
402592,wtr2
402620,s112E
402635,wtr2
402663,s112E
402678,wmt2
402706,s112E
402721,wgl2
402771,whm2R
402786,whm2R
402801,wem2R
402816,wem2R
402831,wtr2R
402846,wmt2R
402861,wgl2E
402876,s114
402916,s114E
402931,whm4
402959,s114E
402974,whm4
403002,s114E
403017,wem4
403045,s114E
403060,wem4
403088,s114E
403103,wtr4
403131,s114E
403146,wtr4
403174,s114E
403189,wmt4
403217,s114E
403232,wgl4
403269,whm4R
403284,whm4R
403299,wem4R
403314,wem4R
403329,wtr4R
403344,wmt4R
403359,wgl4E
403374,s116
403391,kyn0+
403416,s116E
403431,s123
403451,s123E
403466,s125
403486,s125E
403501,s124
403526,kyn1R
403541,s124E
403556,s117
403576,yuw0
403602,s117E
403617,s131
403665,s131E
403680,whm3
403708,s131E
403723,whm3
403751,s131E
403766,wem3
403794,s131E
403809,wem3
403837,s131E
403852,wtr3
403880,s131E
403895,wtr3
403923,s131E
403938,wmt3
403966,s131E
403981,wgl3
404025,whm3R
404040,whm3R
404055,wem3R
404070,wem3R
404085,wtr3R
404100,wmt3R
404115,wgl3E
404130,s121
404147,yuw1
404204,s131E
404219,whm3
404247,s131E
404262,whm3
404290,s131E
404305,wem3
404333,s131E
404348,wem3
404376,s131E
404391,wtr3
404419,s131E
404434,wtr3
404462,s131E
404477,wmt3
404505,s131E
404520,wgl3
404555,whm3R
404570,whm3R
404585,wem3R
404600,wem3R
404615,wtr3R
404630,wmt3R
404645,wgl3E
404660,s121
404677,yuw1
404724,s121
404746,fdi2
404891,m101
404914,m101E
404929,m102
405007,m102E
405022,whm5
405039,tlk0
405065,m102E
405080,whm5
405097,tlk0
405123,m102E
405138,wem5
405155,tlk0
405181,m102E
405196,wem5
405213,tlk0
405239,m102E
405254,wtr5
405271,tlk0
405297,m102E
405312,wtr5
405329,tlk0
405355,m102E
405370,wmt5
405387,tlk0
405413,m102E
405428,wgl5
405445,tlk0
405466,whm5R
405481,whm5R
405496,wem5R
405511,wem5R
405526,wtr5R
405541,wmt5R
405556,wgl5E
405571,m104
405577,kidl0
405613,m104
405655,m105
405699,m105E
405714,m106
405739,m106E
405754,m107
405833,m107E
405848,whm6
405876,m107E
405891,whm6
405919,m107E
405934,wem6
405962,m107E
405977,wem6
406005,m107E
406020,wtr6
406048,m107E
406063,wtr6
406091,m107E
406106,wmt6
406134,m107E
406149,wgl6
406207,whm6R
406222,whm6R
406237,wem6R
406252,wem6R
406267,wtr6R
406282,wmt6R
406297,wgl6E
406312,m109
406337,m109E
406352,m110
406404,m110E
406419,m111
406469,m111E
406484,m112
406517,m112E
406532,m114
406561,m114E
406576,m115
406640,m115E
406655,m113
406714,fdo2
406731,fdo2R
406746,m1134b
407206,sin0fL
407221,tlk0
407247,m238
407264,fdi2
407281,fdi2n
407311,kia0
407329,tlk1n
407359,m238E
407374,m239
407406,m239E
407421,m240
407463,m240E
407478,m245
407504,m245E
407519,m201
407539,m201E
407554,m202
407616,m202E
407631,m242
407721,m242E
407736,m241
407787,m241E
407802,m244
407926,m244E
407941,m203
408012,m203E
408027,m204
408115,m204E
408130,m205
408202,m205E
408217,m206
408472,fdo2
408489,fdo2R
408504,m206
408588,m207
408635,fdi2
408652,fdi2+
408690,m207E
408705,m208
408741,m208E
408756,m243
408782,m243E
408797,m209
408820,chu0
408835,main
408880,m209E
408895,m211
408975,m211E
408990,m246
409010,m246E
409025,m213
409042,chu1
409066,chu1R
409081,m213E
409096,m214
409113,sin0
409154,m214E
409169,whm9
409197,m214E
409212,whm9
409240,m214E
409255,whm9
409283,m214E
409298,whm9
409326,m214E
409341,wtr9
409369,m214E
409384,wtr9
409412,m214E
409427,whm9
409455,m214E
409470,whm9
409517,whm9R
409532,wtr9E
409547,m217
409580,m217E
409595,m218
409634,m218E
409649,m219
409689,m219E
409704,whm7
409732,m219E
409747,whm7
409775,m219E
409790,wem7
409818,m219E
409833,wem7
409861,m219E
409876,wtr7
409904,m219E
409919,wtr7
409947,m219E
409962,wmt7
409990,m219E
410005,wgl7
410062,whm7R
410077,whm7R
410092,wem7R
410107,wem7R
410122,wtr7R
410137,wmt7R
410152,wgl7E
410167,m220
410209,chu2
410227,m220E
410242,m247
410260,chu2n
410290,m247E
410305,m215
410325,sib0S
410338,sin1
410356,m215E
410371,m221
410416,m221
410451,m222
410496,m222E
410511,m223
410570,m223E
410585,m224
410638,m224E
410653,m225
410670,sin0
410685,s001
410713,m225E
410728,m226
410761,m226E
410776,m227
410793,sia0
410808,s002
410864,m227E
410879,whm7
410907,m227E
410922,whm7
410950,m227E
410965,wem7
410993,m227E
411008,wem7
411036,m227E
411051,wtr7
411079,m227E
411094,wtr7
411122,m227E
411137,wmt7
411165,m227E
411180,wgl7
411203,whm7R
411218,whm7R
411233,wem7R
411248,wem7R
411263,wtr7R
411278,wmt7R
411293,wgl7E
411308,m228
411359,m227E
411374,whm7
411402,m227E
411417,whm7
411445,m227E
411460,wem7
411488,m227E
411503,wem7
411531,m227E
411546,wtr7
411574,m227E
411589,wtr7
411617,m227E
411632,wmt7
411660,m227E
411675,wgl7
411710,whm7R
411725,whm7R
411740,wem7R
411755,wem7R
411770,wtr7R
411785,wmt7R
411800,wgl7E
411815,m228
411843,m228E
411858,m229
411875,kill
411945,m229E
411960,m232
411993,m232E
412008,m233
412068,m233E
412083,m235
412108,m235E
412123,m231
412145,thk1+
412176,m231E
412191,m237
412214,m237N
412299,ls99E
412333,fdi2
412493,l101
412516,l101E
412531,l102
412596,l102E
412611,l103
412656,san0n
412686,fdo2
412703,fdo2R
412718,l1034b
412937,sin0
412956,l201
412973,fdi2
412990,fdi2
413008,l201E
413023,l202
413048,l202E
413063,l203
413080,tla0
413106,l203E
413121,l204
413150,tla1
413176,l204E
413191,l205
413275,l205E
413290,l266
413326,l266E
413341,l206
413386,l206E
413401,l207
413438,l207E
413453,l208
413470,thb0J
413505,l208E
413520,l209
413590,l209E
413605,l210
413625,l210z
413646,l211
413726,z1fK
413739,tlk0
413765,tlk0
413791,tlk0
413817,tlk0
413843,tlk0
413869,tlk0
413895,tlk0
413921,tlk0
413931,kidl0
413975,l211E
413990,l212
413996,kidl0
414036,l212E
414051,l213
414076,l213E
414091,l214
414116,tlb0+
414139,tlb1R
414154,l214E
414169,l215
414219,l215E
414234,l216
414259,l216E
414274,l217
414329,l217E
414344,l218
414376,tlc0
414402,tlc1R
414417,l218E
414432,l219
414457,l219E
414472,l220
414498,kia0+
414521,l220E
414536,l221
414553,tla0+
414584,tla1R
414599,l221E
414614,l222
414639,l222E
414654,l223
414687,l223E
414702,l224
414737,kia0R
414752,l224E
414767,l225
414807,l225E
414822,l226
414839,tha0
414878,tha1S
414891,tha1
414947,l226E
414962,l227
415038,l227E
415053,l228
415145,l228E
415160,l229
415229,l229E
415244,l230
415302,l230E
415317,l231
415357,l231E
415372,l233
415439,fh00
415472,tle0
415490,l233E
415505,l234
415536,fc00R
415551,l234E
415566,l235
415598,l235E
415613,l236
415633,l236E
415648,l237
415661,kidl0
415705,mero
415743,l237E
415758,l238
415783,l238E
415798,l239
415828,l239E
415843,l240
415849,kidl0
415886,sic0
415932,l240E
415947,l253
415994,l253E
416009,l241
416015,kidl0
416035,tla0+
416073,tla1R
416088,l241E
416103,l242
416125,sin0
416151,l242E
416166,l243
416197,l243E
416212,l244
416240,l244E
416255,l245
416297,l245E
416312,l246
416342,l246E
416357,l268
416374,kbel
416405,l268E
416420,l269
416440,l269E
416455,l247
416480,l247E
416495,l248
416512,sin1+
416565,l248E
416580,l267
416612,kbe0
416630,l267E
416645,l270
416665,l270
416712,l249
416732,l249E
416747,l271
416767,l271E
416782,l250
416832,l250E
416847,l251
416885,kbe1
416903,l251E
416918,l252
416951,l252E
416966,l254
416991,l254E
417006,l255
417029,kbe1S
417042,kbe1R
417057,l255E
417072,l256
417134,kbe2
417152,l256E
417167,l257
417190,kbe2S
417203,kbe2R
417218,l257E
417233,l232
417295,kbe3
417313,l232E
417328,l258
417348,l258E
417363,l272
417372,kidl0
417411,l272E
417426,l259
417459,l259E
417474,l262
417508,oji0+
417529,oji0Y
417562,l262E
417577,l263
417583,kidl0
417619,fuu0
417637,l263E
417652,l264
417683,fdo2
417700,fdo2R
417715,l264N
417813,kidl0
417833,l301
417850,fdi2
417867,fdi2
417913,l301E
417928,l322
418000,l322E
418015,l302
418048,l302E
418063,l303
418097,l303E
418112,l304
418168,fg00
418198,l304E
418213,l305
418251,raj0n
418281,l305E
418296,l323
418333,raj1
418351,fe00
418369,l323E
418384,l307
418401,utu0
418419,l307E
418434,l308
418506,l308E
418521,l309
418546,l309E
418561,l310
418595,fc00R
418610,l310E
418625,l311
418672,fe00R
418687,l311E
418702,l312
418728,fe01+
418751,fe00R
418766,l312E
418781,l325
418798,drg0
418816,l325E
418831,l326
418848,sin0
418904,l326E
418919,lhm2
418947,l326E
418962,lhm2
418990,l326E
419005,lhm2
419033,l326E
419048,lhm2
419076,l326E
419091,ltr2
419119,l326E
419134,ltr2
419162,l326E
419177,lhm2
419205,l326E
419220,lhm2
419255,fe01+
419334,lhm2R
419349,ltr2E
419364,l314
419416,l314E
419431,l315
419448,tla0+
419479,tla1R
419494,l315E
419509,l316
419546,l316E
419561,l317
419586,l317E
419601,l318
419626,fd00R
419641,l318E
419656,l319
419688,hdb0
419744,yro0+
419807,fd00
419825,l319E
419840,l320
419887,yro1+
419943,l320E
419958,l321
419992,san0
420010,fdo2
420027,fdo2R
420042,l321
420185,l401
420202,fdi2
420219,fdi2
420237,l401E
420252,l402
420284,l402E
420299,l407
420324,l407E
420339,l408
420356,hdb0+
420379,l408E
420394,l405
420426,hdc0
420444,l405E
420459,l403
420499,l403E
420514,lhm1
420542,l403E
420557,lhm1
420585,l403E
420600,lem1
420628,l403E
420643,lem1
420671,l403E
420686,ltr1
420714,l403E
420729,ltr1
420757,l403E
420772,lmt1
420800,l403E
420815,lgl1
420859,lhm1R
420874,lem1R
420889,ltr1R
420904,lmt1R
420919,lgl1E
420934,l416
420957,tle0
420983,l416E
420998,l406
421034,yah0'
421059,l406E
421074,l404
421112,l404E
421127,lhm3
421160,lhm3E
421175,lhm4
421203,l404E
421218,lhm3
421251,lhm3E
421266,lhm4
421294,l404E
421309,lem3
421342,lem3
421370,lhm4
421398,l404E
421413,lem3
421446,lem3
421474,lhm4
421502,l404E
421517,ltr3
421550,ltr3E
421565,ltr4
421593,l404E
421608,ltr3
421641,ltr3E
421656,ltr4
421684,l404E
421699,lmt3
421732,lmt3E
421747,lhm4
421775,l404E
421790,lgl3
421823,lgl3E
421838,lgl4
421869,ltr4R
421884,lhm4R
421899,lgl4N
421923,l409
421964,kidl0
422015,l409E
422030,l410
422047,tla0
422073,l410E
422088,l411
422094,kidl0
422130,l411E
422145,l412
422193,kia0
422211,l412E
422226,l413
422263,l413E
422278,l414
422350,ls99E
422384,fdi2
422418,fi60
422435,fi60
422451,fi12
422468,fi12
422484,fo60
422501,fo60
422517,fo12
422534,fo12
422550,or15
422568,or30
422586,or60
422604,or12
422622,brof
422640,br00
422837,msd0
423216,fdi2
423731,s016
423781,s016E
423796,s162
423813,mem1+
423868,s162E
423883,s019
423908,s019E
423923,s068
423948,s068E
423963,s029
423980,mta0+
424003,s029E
424018,s023
424050,mem1n
424135,mem2R
424150,s023E
424165,w002
424215,w002E
424230,w010
424271,wav0
424289,w010E
424304,w020
424367,w020E
424382,w035
424402,mtb0
424443,mtb1U
424458,w035R
424473,w035E
424488,w030
424545,w030E
424560,w038
424628,mem1n
424697,mem2
424715,mtb1
424733,w038R
424748,w038E
424763,w045
424821,w045E
424836,w040
424895,w040E
424910,w050
424999,w050E
425014,w060
425058,tha0+
425083,tha1#S
425097,tha1
425123,tlc0+
425148,tlc1#S
425162,tlc1
425205,w060E
425220,w070
425254,thb0+
425280,w070E
425295,w085
425351,w085E
425366,w080
425375,kidl0
425418,w080E
425433,w075
425483,w075E
425498,w095
425559,w095E
425574,w090
426234,mem0
426250,w090E
426265,w100
426291,sttl'
426327,msd0
426345,w100R
426360,w100E
426375,w101
426392,w101R
426407,w101E
426422,s077
426521,s077'
426570,s077E
426585,s089
426643,s089E
426658,s090
426723,mom0+
426749,s090E
426764,w110
426877,msdl
426971,w110E
426986,w120
427054,w120E
427069,s081
427132,s081E
427147,w125
427183,mtb0+
427204,kidl0
427263,mtb1
427424,ng04
427455,w125E
427470,w130
427525,thk1fM
427540,tlk0
427564,w130'
427586,w130E
427601,w135
427650,std0y
427740,tlc0f
427755,tlk0
427780,w135E
427795,w131
427918,w131E
427933,w140
427974,w140E
427989,w155
428006,w155R
428021,w155E
428036,w150
428093,w150
428322,fdi2
429431,don1J
429690,ron0R
429705,w150E
429720,br07
429754,br07E
429769,w163
429801,w163'
429837,w163E
429852,w162
429943,mae0U
429958,w162y
429986,w162E
430001,w165
430018,cer0
430123,dki0+
430144,cer0R
430159,w165E
430174,w170
430224,mae0
430242,w170
430260,w170E
430275,w180
430394,w180E
430409,w173
430461,mae0
430655,w173E
430670,w177
430742,w177E
430757,w164
430799,w164
430817,w164E
430832,w177
430860,w177E
430875,w190
430896,w190E
430911,w193
430951,w193E
430966,w199
431000,tlc0+
431026,tlc1+
431049,w199R
431064,w199E
431079,w163
431096,tlk0+
431126,tlk1
431144,w163E
431159,w195
431184,w195E
431199,w180
431728,rin0
432243,kidl0
432252,kidl0
432398,dan0fL
432413,twb0fL
432461,w180E
432476,br12
432508,hs00
432525,hs00
432542,hs00
432589,rin1R
432604,br12E
432619,br13
432653,hs01
432670,hs01
432687,hs01
432707,br13E
432722,br19
432749,br19E
432764,w180
432784,w180E
432799,br15
432819,br15E
432834,br20
432854,br20E
432869,br14
432886,kai0
432906,br14E
432921,br16
432941,br16E
432956,w210
432994,utu0U
433009,w210R
433024,w210
433050,w215
433078,w215
433106,w218
433134,w213
433162,w214
433182,w211
433231,w215R
433246,w215
433272,w215R
433287,w215
433313,w218R
433328,w218
433354,w213R
433369,w213
433395,w214R
433410,w214
433428,w211R
433443,w211E
433458,w220
433490,w220E
433505,w200
433561,w200E
433576,w270
433604,dan1
433622,w270E
433637,w272
433677,dan2#
433696,w272E
433711,w231
433775,w231E
433790,w205
433807,thk1'
433832,dan1+
433876,oho0
433894,w205E
433909,w230
433932,oho0R
433947,w230E
433962,w201
434000,oho1+
434049,w201E
434064,w233
434122,utu1
434150,w233R
434165,w233
434191,w235
434219,w238
434247,w238
434267,w232
434295,kidl0
434318,sha0'
434361,w235R
434376,w235
434402,w238R
434417,w238
434443,w238R
434458,w238
434476,w232R
434491,w232E
434506,w202
434542,w202
434568,w235
434596,w238
434624,w238
434644,w232
434675,w235R
434690,w235
434716,w238R
434731,w238
434757,w238R
434772,w238
434790,w232R
434805,w232E
434820,w203
434846,sha1+
434880,sha1R
434895,w203E
434910,w240
435013,w240E
435028,w245
435088,w245E
435103,w250
435216,w250E
435231,w204
435270,msdl+
435303,utu1R
435318,w204E
435333,w260
435361,w260E
435376,br37
435393,br37R
435408,br37E
435423,br50
435440,br50R
435455,br50E
435470,br64
435487,br64
435505,k093
435572,br64
435590,kilh
435607,kilh
435624,kilh
435859,spr0y
435884,w300
435914,w300
435932,w300E
435947,w305
435967,spr1
436006,w305E
436021,w310
436051,w310E
436066,w315
436137,w315E
436152,w320
436169,spr2
436216,w320E
436231,w325
436246,kidl0
436298,w325E
436313,w360
436345,tlc0+
436368,tlc1R
436383,w360E
436398,w330
436456,fh00#R
436472,w330
436501,w408
436518,w408
436536,w408
436565,w407
436582,w407
436600,w407
436629,w405
436646,w405
436664,w405
436693,w405
436710,w405
436728,w405
436757,w404
436774,w404
436792,w404
436821,w403
436838,w403
436856,w403
436885,w402
436902,w402
436920,w402
436949,w401
436966,w401
436984,w401
437002,w335
437019,yes0
437035,msd0'
437060,cry0R
437075,w335E
437090,w340
437119,f000
437145,kia0+
437168,w340E
437183,w350
437213,kia1+
437238,kia2#R
437254,w350E
437269,w360
437286,mtb0
437312,mtb1
437330,std0+
437353,mth0+
437376,fh00
437394,tld0
437412,w360E
437427,w370
437470,w370E
437485,w330
437517,mth1
437543,w330
437561,w380
437599,tld1
437638,w380E
437653,w390
437686,cmae
437707,cry1
437725,w390
437743,w395
437866,w395i
437897,fdi2
437977,s572E
437992,fdi2
438158,s020
438217,s005
438264,s010
438333,s026
438350,sit1+
438397,s030
438490,s035
438568,s015
438610,dsh0
438643,s055
438693,s055
438719,s045
438747,s045
438775,s048
438803,s044
438831,s048
438851,s041
438875,dsh0
438919,tbi0'
438964,s045
438990,s045
439016,s048
439042,s044
439068,s048
439101,s050
439271,f000
439307,ude0
439364,s080
439425,s097
439442,ude1
439496,s095
439557,s095'
439579,s090
439602,bye1
439658,s085
440145,msd0kidl0
440185,s100
440241,rin1
440285,s110
440338,s825
440355,rsn0+
440399,s810
440443,s125
440465,stp0
440488,kidl0
440523,jik0
440567,s820
440613,mtb0+
440681,s835
440737,s840
440770,dnc0
440785,s000
440840,s850
440857,sef0
440889,main
440909,kils
440941,s842
440958,s000
440975,dnc1
441016,sef1
441033,sebk
441053,main
441071,s842
441104,s852
441134,sef0
441166,main
441193,kils
441210,kils
441242,s846
441259,s000
441276,dnc2
441309,dnc0
441371,sef1
441389,s846
441404,kils
441436,s844
441453,s001
441470,isi1+
441493,s844
441526,s854
441543,sef0
441575,main
441616,kils
441648,s830
441659,kidl0
441705,lov1
441738,s130
441784,ude0+
441836,s150
441853,stop
441909,msdlkidl0
441922,kidl0
441931,kidl0
441980,s155
442082,s160
442201,s165
442230,dnl1
442274,s175
442320,s170
442365,s001
442400,s185
442422,kiz0
442470,s180
442500,ude1
442533,bik0
442566,s200
442701,stop
442740,s140
442808,s145
442871,s190
442888,gat0
442926,msd0+
442964,s195
443009,kidl0
443060,s210
443077,gat1+
443118,s220
443138,tlb1
443145,kidl0
443198,s230
443233,s238
443266,tic0
443334,s230
443374,s215
443391,tic1+
443446,ude1
443479,s240
443496,blon
443555,s225
443597,s235
443762,msdl
443795,s300
443815,s002
443835,s000
443855,s001
443882,rsn0
443898,dead'
443938,s512
443955,poi1
443988,bti0
444021,s505
444038,blon
444079,bti1
444127,s515
444136,kidl0
444483,s000
444500,s001
444548,s550
444588,s550
444614,s524
444642,s528
444662,s525
444668,kidl0
444691,ude0
444712,ude1
444741,s524
444767,s528
444800,s540
444815,ude1'
444866,s560
444917,th00
444949,th01
444982,s570
445049,s570
445064,s000
445111,s572
445128,kil0
445184,s572
445199,s000
445246,s575
445263,kil0
445316,s575
445342,s580
445362,s588
445392,ude0+
445415,ude1
445455,kil0
445483,s580
445501,s588
445527,s595
445555,s595
445583,s593
445611,s593
445639,s593
445659,s590
445740,s595
445766,s595
445792,s593
445818,s593
445844,s593
445877,s600
445894,s000
445911,s001
445954,s000
446000,s001
446017,s001
446060,yoy0
446085,kil0
446102,kil1
446119,kil1
446189,s610
446230,yoy1+
446268,s620
446336,s625
446412,nyp0
446430,s625
446486,s615
446517,s615
446538,s630
446624,nyp1
446657,s635
446729,s645
446746,s001
446814,s640
446831,s000
446848,hot0+
446879,hot1
446897,s000
446912,s001
446951,s650
446971,cup0
447040,s660
447057,kil0
447095,kil0
447112,kil0
447142,seht
447188,dead
447236,s060
447254,seht
447324,utud
447372,s065
447708,mayl
447758,e050
447811,e050R
447826,e050E
447841,e020
447929,e020E
447944,e030
447961,mtb0
447987,e030E
448002,e040
448019,mtb1+
448045,kyn0
448063,e040
448089,e068
448117,e065
448137,e060
448163,kyn0
448189,e068
448215,e065
448233,e060E
448248,e080
448265,kyn1
448293,e080E
448308,e085
448343,msd0#
448362,e085
448388,e098
448416,e095
448436,e094
448506,e098
448532,e095
448550,e094E
448565,e100
448593,e100
448619,e305
448652,e155
448677,e155
448694,mth0'
448740,e305E
448755,e187
448783,e155E
448798,e187
448818,e155E
448833,e181
448850,mth1+
448881,oho0
448910,e187
448936,e187
448954,e181E
448969,e106
449004,oho1
449030,e106
449056,e098
449084,e095
449104,e094
449141,mtb0
449167,mtb1
449196,e098
449222,e095
449240,e094E
449255,e105
449277,mta0+
449303,e105
449329,e187
449357,e187
449377,e181
449404,mta1+
449455,e187E
449470,e094
449498,e181E
449513,e098
449541,e187E
449556,e095
449576,e181E
449591,e094
449670,e187
449696,e181
449722,e187
449740,e181R
449755,e106E
449770,e111
449818,mth1+
449844,e111E
449859,e121
449906,e121
449932,e315
449952,e150
450006,e315
450024,e150E
450039,e120
450067,e120E
450082,e110
450104,mtb0+
450127,mtb1+
450148,mtb1R
450163,e110E
450178,e140
450210,may0
450228,e140E
450243,e130
450260,may0
450309,e130
450335,e168
450363,e168
450391,e165
450419,e167
450447,e161
450467,e167
450518,e168
450544,e168
450570,e165
450596,e167
450622,e161
450640,e167E
450655,e145
450694,mtb0
450738,e145E
450753,e115
450782,mtb1+
450848,e115E
450863,fdi2
450928,fdi0
450945,fdi0
450961,fdo0
450978,fdo0
450994,fdi1
451011,fdi1
451027,fdo1
451044,fdo1
451060,whi1
451077,whi1
451093,who1
451110,who1
451126,who2
451143,who2
451159,who3
451176,who3
451192,main
451212,fdo1
451229,fdo1
451245,fdi1
451262,main
451282,fdi1
451298,blon
451315,blon
451333,whi0
451350,whi0
451366,who0
451383,who0
451399,efon
451416,efon
451432,fdis
451450,fdos
451467,fdos
451483,fdif
451501,fdof
451518,fdof
451534,fdip
451552,fdop
451569,fdop
453386,don0
453404,don1
453572,mae1
455024,Haudrale
457042,hig0
457127,str0
457147,kill
458510,thk1S
458547,s032
458575,s032E
458590,s011
458622,s011E
458637,s033
458669,s033E
458684,s167
458738,s167E
458753,blof
458770,s035
458821,s035E
458836,s016
458853,tlk0+
458892,tlk1S
458905,tlk1
458954,thk1
459000,thk2S
459013,thk2+
459042,s016E
459057,s017
459096,s017
459134,tlk1S
459147,tlk1
459204,tlk0+
459225,tlk0
459243,tlk1R
459258,s016E
459273,s034
459290,tlk0S
459303,tlk1n
459379,s034E
459394,s036
459427,tlk1ov
459468,s036E
459483,s031
459500,tlk0+
459554,s031kidl0
459613,fdi2
459821,s040
459849,s040E
459864,s041
459889,s041E
459904,s124
459934,sha0
459950,sha0R
459965,s124E
459980,s038
460018,s038E
460033,s039
460056,sha1S
460069,sha1
460119,s039
460181,fdi2
460361,s043
460388,s043E
460403,s042
460428,s042E
460443,s045
460468,tlk0+
460489,tlk0R
460504,s045E
460519,s044
460544,s044E
460559,s162
460576,tlk1S
460589,tlk1K
460621,wav0+
460642,wav0
460660,s162E
460675,s046
460742,s046E
460757,s047
460790,thk1+
460811,thk1R
460826,s047E
460841,s096
460847,kidl0
460888,tlk0+
460909,tlk0n
460947,s096F
461104,s049
461163,s049E
461178,s048
461203,s048E
461218,s050
461289,s056
461327,tlk0+
461371,s056
461385,kidl0
461440,fdi2
461505,k1tl0
461609,s053
461632,s053E
461647,s157
461678,s157
461696,s054
461748,s054E
461763,s169
461812,s169E
461827,s055
461939,fdi2
462144,s158
462167,tlk0+
462190,s158E
462205,s051
462220,tlk0+
462243,tlk1+
462264,tlk1
462310,tlk0+
462331,tlk0R
462346,s051E
462361,s059
462386,s059E
462401,s062
462426,thk1+
462447,thk1
462465,s062
462479,kidl0
462529,fdi2
462708,s052
462728,s052E
462743,s063
462770,sha0S
462783,sha0
462801,s063
462908,s057
462947,s057
463004,fdi2
463150,kidl0
463170,s058
463190,tlk0+
463211,tlk0R
463226,s058E
463241,s060
463301,s060E
463316,s061
463347,tlk0+
463376,tlk0+
463425,s061F
463590,s066
463643,s066E
463658,s065
463683,thk1S
463696,thk1
463730,s065E
463745,s068
463770,s068E
463785,s069
463802,tlk1S
463815,tlk1
463846,s069
463929,s160
463952,s160E
463967,s064
463995,s064
464072,thk1S
464085,thk1
464103,s067
464158,s067E
464173,s161
464207,s161E
464222,s070
464239,thk1+
464260,thk1kidl0
464287,tlk0
464316,tlk0n
464351,s070
464383,whon
464400,whonE
464415,who0
464432,who0
464448,who1
464465,who1
464481,whi0
464499,whi1
464517,fdo0
464534,fdo0
464550,fdo1
464567,fdo1
464583,fdo2
464600,fdo2
464616,fdi0
464634,fdi1
464652,fdi2
464670,efon
464687,efon
465072,thk1+
465093,thk1
465100,kidl0
465187,tlk0+
465210,tlk1+
465275,tlk0+
465298,tlk1+
465354,thk1+
465385,thk2
465405,tlk0+
465428,thk0n
465470,tlk0+
465493,tlk1
465593,thk1+
465616,thk2
465734,tlk0+
465757,tlk1n
465800,tlk0
465828,tlk1
465881,tlk0+
465904,tlk1
467146,s000
467178,kei0
467212,fd00
467263,f000
467283,fdi2
467889,s001
467951,tla0
467990,fh00
468008,s001E
468023,s014
468055,sag0+
468101,s014R
468116,s014E
468131,s019
468163,std0'
468263,s019E
468278,s043
468339,kei0R
468354,s043E
468369,s000
468407,fd00
468458,f000z
468644,s010
468664,tlb0+
468687,tlb1J
468794,s010E
468809,s028
468826,tha0+
468879,gme0
468897,s028E
468912,s002
468940,s002E
468955,s029
468975,sht0+'
468996,sht0
469014,s029E
469029,s011
469076,std0S
469119,tlb0+
469172,roh0
469190,s011E
469205,s027
469222,roh1
469282,s027E
469297,s013
469343,s013E
469358,s012
469375,std0+
469399,lau0
469501,s012E
469516,s020
469544,s020E
469606,s025
469683,pas0'
469720,pas0R
469735,s025E
469750,s026
469767,fd01+
469790,fd00
469853,s026E
469868,s022
469885,f000
469958,tlb0
469976,tlb1
470024,kei0
470072,kei1
470181,tlb0
470219,tlb1
470237,tla0J
470269,tla1R
470284,s022E
470299,s023
470358,f000J
470537,s024
470567,s024E
470582,s018
470676,s018E
470691,s017
470724,kai0
470742,s017E
470757,s034
470783,kai0
470801,s034E
470816,s015
470847,kai1
470870,s015R
470885,s015E
470900,s003
470928,s003
470961,kai2J
471291,moe0H6
471310,s004
471330,s004
471348,s004E
471363,s005
471395,mof1
471421,s005E
471436,s030
471471,moe1
471495,moe1
471513,s030E
471528,s006
471556,s006E
471571,s007
471599,s007E
471614,s031
471795,s031E
471810,s032
471857,f000U
471902,moe2
471920,s032E
471935,s040
471967,mof2
472035,s040E
472050,s009
472092,s009F
472109,fdi2
472126,qstc
472145,fdi1
472162,fdi1
472178,fdo1
472195,fdo1
472211,whi1
472228,whi1
472244,who1
472261,who1
474709,p101
474726,fdi2
474743,fdi2
474761,p101E
474776,p102
474829,fdo2
474846,fdo2R
474861,p1024
475641,p201
475658,fdi2
475675,fdi2
475693,p201E
475708,p202
475725,twa0+
475748,twa1EA
475763,dopn
475802,dcls
475822,p202E
475837,p203
475872,p203E
475887,phm1
475916,fb00
475949,uda0R
475964,phm1E
475979,phm2
476007,p203E
476022,phm1
476051,fb00
476084,uda0R
476099,phm1E
476114,phm2
476142,p203E
476157,pem1
476186,fb00
476219,uda0R
476234,pem1E
476249,pem2
476277,p203E
476292,pem1
476321,fb00
476354,uda0R
476369,pem1E
476384,pem2
476412,p203E
476427,ptr1
476456,fb00
476489,uda0R
476504,ptr1E
476519,ptr2
476547,p203E
476562,ptr1
476591,fb00
476624,uda0R
476639,ptr1E
476654,ptr2
476682,p203E
476697,pmt1
476726,fb00
476759,uda0R
476774,pmt1E
476789,pmt2
476817,p203E
476832,pgl1
476861,fb00
476894,uda0R
476909,pgl1E
476924,pgl2
476947,phm2R
476962,pem2R
476977,ptr2R
476992,pmt2R
477007,pgl2E
477022,p205
477087,p205E
477102,p206
477134,p206E
477149,p207
477295,p207E
477310,p208
477355,uda1
477373,p208E
477388,p209
477457,twa0+
477480,p209E
477495,p210
477544,p210E
477559,p221
477615,p221E
477630,p211
477659,kei0
477715,p211E
477730,p212
477781,p212E
477796,p213
477816,p213E
477831,p214
477848,twb0+
477879,p214E
477894,p215
477911,twb1+
477933,kei0'
478006,p215E
478021,p216
478055,p216E
478070,p217
478103,p217E
478118,p219
478153,fdo2
478170,fdo2R
478185,p219
479148,cho0'
479358,p301
479375,fdi2
479392,fdi2'
479417,p301E
479432,p304
479470,p304E
479485,p305
479505,p305E
479520,p306
479574,tlk0+_
479620,p306N
479849,p501
479924,p501N
480795,cho0'
480992,p309
481032,p309E
481047,p310
481070,thk1+_
481101,p310N
481329,p503
481361,dead+
481411,hok0
481427,p503E
481442,p504
481490,p504E
481505,p505
481559,p505E
481574,p506
481599,p506E
481614,p507
481639,p507E
481654,p508
481695,p508N
482584,cho0'
482790,p318
482826,p318E
482841,p315
482866,p315E
482881,p319
482930,p319E
482945,p321
482962,fc00+
482993,p321E
483008,p322
483025,fc01+
483048,fc00
483076,p322E
483091,p323
483118,p323E
483133,p320
483167,p320E
483182,p324
483227,p324E
483242,p325
483275,p325E
483290,p326
483307,fc01+
483330,fc00J
483363,p326E
483378,p327
483409,fdo2
483431,fdo2R
483446,p3275
483676,p401
483693,fdi2
483725,fd00
483743,p401E
483758,p402
483790,tha0+
483813,p402E
483828,p415
483872,tha1+
483895,fd00R
483910,p415E
483925,p403
483965,thb0R
483980,p403E
483995,p404
484038,thb1
484093,p404E
484108,p405
484133,fd01R
484148,p405E
484163,p406
484180,sta0+
484203,sta1R
484218,p406E
484233,p407
484265,tla0+
484288,p407E
484303,p408
484362,thk1+
484385,tlb0R
484400,p408E
484415,p409
484432,thk2+
484455,tlb1+
484476,tlb1R
484491,p409E
484506,p410
484523,thb0
484564,p410E
484579,p411
484596,thb1n
484629,thb1R
484644,p411E
484659,p412
484703,ok00+
484736,ok00R
484751,p412E
484766,p413
484783,fd00+
484806,p413E
484821,p414
484846,fdo2
484863,fdo2R
484878,p414
484928,ls99E
484962,fdi2
484982,fdo1
484999,fdo1F
485183,o101
485200,fdi2
485232,fd00
485250,o101E
485265,o102
485309,tla0
485408,o102E
485423,o103
485470,o103E
485485,o104
485517,tla0+
485540,o104E
485555,o105
485602,tlk0+g
485625,o105E
485640,o106
485687,tlb0
485720,fd00R
485735,o106E
485750,o107
485782,tlk0+g
485805,o107E
485820,o108
485867,thb0+
485910,o108E
485925,o109
485942,thb1+g
485974,o109E
485989,o110
486086,o110E
486101,o111
486198,o111E
486213,o112
486310,o112E
486325,o113
486422,o113E
486437,o114
486534,o114E
486549,o115
486665,o115E
486680,o116
486722,fdo2
486739,fdo2
486775,o116E
486790,o117
486807,fdi2
486824,fdi2
486863,o116E
486878,o118
486895,fdi2
486912,fdi2
486951,o116E
486966,o119
486983,fdi2
487000,fdi2
487005,w0+g
487026,fdo2
487043,fdo2R
487058,o117R
487073,o118R
487088,o1195
487286,o120
487303,fdi2
487335,tlk0+g
487358,o120E
487373,o121
487405,tlb0+
487428,tlb1
487446,o121E
487461,o122
487476,tlb1J
487506,tla0J
487547,tla1R
487562,o122E
487577,o124
487609,fd00+
487641,o124E
487656,o125
487673,sta1ov
487709,tla0+
487732,fd00R
487747,o125E
487762,o123
487779,tla1
487797,fdo2
487814,fdo2R
487873,ls99E
487907,fdi2
488073,s113
488111,s114
488128,tlk0
488211,s115
488246,s116
488335,dead
488431,s102
488522,s103
488597,shm1
488625,shm1
488653,sem1
488681,sem1
488709,str1
488737,str1
488765,smt1
488793,sgl1
488947,sgl1
488973,fj01n
489108,s103
489143,fj00#
489180,s104
489215,fdo2
489279,fj00kidl0
489292,kidl0
489390,s105
489407,fdi2
489439,fd00
489472,s107
489516,hdb0+
489575,s108
489592,hdb1+
489643,s109
489752,shm1
489795,shm1
489838,sem1
489881,sem1
489924,str1
489967,str1
490010,smt1
490053,sgl1
490193,s111
490210,tha1+
490239,tha1'
490279,s112
490332,s112
490352,fdi2
490706,dopn
490726,dcls
490794,r101
490857,rhm2
490900,rhm2
490943,rem2
490986,rem2
491029,rtr2
491072,rtr2
491115,rmt2
491158,rgl2
491228,thb0f
491243,tlk0+
491341,r103
491358,tlk1l
491462,r107
491514,r104
491563,kai0
491601,r105
491654,r106
491671,fh00kidl0
491772,rhm1
491815,rhm1
491858,rem1
491901,rem1
491944,rtr1
491987,rtr1
492030,rmt1
492073,rgl1
492108,tla0+
492224,r102
492262,tla0+
492300,r109
492306,kidl0
492326,fi00y
492374,hdb0
492407,r110
492469,r111
492491,hdb1n
492583,r112
492647,r114
492736,r113
492796,r115
492813,fh00n
492893,r116
493016,r117
493046,tha0
493106,r118
493131,fj00
493174,r119
493198,fj00+
493250,r120
493277,fc00z
493298,dopn
493333,r121
493647,msdlEA
493662,dcls
493682,r201
493699,fdi2
493716,fdi2'
493766,r202
493804,hdb0+
493842,r203
493909,msdl
493942,r204
493974,mtb0+
494029,r214
494134,r209
494151,sef1
494178,f000kidl0
494205,dki0
494220,kils
494252,r205
494269,fe00n
494339,r206
494365,fe01+
494394,msdl
494451,r207
494506,r208
494539,kidl0
494600,r210
494615,kidl0
494677,r211
494759,r212
494806,se00
494851,r215
494868,se01
494903,r213
494925,odb0
494943,fdo2
494975,r213
495018,kidl0
495027,kidl0
495036,kidl0
495113,msdl
495146,r301
495163,fdi2
495195,fe00
495228,r302
495245,oda0+
495283,r303
495330,oda1
495363,r304
495395,mtb0+
495433,hda0
495466,r305
495483,mtb1+
495534,hda1
495567,r306
495620,r307
495642,tha0+
495688,r308
495694,kidl0
495714,mtb0+
495752,r309
495784,hdb0+
495822,r310
495862,r312
495879,thk1kidl0
495947,r313
495964,thk2+
496010,r315
496027,mtb0+
496073,r316
496118,fd00+
496156,r317
496188,tlb0+
496239,r318
496285,mtb0+
496344,rhm3
496387,rhm3
496430,rem3
496473,rem3
496516,rtr3
496559,rtr3
496602,rmt3
496645,rgl3
496680,kia0+
496794,r320
496814,mtb0+
496870,r322
496913,utu0+
496972,r323
497012,r324
497079,r325
497096,utu1+
497134,r326
497140,kidl0
497160,fd00+
497206,r327
497238,hda0+
497291,r328
497348,tle0+
497386,r329
497403,tle1J
497427,sin0+
497486,r330
497534,r332
497610,r319
497659,r333
497694,r321
497745,r334
497785,r314
497837,r336
497877,r337
497894,don0+
497941,r338
498020,r339
498059,mth0+
498097,r342
498144,r340
498161,mth1
498194,r341
498229,r343
498246,hdb0+
498284,r344
498337,r345
498359,nir0+
498413,r346
498419,kidl0
498449,yes0
498482,r335
498517,r347
498583,r348
498686,fdi2
499012,ron0
499050,twa0
499068,twa1
499128,ttu0
499226,blof
499280,twa0+
499376,twa1+
499401,ron0
499501,blof
499737,kidl0
499807,amd0
499835,amd0
499863,ahi0
499891,ahi0
499919,ash0
499947,ash0
499975,amd0
500003,ahi0
500038,ron0
500056,amd0R
500071,ahi0R
500448,fdi2
500467,fdi1
500484,fdi1
500500,fdo1
500517,fdo1
500533,whi1
500550,whi1
500566,who1
500583,who1
501278,gud0
507656,sha1S
507669,sha1J
508490,mae1
510486,mae1
512161,jim0
512184,jim1
512216,yub0
512239,yub1
512394,jim0
512413,jim1S
513529,q101
513594,q101E
513609,q105
513655,q105E
513670,q107
513702,tlk0+
513725,q107E
513740,q106
513757,tla0+
513780,q106E
513795,q118
513828,tla1
513854,tlk0R
513869,q118E
513884,q109
513906,tlk1+
513927,tlk1J
513959,q109E
513974,q127
513999,q127E
514014,q128
514031,tla0+
514063,q128E
514078,q129
514102,tla0+
514131,q129E
514146,q130
514163,tla0+
514216,q130E
514231,q110
514256,q110E
514271,q111
514326,q111E
514341,q112
514380,tlk0+
514415,q112E
514430,q113
514506,q113E
514521,q114
514569,q114E
514584,q115
514616,tla0+
514649,tla0R
514664,q115E
514679,q116
514733,q116E
514748,q117
514777,tlk1+
514819,q117E
514834,q102
514879,q102E
514894,q132
514911,tla0+
514934,q132E
514949,q133
514994,q133E
515009,q119
515034,tla1+
515057,q119E
515072,q120
515110,tla1R
515125,q120E
515140,q121
515172,thk0+
515195,q121E
515210,q122
515255,q122E
515270,q123
515295,q123E
515310,q124
515359,q124E
515374,q134
515408,q134E
515423,q135
515440,tla0+
515463,q135E
515478,q136
515489,kidl0
515517,q136E
515532,q137
515555,kei0+
515608,q137E
515623,q125
515640,kei1
515679,q125N
515709,q131
515732,gme0
515750,q131E
515765,q126
515801,q126kidl0
515856,q138
515893,q138
515911,q139
515931,tla0+
515954,fdo2
515971,fdo2R
515986,q139
516008,fdi2
516244,gstd
516302,p101
516380,p101E
516395,p102
516461,p102E
516476,p103
516496,p103E
516511,p130
516517,kidl0
516537,gwk0
516558,gwk1
516609,p130E
516624,p107
516709,p102E
516724,phm1
516758,p102E
516773,phm1
516807,p102E
516822,pem1
516856,p102E
516871,pem1
516905,p102E
516920,ptr1
516954,p102E
516969,ptr1
517003,p102E
517018,pmt1
517052,p102E
517067,pgl1
517118,gstd
517136,phm1R
517151,pem1R
517166,ptr1R
517181,pmt1R
517196,pgl1E
517211,p108
517228,gtk0'
517258,gtk1Y
517306,p108E
517321,p109
517338,thk2K
517368,gstdR
517383,p109E
517398,p125
517423,p125E
517438,p134
517484,p134E
517499,p110
517547,p110E
517562,p131
517601,p131E
517616,p106
517644,p106E
517659,p112
517676,gtk0+
517699,gtk1R
517714,p112E
517729,p135
517746,tlk0+
517769,p135E
517784,p113
517801,tlk1K
517846,gstdR
517861,p113E
517876,p114
517893,tlk1+
517916,p114E
517931,p115
517983,p115E
517998,p105
518023,p105E
518038,p116
518063,p116E
518078,p117
518103,p117E
518118,p111
518158,p111E
518173,p118
518200,gtk0+
518223,gtk1R
518238,p118E
518253,p119
518307,p119E
518322,p120
518351,p120E
518366,p127
518421,gtk1
518439,p127E
518454,p128
518477,tlk0J
518547,p128
518585,p128E
518600,phm2
518628,p128E
518643,phm2
518671,p128E
518686,pem2
518714,p128E
518729,pem2
518757,p128E
518772,ptr2
518800,p128E
518815,ptr2
518843,p128E
518858,pmt2
518886,p128E
518901,pgl2
518936,gkei
518954,phm2R
518969,pem2R
518984,ptr2R
518999,pmt2R
519014,pgl2E
519029,p132
519074,p132
519115,p128E
519130,phm2
519158,p128E
519173,phm2
519201,p128E
519216,pem2
519244,p128E
519259,pem2
519287,p128E
519302,ptr2
519330,p128E
519345,ptr2
519373,p128E
519388,pmt2
519416,p128E
519431,pgl2
519466,phm2R
519481,pem2R
519496,ptr2R
519511,pmt2R
519526,pgl2E
519541,p129
519609,gstd
519627,p129E
519642,p126
519667,p126
519685,p133
519735,fdi2
519754,fdi0
519771,fdi0
519787,fdo0
519804,fdo0
519820,fdi1
519837,fdi1
519853,fdo1
519870,fdo1
519886,whi1
519903,whi1
519919,who1
519936,who1
519952,who2
519969,who2
519985,who3
520002,who3
520018,main
520038,fdo1
520055,fdo1
520071,fdi1
520088,main
520108,fdi1
520124,blon
520141,blon
520159,whi0
520176,whi0
520192,who0
520209,who0
520225,efon
520242,efon
520258,fdis
520276,fdos
520293,fdos
520309,fdif
520327,fdof
520344,fdof
520360,fdip
520378,fdop
520395,fdop
523376,thk1+
523518,twb0+
523559,yes0+
523579,twb1
523897,twb0+
523962,twb1
524022,fdi2
524937,thk1+
525003,thk2+
525121,poi0+
525254,thk1+
525404,tlk0+
525430,tlk1+
525567,pas0+
525596,dis0+
525660,fdi2
526496,fdi2
526816,twb0+
526871,twb1+
527263,twb0+
527289,twb1
527432,fdi2
527575,twb0+
527601,twb1+
528513,fdi2
529123,twb0+
529149,twb1+
529307,fdi2
529694,twb0+
530173,main
530190,main
530454,main
530707,Wkidl0
530717,kidl0
530857,Wkidl0
530867,kidl0
530984,Wkidl0
530994,kidl0
531425,bkidl0
531435,kidl0
533105,main
533233,main
533454,main
533654,main
533706,main
533850,main
533902,main
534045,main
534181,main
534233,main
534432,main
534484,main
534591,kidl0
534600,kidl0
534609,kidl0
534961,fdi2
535336,twb0+
536180,main
536197,main
536448,main
536714,Wkidl0
536724,kidl0
536864,Wkidl0
536982,Wkidl0
536992,kidl0
537423,bkidl0
537433,kidl0
539121,main
539249,main
539470,main
539670,main
539722,main
539866,main
539918,main
540061,main
540197,main
540249,main
540448,main
540500,main
540607,kidl0
540616,kidl0
540625,kidl0
540977,fdi2
541776,dcls
541886,kan2
541980,dan0S
542008,rin0S
542036,rin0S
542064,rin0S
542077,rin0
542180,kain
542197,br12
542229,ls00
542246,hs00
542263,hs00
542295,rin1'
542317,br12Et
542332,br13
542369,br13Et
542384,br19
542404,br19Et
542419,br15
542500,br15Et
542515,br14
542639,br14Et
542654,ovra
542671,s162
542738,mem1
542753,kill
542773,mem2
542791,s162Et
542806,ovra
542823,s029
542840,mta0kidl0
542853,kidl0
542862,kidl0
542885,s029Et
542900,s030
542932,mem1n
542986,s030Et
543001,ovra
543018,s089
543139,ls02
543156,msdlJ
543226,s089Et
543241,s090
543247,kidl0
543310,mom0
543328,s090Et
543343,w110
543424,msdl
543501,w110Et
543516,ovar
543533,br00
543550,twa0
543568,br00Et
543583,br01
543600,twa1'
543639,br01Et
543654,ovar
543671,br05
543693,twa1f
543708,twb0
543743,br05Et
543758,ovra
543775,r201
543846,r201Et
543861,r202
543954,r202Et
543969,r204
544001,mtb0
544028,r204Et
544043,r214
544113,mou0Rt
544128,r214Et
544143,r209
544160,sef1
544177,f000kidl0
544204,dki0
544222,kils
544239,r209Et
544254,r205
544271,fe00
544443,mou0Et
544458,ovra
544475,r205Et
544490,r105
544522,kai0
544538,kai0Rt
544553,r105Et
544568,r106
544585,f000kidl0
544663,ls00
544695,rin1
544717,ovra
544734,br33Et
544749,br34
544769,br34Et
544784,br14
544804,br14Et
544819,br37
544841,hs02
544858,rin2
544873,hs02
544890,rin2
544905,ls02
544922,k093
544967,k031
544984,br37
545015,s001
545035,s185
545052,kiz0Ec
545067,kain
545087,s185R
545102,s185Et
545117,s180
545140,stop
545209,dan0
545276,kaif
545339,fdi2
545358,fdi0
545375,fdi0
545391,fdo0
545408,fdo0
545424,fdi1
545441,fdi1
545457,fdo1
545474,fdo1
545490,whi1
545507,whi1
545523,who1
545540,who1
545556,who2
545573,who2
545589,who3
545606,who3
545622,main
545642,fdo1
545659,fdo1
545675,fdi1
545692,main
545712,fdi1
545728,blon
545745,blon
545763,whi0
545780,whi0
545796,who0
545813,who0
545829,efon
545846,efon
545862,fdis
545880,fdos
545897,fdos
545913,fdif
545931,fdof
545948,fdof
545964,fdip
545982,fdop
545999,fdop
549295,wg01
549323,wg01
549351,wg01
549379,wg01
549399,w001
549460,wg01R
549475,w001E
549490,w102
549587,w102
549605,a000
549649,a000E
549664,a001
549711,a001E
549726,a002
549752,a002E
549767,w003
549824,shn0
549849,w003
549872,w004
549900,w004
549920,w004
549983,wt04R
549998,w004E
550013,w005
550050,w005E
550065,w006
550082,shn1
550126,thk1
550144,w006E
550159,w007
550184,thk2
550213,w007E
550228,w008
550268,shn2
550309,w008E
550324,w009
550356,twa0
550388,shn3
550413,w009
550436,we10
550464,we10
550492,wt10
550520,wt10
550548,wm10
550576,wg10
550596,w010
550625,bik0
550691,w010R
550706,we10R
550721,wm10R
550736,wg10R
550751,wt10E
550766,offb
550791,w011
550819,wm11
550847,wg11
550875,wg11
550903,wt11
550931,wt11
550959,wm11
550987,wg11
551024,twa1J
551073,wt11R
551088,wg11R
551103,wm11R
551118,w011E
551133,w012
551207,w012E
551222,w013
551298,twb0
551316,w013E
551331,w113
551377,w113E
551392,w015
551438,shn4+
551463,w015E
551478,w016
551526,w016N
551574,y000
551597,y000
551620,yg01
551648,yt01
551676,yt01
551704,ym01
551732,yg01
551752,y001
551794,ym01R7
551809,yt01R7
551824,yg01R7
551839,y001
551862,yt02
551890,yt02
551918,yt02
551938,y002
551958,yt02R7
551973,y002E7
551988,y102
552014,y102
552119,y202
552159,y202
552182,yg03
552202,y003
552251,y003R7
552266,yg03
552289,yt04
552317,yt04
552345,yg04
552365,y004
552401,yg04R7
552416,yt04R7
552431,y004E7
552446,y005
552482,y005
552505,yg06
552533,yt06
552561,yt06
552589,yg06
552609,y006
552629,tla0
552658,yt06R7
552673,yg06R7
552688,y006E7
552703,y007
552734,y007E7
552749,y008
552796,y008E7
552811,y009
552847,y009E7
552862,y010
552922,y010kidl0
552963,r000
552986,r000E
553001,r001
553045,r001E
553060,r100
553093,r100E
553108,r002
553145,twa0
553171,twa1
553189,r002E
553204,r003
553244,twb0+
553267,r003E
553282,r004
553341,r004E
553356,r005
553373,twb1
553455,r005E
553470,r006
553534,r006E
553549,r007
553566,twa0+
553597,twa1n
553643,r007E
553658,r008
553693,r008E
553708,r009
553751,r009E
553766,r010
553794,r010E
553809,r011
553883,r011E
553898,r012
553915,twa0+
553938,twa1
553992,r012E
554007,r013
554053,r013E
554068,r014
554088,tlk0Y
554137,r014S
554150,tlk0N
554178,s000
554201,s000E
554216,s001
554243,s001
554266,se02
554294,se02
554322,st02
554350,st02
554378,sg02
554398,s002
554455,sg02R
554470,se02R
554485,st02R
554500,s002E
554515,s003
554550,nag1
554592,s003E
554607,s004
554660,s004
554683,se05
554711,se05
554739,st05
554767,st05
554795,sg05
554815,s005
554832,nag2J
554867,st05R
554882,sg05R
554897,se05R
554912,s005
554935,sf06
554963,se06
554991,se06
555019,st06
555047,st06
555075,sm06
555103,sg06
555123,s006
555142,kidl0
555178,sf06R
555193,st06R
555208,sg06R
555223,sm06R
555238,se06R
555253,s006
555276,sst6
555304,sst6
555324,ss06
555349,kso0
555427,sst6R
555442,ss06
555486,st06R
555501,sg06R
555516,sm06R
555531,se06R
555546,s006
555569,st07
555597,st07
555625,sg07
555645,s007
555734,st07R
555749,sg07R
555764,s007
555787,s009
555815,s009
555835,s009
555852,kill
555869,kso0
555986,s009E
556001,s010
556010,kidl0
556080,s010E
556095,s011
556115,s000
556132,shn3
556172,s011E
556187,s012
556220,s012
556243,sg13
556271,sg13
556299,st13
556327,st13
556355,sg13
556375,s013
556395,s013R
556410,st13R
556425,sg13E
556440,s014
556460,shn4
556492,s014E
556507,s016
556524,fsh0
556542,fsh1+
556567,fsh0
556586,s016E
556601,s017
556662,s017
556677,kill
556709,z101
556732,z101E7
556747,x001
556767,tha1S
556780,tha1R7
556795,x000E7
556810,z001
556827,tla0
556874,tla0
556910,z001
556933,zg03
556961,zt03
556989,zt03
557009,z003
557026,fa01+
557051,fa00#Y
557107,f000
557121,kidl0
557141,zt03R7
557156,zg03R7
557171,z003E7
557186,z004
557203,tla0+
557250,tla1R7
557265,z004
557283,tla0E7
557298,z004
557329,tla1R7
557344,z004
557362,tla0E7
557377,z004
557411,tla1
557429,z004
557452,zg06
557480,zt06
557508,zt06
557536,zg06
557556,z006
557576,tha0
557658,tha1
557676,zg06R7
557691,zt06R7
557706,z006E7
557721,z007
557741,tlc0
557786,tlc1
557804,z007
557821,tlc0
557850,tlc1
557868,z007
557885,tlc0
557917,tlc1
557935,z007E7
557950,z001
557993,tla0
558057,z001E7
558072,z108
558118,kidl0
558127,kidl0
558147,z108
558274,flyll
558296,crg4E
558311,z005
558334,s002
558354,z005E
558369,z006
558411,z006N
558834,utu0E
558849,r116
558917,kae0R
558932,r116E
558947,r117
558977,tha0
559014,r117E
559029,r118
559049,fj00
559077,r118E
559092,r119
559146,r119E
559161,r120
559188,fc00z
559212,r120E7
559227,v000
559247,v000E
559262,r121
559300,r121E
559495,z009
559524,kidl0
559558,z009E7
559573,z010
559605,fc01+
559657,tla2R7
559672,z010E7
559687,z011
559724,fc00+
559747,tla3+
559770,tlc0
559788,z011E7
559803,z012
559812,kidl0
559832,fc01+
559857,fc00#R7
559873,z012E7
559888,z013
559937,tlk0
559966,z013E7
559981,z014
559990,kidl0
560010,tlc1S
560023,tlc1
560049,z014E7
560064,z015
560092,z015E7
560107,z016
560124,thk0
560177,thb0
560206,z016E7
560221,z116
560241,thb1
560287,yes0
560327,fc00#R7
560343,z116E7
560358,z017
560384,fi01+
560409,fi00
560434,z017
560456,w000
560479,wlkd'
560504,w000E7
560519,w101
560534,wlkd
560552,w101E7
560567,w002
560587,w002E7
560602,w005
560622,w005E7
560637,w008
560654,fc00
560672,fd00
560690,fd01+
560715,fd00
560747,w008E7
560762,w001
560782,w001E7
560797,w102
560817,w102E7
560832,w003
560852,w003E7
560867,w004
560887,fd01+
560912,fd00
560931,w004E7
560946,w006
560966,w006E7
560981,w007
561071,fdi2
561092,zf00
561123,zf00
561139,tha1R7
561154,zg06R7
561169,zt06R7
561184,z006E7
561199,zf00
561230,zf00
561253,zg06
561281,zt06
561309,zt06
561337,zg06
561357,z006
561374,tha0
561719,s000
561750,s000E
561765,ov40
561782,s001
561810,s000E
561825,ov40
561842,sm01
561870,s000E
561885,ov40
561902,sg01
561930,s000E
561945,ov40
561962,s001
561990,s000E
562005,st01
562033,s000E
562048,st01
562076,s000E
562091,ov40
562108,sm01
562136,s000E
562151,ov40
562168,sg01
562188,s000E
562203,ov40
562220,s001
562259,s001R
562274,sg01R
562289,sm01R
562304,st01E
562319,ov40
562336,s002
562359,s002E
562374,old0
562452,sh03
562480,sm03
562508,sg03
562536,sh03
562564,st03
562592,st03
562620,sm03
562648,sg03
562674,sh03R
562689,sm03R
562704,st03R
562719,sg03E
562734,ov40
562751,s103
562821,s103E
562836,ov40
562853,s003
562873,s003E
562888,s004
562940,s004E
562955,st05
562983,s004E
562998,st05
563026,s004E
563041,st05
563061,s004E
563076,s005
563096,tha0
563114,tha1
563183,s005R
563198,st05E
563213,ov40
563230,s006
563262,s006E
563277,ov60
563294,s007
563317,s007E
563373,fdi2
563667,s010
563695,sg10
563723,s010
563751,sg10
563771,st10
563791,tlk0+
563814,tlk1n
563849,thk1
563867,s010R
563882,st10R
563897,sg10E
563912,ov40
563929,s011
563952,s011
563959,kidl0
564010,s012
564027,old1
564044,old1n
564092,s012E
564107,s013
564124,tlk0+
564147,tlk1R
564162,s013E
564177,s014
564199,tlc0
564225,tlc1R
564240,s014E
564255,s015
564280,s015E
564295,s016
564315,ira2
564341,s016E
564356,s017
564373,thk1kidl0
564418,hdb0R
564433,s017E
564448,s018
564473,thk2
564491,s018E
564506,ov40
564523,s118
564570,s118E
564585,ov40
564602,s119
564647,hdb1R
564662,s119E
564677,s019
564702,tle0R
564717,s019E
564732,s020
564785,thklN
564824,se21
564852,sm21
564880,sg21
564908,se21
564936,st21
564964,st21
564992,sm21
565020,sg21
565040,new1
565057,new1
565090,se21R
565105,st21R
565120,sm21R
565135,sg21E
565150,ov30
565167,s022
565184,thk2+
565227,s022E
565242,s023
565259,tlk0+
565282,tlk1
565300,s023
565320,fdi2
565687,ron0J
565723,s080
565766,s080E
565781,ov40
565798,s081
565815,tlk0+
565874,hdb0+
565900,fe00'
565932,s081E
565947,ov40
565964,s083
565999,hdb1+
566052,s083E
566067,s084
566095,twa0+
566136,twa1R
566151,s084E
566166,s085
566198,hun0+
566231,hun1R
566246,s085E
566261,s086
566334,s086E
566349,s087
566362,kidl0
566405,s087E
566437,ov40
566454,s088
566495,s088E
566510,s090
566612,s090E
566627,s091
566676,s091E
566691,s092
566747,s092E
566762,ov30
566779,s093
566878,tlc0R
566893,s093E
566908,s094
566939,tlc1R
566954,s094E
566969,ov30
566986,s095
567023,fa00ov
567044,twb0R
567059,s095E
567074,ov40
567091,s096
567116,s096E
567131,ov40
567148,s097
567168,twb1R
567183,s097E
567198,s098
567238,hdb0R
567253,s098E
567268,s099
567311,thk1R
567326,s099E
567341,t000
567366,thk2R
567381,t000E
567396,t001
567412,kidl0
567436,t001E
567451,t002
567491,tle0R
567506,t002E
567521,ov40
567538,t003
567578,t003E
567593,t004
567609,kidl0
567635,fa00
567669,hdb0R
567684,t004E
567699,t005
567726,ron0
567745,fa00R
567760,t005E
567775,ov40
567809,t006
567840,t006E
567855,ov40
567872,t007
567897,t007E
567912,t008
567952,hdb1R
567967,t008E
567982,ov40
567999,t009
568034,tlc0
568063,tlc1
568101,hdc0R
568116,t009E
568131,t010
568147,kidl0
568171,t010E
568186,ov40
568203,t011
568253,hdc1'
568275,t011E
568290,ov40
568307,t012
568339,kia0
568360,t012z
568495,tg13
568523,tg13
568551,tt13
568579,tt13
568607,tg13
568627,t013
568647,a000
568675,t013E
568690,ov40
568707,tt14
568735,tt13E
568750,ov40
568767,tt14
568795,tt13E
568810,ov40
568827,tt14
568855,t013E
568870,ov40
568887,tt14
568907,t013R
568922,tg13E
568937,ov40
568954,t014
568974,a001
569015,t014E
569030,ov40
569047,tg15
569075,tt14E
569090,ov40
569107,tt15
569135,tt14E
569150,ov40
569167,tt15
569195,t014E
569210,ov40
569227,tg15
569247,tt14R
569262,t014E
569277,ov40
569294,t015
569314,a002
569337,t015R
569352,tg15R
569367,tt15'
569394,qstc
569411,fdi2
569430,old1
569447,old1
569463,new1
569480,new1
569496,fdi0
569513,fdi0
569529,fdo0
569546,fdo0
569562,fdi1
569579,fdi1
569595,fdo1
569612,fdo1
569628,whi1
569645,whi1
569661,who1
569678,who1
569694,who2
569711,who2
569727,who3
569744,who3
569760,main
569780,fdo1
569797,fdo1
569813,fdi1
569830,main
569850,fdi1
569866,blon
569883,blon
569901,whi0
569918,whi0
569934,who0
569951,who0
569967,efon
569984,efon
570000,fdis
570018,fdos
570035,fdos
570051,fdif
570069,fdof
570086,fdof
570102,fdip
570120,fdop
570137,fdop
570474,fh00N
570629,shn0
570980,f000
570995,s000
571012,shn1
571119,kidl0
571128,kidl0
571137,kidl0
571552,sta2
571584,std0
571611,f000
572770,mae1
574714,mae1
576658,mae1
578606,mae1
580550,mae1
582719,mae1
584667,mae1
586615,mae1
588563,mae1
590511,mae1
592459,mae1
594411,mae1
596363,mae1
598306,mae1
600250,mae1
606695,in00
606965,in00
607235,in00
607649,in00
608015,in00
608349,in00
608603,in00
608857,in00
625860,tPHi
629241,N-NEN
630813,cp01
630841,cp02
630869,cp03
630897,cp04
630925,cp05
630953,cp06
631085,cp01R
631100,cp02R
631115,cp03R
631130,cp04R
631145,cp05R
631160,cp06E
631204,fdi2
631612,cp01
631640,cp02
631668,cp03
631696,cp04
631724,cp05
631752,cp06
631780,cp07
631808,cp08
631836,cp09
631864,cp10
631892,cp11
631920,cp12
631948,cp13
632357,cp01R
632372,cp02R
632387,cp03R
632402,cp04R
632417,cp05R
632432,cp06R
632447,cp07R
632462,cp08R
632477,cp09R
632492,cp10R
632507,cp11R
632522,cp12R
632537,cp13E
632581,fdi2
632989,cp01
633017,cp02
633045,cp03
633073,cp04
633101,cp05
633129,cp06
633157,cp07
633185,cp08
633213,cp09
633241,cp10
633269,cp11
633297,cp12
633325,cp13
633734,cp01R
633749,cp02R
633764,cp03R
633779,cp04R
633794,cp05R
633809,cp06R
633824,cp07R
633839,cp08R
633854,cp09R
633869,cp10R
633884,cp11R
633899,cp12R
633914,cp13E
633958,fdi2
634222,cp01
634250,cp02
634278,cp03
634306,cp07
634334,cp08
634362,cp09
634390,cp13
634464,cp01R
634479,cp02R
634494,cp03R
634509,cp07R
634524,cp08R
634539,cp09R
634554,cp13E
634598,fdi2
634862,cp01
634890,cp02
634918,cp03
634946,cp07
634974,cp08
635002,cp09
635030,cp13
635104,cp01R
635119,cp02R
635134,cp03R
635149,cp07R
635164,cp08R
635179,cp09R
635194,cp13E
635238,fdi2
635478,cp04
635506,cp05
635534,cp06
635562,cp10
635590,cp11
635618,cp12
635719,cp04R
635734,cp05R
635749,cp06R
635764,cp10R
635779,cp11R
635794,cp12E
635838,fdi2
636078,cp04
636106,cp05
636134,cp06
636162,cp10
636190,cp11
636218,cp12
636319,cp04R
636334,cp05R
636349,cp06R
636364,cp10R
636379,cp11R
636394,cp12E
636438,fdi2
636846,cp01
636874,cp02
636902,cp03
636930,cp04
636958,cp05
636986,cp06
637014,cp07
637042,cp08
637070,cp09
637098,cp10
637126,cp11
637154,cp12
637182,cp13
637591,cp01R
637606,cp02R
637621,cp03R
637636,cp04R
637651,cp05R
637666,cp06R
637681,cp07R
637696,cp08R
637711,cp09R
637726,cp10R
637741,cp11R
637756,cp12R
637771,cp13E
637815,fdi2
637834,fdi0
637851,fdi0
637867,fdo0
637884,fdo0
637900,fdi1
637917,fdi1
637933,fdo1
637950,fdo1
637966,whi1
637983,whi1
637999,who1
638016,who1
638032,who2
638049,who2
638065,who3
638082,who3
638098,main
638118,fdo1
638135,fdo1
638151,fdi1
638168,main
638188,fdi1
638204,blon
638221,blon
638239,whi0
638256,whi0
638272,who0
638289,who0
638305,efon
638322,efon
638338,fdis
638356,fdos
638373,fdos
638389,fdif
638407,fdof
638424,fdof
638440,fdip
638458,fdop
638475,fdop
650588,tlk0
650612,tlk1
650641,pas0S
650654,pas0
692790,fdo1
699916,fdi1
699973,fdo1
699990,fdo1F
700450,hmml
700477,hfml
700504,emml
700531,efml
700558,tmal
700585,tmal
700612,mmal
700639,gmal
700667,s000
700687,fdi1
700732,s001
700848,tle0
700881,s002
700939,s003
700987,tle1
701020,s004
701079,tle1
701112,s004
701153,fdo1
701185,s004
701200,s000
701265,s000
701282,s005
701302,fdi1
701345,s033
701373,s033E
701388,fdo1
701405,fdo1
701421,kil0
701427,kidl0
701572,s006
701592,fdi1
701609,thb0+
701657,fdo1
701689,s006kidl0
701750,s007
701770,fdi1
701810,s008
701847,no00+
701873,hdb0+
701899,hdb1
701932,s009
701965,tlb0
701998,s010
702054,s010
702137,s011
702200,s011
702241,s012
702266,yes0
702310,s013
702327,tla0+
702365,s013
702396,s015
702424,s016
702452,s017
702480,s017
702508,s015
702528,s014
702545,sta1
702648,s018
702675,kil2
702702,s018
702725,s175
702753,s175
702773,s174
702790,max0
702867,s176
702887,star
702922,s019
702939,tgt0
702959,who1
702976,who1
703009,s020
703029,whi1
703046,han1
703070,hdb0
703104,kill
703146,s021
703163,hdb1+
703210,s023
703227,s000
703243,kidl0
703333,s024
703371,s024
703394,s025
703411,thb0
703477,s026
703504,main
703538,s026
703556,s027
703573,tlc0
703631,s028
703679,s029
703696,st00
703731,s030
703774,tle0+
703805,tle1
703846,s031
703909,s031
703926,yes0+
703972,s034
704004,fdo1
704036,s034'
704084,fdi2
704108,fdi0
704125,fdi0
704141,fdo0
704158,fdo0
704174,fdi1
704191,fdi1
704207,fdo1
704224,fdo1
704240,whi1
704257,whi1
704273,who1
704290,who1
704306,who2
704323,who2
704339,who3
704356,who3
704372,main
704392,fdo1
704409,fdo1
704425,fdi1
704442,main
704462,fdi1
704478,blon
704495,blon
704513,whi0
704530,whi0
704546,who0
704563,who0
704579,efon
704596,efon
704612,fdis
704630,fdos
704647,fdos
704663,fdif
704681,fdof
704698,fdof
704714,fdip
704732,fdop
704749,fdop
705432,fdi0
705449,fdi0
705465,fdo0
705482,fdo0
705498,fdi1
705515,fdi1
705531,fdo1
705548,fdo1
705564,whi1
705581,whi1
705597,who1
705614,who1
705630,who2
705647,who2
705663,who3
705680,who3
705696,main
705716,fdo1
705733,fdo1
705749,fdi1
705766,main
705786,fdi1
705802,blon
705819,blon
705837,whi0
705854,whi0
705870,who0
705887,who0
705903,efon
705920,efon
705936,fdis
705954,fdos
705971,fdos
705987,fdif
706005,fdof
706022,fdof
706038,fdip
706056,fdop
706073,fdop
706315,s024
706353,s024E
706368,s023
706501,s023E
706516,s025
706554,s025
706577,s026
706605,s044
706633,s044
706661,s026
706681,s053
706766,s026
706792,s044
706818,s044
706844,s026
706862,s053
706911,s026
706937,s044
706963,s044
706989,s026
707007,s053E
707022,s025
707073,s025
707107,s045
707135,s045
707155,s027
707239,s045
707265,s045
707283,s027
707306,s028
707334,s028
707362,s046
707390,s046
707418,s028
707438,s054
707493,s028
707519,s028
707545,s046
707571,s046
707597,s028
707615,s054E
707630,s029
707684,s029
707707,s047
707735,s047
707755,s030
707815,s047
707841,s047
707859,s030E
707874,s031
707923,s031E
707938,s036
707977,s036
708000,s048
708028,s048
708048,s032
708146,s048
708172,s048
708190,s032
708262,s033
708298,s033E
708313,s035
708349,s035
708452,s034
708480,s034E
708495,s040
708523,s040
708709,s038
708752,s038
708775,s042
708803,s049
708831,s049
708859,s042
708879,s055
708945,s042
708971,s049
708997,s049
709023,s042
709041,s055
709064,s039
709092,s039
709120,s050
709148,s050
709176,s039
709196,s056
709301,s039
709327,s039
709353,s050
709379,s050
709405,s039
709423,s056E
709438,s038
709492,s038
709543,s039
709569,s039
709595,s050
709621,s050
709647,s039
709665,s056E
709680,s038
709734,s038
709777,s039E
709792,s038
709839,s038E
709854,s043
709893,s043
709919,s051
709947,s051
709967,s041
710021,s051
710047,s051
710065,s041
710088,s052
710116,s052
710136,s037
710201,s052
710227,s052
710286,fdi2
710566,s058
710594,s058
710614,s038
710657,s058
710683,s058
710701,s038
710724,s042
710752,s049
710780,s049
710808,s042
710828,s055
710903,s042
710929,s049
710955,s049
710981,s042
711028,s043
711063,s043
711086,s052
711114,s052
711134,s037
711189,s052
711215,s052
711233,s037
711256,s059
711284,s059
711304,s057
711355,s059
711381,s059
711399,s057E
711414,s029
711476,s029
711499,s047
711527,s047
711547,s030
711615,s047
711641,s047
711659,s030E
711674,s031
711704,s031E
711719,s036
711758,s036
711781,s048
711809,s048
711829,s032
711934,s048
711960,s048
711978,s032
712001,s052
712029,s052
712049,s037
712106,s052
712132,s052
712150,s037E
712165,s060
712214,s060
712237,s042
712265,s049
712293,s049
712321,s042
712341,s055
712378,s042
712404,s049
712430,s049
712456,s042
712507,fdi2
712524,qstc
713036,thk1
713050,thk1
713066,thk2
713080,thk2
713096,tlk0
713110,tlk0
713126,tlk1
713140,tlk1
713156,sha0
713170,sha0
713186,sha1
713200,sha1
713216,pas0
713230,pas0
713246,tlk0
713260,tlk0
713276,tlk1
713290,tlk1
713475,pap0
713489,pap0
713505,pap1
713519,pap1
713535,cr09
713549,cr09
713565,cr10
713579,cr10
713595,cr09S
713608,cr09
