offset,token
8453,fdo1
8470,fdo18
8522,z000
8539,fdi1
8669,z000E
8684,ovl1
8701,z002
8734,z002'
8756,z001
8849,z003
8913,z004
8938,z004E
8953,ovl1
8970,z005
8987,z005'
9055,ovl1
9072,z006
9140,z007
9157,z007+
9230,z008
9271,z008E
9286,z009
9327,z009E
9342,ovl1
9359,z010
9376,z010
9449,z011
9491,z011+
9514,z012
9531,z012y
9579,y000
9621,y000E
9636,ovl1
9653,y00a
9698,y00a'
9753,ovl1
9770,y001
9820,y001E
9835,y002
9900,y002E
9915,y003
9958,y003E
9973,ovl1
9990,y004
10041,ovl1
10058,y005
10105,y005'
10150,ovl1
10167,y006
10215,y006E
10230,y00b
10247,y00b+
10292,y007
10309,y007'
10374,y008
10465,ovl1
10482,y009
10550,y009E
10565,ovl1
10582,x000
10599,x000
10627,x001
10746,x002
10820,x002E
10835,ovl1
10852,x003
10882,fdo2
10899,fdo2R
10914,x003
10943,fdi2
11058,fdo1
11075,fdo18
11144,w000
11161,fdi1
11209,w000E
11224,w001
11296,w001E
11311,w002
11364,w002E
11379,w003
11412,w003E
11427,ovl1
11444,w004
11495,w004E
11510,w005
11550,w005E
11565,w006
11605,fdo2
11655,fdi2
11679,fdo1
11696,fdo1
11729,s001
11759,fdi1
11799,s001Ep
11814,s003
11831,s003'
11861,s019
11948,s005
11973,s005'
12017,s004
12111,s002
12128,s002Ep
12143,s007
12207,s008
12224,s008
12259,s009
12307,s00a
12347,s010
12375,s010
12393,s011
12425,s011Ep
12440,s016
12495,s016
12542,s013
12559,s013
12660,s015
12771,fdo2
12813,fdi2
12852,fdo1
12869,fdo1
12902,r000
12919,r000
12939,fdi1
13033,r001
13050,r001
13085,r002
13102,r002'
13132,r003
13149,r003
13184,r005
13250,r005E
13265,r006
13282,r006N
13336,r011
13353,r011
13381,r010
13398,r010'
13476,r009
13539,fdo2
13581,fdi2
13605,fdo1
13622,fdo1
13662,q000
13679,q000
13699,fdi1
13739,q001
13805,q002
13900,q003
13917,q003#'
13948,q005
13988,q006
14005,q006'
14045,q007
14070,q007E
14085,q008
14140,q008'
14173,q009
14198,q009E
14213,q010
14251,q010'
14276,q011
14293,q011
14355,fdo2
14397,fdi2
14421,fdo1
14438,fdo18
14491,o000
14508,o000u
14534,fdi1
14596,o001
14671,o002
14756,o003
14796,o004
14875,o005
14918,o006
14935,o006'
14968,o013
15054,o007
15071,o007
15132,o008
15188,o009
15238,o010
15263,o010E
15278,o011
15318,o012
15383,o012'
15420,o014
15467,o014'
15578,o015
15595,o0157
15627,o016
15644,o016
15683,o017
15738,o017E
15753,o018
15804,o019
15865,o019'
15905,o020
15956,o021
15973,o021
16008,o022
16025,o022'
16076,fdo2
16118,fdi2
16142,fdo1
16159,fdo1
16199,p000
16216,p000
16242,fdi1
16282,p001
16299,p001N
16350,p002
16402,p002'
16427,p013
16498,p005
16515,p005
16533,p006
16550,p006
16568,p007
16585,p007
16604,p008
16621,p008
16647,p009
16664,p009'
16709,p012
16742,p012
16760,p010
16777,p010'
16814,p011
16854,fdo1
16871,fdo1
16923,p015
16940,p015
16966,fdi1
16983,fdi1
17009,p016
17074,p017
17114,p018
17131,p018'
17161,p019
17186,p019E
17201,p020
17256,p028
17324,p021
17380,p027
17440,p023
17457,p023'
17493,p022
17533,p024
17601,p026
17618,p026
17671,fdo2
17713,fdi2
17737,fdo1
17754,fdo1
17805,n000
17822,n000u
17848,fdi1
17950,n001
18002,n002
18052,n002
18070,n003
18110,n004
18159,n004E
18174,n005
18191,n005'
18250,n006
18327,n007
18379,n008
18434,n011
18474,n009
18514,n016
18598,n012
18646,n013
18721,n014
18774,n014E
18789,n015
18825,n015E
18840,n010
18857,n010
18956,n017
18973,n017'
19010,n023
19027,n023'
19057,n018
19114,n019
19131,n019
19177,n020
19210,n020E
19225,n021
19273,n022
19334,n024
19361,fdo2
19378,fdo2R
19418,fdi2
19442,fdo1
19544,m000
19561,m000u
19587,fdi1
19630,m001
19705,m002
19722,m002
19763,m003
19780,m003
19826,m004
19843,m004
19904,m005
19921,m005'
19968,m006
20048,m007
20065,m007
20100,m008
20148,m009
20211,m010
20277,m010E
20292,m011
20309,m011
20366,m012
20414,m013
20504,m014
20544,m014E
20559,m015
20690,m016
20707,m016'
20762,m017
20802,m018
20819,m018'
20849,ovl1
20866,m019
20886,fdo2
20903,fdo2R
20918,m019
20936,qstc
20963,fdi2
20987,fdo1
21004,fdo18
21046,z000
21063,z000E
21078,fdi1
21095,fdi1'
21142,z001
21189,z001'
21214,z002
21272,z003
21363,z004
21458,fdo2
21475,fdo2F
21492,fdi2
21516,fdo1
21533,fdo18
21575,z005
21592,z005E
21607,fdi1
21624,fdi1
21694,z006
21756,z007
21789,fdo2
21806,fdo2RB
21821,z007F
21838,fdi2
21862,fdo1
21929,z00a
21946,fdi1
21963,fdi1UB
22011,z00b
22129,z00c
22188,z00cEB
22203,z00d
22310,z00e
22327,z00e'
22424,z00f
22492,z00g
22547,z00g
22565,z00h
22613,qstc
22630,fdo2
22672,fdi2
22785,s043
22802,fdi1
22819,fdi1H
22838,fdo1
22877,fdo1
22902,fdi1
22919,s044
22940,fdo1
22957,s044U
22972,fdo1
22990,fdi1
23007,s045
23028,fdo1
23045,s045U
23174,fdi1
23247,s006
23268,fdo1
23285,s006U
23300,fdo17
23425,fdi1
23442,s046
23479,fdo1
23496,s046U
23511,fdo1
23529,fdi1
23546,s077
23582,fdo1
23599,s077U
23614,fdo1
23632,fdi1
23649,s048
23670,fdo1
23687,s048U
23702,fdo1
23720,fdi1
23737,s049
23765,fdo1
23782,s049U
23797,fdo1
23820,fdi1
23922,v017
23967,v017'
23996,ovl1
24013,v000
24030,v000U
24045,ovl1
24069,v001
24102,v001N
24376,v003
24393,v003
24411,v004
24463,v004
24524,v00a
24563,v00aE
24578,v005
24595,v005'
24693,v00c
24741,v00cJ
24778,v006
24803,v006+
24821,kdft0
24860,v007
24877,v007'
24902,v008
24925,v008J
25016,v009
25040,v009kidl0
25267,v010
25284,v010J
25311,v011
25347,v011J
25440,v012
25482,v012'
25540,v00b
25571,v00bkdft0
25659,v014
25740,v013
25767,kidl0
25805,v019
25822,v019+
25882,v015
25907,v015+
26004,v016
26021,v016
26135,uEfB
26148,tlk0+
26220,tlk0+
26270,tlk0+
26317,Ailevia
26361,s004
26386,s004E
26401,v016
26418,tlk0+
26446,fdo2
26463,fdo2x
26487,fdi2
26522,tlk0+
26583,tlk0+
26631,eGfB
26644,tlk0+
26716,tlk0+
26774,Ailevia
26818,s004
26843,s004E
26858,v016
26875,tlk0+
26903,fdo2
26920,fdo2x
26944,fdi2
27047,s080
27116,s081
27185,s082
27263,s026
27303,c00i
27320,fdo1
27514,fdi1
27621,sg01
27675,sg01EP
27690,sg02
27737,sg03
27754,tlk0+
27785,tlk1+
27806,tlk1
27830,fdi2
27937,sg01
28008,sg01EP
28023,sg02
28050,sg04
28085,sg05
28156,sg06
28194,sg03
28211,pas0+
28242,pas0
28266,fdi2
28283,qstc
28304,fdi0
28321,fdi0
28337,fdo0
28354,fdo0
28370,fdi1
28387,fdi1
28403,fdo1
28420,fdo1
28436,s031
28468,fdo1
28485,fdo18
28517,v000
28534,v000E
28549,fdi1
28566,fdi1
28817,fdo2
28834,fdo2F
28851,fdi2
28881,fdo1
28898,fdo18
28930,v000
28947,v000
28965,fdi1
28982,fdi1J
29146,fdo1
29163,fdo1N
29239,cm00
29256,fdi1
29302,cm00'
29360,cm01
29377,cm01
29395,fdi1
29479,cm03
29496,cm03'
29532,cm04
29557,cm04+
29580,cm07
29605,cm07E
29620,cm06
29655,cm06'
29760,v000
29777,v000Ec
29792,v005
29809,v005Eq
29824,whi1
30255,qstc
30272,fdo2
30314,fdi2
30344,fdo1
30361,fdo18
30393,v000
30410,v000J
30434,fdi1
30451,fdi1ov
30776,fdo2
30793,fdo2F
30810,fdi2
30863,r001
30880,r001'
30954,r002
30998,r002E
31013,r003
31074,r000
31091,r000+
31121,fdo2
31138,fdo2N
31161,fdi2
31260,r001
31307,r002
31339,r002E
31354,r003
31401,r000
31418,r000+
31451,r004
31533,r005
31617,fdo2
31634,fdo2N
31657,fdi2
31687,fdo1
31743,r000
31760,r000'
31782,fdi1
31799,fdi1y
31842,fdo1
31859,fdo18
31895,p000
31912,p000E
31927,fdi1
31944,fdi1ov
31988,p001
32012,p001+
32041,fdo2
32058,fdo2F
32075,fdi2
32230,fdo1
32308,v000
32325,v000w
32348,z002
32365,z002'
32402,v001
32419,v001'
32449,v002
32509,v006
32526,v006'
32569,v003
32637,v004
32732,v005
32807,fdo2
32824,fdo2x7
32872,v007
32889,v007
32907,fdi2
32924,fdi2'
32969,fdo2
33011,fdi2
33278,fdo0
33295,fdo08
33324,s019
33341,fdi1
33375,tlk0+
33406,tlk1+
33434,thk1+
33457,fdo1
33474,fdo1E
33489,fdi1
33516,fdo0
33533,fdo08
33562,s019
33579,fdi1
33613,pas0+
33655,s019EA
33670,s020
33712,tlk0+
33746,s020EA
33761,s021
33778,thk1+
33809,thk2+
33849,fdo1
33866,fdo1Eq
33881,qstc
33898,fdi2
33925,fdo0
33942,fdo08
33971,s001
33988,fdi1
34036,tlb0+
34059,tlb1J
34083,s001EU
34098,s002
34128,thk1+
34151,fdo1
34168,fdo1RU
34265,s000
34282,fdi2
34315,s000E
34330,ovl1
34347,s003
34377,fdo2
34402,fdo25
34453,s003EU
34468,s004
34485,fdi1
34519,thk1+
34542,s004EU
34557,s005
34582,thk2+
34605,tlk0+
34628,s005EU
34643,s006
34668,tlk1+
34691,fdo1
34708,fdo1RU
34723,s006E
34738,fdi2
34765,fdo0
34782,fdo08
34811,s006
34828,fdi1
34871,s006EU
34886,s007
34908,thk1+
34939,fdo0
34956,fdo0RU
34971,s007EU
34986,s008
35003,fdi0
35031,tlb0+
35069,thk2+
35092,ovl1
35109,s008EU
35124,s009
35172,fdo1
35189,fdo1RU
35204,s009E
35219,fdi2
35321,fdo1
35338,fdo1F
35458,s014
35478,fdi1
35509,tlk0+
35532,tlk1
35557,s014E
35572,s015
35641,s015E
35656,s016
36354,s016E
36369,s017
36401,s017E
36416,s031
36468,s031E
36483,s018
36535,fdo1
36552,fdo1R
36567,s018N
36617,fdi1
36656,Feliz
36687,Ferdinand
36718,Gunnar
36749,Massimo
36780,Oldrich
36811,Siegward
36842,Theobald
36873,Zenji
36915,Amerita
36946,Beatrice
36977,Henrietta
37008,Jesimae
37039,Karyn
37070,Nanako
37101,Sharlene
37132,Sieghilde
37174,Chanandit
37205,Deulmaeux
37236,Demresinaux
37267,Ephealgaux
37298,Gauldeval
37329,Grauffemart
37360,Migaifongut
37391,Romidiant
37433,Armittie
37464,Cadepure
37495,Clearite
37526,Epilleve
37557,Liabelle
37588,Nauthima
37619,Radille
37650,Vimechue
37692,Balu-Falu
37723,Burg-Ladarg
37754,Ehgo-Ryuhgo
37785,Kolui-Pelui
37816,Nokum-Akkum
37847,Savul-Kivul
37878,Vinja-Kanja
37909,Yarga-Umiga
37951,Cupapa
37982,Jajuju
38013,Kalokoko
38044,Mahoyaya
38075,Pakurara
38106,Ripokeke
38137,Yawawa
38168,Yufafa
38210,Fhig
38241,Khuma
38272,Pimy
38303,Raka
38334,Sahyu
38365,Sufhi
38396,Tsuim
38427,Yoli
38469,Durib
38500,Dzapiwa
38531,Jugowa
38562,Mugido
38593,Voldai
38624,Wagwei
38655,Zayag
38686,Zoldof
38752,Feliz
38783,Ferdinand
38814,Gunnar
38845,Massimo
38876,Oldrich
38907,Siegward
38938,Theobald
38969,Zenji
39011,Amerita
39042,Beatrice
39073,Henrietta
39104,Jesimae
39135,Karyn
39166,Nanako
39197,Sharlene
39228,Sieghilde
39270,Chanandit
39301,Deulmaeux
39332,Demresinaux
39363,Ephealgaux
39394,Gauldeval
39425,Grauffemart
39456,Migaifongut
39487,Romidiant
39529,Armittie
39560,Cadepure
39591,Clearite
39622,Epilleve
39653,Liabelle
39684,Nauthima
39715,Radille
39746,Vimechue
39788,Balu-Falu
39819,Burg-Ladarg
39850,Ehgo-Ryuhgo
39881,Kolui-Pelui
39912,Nokum-Akkum
39943,Savul-Kivul
39974,Vinja-Kanja
40005,Yarga-Umiga
40047,Cupapa
40078,Jajuju
40109,Kalokoko
40140,Mahoyaya
40171,Pakurara
40202,Ripokeke
40233,Yawawa
40264,Yufafa
40306,Fhig
40337,Khuma
40368,Pimy
40399,Raka
40430,Sahyu
40461,Sufhi
40492,Tsuim
40523,Yoli
40565,Durib
40596,Dzapiwa
40627,Jugowa
40658,Mugido
40689,Voldai
40720,Wagwei
40751,Zayag
40782,Zoldof
55215,sha0S
55228,sha0
55252,sha1S
55265,sha1
55282,fdo1
55299,fdo1F
55370,s214
55390,fdi1
55410,nak1
55440,who1
55457,who1R
55472,s214
55566,s216
55586,whi1
55606,ovl1
55623,s216E
55638,s217
55658,ovl1
55675,s217E
55690,s218
55710,s218E
55725,s215
55745,who1
55762,who1R
55777,s215N
55860,s219
55880,whi1
55897,s219
55924,nak2
55949,fdo1
55966,fdo1R
55981,s219N
56013,fdi1
56054,fdo1
56071,fdo1F
56130,ira0
56347,s220
56367,fdi1
56387,tlk0+
56418,tlk1R
56433,s220E
56448,s221
56488,tlk1n#a
56523,s221E
56538,s222
56572,tlk0+#a
56595,tlk1R
56610,s222E
56625,s223
56642,tlk0+
56673,s223E
56688,s224
56714,tlk1+
56737,s224E
56752,s225
56860,tlk1R
56875,s225E
56890,s226
56924,tlk0+#a
56947,tlk1R
56962,s226E
56977,s227
57029,tlk1n#a
57064,s227E
57079,s228
57134,s228E
57149,s229
57241,s229E
57256,s230
57291,thk1+
57317,s230E
57332,s231
57399,s231E
57414,s232
57440,thk2+
57493,s232E
57508,s233
57576,s233E
57591,s234
57676,tlk0+
57738,s234E
57753,s235
57770,tlk0J
57802,tlk1+
57825,s235E
57840,s236
57936,s236E
57951,s237
58015,s237E
58030,s238
58047,thk1J
58096,thk2+
58137,s238E
58152,s236
58185,s236E
58200,s240
58264,s240E
58279,s238
58296,thk1J
58345,thk2+
58386,s238E
58401,s236
58434,s236E
58449,s239
58545,s239E
58560,s238
58594,thk2+
58635,s238E
58650,s236
58723,s236E
58738,s241
58792,s241E
58807,s242
58824,thk1+
58847,s242E
58862,s243
58911,s243E
58926,s244
58951,thk2+
58974,s244E
58989,s245
59089,s245E
59104,s246
59209,fdo1
59226,fdo1R
59241,s246N
59317,fdi1
59337,fdo1
59354,fdo1F
59479,s077
59499,fdi1
59516,tlk0+
59539,tlk1R
59554,s077E
59569,s078
59594,thk1+
59617,s078E
59632,s079
59657,s079E
59672,s080
59689,thk2+
59712,s080E
59727,s081
59744,tlk0+
59772,fdo1
59789,fdo1R
59804,s081kidl0
59987,thk0f
60002,dis0f
60017,dis0f
60032,dis0f
60047,dis0f
60062,dis0n
60101,s082
60121,fdi1
60138,fdi1H
60193,buin
60210,thk0f
60225,dis0f
60240,dis0f
60255,dis0f
60270,dis0f
60285,dis0
60326,zawa
60343,dis0f
60358,dis0f
60373,dis0f
60388,dis0f
60403,dis0f
60418,dis0
60471,wara
60488,thk0f
60503,dis0
60683,fdo1
60700,fdo1R
60715,s082
60778,s083
60798,fdi1
60830,tlk0+
60853,tlk1
60871,s083E
60886,s122
60911,fdo1
60928,fdo1R
60943,s122F
60963,fdi1
61559,sha0S
61572,sha0
61596,sha1S
61609,sha1
62045,tlk0S
62058,tlk0
62082,tlk1S
62095,tlk1
62119,thk1S
62132,tlk0
62156,thk2S
62169,tlk0
62208,pas0
62232,tlk1
62512,tlk0
62530,tlk1
62556,tlk0
62574,tlk1
62600,tlk0
62618,tlk1
62644,tlk0
62662,tlk1
62688,tlk0
62706,tlk1
62732,tlk0
62750,tlk1
62776,tlk0
62794,tlk1
62820,tlk0
62838,tlk1
62883,tlk0
62901,tlk1
62915,res0S
62928,res0
62942,res2S
62955,res2
63012,tlk0
63030,tlk1
63056,tlk0
63074,tlk1
63100,tlk0
63118,tlk1
63144,tlk0
63162,tlk1
63188,tlk0
63206,tlk1
63232,tlk0
63250,tlk1
63276,tlk0
63294,tlk1
63320,tlk0
63338,tlk1
63397,sha0
63426,run0
63450,mab0
63474,orz0
63566,fdo1
63583,main
63897,tlk0
63948,tlk0
64005,tlk0
64048,tlk0
64096,tlk0
64146,tlk0
64196,tlk0
64253,tlk0
64364,tlk0
64392,thk1
64409,thk1f
64424,thk2
64443,sl00S
64456,sl00
64925,z000
64942,z000N
65016,fdi1
65089,z001
65112,z001'
65137,z002
65205,sl00
65268,z003
65322,z004
65364,z006
65391,z006E
65406,z007
65474,z008
65503,z008+
65573,z00b
65601,z00b
65629,z00c
65649,z009
65705,z010
65722,z010
65770,z00a
65787,z00a
65836,z011
65867,z011E
65882,ovl1
65899,z012
65930,z012E
65945,ovl1
65962,z013
65993,z013E
66008,ovl1
66025,z014
66064,z014E
66079,fdo1
66190,y000
66207,y000E
66222,fdi1
66239,fdi1'
66281,y001
66324,y001
66352,y002
66405,fdo1
66422,fdo1#U
66438,y00251
66475,z015
66492,z015E
66507,fdi1
66524,fdi1
66542,z016
66559,z016
66583,z017
66603,who1
66655,z017x
66684,fdi1
66701,whi1
66727,tlk0
66819,tlk0
66837,thk0
66882,twa0
66937,tlk0
67248,tlk0
67336,tlk0
67354,thk0
67399,twa0
67454,tlk0
67661,tlk0
67688,sl00S
67701,sl00
67772,tlk0
67794,oro0
67813,oro1
67832,tlk0
67913,tlk0
67940,sal2S
67953,sal2
68086,tlk0
68131,poi1
68150,poi2S
68163,poi2
68197,poi1
68216,poi2S
68229,poi2
68321,dis0
68340,tlk0
68366,tlk0
68954,tlk0
68978,thk1
68996,thk2
69203,tlk0
69243,tlk0
69286,tlk0
69335,tlk0
69392,tlk0
69432,pas0
69459,pas0
69493,tlk0
69537,dis0
69559,dis0
69577,tlk0
69609,thk1
69631,thk2S
69644,thk2
69662,tlk0
69705,tlk0
69749,tlk0
69785,qstc
69817,tlk0
69841,qstc
70104,s037
70128,fdi1
70145,s037E
70160,s038
70183,s038
70205,tlk0
70239,s040
70276,s039
70323,tlk0
70355,s041
70372,tlk0
70397,thk0
70435,s042
70509,thk1
70533,thk2S
70546,thk2
70571,tlk0
70616,tlk0
70685,tlk0
70730,tlk0
70794,tlk0
70835,tlk0
70879,pas0
70896,pas0
70914,qstc
70938,thk1
70960,thk2S
70973,thk2
71011,thk1
71030,thk2S
71043,thk2
71061,tlk0
71249,tlk0
71274,tlk0
71371,tlk0
71539,tlk0
71726,tlk0+
72050,tlk0
72068,thk0
72113,twa0
72168,tlk0
72687,tlk0
72734,tlk0
72791,tlk0
72835,tlk0
72882,tlk0
72939,tlk0
72983,tlk0
73038,tlk0
73088,tlk0
73132,tlk0
73175,tlk0
73218,tlk0
73268,tlk0
73311,tlk0
73355,tlk0
73405,tlk0
73624,s030
73648,s030E
73663,fdi1
73680,thk1
73699,thk2S
73712,thk2
73737,tlk0'
73794,s032
73866,thk1
73892,thk2S
73905,thk2
73923,s033
73940,tlk0+
73963,s034
73980,thk1
74006,thk2S
74034,tlk0+
74057,thk1
74076,thk2S
74089,thk2
74107,tlk0+
74130,s035
74187,fdo1
74226,fdi1
74256,thk1
74275,thk2S
74288,thk2
74322,tlk0
74374,tlk0
74426,tlk0
74466,thk1
74490,thk2S
74503,thk2
74521,tlk0
74545,qstc
74769,tlk0
75130,tlk0
75166,thk1
75185,thk2S
75198,thk2
75216,tlk0
75257,pas0
75274,pas0
75292,tlk0
75335,tlk0
75382,tlk0
75401,fdo1
75418,fdo1
75436,fdi1
75453,fdi1
75491,thk1
75510,thk2S
75523,thk2
75541,tlk0
75597,tlk0
75632,fdo0
75649,fdo0
75667,fdi0
75684,fdi0
75706,tlk0
75929,tlk0
76097,tlk0
76151,tlk0
76201,tlk0
76251,tlk0
76303,tlk0
76334,qstc
76371,dis0
76388,dis0
76429,tlk0
76473,dis0
76666,tlk0
76740,tlk0
76833,tlk0
76852,tlk1
76878,tlk0
76931,thk1
76953,tlk2
76979,tlk1
76998,tlk0
77033,tlk2
77341,sl00
77358,sl00
77376,tlk0
77418,sl00
77435,sl00
77453,tlk0
77660,thk1
77676,thk2
77692,sl00
77708,dis0
77724,tlb0
77740,tlb1
77756,poi0
77772,poi1
77788,tlk0
77804,tlk1
77833,thk1
78431,tlb0
78447,tlb0
78466,tlb1S
78479,tlb1
78930,sdo0
78946,sdo1
79591,thk1
79607,thk2
79834,dis0S
79847,dis0
79863,thk1
79882,thk2S
79895,thk2
79911,tlk0
79930,tlk1S
79943,tlk1
80102,tlb0
80118,tlb1
80347,tlk0
80376,thk1
80398,thk2S
80411,thk2
80436,tlk0
80495,tlk0
80538,tlk0
80582,tlk0
80626,tlk0
80662,qstc
80696,tlk0
80779,tlk0
81016,tlk0
81050,tlk0
81077,s007
81104,s007f
81119,tlk0
81165,tlk0
81209,tlk0
81256,tlk0
81292,pas0
81309,pas0
81343,tlk0
81388,tlk0
81415,pas0
81432,pas0E
81447,qstc
81811,tlk0
81845,sl00S
81858,sl00
81989,thk1
82011,thk2S
82024,thk2
82040,tlk0
82092,fdo1
82174,fdi1
82241,ovl1
82487,ovl1
82557,fdo1
82594,fdi1
82896,tlk0
83316,tlk0
83351,fdi1
83368,s008
83392,s008
83443,tlk0
83484,s010
83550,tlk0
83600,tlk0
83643,s079
83707,s078
83730,s078E
83745,s013
83823,s010
83856,tlk0
83932,tlk0
84020,tlk0
84039,tlk1
84122,tlk0
84140,thk0
84185,twa0
84240,tlk0
84640,tlk0
84675,tlk0
84707,tlk0
84739,tlk0
84771,tlk0
84818,tlk0
84902,tlk0
84920,thk0
84965,twa0
85020,tlk0
85306,tlk0
85346,tlk0
85381,tlk0
85416,tlk0
85456,tlk0
85496,tlk0
86045,thk1
86102,tlk1S
86115,tlk1
86204,tlk1S
86217,tlk1
86292,thk2
86364,tlk2
86446,tlk0
86482,tlk0
86518,tlk0
86554,tlk0
86590,tlk0
86626,tlk0
86661,s067
86685,fdi1
86732,s068
86763,s069
86805,tlk0
86860,tlk0
86906,tlk0
86946,tlk0
87001,tlk0
87046,s071
87070,fdi1
87102,tlk0
87129,s068
87146,pas0
87173,tlk0
87192,qstc
87224,s072
87248,fdi1
87280,tlk0
87302,s068
87338,s069
87355,tlk0
87406,s070
87473,s075
87497,fdi1
87529,tlk0
87556,pas0
87583,tlk0
87607,qstc
87637,s0678
87661,fdi1
87693,tlk0
87720,s068
87737,tlk0
87777,pas0
87827,tlk0
87854,s073
87871,tlk0
87913,s074
87930,tlk0
87957,s069
87974,tlk0
88001,tlk0
88046,s075
88070,s075
88088,s068
88105,tlk0
88148,pas0
88198,s069
88215,tlk0
88260,s068
88284,fdi1
88301,tlk0
88323,pas0
88347,qstc
88402,tlk0
88421,tlk1S
88434,tlk1
88450,thk1
88482,thk2
88501,pas0S
88514,pas0
88748,tlk0
88776,thk1
88793,thk1f
88808,thk2
88827,sl00S
88840,sl00
88976,tlk0
89016,thk1
89048,thk2
89066,tlk0
89095,thk1
89127,thk2
89154,tlk0
89190,tlk0
89291,tlk0
89324,ten0S
89337,ten0
89364,tlk1
89383,ten1S
89396,ten1
89423,tlk0
89447,ten0S
89460,ten0
90189,lau0
90220,lau1
90236,tlk0
90448,tlk0
90467,tlk1S
90480,tlk1
90496,thk0
90515,thk1S
90528,thk1
90544,ara0
90563,ara1S
90576,ara1
91305,thk1
91339,thk2
91389,thk1
91405,umu0
91437,umu1
91453,thk1
91485,thk2
91501,tlk0
91533,tlk1
91549,oga0
91581,oga1
91597,pry0
91629,pry1
92038,tlk0
92351,tlk0
92408,tlk0
92444,tlk0
92582,thk1
92689,tlk0
92708,tlk1
92727,thk1
92759,thk2S
92772,thk2
93226,tlb0
93242,tlb1S
93255,tlb1
93271,tla0
93287,tla1S
93300,tla1
93316,tlc0
93332,tlc1
93619,tlk0
93662,tlk0
93698,tlk0
93748,tlk0
93792,tlk0
93836,dis0
93879,dis0
93934,tlk0
95503,sl00S
95516,sl00
95552,tlk0
95584,fdo1
95621,s042
95638,fdi1
95655,s042
95695,s014
95712,thk1
95734,thk2S
95747,thk2
95765,tlk0E
95780,s016
95829,tlk0E
95844,s090
95880,s090
95903,s091
95931,s091
95951,s017
95993,tlk0E
96008,s016
96113,fdo1
96135,fdi1
96157,fdo1
96187,s016
96204,fdi1
96229,tlk0
96261,tlk0
96283,s014
96314,fdo1
96336,fdi1
96353,qstc
96379,fdo1
96416,s017
96433,fdi1
96450,tlk0
96477,s014
96494,pas0S
96507,pas0E
96522,fdo1
96544,fdi1
96570,fdo1
96607,s014
96624,fdi1
96641,thk1
96660,thk2S
96673,thk2
96691,s017
96708,tlk0
96732,fdo1
96754,fdi1
96778,fdo1
96815,s018
96832,fdi1
97391,fdo1
97413,fdi1
97439,tlk0
97468,ovl1
97485,s016
97510,ovl1
97527,s016
97551,tlk0
97591,s090
97608,tlk0
97636,s090
97659,s091
97687,s091
97707,s017
97749,s018
97766,tlk0
97850,fdo1
97872,fdi1
97902,fdo1
97939,s018
97956,fdi1
97986,tlk0
98008,tlk0
98027,s014
98053,fdo1
98080,fdi1
98097,qstc
98118,ovl1
98135,s042
98152,tlk0
98180,s042E
98195,s081
98212,thk1
98239,s081E
98254,s042
98275,thk2S
98288,thk2
98306,s042E
98321,ovl1
98338,s014
98355,poi1
98374,poi2S
98387,poi2
98405,tlk0
98445,s090
98462,tlk0
98485,s090E
98500,ovl1
98525,s091
98553,s091
98573,s017
98619,s088
98636,tlk0
98720,fdo1
98740,s088F
98757,fdi1
98787,fdo1
98824,s081
98841,fdi1
98858,tlk0
98886,s081E
98901,ovl1
98926,s091
98954,s091
98974,s017
98998,qstc
99018,s088
99035,tlk0
99063,s088E
99078,s042
99123,s089
99143,tlk0
99166,s089E
99181,ovl1
99198,s042
99223,fdo1
99265,fdi1
99287,fdo1
99324,s081
99341,fdi1
99358,tlk0
99382,s081E
99397,ovl1
99414,s042
99435,fdo1
99477,fdi1
99494,qstc
99515,ovl1
99532,s016
99556,tlk0
99596,s090
99613,tlk0
99636,s090
99659,s091
99687,s091
99707,s017
99749,s018
99766,tlk0
99850,fdo1
99872,fdi1
99894,fdo1
99931,s042
99948,fdi1
99965,tlk0
99988,fdo1
100033,fdi1
100050,qstc
100069,ovl1
100086,s042
100103,tlk0
100158,s090
100175,tlk0
100202,s090
100225,s091
100253,s091
100273,s017
100319,s018
100336,tlk0
100439,fdo1
100461,fdi1
100483,fdo1
100520,s081
100537,fdi1
100554,tlk0
100577,s081E
100592,s042
100613,fdo1
100638,s042F
100655,fdi1
100672,qstc
100691,ovl1
100708,s042
100725,tlk0
100792,s091
100820,s091
100840,s017
100857,tlk0
100908,fdo1
100930,fdi1
100952,fdo1
100989,s042
101006,fdi1
101023,tlk0
101050,s042E
101065,ovl1
101082,s081
101099,thk1
101118,thk2
101136,tlk0
101160,fdo1
101205,fdi1
101224,ovl1
101241,s042
101258,tlk0
101313,s090
101330,tlk0
101358,s090E
101373,ovl1
101398,s091
101426,s091
101446,s017
101488,s018
101505,tlk0
101589,fdo1
101611,fdi1
101641,fdo1
101678,s081
101695,fdi1
101712,tlk0
101735,fdo1
101777,fdi1
101794,qstc
101813,ovl1
101830,s042
101847,tlk0
101902,s090
101919,tlk0
101995,s091
102023,s091
102043,s017
102060,tlk0
102163,fdo1
102185,fdi1
102209,fdo1
102246,s081
102263,fdi1
102280,tlk0
102303,s081E
102318,ovl1
102343,s091
102371,s091
102391,s017
102412,fdo1
102439,fdi1
102456,qstc
102477,ovl1
102494,s042
102511,tlk0
102574,s045
102591,tlk0
102623,s045
102657,fdo1
102679,fdi1
102698,ovl1
102715,s042
102732,tlk0
102804,fdo1
102824,s042F
102841,fdi1
102860,ovl1
102877,s014
102901,tlk0
102973,fdo1
102995,fdi1
103017,fdo1
103054,s081
103071,fdi1
103088,tlk0
103123,fdo1
103143,s081F
103160,fdi1
103180,qstc
103206,tlk0
103263,fdo2
103280,fdo2F
103297,fdi2
103386,fdo2
103403,fdo2F
103420,fdi2
103597,qstc
103837,qstc
104236,tlk0
104258,thk1
104274,thk2
104293,fdo1
104333,s018
104350,fdi1
104368,tlk0
104406,thk1
104420,thk1
104436,thk2
104450,thk2
104466,pas0
104480,pas0
104496,poi1
104510,poi1
104526,poi2
104540,poi2
104556,poi0
104570,poi0
104586,poi1
104600,poi1
104616,dis0
104630,dis0
104646,sl00
104660,sl00
104688,fdo1
104750,s042
104767,fdi1
104807,s042E
104822,s043
104891,s043E
104906,s044
104930,s044E
104945,s045
104983,s045
105006,s055
105034,s055
105054,s046
105140,s055
105166,s055
105184,s046E
105199,s042
105234,s042E
105249,s047
105305,s047E
105320,s048
105373,s048E
105388,s049
105412,s049E
105427,s050
105488,s050E
105503,s051
105541,s051E
105556,s052
105666,s052E
105681,s053
105736,s053
105759,s056
105787,s056
105807,s054
105860,fdo1
105888,s056
105914,s056
105955,fdi1
105972,qstc
106049,fdo1
106086,s042
106103,fdi1
106127,s042E
106142,s081
106187,s081
106210,s084
106238,s083
106266,s083
106294,s084
106314,s082
106367,s084
106393,s083
106419,s083
106445,s084
106463,s082E
106478,s042
106562,s081
106626,fdo1
106646,s081F
106665,fdi1
106791,fdo1
106828,s081
106845,fdi1
106883,s081E
106898,s042
106936,fdo1
106956,s042F
106975,fdi1
106992,qstc
107030,fdo1
107081,s081
107098,fdi1
107143,s081E
107158,ovl1
107175,s088
107206,s088
107229,s084
107257,s083
107285,s083
107313,s084
107333,s082
107400,s084
107426,s083
107452,s083
107478,s084
107496,s082E
107511,s042
107549,fdo1
107569,s042
107591,fdi1
107683,fdo1
107720,s081
107737,fdi1
107775,s081E
107790,ovl1
107807,s087
107873,s087E
107888,s089
107926,fdo1
107946,s089F
107965,fdi1
107985,qstc
108034,fdo1
108071,s081
108088,fdi1
108126,s081E
108141,ovl1
108158,s087
108179,s087E
108194,s089
108232,fdo1
108252,s089F
108271,fdi1
108288,qstc
108345,fdo1
108382,s081
108399,fdi1
108435,s081E
108450,s042
108486,fdo1
108506,s042F
108523,fdi1
108587,fdo1
108624,s081
108641,fdi1
108679,s081E
108694,s087
108718,fdo1
108738,s087F
108755,fdi1
110260,tlk0
110292,fdo1
110329,s092
110346,fdi1
110363,s092f
110378,tlk0
110421,s020
110438,thk1
110460,thk2S
110473,thk2
110491,tlk0E
110506,s022
110555,tlk0E
110570,s107
110606,s107
110629,s108
110657,s108
110677,s023
110719,tlk0E
110734,s022
110839,fdo1
110861,fdi1
110883,fdo1
110913,s022
110930,fdi1
110955,tlk0
110987,tlk0
111009,s020
111040,fdo1
111062,fdi1
111079,qstc
111105,fdo1
111142,s023
111159,fdi1
111176,tlk0
111203,s020
111220,pas0S
111233,pas0E
111248,fdo1
111270,fdi1
111296,fdo1
111333,s020
111350,fdi1
111367,thk1
111386,thk2S
111399,thk2
111417,s023
111434,tlk0
111458,fdo1
111480,fdi1
111504,fdo1
111541,s024
111558,fdi1
112117,fdo1
112139,fdi1
112165,tlk0
112194,ovl1
112211,s022
112236,ovl1
112253,s022
112277,tlk0
112317,s107
112334,tlk0
112362,s107
112385,s108
112413,s108
112433,s023
112475,s024
112492,tlk0
112576,fdo1
112598,fdi1
112628,fdo1
112665,s024
112682,fdi1
112712,tlk0
112734,tlk0
112753,s020
112779,fdo1
112809,fdi1
112826,qstc
112847,ovl1
112864,s092
112881,tlk0
112909,s092E
112924,s109
112941,thk1
112968,s109E
112983,s092
113004,thk2S
113017,thk2
113035,s092E
113050,ovl1
113067,s020
113084,poi1
113103,poi2S
113116,poi2
113134,tlk0
113174,s107
113191,tlk0
113214,s107E
113229,ovl1
113254,s108
113282,s108
113302,s023
113348,s110
113365,tlk0
113449,fdo1
113469,s110F
113486,fdi1
113516,fdo1
113553,s109
113570,fdi1
113587,tlk0
113615,s109E
113630,ovl1
113655,s108
113683,s108
113703,s023
113727,qstc
113747,s110
113764,tlk0
113792,s110E
113807,s092
113852,s111
113872,tlk0
113895,s111E
113910,ovl1
113927,s092
113952,fdo1
113994,fdi1
114016,fdo1
114053,s109
114070,fdi1
114087,tlk0
114111,s109E
114126,ovl1
114143,s092
114164,fdo1
114206,fdi1
114223,qstc
114244,ovl1
114261,s022
114285,tlk0
114325,s107
114342,tlk0
114365,s107
114388,s108
114416,s108
114436,s023
114478,s024
114495,tlk0
114579,fdo1
114601,fdi1
114623,fdo1
114660,s092
114677,fdi1
114694,tlk0
114717,fdo1
114762,fdi1
114779,qstc
114798,ovl1
114815,s092
114832,tlk0
114887,s107
114904,tlk0
114931,s107
114954,s108
114982,s108
115002,s023
115044,s024
115061,tlk0
115164,fdo1
115186,fdi1
115208,fdo1
115245,s109
115262,fdi1
115279,tlk0
115302,s109E
115317,s092
115338,fdo1
115363,s092F
115380,fdi1
115397,qstc
115416,ovl1
115433,s092
115450,tlk0
115517,s108
115545,s108
115565,s023
115582,tlk0
115633,fdo1
115655,fdi1
115677,fdo1
115714,s092
115731,fdi1
115748,tlk0
115775,s092E
115790,ovl1
115807,s109
115824,thk1
115843,thk2S
115856,thk2f
115871,tlk0
115895,fdo1
115940,fdi1
115959,ovl1
115976,s092
115993,tlk0
116048,s107
116065,tlk0
116093,s107E
116108,ovl1
116133,s108
116161,s108
116181,s023
116223,s024
116240,tlk0
116324,fdo1
116346,fdi1
116376,fdo1
116413,s109
116430,fdi1
116447,tlk0
116470,fdo1
116512,fdi1
116529,qstc
116548,ovl1
116565,s092
116582,tlk0
116637,s107
116654,tlk0
116730,s108
116758,s108
116778,s023
116795,tlk0
116898,fdo1
116920,fdi1
116944,fdo1
116981,s109
116998,fdi1
117015,tlk0
117038,s109E
117053,ovl1
117078,s108
117106,s108
117126,s023
117147,fdo1
117174,fdi1
117191,qstc
117212,ovl1
117229,s092
117246,tlk0
117309,s095
117326,tlk0
117358,s095
117392,fdo1
117414,fdi1
117433,ovl1
117450,s092
117467,tlk0
117539,fdo1
117559,s092F
117576,fdi1
117595,ovl1
117612,s020
117636,tlk0
117708,fdo1
117730,fdi1
117752,fdo1
117789,s109
117806,fdi1
117823,tlk0
117858,fdo1
117878,s109F
117895,fdi1
117915,qstc
117934,tlk0
117972,thk1
117986,thk1
118002,thk2
118016,thk2
118032,pas0
118046,pas0
118062,poi1
118076,poi1
118092,poi2
118106,poi2
118122,poi0
118136,poi0
118152,poi1
118166,poi1
118182,dis0
118196,dis0
118212,sl00
118226,sl00
118254,fdo1
118316,s092
118333,fdi1
118373,s092E
118388,s093
118457,s093E
118472,s094
118496,s094E
118511,s095
118549,s095
118572,s112
118600,s112
118620,s096
118706,s112
118732,s112
118750,s096E
118765,s092
118800,s092E
118815,s097
118871,s097E
118886,s098
118939,s098E
118954,s099
118978,s099E
118993,s100
119054,s100E
119069,s101
119107,s101E
119122,s102
119232,s102E
119247,s103
119302,s103
119325,s104
119345,s104
119393,fdo1
119421,s104
119462,fdi1
119479,qstc
119556,fdo1
119593,s092
119610,fdi1
119634,s092E
119649,s109
119694,s109
119717,s113
119745,s114
119773,s114
119801,s113
119821,s113
119874,s113
119900,s114
119926,s114
119952,s113
119970,s113E
119985,s092
120069,s109
120133,fdo1
120153,s109F
120172,fdi1
120298,fdo1
120335,s109
120352,fdi1
120390,s109E
120405,s092
120443,fdo1
120463,s092F
120482,fdi1
120499,qstc
120537,fdo1
120588,s109
120605,fdi1
120650,s109E
120665,ovl1
120682,s110
120713,s110
120736,s113
120764,s114
120792,s114
120820,s113
120840,s113
120907,s113
120933,s114
120959,s114
120985,s113
121003,s113E
121018,s092
121056,fdo1
121076,s092
121098,fdi1
121190,fdo1
121227,s109
121244,fdi1
121282,s109E
121297,ovl1
121314,s115
121380,s115E
121395,s111
121433,fdo1
121453,s111F
121472,fdi1
121492,qstc
121541,fdo1
121578,s109
121595,fdi1
121633,s109E
121648,ovl1
121665,s115
121686,s115E
121701,s111
121739,fdo1
121759,s111F
121778,fdi1
121795,qstc
121852,fdo1
121889,s109
121906,fdi1
121942,s109E
121957,s092
121993,fdo1
122013,s092F
122030,fdi1
122094,fdo1
122131,s109
122148,fdi1
122186,s109E
122201,s115
122225,fdo1
122245,s115F
122262,fdi1
122315,tlk0
122372,fdo2
122389,fdo2F
122406,fdi2
122495,fdo2
122512,fdo2F
122529,fdi2
122706,qstc
122946,qstc
123345,tlk0
123367,thk1
123383,thk2
123402,fdo1
123442,grd0
123459,fdi1
123656,sl00S
123669,sl00
124230,tlk0
124285,tlk0
124319,tlk0
124394,tlk0
124442,tlk0
124489,tlk0
124535,tlk0
124569,fdo1
124586,fdo1E
124601,fdi1
124618,fdi1f
124633,tlk0
124657,qstc
124693,tlk0
124748,tlk0
124777,tlk0
124852,tlk0
124900,tlk0
124952,tlk0
125005,tlk0
125039,fdo1
125056,fdo1E
125071,fdi1
125088,fdi1f
125103,tlk0
125134,qstc
125170,tlk0
125225,tlk0
125254,tlk0
125331,tlk0
125379,tlk0
125431,tlk0
125484,tlk0
125518,fdo1
125535,fdo1E
125550,fdi1
125567,fdi1f
125582,tlk0
125613,qstc
125835,fdi1
125852,s028
125869,s028
125896,tlk0'
125946,s029
126032,tlk0
126093,tlk0
126141,sal2
126182,tlk0
126207,tlk0
126236,tlk0
126290,tlk0
126333,tlk0
126384,tlk0
126424,tlk0
126467,tlk0
126520,tlk0
126557,tlk0
126614,qstc
126812,tlk0
126838,tlk0
126857,tlk1
127084,pas0
127475,kue0
127587,chco
127611,fdo0
127668,fdi0
127955,kue0
128067,chco
128091,fdo0
128148,fdi0
128435,kue0
128547,chco
128571,fdo0
128628,fdi0
133847,tlk0
133945,nak2
134077,nak2
135164,tlk0
135284,tlk0
135310,tlk0
135329,tlk1
135412,tlk0
135430,thk0
135475,twa0
135530,tlk0
135852,tlk0
135947,tlk0
135965,thk0
136010,twa0
136065,tlk0
136395,tlk0
136523,tlk0
136541,thk0
136586,twa0
136641,tlk0
138361,tlk0
138565,dis0
138582,dis0f
138597,tlk0
138616,tlk1
140459,qstc
140483,tlk0
140499,tlk1
140517,pas0
140531,pas0
140554,fdo1
140571,fdo1F
140598,s035
140615,fdi1
140659,fdo1
140696,thk1R
140711,s035E
140726,s036
140743,fdi1
140771,thk2R
140786,s036E
140801,s037
140832,tlk0
140851,tlk1EX
140866,fdo1
140883,fdo1EX
140898,fdi2
141224,fdo1
141241,fdo1F
141268,s036
141285,fdi1
141364,s036E
141379,s035
141396,tlk0
141415,tlk1
141434,tlb0
141453,tlb1
141479,s036E
141494,s038
141520,thk1
141537,thk1f
141552,thk2
141571,tlk0
141590,s038E
141605,s035
141630,tlk1
141649,tlb0
141668,tlb1
141687,fdo1
141704,fdo1EX
141719,fdi2
141747,fdo1
141764,fdo1F
141791,s035
141808,fdi1
141852,fdo1
141889,thk1R
141904,s035E
141919,s036
141936,fdi1
141964,thk2R
141979,s036E
141994,s037
142025,tlk0
142044,tlk1EX
142059,fdo1
142076,fdo1EX
142091,fdi2
142422,fdo1
142439,fdo1F
142466,s036
142483,fdi1
142567,s036E
142582,s035
142599,tlk0
142618,tlk1
142637,tlb0
142656,tlb1
142682,s036E
142697,s038
142723,thk1
142740,thk1f
142755,thk2
142774,tlk0
142793,s038E
142808,s035
142833,tlk1
142852,tlb0
142871,tlb1
142890,fdo1
142907,fdo1EX
142922,fdi2
142978,tlk0
143112,tlk0
143131,tlk1
143149,tlk0
143168,tlk1
143249,tlk0
143268,tlk1
143286,tlk0
143499,tlk0
143534,tlk1
143552,tlk0
143579,tlk1H
143610,tlk0
143649,tlk1
143734,tlk0
143753,tlk1
143800,tlk0
143910,tlk0
143955,thk1
143974,thk2f
143989,tlk0
144036,tlk1
144097,tlk0
144188,tlk0
144234,tlk1
144276,tlk0
144343,tlk1
144395,tlk0
144451,thk1
144504,thk2
144557,thk1
144621,tlk0
144644,tlk1
144687,tlk0
144706,pas0
144723,pas0
144805,pas0
144822,pas0f
144837,thk1
144856,thk2
144875,tlk0
144898,tlk1
144984,pas0
145001,pas0f
145016,thk1
145035,thk2
145122,pas0
145139,pas0
145158,thk1
145177,thk2
145264,pas0
145281,pas0f
145296,tlk0
145389,pas0
145444,thk1
145463,thk2f
145478,tlk0
145545,thk1
145564,thk2
145618,thk1
145637,thk2
145656,tlk0
145675,tlk1
145691,tlk1
145715,pas0
145740,pas0
145786,tlk0
145813,tlk1
145829,tlk1
145853,pas0
145913,tlk0
145980,pas0
145997,pas0
146020,pas0
146037,pas0
146095,thk1
146114,thk2
146133,tlk0
146209,tlk0
146228,tlk1
146247,pas0
146652,fdi1
146669,fdi1
146685,fdo1
146702,fdo1
146726,tlk0
146744,tlk1
146770,tlk0
146788,tlk1
146814,tlk0
146832,tlk1
146858,tlk0
146876,tlk1
146902,tlk0
146920,tlk1
146946,tlk0
146964,tlk1
146990,tlk0
147008,tlk1
147034,tlk0
147052,tlk1
147299,fdo1
147319,fdi1
148347,fdo1
148367,fdi1
148712,fdi1
148746,fdo1
148916,fdi1
148971,ovl1
149079,tlk0
149097,fdo1
149114,fdo1N
149294,fdi1
149311,kako
149375,tlk1E
149390,fdo1
149410,dopn
149530,dcls
149567,fdi1
149584,kako
149622,ovl1
149698,tlke
149899,ovl1
149995,tlke
150066,ovl1
150290,blon
150307,blon
150344,blof
150448,bik0
150466,fdo1
150726,fdi1
150817,tlk1'
151119,ovl1
151196,ovl1
151272,tlk0
151310,tlk1
151334,fdo1
151380,fdi1
151431,fdo1
151586,fdi1
151644,ovl1
151699,tlk1
151717,fdo1
151754,fdi1
151790,fdo1
151979,fdi1
152037,ovl1
152079,tlk1
152186,opfu
152222,tlk2
152325,ovl1
152402,ovl1
152464,fdo1
152510,fdi1
152546,fdo1
152721,fdi1
152741,tlk0
152792,ovl1
152865,ovl1
152924,tlk1
152967,ovl1
153105,ovl1
153173,fdo1
153216,fdi1
153483,fdo1
153503,fdi1
154705,tlk0
156114,tlk0
156141,pas0
156163,pas0
156193,tlk0
156273,s051
156290,tlk0
156316,s051
156334,s052
156351,tlk0
156370,s052
156388,s053
156405,tlk0
156429,s053
156509,tlk0
156527,thk0
156572,twa0
156627,tlk0
157522,Glenne
157589,Rosel
157656,Raimbroy
157723,Andecia
157790,Parvipon
157857,Legata
157924,Amutiyaal
157991,Atelloune
158058,Maugie
158125,Hanaa_Punaa
158192,Gondebaud
158259,Balasiel
158326,Balasiel
158393,Hanaa_Punaa
158460,Helbort
158527,Sobane
158594,Norejaie
158661,Paouala
158728,Taumila
158795,Hanaa_Punaa
158862,Balasiel
158929,Femitte
158996,Amaura
159063,Deraquien
159130,Sobane
159197,Sharzalion
159264,Balasiel
159331,Rouva
159476,Miageau
159543,Ailbeche
159610,Abeaule
159677,Abioleget
159744,Secodiand
159811,Kuu_Mohzolhi
159878,Ramua
160012,Pagisalis
160146,Olbergieut
160213,Abeaule
160280,Maloquedil
160414,Morjean
160481,Eperdur
160548,Eperdur
160615,Vamorcote
160682,Belgidiveau
160749,Gulmama
160816,Rondipur
160883,Castilchat
160950,Narcheral
161017,Ailbeche
161084,Ailbeche
161151,Miaux
161296,Altiret
161363,Gulemont
161430,Fontoumant
161497,Regine
161564,Gallijaux
161631,Joulet
161698,Nogelle
161765,Antreneau
161832,Vounebariont
161899,Portaure
161966,Antreneau
162033,Ceraulian
162100,Eddy
162245,Halver
162312,Curilla
162379,Chalvatot
162446,Curilla
162513,Curilla
162647,Rahal
162714,Curilla
162944,tlk0
162967,tlk1B
162987,Alaune
163058,tlk0
163085,tlk1
163138,Rolandienne
163176,tlk0
163199,tlk1.
163218,tlk0
163241,tlk1
163267,tlk0
163290,tlk1
163343,Gondebaud
163378,tlk0
163401,tlk1.
163441,Ailevia
163508,Rumoie
163587,tlk0
163614,tlk1
163659,tlk0
163682,tlk1
163712,tlk0
163731,tlk1
163776,tlk0
163799,tlk1
163849,tlk0
163877,tlk1
164169,fdo1
164186,fdo1H
164225,fdi1
164242,fdi1
164338,fdo1
164355,fdo1H
164394,fdi1
164411,fdi1
164443,fdo1
164460,fdo1H
164504,fdi1
164521,fdi1
164620,fdo1
164637,fdo1H
164676,fdi1
164693,fdi1
164725,fdo1
164742,fdo1H
164786,fdi1
164803,fdi1
164835,fdo1
164852,fdo1H
164891,fdi1
164908,fdi1
165007,fdo1
165024,fdo1H
165063,fdi1
165080,fdi1
165112,fdo1
165129,fdo1H
165173,fdi1
165190,fdi1
165222,fdo1
165239,fdo1H
165278,fdi1
165295,fdi1
165327,fdo1
165344,fdo1H
165407,fdi1
165424,fdi1
165523,fdo1
165540,fdo1H
165579,fdi1
165596,fdi1
165628,fdo1
165645,fdo1H
165689,fdi1
165706,fdi1
165738,fdo1
165755,fdo1H
165794,fdi1
165811,fdi1
165843,fdo1
165860,fdo1H
165915,fdi1
165932,fdi1
169298,bind
173275,main
173295,fdo1
173316,fdi1
173333,main
173353,fdi1
179784,bind
183761,main
183781,fdo1
183802,fdi1
183819,main
183839,fdi1
190268,bind
194245,main
194265,fdo1
194286,fdi1
194303,main
194323,fdi1
200752,bind
204729,main
204749,fdo1
204770,fdi1
204787,main
204807,fdi1
211236,bind
215213,main
215233,fdo1
215254,fdi1
215271,main
215291,fdi1
219520,tlk0
219558,tlk2
219572,tlk2
219588,pas0
219602,pas0
220134,AuBuCuDuEuFu_uGuHu
220996,s006
221011,tlk0
221025,tlk0
221039,tlk1
221053,tlk1
221069,s008
221084,gak0
221098,gak0
221112,gak1
221126,gak1
221142,s009
221157,job0
221171,job0
221185,job1
221199,job1
221215,s005
221230,hap0
221244,hap0
221258,hap1
221272,hap1
221286,new0
221300,new0
221314,new1
221328,new1
221344,s007
221359,exp0
221373,exp0
221387,exp1
221401,exp1
221415,dan0S
221441,dan0S
221467,dan1S
221493,dan0S
221519,dan0S
221545,dan2S
221571,dan3S
221584,dan3
221598,dan3S
221624,dae3
221638,dae3
221714,fdo0
221755,s000
221772,fdi0
221796,fdo0
221824,fdi0
221867,fdo0
221929,s000
221946,fdi0
221984,s002
222008,s002E
222023,s001
222054,fdo0
222082,fdi0
222111,s001
222313,s000
222367,s000
222421,s000
222487,s000
222541,s000
222595,s000
222717,s000
222773,s000
222847,s001
222939,s000
224247,fdi1
224278,fdo0
224319,s000
224336,fdi0
224381,s001
224405,s000
224445,s001
224476,fdo0
224525,fdi0
224557,s002
224599,s002
224800,fdo0
224841,s000
224858,fdi0
224925,fdo0
224960,fdi0
224977,qstc
225010,fdo0
225051,s000
225068,fdi0
225113,s001
225137,s000
225177,s001
225208,fdo0
225257,fdi0
225289,s002
225331,s002
225532,fdo0
225573,s000
225590,fdi0
225657,fdo0
225692,fdi0
225709,qstc
225742,fdo0
225783,s000
225800,fdi0
225828,s002
225906,s001
225955,s000
226035,s001
226066,fdo0
226115,fdi0
226240,fdo0
226281,s000
226298,fdi0
226365,fdo0
226400,fdi0
226417,qstc
226439,fdo1
226456,fdo1F
226544,s000
226564,fdi1
226581,s005
226596,hap0
226617,hap1R
226632,s000E
226647,s001
226668,s006
226683,tlk0
226704,tlk1E
226719,fdo1
226736,fdo1R
226751,s001F
226768,fdi2
226795,s006
226810,tlk0
226849,fdo1
226866,fdo1F
226954,s000
226974,fdi1
226991,s005
227006,hap0
227027,hap1R
227042,s000E
227057,s001
227078,s006
227093,tlk0
227114,tlk1R
227129,s001E
227144,s002
227163,hap0
227182,s002E
227197,s003
227212,hap1
227231,s007
227246,exp0
227273,s003E
227288,s004
227307,exp1R
227322,s004E
227337,s005
227358,s008
227373,gak0
227392,gak1R
227407,s005E
227422,s000
227443,s000E
227458,s006
227475,s006
227494,tlk1E
227509,fdo1
227526,fdo1R
227541,s006F
227558,fdi2
227578,fdo1
227595,fdo1F
227683,s000
227703,fdi1
227720,s005
227735,hap0
227754,s000E
227769,s002
227788,hap1R
227803,s002E
227818,s003
227835,s007
227850,exp0
227877,s003E
227892,s004
227911,exp1R
227926,s004E
227941,s005
227962,s008
227977,gak0
227994,gak1R
228009,s005E
228024,s000
228045,s000E
228060,s006
228077,s006
228096,tlk1E
228111,fdo1
228128,fdo1R
228143,s006F
228160,fdi2
228559,kidl0
228614,s000
228642,s000E
229179,fdi2
229198,fdi0
229215,fdi0
229231,fdo0
229248,fdo0
229264,fdi1
229281,fdi1
229297,fdo1
229314,fdo1
229330,whi1
229347,whi1
229363,who1
229380,who1
229396,who2
229413,who2
229429,who3
229446,who3
229462,main
229482,fdo1
229499,fdo1
229515,fdi1
229532,main
229552,fdi1
229568,blon
229585,blon
229603,whi0
229620,whi0
229636,who0
229653,who0
229669,efon
229686,efon
229702,fdis
229720,fdos
229737,fdos
229753,fdif
229771,fdof
229788,fdof
229804,fdip
229822,fdop
229839,fdop
230220,kidl0
230943,fdi2
231096,kidl0
231186,mok0
231732,main
231760,main
231788,main
231816,main
231896,fdi2
232053,kidl0
232837,fdi2
233040,kidl0
233130,mok0
233676,main
233704,main
233732,main
233760,main
233876,fdi2
233895,fdi0
233912,fdi0
233928,fdo0
233945,fdo0
233961,fdi1
233978,fdi1
233994,fdo1
234011,fdo1
234027,whi1
234044,whi1
234060,who1
234077,who1
234093,whi0
234110,whi0
234126,who0
234143,who0
234159,efon
234176,efon
234212,GuHu
234220,IuJu
234269,main
234287,main
234324,GuHu
234332,IuJu
234381,main
234399,main
234556,GuHuIuJu
234655,st01
234673,main
234691,main
234705,exp0
234719,exp1
234733,gak0
234747,gak1
234761,job0
234775,job1
234789,hap0
234803,hap1
234817,new0
234831,new1
234845,tlk0
234859,tlk1
234873,dan0
234887,dae0
234901,dan1
234915,dae1
234929,dan2
234943,dae2
234957,dan3
234971,dae3
234985,daz0
234999,new0
235015,new1
235032,awa0
235048,mup0
235067,mdw0
238876,tlk0
238898,tlk0
238921,tlk1
242103,tlk0
242153,tlk0
242203,tlk0
242241,tlk0
242388,tlk0
242438,tlk0
242523,tlk0
242561,tlk0
242717,tlk0
242766,tlk0
242801,thk1
242832,tlk0
242860,tlk0
242879,qstc
242905,tlk0
244159,thk1S
244172,thk1
244204,tlk0
244299,tlk0
244317,thk0
244362,twa0
244417,tlk0
244878,tlk0
244956,pas0S
244969,pas0
245030,tlk0
245049,tlk1
245085,pas0
245104,qstc
245137,tlk0
245236,tlk0
245254,thk0
245299,twa0
245354,tlk0
245661,qstc
245885,qstc
246118,qstc
246751,tlk0
246769,thk0
246814,twa0
246869,tlk0
250013,tlk0
250635,thk1
250663,thk2+
250703,tlk0+
250759,dis0+
250780,dis0
250880,tlk0
250888,kidl0
250912,thk1
250931,thk2S
250944,thk2
250960,dis0
250980,pas0
250994,pas0
251031,tlk0
251113,cm02
251130,cm027#
251157,fdi1
251253,res0S
251266,res0
251280,res2S
251293,res2
251636,thk1
251655,thk2S
251668,thk2
251722,tlk0
251730,kidl0
251754,thk1
251773,thk2S
251786,thk2
251805,fdo1
251823,cm05
251843,who1
251860,who1
251954,tlk0
251973,tlk1
251999,tlk0
252215,tlk0
252243,thk1
252291,tlk0
252335,dis0
252398,tlk0
252421,tlk1
252606,tlk0
252625,thk1
252648,thk2
252722,thk1
252741,thk2S
252754,thk2
253098,tlk0
253117,tlk1
253330,tlk0
253358,thk1
253377,thk2
253551,tlk0
253570,tlk1
253761,tlk0
253780,tlk1
254115,tlk0
254134,tlk1
254484,v002
254501,v002
254850,tlk0
254868,thk0
254913,twa0
254968,tlk0
255176,aig0
255195,aig1S
255208,aig1f
255223,tlk0
255255,aig0
255274,aig1S
255287,aig1
255306,thk1
255330,thk2
255730,tlk0
255768,tlb0
255782,tlb0
255798,tlb1
255812,tlb1
255828,thk1
255842,thk1
255858,thk2
255872,thk2
255888,dis0
255902,dis0
255918,poi0
255932,poi0
255948,poi1
255962,poi1
255978,web0
255992,web0
256008,pas0
256022,pas0
256038,std0
256052,std0
256068,std1
256082,std1
256098,tlc0
256112,tlc0
256128,tlc1
256142,tlc1
256158,tcst
256172,tcst
256188,sttc
256202,sttc
258510,qstc
260316,qstc
271600,N5W5
273618,qstc
275424,qstc
287370,fdo1
287462,s000
287479,fdi1
287526,s000E
287541,s001
287654,s003
287682,s004
287710,s004
287738,s003
287758,s002
287822,s003
287850,s004
287878,s004
287906,s003
287926,s002
287966,fdo1
287994,s003
288020,s004
288046,s004
288072,s003
288133,fdi1
288164,fdo1
288264,s003
288292,s004
288320,s004
288348,s003
288368,s002
288385,fdi1
288439,fdo1
288474,s003
288500,s004
288526,s004
288552,s003
288570,s002N
288857,s005
288874,fdi1
288907,fdo1
288933,s005N
289001,s006
289018,fdi1
289065,fdo1
289085,s0064'
289179,s011
289196,fdi1
289227,fdo1
289253,s011y
289302,s012
289319,fdi1
289350,fdo1
289501,s007
289518,fdi1
289572,s007E
289587,s008
289649,s008E
289664,s009
289715,s009E
289730,s010
289790,fdo1
289825,s010N
289853,fdi1
289884,fdo1
289979,s013
289996,fdi1
290021,s013E
290036,ovl1
290053,s001
290105,ovl1
290122,s014
290182,s014E
290197,ovl1
290214,s015
290247,fdo1
290267,s015E
290282,s016
290299,fdi1
290372,s016E
290387,s017
290468,fdo1
290488,s017N
290524,qstc
290541,fdi1
290572,fdo1
290683,s026
290700,fdi1
290788,s026E
290803,s027
290887,s027
290910,s083
290938,s083
290958,s028
291018,s083
291044,s083
291062,s028E
291077,s029
291174,s029E
291189,s030
291239,s030E
291254,s031
291337,s031E
291352,s032
291417,s032E
291432,s033
291508,s033E
291523,s034
291589,s034E
291604,s035
291680,s035E
291695,s036
291728,s036E
291743,s037
291842,fdo1
291904,fdi1
291935,fdo1
292038,s000
292055,fdi1
292095,fdo1
292138,s040
292155,fdi1
292223,s040E
292238,s038
292298,s038
292321,s043
292349,s042
292377,s042
292405,s043
292425,s039
292519,s043
292545,s042
292571,s042
292597,s043
292615,s039E
292630,s041
292750,fdo1
292799,s003
292827,s004
292855,s004
292883,s003
292903,s002
292920,fdi1
293002,fdo1
293030,s003
293056,s004
293082,s004
293108,s003
293160,qstc
293179,fdi1
293639,tlk0
293677,thk1
293691,thk1
293707,thk2
293721,thk2
293737,pas0
293751,pas0
293767,poi1
293781,poi1
293797,poi2
293811,poi2
293827,poi0
293841,poi0
293857,poi1
293871,poi1
293887,dis0
293901,dis0
294232,sit0
294246,sit0
294262,stk0
294276,stk0
294292,stk1
294306,stk1
294322,tsi0
294336,tsi0
294352,tsi1
294366,tsi1
294382,cal0
294396,cal0
294968,lklr
294982,lklr
294998,utah
295012,utah
295028,utan
295042,utan
295058,hapy
295072,hapy
295088,sin0
295102,sin0
295118,swo0
295132,swo0
295148,swo1
295162,swo1
295178,tlk0
295192,tlk0
295208,tlk1
295222,tlk1
295238,thk1
295252,thk1
295268,thk2
295282,thk2
295298,sha0
295312,sha0
295328,sha1
295342,sha1
295358,sha0S
295371,sha0f
295386,sha1S
295399,sha1
295415,sir0
295429,sir0
295445,sir1
295459,sir1
295475,btls
295489,btls
295505,kei0
295519,kei0
295535,kei1
295549,kei1
295565,srd0
295579,srd0
295595,srd1
295609,srd1
295625,jmp0
295639,jmp0
295655,twa0
295669,twa0
295685,twa1
295699,twa1
295715,twb0
295729,twb0
295745,twb1
295759,twb1
295890,corpS
295903,corp
295917,res1S
295930,res1
295944,res2S
295957,res2
296368,lklr
296382,lklr
296398,utah
296412,utah
296428,utan
296442,utan
296458,hapy
296472,hapy
296488,sin0
296502,sin0
296518,swo0
296532,swo0
296548,swo1
296562,swo1
296578,tlk0
296592,tlk0
296608,tlk1
296622,tlk1
296638,thk1
296652,thk1
296668,thk2
296682,thk2
296698,sha0
296712,sha0
296728,sha1
296742,sha1
296758,sha0S
296771,sha0f
296786,sha1S
296799,sha1
296815,sir0
296829,sir0
296845,sir1
296859,sir1
296875,btls
296889,btls
296905,kei0
296919,kei0
296935,kei1
296949,kei1
296965,srd0
296979,srd0
296995,srd1
297009,srd1
297025,jmp0
297039,jmp0
297055,twa0
297069,twa0
297085,twa1
297099,twa1
297115,twb0
297129,twb0
297145,twb1
297159,twb1
297290,corpS
297303,corp
297317,res1S
297330,res1
297344,res2S
297357,res2
297732,lklr
297746,lklr
297762,utah
297776,utah
297792,utan
297806,utan
297822,hapy
297836,hapy
297852,sin0
297866,sin0
297882,swo0
297896,swo0
297912,swo1
297926,swo1
297942,tlk0
297956,tlk0
297972,tlk1
297986,tlk1
298002,thk1
298016,thk1
298032,thk2
298046,thk2
298062,sha0
298076,sha0
298092,sha1
298106,sha1
298122,sha0S
298135,sha0f
298150,sha1S
298163,sha1
298179,sir0
298193,sir0
298209,sir1
298223,sir1
298239,btls
298253,btls
298269,kei0
298283,kei0
298299,kei1
298313,kei1
298329,srd0
298343,srd0
298359,srd1
298373,srd1
298389,jmp0
298403,jmp0
298419,twa0
298433,twa0
298449,twa1
298463,twa1
298479,twb0
298493,twb0
298509,twb1
298523,twb1
298654,corpS
298667,corp
298681,res1S
298694,res1
298708,res2S
298721,res2
299092,lklr
299106,lklr
299122,utah
299136,utah
299152,utan
299166,utan
299182,hapy
299196,hapy
299212,sin0
299226,sin0
299242,swo0
299256,swo0
299272,swo1
299286,swo1
299302,tlk0
299316,tlk0
299332,tlk1
299346,tlk1
299362,thk1
299376,thk1
299392,thk2
299406,thk2
299422,sha0
299436,sha0
299452,sha1
299466,sha1
299482,sha0S
299495,sha0f
299510,sha1S
299523,sha1
299539,sir0
299553,sir0
299569,sir1
299583,sir1
299599,btls
299613,btls
299629,kei0
299643,kei0
299659,kei1
299673,kei1
299689,srd0
299703,srd0
299719,srd1
299733,srd1
299749,jmp0
299763,jmp0
299779,twa0
299793,twa0
299809,twa1
299823,twa1
299839,twb0
299853,twb0
299869,twb1
299883,twb1
300014,corpS
300027,corp
300041,res1S
300054,res1
300068,res2S
300081,res2
300456,lklr
300470,lklr
300486,utah
300500,utah
300516,utan
300530,utan
300546,hapy
300560,hapy
300576,sin0
300590,sin0
300606,swo0
300620,swo0
300636,swo1
300650,swo1
300666,tlk0
300680,tlk0
300696,tlk1
300710,tlk1
300726,thk1
300740,thk1
300756,thk2
300770,thk2
300786,sha0
300800,sha0
300816,sha1
300830,sha1
300846,sha0S
300859,sha0f
300874,sha1S
300887,sha1
300903,sir0
300917,sir0
300933,sir1
300947,sir1
300963,btls
300977,btls
300993,kei0
301007,kei0
301023,kei1
301037,kei1
301053,srd0
301067,srd0
301083,srd1
301097,srd1
301113,jmp0
301127,jmp0
301143,twa0
301157,twa0
301173,twa1
301187,twa1
301203,twb0
301217,twb0
301233,twb1
301247,twb1
301378,corpS
301391,corp
301405,res1S
301418,res1
301432,res2S
301445,res2
302028,tlk0
302042,tlk0
302058,tlk1
302072,tlk1
302088,thk1
302102,thk1
302118,thk2
302132,thk2
302148,pas0
302162,pas0
302178,poi0
302192,poi0
302208,poi1
302222,poi1
302238,dis0
302252,dis0
302268,oro0
302282,oro0
302298,oro1
302312,oro1
302328,tlb0
302342,tlb0
302358,tlb1
302372,tlb1
302388,sit0
302402,sit0
302418,sit1
302432,sit1
302448,sitl
302462,sitl
302830,eton
303359,fdo1
303520,tlk0
303603,tlk0
303627,tlk1
303646,web0S
303694,thk1
303713,thk2S
303764,thk1
303783,thk2S
303834,tlk0
303880,tlk0
303926,tlk0
303972,tlk0
303996,tlk1f
304011,pas0S
304047,qstc
304079,tlk0
307153,sd01
307197,kone
307232,sd01E8
307247,sd02
307272,thk1R8
307287,sd02E8
307302,sd04
307327,thk2S
307340,thk2
307363,tlk0R8
307378,sd04E8
307393,sd05
307436,tlk1S
307449,tlk1
307469,sd05E8
307484,sd03
307521,kon1
307547,sd03
307606,bs01
307650,kone
307685,bs01E8
307700,bs02
307725,thk1R8
307740,bs02E8
307755,bs03
307780,thk2S
307793,thk2
307816,tlk0R8
307831,bs03E8
307846,bs04
307889,tlk1S
307902,tlk1
307922,bs04E8
307937,bs05
307974,kon1
308000,bs05
308059,ws01
308103,kone
308138,ws01E8
308153,ws02
308178,thk1R8
308193,ws02E8
308208,ws03
308233,thk2S
308246,thk2
308269,tlk0R8
308284,ws03E8
308299,ws04
308342,tlk1S
308355,tlk1
308375,ws04E8
308390,ws05
308427,kon1
308453,ws05
308512,jn01
308556,kone
308591,jn01E8
308606,jn02
308631,thk1R8
308646,jn02E8
308661,jn03
308686,thk2S
308699,thk2
308722,tlk0R8
308737,jn03E8
308752,jn04
308795,tlk1S
308808,tlk1
308828,jn04E8
308843,jn05
308880,kon1
308906,jn05
308970,kone
308999,sd11
309027,thk1R8
309042,sd11E8
309057,sd12
309090,thk2S
309103,thk2R8
309118,sd12E8
309133,sd13
309165,kon1
309191,sd13
309254,kone
309283,bs11
309311,thk1R8
309326,bs11E8
309341,bs12
309374,thk2S
309387,thk2R8
309402,bs12E8
309417,bs13
309449,kon1
309475,bs13
309538,kone
309567,ws11
309595,thk1R8
309610,ws11E8
309625,ws12
309658,thk2S
309671,thk2R8
309686,ws12E8
309701,ws13
309733,kon1
309759,ws13
309822,kone
309851,jn11
309879,thk1R8
309894,jn11E8
309909,jn12
309942,thk2S
309955,thk2R8
309970,jn12E8
309985,jn13
310017,kon1
310043,jn13
310101,ga01
310145,kone
310188,ga01E8
310203,ga02
310236,ga02E8
310251,ga03
310283,kon1
310357,kone
310386,xa01
310421,kon1
310447,xa01
310510,kone
310539,sd13
310585,kon1
310605,sd13'
310656,main
310673,kone
310693,sd20
310719,cawh
310749,sd21
310764,shwh
310782,main
310808,sd21E8
310823,ured
310897,kone
310926,bs13
310972,kon1
310992,bs13'
311043,main
311060,kone
311080,bs20
311100,dis0+
311121,dis0R8
311136,bs20E8
311151,bs21
311194,cawh+
311219,bs21E8
311234,bs22
311249,shwh
311267,main
311293,sd22E8
311308,ured
311382,kone
311411,ws13
311457,kon1
311477,ws13'
311528,main
311545,kone
311565,ws20
311593,ws20E8
311608,ws21
311631,cawh+
311656,ws21E8
311671,ws22
311686,shwh
311704,main
311730,sd21E8
311745,ured
311819,kone
311848,jn13
311894,kon1
311914,jn13'
311965,main
311982,kone
312002,jn20
312022,tlk0+
312045,tlk2S
312058,tlk2
312082,thk1R8
312097,jn20E8
312112,jn22
312143,thk2R8
312158,jn22E8
312173,jn21
312188,thk2+
312214,cawh+
312239,jn21E8
312254,jn23
312269,shwh
312287,main
312313,jn23E8
312328,ured
312402,kone
312431,ga11
312459,ga11E8
312474,ga12
312520,cawhE8
312535,ga13
312575,shwhE8
312590,ga14
312610,main
312636,ga14E8
312651,ured
312795,kone
312812,main
312829,main
312846,main
312863,main
312883,xa11
312903,xa11
312924,xa12
312952,xa12E8
312967,xa13
312992,xa13E8
313007,xa14
313032,xa14E8
313047,xa15
313072,xa15E8
313087,xa16
313102,cabk
313118,cabk
313134,cabk
313150,cabk
313166,cabk
313196,xa16E8
313211,xa17
313228,main
313245,main
313262,main
313279,main
313296,main
313314,shbk
313330,shbk
313346,shbk
313362,shbk
313378,shbk
313417,deru
313434,ured
313508,kone
313537,sd11
313565,thk1R8
313580,sd11E8
313595,sd12
313628,thk2S
313641,thk2R8
313656,sd12E8
313671,sd13
313722,kon1
313742,sd13'
313793,main
313810,kone
313830,sd20
313856,cawh
313886,sd21
313901,shwh
313919,main
313945,sd21E8
313960,ured
314034,kone
314063,bs11
314091,thk1R8
314106,bs11E8
314121,bs12
314154,thk2S
314167,thk2R8
314182,bs12E8
314197,bs13
314248,kon1
314268,bs13'
314319,main
314336,kone
314356,bs20
314376,dis0+
314397,dis0R8
314412,bs20E8
314427,bs21
314470,cawh+
314495,bs21E8
314510,bs22
314525,shwh
314543,main
314569,sd22E8
314584,ured
314658,kone
314687,ws11
314715,thk1R8
314730,ws11E8
314745,ws12
314778,thk2S
314791,thk2R8
314806,ws12E8
314821,ws13
314872,kon1
314892,ws13'
314943,main
314960,kone
314980,ws20
315008,ws20E8
315023,ws21
315046,cawh+
315071,ws21E8
315086,ws22
315101,shwh
315119,main
315145,sd21E8
315160,ured
315234,kone
315263,jn11
315291,thk1R8
315306,jn11E8
315321,jn12
315354,thk2S
315367,thk2R8
315382,jn12E8
315397,jn13
315448,kon1
315468,jn13'
315519,main
315536,kone
315556,jn20
315576,tlk0+
315599,tlk2S
315612,tlk2
315636,thk1R8
315651,jn20E8
315666,jn22
315697,thk2R8
315712,jn22E8
315727,jn21
315742,thk2+
315768,cawh+
315793,jn21E8
315808,jn23
315823,shwh
315841,main
315867,jn23E8
315882,ured
315951,ga01
315995,kone
316038,ga01E8
316053,ga02
316086,ga02E8
316101,ga03
316139,kon1
316159,ga03'
316200,kone
316229,ga11
316257,ga11E8
316272,ga12
316318,cawhE8
316333,ga13
316373,shwhE8
316388,ga14
316408,main
316434,ga14E8
316449,ured
316523,kone
316552,xa01
316587,kon1
316610,xa01y
316752,kone
316769,main
316786,main
316803,main
316820,main
316840,xa11
316860,xa11
316881,xa12
316909,xa12E8
316924,xa13
316949,xa13E8
316964,xa14
316989,xa14E8
317004,xa15
317029,xa15E8
317044,xa16
317059,cabk
317075,cabk
317091,cabk
317107,cabk
317123,cabk
317153,xa16E8
317168,xa17
317185,main
317202,main
317219,main
317236,main
317253,main
317271,shbk
317287,shbk
317303,shbk
317319,shbk
317335,shbk
317374,deru
317391,ured
317423,fdi2
317485,kone
317514,sd11
317542,thk1R8
317557,sd11E8
317572,sd12
317605,thk2S
317618,thk2R8
317633,sd12E8
317648,sd13
317699,kon1
317719,sd13'
317770,main
317787,kone
317807,sd20
317833,cawh
317863,sd21
317878,shwh
317896,main
317922,sd21E8
317937,ured
317954,kon1
317971,stop
318046,kone
318075,bs11
318103,thk1R8
318118,bs11E8
318133,bs12
318166,thk2S
318179,thk2R8
318194,bs12E8
318209,bs13
318260,kon1
318280,bs13'
318331,main
318348,kone
318368,bs20
318388,dis0+
318409,dis0R8
318424,bs20E8
318439,bs21
318482,cawh+
318507,bs21E8
318522,bs22
318537,shwh
318555,main
318581,sd22E8
318596,ured
318613,kon1
318630,stop
318705,kone
318734,ws11
318762,thk1R8
318777,ws11E8
318792,ws12
318825,thk2S
318838,thk2R8
318853,ws12E8
318868,ws13
318919,kon1
318939,ws13'
318990,main
319007,kone
319027,ws20
319055,ws20E8
319070,ws21
319093,cawh+
319118,ws21E8
319133,ws22
319148,shwh
319166,main
319192,sd21E8
319207,ured
319224,kon1
319241,stop
319316,kone
319345,jn11
319373,thk1R8
319388,jn11E8
319403,jn12
319436,thk2S
319449,thk2R8
319464,jn12E8
319479,jn13
319530,kon1
319550,jn13'
319601,main
319618,kone
319638,jn20
319658,tlk0+
319681,tlk2S
319694,tlk2
319718,thk1R8
319733,jn20E8
319748,jn22
319779,thk2R8
319794,jn22E8
319809,jn21
319824,thk2+
319850,cawh+
319875,jn21E8
319890,jn23
319905,shwh
319923,main
319949,jn23E8
319964,ured
319981,kon1
319998,stop
320068,ga01
320112,kone
320155,ga01E8
320170,ga02
320203,ga02E8
320218,ga03
320256,kon1
320276,ga03'
320317,kone
320346,ga11
320374,ga11E8
320389,ga12
320435,cawhE8
320450,ga13
320490,shwhE8
320505,ga14
320525,main
320551,ga14E8
320566,ured
320583,kon1
320658,kone
320687,xa01
320722,kon1
320745,xa01y
320887,kone
320904,main
320921,main
320938,main
320955,main
320975,xa11
320995,xa11
321016,xa12
321044,xa12E8
321059,xa13
321084,xa13E8
321099,xa14
321124,xa14E8
321139,xa15
321164,xa15E8
321179,xa16
321194,cabk
321210,cabk
321226,cabk
321242,cabk
321258,cabk
321288,xa16E8
321303,xa17
321320,main
321337,main
321354,main
321371,main
321388,main
321406,shbk
321422,shbk
321438,shbk
321454,shbk
321470,shbk
321509,kon1
321526,stop
321543,stop
321560,stop
321577,stop
321594,deru
321611,ured
321699,main
321716,sd31
321741,fdi2
321761,efon
321794,sd31fr
321809,thk1E8
321824,sd32
321857,thk2S
321870,thk2R8
321885,sd32n
321912,sd33
321947,tlk0+
321970,tlk1
321991,sd33
322006,stop
322028,fdi2
322104,main
322121,bs31
322146,fdi2
322166,efon
322216,bs31E8
322231,bs33
322259,bs33J
322283,bs32
322306,poi0
322334,bs32E8
322349,bs34
322380,bs34
322395,stop
322417,fdi2
322493,main
322510,thk1S
322523,thk1E8
322538,ws31
322563,fdi2
322583,efon
322608,thk2+
322629,thk2R8
322644,ws31J
322668,ws32
322691,shk0+
322712,shk0f
322727,tlk0
322763,tlk1
322784,ws32
322799,stop
322821,fdi2
322906,main
322923,jn31
322948,fdi2
322968,efon
322985,tlk0+
323008,tlk2S
323021,tlk1
323057,thk1E8
323072,jn32
323103,thk2S
323116,thk2R8
323131,jn32E8
323146,jn33
323188,jn33E8
323203,jn34
323265,tlk0E8
323280,jn35
323313,tlk2
323334,jn35
323349,stop
323371,fdi2
323466,kone
323486,ga02
323498,DEEn
323511,fdi2
323518,UEEo
323531,efon
323561,thk1+
323599,thk2E8
323614,ga21
323657,ga21E8
323672,ga22
323704,kon1
323730,ga22+
323758,fdi2
323938,main
323955,main
323972,main
323989,main
324006,main
324023,main
324088,rgm2E8
324103,xa20
324120,fdi2
324152,xa20E8
324167,xa21
324192,rgm3+
324215,xa21E8
324230,xa22
324236,kidl0
324267,xa22E8
324282,xa23
324349,xa23E8
324364,xa24
324407,xa24f
324422,rgm2E8
324437,xa25
324473,xa25E8
324488,xa26
324551,xa26E8
324566,xa27
324583,fdi2
324608,xa27E8
324623,xa28
324653,kidl0
324673,xa28E8
324688,xa29
324716,xa29E8
324731,xa30
324764,xa30E8
324779,xa31
324821,kone
324841,xa31E8
324856,xa32
324901,kon1
324999,xa32E8
325014,xa33
325031,fdi2
325055,xa33
325088,xa34
325129,xa34E8
325144,xa35
325177,thk1R8
325192,xa35E8
325207,xa36
325232,thk2+
325255,xa36E8
325270,xa37
325293,thk1+
325330,thk2S
325343,thk2
325361,tlk0+
325384,tlk2J
325408,xa37E8
325423,xa38
325458,xa38E8
325473,xa39
325523,xa39E8
325538,xa40
325566,xa40E8
325581,xa41
325624,xa41E8
325639,xa42
325664,xa42E8
325679,xa43
325704,xa43E8
325719,xa44
325736,tlk0+
325767,xa44E8
325782,xa45
325828,stop
325845,stop
325862,stop
325879,stop
325896,stop
325913,stop
325958,fdi2
325977,fdi0
325994,fdi0
326010,fdo0
326027,fdo0
326043,fdi1
326060,fdi1
326076,fdo1
326093,fdo1
326109,whi1
326126,whi1
326142,who1
326159,who1
326175,who2
326192,who2
326208,who3
326225,who3
326241,main
326261,fdo1
326278,fdo1
326294,fdi1
326311,main
326331,fdi1
326347,blon
326364,blon
326382,whi0
326399,whi0
326415,who0
326432,who0
326448,efon
326465,efon
326481,fdis
326499,fdos
326516,fdos
326532,fdif
326550,fdof
326567,fdof
326583,fdip
326601,fdop
326618,fdop
326654,dead
326744,idls
326759,main
326788,dv00
326833,dv00E
326848,dv01
326881,dv01E
326896,dv02
326913,tlk0+
326944,dv02E
326959,dv03
326987,dv03E
327002,dv04
327019,tlk1+
327050,dv04E
327065,dv05
327082,tlk2+
327105,dv05E
327120,dv06
327140,tlk3
327173,dv06E
327188,blof
327223,fdi2
327262,dead
327352,idls
327367,main
327396,db00
327441,db00E
327456,db01
327489,db01E
327504,db02
327521,tlk0+
327552,db02E
327567,db03
327595,db03E
327610,db04
327627,tlk1+
327658,db04E
327673,db05
327690,tlk2+
327713,db05E
327728,db06
327748,tlk3
327781,db06E
327796,blof
327831,fdi2
327870,dead
327960,idls
327975,main
328004,dq00
328049,dq00E
328064,dq01
328097,dq01E
328112,dq02
328129,tlk0+
328160,dq02E
328175,dq03
328203,dq03E
328218,dq04
328235,tlk1+
328266,dq04E
328281,dq05
328298,tlk2+
328321,dq05E
328336,dq06
328356,tlk3
328389,dq06E
328404,blof
328439,fdi2
328478,dead
328568,idls
328583,main
328612,dv00
328657,dv00E
328672,dv01
328697,dv01E
328712,dv02
328729,tlk0+
328752,dv02E
328767,dv07
328784,tlk1+
328807,dv07E
328822,dv05
328839,tlk2+
328862,dv05E
328877,dv06
328897,tlk3
328930,dv06E
328945,blof
328980,fdi2
329019,dead
329109,idls
329124,main
329153,db00
329198,db00E
329213,db01
329238,db01E
329253,db02
329270,tlk0+
329293,db02E
329308,db07
329325,tlk1+
329348,db05
329365,tlk2+
329388,db05E
329403,db06
329423,tlk3
329456,db06E
329471,blof
329506,fdi2
329545,dead
329635,idls
329650,main
329679,dq00
329724,dq00E
329739,dq01
329764,dq01E
329779,dq02
329796,tlk0+
329819,dq02E
329834,dq07
329851,tlk1+
329874,dq07E
329889,dq05
329906,tlk2+
329929,dq05E
329944,dq06
329964,tlk3
329997,dq06E
330012,blof
330047,fdi2
330141,idls
330156,main
330185,dv08
330221,dv08E
330236,dv09
330253,tlk0+
330291,dv09E
330306,blof
330341,fdi2
330435,idls
330450,main
330479,db08
330515,db08E
330530,db09
330547,tlk0+
330585,db09E
330600,blof
330635,fdi2
330729,idls
330744,main
330773,dq08
330809,dq08E
330824,dq09
330841,tlk0+
330879,dq09E
330894,blof
330929,fdi2
330968,dead
331058,idls
331073,main
331102,dv00
331147,dv00E
331162,dv01
331187,dv01E
331202,dv02
331219,tlk0+
331242,dv02E
331257,dv07
331274,tlk1+
331297,dv07E
331312,dv05
331329,tlk2+
331352,dv05E
331367,dv06
331387,tlk3
331420,dv06E
331435,blof
331483,dead
331573,idls
331588,main
331617,db00
331662,db00E
331677,db01
331702,db01E
331717,db02
331734,tlk0+
331757,db02E
331772,db07
331789,tlk1+
331812,db05
331829,tlk2+
331852,db05E
331867,db06
331887,tlk3
331920,db06E
331935,blof
331983,dead
332073,idls
332088,main
332117,dq00
332162,dq00E
332177,dq01
332202,dq01E
332217,dq02
332234,tlk0+
332257,dq02E
332272,dq07
332289,tlk1+
332312,dq07E
332327,dq05
332344,tlk2+
332367,dq05E
332382,dq06
332402,tlk3
332435,dq06E
332450,blof
332498,dead
332588,idls
332603,main
332632,dt00
332677,dt00E
332692,dt01
332709,dt01E
332724,dt02
332757,dt02E
332772,dt03
332789,tmb0+
332825,tmb1R
332840,dt03E
332855,dt04
332880,dt04E
332895,dt05
332930,dt05E
332945,blof
332980,fdi2
333019,dead
333109,idls
333124,main
333153,dt00
333198,dt00E
333213,dt01
333230,dt01E
333245,dt02
333278,dt02E
333293,dt03
333310,tmb0+
333346,tmb1R
333361,dt03E
333376,dt04
333401,dt04E
333416,dt05
333451,db05E
333466,blof
333630,dt10
333650,dt10E
333665,dt11
333704,dt11E
333719,dt12
333736,main
333756,dt12E
333771,dt13
333796,dt13E
333811,dt14
333828,main
333884,dt14E
333899,dt15
333916,main
334021,dt15E
334036,dt16
334070,dt16E
334085,dt17
334110,dt17E
334125,dt18
334160,db18E
334175,blof
334210,fdi2
343126,la00
343193,la00E
343208,la01
343309,la01E
343324,la03
343351,twa0+
343374,twa1S
343387,twa1R
343402,la03E
343417,la04
343472,la04E
343487,la05
343527,thk2R
343542,la05E
343557,la06
343591,la06E
343606,la07
343666,ino0n
343741,la07E
343756,la08
343773,tlk2'
343829,thk0R
343844,la08E
343859,la09
343958,fdi2
344023,lc00
344072,lc00E
344087,lc01
344133,lc01E
344148,lc02
344213,lc02E
344228,lc03
344245,thk1+
344276,thk2R
344291,lc03E
344306,lc04
344359,lc04E
344374,lc05
344391,ino0S
344404,ino0
344422,lc05E
344437,lc06
344493,lc04E
344508,lc06
344544,lc06E
344559,lcxx
344576,lcxxE
344591,lc07
344608,ep00
344642,lc07E
344657,lc08
344682,ino0
344706,lc08S
344719,ino08+
344740,lc09
344771,lc09E
344786,lc10
344817,lc108
344862,lc11
344882,ep01+
344913,ep02+
344934,ep01R
344949,lc11E
344964,lc12
344981,ep03+
345012,lc12E
345027,lc13
345044,ep04+
345075,lc13E
345090,lc14
345135,lc14E
345150,lc15
345167,ep05S
345180,ep05+
345203,lc15E
345218,lc20
345270,lc20E
345285,lc21
345310,lc21E
345325,lc22
345376,lc22E
345391,lc23
345480,lc23E
345495,lc24
345528,lc24F
345545,fdi2
346003,fdi0
346020,fdi0
346036,fdo0
346053,fdo0
346069,fdi1
346086,fdi1
346102,fdo1
346119,fdo1
346135,whi1
346152,whi1
346168,who1
346185,who1
346201,who2
346218,who2
346234,who3
346251,who3
346267,main
346287,fdo1
346304,fdo1
346320,fdi1
346337,main
346357,fdi1
346373,blon
346390,blon
346408,whi0
346425,whi0
346441,who0
346458,who0
346474,efon
346491,efon
346507,fdis
346525,fdos
346542,fdos
346558,fdif
346576,fdof
346593,fdof
346609,fdip
346627,fdop
346644,fdop
354688,kira
354790,Feliz
354821,Ferdinand
354852,Gunnar
354883,Massimo
354914,Oldrich
354945,Siegward
354976,Theobald
355007,Zenji
355049,Amerita
355080,Beatrice
355111,Henrietta
355142,Jesimae
355173,Karyn
355204,Nanako
355235,Sharlene
355266,Sieghilde
355308,Chanandit
355339,Deulmaeux
355370,Demresinaux
355401,Ephealgaux
355432,Gauldeval
355463,Grauffemart
355494,Migaifongut
355525,Romidiant
355567,Armittie
355598,Cadepure
355629,Clearite
355660,Epilleve
355691,Liabelle
355722,Nauthima
355753,Radille
355784,Vimechue
355826,Balu-Falu
355857,Burg-Ladarg
355888,Ehgo-Ryuhgo
355919,Kolui-Pelui
355950,Nokum-Akkum
355981,Savul-Kivul
356012,Vinja-Kanja
356043,Yarga-Umiga
356085,Cupapa
356116,Jajuju
356147,Kalokoko
356178,Mahoyaya
356209,Pakurara
356240,Ripokeke
356271,Yawawa
356302,Yufafa
356344,Fhig
356375,Khuma
356406,Pimy
356437,Raka
356468,Sahyu
356499,Sufhi
356530,Tsuim
356561,Yoli
356603,Durib
356634,Dzapiwa
356665,Jugowa
356696,Mugido
356727,Voldai
356758,Wagwei
356789,Zayag
356820,Zoldof
356886,Feliz
356917,Ferdinand
356948,Gunnar
356979,Massimo
357010,Oldrich
357041,Siegward
357072,Theobald
357103,Zenji
357145,Amerita
357176,Beatrice
357207,Henrietta
357238,Jesimae
357269,Karyn
357300,Nanako
357331,Sharlene
357362,Sieghilde
357404,Chanandit
357435,Deulmaeux
357466,Demresinaux
357497,Ephealgaux
357528,Gauldeval
357559,Grauffemart
357590,Migaifongut
357621,Romidiant
357663,Armittie
357694,Cadepure
357725,Clearite
357756,Epilleve
357787,Liabelle
357818,Nauthima
357849,Radille
357880,Vimechue
357922,Balu-Falu
357953,Burg-Ladarg
357984,Ehgo-Ryuhgo
358015,Kolui-Pelui
358046,Nokum-Akkum
358077,Savul-Kivul
358108,Vinja-Kanja
358139,Yarga-Umiga
358181,Cupapa
358212,Jajuju
358243,Kalokoko
358274,Mahoyaya
358305,Pakurara
358336,Ripokeke
358367,Yawawa
358398,Yufafa
358440,Fhig
358471,Khuma
358502,Pimy
358533,Raka
358564,Sahyu
358595,Sufhi
358626,Tsuim
358657,Yoli
358699,Durib
358730,Dzapiwa
358761,Jugowa
358792,Mugido
358823,Voldai
358854,Wagwei
358885,Zayag
358916,Zoldof
373776,tlk0
373795,tlk1
373850,tlk0
373931,tlk0
373950,tlk1E
373965,qstc
373995,tlk0
374039,tlk0
374058,tlk1n
374094,tlk0
374118,tlk1S
374131,tlk1n
374180,tlk0
374199,tlk1S
374212,tlk1
374249,fdo1
380276,tlk0
380298,tlk0
380358,tlk0
380387,tlk0
380975,tlk0
380993,tlk1
381057,tlk0
381075,tlk1
381112,tlk0
381130,tlk1
381185,tlk0
381203,tlk1
381470,s161Eq
381485,s156
381574,s156Eq
381589,s157
381868,fdo1
381885,fdo1F
382021,s202
382041,fdi1
382096,fdo1
382113,fdo1Rq
382128,s202
382305,fdo1
382322,fdo1
382381,fdo1
382398,fdo1Rq
382413,s202
382758,fdo1
382775,fdo1Rq
382790,s202Rq
382805,s214Rq
382820,s215
382857,fdo1
382874,fdo1Rq
382889,s202Rq
382904,s214Rq
382919,s215
383073,fdi1
383441,fdo2
383458,fdo2Rq
383473,s112Rq
383488,s114Rq
383503,s211N
383556,fdi2
383584,fdo1
383601,fdo1F
383697,s128
383717,fdi1
383748,s128Eq
383763,s115
383780,tlk0
383808,tlk1
383834,s115Eq
383849,s116
383866,tlk0+
383905,s116Eq
383920,s117
383937,tlk1+
383960,fdo1
383977,fdo1Rq
383992,s117N
384024,fdi1
385539,kue0
385766,fdi1
393743,fdi1
394582,fdo1
394599,fdo1F
394657,s106
394677,fdi1
394705,s106Eq
394720,s107
394737,tlk0+
394760,fdo1
394777,fdo1Rq
394792,s107F
394812,fdi1
397924,fdo1
397941,fdo1
397961,stop
398033,s197
398053,fdi1
398073,s094
398168,kick+
398202,s197
398222,fdi1
398242,s094
398285,tuki+
398319,s197
398352,s207
398393,fdo1
398425,s197R
398440,s207x
398512,fdo1
398529,fdo1
398544,stop
398568,C2kchi0
398605,s197
398625,fdi1
398783,fdo1
398815,s197x
398842,fdo1
398859,fdo1
398874,stop
398907,C2kchi0
398992,s120
399012,fdi1
399032,tlk0
399061,tlk1J
399088,s120Eq
399103,s121
399135,s121
399155,fdi1
399178,who1
399195,who1Rq
399274,hi02J
399298,s123
399318,whi1
399335,whi1n
399383,who1
399400,who1Rq
399495,sha0Eq
399510,s124
399530,whi1
399547,whi1J
399600,sha1
399633,who1
399650,who1Rq
399665,s124N
399724,s125
399744,whi1
399761,whi1'
399862,who1
399879,who1Rq
399944,s122
399964,whi1
399981,whi1f
399996,tlk0
400049,tlk1J
400089,fdo1
400106,fdo1Rq
400121,s122xN
400150,fdo1
400167,fdo1
400238,fdo1
400255,fdo1
400270,stop
400343,fdo1
400360,fdo1
400421,fdo1
400438,fdo1Rq
400453,s141F
400473,fdi1
400491,fdo1
400508,fdo1N
400564,s173
400599,s136
400626,s136
400646,fdi1
400680,fdo1
400697,fdo1R
400712,s173Rq
400727,s136f
400742,sha1
400789,fdo1
400806,fdo1
400868,hi03E
400883,s174
400903,fdi1
400930,str0
400992,s185
401012,fdi1
401039,str0
401093,s185
401113,fdi1
401140,str0
401171,fdo1
401188,fdo1R
401203,s174R
401235,Rkidl0
401256,stop
401285,stop
401320,fdo1
401404,stop
401436,stop
401475,fdi1
401492,s187
401520,kue0
401616,fdo1
401633,fdo1R
401698,fdo1
401715,fdo1
401730,stop
401747,stop
401814,fdo1
401831,fdo1
401846,stop
401951,fdo1
401968,fdo1
402009,fdo1
402026,fdo1
402067,fdo1
402084,fdo1
402125,fdo1
402142,fdo1
402183,fdo1
402200,fdo1
402241,fdo1
402258,fdo1
402299,fdo1
402316,fdo1
402357,fdo1
402374,fdo1
402415,fdo1
402432,fdo1
402473,fdo1
402490,fdo1
402531,fdo1
402548,fdo1
402589,fdo1
402606,fdo1
402647,fdo1
402664,fdo1
402705,fdo1
402722,fdo1
402783,fdo1
402800,fdo1
402972,s122
403005,poi0
403057,s123
403118,dis0
403169,ten0
403195,s125
403242,s095
403287,s124
403321,tlk1
403374,dis0+-a
403408,s121
403425,s094
403495,s122
403543,s123
403555,xJ-a
403588,poi0
403648,s124
403684,tlk0
403712,ten0
403736,fdo1
403828,tlk1f
403843,tlk1f
404175,s139
404192,s094
404262,s140
404307,poi0
404335,fdo1
404367,s140
404393,s143
404433,s141
404459,nak0E
404474,nak2
404491,nak0E
404506,nak2
404567,dis0
404618,ten0E
404633,fdo1
404665,s141
404691,s144
404765,s095
404810,s140
404827,tlk1
404855,ten1f
404870,dis0+-a
404893,fdo1
404925,s140
404951,s139
404968,s094
405038,s140
405086,s141
405124,poi0
405184,s142
405229,tlk0
405257,ten0
405281,fdo1
405313,s142
405331,s114
405418,fdo1
405435,fdo1
405578,s196
405598,fdi1
405672,s197
405692,fdi1
405758,s198
405778,fdi1
405844,s198Eq
405859,s199
405945,s199Eq
405960,s200
405998,nak2
406100,s199Eq
406115,s201
406141,nak2
406213,OgRq
406226,s196E
406241,s187
406305,s187E
406320,s188
406344,s188
406362,s189
406414,s189E
406429,s190
406466,s190E
406481,s191
406541,s190E
406556,s192
406623,s192E
406638,s193
406713,s197E
406728,s198
406792,s198E
406807,s199
406837,s199
406855,s200
406907,s200E
406922,s201
406959,s201E
406974,s202
407034,s201E
407049,s203
407163,s198E
407178,s204
407242,s204E
407257,s205
407287,s205
407305,s206
407363,s206E
407378,s207
407415,s207E
407430,s208
407502,s207E
407517,s211
407636,fdo1
407653,fdo1R
407668,s191R
407683,s193R
407698,s202R
407713,s203R
407728,s208R
407743,s211
408019,s196E
408034,s170
408054,main
408109,s197E
408124,s171
408144,main
408191,s198E
408206,s173
408226,main
408302,fdo1
408319,fdo1Rq
408334,s196Rq
408349,s198Rq
408364,s199Rq
408379,s200Rq
408529,s204R
408544,s197R
408559,s247R
408574,s122R
408589,s127R
408604,s170R
408619,s171R
408634,s173
408795,s114
408940,s199
409058,s145
409107,s202
409290,tlk0
409348,s200
409462,tlk0
409520,s146
409549,joy0
409614,tlk0
409672,s203
409701,joy0
409742,s094
409840,tlk0+
409863,tlk1
409912,s201
409955,s147
409990,s204
410007,tlk0+
410038,tlk1+
410081,tlk0
410109,tlk1
410183,s201E
410198,s246
410215,tlk0+
410238,s246E
410253,s247
410311,s147E
410326,s121
410343,tlk0+
410366,s121E
410381,s122
410431,s204E
410446,s126
410463,tlk0+
410486,s126E
410501,s127
410521,tlk1+
410585,s201E
410600,s246
410617,tlk0+
410640,s246E
410655,s247
410713,s147E
410728,s121
410745,tlk0+
410768,s121E
410783,s122
410833,s204E
410848,s126
410865,tlk0+
410888,s126E
410903,s127
410923,tlk1
411473,fdo1
411490,fdo1
411817,nak2
411896,nak2
412546,fdo1
412563,fdo1
412717,s203
412737,fdi1
412803,s204
412823,fdi1
413060,s148
413136,s151
413179,dis0+-a
413237,s152
413289,s153
413341,s154
413358,twb0+-a
413419,s155
413640,s205
413716,s208
413759,dis0+-a
413817,s209
413869,s210
413921,s211
413938,twb0+-a
413999,s212
414092,s204Eq
414107,s205
414150,joy0
414207,joy0
414265,s205Eq
414280,s206
414327,nak2
414420,s205Eq
414435,s207
414461,nak2
414534,s203E
414549,s172
414569,main
414616,s204E
414631,s174
414651,main
414763,s150E
414778,s123
414818,s123E
414833,s124
414883,s207E
414898,s128
414938,s128E
414953,s129
414993,tlk1
415030,fdo1
415047,fdo1Rq
415062,s203Rq
415077,s204Rq
415092,s205Rq
415107,s206Rq
415227,s212R
415242,s124R
415257,s125R
415272,s129R
415287,s130R
415302,s172R
415317,s174
415483,s114
415652,s148
415795,s205
415866,tlk0
415924,s149
415953,joy0
416026,tlk0
416084,s206
416113,joy0
416154,s094
416229,tlk1
416296,s150
416349,s207
416443,tlk0
416471,tlk1
416593,s150E
416608,s123
416648,s123E
416663,s124
416726,s124E
416741,s125
416791,s207E
416806,s128
416846,s128E
416861,s129
416924,s129E
416939,s130
416956,tlk0
416974,tlk1
417030,s150E
417045,s123
417105,s123E
417120,s125
417170,s207E
417185,s128
417245,s128E
417260,s130
417277,tlk0
417295,tlk1
417405,fdo1
417422,fdo1
417876,nak2
417955,nak2
418405,fdo1
418422,fdo1
418552,s216
418572,fdi1
418610,nak0E
418625,nak2
418708,s216Eq
418723,s217
418766,joy0
418823,joy0
418881,s216Eq
418896,s218
418943,nak2
419036,s216Eq
419051,s219
419080,nak2
419145,s216E
419160,s175
419180,main
419262,s214
419288,s215E
419303,s131
419343,s131E
419358,s132
419375,tlk0+#a
419398,tlk1
419455,s214
419481,s216E
419496,s131
419536,s131E
419551,s134
419591,tlk1
419645,fdo1
419662,fdo1Rq
419677,s216Rq
419692,s218Rq
419782,s219R
419797,s132R
419812,s133R
419827,s134R
419842,s135R
419857,s175
419980,s114
420171,s213
420243,tlk0+#a
420296,s214
420325,joy0
420366,s094
420424,tlk0+#a
420447,tlk1
420488,s215
420505,tlk0+#a
420536,tlk1+#a
420579,tlk0+#a
420602,tlk1
420646,s214
420672,s215E
420687,s131
420727,s131E
420742,s132
420759,thk1+#a
420782,thk2+#a
420805,s132E
420820,s133
420837,tlk0
420855,tlk1
420881,s214
420907,s215E
420922,s131
420982,s131E
420997,s133
421014,tlk0
421032,tlk1
421189,s213
421305,s214
421331,nak2
421356,s094
421428,tlk1
421469,s216
421583,tlk1
421627,s214
421653,s216E
421668,s131
421708,s131E
421723,s134
421786,s134E
421801,s135
421818,tlk0
421836,tlk1
421862,s214
421888,s216E
421903,s131
421966,s131E
421981,s135
422001,tlk1
422038,x+#a
422256,s213
422343,s217
422372,tlb0+.a
422433,s218
422479,nak2
422519,s219
422548,tlb0+.a
422571,tlb1
422617,fdo1
422634,fdo1
422842,nak2
423074,nak2
423153,nak2
423591,nak2
423842,fdo1
423859,fdo1N
424014,fdo1
424031,fdo1R
424046,s170Rq
424061,s137N
424111,fdo1
424128,fdo1
424235,fdo1
424252,fdo1Rq
424267,s144Rq
424282,s145Rq
424297,s146x'
424349,fdo1
424366,fdo1
424420,stop
424454,stop
424485,s153
424505,fdi1
424539,fdo1
424556,fdo1Rq
424571,s153
424621,fdo1
424638,fdo1
424697,stop
424887,stop
425174,s153
425194,fdi1
425228,fdo1
425245,fdo1Rq
425260,s153
425449,fdo1
425466,fdo1
425559,stop
425565,kidl0
425595,stop
425601,kchi0
425631,s161
425651,fdi1
425738,fdo1
425755,fdo1Rq
425770,s157
425782,kidl0
425801,kchi0
425870,fdo1
425887,fdo1
425946,stop
425952,kidl0
426082,stop
426088,kchi0
426315,s165
426335,fdi1
426484,fdo1
426501,fdo1Rq
426516,s165xN
426639,fdo1
426738,stop
426744,kidl0
426786,stop
426792,kchi0
426905,s168
426925,fdi1
426953,kue0
427129,ust0'
427248,web0
427266,fdo1
427283,fdo1Rq
427298,s169N
427378,s170
427398,fdi1
427418,tlk0
427446,tlk1E
427461,fdo1
427478,fdo1Rq
427493,s170
427514,fdo1
427622,stop
427628,kidl0
427699,stop
427705,kchi0
427786,s178
427806,fdi1
427841,pas0
427910,joy0
427973,cry0J
428009,tlk0+
428035,kan0
428077,fdo1
428094,fdo1Rq
428139,cry1f
428280,fdo1
428432,s181
428459,fdi1
428504,s181Eq
428519,s182
428554,fdo1
428571,fdo1Rq
428586,s181
428665,s183
428692,fdi1
428766,fdo1
428783,fdo1Rq
428798,s182Rq
428813,s183N
428947,s170
428967,fdi1
428987,tlk0
429015,tlk1E
429030,fdo1
429047,fdo1Rq
429062,s170
429078,fdo1
429117,stop
429181,kchi0
429476,ton0
429501,s190
429521,fdi1
429541,ton0
429575,ton1
429593,ust0
429611,tlk0
429656,ton1
429707,fdo1
429724,fdo1Rq
429739,s190f
429982,fdo1
430021,stop
430058,kchi0
430299,sit0
430324,s193
430344,fdi1
430440,fdo1
430457,fdo1Rq
430532,sit1f
430547,tlk1f
430718,s170
430738,fdi1
430758,tlk0
430786,tlk1E
430801,fdo1
430818,fdo1Rq
430833,s170
430849,s170
430869,fdi1
430889,tlk0
430917,tlk1E
430932,fdo1
430949,fdo1Rq
430964,s170
431074,kidl0
431094,kidl0
431106,kchi0
431124,kidl0
431136,kchi0
431185,s112
431289,s211
431371,s114
431448,hi03
431463,str0
431488,s181
431508,s180
431535,hi02
431560,hi04
431585,hi05
431610,hi04
431635,hi08
431642,kidl0
431675,s246
431695,s113
431720,slp0
431743,s191
431763,s190
431780,str0
431807,usit
431830,s191
431850,s190
431877,ustd
431900,s191
431920,s190
431947,usit
431970,s191
431990,s190
432017,usit
432040,s191
432060,s190
432087,ira0
432112,obi0
432137,ira0
432144,kidl0
432177,s209
432197,s211
432222,slp0
432245,s191
432265,s190
432282,str0
432309,usit
432332,s191
432352,s190
432379,ustl
432402,s196
432422,s205
432449,usit
432472,s191
432492,s190
432519,usit
432542,s191
432562,s190
432589,ira0
432612,s198
432632,s204
432659,obi0
432682,s200
432702,s199
432729,ira0
432752,s198
432772,s204
432799,ustl
432822,s196
432842,s205
432851,kchi0
432884,s210
432904,s114
432922,fdo1
432939,fdo1
432966,s114
432986,fdi1
433020,fdo1
433037,fdo1Rq
433052,s114x
433069,fdo1
433086,fdo1
433152,s112
433172,fdi1
433225,who1
433242,who1Rq
433257,s112
433295,hi02E
433310,shna
433327,s171
433347,whi1
433364,s094
433381,whi1
433426,fdo1
433443,fdo1E
433458,ehna
433475,hi00R
433490,s171x
433507,fdo1
433524,fdo1
433539,stop
433588,s182
433608,fdi1
433625,s094
433645,joyb
433700,fdo1
433717,fdo1R
433732,s182x
433749,fdo1
433766,fdo1
433781,stop
433805,C2kchi0
433842,s197
433862,fdi1
433904,fdo1
433936,s197x
433983,fdo1
434000,fdo1
434188,fdi1
434545,fdo1
434562,fdo1Rq
434577,s113Rq
434592,s211Rq
434607,s114
434700,hi07
435359,hi00
435395,hori
435490,fdo1
435507,fdo1
435580,s208
435600,fdi1
435807,fdi1
435936,hi07
435974,hi07
436027,hi09
436105,fdi1
436157,fdi1
436312,joyb
436361,joyb
436410,joyb
436544,fdi1
436596,fdi1
436968,fdo1
436985,fdo1Rq
437000,s246Rq
437015,s208Rq
437030,s209Rq
437045,s210
437136,s181Rq
437151,s246E
437166,s188
437186,main
437237,s181
437257,s246
437332,s191Rq
437347,s209E
437362,s189
437382,main
437433,s191
437460,s191
437487,s191
437514,s191
437541,s191
437561,s209
437636,s191R
437651,s196R
437666,s198R
437681,s200Rq
437696,s210E
437711,s189
437731,main
437782,s191
437809,s191
437836,s196
437863,s191
437890,s191
437917,s198
437944,s200
437971,s198
437998,s196
438018,s210
438035,nak2
438087,fdo1
438104,fdo1w
438160,fdi1
438246,s094
438330,s094
438414,s094
438498,s094
438582,s094
438666,s094
438710,fdo1
438727,fdo1R
438742,s201R
438757,s202Rq
438772,s212Rq
438787,s220R
438802,s192R
438817,s197R
438832,s206xN
438868,s211
438904,s192
438936,s192
438968,s192
439000,s192
439025,s220
439045,s114R
439060,s205R
439075,s204
439111,s201
439143,s197
439175,s201
439207,s201
439239,s206
439271,s202
439303,s206
439335,s197
439360,s212
439392,main
439412,main
439446,joyb
439523,fdo1
439540,fdo1
439609,stop
439626,s117
439646,fdi1
439681,hi10
439699,main
439727,stop
439744,s119
439764,fdi1
439799,wup0
439817,main
439837,stop
439854,s121
439874,fdi1
439909,wup0
439927,main
439984,hi03
439999,str0
440016,s116
440044,slp0
440059,str0
440076,s118
440096,slp0
440111,str0
440128,s120
440148,fdi1
440185,hi08Eq
440200,s247
440228,obi0Eq
440243,s221
440263,obi0Eq
440278,s213
440298,fdi1
440325,fdo1
440342,fdo1Rq
440357,s213Rq
440372,s221Rq
440387,s247R
440402,s116R
440417,s117R
440432,s118R
440447,s119R
440462,s120R
440477,s121x
440637,fdo1
440654,fdo1N
440703,stop
440735,hi04
440753,s176
440781,stop
440813,usit
440831,s196
440851,stop
440883,usit
440901,s196
440921,fdi1
440957,fdo1
440974,fdo1R
441004,s196
441030,fdo1
441047,fdo1N
441096,stop
441128,hi05
441146,s177
441174,stop
441206,ustd
441224,s183
441244,stop
441276,ustl
441294,s198
441314,fdi1
441350,fdo1
441367,fdo1R
441382,s177R
441412,s198
441438,fdo1
441455,fdo1N
441504,stop
441536,hi04
441554,s176
441582,stop
441614,usit
441632,s196
441652,stop
441684,usit
441702,s196
441722,fdi1
441753,fdo1
441770,fdo1R
441800,s196
441826,fdo1
441843,fdo1N
441892,stop
441921,s175
441941,fdi1
441961,hi07
442005,stop
442034,s184
442054,fdi1
442107,stop
442136,s193
442156,fdi1
442217,fdo1
442234,fdo1R
442249,s175R
442264,s193R
442279,s184N
442302,fdo1
442319,fdo1N
442368,stop
442397,s184
442417,fdi1
442482,stop
442511,s193
442531,fdi1
442604,fdo1
442621,fdo1R
442636,s175R
442651,s193R
442666,s184N
442689,fdo1
442706,fdo1N
442755,stop
442784,s245
442804,fdi1
442824,main
442877,stop
442906,s193
442926,fdi1
442946,main
443007,fdo1
443024,fdo1R
443039,s245R
443054,s193N
443077,fdo1
443094,fdo1N
443143,stop
443175,usit
443193,s196
443213,stop
443245,usit
443263,s196
443283,fdi1
443319,fdo1
443351,s196
443377,fdo1
443394,fdo1N
443443,stop
443475,ira0E
443490,s186
443510,stop
443542,ira0E
443557,s194
443577,fdi1
443608,fdo1
443625,fdo1R
443640,s194R
443655,s186
443681,fdo1
443698,fdo1
443713,stop
443786,s198
443806,fdi1
443826,main
443854,fdo1
443886,s198kidl0
443918,fdo1
443935,fdo1
444010,hi03E
444025,s172
444045,fdi1
444065,str0
444123,s195
444143,fdi1
444163,str0
444213,s195
444233,fdi1
444253,str0
444281,fdo1
444298,fdo1R
444328,s195
444340,kidl0
444360,stop
444377,kidl0
444397,stop
444406,kchi0
444426,stop
444467,fdo1
444484,fdo1N
444555,stop
444561,kidl0
444596,s178
444616,fdi1
444636,hi07
444651,main
444694,stop
444700,kidl0
444735,s188
444755,fdi1
444775,kue0
444793,main
444828,stop
444834,kchi0
444869,s203
444889,fdi1
444909,nak0
444924,main
444990,fdo1
445007,fdo1R
445022,s178R
445037,s188R
445052,s203N
445139,s202
445159,fdi1
445253,s202
445273,fdi1
445370,s202
445390,fdi1
445492,s202
445512,fdi1
445609,s202
445629,fdi1
447006,fdo1
447023,fdo1F
447103,s140
447123,fdi1
447153,s140E
447168,s141
447185,tlk0+
447208,tlk1+
447242,s142
447262,fdi1
447292,s142E
447307,s141
447324,thk1+
447347,thk2+
447381,s143
447401,fdi1
447431,s143E
447446,s141
447463,thk1+
447486,thk2+
447517,fdo1
447534,fdo1R
447549,s141F
447569,fdi1
447594,fdo1
447611,fdo1F
447666,s243
447686,fdi1
447706,tlk0+
447732,s244
447752,fdi1
447772,tlk0+
447795,tlk1E
447810,fdo1
447827,fdo1R
447842,s243R
447857,s244F
447877,fdi1
447896,s115
447916,fdi1
447936,tlk0
447964,tlk1
447990,s115E
448005,s116
448022,tlk0+
448061,s116E
448076,s117
448093,tlk1+
448119,fdo1
448136,fdo1R
448151,s117
448182,hi03E'
448197,s174
448217,fdi1
448234,str0
448278,fdo1
448295,fdo1R'
448310,s174
448325,stop
448331,kidl0
448368,hi02E
448383,s127
448403,fdi1
448423,tlk0
448451,tlk1
448469,s127E'
448484,s179
448501,shna
448532,fdo1
448549,fdo1R'
448564,s179kidl0
448588,ehna
448644,s128
448664,fdi1
448695,s128E
448710,s115
448727,tlk0
448755,tlk1+
448778,s115E
448793,s116
448810,tlk0+
448849,s116E
448864,s117
448881,tlk1+
448907,fdo1
448924,fdo1R
448939,s117N
448971,fdi1
448996,fdo1
449013,fdo1F
449075,s140
449095,fdi1
449123,s140E
449138,s141
449155,tlk0+
449178,tlk1+
449212,s142
449232,fdi1
449260,s142E
449275,s141
449292,thk1+
449315,thk2+
449349,s143
449369,fdi1
449397,s143E
449412,s141
449429,thk1+
449452,thk2+
449504,s114
449524,fdi1
449555,fdo1
449572,fdo1R
449587,s114xE
449603,s129
449623,fdi1
449643,tlk0+
449666,tlk1
449695,fdo1
449712,fdo1R
449727,s129
449762,hi02E'
449777,shna
449812,s179
449832,fdi1
449871,fdo1
449888,fdo1R'
449903,s179E'
449918,ehna
449924,kidl0
449945,s126
449965,fdi1
449985,tlk0
450030,fdo1
450047,fdo1R
450062,s126f
450077,tlk1
450105,s222
450125,fdi1
450145,tlk0
450174,tlk1E
450189,fdo1
450206,fdo1R
450221,s222x
450250,s222
450270,fdi1
450290,tlk0
450319,tlk1E
450334,fdo1
450351,fdo1R
450366,s222x
450395,s222
450415,fdi1
450435,tlk0
450464,tlk1E
450479,fdo1
450496,fdo1R
450511,s222x
450540,s222
450560,fdi1
450580,tlk0
450606,tlk1+
450629,thk1+
450655,thk2E
450670,fdo1
450687,fdo1R
450702,s222x
450731,s222
450751,fdi1
450771,tlk0
450800,tlk1E
450815,fdo1
450832,fdo1R
450847,s222x
450876,s222
450896,fdi1
450916,tlk0
450945,tlk1E
450960,fdo1
450977,fdo1R
450992,s222x
451021,s222
451041,fdi1
451061,tlk0
451090,tlk1E
451105,fdo1
451122,fdo1R
451137,s222x
451166,s222
451186,fdi1
451206,tlk0
451235,tlk1E
451250,fdo1
451267,fdo1R
451282,s222x
451311,s222
451331,fdi1
451351,tlk0
451380,tlk1E
451395,fdo1
451412,fdo1R
451427,s222x
451456,s222
451476,fdi1
451496,tlk0
451525,tlk1E
451540,fdo1
451557,fdo1R
451572,s222x
451601,s222
451621,fdi1
451641,tlk0
451670,tlk1E
451685,fdo1
451702,fdo1R
451717,s222x
451746,s222
451766,fdi1
451786,tlk0
451812,tlk1+
451838,fdo1
451855,fdo1R
451870,s222x
451899,s222
451919,fdi1
451939,tlk0
451968,tlk1E
451983,fdo1
452000,fdo1R
452015,s222x
452044,s222
452064,fdi1
452084,tlk0
452118,tlk1E
452133,fdo1
452150,fdo1R
452165,s222x
452185,xkidl0
452576,s115
452596,fdi1
452616,tlk1
452650,ten1RK
452665,s115EK
452680,s116
452751,s120
452770,kchi0
452892,s127
452912,fdi1
452932,tlk1
452966,ten1RK
452981,s127EK
452996,s128
453033,s128EK
453048,s129
453099,s129
453134,s170
453154,fdi1
453190,stop
453196,kidl0
453238,s170
453258,fdi1
453330,stop
453336,kidl0
453387,s137
453404,fdi1
453448,joy0
453485,stop
453491,kchi0
453554,fdi1
453571,s137
453649,stop
453655,kidl0
453692,s144
453712,fdi1
453808,stop
453814,kidl0
453865,s145
453885,fdi1
453943,stop
453949,kchi0
453986,s146
454006,fdi1
454064,dis0+
454109,pas0
454127,fdo1
454144,fdo1R
454307,s194
454327,fdi1
454379,s194E
454394,s195
454411,thk1+
454434,s195E
454449,s196
454466,thk2
454484,tlk0+
454507,s196E
454522,s197
454547,tlk1+
454570,fdo1
454587,fdo1R
454602,s197
454621,fdi1
454641,s094
454658,furi+
454685,fdi1
454705,s094
454761,stop
454822,stop
454873,sha0
454889,stop
454940,sha0
454956,s121
454973,s094
455028,s121
455044,s126
455061,kue0
455094,kue0
455135,s126
455219,s202
455239,fdi1
455276,s202
455296,fdi1
455342,s202
455362,fdi1
455405,s202
455425,fdi1
455468,s202
455488,fdi1
455531,s202
455551,fdi1
455594,s202
455614,fdi1
455657,s202
455677,fdi1
455720,s202
455740,fdi1
456063,s202
456083,fdi1
456131,s202
456151,fdi1
456196,s202
456216,fdi1
456256,s202
456276,fdi1
456319,s202
456339,fdi1
456382,s202
456402,fdi1
456445,s202
456465,fdi1
456513,s202
456533,fdi1
456573,s202
456593,fdi1
456636,s202
456656,fdi1
456699,s202
456719,fdi1
456778,s202
456798,fdi1
456841,s202
456861,fdi1
456904,s202
456924,fdi1
456967,s202
456987,fdi1
457030,s202
457050,fdi1
457093,s202
457113,fdi1
457156,s202
457176,fdi1
457219,s202
457239,fdi1
457282,s202
457302,fdi1
457345,s202
457365,fdi1
457408,s202
457428,fdi1
457471,s202
457491,fdi1
457534,s202
457554,fdi1
457597,s202
457617,fdi1
457665,s202
457685,fdi1
457725,s202
457745,fdi1
457788,s202
457808,fdi1
459737,s169
459770,hi09
459788,s169
459825,s169
459871,hi07
460249,slp0
460544,s169
460629,hi07
460704,kue0
460777,kue0
460854,s117
460948,s118
461043,s119
461105,s120
463174,Chocobo
473410,ton0
473428,ton1
473447,kick
473465,tuki
473483,furi
473499,kick
473517,tuki
473533,kick
473551,furi
473567,tuki
473585,furi
473989,slp0
474269,s168EI
474284,s169
474409,joy0
474575,kan0f
474590,tlk0fY
474605,tcst
474783,nak0
474801,nak2
474838,joy0
474914,nak0
474932,nak2
475002,nak0
475020,nak2
475125,s129E
475140,s130
475289,s130E
475304,s131
475453,s131E
475468,s132
475617,s132E
475632,s133
475781,s133E
475796,s134
475876,s134E
475891,s135
475971,s135E
475986,s136
476066,s136E
476081,s137
476197,s137E
476212,s138
477618,Chocobo
485324,Aile
485340,Ange
485356,Ardi
485372,Beak
485388,Beau
485404,Best
485420,Bleu
485436,Blue
485452,Bone
485468,Cart
485484,Chic
485500,Ciel
485516,Claw
485532,Cool
485548,Dame
485564,Dark
485580,Dore
485596,Dray
485612,Duke
485628,Easy
485644,Edel
485660,Face
485676,Fast
485692,Fier
485708,Fine
485724,Fire
485740,Foot
485756,Fury
485772,Fuyu
485788,Gale
485804,Girl
485820,Goer
485836,Gold
485852,Good
485868,Graf
485884,Gray
485900,Gust
485916,Gute
485932,Haoh
485948,Haru
485964,Held
485980,Hero
485996,Hope
486012,Idol
486028,Iris
486044,Iron
486060,Jack
486076,Jade
486092,Joli
486108,Jung
486124,Kiku
486140,King
486156,Kopf
486172,Lady
486188,Last
486204,Lili
486220,Lily
486236,Line
486252,Long
486268,Lord
486284,Luft
486300,Luna
486316,Lune
486332,Mama
486348,Mars
486364,Miel
486380,Miss
486396,Momo
486412,Mond
486428,Moon
486444,Nana
486460,Nice
486476,Noir
486492,Nono
486508,Nova
486524,Nuit
486540,Ocre
486556,Olle
486572,Papa
486588,Pers
486604,Phar
486620,Pony
486636,Pure
486652,Rain
486668,Rice
486684,Rich
486700,Road
486716,Rose
486732,Rote
486748,Roux
486764,Ruby
486780,Sage
486796,Snow
486812,Star
486828,Tail
486844,Trot
486860,Vega
486876,Vent
486892,Vert
486908,VIII
486924,Vive
486940,Wave
486956,West
486972,Wild
486988,Wind
487004,Wing
487020,XIII
487036,Zero
487052,Acier
487068,Agate
487084,Agile
487100,Agnes
487116,Ailee
487132,Alpha
487148,Amber
487164,Ambre
487180,Angel
487196,Ardie
487212,Arkie
487228,Arrow
487244,Avian
487260,Azure
487276,Baron
487292,Belle
487308,Beryl
487324,Black
487340,Blade
487356,Blaue
487372,Blaze
487388,Bleue
487404,Blitz
487420,Blond
487436,Blood
487452,Bonne
487468,Brave
487484,Brian
487500,Brise
487516,Burst
487532,Calme
487548,Chaos
487564,Clair
487580,Cloud
487596,Comet
487612,Comte
487628,Court
487644,Craft
487660,Crete
487676,Crown
487692,Dance
487708,Dandy
487724,Devil
487740,Diana
487756,Doree
487772,Dream
487788,Eager
487804,Eagle
487820,Ebony
487836,Eisen
487852,Ember
487868,Engel
487884,Fairy
487900,Fatty
487916,Feder
487932,Feuer
487948,Fiere
487964,Fiery
487980,Final
487996,Flare
488012,Fleet
488028,Fleur
488044,Flier
488060,Flood
488076,Flora
488092,Flyer
488108,Frais
488124,Frost
488140,Fuchs
488156,Galop
488172,Geist
488188,Gelbe
488204,Ghost
488220,Glory
488236,Grand
488252,Great
488268,Green
488284,Guter
488300,Gutes
488316,Heart
488332,Helle
488348,Hiden
488364,Hiten
488380,Hiver
488396,Hobby
488412,Hyper
488428,Ivory
488444,Jaune
488460,Jeune
488476,Jinpu
488492,Jolie
488508,Jolly
488524,Kluge
488540,Knife
488556,Komet
488572,Kugel
488588,Lahme
488604,Leste
488620,Light
488636,Lilas
488652,Lucky
488668,Lunar
488684,Lutin
488700,Magic
488716,Merry
488732,Metal
488748,Natsu
488764,Neddy
488780,Night
488796,Ninja
488812,Noble
488828,Noire
488844,Nuage
488860,Ocree
488876,Olive
488892,Oller
488908,Olles
488924,Omega
488940,Opale
488956,Orage
488972,Patte
488988,Peace
489004,Penne
489020,Petit
489036,Pfeil
489052,Pluie
489068,Plume
489084,Pluto
489100,Point
489116,Pomme
489132,Power
489148,Quake
489164,Queen
489180,Queue
489196,Reine
489212,Reppu
489228,Riche
489244,Rieur
489260,Roter
489276,Rotes
489292,Rouge
489308,Royal
489324,Rubin
489340,Rubis
489356,Saure
489372,Serre
489388,Smalt
489404,Snowy
489420,Solar
489436,Spark
489452,Speed
489468,Steed
489484,Stern
489500,Stone
489516,Storm
489532,Sturm
489548,Stute
489564,Super
489580,Sweep
489596,Sweet
489612,Swift
489628,Talon
489644,Teioh
489660,Titan
489676,Turbo
489692,Ultra
489708,Urara
489724,Venus
489740,Verte
489756,Verve
489772,Vivid
489788,Vogel
489804,Young
489820,Zippy
489836,Airain
489852,Ambree
489868,Amiral
489884,Arashi
489900,Archer
489916,Ardent
489932,Argent
489948,Audace
489964,Autumn
489980,Battle
489996,Beaute
490012,Beauty
490028,Beetle
490044,Blauer
490060,Blaues
490076,Bleuet
490092,Blonde
490108,Bonbon
490124,Breeze
490140,Bronze
490156,Brumby
490172,Bucker
490188,Caesar
490204,Carmin
490220,Cerise
490236,Cerule
490252,Chance
490268,Cinder
490284,Citron
490300,Claire
490316,Cobalt
490332,Corail
490348,Courte
490364,Cuivre
490380,Dancer
490396,Daring
490412,Desert
490428,Dobbin
490444,Dunkle
490460,Elance
490476,Emblem
490492,Enzian
490508,Esprit
490524,Etoile
490540,Filant
490556,Flamme
490572,Fleche
490588,Flight
490604,Flinke
490620,Flower
490636,Flurry
490652,Flying
490668,Forest
490684,Freeze
490700,Freund
490716,Friend
490732,Frosty
490748,Frozen
490764,Fubuki
490780,Galaxy
490796,Ganger
490812,Gelber
490828,Gelbes
490844,Ginger
490860,Gloire
490876,Glorie
490892,Goemon
490908,Grande
490924,Grenat
490940,Groove
490956,Grosse
490972,Gruene
490988,Gustav
491004,Hayate
491020,Heldin
491036,Heller
491052,Helles
491068,Hengst
491084,Hermes
491100,Herzog
491116,Himmel
491132,Humble
491148,Idaten
491164,Impact
491180,Indigo
491196,Jagger
491212,Jasmin
491228,Joyeux
491244,Jungle
491260,Kaiser
491276,Keffel
491292,Kleine
491308,Kluger
491324,Kluges
491340,Koloss
491356,Lahmer
491372,Lahmes
491388,Lancer
491404,Lander
491420,Laurel
491436,Leaper
491452,Legend
491468,Limber
491484,Longue
491500,Melody
491516,Meteor
491532,Mirage
491548,Mister
491564,Motion
491580,Muguet
491596,Nature
491612,Nebula
491628,Nether
491644,Nimble
491660,Olympe
491676,Orchid
491692,Outlaw
491708,Passer
491724,Pastel
491740,Pelter
491756,Pensee
491772,Petite
491788,Piment
491804,Poetic
491820,Poulet
491836,Preste
491852,Pretty
491868,Prince
491884,Purete
491900,Quartz
491916,Quasar
491932,Rafale
491948,Raging
491964,Raiden
491980,Ramage
491996,Rapide
492012,Reiche
492028,Remige
492044,Rieuse
492060,Rising
492076,Robust
492092,Royale
492108,Rudolf
492124,Runner
492140,Saddle
492156,Safran
492172,Sakura
492188,Saphir
492204,Saturn
492220,Schuss
492236,Sekito
492252,Selene
492268,Senden
492284,Serein
492300,Shadow
492316,Shiden
492332,Shinpu
492348,Sieger
492364,Silber
492380,Silent
492396,Silver
492412,Silver
492428,Soleil
492444,Sombre
492460,Sorrel
492476,Sphene
492492,Spirit
492508,Spring
492524,Stream
492540,Strike
492556,Summer
492572,Tekiro
492588,Terror
492604,Ticket
492620,Timide
492636,Topaze
492652,Tulipe
492668,Tycoon
492684,Ultime
492700,Uranus
492716,Veloce
492732,Velvet
492748,Victor
492764,Violet
492780,Walker
492796,Weisse
492812,Winged
492828,Winner
492844,Winner
492860,Winter
492876,Wonder
492892,Xanthe
492908,Yellow
492924,Zephyr
492940,Ardente
492956,Automne
492972,Avenger
492988,Baronne
493004,Battant
493020,Blazing
493036,Blitzer
493052,Camelia
493068,Candide
493084,Caramel
493100,Celeste
493116,Cerulee
493132,Charbon
493148,Charger
493164,Chariot
493180,Clipper
493196,Coureur
493212,Crimson
493228,Cristal
493244,Crystal
493260,Cuivree
493276,Cyclone
493292,Dancing
493308,Danseur
493324,Diamant
493340,Diamond
493356,Drafter
493372,Dunkler
493388,Dunkles
493404,Eastern
493420,Einhorn
493436,Elancee
493452,Elegant
493468,Emperor
493484,Empress
493500,Express
493516,Farceur
493532,Feather
493548,Fighter
493564,Filante
493580,Flinker
493596,Flinkes
493612,Fortune
493628,Fraiche
493644,Gagnant
493660,Galaxie
493676,Gallant
493692,Genesis
493708,Geoelte
493724,Grosser
493740,Grosses
493756,Gruener
493772,Gruenes
493788,Harmony
493804,Heroine
493820,Ikezuki
493836,Impulse
493852,Javelin
493868,Joyeuse
493884,Jumping
493900,Jupiter
493916,Justice
493932,Kleiner
493948,Kleines
493964,Lavande
493980,Leaping
493996,Legende
494012,Liberty
494028,Licorne
494044,Majesty
494060,Marquis
494076,Maximal
494092,Melodie
494108,Mercury
494124,Million
494140,Miracle
494156,Musashi
494172,Mustang
494188,Nacarat
494204,Natural
494220,Nemesis
494236,Neptune
494252,Oeillet
494268,Optimal
494284,Orageux
494300,Ouragan
494316,Paprika
494332,Parfait
494348,Partner
494364,Patient
494380,Paturon
494396,Pegasus
494412,Pensive
494428,Perfect
494444,Peureux
494460,Phoenix
494476,Plumage
494492,Pourpre
494508,Poussin
494524,Prancer
494540,Premium
494556,Quantum
494572,Radiant
494588,Rainbow
494604,Rattler
494620,Reicher
494636,Reiches
494652,Roughie
494668,Samurai
494684,Sautant
494700,Scarlet
494716,Schweif
494732,Sereine
494748,Sergent
494764,Shinden
494780,Shining
494796,Shooter
494812,Smoking
494828,Souffle
494844,Special
494860,Stylish
494876,Sumpter
494892,Tempest
494908,Tempete
494924,Thunder
494940,Tornado
494956,Torpedo
494972,Tristan
494988,Trooper
495004,Trotter
495020,Typhoon
495036,Unicorn
495052,Vengeur
495068,Vermeil
495084,Victory
495100,Warrior
495116,Weisser
495132,Weisses
495148,Western
495164,Whisper
495180,Winning
495196,Zetsuei
495212,Zillion
495228,Baroness
495244,Battante
495260,Blizzard
495276,Cannelle
495292,Capucine
495308,Cerulean
495324,Chanceux
495340,Charisma
495356,Charmant
495372,Chocolat
495388,Claybank
495404,Comtesse
495420,Coureuse
495436,Danseuse
495452,Duchesse
495468,Ecarlate
495484,Elegante
495500,Emeraude
495516,Farceuse
495532,Farfadet
495548,Fringant
495564,Gagnante
495580,Galloper
495596,Galopant
495612,Geoelter
495628,Geoeltes
495644,Geschoss
495660,Gorgeous
495676,Hanakaze
495692,Highland
495708,Hyperion
495724,Illusion
495740,Immortal
495756,Imperial
495772,Incarnat
495788,Infinity
495804,Innocent
495820,Jacinthe
495836,Kaiserin
495852,Kristall
495868,Maharaja
495884,Maharani
495900,Marquise
495916,Mataemon
495932,Meilleur
495948,Mercedes
495964,Myosotis
495980,Nebulous
495996,Negative
496012,Nenuphar
496028,Northern
496044,Northern
496060,Obsidian
496076,Orageuse
496092,Orchidee
496108,Parfaite
496124,Patiente
496140,Peureuse
496156,Positive
496172,Princely
496188,Princess
496204,Prodigue
496220,Puissant
496236,Restless
496252,Rhapsody
496268,Roadster
496284,Rutilant
496300,Sautante
496316,Schwarze
496332,Shooting
496348,Silberne
496364,Southern
496380,Speciale
496396,Stallion
496412,Stardust
496428,Surusumi
496444,Tonnerre
496460,Trotteur
496476,Ultimate
496492,Universe
496508,Vaillant
496524,Vengeuse
496540,Xanthous
496556,Zeppelin
496572,Ambitious
496588,Audacieux
496604,Ballistic
496620,Beautiful
496636,Brilliant
496652,Campanule
496668,Capitaine
496684,Chanceuse
496700,Charmante
496716,Clematite
496732,Clochette
496748,Coriandre
496764,Crackling
496780,Destroyer
496796,Excellent
496812,Fantastic
496828,Feathered
496844,Fringante
496860,Galopante
496876,Gingembre
496892,Hurricane
496908,Ichimonji
496924,Impetueux
496940,Incarnate
496956,Lightning
496972,Matsukaze
496988,Meilleure
497004,Menestrel
497020,Merciless
497036,Pendragon
497052,Princesse
497068,Printemps
497084,Puissante
497100,Quadrille
497116,Rosinante
497132,Rutilante
497148,Schwarzer
497164,Schwarzes
497180,Silberner
497196,Silbernes
497212,Sparkling
497228,Speedster
497244,Tournesol
497260,Transient
497276,Trotteuse
497292,Turbulent
497308,Twinkling
497324,Vaillante
497340,Valentine
497356,Velocious
497372,Vermeille
497388,Wonderful
497404,Amatsukaze
497420,Audacieuse
497436,Benevolent
497452,Blistering
497468,Brilliance
497484,Bucephalus
497500,Challenger
497516,Excellente
497532,Impetueuse
497548,Invincible
497564,Malevolent
497580,Millennium
497596,Tranquille
497612,Turbulente
497628,Destruction
497644,Firecracker
499808,poi0f
499853,thk1
500072,poi0
510642,fdo1
510659,fdo1
510677,fdi1
511908,fdo1
511925,fdo1
511943,fdi1
513087,fdo1
513104,fdo1
513122,fdi1
513139,fdi1
513241,fdo1
513258,fdo1
513276,fdi1
513293,fdi1
513913,BJ3a
513934,tlb0+3a
513957,tlb1+3a
513980,tlb0+3a
514003,tlb1f
514018,thk1+3a
514073,thk2+3a
514096,tlb0+3a
514143,tlb1f
514158,tlb0+3a
514205,tlb1f
514220,tlb0+3a
514243,tlb1
514293,tlb0+3a
514324,tlb1
514387,tlb0+3a
514434,tlb1
514465,tlb0+3a
514512,tlb1
514543,tlb0+3a
514630,tlb1
514661,tlb0+3a
514708,tlb1
514739,tlb0+3a
514802,tlb1
514836,tlb0+3a
514899,tlb1f
514914,tlb0+3a
514945,tlb1
514982,tlb0+3a
515021,tlb1
515144,tlb0+3a
515215,tlb1
515246,tlb0+3a
515317,tlb1
515348,tlb0+3a
515419,tlb1
515450,tlb0+3a
515521,tlb1
515544,tlb0+3a
515575,tlb1
515628,tlb0+3a
515667,tlb1
515693,tlb0+3a
515740,tlb1
515766,tlb0+3a
515853,tlb1
515879,tlb0+3a
515926,tlb1
515952,tlb0+3a
516015,tlb1
516049,tlb0+3a
516161,tlb0+3a
516281,tlb0+3a
516320,tlb1
516346,tlb0+3a
516393,tlb1
516419,tlb0+3a
516506,tlb1
516532,tlb0+3a
516579,tlb1
516605,tlb0+3a
516668,tlb1
516676,BJ3a
516697,tlb0+3a
517544,tlk0
517567,tlk1
517586,tlk0
517635,tlk0
517666,tlk1
517699,tlk0
517726,tlk1
517759,tlk0
517786,tlk1
517805,tlk0
517824,tlk1
518734,fdo1
518751,fdo1F
520209,s190
520229,fdi1
522418,fdo1
522450,s190N
522631,fdi1
523152,hi07
523234,kue0
523427,fdo1
523459,s190
524636,s191
524656,fdi1
524768,fdo1
524800,s191
525355,s192
525375,fdi1
525398,hi09
525440,hi07
525540,s208
525560,fdi1
525580,joy0
525613,hi09
525649,joy0
525685,hi07
525756,s192
525776,fdi1
525829,kue0
525895,joy0
525979,s192
525999,fdi1
526200,s192
526220,fdi1
526243,hi09
526285,hi07
526388,s208
526408,fdi1
526428,joy0
526461,hi09
526497,joy0
526533,hi07
526604,s192
526624,fdi1
526677,kue0
526743,joy0
526827,s192
526847,fdi1
527048,s192
527068,fdi1
527091,hi09
527133,hi07
527236,s208
527256,fdi1
527276,joy0
527309,hi09
527345,joy0
527381,hi07
527452,s192
527472,fdi1
527525,kue0
527591,joy0
527675,s192
527695,fdi1
527896,s192
527916,fdi1
527939,hi09
527981,hi07
528084,s208
528104,fdi1
528124,joy0
528157,hi09
528193,joy0
528229,hi07
528300,s192
528320,fdi1
528373,kue0
528439,joy0
528523,s192
528543,fdi1
528744,s192
528764,fdi1
528787,hi09
528829,hi07
528932,s208
528952,fdi1
528972,joy0
529005,hi09
529041,joy0
529077,hi07
529148,s192
529168,fdi1
529221,kue0
529287,joy0
529371,s192
529391,fdi1
529544,fdo1
529591,s208
529717,s200
529737,fdi1
529825,s200
529845,fdi1
529920,s200
529940,fdi1
530019,s200
530039,fdi1
530187,s200
530207,fdi1
530295,s200
530315,fdi1
530390,s200
530410,fdi1
530489,s200
530509,fdi1
530657,s200
530677,fdi1
530765,s200
530785,fdi1
530860,s200
530880,fdi1
530959,s200
530979,fdi1
531127,s200
531147,fdi1
531235,s200
531255,fdi1
531330,s200
531350,fdi1
531429,s200
531449,fdi1
531597,s200
531617,fdi1
531705,s200
531725,fdi1
531800,s200
531820,fdi1
531899,s200
531919,fdi1
532141,fdo1
532173,s193
532604,s191
532624,fdi1
532768,s191
532788,fdi1
532924,s191
532944,fdi1
533096,s191
533116,fdi1
533260,s191
533280,fdi1
533416,s191
533436,fdi1
533588,s191
533608,fdi1
533752,s191
533772,fdi1
533908,s191
533928,fdi1
534080,s191
534100,fdi1
534244,s191
534264,fdi1
534400,s191
534420,fdi1
534572,s191
534592,fdi1
534736,s191
534756,fdi1
534892,s191
534912,fdi1
535025,fdo1
535057,s191
535437,s196
535457,fdi1
535540,hi07
535604,s196
535624,fdi1
535707,hi07
535771,s196
535791,fdi1
535874,hi07
535938,s196
535958,fdi1
536041,hi07
536105,s196
536125,fdi1
536208,hi07
536298,s199
536318,fdi1
536353,kue0
536404,joyb
536468,s199
536488,fdi1
536523,kue0
536574,joyb
536638,s199
536658,fdi1
536693,kue0
536744,joyb
536808,s199
536828,fdi1
536863,kue0
536914,joyb
536978,s199
536998,fdi1
537033,kue0
537084,joyb
537169,s192
537189,fdi1
537224,nak0E
537239,nak2
537353,s192
537373,fdi1
537408,nak0E
537423,nak2
537537,s192
537557,fdi1
537592,nak0E
537607,nak2
537721,s192
537741,fdi1
537776,nak0E
537791,nak2
537905,s192
537925,fdi1
537960,nak0E
537975,nak2
538126,s197
538146,fdi1
538267,s193
538287,fdi1
538370,s193
538390,fdi1
538489,s197
538509,fdi1
538630,s193
538650,fdi1
538733,s193
538753,fdi1
538852,s197
538872,fdi1
538993,s193
539013,fdi1
539096,s193
539116,fdi1
539215,s197
539235,fdi1
539356,s193
539376,fdi1
539459,s193
539479,fdi1
539578,s197
539598,fdi1
539719,s193
539739,fdi1
539819,s193
539839,fdi1
539889,hi07
540014,fdo1
540076,s194
540176,joy0
540298,kue0
540349,hi07
540393,joy0
540559,s199
540582,s195
540602,hi07
540658,s198
540737,s194
540884,fdo1
540916,s190
541078,s207
541134,s206
541182,s204
541259,s206
541315,s206
541363,s204
541482,s204
541567,s207
541623,s206
541671,s204
541748,s206
541804,s206
541852,s204
541971,s204
542056,s207
542112,s206
542160,s204
542237,s206
542293,s206
542341,s204
542460,s204
542545,s207
542601,s206
542649,s204
542726,s206
542782,s206
542830,s204
542949,s204
543034,s207
543090,s206
543138,s204
543215,s206
543271,s206
543319,s204
543438,s204
543461,fdi1
543495,who1
543557,s207
543616,whi1
543633,s205
543686,who1
543733,s209
543842,s204
543862,whi1
543879,whi1
543953,s204
543973,whi1
543990,whi1
544020,s204
544040,whi1
544057,whi1
544130,s204
544150,whi1
544167,whi1
544241,s204
544261,whi1
544278,whi1
544308,s204
544328,whi1
544345,whi1
544418,s204
544438,whi1
544455,whi1
544529,s204
544549,whi1
544566,whi1
544596,s204
544616,whi1
544633,whi1
544706,s204
544726,whi1
544743,whi1
544817,s204
544837,whi1
544854,whi1
544884,s204
544904,whi1
544921,whi1
544994,s204
545014,whi1
545031,whi1
545105,s204
545125,whi1
545142,whi1
545172,s204
545192,whi1
545209,whi1
545230,fdo1
545262,s204
547330,s207
547350,whi1
547367,whi1
547427,s206
547447,whi1
547464,whi1
547532,s204
547552,whi1
547569,whi1
547642,s207
547662,whi1
547679,whi1
547739,s206
547759,whi1
547776,whi1
547844,s204
547864,whi1
547881,whi1
547954,s207
547974,whi1
547991,whi1
548051,s206
548071,whi1
548088,whi1
548156,s204
548176,whi1
548193,whi1
548266,s207
548286,whi1
548303,whi1
548363,s206
548383,whi1
548400,whi1
548468,s204
548488,whi1
548505,whi1
548578,s207
548598,whi1
548615,whi1
548675,s206
548695,whi1
548712,whi1
548780,s204
548800,whi1
548817,whi1
548891,s206
548911,whi1
548928,whi1
548988,s206
549008,whi1
549025,whi1
549093,s204
549113,whi1
549130,whi1
549203,s206
549223,whi1
549240,whi1
549300,s206
549320,whi1
549337,whi1
549405,s204
549425,whi1
549442,whi1
549515,s206
549535,whi1
549552,whi1
549612,s206
549632,whi1
549649,whi1
549717,s204
549737,whi1
549754,whi1
549827,s206
549847,whi1
549864,whi1
549924,s206
549944,whi1
549961,whi1
550029,s204
550049,whi1
550066,whi1
550139,s206
550159,whi1
550176,whi1
550236,s206
550256,whi1
550273,whi1
550341,s204
550361,whi1
550378,whi1
550599,fdo1
550631,s190
550674,s201
550722,s202
550762,s203
550782,fdi1
550805,fdo1
550867,s203
550888,fdo1
550920,s190
550966,s201
551014,s202
551054,s203
551074,fdi1
551097,fdo1
551159,s203
551180,fdo1
551212,s190
551258,s201
551306,s202
551346,s203
551366,fdi1
551389,fdo1
551451,s203
551472,fdo1
551504,s190
551550,s201
551598,s202
551638,s203
551658,fdi1
551681,fdo1
551743,s203
551764,fdo1
551796,s190
551842,s201
551890,s202
551930,s203
551950,fdi1
551973,fdo1
552035,s203
552056,fdo1
552088,s190
552134,s201
552182,s202
552222,s203
552242,fdi1
552265,fdo1
552327,s203
555908,ItemDepository
555940,Melody_Minstrel
555972,Weather_Report
556004,Traveling_Bard
556036,Reputation
556085,Immigration
556117,Teleportation
556149,ArmorDepository
556181,Melody_Minstrel
556213,Pursuivant
556262,Gold_World_Pass
556294,Melody_Minstrel
562054,m212
562071,m212
562097,m312
562114,m312
562140,m412
562157,m412
562183,m512
562200,m512
562226,m612
562243,m612
562583,qstc
563099,m101
563116,m101
563142,m102
563159,m102
563185,m103
563202,m103
563228,m104
563245,m104
563271,m105
563288,m105
563314,m106
563331,m106
563357,m107
563374,m107
563400,m108
563417,m108
563443,m109
563460,m109
563486,m110
563503,m110
563529,m111
563546,m111
563583,m201
563600,m201
563626,m202
563643,m202
563669,m203
563686,m203
563712,m204
563729,m204
563755,m205
563772,m205
563798,m206
563815,m206
563841,m207
563858,m207
563884,m208
563901,m208
563927,m209
563944,m209
563970,m210
563987,m210
564013,m211
564030,m211
564067,m301
564084,m301
564110,m302
564127,m302
564153,m303
564170,m303
564196,m304
564213,m304
564239,m305
564256,m305
564282,m306
564299,m306
564325,m307
564342,m307
564368,m308
564385,m308
564411,m309
564428,m309
564454,m310
564471,m310
564497,m311
564514,m311
564551,m401
564568,m401
564594,m402
564611,m402
564637,m403
564654,m403
564680,m404
564697,m404
564723,m405
564740,m405
564766,m406
564783,m406
564809,m407
564826,m407
564852,m408
564869,m408
564895,m409
564912,m409
564938,m410
564955,m410
564981,m411
564998,m411
565035,m501
565052,m501
565078,m502
565095,m502
565121,m503
565138,m503
565164,m504
565181,m504
565207,m505
565224,m505
565250,m506
565267,m506
565293,m507
565310,m507
565336,m508
565353,m508
565379,m509
565396,m509
565422,m510
565439,m510
565465,m511
565482,m511
565519,m601
565536,m601
565562,m602
565579,m602
565605,m603
565622,m603
565648,m604
565665,m604
565691,m605
565708,m605
565734,m606
565751,m606
565777,m607
565794,m607
565820,m608
565837,m608
565863,m609
565880,m609
565906,m610
565923,m610
565949,m611
565966,m611
566140,fdo1
566160,dor2
566892,tlk1E+
567609,main
568846,tlk0
568865,tlk1
568887,fdo1
568904,fdo1F
568949,tls0
568966,fdi1
569023,tls0E
569038,tls1
569055,tlk0
569074,tlk1
569093,fdo1
569110,fdo1R
569125,tls1F
569145,fdi1
569252,tlk0
569300,tlk1
569346,tlk0
569369,tlk1
569395,tlk0
569422,tlk1
569457,tlk0
569525,tlk0
569556,tlk1
569579,tlk0
569644,tlk0
569712,tlk0
569739,tlk1
569772,tlk0
569803,tlk1
569826,tlk0
569896,tlk0
569969,tlk0
569996,tlk1
570033,tlk0
570103,tlk1
570149,tlk0
570198,tlk1
570224,tlk0
570251,tlk1
570277,tlk0
570304,tlk1
570347,tlk0
570396,tlk0
570456,tlk0
570515,tlk1
570534,tlk0
570583,tlk0
570633,tlk1
570652,tlk0
570704,tlk0
570731,tlk1
570759,tlk0
570799,tlk1
570845,tlk0
570897,tlk1
570923,tlk0
570956,tlk1
570995,tlk0
571021,Gondebaud
571097,tlk0
571115,Gondebaud
571197,tlk0
571228,tlk1
571260,tlk0
571299,tlk1
571350,tlk0
571381,tlk1
571407,tlk0
571430,tlk1
571456,tlk0
571483,tlk1
571509,tlk0
571536,tlk1
571579,tlk0
571660,tlk0
571741,tlk0
571784,tlk0
571811,tlk1
571834,tlk0
571865,tlk1
571893,tlk0
571932,tlk1
571960,tlk0
571999,tlk1
572045,tlk0
572101,tlk1
572127,tlk0
572163,tlk1
572189,tlk0
572224,tlk1
572263,tlk0
572308,tlk0
572369,tlk0
572426,tlk1
572454,tlk0
572493,tlk1
572539,tlk0
572588,tlk1
572614,tlk0
572658,tlk1
572697,tlk0
572768,tlk0
572841,tlk0
572864,tlk1
572902,tlk0
572930,tlk1
572958,tlk0
572989,tlk1S
573002,tlk1
573089,tlk0
573124,tlk1
573150,tlk0
573197,tlk1
573223,tlk0
573262,tlk1
573288,tlk0
573319,tlk1
574668,sa00
574714,sa00E
574729,sa01
574813,sa01E
574828,sa02
574845,tlk0+
574866,tlk0
574884,tlk1R
574899,sa02E
574914,sa04
574946,tla0+Da
574982,fd00
575000,tla1R
575015,sa04E
575030,sa03
575045,tlk1'
575101,utu0
575119,sa03E
575134,sa05
575172,fh00
575190,sa05E
575205,sa06
575265,tlk0+
575286,tlk0
575304,tlk1SDa
575347,tld0
575365,sa06E
575380,sa07
575418,fd00
575436,sa07E
575451,sa08
575468,tlk0+
575489,tlk0
575537,tld1
575555,sa08E
575570,sa09
575585,tld1
575606,hdb0+Da
575627,hdb0
575651,hdb1R
575666,sa09E
575681,sa10
575698,tlk0+
575719,tlk0
575737,tlk1R
575752,sa10E
575767,sa11
575789,tha0+Da
575810,tha0
575828,tha1R
575843,sa11E
575858,sa12
575885,thk1+
575906,thk1
575924,thk2R
575939,sa12E
575954,sa13
575986,hdb0+Da
576022,fg00
576040,sa13E
576055,sa14
576072,tlk0
576113,fh01
576131,tlk1R
576146,sa14E
576161,sa15
576189,sa15E
576251,sa16
576283,thk1
576314,sa16E
576329,sa17
576357,sa17E
576372,sa18
576430,hdb1
576448,sa18E
576463,sa19
576511,tha0+Da
576555,tha1SDa
576568,tha1
576619,f000J
576661,ovDa
576678,sa20
576701,tlb0+Da
576727,tlb1R
576742,sa20E
576757,sa22
576822,kia0
576840,sa22E
576855,sa21
576946,sa21kidl0Da
576972,fdi2
577220,tlk0
577238,sb00
577277,sb00E
577292,sb02
577332,hdb0
577350,tlk1R
577365,sb02E
577380,sb03
577418,fd00
577436,sb03E
577451,sb04
577483,tlk0+
577509,sb04E
577524,sb05
577552,tlk1R
577567,sb05E
577582,sb06
577614,hdb1+Da
577650,fg00
577668,sb06E
577683,sb07
577715,tlk0+
577741,sb07E
577756,sb08
577784,tlk1R
577799,sb08E
577814,sb09
577831,yes0+Da
577855,yes0R
577870,sb09E
577885,sb10
577902,thk1+
577923,thk1
577971,odo0
577989,sb10E
578004,sb11
578042,fg00
578060,sb11E
578075,sb21
578092,utu0
578110,tlk0+
578136,tlk1R
578151,sb21E
578166,sb12
578198,utu1SDa
578226,no00SDa
578239,no00
578275,f000
578361,sb13
578384,sb13E
578399,sb14
578422,pul0+Da
578446,pul0y
578483,sb14E
578498,sb15
578504,ovDa
578521,hdb0+Da
578542,hdb0n
578577,hdb1R
578592,sb15E
578607,sb16
578652,kia0
578670,sb16E
578685,st04
578765,st04E
578780,sb17
578812,tha0+Da
578833,tha0
578851,tha1R
578866,sb17E
578881,sb18
578896,tha1y
578921,tlb0+Da
578947,tlb1n
578977,sb18E
578992,sb19
579027,tha0+Da
579048,tha0
579076,tha1
579094,sb19E
579109,sb20
579139,tlb0+Da
579165,tlb1n
579201,sb20F
579218,fdi2
579460,sc00
579483,sc00E
579498,sc08
579518,sc08E
579533,sc01
579571,ovDa
579588,hdb0+Da
579614,sc01E
579629,sc02
579693,sc02E
579708,sc03
579728,tlk0
579759,hdb1R
579774,sc03E
579789,sc04
579814,fd01
579832,tlk1R
579847,sc04E
579862,sc05
579905,fd00
579923,sc05E
579938,sc06
579955,tlk0+
579981,tlk1R
579996,sc06E
580011,sc07
580028,aan1n
580053,tlk1'
580137,fdi2
580351,sd01
580387,tlk0+
580408,tlk0
580426,sd01E
580441,sd02
580499,tlk1R
580514,sd02E
580529,sd03
580567,fd00
580585,sd03E
580600,sd04
580647,tlk0+
580701,yes0
580719,tlk1R
580734,sd04E
580749,sd06
580787,fh00
580805,sd06E
580820,sd07
580850,tlk0+
580876,tlk1R
580891,sd07E
580906,sd08
580946,sd08E
580961,sd09
580978,f000JDa
581014,ovDa
581046,tlb0+Da
581072,tlb1n
581119,sd09E
581134,sd10
581177,sd10E
581192,sd11
581229,tlk0+
581255,sd11E
581270,sd12
581298,tlk1SDa
581311,tlk1R
581326,sd12E
581341,sd13
581358,thk1+
581397,thk2R
581412,sd13E
581427,sd15
581455,sd15E
581470,sd14
581485,thk2y
581530,sd14F
581547,fdi2
582067,s000
582134,opa0E
582194,dsh0
582256,s002
582410,kidl0Da
582543,tlk0
582561,tlk1n
582817,pas0
582835,kyo0f
582865,pas0
582988,kil0
583005,kil2
583366,kidl0Da
583410,tha0
583565,fc01+Da
583620,tha1+Da
583643,fc00
583698,fdi2
583878,k010
583938,k010E
583953,k020
583992,k020E
584007,k100
584038,thk1
584067,who1
584084,who1
584091,kidl0
584147,fh01
584165,efon
584182,whi1
584199,whi1
584229,tla0
584247,k100E
584262,k055
584294,tla1
584312,thk1SDa
584355,hdb0
584373,k055E
584388,k050
584408,who1
584425,efof
584442,who1
584505,thk1
584523,k050E
584538,k010
584558,whi1
584575,whi1
584603,thk2
584632,k010E
584647,k030
584664,tlk0+
584687,tlk1
584751,k030E
584766,k060
584794,tlk0
584828,k060E
584843,k070
584868,tlk1'
584932,thk1+
584958,k070E
584973,k060
584998,thk2R
585013,k060E
585028,k080
585053,who1
585070,who1
585155,efon
585172,whi1
585189,whi1J
585235,k080E
585250,k090
585280,who1
585297,efof
585314,who1
585390,whi1
585407,whi1
585433,blof
585473,k090F
585490,fdi2
585525,fdi0
585542,fdi0
585558,fdo0
585575,fdo0
585591,fdi1
585608,fdi1
585624,fdo1
585641,fdo1
585657,whi1
585674,whi1
585690,who1
585707,who1
585723,who2
585740,who2
585756,who3
585773,who3
585789,main
585809,fdo1
585826,fdo1
585842,fdi1
585859,main
585879,fdi1
585895,blon
585912,blon
585930,whi0
585947,whi0
585963,who0
585980,who0
585996,efon
586013,efon
586029,fdis
586047,fdos
586064,fdos
586080,fdif
586098,fdof
586115,fdof
586131,fdip
586149,fdop
586166,fdop
587131,yes0SDa
587159,tla0
587182,utu0
587200,pul0
587234,aan0SDa
587247,aan0
587664,fdi0
587681,fdi0
587697,fdo0
587714,fdo0
587730,fdi1
587747,fdi1
587763,fdo1
587780,fdo1
587796,whi1
587813,whi1
587829,who1
587846,who1
587862,who2
587879,who2
587895,who3
587912,who3
587928,main
587948,fdo1
587965,fdo1
587981,fdi1
587998,main
588018,fdi1
588034,blon
588051,blon
588069,whi0
588086,whi0
588102,who0
588119,who0
588135,efon
588152,efon
588168,fdis
588186,fdos
588203,fdos
588219,fdif
588237,fdof
588254,fdof
588270,fdip
588288,fdop
588305,fdop
588478,eton
589007,fdo1
592689,fdo1
592706,fdo1EN
592721,fdi1
592738,fdi1
593548,fdo1
593565,fdo1
593645,fdi1
593662,fdi1
600673,fdo1
600690,fdo1EN
600705,fdi1
600722,fdi1
601532,fdo1
601549,fdo1
601629,fdi1
601646,fdi1
643211,tlk0
643229,thk0
643274,twa0
643329,tlk0
643683,tlk0
643701,thk0
643746,twa0
643801,tlk0
644159,tlk0
644177,thk0
644222,twa0
644277,tlk0
644585,hap0
644672,hap1
644762,gak0+Qa
644783,gak1
644807,exp0+Qa
644828,exp1
644855,job0+Qa
644888,job1
644934,ovQa
644949,dan2
644972,dae2JQa
645041,new0+Qa
645062,new1+Qa
645119,ovQa
645134,dan2
645150,dae2JQa
645223,gak0+Qa
645257,gak1
645289,new0+Qa
645318,new1
645359,ovQa
645374,dan2
645405,dae2JQa
645458,dae2JQa
645488,new0+Qa
645509,new1+Qa
645544,hap0+Qa
645607,hap1
645631,new0+Qa
645652,new1+Qa
645710,tlk0+Qa
645731,tlk1
647035,ovRa
648175,in00
648445,in00
648715,in00
649129,in00
649495,in00
649829,in00
650083,in00
650337,in00
667340,tPHi
670721,N-NEN
672265,ovSa
672293,cp01
672321,cp02
672349,cp03
672377,cp04
672405,cp05
672433,cp06
672565,cp01R
672580,cp02R
672595,cp03R
672610,cp04R
672625,cp05R
672640,cp06E
672684,fdi2
673064,ovSa
673092,cp01
673120,cp02
673148,cp03
673176,cp04
673204,cp05
673232,cp06
673260,cp07
673288,cp08
673316,cp09
673344,cp10
673372,cp11
673400,cp12
673428,cp13
673837,cp01R
673852,cp02R
673867,cp03R
673882,cp04R
673897,cp05R
673912,cp06R
673927,cp07R
673942,cp08R
673957,cp09R
673972,cp10R
673987,cp11R
674002,cp12R
674017,cp13E
674061,fdi2
674441,ovSa
674469,cp01
674497,cp02
674525,cp03
674553,cp04
674581,cp05
674609,cp06
674637,cp07
674665,cp08
674693,cp09
674721,cp10
674749,cp11
674777,cp12
674805,cp13
675214,cp01R
675229,cp02R
675244,cp03R
675259,cp04R
675274,cp05R
675289,cp06R
675304,cp07R
675319,cp08R
675334,cp09R
675349,cp10R
675364,cp11R
675379,cp12R
675394,cp13E
675438,fdi2
675674,ovSa
675702,cp01
675730,cp02
675758,cp03
675786,cp07
675814,cp08
675842,cp09
675870,cp13
675944,cp01R
675959,cp02R
675974,cp03R
675989,cp07R
676004,cp08R
676019,cp09R
676034,cp13E
676078,fdi2
676314,ovSa
676342,cp01
676370,cp02
676398,cp03
676426,cp07
676454,cp08
676482,cp09
676510,cp13
676584,cp01R
676599,cp02R
676614,cp03R
676629,cp07R
676644,cp08R
676659,cp09R
676674,cp13E
676718,fdi2
676930,ovSa
676958,cp04
676986,cp05
677014,cp06
677042,cp10
677070,cp11
677098,cp12
677199,cp04R
677214,cp05R
677229,cp06R
677244,cp10R
677259,cp11R
677274,cp12E
677318,fdi2
677530,ovSa
677558,cp04
677586,cp05
677614,cp06
677642,cp10
677670,cp11
677698,cp12
677799,cp04R
677814,cp05R
677829,cp06R
677844,cp10R
677859,cp11R
677874,cp12E
677918,fdi2
678298,ovSa
678326,cp01
678354,cp02
678382,cp03
678410,cp04
678438,cp05
678466,cp06
678494,cp07
678522,cp08
678550,cp09
678578,cp10
678606,cp11
678634,cp12
678662,cp13
679071,cp01R
679086,cp02R
679101,cp03R
679116,cp04R
679131,cp05R
679146,cp06R
679161,cp07R
679176,cp08R
679191,cp09R
679206,cp10R
679221,cp11R
679236,cp12R
679251,cp13E
679295,fdi2
679314,fdi0
679331,fdi0
679347,fdo0
679364,fdo0
679380,fdi1
679397,fdi1
679413,fdo1
679430,fdo1
679446,whi1
679463,whi1
679479,who1
679496,who1
679512,who2
679529,who2
679545,who3
679562,who3
679578,main
679598,fdo1
679615,fdo1
679631,fdi1
679648,main
679668,fdi1
679684,blon
679701,blon
679719,whi0
679736,whi0
679752,who0
679769,who0
679785,efon
679802,efon
679818,fdis
679836,fdos
679853,fdos
679869,fdif
679887,fdof
679904,fdof
679920,fdip
679938,fdop
679955,fdop
680134,ovSa
681075,N#+Sa
683127,H++Sa
683165,n++Sa
683644,M-+Sa
683682,s-+Sa
684415,P0+Sa
684434,c0+Sa
684453,v0+Sa
684927,P2+Sa
684946,c2+Sa
684957,c2+Sa
685429,F4+Sa
685448,Y4+Sa
685467,l4+Sa
685680,A5+Sa
685699,T5+Sa
685718,g5+Sa
685729,g5+Sa
686206,Z7+Sa
686236,m7+Sa
692068,tlk0
692092,tlk1
692121,pas0S
692134,pas0
701546,s026
701601,main
701634,s026
701652,s027
701734,s027E
701749,s030
701778,s027
701801,s029
701829,s029
701849,s028
701882,s028R
702000,s027E
702015,s031
702074,s031E
702089,s032
702126,s032E
702141,s033
702158,tlk0
702184,tlk1R
702199,s033
702222,s035
702250,s035
702270,s034
702303,s034R
702318,s035E
702333,s036
702379,s036
702405,s034R
702420,s035E
702435,s036
702468,s036E
702483,s037
702500,tlk0
702526,tlk1SVa
702539,tlk1
702567,s037
702585,s038
702662,kidl0Va
702691,s038E
702706,s039
702732,tlk0
702758,tlk1SVa
702771,tlk1R
702786,s039
702809,s041
702837,s041
702857,s040
702889,thk1
702908,s040R
702923,s041E
702938,s042
702955,thk2y
703006,s042E
703021,s043
703041,trg0
703061,s043E
703076,s044
703093,tlk0
703128,s044E
703143,s045
703168,s045E
703183,s046
703208,tlk1SVa
703221,tlk1
703239,s046E
703254,s047
703293,s047
703316,s048
703353,s048EG
703368,s007
703407,s007E
703422,s049
703450,s049
703467,tlk0
703503,tlk1SVa
703516,tlk1kidl0
703543,s049
703566,s004
703594,s004
703622,s005
703650,s005
703678,s004
703698,s050
703725,s050RG
703740,s004RG
703755,s004E
703770,s051
703847,bru0
703862,kidl0Wa
703885,s051EG
703900,s006
703932,trg0
703985,ovWa
704092,qstc
704109,fdi2
704667,tlk0
704689,tlk1
704715,tlk0
704737,tlk1
704763,tlk0
704785,tlk1
704811,tlk0
704833,tlk1
704895,tlk0
704921,tlk1
704947,tlk0
704973,tlk1
704999,tlk0
705029,tlk1
705055,tlk0
705081,tlk1
712529,fdi0
712546,fdi0
712562,fdo0
712579,fdo0
712595,fdi1
712612,fdi1
712628,fdo1
712645,fdo1
712661,whi1
712678,whi1
712694,who1
712711,who1
712727,who2
712744,who2
712760,who3
712777,who3
712793,main
712813,fdo1
712830,fdo1
712846,fdi1
712863,main
712883,fdi1
712899,blon
712916,blon
712934,whi0
712951,whi0
712967,who0
712984,who0
713000,efon
713017,efon
713033,fdis
713051,fdos
713068,fdos
713084,fdif
713102,fdof
713119,fdof
713135,fdip
713153,fdop
713170,fdop
713863,tlk0
713916,tlk0
713959,tlk0
714199,tlk0
714302,tlk0
714334,tlk0
714450,tlk0
714560,hap0
714600,open
714644,clos
714666,tlk0
714685,pas0S
714743,tlk0
714788,tlk0
714897,hap0
714965,open
715009,clos
715031,tlk0
715050,pas0S
715063,pas0
715095,open
715182,pas0S
715208,closSZa
715221,clos
715246,tlk0
715311,tlk0.
715340,tlk0
715368,tlk0
715396,tlk0
715438,tlk0
715580,tlk0
715612,tlk0
715640,tlk0
715669,tlk0
715821,main
715857,main
719294,kidl0
719330,cry0
719346,cry0
719363,mit0
719379,mit0
719395,tlk0S
719408,tlk0
719424,tlk1S
719437,tlk1
719453,tlk0S
719466,tlk0
719482,tlk1S
719495,tlk1
737049,main
737066,main
737238,main
737255,main
737335,fdi0
737352,fdi0
737368,fdo0
737385,fdo0
737401,fdi1
737418,fdi1
737434,fdo1
737451,fdo1
737467,whi1
737484,whi1
737500,who1
737517,who1
737533,who2
737550,who2
737566,who3
737583,who3
737599,main
737619,fdo1
737636,fdo1
737652,fdi1
737669,main
737689,fdi1
737705,blon
737722,blon
737740,whi0
737757,whi0
737773,who0
737790,who0
737806,efon
737823,efon
737839,fdis
737857,fdos
737874,fdos
737890,fdif
737908,fdof
737925,fdof
737941,fdip
737959,fdop
737976,fdop
738192,bru0
738208,bru0
738247,trg0
738375,Pieuje
738400,Ayame
738450,Apururu
738475,Maat
738500,Aldo
738575,Flaviria
738600,Abquhbah
738625,Yoran-Oran
738650,Sylvie
739988,fdi0
740005,fdi0
740021,fdo0
740038,fdo0
740054,fdi1
740071,fdi1
740087,fdo1
740104,fdo1
740120,whi1
740137,whi1
740153,who1
740170,who1
740186,who2
740203,who2
740219,who3
740236,who3
740252,main
740272,fdo1
740289,fdo1
740305,fdi1
740322,main
740342,fdi1
740358,blon
740375,blon
740393,whi0
740410,whi0
740426,who0
740443,who0
740459,efon
740476,efon
740492,fdis
740510,fdos
740527,fdos
740543,fdif
740561,fdof
740578,fdof
740594,fdip
740612,fdop
740629,fdop
740938,s018
740973,s018E
740988,s019
741040,s019E
741055,s014
741113,s000
741136,s000E
741151,s001
741184,s001
741207,s003
741235,s003
741255,s002
741303,s002R
741318,s003E
741333,s004
741423,s002R
741438,s003E
741453,s005
741501,s005
741524,s003
741552,s003
741572,s002
741620,s002R
741635,s003E
741650,s004
741750,s002R
741765,s003E
741780,s006
741824,s006
741847,s008
741875,s008
741895,s007
741952,s007R
741967,s008E
741982,s013
742010,s013
742033,s010
742061,s010
742081,s009
742135,s009R
742150,s010E
742165,s011
742228,s011E
742243,s012
742289,s012E
742304,s018
742360,s018
742383,s015
742411,s015
742439,s017
742467,s017
742495,s015
742515,s016
742552,s015R
742567,s016R
742582,s017E
742597,s014
742677,s014E
742692,s020
742761,s014E
742776,s021
742833,s021
742867,s021E
742882,s014
742905,s022
742947,s022E
742962,s023
743024,s023E
743039,s024
744744,deadn
745934,s024E
745949,s025
745992,s025E
746007,s026
746067,s026
746090,s028
746118,s028
746138,s027
746198,s027E
746213,s029
746278,s029
746301,s074
746329,s074
746357,s032
746385,s032
746413,s074
746433,s031
746507,s074R
746522,s031R
746537,s032E
746552,s033
746587,s029
746610,s074
746638,s074
746666,s032
746694,s032
746722,s074
746742,s031
746816,s074R
746831,s031R
746846,s032E
746861,s033
746896,s029
746919,s074
746947,s074
746975,s032
747003,s032
747031,s074
747051,s031
747125,s074R
747140,s031R
747155,s032E
747170,s033
747200,s002
747228,s033E
747243,s034
747274,ovVa
747304,s034E
747319,s035
747378,s004R
747393,s020R
747408,s035
747487,qstc
747504,fdi2
747638,exp0
747663,exp1
747680,tlk0
747709,tlk1
751393,fdo1
751410,fdo1
751448,tlk0
751467,tlk1f
751482,pas0S
751495,pas0
751531,tlk0
751550,tlk1f
751565,thk1
751616,tlk0
751635,tlk1
751653,fdo1
751670,fdo1
751777,tlk0
751796,tlk1
751814,fdo1
751831,fdo1
751867,thk1
751886,thk2f
751901,tlk0
751920,tlk1
752390,s006
752430,fdi1
752447,fdi0
752619,tlk0
752647,tlk1
752817,dis0
752836,fdo1
752853,fdo1
752889,s00672
752907,opx8
752926,fdi1
752943,fdi0
753238,dis0
753257,fdo1
753274,fdo1
753310,s00672
753328,opx8
753347,fdi1
753364,fdi0
753527,ton0Sma
753555,ton1
753588,kesu
753612,kesu
753636,kesu
753660,kesu
753684,kesu
753708,kesu
753732,kesu
753756,kesu
753780,kesu
753804,kesu
753828,kesu
753852,kesu
753876,kesu
753900,kesu
753924,kesu
753948,kesu
753972,kesu
753996,kesu
754020,kesu
754044,kesu
754068,kesu
754092,kesu
754116,kesu
754140,kesu
754164,kesu
754220,thk1
754239,thk2
754265,thk1
754284,thk2
754310,dis0
754360,tlk0
754379,tlk1f
754394,thk1
754413,thk2
754535,tlk0
754554,tlk1
754654,tlk0
754673,tlk1
754707,tlk0
754726,tlk1n
754777,fdo1
754794,fdo1
754823,fdo1
754840,fdo1
754876,s00672
754894,opx8
754913,fdi1
754930,fdi0
756514,s007
756534,fdi1
756551,fdi0
756686,tlk0
756781,thk1
756831,dis0
756850,fdo1
756867,fdo1
757101,opx8
757120,fdi1
757137,fdi0
757181,tlk0
757200,tlk1
757308,tlk0
757331,tlk1n
757431,fdo1
757448,fdo1
757541,thk1
757560,thk2
757589,thk1
757608,thk2
757643,dis0
757693,tlk0
757712,tlk1f
757727,thk1
757746,thk2
757764,fdo1
757781,fdo1
757817,s00772
758015,opx8
758034,fdi1
758051,fdi0
759047,s008
759138,fdi1
759186,fdi0
759341,tlk0
759364,tlk1
759977,dis0
759996,fdo1
760013,fdo1
760091,opx8
760110,fdi1
760127,fdi0
760231,dis0
760250,fdo1
760267,fdo1
760345,opx8
760364,fdi1
760381,fdi0
760767,s015
760784,s008
760988,dis0
761077,main
761094,main
761121,dis0
761199,dis0
761280,ovna
761314,main
761331,main
761443,main
761460,main
761502,tlk0
761521,tlk1'
761630,dis0
761697,fdo1
761714,fdo1
761762,s015N
761824,fdi1
761841,fdi0
761867,tlk0
761886,tlk1f
761901,pas0S
761914,pas0
761947,tlk0
761966,tlk1f
761981,thk1
762000,thk2
762347,yor0
762363,nak0
762379,ust0
764952,nak0
764968,iya0S
764996,iya1
765325,nak0
765341,yor0
765357,ust0
772990,hi06
773006,hi07
773086,hi06
773102,hi07
773182,hi06
773198,hi07
773265,hi07
773317,hi07
773369,hi07
773421,hi07
774042,exp0
774059,exp1H
774102,tlk0
774119,tlk1
774280,tlk0
774297,tlk1
774451,tlk0
774468,tlk1
774507,exp0
774557,tlk0
774579,tlk1
774604,tlk0
774624,tlk1
774649,tlk0
774669,tlk1
774688,tlk0
774705,tlk1
775533,hap0+
775577,tlk0+
775642,bru0+
775686,tlk0
775763,pas0+
775799,std0
775841,pas0+
775877,std0
775924,pas0+
775960,std0
776001,tlk0+
776037,std0
776070,tlk0+
776141,rstd
776747,s032
776793,s032
776925,s032
776976,s032
777027,s032
777110,s032
779553,open
780629,fdo1
780646,fdo1F
781016,s003
781036,fdi1
781053,fdi1'
781140,mar1
781252,k004
781347,bat1
781364,k004
781492,k004
781582,fdo1
781599,fdo1
781622,owri
781643,s002xz
781853,fdi0
781870,fdi0
782735,s007E
782750,s003
783060,s002E
783075,s005
783310,s002E
783325,s005
783591,s002E
783606,s005
784060,s006
785513,s003E
785528,s002
785747,s005
785770,s004
785790,s008
785852,s004
785870,s008
785924,s005
785947,s004
785967,s008
786040,s004
786058,s008
786112,s005
786140,s004
786160,s008
786212,s004
786230,s008
786264,s006E
786279,s007
791885,tlk0
791901,tlk1
792892,tlk0
792967,wht1
793010,tlk0
793057,bik0
793076,tlk0
793250,tlk0
793540,bik0
793559,tlk0
793818,fdo1
793835,fdo1
793958,fdi1
794706,bik0
794725,tlk0
794756,bik0
794775,tlk0
796796,fdi0
796813,fdi0
796829,fdo0
796846,fdo0
796862,fdi1
796879,fdi1
796895,fdo1
796912,fdo1
796928,whi1
796945,whi1
796961,who1
796978,who1
796994,who2
797011,who2
797027,who3
797044,who3
797060,main
797080,fdo1
797097,fdo1
797113,fdi1
797130,main
797150,fdi1
797166,blon
797183,blon
797201,whi0
797218,whi0
797234,who0
797251,who0
797267,efon
797284,efon
797300,fdis
797318,fdos
797335,fdos
797351,fdif
797369,fdof
797386,fdof
797402,fdip
797420,fdop
797437,fdop
797581,s032
798016,s032
798477,s032
798584,s032
798643,s032
798707,s032
798771,s032
798835,s032
798911,s032
800621,clp0
800637,clp0
800773,se00
800901,se00
801029,se00
801157,se00
801285,se00
801413,se00
801541,se00
801669,se00
802046,clp0
802088,clp0
802223,clp0
802569,clp0
802595,clp0
802611,clp0
802627,clp0
802643,clp0
802659,clp0
802896,clp0
802922,clp0
802938,clp0
802954,clp0
802970,clp0
802986,clp0
803182,s038
803200,clp0
803392,se01
803468,clp0
803504,se00
803580,clp0
803616,se00
803692,clp0
803728,se00
803777,s038
803795,clp0
803987,se01
804116,clp0
804152,se00
804291,clp0
804327,se00
804403,clp0
804439,se00
804496,s038
804567,clp0
804817,se01
804832,clp0
804929,se00
804944,clp0
805041,se00
805056,clp0
805153,se00
805168,clp0
805265,se00
807485,s038
807503,clp0
807579,se01
807594,clp0
807691,se00
807718,s021
808086,s031
808214,s032
814766,GFHd
814798,dFHd
814958,s032
815075,l000
815099,sp60
815138,se03
815392,s037
815465,s037
815496,s037
815564,s038
816068,fdi2
819270,se01
820777,se00
821088,s021
821152,main
821169,main
821202,s022
821239,eio0
821263,job0
821287,l001
821339,sp40
821418,l00b
821472,rstd
821490,rwr0
821514,sp00
821540,hi07
821592,fan5
821624,s001
821892,ss00
821910,ss00
825000,pnt0
825018,se02
825034,new0
825052,se02
825070,new1
825084,m001
825100,m003
825116,aya0
825172,hi09
825412,onmy
825432,ofmy
825529,onmy
825549,ofmy
830927,fdo1
830944,fdo1F
831414,s005
831458,fdi1
832447,ope2
832471,ope2
832495,ope2
832519,ope2
832543,ope2
832567,ope2
832627,deru
832940,fdo1
832957,fdo1
832992,fdi1
833405,fdo1
833445,s005x8
833469,fdi0
833486,fdi0
833578,mar1
833698,fdo1
833738,s005x8
833762,fdi0
833779,fdi0
834147,bat1
834407,fdo1
834447,s005x8
834471,fdi0
834488,fdi0
838592,fdo1
838609,fdo1F
838781,stat
839088,s000
839105,fdi1
839125,fdo1
839142,fdo1R
839157,s000E
839172,boff
839189,boffE
839204,fdi1
839221,s001
839257,stop
839472,s001E
839487,s002
839821,main
839959,stat
840116,stop
840174,s002E
840189,s003
840357,s003E
840372,s004
840517,s004E
840532,s005
840573,s005
840596,s007
840624,s007
840644,s006
840685,s007
840711,s007
840729,s006E
840744,s008
840870,s0z3
840896,fdi1
840996,s0z3E
841011,s008
841075,s008E
841090,s009
841144,s009E
841159,s010
841287,fdo1
841304,fdo1N
841379,s011
841418,fdi1
841438,s011E
841453,s012
841479,s012E
841494,s013
841514,tlk0
841555,tlk1
841595,s013E
841610,s014
841686,fdo1
841703,fdo1
841734,s014F
841751,fdi1
841905,fdo1
841922,fdo1
842564,fdo1
842581,fdo1+
842616,fdi1
842939,s034
842956,fdi1
842976,s034E
842991,s035
843014,tlk0
843065,s035E
843080,s036
843128,s036E
843143,boff
843160,boffE
843175,s037
843427,s037E
843442,s038
843567,tlk0
843595,tlk1R
843610,s038E
843625,s039
843650,s039E
843665,s040
843682,tlk0
843740,tlk1R
843755,s040E
843770,s041
843787,tlk0+
843831,tlk1R
843846,s041E
843861,s042
843895,s042E
843910,s043
843933,tlk0+
843988,s043
844011,s045
844039,s045
844059,s044
844082,tlk0+
844113,tlk1
844148,s045
844174,s045
844192,s044E
844207,s046
844230,kat0
844263,s046E
844278,s047
844293,kat1
844333,s047
844356,s049
844384,s049
844404,s048
844549,s028
844577,s028
844597,s027
844614,fdi1
844642,s028
844668,s028
844686,s027E
844701,s029
844724,tlk0
844791,tlk1
844818,s029E
844833,s030
844856,tlk0+
844895,tlk1
844935,s030E
844950,s031
845026,s031
845049,s033
845077,s033
845097,s032
845137,fdo1
845185,s026R
845200,s033R
845215,s049
845241,s026R
845256,s033R
845271,s049
845289,s025R
845304,s032R
845319,s048F
845336,fdi1
845362,fdi1
845476,fdo1
847082,fdo1
847099,fdo1F
847339,exp0E
847354,s536
847371,fdi1
847389,exp1S
847402,exp1J
847471,s536
847494,s538
847522,s538
847542,s537
847647,new0+
847668,new1S
847681,new1J
847713,s538
847739,s538
847757,s537E
847772,s528
847789,main
847893,main
847910,main
847927,main
847947,s528E
847962,s529
848048,main
848065,main
848082,main
848102,kill
848119,kill
848137,s529E
848152,s539
848209,tlk0+
848256,s539E
848271,s525
848289,tlk0+
848336,s539E
848351,s524
848366,tlk0+
848405,s524E
848420,s525
848435,exp0+
848464,hap0+
848485,hap1N
848518,s525
848541,s507
848569,s507
848589,s506
848620,tlk0+
848680,s507
848706,s507
848724,s506E
848739,s528
848756,main
848846,main
848863,main
848880,main
848900,s528E
848915,s529
849015,main
849032,main
849049,main
849069,kill
849086,kill
849104,s529E
849119,s526
849149,tlk0+
849193,hap0+
849214,hap1J
849238,s526E
849253,s527
849277,tlk0+
849303,s527E
849318,s520
849348,tlk0+
849392,tlk0+
849413,tlk1S
849426,tlk1R
849441,s520E
849456,s521
849503,tlk0+
849538,s521E
849553,s512
849586,hap0+
849615,hap1S
849628,hap1R
849643,s512E
849658,s522
849675,boff
849692,boff+
849726,s522E
849741,s523
849756,hap0+
849793,hap1S
849806,hap1J
849830,s523E
849845,s515
849862,boff
849879,boffov
849901,tlk0+
849922,gak0+
849956,gak1S
849969,gak1R
849984,s515E
849999,s516
850032,exp0+
850070,main
850085,hap0+
850108,main
850126,s516
850149,s514
850177,s514
850197,s513
850212,exp0+
850272,s514
850298,s514
850316,s513E
850331,s518
850354,exp1S
850398,s518E
850413,s540
850428,job0+
850480,exp0+
850501,exp1
850524,fdo1
850541,fdo1
850572,s518F
850589,fdi1
850692,exp0+
850713,exp1S
850726,exp1
850750,exp0+
850800,tlk0
850836,tlk1
850906,exp0
851045,s033
851066,tlk0
851103,tlk1
851135,tlk0+
851156,tlk1
851180,hap0E
851195,fan1
851233,hap0E
851248,fan3
851286,hap0E
851301,fan4
851358,hap1S
851371,hap1
851401,hap1S
851414,hap1
851444,hap1S
851457,hap1
851496,s034
851530,exp0+
851551,exp1
851744,exp0+
851834,exp0+
851855,exp1S
851868,exp1
851954,fdo1
851971,fdo1F
852199,s534
852227,s534
852247,s533
852264,fdi1
852282,tlk0+
852303,exp0+
852324,exp1
852347,s534
852373,s534
852391,s533E
852406,s535
852423,main
852519,main
852536,main
852553,main
852582,fdo1
852599,fdo1
852614,kill
852631,kill
852657,s532F
852674,fdi1
852764,exp0
852847,exp0
853157,exp0+
853178,exp1
853209,job0+
853255,fdo1
854672,kain
854733,tlc0+Da
854799,tlc1+Da
854896,kaif
854934,fdi2
855160,tlk0+
855186,tlk1R
855601,thk1+
855627,thk2'
855691,tlk0+
855749,tlk1+
855807,sef0
855867,kils
855884,thk1+
855950,thk2+
855984,tlk0+
856010,tlk1
856048,fdi2
856067,fdi0
856084,fdi0
856100,fdo0
856117,fdo0
856133,fdi1
856150,fdi1
856166,fdo1
856183,fdo1
856199,whi1
856216,whi1
856232,who1
856249,who1
856265,who2
856282,who2
856298,who3
856315,who3
856331,main
856351,fdo1
856368,fdo1
856384,fdi1
856401,main
856421,fdi1
856437,blon
856454,blon
856472,whi0
856489,whi0
856505,who0
856522,who0
856538,efon
856555,efon
856571,fdis
856589,fdos
856606,fdos
856622,fdif
856640,fdof
856657,fdof
856673,fdip
856691,fdop
856708,fdop
857504,tlk0
857518,tlk0
857534,tlk1
857548,tlk1
857564,thk1
857578,thk1
857594,thk2
857608,thk2
857624,pas0
857638,pas0
857654,poi0
857668,poi0
857684,poi1
857698,poi1
857714,dis0
857728,dis0
857744,oro0
857758,oro0
857774,oro1
857788,oro1
857804,tlb0
857818,tlb0
857834,tlb1
857848,tlb1
857864,sit0
857878,sit0
857894,sit1
857908,sit1
857924,sitl
857938,sitl
859517,fdo1
859537,star
859557,stop
859577,fdi1
859623,qstc
859797,s003
859828,fdi1
859890,fdo1
859910,s003ET
859925,qstc
859949,fdi1
860077,fdo1
860097,star
860117,stop
860137,fdi1
860183,qstc
860455,who1
860472,who189
860835,main
860852,str0
860960,s009
860988,s133
861016,s133
861044,s133
861072,s133
861089,fdi1
861106,whi1
861200,s009
861226,s133
861252,s133
861278,s133
861319,s134
861392,s134
861415,s002
861443,s002
861471,s008
861507,s007
861535,s007
861563,s159
861591,s159
861611,s131
861647,s007
861675,s007
861703,s159
861731,s159
861751,s131
861817,star
861837,stop
861857,who1
861994,sbof
862111,klal
862128,kill
862154,fdo1
862174,whi1
862191,whi1
862910,fdo1
862927,fdo1F
863038,Tales'Beginning
863084,Tales'Beginning
863130,Tales'Beginning
863176,Tales'Beginning
863222,Tales'Beginning
863268,Tales'Beginning
863314,Tales'Beginning
863360,Tales'Beginning
863406,Tales'Beginning
863452,Tales'Beginning
863603,wapl'
863625,str0
863642,s063
863662,fdi1
863682,kill
863699,ovl1
863731,s064
863748,s000
863768,wap0
863801,s065
863836,s066
863856,wap1
863889,s067
863930,s068
863965,s069
863991,wapkh+
864033,s070
864050,wap2+
864091,s159
864129,main
864157,main
864180,who1
864197,who1E
864212,fdo1
864244,s159EJ
864259,whi1
864276,whi15
864309,fdi2
864334,fdo1
864351,fdo1F
864534,eff0
864551,uku0
864566,star
864586,s030
864606,fdi1
864626,s030EX
864641,s031
864658,tlk0+
864681,s031EX
864696,s034
864721,s034EX
864736,s032
864769,s032EX
864784,s033
864817,s033EX
864832,s035
864865,fdo1
864882,fdo1RX
864897,s035
864912,kill
864929,blof
864964,fdi2
864989,fdo1
865006,fdo1F
865195,eff0
865212,uku0
865227,star
865247,s028
865267,fdi1
865287,s028Ec
865302,s029
865319,tlk0+
865342,s029Ec
865357,s030
865382,s030Ec
865397,s031
865414,tlk1+
865445,s031Ec
865460,s032
865489,fg01_
865505,non0j
865537,non0Rc
865552,s032Ec
865567,s033
865584,fd01+
865622,hiz0
865640,s033Ec
865655,s034
865706,kie1
865726,who1
865743,who1E
865758,fdo1
865775,fdo1Rc
865790,s034
865805,kill
865822,blof
865839,whi0
865856,whi05
865889,fdi2
865933,fdo1
865950,fdo1F
866139,eff0
866156,uku0
866171,star
866191,s028
866211,fdi1
866231,s028Ec
866246,s029
866263,tlk0+
866286,s029Ec
866301,s030
866326,s030Ec
866341,s031
866358,tlk1+
866389,s031Ec
866404,s032
866433,fg01_
866449,non0j
866511,hiz0
866529,s032Ec
866544,s034
866595,kie1
866615,who1
866632,who1Rc
866647,s034
866662,kill
866679,blof
866761,kyu0
866781,s035
866801,whi1
866821,s035Ec
866836,s153
866991,fdo1
867008,fdo1Rc
867023,s153
867038,klky
867073,fdi2
867096,fdi2
867135,fdo1
867152,fdo1F
867341,eff0
867358,uku0
867373,star
867393,s051
867413,fdi1
867433,s051E
867448,s052
867465,tlk0+
867496,s052E
867511,s053
867536,tlk1
867592,fg01_
867608,non0j
867625,s053E
867640,s054
867664,non0R
867679,s054E
867694,s055
867726,tlk0+
867780,tlk1E
867795,fdo1
867812,fdo1R
867827,s055
867842,kill
867859,blof
867894,fdi2
867917,fdi2
867942,fdo1
867959,fdo1F
868057,pry0
868091,s100
868111,fdi1
868144,s100E
868159,s101
868179,b001
868199,fdo0
868216,fdo0R
868231,s101
868246,bkl1
868281,fdi2
868300,fdi0
868317,fdi0
868333,fdo0
868350,fdo0
868366,fdi1
868383,fdi1
868399,fdo1
868416,fdo1
868432,whi1
868449,whi1
868465,who1
868482,who1
868498,who2
868515,who2
868531,who3
868548,who3
868564,main
868584,fdo1
868601,fdo1
868617,fdi1
868634,main
868654,fdi1
868670,blon
868687,blon
868705,whi0
868722,whi0
868738,who0
868755,who0
868771,efon
868788,efon
868804,fdis
868822,fdos
868839,fdos
868855,fdif
868873,fdof
868890,fdof
868906,fdip
868924,fdop
868941,fdop
869032,SuUu
869044,TuVu
869054,WuXuYu
869327,Iroha
869954,TuVuWuXuYu
870486,WuXuYu
872017,fyu0_
872033,fyu0_
872049,fyu0_
872065,fyu0_
872081,fyu0_
872097,fyu0_
872113,fyu0
872128,s000
872174,ym01
872205,ym01E'
872220,ym02
872248,ym02E'
872263,ym03
872347,ym03E'
872362,zl01
872404,zl01E'
872419,zl02
872458,zl02E'
872473,zl03
872501,zl03E'
872516,zl04
872544,zl04E'
872559,zl05
872587,zl05E'
872602,zl06
872686,zl06E'
872701,pr01
872743,pr01E'
872758,pr02
872797,pr02E'
872812,pr03
872880,stbl
872898,pr03E'
872913,at01
872955,at01E'
872970,at02
873009,at02E'
873024,at03
873100,at03E'
873115,wg01
873157,wg01E'
873172,wg02
873205,wg02E'
873220,wg03
873259,wg03E'
873274,wg04
873341,wg04E'
873356,ad01
873387,ad01E'
873402,ad02
873441,ad02E'
873456,ad03
873495,ad03E'
873510,ad04
873550,kil0
873571,s001
873598,wlk1_
873615,at03R'
873630,ad04E'
873645,hs02
873675,wlk1R'
873690,hs02E'
873705,hs04
873781,hs04E'
873796,hs05
873850,hs05E'
873865,hs06
873893,hs06
873916,hs07
873940,kidl0
873964,hs07E'
873979,hs01
874006,gng0
874027,hs01E'
874042,hs08
874060,uku0n
874090,uku0R'
874105,hs08E'
874120,hs11
874148,hs11E'
874163,hs10
874225,hs10E'
874240,khf2
874285,khf2E'
874300,khf1
874335,s000
874368,khf1E'
874383,kem1
874411,kem1E'
874426,kem2
874461,s000
874481,kem2E'
874496,kef1
874531,s000
874551,kef1E'
874566,kmt1
874594,kmt1E'
874609,kmt2
874644,s000
874664,kmt2E'
874679,kgl1
874714,s000
874734,kgl1E'
874749,ktm1
874784,s000
874804,ktm1E'
874819,ktf1
874853,s000
874873,ktf1E'
874888,khm1
874916,khm1E'
874931,khm2
874948,sekl
874965,s001
874985,khm2E'
875000,khm3
875017,s000
875056,pk00
875098,k000
875116,fut0
875133,khm3E'
875148,fl01
875167,fut0
875182,kof0
875220,lpkl
875291,kl01
875308,main
875325,s004
875358,s000
875375,str0
875405,fl01E'
875420,li02
875446,li02E'
875461,li01
875503,li01E'
875518,li03
875558,kidl0
875578,klal
875595,kil0
875658,kie0
875675,mis0
875738,li03E'
875753,re10
875773,re10E'
875788,re13
875805,re13E'
875820,re11
875837,kie1
875854,re11E'
875869,re12
875902,kie0
875937,re12E'
875952,re02
875989,re02E'
876004,re03
876021,kie1
876038,mis1
876066,re03E'
876081,re05
876113,main
876140,re05E'
876155,re04
876181,re04E'
876213,kill
876269,fdi2
877044,fyu0_
877060,fyu0_
877076,fyu0_
877092,fyu0_
877108,fyu0_
877124,fyu0_
877140,fyu0
877155,s000
877201,ym01
877232,ym01E'
877247,ym02
877275,ym02E'
877290,ym03
877374,ym03E'
877389,zl01
877431,zl01E'
877446,zl02
877485,zl02E'
877500,zl03
877528,zl03E'
877543,zl04
877571,zl04E'
877586,zl05
877614,zl05E'
877629,zl06
877713,zl06E'
877728,pr01
877770,pr01E'
877785,pr02
877824,pr02E'
877839,pr03
877907,stbl
877925,pr03E'
877940,at01
877982,at01E'
877997,at02
878036,at02E'
878051,at03
878127,at03E'
878142,wg01
878184,wg01E'
878199,wg02
878232,wg02E'
878247,wg03
878286,wg03E'
878301,wg04
878368,wg04E'
878383,ad01
878414,ad01E'
878429,ad02
878468,ad02E'
878483,ad03
878522,ad03E'
878537,ad04
878577,kil0
878598,s001
878625,wlk1_
878642,at03R'
878657,ad04E'
878672,hs02
878702,wlk1R'
878717,hs02E'
878732,hs04
878808,hs04E'
878823,hs05
878877,hs05E'
878892,hs06
878920,hs06
878943,hs07
878967,kidl0
878991,hs07E'
879006,hs01
879033,gng0
879054,hs01E'
879069,hs08
879087,uku0n
879117,uku0R'
879132,hs08E'
879147,hs11
879175,hs11E'
879190,hs10
879252,hs10E'
879267,khf2
879312,khf2E'
879327,khf1
879362,s000
879395,khf1E'
879410,kem1
879438,kem1E'
879453,kem2
879488,s000
879508,kem2E'
879523,kef1
879558,s000
879578,kef1E'
879593,kmt1
879621,kmt1E'
879636,kmt2
879671,s000
879691,kmt2E'
879706,kgl1
879741,s000
879761,kgl1E'
879776,ktm1
879811,s000
879831,ktm1E'
879846,ktf1
879880,s000
879900,ktf1E'
879915,khm1
879943,khm1E'
879958,khm2
879975,sekl
879992,s001
880012,khm2E'
880027,khm3
880044,s000
880083,pk00
880125,k000
880143,fut0
880160,khm3E'
880175,fl01
880194,fut0
880209,kof0
880247,lpkl
880318,kl01
880335,main
880352,s004
880385,s000
880402,str0
880432,fl01E'
880447,li02
880473,li02E'
880488,li01
880530,li01E'
880545,li03
880585,kidl0
880605,klal
880622,kil0
880685,kie0
880702,mis0
880765,li03E'
880780,re10
880800,re10E'
880815,re13
880832,re13E'
880847,re11
880864,kie1
880881,re11E'
880896,re12
880929,kie0
880964,re12E'
880979,re02
881016,re02E'
881031,re03
881048,kie1
881065,mis1
881093,re03E'
881108,re05
881140,main
881167,re05E'
881182,re04
881208,re04E'
881240,kill
881296,fdi2
881315,fdi0
881332,fdi0
881348,fdo0
881365,fdo0
881381,fdi1
881398,fdi1
881414,fdo1
881431,fdo1
881447,whi1
881464,whi1
881480,who1
881497,who1
881513,who2
881530,who2
881546,who3
881563,who3
881579,main
881599,fdo1
881616,fdo1
881632,fdi1
881649,main
881669,fdi1
881685,blon
881702,blon
881720,whi0
881737,whi0
881753,who0
881770,who0
881786,efon
881803,efon
881819,fdis
881837,fdos
881854,fdos
881870,fdif
881888,fdof
881905,fdof
881921,fdip
881939,fdop
881956,fdop
882475,gnh1
882502,gnh2
882687,gnh1
882714,gnh2
882899,gnh1
882926,gnh2
883111,gnh1
883138,gnh2
883323,gnh1
883350,gnh2
883535,gnh1
883562,gnh2
883747,gnh1
883774,gnh2
884034,Eald'narche
884063,Nag'molada
884329,Kam'lanaut
884358,Razfahd
884387,Hades
884800,tlk0
884869,tlk0
884890,tlk1
884907,hap0
884941,tlk0
885009,tlk1H
885962,hap0
885979,hap1
886138,tlk0
886159,tlk1
886183,exp0
886217,exp1
886241,exp0
886272,exp1
886296,exp0
886325,exp1
886383,tlk0A
886620,tlk1S
886633,tlk1
894534,main
894554,who1
894571,who1
894589,fdo1
894606,fdo1E-
894621,whi1
895220,main
895240,who1
895257,who1
895275,fdo1
895292,fdo1E
895307,whi1
912588,tlk0
912607,tlk1S
912620,tlk1
912636,tlk0
912675,tlk1S
912688,tlk1
912704,tlk0
912743,tlk1S
912756,tlk1
912772,tlk0
912815,tlk1S
912828,tlk1
912844,tlk0
912887,tlk1S
912900,tlk1
912916,tlk0
912935,tlk1S
912948,tlk1
912964,tlk0
913011,tlk1S
913024,tlk1
913040,tlk0
913067,tlk1S
913080,tlk1
