offset,token
5036,fdo0
5092,s040
5109,fdi0
5168,s041
5242,s042
5303,tla0ov
5332,tla1
5382,tlb0+
5405,tlb1+
5448,tla0+
5471,tla1f#
5516,s047
5594,s043
5677,s044
5694,tlk0+
5740,thk1
5793,s037
5859,sdo0+
5917,s045
6018,s038
6046,ksk0+
6067,ksk0'd
6107,s039
6131,tlc0+
6154,tlc1f#
6200,tlb0+
6223,tlb1'
6298,fdo1
6326,fdi1
6343,qstc
6458,fdo0
6501,s017
6518,fdi0
6543,s018
6590,tlb0y
6615,tlb0+
6653,tlb0y
6701,tlk0+
6732,tlk1S
6760,tlc0+
6803,tlb0+
6826,tlb1'
6854,wav0y
6882,tlb0+
6920,s019
6960,tlk0+
6983,tlk1E
6998,fdo1
7018,s019F
7035,fdi1
7067,fdo0
7108,s022
7125,fdi0
7191,tlb0+
7229,tlb0+
7282,s023
7357,tlk0+
7380,tlk1y
7441,s024
7458,ikr0+9
7505,tlb0+
7564,ikr1+9
7591,ikr1'
7631,s025
7663,pas0+
7686,fdo1
7706,fdi1
7725,qstc
7775,fdo0
7826,s026
7846,fdi0
7922,dis0+
7945,tlk0+
7973,dis0f
7988,pas0+
8011,fdo1
8031,s026F
8048,fdi1
8065,qstc
8096,c05i
8165,c05i
8234,c05i
8303,c01i
8343,c00i
8360,fdo2
8395,fdo0
8429,s050
8446,fdi1
8490,fdo1
8530,s027
8568,fdi1
8642,s028
8722,tlk0+'
8775,s028K'
8797,s029
8843,dis0+'
8919,tlk0+'
8951,fdo2
9000,s025
9017,fdi1
9034,tla0+
9057,tla1+
9085,fdo1
9115,fdi1
9190,s002
9227,dis0+
9256,s002E
9271,s003
9296,thk1+
9327,s003E
9342,s004
9359,thk2+
9382,tlk0+
9435,s004
9486,s005
9546,dis0+
9569,s005E
9584,s006
9637,tlk0+l
9669,tlk0+
9721,thk1
9739,s006E
9754,s007
9782,thk2+l
9833,s007E
9848,s006
9865,ang0+
9897,tlk0+l
9920,s006E
9935,s008
9974,thk1+
10017,s008E
10032,s009
10077,s009
10123,s003
10160,thk1+
10227,who1
10244,who1R
10259,s003E
10274,s010
10313,whi1
10359,tlk0+m
10391,s010E
10406,s011
10423,tlb0+n
10461,thk1+m
10484,pas0+n
10507,thk2+m
10530,s011E
10545,s012
10562,tlk0+n
10594,thk1EK
10609,who1
10626,who1R
10641,s012E
10656,s013
10674,whi1
10699,thk2+
10722,tlk0+
10772,s013
10853,s014
10960,s014E
10975,s015
10992,tlb0+
11015,tlb1+
11038,s015E
11053,s016
11070,thk2y
11103,tlk0+
11126,tlk1Jo
11158,thk1+
11204,thk1+o
11250,tlb0R
11265,s016E
11280,s017
11328,tlk0+o
11364,tlk1So
11377,tlk1'
11399,s017E
11414,s018
11434,thk1+
11470,thk2+
11496,s018F
11549,s002
11586,thk1+
11607,thk1f#
11622,thk2+
11645,s002E
11660,s004
11685,tlk0+
11708,kud0+
11731,s004E
11746,s005
11769,kud0f#
11784,tlk0+
11941,fdo0
11958,fdo0
11974,fdo1
11991,fdo1
12007,fdo2
12024,fdo2
12040,fdi0
12058,fdi1
12076,fdi2
12139,s000
12159,blon
12201,s000EK
12216,who1
12233,blof
12250,who1EK
12265,whi0
12282,s001
12299,talk
12325,tlk1EK
12340,who0
12360,whi0
12377,s002
12394,tlk0
12420,tlk1EK
12435,who0
12455,whi0
12472,s003
12500,who0
12506,kid10
12529,whi0
12546,s004
12563,kud0
12589,who0
12609,whi1
12626,s005
12643,tlk0
12681,tlk0+
12734,s006
12774,who0
12803,whi0
12820,s007
12901,s007'
12976,ovl2
12993,s008
13049,ovl2
13066,s009
13123,ovl1
13140,s010
13257,tla0+
13328,s011
13368,tlk1f#
13383,dis0+
13406,ovl1
13438,s012
13524,s013
13570,sig0+
13621,s014
13627,kidl0
13663,s014EK
13678,who0
13698,whi0
13715,s015
13732,enz0
13758,who0
13778,whi0
13795,s016
13812,enz0
13838,who0
13858,whi0
13875,s017
13892,enz1
13924,s018
13941,uta0+
13972,uta1+
14010,s019
14027,ytk0+
14061,ytk1y
14104,s020
14132,tla0y
14165,tla1+
14222,s021
14326,tlb0+
14349,tlb1+
14370,tlb1'
14403,qstc
14477,tgm0S
14505,s022
14530,tgm1+
14597,s023
14645,talk+'
14676,tlk1+'
14699,ovl1
14731,s024
14764,who0
14784,whi0
14816,s025
14857,talk+'
14880,tlk1y
14913,thk1+'
14936,ovl1
14968,s026
14993,thk2+'
15058,s027
15090,tgm2+
15137,s028
15168,tla0+9
15191,tla1+
15214,utu0E
15229,ovl1
15261,s030
15302,utu1+9
15323,utu1'
15356,s030F
15422,s031
15493,s032
15662,s033
15682,talk+q
15713,tlk1E
15728,ovl1
15760,s038
15785,tlk0+p
15808,ovl1
15840,s034
15865,tlk1f#
15880,talk+
15901,talkf#
15931,thk1+p
15954,ovl1
15986,s036
16003,talk+q
16024,talkf#
16054,thk2+p
16077,ovl1
16109,s035
16147,talkf#
16162,tlk1y
16195,ovl1
16227,s037
16273,ovl1
16305,s039
16343,talkf#
16358,tlk1f#
16373,thk1+
16411,s040
16428,thk2+q
16497,s041
16563,s031
16609,talk+
16686,s042
16793,s043
16921,pas0+q
16947,thk1
16965,s044
16993,talk+q
17016,tlk1'
17053,s045
17078,thk2Jp
17146,s046
17240,s047
17267,talk+q
17290,tlk1+q
17343,s048
17399,tlc0+
17422,tlc1y
17465,tlk0+p
17503,tla0+
17526,tla1+
17554,thk1+p
17592,s049
17609,tlb0+
17660,thk2+p
17683,tlc0+
17714,tlc1+
17737,s050
17811,s051
17854,talk+q
17882,tlk1+l
17920,s052
18023,qstc
18055,fdo0
18089,s053
18106,fdi0
18145,tlb0y
18178,tlb1+
18204,s053F
18318,s022
18341,tla0+
18364,tla1+
18387,pas0+
18413,s022F
18480,s050
18503,tlb0+
18526,tlb1+
18552,s050F
18610,s022
18647,thk1+
18678,thk2+
18701,tla0+
18724,tla1+
18783,s022EK
18798,qstc
19107,fdo1
19124,fdo1F
19220,s000
19240,fdi1
19312,s000Ef
19327,s081
19394,talk
19420,tlk1
19448,s081Ef
19463,s001
19544,fdo1
19561,fdo1Rf
19576,s001N
19638,s002
19665,fdi2
19708,s002Ef
19723,s002
19770,ovl1
19787,s002En
19802,s003
19867,s003En
19882,s004
19908,s004Ef
19923,s009
19976,tlk0+
20042,s009Ef
20057,s003
20156,s003Ef
20171,s004
20203,thk2
20250,s004Ef
20265,s005
20316,s005Ef
20331,s006
20356,tlk1N
20414,s006Ef
20429,s007
20462,s007Ef
20477,s010
20494,thk1+
20517,thk2f#
20577,fdo1
20594,fdo1Rf
20609,s010xN
20656,s008
20685,fdi2
20716,gkr0
20742,gkr1
20770,fdo1
20787,fdo1Rf
20802,s008N
20834,fdi1
20862,fdo1
20879,fdo1F
20930,s108
20950,fdi1
20978,s108E
20993,s109
21010,tlk0+
21033,fdo1
21050,fdo1R
21065,s109F
21085,fdi1
21197,sha0
21226,run0
21250,mab0
21274,orz0
21868,sha0S
21881,sha0
21905,sha1S
21918,sha1
22172,fdo1
22189,main
22219,tlk0
22243,tlk1
22272,pas0
22296,tlk0
22322,tlk0
22348,tlk0
22361,IDfr
22374,tlk0
22400,tlk0
22426,tlk0
22452,tlk0
22478,tlk0
22494,tlk0
22518,tlk1
22544,tlk1
22570,tlk1
22596,tlk1
22622,tlk1
22648,tlk1
22674,tlk1
22700,tlk1
22716,tlk1
23086,fdo1
23111,fdi2
23135,s000
23175,s000E
23190,s001
23245,s001E
23260,ovl1
23292,s002
23361,s002E
23376,ovl1
23403,s003
23434,s003'd
23473,tlk0+
23509,s004
23540,tlk1
23617,s004E
23632,s005
23668,tlk0+
23699,tlk1
23801,tlk0+
23852,tlc0+
23930,dis0+
23951,dis0'd
24020,s006
24097,tla0+
24120,tla1
24146,tla0+
24169,tla1+
24211,s046
24236,tlc0+
24259,tlc1+
24298,s046
24315,tlc0+
24338,tlc1+
24377,s046
24394,thk1+
24433,thk2
24451,tlc0+
24474,tlc1
24500,thk2+
24523,tlc0+
24546,tlc1
24577,thk2+
24600,tlc0+
24623,tlc1+
24668,tla0+
24695,Arva
24755,s051
24780,s051E
24795,s046
24826,tla1+
24856,fdo2
24882,fdi2
25384,pas0
25403,qstc
25442,tlk0
25461,thk1
25478,thk1f
25493,thk2
25557,kud0
26645,tla0
26926,wav0S
26939,wav0
27064,tlb0
27080,tlb1S
27108,wav02
27217,pas0
27251,fdo0
27268,fdo08O
27293,s024
27310,fdi0
27345,tla0
27364,s024EP
27379,s025
27406,tla1
27425,fdo1
27442,fdo1F
27459,fdi1
27645,fdo0
27662,fdo08O
27687,s024
27704,fdi0
27739,sig0
27758,fdo1
27775,fdo1RP
27790,s024F
27807,fdi1
28063,tla0
28077,tla0
28093,tla1
28107,tla1
28123,tlb0
28137,tlb0
28153,tlb1
28167,tlb1
28183,tlc0
28197,tlc0
28213,tlc1
28227,tlc1
28243,thk1
28257,thk1
28273,thk2
28287,thk2
28303,pas0
28317,pas0
28333,sig0
28347,sig0
28363,wav0
28377,wav0
28393,uta0
28407,uta0
28423,uta1
28437,uta1
28453,enz0
28467,enz0
28483,enz1
28497,enz1
28513,ytk0
28527,ytk0
28543,ytk1
28557,ytk1
28573,ksr0
28587,ksr0
28603,tgm0
28617,tgm0
28633,tgm1
28647,tgm1
28663,tgm2
28677,tgm2
28733,ed00
28747,ed00
28917,tlk0
29028,tlk0
29821,tlk0
29848,ten0
29883,tlk0
29937,tlk0
29960,ten0
30010,tlk0
30033,ten0
30063,tlk0
30094,ten0
30129,tlk0
30148,ten0
30178,tlk0
30197,ten0
30227,tlk0
30254,ten0
30289,tlk0
30316,ten0
30346,tlk0
30369,ten0
30399,tlk0
30418,ten0
30448,tlk0
30467,ten0
30497,tlk0
30520,ten0
30550,tlk0
30573,ten0
30603,tlk0
30622,ten0
30652,tlk0
30671,ten0
30701,tlk0
30720,ten0
30750,tlk0
30769,ten0
30799,tlk0
30822,ten0
30852,tlk0
30879,ten0
30974,tlk0
30997,ten0
31016,tlk1
31043,ten1
31065,qstc
31096,qstc
31132,qstc
31185,tlk0
31208,ten0
31227,hs14
31244,tlk1
31271,hs15
31288,ten1
31307,hs16
31327,hs16
31345,qstc
31365,hs21
31385,fdi2
31414,qstc
31434,hs21
31454,fdi2
31496,hs17
31575,hs18
31592,kba0+
31646,kba1+l
31672,ksk0+
31695,hs19
31735,hs20
31769,hs21
31786,tld0+
31817,tld1
31875,hs22
31954,kba0Rm
31969,hs22Em
31984,hs23
32032,kba1Em
32047,hs24
32093,tlb0Em
32108,hs25
32141,tlb1+
32164,sha0
32182,hs26
32231,sha1Rm
32246,hs26Em
32261,hs27
32276,sha1nl
32311,qstc
32333,fdi2
32385,hs13
32411,fdi0
32428,fdi0
32444,fdo0
32461,fdo0
32477,fdi1
32494,fdi1
32510,fdo1
32527,fdo1
32543,whi1
32560,whi1
32576,who1
32593,who1
32609,who2
32626,who2
32642,who3
32659,who3
32675,main
32695,fdo1
32712,fdo1
32728,fdi1
32745,main
32765,fdi1
32781,blon
32798,blon
32816,whi0
32833,whi0
32849,who0
32866,who0
32882,efon
32899,efon
32915,fdis
32933,fdos
32950,fdos
32966,fdif
32984,fdof
33001,fdof
33017,fdip
33035,fdop
33052,fdop
33079,kba2
33122,nde0
35156,qstc
36962,qstc
48385,tlk0
48615,sha0
48720,poi0
48737,poi0
48823,kud0
48853,kud0
49150,tlk0
49182,thk1
49205,thk2
49224,tlk0
49268,tlk0
49310,tlk0
49353,tlk0
49385,thk1
49408,thk2
49427,tlk0
49467,tlk0
49497,tlk0
49567,tlk0
49593,tlk0
49625,pas0
49652,qstc
49707,tlk0
49726,ang0
49942,tlk0
50879,tlk0
50916,pas0
50933,pas0E
50948,qstc
51068,tlk0
51104,tlk1
51691,fdo0
51722,fdi0
51739,s010
51770,s010E
51785,s011
51806,s011E
51821,s012
51849,s012E
51864,s013
51892,s013E
51907,s014
51935,s014E
51950,fdo0
51975,fdi0
52008,fdo0
52033,fdi0
52050,s020
52081,s020E
52096,s021
52124,s021E
52139,fdo0
52164,fdi0
52197,fdo0
52222,fdi0
52239,s030
52270,s030E
52285,s031
52309,s031E
52324,s032
52348,s032E
52363,s033
52391,s033E
52406,s034
52430,s034E
52445,s035
52469,s035E
52484,fdo0
52509,fdi0
52804,tlk0
52834,tlk0
53258,tlk0
53311,tlk0
53346,tlk0
53385,tlk0
53408,qstc
53434,fdo0
53451,fdo0F
53478,s048
53495,fdi0
53530,tlk0
53553,s048E
53568,s049
53589,tlk2
53608,ten2
53648,tlk0
53671,ten0
53704,tlk0
53739,tlk0
53766,fdo0
53783,fdo0F
53800,fdi1
53832,tlk0
54178,tlk0
54210,thk1
54237,thk2
54256,tlk0
54299,pas0
54318,qstc
54435,pas0
54700,poi0
54886,tlk0
55082,tlk0
55149,tlk0
55175,tlk0
55447,pas0
55733,tlk0
55763,tlk0
55965,tlk0
56005,tlk0
56409,s002
56429,s002
56455,fdo1
56490,fdi0
56507,s001
56533,fdo1
56553,s001F
56573,fdi0
62116,kue0
62228,chco
62252,fdo0
62309,fdi0
62684,kue0
62796,chco
62820,fdo0
62877,fdi0
63252,kue0
63364,chco
63388,fdo0
63445,fdi0
63577,tlk0
64565,tlk0
64599,tlk0
64644,fdo0
64661,fdo0F
64698,s007
64715,fdi0
64741,s008
64800,tla0+9
64846,dis0
64878,tlc0+9
64905,s008E
64920,s009
64935,tlc0J9
64981,thb1
65000,tlb0+9
65031,thb2'
65089,kou0+9
65115,wav0'
65140,s007
65192,fdo1
65214,fdi1
65247,fdo0
65264,fdo0F
65281,s015
65315,fdi0
65344,tha1
65376,tha2S
65404,pas0
65441,fdo1
65491,fdi1
65508,s016
65557,utu0+9
65588,utu1+9
65611,s016E
65626,s036
65649,tla0+9
65672,tla1+9
65695,wav0S9
65708,wav0'
65738,fdo1
65766,s036F
65783,fdi1
65800,qstc
65836,tha1
65868,tha2S
65896,pas0
65913,pas0E2
65928,qstc
65961,dis0
65997,tlk0
66035,pas0
66049,pas0
66065,thk1
66079,thk1
66095,thk2
66109,thk2
66125,poi0
66139,poi0
66155,ang0
66193,dis0
66207,dis0
66223,wav0
66237,wav0
66253,tlb0
66267,tlb0
66283,tlb1
66297,tlb1
66322,sha0
66336,sha0
66352,sir0
66366,sir0
66382,sir1
66396,sir1
66412,sha1
66426,sha1
66509,tlk0
66543,tlk0
67384,tlb1S9
67397,tla1y
67548,pas0
67653,Cornelia
68019,tla0
68033,tla0
68049,tla1
68063,tla1
68079,tla2
68093,tla2
68109,thk0
68123,thk0
68139,thk1
68153,thk1
68169,thk2
68183,thk2
68199,wav0
68213,wav0
68229,pas0
68243,pas0
68259,jya0
68273,jya0
68289,ikr0
68303,ikr0
68319,ikr1
68333,ikr1
68349,itl0
68363,itl0
68379,itl1
68393,itl1
68409,kou0
68423,kou0
68439,kou1
68453,kou1
68469,lau0
68483,lau0
68499,lau1
68513,lau1
68529,oti0
68543,oti0
68559,oti1
68573,oti1
68589,rou0
68603,rou0
68619,rou1
68633,rou1
68649,tlb0
68663,tlb0
68679,tlb1
68693,tlb1
68709,tlc0
68723,tlc0
68739,sit0
68753,sit0
68769,sit1
68783,sit1
68799,utu0
68813,utu0
68829,utu1
68843,utu1
68859,utu0S
68887,utu1S
68900,utu1
70117,thk1
70140,thk2
70159,pas0
70211,pas0
70253,pas0
70270,pas0E
70285,qstc
70431,kab1S
70477,tlk0
70510,kab0S
70543,kab1S
70584,pas0
70616,kab0E
70631,qstc
71879,tlk0
71921,tlk0
71959,tlk0
72038,pas0
72856,Wahid
72923,Elki
72990,Tami
73057,Gerbaum
73124,Black_Mud
73191,Elki
73258,Pavvke
73325,Detzo
73392,Goraow
73459,Gumbah
73526,Gumbah
73593,Virnage
73660,Titus
73727,Phara
73794,Phara
73861,Deidogg
73928,Gumbah
73995,Selliste
74141,Malene
74208,Salimah
74275,Michea
74342,Aquillina
74409,Arawn
74476,Nbu_Latteh
74543,Foss
74610,Degenhard
74677,Offa
74744,Brygid
74811,Horatius
74878,Michea
74945,Nbu_Latteh
75012,Marin
75079,Gwill
75146,Zon-Fobun
75280,Brygid
75347,Shamarhaan
75493,Powhatan
75560,Corann
75627,Talib
75694,Talib
75761,Alib-Mufalib
75828,Ronan
75895,Valah_Molkot
75962,Clarion_Star
76029,Gudav
76096,Benita
76230,Qiji
76297,Yazan
76364,Raifa
76431,Romilda
76498,Agapito
76565,Ensetsu
76632,Kurando
76699,Powhatan
76766,Carmelo
76833,Hilda
76900,Juroro
76967,Trilok
77034,Carmelo
77101,Carmelo
77168,Ferrol
77235,Oggbi
77302,Oggbi
77369,Oggbi
77436,Grin
77582,Hungry_Wolf
77649,Izabele
77716,Ferghus
77783,Raibaht
77850,Hildolf
77917,Unlucky_Rat
77984,Baldric
78051,Mighty_Fist
78118,Raibaht
78252,High_Bear
78319,Ayame
78386,Ayame
78453,Raibaht
78520,Ayame
78587,Ayame
78654,Raibaht
78788,Zeid
78855,Ayame
78922,Iron_Eater
79087,tlk0
79110,tlk1B
79172,Gulldago
79238,tlk0
79265,tlk1
79360,Isakoth
79398,tlk0
79421,tlk1.
79440,tlk0
79463,tlk1
79489,tlk0
79512,tlk1
79555,Clarion_Star
79590,tlk0
79613,tlk1.
79653,Arva
79715,Gwinar
79803,tlk0
79835,tlk1
79865,tlk0
79892,tlk1
79918,tlk0
79941,tlk1
80014,tlk0
80041,tlk1
80180,pas0
80218,pas0
80235,pas0E
80250,qstc
80281,pas0
80298,pas0E
80313,qstc
82626,tlk0
82659,tlk0
83573,qstc
83597,tlk0
83613,tlk1
83678,tlk0
83812,tlk0
83831,tlk1
83849,tlk0
83868,tlk1
83949,tlk0
83968,tlk1
83986,tlk0
84205,thk1
84224,thk2
84243,tlk0
84270,tlk1
84288,tlk0
84315,tlk1Hl
84346,tlk0
84385,tlk1
84472,tlk0
84491,tlk1
84538,tlk0
84648,tlk0
84667,tlk1
84696,thk1
84715,thk2f
84730,tlk0
84777,tlk1
84838,tlk0
84960,tlk0
84987,tlk1
85029,tlk0
85096,tlk1
85148,tlk0
85204,tlk0
85257,tlk1
85309,thk1
85374,tlk0
85397,tlk1
85440,tlk0
85459,pas0
85476,pas0
85558,pas0
85575,pas0f
85590,thk1
85609,thk2
85628,tlk0
85651,tlk1
85749,pas0
85766,pas0
85785,tlk0
85899,pas0
85916,pas0
85939,tlk0
86053,pas0
86070,pas0f
86085,tlk0
86176,pas0
86231,thk1
86250,thk2f
86265,tlk0
86332,thk1
86351,thk2
86405,thk1
86424,thk2
86443,tlk0
86462,tlk1
86489,pas0
86514,pas0
86564,tlk0
86583,tlk1
86614,pas0
86694,tlk0
86717,tlk1
86733,tlk1
86757,pas0
86774,pas0
86797,pas0
86814,pas0
86872,thk1
86891,thk2
86910,tlk0
86967,thk1
86986,thk2n
87039,pas0
87444,fdi1
87461,fdi1
87477,fdo1
87494,fdo1
87518,tlk0
87536,tlk1
87562,tlk0
87580,tlk1
87606,tlk0
87624,tlk1
87650,tlk0
87668,tlk1
87694,tlk0
87712,tlk1
87738,tlk0
87756,tlk1
87782,tlk0
87800,tlk1
87826,tlk0
87844,tlk1
88128,fdo1
88148,fdi1
88580,fdo1
88600,fdi1
89397,fdo1
89508,fdi1
89816,fdo1
89930,fdi1
89960,pas0
90031,pas0
90054,fdo1
90091,fdi1
90127,fdo1
90238,fdi1
90262,fdo1
90386,fdi1
90403,tlk0+
90477,frst
90497,okex
90574,tlk0+
90625,frst
90645,ng00
90784,fdo1
90836,fdi1
90856,tlk0+
90879,tlk1n
91113,frst
91133,ok00
91223,pas0
91247,tlk0+
91349,pas0
91408,tlk0+
91439,fdo1
91476,fdi1
91495,qstc
91558,fdo1
91578,fdi1
92119,fdo1
92139,fdi1
93045,tlk0
93110,pas0
93172,tlk0
94030,tlk0
94066,tlk1
94085,thk1
94117,thk2
94179,pas0
94215,ino0
94256,ino0
94299,tlk0
94320,tlk0
94334,tlk0
94350,tlk1
94364,tlk1
94380,thk1
94394,thk1
94410,thk2
94424,thk2
94440,pas0
94454,pas0
94470,ino0
94484,ino0
97032,bind
101009,main
101029,fdo1
101050,fdi1
101067,main
101087,fdi1
107600,bind
111577,main
111597,fdo1
111618,fdi1
111635,main
111655,fdi1
118168,bind
122145,main
122165,fdo1
122186,fdi1
122203,main
122223,fdi1
128736,bind
132713,main
132733,fdo1
132754,fdi1
132771,main
132791,fdi1
139304,bind
143281,main
143301,fdo1
143322,fdi1
143339,main
143359,fdi1
147854,AuBuCuDuEuFu_uGuHu
148716,s006
148731,tlk0
148745,tlk0
148759,tlk1
148773,tlk1
148789,s008
148804,gak0
148818,gak0
148832,gak1
148846,gak1
148862,s009
148877,job0
148891,job0
148905,job1
148919,job1
148935,s005
148950,hap0
148964,hap0
148978,hap1
148992,hap1
149006,new0
149020,new0
149034,new1
149048,new1
149064,s007
149079,exp0
149093,exp0
149107,exp1
149121,exp1
149135,dan0S
149161,dan0S
149187,dan1S
149213,dan0S
149239,dan0S
149265,dan2S
149291,dan3S
149304,dan3
149318,dan3S
149344,dae3
149358,dae3
149434,fdo0
149475,s000
149492,fdi0
149516,fdo0
149544,fdi0
149587,fdo0
149649,s000
149666,fdi0
149704,s002
149728,s002E
149743,s001
149774,fdo0
149802,fdi0
149831,s001
150033,s000
150087,s000
150141,s000
150207,s000
150261,s000
150315,s000
150437,s000
150493,s000
150567,s001
150659,s000
151967,fdi1
151998,fdo0
152039,s000
152056,fdi0
152101,s001
152125,s000
152165,s001
152196,fdo0
152245,fdi0
152277,s002
152319,s002
152520,fdo0
152561,s000
152578,fdi0
152645,fdo0
152680,fdi0
152697,qstc
152730,fdo0
152771,s000
152788,fdi0
152833,s001
152857,s000
152897,s001
152928,fdo0
152977,fdi0
153009,s002
153051,s002
153252,fdo0
153293,s000
153310,fdi0
153377,fdo0
153412,fdi0
153429,qstc
153462,fdo0
153503,s000
153520,fdi0
153548,s002
153626,s001
153675,s000
153755,s001
153786,fdo0
153835,fdi0
153960,fdo0
154001,s000
154018,fdi0
154085,fdo0
154120,fdi0
154137,qstc
154159,fdo1
154176,fdo1F
154264,s000
154284,fdi1
154301,s005
154316,hap0
154337,hap1R
154352,s000E
154367,s001
154388,s006
154403,tlk0
154424,tlk1E
154439,fdo1
154456,fdo1R
154471,s001F
154488,fdi2
154515,s006
154530,tlk0
154569,fdo1
154586,fdo1F
154674,s000
154694,fdi1
154711,s005
154726,hap0
154747,hap1R
154762,s000E
154777,s001
154798,s006
154813,tlk0
154834,tlk1R
154849,s001E
154864,s002
154883,hap0
154902,s002E
154917,s003
154932,hap1
154951,s007
154966,exp0
154993,s003E
155008,s004
155027,exp1R
155042,s004E
155057,s005
155078,s008
155093,gak0
155112,gak1R
155127,s005E
155142,s000
155163,s000E
155178,s006
155195,s006
155214,tlk1E
155229,fdo1
155246,fdo1R
155261,s006F
155278,fdi2
155298,fdo1
155315,fdo1F
155403,s000
155423,fdi1
155440,s005
155455,hap0
155474,s000E
155489,s002
155508,hap1R
155523,s002E
155538,s003
155555,s007
155570,exp0
155597,s003E
155612,s004
155631,exp1R
155646,s004E
155661,s005
155682,s008
155697,gak0
155714,gak1R
155729,s005E
155744,s000
155765,s000E
155780,s006
155797,s006
155816,tlk1E
155831,fdo1
155848,fdo1R
155863,s006F
155880,fdi2
156279,kidl0
156334,s000
156362,s000E
156899,fdi2
156918,fdi0
156935,fdi0
156951,fdo0
156968,fdo0
156984,fdi1
157001,fdi1
157017,fdo1
157034,fdo1
157050,whi1
157067,whi1
157083,who1
157100,who1
157116,who2
157133,who2
157149,who3
157166,who3
157182,main
157202,fdo1
157219,fdo1
157235,fdi1
157252,main
157272,fdi1
157288,blon
157305,blon
157323,whi0
157340,whi0
157356,who0
157373,who0
157389,efon
157406,efon
157422,fdis
157440,fdos
157457,fdos
157473,fdif
157491,fdof
157508,fdof
157524,fdip
157542,fdop
157559,fdop
158663,fdi2
158906,mok0
159452,main
159480,main
159508,main
159536,main
159616,fdi2
160557,fdi2
160850,mok0
161396,main
161424,main
161452,main
161480,main
161596,fdi2
161615,fdi0
161632,fdi0
161648,fdo0
161665,fdo0
161681,fdi1
161698,fdi1
161714,fdo1
161731,fdo1
161747,whi1
161764,whi1
161780,who1
161797,who1
161813,whi0
161830,whi0
161846,who0
161863,who0
161879,efon
161896,efon
161932,GuHu
161940,IuJu
161989,main
162007,main
162044,GuHu
162052,IuJu
162101,main
162119,main
162276,GuHuIuJu
162375,st01
162393,main
162411,main
162425,exp0
162439,exp1
162453,gak0
162467,gak1
162481,job0
162495,job1
162509,hap0
162523,hap1
162537,new0
162551,new1
162565,tlk0
162579,tlk1
162593,dan0
162607,dae0
162621,dan1
162635,dae1
162649,dan2
162663,dae2
162677,dan3
162691,dae3
162705,daz0
162719,new0
162735,new1
162752,awa0
162768,mup0
162787,mdw0
165593,fdo0
165610,fdo08
165637,s000
165654,fdi0
165680,tlb0
165699,tlb1
165718,s000E
165733,s001
165754,thk1
165777,s001E
165792,s000
165809,thk2
165828,fdo1
165845,fdo1R
165860,s000F
165877,fdi1
165910,tlk0
165940,tlk0
165959,pas0
165993,thk1
166016,thk2
167330,tlk0
167356,tlk0
167375,tlk1
168170,eton
168553,fdo1
168712,abd1
168782,ab01
168799,fdi2
168822,ab01
168848,ab02
168887,tlk0+t
168918,ten0St
168931,ten0E
168946,ab03
168979,thk1+t
169016,thk2St
169029,thk2+t
169052,ab04
169084,ab04
169139,fdi2
169158,fdi0
169175,fdi0
169191,fdo0
169208,fdo0
169224,fdi1
169241,fdi1
169257,fdo1
169274,fdo1
169290,whi1
169307,whi1
169323,who1
169340,who1
169356,who2
169373,who2
169389,who3
169406,who3
169422,main
169442,fdo1
169459,fdo1
169475,fdi1
169492,main
169512,fdi1
169528,blon
169545,blon
169563,whi0
169580,whi0
169596,who0
169613,who0
169629,efon
169646,efon
169662,fdis
169680,fdos
169697,fdos
169713,fdif
169731,fdof
169748,fdof
169764,fdip
169782,fdop
169799,fdop
172497,sd01
172541,kone
172576,sd01E8
172591,sd02
172616,thk1R8
172631,sd02E8
172646,sd04
172684,thk2
172707,tlk0R8
172722,sd04E8
172737,sd05
172793,tlk1
172813,sd05E8
172828,sd03
172865,kon1
172891,sd03
172950,bs01
172994,kone
173029,bs01E8
173044,bs02
173069,thk1R8
173084,bs02E8
173099,bs03
173137,thk2
173160,tlk0R8
173175,bs03E8
173190,bs04
173246,tlk1
173266,bs04E8
173281,bs05
173318,kon1
173344,bs05
173403,ws01
173447,kone
173482,ws01E8
173497,ws02
173522,thk1R8
173537,ws02E8
173552,ws03
173590,thk2
173613,tlk0R8
173628,ws03E8
173643,ws04
173699,tlk1
173719,ws04E8
173734,ws05
173771,kon1
173797,ws05
173856,jn01
173900,kone
173935,jn01E8
173950,jn02
173975,thk1R8
173990,jn02E8
174005,jn03
174043,thk2
174066,tlk0R8
174081,jn03E8
174096,jn04
174152,tlk1
174172,jn04E8
174187,jn05
174224,kon1
174250,jn05
174314,kone
174343,sd11
174371,thk1R8
174386,sd11E8
174401,sd12
174447,thk2R8
174462,sd12E8
174477,sd13
174509,kon1
174535,sd13
174598,kone
174627,bs11
174655,thk1R8
174670,bs11E8
174685,bs12
174731,thk2R8
174746,bs12E8
174761,bs13
174793,kon1
174819,bs13
174882,kone
174911,ws11
174939,thk1R8
174954,ws11E8
174969,ws12
175015,thk2R8
175030,ws12E8
175045,ws13
175077,kon1
175103,ws13
175166,kone
175195,jn11
175223,thk1R8
175238,jn11E8
175253,jn12
175299,thk2R8
175314,jn12E8
175329,jn13
175361,kon1
175387,jn13
175445,ga01
175489,kone
175532,ga01E8
175547,ga02
175580,ga02E8
175595,ga03
175627,kon1
175701,kone
175730,xa01
175765,kon1
175791,xa01
175854,kone
175883,sd13
175929,kon1
175949,sd13'
176000,main
176017,kone
176037,sd20
176063,cawh
176093,sd21
176108,shwh
176126,main
176152,sd21E8
176167,ured
176241,kone
176270,bs13
176316,kon1
176336,bs13'
176387,main
176404,kone
176424,bs20
176444,dis0+w
176465,dis0R8
176480,bs20E8
176495,bs21
176538,cawh+w
176563,bs21E8
176578,bs22
176593,shwh
176611,main
176637,sd22E8
176652,ured
176726,kone
176755,ws13
176801,kon1
176821,ws13'
176872,main
176889,kone
176909,ws20
176937,ws20E8
176952,ws21
176975,cawh+y
177000,ws21E8
177015,ws22
177030,shwh
177048,main
177074,sd21E8
177089,ured
177163,kone
177192,jn13
177238,kon1
177258,jn13'
177309,main
177326,kone
177346,jn20
177366,tlk0+z
177389,tlk2Sz
177402,tlk2
177426,thk1R8
177441,jn20E8
177456,jn22
177487,thk2R8
177502,jn22E8
177517,jn21
177532,thk2+z
177558,cawh+z
177583,jn21E8
177598,jn23
177613,shwh
177631,main
177657,jn23E8
177672,ured
177746,kone
177775,ga11
177803,ga11E8
177818,ga12
177864,cawhE8
177879,ga13
177919,shwhE8
177934,ga14
177954,main
177980,ga14E8
177995,ured
178139,kone
178156,main
178173,main
178190,main
178207,main
178227,xa11
178247,xa11
178268,xa12
178296,xa12E8
178311,xa13
178336,xa13E8
178351,xa14
178376,xa14E8
178391,xa15
178416,xa15E8
178431,xa16
178446,cabk
178462,cabk
178478,cabk
178494,cabk
178510,cabk
178540,xa16E8
178555,xa17
178572,main
178589,main
178606,main
178623,main
178640,main
178658,shbk
178674,shbk
178690,shbk
178706,shbk
178722,shbk
178761,deru
178778,ured
178852,kone
178881,sd11
178909,thk1R8
178924,sd11E8
178939,sd12
178985,thk2R8
179000,sd12E8
179015,sd13
179066,kon1
179086,sd13'
179137,main
179154,kone
179174,sd20
179200,cawh
179230,sd21
179245,shwh
179263,main
179289,sd21E8
179304,ured
179378,kone
179407,bs11
179435,thk1R8
179450,bs11E8
179465,bs12
179511,thk2R8
179526,bs12E8
179541,bs13
179592,kon1
179612,bs13'
179663,main
179680,kone
179700,bs20
179720,dis0+w
179741,dis0R8
179756,bs20E8
179771,bs21
179814,cawh+w
179839,bs21E8
179854,bs22
179869,shwh
179887,main
179913,sd22E8
179928,ured
180002,kone
180031,ws11
180059,thk1R8
180074,ws11E8
180089,ws12
180135,thk2R8
180150,ws12E8
180165,ws13
180216,kon1
180236,ws13'
180287,main
180304,kone
180324,ws20
180352,ws20E8
180367,ws21
180390,cawh+y
180415,ws21E8
180430,ws22
180445,shwh
180463,main
180489,sd21E8
180504,ured
180578,kone
180607,jn11
180635,thk1R8
180650,jn11E8
180665,jn12
180711,thk2R8
180726,jn12E8
180741,jn13
180792,kon1
180812,jn13'
180863,main
180880,kone
180900,jn20
180920,tlk0+z
180943,tlk2Sz
180956,tlk2
180980,thk1R8
180995,jn20E8
181010,jn22
181041,thk2R8
181056,jn22E8
181071,jn21
181086,thk2+z
181112,cawh+z
181137,jn21E8
181152,jn23
181167,shwh
181185,main
181211,jn23E8
181226,ured
181295,ga01
181339,kone
181382,ga01E8
181397,ga02
181430,ga02E8
181445,ga03
181483,kon1
181503,ga03'
181544,kone
181573,ga11
181601,ga11E8
181616,ga12
181662,cawhE8
181677,ga13
181717,shwhE8
181732,ga14
181752,main
181778,ga14E8
181793,ured
181867,kone
181896,xa01
181931,kon1
181954,xa01y
182096,kone
182113,main
182130,main
182147,main
182164,main
182184,xa11
182204,xa11
182225,xa12
182253,xa12E8
182268,xa13
182293,xa13E8
182308,xa14
182333,xa14E8
182348,xa15
182373,xa15E8
182388,xa16
182403,cabk
182419,cabk
182435,cabk
182451,cabk
182467,cabk
182497,xa16E8
182512,xa17
182529,main
182546,main
182563,main
182580,main
182597,main
182615,shbk
182631,shbk
182647,shbk
182663,shbk
182679,shbk
182718,deru
182735,ured
182767,fdi2
182829,kone
182858,sd11
182886,thk1R8
182901,sd11E8
182916,sd12
182962,thk2R8
182977,sd12E8
182992,sd13
183043,kon1
183063,sd13'
183114,main
183131,kone
183151,sd20
183177,cawh
183207,sd21
183222,shwh
183240,main
183266,sd21E8
183281,ured
183298,kon1
183315,stop
183390,kone
183419,bs11
183447,thk1R8
183462,bs11E8
183477,bs12
183523,thk2R8
183538,bs12E8
183553,bs13
183604,kon1
183624,bs13'
183675,main
183692,kone
183712,bs20
183732,dis0+w
183753,dis0R8
183768,bs20E8
183783,bs21
183826,cawh+w
183851,bs21E8
183866,bs22
183881,shwh
183899,main
183925,sd22E8
183940,ured
183957,kon1
183974,stop
184049,kone
184078,ws11
184106,thk1R8
184121,ws11E8
184136,ws12
184182,thk2R8
184197,ws12E8
184212,ws13
184263,kon1
184283,ws13'
184334,main
184351,kone
184371,ws20
184399,ws20E8
184414,ws21
184437,cawh+y
184462,ws21E8
184477,ws22
184492,shwh
184510,main
184536,sd21E8
184551,ured
184568,kon1
184585,stop
184660,kone
184689,jn11
184717,thk1R8
184732,jn11E8
184747,jn12
184793,thk2R8
184808,jn12E8
184823,jn13
184874,kon1
184894,jn13'
184945,main
184962,kone
184982,jn20
185002,tlk0+z
185025,tlk2Sz
185038,tlk2
185062,thk1R8
185077,jn20E8
185092,jn22
185123,thk2R8
185138,jn22E8
185153,jn21
185168,thk2+z
185194,cawh+z
185219,jn21E8
185234,jn23
185249,shwh
185267,main
185293,jn23E8
185308,ured
185325,kon1
185342,stop
185412,ga01
185456,kone
185499,ga01E8
185514,ga02
185547,ga02E8
185562,ga03
185600,kon1
185620,ga03'
185661,kone
185690,ga11
185718,ga11E8
185733,ga12
185779,cawhE8
185794,ga13
185834,shwhE8
185849,ga14
185869,main
185895,ga14E8
185910,ured
185927,kon1
186002,kone
186031,xa01
186066,kon1
186089,xa01y
186231,kone
186248,main
186265,main
186282,main
186299,main
186319,xa11
186339,xa11
186360,xa12
186388,xa12E8
186403,xa13
186428,xa13E8
186443,xa14
186468,xa14E8
186483,xa15
186508,xa15E8
186523,xa16
186538,cabk
186554,cabk
186570,cabk
186586,cabk
186602,cabk
186632,xa16E8
186647,xa17
186664,main
186681,main
186698,main
186715,main
186732,main
186750,shbk
186766,shbk
186782,shbk
186798,shbk
186814,shbk
186853,kon1
186870,stop
186887,stop
186904,stop
186921,stop
186938,deru
186955,ured
187043,main
187060,sd31
187085,fdi2
187105,efon
187138,sd31fr
187153,thk1E8
187168,sd32
187201,thk2Sx
187214,thk2R8
187229,sd32nx
187256,sd33
187291,tlk0+x
187314,tlk1
187335,sd33
187350,stop
187372,fdi2
187448,main
187465,bs31
187490,fdi2
187510,efon
187560,bs31E8
187575,bs33
187603,bs33Jw
187627,bs32
187650,poi0
187678,bs32E8
187693,bs34
187724,bs34
187739,stop
187761,fdi2
187837,main
187854,thk1Sy
187867,thk1E8
187882,ws31
187907,fdi2
187927,efon
187952,thk2+y
187973,thk2R8
187988,ws31Jy
188012,ws32
188035,shk0+y
188056,shk0f
188071,tlk0
188107,tlk1
188128,ws32
188143,stop
188165,fdi2
188250,main
188267,jn31
188292,fdi2
188312,efon
188329,tlk0+z
188352,tlk2Sz
188365,tlk1
188401,thk1E8
188416,jn32
188447,thk2Sz
188460,thk2R8
188475,jn32E8
188490,jn33
188532,jn33E8
188547,jn34
188609,tlk0E8
188624,jn35
188657,tlk2
188678,jn35
188693,stop
188715,fdi2
188810,kone
188830,ga02
188842,DEEn
188855,fdi2
188862,UEEo
188875,efon
188943,thk2E8
188958,ga21
189001,ga21E8
189016,ga22
189048,kon1
189102,fdi2
189282,main
189299,main
189316,main
189333,main
189350,main
189367,main
189432,rgm2E8
189447,xa20
189464,fdi2
189496,xa20E8
189511,xa21
189559,xa21E8
189574,xa22
189611,xa22E8
189626,xa23
189693,xa23E8
189708,xa24
189751,xa24f
189766,rgm2E8
189781,xa25
189817,xa25E8
189832,xa26
189895,xa26E8
189910,xa27
189927,fdi2
189952,xa27E8
189967,xa28
190017,xa28E8
190032,xa29
190060,xa29E8
190075,xa30
190108,xa30E8
190123,xa31
190165,kone
190185,xa31E8
190200,xa32
190245,kon1
190343,xa32E8
190358,xa33
190375,fdi2
190399,xa33
190432,xa34
190473,xa34E8
190488,xa35
190521,thk1R8
190536,xa35E8
190551,xa36
190576,thk2+y
190599,xa36E8
190614,xa37
190637,thk1+z
190674,thk2Sz
190687,thk2
190705,tlk0+z
190728,tlk2Jw
190752,xa37E8
190767,xa38
190802,xa38E8
190817,xa39
190867,xa39E8
190882,xa40
190910,xa40E8
190925,xa41
190968,xa41E8
190983,xa42
191008,xa42E8
191023,xa43
191048,xa43E8
191063,xa44
191111,xa44E8
191126,xa45
191172,stop
191189,stop
191206,stop
191223,stop
191240,stop
191257,stop
191302,fdi2
191321,fdi0
191338,fdi0
191354,fdo0
191371,fdo0
191387,fdi1
191404,fdi1
191420,fdo1
191437,fdo1
191453,whi1
191470,whi1
191486,who1
191503,who1
191519,who2
191536,who2
191552,who3
191569,who3
191585,main
191605,fdo1
191622,fdo1
191638,fdi1
191655,main
191675,fdi1
191691,blon
191708,blon
191726,whi0
191743,whi0
191759,who0
191776,who0
191792,efon
191809,efon
191825,fdis
191843,fdos
191860,fdos
191876,fdif
191894,fdof
191911,fdof
191927,fdip
191945,fdop
191962,fdop
191998,dead
192088,idls
192103,main
192132,dv00
192177,dv00E
192192,dv01
192225,dv01E
192240,dv02
192257,tlk0+
192288,dv02E
192303,dv03
192331,dv03E
192346,dv04
192363,tlk1+
192394,dv04E
192409,dv05
192426,tlk2+
192449,dv05E
192464,dv06
192484,tlk3
192517,dv06E
192532,blof
192567,fdi2
192606,dead
192696,idls
192711,main
192740,db00
192785,db00E
192800,db01
192833,db01E
192848,db02
192865,tlk0+
192896,db02E
192911,db03
192939,db03E
192954,db04
192971,tlk1+
193002,db04E
193017,db05
193034,tlk2+
193057,db05E
193072,db06
193092,tlk3
193125,db06E
193140,blof
193175,fdi2
193214,dead
193304,idls
193319,main
193348,dq00
193393,dq00E
193408,dq01
193441,dq01E
193456,dq02
193473,tlk0+
193504,dq02E
193519,dq03
193547,dq03E
193562,dq04
193579,tlk1+
193610,dq04E
193625,dq05
193642,tlk2+
193665,dq05E
193680,dq06
193700,tlk3
193733,dq06E
193748,blof
193783,fdi2
193822,dead
193912,idls
193927,main
193956,dv00
194001,dv00E
194016,dv01
194041,dv01E
194056,dv02
194073,tlk0+
194096,dv02E
194111,dv07
194128,tlk1+
194151,dv07E
194166,dv05
194183,tlk2+
194206,dv05E
194221,dv06
194241,tlk3
194274,dv06E
194289,blof
194324,fdi2
194363,dead
194453,idls
194468,main
194497,db00
194542,db00E
194557,db01
194582,db01E
194597,db02
194614,tlk0+
194637,db02E
194652,db07
194669,tlk1+
194692,db05
194709,tlk2+
194732,db05E
194747,db06
194767,tlk3
194800,db06E
194815,blof
194850,fdi2
194889,dead
194979,idls
194994,main
195023,dq00
195068,dq00E
195083,dq01
195108,dq01E
195123,dq02
195140,tlk0+
195163,dq02E
195178,dq07
195195,tlk1+
195218,dq07E
195233,dq05
195250,tlk2+
195273,dq05E
195288,dq06
195308,tlk3
195341,dq06E
195356,blof
195391,fdi2
195485,idls
195500,main
195529,dv08
195565,dv08E
195580,dv09
195597,tlk0+
195635,dv09E
195650,blof
195685,fdi2
195779,idls
195794,main
195823,db08
195859,db08E
195874,db09
195891,tlk0+
195929,db09E
195944,blof
195979,fdi2
196073,idls
196088,main
196117,dq08
196153,dq08E
196168,dq09
196185,tlk0+
196223,dq09E
196238,blof
196273,fdi2
196312,dead
196402,idls
196417,main
196446,dv00
196491,dv00E
196506,dv01
196531,dv01E
196546,dv02
196563,tlk0+
196586,dv02E
196601,dv07
196618,tlk1+
196641,dv07E
196656,dv05
196673,tlk2+
196696,dv05E
196711,dv06
196731,tlk3
196764,dv06E
196779,blof
196827,dead
196917,idls
196932,main
196961,db00
197006,db00E
197021,db01
197046,db01E
197061,db02
197078,tlk0+
197101,db02E
197116,db07
197133,tlk1+
197156,db05
197173,tlk2+
197196,db05E
197211,db06
197231,tlk3
197264,db06E
197279,blof
197327,dead
197417,idls
197432,main
197461,dq00
197506,dq00E
197521,dq01
197546,dq01E
197561,dq02
197578,tlk0+
197601,dq02E
197616,dq07
197633,tlk1+
197656,dq07E
197671,dq05
197688,tlk2+
197711,dq05E
197726,dq06
197746,tlk3
197779,dq06E
197794,blof
197842,dead
197932,idls
197947,main
197976,dt00
198021,dt00E
198036,dt01
198053,dt01E
198068,dt02
198101,dt02E
198116,dt03
198133,tmb0+
198169,tmb1R
198184,dt03E
198199,dt04
198224,dt04E
198239,dt05
198274,dt05E
198289,blof
198324,fdi2
198363,dead
198453,idls
198468,main
198497,dt00
198542,dt00E
198557,dt01
198574,dt01E
198589,dt02
198622,dt02E
198637,dt03
198654,tmb0+
198690,tmb1R
198705,dt03E
198720,dt04
198745,dt04E
198760,dt05
198795,db05E
198810,blof
198974,dt10
198994,dt10E
199009,dt11
199048,dt11E
199063,dt12
199080,main
199100,dt12E
199115,dt13
199140,dt13E
199155,dt14
199172,main
199228,dt14E
199243,dt15
199260,main
199365,dt15E
199380,dt16
199414,dt16E
199429,dt17
199454,dt17E
199469,dt18
199504,db18E
199519,blof
199554,fdi2
207290,fdo1
207395,s039
207423,s039
207443,s023
207460,fdi1
207510,s039
207536,s039
207554,s023E
207569,s024
207692,s024E
207707,s025
207803,s025E
207818,s026
207879,s026
207902,s040
207930,s040
207950,s027
207998,s040
208024,s040
208042,s027
208065,s041
208093,s041
208113,s028
208161,s041
208187,s041
208205,s028E
208220,ovl1
208237,s029
208280,s029E
208295,s030
208344,s030E
208359,s031
208439,s031E
208454,s034
208537,s034E
208552,s033
208598,s033E
208613,s032
208681,s032E
208696,s035
208751,s035E
208766,s029
208806,s029
208829,s041
208857,s041
208877,s028
208918,s041
208944,s041
208962,s028E
208977,s030
209024,s030E
209039,s035
209094,s035E
209109,s036
209174,s036E
209189,s037
209263,s037
209286,s042
209314,s042
209334,s038
209415,fdo1
209443,s042
209469,s042
209487,s038E5
209502,qstc
209543,fdi1
209569,fdo1
209666,s049
209683,fdi1
209730,s049E
209745,ovl1
209762,s050
209809,s050
209832,s053
209860,s053
209880,s051
209935,s053
209961,s053
210022,s052
210102,fdo1
210142,fdi1
210196,fdo1
210301,s050
210318,fdi1
210343,s050
210366,s053
210394,s053
210414,s051
210473,s053
210499,s053
210517,s051
210540,s057
210568,s057
210588,s052
210650,fdo1
210678,s057
210704,s057
210737,s054
210754,fdi1
210857,s055
210904,s055
210927,s058
210955,s058
210983,s056
211003,s059
211096,fdo1
211124,s058
211150,s058
211176,s056
211194,s059E5
211209,qstc
211247,fdi1
211716,tlk0
211730,tlk0f
211745,tlk1S
211758,tlk1
211774,thk1
211788,thk1
211804,thk2
211818,thk2
211834,shk0
211848,shk0
211864,dis0
211878,dis0
211894,poi0
211908,poi0
211924,pas0
211938,pas0
211954,syu0
211968,syu0
211984,wav0
211998,wav0
212014,ehn0
212052,ehn1
212066,ehn1
212082,msu0
212096,msu0
212112,msu1
212150,ghn1
212164,ghn1
212180,iro0
212194,iro0
212210,wai0
212224,wai0
212240,bik0
212254,bik0
212270,bik1
212284,bik1
212300,gkr0
212314,gkr0
212330,gkr1
212344,gkr1
212360,ohh0
212398,shk0S
212411,shk0f
212426,zit0
212442,zit0
212456,zit0
212560,deadS
212573,dead
212598,cabk
212612,cabk
212628,spef
212642,spef
212658,okir
212672,okir
212688,usi0
212702,usi0
212718,usi1
212732,usi1
212748,teh0
212762,teh0
212778,teh1
212792,teh1
212808,mdq0
212822,mdq0
212838,mdq3
212852,mdq3
213267,tlk1
213492,bs00
213512,thk1S
213525,thk1
213544,thk2
213686,efon
213703,bs00E
213718,bs01
213754,yor0
213773,nde1
213797,efon
213814,bs01E
213829,bs02
213894,efon
213911,bs02E
213926,bs03
214092,bs03E
214107,bs04
214124,efon
214141,poi1
214160,poi2
214178,bs04E
214193,bs09
214352,fdi2
214369,bs09E
214384,bs06
214408,bs06E
214423,bs07
214440,thk1
214467,bs07E
214482,bs08
214499,thk2
214528,bs08F
214545,fdi2
214717,bs00
214747,thk1S
214760,thk1
214778,fdi2
214795,bs00E
214810,bs10
214839,thk2S
214852,thk2
214875,bs10E
214890,bs11
214907,thk1
214938,bs11E
214953,bs12
214970,thk2
214987,thk2
215005,tlk1
215028,std0S
215041,std0
215059,bs12E
215074,bs13
215091,thk1
215154,fdi2
215190,fdi0
215207,fdi0
215223,fdo0
215240,fdo0
215256,fdi1
215273,fdi1
215289,fdo1
215306,fdo1
215322,whi1
215339,whi1
215355,who1
215372,who1
215388,who2
215405,who2
215421,who3
215438,who3
215454,main
215474,fdo1
215491,fdo1
215507,fdi1
215524,main
215544,fdi1
215560,blon
215577,blon
215595,whi0
215612,whi0
215628,who0
215645,who0
215661,efon
215678,efon
215694,fdis
215712,fdos
215729,fdos
215745,fdif
215763,fdof
215780,fdof
215796,fdip
215814,fdop
215831,fdop
217052,yko0
217070,yko1
217442,zit0
223840,tlk0
223862,tlk0
223906,tlk0
224507,tlk0
224525,tlk1
224589,tlk0
224607,tlk1
224644,tlk0
224662,tlk1
224717,tlk0
224735,tlk1
224960,s160Ei
224975,s158
225067,s158Ei
225082,s159
225359,fdo1
225376,fdo1F
225531,s214
225551,fdi1
225606,fdo1
225623,fdo1Ri
225638,s214
225815,fdo1
225832,fdo1
225891,fdo1
225908,fdo1Ri
225923,s214
226268,fdo1
226285,fdo1Ri
226300,s202Ri
226315,s214Ri
226330,s215
226367,fdo1
226384,fdo1Ri
226399,s202Ri
226414,s214Ri
226429,s215
226583,fdi1
226951,fdo2
226968,fdo2Ri
226983,s112Ri
226998,s114Ri
227013,s211N
227080,fdi2
227108,fdo1
227125,fdo1F
227221,s128
227241,fdi1
227272,s128Ei
227287,s115
227304,tlk0
227332,tlk1
227358,s115Ei
227373,s116
227390,tlk0+
227429,s116Ei
227444,s117
227461,tlk1+
227484,fdo1
227501,fdo1Ri
227516,s117N
227548,fdi1
229058,kue0
229285,fdi1
237257,fdi1
238107,fdo1
238124,fdo1F
238182,s108
238202,fdi1
238230,s108Ei
238245,s109
238262,tlk0+
238285,fdo1
238302,fdo1Ri
238317,s109F
238337,fdi1
241279,fdo1
241296,fdo1
241316,stop
241388,s197
241408,fdi1
241428,s094
241523,kick+
241557,s197
241577,fdi1
241597,s094
241640,tuki+
241674,s197
241707,s207
241748,fdo1
241780,s197R
241795,s207
241848,fdo1
241865,fdo1
241880,stop
241941,s197
241961,fdi1
242119,fdo1
242151,s197
242177,fdo1
242194,fdo1
242209,stop
242326,s120
242346,fdi1
242366,tlk0
242395,tlk1J
242422,s120Ei
242437,s121
242469,s121
242489,fdi1
242512,who1
242529,who1Ri
242608,hi02J
242632,s123
242652,whi1
242669,whi1n
242717,who1
242734,who1Ri
242829,sha0Ei
242844,s124
242864,whi1
242881,whi1J
242934,sha1
242967,who1
242984,who1Ri
242999,s124N
243063,s125
243083,whi1
243100,whi1'
243201,who1
243218,who1Ri
243283,s122
243303,whi1
243320,whi1f
243335,tlk0
243388,tlk1J
243428,fdo1
243445,fdo1Ri
243460,s122xN
243489,fdo1
243506,fdo1
243559,fdo1
243576,fdo1
243646,stop
243695,fdo1
243712,fdo1N
243768,s173
243803,s136
243830,s136
243850,fdi1
243884,fdo1
243901,fdo1R
243916,s173Ri
243931,s136f
243946,sha1x
243990,fdo1
244007,fdo1
244069,hi03E
244084,s174
244104,fdi1
244131,str0
244196,s185
244216,fdi1
244243,str0
244297,s185
244317,fdi1
244344,str0
244375,fdo1
244392,fdo1R
244407,s174R
244440,Pkidl0
244460,Pkidl0
244481,stop
244489,Pkchi0
244510,stop
244540,fdo1
244557,fdo1N
244606,stop
244638,stop
244677,fdi1
244694,s187
244722,kue0
244818,fdo1
244835,fdo1R
244886,fdo1
244903,fdo1
244918,stop
244935,stop
244988,s114
245008,fdi1
245042,fdo1
245059,fdo1Ri
245074,s114
245108,fdo1
245125,fdo1
245140,stop
245251,hi02E
245266,shna
245283,s179
245303,fdi1
245345,fdo1
245362,fdo1R
245377,s179E
245392,ehna
245398,kidl0
245442,fdo1
245459,fdo1
245500,fdo1
245517,fdo1
245558,fdo1
245575,fdo1
245616,fdo1
245633,fdo1
245674,fdo1
245691,fdo1
245732,fdo1
245749,fdo1
245790,fdo1
245807,fdo1
245848,fdo1
245865,fdo1
245906,fdo1
245923,fdo1
245964,fdo1
245981,fdo1
246022,fdo1
246039,fdo1
246080,fdo1
246097,fdo1
246138,fdo1
246155,fdo1
246196,fdo1
246213,fdo1
246274,fdo1
246291,fdo1
246502,s094
246547,poi0
246599,s097
246678,dis0
246706,tlk0+
246729,ten0
246768,s094
246794,tlk1
246822,ten1f
246837,dis0+
246884,s112
246929,tlk0
246957,ten0
247105,s106
247149,s094
247204,s106E
247219,s109
247264,poi0
247292,fdo1
247309,fdo1R
247324,s109
247350,s107
247385,nak0E
247400,nak2
247417,nak0E
247432,nak2
247457,s107E
247472,s110
247532,dis0
247560,tlk0+
247583,ten0E
247598,fdo1
247615,fdo1R
247630,s110
247656,s108
247730,s095
247760,s108E
247775,s109
247792,tlk1
247820,ten1f
247835,dis0+
247858,fdo1
247875,fdo1R
247890,s109
247916,s106
247933,s094
248015,s106E
248030,s109
248072,s109E
248087,s110
248125,poi0
248170,s110E
248185,s111
248239,tlk0
248267,ten0
248291,fdo1
248308,fdo1R
248323,s111N
248353,s114
248370,s114N
248476,fdo1
248493,fdo1
248636,s223
248656,fdi1
248730,s224
248750,fdi1
248816,s225
248836,fdi1
248902,s225Ei
248917,s226
248960,joy0
249017,joy0
249075,s226Ei
249090,s227
249131,nak2
249224,s226Ei
249239,s228
249265,nak2
249350,s223E
249365,s212
249437,s212E
249452,s213
249489,s213
249507,s214
249562,s214E
249577,s215
249614,s215E
249629,s216
249684,s215E
249699,s221
249816,s224E
249831,s222
249907,s222E
249922,s223
249952,s223
249970,s224
250022,s224E
250037,s225
250074,s225E
250089,s226
250144,s225E
250159,s227
250268,s225E
250283,s228
250365,s228E
250380,s229
250410,s229
250428,s230
250483,s230E
250498,s231
250535,s231E
250550,s232
250617,s231E
250632,s233
250749,fdo1
250766,fdo1R
250781,s216R
250796,s221R
250811,s226R
250826,s227R
250841,s232R
251083,s223E
251098,s176
251118,main
251173,s224E
251188,s177
251208,main
251255,s225E
251270,s179
251290,main
251366,fdo1
251383,fdo1Ri
251398,s223Ri
251413,s224Ri
251428,s225Ri
251443,s227Ri
251578,s222R
251593,s220R
251608,s137R
251623,s139R
251638,s144R
251653,s176R
251668,s177R
251683,s179
251808,s114
251968,s156
252091,s159
252231,s220
252314,tlk0
252372,s157
252431,hi09+
252486,tlk0
252544,s160
252573,joy0
252638,tlk0
252696,s221
252722,nak2
252747,s094
252796,tlk0+
252819,tlk1
252885,s158
252928,s161
252963,s222
252980,tlk0+
253011,tlk1+
253071,tlk0
253099,tlk1
253173,s158E
253188,s136
253205,tlk0+
253228,s136E
253243,s137
253301,s161E
253316,s138
253333,tlk0+
253356,s138E
253371,s139
253421,s222E
253436,s143
253453,tlk0+
253476,s143E
253491,s144
253511,tlk1+
253575,s158E
253590,s136
253607,tlk0+
253630,s136E
253645,s137
253703,s161E
253718,s138
253735,tlk0+
253758,s138E
253773,s139
253823,s222E
253838,s143
253855,tlk0+
253878,s143E
253893,s144
253913,tlk1
254463,fdo1
254480,fdo1
254812,nak2
254891,nak2
255299,nak2
255543,fdo1
255560,fdo1
255703,s230
255723,fdi1
255789,s231
255809,fdi1
256051,s162
256118,s165
256201,dis0+
256259,s166
256311,s167
256363,s168
256380,twb0+
256441,s169
256492,dis0+
256662,s223
256738,s226
256781,dis0+
256839,s227
256891,s228
256943,s229
256960,twb0+
257021,s230
257072,dis0+
257114,s231Ei
257129,s232
257172,joy0
257229,joy0
257287,s232Ei
257302,s233
257343,nak2
257436,s232Ei
257451,s234
257477,nak2
257550,s230E
257565,s178
257585,main
257632,s231E
257647,s180
257667,main
257779,s164E
257794,s140
257834,s140E
257849,s141
257899,s225E
257914,s145
257954,s145E
257969,s146
257986,tlk0+
258009,tlk1
258046,fdo1
258063,fdo1Ri
258078,s230Ri
258093,s231Ri
258108,s233Ri
258243,s230R
258258,s141R
258273,s142R
258288,s146R
258303,s147
258509,s114
258683,s162
258826,s223
258906,tlk0
258964,s163
258993,joy0
259058,tlk0
259116,s224
259142,nak2
259167,s094
259245,tlk0+
259268,tlk1
259343,s164
259390,s225
259407,tlk0+
259438,tlk1+
259527,tlk0
259555,tlk1
259629,s164E
259644,s140
259684,s140E
259699,s141
259716,thk1+
259739,thk2+
259762,s141E
259777,s142
259827,s225E
259842,s145
259882,s145E
259897,s146
259914,thk1+
259937,thk2+
259960,s146E
259975,s147
259992,tlk0
260010,tlk1
260066,s164E
260081,s140
260141,s140E
260156,s142
260206,s225E
260221,s145
260281,s145E
260296,s147
260313,tlk0
260331,tlk1
260441,fdo1
260458,fdo1
260912,nak2
260991,nak2
261221,nak2
261443,fdo1
261460,fdo1
261590,s235
261610,fdi1
261705,s235Ei
261720,s236
261763,joy0
261820,joy0
261878,s236Ei
261893,s237
261934,nak2
262027,s236Ei
262042,s238
262068,nak2
262133,s235E
262148,s181
262168,main
262250,s232
262276,s233E
262291,s148
262331,s148E
262346,s149
262363,tlk0+
262386,tlk1
262443,s232
262469,s234E
262484,s148
262524,s148E
262539,s151
262556,tlk0+
262579,tlk1
262633,fdo1
262650,fdo1Ri
262665,s235Ri
262680,s237Ri
262770,s237R
262785,s149R
262800,s150R
262815,s151R
262830,s152R
262845,s181
262956,s114
263021,s231
263224,tlk0+
263277,s232
263303,nak2
263328,s094
263386,tlk0+
263409,tlk1
263476,s233
263493,tlk0+
263524,tlk1+
263593,tlk0+
263616,tlk1
263660,s232
263686,s233E
263701,s148
263741,s148E
263756,s149
263773,thk1+
263796,thk2+
263819,s149E
263834,s150
263851,tlk0
263869,tlk1
263895,s232
263921,s233E
263936,s148
263996,s148E
264011,s150
264028,tlk0
264046,tlk1
264077,s231
264271,tlk0+
264324,s232
264350,nak2
264375,s094
264424,tlk0+
264447,tlk1
264505,s234
264522,tlk0+
264553,tlk1+
264613,tlk0+
264636,tlk1
264680,s232
264706,s234E
264721,s148
264761,s148E
264776,s151
264793,thk1+
264816,thk2+
264839,s151E
264854,s152
264871,tlk0
264889,tlk1
264915,s232
264941,s234E
264956,s148
264996,tlk0+
265019,s148E
265034,s152
265054,tlk1
265213,s231
265401,s235
265430,tlb0+
265491,s236
265537,nak2
265577,s237
265606,tlb0+
265629,tlb1
265675,fdo1
265692,fdo1
266042,nak2
266121,nak2
266384,nak2
266625,nak2
266872,nak2
266906,fdo1
266923,fdo1N
267078,fdo1
267095,fdo1R
267110,s170Ri
267125,s137xN
267171,fdo1
267188,fdo1
267295,fdo1
267312,fdo1Ri
267327,s147Ri
267342,s148Ri
267357,s149
267432,fdo1
267449,fdo1
267503,stop
267542,stop
267578,s154
267598,fdi1
267632,fdo1
267649,fdo1Ri
267664,s154x
267714,fdo1
267731,fdo1
267790,stop
267980,stop
268267,s154
268287,fdi1
268321,fdo1
268338,fdo1Ri
268353,s154x
268542,fdo1
268559,fdo1
268658,stop
268664,kidl0
268699,stop
268705,kchi0
268740,s160
268760,fdi1
268847,fdo1
268864,fdo1Ri
268902,xkchi0
268941,fdo1
268958,fdo1
269017,stop
269023,kidl0
269178,stop
269184,kchi0
269436,s166
269456,fdi1
269605,fdo1
269622,fdo1Ri
269637,s166xN
269755,fdo1
269772,fdo1
269850,stop
269868,kidl0
269900,stop
269918,kchi0
270000,s171
270020,fdi1
270048,kue0
270319,s171Ei
270334,s177
270354,s177Ei
270369,s172
270453,fdo1
270470,fdo1Ri
270485,s177Ri
270651,s173
270671,fdi1
270691,tlk0
270719,tlk1E
270734,fdo1
270751,fdo1Ri
270766,s173xN
270800,fdo1
270817,fdo1N
270984,stop
270990,kidl0
271061,stop
271067,kchi0
271148,s179
271168,fdi1
271203,gre0
271272,joy0
271332,cry0J
271377,tlk0+
271403,kan0
271445,fdo1
271462,fdo1Ri
271477,s179f
271695,s173
271715,fdi1
271735,tlk0
271763,tlk1E
271778,fdo1
271795,fdo1Ri
271810,s173xN
271839,fdo1
271856,fdo1
271946,s184
271973,fdi1
272018,s184Ei
272033,s185
272071,fdo1
272088,fdo1Ri
272103,s185
272167,fdo1
272184,fdo1Ri
272373,s173
272393,fdi1
272413,tlk0
272441,tlk1E
272456,fdo1
272473,fdo1Ri
272488,s173N
272516,fdo1
272533,fdo1
272548,stop
272612,kchi0
272954,ton0
272979,s191
272999,fdi1
273019,ton0
273053,ton1
273071,ust0
273116,ton1
273134,yor0
273152,fdo1
273169,fdo1Ri
273446,s173
273466,fdi1
273486,tlk0
273514,tlk1E
273529,fdo1
273546,fdo1Ri
273561,s173N
273589,fdo1
273606,fdo1
273621,stop
273719,s194
273739,fdi1
273835,fdo1
273852,fdo1Ri
274140,s173
274160,fdi1
274180,tlk0
274208,tlk1E
274223,fdo1
274240,fdo1Ri
274255,s173N
274413,kidl0
274433,kidl0
274445,kchi0
274463,kidl0
274475,kchi0
274524,s112
274628,s211
274710,s114
274787,hi03
274802,str0
274827,s181
274847,s180
274874,hi02
274899,hi04
274924,hi05
274949,hi04
274974,hi08
274981,kidl0
275014,s246
275034,s113
275059,slp0
275082,s191
275102,s190
275119,str0
275146,usit
275169,s191
275189,s190
275216,ustd
275239,s191
275259,s190
275286,usit
275309,s191
275329,s190
275356,usit
275379,s191
275399,s190
275426,ira0
275451,obi0
275476,ira0
275483,kidl0
275516,s209
275536,s211
275561,slp0
275584,s191
275604,s190
275621,str0
275648,usit
275671,s191
275691,s190
275718,ustl
275741,s196
275761,s205
275788,usit
275811,s191
275831,s190
275858,usit
275881,s191
275901,s190
275928,ira0
275951,s198
275971,s204
275998,obi0
276021,s200
276041,s199
276068,ira0
276091,s198
276111,s204
276138,ustl
276161,s196
276181,s205
276190,kchi0
276223,s210
276243,s114
276261,fdo1
276278,fdo1
276305,s114
276325,fdi1
276359,fdo1
276376,fdo1Ri
276391,s114x
276408,fdo1
276425,fdo1
276491,s112
276511,fdi1
276564,who1
276581,who1Ri
276596,s112
276634,hi02E
276649,shna
276666,s171
276686,whi1
276703,s094
276720,whi1
276765,fdo1
276782,fdo1E
276797,ehna
276814,hi00R
276829,s171x
276846,fdo1
276863,fdo1
276878,stop
276927,s182
276947,fdi1
276964,s094
276984,joyb
277039,fdo1
277056,fdo1R
277071,s182x
277088,fdo1
277105,fdo1
277120,stop
277181,s197
277201,fdi1
277243,fdo1
277275,s197x
277322,fdo1
277339,fdo1
277527,fdi1
277884,fdo1
277901,fdo1Ri
277916,s113Ri
277931,s211Ri
277946,s114
278039,hi07
278698,hi00
278734,hori
278829,fdo1
278846,fdo1
278919,s208
278939,fdi1
279146,fdi1
279275,hi07
279313,hi07
279366,hi09
279444,fdi1
279496,fdi1
279651,joyb
279700,joyb
279749,joyb
279883,fdi1
279935,fdi1
280307,fdo1
280324,fdo1Ri
280339,s246Ri
280354,s208Ri
280369,s209Ri
280384,s210
280475,s181Ri
280490,s246E
280505,s188
280525,main
280576,s181
280596,s246
280671,s191Ri
280686,s209E
280701,s189
280721,main
280772,s191
280799,s191
280826,s191
280853,s191
280880,s191
280900,s209
280975,s191R
280990,s196R
281005,s198R
281020,s200Ri
281035,s210E
281050,s189
281070,main
281121,s191
281148,s191
281175,s196
281202,s191
281229,s191
281256,s198
281283,s200
281310,s198
281337,s196
281357,s210
281374,nak2
281426,fdo1
281443,fdo1w
281499,fdi1
281585,s094
281669,s094
281753,s094
281837,s094
281921,s094
282005,s094
282049,fdo1
282066,fdo1R
282081,s201R
282096,s202Ri
282111,s212Ri
282126,s220R
282141,s192R
282156,s197R
282171,s206xN
282207,s211
282243,s192
282275,s192
282307,s192
282339,s192
282364,s220
282384,s114R
282399,s205R
282414,s204
282450,s201
282482,s197
282514,s201
282546,s201
282578,s206
282610,s202
282642,s206
282674,s197
282699,s212
282731,main
282751,main
282785,joyb
282862,fdo1
282879,fdo1
282948,stop
282965,s117
282985,fdi1
283020,hi10
283038,main
283066,stop
283083,s119
283103,fdi1
283138,wup0
283156,main
283176,stop
283193,s121
283213,fdi1
283248,wup0
283266,main
283323,hi03
283338,str0
283355,s116
283383,slp0
283398,str0
283415,s118
283435,slp0
283450,str0
283467,s120
283487,fdi1
283524,hi08Ei
283539,s247
283567,obi0Ei
283582,s221
283602,obi0Ei
283617,s213
283637,fdi1
283664,fdo1
283681,fdo1Ri
283696,s213Ri
283711,s221Ri
283726,s247R
283741,s116R
283756,s117R
283771,s118R
283786,s119R
283801,s120R
283816,s121x
283976,fdo1
283993,fdo1N
284042,stop
284074,hi04
284092,s176
284120,stop
284152,usit
284170,s196
284190,stop
284222,usit
284240,s196
284260,fdi1
284296,fdo1
284313,fdo1R
284343,s196
284369,fdo1
284386,fdo1N
284435,stop
284467,hi05
284485,s177
284513,stop
284545,ustd
284563,s183
284583,stop
284615,ustl
284633,s198
284653,fdi1
284689,fdo1
284706,fdo1R
284721,s177R
284751,s198
284777,fdo1
284794,fdo1N
284843,stop
284875,hi04
284893,s176
284921,stop
284953,usit
284971,s196
284991,stop
285023,usit
285041,s196
285061,fdi1
285092,fdo1
285109,fdo1R
285139,s196
285165,fdo1
285182,fdo1N
285231,stop
285260,s175
285280,fdi1
285300,hi07
285344,stop
285373,s184
285393,fdi1
285446,stop
285475,s193
285495,fdi1
285556,fdo1
285573,fdo1R
285588,s175R
285603,s193R
285618,s184N
285641,fdo1
285658,fdo1N
285707,stop
285736,s184
285756,fdi1
285821,stop
285850,s193
285870,fdi1
285943,fdo1
285960,fdo1R
285975,s175R
285990,s193R
286005,s184N
286028,fdo1
286045,fdo1N
286094,stop
286123,s245
286143,fdi1
286163,main
286216,stop
286245,s193
286265,fdi1
286285,main
286346,fdo1
286363,fdo1R
286378,s245R
286393,s193N
286416,fdo1
286433,fdo1N
286482,stop
286514,usit
286532,s196
286552,stop
286584,usit
286602,s196
286622,fdi1
286658,fdo1
286690,s196
286716,fdo1
286733,fdo1N
286782,stop
286814,ira0E
286829,s186
286849,stop
286881,ira0E
286896,s194
286916,fdi1
286947,fdo1
286964,fdo1R
286979,s194R
286994,s186
287020,fdo1
287037,fdo1
287052,stop
287125,s198
287145,fdi1
287165,main
287193,fdo1
287225,s198kidl0
287257,fdo1
287274,fdo1
287349,hi03E
287364,s172
287384,fdi1
287404,str0
287462,s195
287482,fdi1
287502,str0
287552,s195
287572,fdi1
287592,str0
287620,fdo1
287637,fdo1R
287667,s195
287679,kidl0
287699,stop
287716,kidl0
287736,stop
287745,kchi0
287765,stop
287806,fdo1
287823,fdo1N
287894,stop
287900,kidl0
287935,s178
287955,fdi1
287975,hi07
287990,main
288033,stop
288039,kidl0
288074,s188
288094,fdi1
288114,kue0
288132,main
288167,stop
288173,kchi0
288208,s203
288228,fdi1
288248,nak0
288263,main
288329,fdo1
288346,fdo1R
288361,s178R
288376,s188R
288391,s203N
288499,s214
288519,fdi1
288634,s214
288654,fdi1
288772,s214
288792,fdi1
288915,s214
288935,fdi1
289053,s214
289073,fdi1
290421,fdo1
290438,fdo1F
290493,s245
290513,fdi1
290533,tlk0+
290559,s246
290579,fdi1
290599,tlk0+
290622,tlk1E
290637,fdo1
290654,fdo1R
290669,s245R
290684,s246F
290704,fdi1
290771,s118
290791,fdi1
290811,tlk0
290839,tlk1E
290854,fdo1
290871,fdo1R
290886,s118
290917,hi03E
290932,s174
290952,fdi1
290969,str0
291013,fdo1
291030,fdo1R
291045,s174
291060,stop
291066,kidl0
291103,hi02E
291118,s179
291135,shna
291155,fdi1
291189,fdo1
291206,fdo1R
291221,s179kidl0
291245,ehna
291314,s134
291334,fdi1
291357,tlk0+
291380,tlk1+
291406,fdo1
291423,fdo1R
291438,s134x
291506,s135
291526,fdi1
291546,tlk0
291574,tlk1
291606,fdo1
291623,fdo1R
291638,s135
291668,s229
291688,fdi1
291708,tlk0
291737,tlk1E
291752,fdo1
291769,fdo1R
291784,s229x
291815,s229
291835,fdi1
291855,tlk0
291884,tlk1E
291899,fdo1
291916,fdo1R
291931,s229x
291962,s229
291982,fdi1
292002,tlk0
292031,tlk1E
292046,fdo1
292063,fdo1R
292078,s229x
292109,s229
292129,fdi1
292149,tlk0
292175,tlk1+
292209,fdo1
292226,fdo1R
292241,s229x
292272,s229
292292,fdi1
292312,tlk0
292341,tlk1E
292356,fdo1
292373,fdo1R
292388,s229x
292419,s229
292439,fdi1
292459,tlk0
292488,tlk1E
292503,fdo1
292520,fdo1R
292535,s229x
292566,s229
292586,fdi1
292606,tlk0
292635,tlk1E
292650,fdo1
292667,fdo1R
292682,s229x
292713,s229
292733,fdi1
292753,tlk0
292782,tlk1E
292797,fdo1
292814,fdo1R
292829,s229x
292860,s229
292880,fdi1
292900,tlk0
292929,tlk1E
292944,fdo1
292961,fdo1R
292976,s229x
293007,s229
293027,fdi1
293047,tlk0
293076,tlk1E
293091,fdo1
293108,fdo1R
293123,s229x
293154,s229
293174,fdi1
293194,tlk0
293223,tlk1E
293238,fdo1
293255,fdo1R
293270,s229x
293301,s229
293321,fdi1
293341,tlk0
293367,tlk1+
293393,fdo1
293410,fdo1R
293425,s229x
293456,s229
293476,fdi1
293496,tlk0
293525,tlk1E
293540,fdo1
293557,fdo1R
293572,s229x
293603,s229
293623,fdi1
293643,tlk0
293677,tlk1E
293692,fdo1
293709,fdo1R
293724,s229x
293958,kidl0
293990,s088
294010,fdi1
294030,tlk1
294064,ten1R5
294079,s088E5
294094,s089
294131,s089E5
294146,s090
294197,s092
294213,fdo1
294230,fdo1R5
294245,s094R5
294260,s097R5
294275,s112f9
294425,kchi0
294545,s098
294565,fdi1
294585,tlk1
294619,ten1R5
294634,s098E5
294649,s099
294686,s099E5
294701,s100
294752,s105
294768,stop
294804,s170
294824,fdi1
294860,stop
294878,kidl0
294908,s170
294928,fdi1
295000,stop
295018,kidl0
295057,s137
295074,fdi1
295133,joy0
295152,stop
295170,kchi0
295209,fdi1
295226,s137
295307,stop
295325,kidl0
295364,s147
295384,fdi1
295432,stop
295450,kidl0
295480,s148
295500,fdi1
295576,stop
295594,kchi0
295631,s149
295651,fdi1
295793,fdo1
295810,fdo1R
295825,s184
295916,s186
295943,fdi1
295974,kchi0
296170,s217
296190,fdi1
296242,s217E
296257,s218
296274,thk1+
296297,s218E
296312,s219
296329,thk2
296347,tlk0+
296370,s219E
296385,s220
296410,tlk1+
296433,fdo1
296450,fdo1R
296465,s220
296484,fdi1
296504,s094
296521,furi+
296548,fdi1
296568,s094
296624,s133
296644,fdi1
296664,tlk0
296692,tlk1
296710,fdo1
296727,fdo1R
296742,s133
296758,stop
296819,stop
296870,sha0
296886,stop
296937,sha0
296953,s093
296970,s094
297061,s093
297077,s095
297094,kue0
297127,kue0
297168,s095
297184,s096
297258,s095
297288,s096
297304,s093
297321,s094
297385,s093E5
297400,s094
297433,s094E5
297448,s097
297486,poi0
297531,s097
297618,s214
297638,fdi1
297678,s214
297698,fdi1
297747,s214
297767,fdi1
297813,s214
297833,fdi1
297879,s214
297899,fdi1
297945,s214
297965,fdi1
298011,s214
298031,fdi1
298077,s214
298097,fdi1
298143,s214
298163,fdi1
298489,s214
298509,fdi1
298560,s214
298580,fdi1
298628,s214
298648,fdi1
298691,s214
298711,fdi1
298757,s214
298777,fdi1
298823,s214
298843,fdi1
298889,s214
298909,fdi1
298960,s214
298980,fdi1
299023,s214
299043,fdi1
299089,s214
299109,fdi1
299155,s214
299175,fdi1
299237,s214
299257,fdi1
299303,s214
299323,fdi1
299369,s214
299389,fdi1
299435,s214
299455,fdi1
299501,s214
299521,fdi1
299567,s214
299587,fdi1
299633,s214
299653,fdi1
299699,s214
299719,fdi1
299765,s214
299785,fdi1
299831,s214
299851,fdi1
299897,s214
299917,fdi1
299963,s214
299983,fdi1
300029,s214
300049,fdi1
300095,s214
300115,fdi1
300166,s214
300186,fdi1
300229,s214
300249,fdi1
300295,s214
300315,fdi1
302271,hi09
302314,hi09
302359,kue0
302608,slp0
302906,s171EJ
302921,s177
303074,hi07
303174,kue0
303239,kue0
303343,s091
303459,s092
305610,Chocobo
315150,ton0
315168,ton1
315187,kick
315205,tuki
315223,furi
315239,kick
315257,tuki
315273,kick
315291,furi
315307,tuki
315325,furi
315415,nak0E
315430,nak2
315663,slp0
315961,s171EB
315976,s177
316145,joy0
316188,joy0J
316326,tlk0
316504,nak0
316522,nak2
316577,nak0
316595,nak2
316657,nak0
316675,nak2
316749,s100E
316764,s101
316801,s101E
316816,s102
316853,s102E
316868,s103
316905,s103E
316920,s104
316993,s104E
317008,s105
318394,Chocobo
325890,Aile
325906,Ange
325922,Ardi
325938,Beak
325954,Beau
325970,Best
325986,Bleu
326002,Blue
326018,Bone
326034,Cart
326050,Chic
326066,Ciel
326082,Claw
326098,Cool
326114,Dame
326130,Dark
326146,Dore
326162,Dray
326178,Duke
326194,Easy
326210,Edel
326226,Face
326242,Fast
326258,Fier
326274,Fine
326290,Fire
326306,Foot
326322,Fury
326338,Fuyu
326354,Gale
326370,Girl
326386,Goer
326402,Gold
326418,Good
326434,Graf
326450,Gray
326466,Gust
326482,Gute
326498,Haoh
326514,Haru
326530,Held
326546,Hero
326562,Hope
326578,Idol
326594,Iris
326610,Iron
326626,Jack
326642,Jade
326658,Joli
326674,Jung
326690,Kiku
326706,King
326722,Kopf
326738,Lady
326754,Last
326770,Lili
326786,Lily
326802,Line
326818,Long
326834,Lord
326850,Luft
326866,Luna
326882,Lune
326898,Mama
326914,Mars
326930,Miel
326946,Miss
326962,Momo
326978,Mond
326994,Moon
327010,Nana
327026,Nice
327042,Noir
327058,Nono
327074,Nova
327090,Nuit
327106,Ocre
327122,Olle
327138,Papa
327154,Pers
327170,Phar
327186,Pony
327202,Pure
327218,Rain
327234,Rice
327250,Rich
327266,Road
327282,Rose
327298,Rote
327314,Roux
327330,Ruby
327346,Sage
327362,Snow
327378,Star
327394,Tail
327410,Trot
327426,Vega
327442,Vent
327458,Vert
327474,VIII
327490,Vive
327506,Wave
327522,West
327538,Wild
327554,Wind
327570,Wing
327586,XIII
327602,Zero
327618,Acier
327634,Agate
327650,Agile
327666,Agnes
327682,Ailee
327698,Alpha
327714,Amber
327730,Ambre
327746,Angel
327762,Ardie
327778,Arkie
327794,Arrow
327810,Avian
327826,Azure
327842,Baron
327858,Belle
327874,Beryl
327890,Black
327906,Blade
327922,Blaue
327938,Blaze
327954,Bleue
327970,Blitz
327986,Blond
328002,Blood
328018,Bonne
328034,Brave
328050,Brian
328066,Brise
328082,Burst
328098,Calme
328114,Chaos
328130,Clair
328146,Cloud
328162,Comet
328178,Comte
328194,Court
328210,Craft
328226,Crete
328242,Crown
328258,Dance
328274,Dandy
328290,Devil
328306,Diana
328322,Doree
328338,Dream
328354,Eager
328370,Eagle
328386,Ebony
328402,Eisen
328418,Ember
328434,Engel
328450,Fairy
328466,Fatty
328482,Feder
328498,Feuer
328514,Fiere
328530,Fiery
328546,Final
328562,Flare
328578,Fleet
328594,Fleur
328610,Flier
328626,Flood
328642,Flora
328658,Flyer
328674,Frais
328690,Frost
328706,Fuchs
328722,Galop
328738,Geist
328754,Gelbe
328770,Ghost
328786,Glory
328802,Grand
328818,Great
328834,Green
328850,Guter
328866,Gutes
328882,Heart
328898,Helle
328914,Hiden
328930,Hiten
328946,Hiver
328962,Hobby
328978,Hyper
328994,Ivory
329010,Jaune
329026,Jeune
329042,Jinpu
329058,Jolie
329074,Jolly
329090,Kluge
329106,Knife
329122,Komet
329138,Kugel
329154,Lahme
329170,Leste
329186,Light
329202,Lilas
329218,Lucky
329234,Lunar
329250,Lutin
329266,Magic
329282,Merry
329298,Metal
329314,Natsu
329330,Neddy
329346,Night
329362,Ninja
329378,Noble
329394,Noire
329410,Nuage
329426,Ocree
329442,Olive
329458,Oller
329474,Olles
329490,Omega
329506,Opale
329522,Orage
329538,Patte
329554,Peace
329570,Penne
329586,Petit
329602,Pfeil
329618,Pluie
329634,Plume
329650,Pluto
329666,Point
329682,Pomme
329698,Power
329714,Quake
329730,Queen
329746,Queue
329762,Reine
329778,Reppu
329794,Riche
329810,Rieur
329826,Roter
329842,Rotes
329858,Rouge
329874,Royal
329890,Rubin
329906,Rubis
329922,Saure
329938,Serre
329954,Smalt
329970,Snowy
329986,Solar
330002,Spark
330018,Speed
330034,Steed
330050,Stern
330066,Stone
330082,Storm
330098,Sturm
330114,Stute
330130,Super
330146,Sweep
330162,Sweet
330178,Swift
330194,Talon
330210,Teioh
330226,Titan
330242,Turbo
330258,Ultra
330274,Urara
330290,Venus
330306,Verte
330322,Verve
330338,Vivid
330354,Vogel
330370,Young
330386,Zippy
330402,Airain
330418,Ambree
330434,Amiral
330450,Arashi
330466,Archer
330482,Ardent
330498,Argent
330514,Audace
330530,Autumn
330546,Battle
330562,Beaute
330578,Beauty
330594,Beetle
330610,Blauer
330626,Blaues
330642,Bleuet
330658,Blonde
330674,Bonbon
330690,Breeze
330706,Bronze
330722,Brumby
330738,Bucker
330754,Caesar
330770,Carmin
330786,Cerise
330802,Cerule
330818,Chance
330834,Cinder
330850,Citron
330866,Claire
330882,Cobalt
330898,Corail
330914,Courte
330930,Cuivre
330946,Dancer
330962,Daring
330978,Desert
330994,Dobbin
331010,Dunkle
331026,Elance
331042,Emblem
331058,Enzian
331074,Esprit
331090,Etoile
331106,Filant
331122,Flamme
331138,Fleche
331154,Flight
331170,Flinke
331186,Flower
331202,Flurry
331218,Flying
331234,Forest
331250,Freeze
331266,Freund
331282,Friend
331298,Frosty
331314,Frozen
331330,Fubuki
331346,Galaxy
331362,Ganger
331378,Gelber
331394,Gelbes
331410,Ginger
331426,Gloire
331442,Glorie
331458,Goemon
331474,Grande
331490,Grenat
331506,Groove
331522,Grosse
331538,Gruene
331554,Gustav
331570,Hayate
331586,Heldin
331602,Heller
331618,Helles
331634,Hengst
331650,Hermes
331666,Herzog
331682,Himmel
331698,Humble
331714,Idaten
331730,Impact
331746,Indigo
331762,Jagger
331778,Jasmin
331794,Joyeux
331810,Jungle
331826,Kaiser
331842,Keffel
331858,Kleine
331874,Kluger
331890,Kluges
331906,Koloss
331922,Lahmer
331938,Lahmes
331954,Lancer
331970,Lander
331986,Laurel
332002,Leaper
332018,Legend
332034,Limber
332050,Longue
332066,Melody
332082,Meteor
332098,Mirage
332114,Mister
332130,Motion
332146,Muguet
332162,Nature
332178,Nebula
332194,Nether
332210,Nimble
332226,Olympe
332242,Orchid
332258,Outlaw
332274,Passer
332290,Pastel
332306,Pelter
332322,Pensee
332338,Petite
332354,Piment
332370,Poetic
332386,Poulet
332402,Preste
332418,Pretty
332434,Prince
332450,Purete
332466,Quartz
332482,Quasar
332498,Rafale
332514,Raging
332530,Raiden
332546,Ramage
332562,Rapide
332578,Reiche
332594,Remige
332610,Rieuse
332626,Rising
332642,Robust
332658,Royale
332674,Rudolf
332690,Runner
332706,Saddle
332722,Safran
332738,Sakura
332754,Saphir
332770,Saturn
332786,Schuss
332802,Sekito
332818,Selene
332834,Senden
332850,Serein
332866,Shadow
332882,Shiden
332898,Shinpu
332914,Sieger
332930,Silber
332946,Silent
332962,Silver
332978,Silver
332994,Soleil
333010,Sombre
333026,Sorrel
333042,Sphene
333058,Spirit
333074,Spring
333090,Stream
333106,Strike
333122,Summer
333138,Tekiro
333154,Terror
333170,Ticket
333186,Timide
333202,Topaze
333218,Tulipe
333234,Tycoon
333250,Ultime
333266,Uranus
333282,Veloce
333298,Velvet
333314,Victor
333330,Violet
333346,Walker
333362,Weisse
333378,Winged
333394,Winner
333410,Winner
333426,Winter
333442,Wonder
333458,Xanthe
333474,Yellow
333490,Zephyr
333506,Ardente
333522,Automne
333538,Avenger
333554,Baronne
333570,Battant
333586,Blazing
333602,Blitzer
333618,Camelia
333634,Candide
333650,Caramel
333666,Celeste
333682,Cerulee
333698,Charbon
333714,Charger
333730,Chariot
333746,Clipper
333762,Coureur
333778,Crimson
333794,Cristal
333810,Crystal
333826,Cuivree
333842,Cyclone
333858,Dancing
333874,Danseur
333890,Diamant
333906,Diamond
333922,Drafter
333938,Dunkler
333954,Dunkles
333970,Eastern
333986,Einhorn
334002,Elancee
334018,Elegant
334034,Emperor
334050,Empress
334066,Express
334082,Farceur
334098,Feather
334114,Fighter
334130,Filante
334146,Flinker
334162,Flinkes
334178,Fortune
334194,Fraiche
334210,Gagnant
334226,Galaxie
334242,Gallant
334258,Genesis
334274,Geoelte
334290,Grosser
334306,Grosses
334322,Gruener
334338,Gruenes
334354,Harmony
334370,Heroine
334386,Ikezuki
334402,Impulse
334418,Javelin
334434,Joyeuse
334450,Jumping
334466,Jupiter
334482,Justice
334498,Kleiner
334514,Kleines
334530,Lavande
334546,Leaping
334562,Legende
334578,Liberty
334594,Licorne
334610,Majesty
334626,Marquis
334642,Maximal
334658,Melodie
334674,Mercury
334690,Million
334706,Miracle
334722,Musashi
334738,Mustang
334754,Nacarat
334770,Natural
334786,Nemesis
334802,Neptune
334818,Oeillet
334834,Optimal
334850,Orageux
334866,Ouragan
334882,Paprika
334898,Parfait
334914,Partner
334930,Patient
334946,Paturon
334962,Pegasus
334978,Pensive
334994,Perfect
335010,Peureux
335026,Phoenix
335042,Plumage
335058,Pourpre
335074,Poussin
335090,Prancer
335106,Premium
335122,Quantum
335138,Radiant
335154,Rainbow
335170,Rattler
335186,Reicher
335202,Reiches
335218,Roughie
335234,Samurai
335250,Sautant
335266,Scarlet
335282,Schweif
335298,Sereine
335314,Sergent
335330,Shinden
335346,Shining
335362,Shooter
335378,Smoking
335394,Souffle
335410,Special
335426,Stylish
335442,Sumpter
335458,Tempest
335474,Tempete
335490,Thunder
335506,Tornado
335522,Torpedo
335538,Tristan
335554,Trooper
335570,Trotter
335586,Typhoon
335602,Unicorn
335618,Vengeur
335634,Vermeil
335650,Victory
335666,Warrior
335682,Weisser
335698,Weisses
335714,Western
335730,Whisper
335746,Winning
335762,Zetsuei
335778,Zillion
335794,Baroness
335810,Battante
335826,Blizzard
335842,Cannelle
335858,Capucine
335874,Cerulean
335890,Chanceux
335906,Charisma
335922,Charmant
335938,Chocolat
335954,Claybank
335970,Comtesse
335986,Coureuse
336002,Danseuse
336018,Duchesse
336034,Ecarlate
336050,Elegante
336066,Emeraude
336082,Farceuse
336098,Farfadet
336114,Fringant
336130,Gagnante
336146,Galloper
336162,Galopant
336178,Geoelter
336194,Geoeltes
336210,Geschoss
336226,Gorgeous
336242,Hanakaze
336258,Highland
336274,Hyperion
336290,Illusion
336306,Immortal
336322,Imperial
336338,Incarnat
336354,Infinity
336370,Innocent
336386,Jacinthe
336402,Kaiserin
336418,Kristall
336434,Maharaja
336450,Maharani
336466,Marquise
336482,Mataemon
336498,Meilleur
336514,Mercedes
336530,Myosotis
336546,Nebulous
336562,Negative
336578,Nenuphar
336594,Northern
336610,Northern
336626,Obsidian
336642,Orageuse
336658,Orchidee
336674,Parfaite
336690,Patiente
336706,Peureuse
336722,Positive
336738,Princely
336754,Princess
336770,Prodigue
336786,Puissant
336802,Restless
336818,Rhapsody
336834,Roadster
336850,Rutilant
336866,Sautante
336882,Schwarze
336898,Shooting
336914,Silberne
336930,Southern
336946,Speciale
336962,Stallion
336978,Stardust
336994,Surusumi
337010,Tonnerre
337026,Trotteur
337042,Ultimate
337058,Universe
337074,Vaillant
337090,Vengeuse
337106,Xanthous
337122,Zeppelin
337138,Ambitious
337154,Audacieux
337170,Ballistic
337186,Beautiful
337202,Brilliant
337218,Campanule
337234,Capitaine
337250,Chanceuse
337266,Charmante
337282,Clematite
337298,Clochette
337314,Coriandre
337330,Crackling
337346,Destroyer
337362,Excellent
337378,Fantastic
337394,Feathered
337410,Fringante
337426,Galopante
337442,Gingembre
337458,Hurricane
337474,Ichimonji
337490,Impetueux
337506,Incarnate
337522,Lightning
337538,Matsukaze
337554,Meilleure
337570,Menestrel
337586,Merciless
337602,Pendragon
337618,Princesse
337634,Printemps
337650,Puissante
337666,Quadrille
337682,Rosinante
337698,Rutilante
337714,Schwarzer
337730,Schwarzes
337746,Silberner
337762,Silbernes
337778,Sparkling
337794,Speedster
337810,Tournesol
337826,Transient
337842,Trotteuse
337858,Turbulent
337874,Twinkling
337890,Vaillante
337906,Valentine
337922,Velocious
337938,Vermeille
337954,Wonderful
337970,Amatsukaze
337986,Audacieuse
338002,Benevolent
338018,Blistering
338034,Brilliance
338050,Bucephalus
338066,Challenger
338082,Excellente
338098,Impetueuse
338114,Invincible
338130,Malevolent
338146,Millennium
338162,Tranquille
338178,Turbulente
338194,Destruction
338210,Firecracker
339741,kud0
339759,tlb0
339777,ika0
339795,ntl0
341529,fdo1
341546,fdo1F
341662,r000
341679,fdi1
341749,r000E
341764,r001
341797,r001E
341812,r002
341866,r002E
341881,r003
341932,r003E
341947,r004
341967,tlk0+
341998,tlk1+
342024,r004E
342039,r005
342056,thk1+
342082,thk2+
342108,r005E
342123,r006
342174,r006E
342189,r007
342206,twb0+
342251,twb1
342269,r007E
342284,r008
342304,tlk0+
342335,tlk1
342353,r008E
342368,r009
342414,fdo1
342431,fdo1
342475,fdi1
342509,fdo1
342526,fdo1F
342627,r000
342644,fdi1
342695,tlk0+
342749,fdo1
342766,fdo1
342810,fdi1
342830,fdo1
342847,fdo1F
342935,r000
342952,fdi1
343011,twb0+
343042,twb1
343060,r000E
343075,r009
343121,fdo1
343138,fdo1
343182,fdi1
343202,fdo1
343219,fdo1F
343307,r000
343324,fdi1
343372,twb0+
343429,fdo1
343446,fdo1
343490,fdi1
343510,fdo1
343527,fdo1F
343608,r000
343625,fdi1
343684,twb0+
343710,twb1
343728,r000E
343743,r009
343778,fdo1
343795,fdo1
343839,fdi1
343859,fdo1
343876,fdo1F
343952,r000
343969,fdi1
344031,twb0+
344054,twb1
344072,r000E
344087,r008
344130,r008E
344145,r009
344188,fdo1
344205,fdo1
344249,qstc
344266,fdi1
344286,fdo1
344303,fdo1F
344376,r000
344393,fdi1
344460,fdo1
344477,fdo1
344521,fdi1
348504,tlk0
348527,tlk1
348546,tlk0
348595,tlk0
348626,tlk1
348659,tlk0
348686,tlk1
348719,tlk0
348746,tlk1
348765,tlk0
348784,tlk1
349694,fdo1
349711,fdo1F
351169,s190
351189,fdi1
353378,fdo1
353410,s190N
353591,fdi1
354112,hi07
354194,kue0
354387,fdo1
354419,s190
355596,s191
355616,fdi1
355728,fdo1
355760,s191
356315,s192
356335,fdi1
356358,hi09
356400,hi07
356500,s208
356520,fdi1
356540,joy0
356573,hi09
356609,joy0
356645,hi07
356716,s192
356736,fdi1
356789,kue0
356855,joy0
356939,s192
356959,fdi1
357160,s192
357180,fdi1
357203,hi09
357245,hi07
357348,s208
357368,fdi1
357388,joy0
357421,hi09
357457,joy0
357493,hi07
357564,s192
357584,fdi1
357637,kue0
357703,joy0
357787,s192
357807,fdi1
358008,s192
358028,fdi1
358051,hi09
358093,hi07
358196,s208
358216,fdi1
358236,joy0
358269,hi09
358305,joy0
358341,hi07
358412,s192
358432,fdi1
358485,kue0
358551,joy0
358635,s192
358655,fdi1
358856,s192
358876,fdi1
358899,hi09
358941,hi07
359044,s208
359064,fdi1
359084,joy0
359117,hi09
359153,joy0
359189,hi07
359260,s192
359280,fdi1
359333,kue0
359399,joy0
359483,s192
359503,fdi1
359704,s192
359724,fdi1
359747,hi09
359789,hi07
359892,s208
359912,fdi1
359932,joy0
359965,hi09
360001,joy0
360037,hi07
360108,s192
360128,fdi1
360181,kue0
360247,joy0
360331,s192
360351,fdi1
360504,fdo1
360551,s208
360677,s200
360697,fdi1
360785,s200
360805,fdi1
360880,s200
360900,fdi1
360979,s200
360999,fdi1
361147,s200
361167,fdi1
361255,s200
361275,fdi1
361350,s200
361370,fdi1
361449,s200
361469,fdi1
361617,s200
361637,fdi1
361725,s200
361745,fdi1
361820,s200
361840,fdi1
361919,s200
361939,fdi1
362087,s200
362107,fdi1
362195,s200
362215,fdi1
362290,s200
362310,fdi1
362389,s200
362409,fdi1
362557,s200
362577,fdi1
362665,s200
362685,fdi1
362760,s200
362780,fdi1
362859,s200
362879,fdi1
363101,fdo1
363133,s193
363564,s191
363584,fdi1
363728,s191
363748,fdi1
363884,s191
363904,fdi1
364056,s191
364076,fdi1
364220,s191
364240,fdi1
364376,s191
364396,fdi1
364548,s191
364568,fdi1
364712,s191
364732,fdi1
364868,s191
364888,fdi1
365040,s191
365060,fdi1
365204,s191
365224,fdi1
365360,s191
365380,fdi1
365532,s191
365552,fdi1
365696,s191
365716,fdi1
365852,s191
365872,fdi1
365985,fdo1
366017,s191
366397,s196
366417,fdi1
366500,hi07
366564,s196
366584,fdi1
366667,hi07
366731,s196
366751,fdi1
366834,hi07
366898,s196
366918,fdi1
367001,hi07
367065,s196
367085,fdi1
367168,hi07
367258,s199
367278,fdi1
367313,kue0
367364,joyb
367428,s199
367448,fdi1
367483,kue0
367534,joyb
367598,s199
367618,fdi1
367653,kue0
367704,joyb
367768,s199
367788,fdi1
367823,kue0
367874,joyb
367938,s199
367958,fdi1
367993,kue0
368044,joyb
368129,s192
368149,fdi1
368184,nak0E
368199,nak2
368313,s192
368333,fdi1
368368,nak0E
368383,nak2
368497,s192
368517,fdi1
368552,nak0E
368567,nak2
368681,s192
368701,fdi1
368736,nak0E
368751,nak2
368865,s192
368885,fdi1
368920,nak0E
368935,nak2
369086,s197
369106,fdi1
369227,s193
369247,fdi1
369330,s193
369350,fdi1
369449,s197
369469,fdi1
369590,s193
369610,fdi1
369693,s193
369713,fdi1
369812,s197
369832,fdi1
369953,s193
369973,fdi1
370056,s193
370076,fdi1
370175,s197
370195,fdi1
370316,s193
370336,fdi1
370419,s193
370439,fdi1
370538,s197
370558,fdi1
370679,s193
370699,fdi1
370779,s193
370799,fdi1
370849,hi07
370974,fdo1
371036,s194
371136,joy0
371258,kue0
371309,hi07
371353,joy0
371519,s199
371542,s195
371562,hi07
371618,s198
371697,s194
371844,fdo1
371876,s190
372038,s207
372094,s206
372142,s204
372219,s206
372275,s206
372323,s204
372442,s204
372527,s207
372583,s206
372631,s204
372708,s206
372764,s206
372812,s204
372931,s204
373016,s207
373072,s206
373120,s204
373197,s206
373253,s206
373301,s204
373420,s204
373505,s207
373561,s206
373609,s204
373686,s206
373742,s206
373790,s204
373909,s204
373994,s207
374050,s206
374098,s204
374175,s206
374231,s206
374279,s204
374398,s204
374421,fdi1
374455,who1
374517,s207
374576,whi1
374593,s205
374646,who1
374693,s209
374802,s204
374822,whi1
374839,whi1
374913,s204
374933,whi1
374950,whi1
374980,s204
375000,whi1
375017,whi1
375090,s204
375110,whi1
375127,whi1
375201,s204
375221,whi1
375238,whi1
375268,s204
375288,whi1
375305,whi1
375378,s204
375398,whi1
375415,whi1
375489,s204
375509,whi1
375526,whi1
375556,s204
375576,whi1
375593,whi1
375666,s204
375686,whi1
375703,whi1
375777,s204
375797,whi1
375814,whi1
375844,s204
375864,whi1
375881,whi1
375954,s204
375974,whi1
375991,whi1
376065,s204
376085,whi1
376102,whi1
376132,s204
376152,whi1
376169,whi1
376190,fdo1
376222,s204
378290,s207
378310,whi1
378327,whi1
378387,s206
378407,whi1
378424,whi1
378492,s204
378512,whi1
378529,whi1
378602,s207
378622,whi1
378639,whi1
378699,s206
378719,whi1
378736,whi1
378804,s204
378824,whi1
378841,whi1
378914,s207
378934,whi1
378951,whi1
379011,s206
379031,whi1
379048,whi1
379116,s204
379136,whi1
379153,whi1
379226,s207
379246,whi1
379263,whi1
379323,s206
379343,whi1
379360,whi1
379428,s204
379448,whi1
379465,whi1
379538,s207
379558,whi1
379575,whi1
379635,s206
379655,whi1
379672,whi1
379740,s204
379760,whi1
379777,whi1
379851,s206
379871,whi1
379888,whi1
379948,s206
379968,whi1
379985,whi1
380053,s204
380073,whi1
380090,whi1
380163,s206
380183,whi1
380200,whi1
380260,s206
380280,whi1
380297,whi1
380365,s204
380385,whi1
380402,whi1
380475,s206
380495,whi1
380512,whi1
380572,s206
380592,whi1
380609,whi1
380677,s204
380697,whi1
380714,whi1
380787,s206
380807,whi1
380824,whi1
380884,s206
380904,whi1
380921,whi1
380989,s204
381009,whi1
381026,whi1
381099,s206
381119,whi1
381136,whi1
381196,s206
381216,whi1
381233,whi1
381301,s204
381321,whi1
381338,whi1
381559,fdo1
381591,s190
381634,s201
381682,s202
381722,s203
381742,fdi1
381765,fdo1
381827,s203
381848,fdo1
381880,s190
381926,s201
381974,s202
382014,s203
382034,fdi1
382057,fdo1
382119,s203
382140,fdo1
382172,s190
382218,s201
382266,s202
382306,s203
382326,fdi1
382349,fdo1
382411,s203
382432,fdo1
382464,s190
382510,s201
382558,s202
382598,s203
382618,fdi1
382641,fdo1
382703,s203
382724,fdo1
382756,s190
382802,s201
382850,s202
382890,s203
382910,fdi1
382933,fdo1
382995,s203
383016,fdo1
383048,s190
383094,s201
383142,s202
383182,s203
383202,fdi1
383225,fdo1
383287,s203
386545,tlk0
386564,tlk1
386598,tlk0
391902,fdo1
391919,fdo1
391937,fdi1
393168,fdo1
393185,fdo1
393203,fdi1
394347,fdo1
394364,fdo1
394382,fdi1
394399,fdi1
394501,fdo1
394518,fdo1
394536,fdi1
394553,fdi1
395194,tlk0+
395217,tlk1+
395240,ngt0+
395263,ngt1f
395278,thk1+
395333,thk2+
395356,aig0+
395403,aig1f
395418,ngt0+
395465,ngt1f
395480,aig0+
395503,aig1
395553,ngt0+
395584,ngt1
395647,tlk0+
395694,tlk1
395725,tlk0+
395772,tlk1
395803,tlk0+
395890,tlk1
395921,tlk0+
395968,tlk1
395999,tlk0+
396062,tlk1
396096,tlk0+
396159,tlk1f
396174,ngt0+
396205,ngt1
396242,tlk0+
396281,tlk1
396404,tlk0+
396475,tlk1
396506,tlk0+
396577,tlk1
396608,tlk0+
396679,tlk1
396710,tlk0+
396781,tlk1
396804,tlk0+
396835,tlk1
396888,tlk0+
396927,tlk1
396953,tlk0+
397000,tlk1
397026,tlk0+
397113,tlk1
397139,tlk0+
397186,tlk1
397212,tlk0+
397275,tlk1
397309,tlk0+
397421,tlk0+
397541,tlk0+
397580,tlk1
397606,tlk0+
397653,tlk1
397679,tlk0+
397766,tlk1
397792,tlk0+
397839,tlk1
397865,tlk0+
397928,tlk1
397957,tlk0+
403010,hap0
403032,gak0
403067,gak1
403106,hap0
403327,hap0
403349,hap1S
403375,job0
403407,fdo1
403427,gak0
403462,gak1
403680,fdo1
403700,dor2
408065,fdo1
408177,fdi1
408318,tlk0
408536,tlk0
408574,ovl1
408693,tlk0
408971,tlk0
409020,fdo1
409072,fdi1
409160,fdo1
409279,fdi1
409347,fdo1
409441,fdi1
409489,pas0
409507,tlk0
409546,ovl1
409609,ovl1
409664,fdo1
409701,fdi1
409720,qstc
413521,fdo1
413538,fdo1EN
413553,fdi1
413570,fdi1
414380,fdo1
414397,fdo1
414477,fdi1
414494,fdi1
421505,fdo1
421522,fdo1EN
421537,fdi1
421554,fdi1
422364,fdo1
422381,fdo1
422461,fdi1
422478,fdi1
467183,tlk0
467236,tlk0
467279,tlk0
467519,tlk0
467622,tlk0
467654,tlk0
467770,tlk0
467880,hap0
467920,open
467964,clos
467986,tlk0
468005,pas0S
468063,tlk0
468108,tlk0
468217,hap0
468285,open
468329,clos
468351,tlk0
468370,pas0S
468383,pas0
468415,open
468502,pas0S
468528,closS
468541,clos
468566,tlk0
468631,tlk0.
468660,tlk0
468688,tlk0
468716,tlk0
468758,tlk0
468900,tlk0
468932,tlk0
468960,tlk0
468989,tlk0
469141,main
469177,main
469322,exp0
469347,exp1
469364,tlk0
469393,tlk1
473033,fdo1
473050,fdo1
473088,tlk0
473107,tlk1f
473122,pas0S
473135,pas0
473171,tlk0
473190,tlk1f
473205,thk1
473256,tlk0
473275,tlk1
473293,fdo1
473310,fdo1
473417,tlk0
473436,tlk1
473454,fdo1
473471,fdo1
473507,thk1
473526,thk2f
473541,tlk0
473560,tlk1
474030,s009
474070,fdi1
474087,fdi0
474259,tlk0
474287,tlk1
474457,dis0
474476,fdo1
474493,fdo1
474529,s00972
474547,opx8
474566,fdi1
474583,fdi0
474878,dis0
474897,fdo1
474914,fdo1
474950,s00972
474968,opx8
474987,fdi1
475004,fdi0
475167,ton0S
475195,ton1
475228,kesu
475252,kesu
475276,kesu
475300,kesu
475324,kesu
475348,kesu
475372,kesu
475396,kesu
475420,kesu
475444,kesu
475468,kesu
475492,kesu
475516,kesu
475540,kesu
475564,kesu
475588,kesu
475612,kesu
475636,kesu
475660,kesu
475684,kesu
475708,kesu
475732,kesu
475756,kesu
475780,kesu
475804,kesu
475860,thk1
475879,thk2
475905,thk1
475924,thk2
475950,dis0
476000,tlk0
476019,tlk1f
476034,thk1
476053,thk2
476175,tlk0
476194,tlk1
476294,tlk0
476313,tlk1
476347,tlk0
476366,tlk1n
476417,fdo1
476434,fdo1
476463,fdo1
476480,fdo1
476516,s00972
476534,opx8
476553,fdi1
476570,fdi0
478164,s010
478184,fdi1
478201,fdi0
478336,tlk0
478431,thk1
478481,dis0
478500,fdo1
478517,fdo1
478571,opx8
478590,fdi1
478607,fdi0
478651,tlk0
478670,tlk1
478778,tlk0
478801,tlk1n
478901,fdo1
478918,fdo1
479011,thk1
479030,thk2
479059,thk1
479078,thk2
479113,dis0
479163,tlk0
479182,tlk1f
479197,thk1
479216,thk2
479234,fdo1
479251,fdo1
479305,opx8
479324,fdi1
479341,fdi0
480337,s011
480428,fdi1
480476,fdi0
480631,tlk0
480654,tlk1
481267,dis0
481286,fdo1
481303,fdo1
481357,opx8
481376,fdi1
481393,fdi0
481497,dis0
481516,fdo1
481533,fdo1
481587,opx8
481606,fdi1
481623,fdi0
482009,s016
482026,s011
482230,dis0
482319,main
482336,main
482363,dis0
482441,dis0
482556,main
482573,main
482685,main
482702,main
482744,tlk0
482763,tlk1'
482872,dis0
482939,fdo1
482956,fdo1
483004,s016
483042,fdi1
483059,fdi0
483085,tlk0
483104,tlk1f
483119,pas0S
483132,pas0
483165,tlk0
483184,tlk1f
483199,thk1
483218,thk2
483563,yor0
483579,nak0
483595,ust0
486168,nak0
486184,iya0S
486212,iya1
486537,nak0
486553,yor0
486569,ust0
494202,hi06
494218,hi07
494298,hi06
494314,hi07
494394,hi06
494410,hi07
494477,hi07
494529,hi07
494581,hi07
494633,hi07
495418,exp0
495435,exp1H
495478,tlk0
495495,tlk1
495656,tlk0
495673,tlk1
495827,tlk0
495844,tlk1
495883,exp0
495933,tlk0
495955,tlk1
495980,tlk0
496000,tlk1
496025,tlk0
496045,tlk1
496064,tlk0
496081,tlk1
498129,tlk0
498145,tlk1
499136,tlk0
499211,wht1
499254,tlk0
499301,bik0
499320,tlk0
499494,tlk0
499784,bik0
499803,tlk0
500062,fdo1
500079,fdo1
500202,fdi1
500950,bik0
500969,tlk0
501000,bik0
501019,tlk0
503024,fdi0
503041,fdi0
503057,fdo0
503074,fdo0
503090,fdi1
503107,fdi1
503123,fdo1
503140,fdo1
503156,whi1
503173,whi1
503189,who1
503206,who1
503222,who2
503239,who2
503255,who3
503272,who3
503288,main
503308,fdo1
503325,fdo1
503341,fdi1
503358,main
503378,fdi1
503394,blon
503411,blon
503429,whi0
503446,whi0
503462,who0
503479,who0
503495,efon
503512,efon
503528,fdis
503546,fdos
503563,fdos
503579,fdif
503597,fdof
503614,fdof
503630,fdip
503648,fdop
503665,fdop
503809,s032
504244,s032
504705,s032
504812,s032
504871,s032
504935,s032
504999,s032
505063,s032
505139,s032
506849,clp0
506865,clp0
507001,se00
507129,se00
507257,se00
507385,se00
507513,se00
507641,se00
507769,se00
507897,se00
508274,clp0
508316,clp0
508451,clp0
508797,clp0
508823,clp0
508839,clp0
508855,clp0
508871,clp0
508887,clp0
509124,clp0
509150,clp0
509166,clp0
509182,clp0
509198,clp0
509214,clp0
509410,s038
509428,clp0
509620,se01
509696,clp0
509732,se00
509808,clp0
509844,se00
509920,clp0
509956,se00
510005,s038
510023,clp0
510215,se01
510344,clp0
510380,se00
510519,clp0
510555,se00
510631,clp0
510667,se00
510724,s038
510795,clp0
511045,se01
511060,clp0
511157,se00
511172,clp0
511269,se00
511284,clp0
511381,se00
511396,clp0
511493,se00
513713,s038
513731,clp0
513807,se01
513822,clp0
513919,se00
513946,s021
514314,s031
514442,s032
520994,GFHd
521026,dFHd
521186,s032
521303,l000
521327,sp60
521366,se03
521620,s037
521693,s037
521724,s037
521792,s038
522296,fdi2
525498,se01
527005,se00
527316,s021
527380,main
527397,main
527430,s022
527467,eio0
527491,job0
527515,l001
527567,sp40
527646,l00b
527700,rstd
527718,rwr0
527742,sp00
527768,hi07
527820,fan5
527852,s001
528120,sb01
528138,sb01
531228,pnt0
531246,se02
531262,new0
531280,se02
531298,new1
531312,m001
531328,m003
531344,aya0
531400,hi09
531640,onmy
531660,ofmy
531757,onmy
531777,ofmy
543678,fdo1
546878,fdo1
546895,fdo1F
547006,Tales'Beginning
547052,Tales'Beginning
547098,Tales'Beginning
547144,Tales'Beginning
547190,Tales'Beginning
547236,Tales'Beginning
547282,Tales'Beginning
547328,Tales'Beginning
547374,Tales'Beginning
547420,Tales'Beginning
547571,wapl'
547593,str0
547610,s063
547630,fdi1
547650,kill
547667,ovl1
547699,s064
547716,s000
547736,wap0
547769,s065
547804,s066
547824,wap1
547857,s067
547898,s068
547933,s069
547959,wapkh+h
548001,s070
548018,wap2+h
548059,s159
548097,main
548125,main
548148,who1
548165,who1E
548180,fdo1
548212,s159EJ
548227,whi1
548244,whi15
548277,fdi2
548302,fdo1
548319,fdo1F
548502,eff0
548519,uku0
548534,star
548554,s030
548574,fdi1
548594,s030EX
548609,s031
548626,tlk0+h
548649,s031EX
548664,s034
548689,s034EX
548704,s032
548737,s032EX
548752,s033
548785,s033EX
548800,s035
548833,fdo1
548850,fdo1RX
548865,s035
548880,kill
548897,blof
548932,fdi2
548957,fdo1
548974,fdo1F
549163,eff0
549180,uku0
549195,star
549215,s028
549235,fdi1
549255,s028Ec
549270,s029
549287,tlk0+h
549310,s029Ec
549325,s030
549350,s030Ec
549365,s031
549382,tlk1+h
549413,s031Ec
549428,s032
549457,fg01_
549473,non0j
549505,non0Rc
549520,s032Ec
549535,s033
549552,fd01+h
549590,hiz0
549608,s033Ec
549623,s034
549674,kie1
549694,who1
549711,who1E
549726,fdo1
549743,fdo1Rc
549758,s034
549773,kill
549790,blof
549807,whi0
549824,whi05
549857,fdi2
549901,fdo1
549918,fdo1F
550107,eff0
550124,uku0
550139,star
550159,s028
550179,fdi1
550199,s028Ec
550214,s029
550231,tlk0+h
550254,s029Ec
550269,s030
550294,s030Ec
550309,s031
550326,tlk1+h
550357,s031Ec
550372,s032
550401,fg01_
550417,non0j
550479,hiz0
550497,s032Ec
550512,s034
550563,kie1
550583,who1
550600,who1Rc
550615,s034
550630,kill
550647,blof
550729,kyu0
550749,s035
550769,whi1
550789,s035Ec
550804,s153
550959,fdo1
550976,fdo1Rc
550991,s153
551006,klky
551041,fdi2
551064,fdi2
551103,fdo1
551120,fdo1F
551309,eff0
551326,uku0
551341,star
551361,s051
551381,fdi1
551401,s051E
551416,s052
551433,tlk0+h
551464,s052E
551479,s053
551504,tlk1
551560,fg01_
551576,non0j
551593,s053E
551608,s054
551632,non0R
551647,s054E
551662,s055
551694,tlk0+h
551748,tlk1E
551763,fdo1
551780,fdo1R
551795,s055
551810,kill
551827,blof
551862,fdi2
551885,fdi2
551910,fdo1
551927,fdo1F
552025,pry0
552059,s100
552079,fdi1
552112,s100E
552127,s101
552147,b001
552167,fdo0
552184,fdo0R
552199,s101
552214,bkl1
552249,fdi2
552268,fdi0
552285,fdi0
552301,fdo0
552318,fdo0
552334,fdi1
552351,fdi1
552367,fdo1
552384,fdo1
552400,whi1
552417,whi1
552433,who1
552450,who1
552466,who2
552483,who2
552499,who3
552516,who3
552532,main
552552,fdo1
552569,fdo1
552585,fdi1
552602,main
552622,fdi1
552638,blon
552655,blon
552673,whi0
552690,whi0
552706,who0
552723,who0
552739,efon
552756,efon
552772,fdis
552790,fdos
552807,fdos
552823,fdif
552841,fdof
552858,fdof
552874,fdip
552892,fdop
552909,fdop
553000,SuUu
553012,TuVu
553022,WuXuYu
553295,Iroha
553922,TuVuWuXuYu
554454,WuXuYu
555989,fyu0_
556005,fyu0_
556021,fyu0_
556037,fyu0_
556053,fyu0_
556069,fyu0_
556085,fyu0
556100,s000
556146,ym01
556177,ym01E'
556192,ym02
556220,ym02E'
556235,ym03
556319,ym03E'
556334,zl01
556376,zl01E'
556391,zl02
556430,zl02E'
556445,zl03
556473,zl03E'
556488,zl04
556516,zl04E'
556531,zl05
556559,zl05E'
556574,zl06
556658,zl06E'
556673,pr01
556715,pr01E'
556730,pr02
556769,pr02E'
556784,pr03
556852,stbl
556870,pr03E'
556885,at01
556927,at01E'
556942,at02
556981,at02E'
556996,at03
557072,at03E'
557087,wg01
557129,wg01E'
557144,wg02
557177,wg02E'
557192,wg03
557231,wg03E'
557246,wg04
557313,wg04E'
557328,ad01
557359,ad01E'
557374,ad02
557413,ad02E'
557428,ad03
557467,ad03E'
557482,ad04
557522,kil0
557543,s001
557570,wlk1_
557587,at03R'
557602,ad04E'
557617,hs02
557647,wlk1R'
557662,hs02E'
557677,hs04
557753,hs04E'
557768,hs05
557822,hs05E'
557837,hs06
557865,hs06
557888,hs07
557912,kidl0s
557936,hs07E'
557951,hs01
557978,gng0
557999,hs01E'
558014,hs08
558032,uku0n
558062,uku0R'
558077,hs08E'
558092,hs11
558120,hs11E'
558135,hs10
558197,hs10E'
558212,khf2
558257,khf2E'
558272,khf1
558307,s000
558340,khf1E'
558355,kem1
558383,kem1E'
558398,kem2
558433,s000
558453,kem2E'
558468,kef1
558503,s000
558523,kef1E'
558538,kmt1
558566,kmt1E'
558581,kmt2
558616,s000
558636,kmt2E'
558651,kgl1
558686,s000
558706,kgl1E'
558721,ktm1
558756,s000
558776,ktm1E'
558791,ktf1
558825,s000
558845,ktf1E'
558860,khm1
558888,khm1E'
558903,khm2
558920,sekl
558937,s001
558957,khm2E'
558972,khm3
558989,s000
559028,pk00
559070,k000
559088,fut0
559105,khm3E'
559120,fl01
559139,fut0
559154,kof0
559192,lpkl
559263,kl01
559280,main
559297,s004
559330,s000
559347,str0
559377,fl01E'
559392,li02
559418,li02E'
559433,li01
559475,li01E'
559490,li03
559530,kidl0
559550,klal
559567,kil0
559630,kie0
559647,mis0
559710,li03E'
559725,re10
559745,re10E'
559760,re13
559777,re13E'
559792,re11
559809,kie1
559826,re11E'
559841,re12
559874,kie0
559909,re12E'
559924,re02
559961,re02E'
559976,re03
559993,kie1
560010,mis1
560038,re03E'
560053,re05
560085,main
560112,re05E'
560127,re04
560153,re04E'
560185,kill
560241,fdi2
561016,fyu0_
561032,fyu0_
561048,fyu0_
561064,fyu0_
561080,fyu0_
561096,fyu0_
561112,fyu0
561127,s000
561173,ym01
561204,ym01E'
561219,ym02
561247,ym02E'
561262,ym03
561346,ym03E'
561361,zl01
561403,zl01E'
561418,zl02
561457,zl02E'
561472,zl03
561500,zl03E'
561515,zl04
561543,zl04E'
561558,zl05
561586,zl05E'
561601,zl06
561685,zl06E'
561700,pr01
561742,pr01E'
561757,pr02
561796,pr02E'
561811,pr03
561879,stbl
561897,pr03E'
561912,at01
561954,at01E'
561969,at02
562008,at02E'
562023,at03
562099,at03E'
562114,wg01
562156,wg01E'
562171,wg02
562204,wg02E'
562219,wg03
562258,wg03E'
562273,wg04
562340,wg04E'
562355,ad01
562386,ad01E'
562401,ad02
562440,ad02E'
562455,ad03
562494,ad03E'
562509,ad04
562549,kil0
562570,s001
562597,wlk1_
562614,at03R'
562629,ad04E'
562644,hs02
562674,wlk1R'
562689,hs02E'
562704,hs04
562780,hs04E'
562795,hs05
562849,hs05E'
562864,hs06
562892,hs06
562915,hs07
562939,kidl0s
562963,hs07E'
562978,hs01
563005,gng0
563026,hs01E'
563041,hs08
563059,uku0n
563089,uku0R'
563104,hs08E'
563119,hs11
563147,hs11E'
563162,hs10
563224,hs10E'
563239,khf2
563284,khf2E'
563299,khf1
563334,s000
563367,khf1E'
563382,kem1
563410,kem1E'
563425,kem2
563460,s000
563480,kem2E'
563495,kef1
563530,s000
563550,kef1E'
563565,kmt1
563593,kmt1E'
563608,kmt2
563643,s000
563663,kmt2E'
563678,kgl1
563713,s000
563733,kgl1E'
563748,ktm1
563783,s000
563803,ktm1E'
563818,ktf1
563852,s000
563872,ktf1E'
563887,khm1
563915,khm1E'
563930,khm2
563947,sekl
563964,s001
563984,khm2E'
563999,khm3
564016,s000
564055,pk00
564097,k000
564115,fut0
564132,khm3E'
564147,fl01
564166,fut0
564181,kof0
564219,lpkl
564290,kl01
564307,main
564324,s004
564357,s000
564374,str0
564404,fl01E'
564419,li02
564445,li02E'
564460,li01
564502,li01E'
564517,li03
564557,kidl0
564577,klal
564594,kil0
564657,kie0
564674,mis0
564737,li03E'
564752,re10
564772,re10E'
564787,re13
564804,re13E'
564819,re11
564836,kie1
564853,re11E'
564868,re12
564901,kie0
564936,re12E'
564951,re02
564988,re02E'
565003,re03
565020,kie1
565037,mis1
565065,re03E'
565080,re05
565112,main
565139,re05E'
565154,re04
565180,re04E'
565212,kill
565268,fdi2
565287,fdi0
565304,fdi0
565320,fdo0
565337,fdo0
565353,fdi1
565370,fdi1
565386,fdo1
565403,fdo1
565419,whi1
565436,whi1
565452,who1
565469,who1
565485,who2
565502,who2
565518,who3
565535,who3
565551,main
565571,fdo1
565588,fdo1
565604,fdi1
565621,main
565641,fdi1
565657,blon
565674,blon
565692,whi0
565709,whi0
565725,who0
565742,who0
565758,efon
565775,efon
565791,fdis
565809,fdos
565826,fdos
565842,fdif
565860,fdof
565877,fdof
565893,fdip
565911,fdop
565928,fdop
566447,gnh1
566474,gnh2
566659,gnh1
566686,gnh2
566871,gnh1
566898,gnh2
567083,gnh1
567110,gnh2
567295,gnh1
567322,gnh2
567507,gnh1
567534,gnh2
567719,gnh1
567746,gnh2
568006,Eald'narche
568035,Nag'molada
568301,Kam'lanaut
568330,Razfahd
568359,Hades
568772,tlk0
568841,tlk0
568862,tlk1
568879,hap0
568913,tlk0
568981,tlk1H
569934,hap0
569951,hap1
570110,tlk0
570131,tlk1
570155,exp0
570189,exp1
570213,exp0
570244,exp1
570268,exp0
570297,exp1
570355,tlk0A
570592,tlk1S
570605,tlk1
578506,main
578526,who1
578543,who1
578561,fdo1
578578,fdo1E-
578593,whi1
579192,main
579212,who1
579229,who1
579247,fdo1
579264,fdo1E
579279,whi1
582056,fdi0
582073,fdi0
582089,fdo0
582106,fdo0
582122,fdi1
582139,fdi1
582155,fdo1
582172,fdo1
582188,whi1
582205,whi1
582221,who1
582238,who1
582254,who2
582271,who2
582287,who3
582304,who3
582320,main
582340,fdo1
582357,fdo1
582373,fdi1
582390,main
582410,fdi1
582426,blon
582443,blon
582461,whi0
582478,whi0
582494,who0
582511,who0
582527,efon
582544,efon
582560,fdis
582578,fdos
582595,fdos
582611,fdif
582629,fdof
582646,fdof
582662,fdip
582680,fdop
582697,fdop
582841,thk1
582900,s000
582915,thk1
582951,s000E
582966,s006
583015,s006E
583030,s002
583053,thk2
583079,s006E
583094,s002
583109,thk2+
583143,s006E
583158,s002
583181,thk2
583199,s002E
583214,s001
583231,tlc0+
583260,tlc0R
583275,s001
583298,s023
583326,s023
583354,s019
583374,s003
583401,tlc1S
583436,enz0+
583465,enz0
583488,s023
583514,s023
583540,s019
583558,s003E
583573,s005
583628,s005E
583643,s004
583660,enz1
583676,enz1J
583764,s004E
583779,s007
583809,s007E
583824,s008
583865,tla0+9
583894,tla0ov
583915,s008E
583930,s009
583962,ksr0+
583983,tla0R
583998,s009E
584013,s018
584035,ikr0+9
584071,ikr1S
584084,ksr0R
584099,s018E
584114,s010
584131,tlc0+
584152,tlc0S9
584165,ikr1R
584180,s010E
584195,s011
584212,tlc1K
584234,itl0+9
584255,tlc1R
584270,s011E
584285,s012
584300,itl0ov
584336,ksr0+
584361,itl1S9
584374,itl1#S
584388,ksr0y
584413,ksr1+
584451,s012
584474,s050
584502,s021
584530,s021
584558,s020
584578,s015
584594,ksr1y
584624,thk0
584658,thk0
584681,s050
584707,s021
584733,s021
584759,s020
584777,s015E
584792,s013
584833,tla0+9
584862,tla0R
584877,s013E
584892,s014
584924,enz0+
584945,enz0S9
584988,tlb0+9
585029,tlb1S9
585042,tlb1
585058,enz1R
585073,s014E
585088,s016
585128,wav0+
585152,wav0R
585167,s016
585190,s022
585218,s022
585238,s017
585286,tla0+
585307,tla0
585330,s022
585356,s022
585374,s017E
585389,s010
585406,tla1+
585441,s010S
585454,tla1
585478,fdi2
585529,tla0+
585573,tla1+
585607,tla0+
585651,tla1
585669,tlc0+
585705,tlc1+
585907,s042
585935,s042
585963,s024
585983,s038
586003,tla0+
586032,tla0
586055,s042
586081,s042
586107,s024
586125,s038
586148,s043
586176,s043
586196,s033
586213,tla1+
586274,s043
586300,s043
586318,s033E
586333,s004
586363,wav0+
586432,s004
586455,s025
586483,s044
586511,s044
586539,s025
586559,s039
586643,s025
586669,s044
586695,s044
586721,s025
586739,s039E
586754,s010
586776,ksr0+
586799,s010E
586814,s028
586840,tlc0+9
586861,ksr0ov
586882,s028E
586897,s026
586914,tlc0+
586935,tlc0S9
586978,tla0+9
586999,tlc1R
587014,s026
587037,s045
587065,s045
587085,s027
587123,tla1y
587148,tlb0+
587169,tlb0S9
587202,oti0+9
587235,s045
587261,s045
587279,s027E
587294,s028
587325,tlb1S
587338,tlb1y
587363,oti1+9
587384,oti1R
587399,s028E
587414,s029
587431,thk1+
587454,tlb0+9
587475,thk1R
587490,s029E
587505,s032
587546,tlb0
587578,s032E
587593,s030
587625,thk2+
587646,thk2S9
587659,tlb1R
587674,s030E
587689,s034
587726,thk1+9
587762,thk2S9
587775,thk2R
587790,s034
587813,s031
587841,s046
587869,s046
587897,s031
587917,s040
587962,tlc0+9
587983,tlc0
588006,s031
588032,s046
588058,s046
588084,s031
588102,s040
588125,s049
588153,s049
588173,s035
588190,wav0S9
588258,s049
588284,s049
588302,s035
588325,s048
588353,s048
588373,s036
588424,s048
588450,s048
588468,s036
588491,s037
588519,s047
588547,s047
588575,s037
588595,s041
588618,tla0+
588665,tla1S
588678,tla1
588701,s037
588727,s047
588753,s047
588779,s037
588841,fdi2
588884,tla0+
589105,s051
589125,tla0+
589164,s051
589187,s068
589215,s068
589243,s052
589263,s075
589303,tla1n
589352,s051
589375,s068
589403,s068
589431,s052
589451,s075
589491,tla1n
589545,thk1+
589576,s068
589602,s068
589628,s052
589646,s075E
589661,s030
589699,thk1'
589721,s030E
589736,s066
589753,thk2
589788,thk2J
589931,s066
589954,s065
589992,s081
590030,s044
590068,s044
590106,s065
590136,s079
590210,s065
590236,s081
590262,s044
590288,s044
590314,s065
590338,s079E
590353,s053
590454,tlb0+9
590490,tlb1'
590515,s053E
590530,s055
590577,s055E
590592,s054
590638,s054E
590653,s069
590715,tlk0+l
590769,s069
590792,s074
590820,s074
590840,s056
590873,tlk0
590896,s074
590922,s074
590940,s056E
590955,s057
591023,thk1+
591044,thk1Sl
591057,tlk1ovl
591084,s057
591107,s058
591127,s080
591164,thk2f
591179,tlk0+l
591208,tlk0S
591221,thk2
591244,s058
591262,s080E
591277,s070
591297,tlk1+l
591333,kou0+9
591354,kou0R
591369,s070E
591384,s033
591423,tla0+
591444,tla0S9
591457,kou1ov9
591478,s033E
591493,s060
591520,tla1+l
591541,tla1R
591556,s060y
591581,s059
591606,tla2+9
591627,tla2R
591642,s059E
591657,s061
591674,thk1+9
591695,thk1
591761,tlk0+l
591782,tlk0f
591797,tlk1+l
591818,tlk1
591891,s061
591914,s062
591942,s062
591970,s071
591998,s071
592026,s062
592046,s076
592111,thk2+9
592132,thk2
592155,s062
592181,s062
592207,s071
592233,s071
592259,s062
592277,s076
592300,s063
592328,s082
592356,s072
592391,s072
592426,s063
592446,s077
592601,tla0+
592622,tla0ov9
592651,s063
592677,s082
592703,s072ov
592735,s072ov
592767,s063
592785,s077
592808,s064
592836,s064
592864,s073
592892,s073
592920,s064
592940,s078
593010,wav0+9
593031,wav0
593067,tla1
593090,s064
593116,s064
593142,s073
593168,s073
593194,s064
593212,s078
593235,s049
593263,s049
593283,s067
593359,s049
593385,s049
593453,fdi2
593524,tla0+
593771,s000
593791,enz0+
593820,enz0+
593843,enz1S
593856,enz1R
593871,s000E
593886,s001
593903,thk1+
593924,thk1'
593956,s001E
593971,s003
594029,s003E
594044,s002
594090,s002E
594105,s011
594140,s011
594163,s033
594191,s004
594219,s004
594247,s034
594275,s034
594303,s033
594331,s004
594351,s029
594369,tla2+9
594392,tla2#
594416,s033
594442,s004
594468,s004
594494,s034
594520,s034
594546,s033
594572,s004
594590,s029E
594605,s021
594652,tla0+
594681,s021
594704,s035
594732,s035
594752,s005
594769,tla2+9
594814,tla1S
594827,tla1
594854,s035
594880,s035
594898,s005E
594913,s006
594955,tla2y
595012,s006
595035,s007
595063,s007
595091,s036
595119,s036
595147,s007
595167,s030
595219,s007
595245,s007
595271,s036
595297,s036
595323,s007
595341,s030
595364,s040
595392,s040
595412,s008
595429,tlk0
595463,s040
595489,s040
595507,s008E
595522,s009
595562,tlk0f
595577,tlk1+l
595598,tlk1ov9
595619,s009E
595634,s010
595661,thk0+9
595684,twa0+l
595705,twa0S9
595718,thk0R
595733,s010E
595748,s012
595775,twa1
595835,s006
595858,s007
595886,s007
595914,s036
595942,s036
595970,s007
595990,s030
596042,s007
596068,s007
596094,s036
596120,s036
596146,s007
596164,s030
596187,s040
596215,s040
596235,s008
596252,tlk0
596286,s040
596312,s040
596330,s008E
596345,s019
596367,tlk0f
596382,tlk1y
596445,s019
596468,s046
596496,s046
596516,s028
596549,tlk1
596572,s046
596598,s046
596616,s028E
596631,s012
596696,s006
596719,s007
596747,s007
596775,s036
596803,s036
596831,s007
596851,s030
596901,s007
596927,s007
596953,s036
596979,s036
597005,s007
597023,s030
597046,s040
597074,s040
597094,s008
597111,tlk0
597145,tlk0f
597160,tlk1
597183,s040
597209,s040
597227,s008E
597242,s021
597278,tla0+
597314,tla1+
597343,s021E
597358,s012
597373,tlk1
597401,tlk0+l
597422,tlk0f
597437,tlk1Sl
597450,tlk1S
597463,tla1
597479,twa1+
597518,s012N
597592,tla0J9
597647,s013
597670,s013
597693,s037
597721,s037
597741,s014
597771,tla1
597815,tla0+9
597859,tla1y
597892,s037
597918,s037
597936,s014
597980,s038
598008,s038
598028,s015
598078,tlb0
598101,s038
598127,s038
598145,s015E
598160,s025
598198,tlb1+9
598219,tlb1R
598234,s025
598268,s038
598296,s038
598316,s015
598366,thk1
598443,s015E
598458,s025
598496,thk2+9
598517,thk2R
598532,s025
598566,s038
598594,s038
598614,s015
598646,thk1
598723,s015E
598738,s025
598753,thk1+9
598776,thk2+9
598797,thk2R
598812,s025
598828,tla1y
598883,s039
598965,s039E
598980,s023
599007,ksr0+
599028,ksr0y
599059,thk1+9
599101,s023
599124,s031
599152,s041
599180,s041
599208,s031
599228,s018
599250,tla0+
599271,tla0y
599296,tla1y
599321,thk2+9
599352,thk2J9
599397,s031
599423,s041
599449,s041
599475,s031
599493,s018
599516,s032
599544,s042
599572,s042
599600,s032
599620,s022
599663,tla2+9
599704,tla2y
599727,tla1
599750,s032
599776,s042
599802,s042
599828,s032
599846,s022E
599861,s020
599888,twb0+l
599909,twb0f
599924,twb1R
599939,s020
599962,s043
599990,s043
600010,s027
600065,s043
600091,s043
600109,s027
600132,s044
600160,s044
600180,s026
600213,pas0#S
600227,pas0Sl
600240,twb1'
600368,pas0+9
600389,pas0
600412,s044
600438,s044
600456,s026
600479,s045
600507,s045
600527,s024
600582,wav0S9
600624,wav0y
600660,wav0y
600728,wav0
600752,wav0
600778,s045
600804,s045
600860,fdi2
600877,qstc
601018,s000
601035,tla0
601079,tla1+
601100,tla1+
601123,s000E
601138,s001
601155,tlc0+
601184,tlc0R
601199,s001
601222,s022
601250,s022
601270,s017
601287,tlc1+
601308,tlc1+
601339,s022
601365,s022
601383,s017E
601398,s010
601420,thk1+
601441,thk1R
601456,s010
601479,s022
601507,s022
601527,s017
601544,thk2+
601565,thk2y
601590,tla0+
601623,s022
601649,s022
601667,s017E
601682,s016
601717,tla0R
601773,fdi2
601820,tla0+
601864,tla1+
601911,thk1+
601947,thk2+
601989,tla0+
602250,s018
602278,s018
602298,s000
602344,s018
602370,s018
602388,s000E
602403,s001
602436,s001E
602451,s002
602595,s003
602654,s003E
602669,s004
602692,s004
602715,s019
602743,s019
602763,s005
602816,s019
602842,s019
602860,s005
602883,s007
602911,s007
602931,s020
603009,s007
603035,s007
603053,s020E
603068,s008
603120,s008
603241,s006
603269,s021
603297,s021
603325,s006
603345,s027
603427,s006
603453,s021
603479,s021
603505,s006
603523,s027
603546,s022
603574,s022
603594,s014
603670,s006
603696,s021
603722,s021
603748,s006
603766,s027
603789,s022
603817,s022
603837,s014
603913,s006
603939,s021
603965,s021
603991,s006
604009,s027
604032,s022
604060,s022
604080,s014
604119,s022
604145,s022
604163,s014
604186,s023
604214,s023
604234,s009
604331,s023
604357,s023
604375,s009E
604390,s010
604426,s010E
604441,s015
604516,s015E
604531,s011
604596,s011E
604611,s028
604643,s028
604666,s024
604694,s024
604714,s012
604827,s024
604853,s024
604871,s012
604894,s026
604922,s026
604942,s013
604993,s026
605019,s026
605037,s013
605060,s016
605088,s025
605116,s025
605144,s016
605164,s029
605261,s016
605287,s025
605313,s025
605339,s016
605357,s029E
605372,s017
605488,fdi2
605762,s000
605824,s000ER
605839,s020
605871,s020
605894,s023
605922,s023
605942,s001
606016,s023
606042,s023
606060,s001
606083,s002
606111,s024
606139,s024
606167,s002
606187,s032
606266,s002
606292,s024
606318,s024
606344,s002
606362,s032ER
606377,s003
606457,s003ER
606472,s004
606536,s004ER
606551,s005
606610,s005ER
606625,s006
606695,s006ER
606710,s007
606770,s007ER
606785,s008
606858,s008ER
606873,s009
606912,s009ER
606927,s010
606973,s010ER
606988,s011
607057,s011ER
607072,s013
607119,s013
607142,s025
607170,s025
607185,KbER
607198,s025
607213,gbER
607226,s025
607233,xbER
607246,s012
607326,s025
607352,s025
607378,s025
607404,s025
607422,s012
607432,BcER
607445,s014
607473,s026
607488,zcER
607501,s026
607529,s014
607549,s033
607598,s014
607624,s026
607650,s026
607676,s014
607694,s033ER
607709,s015
607755,s015
607778,s031
607804,s031
607822,s022
607937,s031
607950,FeRR
607963,s031
607968,UeRR
607981,s022ER
607996,s011
608070,s011ER
608085,s008
608160,s008
608183,s027
608211,s027
608218,QfER
608231,s009
608325,s027
608351,s027
608369,s009
608392,s028
608420,s028
608440,s016
608494,fgRR
608507,s028
608533,s028
608551,s016
608574,s029
608602,s029
608622,s017
608706,s029
608719,GhRR
608732,s029
608737,VhRR
608750,s017
608760,rhER
608773,s030
608801,s030
608821,s018
608938,s030
608964,s030
608982,s018ER
608997,s019
609060,s019ER
609075,s021
609132,s021
609173,fdi2
609799,s000
609878,s000
609901,sg01
609929,sg01
609957,st01
609985,st01
610013,sm01
610041,sg01
610061,s001
610131,sg01
610157,sg01
610183,st01
610209,st01
610235,sm01
610261,sg01
610279,s001E
610294,s0a2
610324,s0a2
610347,sg02
610375,sg02
610403,st02
610431,st02
610459,sg02
610479,s002
610546,sg02E
610561,sg03
610589,sg02E
610604,s003
610632,st02E
610647,st03
610675,st02E
610690,st03
610718,s002E
610733,sm03
610761,sg02E
610776,sg03
610796,s002E
610811,s003
610828,tlk0+l
610856,tlk0#f
610872,tlk1Sl
610885,tlk1
610916,sg03
610942,st03
610968,st03
610994,sm03
611020,sg03
611038,s003E
611053,s004
611075,thk1+l
611095,thk1#y
611150,thk2Sl
611163,thk2Jl
611187,s004E
611202,s005
611251,s005E
611266,s006
611292,Z#Jl
611314,s006
611337,sg10
611365,sg10
611393,st10
611421,st10
611449,sg10
611469,s010
611513,sg03
611539,sg03
611565,st03
611591,st03
611617,sm03
611643,sg03
611661,s003E
611676,s004
611732,s004E
611747,s007
611835,s007E
611850,s008
611900,s008E
611915,s009
611971,s009
611994,sg10
612022,sg10
612050,st10
612078,st10
612106,sg10
612126,s010
612181,tlk0+l
612201,tlk0#f
612256,sg10
612282,sg10
612308,st10
612334,st10
612360,sg10
612378,s010E
612393,s012
612451,s012
612474,sg13
612502,sg13
612530,st13
612558,st13
612586,sg13
612606,s013
612634,sg10
612660,sg10
612686,st10
612712,st10
612738,sg10
612756,s010E
612771,s011
612823,s011
612846,sg13
612874,sg13
612902,st13
612930,st13
612958,sg13
612978,s013
613120,sg13E
613135,sg14
613163,sg13E
613178,sg14
613206,st13E
613221,st14
613249,st13E
613264,st14
613292,sg13E
613307,sg14
613327,s013E
613342,s014
613418,sg14
613444,sg14
613470,st14
613496,st14
613522,sg14
613540,s014E
613555,s015
613675,s015E
613690,s016
613751,s016E
613766,s017
613818,s017E
613833,s018
613921,s018E
613936,s019
613953,tlk0+l
613981,tlk0#f
613997,tlk1R
614012,s019E
614027,s020
614086,s020E
614101,s021
614118,tlk0+l
614146,tlk0#f
614162,tlk1R
614177,s021E
614192,s022
614242,tlk1Jl
614298,s022E
614313,s023
614354,s023E
614369,s024
614436,thk1+l
614456,thk1#f
614472,thk2R
614487,s024E
614502,s025
614575,s025E
614590,s026
614659,s026
614682,sg27
614710,sg27
614738,st27
614766,st27
614794,sg27
614814,s027
614922,sg27
614948,sg27
614974,st27
615000,st27
615026,sg27
615044,s027E
615059,s030
615129,s030
615152,sg31
615180,sg31
615208,st31
615236,st31
615264,sg31
615284,s031
615307,tlk0+l
615327,tlk0#f
615382,sg27
615408,sg27
615434,st27
615460,st27
615486,sg27
615504,s027E
615519,s029
615580,s029
615603,sg28
615631,sg28
615659,st28
615687,st28
615715,sm28
615743,sg28
615763,s028
615822,sg28E
615837,sg27
615865,sg28E
615880,sg27
615908,st28E
615923,st27
615951,st28E
615966,st27
615994,sm28E
616009,s027
616037,sg28E
616052,sg27
616072,s028E
616087,s027
616123,sg27
616149,sg27
616175,st27
616201,st27
616227,sg27
616245,s027E
616260,s029
616321,s029
616344,sg28
616372,sg28
616400,st28
616428,st28
616456,sm28
616484,sg28
616504,s028
616563,sg28E
616578,sg27
616606,sg28E
616621,sg27
616649,st28E
616664,st27
616692,st28E
616707,st27
616735,sm28E
616750,s027
616778,sg28E
616793,sg27
616813,s028E
616828,s027
616892,thk1Sl
616905,thk1
616940,sg31
616966,sg31
616992,st31
617018,st31
617044,sg31
617062,s031E
617077,s032
617110,thk1#f
617126,thk2Sl
617139,thk2R
617154,s032E
617169,s033
617252,s033E
617267,s034
617284,tlk0+l
617304,tlk0#f
617320,tlk1'
617364,s034E
617379,s035
617396,tlk0+l
617445,thk1+l
617465,thk1#f
617481,thk2Sl
617494,thk2y
617519,s035E
617534,s036
617603,s036E
617618,s037
617699,s037E
617714,s038
617770,s038E
617785,s039
617873,s039E
617888,s040
617953,s040
617976,sg41
617996,s041
618050,sg41
618068,s041E
618083,s042
618127,s042E
618142,s043
618198,s043E
618213,s044
618270,s044E
618285,s045
618359,s045E
618374,s046
618428,s046E
618443,s047
618539,s047E
618554,s048
618600,s048E
618615,s049
618632,tlk0+l
618681,tlk0#R
618697,s049E
618712,s050
618729,tlk0+l
618778,tlk0#f
618794,tlk1R
618809,s050E
618824,s051
618870,s051
618893,sg52
618921,sg52
618949,st52
618977,st52
619005,sg52
619025,s052
619110,sg52
619136,sg52
619162,st52
619188,st52
619214,sg52
619232,s052E
619247,s053
619320,s053
619343,sg54
619371,sg54
619399,st54
619427,st54
619455,sg54
619475,s054
619518,sg54E
619533,sg55
619561,sg54E
619576,sg55
619604,st54E
619619,st55
619647,st54E
619662,st55
619690,sg54E
619705,sg55
619725,s054E
619740,s055
619825,sg55
619851,sg55
619877,st55
619903,st55
619929,sg55
619947,s055E
619962,sa55
620022,sa55E
620037,s056
620094,s056
620117,sg57
620145,sg57
620173,st57
620201,st57
620229,sm57
620257,sg57
620277,s057
620341,sg57E
620356,sg58
620384,sg57E
620399,s058
620427,st57E
620442,st58
620470,st57E
620485,st58
620513,sm57E
620528,sm58
620556,sg57E
620571,sg58
620591,s057E
620606,s058
620638,tlk0+l
620686,tlk0#f
620741,sg58
620767,st58
620793,st58
620819,sm58
620845,sg58
620863,s058E
620878,s059
620953,s059
620976,sg62
621004,sg62
621032,st62
621060,st62
621088,sg62
621108,s062
621144,sg58
621170,sg58
621196,st58
621222,st58
621248,sm58
621274,sg58
621292,s058E
621307,s059
621362,s059E
621377,s060
621422,s060E
621437,s061
621454,tlk0+l
621474,tlk0#f
621490,tlk1y
621525,s061
621548,sg62
621576,sg62
621604,st62
621632,st62
621660,sm62
621688,sg62
621708,s062
621806,sg62
621832,sg62
621858,st62
621884,st62
621910,sm62
621936,sg62
621954,s062E
621969,s063
622013,s063E
622028,s064
622095,fdi2
622112,qstc
622416,s006
622444,s006
622464,s000
622527,s006
622553,s006
622571,s000E
622586,s001
622633,s001
622656,s007
622684,s007
622704,s002
622758,s007
622784,s007
622802,s002
622825,s008
622853,s008
622873,s003
622879,kidl0
622932,s008
622958,s008
622976,s003
622999,s007
623027,s007
623047,s002
623104,s007
623130,s007
623148,s002E
623163,s001
623237,s001
623260,s009
623288,s009
623308,s004
623378,s009
623404,s009
623422,s004
623445,s007
623473,s007
623493,s002
623562,s007
623588,s007
623606,s002
623629,s005
623657,s005
623685,s010
623713,s010
623741,s005
623761,s011
623868,s005
623894,s005
623920,s010
623946,s010
623972,s005
623990,s011
624013,s007
624041,s007
624061,s002
624141,s005
624167,s005
624193,s010
624219,s010
624245,s005
624263,s011
624286,s007
624314,s007
624334,s002
624422,s007
624448,s007
624507,fdi2
624955,s062
624983,s062
625003,s027
625077,s062
625103,s062
625121,s027E7
625136,s029
625203,s062
625229,s062
625247,s027E7
625262,s029
625329,s062
625355,s062
625373,s027E7
625388,s029
625513,s063
625541,s063
625561,s028
625605,s063
625631,s063
625649,s028E7
625664,s030
625730,s030E7
625745,s032
625784,s032E7
625799,s033
625846,s033E7
625861,s031
625917,s031
625940,s064
625968,s064
625988,s034
626049,s064
626075,s064
626093,s034E7
626108,s035
626155,s035
626178,s065
626206,s065
626226,s036
626360,s065
626386,s065
626404,s036E7
626419,s037
626461,str1
626520,s000
626542,kill
626559,k132
626576,s037
626609,s037
626632,s038
626660,s072
626688,s072
626716,s038
626736,s073
626798,s038
626824,s072
626850,s072
626876,s038
626894,s073
626950,s065
626976,s065
626994,s036E7
627009,s037
627059,str1
627118,s000
627140,kill
627157,k132
627174,s037
627192,s037
627215,s038
627243,s072
627271,s072
627299,s038
627319,s073
627404,s038
627430,s072
627456,s072
627482,s038
627500,s073
627556,s065
627582,s065
627600,s036E7
627615,s037
627665,str1
627724,s000
627746,kill
627763,k132
627787,s037
627805,s037
627828,s038
627856,s072
627884,s072
627912,s038
627932,s073
628017,s038
628043,s072
628069,s072
628095,s038
628113,s073
628146,s039
628184,s000
628239,s039E7
628254,s040
628296,s039E7
628311,s040
628335,s040E7
628350,s041
628367,s001
628417,s041E7
628432,s042
628493,s046
628516,s046
628539,s066
628567,s066
628587,s043
628663,s066
628689,s066
628707,s043E7
628722,s044
628784,s044E7
628799,s045
628866,s045E7
628881,s047
628963,s047E7
628978,s048
629042,s048E7
629057,s050
629098,s050
629121,s067
629149,s067
629169,s049
629216,s067
629242,s067
629260,s049E7
629275,s051
629329,s051
629352,s068
629380,s068
629400,s052
629485,s068
629511,s068
629529,s052E7
629544,s053
629601,s053
629624,s069
629652,s069
629672,s054
629747,s069
629773,s069
629791,s054
629814,s070
629842,s070
629862,s055
629923,s070
629949,s070
629967,s055E7
629982,s056
630066,s056E7
630081,s057
630134,s057E7
630149,s058
630234,s058
630257,s070
630285,s070
630305,s055
630395,s070
630421,s070
630439,s055E7
630454,s059
630507,s059
630530,s071
630558,s071
630578,s060
630656,s071
630682,s071
630700,s060E7
630715,s061
630804,fdi2
630821,qstc
631119,sg00
631147,sg00
631175,st00
631203,st00
631231,sg00
631251,s000
631324,sg00
631350,sg00
631376,st00
631402,st00
631428,sg00
631461,s001
631559,s001
631582,sg02
631610,sg02
631638,st02
631666,st02
631694,sg02
631714,s002
631783,sg02
631809,sg02
631835,st02
631861,st02
631887,sg02
631905,s002
631928,st03
631956,st03
631976,s003
632083,st03
632109,st03
632127,s003
632150,sg04
632178,sg04
632206,st04
632234,st04
632262,sg04
632282,s004
632400,sg04
632426,sg04
632452,st04
632478,st04
632504,sg04
632537,s005
632630,fdi2
633040,tlk0
633054,tlk0
633070,tlk1
633084,tlk1
633100,tlb0
633114,tlb0
633130,tlb1
633144,tlb1
633172,mou0
633186,mou0
633214,mou1
633228,mou1
633244,kos0
633258,kos0
633274,kos1
633288,kos1
633310,awa0
633330,awa0
633346,thk1
633360,thk1
633376,thk2
633390,thk2
633406,pas0
633420,pas0
633780,tlk0
633818,pas0
633832,pas0
633848,thk1
633862,thk1
633878,thk2
633892,thk2
633908,poi0
633922,poi0
633938,ang0
633976,dis0
633990,dis0
634006,wav0
634020,wav0
634036,tlb0
634050,tlb0
634066,tlb1
634080,tlb1
634105,sha0
634119,sha0
634135,sir0
634149,sir0
634165,sir1
634179,sir1
634195,sha1
634209,sha1
635148,tlk0
635167,tlk1S
635180,tlk1
635196,tlk0
635235,tlk1S
635248,tlk1
635264,tlk0
635303,tlk1S
635316,tlk1
635332,tlk0
635375,tlk1S
635388,tlk1
635404,tlk0
635447,tlk1S
635460,tlk1
635476,tlk0
635495,tlk1S
635508,tlk1
635524,tlk0
635571,tlk1S
635584,tlk1
635600,tlk0
635627,tlk1S
635640,tlk1
