offset,token
9277,s000
9323,tlk0'
9353,s001
9428,kei0+-
9451,tlk0+
9479,kei0'
9504,s088
9529,thk1+
9552,tlk0+-
9575,ten0f
9590,thk2+
9621,kei0+-
9745,qstc
9785,s014
9830,tlk0++
9860,s015
9936,s016
9990,tlk0
10081,kak0++
10125,kak1++
10171,pas0++
10202,tlk0++
10251,fdo0
10268,fdo08
10295,s017
10312,fdi0
10386,s018
10490,kng1E
10505,s079
10545,tef0++
10587,s079E
10602,s019
10644,s089
10705,tlk0++
10724,kidl0.
10772,not0+.
10795,tef0++
10828,s019
10872,fdo1
10889,fdo1F
10909,fdi1
10926,qstc
10964,fdo0
11024,s002
11041,fdi1
11061,tlk0'
11108,war0+
11137,tlk0+0
11160,war1E3
11175,fdo0
11192,fdo0E
11207,s003
11224,fdi0
11274,thk1+0
11310,yub0+
11333,thk2+0
11357,thk2'
11379,yub1
11397,fdo2
11439,s004
11456,fdi2
11570,tlk0+0
11638,fdo1
11683,fdi1
11700,qstc
11731,fdo0
11748,fdo08
11777,s000
11794,fdi1
11828,tlk0+-
11867,fdo1
11884,fdo1
11902,s025
11919,fdi1
12086,fdo1
12103,fdo18
12135,s033
12152,fdi1
12318,s034
12543,nay0
12572,nay1
12648,s035
12688,fdo1
12705,fdo1E
12720,s034
12740,thk1N
12761,fdi1
12789,thk2+
12812,pas0+
12841,fdo1
12858,fdo1F
12878,fdi1
12895,qstc
12979,fdo0
12996,fdo08
13032,s047
13076,fdi1
13093,tlb0+.
13116,ev00fV
13131,tlk0+0
13161,thk1+.
13192,s047'
13238,s048
13339,s048E
13354,s049
13406,tlk0++
13450,s049'
13492,rou1E
13507,s050
13532,tlc0+2
13564,s050'
13586,s051
13629,tlk0
13684,s051E
13699,s083
13739,tlk0++
13769,s083E
13784,s086
13801,tlk0+
13844,thk1+.
13877,s086E
13892,s052
14005,ikr0+2
14051,ikr1+2
14084,s052E
14099,s087
14116,tlk0+
14148,tla0+.
14171,tla1y
14242,tlb0+.
14265,ev00y
14318,s053
14377,ib01J.
14455,tlk0y
14561,tlk1E3
14576,fdo2
14593,fdo2E
14608,s054
14637,fdi1
14678,fdo1
14695,fdo1F
14712,fdi2
14780,fdo1
14797,fdo18
14817,s054
14852,fdi1
14931,s055
14967,tlk1+
15000,tlk0+
15031,ten0+
15054,s055E
15069,s084
15086,tlk1+
15174,tlk2+
15218,tla0+.
15241,tlb3R
15256,s084N
15277,s085
15310,thk1+.
15350,s085E
15365,s056
15388,thk2+
15465,fdo1
15482,fdo1F
15499,fdi2
15545,fdo1
15562,fdo1F
15579,s057
15626,fdi1
15643,thk1
15690,thk1'
15772,fdo1
15789,fdo1E
15804,s058
15837,fdi2
15911,not0+.
15947,thk1+.
15978,thk2+.
16001,fdo1
16040,fdi2
16057,qstc
16103,fdo0
16120,fdo0E
16135,s005
16164,fdi1
16242,s006
16305,tlk0+
16345,s006E
16360,s007
16401,dis0+
16452,s007E
16467,s008
16500,dis0
16516,s009
16557,tlk0+
16615,fdo1
16632,fdo1U
16647,s009F
16675,fdi1
16709,fdo0
16752,s010
16778,fdi1
16814,fdo2
16831,fdo2E
16846,s011
16866,fdi1
16872,kidl1
16895,tlk0+
16944,tlk0+
16977,s012
16983,kidl1
17004,kidl0
17049,dis0+
17081,dis0+
17113,s012J
17137,s013
17182,sl00+
17212,fdo1
17229,fdo1F
17257,fdi1
17274,qstc
17308,fdo0
17351,s020
17389,fdi1
17426,tlk0+
17461,s021
17499,tlk0+
17522,dis0+
17545,s021'
17567,s022
17626,iro0+
17679,thk1
17708,thk2
17738,s023
17763,teh0+
17868,iro0+
17914,thk1
17943,thk2E
17958,s078
17993,thk1+
18029,thk2
18056,s023
18086,fdo1
18103,fdo1F
18131,fdi1
18165,fdo0
18208,s020
18253,fdi1
18290,fdo2
18307,fdo2N
18345,s024
18362,fdi2
18409,iro0+
18432,moj0+
18478,fdo1
18495,fdo1F
18523,fdi1
18540,qstc
18567,fdo0
18584,fdo07E
18611,s036
18628,fdi1
18682,fdo1
18699,fdo1F
18716,fdi1
18774,s037
18856,tlk0+0
18894,tla0+2
18917,tla1S2
18930,tla1'
18952,jya0
18970,s038
19144,fdo1
19197,fdo1E
19212,s039
19229,fdi1
19246,tlb0+.
19298,tlb1U
19313,s039
19331,s040
19360,tla0'
19449,s039f
19464,tlk1+-
19514,ten1
19561,s041
19581,tlb0+.
19617,tlb3E3
19632,fdo1
19649,fdo1F
19669,fdi1
19697,fdo0
19714,fdo08
19741,s045
19758,fdi1
19799,s046
19896,fdo1
19913,fdo1F
19933,fdi1
19978,s023
20038,tlk1
20065,fdo0
20082,fdo0F
20105,fdi0
20131,s061
20204,fdo1
20228,fdo1N
20267,s062
20301,fdi1
20385,s062E
20400,s090
20417,oko1
20466,nay1E3
20481,fdo0
20501,s090E
20516,s063
20540,fdi0
20615,thk2E3
20630,fdo0
20650,s063E
20665,s064
20682,fdi0
20775,tlb0+.
20798,s064E
20813,s091
20838,tla0+.
20911,s091E
20926,s065
20956,tla0+.
20999,fdo1
21054,fdi1
21193,c06i
21233,c06i
21321,s000
21371,tlk0+l
21403,s001
21515,s001E
21530,s002
21536,kidl0l
21564,thk1+l
21595,thk2Sl
21608,thk2Jl
21649,s002E
21664,s003
21681,tlk0+l
21741,s003E
21756,s004
21786,who1
21803,who18
21867,whi1
21884,s004E
21899,s005
21916,ntl0+m
21954,thk1+l
21982,utl0+m
22005,utl1R
22020,s005E
22035,s008
22052,thk2+l
22092,s008E
22107,s006
22124,utl0+m
22157,utl1+m
22196,s006E
22211,s007
22241,who1
22299,s007E
22314,s003
22331,whi1
22356,tlk0R
22371,s003E
22386,s004
22436,tlk0R
22451,s004E
22466,s009
22546,s010
22641,s000
22686,s000E
22701,s011
22732,thk1+l
22775,who1
22792,who18
22829,whi1
22846,s011E
22861,s012
22909,utl0+m
22947,thk1+l
22978,thk2+l
23027,s012E
23042,s013
23090,s013E
23105,s014
23122,tlk0+n
23175,s014E
23190,s015
23232,tlk0+n
23264,utl0+m
23332,who1
23385,s015E
23400,s011
23417,whi1
23467,s011E
23482,s016
23512,s016E
23527,qstc
23572,s017
23592,tlk0'
23622,ten0kid10-
23663,s017E
23678,s018
23729,s018E
23744,s019
23780,tlk1+-
23863,who1
23880,who1R
23895,s019E
23910,s020
23946,whi1
23990,tlk0+n
24022,s020E
24037,s021
24054,tlk0+p
24164,tlk0+n
24213,s021E
24228,s022
24305,who1
24322,who1xkidl0-
24347,s022E
24362,s023
24379,whi1
24407,thk1+-
24445,thk2S-
24458,thk2J-
24491,pas0R
24506,s023E
24521,s017
24564,s017E
24579,qstc
24603,fdo0
24620,fdo0
24636,fdi0
24654,fdo1
24671,fdo1
24687,fdi1
24705,fdo2
24722,fdo2
24738,fdi2
24756,fdo2
24834,s042
24885,s042E
24900,s043
24979,thk1
24997,s043E
25012,s044
25072,thk2++
25095,kak0++
25140,s044E
25155,qstc
25195,kidl0+
25238,s045
25266,tlk0++
25314,tef0++
25356,s045E
25371,s046
25402,sij0++
25459,thk1R
25474,s046E
25489,s047
25532,thk2++
25560,s047
25608,s017
25641,thk1+-
25664,s000
25766,s000ER
25781,s001
25869,s001ER
25884,s002
25922,utl1'
25957,tlk0+-
25980,ten0S-
25993,ten0'
26024,s002ER
26039,s003
26123,ovl1
26140,s003ER
26155,s004
26196,ovl1E3
26211,ovl1
26228,s004ER
26243,s005
26268,thk1+-
26299,thk2+-
26350,s007
26387,thk1+-
26418,thk2+-
26441,tlk1+-
26479,tlk0+-
26502,s007ER
26517,s006
26544,ten0+-
26608,tlk1+-
26642,qstc
26659,s006
26703,s008
26748,tlk0++
26779,tlk1++
26802,s008ER
26817,s009
26834,tlk0++
26857,tlk1++
26914,s009
26966,s009ER
26981,s010
27059,tlk1y
27121,s011
27155,utu0+2
27216,s011ER
27231,s012
27297,tla0+q
27335,tlb0+2
27358,tlb1RR
27373,s012ER
27388,s013
27405,tlb0+q
27443,tla0+2
27481,thk1+q
27512,thk2+q
27535,s014
27552,utu0+2
27575,tlc0+q
27613,utu1+2
27636,tla0+q
27674,thk1+2
27697,s014ER
27712,s015
27729,tla0+q
27752,tla1+q
27775,thk2+2
27798,s015ER
27813,s016
27830,tlc0+q
27853,tlc1+q
27876,sig0
27894,ikr0+2
27974,s016ER
27989,s017
28012,tlb0+2
28050,kak0++
28083,tla2+2
28106,kak1E3
28121,ovl1
28138,s018
28163,thk1++
28194,thk2++
28217,s018E3
28232,ovl1
28249,s019
28266,omo0++
28297,omo1++
28320,s019ER
28335,s020
28352,tla2+2
28375,tlk0++
28406,s020E3
28421,ovl1
28438,s021
28455,tlk1++
28478,kak0++
28501,kak1++
28556,s022
28590,tlk0++
28613,tlk1++
28641,qstc
28689,s023
28749,s023ER
28764,s024
28835,s024ER
28850,s023
28870,tat1
28912,s025
29011,s025ER
29026,s026
29138,s027
29155,ovl1
29208,s027E3
29223,ovl1
29240,s028
29265,s028E3
29280,ovl1
29297,s027
29327,s027E3
29342,ovl1
29359,s029
29409,tla0+2
29440,tla1+2
29463,s029E3
29478,ovl1
29495,s027
29530,s027E3
29545,ovl1
29562,s030
29600,utu0+2
29623,s030E3
29638,ovl1
29655,s031
29758,s031E3
29773,ovl1
29790,s030
29823,s030ER
29838,s032
29954,s023
30014,era1
30067,qstc
30113,s033
30184,s033ER
30199,s034
30255,s034J.
30287,ovl1
30304,s035
30321,tla0+.
30362,tla1RR
30377,s035ER
30392,s036
30448,s036E3
30463,ovl1
30480,s037
30497,thk1+.
30528,thk2+.
30551,s037ER
30566,s038
30596,tlk0+0
30619,tlk1
30668,s033
30705,tlk0+0
30728,ovl1
30745,s039
30762,tlk1+0
30785,thk1+0
30816,s039ER
30831,s033
30848,thk2+0
30876,qstc
30916,s033
30936,thk1+0
30967,thk2+0
31054,s040
31095,tlk0+
31118,tlk1RR
31133,s040ER
31148,s041
31229,yub0+
31260,yub1n0
31303,s041ER
31318,s042
31409,har0+
31460,s042ER
31475,s043
31492,tla0+q
31515,tla1+q
31538,war0+
31561,war1y
31594,thk1+
31622,thk1+0
31645,s043ER
31660,s044
31692,tlc0+q
31715,tlc1fV
31730,thk2y
31791,thk1+
31814,thk2+
31837,s044ER
31852,s045
31907,tla0+q
31930,tla1y
32034,s040
32075,thk1+
32115,s046
32155,thk2
32188,ovl2
32205,s046ER
32220,s047
32237,tlk0+
32260,ten0+
32291,tlk1+
32322,ten1+
32345,ovl1
32362,s047ER
32377,s048
32394,yub0+
32417,tlk0+
32440,ten0K
32470,yub1+
32515,s048ER
32530,s049
32594,tlk0+0
32617,tlk1+0
32645,qstc
32693,s033
32734,thk1+0
32765,thk2+0
32836,s054
32853,hgs0
32910,s054kidl0+
32937,hgs1ER
32952,s055
33011,kak0++
33034,ovl1
33051,s055ER
33066,s056
33112,nay0
33138,kak1E
33153,who1
33251,nir0E
33266,s000
33283,whi1
33300,blon
33320,tlb0+u
33354,s000E
33369,s001
33433,s002
33457,sas0
33475,who0
33510,sas0
33530,sas0E
33545,whi0
33590,sas1E
33605,s012
33631,sas1E
33646,who1
33663,who1N
33718,kidl0+
33749,nay0ER
33764,s057
33781,whi1
33809,nay1+.
33832,s057ER
33847,s058
33912,s058ER
33927,s059
34006,s059ER
34021,s060
34076,siz1y
34101,tlk0+0
34124,tlk1RR
34139,s060ER
34154,s061
34292,s061ER
34307,s062
34324,thk1++
34401,s062ER
34416,s063
34505,tlk0+0
34543,tlk0++
34566,tlk1RR
34581,s063ER
34596,s064
34721,s064F
34782,s033
34875,s065
34955,s065E3
34970,ovl1
34987,s066
35066,s066ER
35081,s067
35172,s067ER
35187,s068
35216,tlk0+-
35239,ten0J
35291,s068ER
35306,s069
35323,kak0++
35359,tla0+.
35420,s069ER
35435,s070
35452,kak1J-
35501,ovl1
35518,s070ER
35533,s071
35737,s071ER
35752,s072
35786,tlk0+0
35854,s072ER
35869,s073
35939,pas0+-
36061,s019
36176,s019E
36191,s020
36239,thk1+x
36262,thk2+x
36301,s020E
36316,s021
36353,tlk0+y
36376,tlk1+y
36399,thk1+y
36430,thk2+y
36524,kud0E
36539,s022
36570,s022
36594,s023
36634,tlk0+w
36657,tlk1+w
36683,s023E
36698,s024
36766,ovl1
36783,s024E
36798,s025
36815,tla0+q
36856,tla1+q
36879,tlc0+q
36902,ikr0
36920,tlc1
37024,kidl0+
37062,s026
37141,s026E
37156,s027
37191,kak0++
37222,kak1++
37265,s027E
37280,s028
37305,tlk1+-
37333,thk1+-
37379,s028E
37394,s029
37457,s029E
37472,s030
37552,s030E
37567,s031
37592,siz0
37620,lau0
37659,s031E
37674,s032
37713,tla0+.
37744,tla1
37772,ovl1
37789,s032E
37804,s033
37848,ovl1
37865,s033E
37880,s034
37921,ovl1
37938,s034E
37953,s035
38001,s035E
38016,qstc
38073,s033
38101,tlk0+0
38124,tlk1+0
38177,s033
38210,tlk0+0
38241,tlk1+0
38307,s033
38348,who1
38365,who1RR
38380,s033ER
38395,s074
38425,whi1
38469,s074ER
38484,s075
38526,tlk0+0
38564,tlk0+z
38587,tlk1E
38602,who1
38619,who1RR
38661,s033
38678,whi1
38724,s033F
38741,qstc
38789,s036
38843,pas0++
38874,tlk0++
38933,s036
38985,thk1++
39008,s036E
39023,s037
39047,s060
39164,kak0++
39225,kak1++
39248,s038
39282,tlk0++
39305,tlk1++
39364,s036
39418,thk1++
39441,thk2++
39469,qstc
39513,s000
39564,s000Eh
39579,s001
39607,s001Eh
39622,s000
39665,uta0
39683,s000Eh
39698,s001
39727,ten2
39745,s001Eh
39760,s002
39766,kuta06
39800,s002Eh
39815,s001
39848,thk1Rh
39863,s001Eh
39878,s000
39898,tlk1+6
39924,s000
39942,s003
39988,thk1'
40017,s003Eh
40032,s004
40097,s004Eh
40112,s005
40149,s005Eh
40164,s025
40204,s025Eh
40219,s005
40247,s005Eh
40262,s006
40324,dis0
40364,s0066
40386,s007
40437,ten0
40466,s007Eh
40481,s009
40546,s009Eh
40561,s000
40578,thk1
40607,ten1
40633,utl1Rh
40648,s000Eh
40663,s007
40710,s0076
40732,s006
40792,s006
40850,s010
40900,s010Eh
40915,s011
40963,s011Eh
40978,s013
41014,s013Eh
41029,s010
41103,s010Eh
41118,s012
41167,s012Eh
41182,s013
41215,s013Eh
41230,s010
41247,unz0
41377,s013Eh
41392,s010
41453,s015
41539,s015Eh
41554,s026
41594,bke0
41620,s026Eh
41635,s017
41669,s017Eh
41684,s030
41746,s030Eh
41761,s017
41786,war0
41842,s017Eh
41857,s019
41885,war1+
41936,s019Eh
41951,s020
41979,s020Eh
41994,s027
42030,yub0+
42053,yub1
42071,yub0+
42094,yub1
42112,har0+
42187,s027'
42209,poi1
42240,s016
42269,s016Eh
42284,s018
42304,s018Eh
42319,s020
42358,s0206
42386,s022
42427,thk1
42457,s022Eh
42472,s020
42501,dis0
42519,s020Eh
42534,s028
42629,s028'
42651,s015
42688,s015Eh
42703,s029
42786,s029Eh
42801,s017
42835,s017Eh
42850,sb29
42875,ntl1
42916,sb29Eh
42931,s031
42954,thk1+
42980,s017f
43029,s031Eh
43044,s017
43064,thk2
43082,har0+
43108,s017Eh
43123,s024
43180,har0+
43219,s015
43245,yub0+
43300,s015Eh
43315,s017
43332,yub1J
43370,s017Eh
43385,s016
43433,s016Eh
43448,s037
43476,s037Eh
43491,s017
43537,s017Eh
43552,s023
43587,tlk0
43628,ten0
43662,s023Eh
43677,s017
43710,s017Eh
43725,s037
43783,s037Eh
43798,s021
43834,s021Eh
43849,s023
43866,tlk1+-
43889,tlk0
43930,ten0
43948,s023Eh
43963,s036
43980,thk1+
44003,thk2+
44026,ntl1Rh
44041,s036Eh
44056,s023
44093,s023Eh
44108,s029
44138,unz0
44168,s029
44245,s032
44273,s032Eh
44288,s033
44313,s033Eh
44328,s034
44374,s034Eh
44389,s032
44494,pas0
44544,qstc
44592,s033
44680,s011
44697,tat0
44756,tlk0E3
44771,ovl1
44794,s012
44884,s012E3
44899,ovl1
44916,s013
44994,s013E
45009,s014
45072,s014E
45087,s015
45196,s015E
45211,s016
45277,s016ER
45292,s033
45345,s033F
45406,s033
45522,s017
45599,s013
45644,s013
45708,s013
45753,s013
45830,hum0R
45845,s013E
45860,s015
45929,siz1
45963,s015ER
45978,s033
46031,s033F
46109,s015
46161,kak0++
46184,kak1'
46226,s015E
46241,s016
46293,kba2+-
46345,s016E
46360,s017
46405,tef0++
46442,ovl1
46459,s017E
46474,s018
46508,tlk0++
46557,s018E
46572,s019
46578,kidl0+
46612,tlb0
46666,thk1
46695,s019N
46770,kidl0+
46793,s027
46831,ovl1
46848,s027E
46863,s028
46911,ovl1
46928,s028E
46943,s029
46979,s0295'
47044,s020
47060,kidl0+
47080,omo0
47112,omo1++
47194,s020E
47209,s021
47249,tlb0++
47303,tlc0+2
47326,tlk0++
47362,tlk1R
47377,s021E
47392,s022
47419,std0+
47442,sttf+
47465,tfst+
47503,tlb0+2
47526,tlb1R
47541,s022E
47556,s023
47642,tld1R
47657,s023E
47672,s024
47698,thk1++
47729,thk2++
47752,s024E
47767,s025
47784,std0y
47822,tlk0++
47875,std1
47908,jna0
47936,s025E
47951,s026
48006,s026F
48052,kidl0+
48075,s030
48118,tlk0++
48141,tlk1++
48164,ovl1
48181,s030E
48196,s031
48255,omo1++
48278,ovl1
48295,s031E
48310,s032
48350,tlk0++
48373,tlk1
48403,s0328
48435,s033
48468,ovl1
48485,s033E
48500,s034
48543,s034#5'
48576,kidl0+
48596,omo0
48614,omo0E
48629,s035
48668,omo1++
48691,ovl1
48708,s035E
48723,s036
48740,tlk0++
48771,tlk1++
48810,s036F
48862,s030
48868,kidl0+
48915,tlk0++
48938,tlk1y
49033,s030E
49048,s037
49071,ovl1
49088,s037E
49103,s057
49150,s057E
49165,s038
49196,tlk1'
49232,tla0y
49340,std0'
49362,s038E
49377,s039
49444,twa0+
49488,tlk0++
49511,tlk1++
49534,s039E
49549,s040
49566,tla1fz
49581,twb0+
49604,twb1+
49627,wra0++
49658,wra1++
49681,s040E
49696,s041
49718,thk1+
49747,tlk0++
49770,tlk1y
49795,thk2
49838,twa0+
49861,twa1R
49876,s041E
49891,s042
49908,thk1++
49931,twb0+
49974,twb1+
50010,s042E
50025,s043
50042,thk2
50077,tlk0++
50100,tlk1y
50168,s043E
50183,s044
50200,tla0+
50223,tla1
50300,thk0
50318,s043R
50333,s044E
50348,s045
50376,std0+
50399,thk1+
50486,s045E
50501,s046
50547,tlk0++
50585,sttf+
50608,tfstJ+
50640,ovl1
50657,s046E
50672,s047
50720,tla0+
50743,s047E
50758,s048
50804,std1+
50827,twa0+
50850,twa1+
50873,tlb0
50891,s048E
50906,s049
50923,thk1+
50949,s049E
50964,s050
50981,utu0
51007,thk2++
51036,tlk0++
51064,s050E
51079,s051
51096,tlk1
51148,ora0
51172,s052
51206,ora1
51224,s052E
51239,s053
51293,mte0+
51316,mte1S
51329,mte1'
51354,s053E
51369,s054
51472,s054E
51487,s055
51525,twa0+
51548,twa1+
51586,s056
51621,tlk0++
51644,tlk1
51670,s056F
51727,s059
51733,kidl0+
51791,tlk0++
51814,tlk1
51874,s059E
51889,s058
51974,twa0+
51997,ovl1
52014,s058E
52029,s060
52071,twa1y
52104,twb0+
52127,twb1R
52142,s060E
52157,s079
52208,s079E
52223,s062
52255,tlc0+
52293,tla0+
52316,tla1E3
52331,ovl1
52348,s062E
52363,s063
52448,thk1y
52481,tlb1E3
52496,ovl1
52513,s063E
52528,s064
52545,tla0+
52591,thk0+
52622,tlb0R
52637,s064E
52652,s061
52669,thk1J
52701,tlb1R
52716,s061E
52731,s065
52748,tla0+
52771,tab0+
52794,tlb1+
52817,ovl1
52834,s065E
52849,s066
52866,tlc0+
52889,tlc1+
52912,no00+
52938,no01R
52953,s066E
52968,s067
52985,omo0++
53016,ovl1
53033,s067E
53048,s068
53081,omo1++
53104,s068E
53119,s069
53136,tlk0+
53174,tlk0++
53197,tlk1++
53220,s069E
53235,s070
53252,tlb0+
53275,tba0+
53298,tla1R
53313,s070E
53328,s071
53365,tlc0+
53388,tlc1+
53411,s071E
53426,s072
53443,twa0+
53466,twa1R
53481,s072E
53496,s073
53513,tlk0++
53536,tlk1y
53590,s073E
53605,s074
53631,sij0++
53664,twa0+
53687,twa1+
53721,s073E
53736,s075
53762,sij0++
53795,tla0+
53818,tab0+
53841,tlb1
53867,s073E
53882,s076
53922,sij0++
53945,tlc0+
53976,tlc1
53994,s074R
54009,s075R
54024,s076E
54039,s077
54088,omo0++
54111,omo1++
54134,s077E
54149,s078
54166,rei0+
54281,kidl0+
54313,s015
54341,tlk0++
54364,tlk1N
54427,s015E
54442,s016
54491,ovl1
54508,s017
54579,s017E
54594,s019
54611,itl1N
54648,tlb0
54667,tlb1'
54702,s019E
54717,s018
54748,s018E
54763,s020
54780,utan+
54803,s020R
54818,s020E
54833,s021
54880,tlk1y
54908,tlk0++
54933,tlk1y
54972,s021E
54987,s022
55014,twa0+
55037,twa1+
55060,s022E
55075,s023
55162,s023E
55177,s024
55227,twb0+
55273,s024
55342,kidl0+
55393,s000
55441,twb0
55459,thk1
55490,twb1
55523,s000E3
55538,ovl1
55555,s001
55572,tlb0++
55595,tlb1++
55625,thk1++
55686,s002
55713,twa0+
55754,s002
55781,twa0+
55822,twa1+
55882,s003
55977,s004
55994,thk2fV
56009,tlk0+
56032,tlk1fz
56047,tlk0+
56070,tlk1+
56108,s005
56125,thk1++
56163,thk2++
56186,twb0+
56239,s006
56256,wra0++
56279,wra1++
56302,ovl1
56334,s007
56351,tlk0++
56374,tlk1++
56397,twa0+
56450,s015
56467,tef0++
56549,s008
56566,twa0+
56589,twa1+
56612,twb0+
56665,s009
56692,tlk0++
56715,tlk1n
56745,twb0+
56783,s010
56800,ovl1
56825,twb1+
56848,twa0+
56908,s011
56930,omo0++
56953,omo1++
56991,s012
57018,twb0+
57041,twb1+
57064,thk1++
57109,s012
57145,s014
57212,s012
57229,omo0++
57252,twb0+
57305,s011
57322,omo1++
57345,tlk0++
57398,s014
57432,tlk0++
57455,tlk1
57488,s011
57505,tlb0++
57528,tlb1++
57566,s013
57600,tlk0++
57638,s014
57663,tlk1++
57694,s014
57772,s016
57844,s017
57922,s017y
57997,s018
58043,s019
58070,tlc0+
58108,itl0+2
58169,s020
58191,thk0+
58224,tlk0++
58277,s021
58303,thk1+
58341,s022
58404,tlb0++
58467,tlb1
58517,s023
58608,ovl1
58640,s024
58731,tlk0++
58754,tlk1++
58777,s024
58823,kidl0+
58851,s025
58913,s025E3
58928,ovl1
58945,s026
59020,s027
59088,thk1
59121,s028
59175,s029
59207,thk2++
59230,tlk0++
59283,s030
59300,tlb0+
59338,omo0++
59376,s031
59411,omo1++
59434,tlk0++
59472,s032
59489,tla0+
59550,s033
59612,s034
59657,rei2+
59695,s035
59729,tlk0++
59762,tlk1++
59785,rei3
59827,s036
59865,tlb0+
59944,s037
60037,s038
60054,tla0+
60077,tla1+
60115,s039
60160,sij0#
60187,tlk0++
60225,s046
60257,tlk1++
60280,odo0
60313,s039
60338,tlk0++
60361,tlk1J+
60419,sij0#
60438,tlk1J+
60470,tlk0++
60493,tlk1++
60531,s039
60569,rei0+
60592,rei1
60625,thk1
60686,s044
60706,s044E3
60721,ovl1
60738,s041
60769,kak0++
60800,kak1++
60823,ovl1
60855,s040
60872,omo0++
60903,ovl1
60935,s042
60960,omo1++
60998,s043
61074,s065
61164,tlk0++
61187,tlk1++
61225,s045
61242,tlk0++
61265,tlk1++
61306,s045
61382,kidl0+
61435,s047
61555,s047E3
61570,ovl1
61587,s048
61668,tla0+
61721,s049
61738,tlb0++
61779,tlc0+
61802,tlc1+
61898,s049
61915,tlb0++
61956,tlc0+
61979,tlc1+
62017,s050
62068,thk1
62086,s051
62137,thk2++
62160,tly0+
62198,s052
62215,ovl1
62248,tly1+
62304,s053
62339,tlk0+
62377,s054
62404,tlk1+
62427,thk1+
62450,tlb0++
62503,s055
62535,no00+
62561,no01+
62599,s056
62634,omo1++
62667,tlk0++
62720,s057
62753,thk2+
62814,s063
62850,sij0y
62923,omo0
62956,s064
62987,omo1++
63034,s061
63059,tlk0++
63097,s062
63122,tlk1++
63151,s061
63185,tlk0++
63223,s062
63263,tlk1++
63297,tlk1++
63339,s062F
63361,s058
63464,s059
63487,tlc0+
63525,sij0++
63548,ovl1
63580,s060
63597,tlk0++
63620,tlk1++
63643,tla0+
63684,s060
63726,kidl0+
63758,s015
63786,tlk0++
63809,tlk1E
63824,s025
63846,omo0++
63877,omo1++
63964,s025E
63979,s026
64059,fdo2
64106,thk0
64134,s026E
64149,s027
64188,s027E
64203,s028
64235,tly0+
64263,tly1+
64286,ovl1
64303,s028E
64318,s029
64335,thk1++
64366,thk2E3
64381,ovl1
64398,s029E
64413,s030
64438,tlk0++
64461,tlk1R
64476,s030E
64491,s031
64508,tlb0+
64531,tba0+
64554,tla1y
64579,tlk0+
64607,tlk1+
64630,ovl1
64647,s031E
64662,s032
64679,omo0
64708,ovl1
64725,s032E
64740,s033
64757,omo1
64796,ovl1
64813,s033E
64828,s034
64879,ovl1
64896,s034E
64911,s035
64952,ovl1
64969,s035E
64984,s036
65019,twb0+
65042,twb1+
65065,s036E
65080,s037
65097,tla0+
65120,tla1+
65143,thk0+
65166,s037E
65181,s038
65214,s038E
65229,s039
65266,thk1++
65297,s039E
65312,s040
65329,thk2y
65380,sij0++
65403,tla0+
65426,tla1R
65441,s040E
65456,s041
65473,tlk0++
65504,tlk1++
65643,s000
65670,kidl0+
65953,ovl1
65970,s000E
65985,s001
66009,kng0++
66032,s001E
66047,s002
66085,tld0+
66111,tld1
66148,s002E
66163,s003
66199,tle0+
66222,s003E
66237,s004
66254,tle1fV
66269,twa0y
66332,omo0+
66355,tla1R
66370,s004E
66385,s005
66410,omo1++
66433,gma0R
66448,s005E
66463,s006
66498,s006E
66513,s014
66540,tlk0++
66578,gma1+
66616,s014E
66631,s007
66648,thk1+
66674,twb0+
66697,twb1E3
66712,ovl1
66729,s007E
66744,s012
66761,no00+
66794,no01+
66847,thk2R
66862,s012E
66877,s011
66923,twb0
66967,tlb0+
66990,tlb1R
67005,s011E
67020,s008
67037,wra0++
67060,wra1++
67083,s008E
67098,s009
67115,ora0+
67153,ora1
67176,s043
67204,s043
67224,s042
67282,tle0+
67305,tle1n
67348,tle0+
67371,tle1n
67413,ovl1
67430,s009
67447,s009E
67462,s010
67492,sij0++
67593,s010F
67919,kidl0+
67941,s048
67969,tlk0++
67992,tlk1
68013,s048E
68028,s049
68056,pas0++
68087,thk1R
68102,s049E3
68117,ovl1
68134,s050
68167,thk2++
68190,tlk0R
68205,s050E
68220,s051
68245,tlk1++
68271,qstc
68316,kidl0+
68358,s052
68386,tlb0++
68414,s052E
68429,s053
68446,tlb1'
68482,thk1++
68513,thk2
68540,s053E
68555,s054
68580,tlk0++
68603,tlk1
68628,s054E
68643,s055
68700,tla0+
68749,s055E
68764,s056
68799,kak0++
68828,tlb0+
68851,tlb1R
68866,s056E
68881,s057
68898,kak1++
68931,s057E
68946,s058
68963,tla0+
69009,tab0+
69032,tlb1+
69055,s058E
69070,s059
69087,tle0+
69118,tle1+
69141,s059E
69156,s060
69191,tlf0#+
69215,tlf1y
69240,s060E
69255,s061
69287,thk1++
69318,thk2++
69341,s061E
69356,s062
69391,tlk0++
69414,s062E
69429,s063
69446,tlk1++
69469,s063
69523,kidl0+
69545,s048
69573,tlb0++
69596,s048E
69611,s052
69628,tlb1++
69651,tlk0++
69674,s052E
69689,s064
69706,tlk1++
69729,s064
69794,s048
69800,kidl0+
69833,tlb0++
69856,s048E
69871,s064
69888,tlb1++
69921,omo0
69939,s064E
69954,s065
70009,s065E
70024,s066
70041,gma0+
70064,gma1+
70095,tlb0y
70141,s066E
70156,s067
70190,tba0+
70213,tac0+
70236,tlc1+
70259,s067E
70274,s068
70296,sra0+
70319,sra1+
70342,tlf0+
70365,tlf1
70414,s048
70471,tlb0++
70494,s048E
70509,s064
70526,tlb1++
70625,fdo1
70642,fdo1F
70685,s080
70705,fdi1
70749,s080E
70764,s076
70835,s076E
70850,s077
70894,tlk0+
70917,s077E
70932,s078
70964,tlk1
71005,s078E
71020,s079
71045,fdo1
71062,fdo1R
71077,s079F
71097,fdi1
72074,tlk0
72098,tlk0
72122,tlk1
72149,pas0
72208,tlk0
72226,tlk1
72252,tlk0
72270,tlk1
72296,tlk0
72314,tlk1
72340,tlk0
72358,tlk1
72384,tlk0
72402,tlk1
72428,tlk0
72446,tlk1
72472,tlk0
72490,tlk1
72516,tlk0
72534,tlk1
72561,tlk0
72579,tlk1
72605,tlk0
72623,tlk1
72649,tlk0
72667,tlk1
72693,tlk0
72711,tlk1
72737,tlk0
72755,tlk1
72781,tlk0
72799,tlk1
72825,tlk0
72843,tlk1
72869,tlk0
72887,tlk1
72957,pas0
73011,op2a
74739,tlk0
74859,dis0
74876,dis0f+
74891,den0
74908,den0
76835,qstc
76859,tlk0
76883,pas0
76897,pas0
76968,tlk0
76987,tlk1
77005,tlk0
77024,tlk1
77105,tlk0
77124,tlk1
77142,tlk0
77361,tlk0
77396,tlk1
77414,tlk0
77441,tlk1H
77472,tlk0
77511,tlk1
77596,tlk0
77615,tlk1
77662,tlk0
77772,tlk0
77791,tlk1S
77804,tlk1
77833,thk1
77852,thk2S
77880,tlk0
77927,tlk1
77988,tlk0
78098,tlk0
78125,tlk1
78167,tlk0
78234,tlk1
78286,tlk0
78342,tlk0
78395,tlk1
78447,thk1
78512,tlk0
78535,tlk1
78578,tlk0
78597,pas0
78614,pas0
78696,pas0
78728,thk1
78747,thk2
78766,tlk0
78789,tlk1
78875,pas0
78907,thk1
78926,thk2
79013,pas0
79030,pas0
79049,thk1
79068,thk2
79155,pas0
79187,tlk0
79280,pas0
79335,thk1
79369,tlk0
79491,thk1
79510,thk2
79529,tlk0
79548,tlk1
79575,pas0
79600,pas0
79646,tlk0
79665,tlk1
79700,pas0
79760,tlk0
79779,tlk1
79807,tlk1
79831,pas0
79848,pas0
79871,pas0
79888,pas0
79946,thk1
79965,thk2
79984,tlk0
80060,thk1
80079,thk2
80098,pas0
80503,fdi1
80520,fdi1
80536,fdo1
80553,fdo1
80577,tlk0
80595,tlk1
80621,tlk0
80639,tlk1
80665,tlk0
80683,tlk1
80709,tlk0
80727,tlk1
80753,tlk0
80771,tlk1
80797,tlk0
80815,tlk1
80841,tlk0
80859,tlk1
80885,tlk0
80903,tlk1
81091,fdo1
81111,fdi1
81587,fdo1
81607,fdi1
82148,fdo1
82168,fdi1
83417,sl00
83464,thk1
83480,thk22
83577,sl002
83828,sl002
86194,fdo1
86211,s025U
86264,s026
86281,fdi1
86340,tlk0+-
86401,fdo1
86446,fdi1
86463,s027
86591,tlk0
86742,pas0
86835,pas0
87082,pas0
87163,thk1
87309,pas0
87417,tlk0
87445,thk1
87468,thk2
87487,har0
87517,tlk0
87893,fdo2
87921,fdi2
88211,tlk0
88243,pas0
88260,pas0E
88275,qstc
89023,thk0
89917,tlk0
89956,tlk0
90078,tlk0
90107,tlk0
90240,tlk0
90290,pas0
90307,pas0E
90322,qstc
90730,fdo1
90747,fdo1
90779,s043
90796,fdi2
90868,tlc2+5
90905,fdo1
90922,fdo1J
90957,s044
90974,fdi1
90991,tlb0+5
91014,tlb1+5
91045,s044E
91060,fdo0
91077,fdo0N
91098,s081
91118,fdi0
91143,tla2+5
91166,s081E
91181,s082
91211,iam0+5
91232,iam0
91273,s044
91321,s044E
91336,s045
91370,fdo1
91387,fdo1R
91402,s045
91453,s046
91473,fdi1
91490,yes0+5
91513,tl40+5
91536,s046E
91551,s047
91584,s047E
91599,s048
91616,tl41+5
91654,s048E
91669,s049
91748,tlk0
91780,s042E
91795,s080
91816,kud0
91849,kud0f
91864,tlk0
91896,dis0
91928,dis0f
91943,pas0
91957,kud0f
91972,tlk0
92008,dis0
92027,s042
92052,fdo0
92103,s042
92120,fdi1
92141,fdo2
92158,fdo2R
92173,s049F
92193,fdi1
93290,siz0
93308,siz1
95421,thk1
95448,thk2
95467,tlk0
95490,tlk1
95531,thk1
95567,thk2
95601,tlk0
95624,tlk1
95643,pas0
95714,sij0S+
95727,sij0
95762,thk1S+
95775,thk1
95805,kng0
95838,thk1
95896,ter0
95919,ter1
95962,thk1
95985,thk2S+
96027,fdo0
96059,s059
96076,fdi0
96131,omo0
96163,omo1
96189,pas0
96215,s060
96253,kak0
96272,fdo1
96294,qstc
96311,fdi0
96636,pas0
96785,tlk0
96804,tlk1
96832,fdo0
96849,fdo085
96869,s030
96898,fdi0
96919,tlk0
96938,tlk1
96957,fdo0
96974,fdo0
96994,fdi0
97031,tlk0
97050,tlk1
97089,tlk0
97108,tlk1
97147,tlk0
97225,tlk0
97244,tlk1
97270,thk1
97293,thk2
97323,tlk0
97342,tlk1
97372,tlk0
97391,tlk1
97421,fdo0
97438,fdo0F
97458,s013
97487,fdi0
97508,kak0
97527,kak1
97545,fdo0
97562,fdo0
97582,fdi0
97724,omo0
97887,thk2
98099,kak0
98113,kak0
98129,kak1
98143,kak1
98159,kng0
98173,kng0
98189,kng1
98203,kng1
98219,tlk0
98233,tlk0
98249,tlk1
98263,tlk1
98279,thk1
98293,thk1
98309,thk2
98323,thk2
98339,pas0
98353,pas0
98369,sij0
98383,sij0
98399,tef0
98413,tef0
98429,omo0
98443,omo0
98459,omo1
98473,omo1
98489,ter0
98503,ter0
98519,ter1
98533,ter1
98549,wra0
98563,wra0
98579,wra1
98593,wra1
98609,tlb0
98623,tlb0
98639,tlb1
98653,tlb1
98730,pas0
98753,qstc
98801,tlk0
98825,tlk0
98844,tlk1
99023,sij0
99060,fdo1
99077,fdo1F
99156,fdi1
99173,s024
99229,s024E
99244,s025
99273,tlk0
99304,tlk1R
99319,s025E
99334,s038
99378,tlb0R
99393,s038E
99408,s050
99447,tlk0
99469,s050E
99484,s027
99509,omo0
99527,omo1
99554,kak0
99579,kak1R
99594,s027E
99609,s048
99651,s048E
99666,s049
99683,thk1
99708,s049E
99723,s026
99762,thk2
99790,tlk0
99813,omo0'
99852,s026E
99867,s028
99890,omo1S+
99903,omo1
99928,tlk0
99947,tlk1
99996,kak0
100033,kak1
100057,s028E
100072,s029
100099,pas0
100142,ter0
100179,s029E
100194,s039
100267,ter1R
100282,s039E
100297,s040
100330,kak0
100367,kak1R
100382,s040E
100397,s039
100461,s039E
100476,s051
100521,tlk0
100589,s051E
100604,s030
100630,ter0
100659,tlk0
100682,fdo1
100699,fdo1R
100714,s030F
100731,fdi2
100756,fdo1
100773,fdo1F
100865,s100
100882,fdi1
100934,s101
101063,den0
101104,s102
101163,s102
101186,s110
101214,s112
101242,s112
101270,s111
101290,s103
101331,tlb0
101353,tlb1
101379,s110
101405,s112
101431,s112
101457,s111
101490,s104
101510,sij0
101532,tlb0
101554,tlb1
101572,s104
101595,s113
101623,s115
101651,s115
101679,s114
101699,s105
101728,sij0
101781,s113
101807,s115
101833,s115
101859,s114
101892,s106
101909,tlb0
101934,tlb1y
101959,s106
101982,s116
102010,s118
102038,s118
102066,s117
102086,s107
102106,tlk0
102128,tef0
102206,s116
102232,s118
102258,s118
102284,s117
102317,s108
102393,s108
102416,s119
102444,s119
102464,s109
102512,tlb1
102608,fdo1
102625,fdo1
102648,s119
102674,s119
102733,fdi2
103697,pas0
103713,pas0
103845,tlk0
104057,tlk0
104095,pas0
104109,pas0
104125,thk1
104139,thk1
104155,thk2
104169,thk2
104185,poi0
104199,poi0
104215,ang0
104253,dis0
104267,dis0
104283,wav0
104297,wav0
104313,tlb0
104327,tlb0
104343,tlb1
104357,tlb1
104382,sha0
104396,sha0
104412,sir0
104426,sir0
104442,sir1
104456,sir1
104472,sha1
104486,sha1
104578,qstcA
104671,qstcA
104896,pas0
106019,tlk0
106091,pas0S-
106104,pas0
106235,kei0S-
106649,kba2
106700,kba2
106808,tlk0
106842,tlk0
106876,tlk0
106910,tlk0
106944,tlk0
106989,tlk0
107044,tlk0+-
107107,yes0+-
107221,thk1+-
107252,thk2+-
107280,tlk0+-
107303,ten0
107357,yes0+-
107385,pas0+-
107416,qstc
107454,tlk0+-
107477,ten0
107523,yes0+-
108304,tla0
108320,tla1S
108333,tla1
108349,tlb0
108365,tlb1S
108378,tlb1
108394,thk1
108410,thk2S
108423,thk2
108523,tlb0
108987,tla0
109001,tla0
109017,tla1
109031,tla1
109047,tlb0
109061,tlb0
109077,tlb1
109091,tlb1
109107,hgs0
109121,hgs0
109137,hgs1
109151,hgs1
109167,ib00
109181,ib00
109197,ib01
109211,ib01
109227,not0
109241,not0
109257,pas0
109271,pas0
109287,thk1
109301,thk1
109317,thk2
109331,thk2
110479,fdo0
110496,fdo0F
110523,s093
110540,fdi0
110569,thk1
110586,thk1f
110601,thk2
110620,tlk0R
110635,s093E
110650,s094
110692,unz0
110726,tlk0
110765,tlk0
110792,fdo1
110809,fdo1F
110826,qstc
110843,fdi1
111356,thk1
111375,thk2
111447,tlk0
111461,tlk0
111477,tlk1
111491,tlk1
111507,pas0
111521,pas0
111537,tlb0
111551,tlb0
111567,tlb1
111581,tlb1
111597,thk0
111611,thk0
111627,thk1
111641,thk1
111657,thk2
111671,thk2
111687,wav0
111701,wav0
111717,dis0
111731,dis0
111747,kas0
111761,kas0
111777,at00
111791,at00
111807,btl0
111821,btl0
111837,utl0
111851,utl0
111867,utl1
111881,utl1
111897,ntl0
111911,ntl0
111927,ntl1
111941,ntl1
111957,ngt0
111971,ngt0
111987,ngt1
112001,ngt1
112017,aig0
112031,aig0
112047,aig1
112061,aig1
112077,aig0S
112090,aig0f
112105,aig1S
112118,aig1
112134,unz0
112148,unz0
112164,dk00
112178,dk00
112194,dk01
112208,dk01
112224,dku0
112238,dku0
112398,fdo0
112415,fdo08
112433,s028
112492,fdi1
112521,s028E
112536,s029
112583,thk1
112688,thk2R
112703,s029E
112718,s030
112754,tlk0
112773,tlk1E
112788,fdo1
112805,fdo1R
112820,s030F
112837,fdi1
112872,dis0
112894,unz0
114296,pas0
114460,twa0
114490,tlk0
114511,opfU
114524,thk1
114573,tlk0
114587,tlk0
114603,tlk1
114617,tlk1
114633,pas0
114647,pas0
114663,thk1
114677,thk1
114693,thk2
114707,thk2
115485,tlk0
115512,ten0
115547,tlk0
115601,tlk0
115624,ten0
115674,tlk0
115697,ten0
115727,tlk0
115758,ten0
115793,tlk0
115812,ten0
115842,tlk0
115861,ten0
115891,tlk0
115918,ten0
115953,tlk0
115980,ten0
116010,tlk0
116033,ten0
116063,tlk0
116082,ten0
116112,tlk0
116131,ten0
116161,tlk0
116184,ten0
116214,tlk0
116237,ten0
116267,tlk0
116286,ten0
116316,tlk0
116335,ten0
116365,tlk0
116384,ten0
116414,tlk0
116433,ten0
116463,tlk0
116486,ten0
116516,tlk0
116543,ten0
116638,tlk0
116661,ten0
116680,tlk1
116707,ten1
116729,qstc
116760,qstc
116796,qstc
116851,s048
116887,tlk0
116910,ten0
116929,ovl1
116946,s049
116963,tlk1
116990,ten1
117015,s049
117038,qstc
117069,s048
117113,s052EO
117128,qstc
117150,s050
117243,tlk0+
117266,s050ET
117281,s051
117298,ten0+
117321,tlk1+
117357,ten0S
117370,ten0'
117412,s052
117450,s048
117512,s053
117611,s053ET
117626,s054
117643,tlk1+
117666,ten1+
117689,kak0++
117712,s054ET
117727,s055
117752,kak1++
117775,tlk0++
117820,ter0++
117843,ter1
117861,qstc
117885,fdo1
117902,fdo1
117918,fdi1
117936,fdo0
117953,fdo0
117969,fdi0
119198,rou0
119850,itl0
119904,itl0
120051,tla0
120065,tla0
120081,tla1
120095,tla1
120111,tlb0
120125,tlb0
120141,tlb1
120155,tlb1
120171,tlc0
120185,tlc0
120201,thk1
120215,thk1
120231,thk2
120245,thk2
120261,wav0
120275,wav0
120291,pas0
120305,pas0
120321,ikr0
120335,ikr0
120351,ikr1
120365,ikr1
120381,itl0
120395,itl0
120411,itl1
120425,itl1
120447,kou0
120461,kou0
120483,kou1
120497,kou1
120513,lau0
120527,lau0
120543,lau1
120557,lau1
120573,oti0
120587,oti0
120603,oti1
120617,oti1
120633,rou0
120647,rou0
120663,rou1
120677,rou1
120693,sit0
120707,sit0
120723,sit1
120737,sit1
120753,utu0
120767,utu0
120783,utu1
120797,utu1
121500,tlk0
121514,tlk0
121530,tlk1
121544,tlk1
121560,sha0
121574,sha0
121590,sha1
121604,sha1
121620,sir0
121634,sir0
121650,sir1
121664,sir1
121766,tlk0
121799,tlk0
121973,tlk0
122009,pas0
122026,pas0E
122041,qstc
122213,tlk0
122243,tlk0
122296,tlk0
122329,pas0
122346,pas0E
122361,qstc
122395,tlk0
122427,tha1
122450,tha2
122553,tlk0
122596,tlk0
122712,tlk0
122748,pas0
122767,qstc
122869,tlk0
122978,tlk0
123018,tlk0
123063,pas0
123080,pas0E
123095,qstc
124145,tlk0
124273,tlk0
124328,pas0
124382,ngt0
125113,fdo1
125153,s066
125170,fdi1
125202,tlb0y
125235,ev00'
125275,ib01U
125290,s066+.
125349,s067
125389,tlk0++
125412,tlk1'
125437,s068
125560,tlk0++
125604,fdo2
125624,s069
125641,fdi2
125717,tlk0++
125740,s069E
125755,s070
125780,tlk1'
125843,tla0y
125876,tla1f
125891,tlk0+
125941,s070E
125956,s071
125976,omo0++
126015,omo1++
126067,not0
126098,wra0
126116,ovl2
126133,s071E
126148,s072
126173,fdo2
126201,s072F
126218,fdi2
126235,qstc
126581,fdo0
126603,s073
126630,fdi0
126674,s074
126727,jya0
126841,fdo1
126861,s074F
126878,fdi1
126898,fdo0
126930,s073
126947,fdi0
126985,s074
127044,tlc0+2
127126,s075
127170,s076
127223,tlb0+2
127246,tlb1
127297,tlc0+2
127331,tlc0+2
127355,tlc0
127380,s076E
127395,s077
127434,thk1+2
127465,thk2+2
127486,thk2
127521,s077E
127536,s092
127556,utu0+2
127582,utu1
127605,ikr0+2
127667,fdo1
127687,s092F
127704,fdi1
127735,fdo0
127767,s073
127784,fdi0
127822,s074
127881,tlc0+2
127963,s075
128002,s076
128047,tlb0+2
128070,tlb1
128097,ovl1
128129,s050
128154,tla0+2
128185,tla1+2
128208,ovl1
128240,s051
128286,thk1+2
128324,s052
128349,thk2+2
128387,s053
128404,tla0+2
128427,tla1+2
128450,wav0+2
128473,fdo1
128495,fdi1
128689,tlk0
128740,tlk0
130783,qstc
132589,qstc
145875,qstc
147681,qstc
160298,eton
160827,fdo1
161006,eton
161535,fdo1
161706,tlb1
161724,kam0Su
161737,kam0
161753,nuk0
168518,fdo1
168535,fdo18
168774,z000
168796,fdi1
168813,fdi1U
168828,z000+
168882,z001
168899,z001
168951,z002
169012,z002+
169049,z003
169093,z003K
169118,z004
169135,z004ov
169255,z005
169272,z005ov.
169355,z005
169372,z005ov.
169428,z006
169445,z006
169559,z007
169594,z007
169668,z008
169710,z008E
169725,z009
169793,z009
169811,s000
169886,s000E
169901,y000
169939,y000E
169954,y001
170015,y001ov
170068,y002
170085,y002ov.
170129,y003
170183,y003
170226,y004
170315,y00b
170349,y00bE
170364,y006
170381,y006+
170440,x000
170457,x000+
170480,y008
170497,y008'
170542,y007
170559,y007
170577,s001
170594,s001+
170628,y005
170668,y005+
170698,y009
170766,y00a
170783,y00a
170801,s002
170853,x001
170888,x001+
170929,x002
170992,x002
171015,x003
171127,x003
171145,s003
171240,x004
171257,x004
171269,kidl0
171379,x005
171420,x005'
171465,x006
171581,x007
171642,x007E
171657,fdo2
171674,fdo2#5y
171740,fdi2
175144,tlk1
175163,ten1S
175176,ten1
175192,tlk0
175211,ten0S
175224,ten0
175240,thk1S
175253,thk1
175269,thk2S
175282,thk2
175572,tlk0
175591,tlk1S
175604,tlk1
175620,tlk0
175639,tlk1S
175652,tlk1
175668,ara0
175687,ara1S
175700,ara1
175936,tlk0S
175949,tlk0
175965,tlk1S
175978,tlk1
175994,thk1S
176007,thk1
176023,thk2S
176036,thk2
176052,ohh0
176076,ohh0
176092,shk0S
176105,shk0
176121,dis0S
176134,dis0
176150,iro0S
176163,iro0
176179,ehn0S
176308,tlk0S
176321,tlk0
176337,tlk1S
176350,tlk1
176366,thk1S
176379,thk1
176395,thk2S
176408,thk2
176424,kbk0S
176437,kbk0
176453,kbk1S
176466,kbk1
176482,dis0S
176495,thk1
177782,cl01
177799,fdi2
177850,fdi2
177922,fdi2
177966,cl01
178028,dg01
178045,fdi2
178096,fdi2
178168,fdi2
178212,dg01
178291,fdi2
178342,fdi2
178414,fdi2
178537,fdi2
178588,fdi2
178660,fdi2
178783,fdi2
178834,fdi2
178906,fdi2
179029,fdi2
179080,fdi2
179152,fdi2
179258,sy01
179275,fdi2
179326,fdi2
179398,fdi2
179442,sy01
179504,ln01
179521,fdi2
179572,fdi2
179644,fdi2
179688,ln01
179767,fdi2
179818,fdi2
179890,fdi2
180022,fdi2
180073,fdi2
180145,fdi2
180251,st01
180268,fdi2
180319,fdi2
180391,fdi2
180435,st01
180497,bo01
180514,fdi2
180565,fdi2
180637,fdi2
180681,bo01
180749,sh01
180766,fdi2
180817,fdi2
180889,fdi2
180933,sh01
180995,in01
181012,fdi2
181063,fdi2
181135,fdi2
181179,in01
181228,fdi2
181245,qstc
181263,fdi0
181280,fdi0
181296,fdo0
181313,fdo0
181329,fdi1
181346,fdi1
181362,fdo1
181379,fdo1
181395,whi1
181412,whi1
181428,who1
181445,who1
181461,who2
181478,who2
181494,who3
181511,who3
181527,main
181547,fdo1
181564,fdo1
181580,fdi1
181597,main
181617,fdi1
181633,blon
181650,blon
181668,whi0
181685,whi0
181701,who0
181718,who0
181734,efon
181751,efon
181767,fdis
181785,fdos
181802,fdos
181818,fdif
181836,fdof
181853,fdof
181869,fdip
181887,fdop
181904,fdop
182040,main
182067,stop
182206,main
182233,stop
182370,main
182397,stop
182534,main
182561,stop
182696,main
182723,stop
182860,main
182887,stop
183026,main
183053,stop
183188,main
183215,stop
183354,main
183381,stop
183518,main
183545,stop
183682,main
183709,stop
183844,main
183871,stop
184008,main
184035,stop
184172,main
184199,stop
184806,tla0
184824,tla1
185618,ek01
185914,tlk0
189762,fdo1
189900,s000
189917,fdi1
189986,s000E
190001,ovl1
190018,s001
190043,s001E
190058,s002
190146,s002E
190161,s004
190227,s004E
190242,s003
190287,s003
190310,s011
190338,s011
190358,s005
190408,s011
190434,s011
190488,s006
190526,s006
190549,s013
190577,s013
190597,s007
190651,s013
190677,s013
190695,s007E
190710,ovl1
190727,s008
190760,s008
190783,s014
190811,s012
190839,s012
190867,s014
190887,s009
190943,s014
190969,s012
190995,s012
191021,s014
191039,s009E
191054,s010
191174,fdo1
191215,fdi1
191241,fdo1
191354,s006
191382,s006
191402,s004
191419,fdi1
191525,s006
191551,s006
191569,s004E
191584,ovl1
191601,s005
191662,fdo1
191682,s005N
191710,fdi1
191736,fdo1
191833,s005
191850,fdi1
191897,s005
191920,s006
191948,s006
191968,s004
192045,s006
192071,s006
192125,ovl1
192142,s005
192186,fdo1
192206,s005N
192234,fdi1
192260,fdo1
192363,s005
192380,fdi1
192433,s007
192506,s008
192593,s005
192645,fdo1
192665,s005N
192693,fdi1
192724,fdo1
192835,s006
192863,s006
192883,s004
192900,fdi1
192947,fdo1
192975,s006
193001,s006
193097,s009
193114,fdi1
193187,s010
193234,s010
193257,s019
193285,s017
193313,s017
193341,s019
193361,s011
193449,s019
193475,s017
193501,s017
193527,s019
193560,s012
193707,s013
193801,s013
193824,s018
193852,s018
193872,s014
193991,fdo1
194019,s018
194045,s018
194063,s014++
195264,s015
195281,fdi1
195321,s016
195389,fdo1
195409,qstc
195447,fdi1
196917,fdo1
197014,s006
197031,fdi1
197064,s006
197087,s013
197115,s013
197135,s007
197194,s013
197220,s013
197238,s007E
197253,ovl1
197270,s008
197314,s008
197337,s014
197365,s012
197393,s012
197421,s014
197441,s009
197516,s014
197542,s012
197568,s012
197594,s014
197612,s009E
197627,ovl1
197644,s010
197677,fdo1
197697,s010N
197725,fdi1
197754,fdo1
197880,s003
197897,fdi1
197930,s003E
197945,ovl1
197962,s006
198038,fdo1
198094,fdi1
198148,fdo1
198261,s011
198289,s011
198309,s005
198345,fdi1
198386,s011
198412,s011
198430,s005E
198445,s006
198502,s006
198525,s013
198553,s013
198573,s007
198632,s013
198658,s013
198706,ovl1
198723,s108
198761,fdo1
198781,s008Ec
198796,qstc
198834,fdi1
198865,fdo1
199018,s069
199035,fdi1
199081,s069E
199096,s070
199179,s070E
199194,s071
199285,s071E
199300,s072
199347,s072E
199362,s073
199454,s073E
199469,s074
199557,s074E
199572,s075
199636,s075E
199651,s076
199711,s076E
199726,ovl1
199743,s077
199813,s077E
199828,s078
199883,s078E
199898,s079
199955,s079E
199970,s080
200018,s080E
200033,s078
200079,s078E
200094,s081
200163,s081E
200178,s072
200262,s072E
200277,s082
200334,fdo1
200390,fdi1
200419,s132
200436,tlk0+-
200467,s132E
200482,s133
200512,fdo1
200529,fdo1R
200575,fdi2
200607,s132
200624,tlk0+-
200647,s132E
200662,s133
200697,ten0
200720,dis0+-
200746,yes0+-
200774,fdo1
200791,fdo1R
200806,s133Ec
200821,qstc
200854,fdi2
200879,fdo1
200896,fdo1F
201027,s002
201055,s002
201083,s007
201103,s104
201123,fdi1
201162,thk2
201188,s002
201214,s002
201240,s007
201258,s104E
201273,s105
201298,s105
201326,s218
201354,s218
201374,s106
201403,tlk0+-
201426,ten0'
201459,s218
201485,s218
201503,s106E
201518,s107
201543,yes0+-
201566,s107
201589,s003
201617,s003
201645,s010
201665,s108
201682,tlk0+-
201716,ten0+-
201747,s003
201773,s003
201799,s010
201817,s108
201848,s219
201876,s219
201896,s109
201913,thk1+-
201936,thk2
201962,s219
201988,s219
202006,s109
202024,s110
202041,dis0+-
202064,s110
202091,s111
202108,tlk0+-
202139,ten0R
202154,s111
202189,s008
202217,s003
202245,s003
202273,s008
202293,s112
202310,tlb0+-
202341,tlb1
202367,s008
202393,s003
202419,s003
202445,s008
202463,s112
202490,s113
202515,s113
202550,s004
202578,s004
202598,s114
202615,tlk1+-
202646,ten1
202669,s004
202695,s004
202713,s114
202749,s005
202777,s005
202797,s115
202822,dis0+-
202853,s005
202879,s005
202897,s115E
202912,s116
202929,tlk1+-
202960,ten1
202978,s116E
202993,s117
203010,tlk0+-
203041,ten0R
203056,s117
203079,s009
203099,s118
203116,star
203136,stop
203156,who1
203173,who1
203196,s009
203214,s118
203298,s119
203318,whi1
203335,main
203355,s119E
203370,s120
203395,s120E
203410,s121
203427,yes0+
203450,s121E
203465,s122
203519,s122E
203534,s123
203564,s123E
203579,s124
203611,s124E
203626,s125
203643,yes0+-
203666,s125E
203681,s126
203729,tlk1+-
203752,ten1y
203777,s126E
203792,s127
203809,tlk1+
203858,thk1+-
203881,s127E
203896,s128
203925,tlk0+
203948,ten1
203969,thk2
203987,s128E
204002,s129
204036,s129E
204051,s130
204068,poi0+-
204093,main
204114,s130
204137,s006
204165,s006
204185,s131
204214,pas0+-
204245,s006
204271,s006
204289,s131
204340,tlk0
204489,fdo1
204506,fdo18
204605,s024
204622,fdi1
204676,s024E
204691,s025
204739,s025E
204754,s026
204817,s026E
204832,s028
204911,s028
204937,s029
204962,s029fV
204977,tlb1
205009,thk1E
205024,s032
205057,thk2
205075,s032
205107,s030
205155,thk2R
205170,s030
205202,s031
205222,tlk0
205256,tlk1R
205271,s031E
205286,s025
205343,s035
205360,ngt0
205394,ngt1
205441,s037
205458,thk1
205490,thk1fS
205505,thk2R
205520,s037E
205535,s042
205575,utl1
205622,s036
205652,thk1fT
205688,thk2fS
205726,tlk1
205786,s039
205814,s038
205842,s038
205870,s039
205890,s040
205938,tlb1
205971,s039
205997,s038
206023,s038
206049,s039
206089,s028
206119,thk1fT
206155,thk2fT
206191,ngt0fT
206219,ngt1
206244,s028E
206259,s027
206284,s027E
206299,s025
206347,s025E
206362,s033
206379,star
206399,stop
206419,who1
206436,who1R
206451,s033
206535,main
206552,s034
206569,whi1
206622,s034E
206637,s041
206742,s041Ec
206757,qstc
206785,s028E
206800,s027
206855,s027
206878,fdo1
206895,fdo1
206969,fdi2
207027,tlk0
207088,fdo1
207105,fdo1F
207162,kidl0
207253,s198
207273,fdi1
207290,tlk0
207333,s198E#
207348,s197
207364,kidl0
207396,ksk0
207414,s197E#
207429,s078
207460,s078E#
207475,s079
207501,tla0+.
207532,s079
207560,s199
207588,s199
207608,s080
207630,tla1S.
207643,tla1+.
207700,s199
207713,IFR#
207726,s199
207731,XFR#
207744,s080
207754,tFE#
207767,s208
207795,s201
207823,s201
207851,s208
207871,s082
207888,tla0+.
207919,tla1S.
207932,tla1
207955,s208
207968,HGR#
207981,s201
207994,bGR#
208007,s201
208033,s208
208051,s082
208083,s084
208100,tlb0+.
208144,tlb1+.
208165,tlb1R#
208180,s084
208203,s209
208218,DHE#
208231,s202
208259,s202
208287,s209
208307,s083
208324,not0+.
208345,not0
208368,s209
208394,s202
208420,s202
208446,s209
208464,s083
208478,cJE#
208491,s085
208516,nay0S.
208544,nay1+.
208573,nay1R#
208588,s085
208611,s200
208639,s200
208659,s086
208676,nay2+.
208697,nay2y
208735,s200
208748,TJR#
208761,s200
208766,cJR#
208801,s087
208823,thk1+.
208844,thk1y
208869,thk2+.
208890,thk2
208940,s088
208968,s205
208983,AKE#
208996,s205
209024,s088
209031,nKE#
209044,s211
209069,hgs0
209092,s088
209118,s205
209144,s205
209170,s088
209188,s211E#
209203,s089
209241,hgs1+.
209262,hgs1
209282,s089
209292,vLE#
209305,s203
209333,s203
209353,s090
209375,thk1S.
209388,thk1+.
209427,s203
209453,s203
209471,s090E#
209486,s091
209516,s091E#
209531,s204
209548,star
209571,kba0
209586,stop
209606,who1
209623,who1R#
209707,thk2
209722,main
209739,s092
209756,whi1
209780,thk2J.
209804,kamsov
209846,s092
209869,s206
209897,s206
209917,s210
209934,tla0+.
209970,tla1S.
209983,tla1S
209996,kams
210019,s206
210032,XOR#
210045,s206
210050,gOR#
210063,s210
210086,s207
210114,s207
210134,s093
210184,sassy
210239,fdo1
210267,s207
210280,PPR#
210293,s207
210343,qstc
210362,fdi1
210398,s199
210424,s199
210442,s080E#
210457,s081
210474,not0+.
210495,not0
210515,fdo1
210569,fdi1
210613,fdo1
210739,s124
210767,s124
210787,s001
210807,fdi1
210824,tlk0
210868,s124
210894,s124
210912,s001EF
210927,s002
210944,tlk1+0
210967,s002EF
210982,s003
210999,tlk0+0
211030,s003EF
211045,s004
211078,tlk1RF
211093,s004
211116,s125
211144,s125
211164,s005
211209,s125
211235,s125
211253,s005EF
211268,s006
211313,s006
211323,eTEF
211336,s131
211364,s131
211392,s131
211412,s007
211465,s131
211491,s131
211517,s131
211535,s007
211545,CUEF
211558,s009
211586,s009
211593,pUEF
211606,s008
211639,s008RF
211654,s009EF
211669,s011
211686,tlk0+0
211717,tlk1RF
211732,s011
211755,s131
211783,s131
211811,s126
211839,s126
211854,xVEF
211867,s131
211887,s012
211904,thk1
211930,thk2
211958,s131
211984,s131
212010,s126
212036,s126
212062,s131
212067,HWRF
212080,s012
212112,s013
212137,tlk0+0
212160,tlk1RF
212175,s013
212202,s014
212287,s129
212315,s129
212322,IXEF
212335,s015
212352,tlk0
212362,kX+0
212373,sX+0
212423,s129
212449,s129
212467,s015EF
212482,s016
212507,tlk1RF
212522,s016
212557,s125
212572,FYEF
212585,s125
212592,WYEF
212605,s017
212648,s125
212674,s125
212722,s132
212750,s132
212778,s130
212806,s130
212834,s132
212841,PZEF
212854,s018
212892,tlk0+0
212923,tlk1
212956,s132
212982,s132
213008,s130
213034,s130
213060,s132
213137,s019
213162,s019EF
213177,s020
213194,tlk0+0
213217,tlk1n0
213257,s020
213290,s127
213310,s127
213336,s127
213356,s127
213379,s005
213407,s005
213435,s005
213455,s021
213500,s005
213526,s005
213552,s005
213570,s021
213593,s128
213621,s128
213641,s022
213658,star
213678,stop
213698,who1
213715,who1
213738,s128
213764,s128
213863,main
213880,s023
213897,whi1
213917,s023EF
213932,s024
213949,tlk0+
213972,tlk1n0
214012,fdo1
214032,s024Ec
214047,qstc
214096,fdi1
214124,s008RF
214139,s009EF
214154,s010
214201,fdo1
214221,s010N
214263,fdi1
214524,tlk0
214538,tlk0
214554,dis0
214568,dis0
214584,pas0
214598,pas0
214614,tld0
214628,tld0
214644,tld1
214658,tld1
214674,tlk1
214688,tlk1
214704,ten0
214718,ten0
214734,ten1
214748,ten1
214773,thk1
214787,thk1
214803,thk2
214817,thk2
214833,tlb0
214847,tlb0
214863,tlb1
214877,tlb1
214893,sdo0
214907,sdo0
214923,sdo1
214937,sdo1
214953,sdo0S
214966,sdo0f
214981,sdo1S
214994,sdo1
215010,koti
215024,koti
215040,akir
215054,akir
215070,saki
215084,saki
215100,sji0
215114,sji0
215130,sji1
215144,sji1
215556,tlk0
215570,tlk0
215586,tlk1
215600,tlk1
215616,pas0
215630,pas0
215646,tlb0
215660,tlb0
215676,tlb1
215690,tlb1
215706,thk0
215720,thk0
215736,thk1
215750,thk1
215766,thk2
215780,thk2
215796,wav0
215810,wav0
215826,dis0
215840,dis0
215856,kas0
215870,kas0
215886,at00
215900,at00
215916,btl0
215930,btl0
215946,utl0
215960,utl0
215976,utl1
215990,utl1
216006,ntl0
216020,ntl0
216036,ntl1
216050,ntl1
216066,ngt0
216080,ngt0
216096,ngt1
216110,ngt1
216126,aig0
216140,aig0
216156,aig1
216170,aig1
216186,aig0S
216199,aig0f
216214,aig1S
216227,aig1
216243,unz0
216257,unz0
216273,dk00
216287,dk00
216303,dk01
216317,dk01
216333,dku0
216347,dku0
216596,s006
216611,tlk0
216625,tlk0
216639,tlk1
216653,tlk1
216669,s008
216684,gak0
216698,gak0
216712,gak1
216726,gak1
216742,s009
216757,job0
216771,job0
216785,job1
216799,job1
216815,s005
216830,hap0
216844,hap0
216858,hap1
216872,hap1
216886,new0
216900,new0
216914,new1
216928,new1
216944,s007
216959,exp0
216973,exp0
216987,exp1
217001,exp1
217213,kas0
217418,fdo1
217435,fdo1F
217505,s079
217525,fdi1
217542,fdi1J
217577,tlk0R
217592,s079E
217607,s080
217637,fdo1
217654,fdo1R
217669,s080kidl0
217693,thk1S
217706,thk1E
217721,s081
217741,fdi1
217758,fdi1+
217781,s081E
217796,s082
217813,thk2
217856,s082E
217871,s083
217888,tlk0+
217911,tlk1R
217926,s083E
217941,s084
217966,s084E
217981,s085
217998,tlk0
218039,s085E
218054,s086
218071,tlk1+
218094,fdo1
218111,fdo1R
218126,s086F
218143,fdi2
218174,tlk0
218207,tlk1+
218233,fdo1
218250,fdo1F
218332,s087
218352,fdi1
218369,fdi1n
218404,s087E
218419,s088
218436,tlk0+
218459,fdo1
218476,fdo1R
218491,s088F
218508,fdi2
218550,fdo1
218567,fdo1F
218649,s089
218669,fdi1
218686,fdi1f
218701,tlk0
218737,s089E
218752,s090
218777,fdo1
218794,fdo1R
218809,s090F
218826,fdi2
219004,main
219408,ha00
219436,kng0++
219467,kng1S+
219480,kng1
219498,tlb0++
219521,tlb1S+
219534,tlb1R
219549,ha00E
219564,ha01
219587,kak0++
219618,ha01E
219633,ha02
219656,kak1S+
219669,kak1++
219692,tlk0++
219723,tlk1S+
219736,tlk1++
219759,ha02E
219774,ha03
219812,ha034
219972,nin0E
219987,hb00
220007,hb00E
220022,hb01
220073,hb01E
220088,hb02
220105,rei0
220131,rei1S
220144,rei1+
220180,ek00S
220193,ek00
220220,hb02E
220235,hb03
220263,hb03E
220278,hb04
220303,hb04E
220318,hb05
220362,hb05E
220377,hb06
220402,hb06E
220417,hba6
220442,hba6E
220457,hb07
220498,hb07E
220513,hb08
220549,hb08kidl0
220579,hb09
220599,hou0S
220612,hou0y
220674,hb07E
220689,hbc0
220720,hbc0E
220735,hbc1
220783,hbc1E
220798,hbc2
220834,hbc2kidl0
220864,hb09
220884,hou0S
220897,hou0y
220941,hb09E
220956,hb10
220973,hou1S
220986,hou1y
221035,hb10E
221050,hb11
221079,kak0++
221102,kak1U
221117,hb11E
221132,hb12
221157,hb12E
221172,hb13
221189,bye0S
221232,hb13E
221247,hb14
221312,hb145.
221356,fdi2
221429,gom0
221445,fdi0
221462,fdi0
221478,fdo0
221495,fdo0
221511,fdi1
221528,fdi1
221544,fdo1
221561,fdo1
221577,whi1
221594,whi1
221610,who1
221627,who1
221643,who2
221660,who2
221676,who3
221693,who3
221709,main
221729,fdo1
221746,fdo1
221762,fdi1
221779,main
221799,fdi1
221815,blon
221832,blon
221850,whi0
221867,whi0
221883,who0
221900,who0
221916,efon
221933,efon
221949,fdis
221967,fdos
221984,fdos
222000,fdif
222018,fdof
222035,fdof
222051,fdip
222069,fdop
222086,fdop
232811,fdo1
232954,s030
232974,fdi1
233002,s030E
233017,s031
233127,who1
233144,who1N
233213,whi1
233233,s031E
233248,s041
233297,s041E
233312,s043
233348,tlk0+
233371,tlk1+
233404,s043E
233419,s044
233455,har0+
233549,whi1
233569,s031E
233584,s041
233633,s041E
233648,s043
233684,tlk0+
233707,tlk1K
233732,s043E
233747,s044
233783,har0+
233885,whi1
233905,s031E
233920,s041
233969,s041E
233984,s043
234020,tlk0+
234043,tlk1+
234076,s043E
234091,s044
234127,har0+
234221,whi1
234241,s031E
234256,s041
234305,s041E
234320,s043
234356,tlk0+
234379,tlk1K
234404,s043E
234419,s044
234455,har0+
234557,whi1
234577,s031E
234592,s041
234641,s041E
234656,s043
234692,tlk0+
234715,tlk1+
234748,s043E
234763,s044
234799,har0+
234893,whi1
234913,s031E
234928,s041
234977,s041E
234992,s043
235028,tlk0+
235051,tlk1K
235076,s043E
235091,s044
235127,har0+
235229,whi1
235249,s031E
235264,s041
235313,s041E
235328,s043
235364,tlk0+
235387,tlk1K
235412,s043E
235427,s044
235463,har0+
235565,whi1
235585,s031E
235600,s041
235649,s041E
235664,s043
235700,tlk0+
235723,tlk1+
235756,s043E
235771,s044
235807,har0+
235864,who1
235881,who1N
235950,whi1
235970,s031E
235985,s041
236024,s041E
236039,s043
236075,tlk0+
236106,tlk1R
236121,s043E
236136,s044
236181,tlk0+
236204,tlk1'
236287,whi1
236307,s031E
236322,s041
236361,s041E
236376,s043
236412,tlk0+
236443,tlk1R
236458,s043E
236473,s044
236518,tlk0+
236609,whi1
236629,s031E
236644,s041
236683,s041E
236698,s043
236734,tlk0+
236765,tlk1R
236780,s043E
236795,s044
236840,tlk0+
236863,tlk1'
236946,whi1
236966,s031E
236981,s041
237020,s041E
237035,s043
237071,tlk0+
237102,tlk1R
237117,s043E
237132,s044
237177,tlk0+
237268,whi1
237288,s031E
237303,s041
237342,s041E
237357,s043
237393,tlk0+
237424,tlk1R
237439,s043E
237454,s044
237499,tlk0+
237522,tlk1'
237605,whi1
237625,s031E
237640,s041
237679,s041E
237694,s043
237730,tlk0+
237761,tlk1R
237776,s043E
237791,s044
237836,tlk0+
237927,whi1
237947,s031E
237962,s041
238001,s041E
238016,s043
238052,tlk0+
238083,tlk1R
238098,s043E
238113,s044
238158,tlk0+
238249,whi1
238269,s031E
238284,s041
238323,s041E
238338,s043
238374,tlk0+
238405,tlk1R
238420,s043E
238435,s044
238480,tlk0+
238503,tlk1'
238549,who1
238566,who1N
238627,whi1
238647,s031E
238662,s041
238707,s041E
238722,s043
238766,s043E
238781,s044
238826,har0+
238872,fdo1
238889,fdo1R
239004,s036
239024,fdi1
239366,s030
239386,fdi1
239414,s030
239491,s030
239511,fdi1
239539,s030
239570,s031
239756,s031E
239771,s041
239828,ovl1
239845,s041E
239860,s077
239931,s077
239951,s036
239979,ovl1
239996,s041E
240011,s077
240056,s077E
240071,s078
240103,fdo1
240120,fdo1R
240135,s078N
240156,s036
240176,fdi1
240212,ovl1
240229,s041E
240244,s077
240269,s077E
240284,s038
240363,fdo1
240380,fdo1R
240395,s038+
240476,s031E
240491,s041
240548,ovl1
240565,s041E
240580,s077
240623,s077
240643,s036
240671,ovl1
240688,s041E
240703,s077
240728,s077E
240743,s038
240822,fdo1
240839,fdo1R
240854,s038+
240905,ovl1
240922,s041E
240937,s077
241008,s077E
241023,s036
241088,s034
241122,fdi1
241177,s034E
241192,s064
241256,fdo1
241273,fdo1R
241288,s064
241404,fdo1
241421,fdo1R
241436,s036N
241465,s079
241485,fdi1
241520,s079E
241535,s080
241613,fdo1
241630,fdo1R
241645,s080
241676,s079
241696,fdi1
241731,s079E
241746,s080
241824,s080E
241839,s081
241884,fdo1
241901,fdo1R
241916,s081
241947,s079
241967,fdi1
242020,s079E
242035,s080
242113,fdo1
242130,fdo1R
242145,s080
242197,s031
242335,s031E
242350,s041
242421,s041E
242436,s038
242508,fdo1
242525,fdo1R
242540,s038+
242609,fdo1
242626,fdo1R
242696,fdo1
242713,fdo1R
242773,s041E
242788,s038
242860,fdo1
242877,fdo1R
242892,s038+
242973,s031E
242988,s041
243069,fdo1
243086,fdo1R
243146,s041E
243161,s033
243233,fdo1
243250,fdo1R
243265,s033+
243343,s041E
243358,s033
243430,fdo1
243447,fdo1R
243462,s033+
243550,fdo1
243567,fdo1R
243655,s034
243682,fdi1
243740,s034E
243755,s064
243819,fdo1
243836,fdo1R
243851,s064
243887,s034
243921,fdi1
243979,s034E
243994,s035
244011,aww0
244061,fdo1
244078,fdo1R
244093,s035
244119,s036
244139,fdi1
244249,fdo1
244266,fdo1R
244281,s036N
244310,s079
244330,fdi1
244390,fdo1
244407,fdo1R
244422,s079
244453,s079
244473,fdi1
244530,fdo1
244547,fdo1R
244562,s079
244593,s079
244613,fdi1
244670,fdo1
244687,fdo1R
244702,s079
244775,s011
244842,s011
244868,s011
244935,s011E
244950,s036
245068,fdo1
245085,fdo1R
245100,s036
245137,s012
245164,fdi1
245214,poi0+
245237,tlk0
245255,tlk1+
245278,fdo1
245295,fdo1R
245310,s012N
245361,s012
245388,fdi1
245438,dis0+
245461,poi0+
245484,tlk0
245502,tlk1+
245525,fdo1
245542,fdo1R
245557,s012N
245608,s012
245635,fdi1
245685,ang0+
245708,fdo1
245725,fdo1R
245740,s012N
245785,s011
245840,s011
245866,s011
245921,s011E
245936,s031
246020,s031
246112,s031
246140,fdi1
246182,fdi1
246302,s031E
246317,s022
246394,fdo1
246411,fdo1R
246453,s036
246470,fdi1
246596,fdo1
246613,fdo1R
246628,s036
246651,s023
246671,fdi1
246719,fdo1
246736,fdo1R
246751,s023
246782,s023
246802,fdi1
246857,s023E
246872,s024
246915,fdo1
246932,fdo1R
246947,s024
246978,s023
246998,fdi1
247053,s023E
247068,s024
247114,fdo1
247131,fdo1R
247146,s024
247205,s031E
247220,s038
247276,fdo1
247293,fdo1R
247308,s038+
247387,s031E
247402,s038
247458,fdo1
247475,fdo1R
247490,s038+
247566,s031E
247581,s038
247637,fdo1
247654,fdo1R
247669,s038+
247752,s034
247779,fdi1
247844,s034E
247859,s064
247928,fdo1
247945,fdo1R
247960,s064
247981,s031
248109,s031E
248124,s032
248211,s032E
248226,s033
248319,fdo1
248336,fdo1R
248351,s033+
248463,s032E
248478,s033
248564,fdo1
248581,fdo1R
248596,s033+
248697,s032E
248712,s033
248762,fdo1
248779,fdo1R
248834,s034
248854,fdi1
248948,s034E
248963,s036
249077,s032E
249092,s033
249171,fdo1
249188,fdo1R
249203,s033+
249266,s031E
249281,s037
249339,who1
249356,who1N
249426,whi1
249501,s037E
249516,s032
249579,yub0+
249602,yub1'
249632,s032E
249647,s038
249755,fdo1
249772,fdo1R
249787,s038+
249895,s032E
249910,s038
250018,fdo1
250035,fdo1R
250050,s038+
250106,s032
250178,s032E
250193,s038
250313,fdo1
250330,fdo1R
250345,s038+
250440,fdo1
250457,fdo1R
250527,s036
250547,fdi1
250629,s039
250663,fdi1
250718,s039E
250733,s040
250797,fdo1
250814,fdo1R
250829,s040
250890,s031E
250905,s041
250948,har0+
250982,har0+
251008,s041E
251023,s038
251091,fdo1
251108,fdo1R
251123,s038+
251212,s031E
251227,s041
251324,s041E
251339,s038
251407,fdo1
251424,fdo1R
251439,s038+
251542,s031E
251557,s041
251608,s041E
251623,s038
251688,fdo1
251705,fdo1R
251720,s038+
251795,s041E
251810,s036
251895,s031E
251910,s041
251971,s041E
251986,s036
252035,s041E
252050,s038
252108,fdo1
252125,fdo1R
252140,s038+
252207,s034
252234,fdi1
252292,s034E
252307,s064
252376,fdo1
252393,fdo1R
252408,s064
252480,s034
252514,fdi1
252579,s034E
252594,s035
252611,aww0
252661,fdo1
252678,fdo1R
252693,s035
252812,fdo1
252829,fdo1R
252844,s036N
252892,s020
252919,fdi1
253026,fdo1
253043,fdo1R
253058,s020
253112,s020
253132,fdi1
253196,fdo1
253213,fdo1R
253228,s020
253259,s020
253279,fdi1
253343,fdo1
253360,fdo1R
253375,s020
253406,s020
253426,fdi1
253460,s020E
253475,s034
253539,fdo1
253556,fdo1R
253571,s034
253813,fdi1
253843,fdo1
253860,fdo1F
253979,s045
253999,fdi1
254027,s045E
254042,s046
254152,who1
254169,who1N
254238,whi1
254268,s031E
254283,s047
254337,s047E
254352,s045
254397,tlk0+
254420,tlk1+
254453,s045E
254468,s048
254513,har0+
254604,whi1
254634,s031E
254649,s047
254703,s047E
254718,s045
254763,tlk0+
254786,tlk1+
254819,s045E
254834,s048
254879,har0+
254970,whi1
255000,s031E
255015,s047
255069,s047E
255084,s045
255129,tlk0+
255152,tlk1+
255185,s045E
255200,s048
255245,har0+
255336,whi1
255366,s031E
255381,s047
255435,s047E
255450,s045
255495,tlk0+
255518,tlk1+
255551,s045E
255566,s048
255611,har0+
255702,whi1
255732,s031E
255747,s047
255801,s047E
255816,s045
255861,tlk0+
255884,tlk1+
255917,s045E
255932,s048
255977,har0+
256068,whi1
256098,s031E
256113,s047
256167,s047E
256182,s045
256227,tlk0+
256250,tlk1+
256283,s045E
256298,s048
256343,har0+
256434,whi1
256464,s031E
256479,s047
256533,s047E
256548,s045
256593,tlk0+
256616,tlk1+
256649,s045E
256664,s048
256709,har0+
256800,whi1
256830,s031E
256845,s047
256899,s047E
256914,s045
256959,tlk0+
256982,tlk1+
257015,s045E
257030,s048
257075,har0+
257129,who1
257146,who1N
257215,whi1
257245,s031E
257260,s047
257304,s047E
257319,s045
257364,tlk0+
257395,tlk1
257413,s045E
257428,s048
257552,whi1
257582,s031E
257597,s047
257641,s047E
257656,s045
257701,tlk0+
257732,tlk1
257750,s045E
257765,s048
257889,whi1
257919,s031E
257934,s047
257978,s047E
257993,s045
258038,tlk0+
258069,tlk1
258087,s045E
258102,s048
258226,whi1
258256,s031E
258271,s047
258315,s047E
258330,s045
258375,tlk0+
258406,tlk1
258424,s045E
258439,s048
258563,whi1
258593,s031E
258608,s047
258652,s047E
258667,s045
258712,tlk0+
258743,tlk1
258761,s045E
258776,s048
258900,whi1
258930,s031E
258945,s047
258989,s047E
259004,s045
259049,tlk0+
259080,tlk1
259098,s045E
259113,s048
259237,whi1
259267,s031E
259282,s047
259326,s047E
259341,s045
259386,tlk0+
259417,tlk1
259435,s045E
259450,s048
259574,whi1
259604,s031E
259619,s047
259663,s047E
259678,s045
259723,tlk0+
259754,tlk1
259772,s045E
259787,s048
259874,who1
259891,who1N
259952,whi1
259982,s031E
259997,s047
260041,s047E
260056,s048
260109,har0+
260152,fdo1
260169,fdo1R
260254,s049
260281,fdi1
260610,s045
260630,fdi1
260658,s045
260735,s045
260755,fdi1
260783,s045
260814,s046
261010,s046E
261025,s047
261075,ovl1
261092,s047E
261107,s082
261191,ovl1
261208,s047E
261223,s082
261299,ovl1
261316,s047E
261331,s082
261356,s082E
261371,s048
261439,fdo1
261456,fdo1R
261471,s048+
261556,s046E
261571,s047
261621,ovl1
261638,s047E
261653,s082
261709,ovl1
261726,s047E
261741,s082
261766,s082E
261781,s048
261849,fdo1
261866,fdo1R
261881,s048+
261926,ovl1
261943,s047E
261958,s082
262066,s082E
262081,s049
262125,s049E
262140,s051
262236,fdo1
262253,fdo1R
262268,s051N
262297,s083
262317,fdi1
262352,s083E
262367,s084
262445,fdo1
262462,fdo1R
262477,s084
262508,s083
262528,fdi1
262563,s083E
262578,s084
262656,s084E
262671,s085
262716,fdo1
262733,fdo1R
262748,s085
262779,s083
262799,fdi1
262852,s083E
262867,s084
262945,fdo1
262962,fdo1R
262977,s084
263029,s046
263177,s046E
263192,s047
263256,s047E
263271,s048
263411,s047E
263426,s048
263540,s046E
263555,s047
263650,s047E
263665,s048
263723,s047E
263738,s048
263846,fdo1
263863,fdo1R
263878,s048+
263948,s049
263968,fdi1
264037,s049E
264052,s052
264121,fdo1
264138,fdo1R
264153,s052
264192,fdo1
264209,fdo1R
264224,s048+
264285,s049
264305,fdi1
264356,s049E
264371,s050
264388,aww0
264443,fdo1
264460,fdo1R
264475,s050
264528,s047E
264543,s049
264587,s049E
264602,s051
264698,fdo1
264715,fdo1R
264730,s051N
264759,s083
264779,fdi1
264839,fdo1
264856,fdo1R
264871,s083
264902,s083
264922,fdi1
264979,fdo1
264996,fdo1R
265011,s083
265042,s083
265062,fdi1
265119,fdo1
265136,fdo1R
265151,s083
265224,s013
265302,s013
265396,s013E
265411,s049
265467,s049E
265482,s051
265583,fdo1
265600,fdo1R
265615,s051
265645,s014
265672,fdi1
265718,poi0+
265741,tlk0
265759,tlk1+
265782,fdo1
265799,fdo1R
265814,s014N
265858,s014
265885,fdi1
265931,dis0+
265954,poi0+
265977,tlk0
265995,tlk1+
266018,fdo1
266035,fdo1R
266050,s014N
266094,s014
266121,fdi1
266167,ang0+
266190,fdo1
266207,fdo1R
266222,s014N
266267,s013
266319,s013
266345,s013
266397,s013E
266412,s046
266496,s046
266588,s046
266616,fdi1
266658,fdi1
266778,s046E
266793,s026
266870,fdo1
266887,fdo1R
266936,s049
266970,fdi1
267020,s049E
267035,s051
267141,fdo1
267158,fdo1R
267173,s051
267196,s027
267216,fdi1
267264,fdo1
267281,fdo1R
267296,s027
267327,s027
267347,fdi1
267402,s027E
267417,s028
267460,fdo1
267477,fdo1R
267492,s028
267523,s027
267543,fdi1
267598,s027E
267613,s028
267659,fdo1
267676,fdo1R
267691,s028
267748,s046E
267763,s048
267832,fdo1
267849,fdo1R
267864,s048+
267943,s046E
267958,s048
268027,fdo1
268044,fdo1R
268059,s048+
268135,s046E
268150,s048
268219,fdo1
268236,fdo1R
268251,s048+
268297,s046
268413,s046E
268428,s047
268527,s047E
268542,s048
268631,fdo1
268648,fdo1R
268663,s048+
268772,s047E
268787,s048
268845,fdo1
268862,fdo1R
268877,s048+
269011,fdo1
269028,fdo1R
269083,s049
269117,fdi1
269230,s047E
269245,s048
269340,fdo1
269357,fdo1R
269482,who1
269499,who1N
269569,whi1
269609,dis0+
269671,s046E
269686,s047
269743,yub0+
269766,yub1'
269796,s047E
269811,s048
269929,fdo1
269946,fdo1R
269961,s048+
270094,s047E
270109,s048
270197,fdo1
270214,fdo1R
270229,s048+
270377,s047E
270392,s048
270495,fdo1
270512,fdo1R
270527,s048+
270635,fdo1
270652,fdo1R
270667,s047N
270734,s049
270754,fdi1
270847,s046E
270862,s047
270898,har0+
270932,har0+
270958,s047E
270973,s048
271041,fdo1
271058,fdo1R
271073,s048+
271169,s046E
271184,s047
271274,s047E
271289,s048
271357,fdo1
271374,fdo1R
271389,s048+
271493,s046E
271508,s047
271552,s047E
271567,s048
271635,fdo1
271652,fdo1R
271667,s048+
271760,s047E
271775,s049
271889,s046E
271904,s047
271982,s047E
271997,s049
272068,s047E
272083,s048
272151,fdo1
272168,fdo1R
272183,s048+
272287,s049
272307,fdi1
272361,s049E
272376,s050
272393,aww0
272443,fdo1
272460,fdo1R
272475,s050
272549,s049
272569,fdi1
272641,s049E
272656,s052
272720,fdo1
272737,fdo1R
272752,s052
272802,s049E
272817,s051
272918,fdo1
272935,fdo1R
272950,s051
272986,s021
273013,fdi1
273120,fdo1
273137,fdo1R
273152,s021
273206,s021
273226,fdi1
273290,fdo1
273307,fdo1R
273322,s021
273353,s021
273373,fdi1
273437,fdo1
273454,fdo1R
273469,s021
273500,s021
273520,fdi1
273554,s021E
273569,s033
273633,fdo1
273650,fdo1R
273665,s033
273913,fdi1
273943,fdo1
273960,fdo1F
274079,s053
274099,fdi1
274127,s053E
274142,s054
274252,who1
274269,who1N
274338,whi1
274368,s054E
274383,s055
274443,s055E
274458,s046
274503,tlk0+
274526,tlk1+
274559,s046E
274574,s056
274619,har0+
274710,whi1
274740,s054E
274755,s055
274815,s055E
274830,s046
274875,tlk0+
274898,tlk1+
274931,s046E
274946,s056
274991,har0+
275082,whi1
275112,s054E
275127,s055
275187,s055E
275202,s046
275247,tlk0+
275270,tlk1+
275303,s046E
275318,s056
275363,har0+
275454,whi1
275484,s054E
275499,s055
275559,s055E
275574,s046
275619,tlk0+
275642,tlk1+
275675,s046E
275690,s056
275735,har0+
275826,whi1
275856,s054E
275871,s055
275931,s055E
275946,s046
275991,tlk0+
276014,tlk1+
276047,s046E
276062,s056
276107,har0+
276198,whi1
276228,s054E
276243,s055
276303,s055E
276318,s046
276363,tlk0+
276386,tlk1+
276419,s046E
276434,s056
276479,har0+
276570,whi1
276600,s054E
276615,s055
276675,s055E
276690,s046
276735,tlk0+
276758,tlk1+
276791,s046E
276806,s056
276851,har0+
276942,whi1
276972,s054E
276987,s055
277047,s055E
277062,s046
277107,tlk0+
277130,tlk1+
277163,s046E
277178,s056
277223,har0+
277277,who1
277294,who1N
277363,whi1
277393,s054E
277408,s055
277458,s055E
277473,s046
277518,har0+
277541,tlk0+
277564,tlk1R
277579,s046E
277594,s056
277715,whi1
277745,s054E
277760,s055
277810,s055E
277825,s046
277870,har0+
277893,tlk0+
277916,tlk1R
277931,s046E
277946,s056
278067,whi1
278097,s054E
278112,s055
278162,s055E
278177,s046
278222,har0+
278245,tlk0+
278268,tlk1R
278283,s046E
278298,s056
278419,whi1
278449,s054E
278464,s055
278514,s055E
278529,s046
278574,har0+
278597,tlk0+
278620,tlk1R
278635,s046E
278650,s056
278771,whi1
278801,s054E
278816,s055
278866,s055E
278881,s046
278926,har0+
278949,tlk0+
278972,tlk1R
278987,s046E
279002,s056
279123,whi1
279153,s054E
279168,s055
279218,s055E
279233,s046
279278,har0+
279301,tlk0+
279324,tlk1R
279339,s046E
279354,s056
279475,whi1
279505,s054E
279520,s055
279570,s055E
279585,s046
279630,har0+
279653,tlk0+
279676,tlk1R
279691,s046E
279706,s056
279827,whi1
279857,s054E
279872,s055
279922,s055E
279937,s046
279982,har0+
280005,tlk0+
280028,tlk1R
280043,s046E
280058,s056
280142,who1
280159,who1N
280220,whi1
280250,s054E
280265,s055
280315,s055E
280330,s056
280383,har0+
280426,fdo1
280443,fdo1R
280531,s057
280551,fdi1
280921,s053
280941,fdi1
280969,s053
281046,s053
281066,fdi1
281094,s053
281125,s054
281321,s054E
281336,s055
281386,ovl1
281403,s055E
281418,s000
281499,s000
281530,ovl1
281547,s055E
281562,s000
281622,s000
281653,ovl1
281670,s055E
281685,s000
281710,s000E
281725,s056
281793,fdo1
281810,fdo1R
281825,s056+
281916,s054E
281931,s055
281981,ovl1
281998,s055E
282013,s000
282066,s000
282097,ovl1
282114,s055E
282129,s000
282154,s000E
282169,s056
282237,fdo1
282254,fdo1R
282269,s056+
282360,s057
282380,fdi1
282416,s057E
282431,s063
282495,fdo1
282512,fdo1R
282527,s063
282558,ovl1
282575,s055E
282590,s000
282671,s000
282702,s057
282786,s057E
282801,s058
282901,s058E
282916,s059
283013,s059E
283028,s061
283045,dis0+
283136,s061E
283151,s062
283230,yko0
283252,fdo1
283269,fdo1R
283284,s062N
283313,s042
283333,fdi1
283368,s042E
283383,s002
283461,fdo1
283478,fdo1R
283493,s002
283524,s042
283544,fdi1
283579,s042E
283594,s002
283672,s002E
283687,s003
283732,fdo1
283749,fdo1R
283764,s003
283795,s042
283815,fdi1
283868,s042E
283883,s002
283964,fdo1
283981,fdo1R
283996,s002
284048,s054
284196,s054E
284211,s055
284417,s054E
284432,s055
284598,s055E
284613,s056
284674,fdo1
284691,fdo1R
284706,s056+
284791,s057
284811,fdi1
284871,s057E
284886,s063
284950,fdo1
284967,fdo1R
284982,s063
285008,s055E
285023,s056
285084,fdo1
285101,fdo1R
285116,s056+
285179,s055E
285194,s057
285278,s057E
285293,s058
285393,s058E
285408,s059
285505,s059E
285520,s061
285537,dis0+
285628,s061E
285643,s062
285722,yko0
285744,fdo1
285761,fdo1R
285776,s062N
285805,s001
285825,fdi1
285873,fdo1
285890,fdo1R
285905,s001
285936,s001
285956,fdi1
286004,fdo1
286021,fdo1R
286036,s001
286067,s001
286087,fdi1
286135,fdo1
286152,fdo1R
286167,s001
286240,s086
286318,s086
286385,s086E
286400,s057
286465,s057E
286480,s058
286580,s058E
286595,s059
286692,s059E
286707,s061
286724,dis0+
286815,s061E
286830,s062
286909,yko0
286936,fdo1
286953,fdo1R
286968,s062
286998,s015
287025,fdi1
287071,poi0+
287094,tlk0
287112,tlk1+
287135,fdo1
287152,fdo1R
287167,s015N
287211,s015
287238,fdi1
287284,dis0+
287307,poi0+
287330,tlk0
287348,tlk1+
287371,fdo1
287388,fdo1R
287403,s015N
287447,s015
287474,fdi1
287520,ang0+
287543,fdo1
287560,fdo1R
287575,s015N
287620,s086
287672,s086
287698,s086
287750,s086E
287765,s054
287849,s054
287941,s054
287969,fdi1
288011,fdi1
288135,s054E
288150,s029
288227,fdo1
288244,fdo1R
288286,s057
288306,fdi1
288374,s057E
288389,s058
288489,s058E
288504,s059
288601,s059E
288616,s061
288633,dis0+
288724,s061E
288739,s062
288818,yko0
288845,fdo1
288862,fdo1R
288877,s062
288905,s030
288925,fdi1
288973,fdo1
288990,fdo1R
289005,s030
289036,s030
289056,fdi1
289111,s030E
289126,s031
289169,fdo1
289186,fdo1R
289201,s031
289232,s030
289252,fdi1
289307,s030E
289322,s031
289368,fdo1
289385,fdo1R
289400,s031
289453,s054E
289468,s056
289531,fdo1
289548,fdo1R
289563,s056+
289650,s054E
289665,s056
289737,fdo1
289754,fdo1R
289769,s056+
289853,s054E
289868,s056
289940,fdo1
289957,fdo1R
289972,s056+
290030,s054
290137,s054E
290152,s055
290251,s055E
290266,s056
290362,fdo1
290379,fdo1R
290394,s056+
290518,s055E
290533,s056
290622,fdo1
290639,fdo1R
290654,s056+
290788,fdo1
290805,fdo1R
290860,s057
290880,fdi1
290999,s055E
291014,s056
291116,fdo1
291133,fdo1R
291264,who1
291281,who1N
291351,whi1
291391,dis0+
291453,s054E
291468,s055
291525,yub0+
291548,yub1'
291578,s055E
291593,s056
291718,fdo1
291735,fdo1R
291750,s056+
291880,s055E
291895,s056
291993,fdo1
292010,fdo1R
292025,s056+
292179,s055E
292194,s056
292297,fdo1
292314,fdo1R
292329,s056+
292443,fdo1
292460,fdo1R
292475,s055N
292521,s057
292548,fdi1
292638,s054E
292653,s055
292689,har0+
292723,har0+
292749,s055E
292764,s056
292832,fdo1
292849,fdo1R
292864,s056+
292966,s054E
292981,s055
293071,s055E
293086,s056
293154,fdo1
293171,fdo1R
293186,s048+
293290,s054E
293305,s055
293349,s055E
293364,s056
293432,fdo1
293449,fdo1R
293464,s056+
293549,s056E
293564,s057
293672,s054E
293687,s055
293751,s056E
293766,s057
293831,s055E
293846,s056
293914,fdo1
293931,fdo1R
293946,s056+
294038,s057
294058,fdi1
294112,s057E
294127,s060
294144,aww0
294194,fdo1
294211,fdo1R
294226,s060
294288,s057
294315,fdi1
294375,s057E
294390,s063
294459,fdo1
294476,fdo1R
294491,s063
294559,s057E
294574,s058
294674,s058E
294689,s059
294786,s059E
294801,s061
294818,dis0+
294909,s061E
294924,s062
295003,yko0
295030,fdo1
295047,fdo1R
295062,s062
295098,s025
295125,fdi1
295232,fdo1
295249,fdo1R
295264,s025
295318,s025
295338,fdi1
295402,fdo1
295419,fdo1R
295434,s025
295465,s025
295485,fdi1
295549,fdo1
295566,fdo1R
295581,s025
295612,s025
295632,fdi1
295666,s025E
295681,s035
295745,fdo1
295762,fdo1R
295777,s035
296025,fdi1
296058,fdo1
296075,fdo1F
296179,s022
296199,fdi1
296255,fdo1
296272,fdo1R
296287,s022N
296331,fdi1
296375,who1
296392,who1N
296800,whi1
296820,s022E
296835,s023
296881,who1
296898,who1N
297306,whi1
297326,s022E
297341,s023
297387,who1
297404,who1N
297465,whi1
297485,s022E
297500,s023
297560,fdo1
297577,fdo1R
297592,s023N
297666,fdi1
297698,fdo1
297715,fdo1F
297813,s022
297833,fdi1
297900,who1
297917,who1
297935,whi1
297963,s022E
297978,s023
298033,fdo1
298050,fdo1R
298065,s022R
298080,s023N
298124,fdi1
300896,fdo1
300913,fdo1F
301044,s037
301064,fdi1
301107,who1
301124,who1N
301178,whi1
301218,s037E
301233,s002
301323,s002E
301338,s008
301397,s000
301417,fdi1
301472,s000E
301487,s001
301536,s001E
301551,s002
301692,ovl1
301709,s002E
301724,s003
301775,s003E
301790,s004
301810,who1
301827,who1N
301890,whi1
301942,s004E
301957,s005
302030,tlk0+
302061,s005E
302076,s006
302093,tlk2+
302143,s006E
302158,s007
302232,s007E
302247,s008
302344,ure0+
302367,s008E
302382,s009
303075,s009
303098,s013
303517,fdo1
303565,fdi1
303599,s013E
303614,s010
303715,fdo1
303732,fdo1R
303747,s010J
303784,s016
303804,fdi1
303838,fdo1
303855,fdo1R
303870,s016
303945,s012
303965,fdi1
304055,s010E
304070,s011
304137,fdo1
304154,fdo1R
304197,s016
304217,fdi1
304251,fdo1
304268,fdo1R
304283,s016
304358,s012
304378,fdi1
304452,ovl1
304469,s012E
304484,s014
304534,s014
304557,s016
304648,s016E
304663,s017
304728,s017E
304743,s018
304884,s018E
304899,s019
304960,s019J
304987,s015
305004,tlk0+
305035,tlk2+
305306,fdo1
305323,fdo1R
305402,fdi1
305435,fdo1
305452,fdo1F
305535,s017
305555,fdi1
305622,who1
305639,who1
305657,whi1
305685,s017E
305700,s018
305740,fdo1
305757,fdo1R
305772,s017R
305787,s018N
305831,fdi1
305865,fdo1
305882,fdo1F
305971,s017
305991,fdi1
306047,fdo1
306064,fdo1E
306079,s017
306125,fdi1
306169,who1
306186,who1N
306594,whi1
306614,s017E
306629,s018
306675,who1
306692,who1N
307100,whi1
307120,s017E
307135,s018
307181,who1
307198,who1N
307259,whi1
307279,s017E
307294,s018
307337,fdo1
307354,fdo1R
307369,s018N
307443,fdi1
307502,fdo1
307519,fdo1F
307632,s019
307652,fdi1
307735,who1
307752,who1
307770,whi1
307798,s019E
307813,s020
307842,tlk0+#
307873,tlk1+#
307896,s020
307919,s021
307976,fdo1
307993,fdo1R
308008,s019R
308023,s021N
308073,fdi1
308342,fdo1
308359,fdo1F
308457,s019
308477,fdi1
308541,fdo1
308558,fdo1R
308573,s019N
308617,fdi1
308661,who1
308678,who1N
309086,whi1
309116,s019E
309131,s020
309148,tlk0+#
309179,tlk1+#
309218,who1
309235,who1N
309643,whi1
309663,s019E
309678,s020
309739,who1
309756,who1N
309817,whi1
309837,s019E
309852,s020
309920,fdo1
309937,fdo1R
309952,s020N
310026,fdi1
310062,fdo1
310079,fdo1F
310171,s024
310191,fdi1
310307,who1
310324,who1
310342,whi1
310370,s024E
310385,s025
310471,s025
310494,s026
310541,fdo1
310558,fdo1R
310573,s024R
310588,s026N
310638,fdi1
310672,fdo1
310689,fdo1F
310766,s024
310786,fdi1
310842,fdo1
310859,fdo1R
310874,s024N
310918,fdi1
310962,who1
310979,who1N
311387,whi1
311407,s024E
311422,s025
311468,who1
311485,who1N
311893,whi1
311913,s024E
311928,s025
311974,who1
311991,who1N
312052,whi1
312072,s024E
312087,s025
312179,fdo1
312196,fdo1R
312211,s025N
312285,fdi1
312398,fdo1
312415,fdo1F
312492,s039
312512,fdi1
312568,fdo1
312585,fdo1R
312600,s039N
312644,fdi1
312688,who1
312705,who1N
313113,whi1
313133,s039E
313148,s040
313194,who1
313211,who1N
313619,whi1
313639,s039E
313654,s040
313789,who1
313806,who1N
313867,whi1
313887,s039E
313902,s040
313942,fdo1
313959,fdo1R
313974,s040N
314048,fdi1
314448,fdo1
314465,fdo1F
314542,s038
314562,fdi1
314618,fdo1
314635,fdo1R
314650,s038N
314694,fdi1
314738,who1
314755,who1N
315163,whi1
315183,s038E
315198,s041
315244,who1
315261,who1N
315669,whi1
315689,s038E
315704,s041
315750,who1
315767,who1N
315828,whi1
315848,s038E
315863,s041
316035,fdo1
316052,fdo1R
316067,s041N
316141,fdi1
316173,fdo1
316190,fdo1F
316300,s038
316320,fdi1
316436,who1
316453,who1
316471,whi1
316568,s038
316591,s044
316650,gos0+'
316696,fdo1
316713,fdo1E
316728,s038
316745,s044N
316795,fdi1
317238,fdo1
317255,fdo1F
317332,s027
317352,fdi1
317408,fdo1
317425,fdo1R
317440,s027N
317484,fdi1
317528,who1
317545,who1N
317953,whi1
317973,s027E
317988,s028
318034,who1
318051,who1N
318459,whi1
318479,s027E
318494,s028
318540,who1
318557,who1N
318618,whi1
318638,s027E
318653,s028
318747,fdo1
318764,fdo1R
318779,s028N
318853,fdi1
318885,fdo1
318902,fdo1F
319021,s027
319041,fdi1
319157,who1
319174,who1
319192,whi1
319220,s027E
319235,s028
319321,s028
319344,s029
319401,fdo1
319418,fdo1R
319433,s027R
319448,s029N
319498,fdi1
319608,fdo1
319625,fdo1F
319673,s022
319693,fdi1
319749,fdo1
319766,fdo1R
319781,s022F
319801,fdi1
319845,who1
319862,who1N
320270,whi1
320290,s022E
320305,s023
320351,who1
320368,who1N
320776,whi1
320796,s022E
320811,s023
320857,who1
320874,who1N
320935,whi1
320955,s022E
320970,s023
321030,fdo1
321047,fdo1R
321062,s023N
321112,fdi1
321144,fdo1
321161,fdo1F
321203,s022
321223,fdi1
321294,fdo1
321311,fdo1R
321326,s022F
321346,fdi1
321374,who1
321391,who1
321409,whi1
321448,s022E
321463,s023
321515,fdo1
321532,fdo1R
321547,s023F
321567,fdi1
321638,fdo1
321655,fdo1F
321697,s019
321717,fdi1
321781,fdo1
321798,fdo1R
321813,s019F
321833,fdi1
321877,who1
321894,who1N
322302,whi1
322332,s019E
322347,s020
322364,tlk0+#
322387,tlk1
322429,who1
322446,who1N
322854,whi1
322874,s019E
322889,s020
322950,who1
322967,who1N
323028,whi1
323048,s019E
323063,s020
323131,fdo1
323148,fdo1R
323163,s020N
323207,fdi1
323240,fdo1
323257,fdo1F
323299,s039
323319,fdi1
323375,fdo1
323392,fdo1R
323407,s039F
323427,fdi1
323471,who1
323488,who1N
323893,whi1
323913,s039E
323928,s040
323974,who1
323991,who1N
324396,whi1
324416,s039E
324431,s040
324551,who1
324568,who1N
324626,whi1
324646,s039E
324661,s040
324749,fdo1
324766,fdo1R
324781,s040N
324831,fdi1
324854,fdo1
324871,fdo1F
324949,s019
324969,fdi1
325035,s019
325061,who1
325078,who1
325096,whi1
325138,s019
325156,s020
325193,s020E
325208,s066
325289,yko0
325307,s066E
325322,s067
325339,yko1+
325369,fdo1
325386,fdo1R
325401,s067N
325452,s068
325472,fdi1
325525,tlk0+
325624,s066E
325639,s069
325671,fdo1
325688,fdo1R
325703,s069N
325754,s068
325774,fdi1
325847,fdo1
325864,fdo1R
325879,s068F
325899,fdi1
325929,fdo1
325946,fdo1u
325994,s038
326014,fdi1
326070,fdo1
326087,fdo1R
326102,s038F
326122,fdi1
326166,who1
326183,who1N
326588,whi1
326608,s038E
326623,s041
326669,who1
326686,who1N
327091,whi1
327111,s038E
327126,s041
327172,who1
327189,who1N
327247,whi1
327279,tlk0
327297,tlk1+'
327320,s038E
327335,s041
327360,pas0+'
327383,fdo1
327400,fdo1R
327415,s041N
327483,s047
327503,fdi1
327583,s047E
327598,s048
327623,yko0
327641,yko1+
327674,fdo1
327691,fdo1R
327753,s049
327780,fdi1
327880,s047
327900,fdi1
327980,s047E
327995,s050
328053,fdo1
328070,fdo1R
328132,s049
328159,fdi1
328246,fdo1
328263,fdo1R
328278,s049N
328352,fdi1
328385,fdo1
328402,fdo1u
328450,s027
328470,fdi1
328526,fdo1
328543,fdo1R
328558,s027F
328578,fdi1
328622,who1
328639,who1N
329044,whi1
329064,s027E
329079,s028
329125,who1
329142,who1N
329547,whi1
329567,s027E
329582,s028
329628,who1
329645,who1N
329703,whi1
329735,tlk0
329776,s027E
329791,s028
329816,pas0
329842,fdo1
329859,fdo1R
329874,s028N
329952,s051
329972,fdi1
330039,s051E
330054,s052
330079,yko0
330097,yko1+
330130,fdo1
330147,fdo1R
330216,s053
330236,fdi1
330301,tlk0+
330324,tlk1
330379,s051
330399,fdi1
330466,s051E
330481,s054
330539,fdo1
330556,fdo1R
330625,s053
330645,fdi1
330726,fdo1
330743,fdo1R
330758,s053N
330832,fdi1
330865,fdo1
330882,fdo1u
330930,s024
330950,fdi1
331006,fdo1
331023,fdo1R
331038,s024F
331058,fdi1
331102,who1
331119,who1N
331524,whi1
331544,s024E
331559,s025
331605,who1
331622,who1N
332027,whi1
332047,s024E
332062,s025
332108,who1
332125,who1N
332183,whi1
332215,tlk0
332233,tlk1f
332248,thk1+
332271,s024E
332286,s025
332303,thk2+
332326,pas0+
332349,fdo1
332366,fdo1R
332381,s025N
332459,s055
332479,fdi1
332546,s055E
332561,s056
332586,yko0
332604,yko1+
332637,fdo1
332654,fdo1R
332723,s057
332743,fdi1
332796,tlk0+
332819,tlk1
332874,s055
332894,fdi1
332961,s055E
332976,s058
333034,fdo1
333051,fdo1R
333120,s057
333140,fdi1
333221,fdo1
333238,fdo1R
333253,s057N
333327,fdi1
333355,fdo1
333372,fdo1F
333426,s070
333453,fdi1
333499,s070E
333514,s036
333558,fdo1
333575,fdo1R
333658,s070
333700,fdi1
333734,yko0
333752,yko1
333809,s070E
333824,s071
333917,s071E
333932,s072
333991,thk1+
334014,s072E
334029,s073
334046,thk2
334096,har0+
334119,s073E
334134,s074
334171,yub0+
334194,yub1+
334217,pas0N
334287,fdo1
334304,fdo1R
334319,s074N
334360,s075
334380,fdi1
334449,s075E
334464,s076
334508,fdo1
334525,fdo1R
334540,s076N
334592,fdo1
334609,fdo1R
334624,s074N
334665,s075
334685,fdi1
334754,s075E
334769,s004
334809,s004E
334824,s005
334914,s005E
334929,s006
334970,fdo1
334987,fdo1R
335002,s006
335048,fdo1
335065,fdo1R
335080,s074N
335121,s075
335141,fdi1
335197,fdo1
335214,fdo1R
335229,s075
335275,fdo1
335292,fdo1R
335307,s074N
335348,s075
335368,fdi1
335440,fdo1
335457,fdo1R
335472,s075
335518,fdo1
335535,fdo1R
335550,s074N
335591,s075
335611,fdi1
335683,s075E
335698,s032
335750,fdo1
335767,fdo1R
335782,s032
335828,s075
335848,fdi1
335921,s075E
335936,s059
336001,s059E
336016,s060
336033,har0+
336076,fdo1
336093,fdo1R
336153,s075
336173,fdi1
336266,s075E
336281,s005
336365,s005E
336380,s061
336405,s061E
336420,s062
336464,tlk0+
336487,tlk1n
336522,fdo1
336539,fdo1R
336599,s075
336619,fdi1
336724,s075E
336739,s062
336756,har0+
336818,tlk0+
336841,fdo1
336858,fdo1R
336933,s075
336953,fdi1
337026,s075E
337041,s063
337058,dis0+
337096,tlk0+
337119,tlk1R
337134,s063E
337149,s062
337183,dis0+
337206,yub0+
337229,yub1E
337244,fdo1
337261,fdo1R
337321,s000
337341,fdi1
337406,s000E
337421,s064
337483,s064E
337498,s065
337555,har0+
337578,fdo1
337595,fdo1R
337648,s075
337675,fdi1
337757,s075E
337772,s063
337806,tlk0+
337849,s063E
337864,s062
337881,tlk1+
337924,thk1+
337947,s062E
337962,s067
337999,s067E
338014,s066
338031,thk2+
338054,fdo1
338071,fdo1R
338129,s068
338149,fdi1
338189,s068E
338204,s069
338241,s069E
338256,s070
338293,s070E
338308,s071
338331,tlk0+
338354,tlk1R
338369,s071E
338384,s072
338421,s072E
338436,s073
338479,s073E
338494,s075
338528,s075E
338543,s074
338572,yub0+
338595,yub1
338625,har0+
338661,tlk0+
338684,s074E
338699,s076
338757,s076E
338772,s077
338803,tlk1
338821,s077E
338836,s078
338876,tlk0+
338902,s078E
338917,s079
338942,tlk1+
338965,s079E
338980,s080
339160,s080E
339175,s081
339208,s081E
339223,s082
339296,s082Eb
339311,s000
339392,s000Eb
339407,s008
339477,s008Eb
339492,s009
339538,s009Eb
339553,s001
339625,s001Eb
339640,s002
339665,s002Eb
339680,s003
339787,s003Eb
339802,s004
339852,s004Eb
339867,s005
339895,s005Eb
339910,s006
339959,s006Eb
339974,s007
340015,tlk0+
340038,tlk1
340062,s007Eb
340077,s010
340129,s010Eb
340144,s011
340161,yub0+
340184,yub1Rb
340199,s011Eb
340214,s012
340298,s012Eb
340313,s013
340330,tlk1+
340368,fdo1
340385,fdo1Rb
340400,s013N
340456,fdo1
340473,fdo1R
340488,s074E
340503,qstc
340533,fdi1
340558,fdo1
340575,fdo1F
340646,s008
340666,fdi1
340756,fdo1
340773,fdo1R
340788,s008+
340838,s009
340872,fdi1
340942,s009E
340957,s010
340974,aww0
341024,fdo1
341041,fdo1R
341056,s010
341087,who1
341104,who1N
341165,whi1
341193,fdo1
341210,fdo1R
341225,s008N
341272,fdi1
341297,fdo1
341314,fdo1F
341379,s007
341399,fdi1
341498,fdo1
341515,fdo1R
341530,s007+
341591,s057
341611,fdi1
341653,s057E
341668,s063
341732,fdo1
341749,fdo1R
341764,s063
341795,who1
341812,who1N
341873,whi1
341901,fdo1
341918,fdo1R
341933,s007N
341980,fdi1
342000,fdo1
342017,fdo1F
342122,s021
342142,fdi1
342199,fdo1
342216,fdo1R
342231,s021u
342286,s026
342306,fdi1
342353,fdo1
342370,fdo1R
342385,s026u
342452,s044
342472,fdi1
342522,gos0+'
342565,fdo1
342582,fdo1R
342597,s044u
342673,s029
342693,fdi1
342750,fdo1
342767,fdo1R
342782,s029u
342830,s075
342850,fdi1
342919,s075E
342934,s076
342978,fdo1
342995,fdo1R
343010,s076N
343060,fdi1
343080,fdo1
343097,fdo1F
343136,s079
343156,fdi1
343209,s079E
343224,s080
343302,fdo1
343319,fdo1R
343334,s080N
343362,s083
343382,fdi1
343417,s083E
343432,s084
343510,fdo1
343527,fdo1R
343571,s042
343591,fdi1
343626,s042E
343641,s002
343719,s002E
343734,s003
343779,fdo1
343796,fdo1R
343811,s003u
343853,s075
343873,fdi1
343942,s075E
343957,s004
343997,s004E
344012,s005
344102,s005E
344117,s006
344158,fdo1
344175,fdo1R
344190,s006N
344222,fdi1
344242,fdo1
344259,fdo1F
344305,s079
344325,fdi1
344373,fdo1
344390,fdo1R
344427,s083
344447,fdi1
344495,fdo1
344512,fdo1R
344556,s001
344576,fdi1
344624,fdo1
344641,fdo1R
344656,s001u
344698,s075
344718,fdi1
344774,fdo1
344791,fdo1R
344806,s075N
344832,fdi1
344852,fdo1
344869,fdo1F
344909,s012
344936,fdi1
344986,ang0+
345009,fdo1
345026,fdo1R
345063,s014
345090,fdi1
345136,poi0+
345159,tlk0
345177,tlk1+
345200,fdo1
345217,fdo1R
345254,s015
345281,fdi1
345327,dis0+
345350,poi0+
345373,tlk0
345391,tlk1+
345414,fdo1
345431,fdo1R
345446,s015u
345488,s075
345508,fdi1
345580,fdo1
345597,fdo1R
345612,s075F
345632,fdi1
345652,fdo1
345669,fdo1F
345708,s023
345728,fdi1
345783,s023E
345798,s024
345844,fdo1
345861,fdo1R
345898,s027
345918,fdi1
345966,fdo1
345983,fdo1R
346020,s030
346040,fdi1
346095,s030E
346110,s031
346153,fdo1
346170,fdo1R
346185,s031u
346227,s075
346247,fdi1
346319,s075E
346334,s032
346386,fdo1
346403,fdo1R
346418,s032N
346444,fdi1
346464,fdo1
346481,fdo1F
346527,s020
346547,fdi1
346581,s020E
346596,s034
346660,fdo1
346677,fdo1R
346727,s021
346747,fdi1
346811,fdo1
346828,fdo1R
346878,s025
346898,fdi1
346962,fdo1
346979,fdo1R
346994,s025u
347035,s070
347062,fdi1
347108,s070E
347123,s036
347167,fdo1
347184,fdo1R
347199,s036N
347225,fdi1
347245,fdo1
347262,fdo1F
347409,s041
347429,fdi1
347478,s041E
347493,s043
347529,tlk0+
347552,tlk1+
347585,s043E
347600,s044
347636,har0+
347734,s041
347754,fdi1
347803,s041E
347818,s043
347854,tlk0+
347877,tlk1+
347910,s043E
347925,s044
347961,har0+
348067,s041
348087,fdi1
348136,s041E
348151,s043
348187,tlk0+
348210,tlk1+
348243,s043E
348258,s044
348294,har0+
348392,s041
348412,fdi1
348461,s041E
348476,s043
348512,tlk0+
348535,tlk1+
348568,s043E
348583,s044
348619,har0+
348725,s041
348745,fdi1
348794,s041E
348809,s043
348845,tlk0+
348868,tlk1+
348901,s043E
348916,s044
348952,har0+
349050,s041
349070,fdi1
349119,s041E
349134,s043
349170,tlk0+
349193,tlk1+
349226,s043E
349241,s044
349277,har0+
349383,s041
349403,fdi1
349452,s041E
349467,s043
349503,tlk0+
349526,tlk1+
349559,s043E
349574,s044
349610,har0+
349716,s041
349736,fdi1
349785,s041E
349800,s043
349836,tlk0+
349859,tlk1+
349892,s043E
349907,s044
349943,har0+
349989,fdo1
350006,fdo1R
350125,s047
350145,fdi1
350189,s047E
350204,s045
350249,tlk0+
350280,tlk1
350298,s045E
350313,s048
350451,s047
350471,fdi1
350515,s047E
350530,s045
350575,tlk0+
350606,tlk1
350624,s045E
350639,s048
350777,s047
350797,fdi1
350841,s047E
350856,s045
350901,tlk0+
350932,tlk1
350950,s045E
350965,s048
351096,whi1
351126,s031E
351141,s047
351185,s047E
351200,s045
351245,tlk0+
351276,tlk1
351294,s045E
351309,s048
351447,s047
351467,fdi1
351511,s047E
351526,s045
351571,tlk0+
351602,tlk1
351620,s045E
351635,s048
351773,s047
351793,fdi1
351837,s047E
351852,s045
351897,tlk0+
351928,tlk1
351946,s045E
351961,s048
352099,s047
352119,fdi1
352163,s047E
352178,s045
352223,tlk0+
352254,tlk1
352272,s045E
352287,s048
352425,s047
352445,fdi1
352489,s047E
352504,s045
352549,tlk0+
352580,tlk1
352598,s045E
352613,s048
352689,fdo1
352706,fdo1R
352814,s055
352834,fdi1
352884,s055E
352899,s056
352952,har0+
352995,fdo1
353012,fdo1R
353027,s056N
353101,fdi1
353126,fdo1
353143,fdo1F
353311,s155
353331,fdi1
353371,s155E
353386,s156
353485,s156E
353500,s157
353531,s157E
353546,s158
353563,tlb0+
353586,tlb1
353612,s158E
353627,s159
353644,tlb0+
353667,tlb1+
353690,s159E
353705,s160
353722,thk1+
353745,thk2ff
353760,unz0+
353783,s160E
353798,s161
353838,s161E
353853,s162
353893,tlb1R
353908,s162E
353923,s163
354002,s163E
354017,s164
354085,s164fh
354100,tlb0
354123,s165
354148,s165
354166,s166
354191,s166
354217,s164E
354232,s165
354249,tlb0+
354272,s165
354290,s167
354316,tlb1y
354352,s167E
354367,s168
354424,s168E
354439,s169
354456,tlb0+
354487,tlb1R
354502,s169E
354517,s170
354561,fdo1
354578,fdo1R
354621,fdi1
354641,fdo1
354658,fdo1F
354783,s171
354803,fdi1
354820,fdi1f
354835,tlk0+
354858,ten0N
354894,s171E
354909,s172
354966,s172E
354981,s173
355007,tlb0+
355030,s173E
355045,s174
355078,s174E
355093,s178
355126,s178E
355141,s176
355166,s176E
355181,s177
355198,tlb1+
355221,s177E
355236,s175
355261,fdo1
355278,fdo1R
355293,s175F
355313,fdi1
355333,fdo1
355350,fdo1F
355540,s188
355560,fdi1
355577,fdi1f
355592,tlk0+
355615,ten0'
355642,ten0R
355657,s188E
355672,s189
355721,tlk0+
355744,ten0R
355759,s189E
355774,s190
355829,s190E
355844,s191
355869,tlb0+
355897,fdo1
355914,fdo1R
355929,s191kidl0
355965,s192
355985,fdi1
356002,fdi1+
356025,s192E
356040,s193
356087,s193E
356102,s194
356135,s194E
356150,s195
356188,tlb0+
356211,tlb1+
356234,s195E
356249,s196
356291,s196E
356306,s197
356357,s197E
356372,s198
356402,fdo1
356419,fdo1R
356462,fdi1
356488,fdo1
356505,fdo1F
356582,s056
356602,fdi1
356619,fdi1+6
356657,s057
356674,twb0+6
356712,s058
356737,twb1+6
356775,s059
356828,s060
356880,s061
356897,twb0+6
356935,s062
356960,fdo1
356992,s062F
357012,fdi1
357037,fdo1
357054,fdo1F
357131,s022
357151,fdi1
357183,tlk0+0
357206,tlk1R.
357221,s022
357244,s023
357269,s023E.
357284,s024
357301,tlk0+0
357324,s024E.
357339,s025
357367,s023
357392,s023E.
357407,s024
357424,tlk0+0
357447,s024E.
357462,s025
357487,tlk1+0
357508,tlk1R.
357523,s025
357546,s096
357574,s096
357594,s095
357614,s095R.
357629,s096E.
357644,s026
357669,s026E.
357684,s027
357717,fdo1
357734,fdo1R.
357749,s027F
357769,fdi1
357794,fdo1
357811,fdo1F
358083,dai0S
358120,s081
358140,fdi1
358172,dai2+
358195,s081EN
358210,s082
358227,dai3+
358250,fdo1
358267,fdo1RN
358282,s082N
358393,s087
358413,efon
358475,s087EN
358490,s088
358534,fdo1
358551,fdo1RN
358566,s088N
358690,s083
358710,fdi1
358727,fdi1+
358750,s083EN
358765,s084
358782,dai2+
358808,s084EN
358823,s085
358848,s085
358871,s086
358888,dai3+
358920,s086EN
358935,s089
358981,s089EN
358996,s090
359033,s090EN
359048,s091
359085,s091EN
359100,s092
359123,dai0RN
359138,s092EN
359153,s098
359176,dai0RN
359191,s098EN
359206,s093
359268,s093EN
359283,s094
359328,s094EN
359343,s095
359383,yes0
359401,s095EN
359416,s096
359442,yes0RN
359457,s096EN
359472,s097
359507,s097
359530,s100
359558,s100
359578,s099
359628,s099RN
359643,s100
359666,s102
359694,s102
359714,s101
359731,dai2+
359762,s101RN
359777,s102EN
359792,s103
359828,dai3
359846,s103EN
359861,s159
359898,s159
359921,s105
359949,s105
359977,s106
360005,s106
360033,s105
360053,s104
360089,s104RN
360104,s105RN
360119,s106EN
360134,s107
360151,dai2+
360182,s107EN
360197,s108
360290,hak0RN
360305,s108EN
360320,s154
360337,hak0n
360379,shakn
360409,s154EN
360424,s160
360444,s160EN
360459,s161
360479,s161
360502,s155
360530,s155
360558,s156
360586,s156
360614,s155
360634,s109
360676,hak1+
360714,khakRN
360729,s109RN
360744,s155RN
360759,s156
360782,s157
360810,s157
360830,s110
360885,s110RN
360900,s157EN
360915,s111
360944,s111EN
360959,s158
360976,aku0
361019,aku0RN
361034,s158
361057,s163
361085,s163
361113,s164
361141,s164
361169,s163
361189,s162
361226,fdo1
361243,fdo1RN
361258,s162RN
361273,s163RN
361288,s164'
361331,fdi1
363900,tlk0
364877,fdo1
364974,fdi1
365009,tlk0R
365162,tlk0
365253,tlk0
365341,ovl1
365525,tlk0
365621,tlk0
365689,fdo1
365741,fdi1
365814,fdo1
365911,fdi1
365931,tlk0
365965,fdo1
366066,fdi1
366086,tlk0
366110,pas0
366160,tlk0
366187,fdo1
366224,fdi1
366243,qstc
366299,tlk0
366326,fdo1
366403,s078
366420,fdi1
366440,tlk0
366482,s079
366532,s080
366572,s080
366628,s081
366884,s082
366901,tlk0
366920,fdo1
366940,s082
366962,fdi1
366999,s083
367019,tlk0
367087,s084
367104,tlk0
367142,s083
367163,fdo1
367183,s084E6
367198,qstc
367217,fdi1
367247,fdo1
367332,s078
367349,fdi1
367369,tlk0
367416,s079
367466,s086
367510,s083
367539,s083
367556,fdi1
367576,tlk0
367641,s085
367658,tlk0
367713,s082
367730,tlk0
367756,fdo1
367791,s085F
367808,fdi1
367835,tlk0
367872,fdo1
367949,s087
367966,fdi1
367986,tlk0
368044,s081
368297,s083
368317,tlk0
368385,s088
368433,s089
368458,frst
368478,okex
368509,frst
368529,okex
368560,frst
368580,okex
368611,frst
368631,okex
368662,frst
368682,okex
368713,frst
368733,okex
368764,frst
368784,okex
368815,frst
368835,okex
368873,s090
368919,s091
368954,s083
368975,fdo1
368995,s091E6
369010,qstc
369029,fdi1
371108,fdi0
371125,fdi0
371141,fdo0
371158,fdo0
371174,fdi1
371191,fdi1
371207,fdo1
371224,fdo1
371240,whi1
371257,whi1
371273,who1
371290,who1
371306,who2
371323,who2
371339,who3
371356,who3
371372,main
371392,fdo1
371409,fdo1
371425,fdi1
371442,main
371462,fdi1
371478,blon
371495,blon
371513,whi0
371530,whi0
371546,who0
371563,who0
371579,efon
371596,efon
371612,fdis
371630,fdos
371647,fdos
371663,fdif
371681,fdof
371698,fdof
371714,fdip
371732,fdop
371749,fdop
371771,fdo1
371788,fdo1F
371990,p101
372025,p101E
372040,p102
372087,p102E
372102,p103
372122,p103E
372137,p104
372174,p104E
372189,p105
372230,tlk0+0
372263,p105E
372278,p106
372362,thk2
372380,p106E
372395,p107
372462,p107E
372477,p123
372504,fdo2
372521,fdo2R
372536,p123u
372626,p108
372643,fdi2
372660,fdi2
372678,p108E
372693,p109
372726,p109E
372741,p110
372758,tlk0+
372781,ten0R
372796,p110E
372811,p111
372853,p111E
372868,p112
372893,p112E
372908,p113
372925,hgs0+.
372948,p113E
372963,p114
373006,hgs1R
373021,p114E
373036,p115
373077,p115E
373092,p116
373120,tlb0+.
373151,tlb1R
373166,p116E
373181,p117
373212,p117E
373227,p118
373281,p118E
373296,p119
373342,p119E
373357,p120
373397,p120E
373412,p121
373429,era1f
373444,tlk0+
373467,p121E
373482,p122
373568,p122E
373583,phm2
373611,p122E
373626,phm2
373654,p122E
373669,pem2
373697,p122E
373712,pem2
373740,p122E
373755,ptr2
373783,p122E
373798,ptr2
373826,p122E
373841,pmt2
373869,p122E
373884,pgl2
373928,phm2R
373943,pem2R
373958,ptr2R
373973,pmt2R
373988,pgl2
374014,p122E
374029,p128
374061,hgs0+.
374084,p128E
374099,p122
374116,hgs1
374137,p127
374264,p127E
374279,p124
374314,p124E
374329,p125
374358,kei0+.
374387,p125E
374402,p126
374435,p126x
374468,fdi2
374495,tlk0+
374608,sal0+
374639,tlk0+
374739,sal0+
374778,bik0+
374801,tlk0+
374845,tlk0+
374915,bik0+
374938,tlk0+
374977,tlk0+
375060,fdo0
375077,fdo0Eo
375092,s005
375125,fdi1
375203,s006
375266,tlk0+
375306,s006Eo
375321,s007
375362,dis0+
375413,s007Eo
375428,s008
375461,dis0
375477,s009
375518,tlk0+
375576,fdo1
375593,fdo1Uo
375608,s009F
375636,fdi1
375670,fdo0
375713,s010
375743,fdi1
375783,fdo2
375800,fdo2Eo
375815,s011
375835,fdi1
375841,kidl1
375864,tlk0+
375913,tlk0+
375946,s012
375952,kidl1
375973,kidl0
376018,dis0+
376050,dis0+
376082,s012J
376106,s013
376151,sl00+
376181,fdo1
376198,fdo1F
376226,fdi1
376243,qstc
376277,fdo0
376320,s020
376362,fdi1
376399,tlk0+
376434,s021
376472,tlk0+
376495,dis0+
376518,s021'
376540,s022
376599,iro0+
376652,thk1
376681,thk2
376711,s023
376736,teh0+
376841,iro0+
376887,thk1
376916,thk2Eo
376931,s078
376966,thk1+
377002,thk2
377029,s023
377059,fdo1
377076,fdo1F
377104,fdi1
377138,fdo0
377181,s020
377230,fdi1
377267,fdo2
377284,fdo2N
377326,s024
377343,fdi2
377390,iro0+
377413,moj0+
377459,fdo1
377476,fdo1F
377504,fdi1
377521,qstc
380328,bind
384305,main
384325,fdo1
384346,fdi1
384363,main
384383,fdi1
390896,bind
394873,main
394893,fdo1
394914,fdi1
394931,main
394951,fdi1
401464,bind
405441,main
405461,fdo1
405482,fdi1
405499,main
405519,fdi1
412032,bind
416009,main
416029,fdo1
416050,fdi1
416067,main
416087,fdi1
422600,bind
426577,main
426597,fdo1
426618,fdi1
426635,main
426655,fdi1
430836,fdi0
430853,fdi0
430869,fdo0
430886,fdo0
430902,fdi1
430919,fdi1
430935,fdo1
430952,fdo1
430968,whi1
430985,whi1
431001,who1
431018,who1
431034,who2
431051,who2
431067,who3
431084,who3
431100,main
431120,fdo1
431137,fdo1
431153,fdi1
431170,main
431190,fdi1
431206,blon
431223,blon
431241,whi0
431258,whi0
431274,who0
431291,who0
431307,efon
431324,efon
431340,fdis
431358,fdos
431375,fdos
431391,fdif
431409,fdof
431426,fdof
431442,fdip
431460,fdop
431477,fdop
431897,s029
431966,tat1'
432022,tlk0+
432051,kidl0
432079,ksk0+
432102,s029E
432117,s030
432218,s030E
432233,s032
432258,era1
432708,pas0+
432768,fdo1
432800,s043
432835,fdi1
432852,s032E
432867,s031
432917,tlk0+-
432957,fdo1
432974,fdo1F
432994,fdi1
433013,era1R
433043,s036
433095,s037
433112,tlk0+
433135,fdo1
433167,s037kidl0
433200,s038
433220,fdi1
433237,tlk0+
433290,s039
433390,s040
433407,tlk0+
433468,s041
433535,tlk1'
433585,s042
433635,tlk0+
433688,s043
434154,fdo1
434171,fdo1F
434216,kidl0+
434294,fdi1
434311,s000
434414,s000E
434429,s001
434474,s001E
434489,s002
434603,s002E
434618,s003
434679,tlk1R
434694,s003
434717,st04
434745,st04
434765,s004
434817,st04E
434832,st05
434860,st04E
434875,st05
434895,s004E
434910,s005
434952,st05
434978,st05
434996,s005E
435011,s006
435062,fdo1
435079,fdo1R
435135,fdi2
435232,fdo1
435249,fdo1F
435363,fdi1
435388,st10
435416,st10
435436,s010
435498,tlk1
435521,st10
435547,st10
435565,s010E
435580,s011
435643,s011E
435658,s012
435693,s012E
435708,s013
435758,s013E
435773,s014
435822,fdo1
435839,fdo1R
435895,fdi2
435995,fdo1
436012,fdo1F
436133,fdi1
436150,s020
436212,tlk1'
436237,kizl
436268,s020E
436283,s021
436303,kizm
436356,s021
436379,st22
436407,st22
436427,s022
436478,st22
436504,st22
436522,s022E
436537,s023
436594,s023E
436609,s024
436648,s024E
436663,s025
436734,s025E
436749,s030
436777,s030E
436792,s031
436840,s031E
436855,s032
436883,boff
436900,boffR
436915,s032E
436930,s026
436970,s026
436993,st27
437021,st27
437041,s027
437108,pas0
437134,st27
437160,st27
437178,s027E
437193,s028
437276,s028E
437291,s033
437319,boff
437336,boffR
437351,s033E
437366,s029
437465,fdo1
437482,fdo1R
437497,s029'
437545,fdi2
444392,fdi0
444409,fdi0
444425,fdo0
444442,fdo0
444458,fdi1
444475,fdi1
444491,fdo1
444508,fdo1
444524,whi1
444541,whi1
444557,who1
444574,who1
444590,who2
444607,who2
444623,who3
444640,who3
444656,main
444676,fdo1
444693,fdo1
444709,fdi1
444726,main
444746,fdi1
444762,blon
444779,blon
444797,whi0
444814,whi0
444830,who0
444847,who0
444863,efon
444880,efon
444896,fdis
444914,fdos
444931,fdos
444947,fdif
444965,fdof
444982,fdof
444998,fdip
445016,fdop
445033,fdop
445073,thk1+-
445102,thk1f
445117,thk2+-
445166,tlk0+-
445187,tlk0f
445202,tlk1+-
445223,tlk1f
445238,thk1+-
445294,twa0+-
445371,thk1f
445639,s000
445667,s053
445695,s053
445723,s000
445743,s071
445815,s000
445841,s053
445867,s053
445893,s000
445926,s001
446022,s002
446071,s003
446124,s004
446254,s005
446300,s005
446323,s054
446351,s054
446371,s006
446474,s054
446500,s054
446518,s006
446541,s055
446569,s055
446589,s008
446641,s055
446667,s055
446685,s008l.
446709,s007
446799,s009
446916,s009
446939,s070
446967,s070
446987,s010
447101,s070
447127,s070
447145,s010
447168,s056
447196,s056
447216,s012
447369,s056
447395,s056
447413,s012
447436,s057
447464,s057
447492,s011
447512,s081
447593,s057
447619,s057
447645,s011
447678,s013
447762,s013
447785,s058
447813,s058
447833,s014
447919,Uov.
447945,s058
447971,s058
447989,s014
448058,Uov.
448084,s058
448110,s058
448128,s014
448215,s058
448241,s058
448274,s035
448318,s035ov.
448350,s059
448378,s059
448398,s015
448498,s059
448524,s059
448557,s016
448624,s017
448702,s017
448725,s060
448753,s060
448773,s018
448821,s060
448847,s060
448865,s018
448888,s078
448916,s021
448944,s061
448972,s061
449000,s078
449028,s021
449048,s072
449122,s021
449148,s061
449174,s061
449200,s021
449218,s072y
449271,s019
449328,s020
449399,s079
449526,s021
449552,s061
449578,s061
449604,s021
449622,s072y
449707,s062
449735,s062
449755,s022
449814,s062
449840,s062
449873,s023
449930,s024
449979,s024y
450109,s021
450135,s061
450161,s061
450187,s021
450220,s025
450287,s026
450342,s027
450382,s030
450497,s021
450525,s061
450553,s061
450581,s021
450601,s072
450646,s028
450733,s029
450798,s029
450821,s063
450849,s063
450869,s031
450965,s063
450991,s063
451024,s032
451162,s034
451252,s034
451275,s033
451303,s064
451331,s064
451359,s033
451379,s073
451498,s033
451524,s064
451550,s064
451576,s033
451609,blof
451626,s036
451707,s037
451778,s038
451862,s051
451912,s039
451976,s040
452068,s041
452147,s042
452208,s044
452243,s050
452296,s050
452319,s065
452347,s065
452367,s074
452416,s065
452442,s065
452460,s074
452483,s043
452511,s043
452531,s080
452602,s043
452628,s043
452661,s077
452692,s077
452715,s066
452743,s066
452763,s045
452816,s066
452842,s066
452875,s046
452887,U#+2
452915,s046
452938,s052
452966,s067
452994,s067
453022,s052
453042,s075
453121,s052
453147,s067
453173,s067
453199,s052
453232,s082
453271,s082
453294,s068
453322,s068
453342,s076
453412,s068
453438,s068
453456,s076
453490,s052
453516,s067
453542,s067
453568,s052
453586,s075
453609,s066
453637,s066
453657,s045
453697,s066
453723,s066
453741,s045
453764,s052
453792,s067
453820,s067
453848,s052
453868,s075
453913,s047
453989,s047
454012,s069
454040,s069
454060,s048
454187,s049
454263,blof
454306,fdi2
454348,thk1+-
454369,thk1f
454384,thk2+-
454433,tlk2
454463,f'BJ0
454508,tlk0+0
454550,pas0+0
454584,tlk0+0
454605,tlk0f
454620,tlk1+0
454641,tlk1f
454656,thk1+0
454877,s000
454905,s053
454933,s053
454961,s000
454981,s071
455033,s000
455059,s053
455085,s053
455111,s000
455144,s084
455233,s085
455279,s085
455302,s102
455330,s102
455350,s083
455395,s102
455421,s102
455439,s083
455457,s086
455499,s086
455522,s103
455550,s103
455570,s087
455681,s103
455707,s103
455725,s087
455748,s104
455776,s104
455796,s088
455887,s104
455913,s104
455946,s089
456008,s034
456065,s034
456088,s104
456116,s104
456136,s088
456224,s104
456250,s104
456283,s090
456358,s012
456428,s091
456496,s092
456595,s099
456677,s100
456759,s047
456800,s047
456823,s105
456851,s105
456871,s093
456959,s105
456985,s105
457003,s093
457026,s095
457054,s106
457082,s106
457110,s095
457130,s109
457197,s095
457223,s106
457249,s106
457275,s095
457308,s098
457343,s098
457366,s107
457394,s107
457414,s097
457465,s107
457491,s107
457509,s097
457540,s108
457568,s108
457588,s096
457648,s108
457674,s108
457707,s101
457746,s101
457769,s105
457797,s105
457817,s093
457909,s105
457935,s105
457968,s094
458011,s094
458037,s108
458065,s108
458085,s096
458172,s108
458198,s108
458231,s094
458271,s094
458294,s095
458322,s106
458350,s106
458378,s095
458398,s109
458453,s095
458479,s106
458505,s106
458531,s095
458564,s047
458669,fdi2
458686,qstc
459046,hap0
459101,exp0
459118,exp1n
459152,exp0
459169,exp1
459190,tlk0
459219,tlk1
459240,tlk0
459257,tlk1
459275,exp0
459305,exp1
459326,tlk0
459355,tlk1
459376,tlk0
459393,tlk1
459411,exp0
459428,exp1C
459445,exp0
459462,exp1
459746,exp0
459799,job0
459831,fdo1
459848,fdo1
459866,fdi1
459883,fdi1
459914,job1
