offset,token
3643,s084
3679,s084E
3694,s085
3730,s085
3749,s086
3785,s086E
3800,s087
3836,s087
3855,s088
3891,s088E
3906,s089
3942,s089
3970,s090
4000,s090E#
4015,c00i
4032,fdo1
4509,s025
4529,s025E
4544,s026
4616,ovl1
4633,blon
4650,s096
4670,blof
4687,s096
4888,fdo1
4905,fdo1F
4956,s110
4976,fdi1
5004,s110E
5019,s111
5036,tlk0+C
5059,fdo1
5076,fdo1R
5091,s111F
5111,fdi1
5708,sha0S
5721,sha0
5745,sha1S
5758,sha1
5994,tlk0
6018,tlk1
6042,tlk0
6060,tlk1
6086,tlk0
6104,tlk1
6130,tlk0
6148,tlk1
6174,tlk0
6192,tlk1
6218,tlk0
6236,tlk1
6262,tlk0
6280,tlk1
6306,tlk0
6324,tlk1
6350,tlk0
6368,tlk1
6464,pas0
6488,sha0S
6501,sha0
6525,sha1S
6538,sha1
6594,sha0
6623,run0
6647,mab0
6671,orz0
6695,tlk0
6713,tlk1
6727,res0S
6740,res0
6754,res2S
6767,res2
15793,s001
15813,fdi2
15845,fdo1
15862,s001E
15877,s002
15897,fdi1
15938,fdo1
15955,s002
15973,s000
15990,fdi1
16031,fdo1
16048,s000
16066,s005
16083,fdi1
16132,fdo2
16149,fdo2U
16164,s005E
16179,fao1
16207,fai1
16227,fao1
16256,fai1
16276,fao1
16302,s003
16319,fdi2
16336,fdi2x5
16394,s013
16444,s003
16468,fai1
16485,s003E
16500,s000
16536,s000E
16551,s001
16591,s001J
16631,s002
16738,s013
16930,s080
16950,s067
17011,s019
17127,s004
17258,s004E
17273,s022
17297,s020
17343,s080
17363,s067
17442,s003'
17482,s023
17550,s023E
17565,s025
17604,s024
17668,s024E
17683,s066
17737,fdo1
17796,fdi1
17817,s014
17862,s013
17921,s026
17975,s026E
17990,fdo0
18010,s028
18027,fdi0
18051,s028E
18066,fdo0
18103,s080
18123,s067
18140,fdi0
18179,s014
18245,s016
18276,s016E
18291,s021
18344,s021E
18359,fdo0
18379,s014
18396,fdi0
18421,s014
18577,s032
18615,s032E
18630,s014
18673,s017
18732,fdo0
18752,s031
18769,fdi0
18793,s031E
18808,fdo0
18836,s080
18856,s067
18873,fdi0
18891,s017
18915,fdo0
18935,s029
18952,fdi0
18976,s029E
18991,fdo0
19034,s080
19054,s067
19071,fdi0
19089,s017
19113,s026
19160,s026E
19175,fdo0
19195,s028
19212,fdi0
19236,s028E
19251,fdo0
19286,s014
19303,fdi0
19337,s014
19382,s016
19413,s016E
19428,fdo0
19448,s031
19465,fdi0
19489,s031E
19504,fdo0
19524,s029
19541,fdi0
19565,s029E
19580,fdo0
19600,s032
19617,fdi0
19648,s032E
19663,fdo0
19683,s033
19700,fdi0
19731,s033E
19746,fdo0
19789,s080
19809,s067
19826,fdi0
19992,tlk0
20008,jmp0
20022,jmp0
20038,ang0
20052,ang0
20068,thk1
20084,thk2
20432,tlk0
20446,tlk0
20462,jmp0
20481,thk1
20497,thk2
20513,pas0
20527,pas0
20549,sur0
20686,Jack_of_Spades
20736,s024E
20751,s150
20776,s150E
20791,s024
20964,tlk0
20980,jmp0
21692,tlk0
21706,tlk0
21722,tlk1
21736,tlk1
21757,nto0
21771,nto0
21787,nto1
21801,nto1
21817,itt0
21831,itt0
21847,itt1
21861,itt1
21877,yko0
21891,yko0
21907,yko1
21921,yko1
21937,thk1
21951,thk1
21967,thk1S
21980,thk1
21996,thk2
22010,thk2
22026,poi0S
22039,thk2
22055,poi0
22069,poi0
22085,poi1S
22098,poi0
22152,yko0S
22165,yko0
23632,tlk1
23661,tlk2S
23674,tlk2
23690,tlb0
23704,tlb0
23720,tlb1
23734,tlb1
23750,kwi0
23764,kwi0
23786,thk1
23800,thk1
23816,thk2
23830,thk2
23852,sis0
23866,sis0
23882,poi0
23896,poi0
23912,poi1
23926,poi1
23942,poi3
23956,poi3
23981,fdo1
24019,fdi1
24718,fdo1
24754,s005
24793,fdi1
24817,s006
24847,s006N
24868,s005
24994,s005
25065,s005
25105,s063
25214,s064
25256,s068
25288,s083
25308,s065
25390,s005
25436,s005
25474,s007
25558,s081
25615,s005
25938,fdo1
25967,s005
26006,fdi1
26210,fdo1
26239,s005
26278,fdi1
26302,s006
26347,s063
26377,s005
26602,fdo1
26631,s005
26670,fdi1
26694,s063
26739,s005
26760,fdo1
26780,s063K
26810,fdi1
26827,qstc
26902,fdo1
26931,s005
26970,fdi1
27010,s072
27203,fdo1
27232,s005
27271,fdi1
27311,s006
27341,s006
27473,fdo1
27502,s005
27541,fdi1
27672,fdo1
27701,s005
27740,fdi1
27871,fdo1
27900,s005
27939,fdi1
28034,fdo1
28063,s005
28102,fdi1
28167,fdo1
28196,s005
28235,fdi1
28406,fdo1
28435,s005
28474,fdi1
28509,s006
28621,fdo1
28644,s005
28683,fdi1
28781,fdo1
28804,s143
28857,fdi1
28907,s144
28942,fdo1
28962,s144N
28988,fdi1
29064,fdo1
29087,s143
29126,fdi1
29176,s144
29204,fdo1
29257,fdi1
29333,fdo1
29392,s143
29409,fdi1
29445,s144
29480,s144E
29495,ovl1
29512,s005
29547,fdo1
29578,fdi1
29640,fdo1
29663,s143
29702,fdi1
29752,s144
29787,s144E
29802,ovl1
29819,s005
29854,fdo1
29892,fdi1
29982,fdo1
30005,s143
30044,fdi1
30083,s143E
30098,ovl1
30115,s144
30150,fdo1
30203,fdi1
30270,fdo1
30293,s143
30332,fdi1
30382,s144
30417,s144E
30432,ovl1
30449,s005
30489,fdo1
30532,fdi1
30620,fdo1
30643,s143
30682,fdi1
30728,fdo1
30766,fdi1
30828,fdo1
30851,s143
30890,fdi1
30944,s144
30976,fdo1
31003,s144N
31029,fdi1
31632,tlk0
31655,thk1
31669,thk1
31685,thk2
31699,thk2
33252,tlk0
33266,tlk0f
33281,tlk2S
33294,tlk2
33310,ure0
33324,ure0
33346,thk1
33360,thk1
33376,thk2
33390,thk2
35076,tlk0
35120,moj0
38488,tlk0
38526,thk1
38540,thk1
38556,thk2
38570,thk2
38586,poi0
38600,poi0
38616,pas0
38630,pas0
38646,iro0
38660,iro0
38676,gmn0
38714,shk0
38728,shk0
38744,bik0
38782,gkr0
38829,mgi0
38843,mgi0
38859,mgi1
38873,mgi1
39038,fdo1
39096,s069
39113,fdi1
39137,s061
39167,s061N
39188,s069
39212,s070
39249,s070E
39264,fdo1
39284,s071
39307,fdi1
39337,s069
39361,fdo1
39389,fdi1
39628,fdo1
39686,s069
39703,fdi1
39733,s061
39757,s061E
39772,s070
39796,s070N
39817,s069
39841,fdo1
39869,fdi1
39886,qstc
40062,fdo1
40120,s069
40137,fdi1
40190,s061
40214,s061E
40229,s070
40253,s070N
40274,s069
40298,fdo1
40326,fdi1
40343,qstc
40845,fdo1
40923,s044
40947,fdi1
41007,s045
41040,s047
41094,s048
41127,s048E
41142,s050
41204,s050E
41219,s046
41293,s091
41313,s051
41346,s052
41410,fdo1
41454,fdi1
41761,fdo1
41834,s058
41851,fdi1
41938,s059
42007,s059E
42022,fdo1
42102,s044
42119,fdi1
42159,s044E
42174,fdo1
42235,s060
42252,fdi1
42313,s061
42344,s061E
42359,s062
42383,fdo1
42419,fdi1
42666,fdo1
42745,s037
42762,fdi1
42779,s037
42808,s054
42839,s055
42894,fdo1
42921,s056
42938,fdi1
42962,main
42986,s057
43040,fdo1
43087,fdi1
43104,qstc
43302,fdo1
43374,s069
43391,fdi1
43432,s061
43483,s061E
43498,ovl1
43515,s022
43536,s022
43559,s000
43587,s000
43607,s023
43666,s000
43692,s000
43710,s023E
43725,s069
43799,fdo1
43897,hor1
43914,fdi1
43948,fdo1
44010,fdi1
44043,s026E
44058,s027
44088,mai1
44162,s028
44225,s028E
44240,s029
44279,s029E
44294,s030
44322,s030E
44337,s031
44382,s031E
44397,s032
44450,s032E
44465,ovl1
44482,s027
44515,s027E
44530,s033
44590,s033E
44605,s039
44661,s039E
44676,s035
44749,s035E
44764,s036
44835,s036E
44850,ovl1
44867,s034
44898,s034E
44913,s037
44977,s037E
44992,s038
45061,s038E
45076,ovl1
45093,s031
45153,fdo1
45180,s0315
45246,s024
45263,fdi1
45298,s024E
45313,s069
45376,fdo1
45427,fdi1
45720,fdo1
45794,s069
45811,fdi1
45852,s061
45884,s061E
45899,ovl1
45916,s070
45958,s070E
45973,s069
46010,fdo1
46061,fdi1
46125,fdo1
46183,s069
46200,fdi1
46250,fdo1
46285,fdi1
46401,fdo1
46472,s060
46489,fdi1
46524,s060E
46539,s061
46574,s061E
46589,ovl1
46606,s069
46659,s069E
46674,s146
46732,fdo1
46752,s146N
46791,fdi1
46811,qstc
46876,fdo1
46955,s060
46972,fdi1
46993,s060E
47008,s061
47054,s061E
47069,ovl1
47086,s069
47119,s069E
47134,s070
47162,s070E
47177,s145
47211,fdo1
47231,s145E
47246,s146
47263,fdi1
47315,s146E
47330,s147
47365,s147E
47380,s061
47413,fdo1
47440,s061F
47473,fdi1
47504,fdo1
47570,s069
47587,fdi1
47618,fdo1
47645,s069u
47753,s000
47770,fdi1
47790,s000E
47805,ovl1
47822,s001
47886,s001E
47901,s002
47931,s002E
47946,s003
48019,s003E
48034,ovl1
48051,s004
48090,s004E
48105,ovl1
48122,s005
48189,s005E
48204,s006
48280,s006E
48295,s007
48343,s007E
48358,s008
48396,s008E
48411,s009
48440,fdo1
48466,s009'
48488,s010
48505,fdi1
48544,fdo1
48604,fdi1
48701,fdo1
48791,s069
48808,fdi1
48842,s052
48909,s053
48969,s053E
48984,s059
49045,fdo1
49076,opov
49099,s059E
49114,s054
49131,fdi1
49166,s054E
49181,s055
49242,s055E
49257,s056
49319,s056E
49334,s059
49373,s059E
49388,ovl1
49405,s054
49445,s054
49468,s103
49496,s103
49524,s103
49544,s057
49608,s103
49634,s103
49660,s103
49678,s057E
49693,s058
49737,s058E
49752,s058
49789,s058E
49804,s059
49872,s059E
49887,s060
49938,s060E
49953,s061
50058,fdo1
50086,s061F
50103,fdi1
50250,fdo1
50338,s052
50355,fdi1
50379,s052E
50394,s085
50422,fdo1
50453,s085E
50468,s086
50485,fdi1
50512,s086E
50527,ovl1
50544,s087
50579,s087J
50603,s053
50647,s053E
50662,s088
50720,s088E
50735,s089
50785,fdo1
50842,s090
50859,fdi1
50884,s090E
50899,s091
50959,s091E
50974,s092
51037,s092E
51052,ovl1
51069,s093
51111,s093E
51126,s094
51186,s094E
51201,s095
51243,s095'
51293,s097
51332,s097E
51347,s091
51385,fdo1
51405,s091E
51420,s099
51437,fdi1
51477,s099E
51492,s098
51534,fdo1
51588,fdi1
52185,fdo1
52202,fdo1F
52217,kidl0
52377,s094
52397,fdi1
52424,s094Er
52439,s095
52527,s095Er
52542,s096
52574,tlk0+
52627,s096Er
52642,s097
52659,tlk0+
52682,tlk1Rr
52697,s097Er
52712,s098
52759,fdo1
52805,s098
52892,s099
52912,fdi1
52929,tlk0
52957,s099Er
52972,s100
53015,aBRr
53028,s100Er
53043,s101
53099,s101
53131,s102
53219,s103
53340,s192
53368,s192
53388,s104
53435,s192
53461,s192
53479,s104Er
53494,s105
53560,s106
53661,s193
53689,s193
53709,s107
53769,s193
53795,s193
53813,s107Er
53828,s108
53912,s109
53959,s109Er
53974,s110
54031,s110Er
54046,s111
54093,s111
54116,s194
54144,s194
54164,s190
54226,s194
54252,s194
54270,s190Er
54285,s112
54331,s112Er
54346,s113
54363,tlk0+
54386,tlk1Rr
54401,s113Er
54416,s114
54450,tlk0+
54473,tlk1Rr
54488,s114Er
54503,s115
54520,spp0+
54543,s115Er
54558,s116
54575,teh0
54593,spp1
54611,s116
54634,s195
54662,s195
54682,s117
54688,kidl0
54729,tlk0+
54760,s195
54786,s195
54804,s117Er
54819,s191
54836,star
54900,stop
54930,who1
54947,who1Rr
54972,kidl0
54981,kidl0
55082,s118
55102,main
55119,whi1
55136,whi1
55154,s118Er
55169,s119
55186,kbk0+
55209,s119
55232,s196
55260,s196
55280,s120
55319,kbk1S
55332,kbk0J
55365,tlk0+
55393,qstc
55418,s196
55431,OBRr
55444,s196
55462,s120
55488,s100Er
55503,s101
55520,tlk0+
55556,fdo1
55576,s101Rr
55625,fdi1
56188,tlk0
56202,tlk0
56218,thk1
56232,thk1
56248,thk2
56262,thk2
56278,shk0
56292,shk0
56330,bik0
56346,gkr0
56384,syu0
56398,syu0
56414,iro0
56428,iro0
56444,dis0
56458,dis0
56474,pas0
56488,pas0
58516,tlk0
58554,thk1
58568,thk1
58584,thk2
58598,thk2
58614,wai0
58628,wai0
58644,shk0
58658,shk0
58674,wav0
58688,wav0
58704,syu0
58718,syu0
58734,iro0
58748,iro0
58764,ehn0
58802,zit0
58840,gkr0
58878,pas0
58892,pas0
59444,qstc
59781,fdo1
59822,s036
59877,fdi1
59917,fdo1
59985,s037
60002,fdi1
60033,s037E2
60048,s038
60131,s039
60230,s039E2
60245,s040
60288,s041
60354,fdo1
60392,fdi1
60635,fdo1
60676,s036
60731,fdi1
60771,fdo1
60839,s042
60856,fdi1
60914,s043
60962,fdo1
61006,fdi1
61023,qstc
61822,qstc
62036,tlk0
62055,tlk1
62081,tlk0
62632,tlk0
62670,thk1
62684,thk1
62700,thk2
62714,thk2
62730,ehn1
62744,ehn1
62760,poi0
62774,poi0
62790,iro0
62804,iro0
62820,zit0
62858,dis0
62872,dis0
62910,bik0
63452,qstc
64107,tlk0
64126,tlk1
64152,iro0
64224,main
64676,tlk0
64690,tlk0
64706,tlk1
64720,tlk1
64736,tlb0
64750,tlb0
64766,tlb1
64780,tlb1
65104,tlk0
65118,tlk0
65134,tlk1
65148,tlk1
65164,tlb0
65178,tlb0
65194,tlb1
65208,tlb1
65360,tlk0
65374,tlk0
65390,tlk1
65404,tlk1
65420,tlb0
65434,tlb0
65450,tlb1
65464,tlb1
66280,tlk0
66318,thk1
66332,thk1
66348,thk2
66362,thk2
66378,pas0
66392,pas0
66458,fdo1
66484,s009
66549,fdi1
66602,s010
66657,s010E
66672,s011
66703,s012
66734,s012E
66749,s009
66800,fdo1
66851,fdi1
67095,fdo1
67121,s009
67179,fdi1
67222,fdo1
67266,fdi1
67283,qstc
67420,fdo1
67446,s009
67511,fdi1
67557,s010
67612,s010E
67627,s009
67651,s012
67675,s012E
67690,s009
67719,fdo1
67763,fdi1
67932,fdo1
67958,s009
68023,fdi1
68057,fdo2
68085,s082
68105,s076
68122,fdi2
68154,fdo1
68198,fdi1
68215,qstc
68492,tlk0
68530,thk1
68544,thk1
68560,thk2
68574,thk2
68988,tlk0
69026,thk1
69040,thk1
69056,thk2
69070,thk2
69468,tlk0
69484,idl0
71048,tlk0
71224,msu0
71241,msu0f
71256,msu1f
71271,dis0
71288,dis0
72327,tlk0
72353,tlk0
72372,tlk1
73286,qstc
73310,tlk0
73326,tlk1
73344,pas0
73358,pas0
73381,fdo1
73398,fdo1F
73425,s039
73442,fdi1
73486,fdo1
73503,fdo1E
73518,s040
73535,fdi1
73557,thk1
73590,thk2
73609,s040E
73624,s041
73641,tlk0
73660,tlk1
73679,fdo1
73696,fdo1R
73711,s041E_
73726,fdi2
74052,fdo1
74069,fdo1F
74096,s040
74113,fdi1
74192,s040E
74207,s039
74242,poi0
74268,s040E
74283,s042
74309,thk1
74328,thk2y
74364,s042E
74379,s039
74411,poi0
74434,fdo1
74451,fdo1R
74466,s041E_
74481,fdi2
74507,fdo1
74650,fdi1
74744,tlk0
74838,tlk0
75033,fdo1
75070,fdi1
75153,tlk0
75172,tlk1
75260,tlk0
75489,tlk0
75520,tlk1
75538,tlk0
75565,tlk1H
75600,tlk0
75635,tlk1
75720,tlk0
75739,tlk1
75786,tlk0
75817,tlk1
75836,tlk0
75926,tlk0
75945,tlk1
75974,thk1
75993,thk2S
76006,thk2f
76021,tlk0
76068,tlk1
76129,tlk0
76251,tlk0
76278,tlk1
76320,tlk0
76387,tlk1
76439,tlk0
76495,tlk0
76514,tlk1
76600,thk1
76665,tlk0
76688,tlk1
76747,pas0
76764,pas0
76846,pas0
76863,pas0f
76878,tlk0
76897,thk1
76916,thk2
76935,tlk0
76954,tlk1
77020,tlk0
77043,tlk1
77070,pas0
77087,pas0f
77102,tlk0
77208,pas0
77225,pas0
77244,tlk0
77350,pas0
77367,pas0f
77382,tlk0
77459,dis0
77490,pas0
77545,tlk0
77618,dis0
77637,tlk0
77706,thk1
77725,thk2
77744,tlk0
77763,tlk1
77779,tlk1
77803,pas0
77828,pas0
77874,tlk0
77901,tlk1
77917,tlk1
77941,pas0
78021,tlk0
78044,tlk1
78060,tlk1
78084,pas0
78101,pas0
78124,pas0
78141,pas0
78199,tlk0
78218,tlk1S
78231,tlk1f
78246,thk1
78265,thk2
78307,thk1
78326,thk2n
78379,pas0
78784,fdi1
78801,fdi1
78817,fdo1
78834,fdo1
78858,tlk0
78876,tlk1
78902,tlk0
78920,tlk1
78946,tlk0
78964,tlk1
78990,tlk0
79008,tlk1
79034,tlk0
79052,tlk1
79078,tlk0
79096,tlk1
79122,tlk0
79140,tlk1
79166,tlk0
79184,tlk1
79379,fdo1
79399,fdi1
79883,fdo1
79903,fdi1
80451,fdo1
80471,fdi1
82788,tlk1
83020,thk1
83037,thk1f
83052,thk2f
83067,sis0
83084,sis0
84067,tlk0
84093,tlk0
84112,tlk2
85026,qstc
85050,tlk0
85066,tlk2
85084,pas0
85098,pas0
85136,fdo1
85153,fdo1F
85180,s072
85197,fdi1
85226,fdo1
85243,fdo1R
85258,s072E
85273,s073
85290,fdi1
85311,tlc0
85330,tlc1
85349,fdo1
85366,fdo1f
85381,thk1R
85396,s073E
85411,s074
85428,fdi1
85450,thk1f
85465,thk2
85513,s074E
85528,s072
85545,dis0
85564,fdo1
85581,fdo1E_
85596,fdi2
85983,fdo1
86000,fdo1F
86027,s073
86044,fdi1
86088,s073E
86103,s074
86134,tlc0
86153,tlc1R
86168,s074E
86183,s072
86211,thk1R
86226,s073E
86241,s075
86260,thk1f
86275,thk2
86301,s075E
86316,s074
86348,tlc0
86367,tlc1R
86382,s074E
86397,s072
86428,fdo1
86445,fdo1E_
86460,fdi2
86536,tlk0
86555,tlk2
86573,tlk0
86592,tlk2
86673,tlk0
86692,tlk2
86710,tlk0
86929,thk1
86948,thk2
86967,tlk0
86994,tlk2
87012,tlk0
87039,tlk2H
87070,dis0
87087,dis0f
87102,tlk0
87137,tlk2
87222,tlk0
87241,tlk2
87288,tlk0
87398,tlk0
87417,tlk1
87446,thk1
87465,thk2S
87478,thk2f
87493,tlk0
87540,tlk1
87601,tlk0
87692,tlk0
87738,tlk1
87780,tlk0
87847,tlk1
87899,tlk0
87955,thk1
88008,thk2
88060,thk1
88125,tlk0
88148,tlk1
88191,tlk0
88210,pas0
88227,pas0
88309,pas0
88326,pas0f
88341,thk1
88360,thk2
88379,tlk0
88402,tlk2
88468,tlk0
88491,tlk2
88518,pas0
88535,pas0f
88550,tlk0
88636,tlk0
88659,tlk2
88686,pas0
88703,pas0
88722,tlk0
88808,tlk0
88831,tlk2
88858,pas0
88875,pas0f
88890,tlk0
88963,poi0
88987,poi0
89011,pas0
89066,pas0
89135,dis0
89152,dis0f
89167,tlk0
89236,thk1
89255,thk2
89274,tlk0
89293,tlk2
89320,pas0
89345,pas0
89391,tlk0
89435,pas0
89503,tlk0
89527,tlk1
89551,pas0
89568,pas0
89591,pas0
89608,pas0
89666,thk1
89685,thk2
89704,tlk0
89761,ure0
89778,ure0f
89793,dis0
89810,dis0
89829,pas0
90234,fdi1
90251,fdi1
90267,fdo1
90284,fdo1
90308,tlk0
90326,tlk1
90352,tlk0
90370,tlk1
90396,tlk0
90414,tlk1
90440,tlk0
90458,tlk1
90484,tlk0
90502,tlk1
90528,tlk0
90546,tlk1
90572,tlk0
90590,tlk1
90616,tlk0
90634,tlk1
90842,fdo1
90862,fdi1
91359,fdo1
91379,fdi1
91943,fdo1
91963,fdi1
92793,fdo1
92813,fdi1
94160,kue0
94272,chco
94296,fdo0
94353,fdi0
94660,kue0
94772,chco
94796,fdo0
94853,fdi0
95160,kue0
95272,chco
95296,fdo0
95353,fdi0
95744,tlk0
95769,thk1
95783,thk1
95799,thk2
95813,thk2
95829,pas0
95843,pas0
95859,ure0
95873,ure0
95901,ang0
96175,qstc
96354,fdo1
96384,fdi1
96415,qstc
96804,tlk0
97128,yro0
97142,yro0
97192,yro0
97206,yro0
103244,tlk0
103266,tlk0
103310,tlk0
103903,tlk0
103921,tlk1
103985,tlk0
104003,tlk1
104040,tlk0
104058,tlk1
104113,tlk0
104131,tlk1
104383,s162Eo
104398,s163
104490,s163Eo
104505,s164
104781,fdo1
104798,fdo1F
104945,s215
104965,fdi1
105020,fdo1
105037,fdo1Ro
105052,s215
105229,fdo1
105246,fdo1
105305,fdo1
105322,fdo1Ro
105337,s215
105682,fdo1
105699,fdo1Ro
105714,s202Ro
105729,s214Ro
105744,s215
105781,fdo1
105798,fdo1Ro
105813,s202Ro
105828,s214Ro
105843,s215
105997,fdi1
106365,fdo2
106382,fdo2Ro
106397,s112Ro
106412,s114Ro
106427,s211N
106506,fdi2
106534,fdo1
106551,fdo1F
106647,s128
106667,fdi1
106698,s128Eo
106713,s115
106730,tlk0
106758,tlk1
106784,s115Eo
106799,s116
106816,tlk0+V
106855,s116Eo
106870,s117
106887,tlk1+V
106910,fdo1
106927,fdo1Ro
106942,s117N
106974,fdi1
108484,kue0
108711,fdi1
116683,fdi1
117363,P6c6v6
117544,fdo1
117561,fdo1F
117634,s110
117654,fdi1
117682,s110Eo
117697,s111
117714,tlk0+C
117737,fdo1
117754,fdo1Ro
117769,s111F
117789,fdi1
121152,fdo1
121169,fdo1F
121194,stop
121266,s197
121286,fdi1
121306,s094
121401,kick+C
121435,s197
121455,fdi1
121475,s094
121518,tuki+C
121552,s197
121572,fdi1
121592,s094
121609,furi+C
121635,s207
121655,fdi1
121675,s094
121741,fdo1
121773,s197R
121788,s207
121839,fdo1
121856,fdo1F
121876,stop
121937,s197
121957,fdi1
122115,fdo1
122147,s197x
122175,fdo1
122192,fdo1F
122212,stop
122300,s121
122320,fdi1
122343,who1
122360,who1Ro
122476,MK+C
122534,fdo1
122551,fdo1F
122610,fdo1
122627,fdo1F
122702,stop
122752,fdo1
122769,fdo1F
122823,stop
122883,s173
122911,stop
122962,sha0Eo
122977,s136
122997,stop
123048,sha0Eo
123063,s136
123083,fdi1
123117,fdo1
123134,fdo1R
123149,s173Ro
123164,s136f
123179,sha1
123223,fdo1
123240,fdo1F
123288,stop
123324,hi03E
123339,s174
123359,fdi1
123386,str0
123414,stop
123468,s185
123488,fdi1
123515,str0
123535,stop
123586,s185
123606,fdi1
123633,str0
123664,fdo1
123681,fdo1R
123696,s185R
123748,WPkidl0D
123770,stop
123777,qPkchi0J
123799,stop
123825,fdo1
123842,fdo1F
123902,stop
123934,stop
123973,fdi1
123990,s187
124018,kue0
124099,fdo1
124116,fdo1F
124136,stop
124153,stop
124225,s114
124245,fdi1
124279,fdo1
124296,fdo1Ro
124311,s114
124346,fdo1
124363,fdo1F
124383,stop
124511,fdo1
124528,fdo1F
124581,fdo1
124598,fdo1F
124651,fdo1
124668,fdo1F
124721,fdo1
124738,fdo1F
124791,fdo1
124808,fdo1F
124861,fdo1
124878,fdo1F
124931,fdo1
124948,fdo1F
125001,fdo1
125018,fdo1F
125071,fdo1
125088,fdo1F
125141,fdo1
125158,fdo1F
125211,fdo1
125228,fdo1F
125281,fdo1
125298,fdo1F
125351,fdo1
125368,fdo1F
125421,fdo1
125438,fdo1F
125505,fdo1
125522,fdo1F
125982,fdo1
125999,fdo1R
126014,s136N
126091,fdo1
126108,fdo1F
126256,s240
126276,fdi1
126350,s241
126370,fdi1
126432,s242
126452,fdi1
126518,s242Eo
126533,s243
126576,joy0
126633,joy0
126691,s243Eo
126706,s244
126747,nak2
126840,s243Eo
126855,s245
126881,nak2
126973,s240E
126988,s234
127060,s234E
127075,s235
127115,s235
127133,s236
127185,s236E
127200,s237
127237,s237E
127252,s238
127307,s237E
127322,s081
127445,s241E
127460,s082
127542,s082E
127557,s083
127600,s083
127618,s084
127670,s084E
127685,s085
127722,s085E
127737,s086
127792,s085E
127807,s087
127935,s242E
127950,s088
128025,s088E
128040,s089
128083,s089
128101,s090
128156,s090E
128171,s091
128208,s091E
128223,s092
128290,s091E
128305,s093
128419,fdo1
128436,fdo1R
128451,s238R
128466,s081R
128481,s086R
128496,s087R
128511,s092R
128720,s239
128740,fdi1
128832,s239E
128847,s240
128864,thk1+C
128887,s240E
128902,s241
128919,thk2
128937,tlk0+C
128960,s241E
128975,s242
129000,tlk1+C
129060,s240E
129075,s182
129095,main
129150,s241E
129165,s183
129185,main
129232,s241E
129247,s185
129267,main
129343,fdo1
129360,fdo1Ro
129375,s240Ro
129390,s241Ro
129405,s242Ro
129420,s244Ro
129570,s178R
129585,s242R
129600,s154R
129615,s156R
129630,s161R
129645,s182R
129660,s183R
129675,s185
129819,s114
129836,s114
129968,s170
130099,s173
130247,s176
130268,dk+C
130383,tlk0+C
130406,tlk1
130444,s171
130552,s174
130581,joy0
130640,s177
130666,nak2
130691,s094
130789,tlk0+C
130812,tlk1
130927,s172
130970,s175
131005,s178
131022,tlk0+C
131053,tlk1+C
131083,Im+C
131162,tlk0+C
131185,tlk1
131271,s172E
131286,s153
131303,tlk0+C
131326,s153E
131341,s154
131399,s175E
131414,s155
131431,tlk0+C
131454,s155E
131469,s156
131519,s178E
131534,s160
131551,tlk0+C
131574,s160E
131589,s161
131609,tlk1+C
131673,s172E
131688,s153
131705,tlk0+C
131728,s153E
131743,s154
131801,s175E
131816,s155
131833,tlk0+C
131856,s155E
131871,s156
131921,s178E
131936,s160
131953,tlk0+C
131976,s160E
131991,s161
132011,tlk1
132082,nq+C
132561,fdo1
132578,fdo1
132905,nak2
132984,nak2
133392,nak2
133411,Uv+C
133637,fdo1
133654,fdo1F
133802,s090
133822,fdi1
133888,s091
133908,fdi1
134158,s179
134234,s182
134277,dis0+T
134335,s183
134387,s184
134439,s185
134456,twb0+T
134517,s186
134568,dis0+S
134743,s187
134819,s190
134862,dis0+T
134920,s191
134972,s192
135024,s193
135041,twb0+T
135102,s194
135153,dis0+S
135210,s092
135253,joy0
135310,joy0
135383,s093
135424,nak2
135532,s094
135558,nak2
135631,s090E
135646,s184
135666,main
135713,s091E
135728,s186
135748,main
135860,s181E
135875,s157
135915,s157E
135930,s158
135980,s189E
135995,s162
136035,s162E
136050,s163
136067,tlk0+V
136090,tlk1
136127,fdo1
136324,s194R
136339,s158R
136354,s159R
136369,s163R
136384,s164R
136399,s184R
136414,s186
136602,s114
136619,s114
136769,s179
136926,s187
136997,tlk0+V
137050,s180
137079,joy0
137144,tlk0+V
137197,s188
137223,nak2
137248,s094
137297,tlk0+V
137320,tlk1
137386,s181
137421,s189
137438,tlk0+V
137469,tlk1+V
137529,tlk0+V
137552,tlk1
137626,s181E
137641,s157
137681,s157E
137696,s158
137713,thk1+V
137736,thk2+V
137759,s158E
137774,s159
137824,s189E
137839,s162
137879,s162E
137894,s163
137911,thk1+V
137934,thk2+V
137957,s163E
137972,s164
137989,tlk0
138007,tlk1
138063,s181E
138078,s157
138138,s157E
138153,s159
138203,s189E
138218,s162
138278,s162E
138293,s164
138310,tlk0
138328,tlk1
138364,nq+V
138438,fdo1
138455,fdo1
138909,nak2
138988,nak2
139218,nak2
139441,fdo1
139458,fdo1F
139593,s095
139613,fdi1
139723,s096
139766,joy0
139823,joy0
139896,s097
139937,nak2
140045,s098
140071,nak2
140136,s095E
140151,s187
140171,main
140253,s239
140279,s240E
140294,s165
140334,s165E
140349,s166
140366,tlk0+X
140389,tlk1
140446,s239
140472,s240E
140487,s165
140527,s165E
140542,s168
140559,tlk0+W
140582,tlk1
140636,fdo1
140758,s243R
140773,s166R
140788,s167R
140803,s168R
140818,s169R
140833,s187
140956,s114
140973,s114
141140,s238
141203,tlk0+X
141256,s239
141282,nak2
141307,s094
141356,tlk0+X
141379,tlk1
141437,s240
141454,tlk0+X
141485,tlk1+X
141545,tlk0+X
141568,tlk1
141612,s239
141638,s240E
141653,s165
141693,s165E
141708,s166
141725,thk1+X
141748,thk2+X
141771,s166E
141786,s167
141803,tlk0
141821,tlk1
141847,s239
141873,s240E
141888,s165
141948,s165E
141963,s167
141980,tlk0
141998,tlk1
142160,s238
142223,tlk0+W
142276,s239
142302,nak2
142327,s094
142376,tlk0+W
142399,tlk1
142457,s240
142474,tlk0+W
142505,tlk1+W
142565,tlk0+W
142588,tlk1
142632,s239
142658,s240E
142673,s165
142713,s165E
142728,s168
142745,thk1+W
142768,thk2+W
142791,s168E
142806,s169
142823,tlk0
142841,tlk1
142867,s239
142893,s240E
142908,s165
142948,tlk0+W
142971,s165E
142986,s169
143006,tlk1
143042,nq+X
143106,nq+W
143210,fdo1
143227,fdo1
143435,nak2
143667,nak2
143746,nak2
144009,nak2
144250,nak2
144438,fdo1
144455,fdo1F
144624,fdo1
144641,fdo1F
144760,fdo1
144777,fdo1Ro
144792,s150Ro
144807,s151Ro
144822,s152
144884,fdo1
144901,fdo1F
144960,stop
144999,stop
145083,fdo1
145100,fdo1F
145164,stop
145431,fdo1
145448,fdo1F
145546,stop
145552,kidl0D
145590,stop
145596,kchi0J
145631,s162
145651,fdi1
145716,fdo1
145733,fdo1F
145797,stop
145803,kidl0D
146034,s167
146054,fdi1
146223,fdo1
146240,fdo1F
146317,stop
146323,kidl0D
146358,stop
146364,kchi0J
146409,s174
146429,fdi1
146457,kue0
146609,ust0fN
146624,dis0f.
146639,dis0+C
146753,wav0f.
146768,wav0
146786,fdo1
146803,fdo1Ro
146883,s176
146903,fdi1
146923,tlk0
146951,tlk1E
146966,fdo1
146983,fdo1Ro
146998,s176xN
147057,fdo1
147074,fdo1F
147163,stop
147231,stop
147237,kchi0J
147318,s180
147338,fdi1
147373,pas0
147442,joy0
147502,kow0JC
147570,kou0
147612,fdo1
147629,fdo1Ro
147761,s176
147781,fdi1
147801,tlk0
147829,tlk1E
147844,fdo1
147861,fdo1Ro
147876,s176
147893,fdo1
147910,fdo1F
148008,s187
148028,fdi1
148073,s187Eo
148088,s188
148235,s176
148255,fdi1
148275,tlk0
148303,tlk1E
148318,fdo1
148335,fdo1Ro
148350,s176
148367,fdo1
148384,fdo1F
148404,stop
148468,kchi0J
148676,s192
148696,fdi1
148716,ton0
148750,ton1
148768,ust0
148813,ton1
148831,yor0'
148918,s176
148938,fdi1
148958,tlk0
148986,tlk1E
149001,fdo1
149018,fdo1Ro
149033,s176
149050,fdo1
149067,fdo1F
149087,stop
149158,s195
149178,fdi1
149326,s176
149346,fdi1
149366,tlk0
149394,tlk1E
149409,fdo1
149426,fdo1Ro
149441,s176N
149599,kidl0D
149619,kidl0D
149631,kchi0J
149649,kidl0D
149661,kchi0J
149710,s112
149814,s211
149896,s114
149973,hi03
149988,str0
150013,s181
150033,s180
150060,hi02
150085,hi04
150110,hi05
150135,hi04
150160,hi08
150167,kidl0D
150200,s246
150220,s113
150245,slp0
150268,s191
150288,s190
150305,str0
150332,usit
150355,s191
150375,s190
150402,ustd
150425,s191
150445,s190
150472,usit
150495,s191
150515,s190
150542,usit
150565,s191
150585,s190
150612,ira0
150637,obi0
150662,ira0
150669,kidl0D
150702,s209
150722,s211
150747,slp0
150770,s191
150790,s190
150807,str0
150834,usit
150857,s191
150877,s190
150904,ustl
150927,s196
150947,s205
150974,usit
150997,s191
151017,s190
151044,usit
151067,s191
151087,s190
151114,ira0
151137,s198
151157,s204
151184,obi0
151207,s200
151227,s199
151254,ira0
151277,s198
151297,s204
151324,ustl
151347,s196
151367,s205
151376,kchi0J
151409,s210
151429,s114
151447,fdo1
151464,fdo1
151491,s114
151511,fdi1
151545,fdo1
151562,fdo1Ro
151577,s114x
151594,fdo1
151611,fdo1
151677,s112
151697,fdi1
151750,who1
151767,who1Ro
151782,s112
151820,hi02E
151835,shna
151852,s171
151872,whi1
151889,s094
151906,whi1
151951,fdo1
151968,fdo1E
151983,ehna
152000,hi00R
152015,s171x
152032,fdo1
152049,fdo1
152064,stop
152113,s182
152133,fdi1
152150,s094
152170,joyb
152225,fdo1
152242,fdo1R
152257,s182x
152274,fdo1
152291,fdo1
152306,stop
152367,s197
152387,fdi1
152429,fdo1
152461,s197x
152508,fdo1
152525,fdo1
152713,fdi1
153070,fdo1
153087,fdo1Ro
153102,s113Ro
153117,s211Ro
153132,s114
153225,hi07
153884,hi00
153920,hori
154015,fdo1
154032,fdo1
154105,s208
154125,fdi1
154332,fdi1
154461,hi07
154499,hi07
154552,hi09
154630,fdi1
154682,fdi1
154837,joyb
154886,joyb
154935,joyb
155069,fdi1
155121,fdi1
155493,fdo1
155510,fdo1Ro
155525,s246Ro
155540,s208Ro
155555,s209Ro
155570,s210
155661,s181Ro
155676,s246E
155691,s188
155711,main
155762,s181
155782,s246
155857,s191Ro
155872,s209E
155887,s189
155907,main
155958,s191
155985,s191
156012,s191
156039,s191
156066,s191
156086,s209
156161,s191R
156176,s196R
156191,s198R
156206,s200Ro
156221,s210E
156236,s189
156256,main
156307,s191
156334,s191
156361,s196
156388,s191
156415,s191
156442,s198
156469,s200
156496,s198
156523,s196
156543,s210
156560,nak2
156612,fdo1
156629,fdo1w
156685,fdi1
156771,s094
156855,s094
156939,s094
157023,s094
157107,s094
157191,s094
157235,fdo1
157252,fdo1R
157267,s201R
157282,s202Ro
157297,s212Ro
157312,s220R
157327,s192R
157342,s197R
157357,s206xN
157393,s211
157429,s192
157461,s192
157493,s192
157525,s192
157550,s220
157570,s114R
157585,s205R
157600,s204
157636,s201
157668,s197
157700,s201
157732,s201
157764,s206
157796,s202
157828,s206
157860,s197
157885,s212
157917,main
157937,main
157971,joyb
158048,fdo1
158065,fdo1
158134,stop
158151,s117
158171,fdi1
158206,hi10
158224,main
158252,stop
158269,s119
158289,fdi1
158324,wup0
158342,main
158362,stop
158379,s121
158399,fdi1
158434,wup0
158452,main
158509,hi03
158524,str0
158541,s116
158569,slp0
158584,str0
158601,s118
158621,slp0
158636,str0
158653,s120
158673,fdi1
158710,hi08Eo
158725,s247
158753,obi0Eo
158768,s221
158788,obi0Eo
158803,s213
158823,fdi1
158850,fdo1
158867,fdo1Ro
158882,s213Ro
158897,s221Ro
158912,s247R
158927,s116R
158942,s117R
158957,s118R
158972,s119R
158987,s120R
159002,s121x
159162,fdo1
159179,fdo1N
159228,stop
159260,hi04
159278,s176
159306,stop
159338,usit
159356,s196
159376,stop
159408,usit
159426,s196
159446,fdi1
159482,fdo1
159499,fdo1R
159529,s196
159555,fdo1
159572,fdo1N
159621,stop
159653,hi05
159671,s177
159699,stop
159731,ustd
159749,s183
159769,stop
159801,ustl
159819,s198
159839,fdi1
159875,fdo1
159892,fdo1R
159907,s177R
159937,s198
159963,fdo1
159980,fdo1N
160029,stop
160061,hi04
160079,s176
160107,stop
160139,usit
160157,s196
160177,stop
160209,usit
160227,s196
160247,fdi1
160278,fdo1
160295,fdo1R
160325,s196
160351,fdo1
160368,fdo1N
160417,stop
160446,s175
160466,fdi1
160486,hi07
160530,stop
160559,s184
160579,fdi1
160632,stop
160661,s193
160681,fdi1
160742,fdo1
160759,fdo1R
160774,s175R
160789,s193R
160804,s184N
160827,fdo1
160844,fdo1N
160893,stop
160922,s184
160942,fdi1
161007,stop
161036,s193
161056,fdi1
161129,fdo1
161146,fdo1R
161161,s175R
161176,s193R
161191,s184N
161214,fdo1
161231,fdo1N
161280,stop
161309,s245
161329,fdi1
161349,main
161402,stop
161431,s193
161451,fdi1
161471,main
161532,fdo1
161549,fdo1R
161564,s245R
161579,s193N
161602,fdo1
161619,fdo1N
161668,stop
161700,usit
161718,s196
161738,stop
161770,usit
161788,s196
161808,fdi1
161844,fdo1
161876,s196
161902,fdo1
161919,fdo1N
161968,stop
162000,ira0E
162015,s186
162035,stop
162067,ira0E
162082,s194
162102,fdi1
162133,fdo1
162150,fdo1R
162165,s194R
162180,s186
162206,fdo1
162223,fdo1
162238,stop
162311,s198
162331,fdi1
162351,main
162379,fdo1
162411,s198kidl0J
162443,fdo1
162460,fdo1
162535,hi03E
162550,s172
162570,fdi1
162590,str0
162648,s195
162668,fdi1
162688,str0
162738,s195
162758,fdi1
162778,str0
162806,fdo1
162823,fdo1R
162853,s195
162865,kidl0D
162885,stop
162902,kidl0D
162922,stop
162931,kchi0J
162951,stop
162992,fdo1
163009,fdo1N
163080,stop
163086,kidl0D
163121,s178
163141,fdi1
163161,hi07
163176,main
163219,stop
163225,kidl0D
163260,s188
163280,fdi1
163300,kue0
163318,main
163353,stop
163359,kchi0J
163394,s203
163414,fdi1
163434,nak0
163449,main
163515,fdo1
163532,fdo1R
163547,s178R
163562,s188R
163577,s203N
163685,s215
163705,fdi1
163820,s215
163840,fdi1
163958,s215
163978,fdi1
164101,s215
164121,fdi1
164239,s215
164259,fdi1
165821,fdo1
165838,fdo1F
165893,s247
165913,fdi1
165933,tlk0+C
165959,s248
165979,fdi1
165999,tlk0+C
166022,tlk1E
166037,fdo1
166054,fdo1R
166069,s247R
166084,s248F
166104,fdi1
166176,s119
166196,fdi1
166216,tlk0
166244,tlk1E
166259,fdo1
166276,fdo1R
166291,s119
166296,kchi0J
166378,s120
166398,fdi1
166418,tlk0
166447,tlk1J
166474,s120E
166489,s121
166526,hi02J
166550,s123
166570,whi1
166587,whi1n
166635,who1
166652,who1R
166732,sha0E
166747,s124
166767,whi1
166784,whi1JD
166837,sha1
166870,who1
166887,who1R
166902,s124N
166964,s125
166984,whi1
167001,whi1'
167102,who1
167119,who1R
167184,s122
167204,whi1
167221,whi1f
167236,tlk0
167252,tlk1J
167295,fdo1
167312,fdo1R
167327,s122xN
167386,s174
167406,fdi1
167423,str0
167467,fdo1
167499,s174
167514,stop
167520,kidl0D
167574,s131
167594,fdi1
167614,tlk0
167642,tlk1
167660,fdo1
167677,fdo1R
167692,s131
167738,s179
167755,shna
167775,fdi1
167809,fdo1
167841,s179kidl0D
167865,ehna
167914,fdo1
168033,s132
168053,fdi1
168073,tlk0
168099,tlk1+C
168125,fdo1
168142,fdo1R
168157,s132
168203,shna
168220,s179
168240,fdi1
168279,fdo1
168326,ehna
168332,kidl0D
168391,s130
168411,fdi1
168431,tlk0
168459,tlk1
168491,fdo1
168508,fdo1R
168523,s130
168571,s239
168591,fdi1
168611,tlk0
168640,tlk1E
168655,fdo1
168672,fdo1R
168687,s239x
168736,s239
168756,fdi1
168776,tlk0
168805,tlk1E
168820,fdo1
168837,fdo1R
168852,s239x
168901,s239
168921,fdi1
168941,tlk0
168970,tlk1E
168985,fdo1
169002,fdo1R
169017,s239x
169066,s239
169086,fdi1
169106,tlk0
169132,tlk1+C
169178,fdo1
169195,fdo1R
169210,s239x
169259,s239
169279,fdi1
169299,tlk0
169328,tlk1E
169343,fdo1
169360,fdo1R
169375,s239x
169424,s239
169444,fdi1
169464,tlk0
169493,tlk1E
169508,fdo1
169525,fdo1R
169540,s239x
169589,s239
169609,fdi1
169629,tlk0
169658,tlk1E
169673,fdo1
169690,fdo1R
169705,s239x
169754,s239
169774,fdi1
169794,tlk0
169823,tlk1E
169838,fdo1
169855,fdo1R
169870,s239x
169919,s239
169939,fdi1
169959,tlk0
169988,tlk1E
170003,fdo1
170020,fdo1R
170035,s239x
170084,s239
170104,fdi1
170124,tlk0
170153,tlk1E
170168,fdo1
170185,fdo1R
170200,s239x
170249,s239
170269,fdi1
170289,tlk0
170318,tlk1E
170333,fdo1
170350,fdo1R
170365,s239x
170414,s239
170434,fdi1
170454,tlk0
170480,tlk1+C
170506,fdo1
170523,fdo1R
170538,s239x
170587,s239
170607,fdi1
170627,tlk0
170656,tlk1E
170671,fdo1
170688,fdo1R
170703,s239x
170752,s239
170772,fdi1
170792,tlk0
170826,tlk1E
170841,fdo1
170858,fdo1R
170873,s239x
171144,kidl0D
171185,s113
171205,fdi1
171225,tlk1
171259,ten1RC
171274,s113EC
171289,s114
171326,s114EC
171341,s115
171406,s117
171422,s118
171439,s094
171521,s118EC
171536,s121
171581,poi0
171610,s119
171627,kue0
171660,kue0
171728,s119EC
171743,s122
171822,dis0
171850,tlk0+S
171873,ten0
171889,s120
171963,s095
171993,s120EC
172008,s121
172025,tlk1+S
172048,ten1f
172063,dis0+T
172087,s118
172104,s094
172159,s118EC
172174,s121
172216,s121EC
172231,s122
172269,poi0
172314,s122EC
172329,s123
172367,tlk0
172395,ten0
172411,fdo1
172428,fdo1RC
172443,s121RC
172458,s122RC
172566,kchi0J
172686,s124
172706,fdi1
172726,tlk1
172760,ten1RC
172775,s124EC
172790,s125
172836,s125EC
172851,s126
172889,s131
172906,s094
172988,s131EC
173003,s134
173048,poi0
173076,fdo1
173093,fdo1RC
173108,s134
173124,s133
173159,nak0EY
173174,nak2
173191,nak0EY
173206,nak2
173231,s133EC
173246,s135
173306,dis0
173334,tlk0+S
173357,ten0E
173372,fdo1
173389,fdo1RC
173404,s135
173420,s132
173494,s095
173524,s132EC
173539,s134
173556,tlk1+S
173579,ten1f
173594,dis0+T
173617,fdo1
173634,fdo1RC
173649,s134
173665,s131
173682,s094
173764,s131EC
173779,s134
173821,s134EC
173836,s135
173874,poi0
173919,s135EC
173934,s136
173988,tlk0
174016,ten0
174032,s114
174049,s114N
174234,s238
174321,s241
174338,tlb0+U
174399,s242
174445,nak2
174485,s243
174514,tlb0+U
174537,tlb1
174572,s170
174592,fdi1
174628,stop
174634,kidl0D
174676,s170
174696,fdi1
174768,stop
174774,kidl0D
174825,s137
174842,fdi1
174920,stop
174926,kchi0J
174977,fdi1
174994,s137
175038,nak2
175055,nak0
175080,fdo1
175112,s170R
175127,s137xN
175173,stop
175179,kidl0D
175239,s150
175259,fdi1
175396,stop
175402,kidl0D
175444,s151
175464,fdi1
175595,stop
175601,kchi0J
175643,s152
175663,fdi1
175772,s155
175792,fdi1
175826,fdo1
175843,fdo1R
175858,s155x
175949,stop
176232,s155
176252,fdi1
176286,fdo1
176303,fdo1R
176318,s155x
176535,fdo1
176552,fdo1R
176603,stop
176609,kchi0J
176841,fdo1
176858,fdo1R
176873,s167xN
177236,fdo1
177253,fdo1R
177268,s187
177323,s189
177343,fdi1
177398,fdo1
177415,fdo1R
177430,s188R
177660,fdo1
177677,fdo1R
177835,kchi0J
178038,fdo1
178055,fdo1R
178241,s215
178261,fdi1
178301,s215
178321,fdi1
178370,s215
178390,fdi1
178436,s215
178456,fdi1
178502,s215
178522,fdi1
178568,s215
178588,fdi1
178634,s215
178654,fdi1
178700,s215
178720,fdi1
178766,s215
178786,fdi1
179115,s215
179135,fdi1
179186,s215
179206,fdi1
179254,s215
179274,fdi1
179317,s215
179337,fdi1
179383,s215
179403,fdi1
179449,s215
179469,fdi1
179515,s215
179535,fdi1
179586,s215
179606,fdi1
179649,s215
179669,fdi1
179715,s215
179735,fdi1
179781,s215
179801,fdi1
179863,s215
179883,fdi1
179929,s215
179949,fdi1
179995,s215
180015,fdi1
180061,s215
180081,fdi1
180127,s215
180147,fdi1
180193,s215
180213,fdi1
180259,s215
180279,fdi1
180325,s215
180345,fdi1
180391,s215
180411,fdi1
180457,s215
180477,fdi1
180523,s215
180543,fdi1
180589,s215
180609,fdi1
180655,s215
180675,fdi1
180721,s215
180741,fdi1
180792,s215
180812,fdi1
180855,s215
180875,fdi1
180921,s215
180941,fdi1
182952,hi09
182997,kue0
183595,s174EW
183610,s175
183779,kue0
183859,kue0
183955,s115E
183970,s116
184060,s116E
184075,s117
186166,Chocobo
196226,ton0
196244,ton1
196263,kick
196281,tuki
196299,furi
196315,kick
196333,tuki
196349,kick
196367,furi
196383,tuki
196401,furi
197060,s174EL
197075,s175
197226,joy0
197269,joy0JR
197362,joy0f_
197392,kisi
197567,nak0
197585,nak2
197647,nak0
197665,nak2
197727,nak0
197745,nak2
197828,s126E
197843,s127
197884,s127E
197899,s128
197940,s128E
197955,s129
198149,s129E
198164,s130
198208,s130
199466,Chocobo
206832,Aile
206848,Ange
206864,Ardi
206880,Beak
206896,Beau
206912,Best
206928,Bleu
206944,Blue
206960,Bone
206976,Cart
206992,Chic
207008,Ciel
207024,Claw
207040,Cool
207056,Dame
207072,Dark
207088,Dore
207104,Dray
207120,Duke
207136,Easy
207152,Edel
207168,Face
207184,Fast
207200,Fier
207216,Fine
207232,Fire
207248,Foot
207264,Fury
207280,Fuyu
207296,Gale
207312,Girl
207328,Goer
207344,Gold
207360,Good
207376,Graf
207392,Gray
207408,Gust
207424,Gute
207440,Haoh
207456,Haru
207472,Held
207488,Hero
207504,Hope
207520,Idol
207536,Iris
207552,Iron
207568,Jack
207584,Jade
207600,Joli
207616,Jung
207632,Kiku
207648,King
207664,Kopf
207680,Lady
207696,Last
207712,Lili
207728,Lily
207744,Line
207760,Long
207776,Lord
207792,Luft
207808,Luna
207824,Lune
207840,Mama
207856,Mars
207872,Miel
207888,Miss
207904,Momo
207920,Mond
207936,Moon
207952,Nana
207968,Nice
207984,Noir
208000,Nono
208016,Nova
208032,Nuit
208048,Ocre
208064,Olle
208080,Papa
208096,Pers
208112,Phar
208128,Pony
208144,Pure
208160,Rain
208176,Rice
208192,Rich
208208,Road
208224,Rose
208240,Rote
208256,Roux
208272,Ruby
208288,Sage
208304,Snow
208320,Star
208336,Tail
208352,Trot
208368,Vega
208384,Vent
208400,Vert
208416,VIII
208432,Vive
208448,Wave
208464,West
208480,Wild
208496,Wind
208512,Wing
208528,XIII
208544,Zero
208560,Acier
208576,Agate
208592,Agile
208608,Agnes
208624,Ailee
208640,Alpha
208656,Amber
208672,Ambre
208688,Angel
208704,Ardie
208720,Arkie
208736,Arrow
208752,Avian
208768,Azure
208784,Baron
208800,Belle
208816,Beryl
208832,Black
208848,Blade
208864,Blaue
208880,Blaze
208896,Bleue
208912,Blitz
208928,Blond
208944,Blood
208960,Bonne
208976,Brave
208992,Brian
209008,Brise
209024,Burst
209040,Calme
209056,Chaos
209072,Clair
209088,Cloud
209104,Comet
209120,Comte
209136,Court
209152,Craft
209168,Crete
209184,Crown
209200,Dance
209216,Dandy
209232,Devil
209248,Diana
209264,Doree
209280,Dream
209296,Eager
209312,Eagle
209328,Ebony
209344,Eisen
209360,Ember
209376,Engel
209392,Fairy
209408,Fatty
209424,Feder
209440,Feuer
209456,Fiere
209472,Fiery
209488,Final
209504,Flare
209520,Fleet
209536,Fleur
209552,Flier
209568,Flood
209584,Flora
209600,Flyer
209616,Frais
209632,Frost
209648,Fuchs
209664,Galop
209680,Geist
209696,Gelbe
209712,Ghost
209728,Glory
209744,Grand
209760,Great
209776,Green
209792,Guter
209808,Gutes
209824,Heart
209840,Helle
209856,Hiden
209872,Hiten
209888,Hiver
209904,Hobby
209920,Hyper
209936,Ivory
209952,Jaune
209968,Jeune
209984,Jinpu
210000,Jolie
210016,Jolly
210032,Kluge
210048,Knife
210064,Komet
210080,Kugel
210096,Lahme
210112,Leste
210128,Light
210144,Lilas
210160,Lucky
210176,Lunar
210192,Lutin
210208,Magic
210224,Merry
210240,Metal
210256,Natsu
210272,Neddy
210288,Night
210304,Ninja
210320,Noble
210336,Noire
210352,Nuage
210368,Ocree
210384,Olive
210400,Oller
210416,Olles
210432,Omega
210448,Opale
210464,Orage
210480,Patte
210496,Peace
210512,Penne
210528,Petit
210544,Pfeil
210560,Pluie
210576,Plume
210592,Pluto
210608,Point
210624,Pomme
210640,Power
210656,Quake
210672,Queen
210688,Queue
210704,Reine
210720,Reppu
210736,Riche
210752,Rieur
210768,Roter
210784,Rotes
210800,Rouge
210816,Royal
210832,Rubin
210848,Rubis
210864,Saure
210880,Serre
210896,Smalt
210912,Snowy
210928,Solar
210944,Spark
210960,Speed
210976,Steed
210992,Stern
211008,Stone
211024,Storm
211040,Sturm
211056,Stute
211072,Super
211088,Sweep
211104,Sweet
211120,Swift
211136,Talon
211152,Teioh
211168,Titan
211184,Turbo
211200,Ultra
211216,Urara
211232,Venus
211248,Verte
211264,Verve
211280,Vivid
211296,Vogel
211312,Young
211328,Zippy
211344,Airain
211360,Ambree
211376,Amiral
211392,Arashi
211408,Archer
211424,Ardent
211440,Argent
211456,Audace
211472,Autumn
211488,Battle
211504,Beaute
211520,Beauty
211536,Beetle
211552,Blauer
211568,Blaues
211584,Bleuet
211600,Blonde
211616,Bonbon
211632,Breeze
211648,Bronze
211664,Brumby
211680,Bucker
211696,Caesar
211712,Carmin
211728,Cerise
211744,Cerule
211760,Chance
211776,Cinder
211792,Citron
211808,Claire
211824,Cobalt
211840,Corail
211856,Courte
211872,Cuivre
211888,Dancer
211904,Daring
211920,Desert
211936,Dobbin
211952,Dunkle
211968,Elance
211984,Emblem
212000,Enzian
212016,Esprit
212032,Etoile
212048,Filant
212064,Flamme
212080,Fleche
212096,Flight
212112,Flinke
212128,Flower
212144,Flurry
212160,Flying
212176,Forest
212192,Freeze
212208,Freund
212224,Friend
212240,Frosty
212256,Frozen
212272,Fubuki
212288,Galaxy
212304,Ganger
212320,Gelber
212336,Gelbes
212352,Ginger
212368,Gloire
212384,Glorie
212400,Goemon
212416,Grande
212432,Grenat
212448,Groove
212464,Grosse
212480,Gruene
212496,Gustav
212512,Hayate
212528,Heldin
212544,Heller
212560,Helles
212576,Hengst
212592,Hermes
212608,Herzog
212624,Himmel
212640,Humble
212656,Idaten
212672,Impact
212688,Indigo
212704,Jagger
212720,Jasmin
212736,Joyeux
212752,Jungle
212768,Kaiser
212784,Keffel
212800,Kleine
212816,Kluger
212832,Kluges
212848,Koloss
212864,Lahmer
212880,Lahmes
212896,Lancer
212912,Lander
212928,Laurel
212944,Leaper
212960,Legend
212976,Limber
212992,Longue
213008,Melody
213024,Meteor
213040,Mirage
213056,Mister
213072,Motion
213088,Muguet
213104,Nature
213120,Nebula
213136,Nether
213152,Nimble
213168,Olympe
213184,Orchid
213200,Outlaw
213216,Passer
213232,Pastel
213248,Pelter
213264,Pensee
213280,Petite
213296,Piment
213312,Poetic
213328,Poulet
213344,Preste
213360,Pretty
213376,Prince
213392,Purete
213408,Quartz
213424,Quasar
213440,Rafale
213456,Raging
213472,Raiden
213488,Ramage
213504,Rapide
213520,Reiche
213536,Remige
213552,Rieuse
213568,Rising
213584,Robust
213600,Royale
213616,Rudolf
213632,Runner
213648,Saddle
213664,Safran
213680,Sakura
213696,Saphir
213712,Saturn
213728,Schuss
213744,Sekito
213760,Selene
213776,Senden
213792,Serein
213808,Shadow
213824,Shiden
213840,Shinpu
213856,Sieger
213872,Silber
213888,Silent
213904,Silver
213920,Silver
213936,Soleil
213952,Sombre
213968,Sorrel
213984,Sphene
214000,Spirit
214016,Spring
214032,Stream
214048,Strike
214064,Summer
214080,Tekiro
214096,Terror
214112,Ticket
214128,Timide
214144,Topaze
214160,Tulipe
214176,Tycoon
214192,Ultime
214208,Uranus
214224,Veloce
214240,Velvet
214256,Victor
214272,Violet
214288,Walker
214304,Weisse
214320,Winged
214336,Winner
214352,Winner
214368,Winter
214384,Wonder
214400,Xanthe
214416,Yellow
214432,Zephyr
214448,Ardente
214464,Automne
214480,Avenger
214496,Baronne
214512,Battant
214528,Blazing
214544,Blitzer
214560,Camelia
214576,Candide
214592,Caramel
214608,Celeste
214624,Cerulee
214640,Charbon
214656,Charger
214672,Chariot
214688,Clipper
214704,Coureur
214720,Crimson
214736,Cristal
214752,Crystal
214768,Cuivree
214784,Cyclone
214800,Dancing
214816,Danseur
214832,Diamant
214848,Diamond
214864,Drafter
214880,Dunkler
214896,Dunkles
214912,Eastern
214928,Einhorn
214944,Elancee
214960,Elegant
214976,Emperor
214992,Empress
215008,Express
215024,Farceur
215040,Feather
215056,Fighter
215072,Filante
215088,Flinker
215104,Flinkes
215120,Fortune
215136,Fraiche
215152,Gagnant
215168,Galaxie
215184,Gallant
215200,Genesis
215216,Geoelte
215232,Grosser
215248,Grosses
215264,Gruener
215280,Gruenes
215296,Harmony
215312,Heroine
215328,Ikezuki
215344,Impulse
215360,Javelin
215376,Joyeuse
215392,Jumping
215408,Jupiter
215424,Justice
215440,Kleiner
215456,Kleines
215472,Lavande
215488,Leaping
215504,Legende
215520,Liberty
215536,Licorne
215552,Majesty
215568,Marquis
215584,Maximal
215600,Melodie
215616,Mercury
215632,Million
215648,Miracle
215664,Musashi
215680,Mustang
215696,Nacarat
215712,Natural
215728,Nemesis
215744,Neptune
215760,Oeillet
215776,Optimal
215792,Orageux
215808,Ouragan
215824,Paprika
215840,Parfait
215856,Partner
215872,Patient
215888,Paturon
215904,Pegasus
215920,Pensive
215936,Perfect
215952,Peureux
215968,Phoenix
215984,Plumage
216000,Pourpre
216016,Poussin
216032,Prancer
216048,Premium
216064,Quantum
216080,Radiant
216096,Rainbow
216112,Rattler
216128,Reicher
216144,Reiches
216160,Roughie
216176,Samurai
216192,Sautant
216208,Scarlet
216224,Schweif
216240,Sereine
216256,Sergent
216272,Shinden
216288,Shining
216304,Shooter
216320,Smoking
216336,Souffle
216352,Special
216368,Stylish
216384,Sumpter
216400,Tempest
216416,Tempete
216432,Thunder
216448,Tornado
216464,Torpedo
216480,Tristan
216496,Trooper
216512,Trotter
216528,Typhoon
216544,Unicorn
216560,Vengeur
216576,Vermeil
216592,Victory
216608,Warrior
216624,Weisser
216640,Weisses
216656,Western
216672,Whisper
216688,Winning
216704,Zetsuei
216720,Zillion
216736,Baroness
216752,Battante
216768,Blizzard
216784,Cannelle
216800,Capucine
216816,Cerulean
216832,Chanceux
216848,Charisma
216864,Charmant
216880,Chocolat
216896,Claybank
216912,Comtesse
216928,Coureuse
216944,Danseuse
216960,Duchesse
216976,Ecarlate
216992,Elegante
217008,Emeraude
217024,Farceuse
217040,Farfadet
217056,Fringant
217072,Gagnante
217088,Galloper
217104,Galopant
217120,Geoelter
217136,Geoeltes
217152,Geschoss
217168,Gorgeous
217184,Hanakaze
217200,Highland
217216,Hyperion
217232,Illusion
217248,Immortal
217264,Imperial
217280,Incarnat
217296,Infinity
217312,Innocent
217328,Jacinthe
217344,Kaiserin
217360,Kristall
217376,Maharaja
217392,Maharani
217408,Marquise
217424,Mataemon
217440,Meilleur
217456,Mercedes
217472,Myosotis
217488,Nebulous
217504,Negative
217520,Nenuphar
217536,Northern
217552,Northern
217568,Obsidian
217584,Orageuse
217600,Orchidee
217616,Parfaite
217632,Patiente
217648,Peureuse
217664,Positive
217680,Princely
217696,Princess
217712,Prodigue
217728,Puissant
217744,Restless
217760,Rhapsody
217776,Roadster
217792,Rutilant
217808,Sautante
217824,Schwarze
217840,Shooting
217856,Silberne
217872,Southern
217888,Speciale
217904,Stallion
217920,Stardust
217936,Surusumi
217952,Tonnerre
217968,Trotteur
217984,Ultimate
218000,Universe
218016,Vaillant
218032,Vengeuse
218048,Xanthous
218064,Zeppelin
218080,Ambitious
218096,Audacieux
218112,Ballistic
218128,Beautiful
218144,Brilliant
218160,Campanule
218176,Capitaine
218192,Chanceuse
218208,Charmante
218224,Clematite
218240,Clochette
218256,Coriandre
218272,Crackling
218288,Destroyer
218304,Excellent
218320,Fantastic
218336,Feathered
218352,Fringante
218368,Galopante
218384,Gingembre
218400,Hurricane
218416,Ichimonji
218432,Impetueux
218448,Incarnate
218464,Lightning
218480,Matsukaze
218496,Meilleure
218512,Menestrel
218528,Merciless
218544,Pendragon
218560,Princesse
218576,Printemps
218592,Puissante
218608,Quadrille
218624,Rosinante
218640,Rutilante
218656,Schwarzer
218672,Schwarzes
218688,Silberner
218704,Silbernes
218720,Sparkling
218736,Speedster
218752,Tournesol
218768,Transient
218784,Trotteuse
218800,Turbulent
218816,Twinkling
218832,Vaillante
218848,Valentine
218864,Velocious
218880,Vermeille
218896,Wonderful
218912,Amatsukaze
218928,Audacieuse
218944,Benevolent
218960,Blistering
218976,Brilliance
218992,Bucephalus
219008,Challenger
219024,Excellente
219040,Impetueuse
219056,Invincible
219072,Malevolent
219088,Millennium
219104,Tranquille
219120,Turbulente
219136,Destruction
219152,Firecracker
219641,ure0
221107,wai0
225892,tlk0
225915,tlk1
225934,tlk0
225983,tlk0
226014,tlk1
226047,tlk0
226074,tlk1
226107,tlk0
226134,tlk1
226153,tlk0
226172,tlk1
227082,fdo1
227099,fdo1F
228557,s190
228577,fdi1
230766,fdo1
230798,s190N
230991,fdi1
231512,hi07
231594,kue0
231787,fdo1
231819,s190
232996,s191
233016,fdi1
233128,fdo1
233160,s191
233715,s192
233735,fdi1
233758,hi09
233800,hi07
233900,s208
233920,fdi1
233940,joy0
233973,hi09
234009,joy0
234045,hi07
234116,s192
234136,fdi1
234189,kue0
234255,joy0
234339,s192
234359,fdi1
234560,s192
234580,fdi1
234603,hi09
234645,hi07
234748,s208
234768,fdi1
234788,joy0
234821,hi09
234857,joy0
234893,hi07
234964,s192
234984,fdi1
235037,kue0
235103,joy0
235187,s192
235207,fdi1
235408,s192
235428,fdi1
235451,hi09
235493,hi07
235596,s208
235616,fdi1
235636,joy0
235669,hi09
235705,joy0
235741,hi07
235812,s192
235832,fdi1
235885,kue0
235951,joy0
236035,s192
236055,fdi1
236256,s192
236276,fdi1
236299,hi09
236341,hi07
236444,s208
236464,fdi1
236484,joy0
236517,hi09
236553,joy0
236589,hi07
236660,s192
236680,fdi1
236733,kue0
236799,joy0
236883,s192
236903,fdi1
237104,s192
237124,fdi1
237147,hi09
237189,hi07
237292,s208
237312,fdi1
237332,joy0
237365,hi09
237401,joy0
237437,hi07
237508,s192
237528,fdi1
237581,kue0
237647,joy0
237731,s192
237751,fdi1
237904,fdo1
237951,s208
238077,s200
238097,fdi1
238185,s200
238205,fdi1
238280,s200
238300,fdi1
238379,s200
238399,fdi1
238547,s200
238567,fdi1
238655,s200
238675,fdi1
238750,s200
238770,fdi1
238849,s200
238869,fdi1
239017,s200
239037,fdi1
239125,s200
239145,fdi1
239220,s200
239240,fdi1
239319,s200
239339,fdi1
239487,s200
239507,fdi1
239595,s200
239615,fdi1
239690,s200
239710,fdi1
239789,s200
239809,fdi1
239957,s200
239977,fdi1
240065,s200
240085,fdi1
240160,s200
240180,fdi1
240259,s200
240279,fdi1
240501,fdo1
240533,s193
240964,s191
240984,fdi1
241128,s191
241148,fdi1
241284,s191
241304,fdi1
241456,s191
241476,fdi1
241620,s191
241640,fdi1
241776,s191
241796,fdi1
241948,s191
241968,fdi1
242112,s191
242132,fdi1
242268,s191
242288,fdi1
242440,s191
242460,fdi1
242604,s191
242624,fdi1
242760,s191
242780,fdi1
242932,s191
242952,fdi1
243096,s191
243116,fdi1
243252,s191
243272,fdi1
243385,fdo1
243417,s191
243797,s196
243817,fdi1
243900,hi07
243964,s196
243984,fdi1
244067,hi07
244131,s196
244151,fdi1
244234,hi07
244298,s196
244318,fdi1
244401,hi07
244465,s196
244485,fdi1
244568,hi07
244658,s199
244678,fdi1
244713,kue0
244764,joyb
244828,s199
244848,fdi1
244883,kue0
244934,joyb
244998,s199
245018,fdi1
245053,kue0
245104,joyb
245168,s199
245188,fdi1
245223,kue0
245274,joyb
245338,s199
245358,fdi1
245393,kue0
245444,joyb
245529,s192
245549,fdi1
245584,nak0E
245599,nak2
245713,s192
245733,fdi1
245768,nak0E
245783,nak2
245897,s192
245917,fdi1
245952,nak0E
245967,nak2
246081,s192
246101,fdi1
246136,nak0E
246151,nak2
246265,s192
246285,fdi1
246320,nak0E
246335,nak2
246486,s197
246506,fdi1
246627,s193
246647,fdi1
246730,s193
246750,fdi1
246849,s197
246869,fdi1
246990,s193
247010,fdi1
247093,s193
247113,fdi1
247212,s197
247232,fdi1
247353,s193
247373,fdi1
247456,s193
247476,fdi1
247575,s197
247595,fdi1
247716,s193
247736,fdi1
247819,s193
247839,fdi1
247938,s197
247958,fdi1
248079,s193
248099,fdi1
248179,s193
248199,fdi1
248249,hi07
248374,fdo1
248436,s194
248536,joy0
248658,kue0
248709,hi07
248753,joy0
248919,s199
248942,s195
248962,hi07
249018,s198
249097,s194
249244,fdo1
249276,s190
249438,s207
249494,s206
249542,s204
249619,s206
249675,s206
249723,s204
249842,s204
249927,s207
249983,s206
250031,s204
250108,s206
250164,s206
250212,s204
250250,U_JL
250279,r_JL
250331,s204
250416,s207
250472,s206
250520,s204
250597,s206
250653,s206
250701,s204
250789,maJJ
250820,s204
250905,s207
250961,s206
251009,s204
251086,s206
251142,s206
251190,s204
251257,DcJN
251278,VcJJ
251309,s204
251394,s207
251450,s206
251498,s204
251575,s206
251631,s206
251679,s204
251798,s204
251821,fdi1
251855,who1
251917,s207
251976,whi1
251993,s205
252046,who1
252093,s209
252202,s204
252222,whi1
252239,whi1
252313,s204
252333,whi1
252350,whi1
252380,s204
252400,whi1
252417,whi1
252490,s204
252510,whi1
252527,whi1
252601,s204
252621,whi1
252638,whi1
252668,s204
252688,whi1
252705,whi1
252778,s204
252798,whi1
252815,whi1
252889,s204
252909,whi1
252926,whi1
252956,s204
252976,whi1
252993,whi1
253066,s204
253086,whi1
253103,whi1
253177,s204
253197,whi1
253214,whi1
253244,s204
253264,whi1
253281,whi1
253354,s204
253374,whi1
253391,whi1
253465,s204
253485,whi1
253502,whi1
253532,s204
253552,whi1
253569,whi1
253590,fdo1
253622,s204
255690,s207
255710,whi1
255727,whi1
255787,s206
255807,whi1
255824,whi1
255892,s204
255912,whi1
255929,whi1
256002,s207
256022,whi1
256039,whi1
256099,s206
256119,whi1
256136,whi1
256204,s204
256224,whi1
256241,whi1
256314,s207
256334,whi1
256351,whi1
256411,s206
256431,whi1
256448,whi1
256516,s204
256536,whi1
256553,whi1
256626,s207
256646,whi1
256663,whi1
256723,s206
256743,whi1
256760,whi1
256828,s204
256848,whi1
256865,whi1
256938,s207
256958,whi1
256975,whi1
257035,s206
257055,whi1
257072,whi1
257140,s204
257160,whi1
257177,whi1
257251,s206
257271,whi1
257288,whi1
257348,s206
257368,whi1
257385,whi1
257453,s204
257473,whi1
257490,whi1
257563,s206
257583,whi1
257600,whi1
257660,s206
257680,whi1
257697,whi1
257765,s204
257785,whi1
257802,whi1
257875,s206
257895,whi1
257912,whi1
257972,s206
257992,whi1
258009,whi1
258077,s204
258097,whi1
258114,whi1
258187,s206
258207,whi1
258224,whi1
258284,s206
258304,whi1
258321,whi1
258389,s204
258409,whi1
258426,whi1
258499,s206
258519,whi1
258536,whi1
258596,s206
258616,whi1
258633,whi1
258701,s204
258721,whi1
258738,whi1
258959,fdo1
258991,s190
259034,s201
259082,s202
259122,s203
259142,fdi1
259165,fdo1
259227,s203
259248,fdo1
259280,s190
259326,s201
259374,s202
259414,s203
259434,fdi1
259457,fdo1
259519,s203
259540,fdo1
259572,s190
259618,s201
259666,s202
259706,s203
259726,fdi1
259749,fdo1
259811,s203
259832,fdo1
259864,s190
259910,s201
259958,s202
259998,s203
260018,fdi1
260041,fdo1
260103,s203
260124,fdo1
260156,s190
260202,s201
260250,s202
260290,s203
260310,fdi1
260333,fdo1
260395,s203
260416,fdo1
260448,s190
260494,s201
260542,s202
260582,s203
260602,fdi1
260625,fdo1
260687,s203
269068,tlk0
269106,tlk2
269120,tlk2
269142,thk1
269156,thk1
269172,thk2
269186,thk2
269214,sis0
269228,sis0
269256,gut0
269292,poi0
269306,poi0
269322,poi1
269336,poi1
269352,poi3
269366,poi3
269394,ang0
269788,tlk0
269802,tlk0
269818,tlk2
269832,tlk2
269854,thk1
269868,thk1
269884,thk2
269898,thk2
269920,dis0
269934,dis0
269950,tlc0
269964,tlc0
269980,tlc1
269994,tlc1
270010,tlb1
270024,tlb1
270040,tlb2
270054,tlb2
270348,tlk0
270362,tlk0
270378,tlk2
270392,tlk2
270414,thk1
270428,thk1
270444,thk2
270458,thk2
270480,dis0
270494,dis0
270510,tlc0
270524,tlc0
270540,tlc1
270554,tlc1
270570,tlb0
270584,tlb0
270600,tlb1
270614,tlb1
270940,tlk0
271056,tlk0
271304,tlk0
271342,thk1
271356,thk1
271372,thk2
271386,thk2
271402,pas0
271416,pas0
271546,s103
271868,s103
272208,tlk0
272246,thk1
272260,thk1
272276,thk2
272290,thk2
272306,pas0
272320,pas0
272508,qstc
278288,tlk0
278302,tlk0
278318,tlk1
278332,tlk1
278348,itt0
278362,itt0
278378,itt1
278392,itt1
278419,nto0
278433,nto0
278449,nto1
278463,nto1
278485,thk1
278499,thk1
278515,thk2
278529,thk2
278545,poi0
278559,poi0
278575,poi1
278589,poi1
278605,poi3
278619,poi3
278635,dis0
278649,dis0
278665,pas0
278679,pas0
278695,tlk0
278709,tlk0
278968,qstc
279037,qstc
279103,qstc
279651,opE'
279664,fdo1
279707,s073
279724,fdi1
279748,s075
279814,s074
279864,fdo1
279886,fdi1
280039,opE'
280052,fdo1
280095,s073
280112,fdi1
280165,fdo1
280187,fdi1
280313,fdo1
280371,s073
280388,fdi1
280433,s121
280461,s121
280481,s095
280517,fdo1
280553,s121
280579,s121
280597,s095E'
280612,fdi1
280821,fdo1
280904,s073
280921,fdi1
280966,s121
280994,s121
281014,s095
281047,s121
281073,s121
281122,s073
281170,s120
281190,s096
281233,s120
281253,s096
281296,s120
281316,s096
281359,s120
281379,s096
281425,s120
281445,s096
281487,s122
281515,s122
281535,s097
281585,s122
281611,s122
281644,s098
281690,s073
281737,s123
281765,s123
281785,s099
281865,fdo1
281903,fdi1
281935,s121
281963,s121
281983,s095
282023,s121
282049,s121
282082,s073
282120,s100
282205,s100
282228,s120
282248,s096
282308,fdo1
282343,fdi1
282701,fdo1
282784,s073
282801,fdi1
282831,s098
282875,s098
282898,s120
282918,s096
282962,fdo1
282997,fdi1
283014,qstc
283127,fdo1
283212,s121
283240,s121
283260,s095
283277,fdi1
283309,s121
283335,s121
283368,s073
283399,s075
283445,s098
283469,s098
283492,s123
283520,s123
283540,s099
283589,s120
283609,s096
283657,s101
283751,s102
283797,s123
283825,s123
283845,s099
283904,s073
283936,s121
283964,s121
283984,s095
284040,s121
284066,s121
284099,s073
284128,fdo1
284163,fdi1
284446,fdo1
284523,s098
284540,fdi1
284564,fdo1
284631,fdi1
284648,s103
284672,s103
284695,s123
284723,s123
284743,s099
284828,s122
284856,s122
284876,s097
284939,s122
284967,s122
284987,s097
285050,s122
285078,s122
285098,s097
285161,s122
285189,s122
285209,s097
285259,s122
285285,s122
285303,s097E'
285318,ovl1
285335,s073
285367,s120
285387,s096
285416,fdo1
285451,fdi1
285703,tlk0
286019,fdo1
286036,fdo1F
286131,s183
286159,s183
286179,s165
286199,fdi1
286251,s183
286277,s183
286295,s165E
286310,s167
286349,s167
286372,s184
286400,s184
286420,s168
286467,s184
286493,s184
286511,s168
286534,s185
286562,s185
286582,s169
286629,s185
286655,s185
286673,s169E
286688,s170
286723,s170
286763,s185
286791,s185
286811,s171
286848,s185
286874,s185
286922,s188
286950,s188
286978,s187
286998,s172
287049,s188
287075,s188
287101,s187
287141,s173
287218,s212
287238,s174
287307,s212
287347,s175
287387,s175
287407,s176
287462,s177
287509,s177
287537,s186
287565,s186
287593,s187
287613,s178
287656,s186
287682,s186
287708,s187
287726,s178E
287741,s179
287769,star
287786,s179E
287801,s189
287821,stop
287841,who1
287858,who1R
287873,s189kidl0
287965,s180
287985,main
288002,whi1
288019,whi1
288037,s180
288060,s185
288088,s185
288108,s181
288169,s185
288195,s185
288213,s181E
288228,s182
288265,qstc
288301,s183
288327,s183
288345,s165E
288360,s166
288403,fdo1
288423,s166R
288438,s182F
288455,fdi1
288764,tlk0
288802,pas0
288816,pas0
289608,tlk0
291452,tlk0
291490,tlk1
291504,tlk1
291520,ida0
291534,ida0
291550,ida1
291564,ida1
291580,pas0
291594,pas0
291619,yes0
291633,yes0
291649,no00
291663,no00
291819,fdo1
291849,s077
291866,fdi1
291890,s077E
291905,s078
291934,fdo1
291954,s078F
291971,fdi1
292197,fdo1
292227,s077
292244,fdi1
292268,s077E
292283,s079
292312,fdo1
292334,fdi1
292351,qstc
292483,fdo1
292526,s077
292543,fdi1
292567,s077E
292582,s078
292618,fdo1
292668,fdi1
292781,fdo1
292822,s077
292839,fdi1
292907,s077E
292922,s104
292966,s104E
292981,ovl1
292998,s105
293018,s105E
293033,ovl1
293050,s106
293082,s106E
293097,s119
293128,s107
293166,s107E
293181,s108
293205,s108E
293220,s109
293244,s109
293272,s149
293300,s149
293320,s110
293379,s149
293405,s149
293423,s110E
293438,s111
293507,s111E
293522,s112
293571,fdo1
293626,s112'
293651,s117
293668,fdi1
293716,s117E
293731,s077
293755,s077E
293770,s113
293801,s113E
293816,s078
293840,s078E
293855,s108
293894,s118
293918,s118E
293933,s114
293957,s114E
293972,s115
293996,s115E
294011,ovl1
294041,s148
294069,s148
294089,s116
294143,s148
294169,s148
294187,s116E
294202,s077
294231,fdo1
294287,fdi1
294304,qstc
294467,fdo1
294524,s077
294541,fdi1
294565,s077E
294580,s078
294611,s078E
294626,s124
294660,fdo1
294710,fdi1
294778,fdo1
294840,s077
294857,fdi1
294917,s077E
294932,s104
294976,s104E
294991,ovl1
295008,s105
295028,s105E
295043,ovl1
295060,s106
295091,s106E
295106,s125
295130,s125E
295145,s119
295169,s124
295193,s124
295216,s139
295253,s138
295290,s138
295318,s139
295338,s126
295385,s139
295411,s138
295437,s138
295463,s139
295481,s126E
295496,s112
295523,s112E
295538,s127
295576,fdo1
295626,fdi1
295715,fdo1
295825,s128
295842,fdi1
295862,s128E
295877,ovl1
295902,s141
295930,s141
295950,s129
295982,s141
296008,s141
296026,s129E
296041,s127
296075,s127E
296090,s130
296160,s130E
296175,s131
296199,s131E
296214,ovl1
296231,s132
296279,s132E
296294,s111
296364,s111
296387,s142
296415,s140
296443,s140
296471,s142
296491,s133
296574,fdo1
296602,s142
296628,s140
296654,s140
296680,s142
296728,fdi1
296745,qstc
296820,fdo1
296898,s077
296915,fdi1
296939,s077'
296964,s117
296995,s117E
297010,s114
297048,s114E
297063,s113
297087,s113E
297102,s130
297140,s130E
297155,s109
297193,s109E
297208,s136
297232,s136E
297247,s137
297278,s137E
297293,s134
297317,s134E
297332,s124
297356,s124E
297371,s114
297424,fdo1
297488,fdi1
297582,fdo1
297719,s001
297736,fdi1
297777,s001Eg
297792,s002
297871,s002Eg
297886,s004
297927,s004
297950,s020
297978,s021
298006,s021
298034,s020
298054,s003
298123,s020
298149,s021
298175,s021
298201,s020
298219,s003Eg
298234,s005
298267,s005Eg
298282,s006
298331,s006E
298346,ovl1
298363,s112
298399,fdo1
298419,s112Eg
298434,s007
298451,fdi1
298496,s007Eg
298511,s008
298580,s008Eg
298595,s009
298633,s009Eg
298648,s010
298679,s010E
298694,ovl1
298711,s011
298735,s011E
298750,ovl1
298767,s012
298791,s012E
298806,ovl1
298823,s013
298847,s013E
298862,ovl1
298879,s014
298934,s014Eg
298949,s015
298973,fdo1
299000,s015Eg
299015,s016
299032,fdi1
299078,s016Eg
299093,s017
299131,s017Eg
299146,s018
299191,s018Eg
299206,s019
299256,fdo1
299323,fdi1
299340,qstc
299507,fdo1
299560,s021
299577,fdi1
299602,s021
299625,s024
299653,s024
299673,s022
299694,fdo1
299722,s024
299748,s024
299766,s022'
299791,s023
299808,fdi1
299851,fdo1
299899,fdi1
300069,fdo1
300122,s023
300139,fdi1
300160,s023
300183,s024
300211,s024
300231,s022
300261,fdo1
300289,s024
300315,s024
300361,fdi1
300400,fdo1
300453,s021
300470,fdi1
300491,fdo1
300511,s021E
300526,s023
300543,fdi1
300587,fdo1
300635,fdi1
300652,qstc
300720,fdo1
300886,s051
300914,s051
300934,s001
300951,fdi1
300987,s051
301013,s051
301031,s001E
301046,s002
301112,s002
301135,s052
301163,s052
301183,s003
301295,s052
301321,s052
301339,s003E
301354,s004
301417,fdo1
301539,s005
301556,fdi1
301598,s030
301666,s030
301689,s048
301717,s053
301745,s053
301773,s048
301793,s031
301860,s048
301886,s053
301912,s053
301938,s048
301956,s031E
301971,s032
302003,s032
302026,s054
302054,s054
302074,s033
302149,s054
302175,s054
302193,s033
302270,s063
302298,s063
302318,s006
302378,s063
302404,s063
302492,s010
302559,s010E
302574,s011
302599,s011E
302614,s012
302664,s012E
302679,s013
302726,s013E
302741,s034
302786,s034E
302801,s009
302923,s009E
302938,s007
302966,s007
302984,s007
303012,s007R
303047,s008
303091,s008E
303106,s014
303195,s014E
303210,s018
303246,s018E
303261,s015
303299,s015E
303314,s035
303369,s035E
303384,s016
303404,s016E
303419,s017
303489,s017E
303504,s025
303521,se01
303583,s025
303606,s056
303634,s056
303654,s019
303709,s056
303735,s056
303753,s019E
303768,s020
303807,s020E
303822,s021
303884,s021E
303899,s022
304001,s022
304024,s057
304052,s057
304072,s036
304120,s057
304146,s057
304194,s000
304222,s000
304250,s058
304278,s058
304306,s000
304326,s039
304419,s000
304445,s000
304471,s058
304497,s058
304523,s000
304563,s037
304616,s037E
304631,s038
304710,s040
304763,s040
304786,s067
304814,s067
304842,s059
304870,s059
304898,s067
304918,s041
304983,s067
305009,s067
305035,s059
305061,s059
305087,s067
305134,s042
305202,s042E
305217,s043
305271,s043
305304,s044
305391,s060
305419,s060
305439,s045
305517,s060
305543,s060
305592,s047
305635,s047E
305650,s026
305696,s026E
305711,s046
305799,s066
305827,s064
305855,s065
305883,s061
305911,s061
305939,s066
305967,s049
305987,s023
306064,s066
306090,s064
306116,s065
306142,s061
306168,s061
306194,s066
306220,s049
306238,s023E
306253,s024
306273,star
306293,stop
306313,who1
306330,who1R
306425,main
306442,s027
306459,whi1
306476,whi1y
306504,s027E
306519,s028
306568,s028
306591,s050
306619,s050
306647,s062
306675,s062
306703,s050
306723,s029
306859,fdo1
306879,qstc
306904,s050
306930,s050
306956,s062
306982,s062
307008,s050
307068,fdi1
308480,tlk0
308499,tlk2
308557,tlc0
308575,tlc1
308672,tlk0
308824,tlk0
309000,tlk0
309192,tlk0
309596,tlk0
309610,tlk0
309626,tlk1
309640,tlk1
309656,thk1
309670,thk1
309686,thk2
309700,thk2
309725,ats0
309739,ats0
309755,ate0
309769,ate0
309785,tlk0
309799,tlk0
309815,tlk1
309829,tlk1
309845,tlk0S
309873,tlk1S
309886,tlk1
309902,tly0
309916,tly0
309932,tly1
309946,tly1
309962,tln0
309976,tln0
309992,tln1
310006,tln1
310022,ats0
310036,ats0
310052,ate0
310066,ate0
310082,ats0
310096,ats0
310112,atss
310126,atss
310142,ate0
310156,ate0
310172,atl0
310186,atl0
310202,ats0
310216,ats0
310232,ate0
310246,ate0
310278,res0S
310291,res0
310305,res1S
310318,res1
310332,res2S
310345,res2
310808,tlk0
310822,tlk0
310838,tlk1
310852,tlk1
310868,thk1
310882,thk1
310898,thk2
310912,thk2
310937,ats0
310951,ats0
310967,ate0
310981,ate0
310997,tlk0
311011,tlk0
311027,tlk1
311041,tlk1
311057,tlk0S
311085,tlk1S
311098,tlk1
311114,tly0
311128,tly0
311144,tly1
311158,tly1
311174,tln0
311188,tln0
311204,tln1
311218,tln1
311234,ats0
311248,ats0
311264,ate0
311278,ate0
311294,ats0
311308,ats0
311324,atss
311338,atss
311354,ate0
311368,ate0
311384,atl0
311398,atl0
311414,ats0
311428,ats0
311444,ate0
311458,ate0
311490,res0S
311503,res0
311517,res1S
311530,res1
311544,res2S
311557,res2
311772,tlk0
311822,ang0
311870,sis0
311884,sis0
312198,qstc
312476,tlk0
312640,tlk0
312792,tlk0
312944,tlk0
313224,tlk0
313566,tlk0
313696,tlk0
313848,tlk0
313972,tlk0
314100,tlk0
314220,tlk0
314364,tlk0
314552,tlk0
314680,tlk0
314848,tlk0
314886,hai0
314900,hai0
314916,hai0S
314929,hai0
314945,bik0
314959,bik0
315152,tlk0
315268,tlk0
315416,tlk0
315454,hai0
315468,hai0
315484,hai0S
315497,hai0
315513,bik0
315527,bik0
315628,tlk0
315872,tlk0
315910,dis0
315924,dis0
315946,thk1
315960,thk1
315976,thk2
315990,thk2
316012,ure0
316026,ure0
316432,tlk0
316457,thk1
316471,thk1
316487,thk2
316501,thk2
316713,qstc
316856,tlk0
316980,tlk0
317100,tlk0
317220,tlk0
317336,tlk0
317460,tlk0
317530,tlk0
317620,tlk0
317728,tlk0
317836,tlk0
317952,tlk0
317977,sis0
317991,sis0
318104,tlk0
319624,tla0
319638,tla0
319654,tla1
319668,tla1
319908,tla0
319940,tla1
319957,tla1H
320840,Mashuu-Ajuu
320911,Moreno-Toeno
320982,Kerutoto
321053,Hariga-Origa
321124,Angelica
321195,Baren-Moren
321266,Chamama
321337,Ranpi-Monpi
321408,Naiko-Paneiko
321479,Moari-Kaaori
321550,Khoto_Rokkorah
321621,Naiko-Paneiko
321692,Tosuka-Porika
321763,Kenapa-Keppa
321834,Lumomo
321905,Ohbiru-Dohbiru
321976,Paku-Nakku
322047,Hariga-Origa
322118,Fuepepe
322189,Tosuka-Porika
322260,Baren-Moren
322331,Jatan-Paratan
322402,Kerutoto
322473,Leepe-Hoppe
322544,Kerutoto
322615,Gantineux
322686,Honoi-Gomoi
322757,Ohbiru-Dohbiru
322828,Leepe-Hoppe
322899,Ropunono
323049,Ambrosius
323120,Raamimi
323191,Yoran-Oran
323262,Koru-Moru
323333,Ojha_Rhawash
323404,Shantotto
323475,Shantotto
323617,Shantotto
323688,Koru-Moru
323972,Koru-Moru
324043,Shantotto
324193,Tokaka
324264,Sigismund
324335,Kohlo-Lakolo
324406,Kohlo-Lakolo
324477,Kohlo-Lakolo
324548,Hakkuru-Rinkuru
324619,Paytah
324690,Kohlo-Lakolo
324761,Hakkuru-Rinkuru
324832,Chipmy-Popmy
324903,Kuroido-Moido
324974,Ohruru
325045,Dehn_Harzhapan
325116,Kohlo-Lakolo
325187,Kohlo-Lakolo
325258,Kuroido-Moido
325329,Pygmalion
325479,Kopuro-Popuro
325550,Ibwam
325621,Illu_Bohjaa
325692,Tapoh_Lihzeh
325763,Nanaa_Mihgo
325834,Wetata
325905,Kuoh_Rhel
325976,Kuoh_Rhel
326047,Kororo
326118,Nanaa_Mihgo
326189,Kopuro-Popuro
326260,Kopuro-Popuro
326331,Gioh_Ajihri
326402,Soni-Muni
326473,Perih_Vashai
326544,Nanaa_Mihgo
326615,Nanaa_Mihgo
326686,Nanaa_Mihgo
326757,Perih_Vashai
326828,Perih_Vashai
326899,Perih_Vashai
326970,Apururu
327041,Perih_Vashai
327435,Selele
327555,Fhelm_Jobeizat
327660,Wetata
327728,Jack_of_Spades
327793,Zelala
329104,tlk0
329868,tlk0
329906,thk1
329920,thk1
329936,thk2
329950,thk2
329966,dis0
329980,dis0
329996,wav0
330010,wav0
330026,shk0
330040,shk0
330056,bik0
330094,syu0
330108,syu0
330124,iro0
330138,iro0
330154,poi0
330168,poi0
330184,ehn0
330222,ehn1
330236,ehn1
330428,fdo1
330483,s091
330500,fdi1
330539,s092
330632,s093
330694,fdo1
330714,s0937
330738,s091
330755,fdi1
330790,s092
330856,s094
330901,s091
330964,s092
331061,fdo1
331090,fdi1
331107,qstc
331460,tlk0
331491,thk1
331505,thk1
331521,thk2
331535,thk2
331557,dis0
331571,dis0
331587,tlc0
331601,tlc0
331617,tlc1
331631,tlc1
331647,tlb1
331661,tlb1
331677,tlb2
331691,tlb2
331707,sis0
331721,sis0
331749,ang0
331791,aww0
331805,aww0
331821,poi0
331835,poi0
332059,tlk0
332078,tlk2
332104,tlk0
332428,tlk0
332453,thk1
332467,thk1
332483,thk2
332497,thk2
332895,qstc
333179,qstc
333304,tlk0
333334,tlk0
333508,tlk0
334025,fdo2
334050,fdi2
334068,fdi0
334085,fdi0
334101,fdo0
334118,fdo0
334136,fdo1
334153,fdo1F
334257,Tales'Beginning
334383,s142
334403,fdi1
334423,tlk0R
334438,s142E
334453,s143
334478,tlk1+
334501,s143E
334516,s144
334533,dis0+
334556,iro0+
334579,syu0
334597,s144E
334612,s145
334637,s145E
334652,s146
334669,poi0+
334692,s146E
334707,s147
334724,wai0+
334747,s147E
334762,s148
334779,tlk0+
334802,tlk1R
334817,s148E
334832,s149
334857,s149E
334872,s150
334889,dis0+
334912,s150E
334927,s151
334970,s151E
334985,s152
335014,bik0+
335037,s152E
335052,s153
335069,bik1+
335092,tlb0+
335115,tlb1R
335130,s153E
335145,s154
335170,tlk0+
335193,tlk1R
335208,s154E
335223,s155
335260,thk1+
335283,s155E
335298,s156
335323,s156E
335338,s157
335355,thk2
335385,dis0+
335430,tlk0+
335453,tlk2R
335468,s157E
335483,s158
335508,s158E
335523,s159
335540,tlc0+
335563,iro0+
335586,fdo1
335603,fdo1R
335618,s159F
335635,fdi2
338040,bind
342017,main
342037,fdo1
342058,fdi1
342075,main
342095,fdi1
348608,bind
352585,main
352605,fdo1
352626,fdi1
352643,main
352663,fdi1
359176,bind
363153,main
363173,fdo1
363194,fdi1
363211,main
363231,fdi1
369744,bind
373721,main
373741,fdo1
373762,fdi1
373779,main
373799,fdi1
380312,bind
384289,main
384309,fdo1
384330,fdi1
384347,main
384367,fdi1
389580,tlk0
389674,tlk1s
389703,fdo2
391752,qstc
393558,qstc
405202,AuBuCuDuEuFu_uGuHu
406064,s006
406079,tlk0
406093,tlk0
406107,tlk1
406121,tlk1
406137,s008
406152,gak0
406166,gak0
406180,gak1
406194,gak1
406210,s009
406225,job0
406239,job0
406253,job1
406267,job1
406283,s005
406298,hap0
406312,hap0
406326,hap1
406340,hap1
406354,new0
406368,new0
406382,new1
406396,new1
406412,s007
406427,exp0
406441,exp0
406455,exp1
406469,exp1
406483,dan0S
406509,dan0S
406535,dan1S
406561,dan0S
406587,dan0S
406613,dan2S
406639,dan3S
406652,dan3
406666,dan3S
406692,dae3
406706,dae3
406782,fdo0
406823,s000
406840,fdi0
406864,fdo0
406892,fdi0
406935,fdo0
406997,s000
407014,fdi0
407052,s002
407076,s002E
407091,s001
407122,fdo0
407150,fdi0
407179,s001
407381,s000
407435,s000
407489,s000
407555,s000
407609,s000
407663,s000
407785,s000
407841,s000
407915,s001
408007,s000
409315,fdi1
409346,fdo0
409387,s000
409404,fdi0
409449,s001
409473,s000
409513,s001
409544,fdo0
409593,fdi0
409625,s002
409667,s002
409868,fdo0
409909,s000
409926,fdi0
409993,fdo0
410028,fdi0
410045,qstc
410078,fdo0
410119,s000
410136,fdi0
410181,s001
410205,s000
410245,s001
410276,fdo0
410325,fdi0
410357,s002
410399,s002
410600,fdo0
410641,s000
410658,fdi0
410725,fdo0
410760,fdi0
410777,qstc
410810,fdo0
410851,s000
410868,fdi0
410896,s002
410974,s001
411023,s000
411103,s001
411134,fdo0
411183,fdi0
411308,fdo0
411349,s000
411366,fdi0
411433,fdo0
411468,fdi0
411485,qstc
411507,fdo1
411524,fdo1F
411612,s000
411632,fdi1
411649,s005
411664,hap0
411685,hap1R
411700,s000E
411715,s001
411736,s006
411751,tlk0
411772,tlk1E
411787,fdo1
411804,fdo1R
411819,s001F
411836,fdi2
411863,s006
411878,tlk0
411917,fdo1
411934,fdo1F
412022,s000
412042,fdi1
412059,s005
412074,hap0
412095,hap1R
412110,s000E
412125,s001
412146,s006
412161,tlk0
412182,tlk1R
412197,s001E
412212,s002
412231,hap0
412250,s002E
412265,s003
412280,hap1
412299,s007
412314,exp0
412341,s003E
412356,s004
412375,exp1R
412390,s004E
412405,s005
412426,s008
412441,gak0
412460,gak1R
412475,s005E
412490,s000
412511,s000E
412526,s006
412543,s006
412562,tlk1E
412577,fdo1
412594,fdo1R
412609,s006F
412626,fdi2
412646,fdo1
412663,fdo1F
412751,s000
412771,fdi1
412788,s005
412803,hap0
412822,s000E
412837,s002
412856,hap1R
412871,s002E
412886,s003
412903,s007
412918,exp0
412945,s003E
412960,s004
412979,exp1R
412994,s004E
413009,s005
413030,s008
413045,gak0
413062,gak1R
413077,s005E
413092,s000
413113,s000E
413128,s006
413145,s006
413164,tlk1E
413179,fdo1
413196,fdo1R
413211,s006F
413228,fdi2
413627,kidl0
413682,s000
413710,s000E
414247,fdi2
414266,fdi0
414283,fdi0
414299,fdo0
414316,fdo0
414332,fdi1
414349,fdi1
414365,fdo1
414382,fdo1
414398,whi1
414415,whi1
414431,who1
414448,who1
414464,who2
414481,who2
414497,who3
414514,who3
414530,main
414550,fdo1
414567,fdo1
414583,fdi1
414600,main
414620,fdi1
414636,blon
414653,blon
414671,whi0
414688,whi0
414704,who0
414721,who0
414737,efon
414754,efon
414770,fdis
414788,fdos
414805,fdos
414821,fdif
414839,fdof
414856,fdof
414872,fdip
414890,fdop
414907,fdop
415288,kidl0
416011,fdi2
416164,kidl0
416254,mok0
416800,main
416828,main
416856,main
416884,main
416964,fdi2
417121,kidl0
417905,fdi2
418108,kidl0
418198,mok0
418744,main
418772,main
418800,main
418828,main
418944,fdi2
418963,fdi0
418980,fdi0
418996,fdo0
419013,fdo0
419029,fdi1
419046,fdi1
419062,fdo1
419079,fdo1
419095,whi1
419112,whi1
419128,who1
419145,who1
419161,whi0
419178,whi0
419194,who0
419211,who0
419227,efon
419244,efon
419280,GuHu
419288,IuJu
419337,main
419355,main
419392,GuHu
419400,IuJu
419449,main
419467,main
419624,GuHuIuJu
419723,st01
419741,main
419759,main
419773,exp0
419787,exp1
419801,gak0
419815,gak1
419829,job0
419843,job1
419857,hap0
419871,hap1
419885,new0
419899,new1
419913,tlk0
419927,tlk1
419941,dan0
419955,dae0
419969,dan1
419983,dae1
419997,dan2
420011,dae2
420025,dan3
420039,dae3
420053,daz0
420067,new0
420083,new1
420100,awa0
420116,mup0
420135,mdw0
425055,qstc
426861,qstc
439120,tlk0
439134,tlk0
439150,tlk0S
439187,tlk1
439201,tlk1
439217,bok0
439231,bok0
439247,bok1
439261,bok1
439277,ibo0
439291,ibo0
439313,una0
439327,una0
439349,thk1
439363,thk1
439379,thk1S
439392,thk1
439408,thk2
439422,thk2
439438,thk2S
439451,thk2
439467,poi0S
439480,poi0
439496,dis0
439510,dis0
439526,pas0
439540,pas0
439556,tlb0
439570,tlb0
439586,tlb1
439600,tlb1
439616,tlk0
439630,tlk0
439646,tlk2
439660,tlk2
440528,tlk0
440566,pas0
440580,pas0
441236,tlk0
441274,thk1
441288,thk1
441304,thk2
441318,thk2
441334,pas0
441348,pas0
441364,ohh0
441402,shk0
441416,shk0
441432,dis0
441446,dis0
441462,poi0
441476,poi0
441492,iro0
441506,iro0
442220,tlk0
442234,tlk0
442250,tlk1
442264,tlk1
442280,kbk0
442294,kbk0
442310,kbk1
442324,kbk1
442340,spp0
442354,spp0
442370,spp1
442384,spp1
442400,thk1
442414,thk1
442430,thk2
442444,thk2
442460,pas0
442474,pas0
442490,bik0
442528,shk0
442542,shk0
442567,ksw0
442581,ksw0
442603,kst0
442617,kst0
442639,kst1
442653,kst1
442675,kup0
442689,kup0
442711,bky0
442725,bky0
442741,bky1
442755,bky1
442771,bky2
442785,bky2
443160,tlk0
443198,thk1
443212,thk1
443228,thk2
443242,thk2
443258,shk0
443272,thk0
443288,pas0
443302,pas0
443598,eton
444127,fdo1
455038,fdo1
455131,s045
455148,fdi1
455173,s045
455196,s078
455224,s078
455252,s087
455272,s046
455338,s078
455364,s078
455390,s087
455408,s046E
455423,ovl1
455440,s047
455480,s047E
455495,s048
455553,fdo1
455682,s049
455699,fdi1
455732,s049
455755,s079
455783,s079
455803,s050
455888,s079
455914,s079
455932,s050E
455947,s055
456000,s055E
456015,ovl1
456032,s054
456073,s054E
456088,s051
456128,s051
456151,s080
456179,s080
456199,s056
456276,s080
456302,s080
456320,s056E
456335,s053
456374,s053E
456389,ovl1
456406,s057
456445,s057E
456460,s058
456507,s058E
456522,ovl1
456539,s059
456572,fdo1
456600,s059
456623,s081
456651,s081
456671,s052
456688,fdi1
456735,s081
456761,s081
456779,s052E
456794,s060
456873,s060E
456888,s061
456976,s061E
456991,s045
457046,s045E
457061,s062
457125,s062E
457140,ovl1
457157,s054
457197,fdo1
457285,s082
457313,s082
457341,s088
457361,s063
457378,fdi1
457457,s082
457483,s082
457509,s088
457527,s063
457550,s083
457578,s083
457598,s065
457653,s083
457679,s083
457697,s065
457720,s084
457748,s084
457768,s064
457839,s084
457865,s084
457883,s064
457906,s085
457934,s085
457954,s066
458013,s085
458039,s085
458057,s066E
458072,ovl1
458089,s067
458149,s067E
458164,s068
458255,s068E
458270,ovl1
458287,s069
458325,s069E
458340,ovl1
458357,s071
458412,s071E
458427,s075
458487,s075E
458502,s072
458540,s072E
458555,s073
458614,s073E
458629,s070
458691,s070E
458706,s074
458780,s074
458803,s086
458831,s086
458851,s076
458949,s086
458975,s086
459013,s077
459082,fdo1
459153,fdi1
459608,lklr
459622,lklr
459638,utah
459652,utah
459668,utan
459682,utan
459698,hapy
459712,hapy
459728,sin0
459742,sin0
459758,swo0
459772,swo0
459788,swo1
459802,swo1
459818,tlk0
459832,tlk0
459848,tlk1
459862,tlk1
459878,thk1
459892,thk1
459908,thk2
459922,thk2
459938,sha0
459952,sha0
459968,sha1
459982,sha1
459998,sha0S
460011,sha0f
460026,sha1S
460039,sha1
460055,sir0
460069,sir0
460085,sir1
460099,sir1
460115,btls
460129,btls
460145,kei0
460159,kei0
460175,kei1
460189,kei1
460205,srd0
460219,srd0
460235,srd1
460249,srd1
460265,jmp0
460279,jmp0
460295,twa0
460309,twa0
460325,twa1
460339,twa1
460355,twb0
460369,twb0
460385,twb1
460399,twb1
460530,corpS
460543,corp
460557,res1S
460570,res1
460584,res2S
460597,res2
461220,tlk0
461234,tlk0f
461249,tlk1S
461262,tlk1
461278,thk1
461292,thk1
461308,thk2
461322,thk2
461338,shk0
461352,shk0
461368,dis0
461382,dis0
461398,poi0
461412,poi0
461428,pas0
461442,pas0
461458,syu0
461472,syu0
461488,wav0
461502,wav0
461518,ehn0
461556,ehn1
461570,ehn1
461586,msu0
461600,msu0
461616,msu1
461654,ghn1
461668,ghn1
461684,iro0
461698,iro0
461714,wai0
461728,wai0
461744,bik0
461758,bik0
461774,bik1
461788,bik1
461804,gkr0
461818,gkr0
461834,gkr1
461848,gkr1
461864,ohh0
461902,shk0S
461915,shk0f
461930,zit0
461946,zit0
461960,zit0
462064,deadS
462077,dead
462102,cabk
462116,cabk
462132,spef
462146,spef
462162,okir
462176,okir
462192,usi0
462206,usi0
462222,usi1
462236,usi1
462252,teh0
462266,teh0
462282,teh1
462296,teh1
462312,mdq0
462326,mdq0
462342,mdq3
462356,mdq3
464354,pas0
464384,pas0
464417,tlk0
464440,ten0
464469,tlk0
464533,tlk0
464552,ten0
464579,pas0
464598,qstc
464663,tlk0
464691,ten0S
464704,ten0n
464753,tlk0
464772,ten0S
464785,ten0
464822,fdo1
470170,fdo1
470187,fdo1
470205,fdi1
471436,fdo1
471453,fdo1
471471,fdi1
472615,fdo1
472632,fdo1
472650,fdi1
472667,fdi1
472769,fdo1
472786,fdo1
472804,fdi1
472821,fdi1
473462,tlb1+
473485,tlb2+
473508,tlb1+
473531,tlb2f
473546,thk1+
473601,thk2+
473624,tlb1+
473671,tlb2f
473686,tlb1+
473733,tlb2f
473748,tlb1+
473771,tlb2
473821,tlb1+
473852,tlb2
473915,tlb1+
473962,tlb2
473993,tlb1+
474040,tlb2
474071,tlb1+
474158,tlb2
474189,tlb1+
474236,tlb2
474267,tlb1+
474330,tlb2
474364,tlb1+
474427,tlb2f
474442,tlb1+
474473,tlb2
474510,tlb1+
474549,tlb2
474672,tlb1+
474743,tlb2
474774,tlb1+
474845,tlb2
474876,tlb1+
474947,tlb2
474978,tlb1+
475049,tlb2
475072,tlb1+
475103,tlb2
475156,tlb1+
475195,tlb2
475221,tlb1+
475268,tlb2
475294,tlb1+
475381,tlb2
475407,tlb1+
475454,tlb2
475480,tlb1+
475543,tlb2
475577,tlb1+
475689,tlb1+
475809,tlb1+
475848,tlb2
475874,tlb1+
475921,tlb2
475947,tlb1+
476034,tlb2
476060,tlb1+
476107,tlb2
476133,tlb1+
476196,tlb2
476225,tlb1+
481918,m212
481935,m212
481961,m312
481978,m312
482004,m412
482021,m412
482047,m512
482064,m512
482090,m612
482107,m612
482447,qstc
482963,m101
482980,m101
483006,m102
483023,m102
483049,m103
483066,m103
483092,m104
483109,m104
483135,m105
483152,m105
483178,m106
483195,m106
483221,m107
483238,m107
483264,m108
483281,m108
483307,m109
483324,m109
483350,m110
483367,m110
483393,m111
483410,m111
483447,m201
483464,m201
483490,m202
483507,m202
483533,m203
483550,m203
483576,m204
483593,m204
483619,m205
483636,m205
483662,m206
483679,m206
483705,m207
483722,m207
483748,m208
483765,m208
483791,m209
483808,m209
483834,m210
483851,m210
483877,m211
483894,m211
483931,m301
483948,m301
483974,m302
483991,m302
484017,m303
484034,m303
484060,m304
484077,m304
484103,m305
484120,m305
484146,m306
484163,m306
484189,m307
484206,m307
484232,m308
484249,m308
484275,m309
484292,m309
484318,m310
484335,m310
484361,m311
484378,m311
484415,m401
484432,m401
484458,m402
484475,m402
484501,m403
484518,m403
484544,m404
484561,m404
484587,m405
484604,m405
484630,m406
484647,m406
484673,m407
484690,m407
484716,m408
484733,m408
484759,m409
484776,m409
484802,m410
484819,m410
484845,m411
484862,m411
484899,m501
484916,m501
484942,m502
484959,m502
484985,m503
485002,m503
485028,m504
485045,m504
485071,m505
485088,m505
485114,m506
485131,m506
485157,m507
485174,m507
485200,m508
485217,m508
485243,m509
485260,m509
485286,m510
485303,m510
485329,m511
485346,m511
485383,m601
485400,m601
485426,m602
485443,m602
485469,m603
485486,m603
485512,m604
485529,m604
485555,m605
485572,m605
485598,m606
485615,m606
485641,m607
485658,m607
485684,m608
485701,m608
485727,m609
485744,m609
485770,m610
485787,m610
485813,m611
485830,m611
486004,fdo1
486024,dor2
487346,tlk0
487365,tlk1
487387,fdo1
487404,fdo1F
487440,test
487457,tlw0
487474,fdi1
487531,tlw0E
487546,tlw1
487563,tlk0
487582,tlk1
487601,fdo1
487618,fdo1R
487633,tlw1F
487653,fdi1
487760,tlk0
487808,tlk1
487854,tlk0
487877,tlk1
487903,tlk0
487930,tlk1
487965,tlk0
488033,tlk0
488064,tlk1
488087,tlk0
488152,tlk0
488220,tlk0
488247,tlk1
488280,tlk0
488311,tlk1
488334,tlk0
488404,tlk0
488477,tlk0
488504,tlk1
488541,tlk0
488611,tlk1
488657,tlk0
488706,tlk1
488732,tlk0
488759,tlk1
488785,tlk0
488812,tlk1
488855,tlk0
488904,tlk0
488964,tlk0
489023,tlk1
489042,tlk0
489091,tlk0
489141,tlk1
489160,tlk0
489212,tlk0
489239,tlk1
489267,tlk0
489307,tlk1
489353,tlk0
489405,tlk1
489431,tlk0
489464,tlk1
489503,tlk0
489529,Wetata
489605,tlk0
489623,Wetata
489705,tlk0
489736,tlk1
489768,tlk0
489807,tlk1
489858,tlk0
489889,tlk1
489915,tlk0
489938,tlk1
489964,tlk0
489991,tlk1
490017,tlk0
490044,tlk1
490087,tlk0
490168,tlk0
490249,tlk0
490292,tlk0
490319,tlk1
490342,tlk0
490373,tlk1
490401,tlk0
490440,tlk1
490468,tlk0
490507,tlk1
490553,tlk0
490609,tlk1
490635,tlk0
490671,tlk1
490697,tlk0
490732,tlk1
490771,tlk0
490816,tlk0
490877,tlk0
490934,tlk1
490962,tlk0
491001,tlk1
491047,tlk0
491096,tlk1
491122,tlk0
491166,tlk1
491205,tlk0
491276,tlk0
491349,tlk0
491372,tlk1
491410,tlk0
491438,tlk1
491466,tlk0
491497,tlk1S
491510,tlk1
491597,tlk0
491632,tlk1
491658,tlk0
491705,tlk1
491731,tlk0
491770,tlk1
491796,tlk0
491827,tlk1
492193,hap0
492280,hap1
492370,gak0+
492391,gak1
492415,exp0+
492436,exp1
492463,job0+
492496,job1
492557,dan2
492580,dae2J
492649,new0+
492670,new1+
492742,dan2
492758,dae2J
492831,gak0+
492865,gak1
492897,new0+
492926,new1
492982,dan2
493013,dae2J
493066,dae2J
493096,new0+
493117,new1+
493152,hap0+
493215,hap1
493239,new0+
493260,new1+
493318,tlk0+
493339,tlk1
500059,tlk0f
500101,s053
500143,s053E
500158,s054
500175,tlk0
500199,tlk1S
500212,tlk1
500246,s054E
500261,s057
500308,s054E
500323,s057
500392,s057E
500407,s054
500438,s054E
500453,s055
500488,s055E
500503,s056
500565,s057E
500580,s058
500639,s058
500662,s060
500690,s060
500710,s059
500749,bru0
500764,kidl0
500787,s059R
500802,s060E
500817,s061
500834,tlk0
500866,tlk1S
500879,tlk1R
500894,s061E
500909,s062
500957,s062E
500972,s063
501039,s062E
501054,s063
501093,s063E
501108,s064
501125,tlk0
501148,tlk1S
501161,tlk1
501180,s064E
501195,s065
501238,s065E
501253,s066
501270,tlk0
501293,tlk1S
501306,tlk1R
501321,s066
501344,s008
501404,s008E
501419,s067
501453,s067E
501468,s068
501551,s068
501574,s070
501602,s070
501622,s069
501655,s069R
501670,s070E
501685,s071
501736,trg0
501757,s071E
501772,s072
501816,s072E
501831,s073
501858,s073
501881,s009
501909,s009
501929,s074
502053,s074R8
502068,s009E
502083,s075
502136,s075E
502151,s076
502209,tlk0
502228,tlk1
502246,s076
502269,s060
502297,s060
502317,s059
502349,bru0
502364,kidl0
502387,s059R
502402,s060
502425,s010
502453,s010
502473,s077
502508,trg0
502534,s010R
502549,s056R
502622,qstc
502639,fdi2
503178,tlk0
503200,tlk1
503226,tlk0
503248,tlk1
503274,tlk0
503296,tlk1
503322,tlk0
503344,tlk1
503406,tlk0
503432,tlk1
503458,tlk0
503484,tlk1
503510,tlk0
503540,tlk1
503566,tlk0
503592,tlk1
511040,fdi0
511057,fdi0
511073,fdo0
511090,fdo0
511106,fdi1
511123,fdi1
511139,fdo1
511156,fdo1
511172,whi1
511189,whi1
511205,who1
511222,who1
511238,who2
511255,who2
511271,who3
511288,who3
511304,main
511324,fdo1
511341,fdo1
511357,fdi1
511374,main
511394,fdi1
511410,blon
511427,blon
511445,whi0
511462,whi0
511478,who0
511495,who0
511511,efon
511528,efon
511544,fdis
511562,fdos
511579,fdos
511595,fdif
511613,fdof
511630,fdof
511646,fdip
511664,fdop
511681,fdop
512315,tlk0
512368,tlk0
512411,tlk0
512651,tlk0
512754,tlk0
512786,tlk0
512902,tlk0
513012,hap0
513052,open
513096,clos
513118,tlk0
513137,pas0S
513195,tlk0
513240,tlk0
513349,hap0
513417,open
513461,clos
513483,tlk0
513502,pas0S
513515,pas0
513547,open
513634,pas0S
513660,closS
513673,clos
513698,tlk0
513763,tlk0.
513792,tlk0
513820,tlk0
513848,tlk0
513890,tlk0
514032,tlk0
514064,tlk0
514092,tlk0
514121,tlk0
514273,main
514309,main
514378,MFoK
517870,kidl0
517894,tlk0S
517907,tlk0
517923,tlk1S
517936,tlk1
517952,thk1S
517965,thk1
517981,thk2S
517994,thk2
518010,tlk0S
518023,tlk0
518039,tlk1S
518052,tlk1
518068,syu0S
518081,syu0
518097,iro0S
518110,iro0
518126,moj0S
518139,moj0
518155,gkr0S
518168,gkr0
518184,ghn1S
518197,ghn1
535731,VFBJ
536043,main
536060,main
536260,main
536277,main
536393,fdi0
536410,fdi0
536426,fdo0
536443,fdo0
536459,fdi1
536476,fdi1
536492,fdo1
536509,fdo1
536525,whi1
536542,whi1
536558,who1
536575,who1
536591,who2
536608,who2
536624,who3
536641,who3
536657,main
536677,fdo1
536694,fdo1
536710,fdi1
536727,main
536747,fdi1
536763,blon
536780,blon
536798,whi0
536815,whi0
536831,who0
536848,who0
536864,efon
536881,efon
536897,fdis
536915,fdos
536932,fdos
536948,fdif
536966,fdof
536983,fdof
536999,fdip
537017,fdop
537034,fdop
537302,kidl0
537326,tlk0S
537339,tlk0
537355,tlk1S
537368,tlk1
537384,thk1S
537397,thk1
537413,thk2S
537426,thk2
537442,tlk0S
537455,tlk0
537471,tlk1S
537484,tlk1
537500,syu0S
537513,syu0
537529,iro0S
537542,iro0
537558,moj0S
537571,moj0
537587,gkr0S
537600,gkr0
537616,ghn1S
537629,ghn1
537792,bru0
537808,bru0
537847,trg0
537975,Pieuje
538000,Ayame
538050,Apururu
538075,Maat
538100,Aldo
538175,Flaviria
538200,Abquhbah
538225,Yoran-Oran
538250,Sylvie
539584,fdi0
539601,fdi0
539617,fdo0
539634,fdo0
539650,fdi1
539667,fdi1
539683,fdo1
539700,fdo1
539716,whi1
539733,whi1
539749,who1
539766,who1
539782,who2
539799,who2
539815,who3
539832,who3
539848,main
539868,fdo1
539885,fdo1
539901,fdi1
539918,main
539938,fdi1
539954,blon
539971,blon
539989,whi0
540006,whi0
540022,who0
540039,who0
540055,efon
540072,efon
540088,fdis
540106,fdos
540123,fdos
540139,fdif
540157,fdof
540174,fdof
540190,fdip
540208,fdop
540225,fdop
540639,s043
540674,s043E
540689,s044
540728,s044E
540743,s049
540827,s049
540851,s027
540874,s027E
540889,s028
540924,s028E
540939,s029
540974,s029E
540989,s030
541037,s030E
541052,s031
541093,s031E
541108,s032
541167,s032
541190,s037
541218,s037
541238,s033
541322,s033R
541337,s037E
541352,s034
541412,s034E
541427,s035
541480,s033R
541495,s037E
541510,s036
541569,s036E
541584,s038
541651,s038E
541666,s039
541723,s039E
541738,s040
541861,s041
541905,s041E
541920,s042
541969,s042E
541984,s043
542040,s043E
542055,s044
542094,s044E
542109,s045
542169,s045
542206,s046
542269,s046E
542284,s047
542331,s047E
542346,s048
542437,s048E
542452,s049
542509,s049
542527,s050
542581,s050E
542596,s031
542631,s031E
542646,s032
542681,s032E
542696,s035
542740,s050
542763,s052
542791,s052
542811,s051
542887,s051R
542902,s052
542923,s051R
542938,s052E
542953,s053
543024,s053
543047,s055
543075,s055
543095,s054
543180,s054R
543195,s055E
543210,s056
544915,deadn
546120,s057
546181,s057E
546196,s059
546269,s059E
546284,s058
546368,s058E
546383,s060
546431,s060E
546446,s061
546578,s062
546629,s062E
546644,s063
546705,s063E
546720,s064
546786,s064E
546801,s065
546854,s035R
546869,s065'
546949,qstc
546966,fdi2
547166,eton
547695,fdo1
547850,exp0
547875,exp1
547892,tlk0
547921,tlk1
551593,fdo1
551610,fdo1
551648,tlk0
551667,tlk1f
551682,pas0S
551695,pas0
551731,tlk0
551750,tlk1f
551765,thk1
551816,tlk0
551835,tlk1
551853,fdo1
551870,fdo1
551977,tlk0
551996,tlk1
552014,fdo1
552031,fdo1
552067,thk1
552086,thk2f
552101,tlk0
552120,tlk1
552590,s012
552630,fdi1
552647,fdi0
552819,tlk0
552847,tlk1
553017,dis0
553036,fdo1
553053,fdo1
553089,s01272
553107,opx8
553126,fdi1
553143,fdi0
553438,dis0
553457,fdo1
553474,fdo1
553510,s01272
553528,opx8
553547,fdi1
553564,fdi0
553727,ton0S
553755,ton1
553788,kesu
553812,kesu
553836,kesu
553860,kesu
553884,kesu
553908,kesu
553932,kesu
553956,kesu
553980,kesu
554004,kesu
554028,kesu
554052,kesu
554076,kesu
554100,kesu
554124,kesu
554148,kesu
554172,kesu
554196,kesu
554220,kesu
554244,kesu
554268,kesu
554292,kesu
554316,kesu
554340,kesu
554364,kesu
554420,thk1
554439,thk2
554465,thk1
554484,thk2
554510,dis0
554560,tlk0
554579,tlk1f
554594,thk1
554613,thk2
554735,tlk0
554754,tlk1
554854,tlk0
554873,tlk1
554907,tlk0
554926,tlk1n
554977,fdo1
554994,fdo1
555023,fdo1
555040,fdo1
555076,s01272
555094,opx8
555113,fdi1
555130,fdi0
556714,s013
556731,fdi1
556748,fdi0
556883,tlk0
556978,thk1
557028,dis0
557047,fdo1
557064,fdo1
557118,opx8
557137,fdi1
557154,fdi0
557295,tlk0
557318,tlk1n
557418,fdo1
557435,fdo1
557528,thk1
557547,thk2
557576,thk1
557595,thk2
557630,dis0
557680,tlk0
557699,tlk1f
557714,thk1
557733,thk2
557751,fdo1
557768,fdo1
557822,opx8
557841,fdi1
557858,fdi0
558864,s014
558952,fdi1
559000,fdi0
559155,tlk0
559178,tlk1
559816,dis0
559835,fdo1
559852,fdo1
559906,opx8
559925,fdi1
559942,fdi0
560046,dis0
560065,fdo1
560082,fdo1
560136,opx8
560155,fdi1
560172,fdi0
560558,s017
560575,s014
560779,dis0
560868,main
560885,main
560912,dis0
560990,dis0
561105,main
561122,main
561234,main
561251,main
561293,tlk0
561312,tlk1'
561421,dis0
561488,fdo1
561505,fdo1
561553,s017
561591,fdi1
561608,fdi0
561634,tlk0
561653,tlk1f
561668,pas0S
561681,pas0
561714,tlk0
561733,tlk1f
561748,thk1
561767,thk2
562115,yor0
562131,nak0
562147,ust0
564720,nak0
564736,iya0S
564764,iya1
565093,nak0
565109,yor0
565125,ust0
572758,hi06
572774,hi07
572854,hi06
572870,hi07
572950,hi06
572966,hi07
573033,hi07
573085,hi07
573137,hi07
573189,hi07
573974,exp0
573991,exp1H
574034,tlk0
574051,tlk1
574212,tlk0
574229,tlk1
574383,tlk0
574400,tlk1
574439,exp0
574489,tlk0
574511,tlk1
574536,tlk0
574556,tlk1
574581,tlk0
574601,tlk1
574620,tlk0
574637,tlk1
575725,fdo1
575742,fdo1F
576254,sp01E0
576269,s000
576289,fdi1
576579,fdo1
576596,fdo1
576619,owri
576640,s000x
576669,fdi0
576686,fdi0
583425,tlk0
583441,tlk1
585040,fdo1
585057,fdo1F
585448,hi02
585466,hi02
585582,s003
585610,fdi1
586779,fdo1
586821,s003x8
586845,fdi0
586862,fdi0
587474,hi07
587492,fdo1
587534,s003x8
587558,fdi0
587575,fdi0
587780,fdo1
587822,s003x8
587846,fdi0
587863,fdi0
588367,sit2S
588380,sit2
588443,sit2S
588456,sit2
588519,sit2S
588532,sit2
588595,sit2S
588608,sit2
589876,fdo1
589893,fdo1F
590070,stat
590700,s200
590717,fdi1
590740,fdo1
590757,fdo1R
590787,boff
590804,boffE
590819,fdi1
590836,s201
590872,stop
591353,s201E
591368,s202
591697,main
591714,sur1
591845,stat
592070,stop
592188,main
592205,sur1
592307,s202E
592322,s203
592514,s203E
592529,s204
592674,s204E
592689,s205
592730,s205
592753,s207
592781,s207
592801,s206
592842,s207
592868,s207
592886,s206E
592901,s208
593063,s2z3
593089,fdi1
593189,s2z3E
593204,s208
593268,s208E
593283,s209
593337,s209E
593352,s210
593480,fdo1
593497,fdo1N
593572,s211
593611,fdi1
593631,s211E
593646,s212
593672,s212E
593687,s213
593707,tlk0
593748,tlk1
593788,s213E
593803,s214
593879,fdo1
593896,fdo1
593927,s214F
593944,fdi1
594098,fdo1
594115,fdo1
594757,fdo1
594774,fdo1+
594809,fdi1
595132,s234
595149,fdi1
595169,s234E
595184,s235
595207,tlk0
595258,s235E
595273,s236
595336,boff
595353,boffE
595368,s237
595620,s237E
595635,s238
595760,tlk0
595788,tlk1R
595803,s238E
595818,s239
595843,s239E
595858,s240
595875,tlk0
595933,tlk1R
595948,s240E
595963,s241
595980,tlk0+
596024,tlk1R
596039,s241E
596054,s242
596088,s242E
596103,s243
596126,tlk0+
596181,s243
596204,s245
596232,s245
596252,s244
596275,tlk0+
596306,tlk1
596341,s245
596367,s245
596385,s244E
596400,s246
596423,kat0
596456,s246E
596471,s247
596486,kat1
596526,s247
596549,s249
596577,s249
596597,s248
596742,s228
596770,s228
596790,s227
596807,fdi1
596835,s228
596861,s228
596879,s227E
596894,s229
596917,tlk0
596984,tlk1
597011,s229E
597026,s230
597049,tlk0+
597088,tlk1
597128,s230E
597143,s231
597219,s231
597242,s233
597270,s233
597290,s232
597330,fdo1
597378,s226R
597393,s233R
597408,s249
597434,s226R
597449,s233R
597464,s249
597482,s225R
597497,s232R
597512,s248F
597529,fdi1
597555,fdi1
597669,fdo1
600060,tlk0
600074,tlk0f
600089,tlk1S
600102,tlk1
600118,thk1
600132,thk1
600148,thk2
600162,thk2
600178,shk0
600192,shk0
600208,dis0
600222,dis0
600238,poi0
600252,poi0
600268,pas0
600282,pas0
600298,syu0
600312,syu0
600328,wav0
600342,wav0
600358,ehn0
600396,ehn1
600410,ehn1
600426,msu0
600440,msu0
600456,msu1
600494,ghn1
600508,ghn1
600524,iro0
600538,iro0
600554,wai0
600568,wai0
600584,bik0
600598,bik0
600614,bik1
600628,bik1
600644,gkr0
600658,gkr0
600674,gkr1
600688,gkr1
600704,ohh0
600742,shk0S
600755,shk0f
600770,zit0
600786,zit0
600800,zit0
600904,deadS
600917,dead
600942,cabk
600956,cabk
600972,spef
600986,spef
601002,okir
601016,okir
601032,usi0
601046,usi0
601062,usi1
601076,usi1
601092,teh0
601106,teh0
601122,teh1
601136,teh1
601152,mdq0
601166,mdq0
601182,mdq3
601196,mdq3
602941,fdo1
602961,star
602981,stop
603001,fdi1
603054,qstc
603253,s000
603270,fdi1
603339,fdo1
603374,qstc
603398,fdi1
603541,fdo1
603561,star
603581,stop
603601,fdi1
603654,qstc
603914,who1
603931,who18B
604294,main
604311,str0
604419,s009
604447,s133
604475,s133
604503,s133
604531,s133
604548,fdi1
604565,whi1
604659,s009
604685,s133
604711,s133
604737,s133
604763,s133Ei
604778,s134
604851,s134
604874,s002
604902,s002
604930,s008
604966,s007
604994,s007
605022,s159
605050,s159
605070,s131
605106,s007
605134,s007
605162,s159
605190,s159
605210,s131
605276,star
605296,stop
605316,who1
605333,who1Ri
605348,s159Ri
605363,s131Ri
605378,s005Ri
605393,s002Ri
605408,s006Ri
605423,s007Ri
605438,s008Ei
605453,sbof
605570,klal
605587,kill
605613,fdo1
605633,whi1
605650,whi1
605720,fdi0
605737,fdi0
605753,fdo0
605770,fdo0
605786,fdi1
605803,fdi1
605819,fdo1
605836,fdo1
605852,whi1
605869,whi1
605885,who1
605902,who1
605918,who2
605935,who2
605951,who3
605968,who3
605984,main
606004,fdo1
606021,fdo1
606037,fdi1
606054,main
606074,fdi1
606090,blon
606107,blon
606125,whi0
606142,whi0
606158,who0
606175,who0
606191,efon
606208,efon
606224,fdis
606242,fdos
606259,fdos
606275,fdif
606293,fdof
606310,fdof
606326,fdip
606344,fdop
606361,fdop
607150,fdo1
607167,fdo1F
607278,Tales'Beginning
607324,Tales'Beginning
607370,Tales'Beginning
607416,Tales'Beginning
607462,Tales'Beginning
607508,Tales'Beginning
607554,Tales'Beginning
607600,Tales'Beginning
607646,Tales'Beginning
607692,Tales'Beginning
607843,wapl'
607865,str0
607882,s063
607902,fdi1
607922,kill
607939,ovl1
607971,s064
607988,s000
608008,wap0
608041,s065
608076,s066
608096,wap1
608129,s067
608170,s068
608205,s069
608231,wapkh+
608273,s070
608290,wap2+
608331,s159
608369,main
608397,main
608420,who1
608437,who1E
608452,fdo1
608484,s159EJ
608499,whi1
608549,fdi2
608574,fdo1
608591,fdo1F
608774,eff0
608791,uku0
608806,star
608826,s030
608846,fdi1
608866,s030EX
608881,s031
608898,tlk0+
608921,s031EX
608936,s034
608961,s034EX
608976,s032
609009,s032EX
609024,s033
609057,s033EX
609072,s035
609105,fdo1
609122,fdo1RX
609137,s035
609152,kill
609169,blof
609204,fdi2
609229,fdo1
609246,fdo1F
609435,eff0
609452,uku0
609467,star
609487,s028
609507,fdi1
609527,s028Ec
609542,s029
609559,tlk0+
609582,s029Ec
609597,s030
609622,s030Ec
609637,s031
609654,tlk1+
609685,s031Ec
609700,s032
609729,fg01_
609745,non0j
609777,non0Rc
609792,s032Ec
609807,s033
609824,fd01+
609862,hiz0
609880,s033Ec
609895,s034
609946,kie1
609966,who1
609983,who1E
609998,fdo1
610015,fdo1Rc
610030,s034
610045,kill
610062,blof
610079,whi0
610129,fdi2
610173,fdo1
610190,fdo1F
610379,eff0
610396,uku0
610411,star
610431,s028
610451,fdi1
610471,s028Ec
610486,s029
610503,tlk0+
610526,s029Ec
610541,s030
610566,s030Ec
610581,s031
610598,tlk1+
610629,s031Ec
610644,s032
610673,fg01_
610689,non0j
610751,hiz0
610769,s032Ec
610784,s034
610835,kie1
610855,who1
610872,who1Rc
610887,s034
610902,kill
610919,blof
611001,kyu0
611021,s035
611041,whi1
611061,s035Ec
611076,s153
611231,fdo1
611248,fdo1Rc
611263,s153
611278,klky
611313,fdi2
611336,fdi2
611375,fdo1
611392,fdo1F
611581,eff0
611598,uku0
611613,star
611633,s051
611653,fdi1
611673,s051E
611688,s052
611705,tlk0+
611736,s052E
611751,s053
611776,tlk1
611832,fg01_
611848,non0j
611865,s053E
611880,s054
611904,non0R
611919,s054E
611934,s055
611966,tlk0+
612020,tlk1E
612035,fdo1
612052,fdo1R
612067,s055
612082,kill
612099,blof
612134,fdi2
612157,fdi2
612182,fdo1
612199,fdo1F
612297,pry0
612331,s100
612351,fdi1
612384,s100E
612399,s101
612419,b001
612439,fdo0
612456,fdo0R
612471,s101
612486,bkl1
612521,fdi2
612540,fdi0
612557,fdi0
612573,fdo0
612590,fdo0
612606,fdi1
612623,fdi1
612639,fdo1
612656,fdo1
612672,whi1
612689,whi1
612705,who1
612722,who1
612738,who2
612755,who2
612771,who3
612788,who3
612804,main
612824,fdo1
612841,fdo1
612857,fdi1
612874,main
612894,fdi1
612910,blon
612927,blon
612945,whi0
612962,whi0
612978,who0
612995,who0
613011,efon
613028,efon
613044,fdis
613062,fdos
613079,fdos
613095,fdif
613113,fdof
613130,fdof
613146,fdip
613164,fdop
613181,fdop
613272,SuUu
613284,TuVu
613294,WuXuYu
613567,Iroha
614194,TuVuWuXuYu
614726,WuXuYu
616261,fyu0_
616277,fyu0_
616293,fyu0_
616309,fyu0_
616325,fyu0_
616341,fyu0_
616357,fyu0
616372,s000
616418,ym01
616449,ym01E'
616464,ym02
616492,ym02E'
616507,ym03
616591,ym03E'
616606,zl01
616648,zl01E'
616663,zl02
616702,zl02E'
616717,zl03
616745,zl03E'
616760,zl04
616788,zl04E'
616803,zl05
616831,zl05E'
616846,zl06
616930,zl06E'
616945,pr01
616987,pr01E'
617002,pr02
617041,pr02E'
617056,pr03
617124,stbl
617142,pr03E'
617157,at01
617199,at01E'
617214,at02
617253,at02E'
617268,at03
617344,at03E'
617359,wg01
617401,wg01E'
617416,wg02
617449,wg02E'
617464,wg03
617503,wg03E'
617518,wg04
617585,wg04E'
617600,ad01
617631,ad01E'
617646,ad02
617685,ad02E'
617700,ad03
617739,ad03E'
617754,ad04
617794,kil0
617815,s001
617842,wlk1_
617859,at03R'
617874,ad04E'
617889,hs02
617919,wlk1R'
617934,hs02E'
617949,hs04
618025,hs04E'
618040,hs05
618094,hs05E'
618109,hs06
618137,hs06
618160,hs07
618184,kidl0
618208,hs07E'
618223,hs01
618250,gng0
618271,hs01E'
618286,hs08
618304,uku0n
618334,uku0R'
618349,hs08E'
618364,hs11
618392,hs11E'
618407,hs10
618469,hs10E'
618484,khf2
618529,khf2E'
618544,khf1
618579,s000
618612,khf1E'
618627,kem1
618655,kem1E'
618670,kem2
618705,s000
618725,kem2E'
618740,kef1
618775,s000
618795,kef1E'
618810,kmt1
618838,kmt1E'
618853,kmt2
618888,s000
618908,kmt2E'
618923,kgl1
618958,s000
618978,kgl1E'
618993,ktm1
619028,s000
619048,ktm1E'
619063,ktf1
619097,s000
619117,ktf1E'
619132,khm1
619160,khm1E'
619175,khm2
619192,sekl
619209,s001
619229,khm2E'
619244,khm3
619261,s000
619300,pk00
619342,k000
619360,fut0
619377,khm3E'
619392,fl01
619411,fut0
619426,kof0
619464,lpkl
619535,kl01
619552,main
619569,s004
619602,s000
619619,str0
619649,fl01E'
619664,li02
619690,li02E'
619705,li01
619747,li01E'
619762,li03
619802,kidl0
619822,klal
619839,kil0
619902,kie0
619919,mis0
619982,li03E'
619997,re10
620017,re10E'
620032,re13
620049,re13E'
620064,re11
620081,kie1
620098,re11E'
620113,re12
620146,kie0
620181,re12E'
620196,re02
620233,re02E'
620248,re03
620265,kie1
620282,mis1
620310,re03E'
620325,re05
620357,main
620384,re05E'
620399,re04
620425,re04E'
620457,kill
620513,fdi2
621288,fyu0_
621304,fyu0_
621320,fyu0_
621336,fyu0_
621352,fyu0_
621368,fyu0_
621384,fyu0
621399,s000
621445,ym01
621476,ym01E'
621491,ym02
621519,ym02E'
621534,ym03
621618,ym03E'
621633,zl01
621675,zl01E'
621690,zl02
621729,zl02E'
621744,zl03
621772,zl03E'
621787,zl04
621815,zl04E'
621830,zl05
621858,zl05E'
621873,zl06
621957,zl06E'
621972,pr01
622014,pr01E'
622029,pr02
622068,pr02E'
622083,pr03
622151,stbl
622169,pr03E'
622184,at01
622226,at01E'
622241,at02
622280,at02E'
622295,at03
622371,at03E'
622386,wg01
622428,wg01E'
622443,wg02
622476,wg02E'
622491,wg03
622530,wg03E'
622545,wg04
622612,wg04E'
622627,ad01
622658,ad01E'
622673,ad02
622712,ad02E'
622727,ad03
622766,ad03E'
622781,ad04
622821,kil0
622842,s001
622869,wlk1_
622886,at03R'
622901,ad04E'
622916,hs02
622946,wlk1R'
622961,hs02E'
622976,hs04
623052,hs04E'
623067,hs05
623121,hs05E'
623136,hs06
623164,hs06
623187,hs07
623211,kidl0
623235,hs07E'
623250,hs01
623277,gng0
623298,hs01E'
623313,hs08
623331,uku0n
623361,uku0R'
623376,hs08E'
623391,hs11
623419,hs11E'
623434,hs10
623496,hs10E'
623511,khf2
623556,khf2E'
623571,khf1
623606,s000
623639,khf1E'
623654,kem1
623682,kem1E'
623697,kem2
623732,s000
623752,kem2E'
623767,kef1
623802,s000
623822,kef1E'
623837,kmt1
623865,kmt1E'
623880,kmt2
623915,s000
623935,kmt2E'
623950,kgl1
623985,s000
624005,kgl1E'
624020,ktm1
624055,s000
624075,ktm1E'
624090,ktf1
624124,s000
624144,ktf1E'
624159,khm1
624187,khm1E'
624202,khm2
624219,sekl
624236,s001
624256,khm2E'
624271,khm3
624288,s000
624327,pk00
624369,k000
624387,fut0
624404,khm3E'
624419,fl01
624438,fut0
624453,kof0
624491,lpkl
624562,kl01
624579,main
624596,s004
624629,s000
624646,str0
624676,fl01E'
624691,li02
624717,li02E'
624732,li01
624774,li01E'
624789,li03
624829,kidl0
624849,klal
624866,kil0
624929,kie0
624946,mis0
625009,li03E'
625024,re10
625044,re10E'
625059,re13
625076,re13E'
625091,re11
625108,kie1
625125,re11E'
625140,re12
625173,kie0
625208,re12E'
625223,re02
625260,re02E'
625275,re03
625292,kie1
625309,mis1
625337,re03E'
625352,re05
625384,main
625411,re05E'
625426,re04
625452,re04E'
625484,kill
625540,fdi2
625559,fdi0
625576,fdi0
625592,fdo0
625609,fdo0
625625,fdi1
625642,fdi1
625658,fdo1
625675,fdo1
625691,whi1
625708,whi1
625724,who1
625741,who1
625757,who2
625774,who2
625790,who3
625807,who3
625823,main
625843,fdo1
625860,fdo1
625876,fdi1
625893,main
625913,fdi1
625929,blon
625946,blon
625964,whi0
625981,whi0
625997,who0
626014,who0
626030,efon
626047,efon
626063,fdis
626081,fdos
626098,fdos
626114,fdif
626132,fdof
626149,fdof
626165,fdip
626183,fdop
626200,fdop
626719,gnh1
626746,gnh2
626931,gnh1
626958,gnh2
627143,gnh1
627170,gnh2
627355,gnh1
627382,gnh2
627567,gnh1
627594,gnh2
627779,gnh1
627806,gnh2
627991,gnh1
628018,gnh2
628278,Eald'narche
628307,Nag'molada
628573,Kam'lanaut
628602,Razfahd
628631,Hades
629044,tlk0
629113,tlk0
629134,tlk1
629151,hap0
629185,tlk0
629253,tlk1H
630206,hap0
630223,hap1
630382,tlk0
630403,tlk1
630427,exp0
630461,exp1
630485,exp0
630516,exp1
630540,exp0
630569,exp1
630627,tlk0A
630864,tlk1S
630877,tlk1
631588,tlk0
631657,tlk0
631678,tlk1
631695,hap0
631729,tlk0
631797,tlk1H
632750,hap0
632767,hap1
632926,tlk0
632947,tlk1
632971,exp0
633005,exp1
633029,exp0
633060,exp1
633084,exp0
633113,exp1
633171,tlk0A
633408,tlk1S
633421,tlk1
662284,fdi0
662301,fdi0
662317,fdo0
662334,fdo0
662350,fdi1
662367,fdi1
662383,fdo1
662400,fdo1
662416,whi1
662433,whi1
662449,who1
662466,who1
662482,who2
662499,who2
662515,who3
662532,who3
662548,main
662568,fdo1
662585,fdo1
662601,fdi1
662618,main
662638,fdi1
662654,blon
662671,blon
662689,whi0
662706,whi0
662722,who0
662739,who0
662755,efon
662772,efon
662788,fdis
662806,fdos
662823,fdos
662839,fdif
662857,fdof
662874,fdof
662890,fdip
662908,fdop
662925,fdop
663968,tlk0
663987,tlk1S
664000,tlk1
664016,tlk0
664055,tlk1S
664068,tlk1
664084,tlk0
664123,tlk1S
664136,tlk1
664152,tlk0
664195,tlk1S
664208,tlk1
664224,tlk0
664267,tlk1S
664280,tlk1
664296,tlk0
664315,tlk1S
664328,tlk1
664344,tlk0
664391,tlk1S
664404,tlk1
664420,tlk0
664447,tlk1S
664460,tlk1
