offset,token
5240,fdo1
5257,fdo1u
5310,cm90
5327,cm90E
5342,fdi1
5359,fdi1'
5469,cm91
5508,cm91
5543,cm92
5572,cm92
5679,cm9a
5696,cm9a+
5781,cm93
5798,cm93
5888,cm94
6006,cm95
6186,cm96
6203,cm96'
6309,fdo1
6363,fdi1
6454,cmb3
6471,cmb3
6514,fdo1
6531,fdo1u
6584,cm60
6601,cm60E
6616,fdi1
6633,fdi1'
6743,cm61
6782,cm61
6817,cm62
6846,cm62
6953,cm6a
6970,cm6a+
7055,cm63
7072,cm63
7162,cm64
7280,cm65
7460,cm66
7477,cm66'
7583,fdo1
7637,fdi1
7705,cm83
7722,cm83
7789,fdo1
7806,fdo18
7859,cm10
7876,cm10E
7891,fdi1
7908,fdi1'
8018,cm11
8057,cm11
8092,cm12
8121,cm12
8228,cm1a
8245,cm1a+
8330,cm13
8347,cm13
8437,cm14
8555,cm15
8735,cm16
8752,cm16'
8858,fdo1
8912,fdi1
9009,cm33
9026,cm33
9232,fdo1
9249,fdo18
9341,thk1
9361,y000
9378,y000E
9393,fdi1
9410,fdi1J
9437,ovl1
9454,y001
9471,y001f
9486,tlk0+
9509,tlk1f
9524,thk1+
9550,ovl1
9567,y003
9587,thk2J
9615,thk2J
9639,y003+
9662,tlk0+
9685,tlk1+
9706,tlk1f
9721,thk1
9739,y002
9764,fdo2
9781,fdo2f
9796,thk2f
9811,thk2R
9859,fdi2
9954,fdo1
9971,main
10008,fdo1
10025,fdo18
10103,x00a
10120,x00aJ
10144,fdi1
10161,fdi1ov
10222,x00b
10253,x00b+
10276,x00c
10314,x00cE
10329,ovl1
10346,x00f
10363,x00f+
10417,x00d
10434,x00d
10462,fdo2
10496,fdo2u
10517,x000
10570,fdi2
10642,x002E
10657,x003
10739,x003E
10754,x004
10808,x004'
10830,x005
10933,x006
10981,x006E
10996,x007
11013,x007+v0
11091,ovl1
11108,x008
11144,x008E
11159,ovl1
11176,x009
11219,x009
11247,ovl1
11264,x010
11312,x010
11336,ovl1
11353,x011
11370,x011'
11447,w00a
11474,w00aE
11489,w000
11525,w000E
11540,w001
11557,w001'
11604,w002
11662,w002'
11684,ovl1
11701,w004
11718,w004+x0
11766,w003
11857,w00b
11874,w00b'
11907,w005
11942,w005E
11957,w006
11992,w006E
12007,w007
12024,w007'
12069,w008
12116,w008E
12131,ovl1
12148,w009
12165,w009'
12246,w010
12263,w010
12291,w011
12326,w011Kv0
12337,ovv0
12357,v000
12425,v000E
12440,v008
12457,v008'
12487,ovl1
12504,v009
12521,v009'
12551,v007
12600,v007E
12615,v001
12632,v001
12668,v002
12685,v002'
12767,v003
12794,v003+v0
12833,v004
12850,v004+x0
12905,v005
12958,ovl1
12975,v006
13003,v006+v0
13031,fdo2
13048,fdo2
13066,x00e
13083,x00e7
13134,fdi2
13246,fdo2
13263,fdo2u
13297,fdi2
13336,fdo1
13353,fdo18
13445,z000
13469,fdi1
13517,fdi1U
13532,z000
13550,z001
13624,fdo1
13641,fdo1
13668,z002
13685,fdi1
13702,fdi1U
13717,z002E
13732,ovl1
13749,z003
13766,z003'
13814,ovl1
13831,z004
13848,z004
13874,blon
13891,z005
13911,bash
13942,z005
13960,blof
13978,z006
13995,z006
14019,ovv0
14061,ovl1
14078,z007
14095,z007ovv0
14124,z008
14152,z008E
14167,z009
14207,z009+w0
14244,ovl1
14261,z010
14305,z010E
14320,ovl1
14337,z011
14361,z011
14387,z012
14430,z012E
14445,z013
14462,z013'
14510,z014
14527,z014+w0
14570,z015
14595,z015E
14610,y000
14637,y000E
14652,y001
14676,y001
14694,ovl1
14711,y002
14728,y002
14754,y00b
14827,y003
14881,y003E
14896,z013
14913,z013+v0
14951,y00a
14968,y00a+v0
15001,s092
15018,y004
15043,y004E
15058,y005
15098,y005E
15113,ovl1
15130,y00c
15180,y00cE
15195,y006
15220,y006+v0
15241,ovv0
15297,y008
15314,y008y
15385,y007
15562,y009
15593,y009+v0
15616,bash
15633,y010
15661,y010
15704,y011
15764,y011E
15779,y012
15835,y012E
15850,ovl1
15867,y013
15908,fdo2
15925,fdo2R
15940,y013
15968,fdi2
16049,sg10
16066,sg10EW
16081,sg11
16102,blon
16134,blon
16151,who1
16240,fdi1
16257,s006
16274,whi1
16324,ovC0
16341,tlk0+C0
16397,s007
16436,tlk0+A0
16508,blon
16525,who1
16626,s009
16643,whi1
16660,blon
16678,dead
16694,dead
16742,who0
16762,whi0
16779,s010
16888,who0
16908,whi0
16925,s011
16940,res1N
16970,res2
17002,who1
17079,s000
17096,whi1
17113,blon
17182,s001
17246,s002
17270,sas0
17288,who0
17323,sas0
17343,sas0EX
17358,whi0
17418,s012
17451,sas1EX
17466,who0
17533,s003
17550,whi0
17583,who0
17618,s004
17635,whi0
17686,s005
17706,who0
17726,s008
17743,whi0
17763,who1
17836,whi1
17853,blof
17892,s013
17969,s013N
17990,s014
18007,tlc2'
18045,ukm0
18061,tlc2J80
18116,s015
18173,tla0+80
18211,s016
18228,tla1+90
18266,thk1+90
18298,fdo1
18318,s016E
18333,fdi1
18350,s017
18388,thk2+80
18443,fdo1
18463,s017F
18496,fdi2
18597,blon
18614,blon
18634,blof
18753,fdo1
18770,fdo18
18799,cm50
18816,cm50E
18831,fdi1
18848,fdi1
18885,se01
18971,fdo2
18997,fdo2G
19031,cm51
19048,cm518
19079,fdi2
19096,fdi2E
19111,se02
19202,fdo2
19219,fdo2F
19236,fdi2
19819,fdo1
19836,fdo1
19852,fdi1
19922,sj12
19964,sj12E
19979,sj13
19996,thk1+20
20022,sj13
20048,thk2E
20063,sj13
20078,thk2y
20103,tlk0+20
20134,sj13E
20149,sj11
20166,tlb0
20192,tlb1
20221,sj11
20636,sha0
20660,sha1
20731,fdo1
20748,fdo1F
20819,s055
20839,fdi1
20882,tlk0+
20913,tlk1R
20928,s055E
20943,s072
20997,s072E
21012,s056
21060,fdo1
21077,fdo1R
21162,s058
21182,fdi1
21213,s058E
21228,s059
21289,s059E
21304,s060
21351,s060E
21366,s061
21383,pas0
21401,who1
21418,who1R
21433,s061N
21487,s062
21507,whi1
21566,s062n
21593,s063
21610,jt00E
21625,ovl1
21642,s063E
21657,s064
21697,s064E
21712,s065
21729,jt01+
21755,s065E
21770,s075
21799,kow0+
21847,s075E
21862,s066
21898,tlk0+
21926,fdo1
21943,fdo1R
22023,s067
22040,fdi1
22068,s067E
22083,s068
22158,s068E
22173,s073
22190,tlc0+
22213,tlc1R
22228,s073E
22243,s069
22260,sur0+
22283,tlc0+
22336,dis0
22364,fdo1
22381,fdo1R
22396,s069N
22439,s070
22459,fdi1
22519,s070E
22534,s071
22571,tlk0+
22602,tlk2
22643,ovl1
22660,s071E
22675,s074
22728,s074E
22743,s018
22799,fdo1
22816,fdo1R
22831,s018N
22863,fdi1
23101,tlk0
23125,tlk1
23167,tlk0
23356,ovra
23381,bbt0
23409,bbt1
23437,bbt2
23465,bbt3
23493,bbt4
23521,bbt5
23549,bbt6
23596,mau0
23624,mau1
23652,mau2
23686,dau0
23714,dau1
23742,dau2
23763,bbt0R
23778,bbt1R
23793,bbt2R
23808,bbt3R
23823,bbt4R
23838,bbt5R
23853,bbt6R
23868,mau0R
23883,mau1R
23898,mau2R
23913,dau0R
23928,dau1R
23943,dau2R
23958,bmd1R
23973,bhi1R
23988,bsh1R
24003,ddm0R
24018,ddm1R
24033,ddm2R
24048,mdm0R
24063,mdm1R
24078,mdm2
24102,tlk0
24120,tlk1
24144,sha0S
24157,sha0
24181,sha1S
24194,sha1
24223,pas0
24427,inu0
24521,wpon
24547,corpS
24560,corp
24574,corpS
24587,corp
24652,kiz0_
24668,hmm0
24695,kiz0_
24711,hfm0
24738,kiz0_
24754,emm0
24781,kiz0_
24797,efm0
24824,kiz0_
24840,tma0
24867,kiz0_
24883,tma0
24910,kiz0_
24926,mma0
24953,kiz0_
24969,gma0
24997,kiz1_
25013,hmm1
25040,kiz1_
25056,hfm1
25083,kiz1_
25099,emm1
25126,kiz1_
25142,efm1
25169,kiz1_
25185,tma1
25212,kiz1_
25228,tma1
25255,kiz1_
25271,mma1
25298,kiz1_
25314,gma1
25341,tlk0
25365,tlk1
25389,tlk0
25415,tlk0
25441,tlk0
25467,tlk0
25493,tlk0
25519,tlk0
25545,tlk0
25571,tlk0
25587,tlk0
25611,tlk1
25637,tlk1
25663,tlk1
25689,tlk1
25715,tlk1
25741,tlk1
25767,tlk1
25793,tlk1
25809,tlk1
26030,ek00y
26056,ek00
26072,ek01
26088,ek02
26104,ek03
26120,ek04
26138,s001
26166,tla0
26182,tla1S
26195,tla1
26211,tlb0
26227,tlb1S
26240,tlb1
26951,tla0
26967,tla1S
26980,tla1
26996,tlb0
27012,tlb1S
27025,tlb1
27041,tlc0
27057,tlc1S
27070,tlc1
27086,tab0S
27099,tab0
27115,tba0S
27128,tba0
27144,tathS
27157,tath
27173,tbc0S
27186,tbc0
27202,tac0S
27215,tac0
27231,thk0
27247,hta0S
27260,hta0
27276,htb0S
27289,htb0
27305,htc0S
27318,htc0
27334,thk1S
27347,thk1
27363,utu0
27382,utu1S
27395,utu1
27411,yes0S
27424,yes0
27440,amu2S
27453,amu2
27469,amu3S
27482,amu3
27996,tla0
28012,tla1S
28025,tla1
28041,taha
28057,tlb0
28073,tlb1S
28086,tlb1
28102,tbha
28118,thb0
28134,thb1S
28147,thb1
28163,tlc0
28179,tlc1S
28192,tlc1
28208,tld0
28224,tld1S
28237,tld1
28253,tr00
28269,tr01S
28282,tr01
29473,x001
29490,x001
29538,ovl1
29555,x002
30166,tlk0
30185,ten0S
30198,ten0
30214,tlk1
30233,ten2S
30246,ten2
30262,pas0S
30275,pas0
30373,tlk0
30387,tlk0
30403,dis0
30417,dis0
30433,pas0
30447,pas0
30463,tld0
30477,tld0
30493,tld1
30507,tld1
30523,tlk1
30537,tlk1
30553,ten0
30567,ten0
30583,ten1
30597,ten1
30622,thk1
30636,thk1
30652,thk2
30666,thk2
30682,tlb0
30696,tlb0
30712,tlb1
30726,tlb1
30742,sdo0
30756,sdo0
30772,sdo1
30786,sdo1
30802,sdo0S
30815,sdo0ft
30830,sdo1S
30843,sdo1
30859,koti
30873,koti
30889,akir
30903,akir
30919,saki
30933,saki
30949,sji0
30963,sji0
30979,sji1
30993,sji1
31927,tlk0
31946,thk1
31965,thk2S
31978,thk2
32228,pas0S
32241,pas0
32257,tlk0
32276,tlk1S
32289,tlk1
32305,thk1
32324,thk2S
32337,thk2
32353,sit1
32377,sit0S
32864,tlk0
32883,tlk1S
32896,tlk1
32912,tla0
32931,tla1S
32944,tla1
32960,thk1
32979,thk2S
32992,thk2
33008,tel0S
33021,tel0
33037,tel1S
33050,tel1
33423,cm0e
33440,cm0eJ
33528,tlk0S
33541,tlk0
33557,pas0S
33570,pas0
33586,tlk0S
33599,tlk0
33634,rig0
33650,rig1
33666,lef0
33682,lef1
33698,dwn0
33714,dwn1
34154,tlk0S
34167,tlk0
34183,pas0S
34196,pas0
34212,tlk0S
34225,tlk0
34260,rig0
34276,rig1
34292,lef0
34308,lef1
34324,dwn0
34340,dwn1
34956,fdo1
35012,cm0a
35030,fdi1
35047,fdi1E
35062,cm00
35115,cm00+
35145,cm01
35162,cm01+
35210,cm02
35259,cm0c
35276,cm0c+
35327,cm0b
35344,cm0b
35467,cm0d
35484,cm0d+
35624,cm03
35641,cm03
35751,cm04
35768,cm04
35786,fdo2
35803,fdo2L
35860,fdi1
35897,fdo1
35953,cm4a
35970,cm4aE
35985,fdi1
36002,fdi1L
36028,fdo2
36045,fdo2
36086,main
36103,main
36120,main
36137,cm40
36154,cm40E
36169,fdi2
36186,fdi2
36242,cm4f
36310,cm41
36327,cm41J
36396,cm42
36413,cm42J
36527,cm43
36544,cm43MJ
36591,cm4c
36608,cm4c+
36659,cm4b
36706,cm45
36770,fdo2
36815,stm1
36832,stm2
36849,stm3
36891,cm44
36915,fdi2
36932,fdi2L
36972,cm44+
36995,cm4d
37019,se00
37105,cm4e
37267,fdo2
37284,fdo2M
37325,fdi1
38069,sha0
38182,B'C'
38480,s044
38500,s044E
38515,ovl1
38532,s045
38686,ast0
38702,ast1S
38715,ast12
38806,G'F'C'H'z
38991,tlk0
39014,tlk1S
39051,tlk0
39074,tlk1S
39111,tlk0
39130,tlk1S
39167,tlk0
39190,tlk1S
39227,tlk0
39246,tlk1S
39287,tlk0
39306,tlk1S
39392,tlk0
39415,tlk1S
39454,tlk0
39477,tlk1S
39529,tlk0
39552,tlk1S
39731,tlk0
39754,tlk1S
39791,tlk0
39818,tlk1S
39855,tlk0
39878,tlk1S
39919,tlk0
39946,tlk1S
40103,tlk0
40126,tlk1S
40163,tlk0
40182,tlk1S
40219,tlk0
40238,tlk1S
40279,tlk0
40319,tlk0
40364,tlk0
40390,tlk1S
40432,tlk0
40667,tlk0
40690,tlk1S
40731,tlk0
40750,tlk1S
40883,tlk0
40906,tlk1S
40943,tlk0
40962,tlk1S
40999,tlk0
41022,tlk1S
41063,tlk0
41086,tlk1S
41439,tlk0
41462,tlk1S
41771,tlk0
41979,tlk0
42002,tlk1S
42039,tlk0
42058,tlk1S
42095,tlk0
42114,tlk1S
42155,tlk0
42174,tlk1S
42359,tlk0
42386,tlk1S
42487,tlk0
42510,tlk1S
42556,tlk0
42643,tlk0
42666,tlk1S
43414,O'C'N'A'
43432,E'r's't'u'v'
44237,tlk0
44260,tlk1S
44297,tlk0
44320,tlk1S
44357,tlk0
44376,tlk1S
44413,tlk0
44432,tlk1S
44473,tlk1S
44510,tlk0
44533,tlk1S
44563,lklr
44577,lklr
44593,utah
44607,utah
44623,utan
44637,utan
44653,hapy
44667,hapy
44683,sin0
44697,sin0
44713,swo0
44727,swo0
44743,swo1
44757,swo1
44773,tlk0
44787,tlk0
44803,tlk1
44817,tlk1
44833,thk1
44847,thk1
44863,thk2
44877,thk2
44893,sha0
44907,sha0
44923,sha1
44937,sha1
44953,sha0S
44966,sha0f
44981,sha1S
44994,sha1
45010,sir0
45024,sir0
45040,sir1
45054,sir1
45070,btls
45084,btls
45100,kei0
45114,kei0
45130,kei1
45144,kei1
45160,srd0
45174,srd0
45190,srd1
45204,srd1
45220,jmp0
45234,jmp0
45250,twa0
45264,twa0
45280,twa1
45294,twa1
45310,twb0
45324,twb0
45340,twb1
45354,twb1
45485,corpS
45498,corp
45512,res1S
45525,res1
45539,res2S
45552,res2
45597,tlk0
45620,tlk1S
45708,tlk0
45735,tlk1S
45787,tlk0
45810,tlk1S
45907,fdo1
45994,fdo1
46011,fdo1F
46225,zzzb
46242,fdi1
46259,tlk0+
46320,zzzc
46393,zzza
46441,fdo1
46473,zzza
46509,zzzd
46541,tlk0+
46572,tlk1
46595,fdo1
46627,zzzd
46733,xxxx
46750,fdi1
46803,z000
46851,z002
46868,kai0+
46937,z001
47004,z010
47070,z003
47096,tlk0+
47134,tla0+
47157,tla1n
47207,z004
47233,twb0+
47264,twb1
47297,z005
47314,kai0+
47363,z011
47473,z006
47567,z007
47621,z008
47682,kai0+
47720,z009
47762,fdo1
48021,y007
48055,fdi1
48090,yyyy
48145,y000
48162,tlk0+
48223,y001
48290,y002
48312,tla0+
48373,y003
48430,fdo1
48462,y003
48480,y008
48497,fdi1
48532,y005
48567,y004
48607,mab0
48640,oiii
48695,y010
48715,s001
48735,y010
48750,klal
48767,s002
48784,y006
48810,mab1+
48841,who1
48873,y006
48888,klal
48894,ksou0
48917,k006
48934,fdo1
48951,fdo1E
48966,whi1
48983,whi1
49076,str0
49093,y009
49110,fdi1
49164,fdo0
49233,y009
49248,kill
49398,astl
49413,main
49458,wwww
49475,fdi1
49510,w000
49530,tjo1+
49571,w001
49614,w002
49649,fdo1
49696,tjon
49711,kill
49763,fdi2
49783,fdo1
49800,fdo1F
49879,zzzz
49896,fdi1
49939,zzza
50029,zzzb
50046,tlk0+
50069,fdo0
50086,fdo0
50104,zzzbF
50123,fdi2
50377,tlk0+
50400,tlk1f
50415,thk1+
50438,thk2S
50488,thk1+
50511,tlk0+
50534,tlk1f
50549,thk2+
50594,thk1+
50617,tlk0+
50640,tlk1f
50655,thk2+
50687,tlk0+
50710,tlk1S
50746,opov
50765,tlk0+
50809,tlk0+
50841,tlk0+
50893,tlk0+
50921,thk1+
50944,thk2f
50959,tlk0+
50998,tlk0+
51029,tlk1S
51066,tlk0+
51097,tlk1S
51143,tlk0+
51171,tlk0+
51194,tlk1S
51351,tlk0+
51374,tlk1S
51412,tlk0+
51435,tlk1S
51473,tlk0+
51496,tlk1S
51542,tlk0
51596,l'q'
51693,tlk0
51712,tlk1S
51754,tlk0
51867,tlk1
52001,tlk0
52020,tlk1S
52115,tlk0
52138,tlk1S
52322,tlk0
52374,thk1
52409,thk2
52449,thk2
52492,tlk0
52530,tlk0
52572,tlk0
52596,qstc
52628,tlk0
52936,T'w'
54075,tlk0
54107,thk1
54139,thk2S
54178,thk1
54359,thk2S
54387,tlk0
54419,tlk1S
54432,tlk1
54481,thk2
54498,thk2
54534,thk1
54693,thk2
54818,Feliz
54849,Ferdinand
54880,Gunnar
54911,Massimo
54942,Oldrich
54973,Siegward
55004,Theobald
55035,Zenji
55077,Amerita
55108,Beatrice
55139,Henrietta
55170,Jesimae
55201,Karyn
55232,Nanako
55263,Sharlene
55294,Sieghilde
55336,Chanandit
55367,Deulmaeux
55398,Demresinaux
55429,Ephealgaux
55460,Gauldeval
55491,Grauffemart
55522,Migaifongut
55553,Romidiant
55595,Armittie
55626,Cadepure
55657,Clearite
55688,Epilleve
55719,Liabelle
55750,Nauthima
55781,Radille
55812,Vimechue
55854,Balu-Falu
55885,Burg-Ladarg
55916,Ehgo-Ryuhgo
55947,Kolui-Pelui
55978,Nokum-Akkum
56009,Savul-Kivul
56040,Vinja-Kanja
56071,Yarga-Umiga
56113,Cupapa
56144,Jajuju
56175,Kalokoko
56206,Mahoyaya
56237,Pakurara
56268,Ripokeke
56299,Yawawa
56330,Yufafa
56372,Fhig
56403,Khuma
56434,Pimy
56465,Raka
56496,Sahyu
56527,Sufhi
56558,Tsuim
56589,Yoli
56631,Durib
56662,Dzapiwa
56693,Jugowa
56724,Mugido
56755,Voldai
56786,Wagwei
56817,Zayag
56848,Zoldof
56914,Feliz
56945,Ferdinand
56976,Gunnar
57007,Massimo
57038,Oldrich
57069,Siegward
57100,Theobald
57131,Zenji
57173,Amerita
57204,Beatrice
57235,Henrietta
57266,Jesimae
57297,Karyn
57328,Nanako
57359,Sharlene
57390,Sieghilde
57432,Chanandit
57463,Deulmaeux
57494,Demresinaux
57525,Ephealgaux
57556,Gauldeval
57587,Grauffemart
57618,Migaifongut
57649,Romidiant
57691,Armittie
57722,Cadepure
57753,Clearite
57784,Epilleve
57815,Liabelle
57846,Nauthima
57877,Radille
57908,Vimechue
57950,Balu-Falu
57981,Burg-Ladarg
58012,Ehgo-Ryuhgo
58043,Kolui-Pelui
58074,Nokum-Akkum
58105,Savul-Kivul
58136,Vinja-Kanja
58167,Yarga-Umiga
58209,Cupapa
58240,Jajuju
58271,Kalokoko
58302,Mahoyaya
58333,Pakurara
58364,Ripokeke
58395,Yawawa
58426,Yufafa
58468,Fhig
58499,Khuma
58530,Pimy
58561,Raka
58592,Sahyu
58623,Sufhi
58654,Tsuim
58685,Yoli
58727,Durib
58758,Dzapiwa
58789,Jugowa
58820,Mugido
58851,Voldai
58882,Wagwei
58913,Zayag
58944,Zoldof
73419,thk1
73436,thk1f
73451,thk2S
73520,tlb0
73537,tlb1
73559,thk1
73591,thk2S
74699,fdo1
74716,fdo18
74761,ov20
74778,w000
74795,fdi1
74812,fdi1
74874,w000E
74889,w001
74906,w001+20
74954,ov20
74980,w002
74997,w002#+20
75037,w003
75054,w003y
75155,ov20
75232,fdo1
75249,fdo18
75294,ov20
75318,w001
75335,w001E
75350,fdi1
75367,fdi1
75411,w004
75714,fdo1
75731,fdo18
75776,ov20
75793,w005
75810,fdi1
75827,fdi1
75852,w005+20
75875,w006
75958,ovl1
75975,w007
76008,w007E
76023,ovl1
76040,w008
76125,w009
76169,w009
76222,w010
76239,w010ov20
76300,w011
76317,w011+
76363,w012
76380,w012'
76444,w010
76461,w010
76535,w013
76552,w013ov20
76604,ovl1
76621,w014
76657,w014ET
76672,qstc
76764,fdo1
76781,fdo18
76949,ov20
76971,z000
76995,fdi1
77012,fdi1
77044,z000E
77059,ovl1
77084,z00b
77104,z001
77137,z00b
77155,z001'
77227,z002
77244,z002+20
77286,z003
77311,z003
77334,z00a
77354,z004
77412,z00a
77430,z004n
77509,z005
77526,z005+20
77549,z006
77566,z006+20
77589,z007
77606,z007+20
77634,who3
77651,who3Er
77666,pash
77712,z008
77734,whi1
77751,whi1
77777,z008'
77802,z009
77819,z009+20
77862,ovl1
77879,z010
77924,z010+20
77964,z00c
77981,z00c
77999,z011
78016,z011'
78083,z012
78122,qstc
78165,fdo2
78201,fdi2
78575,ata0
78589,ata0
78605,atb0
78619,atb0
78635,tic0
78649,tic0
79459,tlk0
79507,tlk0
79566,thk1
79601,thk1
79620,ann0
79644,qstc
79673,tlk0
79724,tlk0
79787,tlk0
79811,qstc
79836,tlk0
79876,tlk0
79954,thk1
79973,qstc
80008,tlk0
80048,tlk0
80135,thk1
80154,qstc
80209,tlk0S
80222,tlk0
80238,tlk1S
80251,tlk1
80267,thk1S
80280,thk1
80296,thk2S
80309,thk2
80331,ann0S
80344,ann0
80366,ann1S
80379,ann1
80395,han0S
80408,han0
80424,han1S
80437,han1
80453,pas0S
80466,pas0
81456,fdo1
81473,fdo18T
81521,fdi1
81538,fdi1
81554,fdo2
81571,fdo2N
81594,fdi2
81675,thk1
82473,fdo1
82490,fdo18
82521,s000
82543,fdi1
82560,main
82594,s000y
82619,s014
82636,s014
82654,stm1
82692,whi1
82725,s000
82742,whi1
82776,s000'd80
82807,s002
82824,tlb2+80
82887,s003
82930,s003
82948,main
82965,s008
83029,stm1
83046,s004
83133,s004y
83208,s005
83285,s006
83326,s009
83343,ukm0+90
83369,s013
83412,ukm1U
83427,s013'h90
83458,s009
83573,fdo1
83630,fdi1
83651,blon
83668,blon
83685,who1
83716,blon
83733,blon
83750,who1
83942,sg01
83962,sg01
83980,tlk0E#
83995,sg02
84023,tlk1U#
84038,sg02E#
84053,sg03
84070,tlk0+
84093,tlk1f+
84108,tlk0+
84131,tlk1U#
84146,sg03E#
84161,sg04
84191,tlk0+
84226,tlk1'
84248,blon
84265,sg05
84285,sg05
84309,blof
84326,sg06
84364,sg06J
84388,sg07
84405,sg07
84423,sg08
84440,tlk0
84543,sg09
84681,sg10
84701,sg10
84719,sg11
84768,sg12
84800,tlk0+
84823,thk2
84844,tlk1E#
84859,sg13
84876,sg13y
84913,tlk0+
84936,tlk1S
84949,tlk1J
84973,sg12
84996,tlk0+
85019,tlk1J
85049,tlk0+
85087,tlk0+
85110,tlk1K
85132,sg14
85197,sg14E#
85212,sg15
85253,sg15y
85326,sg16
85408,thk1J
85435,sg17
85481,sg18
85504,sg18
85520,fdi0
85537,fdi0
85553,fdo0
85570,fdo0
85586,fdi1
85603,fdi1
85619,fdo1
85636,fdo1
85652,whi1
85669,whi1
85685,who1
85702,who1
85834,sg12'
85856,sg13
85903,sg13E
85918,blof
85953,sg14
85973,sg14+
86003,sg15
86052,sg16
86096,sg16E
86111,blon
86128,sg17
86151,sg17E
86166,blof
86680,fdo1
86770,tlc0
86784,tlc0
86800,tlc1
86814,tlc1
86836,thk1
86850,thk1
86866,thk2
86880,thk2
86908,iam0
86922,iam0
87366,initl
87431,initl
87456,rkm0
87470,rkm0
87486,ukm0
87500,ukm0
87516,ukm1
87530,ukm1
87546,utu0
87560,utu0
87576,utu1
87590,utu1
87715,main
87735,stm1
88568,dak0
88818,kka0
89098,tlb1
89129,kam0
89145,nuk0
89473,blon
89490,blon
89507,who1
89570,s000
89587,fdi1
89604,whi1
89621,s000E
89636,s006
89675,s005
89724,s005E
89739,s003
89777,s003E
89792,s007
89824,s007E
89839,s002
89877,s002E
89892,s008
89930,s008E
89945,s004
89984,blon
90001,blon
90018,who1
90118,fdi2
90153,whi1
90176,blof
90340,s023
90357,whi1
90432,s023E
90447,s024
90537,s024E
90552,s025
90750,s025E
90765,s012
90889,s011
90976,s013
91000,s013E
91015,s026
91057,s026E
91072,fdo1
91187,s015
91204,fdi1
91221,s015E
91236,s016
91263,s016E
91278,s011
91302,fdo1
91322,s011E
91337,s017
91361,fdi1
91400,s017E
91415,s027
91439,s027E
91454,s019
91485,s019E
91500,s020
91560,fdo1
91596,s022
91613,fdi1
91645,s022E
91660,s021
91682,blon
91699,blon
91716,who1
91817,s081
91834,blof
91851,whi1
91889,s095
91956,s095b
91971,main
91988,s084
92005,s084E1
92020,s082
92042,next
92072,s082E1
92087,s085
92104,blon
92121,blon
92158,s085E
92173,who1
92190,blof
92207,stop
92270,s000
92287,whi1
92307,s000+80
92349,s001
92390,s001E4
92405,s002
92422,s002N
92441,initl90
92470,blon
92487,blon
92504,s003
92560,s003E
92575,who1
92617,s004
92634,whi1
92686,s005
92745,s006
92776,s006E4
92791,s007
92864,s010
92902,s010
92920,fdo1
92969,s008
92986,fdi1
93020,s008E4
93035,s009
93066,s009y
93109,s008
93136,fdo1
93214,fdi1
93532,tlk0
93570,thk1
93584,thk1
93600,thk2
93614,thk1
93682,fdo1
93734,s162
93754,s141
93771,fdi1
93800,fdo1
93828,s162
93874,s142
93891,fdi1
93915,s143
93946,s143E
93961,ovl1
93978,s144
94009,s145
94054,s145E
94069,s146
94093,s146E
94108,s147
94135,fdo1
94155,s147
94177,s148
94194,fdi1
94233,s162
94253,s141
94308,fdo1
94343,s162
94392,fdi1
97061,sd01
97105,kone
97140,sd01E8
97155,sd02
97180,thk1R8
97195,sd02E8
97210,sd04
97235,thk2SZ0
97248,thk2
97271,tlk0R8
97286,sd04E8
97301,sd05
97344,tlk1SZ0
97357,tlk1
97377,sd05E8
97392,sd03
97429,kon1
97455,sd03
97514,bs01
97558,kone
97593,bs01E8
97608,bs02
97633,thk1R8
97648,bs02E8
97663,bs03
97688,thk2SZ0
97701,thk2
97724,tlk0R8
97739,bs03E8
97754,bs04
97797,tlk1SZ0
97810,tlk1
97830,bs04E8
97845,bs05
97882,kon1
97908,bs05
97967,ws01
98011,kone
98046,ws01E8
98061,ws02
98086,thk1R8
98101,ws02E8
98116,ws03
98141,thk2SZ0
98154,thk2
98177,tlk0R8
98192,ws03E8
98207,ws04
98250,tlk1SZ0
98263,tlk1
98283,ws04E8
98298,ws05
98335,kon1
98361,ws05
98420,jn01
98464,kone
98499,jn01E8
98514,jn02
98539,thk1R8
98554,jn02E8
98569,jn03
98594,thk2SZ0
98607,thk2
98630,tlk0R8
98645,jn03E8
98660,jn04
98703,tlk1SZ0
98716,tlk1
98736,jn04E8
98751,jn05
98788,kon1
98814,jn05
98878,kone
98907,sd11
98915,O+Z0
98935,thk1R8
98950,sd11E8
98965,sd12
98998,thk2SZ0
99011,thk2R8
99026,sd12E8
99041,sd13
99073,kon1
99099,sd13
99162,kone
99191,bs11
99199,O+Z0
99219,thk1R8
99234,bs11E8
99249,bs12
99282,thk2SZ0
99295,thk2R8
99310,bs12E8
99325,bs13
99357,kon1
99383,bs13
99446,kone
99475,ws11
99483,O+Z0
99503,thk1R8
99518,ws11E8
99533,ws12
99566,thk2SZ0
99579,thk2R8
99594,ws12E8
99609,ws13
99641,kon1
99667,ws13
99730,kone
99759,jn11
99767,O+Z0
99787,thk1R8
99802,jn11E8
99817,jn12
99850,thk2SZ0
99863,thk2R8
99878,jn12E8
99893,jn13
99925,kon1
99951,jn13
100009,ga01
100053,kone
100096,ga01E8
100111,ga02
100144,ga02E8
100159,ga03
100191,kon1
100265,kone
100294,xa01
100302,O+Z0
100329,kon1
100355,xa01
100418,kone
100447,sd13
100493,kon1
100513,sd13'
100564,main
100581,kone
100601,sd20
100609,O+W0
100627,cawh
100657,sd21
100672,shwh
100690,main
100716,sd21E8
100731,ured
100805,kone
100834,bs13
100880,kon1
100900,bs13'
100951,main
100968,kone
100988,bs20
101008,dis0+V0
101029,dis0R8
101044,bs20E8
101059,bs21
101102,cawh+V0
101127,bs21E8
101142,bs22
101157,shwh
101175,main
101201,sd22E8
101216,ured
101290,kone
101319,ws13
101365,kon1
101385,ws13'
101436,main
101453,kone
101473,ws20
101481,O+X0
101501,ws20E8
101516,ws21
101539,cawh+X0
101564,ws21E8
101579,ws22
101594,shwh
101612,main
101638,sd21E8
101653,ured
101727,kone
101756,jn13
101802,kon1
101822,jn13'
101873,main
101890,kone
101910,jn20
101930,tlk0+Y0
101953,tlk2SY0
101966,tlk2
101990,thk1R8
102005,jn20E8
102020,jn22
102051,thk2R8
102066,jn22E8
102081,jn21
102096,thk2+Y0
102122,cawh+Y0
102147,jn21E8
102162,jn23
102177,shwh
102195,main
102221,jn23E8
102236,ured
102310,kone
102339,ga11
102347,O+Z0
102367,ga11E8
102382,ga12
102428,cawhE8
102443,ga13
102483,shwhE8
102498,ga14
102518,main
102544,ga14E8
102559,ured
102703,kone
102720,main
102737,main
102754,main
102771,main
102791,xa11
102811,xa11
102832,xa12
102840,O+W0
102860,xa12E8
102875,xa13
102900,xa13E8
102915,xa14
102940,xa14E8
102955,xa15
102980,xa15E8
102995,xa16
103010,cabk
103026,cabk
103042,cabk
103058,cabk
103074,cabk
103104,xa16E8
103119,xa17
103136,main
103153,main
103170,main
103187,main
103204,main
103222,shbk
103238,shbk
103254,shbk
103270,shbk
103286,shbk
103325,deru
103342,ured
103416,kone
103445,sd11
103453,O+Z0
103473,thk1R8
103488,sd11E8
103503,sd12
103536,thk2SZ0
103549,thk2R8
103564,sd12E8
103579,sd13
103630,kon1
103650,sd13'
103701,main
103718,kone
103738,sd20
103746,O+W0
103764,cawh
103794,sd21
103809,shwh
103827,main
103853,sd21E8
103868,ured
103942,kone
103971,bs11
103979,O+Z0
103999,thk1R8
104014,bs11E8
104029,bs12
104062,thk2SZ0
104075,thk2R8
104090,bs12E8
104105,bs13
104156,kon1
104176,bs13'
104227,main
104244,kone
104264,bs20
104284,dis0+V0
104305,dis0R8
104320,bs20E8
104335,bs21
104378,cawh+V0
104403,bs21E8
104418,bs22
104433,shwh
104451,main
104477,sd22E8
104492,ured
104566,kone
104595,ws11
104603,O+Z0
104623,thk1R8
104638,ws11E8
104653,ws12
104686,thk2SZ0
104699,thk2R8
104714,ws12E8
104729,ws13
104780,kon1
104800,ws13'
104851,main
104868,kone
104888,ws20
104896,O+X0
104916,ws20E8
104931,ws21
104954,cawh+X0
104979,ws21E8
104994,ws22
105009,shwh
105027,main
105053,sd21E8
105068,ured
105142,kone
105171,jn11
105179,O+Z0
105199,thk1R8
105214,jn11E8
105229,jn12
105262,thk2SZ0
105275,thk2R8
105290,jn12E8
105305,jn13
105356,kon1
105376,jn13'
105427,main
105444,kone
105464,jn20
105484,tlk0+Y0
105507,tlk2SY0
105520,tlk2
105544,thk1R8
105559,jn20E8
105574,jn22
105605,thk2R8
105620,jn22E8
105635,jn21
105650,thk2+Y0
105676,cawh+Y0
105701,jn21E8
105716,jn23
105731,shwh
105749,main
105775,jn23E8
105790,ured
105859,ga01
105903,kone
105946,ga01E8
105961,ga02
105994,ga02E8
106009,ga03
106047,kon1
106067,ga03'
106108,kone
106137,ga11
106145,O+Z0
106165,ga11E8
106180,ga12
106226,cawhE8
106241,ga13
106281,shwhE8
106296,ga14
106316,main
106342,ga14E8
106357,ured
106431,kone
106460,xa01
106468,O+Z0
106495,kon1
106518,xa01y
106660,kone
106677,main
106694,main
106711,main
106728,main
106748,xa11
106768,xa11
106789,xa12
106797,O+W0
106817,xa12E8
106832,xa13
106857,xa13E8
106872,xa14
106897,xa14E8
106912,xa15
106937,xa15E8
106952,xa16
106967,cabk
106983,cabk
106999,cabk
107015,cabk
107031,cabk
107061,xa16E8
107076,xa17
107093,main
107110,main
107127,main
107144,main
107161,main
107179,shbk
107195,shbk
107211,shbk
107227,shbk
107243,shbk
107282,deru
107299,ured
107331,fdi2
107393,kone
107422,sd11
107430,O+Z0
107450,thk1R8
107465,sd11E8
107480,sd12
107513,thk2SZ0
107526,thk2R8
107541,sd12E8
107556,sd13
107607,kon1
107627,sd13'
107678,main
107695,kone
107715,sd20
107723,O+W0
107741,cawh
107771,sd21
107786,shwh
107804,main
107830,sd21E8
107845,ured
107862,kon1
107879,stop
107954,kone
107983,bs11
107991,O+Z0
108011,thk1R8
108026,bs11E8
108041,bs12
108074,thk2SZ0
108087,thk2R8
108102,bs12E8
108117,bs13
108168,kon1
108188,bs13'
108239,main
108256,kone
108276,bs20
108296,dis0+V0
108317,dis0R8
108332,bs20E8
108347,bs21
108390,cawh+V0
108415,bs21E8
108430,bs22
108445,shwh
108463,main
108489,sd22E8
108504,ured
108521,kon1
108538,stop
108613,kone
108642,ws11
108650,O+Z0
108670,thk1R8
108685,ws11E8
108700,ws12
108733,thk2SZ0
108746,thk2R8
108761,ws12E8
108776,ws13
108827,kon1
108847,ws13'
108898,main
108915,kone
108935,ws20
108943,O+X0
108963,ws20E8
108978,ws21
109001,cawh+X0
109026,ws21E8
109041,ws22
109056,shwh
109074,main
109100,sd21E8
109115,ured
109132,kon1
109149,stop
109224,kone
109253,jn11
109261,O+Z0
109281,thk1R8
109296,jn11E8
109311,jn12
109344,thk2SZ0
109357,thk2R8
109372,jn12E8
109387,jn13
109438,kon1
109458,jn13'
109509,main
109526,kone
109546,jn20
109566,tlk0+Y0
109589,tlk2SY0
109602,tlk2
109626,thk1R8
109641,jn20E8
109656,jn22
109687,thk2R8
109702,jn22E8
109717,jn21
109732,thk2+Y0
109758,cawh+Y0
109783,jn21E8
109798,jn23
109813,shwh
109831,main
109857,jn23E8
109872,ured
109889,kon1
109906,stop
109976,ga01
110020,kone
110063,ga01E8
110078,ga02
110111,ga02E8
110126,ga03
110164,kon1
110184,ga03'
110225,kone
110254,ga11
110262,O+Z0
110282,ga11E8
110297,ga12
110343,cawhE8
110358,ga13
110398,shwhE8
110413,ga14
110433,main
110459,ga14E8
110474,ured
110491,kon1
110566,kone
110595,xa01
110603,O+Z0
110630,kon1
110653,xa01y
110795,kone
110812,main
110829,main
110846,main
110863,main
110883,xa11
110903,xa11
110924,xa12
110932,O+W0
110952,xa12E8
110967,xa13
110992,xa13E8
111007,xa14
111032,xa14E8
111047,xa15
111072,xa15E8
111087,xa16
111102,cabk
111118,cabk
111134,cabk
111150,cabk
111166,cabk
111196,xa16E8
111211,xa17
111228,main
111245,main
111262,main
111279,main
111296,main
111314,shbk
111330,shbk
111346,shbk
111362,shbk
111378,shbk
111417,kon1
111434,stop
111451,stop
111468,stop
111485,stop
111502,deru
111519,ured
111607,main
111624,sd31
111649,fdi2
111669,efon
111702,sd31fr
111717,thk1E8
111732,sd32
111765,thk2SW0
111778,thk2R8
111793,sd32nW0
111820,sd33
111855,tlk0+W0
111878,tlk1
111899,sd33
111914,stop
111936,fdi2
112012,main
112029,bs31
112054,fdi2
112074,efon
112124,bs31E8
112139,bs33
112167,bs33JV0
112191,bs32
112197,ovV0
112214,poi0
112242,bs32E8
112257,bs34
112288,bs34
112303,stop
112325,fdi2
112401,main
112418,thk1SX0
112431,thk1E8
112446,ws31
112471,fdi2
112491,efon
112516,thk2+X0
112537,thk2R8
112552,ws31JX0
112576,ws32
112582,ovX0
112599,shk0+X0
112620,shk0f
112635,tlk0
112671,tlk1
112692,ws32
112707,stop
112729,fdi2
112814,main
112831,jn31
112856,fdi2
112876,efon
112893,tlk0+Y0
112916,tlk2SY0
112929,tlk1
112965,thk1E8
112980,jn32
113011,thk2SY0
113024,thk2R8
113039,jn32E8
113054,jn33
113096,jn33E8
113111,jn34
113173,tlk0E8
113188,jn35
113221,tlk2
113242,jn35
113257,stop
113279,fdi2
113374,kone
113394,ga02
113406,DEEn
113419,fdi2
113426,UEEo
113439,efon
113469,thk1+Z0
113507,thk2E8
113522,ga21
113565,ga21E8
113580,ga22
113612,kon1
113638,ga22+Z0
113666,fdi2
113846,main
113863,main
113880,main
113897,main
113914,main
113931,main
113996,rgm2E8
114011,xa20
114028,fdi2
114060,xa20E8
114075,xa21
114123,xa21E8
114138,xa22
114175,xa22E8
114190,xa23
114257,xa23E8
114272,xa24
114315,xa24f
114330,rgm2E8
114345,xa25
114381,xa25E8
114396,xa26
114459,xa26E8
114474,xa27
114491,fdi2
114516,xa27E8
114531,xa28
114581,xa28E8
114596,xa29
114624,xa29E8
114639,xa30
114672,xa30E8
114687,xa31
114729,kone
114749,xa31E8
114764,xa32
114809,kon1
114907,xa32E8
114922,xa33
114939,fdi2
114963,xa33
114996,xa34
115037,xa34E8
115052,xa35
115085,thk1R8
115100,xa35E8
115115,xa36
115140,thk2+X0
115163,xa36E8
115178,xa37
115201,thk1+Y0
115238,thk2SY0
115251,thk2
115269,tlk0+Y0
115292,tlk2JV0
115316,xa37E8
115331,xa38
115366,xa38E8
115381,xa39
115431,xa39E8
115446,xa40
115474,xa40E8
115489,xa41
115532,xa41E8
115547,xa42
115572,xa42E8
115587,xa43
115612,xa43E8
115627,xa44
115644,tlk0+Z0
115675,xa44E8
115690,xa45
115736,stop
115753,stop
115770,stop
115787,stop
115804,stop
115821,stop
115866,fdi2
115885,fdi0
115902,fdi0
115918,fdo0
115935,fdo0
115951,fdi1
115968,fdi1
115984,fdo1
116001,fdo1
116017,whi1
116034,whi1
116050,who1
116067,who1
116083,who2
116100,who2
116116,who3
116133,who3
116149,main
116169,fdo1
116186,fdo1
116202,fdi1
116219,main
116239,fdi1
116255,blon
116272,blon
116290,whi0
116307,whi0
116323,who0
116340,who0
116356,efon
116373,efon
116389,fdis
116407,fdos
116424,fdos
116440,fdif
116458,fdof
116475,fdof
116491,fdip
116509,fdop
116526,fdop
116562,dead
116652,idls
116667,main
116696,dv00
116741,dv00E
116756,dv01
116789,dv01E
116804,dv02
116852,dv02E
116867,dv03
116895,dv03E
116910,dv04
116958,dv04E
116973,dv05
117013,dv05E
117028,dv06
117048,tlk3
117081,dv06E
117096,blof
117131,fdi2
117170,dead
117260,idls
117275,main
117304,db00
117349,db00E
117364,db01
117397,db01E
117412,db02
117460,db02E
117475,db03
117503,db03E
117518,db04
117566,db04E
117581,db05
117621,db05E
117636,db06
117656,tlk3
117689,db06E
117704,blof
117739,fdi2
117778,dead
117868,idls
117883,main
117912,dq00
117957,dq00E
117972,dq01
118005,dq01E
118020,dq02
118068,dq02E
118083,dq03
118111,dq03E
118126,dq04
118174,dq04E
118189,dq05
118229,dq05E
118244,dq06
118264,tlk3
118297,dq06E
118312,blof
118347,fdi2
118386,dead
118476,idls
118491,main
118520,dv00
118565,dv00E
118580,dv01
118605,dv01E
118620,dv02
118660,dv02E
118675,dv07
118715,dv07E
118730,dv05
118770,dv05E
118785,dv06
118805,tlk3
118838,dv06E
118853,blof
118888,fdi2
118927,dead
119017,idls
119032,main
119061,db00
119106,db00E
119121,db01
119146,db01E
119161,db02
119201,db02E
119216,db07
119256,db05
119296,db05E
119311,db06
119331,tlk3
119364,db06E
119379,blof
119414,fdi2
119453,dead
119543,idls
119558,main
119587,dq00
119632,dq00E
119647,dq01
119672,dq01E
119687,dq02
119727,dq02E
119742,dq07
119782,dq07E
119797,dq05
119837,dq05E
119852,dq06
119872,tlk3
119905,dq06E
119920,blof
119955,fdi2
120049,idls
120064,main
120093,dv08
120129,dv08E
120144,dv09
120199,dv09E
120214,blof
120249,fdi2
120343,idls
120358,main
120387,db08
120423,db08E
120438,db09
120493,db09E
120508,blof
120543,fdi2
120637,idls
120652,main
120681,dq08
120717,dq08E
120732,dq09
120787,dq09E
120802,blof
120837,fdi2
120876,dead
120966,idls
120981,main
121010,dv00
121055,dv00E
121070,dv01
121095,dv01E
121110,dv02
121150,dv02E
121165,dv07
121205,dv07E
121220,dv05
121260,dv05E
121275,dv06
121295,tlk3
121328,dv06E
121343,blof
121391,dead
121481,idls
121496,main
121525,db00
121570,db00E
121585,db01
121610,db01E
121625,db02
121665,db02E
121680,db07
121720,db05
121760,db05E
121775,db06
121795,tlk3
121828,db06E
121843,blof
121891,dead
121981,idls
121996,main
122025,dq00
122070,dq00E
122085,dq01
122110,dq01E
122125,dq02
122165,dq02E
122180,dq07
122220,dq07E
122235,dq05
122275,dq05E
122290,dq06
122310,tlk3
122343,dq06E
122358,blof
122406,dead
122496,idls
122511,main
122540,dt00
122585,dt00E
122600,dt01
122617,dt01E
122632,dt02
122665,dt02E
122680,dt03
122733,tmb1R
122748,dt03E
122763,dt04
122788,dt04E
122803,dt05
122838,dt05E
122853,blof
122888,fdi2
122927,dead
123017,idls
123032,main
123061,dt00
123106,dt00E
123121,dt01
123138,dt01E
123153,dt02
123186,dt02E
123201,dt03
123254,tmb1R
123269,dt03E
123284,dt04
123309,dt04E
123324,dt05
123359,db05E
123374,blof
123538,dt10
123558,dt10E
123573,dt11
123612,dt11E
123627,dt12
123644,main
123664,dt12E
123679,dt13
123704,dt13E
123719,dt14
123736,main
123761,m+_0
123772,m+_0
123792,dt14E
123807,dt15
123824,main
123929,dt15E
123944,dt16
123978,dt16E
123993,dt17
124018,dt17E
124033,dt18
124068,db18E
124083,blof
124118,fdi2
127538,cl01
127555,fdi2
127606,fdi2
127678,fdi2
127722,cl01
127784,dg01
127801,fdi2
127852,fdi2
127924,fdi2
127968,dg01
128047,fdi2
128098,fdi2
128170,fdi2
128293,fdi2
128344,fdi2
128416,fdi2
128539,fdi2
128590,fdi2
128662,fdi2
128785,fdi2
128836,fdi2
128908,fdi2
129014,sy01
129031,fdi2
129082,fdi2
129154,fdi2
129198,sy01
129260,ln01
129277,fdi2
129328,fdi2
129400,fdi2
129444,ln01
129523,fdi2
129574,fdi2
129646,fdi2
129778,fdi2
129829,fdi2
129901,fdi2
130007,st01
130024,fdi2
130075,fdi2
130147,fdi2
130191,st01
130253,bo01
130270,fdi2
130321,fdi2
130393,fdi2
130437,bo01
130505,sh01
130522,fdi2
130573,fdi2
130645,fdi2
130689,sh01
130751,in01
130768,fdi2
130819,fdi2
130891,fdi2
130935,in01
130984,fdi2
131001,qstc
131019,fdi0
131036,fdi0
131052,fdo0
131069,fdo0
131085,fdi1
131102,fdi1
131118,fdo1
131135,fdo1
131151,whi1
131168,whi1
131184,who1
131201,who1
131217,who2
131234,who2
131250,who3
131267,who3
131283,main
131303,fdo1
131320,fdo1
131336,fdi1
131353,main
131373,fdi1
131389,blon
131406,blon
131424,whi0
131441,whi0
131457,who0
131474,who0
131490,efon
131507,efon
131523,fdis
131541,fdos
131558,fdos
131574,fdif
131592,fdof
131609,fdof
131625,fdip
131643,fdop
131660,fdop
131796,main
131823,stop
131962,main
131989,stop
132126,main
132153,stop
132290,main
132317,stop
132452,main
132479,stop
132616,main
132643,stop
132782,main
132809,stop
132944,main
132971,stop
133110,main
133137,stop
133274,main
133301,stop
133438,main
133465,stop
133600,main
133627,stop
133764,main
133791,stop
133928,main
133955,stop
145079,qstc
146244,qstc
155802,fdo2
155819,fdo2F
155990,fdi2
156077,fdo2
156094,fdo2F
156242,fdi2
156272,gak0
156392,gak1S
156405,gak1
156667,main
156782,hap0
156855,tlk1ov
157189,main
157483,tlk0
157544,tlk1
157803,fdo1
157820,fdo1
157888,fdi2
158001,fdo1
158018,fdo1
158086,fdi2
158127,fdi2
158153,fdi2
158442,fdo2
158459,fdo2F
158634,s020
158651,fdi2
158668,fdi2
158818,fdo2
158835,fdo2E
158850,qstc
159022,s020
159039,fdi2
159088,s020E
159103,s021
159126,tlk0
159154,tlk1'
159179,s021E
159194,s022
159231,s022E
159246,s023
159263,tlk0+
159286,tlk1R
159301,s023
159324,s025
159352,s025
159372,s024
159405,s024R
159420,s025E
159435,s026
159472,s026E
159487,s027
159504,tlk0+
159527,tlk1R
159542,s027E
159557,s028
159584,fdo1
159601,fdo1R
159616,s028
159649,fdi2
159676,s024R
159691,s025E
159706,s029
159749,s029R
159764,s020E
159779,s030
159816,s030E
159831,s031
159858,s031E
159873,s032
159917,s032E
159932,s033
159981,s033E
159996,s034
160035,s034E
160050,s035
160093,s035E
160108,s036
160123,tlk0
160149,tlk1R
160164,s036E
160179,s037
160216,s037E
160231,s039
160246,hap0
160271,s039E
160286,s043
160343,s037E
160358,s039
160373,hap0
160398,s039E
160413,s043
160470,s037E
160485,s039
160500,hap0
160525,s039E
160540,s043
160597,s037E
160612,s039
160627,hap0
160652,s039E
160667,s043
160724,s037E
160739,s038
160768,fdo1
160785,fdo1R
160800,s038R
160815,s043
160848,fdi2
160884,fdi2
160910,fdi2
160971,hap0
161034,hap0
161097,hap0
161160,hap0
161357,hap0
161420,hap0
161483,hap0
161546,hap0
161993,res0
162016,dead
162130,qstc
162153,fdo1
162170,fdo1F
162400,fdi1
162417,fdi1
163296,res0
163314,cabk
163441,shbk+
163537,dead
163773,thb0+
163831,thb1+
164162,fdo1
164179,fdo1
164244,fdi2
164269,qstc
164301,fdo1
164318,fdo1F
164571,fdi1
164588,fdo1
164951,blof
165124,bik1+
165162,blof
165364,blon
165426,blof
165458,amd0
165486,amd0
165514,ahi0
165542,ahi0
165570,ash0
165598,ash0
165626,amd0
165654,ahi0
165754,zit0
165805,stop
165831,fdo2
165889,fdi2
165938,fdo1
165955,fdo1F
166206,fdi1
166223,fdo1
166257,dead
166448,fdo1
166465,fdo1N
166533,fdi1
166555,fdo1
166572,fdo1
166635,pop0
166714,bbt0
166731,fdi1
166748,fdo1
167824,fdo1
167869,pop0
168024,bmd0
168052,bmd0
168080,bhi0
168108,bhi0
168136,bsh0
168164,bsh0
168192,bmd0
168220,bhi0
168243,fdi1
168260,fdi1
168373,res0
168428,fdo2
168445,fdo2
168567,dead
168874,fdi1
168891,fdi1
169233,who1
169407,whi1
169424,whi1
169465,bfm0
169493,bfm0
169521,bgl0
169549,beh0
169577,btr0
169605,btr0
169633,bmt0
169661,bgl0
170060,thb0+
170083,thb1+
170166,fdo2
170183,fdo2E
170198,qstc
170241,fdi1
170294,bmd1
170322,bmd1
170350,bhi1
170378,bhi1
170406,bsh1
170434,bsh1
170462,bmd1
170490,bhi1
170790,mat0
170867,mat1
170909,damgn
170977,mat1
171019,damgn
171076,ddm0
171130,mat1
171172,damgn
171229,ddm1
171283,mat1
171325,damgn
171382,ddm2
171407,blof
171453,mat1
171512,dead+
171561,dat1
171636,dat0
171708,dat1
171750,damgn
171818,dat1
171860,damgn
171917,mdm0
171971,dat1
172013,damgn
172070,mdm1
172124,dat1
172166,damgn
172223,mdm2
172277,dat1
172346,dead
172385,mat1
172445,fdo2
172462,fdo2F
172617,fdi1
172634,fdi1'
172723,fdo2
172740,fdo2
172815,fdi1
172832,fdi1
172848,hap0
173351,gak0
173436,gak1
173696,hap0
173713,hap1J
173805,ths1
173878,ths2S
173891,ths2J
174208,main
174281,fdo1
174298,fdo1
174366,fdi2
174386,fdo2
174403,fdo2F
174715,fdi2
174752,fdi1
174769,fdi1
174932,ths1
175005,ths2S
175018,ths2y
175283,canj
175479,canj
175786,shnjs
176030,fdo1
176047,fdo1y
176163,fdi1
176180,fdi1
176384,fdo1
176401,fdo1'
176497,fdi1
176514,fdi1+
176782,fdo1
176799,fdo1J
176901,fdi1
176918,fdi1
177122,fdo1
177139,fdo1'
177235,fdi1
177252,fdi1+
177520,fdo1
177537,fdo1J
177639,fdi1
177656,fdi1
177865,fdo1
177882,fdo1y
177998,fdi1
178015,fdi1
178124,s000
178227,fdo1
178348,tmfl
178413,fdi1
178430,fdi1
178531,sef1
178588,kils
178603,tlk0
178636,tlk1n
178700,canj
178761,dak2
178779,st00
178867,main
178887,fdo1
178904,fdo1kidl0
179036,fdi1
179053,fdi1
179604,fdo1
179689,fdi2
179706,qstc
179833,fdo1
179918,fdi2
179989,fdo2
180006,fdo2F
180132,s115
180149,fdi2
180166,fdi2
180189,s115E
180204,s116
180238,s116E
180253,s117
180287,s117E
180302,s118
180339,s118E
180354,s119
180371,tlk0
180399,tlk1
180418,s119E
180433,s120
180459,fdo1
180476,fdo1R
180491,s120
180515,fdi2
180618,hap0
180681,hap0
180744,hap0
180807,hap0
180877,fdo2
180894,fdo2F
181076,s040
181093,fdi2
181110,fdi2
181129,s040E
181144,s041
181184,s041E
181199,s042
181216,tlk0+20
181252,hap0
181271,s042E
181286,s046
181332,s046E
181347,s047
181413,s047E
181428,s048
181453,s048E
181468,s049
181493,s049E
181508,s050
181538,s050E
181553,s051
181591,s051E
181606,s052
181639,tlk0+20
181662,tlk1R
181677,s052E
181692,s053
181749,s053
181772,s055
181800,s055
181820,s054
181866,s054R
181881,s055E
181896,s056
181954,s056E
181969,s057
181984,hap0
182021,s057E
182036,s058
182068,s058
182086,s059
182119,s059E
182134,s060
182159,s060E
182174,s061
182191,thk1+20
182214,s061E
182229,s062
182246,sit0+
182269,s062E
182284,s063
182301,thk2+
182324,s063E
182339,s064
182376,fdo1
182393,fdo1R
182408,s064
182432,fdi2
182449,qstc
182924,thk1
182943,thk2
182973,tlk0
182996,thk1
183032,thk2
183051,tlk1
183070,ten2
183105,thk2
183136,tlk0
183192,tlk1
183232,tlk0
183256,fdo2
183276,fdo2
183283,kidl030
183311,fdi2
183331,pas0U
183346,fdi2
183369,qstc
183395,tlk0
183426,tlk0
183497,qstc
184188,tla0
184202,tla0
184218,tla1
184232,tla1
184248,thk1S
184261,thk1
184275,thk1
184291,thk2
184305,thk2
184321,tlb0
184335,tlb0
184357,tlc0
184371,tlc0
184387,tlc1
184401,tlc1
184423,tlc0
184437,tlc0
184453,tlc1
184467,tlc1
184483,zet0
184497,zet0
185105,main
185122,blon
185151,damgE
185166,blof
185184,main
185201,blon
185230,damgE
185245,blof
185263,main
185280,blon
185309,damgb
185324,main
185353,damgb
185368,main
185397,damgE
185412,blof
186324,ksw0
186338,ksw0
186360,kst0
186374,kst0
186396,kst1
186410,kst1
186432,kup0
186446,kup0
186810,eton
187339,fdo1
187557,s012
187581,whi1
187608,s012E
187623,s013
187724,s013E
187739,s015
187799,fdo1
187816,s015
187855,s016
187887,fdi1
187918,s016E
187933,s017
187999,s017E
188014,s018
188068,s018J
188098,s019
188136,s019E
188151,s020
188189,s020E
188204,s014
188316,s014E
188331,s017
188377,s017E
188392,s015
188616,tlk0
188630,tlk0
188646,tlk1
188660,tlk1
188676,thk1
188690,thk1
188706,thk2
188720,thk2
188736,sha0
188750,sha0
188766,sha1
188780,sha1
188796,sir0
188810,sir0
188826,sir1
188840,sir1
189088,sit0
189102,sit0
189118,stk0
189132,stk0
189148,stk1
189162,stk1
189178,tsi0
189192,tsi0
189208,tsi1
189222,tsi1
189238,cal0
189252,cal0
189456,poi0S
189469,poi0f
189484,poi1
189498,poi0
189514,sl00
189528,sl00
189544,tlk0
189582,thk1
189596,thk1
189612,thk2
189626,thk2
189944,tlk0
189958,tlk0
189974,tlk1
189988,tlk1
190004,ang0
190018,ang0
190034,ang1
190048,ang1
190064,enz0S
190092,enz1
190106,enz1
190122,ino0
190136,ino0
190152,thk1
190166,thk1
190182,thk2
190196,thk2
190212,lau0
190226,lau0
190242,lau1
190256,thk2
190948,thk1
191660,sg12
191682,sl00S
191695,sl00
193759,qstc
195565,qstc
207007,fdo1
207085,cma0
207102,cma0LE
207118,fdi1
207135,fdi1
207179,cma1
207196,cma1
207284,cma2
207301,cma2+
207335,qstc
207388,cma3
207405,cma3L
207425,fdo2
207478,fdi2
207505,fdo1
207597,fdi1
207614,cmb0
207638,fdi1'
207667,cmb0E
207682,cmb1
207699,cmb1M'
207782,cmb2
207799,cmb2+
208014,cmb1
208031,cmb1L
208050,fdo2
208121,fdi1
208330,tlk0
208349,thk1
208368,thk2S
208381,thk2
208397,sal0S
208410,sal0
208426,sal1S
208439,sal1
208792,tlk0
208833,tlk0
208870,tlk0
208907,tlk0
208944,tlk0
208982,tlk0
209019,tlk0
209038,thk1
209073,sl00
209094,qstc
209112,sl00
209131,pas0S
209144,pas0
209172,tlk0
209200,tlk0
209252,tlk0
209280,thk1
209299,thk2S
209312,thk2
209328,pas0S
209341,pas0
209567,fdo1
209645,cm70
209662,cm70LE
209678,fdi1
209695,fdi1
209739,cm71
209817,cm72
209834,cm72+
209868,qstc
209921,cm73
209938,cm73L
209958,fdo2
210011,fdi2
210038,fdo1
210130,fdi1
210154,cm80
210171,fdi1'
210200,cm80E
210215,cm81
210232,cm81M'
210315,cm82
210332,cm82+
210547,cm81
210564,cm81L
210583,fdo2
210654,fdi1
210872,tlk0
210891,ten0S
210904,ten0
210926,thk1
210951,thk2S
210964,thk2
210980,kba0
210996,kba1S
211009,kba1
211300,tlk0
211341,tlk0
211378,tlk0
211415,tlk0
211452,tlk0
211490,tlk0
211527,tlk0
211570,sl20
211591,qstc
211609,sl20
211628,pas0S
211641,pas0
211678,tlk0
211715,tlk0
211800,tlk0
211828,thk1
211847,thk2S
211860,thk2
211876,pas0S
211889,pas0
212119,fdo1
212197,cm20
212214,cm20L
212235,fdi1
212252,fdi1
212296,cm21
212313,cm21
212391,cm22
212408,cm22+
212452,qstc
212498,cm23
212515,cm23L
212535,fdo2
212588,fdi2
212615,fdo1
212712,fdi1
212729,cm30
212753,fdi1'
212782,cm30E
212797,cm31
212814,cm31M'
212894,cm32
212911,cm32+
213126,cm31
213143,cm31L
213162,fdo2
213179,fdo2R
213248,fdi2
213509,tlk0
213528,thk1
213547,thk2S
213560,thk2
213576,sl30S
213589,sl30
213913,tlk0
213954,tlk0
213991,tlk0
214028,tlk0
214065,tlk0
214103,tlk0
214140,tlk0
214183,kwi1
214204,qstc
214224,kwi2S
214237,kwi2
214256,pas0S
214269,pas0
214306,tlk0
214343,tlk0
214398,tlk0
214417,tlk2S
214430,tlk2
214446,thk1
214465,thk2S
214478,thk2
214494,pas0S
214507,pas0
214936,AuBuCuDuEuFu
215672,s006
215687,tlk0
215701,tlk0
215715,tlk1
215729,tlk1
215745,s008
215760,gak0
215774,gak0
215788,gak1
215802,gak1
215818,s009
215833,job0
215847,job0
215861,job1
215875,job1
215891,s005
215906,hap0
215920,hap0
215934,hap1
215948,hap1
215962,new0
215976,new0
215990,new1
216004,new1
216020,s007
216035,exp0
216049,exp0
216063,exp1
216077,exp1
216091,dan0S
216117,dan0S
216143,dan1S
216169,dan0S
216195,dan0S
216221,dan2S
216247,dan3S
216260,dan3
216274,dan3S
216300,dae3
216314,dae3
216390,fdo0
216431,s000
216448,fdi0
216472,fdo0
216500,fdi0
216543,fdo0
216605,s000
216622,fdi0
216660,s002
216684,s002E
216699,s001
216730,fdo0
216758,fdi0
216787,s001
216989,s000
217043,s000
217097,s000
217163,s000
217217,s000
217271,s000
217393,s000
217449,s000
217523,s001
217615,s000
218923,fdi1
218954,fdo0
218995,s000
219012,fdi0
219057,s001
219081,s000
219121,s001
219152,fdo0
219201,fdi0
219233,s002
219275,s002
219476,fdo0
219517,s000
219534,fdi0
219601,fdo0
219636,fdi0
219653,qstc
219686,fdo0
219727,s000
219744,fdi0
219789,s001
219813,s000
219853,s001
219884,fdo0
219933,fdi0
219965,s002
220007,s002
220208,fdo0
220249,s000
220266,fdi0
220333,fdo0
220368,fdi0
220385,qstc
220418,fdo0
220459,s000
220476,fdi0
220504,s002
220582,s001
220631,s000
220711,s001
220742,fdo0
220791,fdi0
220916,fdo0
220957,s000
220974,fdi0
221041,fdo0
221076,fdi0
221093,qstc
221115,fdo1
221132,fdo1F
221220,s000
221240,fdi1
221257,s005
221272,hap0
221293,hap1R
221308,s000E
221323,s001
221344,s006
221359,tlk0
221380,tlk1E
221395,fdo1
221412,fdo1R
221427,s001F
221444,fdi2
221471,s006
221486,tlk0
221525,fdo1
221542,fdo1F
221630,s000
221650,fdi1
221667,s005
221682,hap0
221703,hap1R
221718,s000E
221733,s001
221754,s006
221769,tlk0
221790,tlk1R
221805,s001E
221820,s002
221839,hap0
221858,s002E
221873,s003
221888,hap1
221907,s007
221922,exp0
221949,s003E
221964,s004
221983,exp1R
221998,s004E
222013,s005
222034,s008
222049,gak0
222068,gak1R
222083,s005E
222098,s000
222119,s000E
222134,s006
222151,s006
222170,tlk1E
222185,fdo1
222202,fdo1R
222217,s006F
222234,fdi2
222254,fdo1
222271,fdo1F
222359,s000
222379,fdi1
222396,s005
222411,hap0
222430,s000E
222445,s002
222464,hap1R
222479,s002E
222494,s003
222511,s007
222526,exp0
222553,s003E
222568,s004
222587,exp1R
222602,s004E
222617,s005
222638,s008
222653,gak0
222670,gak1R
222685,s005E
222700,s000
222721,s000E
222736,s006
222753,s006
222772,tlk1E
222787,fdo1
222804,fdo1R
222819,s006F
222836,fdi2
227974,fdo1
228066,s000
228083,fdi1
228187,s000E
228202,s001
228249,s001E
228264,s003
228359,s003E
228374,s004
228446,fdo1
228544,s004
228567,s017
228595,s017
228615,s005
228632,fdi1
228679,s017
228705,s017
228723,s005E
228738,ovl1
228755,s007
228816,s007
228839,s013
228867,s014
228895,s014
228915,s006
229011,s013
229037,s014
229063,s014
229081,s006E
229096,s008
229190,s008E
229205,ovl1
229230,s015
229258,s015
229278,s009
229331,s015
229357,s015
229375,s009E
229390,s002
229481,s002
229504,s016
229532,s016
229552,s010
229614,s016
229640,s016
229658,s010E
229673,s011
229761,s012
229795,fdo1
229860,fdi1
229891,fdo1
229974,s018
229991,fdi1
230011,s018'
230036,ovl1
230061,s049
230089,s049
230109,s019
230193,s049
230219,s049
230237,s019E
230252,s020
230291,s020E
230306,ovl1
230323,s023
230366,s023E
230381,s021
230449,s021E
230464,ovl1
230489,s050
230517,s050
230537,s022
230576,fdo1
230638,ovl1
230655,s024
230672,fdi1
230722,s024
230745,s048
230773,s051
230801,s051
230829,s048
230849,s025
230902,fdo1
230930,s048
230956,s051
230982,s051
231008,s048
231155,s031
231172,fdi1
231217,s031E
231232,ovl1
231249,s032
231324,s032E
231339,s033
231414,s033E
231429,s034
231508,s034E
231523,s035
231583,s035E
231598,s036
231659,s036E
231674,ovl1
231691,s037
231752,s037E
231767,s038
231833,fdo1
231926,s025
231949,s052
231977,s052
231997,s026
232014,fdi1
232089,s026E
232104,s027
232166,s027E
232181,s028
232347,s028E
232362,s029
232444,s029E
232459,ovl1
232476,s030
232516,fdo1
232544,s030N
232572,fdi1
232603,fdo1
232728,s039
232745,fdi1
232798,s039E
232813,s040
232886,s040E
232901,ovl1
232918,s041
232965,s041E
232980,s042
233109,s043
233228,s043'
233388,s045
233411,s047
233439,s047
233459,s046
233549,fdo1
233583,s047
233609,s047
233663,fdi1
233698,fdo1
233851,s055
233868,fdi1
233927,s056
233975,s056E
233990,s053
234099,s053E
234114,ovl1
234131,s054
234151,fdo1
234225,s074
234253,s072
234281,s072
234309,s074
234329,s057
234346,fdi1
234397,s074
234423,s072
234449,s072
234475,s074
234493,s057E
234508,s058
234584,fdo1
234616,s058'
234810,s059
234827,fdi1
234858,s059E
234873,ovl1
234890,s061
234928,s061E
234943,s060
235057,s060E
235072,s062
235161,s062E
235176,s063
235193,fdi1
235333,s063E
235348,s064
235456,s064E
235471,s065
235643,s065E
235658,s066
235735,s066E
235750,ovl1
235767,s067
235869,s067E
235884,s068
236004,s068E
236019,s069
236079,s069y
236104,ovl1
236129,s075
236157,s073
236185,s073
236213,s075
236233,s070
236266,s075
236292,s073
236318,s073
236344,s075
236362,s070E
236377,s071
236454,fdo1
236513,fdi1
236544,fdo1
236666,s076
236683,fdi1
236713,s076E
236728,ovl1
236753,s125
236773,s077
236821,s125
236839,s077E
236854,ovl1
236871,s078
236901,s078E
236916,ovl1
236933,s079
236999,s079E
237014,s080
237100,s080E
237115,s083
237209,s083E
237224,s081
237292,s081E
237307,s084
237387,s084E
237402,ovl1
237419,s082
237465,s082E
237480,ovl1
237497,s085
237522,fdo1
237542,s085E
237557,s087
237574,fdi1
237615,fdo1
237635,s087E
237650,s086
237667,fdi1
237714,s086E
237729,ovl1
237746,s089
237793,s089E
237808,s090
237889,s094
237987,s094E
238002,s093
238040,who1
238237,s000
238254,whi1
238289,s001
238371,s002
238406,s006
238441,s005
238476,s004
238491,won2
238509,s004E
238524,ovl1
238541,s011
238561,who1
238581,s0115Q
238752,s088
238769,whi1
238809,s088E
238824,ovl1
238849,s121
238877,s123
238905,s123
238933,s121
238953,s092
239023,s121
239049,s123
239075,s123
239101,s121
239119,s092E
239134,s095
239189,s095E
239204,s097
239256,s097E
239271,s096
239338,s096E
239353,s098
239433,s098E
239448,ovl1
239465,s099
239511,s099E
239526,s100
239594,s100E
239609,s101
239690,s101E
239705,s102
239802,s102E
239817,s103
239893,s103E
239908,s104
239970,s104E
239985,s105
240106,s105E
240121,s106
240227,s106E
240242,s108
240291,s108E
240306,s107
240406,ovl1
240423,s109
240461,s109E
240476,ovl1
240493,s110
240542,s110E
240557,s111
240617,fdo1
240671,s111y
240738,s112
240755,fdi1
240782,s112E
240797,s113
240853,s113E
240868,s114
240942,s114E
240957,ovl1
240982,s122
241010,s124
241038,s124
241066,s122
241086,s117
241126,s122
241152,s124
241178,s124
241204,s122
241222,s117E
241237,ovl1
241254,s116
241286,s116E
241301,s115
241373,s115E
241388,s118
241466,s118E
241481,s119
241529,s119E
241544,s120
241610,fdo1
241669,fdi1
241700,fdo1
241825,s039
241842,fdi1
241895,s039E
241910,s040
241968,s040E
241983,ovl1
242000,s041
242054,s041E
242069,s126
242107,fdo1
242166,fdi1
242192,fdo1
242289,s000
242306,fdi1
242372,s000E
242387,s001
242448,s001
242471,s003
242499,s003
242519,s002
242644,fdo1
242672,s003
242698,s003
242716,s002N
242744,fdi1
242770,fdo1
242867,s001
242884,fdi1
242916,s001E
242931,ovl1
242956,s003
242984,s003
243004,s002
243263,fdo1
243291,s003
243317,s003
243335,s002E
243350,qstc
243380,fdi1
243421,fdo1
243549,s052
243577,s052
243597,s001
243617,fdi1
243660,s052
243686,s052
243704,s001E
243719,s024
243768,s024
243791,s053
243819,s053
243847,s042
243867,s002
243995,s053
244021,s053
244047,s042
244065,s002E
244080,s004
244148,s004E
244163,s025
244225,main
244245,s025E
244260,s005
244314,s005E
244329,s026
244387,s026
244410,s054
244438,s054
244466,s043
244494,s043
244522,s043
244542,s027
244606,s054
244632,s054
244658,s043
244684,s043
244710,s043
244728,s027E
244743,s028
244784,s028E
244799,s003
244819,s003
244842,s055
244870,s055
244890,s029
244979,s055
245005,s055
245023,s029
245046,s056
245074,s056
245102,s050
245130,s050
245158,s050
245178,s030
245243,s056
245269,s056
245295,s050
245321,s050
245347,s050
245365,s030E
245380,s006
245421,s006
245444,s044
245472,s044
245492,s035
245562,s044
245588,s044
245606,s035
245629,s057
245657,s057
245685,s045
245713,s045
245741,s045
245761,s031
245850,s057
245876,s057
245902,s045
245928,s045
245954,s045
245972,s031
245995,s058
246023,s058
246043,s007
246113,s058
246139,s058
246188,s008
246260,fdo1
246327,fdi1
246355,s032
246416,s032E
246431,s022
246481,D#ov
246531,s032
246554,s064
246574,s023
246628,s064
246668,s032E
246683,s018
246744,s018E
246759,s063
246835,s032E
246850,s009
246885,s009
246908,s049
246936,s049
246964,s049
246984,s036
247035,s049
247061,s049
247087,s049
247105,s036
247139,s065
247167,s010
247195,s010
247223,s059
247251,s059
247279,s065
247307,s046
247327,s040
247368,s065
247394,s010
247420,s010
247446,s059
247472,s059
247498,s065
247524,s046
247542,s040E
247557,s011
247623,s065
247649,s010
247675,s010
247701,s059
247727,s059
247753,s065
247779,s046
247797,s040E
247812,s033
247878,s065
247904,s010
247930,s010
247956,s059
247982,s059
248008,s065
248034,s046
248052,s040E
248067,s034
248120,s012
248241,s060
248269,s060
248297,s047
248317,s013
248397,s060
248423,s060
248449,s047
248467,s013E
248482,s019
248541,s019
248564,s048
248592,s051
248620,s061
248648,s061
248676,s048
248696,s038
248740,s048
248766,s051
248792,s061
248818,s061
248844,s048
248862,s038E
248877,s014
248932,s014E
248947,s020
248993,s020E
249008,s021
249075,cabk
249093,s021E
249108,s041
249145,s041
249168,s068
249196,s039
249224,s062
249252,s062
249280,s039
249300,s066
249317,speff-
249332,shbk
249350,who1
249388,fdo1
249416,s068
249442,s039
249468,s062
249494,s062
249520,s039
249538,s066E
249553,whi1
249732,bl00
249753,fdi1
249770,fdi1+
249806,s067
249823,open
249877,clos
249897,fdo1
250015,kill
250090,s015
250107,fdi1
250127,s015E
250142,s016
250162,s016E
250177,s037
250208,s037E
250223,s017
250329,s017E
250344,fdo1
250399,qstc
250458,fdi1
250482,fdo1
250515,fdi1
250549,fdo1
250746,s000
250763,fdi1
250819,s000EF
250834,s001
250927,s000EF
250942,s001
250977,fdo1
250997,s001
251048,fdi1
251075,kZRF
251088,s001
251114,s001EF
251129,s002
251164,fdo1
251184,s002
251235,fdi1
251264,s002
251289,s002
251312,s058
251340,s058
251368,s074
251388,s003
251453,s058
251479,s058
251505,s074
251523,s003
251546,s059
251574,s059
251594,s004
251663,s059
251689,s059
251707,s004EF
251722,s005
251768,s005
251791,s060
251819,s060
251839,s006
251962,s060
251988,s060
252006,s006EF
252021,s007
252114,ovu0
252131,s007EF
252146,s008
252185,s008EF
252200,s009
252252,s009EF
252267,s010
252315,s010EF
252330,s011
252427,s011EF
252442,s012
252520,s012EF
252535,s013
252560,ov20
252603,gak0'
252639,s013EF
252654,s014
252712,gak1+u0
252741,s014
252764,s075
252792,s075
252820,s061
252835,MaEF
252848,s061
252863,iaEF
252876,s075
252883,zaEF
252896,s015
252973,ov20
253011,ov20
253039,s075
253065,s075
253091,s061
253104,XbRF
253117,s061
253130,rbRF
253143,s075
253161,s015
253184,s076
253212,s076
253240,s062
253268,s062
253296,s076
253316,s016
253371,ccRF
253384,s076
253410,s076
253436,s062
253462,s062
253488,s076
253506,s016
253529,s085
253557,s085
253577,s017
253605,s085
253618,ZdRF
253631,s085
253636,idRF
253649,s017EF
253664,s018
253723,s018EF
253738,s019
253763,s019EF
253778,s020
253831,s020EF
253846,s021
253895,s021EF
253910,s022
254000,s022EF
254015,s023
254103,s023
254113,KfEF
254126,s063
254141,gfEF
254154,s063
254161,xfEF
254174,s024
254207,s063
254233,s063
254251,s024
254274,s064
254302,s064
254330,s077
254350,s025
254436,s064
254462,s064
254488,s077
254506,s025
254538,s038
254623,s038
254633,ShEF
254646,s069
254661,ohEF
254674,s069
254694,s039
254794,s069
254820,s069
254860,s040
254938,s040
254961,s078
254989,s070
255017,s070
255045,s078
255065,s041
255202,s078
255228,s070
255254,s070
255280,s078
255328,s079
255356,s071
255384,s071
255399,QkEF
255412,s079
255419,bkEF
255432,s042
255518,s079
255544,s071
255570,s071
255596,s079
255614,s042
255637,s080
255652,NlEF
255665,s072
255680,jlEF
255693,s072
255721,s080
255741,s046
255787,s080
255813,s072
255839,s072
255865,s080
255883,s046EF
255898,s043
255933,tlk0+u0
255954,tlk1y
256042,s044
256134,s044EF
256149,s045
256229,s045EF
256244,s047
256285,new0+u0
256306,new1
256348,s048
256447,hap0+u0
256468,hap1N
256489,s048
256512,s073
256540,s073
256568,s081
256588,s049
256652,s073
256665,ApRF
256678,s073
256704,s081
256709,jpRF
256722,s049EF
256737,s050
256805,s050
256840,s082
256868,s082
256896,s065
256924,s065
256939,UqEF
256952,s082
256959,fqEF
256972,s051
257071,s082
257097,s082
257123,s065
257149,s065
257175,s082
257180,ArRF
257193,s051EF
257208,s052
257241,s052EF
257256,s053
257291,s053EF
257306,s055
257331,s055EF
257346,s056
257381,s056RF
257396,s053EF
257411,s054
257446,s054EF
257461,s057
257534,tlk0+u0
257590,s057EF
257605,s026
257643,t+20
257693,s026EF
257708,s027
257813,ovu0
257837,s027EF
257852,s028
257884,star
257909,hap0
257927,stop
257947,who1
258064,main
258081,s029
258098,whi1
258115,whi1J20
258186,s029EF
258201,s030
258273,s030
258296,s083
258324,s066
258352,s066
258380,s083
258400,s031
258464,HwRF
258477,s083
258490,bwRF
258503,s066
258529,s066
258555,s083
258573,s031
258596,s084
258624,s067
258652,s067
258680,s084
258700,s032
258764,txRF
258777,s084
258803,s067
258829,s067
258855,s084
258873,s032EF
258888,s033
258918,s033EF
258933,s034
259067,main
259099,s034
259122,s068
259150,s068
259170,s035
259266,s068
259279,wzRF
259292,s068
259310,s034EF
259325,s036
259347,ovu0
259362,exp0+u0
259418,s036EF
259433,s037
259529,fdo1
259554,s037E
259569,qstc
259655,fdi1
260640,iam0
260654,iam0
260670,iam1
260684,iam1
260700,kyr0
260714,kry0
260730,mia0
260744,mia0
260760,mia1
260774,mia1
260790,tla0
260804,tla0
260820,tla1
260834,tla1
260850,tlb0
260864,tlb0
260880,tlb1
260894,tlb1
260910,tlc0
260924,tlc0
260940,tlc1
260954,tlc1
260970,tld0
260984,tld0
261000,tld1
261014,tld1
261030,tle0
261044,tle0
261060,tle1
261074,tle1
261090,thk0
261104,thk0
261120,thk1
261134,thk1
261150,std0
261164,std0
261180,std1
261194,std1
261210,tlf0
261224,tlf0
261240,tlf1
261254,tlf1
261270,tfhc
261284,tfhc
261300,hctf
261314,hctf
261336,thc0
261350,thc0
261366,thc1
261380,thc1
261408,sthc
261422,sthc
261438,tfst
261452,tfst
261468,sttf
261482,sttf
261498,gma0
261512,gma0
261528,gma1
261542,gma1
261558,tbo0
261572,tbo0
261588,tbo1
261602,tbo1
261618,tbog
261632,tbog
261654,sra0
261668,sra0
261684,sra1
261698,sra1
261720,kta0
261734,kta0
261750,kta1
261764,kta1
261780,moj0
261794,moj0
261810,moj1
261824,moj1
261840,moj2
261854,moj2
261870,moj3
261884,moj3
261916,pas0
261930,pas0
261952,pr00
261966,pr00
261982,pr01
261996,pr01
262012,pr02
262026,pr02
262042,ngi0
262056,ngi0
262072,ngi1
262086,ngi1
262102,ngi2
262116,ngi2
262132,ora0
262146,ora0
262162,ora1
262176,ora1
262192,ora0
262206,ora0
262222,ora1
262236,ora1
262252,ora2
262266,ora2
262282,ora3
262296,ora3
262312,fnd0
262326,fnd0
262342,fnd1
262356,fnd1
262372,fnsp
262386,fnsp
262402,mas0
262416,mas0
262438,efs1
262456,mas3
262478,mas2
262493,efst
262509,mas2
262532,hnd0
262546,hnd0
262562,hnd1
262576,hnd1
262598,sik0
262612,sik0
262628,sik1
262670,wave
262706,as00
262720,as00
262742,cl20
262756,cl20
262778,utu0
262792,utu0
262814,c411
262828,utu0
263193,msh0
263207,msh0
263996,tla0
264010,tla0
264026,tla1
264040,tla1
264056,tlb0
264070,tlb0
264086,tlb1
264100,tlb1
264116,tlc0
264130,tlc0
264146,tlc1
264160,tlc1
264176,tcth
264190,tcth
264206,tca0
264220,tca0
264236,tba0
264250,tba0
264266,tab0
264280,tab0
264296,tath
264310,tath
264326,tac0
264340,tac0
264356,hta0
264370,hta0
264386,bik0
264400,bik0
264416,bik1
264430,bik1
264446,thk0
264460,thk0
264476,thk1
264490,thk1
264512,hrp2
264526,hrp2
264542,hrp3
264556,hrp3
264578,tlw0
264592,tlw0
264608,tlw1
264622,tlw1
264638,no00
264652,no00
264668,no01
264682,no01
264698,hta0
264712,hta0
264728,hta1
264742,hta1
264758,htb0
264772,htb0
264788,htb1
264802,htb1
264818,htb2
264832,htb2
264848,hab0
264862,hab0
264878,hba0
264892,hba0
264920,mte0
264934,mte0
264950,mte1
264964,mte1
265856,tla0
265870,tla0
265886,tla1
265900,tla1
265916,tlb0
265930,tlb0
265946,tlb1
265960,tlb1
265976,tlc0
265990,tlc0
266006,tlc1
266020,tlc1
266036,tath
266050,tath
266066,tba0
266080,tba0
266096,thk0
266110,thk0
266126,thk1
266140,thk1
266156,odo0
266170,odo0
266186,odo1
266200,odo1
266216,odtc
266230,odtc
266246,tcod
266260,tcod
266276,sra0
266290,sra0
266306,sra1
266320,sra1
266336,ktn0
266350,ktn0
266366,ktn1
266380,ktn1
266396,ktn0S
266424,ktn1S
266437,ktn1
266453,tlh2
266467,tlh2
266483,tlh3
266497,tlh3
266513,tlh0
266527,tlh0
266543,tlh1
266557,tlh1
266573,iai0
266587,iai0
266603,iai1
266617,iai1
266633,rei0
266647,rei0
266663,rei1
266677,rei1
267188,tlk0
267224,corpS
267237,corp
267253,okir
267267,okir
267281,res0S
267294,res0
267308,res2S
267321,res2
267337,wai0
267351,wai0
267367,shk0
267381,shk0
267397,poi0
267411,poi0
267427,thk1
267441,thk1
267457,thk2
267471,thk2
267487,dis0
267501,dis0
267517,gkr0
267555,iro0
267569,iro0
267585,zit0
267599,zit0
267615,bik0
267653,syu0
267667,syu0
267683,cabk
267697,cabk
267713,shbk
267727,shbk
267743,spefS
267777,obi0
267791,obi0
267807,ehn0
267821,ehn0
267837,ehn1
267851,ehn1
267867,teh0
267881,teh0
267897,moj0
267911,moj0
267927,sit0
267941,sit0
267957,dfk0
267971,dfk0
267987,dfk1
268001,dfk1
268017,dfm0
268031,dfm0
268047,dfm1
268061,dfm1
268077,usi0
268091,usi0
268107,usi1
268121,usi1
268137,wlkc
268157,wlkc
268179,cry0
268193,cry0
268209,joy0S
268222,joy0
268238,no00
268252,no00
268268,yes0
268282,yes0
268298,joy0
268312,joy0
269284,tlk0
269320,corpS
269333,corp
269349,okir
269363,okir
269377,res0S
269390,res0
269404,res2S
269417,res2
269433,wai0
269447,wai0
269463,shk0
269477,shk0
269493,poi0
269507,poi0
269523,thk1
269537,thk1
269553,thk2
269567,thk2
269583,dis0
269597,dis0
269613,gkr0
269651,iro0
269665,iro0
269681,zit0
269695,zit0
269711,bik0
269749,syu0
269763,syu0
269779,cabk
269793,cabk
269809,shbk
269823,shbk
269839,spefS
269873,obi0
269887,obi0
269903,ehn0
269917,ehn0
269933,ehn1
269947,ehn1
269963,teh0
269977,teh0
269993,moj0
270007,moj0
270023,sit0
270037,sit0
270053,dfk0
270067,dfk0
270083,dfk1
270097,dfk1
270113,dfm0
270127,dfm0
270143,dfm1
270157,dfm1
270173,usi0
270187,usi0
270203,usi1
270217,usi1
270233,wlkc
270253,wlkc
270275,cry0
270289,cry0
270305,joy0S
270318,joy0
270334,no00
270348,no00
270364,yes0
270378,yes0
270394,joy0
270408,joy0
270512,tlk0
270550,bik0
270586,res0S
270599,res0
270613,res2S
270626,res2
270640,corpS
270653,corp
270669,okir
270683,okir
270699,zit0
270713,zit0
270729,wai0
270743,wai0
270759,dis0
270773,dis0
270789,gkr0
270827,shk0
270841,shk0
270857,syu0
270871,syu0
270887,cabk
270901,cabk
270917,shbk
270931,shbk
270947,spefS
270981,moj0
270995,moj0
271011,obi0
271025,obi0
271041,obi1
271055,obi1
271071,thk1
271085,thk1
271101,thk2
271115,thk2
271131,sit0
271145,sit0
271161,muu0
271175,muu0
271191,ehn0
271205,ehn0
271221,ehn1
271235,ehn1
271251,usi0
271265,usi0
271281,usi1
271295,usi1
271311,dfc0
271325,dfc0
271341,dfc1
271355,dfc1
271371,wlkc
271391,wlkc
271413,cry0
271427,cry0
271443,no00
271457,no00
271473,yes0
271487,yes0
271503,joy0
271517,joy0
271533,gogo
271547,gogo
271563,iro0
271577,iro0
271593,poi0
271607,poi0
271623,pas0
271637,pas0
271722,dfc0
272416,tlk0
272454,bik0
272490,res0S
272503,res0
272517,res2S
272530,res2
272544,corpS
272557,corp
272573,okir
272587,okir
272603,zit0
272617,zit0
272633,wai0
272647,wai0
272663,dis0
272677,dis0
272693,gkr0
272731,shk0
272745,shk0
272761,syu0
272775,syu0
272791,cabk
272805,cabk
272821,shbk
272835,shbk
272851,spefS
272885,moj0
272899,moj0
272915,obi0
272929,obi0
272945,obi1
272959,obi1
272975,thk1
272989,thk1
273005,thk2
273019,thk2
273035,sit0
273049,sit0
273065,muu0
273079,muu0
273095,ehn0
273109,ehn0
273125,ehn1
273139,ehn1
273155,usi0
273169,usi0
273185,usi1
273199,usi1
273215,dfc0
273229,dfc0
273245,dfc1
273259,dfc1
273275,wlkc
273295,wlkc
273317,cry0
273331,cry0
273347,no00
273361,no00
273377,yes0
273391,yes0
273407,joy0
273421,joy0
273437,gogo
273451,gogo
273467,iro0
273481,iro0
273497,poi0
273511,poi0
273527,pas0
273541,pas0
273693,shk0S
273721,zit0S
273734,zit0
273764,deadS
273790,corpS
273803,corp
273819,okirS
273832,okir
274105,thk1S
274118,thk1
274504,tla0
274518,tla0
274534,tla1
274548,tla1
274564,tac0
274578,tac0
274594,tlb0
274608,tlb0
274624,tlb1
274638,tlb1
274654,tlc0
274668,tlc0
274684,tlc1
274698,tlc1
274714,thk0
274728,thk0
274744,thk1
274758,thk1
274774,bik0
274788,bik0
274804,bik1
274818,bik1
274834,utu0
274848,utu0
274864,utu1
274878,utu1
274894,amu0
274908,amu0
274924,amu1
274938,amu1
274954,sji0
274968,sji0
274984,sji1
274998,sji1
275014,yes0
275028,yes0
275050,bor0
275064,bor0
275080,bor1
275094,bor1
275116,mte0
275130,mte0
275146,mte1
275160,mte1
275696,lklr
275710,lklr
275726,utah
275740,utah
275756,utan
275770,utan
275786,hapy
275800,hapy
275816,sin0
275830,sin0
275846,swo0
275860,swo0
275876,swo1
275890,swo1
275906,tlk0
275920,tlk0
275936,tlk1
275950,tlk1
275966,thk1
275980,thk1
275996,thk2
276010,thk2
276026,sha0
276040,sha0
276056,sha1
276070,sha1
276086,sha0S
276099,sha0f
276114,sha1S
276127,sha1
276143,sir0
276157,sir0
276173,sir1
276187,sir1
276203,btls
276217,btls
276233,kei0
276247,kei0
276263,kei1
276277,kei1
276293,srd0
276307,srd0
276323,srd1
276337,srd1
276353,jmp0
276367,jmp0
276383,twa0
276397,twa0
276413,twa1
276427,twa1
276443,twb0
276457,twb0
276473,twb1
276487,twb1
276618,corpS
276631,corp
276645,res1S
276658,res1
276672,res2S
276685,res2
277012,tlk0
277026,tlk0
277042,tlk1
277056,tlk1
277072,thk1
277086,thk1
277102,thk2
277116,thk2
277141,ats0
277155,ats0
277171,ate0
277185,ate0
277201,tlk0
277215,tlk0
277231,tlk1
277245,tlk1
277261,tlk0S
277289,tlk1S
277302,tlk1
277318,tly0
277332,tly0
277348,tly1
277362,tly1
277378,tln0
277392,tln0
277408,tln1
277422,tln1
277438,ats0
277452,ats0
277468,ate0
277482,ate0
277498,ats0
277512,ats0
277528,atss
277542,atss
277558,ate0
277572,ate0
277588,atl0
277602,atl0
277618,ats0
277632,ats0
277648,ate0
277662,ate0
277694,res0S
277707,res0
277721,res1S
277734,res1
277748,res2S
277761,res2
278100,r's'
278248,M'I'
278254,K'J'L'
278457,cer0
278471,cer0
278487,far0
278501,far0
278517,far1
278531,far1
278547,pas0
278561,pas0
278577,thk1
278591,thk1
278607,thk2
278621,thk2
278637,tlk0
278651,tlk0
278667,tlk1
278681,tlk1
278703,awa0
278745,awa0S
278773,awa0S
279038,thk1S
279051,thk1
279904,iam0
279918,iam0
279934,iam1
279948,iam1
279964,kyr0
279978,kry0
279994,mia0
280008,mia0
280024,mia1
280038,mia1
280054,tla0
280068,tla0
280084,tla1
280098,tla1
280114,tlb0
280128,tlb0
280144,tlb1
280158,tlb1
280174,tlc0
280188,tlc0
280204,tlc1
280218,tlc1
280234,tld0
280248,tld0
280264,tld1
280278,tld1
280294,tle0
280308,tle0
280324,tle1
280338,tle1
280354,thk0
280368,thk0
280384,thk1
280398,thk1
280414,std0
280428,std0
280444,std1
280458,std1
280474,tlf0
280488,tlf0
280504,tlf1
280518,tlf1
280534,tfhc
280548,tfhc
280564,hctf
280578,hctf
280600,thc0
280614,thc0
280630,thc1
280644,thc1
280672,sthc
280686,sthc
280702,tfst
280716,tfst
280732,sttf
280746,sttf
280762,gma0
280776,gma0
280792,gma1
280806,gma1
280822,tbo0
280836,tbo0
280852,tbo1
280866,tbo1
280882,tbog
280896,tbog
280918,sra0
280932,sra0
280948,sra1
280962,sra1
280984,kta0
280998,kta0
281014,kta1
281028,kta1
281044,moj0
281058,moj0
281074,moj1
281088,moj1
281104,moj2
281118,moj2
281134,moj3
281148,moj3
281180,pas0
281194,pas0
281216,pr00
281230,pr00
281246,pr01
281260,pr01
281276,pr02
281290,pr02
281306,ngi0
281320,ngi0
281336,ngi1
281350,ngi1
281366,ngi2
281380,ngi2
281396,ora0
281410,ora0
281426,ora1
281440,ora1
281456,ora0
281470,ora0
281486,ora1
281500,ora1
281516,ora2
281530,ora2
281546,ora3
281560,ora3
281576,fnd0
281590,fnd0
281606,fnd1
281620,fnd1
281636,fnsp
281650,fnsp
281666,mas0
281680,mas0
281702,efs1
281720,mas3
281742,mas2
281757,efst
281773,mas2
281796,hnd0
281810,hnd0
281826,hnd1
281840,hnd1
281862,sik0
281876,sik0
281892,sik1
281934,wave
281970,as00
281984,as00
282006,cl20
282020,cl20
282042,utu0
282056,utu0
282078,c411
282092,utu0
282212,mab0
282228,odo0
282244,ino0
282258,ino0
282348,mab0
282364,odo0
282456,mab0
282472,odo0
282576,eidl
282592,kill
282608,op10
282868,tlk0
282887,tlk1
284263,tlk1J
284315,ja00
284362,ten1J
284395,ja00E
284410,ja01
284427,tlk0+
284458,ten0S
284471,ten0+
284504,ja01E
284519,ja02
284574,ja02E
284589,ja03
284647,ja04
284706,fdi2
284808,bj00
284850,bj00E
284865,bj01
284912,tla0+v0
284972,tlb0R
284987,bj01E
285002,bj03
285019,fdi2
285047,bj03E
285062,bj04
285087,tbth+v0
285110,bj04E
285125,bj05
285142,thk1Sv0
285155,thk1+v0
285219,bj05E
285234,bj06
285256,tlc0+v0
285279,tlc1
285325,bj05E
285340,bj06
285357,tla0+v0
285388,tla1
285438,fdi2
285574,bj10
285602,bj10E
285617,bj11
285655,bj11E
285670,bj12
285687,thk1Sv0
285700,thk1Jv0
285727,tla0+v0
285762,bj12
285785,bhm0
285813,bhf0
285841,bem0
285869,bef0
285897,btr0
285925,btr0
285953,bmt0
285981,bgl0
286017,bhm0
286043,bhf0
286069,bem0
286095,bef0
286121,btr0
286147,btr0
286173,bmt0
286199,bgl0
286217,bj13
286242,bj13E
286257,bj14
286274,tac0+v0
286342,tlb0
286360,bj14E
286375,bj15
286432,qstc
286449,fdi2
286598,mo00
286657,mo00E1
286672,mo01
286695,mo01E1
286710,mo02
286727,tla0+v0
286750,tla1Sv0
286880,mo03
286924,mo03E1
286939,mo04
287002,mo04E1
287017,mo05
287059,mo05E1
287074,mo06
287087,ovv0
287104,kos1+v0
287156,kos1R1
287171,mo06E1
287186,mo07
287203,ude0
287252,mo07E1
287267,mo08
287297,ude1
287315,pas0+
287346,pas0R1
287361,mo08E1
287376,mo09
287435,mo09E1
287450,mo10
287494,mo10E1
287509,mo11
287556,mo11E1
287571,mo12
287588,tlc0+v0
287611,mo12E1
287626,mo13
287643,tcth
287684,mo13E1
287699,mo14
287743,uts0+
287766,uts1
287813,fdi2
287917,mo20
287945,mo20E1
287960,mo21
287996,mo21E1
288011,mo22
288028,thk0+v0
288051,mo22E1
288066,mo23
288099,thk1Sv0
288112,thk1
288139,mo23E1
288154,mo24
288171,yes0
288213,mo24E1
288228,mo25
288245,sji0+v0
288300,qstc
288317,fdi2
288429,se00
288465,se00E1
288480,se01
288497,se01E1
288512,se02
288612,se03
288643,se03E1
288658,se04
288675,thk1
288706,se04E1
288721,se05
288753,thk1+v0
288785,se05E1
288800,se06
288826,tlb0+v0
288861,se06
288884,sehm
288912,sehf
288940,seem
288968,seef
288996,setr
289024,setr
289052,semt
289080,segl
289108,tlb1
289134,sehm
289160,sehf
289186,seem
289212,seef
289238,setr
289264,setr
289290,semt
289316,segl
289334,se07
289364,sji0+v0
289419,fdi2
289438,fdi0
289455,fdi0
289471,fdo0
289488,fdo0
289504,fdi1
289521,fdi1
289537,fdo1
289554,fdo1
289570,whi1
289587,whi1
289603,who1
289620,who1
289636,who2
289653,who2
289669,who3
289686,who3
289702,main
289722,fdo1
289739,fdo1
289755,fdi1
289772,main
289792,fdi1
289808,blon
289825,blon
289843,whi0
289860,whi0
289876,who0
289893,who0
289909,efon
289926,efon
289942,fdis
289960,fdos
289977,fdos
289993,fdif
290011,fdof
290028,fdof
290044,fdip
290062,fdop
290079,fdop
290112,n'q'
291818,fdo1
291835,fdo18
292019,x000
292036,fdi1
292053,fdi1J
292101,x000y
292134,x001
292203,x001E
292218,x002
292292,x003
292335,x003E
292350,x004
292383,x004E
292398,x005
292423,x005E
292438,x00a
292500,x00aE
292515,x006
292556,x006E
292571,ovl1
292588,x007
292605,x007+
292637,x008
292678,x008E
292693,x009
292735,x009E
292750,w000
292787,w000E
292802,w001
292850,w001E
292865,w003
292890,w003E
292905,w002
292946,w002E
292961,w004
292997,w004E
293012,w005
293074,w005E
293089,w003
293114,w003E
293129,w006
293195,w007
293253,w007E
293268,w008
293301,w008E
293316,w009
293356,w009E
293371,v001
293396,v001E
293411,ovl1
293428,v000
293453,v000E
293468,v001
293493,v001E
293508,ovl1
293525,v000
293550,v000E
293565,v001
293599,v001E
293614,v000
293647,v000E
293662,ovl1
293679,v002
293720,v002E
293735,v00a
293795,v00aE
293810,v003
293868,v003E
293883,v004
293889,kidl0
293947,v004E
293962,v005
294017,v005E
294032,v006
294075,v006E
294090,v00b
294115,v00bE
294130,v00c
294155,v00cE
294170,v007
294221,v007E
294236,v008
294332,v008E
294347,v009
294379,v009E
294394,t000
294539,t001
294592,t001E
294607,t002
294675,t006
294692,t006+
294718,t003
294761,t003E
294776,t005
294824,t005E
294839,t004
294889,t004
294915,t006
294932,t006+
294966,t003
294998,t003E
295013,t005
295061,t005
295087,t006
295104,t006+
295138,t005
295193,t005
295240,t007
295301,t007E
295316,t008
295353,t008E
295368,t009
295425,t009E
295440,r000
295446,kidl0
295500,r000E
295515,r001
295560,r001E
295575,ovl1
295592,r002
295625,r002E
295640,r003
295704,r003E
295719,blon
295736,r004
295753,r004E
295768,blof
295793,blon
295810,r005
295834,r005E
295849,r006
295876,blof
295915,r006E
295930,r007
295996,r007E
296011,r008
296079,r008E
296094,r009
296157,r009E
296172,q000
296223,q000E
296238,ovl1
296255,q001
296280,q001E
296295,ovl1
296312,q002
296337,q002E
296352,ovl1
296369,q003
296394,q003E
296409,ovl1
296426,q004
296467,q004E
296482,ovl1
296499,q005
296532,q005E
296547,q006
296572,q006E
296587,q007
296612,q007E
296627,q008
296678,q008E
296693,q009
296738,q009E
296753,p000
296798,p000E
296813,p001
296881,p001E
296896,p002
296968,p001E
296983,p002
297019,fdo2
297039,p002++0
297092,fdi2
297116,fdo1
297133,fdo18
297215,s000
297235,fdi1
297283,s000E
297298,s001
297336,s001E
297351,s002
297428,s002E
297443,s003
297495,s003E
297510,s004
297552,fdo1
297569,fdo1R
297584,s004kidl0
297938,tla0H
297966,s101
297986,fdi1
298003,fdi1
298021,s101E
298036,s005
298042,kidl0
298078,tla1R
298093,s005E
298108,s007
298125,tlk0+
298163,tlk0+
298186,s007E
298201,s008
298226,tlk1R
298241,s008E
298256,s009
298273,tlk0+
298311,tla0+
298334,tla1R
298349,s009E
298364,s102
298401,s102E
298416,s010
298433,tlk0+
298456,ten0R
298471,s010E
298486,s011
298503,tla0+
298534,tla1R
298549,s011E
298564,s012
298581,dis0+
298604,s012E
298619,s013
298654,s013E
298669,s014
298686,tlk0+
298709,tlk1+
298732,tlk0+
298755,ten0R
298770,s014E
298785,s015
298823,tlk0+
298846,s015E
298861,s016
298872,kidl0
298944,s016E
298959,s067
298988,dis0+
299011,s067E
299026,s119
299051,s119E
299066,s017
299095,tlk0+
299126,s017E
299141,s018
299174,tlk1R
299189,s018E
299204,s019
299221,tla0+
299244,tla1y
299277,s019E
299292,s020
299330,s020E
299345,s021
299362,thk1+
299385,s021E
299400,s103
299425,s103E
299440,s022
299473,s022E
299488,s023
299513,s023E
299528,s024
299545,tla0+
299576,tla1R
299591,s024E
299606,s120
299623,thk2+
299644,thk2R
299659,s120E
299674,s069
299711,s069E
299726,s025
299770,ara0+
299796,ara1R
299811,s025E
299826,s026
299843,thk1
299884,s026E
299899,s121
299941,s121E
299956,s122
299987,s122E
300002,s123
300040,s123
300058,s104
300100,s104
300130,s028
300136,Mkidl0
300195,s028E
300210,s127
300230,s127E
300245,s068
300270,s068E
300285,s030
300359,s030E
300374,s029
300391,tlk0+
300414,fdo1
300431,fdo1
300449,s029kidl0
300823,stb0
300859,stat
300921,men0
300942,str0
301004,gold
301021,s031
301041,fdi1
301058,fdi1
301076,s031E
301091,s032
301111,s032E
301126,s033
301146,fdo1
301163,fdo1R
301178,s033
301193,kill
301210,s034
301230,fdi1
301247,fdi1U
301262,s034
301280,s035
301297,men1E
301312,men1
301332,golaE
301347,gola
301362,golaR
301377,s035E
301392,s036
301398,kidl0
301431,stb1+
301459,s036E
301474,s037
301509,gol0E
301524,gol0
301544,sm00
301561,sa00
301578,hika
301598,s037E
301613,s064
301643,s064E
301658,s128
301678,s128E
301693,s065
301713,sm01
301730,sa01
301750,s065E
301765,s038
301797,gol1U
301812,s038
301830,s041
301850,kaza
301870,s041E
301885,s066
301902,sm02
301919,sa02
301939,s066E
301954,s039
301982,s039E
301997,s132
302022,s132
302040,lkr0E
302055,s040
302070,lkr0R
302085,s040E
302100,s105
302125,s105E
302140,s042
302157,lkr1+
302188,s042E
302203,s043
302245,s043E
302260,s044
302310,s044E
302325,s045
302368,s045E
302383,s046
302409,stb0+
302432,s046E
302447,s047
302478,s047E
302493,s049
302510,klls
302527,golk
302547,s049E
302562,s048
302579,stb1
302597,s048E
302612,s117
302629,okur
302646,sm03
302663,sa03
302683,sg00
302703,s117E
302718,s125
302735,awas
302755,sp00
302775,s125E
302790,s050
302810,s050E
302825,s126
302842,owar
302859,sm04
302876,sa04
302896,sg01
302916,s126E
302931,s051
302948,shin
302965,sp10
302985,s051E
303000,s052
303017,sp20
303068,who1
303085,who1R
303100,s052
303115,klla
303208,s000
303225,ares
303242,s053
303262,whi1
303279,whi1U
303294,s053
303312,s118
303332,s118E
303347,s106
303367,s106E
303382,s107
303407,s107E
303422,s054
303439,wow1
303465,s054E
303480,s055
303505,s055E
303520,arek
303537,s129
303554,gol2
303569,s001
303586,gol2
303601,s001
303618,fruu
303638,s129E
303653,s056
303670,frus
303690,s056E
303705,s057
303722,s057E
303737,s124
303754,otir
303771,s124
303823,s058
303840,slos
303857,gol3
303872,s002
303929,sloe
303946,s058E
303961,s059
303993,shk1
304011,foot
304031,s059E
304046,s060
304063,gron
304080,shk1
304103,shk1R
304118,s060E
304133,s130
304153,s130E
304168,s109
304193,s109
304211,s061
304236,s061
304254,s062
304286,shk2E
304301,shk2
304332,s062E
304347,s063
304364,iyaa
304397,fdo2
304414,fdo2R
304429,s063N
304612,thk0H
304640,s108
304660,fdi1
304712,s108E
304727,s070
304744,thk1+
304767,s070E
304782,s071
304836,s071E
304851,s072
304868,dis0+
304891,s072E
304906,s073
304923,tla0+
304946,tla1+
304984,s073E
304999,s074
305016,ohh0+
305059,s074E
305074,s100
305119,s100E
305134,s075
305181,s075E
305196,s076
305212,kidl0
305270,s076E
305285,s077
305302,tlk0+
305325,tlk1R
305340,s077E
305355,s078
305389,s078E
305404,s079
305433,tlk0+
305456,s079E
305471,s027
305477,kidl0
305505,s027E
305520,s080
305565,s080E
305580,s081
305609,tlk0+
305640,s081E
305655,s110
305680,s110E
305695,s082
305712,tlk1+
305735,ohh0R
305750,s082E
305765,s083
305790,s083E
305805,s084
305822,ohh1+
305865,s084E
305880,s085
305907,tlk0+
305930,tlk1R
305945,s085E
305960,s086
306004,s086E
306019,s087
306045,tlk0+
306068,tlk1f
306083,tlk0+
306106,ten0R
306121,s087E
306136,s088
306161,s088E
306176,s089
306225,s089E
306240,s090
306257,tlb2+
306280,s090E
306295,s091
306321,tlk0+
306344,tlk1J
306388,s091E
306403,s092
306459,s092
306482,s116
306510,s116
306538,s112
306566,s112
306594,s116
306614,s111
306662,s111R
306677,s112R
306692,s116E
306707,s006
306734,tla0
306776,tla1fz
306791,tlk0+
306814,tlk1R
306829,s006E
306844,s096
306879,s096
306920,s111R
306935,s112R
306950,s116E
306965,s097
306992,tla0
307034,tla1n
307069,s097E
307084,s098
307139,s098E
307154,s096
307189,s096
307280,s094
307305,s094E
307320,s113
307340,s113E
307355,s114
307375,s114E
307390,s115
307410,s115E
307425,s099
307450,har0
307468,s099E
307483,s093
307508,fdo1
307525,fdo1R
307571,fdi2
307598,U'W'X'
311735,sjhm
311763,sjhm
311791,sjel
311819,sjel
311847,sjtr
311875,sjtr
311903,sjmt
311931,sjgl
311989,sshm
312017,sshm
312045,ssel
312073,ssel
312101,sstr
312129,sstr
312157,ssmt
312185,ssgl
312243,sbhm
312271,sbhm
312299,sbel
312327,sbel
312355,sbtr
312383,sbtr
312411,sbmt
312439,sbgl
312497,swhm
312525,swhm
312553,swel
312581,swel
312609,swtr
312637,swtr
312665,swmt
312693,swgl
312751,athm
312779,athf
312807,atem
312835,atef
312863,attr
312891,attr
312919,atmt
312947,atgl
313220,sjhm
313246,sjhm
313272,sjel
313298,sjel
313324,sjtr
313350,sjtr
313376,sjmt
313402,sjgl
313439,sshm
313465,sshm
313491,ssel
313517,ssel
313543,sstr
313569,sstr
313595,ssmt
313621,ssgl
313658,sbhm
313684,sbhm
313710,sbel
313736,sbel
313762,sbtr
313788,sbtr
313814,sbmt
313840,sbgl
313877,swhm
313903,swhm
313929,swel
313955,swel
313981,swtr
314007,swtr
314033,swmt
314059,swgl
314096,athm
314122,athf
314148,atem
314174,atef
314200,attr
314226,attr
314252,atmt
314278,atgl
314321,srjm
314349,srjm
314377,srjm
314405,srjm
314433,srjs
314461,srjs
314489,srjm
314517,srjl
314556,srsm
314584,srsm
314612,srsm
314640,srsm
314668,srss
314696,srss
314724,srsm
314752,srsl
314791,srbm
314819,srbm
314847,srbm
314875,srbm
314903,srbs
314931,srbs
314959,srbm
314987,srbl
315026,srwm
315054,srwm
315082,srwm
315110,srwm
315138,srws
315166,srws
315194,srwm
315222,srwl
315261,athm
315289,athf
315317,atem
315345,atef
315373,attr
315401,attr
315429,atmt
315457,atgl
315863,fdi2
316154,twa0
316180,tlk0
316206,twa0
316232,tlk0
316258,tlk0
316284,tlk0
316310,tlk0
316336,twa0
318500,twa1
318526,tlk1
318552,twa1
318578,tlk1
318604,tlk1
318630,tlk1
318656,tlk1
318682,twa1
318750,twa0
318776,tlk0
318802,twa0
318828,tlk0
318854,tlk0
318880,tlk0
318906,tlk0
318932,twa0
322704,twa1
322730,tlk1
322756,twa1
322782,tlk1
322808,tlk1
322821,I-fI
322834,tlk1
322847,c-fJ
322860,tlk1
322886,twa1
323598,twa0
323624,tlk0
323637,y0fG
323650,twa0
323676,tlk0
323702,tlk0
323728,tlk0
323754,tlk0
323780,twa0
324130,twa1
324156,tlk1
324182,twa1
324208,tlk1
324234,tlk1
324260,tlk1
324286,tlk1
324312,twa1
329153,fdo0
329170,fdo0
329186,fdo1
329203,fdo1
329219,fdo2
329236,fdo2
329252,fdi0
329270,fdi1
329288,fdi2
329810,sjhm
329838,sjhm
329866,sjel
329894,sjel
329922,sjtr
329950,sjtr
329978,sjmt
330006,sjgl
330064,sshm
330092,sshm
330120,ssel
330148,ssel
330176,sstr
330204,sstr
330232,ssmt
330260,ssgl
330318,sbhm
330346,sbhm
330374,sbel
330402,sbel
330430,sbtr
330458,sbtr
330486,sbmt
330514,sbgl
330572,swhm
330600,swhm
330628,swel
330656,swel
330684,swtr
330712,swtr
330740,swmt
330768,swgl
330826,athm
330854,athf
330882,atem
330910,atef
330938,attr
330966,attr
330994,atmt
331022,atgl
331295,sjhm
331321,sjhm
331347,sjel
331373,sjel
331399,sjtr
331425,sjtr
331451,sjmt
331477,sjgl
331514,sshm
331540,sshm
331566,ssel
331592,ssel
331618,sstr
331644,sstr
331670,ssmt
331696,ssgl
331733,sbhm
331759,sbhm
331785,sbel
331811,sbel
331837,sbtr
331863,sbtr
331889,sbmt
331915,sbgl
331952,swhm
331978,swhm
332004,swel
332030,swel
332056,swtr
332082,swtr
332108,swmt
332134,swgl
332171,athm
332197,athf
332223,atem
332249,atef
332275,attr
332301,attr
332327,atmt
332353,atgl
332609,fdi2
333098,sjhm
333126,sjhm
333154,sjel
333182,sjel
333210,sjtr
333238,sjtr
333266,sjmt
333294,sjgl
333352,sshm
333380,sshm
333408,ssel
333436,ssel
333464,sstr
333492,sstr
333520,ssmt
333548,ssgl
333606,sbhm
333634,sbhm
333662,sbel
333690,sbel
333718,sbtr
333746,sbtr
333774,sbmt
333802,sbgl
333860,swhm
333888,swhm
333916,swel
333944,swel
333972,swtr
334000,swtr
334028,swmt
334056,swgl
334114,athm
334142,athf
334170,atem
334198,atef
334226,attr
334254,attr
334282,atmt
334310,atgl
334583,sjhm
334609,sjhm
334635,sjel
334661,sjel
334687,sjtr
334713,sjtr
334739,sjmt
334765,sjgl
334802,sshm
334828,sshm
334854,ssel
334880,ssel
334906,sstr
334932,sstr
334958,ssmt
334984,ssgl
335021,sbhm
335047,sbhm
335073,sbel
335099,sbel
335125,sbtr
335151,sbtr
335177,sbmt
335203,sbgl
335240,swhm
335266,swhm
335292,swel
335318,swel
335344,swtr
335370,swtr
335396,swmt
335422,swgl
335459,athm
335485,athf
335511,atem
335537,atef
335563,attr
335589,attr
335615,atmt
335641,atgl
335898,fdo2
335915,fdo2
335945,fdi2
335962,fdi2
336219,fdi2
336263,Feliz
336294,Ferdinand
336325,Gunnar
336356,Massimo
336387,Oldrich
336418,Siegward
336449,Theobald
336480,Zenji
336522,Amerita
336553,Beatrice
336584,Henrietta
336615,Jesimae
336646,Karyn
336677,Nanako
336708,Sharlene
336739,Sieghilde
336781,Chanandit
336812,Deulmaeux
336843,Demresinaux
336874,Ephealgaux
336905,Gauldeval
336936,Grauffemart
336967,Migaifongut
336998,Romidiant
337040,Armittie
337071,Cadepure
337102,Clearite
337133,Epilleve
337164,Liabelle
337195,Nauthima
337226,Radille
337257,Vimechue
337299,Balu-Falu
337330,Burg-Ladarg
337361,Ehgo-Ryuhgo
337392,Kolui-Pelui
337423,Nokum-Akkum
337454,Savul-Kivul
337485,Vinja-Kanja
337516,Yarga-Umiga
337558,Cupapa
337589,Jajuju
337620,Kalokoko
337651,Mahoyaya
337682,Pakurara
337713,Ripokeke
337744,Yawawa
337775,Yufafa
337817,Fhig
337848,Khuma
337879,Pimy
337910,Raka
337941,Sahyu
337972,Sufhi
338003,Tsuim
338034,Yoli
338076,Durib
338107,Dzapiwa
338138,Jugowa
338169,Mugido
338200,Voldai
338231,Wagwei
338262,Zayag
338293,Zoldof
338359,Feliz
338390,Ferdinand
338421,Gunnar
338452,Massimo
338483,Oldrich
338514,Siegward
338545,Theobald
338576,Zenji
338618,Amerita
338649,Beatrice
338680,Henrietta
338711,Jesimae
338742,Karyn
338773,Nanako
338804,Sharlene
338835,Sieghilde
338877,Chanandit
338908,Deulmaeux
338939,Demresinaux
338970,Ephealgaux
339001,Gauldeval
339032,Grauffemart
339063,Migaifongut
339094,Romidiant
339136,Armittie
339167,Cadepure
339198,Clearite
339229,Epilleve
339260,Liabelle
339291,Nauthima
339322,Radille
339353,Vimechue
339395,Balu-Falu
339426,Burg-Ladarg
339457,Ehgo-Ryuhgo
339488,Kolui-Pelui
339519,Nokum-Akkum
339550,Savul-Kivul
339581,Vinja-Kanja
339612,Yarga-Umiga
339654,Cupapa
339685,Jajuju
339716,Kalokoko
339747,Mahoyaya
339778,Pakurara
339809,Ripokeke
339840,Yawawa
339871,Yufafa
339913,Fhig
339944,Khuma
339975,Pimy
340006,Raka
340037,Sahyu
340068,Sufhi
340099,Tsuim
340130,Yoli
340172,Durib
340203,Dzapiwa
340234,Jugowa
340265,Mugido
340296,Voldai
340327,Wagwei
340358,Zayag
340389,Zoldof
354868,W'X'
356199,Feliz
356230,Ferdinand
356261,Gunnar
356292,Massimo
356323,Oldrich
356354,Siegward
356385,Theobald
356416,Zenji
356458,Amerita
356489,Beatrice
356520,Henrietta
356551,Jesimae
356582,Karyn
356613,Nanako
356644,Sharlene
356675,Sieghilde
356717,Chanandit
356748,Deulmaeux
356779,Demresinaux
356810,Ephealgaux
356841,Gauldeval
356872,Grauffemart
356903,Migaifongut
356934,Romidiant
356976,Armittie
357007,Cadepure
357038,Clearite
357069,Epilleve
357100,Liabelle
357131,Nauthima
357162,Radille
357193,Vimechue
357235,Balu-Falu
357266,Burg-Ladarg
357297,Ehgo-Ryuhgo
357328,Kolui-Pelui
357359,Nokum-Akkum
357390,Savul-Kivul
357421,Vinja-Kanja
357452,Yarga-Umiga
357494,Cupapa
357525,Jajuju
357556,Kalokoko
357587,Mahoyaya
357618,Pakurara
357649,Ripokeke
357680,Yawawa
357711,Yufafa
357753,Fhig
357784,Khuma
357815,Pimy
357846,Raka
357877,Sahyu
357908,Sufhi
357939,Tsuim
357970,Yoli
358012,Durib
358043,Dzapiwa
358074,Jugowa
358105,Mugido
358136,Voldai
358167,Wagwei
358198,Zayag
358229,Zoldof
358295,Feliz
358326,Ferdinand
358357,Gunnar
358388,Massimo
358419,Oldrich
358450,Siegward
358481,Theobald
358512,Zenji
358554,Amerita
358585,Beatrice
358616,Henrietta
358647,Jesimae
358678,Karyn
358709,Nanako
358740,Sharlene
358771,Sieghilde
358813,Chanandit
358844,Deulmaeux
358875,Demresinaux
358906,Ephealgaux
358937,Gauldeval
358968,Grauffemart
358999,Migaifongut
359030,Romidiant
359072,Armittie
359103,Cadepure
359134,Clearite
359165,Epilleve
359196,Liabelle
359227,Nauthima
359258,Radille
359289,Vimechue
359331,Balu-Falu
359362,Burg-Ladarg
359393,Ehgo-Ryuhgo
359424,Kolui-Pelui
359455,Nokum-Akkum
359486,Savul-Kivul
359517,Vinja-Kanja
359548,Yarga-Umiga
359590,Cupapa
359621,Jajuju
359652,Kalokoko
359683,Mahoyaya
359714,Pakurara
359745,Ripokeke
359776,Yawawa
359807,Yufafa
359849,Fhig
359880,Khuma
359911,Pimy
359942,Raka
359973,Sahyu
360004,Sufhi
360035,Tsuim
360066,Yoli
360108,Durib
360139,Dzapiwa
360170,Jugowa
360201,Mugido
360232,Voldai
360263,Wagwei
360294,Zayag
360325,Zoldof
376193,tlk0
376212,tlk1S
376225,tlk1
376241,thk0
376260,thk1S
376273,thk1
376289,pui0
376308,pui1S
376321,pui1
376344,n'q'
376448,q'r'
376546,tla0
376562,tla1S
376575,tla1
376591,tlb0
376607,tlb1S
376620,tlb1
376636,thk1
376652,thk2S
376665,thk2
376698,n'q'r'
376958,tlk0S
376971,tlk0
376987,tlk1S
377000,tlk1
377016,thk1S
377029,thk1
377045,thk2S
377058,thk2
377074,ohh0
377098,ohh0
377114,shk0S
377127,shk0
377143,dis0S
377156,dis0
377172,iro0S
377185,iro0
377201,ehn0S
377214,ehn0
377734,Melody_Minstrel
377766,Pursuivant
377811,Melody_Minstrel
377843,Weather_Report
377892,ArmorDepository
377924,Traveling_Bard
377956,Reputation
377988,Melody_Minstrel
378020,Weather_Report
378069,Melody_Minstrel
378101,ItemDepository
378133,Weather_Report
378668,q'r'
379627,s000
379774,z'x'y'e
381228,thk1
381265,fdo1
381282,fdo1F
381334,fp03
381351,fdi1
381387,tlk0
381406,tlk1S
381419,tlk1E
381434,fp04
381454,thk1
381592,thk1
381610,thk2
381628,fp03
381643,thk2
381678,fp05
381719,fdo1
381736,fdo1
381772,fp06
381789,fdi1
381806,tlk0
381829,tlk1
381846,tlk1f
381861,thk1
381880,thk2
381902,fp06E#
381917,fp07
381970,fp07E#
381985,fp09
382002,tlk0
382025,tlk1R#
382040,fp09E#
382055,fp08
382074,tlk1n
382230,tlk0
382249,fp08E#
382264,fp07
382281,tlk1
382419,tlk1f
382434,thk1
382578,thk2S
382591,thk2n
382626,fdo1
382643,fdo1F
382660,qstc
382689,fdi1
383259,thk1
383278,thk2
385596,Feliz
385627,Ferdinand
385658,Gunnar
385689,Massimo
385720,Oldrich
385751,Siegward
385782,Theobald
385813,Zenji
385855,Amerita
385886,Beatrice
385917,Henrietta
385948,Jesimae
385979,Karyn
386010,Nanako
386041,Sharlene
386072,Sieghilde
386114,Chanandit
386145,Deulmaeux
386176,Demresinaux
386207,Ephealgaux
386238,Gauldeval
386269,Grauffemart
386300,Migaifongut
386331,Romidiant
386373,Armittie
386404,Cadepure
386435,Clearite
386466,Epilleve
386497,Liabelle
386528,Nauthima
386559,Radille
386590,Vimechue
386632,Balu-Falu
386663,Burg-Ladarg
386694,Ehgo-Ryuhgo
386725,Kolui-Pelui
386756,Nokum-Akkum
386787,Savul-Kivul
386818,Vinja-Kanja
386849,Yarga-Umiga
386891,Cupapa
386922,Jajuju
386953,Kalokoko
386984,Mahoyaya
387015,Pakurara
387046,Ripokeke
387077,Yawawa
387108,Yufafa
387150,Fhig
387181,Khuma
387212,Pimy
387243,Raka
387274,Sahyu
387305,Sufhi
387336,Tsuim
387367,Yoli
387409,Durib
387440,Dzapiwa
387471,Jugowa
387502,Mugido
387533,Voldai
387564,Wagwei
387595,Zayag
387626,Zoldof
387692,Feliz
387723,Ferdinand
387754,Gunnar
387785,Massimo
387816,Oldrich
387847,Siegward
387878,Theobald
387909,Zenji
387951,Amerita
387982,Beatrice
388013,Henrietta
388044,Jesimae
388075,Karyn
388106,Nanako
388137,Sharlene
388168,Sieghilde
388210,Chanandit
388241,Deulmaeux
388272,Demresinaux
388303,Ephealgaux
388334,Gauldeval
388365,Grauffemart
388396,Migaifongut
388427,Romidiant
388469,Armittie
388500,Cadepure
388531,Clearite
388562,Epilleve
388593,Liabelle
388624,Nauthima
388655,Radille
388686,Vimechue
388728,Balu-Falu
388759,Burg-Ladarg
388790,Ehgo-Ryuhgo
388821,Kolui-Pelui
388852,Nokum-Akkum
388883,Savul-Kivul
388914,Vinja-Kanja
388945,Yarga-Umiga
388987,Cupapa
389018,Jajuju
389049,Kalokoko
389080,Mahoyaya
389111,Pakurara
389142,Ripokeke
389173,Yawawa
389204,Yufafa
389246,Fhig
389277,Khuma
389308,Pimy
389339,Raka
389370,Sahyu
389401,Sufhi
389432,Tsuim
389463,Yoli
389505,Durib
389536,Dzapiwa
389567,Jugowa
389598,Mugido
389629,Voldai
389660,Wagwei
389691,Zayag
389722,Zoldof
410342,Degenhard
410780,kesu
410854,pas0S
410867,pas0
410891,sha0S
410904,sha0
410928,sha1S
410941,sha1
411689,Chamama
411729,sha0S
411742,sha0
411766,sha1S
411779,sha1
412135,pop0
412181,deadS
412194,deadl
412732,fdi0
412749,fdi0
412765,fdo0
412782,fdo0
412798,fdi1
412815,fdi1
412831,fdo1
412848,fdo1
412864,whi1
412881,whi1
412897,who1
412914,who1
412930,who2
412947,who2
412963,who3
412980,who3
412996,main
413016,fdo1
413033,fdo1
413049,fdi1
413066,main
413086,fdi1
413102,blon
413119,blon
413137,whi0
413154,whi0
413170,who0
413187,who0
413203,efon
413220,efon
413236,fdis
413254,fdos
413271,fdos
413287,fdif
413305,fdof
413322,fdof
413338,fdip
413356,fdop
413373,fdop
413390,fdo1
413407,fdo1F
413557,q101
413592,q101E
413607,q102
413642,q102E
413657,q103
413682,fdo2
413699,fdo2R
413714,q103f
413729,thk1J
413761,q104
413778,fdi2
413795,fdi2+
413818,thk2+
413841,q104E
413856,q105
413888,fdo2
413905,fdo2R
413920,q105z
413999,q106
414016,fdi2
414033,fdi2'
414068,q106E
414083,q109
414106,tlk0+
414144,q109E
414159,qhm1
414187,q109E
414202,qhm1
414230,q109E
414245,qem1
414273,q109E
414288,qem1
414316,q109E
414331,qtr1
414359,q109E
414374,qtr1
414402,q109E
414417,qhm1
414445,q109E
414460,qem1
414492,ten0
414510,qhm1R
414525,qem1R
414540,qtr1E
414555,q107
414580,q107E
414595,q110
414612,tlk0+
414658,q110E
414673,qhm2
414701,q110E
414716,qhm2
414744,q110E
414759,qem2
414787,q110E
414802,qem2
414830,q110E
414845,qtr2
414873,q110E
414888,qtr2
414916,q110E
414931,qhm2
414959,q110E
414974,qem2
414994,ten0n
415045,qhm2R
415060,qem2R
415075,qtr2
415117,fdi2
415137,fdo1
415154,fdo1F
415319,q151
415342,q151E
415357,q152
415374,tlk0+
415405,q152E
415420,q153
415437,ten0+
415475,q153E
415490,q154
415530,q154x
415563,fdi2
415931,pas0
415962,pas0
416324,res0
416367,res2
421126,qstc
424749,hap0
424777,hap1
424803,hap0
424831,hap1
426352,hap0
426380,hap1
426528,hap0
426556,hap1
426643,hap0
426671,hap1
427009,job0
427061,job1
427231,qstc
427466,job0
427518,job1
427699,lvup
427744,fdi0
427761,fdi0
427777,fdo0
427794,fdo0
427810,fdi1
427827,fdi1
427843,fdo1
427860,fdo1
427876,whi1
427893,whi1
427909,who1
427926,who1
427942,who2
427959,who2
427975,who3
427992,who3
428008,main
428028,fdo1
428045,fdo1
428061,fdi1
428078,main
428098,fdi1
428114,blon
428131,blon
428149,whi0
428166,whi0
428182,who0
428199,who0
428215,efon
428232,efon
428248,fdis
428266,fdos
428283,fdos
428299,fdif
428317,fdof
428334,fdof
428350,fdip
428368,fdop
428385,fdop
428546,et00
428729,et00
428752,etll
428780,etss
428808,etss
428836,etll
428856,etmm
429108,etssR
429123,etmmR
429138,etllE
429153,et01
429178,et01E
429193,et02
429210,pas0
429257,et02E
429300,fdi2
429459,et00
429642,et00
429665,etll
429693,etss
429721,etss
429749,etll
429769,etmm
430021,etssR
430036,etmmR
430051,etllE
430066,et01
430091,et01E
430106,et02
430123,pas0
430170,et02E
430213,fdi2
430376,rt00
430429,rt00E
430444,rt01
430484,rt01E
430499,rt02
430516,pas0
430548,rt02E
430596,fdi2
430755,rt00
430808,rt00E
430823,rt01
430863,rt01E
430878,rt02
430895,pas0
430927,rt02E
430975,fdi2
431014,Feliz
431045,Ferdinand
431076,Gunnar
431107,Massimo
431138,Oldrich
431169,Siegward
431200,Theobald
431231,Zenji
431273,Amerita
431304,Beatrice
431335,Henrietta
431366,Jesimae
431397,Karyn
431428,Nanako
431459,Sharlene
431490,Sieghilde
431532,Chanandit
431563,Deulmaeux
431594,Demresinaux
431625,Ephealgaux
431656,Gauldeval
431687,Grauffemart
431718,Migaifongut
431749,Romidiant
431791,Armittie
431822,Cadepure
431853,Clearite
431884,Epilleve
431915,Liabelle
431946,Nauthima
431977,Radille
432008,Vimechue
432050,Balu-Falu
432081,Burg-Ladarg
432112,Ehgo-Ryuhgo
432143,Kolui-Pelui
432174,Nokum-Akkum
432205,Savul-Kivul
432236,Vinja-Kanja
432267,Yarga-Umiga
432309,Cupapa
432340,Jajuju
432371,Kalokoko
432402,Mahoyaya
432433,Pakurara
432464,Ripokeke
432495,Yawawa
432526,Yufafa
432568,Fhig
432599,Khuma
432630,Pimy
432661,Raka
432692,Sahyu
432723,Sufhi
432754,Tsuim
432785,Yoli
432827,Durib
432858,Dzapiwa
432889,Jugowa
432920,Mugido
432951,Voldai
432982,Wagwei
433013,Zayag
433044,Zoldof
433110,Feliz
433141,Ferdinand
433172,Gunnar
433203,Massimo
433234,Oldrich
433265,Siegward
433296,Theobald
433327,Zenji
433369,Amerita
433400,Beatrice
433431,Henrietta
433462,Jesimae
433493,Karyn
433524,Nanako
433555,Sharlene
433586,Sieghilde
433628,Chanandit
433659,Deulmaeux
433690,Demresinaux
433721,Ephealgaux
433752,Gauldeval
433783,Grauffemart
433814,Migaifongut
433845,Romidiant
433887,Armittie
433918,Cadepure
433949,Clearite
433980,Epilleve
434011,Liabelle
434042,Nauthima
434073,Radille
434104,Vimechue
434146,Balu-Falu
434177,Burg-Ladarg
434208,Ehgo-Ryuhgo
434239,Kolui-Pelui
434270,Nokum-Akkum
434301,Savul-Kivul
434332,Vinja-Kanja
434363,Yarga-Umiga
434405,Cupapa
434436,Jajuju
434467,Kalokoko
434498,Mahoyaya
434529,Pakurara
434560,Ripokeke
434591,Yawawa
434622,Yufafa
434664,Fhig
434695,Khuma
434726,Pimy
434757,Raka
434788,Sahyu
434819,Sufhi
434850,Tsuim
434881,Yoli
434923,Durib
434954,Dzapiwa
434985,Jugowa
435016,Mugido
435047,Voldai
435078,Wagwei
435109,Zayag
435140,Zoldof
449693,vib0
449716,vib1
451302,open
451633,clos
458433,hap0
458461,hap1
458487,hap0
458515,hap1
460084,hap0
460112,hap1
460260,hap0
460288,hap1
460375,hap0
460403,hap1
460741,job0
460793,job1
461051,qstc
461099,fdi0
461116,fdi0
461132,fdo0
461149,fdo0
461165,fdi1
461182,fdi1
461198,fdo1
461215,fdo1
461231,whi1
461248,whi1
461264,who1
461281,who1
461297,who2
461314,who2
461330,who3
461347,who3
461363,main
461383,fdo1
461400,fdo1
461416,fdi1
461433,main
461453,fdi1
461469,blon
461486,blon
461504,whi0
461521,whi0
461537,who0
461554,who0
461570,efon
461587,efon
461603,fdis
461621,fdos
461638,fdos
461654,fdif
461672,fdof
461689,fdof
461705,fdip
461723,fdop
461740,fdop
465197,qstc
468254,hap0
468282,hap1
468324,hap0
468352,hap1
469894,hap0
469922,hap1
470086,hap0
470114,hap1
470201,hap0
470229,hap1
470620,job0
470672,job1
470867,qstc
470915,s006
470932,tlk0
470946,tlk0
470962,std0
470976,std0
470992,s008
471009,gak0
471023,gak0
471039,gak1
471053,gak1
471069,s009
471086,kru0
471100,kru0
471116,std0
471130,std0
471146,s005
471163,hap0
471177,hap0
471193,std0
471207,std0
471223,bru0
471237,bru0
471253,std0
471267,std0
471283,oji0
471297,oji0
471313,lup0
471327,lup0
471343,lup1
471357,lup1
471373,yes1
471387,yes1
471403,kyo0
471417,kyo0
471433,s008
471450,ksu0
471464,ksu0
471480,s008
471497,ang0
471511,ang0
471527,pnt0
471541,pnt0
471557,thb0
471571,thb0
471587,thb1
471601,thb1
471617,wav0
471631,wav0
471647,pas0
471661,pas0
471677,pnc0
471691,pnc0
471709,dam0
471724,s000
471740,dam0
471756,s000
471772,nag0
471788,s001
471804,nag1
471820,kill
471836,nag2
471852,bru1S
471865,bru1
471879,dan0S
471905,dan0S
471931,dan1S
471957,dan0S
471983,dan0S
472009,dan2S
472035,dan3S
472048,dan3
472062,dan3S
472088,dae3
472102,dae3
472118,nstdS
472131,nstd
472147,tit0
472161,tit0
472177,tit1
472206,nstdS
472219,nstd
472235,cme0
472249,cme0
472265,ueo0
472279,ueo0
472295,ueo1
472309,ueo1
472380,fdi0
472397,fdi0
472413,fdo0
472430,fdo0
472446,fdi1
472463,fdi1
472479,fdo1
472496,fdo1
472512,whi1
472529,whi1
472545,who1
472562,who1
472578,who2
472595,who2
472611,who3
472628,who3
472644,main
472664,fdo1
472681,fdo1
472697,fdi1
472714,main
472734,fdi1
472750,blon
472767,blon
472785,whi0
472802,whi0
472818,who0
472835,who0
472851,efon
472868,efon
472884,fdis
472902,fdos
472919,fdos
472935,fdif
472953,fdof
472970,fdof
472986,fdip
473004,fdop
473021,fdop
473159,tlk0
473215,tlk0
473234,tlk1
473264,bik0
473295,tlk0
473318,tlk1
473473,tlk0
473492,tlk1
473591,tlk0
473610,tlk1
473671,tlk0
473698,tlk1
475664,fdi0
475681,fdi0
475697,fdo0
475714,fdo0
475730,fdi1
475747,fdi1
475763,fdo1
475780,fdo1
475796,whi1
475813,whi1
475829,who1
475846,who1
475862,who2
475879,who2
475895,who3
475912,who3
475928,main
475948,fdo1
475965,fdo1
475981,fdi1
475998,main
476018,fdi1
476034,blon
476051,blon
476069,whi0
476086,whi0
476102,who0
476119,who0
476135,efon
476152,efon
476168,fdis
476186,fdos
476203,fdos
476219,fdif
476237,fdof
476254,fdof
476270,fdip
476288,fdop
476305,fdop
476449,s032
476884,s032
477345,s032
477452,s032
477511,s032
477575,s032
477639,s032
477703,s032
477779,s032
479489,clp0
479505,clp0
479641,se00
479769,se00
479897,se00
480025,se00
480153,se00
480281,se00
480409,se00
480537,se00
480914,clp0
480956,clp0
481091,clp0
481437,clp0
481463,clp0
481479,clp0
481495,clp0
481511,clp0
481527,clp0
481764,clp0
481790,clp0
481806,clp0
481822,clp0
481838,clp0
481854,clp0
482050,s038
482068,clp0
482260,se01
482336,clp0
482372,se00
482448,clp0
482484,se00
482560,clp0
482596,se00
482645,s038
482663,clp0
482855,se01
482984,clp0
483020,se00
483159,clp0
483195,se00
483271,clp0
483307,se00
483364,s038
483435,clp0
483685,se01
483700,clp0
483797,se00
483812,clp0
483909,se00
483924,clp0
484021,se00
484036,clp0
484133,se00
486353,s038
486371,clp0
486447,se01
486462,clp0
486559,se00
486586,s021
486954,s031
487082,s032
493634,GFHd
493666,dFHd
493826,s032
493943,l000
493967,sp60
494006,se03
494260,s037
494333,s037
494364,s037
494432,s038
494936,fdi2
498138,se01
499645,se00
499956,s021
500020,main
500037,main
500070,s022
500107,eio0
500131,job0
500155,l001
500207,sp40
500286,l00b
500340,rstd
500358,rwr0
500382,sp00
500408,hi07
500460,fan5
500492,s001
500760,sj00
500778,sj00
503868,pnt0
503886,se02
503902,new0
503920,se02
503938,new1
503952,m001
503968,m003
503984,aya0
504040,hi09
504280,onmy
504300,ofmy
504397,onmy
504417,ofmy
508497,hap0
508584,hap1
508695,gak1
508740,exp1
508800,job1
508861,dan2
509046,dan2
509169,gak1
509230,new1
509286,dan2
509519,hap1
509643,tlk1
511430,tlk0+
511453,std0R
512497,thb0
512563,thb1
512682,s000
512745,hap0+
512768,std0+
513155,srd0R
513217,pas0
513292,fdi2
513451,et00
513634,et00
513657,etll
513685,etss
513713,etss
513741,etll
513761,etmm
514013,etssR
514028,etmmR
514043,etllE
514058,et01
514083,et01E
514098,et02
514115,pas0
514162,et02E
514205,fdi2
514364,et00
514547,et00
514570,etll
514598,etss
514626,etss
514654,etll
514674,etmm
514926,etssR
514941,etmmR
514956,etllE
514971,et01
514996,et01E
515011,et02
515028,pas0
515075,et02E
515118,fdi2
515277,et00
515460,et00
515483,etll
515511,etss
515539,etss
515567,etll
515587,etmm
515839,etssR
515854,etmmR
515869,etllE
515884,et01
515909,et01E
515924,et02
515941,pas0
515988,et02E
516031,fdi2
516190,rt00
516243,rt00E
516258,rt01
516298,rt01E
516313,rt02
516330,pas0
516362,rt02E
516410,fdi2
516569,rt00
516622,rt00E
516637,rt01
516677,rt01E
516692,rt02
516709,pas0
516741,rt02E
516789,fdi2
516948,rt00
517001,rt00E
517016,rt01
517056,rt01E
517071,rt02
517088,pas0
517120,rt02E
517168,fdi2
517327,rt00
517380,rt00E
517395,rt01
517435,rt01E
517450,rt02
517467,pas0
517499,rt02E
517547,fdi2
517566,fdi0
517583,fdi0
517599,fdo0
517616,fdo0
517632,fdi1
517649,fdi1
517665,fdo1
517682,fdo1
517698,whi1
517715,whi1
517731,who1
517748,who1
517764,who2
517781,who2
517797,who3
517814,who3
517830,main
517850,fdo1
517867,fdo1
517883,fdi1
517900,main
517920,fdi1
517936,blon
517953,blon
517971,whi0
517988,whi0
518004,who0
518021,who0
518037,efon
518054,efon
518070,fdis
518088,fdos
518105,fdos
518121,fdif
518139,fdof
518156,fdof
518172,fdip
518190,fdop
518207,fdop
518243,Feliz
518274,Ferdinand
518305,Gunnar
518336,Massimo
518367,Oldrich
518398,Siegward
518429,Theobald
518460,Zenji
518502,Amerita
518533,Beatrice
518564,Henrietta
518595,Jesimae
518626,Karyn
518657,Nanako
518688,Sharlene
518719,Sieghilde
518761,Chanandit
518792,Deulmaeux
518823,Demresinaux
518854,Ephealgaux
518885,Gauldeval
518916,Grauffemart
518947,Migaifongut
518978,Romidiant
519020,Armittie
519051,Cadepure
519082,Clearite
519113,Epilleve
519144,Liabelle
519175,Nauthima
519206,Radille
519237,Vimechue
519279,Balu-Falu
519310,Burg-Ladarg
519341,Ehgo-Ryuhgo
519372,Kolui-Pelui
519403,Nokum-Akkum
519434,Savul-Kivul
519465,Vinja-Kanja
519496,Yarga-Umiga
519538,Cupapa
519569,Jajuju
519600,Kalokoko
519631,Mahoyaya
519662,Pakurara
519693,Ripokeke
519724,Yawawa
519755,Yufafa
519797,Fhig
519828,Khuma
519859,Pimy
519890,Raka
519921,Sahyu
519952,Sufhi
519983,Tsuim
520014,Yoli
520056,Durib
520087,Dzapiwa
520118,Jugowa
520149,Mugido
520180,Voldai
520211,Wagwei
520242,Zayag
520273,Zoldof
520339,Feliz
520370,Ferdinand
520401,Gunnar
520432,Massimo
520463,Oldrich
520494,Siegward
520525,Theobald
520556,Zenji
520598,Amerita
520629,Beatrice
520660,Henrietta
520691,Jesimae
520722,Karyn
520753,Nanako
520784,Sharlene
520815,Sieghilde
520857,Chanandit
520888,Deulmaeux
520919,Demresinaux
520950,Ephealgaux
520981,Gauldeval
521012,Grauffemart
521043,Migaifongut
521074,Romidiant
521116,Armittie
521147,Cadepure
521178,Clearite
521209,Epilleve
521240,Liabelle
521271,Nauthima
521302,Radille
521333,Vimechue
521375,Balu-Falu
521406,Burg-Ladarg
521437,Ehgo-Ryuhgo
521468,Kolui-Pelui
521499,Nokum-Akkum
521530,Savul-Kivul
521561,Vinja-Kanja
521592,Yarga-Umiga
521634,Cupapa
521665,Jajuju
521696,Kalokoko
521727,Mahoyaya
521758,Pakurara
521789,Ripokeke
521820,Yawawa
521851,Yufafa
521893,Fhig
521924,Khuma
521955,Pimy
521986,Raka
522017,Sahyu
522048,Sufhi
522079,Tsuim
522110,Yoli
522152,Durib
522183,Dzapiwa
522214,Jugowa
522245,Mugido
522276,Voldai
522307,Wagwei
522338,Zayag
522369,Zoldof
537979,Feliz
538010,Ferdinand
538041,Gunnar
538072,Massimo
538103,Oldrich
538134,Siegward
538165,Theobald
538196,Zenji
538238,Amerita
538269,Beatrice
538300,Henrietta
538331,Jesimae
538362,Karyn
538393,Nanako
538424,Sharlene
538455,Sieghilde
538497,Chanandit
538528,Deulmaeux
538559,Demresinaux
538590,Ephealgaux
538621,Gauldeval
538652,Grauffemart
538683,Migaifongut
538714,Romidiant
538756,Armittie
538787,Cadepure
538818,Clearite
538849,Epilleve
538880,Liabelle
538911,Nauthima
538942,Radille
538973,Vimechue
539015,Balu-Falu
539046,Burg-Ladarg
539077,Ehgo-Ryuhgo
539108,Kolui-Pelui
539139,Nokum-Akkum
539170,Savul-Kivul
539201,Vinja-Kanja
539232,Yarga-Umiga
539274,Cupapa
539305,Jajuju
539336,Kalokoko
539367,Mahoyaya
539398,Pakurara
539429,Ripokeke
539460,Yawawa
539491,Yufafa
539533,Fhig
539564,Khuma
539595,Pimy
539626,Raka
539657,Sahyu
539688,Sufhi
539719,Tsuim
539750,Yoli
539792,Durib
539823,Dzapiwa
539854,Jugowa
539885,Mugido
539916,Voldai
539947,Wagwei
539978,Zayag
540009,Zoldof
540075,Feliz
540106,Ferdinand
540137,Gunnar
540168,Massimo
540199,Oldrich
540230,Siegward
540261,Theobald
540292,Zenji
540334,Amerita
540365,Beatrice
540396,Henrietta
540427,Jesimae
540458,Karyn
540489,Nanako
540520,Sharlene
540551,Sieghilde
540593,Chanandit
540624,Deulmaeux
540655,Demresinaux
540686,Ephealgaux
540717,Gauldeval
540748,Grauffemart
540779,Migaifongut
540810,Romidiant
540852,Armittie
540883,Cadepure
540914,Clearite
540945,Epilleve
540976,Liabelle
541007,Nauthima
541038,Radille
541069,Vimechue
541111,Balu-Falu
541142,Burg-Ladarg
541173,Ehgo-Ryuhgo
541204,Kolui-Pelui
541235,Nokum-Akkum
541266,Savul-Kivul
541297,Vinja-Kanja
541328,Yarga-Umiga
541370,Cupapa
541401,Jajuju
541432,Kalokoko
541463,Mahoyaya
541494,Pakurara
541525,Ripokeke
541556,Yawawa
541587,Yufafa
541629,Fhig
541660,Khuma
541691,Pimy
541722,Raka
541753,Sahyu
541784,Sufhi
541815,Tsuim
541846,Yoli
541888,Durib
541919,Dzapiwa
541950,Jugowa
541981,Mugido
542012,Voldai
542043,Wagwei
542074,Zayag
542105,Zoldof
557023,pas0
557149,twb0
557193,twb1
557240,twb1f
557278,twa1
557481,thk2
557844,tlk0
557922,tlk0
557946,tlk1
557975,tlk0
557994,tlk1
558299,tlk0
558373,tlk1
558414,in00
558477,tlk0
561992,sitl
562026,j101
562096,j101E
562111,j102
562186,j102E
562201,j103
562265,j103E
562280,j104
562359,j104E
562374,j105
562445,j105E
562460,j106
562483,j106
562506,j108
562539,j108E
562554,j107
562571,tlk0+
562602,j107E
562617,j109
562642,j109E
562657,j110
562674,tlk1
562703,tlk1
562721,j120
562754,j120E
562769,j121
562802,j121E
562817,j122
562850,j122E
562865,j123
562890,j110R
562905,j123E
562920,j130
562953,j130E
562968,j131
562993,j112
563046,j112E
563090,fdi2
563272,sitl
563313,j201
563344,j201E
563359,j202
563384,tlk0
563410,j202E
563425,j203
563450,tlk1+
563473,j203E
563488,j204
563524,j201E
563539,j210
563572,j210E
563587,j211
563612,j211E
563627,j212
563652,j204R
563667,j212E
563682,j220
563707,j220E
563722,j221
563755,j221E
563770,j222
563831,j222E
563875,fdi2
564023,sitl
564064,j301
564095,j301E
564110,j302
564127,tlk0+
564158,j302E
564173,j303
564190,tlk1
564214,tlk1'
564239,j303E
564254,j304
564293,j304E
564308,j305
564333,j305E
564348,j306
564382,j301E
564397,j310
564430,j310E
564445,j311
564478,j311E
564493,j312
564526,j312E
564541,j313
564574,j313E
564589,j314
564644,j306R
564659,j314'
564743,j320
564793,j320E
564808,j322
564832,s000
564901,j322E
564916,j323
564944,j323E
564959,j321
564992,st00
565018,j321E
565062,fdi2
565244,sitl
565285,s079
565336,s080
565384,s081
565424,s082
565441,tlk0+
565479,s083
565496,tlk1+
565519,s083
565568,s086
565616,s087
565656,s088
565696,s084
565744,s085
565783,s085El
565827,fdi2
566022,sitl
566063,s089
566091,tlk0+
566144,s090
566184,s091
566232,s092
566257,s092
566298,s106
566346,s107
566386,s108
566436,s109
566470,s105
566519,s093
566571,s094
566596,s094
566619,s095
566639,s110
566704,s096
566753,s096
566776,s097
566796,s111
566864,s111
566887,s098
566934,s099
566954,s112
567009,s100
567072,s101
567124,s102
567190,s103
567264,s104
567303,s104
567427,fdi2
567558,j105E
567573,j106
567596,j106E
567611,j120
567644,j120E
567659,j121
567692,j121E
567707,j122
567740,j122E
567755,j212
567780,j212E
567795,j220
567828,j220E
567843,j221
567876,j221E
567891,j313
567924,j313E
567939,j314
567980,j314E
568024,fdi2
568043,fdi0
568060,fdi0
568076,fdo0
568093,fdo0
568109,fdi1
568126,fdi1
568142,fdo1
568159,fdo1
568175,whi1
568192,whi1
568208,who1
568225,who1
568241,who2
568258,who2
568274,who3
568291,who3
568307,main
568327,fdo1
568344,fdo1
568360,fdi1
568377,main
568397,fdi1
568413,blon
568430,blon
568448,whi0
568465,whi0
568481,who0
568498,who0
568514,efon
568531,efon
568547,fdis
568565,fdos
568582,fdos
568598,fdif
568616,fdof
568633,fdof
568649,fdip
568667,fdop
568684,fdop
569492,ovu0
569524,ws01
569542,hap0+u0
569563,hap1R
569578,ws01E
569593,ws02
569664,ws02E
569679,ws03
569750,ws03E
569765,ws05
569803,ths1
569829,ws05E
569844,ws06
569869,ths2S
569882,ths2
569920,ws06E
569935,ws07
569952,tlk0+
569989,new1+
570012,ws07E
570027,ws08
570049,tlk1
570075,tlk1R
570090,ws08E
570105,ws09
570130,ovu0
570147,ws09E
570162,ws10
570199,ws10E
570214,ws11
570242,ws11E
570257,ws12
570272,ovu0
570297,ws12E
570312,ws13
570363,ws13E
570378,ws14
570409,ws14E
570453,fdi2
570586,ovu0
570606,ws20
570624,exp0+u0
570645,exp1y
570708,ws20E
570723,ws21
570795,ws21E
570810,ws23
570852,ws23E
570867,ws24
570884,ths1
570910,ths2S
570923,ths2R
570938,ws24E
570953,ws25
570970,ws01
571000,s000
571040,ws25E
571055,ws29
571088,ws29E
571103,ws30
571128,ws30E
571143,ws31
571189,ws31E
571204,ws32
571224,stop
571244,ws02
571262,ws32E
571277,ws33
571297,ws33E
571312,ws34
571375,hit0
571413,ws34E
571428,ws36
571459,ws36E
571474,ws35
571499,ws35E
571514,ws37
571534,kidl0
571659,ws37E
571674,ws38
571697,ws38E
571712,ws39
571737,ws39E
571752,ws40
571777,ws40E
571792,ws41
571809,ehn0+
571830,hap0+u0
571851,hap1R
571866,ws41E
571881,ws42
571906,ehn1
571933,ws42E
571948,ws43
571980,tlk0+
572003,tlk1'
572033,ws43E
572048,ws44
572083,tlk1R
572098,ws44E
572113,ws45
572174,ws45E
572189,ws46
572223,tlk0+
572246,ws46E
572261,ws47
572301,tlk1+
572346,ws47E
572361,ws48
572434,ws48E
572449,ws49
572490,ws49E
572505,ws50
572545,ws50E
572560,ws51
572585,ws51E
572600,ws52
572652,ws52E
572696,qstc
572713,fdi2
572732,fdi0
572749,fdi0
572765,fdo0
572782,fdo0
572798,fdi1
572815,fdi1
572831,fdo1
572848,fdo1
572864,whi1
572881,whi1
572897,who1
572914,who1
572930,who2
572947,who2
572963,who3
572980,who3
572996,main
573016,fdo1
573033,fdo1
573049,fdi1
573066,main
573086,fdi1
573102,blon
573119,blon
573137,whi0
573154,whi0
573170,who0
573187,who0
573203,efon
573220,efon
573236,fdis
573254,fdos
573271,fdos
573287,fdif
573305,fdof
573322,fdof
573338,fdip
573356,fdop
573373,fdop
574368,thk1++1
574402,thk2
574457,twa0++1
574488,twa1++1
574621,twa0
574657,twa1++1
574740,tlk0++1
574787,tlk1
574827,twb0
574897,tlk1++1
574928,twb0++1
574985,twb1++1
575156,thk1++1
575195,thk2
575245,thk1++1
575284,thk2
575334,thk1++1
575373,thk2
575423,thk1++1
575462,thk2
575596,twb0++1
575627,twb1++1
575691,qstc
575708,fdi2
575768,thk1++1
575794,thk2++1
575909,twb0++1
575948,twb1
576159,thk1++1
576185,thk2++1
576216,twb0++1
576247,twb1ED
576262,qstc
576279,fdi2
576321,twb0++1
576352,twb1++1
576416,qstc
576433,fdi2
576485,thk1++1
576519,thk2++1
576634,twb0++1
576673,twb1
576884,thk1++1
576910,thk2++1
576941,twb0++1
576972,twb1ED
576987,qstc
577004,fdi2
577046,twb0++1
577077,twb1++1
577141,qstc
577158,fdi2
577202,tlk0++1
577357,twb0++1
577391,twb1++1
577446,tlk0++1
577485,tlk1++1
577551,tlk1n+1
577663,twb0
577707,twb1++1
577730,thk1++1
577756,thk2++1
577793,B++1
577843,twb0
577887,twb1
577951,twb0++1
577987,twb1n+1
578030,qstc
578047,fdi2
578084,twb0++1
578115,twb1++1
578138,qstc
578155,fdi2
578192,tlk0++1
578215,tlk1
578243,twb0
578287,twb1
578349,tlk0++1
578380,tlk1++1
578436,tlk0++1
578488,tlk1++1
578826,thk1++1
578857,thk2++1
579181,thk1++1
579212,thk2++1
579791,s000
579840,main
579907,s000
579956,main
580023,s000
580072,main
580144,twb0
580188,twb1++1
580211,thk1++1
580237,thk2++1
580275,fdi0
580292,fdi0
580308,fdo0
580325,fdo0
580341,fdi1
580358,fdi1
580374,fdo1
580391,fdo1
580407,whi1
580424,whi1
580440,who1
580457,who1
580473,who2
580490,who2
580506,who3
580523,who3
580539,main
580559,fdo1
580576,fdo1
580592,fdi1
580609,main
580629,fdi1
580645,blon
580662,blon
580680,whi0
580697,whi0
580713,who0
580730,who0
580746,efon
580763,efon
580779,fdis
580797,fdos
580814,fdos
580830,fdif
580848,fdof
580865,fdof
580881,fdip
580899,fdop
580916,fdop
581394,s000
583369,main
583417,s000
583432,stp0
583465,s000
583485,main
583523,fdi0
583540,fdi0
583556,fdo0
583573,fdo0
583589,fdi1
583606,fdi1
583622,fdo1
583639,fdo1
583655,whi1
583672,whi1
583688,who1
583705,who1
583721,who2
583738,who2
583754,who3
583771,who3
583787,main
583807,fdo1
583824,fdo1
583840,fdi1
583857,main
583877,fdi1
583893,blon
583910,blon
583928,whi0
583945,whi0
583961,who0
583978,who0
583994,efon
584011,efon
584027,fdis
584045,fdos
584062,fdos
584078,fdif
584096,fdof
584113,fdof
584129,fdip
584147,fdop
584164,fdop
586568,bind
590545,main
590565,fdo1
590586,fdi1
590603,main
590623,fdi1
597136,bind
601113,main
601133,fdo1
601154,fdi1
601171,main
601191,fdi1
607704,bind
611681,main
611701,fdo1
611722,fdi1
611739,main
611759,fdi1
618272,bind
622249,main
622269,fdo1
622290,fdi1
622307,main
622327,fdi1
628840,bind
632817,main
632837,fdo1
632858,fdi1
632875,main
632895,fdi1
637672,tlk0
637686,tlk0
637702,dis0
637716,dis0
637732,pas0
637746,pas0
637762,tld0
637776,tld0
637792,tld1
637806,tld1
637822,tlk1
637836,tlk1
637852,ten0
637866,ten0
637882,ten1
637896,ten1
637921,thk1
637935,thk1
637951,thk2
637965,thk2
637981,tlb0
637995,tlb0
638011,tlb1
638025,tlb1
638041,sdo0
638055,sdo0
638071,sdo1
638085,sdo1
638101,sdo0S
638114,sdo0f
638129,sdo1S
638142,sdo1
638158,koti
638172,koti
638188,akir
638202,akir
638218,saki
638232,saki
638248,sji0
638262,sji0
638278,sji1
638292,sji1
638348,fdo1
638371,se01
638391,fdi1
638695,tlk0
638737,tlk1
638785,ten1
638803,dis0
638825,thk1
638847,thk2
638881,tlk0
638904,ten0
638922,tlk0
638965,thk1
638987,tlk1
639037,dis0
639081,dis0
639106,tlk1
639133,thk1
639158,tlk0
639185,ten0
639203,tlk0
639231,ten0
639254,pas0
639292,tlk1
639315,ten1
639344,tlk1
639377,tlk1
639415,pas0
639445,tlk1
639468,tlk0
639510,pas0
639528,tlk1
639561,tlk1
639594,tlk1
639632,pas0
639662,tlk1
639685,tlk0
639727,pas0
639745,tlk1
639778,tlk1
639811,tlk1
639849,pas0
639879,tlk1
639902,tlk0
639944,pas0
639962,tlk1
639995,tlk1
640028,tlk1
640066,pas0
640096,tlk1
640119,tlk0
640161,pas0
640179,tlk1
640212,tlk1
640245,tlk1
640283,pas0
640313,tlk1
640336,thk1
640363,thk2
640413,thk1
640435,thk2y
640476,tlk0
640506,ten0
640545,tlk0
640575,ten0
641112,tlk0
641126,tlk0
641142,tlk1
641156,tlk1
641172,pas0
641186,pas0
641202,tlb0
641216,tlb0
641232,tlb1
641246,tlb1
641262,thk0
641276,thk0
641292,thk1
641306,thk1
641322,thk2
641336,thk2
641352,wav0
641366,wav0
641382,dis0
641396,dis0
641412,kas0
641426,kas0
641442,at00
641456,at00
641472,btl0
641486,btl0
641502,utl0
641516,utl0
641532,utl1
641546,utl1
641562,ntl0
641576,ntl0
641592,ntl1
641606,ntl1
641622,ngt0
641636,ngt0
641652,ngt1
641666,ngt1
641682,aig0
641696,aig0
641712,aig1
641726,aig1
641742,aig0S
641755,aig0f
641770,aig1S
641783,aig1
641799,unz0
641813,unz0
641829,dk00
641843,dk00
641859,dk01
641873,dk01
641889,dku0
641903,dku0
641935,dis0
641968,dis0
642015,tlb0
642038,dis0
642080,thk1
642099,dis0
642138,dis0
642160,tlb0
642183,thk1
642210,thk2
642232,dk00
642254,dk01n
642284,dis0
642310,pas0
642332,tlb0
642359,dk00
642381,dk01
642403,pas0
642425,dk00
642447,dk01
642465,tlb0
642492,dk00
642514,dk01
642533,wav0
642571,ntl0
642615,wav0
642648,dis0
642699,dis0
642736,tlb0
642758,tlb1
642790,dk00
642812,dk01
642830,pas0
642856,thk0
642878,dk00
642900,dk01
642923,dk00
642945,dk01
642974,dis0
643017,pas0
643039,dk00
643061,dk01
643090,dk00
643112,dk01
643580,tlk0
643594,tlk0
643610,tlk1
643624,tlk1
643640,pas0
643654,pas0
643670,tlb0
643684,tlb0
643700,tlb1
643714,tlb1
643730,thk0
643744,thk0
643760,thk1
643774,thk1
643790,thk2
643804,thk2
643820,wav0
643834,wav0
643850,dis0
643864,dis0
643880,kas0
643894,kas0
643910,at00
643924,at00
643940,btl0
643954,btl0
643970,utl0
643984,utl0
644000,utl1
644014,utl1
644030,ntl0
644044,ntl0
644060,ntl1
644074,ntl1
644090,ngt0
644104,ngt0
644120,ngt1
644134,ngt1
644150,aig0
644164,aig0
644180,aig1
644194,aig1
644210,aig0S
644223,aig0f
644238,aig1S
644251,aig1
644267,unz0
644281,unz0
644297,dk00
644311,dk00
644327,dk01
644341,dk01
644357,dku0
644371,dku0
644403,tlk0
644422,tlk1S
644461,tlk0
644485,tlk1S
644524,tlk0
644551,tlk1
644570,thk1
644597,thk2
644620,tlk0
644659,tlk1
644713,thk1
644740,thk2
644763,tlk0
644795,tlk1
644886,tlk1S
644899,tlk1
644933,tlk0
644952,tlk1S
644965,tlk1n
651550,fdo1
654152,fdi0
654169,fdi0
654185,fdo0
654202,fdo0
654218,fdi1
654235,fdi1
654251,fdo1
654268,fdo1
654284,whi1
654301,whi1
654317,who1
654334,who1
654350,who2
654367,who2
654383,who3
654400,who3
654416,main
654436,fdo1
654453,fdo1
654469,fdi1
654486,main
654506,fdi1
654522,blon
654539,blon
654557,whi0
654574,whi0
654590,who0
654607,who0
654623,efon
654640,efon
654656,fdis
654674,fdos
654691,fdos
654707,fdif
654725,fdof
654742,fdof
654758,fdip
654776,fdop
654793,fdop
655562,fdo1
655579,fdo1F
656170,tlk0
656194,hmml
656221,hfml
656248,emml
656275,efml
656302,tmal
656329,tmal
656356,mmal
656383,gmal
656407,ninl'
656429,s160
656449,fdi1
656484,s160E0
656499,s067
656523,s067E0
656538,s068
656594,tla1R0
656609,s068E0
656624,s069
656662,s160E0
656677,s067
656716,s160E0
656731,s067
656775,s067E0
656790,s068
656869,s068E0
656884,s069
656935,s068E0
656950,s069
657003,thk1'
657028,s069E0
657043,s070
657095,s070E0
657110,s071
657143,s071E0
657158,s072
657198,tlb1R0
657213,s072E0
657228,s073
657278,s073E0
657293,s074
657359,tlb1R0
657374,s074E0
657389,s075
657414,s075E0
657429,s076
657447,lup0O
657479,lup0R0
657494,s076E0
657509,s077
657580,tlb1R0
657595,s077E0
657610,s078
657627,tlk0y
657668,tlk1R0
657683,s078E0
657698,s079
657715,thk0n
657766,s079E0
657781,s080
657831,lup0R0
657846,s076E0
657861,s077
657909,s077E0
657924,s078
657976,tlk1R0
657991,s078E0
658006,s079
658023,thk0n
658058,s079E0
658073,s080
658125,s080E0
658140,s081
658196,tlh3R0
658211,s081
658234,s083
658262,s083
658290,s084
658318,s084
658346,s083
658366,s082
658383,sta1
658408,kil2
658425,s082R0
658440,s083R0
658455,s084
658478,s162
658506,s162
658526,s161
658558,max0
658578,yke1R0
658593,s161R0
658608,s162E0
658623,s085
658640,tgt0
658667,who1
658684,who1R0
658699,s085
658714,star
658731,s086
658751,whi1
658776,s086
658799,s088
658827,s088
658847,s087
658898,sha1p
658918,s087R0
658933,s088E0
658948,s089
659020,sha1R0
659035,s089
659058,s090
659110,tlb1
659152,bik0R0
659167,s090E0
659182,s091
659215,kill
659221,kidl0
659247,s091E0
659262,s092
659279,main
659360,nin2
659378,s092E0
659393,s093
659421,s093E0
659436,s094
659453,nin1
659468,main
659488,s094E0
659503,s095
659550,s095
659576,s090
659636,s090E0
659651,s159
659676,tlb1R0
659691,s159E0
659706,s095
659731,kill
659737,kidl0
659771,s095
659797,s090
659849,tlb1R0
659864,s090E0
659879,s092
659896,main
659930,kill
659936,kidl0
659974,nin2
659992,s092E0
660007,s093
660035,s093E0
660050,s094
660067,nin1
660082,main
660102,s094E0
660117,s095
660164,s095
660190,s090
660242,tlb1R0
660257,s090E0
660272,s092
660289,main
660323,kill
660329,kidl0
660367,nin2
660385,s092E0
660400,s093
660433,s093E0
660448,s094
660465,nin1
660480,main
660500,s094E0
660515,s095
660603,s095
660629,s090
660658,kill
660664,kidl0
660713,tlb1R0
660728,s090E0
660743,s159
660775,s159E0
660790,s095
660815,s095
660833,s096
660865,fdo1
660882,fdo1R0
660897,s096N
661001,s097
661021,fdi1
661061,s097E0
661076,s098
661119,s098E0
661134,s099
661211,s099E0
661226,s100
661257,s100E0
661272,s101
661290,tlc1p
661323,s101E0
661338,s104
661362,tlc1R0
661377,s104E0
661392,s105
661424,fdo1
661441,fdo1R0
661456,s105'
661531,s168
661551,fdi1
661586,sin0R0
661601,s168E0
661616,s102
661653,s102E0
661668,s103
661696,fdo1
661713,fdo1R0
661728,s103
661784,s106
661804,fdi1
661824,s106E0
661839,s107
661856,cy01
661874,s107E0
661889,s108
661909,fdo1
661926,fdo1R0
661967,fdi2
666480,fum0+B1
666534,fum0+B1
666557,fum1
666577,bik0+B1
666615,tlk0+B1
666693,tlk0
666782,tlk0
666841,tlke
666911,tlk0
666954,tlke
666978,tlk0
667069,tlk0+B1
667107,pas0
667146,tlk0+B1
667192,pas0
667231,tlk0+B1
667278,tlke
667302,tlk0+B1
667388,pas0
667427,tlk0+B1
667473,pas0
667512,tlk0+B1
667559,tlke
667588,tlk0+B1
667637,tlke
667676,tlk0+B1
667699,tlke
667736,tlk0+B1
667759,tlke
667796,pas0+B1
667817,pas0
667844,pas0+B1
667865,pas0
667943,tlk0+B1
667966,tlke
668256,tlk0+B1
668279,tlke
668365,tlk0+B1
668388,tlke
668461,tlk0+B1
668484,tlke
668737,tlk0+B1
668760,tlke
668846,tlk0+B1
668869,tlke
668942,tlk0+B1
668965,tlke
669218,tlk0+B1
669241,tlke
669327,tlk0+B1
669350,tlke
669423,tlk0+B1
669446,tlke
669699,tlk0+B1
669722,tlke
669808,tlk0+B1
669831,tlke
669904,tlk0+B1
669927,tlke
670201,tlk0+B1
670224,tlke
670310,tlk0+B1
670333,tlke
670406,tlk0+B1
670429,tlke
670524,tlk0+B1
670547,tlke
670837,tlk0+B1
670860,tlke
670946,pas0+B1
670967,pas0
671040,tlk0+B1
671063,tlke
671316,tlk0+B1
671339,tlke
671425,pas0+B1
671446,pas0
671519,tlk0+B1
671542,tlke
671795,tlk0+B1
671818,tlke
671904,pas0+B1
671925,pas0
671998,tlk0+B1
672021,tlke
672274,tlk0+B1
672297,tlke
672383,pas0+B1
672404,pas0
672477,tlk0+B1
672500,tlke
672774,tlk0+B1
672797,tlke
672883,pas0+B1
672904,pas0
672977,tlk0+B1
673000,tlke
673095,tlk0+B1
673118,tlke
673416,tlk0+B1
673439,tlke
673525,pas0+B1
673546,pas0
673619,tlk0+B1
673642,tlke
673903,tlk0+B1
673926,tlke
674012,pas0+B1
674033,pas0
674106,tlk0+B1
674129,tlke
674390,tlk0+B1
674413,tlke
674499,pas0+B1
674520,pas0
674593,tlk0+B1
674616,tlke
674877,tlk0+B1
674900,tlke
674986,pas0+B1
675007,pas0
675080,tlk0+B1
675103,tlke
675385,tlk0+B1
675408,tlke
675494,pas0+B1
675515,pas0
675588,tlk0+B1
675611,tlke
675723,main
676842,tlk0+B1
676865,tlke
677183,tlk0+B1
677206,tlke
677556,tlk0+B1
677579,tlke
677897,tlk0+B1
677920,tlke
678238,tlk0+B1
678261,tlke
678611,tlk0+B1
678634,tlke
678952,tlk0+B1
678975,tlke
679293,tlk0+B1
679316,tlke
679666,tlk0+B1
679689,tlke
680007,tlk0+B1
680030,tlke
680348,tlk0+B1
680371,tlke
680721,tlk0+B1
680744,tlke
681092,tlk0+B1
681115,tlke
681463,tlk0+B1
681486,tlke
682888,tlk0+B1
682911,tlke
683068,tlk0+B1
683091,tlke
683248,tlk0+B1
683271,tlke
683428,tlk0+B1
683451,tlke
683608,tlk0+B1
683631,tlke
683788,tlk0+B1
683811,tlke
683968,tlk0+B1
683991,tlke
684148,tlk0+B1
684171,tlke
684328,tlk0+B1
684351,tlke
684508,tlk0+B1
684531,tlke
684629,tlk0+B1
684684,tlke
684729,eGHj
684743,sGHk
684798,tlk0+B1
684836,pas0
684875,tlk0+B1
684921,pas0
684960,tlk0+B1
685045,tlke
685082,tlk0+B1
685113,tlke
685150,tlk0+B1
685222,tlk0+B1
685256,tlk0+B1
685295,tlke
694436,Aurix
696314,main
696334,who1
696351,who1
696369,fdo1
696386,fdo1E-
696401,whi1
697000,main
697020,who1
697037,who1
697055,fdo1
697072,fdo1E
697087,whi1
697816,fdi0
697833,fdi0
697849,fdo0
697866,fdo0
697882,fdi1
697899,fdi1
697915,fdo1
697932,fdo1
697948,whi1
697965,whi1
697981,who1
697998,who1
698014,who2
698031,who2
698047,who3
698064,who3
698080,main
698100,fdo1
698117,fdo1
698133,fdi1
698150,main
698170,fdi1
698186,blon
698203,blon
698221,whi0
698238,whi0
698254,who0
698271,who0
698287,efon
698304,efon
698320,fdis
698338,fdos
698355,fdos
698371,fdif
698389,fdof
698406,fdof
698422,fdip
698440,fdop
698457,fdop
698623,s055
698651,s055
698671,s045
698715,s055
698741,s055
698759,s045E
698774,s046
698807,s046
698830,s047
698858,s047
698886,s056
698914,s056
698942,s047
698962,s061
698977,ov10
698992,ov20
699056,s047
699082,s047
699108,s056
699134,s056
699160,s047
699178,s061
699201,s057
699229,s057
699249,s048
699327,s057
699353,s057
699371,s048
699420,s047
699446,s047
699472,s056
699498,s056
699524,s047
699542,s061
699565,s057
699593,s057
699613,s048
699691,s057
699717,s057
699735,s048
699753,s049
699814,s049
699837,s058
699865,s058
699885,s050
699939,s058
699965,s058
699983,s050E
699998,s051
700057,s051
700080,s059
700108,s059
700128,s052
700182,s059
700208,s059
700226,s052
700249,s060
700277,s060
700297,s053
700389,s060
700415,s060
700433,s053E
700448,s054
700520,s054
700564,fdi2
700869,ovH1
700875,ovI1
700916,s000
700960,s000EJ
700975,s001
701027,s001EJ
701042,s002
701115,s002EJ
701130,s003
701255,s003EJ
701270,s004
701316,s004EJ
701331,s005
701377,s005EJ
701392,s006
701427,s006
701450,sg07
701478,sg07
701506,st07
701534,st07
701562,sg07
701582,s007
701624,s001
701674,sg07
701700,sg07
701726,st07
701752,st07
701778,sg07
701796,s007EJ
701811,s008
701857,s008EJ
701872,s009
701907,s009EJ
701922,s010
701970,s010EJ
701985,s011
702002,s001
702054,s011EJ
702069,s012
702110,s012EJ
702125,s013
702178,s013EJ
702193,s014
702272,s014EJ
702287,s015
702326,s015EJ
702341,s016
702364,kidl0J1
702399,s016EJ
702414,s017
702473,s017EJ
702488,s018
702533,s018EJ
702548,s019
702590,s019EJ
702605,s020
702658,s020EJ
702673,s021
702733,s021EJ
702748,s022
702805,s022EJ
702820,s023
702916,s023EJ
702931,s024
702976,s024EJ
702991,s025
703040,s025EJ
703055,s026
703119,s026EJ
703134,s027
703174,s027EJ
703189,s028
703275,s028
703298,sg29
703326,se29
703354,st29
703382,st29
703410,sm29
703438,sg29
703458,s029
703491,corpy
703587,sg29
703613,se29
703639,st29
703665,st29
703691,sm29
703717,sg29
703735,s029EJ
703750,s030
703800,ov20
703857,s030
703880,sg31
703908,se31
703936,st31
703964,st31
703992,sg31
704012,s031
704067,sg31
704093,se31
704119,st31
704145,st31
704171,sg31
704189,s031EJ
704204,s032
704311,s000
704340,s032EJ
704355,s033
704378,s033EJ
704393,s034
704428,kil0
704490,s034
704513,sg35
704541,se35
704569,st35
704597,st35
704625,sm35
704653,sg35
704673,s035
704806,sg35
704832,se35
704858,st35
704884,st35
704910,sm35
704936,sg35
704954,s035EJ
704969,s036
705003,s029
705048,s036
705071,sg38
705099,se38
705127,st38
705155,st38
705183,sm38
705211,sg38
705231,s038
705272,sg35
705298,se35
705324,st35
705350,st35
705376,sm35
705402,sg35
705420,s035EJ
705435,s036
705469,s032
705518,s036
705541,sg35
705569,se35
705597,st35
705625,st35
705653,sm35
705681,sg35
705701,s035
705742,sg35
705768,se35
705794,st35
705820,st35
705846,sm35
705872,sg35
705890,s035EJ
705905,s037
705954,s037
705977,sg35
706005,se35
706033,st35
706061,st35
706089,sm35
706117,sg35
706137,s035
706235,sg38
706261,se38
706287,st38
706313,st38
706339,sm38
706365,sg38
706383,s038EJ
706398,s039
706466,s039
706489,sg40
706517,se40
706545,st40
706573,st40
706601,sg40
706621,s040
706698,sg40
706724,se40
706750,st40
706776,st40
706802,sg40
706820,s040EJ
706835,s041
706898,s041EJ
706913,s042
706919,ovI1
706949,ovH1
707039,s042z
707086,fdi2
707103,qstc
707500,gre0
707514,gre0
707530,pas0
707544,pas0
707560,thk1
707574,thk1
707590,thk2
707604,thk2
707620,tlk0
707634,tlk0
707650,tlk1
707664,tlk1
707680,cla0
707694,cla0
707710,his0
707724,his0
707740,his1
707754,his1
707770,jim0
707784,jim0
707800,jim1
707814,jim1
707830,std0
707844,std0
707860,war0
707874,war0
707890,yub0
707904,yub0
707920,sim0
707934,sim0
707950,shu0
707964,shu0
707980,shu1
707994,shu1
708260,gre0
708274,gre0
708290,pas0
708304,pas0
708320,thk1
708334,thk1
708350,thk2
708364,thk2
708380,tlk0
708394,tlk0
708410,tlk1
708424,tlk1
708440,cla0
708454,cla0
708470,his0
708484,his0
708500,his1
708514,his1
708530,jim0
708544,jim0
708560,jim1
708574,jim1
708590,std0
708604,std0
708620,war0
708634,war0
708650,yub0
708664,yub0
708680,sim0
708694,sim0
708710,shu0
708724,shu0
708740,shu1
708754,shu1
709136,tlk0
709150,tlk0
709166,tlk1
709180,tlk1
709196,thk1
709210,thk1
709226,thk2
709240,thk2
709256,pos0
709270,pos0
709286,sin0
709300,sin0
709316,sid0
709330,sid0
709346,tlk0
709360,tlk0
709376,tlk1
709390,tlk1
709406,tlk2
709420,tlk2
709436,tla2
709450,tla2
709466,tla1
709480,tla1
709496,tlk0
709510,tlk0
709526,tlk1
709540,tlk1
709556,pnt0
709570,pnt0
709586,pnt1
709600,pnt1
709616,scr0
709630,scr0
709646,scr1
709660,scr1
709676,ari0
709690,ari0
709706,tlu0
709720,tlu0
709736,tlu1
709750,tlu1
