offset,token
1418,B'G'
1424,I'J'K'M'O'
1444,R'X'
6299,fdo1
6316,fdo1
6336,t000
6353,t0008
6475,fdi1
6502,fdi1+
6558,t001
6654,t002
6671,t002'
6783,t010
6811,t010
6839,t010
6859,t00g
6893,t010
6919,t010
6945,t010
6963,t010N
7028,blon
7045,t004
7095,t00h
7151,t005
7168,t005E
7183,ovl1
7200,t00e
7217,t00eE
7232,ovl1
7257,t00a
7285,t00a
7313,t00c
7341,t00c
7369,t00c
7389,t003
7419,blon
7436,ovl1
7453,t00f
7492,main
7512,who1
7529,who1
7550,t00fE
7565,blof
7617,fdo1
7634,fdo1E5
7649,whi1
7666,whi1F
7683,fdi2
7729,who1
7746,who1E
7761,fdi1
7778,fdi18
7817,str0
7834,main
7851,sin0
7868,whi1
7885,whi1
7903,who1
7920,who1
7938,kill
7955,kill
7972,blof
7989,sin0
8048,fdo1
8065,fdo1E5
8080,whi1
8097,whi1F
8114,fdi2
8160,who1
8177,who1E
8192,fdi1
8209,fdi18
8286,t006
8356,sha0S
8369,sha0E5
8384,whi1
8401,whi1
8419,sha1S
8432,sha1
8450,t007
8481,t007
8499,fdo1
8611,r000
8628,fdi1
8675,r000E
8690,r001
8821,r002
8902,r003
8949,r003
8970,ovl1
8987,bash
9004,r004
9021,r004
9063,blon
9089,r00d
9121,pash
9154,bash
9171,r00e
9188,blof
9205,r00eE
9220,r005
9388,r005E
9403,r006
9437,r006E
9452,r007
9527,r008
9574,r008E
9589,r009
9636,r009+
9669,r00a
9723,r00aE
9738,r00b
9799,r00bE
9814,r00c
9873,fdo2
9890,fdo2R
9905,r00c'
9957,fdi2
9987,fdo1
10004,fdo18
10068,y000
10085,y000y
10117,fdi1
10134,fdi1+
10173,y001
10221,y00b
10238,y00b
10284,y002
10319,fdo1
10336,fdo1Rb
10351,y002N
10397,y003
10414,fdi1
10513,y00cEb
10528,z000
10545,z000kidl0
10632,z001
10649,z001N
10702,z002
10851,z002Eb
10866,z003
10906,z004
10959,blon
10976,z005
10993,bash
11037,z005E
11052,blof
11069,ovl1
11086,z006
11118,z006Eb
11133,s091
11153,z00a
11219,ovl1
11236,z00b
11282,blon
11317,s092
11334,z00c
11351,z00c
11369,s125
11386,blof
11403,z009
11478,z010
11560,z010Eb
11575,z011
11644,fdo1
11700,kidl0
11797,y004
11814,fdi1
11910,y004Eb
11925,y005
12009,y005Eb
12024,y006
12083,y006Eb
12098,y007
12182,y007E
12197,ovl1
12214,y008
12257,y008Eb
12272,y009
12360,y009Eb
12375,y00a
12448,fdo2
12517,fdi2
12547,fdo1
12564,fdo18
12619,y000
12636,y000y
12680,fdi1
12697,fdi1+
12786,ovl1
12803,z000
12874,z001
12891,z001'
12950,z002
13037,z003
13144,z005
13214,z004
13277,z006
13363,z007
13413,z007E
13428,z008
13504,z008E
13519,z009
13536,z009
13583,z00a
13611,z00aE
13626,ovl1
13643,y000
13660,y000
13678,ovl1
13695,y001
13712,y001
13730,y002
13747,y002
13785,y003
13825,y003E
13840,a003
13938,a003E
13953,ovl1
13970,y004
14026,y005
14066,y005'
14118,y006
14214,y007
14261,ovl1
14278,y008
14347,y009
14429,y00a
14446,y00a
14538,y00b
14610,y00c
14662,y00d
14866,ovl1
14891,a001
14908,a001
14934,a001
14951,a001
14977,a002
14994,a002
15020,a002
15037,a002
15063,a002
15080,a002
15098,a000
15160,y00e
15231,y00f
15248,y00fJ
15301,fdo2
15318,fdo2'
15365,fdi2
15377,e6s0
15389,e6s1
15493,fdo1
15510,fdo1
15551,cmb0
15568,cmb0E
15583,fdi1
15600,fdi1'
15622,cmb1
15656,fdo1
15676,fdo1U
15691,cmb1F
15711,fdi1
15789,fdo1
15806,fdo1G
15842,cmb2
15859,cmb2E
15874,fdi1
15891,fdi1'
15916,cmb3
15950,fdo1
15970,fdo1U
15985,cmb3F
16005,fdi1
16581,fdo1
16640,cm40
16657,cm40E
16672,fdi1
16754,cm41
16875,cm42
17015,cm43
17039,cm43
17077,cm44
17094,cm44J
17173,cm45
17190,cm45+
17221,fdo2
17238,fdo2F
17274,fdi2
17291,fdi2+
17322,fdo2
17339,fdo2E5
17354,qstc
17381,fdi2
17450,fdo1
17511,cmaf
17528,cmafE
17543,fdi1
17560,fdi1+
17629,cma0
17719,cma2
17770,cma2+
17793,who1
17810,who1N
17846,cmac
17863,cmac
17888,whi1
17905,whi1'
17964,cmab
17981,cmab'
18044,cmae
18061,cmae+
18084,who1
18101,who1N
18125,kidl0
18157,cmad
18203,whi1
18220,whi1+
18328,qstc
18345,fdo2
18406,fdi2
18476,fdo1
18544,cmad
18561,cmadE
18576,fdi1
18593,fdi1
18611,fdo2
18628,fdo2N
18664,fdi2
18819,cma3
18836,cma3+
18887,cma4
18904,cma4'
18999,cma1
19016,cma1+
19078,cma5
19095,cma5J
19250,cma6
19267,cma6
19335,fdo1
19352,fdo1E
19367,cm30
19384,cm308
19433,fdi1
19450,fdi1+
19521,cm31
19925,nak2
20002,cm3a
20019,cm3a
20081,nak2
20171,qstc
20191,fdo2
20208,fdo2N
20239,fdi2
20271,fdo1
20288,fdo13
20317,c05i
20337,fdi1
20354,fdi1Z
20404,fdo1
20421,fdo13
20450,c05i
20470,fdi1
20487,fdi1Z
20546,c01i
20575,fdo1
20605,c00i
21073,fdo1
21090,fdo1F
21132,s042
21152,fdi1
21244,ovl1
21261,s042E
21276,s043
21309,s043E
21324,s044
21360,ure0+
21386,s044
21412,nto0+
21435,nto1
21453,fdo1
21470,fdo1R
21485,s044F
21505,fdi1
21532,s045
21549,una0+
21575,s045E
21590,s052
21610,pas0
21636,ovl1
21653,s052E
21668,s051
22108,nto0+
22131,nto1
22149,fdo1
22166,fdo1R
22181,s044F
22201,fdi1
22446,s051E
22461,s046
22510,tlc0+
22533,s046
22551,fdo1
22568,fdo1R
22583,s046F
22603,fdi1
22624,fdo1
22641,fdo1F
22690,s047
22710,fdi1
22761,ure0+
22784,ovl1
22801,s047E
22816,s048
22852,s048E
22867,s049
22898,tlc0+
22934,s049E
22949,ovl1
22966,s049E
22981,s050
23009,pas0
23027,fdo1
23044,fdo1R
23059,s050E5
23074,qstc
23096,fdi1
23135,Feliz
23166,Ferdinand
23197,Gunnar
23228,Massimo
23259,Oldrich
23290,Siegward
23321,Theobald
23352,Zenji
23394,Amerita
23425,Beatrice
23456,Henrietta
23487,Jesimae
23518,Karyn
23549,Nanako
23580,Sharlene
23611,Sieghilde
23653,Chanandit
23684,Deulmaeux
23715,Demresinaux
23746,Ephealgaux
23777,Gauldeval
23808,Grauffemart
23839,Migaifongut
23870,Romidiant
23912,Armittie
23943,Cadepure
23974,Clearite
24005,Epilleve
24036,Liabelle
24067,Nauthima
24098,Radille
24129,Vimechue
24171,Balu-Falu
24202,Burg-Ladarg
24233,Ehgo-Ryuhgo
24264,Kolui-Pelui
24295,Nokum-Akkum
24326,Savul-Kivul
24357,Vinja-Kanja
24388,Yarga-Umiga
24430,Cupapa
24461,Jajuju
24492,Kalokoko
24523,Mahoyaya
24554,Pakurara
24585,Ripokeke
24616,Yawawa
24647,Yufafa
24689,Fhig
24720,Khuma
24751,Pimy
24782,Raka
24813,Sahyu
24844,Sufhi
24875,Tsuim
24906,Yoli
24948,Durib
24979,Dzapiwa
25010,Jugowa
25041,Mugido
25072,Voldai
25103,Wagwei
25134,Zayag
25165,Zoldof
25231,Feliz
25262,Ferdinand
25293,Gunnar
25324,Massimo
25355,Oldrich
25386,Siegward
25417,Theobald
25448,Zenji
25490,Amerita
25521,Beatrice
25552,Henrietta
25583,Jesimae
25614,Karyn
25645,Nanako
25676,Sharlene
25707,Sieghilde
25749,Chanandit
25780,Deulmaeux
25811,Demresinaux
25842,Ephealgaux
25873,Gauldeval
25904,Grauffemart
25935,Migaifongut
25966,Romidiant
26008,Armittie
26039,Cadepure
26070,Clearite
26101,Epilleve
26132,Liabelle
26163,Nauthima
26194,Radille
26225,Vimechue
26267,Balu-Falu
26298,Burg-Ladarg
26329,Ehgo-Ryuhgo
26360,Kolui-Pelui
26391,Nokum-Akkum
26422,Savul-Kivul
26453,Vinja-Kanja
26484,Yarga-Umiga
26526,Cupapa
26557,Jajuju
26588,Kalokoko
26619,Mahoyaya
26650,Pakurara
26681,Ripokeke
26712,Yawawa
26743,Yufafa
26785,Fhig
26816,Khuma
26847,Pimy
26878,Raka
26909,Sahyu
26940,Sufhi
26971,Tsuim
27002,Yoli
27044,Durib
27075,Dzapiwa
27106,Jugowa
27137,Mugido
27168,Voldai
27199,Wagwei
27230,Zayag
27261,Zoldof
41785,fdo1
41802,fdo1F
41889,s026
41909,fdi1
41946,aww0+
41969,s026E
41984,s027
42222,s027E
42237,s028
42302,tlc0+
42328,fdo2
42345,fdo2
42363,s028E
42378,s029
42398,fdi2
42432,tlk1+
42463,tlk2+
42486,s029
42512,s032
42540,s032
42568,s033
42596,s033
42624,s034
42652,s034
42680,s032
42708,s033
42980,s032R
42995,s033R
43010,s034E
43025,s030
43293,s030E
43308,s031
43334,tlc0+
43532,s031
43558,s078
43586,s078
43614,s081
43642,s081
43670,s082
43698,s082
43726,s078
43754,s081
43794,fdo1
43811,fdo1R.
43826,s078R.
43841,s081R.
43856,s082N
43888,fdi1
43938,s069
43996,s070
44234,s071
44265,s071
44396,s074
44622,s056
44821,s0567S
44856,s002
44884,s002
44912,s000
44940,s000
44968,s002
44988,s072
45278,s073
45321,s073
45349,s000EV
45364,s001
45392,s000EV
45407,s001
45450,s073
45485,s073
45806,s075
46024,s001
46238,s001E
46253,s000
46528,s000
46554,s002
46582,s002
46610,s012
46638,s012
46666,s015
46694,s015
46722,s002
46750,s012
47247,s002RV
47262,s012RV
47277,s015E
47292,s003
47322,tlc3+
47345,s003E
47360,s004
47388,tlk0+
47411,tlk2
47432,s004
47531,s016
47559,s016
47579,s005
48152,s016
48178,s016
48196,s005
48214,s012
48277,s012E
48292,s011
48327,s011
48353,s017
48381,s017
48401,s009
48481,ovl1
48509,s017
48535,s017
48553,s009'
48589,s007
48619,s007
48645,s018
48673,s018
48693,s008
49206,s018
49232,s018
49250,s008E
49265,s010
49340,thk1+
49371,s010
49397,s013
49425,s013
49453,s019
49481,s019
49509,s013
49529,s013
49580,s013RV
49595,s0197
49633,s003
49670,aww0+
49870,tlb1R
49885,s003
49911,s014
49939,s014
49967,s014
49995,s014
50015,s014
50331,s014
50357,s014
50375,s014E
50390,s001
50421,s001F
50446,who0
50463,who0
50479,who1
50496,who1
50512,whi0
50530,whi1
50548,fdo0
50565,fdo0
50581,fdo1
50598,fdo1
50614,fdo2
50631,fdo2
50647,fdi0
50665,fdi1
50683,fdi2
51050,sha0S
51063,sha0
51087,sha1S
51100,sha1
51459,pas0
51483,tlk0S
51496,tlk0
51520,tlk1S
51533,tlk1
51557,tlk0S
51570,tlk0
51596,tlk1S
51609,tlk1
51633,tlk0
51651,tlk1
51810,tlk0
51828,tlk1
51854,tlk0
51872,tlk1
51898,tlk0
51916,tlk1
51942,tlk0
51960,tlk1
51986,tlk0
52004,tlk1
52030,tlk0
52048,tlk1
52074,tlk0
52092,tlk1
52118,tlk0
52136,tlk1
52168,pas0
52439,amu0
52480,amu0
52564,amu1
52580,amu2
52618,c404l
52695,slp0
52871,tla0
52887,tla1S
52900,tla1
52916,tlb0
52932,tlb1S
52945,tlb1
52961,thb0
52977,thb1S
52990,thb1
54390,btu0S
54403,btu0
54421,btu1
54440,btu2S
54453,btu2
54491,jna0
54507,tbo0
54526,tbogS
54539,tbog
54555,tbo1S
54568,tbo1
54584,sra0S
54597,sra0
54613,sra1S
54626,sra1
54642,tlb0S
54655,tlb0
54671,tlb1S
54684,tlb1
54700,tle0S
54713,tle0
54729,tle1S
54742,tle1
54758,tla0S
54771,tla0
54787,tla1S
54800,tla1
54816,thk0
54832,thk1S
54845,thk1
55195,nma0S
55208,nma0
55224,nmb0S
55237,nmb0
55253,nmc0S
55266,nmc0
55282,nmd0S
55295,nmd0
55311,nme0S
55324,nme0
55812,kai0
55817,kidl0
55885,tlc0
55901,tlc1S
55914,tlc1
55930,tla0
55946,tla1S
55959,tla1
55975,tlb0
55991,tlb1S
56004,tlb1
56020,hta0
56036,hta1S
56049,hta1
56731,ktn0S
56744,ktn0
56760,ktn1S
56773,ktn1
56789,hou0
56807,s001#
56822,hou0
56838,hou1S
56851,hou1
56867,tla0S
56880,tla0
56896,tla1S
56909,tla1
56925,tlb0
56941,tlb1S
56954,tlb1
56970,thk0S
56983,thk0
56999,thk1S
57012,thk1
57028,sra0S
57041,sra0
57057,sra1S
57070,sra1
57572,J'K'
57584,M'N'
58879,cha1
58900,cha1
58959,cha0
58983,tlk0S
58996,tlk0
59012,tlk1S
59025,tlk1
59041,pas0S
59054,pas0
59070,tlk0
59089,thk1S
59102,thk1
59118,thk2S
59131,thk2
59183,cha1
59204,cha1J
59299,cha1
59344,thk1S
59357,thk1
59837,tlk0
59856,dis0
59891,tlk0
59914,tlk1
60282,tlk0
60318,thk1
60404,tlk0
60507,thk1
60530,thk2
61006,std0
61044,std0S
61057,std0
61085,tlb0
61104,tlb1S
61117,tlb1
61380,tlk0S
61393,tlk0
61530,tlk0S
61543,tlk0
61559,tlk1S
61572,tlk1
61821,nak2
61855,nak2
62014,m'r'o't'
62161,nak2
62193,nak2
62638,m'q'o't'
63082,yor0S
63095,yor0H
63117,nak1
63168,nak1
63219,nak2
63270,nak2
63313,nak1
63356,nak1
63402,fdo1
63419,fdo18
63453,cm10
63481,fdi1
63498,fdi1E
63513,nak2
63534,mog0S
63547,mog0J
63586,nak2
63603,yor0J
63687,nak1
63724,bik0+
63787,cm11
64025,cm12
64106,cm12+
64129,iya0E
64144,nak1
64251,cm13
64328,iya1U
64483,fdo2
64500,fdo2N
64531,fdi2
64560,nak2
64599,nak2
64635,fdo1
64652,fdo18
64686,cm14
64711,fdi1
64728,fdi1J
64763,yor0'
64939,qstc
64956,fdo2
64973,fdo2F
64998,fdi2
65023,yor0S
65036,yor0
65059,nak2
65446,n'o'
65452,s't'
66358,pas0+
66379,pas0
66410,thk1+
66441,thk2
66581,tlk0
66671,thk1
66726,thk2S
66972,thk1
66995,thk2
67027,tlk0
67168,pas0S
67181,pas0
67200,qstc
67260,thk1+
67283,thk2
67309,thk2
67381,tlk1+
67480,thk1+
67511,thk2+
67582,pas0S
67610,thk1
67642,thk2S
67655,thk2EJ
67670,qstc
67912,tlk0
67931,thk1
67950,thk2S
67963,thk2
67979,pas0S
67992,pas0
68257,tlk0
68316,tlk0
69063,tlk0
69159,fdo1
69176,fdo1
69194,fdi1
69211,fdi1
69512,tlk0
69531,thk1
69550,thk2S
69563,thk2
70202,mog0S
70215,mog0S
70228,pas0
70246,mog1S
70259,mog1K
70292,tlk0
70333,thk1
70352,thk2
70428,tlk0
70447,thk1
70466,thk2
71489,opf'
71502,nde0
71608,tlk2
71627,ten2S
71640,ten2
71656,tlk1
71675,ten1S
71688,ten1
71704,tlk0
71723,ten0S
71736,ten0
71752,nde0
71771,nde1S
71784,nde1
71800,tld0S
71813,tld0
71829,tld1S
71842,tld1
71858,thk1S
71871,thk1
71887,thk2S
71900,thk2
71916,pas0
72479,fdo1
72519,cm2b
72536,cm2b8
72567,fdi1
72677,cm2d
72746,cm2i
72874,cm2f
72922,cm2g
73121,cm2a
73198,fdo2
73258,fdi2
73275,cm20
73299,fdi2+
73329,cm20+
73352,fdo2
73389,cm21
73406,cm21
73424,fdi2
73448,fdi2+
73486,fdo2
73559,cm22
73576,cm22E
73591,fdi2
73608,fdi2+
73648,cm23
73665,cm23K
73701,fdo2
73738,cm24
73791,fdi2
73808,fdi2+
73851,cm25
73900,fdo2
73917,fdo2
73979,cm2a
73996,cm2aE
74011,fdi2
74028,fdi2+
74155,cm2h
74172,cm2h'
74332,fdo2
74382,fdi2
74659,fdo1
74709,cm80
74732,fdi1
74827,cm81
74851,cm81+
74924,cm82
74971,cm82
75088,qstc
75105,fdo1
75164,fdi2
75198,fdo1
75254,cm92
75271,cm92E
75286,fdi1
75449,cm93
75466,cm93MJ
75649,cm94
75666,cm94+
75811,cm95
75828,cm95
75901,cm96
75918,cm96'
75978,qstc
75995,fdo2
76047,fdi2
76452,tlk0
77373,tlk0
77392,thk1
77411,thk2
77430,pas0S
77443,pas0
77459,sha0S
77472,sha0
77488,sha1S
77501,sha1
77517,wav0S
77530,wav0
78090,se00
78141,tlk0
78160,thk1
78179,thk2
78198,ann0S
78226,ann1S
78239,ann1
78255,ika0
78274,ika1S
78287,ika1
78303,ski0S
78316,ski0
78332,yor0S
78360,ski0
78384,ski0
79002,tlk0
79021,thk1S
79034,thk1
79050,thk2
79069,pas0S
79082,pas0
79098,cry0S
79111,cry0
79492,tlk0
79541,thk1S
79554,thk1
79570,thk2S
79583,thk2
79599,tlk0S
79612,tlk0
79628,tlk1S
79641,tlk1
79657,sit1S
80376,tlk2
80395,ten2S
80408,ten2
80424,tlk0
80443,ten0S
80456,ten0
80472,tlk1
80491,ten1S
80504,ten1
80520,pas0S
80533,pas0
80558,thk1
80583,thk2S
80596,thk2
80612,sgm0S
80625,sgm0
80998,cm52E
81013,cm5a
81030,cm5a
81083,tlk0
81111,thk1
81130,thk2
81350,thk1
81663,tlk0
81685,tlk0
81701,ten0
81912,tlk0
81945,tlk0
81980,tlk0
81999,qstc
82092,tlk0
82212,tlk0
82884,sit1
82981,sit1
83005,pas0S
83018,pas0
83034,tlk0
83062,tlk0
83090,thk1
83119,thk2S
83132,thk2
83606,tlk0
83625,thk1S
83638,thk1
83663,iro0S
83676,iro0
83692,dis0S
83705,dis0
83976,pas0S
83989,pas0
84005,thk1S
84018,thk1
84135,tlk0S
84148,tlk0
84274,tlk0
84318,tlk0
84337,tlk1
84370,tlk0
84967,pas0S
84980,pas0
85044,tlk0
85063,ten0S
85076,ten0
85092,tlk1
85111,ten2S
85124,ten2
85159,tlk1
85178,ten1S
85191,ten1
85207,tlk0
85226,ten0S
85239,ten0
85255,thk1S
85268,thk1
85284,thk2S
85297,thk2
85636,cmc2
85690,tlb0
85709,tlb1S
85722,tlb1
85738,tlk0
85757,thk1
85776,thk2S
85789,thk2
86011,tlk0
86030,pas0S
86043,pas0
86390,tlk0
86551,tlk0
86570,tlk1S
86583,tlk1
86599,thk1
86618,thk2S
86631,thk2
86647,uts0
86666,uts1S
86679,uts1
87945,gre0S
87958,gre0
88343,tlk0
88370,tlk1S
88451,thk1
88474,thk2S
88555,tlk0
88578,tlk1S
88659,thk1
88682,thk2S
89119,tlk0
89159,tlk0
89201,tlk0
89337,tlk0
89356,tlk1S
89397,thk1
89416,thk2S
89429,thk2
89461,tlk0
89484,tlk1S
89525,tlk0
89544,tlk1S
89585,thk1
89604,thk2S
94167,kue0
94279,chco
94303,fdo0
94360,fdi0
94579,kue0
94691,chco
94715,fdo0
94772,fdi0
97224,bind
101201,main
101221,fdo1
101242,fdi1
101259,main
101279,fdi1
107792,bind
111769,main
111789,fdo1
111810,fdi1
111827,main
111847,fdi1
118360,bind
122337,main
122357,fdo1
122378,fdi1
122395,main
122415,fdi1
128928,bind
132905,main
132925,fdo1
132946,fdi1
132963,main
132983,fdi1
139496,bind
143473,main
143493,fdo1
143514,fdi1
143531,main
143551,fdi1
149695,tlk0
149718,tlk2S
150967,tlk0
150990,ten0S
151058,thk1
151191,thk1f
151206,thk2
151271,thk2f
151286,tlk0
151358,thk1
151495,thk1f
151510,thk2S
151523,thk2f
151538,tlk0
151598,fdo1
151615,fdo1F
151665,s055
151694,fdi2
151711,fdi2f
151726,tlk0
151942,s056
152013,fdo1
152045,s056'
152119,s053
152143,fdi2
152160,fdi2n
152187,s053E
152202,fdo1
152290,s055
152307,fdi2
152324,fdi2f
152370,ten0E
152385,fdo1
152402,fdo1R1
152417,s055N
152443,fdi2
152483,Feliz
152514,Ferdinand
152545,Gunnar
152576,Massimo
152607,Oldrich
152638,Siegward
152669,Theobald
152700,Zenji
152742,Amerita
152773,Beatrice
152804,Henrietta
152835,Jesimae
152866,Karyn
152897,Nanako
152928,Sharlene
152959,Sieghilde
153001,Chanandit
153032,Deulmaeux
153063,Demresinaux
153094,Ephealgaux
153125,Gauldeval
153156,Grauffemart
153187,Migaifongut
153218,Romidiant
153260,Armittie
153291,Cadepure
153322,Clearite
153353,Epilleve
153384,Liabelle
153415,Nauthima
153446,Radille
153477,Vimechue
153519,Balu-Falu
153550,Burg-Ladarg
153581,Ehgo-Ryuhgo
153612,Kolui-Pelui
153643,Nokum-Akkum
153674,Savul-Kivul
153705,Vinja-Kanja
153736,Yarga-Umiga
153778,Cupapa
153809,Jajuju
153840,Kalokoko
153871,Mahoyaya
153902,Pakurara
153933,Ripokeke
153964,Yawawa
153995,Yufafa
154037,Fhig
154068,Khuma
154099,Pimy
154130,Raka
154161,Sahyu
154192,Sufhi
154223,Tsuim
154254,Yoli
154296,Durib
154327,Dzapiwa
154358,Jugowa
154389,Mugido
154420,Voldai
154451,Wagwei
154482,Zayag
154513,Zoldof
154579,Feliz
154610,Ferdinand
154641,Gunnar
154672,Massimo
154703,Oldrich
154734,Siegward
154765,Theobald
154796,Zenji
154838,Amerita
154869,Beatrice
154900,Henrietta
154931,Jesimae
154962,Karyn
154993,Nanako
155024,Sharlene
155055,Sieghilde
155097,Chanandit
155128,Deulmaeux
155159,Demresinaux
155190,Ephealgaux
155221,Gauldeval
155252,Grauffemart
155283,Migaifongut
155314,Romidiant
155356,Armittie
155387,Cadepure
155418,Clearite
155449,Epilleve
155480,Liabelle
155511,Nauthima
155542,Radille
155573,Vimechue
155615,Balu-Falu
155646,Burg-Ladarg
155677,Ehgo-Ryuhgo
155708,Kolui-Pelui
155739,Nokum-Akkum
155770,Savul-Kivul
155801,Vinja-Kanja
155832,Yarga-Umiga
155874,Cupapa
155905,Jajuju
155936,Kalokoko
155967,Mahoyaya
155998,Pakurara
156029,Ripokeke
156060,Yawawa
156091,Yufafa
156133,Fhig
156164,Khuma
156195,Pimy
156226,Raka
156257,Sahyu
156288,Sufhi
156319,Tsuim
156350,Yoli
156392,Durib
156423,Dzapiwa
156454,Jugowa
156485,Mugido
156516,Voldai
156547,Wagwei
156578,Zayag
156609,Zoldof
171083,tlk0
171210,tlk0
171244,dis0
171796,tlk0
171836,thk1
171859,thk2S
171872,thk2
171914,thk1
171937,thk2S
171950,thk2
171972,tlk0
172127,jn00
172144,efon
172171,jn00E
172186,jn01
172224,thk0
172256,tbo0R
172271,jn01E
172286,jn06
172311,jn06E
172326,jn02
172343,ikr0
172362,jn02E
172377,jn03
172443,ikr1
172464,thc0R
172479,jn03E
172494,jn04
172519,jn04E
172534,jn05
172559,jn05E
172574,jn07
172669,tla1
172702,jn07E
172717,jn08
172742,jn08E
172757,jn09
172917,jn09E
172932,jn10
172956,tlk1S
172969,tlk1
172991,jn10E
173006,jn11
173027,jn11E
173042,jn12
173076,jn12E
173091,jn13
173121,thk1
173150,jn13F
173167,fdi2
173193,tlk0
173216,thk0
173352,jn20
173372,tlk0
173395,tlk1S
173408,tlk1R
173423,jn20E
173438,jn21
173489,jn21E
173504,jn23
173529,jn23E
173544,jn24
173635,thk1S
173688,jn24E
173703,jn25
173731,jn25E
173746,jn26
173763,tlk0
173786,jn26E
173801,jn27
173818,tlk1S
173831,tlk1
173854,jn27E
173869,jn28
173886,thk2S
173899,thk2
173948,jn28E
173963,jn29
173980,tlk0
174139,thk1S
174201,efon
174218,jn29E
174233,jn30
174275,thk2+
174435,sit2E
174450,efon
174467,jn30E
174482,jn32
174515,jn32E
174530,jn34
174547,yor0fR
174562,nde0+
174715,efon
174732,jn34E
174747,jn35
174788,efon
174805,jn35E
174820,jn36
174860,jn36E
174875,jn37
175048,fdi2
175065,jn37E
175080,jn38
175100,ikr0+
175123,ikr0
175142,jn38E
175157,jn39
175182,ikr1
175200,ikr1S
175213,ikr1R
175228,jn39E
175243,jn40
175264,jn40E
175279,jn41
175312,tlk0+
175350,tlk0
175369,tlk1+
175392,tlk1R
175407,jn41E
175422,jn42
175455,jn42E
175470,jn40
175476,kidl0
175510,jn40E
175525,jn43
175565,pas0+
175586,pas0
175604,jn43E
175619,jn44
175740,jn44E
175755,jncl
175779,pas0S
175792,pas0
175831,jnclF
175848,fdi2
175865,qstc
175891,thk0
175916,fdi0
175933,fdi0
175949,fdo0
175966,fdo0
175982,fdi1
175999,fdi1
176015,fdo1
176032,fdo1
176048,whi1
176065,whi1
176081,who1
176098,who1
176114,who2
176131,who2
176147,who3
176164,who3
176180,main
176200,fdo1
176217,fdo1
176233,fdi1
176250,main
176270,fdi1
176286,blon
176303,blon
176321,whi0
176338,whi0
176354,who0
176371,who0
176387,efon
176404,efon
176420,fdis
176438,fdos
176455,fdos
176471,fdif
176489,fdof
176506,fdof
176522,fdip
176540,fdop
176557,fdop
176627,tlk0
176650,tlk2S
176735,tlk0
176762,thk1
176781,thk2S
177135,thk1
177158,thk2S
177204,thk1
177287,thk1
177310,thk2S
177623,thk1f
177663,tlk0
177691,thk1
177710,thk2
177729,dis0S
177742,dis0
177922,tlk0
178051,thk1
178084,tlk0
178112,thk1
178131,thk2
178216,K'L'
178442,eton
178971,fdo1
181003,qstc
182809,qstc
194448,AuBuCuDuEuFu
195184,s006
195199,tlk0
195213,tlk0
195227,tlk1
195241,tlk1
195257,s008
195272,gak0
195286,gak0
195300,gak1
195314,gak1
195330,s009
195345,job0
195359,job0
195373,job1
195387,job1
195403,s005
195418,hap0
195432,hap0
195446,hap1
195460,hap1
195474,new0
195488,new0
195502,new1
195516,new1
195532,s007
195547,exp0
195561,exp0
195575,exp1
195589,exp1
195603,dan0S
195629,dan0S
195655,dan1S
195681,dan0S
195707,dan0S
195733,dan2S
195759,dan3S
195772,dan3
195786,dan3S
195812,dae3
195826,dae3
195902,fdo0
195943,s000
195960,fdi0
195984,fdo0
196012,fdi0
196055,fdo0
196117,s000
196134,fdi0
196172,s002
196196,s002E
196211,s001
196242,fdo0
196270,fdi0
196299,s001
196501,s000
196555,s000
196609,s000
196675,s000
196729,s000
196783,s000
196905,s000
196961,s000
197035,s001
197127,s000
198435,fdi1
198466,fdo0
198507,s000
198524,fdi0
198569,s001
198593,s000
198633,s001
198664,fdo0
198713,fdi0
198745,s002
198787,s002
198988,fdo0
199029,s000
199046,fdi0
199113,fdo0
199148,fdi0
199165,qstc
199198,fdo0
199239,s000
199256,fdi0
199301,s001
199325,s000
199365,s001
199396,fdo0
199445,fdi0
199477,s002
199519,s002
199720,fdo0
199761,s000
199778,fdi0
199845,fdo0
199880,fdi0
199897,qstc
199930,fdo0
199971,s000
199988,fdi0
200016,s002
200094,s001
200143,s000
200223,s001
200254,fdo0
200303,fdi0
200428,fdo0
200469,s000
200486,fdi0
200553,fdo0
200588,fdi0
200605,qstc
200627,fdo1
200644,fdo1F
200732,s000
200752,fdi1
200769,s005
200784,hap0
200805,hap1R
200820,s000E
200835,s001
200856,s006
200871,tlk0
200892,tlk1E
200907,fdo1
200924,fdo1R
200939,s001F
200956,fdi2
200983,s006
200998,tlk0
201037,fdo1
201054,fdo1F
201142,s000
201162,fdi1
201179,s005
201194,hap0
201215,hap1R
201230,s000E
201245,s001
201266,s006
201281,tlk0
201302,tlk1R
201317,s001E
201332,s002
201351,hap0
201370,s002E
201385,s003
201400,hap1
201419,s007
201434,exp0
201461,s003E
201476,s004
201495,exp1R
201510,s004E
201525,s005
201546,s008
201561,gak0
201580,gak1R
201595,s005E
201610,s000
201631,s000E
201646,s006
201663,s006
201682,tlk1E
201697,fdo1
201714,fdo1R
201729,s006F
201746,fdi2
201766,fdo1
201783,fdo1F
201871,s000
201891,fdi1
201908,s005
201923,hap0
201942,s000E
201957,s002
201976,hap1R
201991,s002E
202006,s003
202023,s007
202038,exp0
202065,s003E
202080,s004
202099,exp1R
202114,s004E
202129,s005
202150,s008
202165,gak0
202182,gak1R
202197,s005E
202212,s000
202233,s000E
202248,s006
202265,s006
202284,tlk1E
202299,fdo1
202316,fdo1R
202331,s006F
202348,fdi2
205898,fdo1
206042,s040
206059,fdi1
206170,s040
206193,s068
206221,s066
206249,s066
206277,s068
206297,s041
206344,s068
206370,s066
206396,s066
206422,s068
206440,s041E
206455,s042
206532,s042E
206547,s044
206649,s044E
206664,ovl1
206681,s042
206720,fdo1
206916,s043
206933,fdi1
207043,s043E
207058,s045
207089,s045E
207104,s046
207164,s046E
207179,s047
207299,s047E
207314,s048
207400,s048E
207415,s049
207479,s049E
207494,s050
207555,s050E
207570,ovl1
207587,s051
207642,s051E
207657,ovl1
207674,s054
207716,s054E
207731,ovl1
207748,s055
207780,s055E
207795,s052
207846,s052E
207861,s056
207955,s056E
207970,s057
208069,s057E
208084,s058
208166,s058E
208181,s059
208254,fdo1
208281,s059E
208296,s060
208313,fdi1
208392,s060E
208407,s062
208492,s062E
208507,ovl1
208524,s061
208664,s061
208687,s069
208715,s067
208743,s067
208771,s069
208791,s063
208871,s069
208897,s067
208923,s067
208949,s069
208967,s063
209016,s053
209064,s053
209087,s070
209115,s070
209135,s064
209186,s070
209212,s070
209230,s064
209266,s053
209304,s053
209327,s070
209355,s070
209375,s064
209421,s070
209447,s070
209465,s064
209566,s065
209670,s060
209697,fdo1
209763,fdi1
209794,fdo1
210023,s000
210040,fdi1
210060,s000E
210075,ovl1
210100,s031
210128,s031
210148,s002
210273,s031
210299,s031
210317,s002EK
210332,s001
210389,s001E
210404,ovl1
210421,s009
210493,s009EK
210508,s003
210631,s003EK
210646,s004
210671,s004E
210686,ovl1
210703,s005
210756,s005EK
210771,s006
210832,s006EK
210847,s007
210909,s007E
210924,ovl1
210941,s008
210986,s008EK
211001,s010
211066,s010EK
211081,s011
211177,s011EK
211192,s012
211274,s012EK
211289,s013
211357,s013EK
211372,s014
211479,s014EK
211494,s015
211579,s015EK
211594,s016
211636,s016EK
211651,s017
211671,s017J
211727,s018
211799,s018EK
211814,s019
211904,s019
211927,s027
211955,s027
211975,s020
212132,s027
212158,s027
212176,s020
212199,s028
212227,s028
212247,s021
212354,s028
212380,s028
212398,s021E
212413,ovl1
212430,s022
212501,s022E
212516,ovl1
212533,s023
212611,s023EK
212626,s024
212686,s024E
212701,ovl1
212718,s025
212757,s025
212780,s032
212808,s029
212836,s029
212864,s032
212884,s026
212956,s032
212982,s029
213008,s029
213034,s032
213052,s026EK
213067,s030
213097,fdo1
213163,fdi1
213194,fdo1
213289,s097
213317,s097
213337,s088
213354,fdi1
213409,s097
213435,s097
213453,s088E
213468,ovl1
213493,s098
213521,s098
213541,s090
213622,fdo1
213663,fdi1
213695,fdo1
213723,s098
213749,s098
213767,s0904
213793,s094
213810,fdi1
213843,s094E
213858,ovl1
213875,s095
213900,fdo1
213928,s0955
214022,s091
214039,fdi1
214064,s091
214087,ovl1
214104,s092
214144,s092E
214159,s093
214194,ovl1
214211,s092
214251,s092E
214266,s093
214306,s096
214383,s098
214411,s098
214431,s090
214494,s098
214522,s098
214542,s090
214605,fdo1
214633,s098
214659,s098
214713,fdi1
215192,tla0
215206,tla0
215222,tla1
215236,tla1
215252,tlb0
215266,tlb0
215282,tlb1
215296,tlb1
215312,tlc0
215326,tlc0
215342,tlc1
215356,tlc1
215372,tcth
215386,tcth
215402,tca0
215416,tca0
215432,tba0
215446,tba0
215462,tab0
215476,tab0
215492,tath
215506,tath
215522,tac0
215536,tac0
215552,hta0
215566,hta0
215582,bik0
215596,bik0
215612,bik1
215626,bik1
215642,thk0
215656,thk0
215672,thk1
215686,thk1
215708,hrp2
215722,hrp2
215738,hrp3
215752,hrp3
215774,tlw0
215788,tlw0
215804,tlw1
215818,tlw1
215834,no00
215848,no00
215864,no01
215878,no01
215894,hta0
215908,hta0
215924,hta1
215938,hta1
215954,htb0
215968,htb0
215984,htb1
215998,htb1
216014,htb2
216028,htb2
216044,hab0
216058,hab0
216074,hba0
216088,hba0
216116,mte0
216130,mte0
216146,mte1
216160,mte1
216752,tla0
216766,tla0
216782,tla1
216796,tla1
216812,tlb0
216826,tlb0
216842,tlb1
216856,tlb1
216872,tlc0
216886,tlc0
216902,tlc1
216916,tlc1
216932,tath
216946,tath
216962,tba0
216976,tba0
216992,thk0
217006,thk0
217022,thk1
217036,thk1
217052,odo0
217066,odo0
217082,odo1
217096,odo1
217112,odtc
217126,odtc
217142,tcod
217156,tcod
217172,sra0
217186,sra0
217202,sra1
217216,sra1
217232,ktn0
217246,ktn0
217262,ktn1
217276,ktn1
217292,ktn0S
217320,ktn1S
217333,ktn1
217349,tlh2
217363,tlh2
217379,tlh3
217393,tlh3
217409,tlh0
217423,tlh0
217439,tlh1
217453,tlh1
217469,iai0
217483,iai0
217499,iai1
217513,iai1
217529,rei0
217543,rei0
217559,rei1
217573,rei1
218160,tlk0
218174,tlk0
218190,tlk1
218204,tlk1
218220,thk1
218234,thk1
218250,thk2
218264,thk2
218289,ats0
218303,ats0
218319,ate0
218333,ate0
218349,tlk0
218363,tlk0
218379,tlk1
218393,tlk1
218409,tlk0S
218437,tlk1S
218450,tlk1
218466,tly0
218480,tly0
218496,tly1
218510,tly1
218526,tln0
218540,tln0
218556,tln1
218570,tln1
218586,ats0
218600,ats0
218616,ate0
218630,ate0
218646,ats0
218660,ats0
218676,atss
218690,atss
218706,ate0
218720,ate0
218736,atl0
218750,atl0
218766,ats0
218780,ats0
218796,ate0
218810,ate0
218842,res0S
218855,res0
218869,res1S
218882,res1
218896,res2S
218909,res2
219568,lklr
219582,lklr
219598,utah
219612,utah
219628,utan
219642,utan
219658,hapy
219672,hapy
219688,sin0
219702,sin0
219718,swo0
219732,swo0
219748,swo1
219762,swo1
219778,tlk0
219792,tlk0
219808,tlk1
219822,tlk1
219838,thk1
219852,thk1
219868,thk2
219882,thk2
219898,sha0
219912,sha0
219928,sha1
219942,sha1
219958,sha0S
219971,sha0f
219986,sha1S
219999,sha1
220015,sir0
220029,sir0
220045,sir1
220059,sir1
220075,btls
220089,btls
220105,kei0
220119,kei0
220135,kei1
220149,kei1
220165,srd0
220179,srd0
220195,srd1
220209,srd1
220225,jmp0
220239,jmp0
220255,twa0
220269,twa0
220285,twa1
220299,twa1
220315,twb0
220329,twb0
220345,twb1
220359,twb1
220490,corpS
220503,corp
220517,res1S
220530,res1
220544,res2S
220557,res2
221820,iam0
221834,iam0
221850,iam1
221864,iam1
221880,kyr0
221894,kry0
221910,mia0
221924,mia0
221940,mia1
221954,mia1
221970,tla0
221984,tla0
222000,tla1
222014,tla1
222030,tlb0
222044,tlb0
222060,tlb1
222074,tlb1
222090,tlc0
222104,tlc0
222120,tlc1
222134,tlc1
222150,tld0
222164,tld0
222180,tld1
222194,tld1
222210,tle0
222224,tle0
222240,tle1
222254,tle1
222270,thk0
222284,thk0
222300,thk1
222314,thk1
222330,std0
222344,std0
222360,std1
222374,std1
222390,tlf0
222404,tlf0
222420,tlf1
222434,tlf1
222450,tfhc
222464,tfhc
222480,hctf
222494,hctf
222516,thc0
222530,thc0
222546,thc1
222560,thc1
222588,sthc
222602,sthc
222618,tfst
222632,tfst
222648,sttf
222662,sttf
222678,gma0
222692,gma0
222708,gma1
222722,gma1
222738,tbo0
222752,tbo0
222768,tbo1
222782,tbo1
222798,tbog
222812,tbog
222834,sra0
222848,sra0
222864,sra1
222878,sra1
222900,kta0
222914,kta0
222930,kta1
222944,kta1
222960,moj0
222974,moj0
222990,moj1
223004,moj1
223020,moj2
223034,moj2
223050,moj3
223064,moj3
223096,pas0
223110,pas0
223132,pr00
223146,pr00
223162,pr01
223176,pr01
223192,pr02
223206,pr02
223222,ngi0
223236,ngi0
223252,ngi1
223266,ngi1
223282,ngi2
223296,ngi2
223312,ora0
223326,ora0
223342,ora1
223356,ora1
223372,ora0
223386,ora0
223402,ora1
223416,ora1
223432,ora2
223446,ora2
223462,ora3
223476,ora3
223492,fnd0
223506,fnd0
223522,fnd1
223536,fnd1
223552,fnsp
223566,fnsp
223582,mas0
223596,mas0
223618,efs1
223636,mas3
223658,mas2
223673,efst
223689,mas2
223712,hnd0
223726,hnd0
223742,hnd1
223756,hnd1
223778,sik0
223792,sik0
223808,sik1
223850,wave
223886,as00
223900,as00
223922,cl20
223936,cl20
223958,utu0
223972,utu0
223994,c411
224008,utu0
224397,tla0
224411,tla0
224427,tla1
224441,tla1
224457,thk0
224471,thk0
224487,thk1
224501,thk1
225040,tlk0
225054,tlk0
225070,dis0
225084,dis0
225100,pas0
225114,pas0
225130,tld0
225144,tld0
225160,tld1
225174,tld1
225190,tlk1
225204,tlk1
225220,ten0
225234,ten0
225250,ten1
225264,ten1
225289,thk1
225303,thk1
225319,thk2
225333,thk2
225349,tlb0
225363,tlb0
225379,tlb1
225393,tlb1
225409,sdo0
225423,sdo0
225439,sdo1
225453,sdo1
225469,sdo0S
225482,sdo0f
225497,sdo1S
225510,sdo1
225526,koti
225540,koti
225556,akir
225570,akir
225586,saki
225600,saki
225616,sji0
225630,sji0
225646,sji1
225660,sji1
225923,qstc
226173,sha1
226411,sha0
227341,fdo2
228122,w000
228142,w000E
228157,w001
228198,w001
228221,w006
228249,w006
228277,w003
228305,w003
228333,w004
228361,w005
228381,w002
228445,w007
228496,w007
228524,w007
228550,w008
228567,fdi2
228584,fdi2K
228620,w008'
228658,w009
228713,w009E
228728,fdo2
228745,fdo2N
228823,t000
228840,fdi2
228857,fdi2+
228880,t000E
228895,ovl1
228912,t001
228937,t001E
228952,t002
229001,t002E
229016,ovl1
229033,t003
229066,fdo2
229083,fdo2R
229168,v000
229185,fdi2
229202,fdi2y
229254,v000E
229269,v001
229302,v001E
229317,v002
229358,v002E
229373,ovl1
229390,v003
229476,v003E
229491,ovl1
229508,v004
229539,v004E
229554,ovl1
229571,v005
229599,v005'
229624,v006
229689,v006'
229714,v007
229754,v007y
229838,fdi2
229971,jc00
230640,fdi2
230793,jc00
230957,jc00E'
230972,jc01
230995,main
231020,jc01E'
231035,jc03
231074,jc03E'
231089,jc02
231117,jc02E'
231132,jc04
231172,his1R'
231187,jc04E'
231202,jc05
231255,jc05E'
231270,jc06
231412,jc05E'
231427,jc06
231928,jc05R'
231969,fdi2
232109,jc00
232166,jc00E'
232181,jc01
232204,main
232229,jc01E'
232244,jc03
232275,jc03E'
232290,jc02
232318,jc02E'
232333,jc05
232426,jc05E'
232441,jc06
232513,fdi2
232532,fdi0
232549,fdi0
232565,fdo0
232582,fdo0
232598,fdi1
232615,fdi1
232631,fdo1
232648,fdo1
232664,whi1
232681,whi1
232697,who1
232714,who1
232730,who2
232747,who2
232763,who3
232780,who3
232796,main
232816,fdo1
232833,fdo1
232849,fdi1
232866,main
232886,fdi1
232902,blon
232919,blon
232937,whi0
232954,whi0
232970,who0
232987,who0
233003,efon
233020,efon
233036,fdis
233054,fdos
233071,fdos
233087,fdif
233105,fdof
233122,fdof
233138,fdip
233156,fdop
233173,fdop
233462,G'H'
233468,I'J'L'
233496,O'P'
233508,S'Q'
233518,R'X'
233532,Y'Z'
233570,b'e'
236430,tlc0+
236557,s048
236593,thk1+
236616,thk2
236646,tlk0+
236669,tlk1R
236684,s048E
236699,s049
236763,s049E
236778,s050
236817,tlk0+
236840,tlk2R
236855,s050
236890,s054
236931,e000
236949,e001
236982,s054
237033,s051
237050,tlk0+
237073,tlk1
237091,thk1+
237114,thk2
237169,fdo0
237186,fdo0
237202,fdo1
237219,fdo1
237235,fdo2
237252,fdo2
237268,fdi0
237286,fdi1
237304,fdi2
237331,tlk0
237382,tlk0
237423,tlk0
237464,tlc0
238567,tlb0
238586,tlb1
238644,tlk2
238779,tlk2f
238794,pas0
238813,who1
238830,who1Ev
238845,whi1
238886,s018
238934,tlk0
239069,s018Ew
239084,s019
239109,tlk2f
239124,thk1
239143,thk2Rw
239158,s019Ew
239173,s020
239194,tlk0
239537,tlc0
239725,tlb0
240175,tlc0
240495,fdo1
240517,fdo1F
240583,s030
240622,fdi1
240684,ovl1
240701,s030Ew
240716,s031
240733,ure0
240752,fdo1
240769,fdo1Rw
240784,s031Ew
240799,s032
240819,fdi2
240839,aww0
240866,tlc0
240891,s032Ew
240906,s033
240943,s033Ew
240958,s034
240975,tlc0
240998,tlc1Rw
241013,s034Ew
241028,s035
241078,yko0
241097,yko1n
241298,s035Ew
241313,s036
241343,main
241426,s036
241457,s037
241477,pas0
241495,tlk0
241519,ten0
241537,s037
241563,s037
241583,pas0
241601,tlk0
241622,tlk1
241640,s037
241666,s040
241683,pas0
241701,tlk0
241722,tlk1
241740,s040
241766,s040
241783,pas0
241801,tlk0
241822,tlk1
241840,s040
241866,s041
241883,pas0
241901,tlk0
241922,tlk1
241940,s041
241966,s041
241983,pas0
242001,tlk0
242022,tlk1
242040,s041
242066,s037
242083,pas0
242101,tlk0
242122,tlk1
242140,s037
242166,s040
242183,pas0
242201,tlk0
242222,tlk1
242240,s040
242258,s038
242420,s038Ew
242435,s039
242452,ure0+
242488,fdo2
242505,fdo2Rw
242520,s039
242678,qstc
242709,fdi1
245170,s044
245203,s044Ew
245218,s045
245274,tlc0+
245297,poi1+
245320,poi2J
245344,s045Ew
245359,s080
245388,dis0+
245420,ang0+
245443,ovl1
245460,s080Ew
245475,s076
245501,tlc0+
245532,s076Ew
245547,s077
245576,yko0+
245599,who1
245616,who1Rw
245631,s077f
245646,yko1N
245727,s046
245747,whi1
245767,ehe0+
245790,s046Ew
245805,s047
245831,dis0+
245873,s047Ew
245888,s048
245917,tlk0y
245950,tlk2
245993,s048Ew
246008,s049
246028,ban0Ev
246043,who1
246060,who1
246078,whi1
246129,s049Ew
246144,s079
246164,ban0Ev
246179,who1
246196,who1
246214,whi1
246234,thk1+
246257,s079Ew
246272,s050
246297,thk2
246323,s050Ew
246338,s054
246355,aww0+
246381,s054Ew
246396,s051
246413,thk1+
246436,thk1
246462,thk2J
246497,thk2
246515,s051Ew
246530,s052
246583,tlk0+
246606,tlk2
246624,s052Ew
246639,s053
246656,thk1+
246679,thk2
246709,tlk0+
246732,tlk2
246750,s053N
247407,Feliz
247438,Ferdinand
247469,Gunnar
247500,Massimo
247531,Oldrich
247562,Siegward
247593,Theobald
247624,Zenji
247666,Amerita
247697,Beatrice
247728,Henrietta
247759,Jesimae
247790,Karyn
247821,Nanako
247852,Sharlene
247883,Sieghilde
247925,Chanandit
247956,Deulmaeux
247987,Demresinaux
248018,Ephealgaux
248049,Gauldeval
248080,Grauffemart
248111,Migaifongut
248142,Romidiant
248184,Armittie
248215,Cadepure
248246,Clearite
248277,Epilleve
248308,Liabelle
248339,Nauthima
248370,Radille
248401,Vimechue
248443,Balu-Falu
248474,Burg-Ladarg
248505,Ehgo-Ryuhgo
248536,Kolui-Pelui
248567,Nokum-Akkum
248598,Savul-Kivul
248629,Vinja-Kanja
248660,Yarga-Umiga
248702,Cupapa
248733,Jajuju
248764,Kalokoko
248795,Mahoyaya
248826,Pakurara
248857,Ripokeke
248888,Yawawa
248919,Yufafa
248961,Fhig
248992,Khuma
249023,Pimy
249054,Raka
249085,Sahyu
249116,Sufhi
249147,Tsuim
249178,Yoli
249220,Durib
249251,Dzapiwa
249282,Jugowa
249313,Mugido
249344,Voldai
249375,Wagwei
249406,Zayag
249437,Zoldof
249503,Feliz
249534,Ferdinand
249565,Gunnar
249596,Massimo
249627,Oldrich
249658,Siegward
249689,Theobald
249720,Zenji
249762,Amerita
249793,Beatrice
249824,Henrietta
249855,Jesimae
249886,Karyn
249917,Nanako
249948,Sharlene
249979,Sieghilde
250021,Chanandit
250052,Deulmaeux
250083,Demresinaux
250114,Ephealgaux
250145,Gauldeval
250176,Grauffemart
250207,Migaifongut
250238,Romidiant
250280,Armittie
250311,Cadepure
250342,Clearite
250373,Epilleve
250404,Liabelle
250435,Nauthima
250466,Radille
250497,Vimechue
250539,Balu-Falu
250570,Burg-Ladarg
250601,Ehgo-Ryuhgo
250632,Kolui-Pelui
250663,Nokum-Akkum
250694,Savul-Kivul
250725,Vinja-Kanja
250756,Yarga-Umiga
250798,Cupapa
250829,Jajuju
250860,Kalokoko
250891,Mahoyaya
250922,Pakurara
250953,Ripokeke
250984,Yawawa
251015,Yufafa
251057,Fhig
251088,Khuma
251119,Pimy
251150,Raka
251181,Sahyu
251212,Sufhi
251243,Tsuim
251274,Yoli
251316,Durib
251347,Dzapiwa
251378,Jugowa
251409,Mugido
251440,Voldai
251471,Wagwei
251502,Zayag
251533,Zoldof
254517,HGAQ
265977,tlk0
266204,F'R'
266382,tlk0
266800,J'K'
269194,fdo2
269211,fdo2F
269307,s052
269324,fdi1
269406,s052E
269421,s053
269474,fdo1
269491,fdo1R
269555,tlk0E
269570,s055
269590,fdi2
269607,fdi2
269636,ten0
269654,fdo1
269671,fdo1R
269686,s055N
269719,fdi0
269755,fdo2
269772,fdo2F
269863,s052
269883,fdi1
269900,fdi1n
269980,s052E
269995,s053
270048,fdo1
270065,fdo1R
270129,tlk0E
270144,s055
270164,fdi2
270181,fdi2
270210,ten0
270228,fdo1
270245,fdo1R
270260,s055N
270287,fdi0
270325,fdo1
270342,fdo1F
270432,s057
270449,fdi1
270466,fdi1f
270481,ure0+
270676,s057E
270691,s058
270735,tlb0+
270758,tlb1n
271040,pas0
271079,pas0
271118,pas0
271157,pas0
271196,pas0
271235,pas0
271274,pas0
271313,pas0
271347,main
271364,mainR
271379,s058E
271394,s060
271662,tlb0+
271685,tlb1R
271700,s060E
271715,s061
271741,tlb0+
271772,tlb1E
271787,fdo1
271804,fdo1R
271853,fdi2
271895,fdo0
271912,fdo0F
272029,thk17T
272053,s065
272073,fdi1
272116,tlk0+
272139,tlk2
272157,fdo1
272179,fdo1R
272194,s065'
272216,s000
272236,fdi1
272253,fdi12
272307,s001
272324,thk2
272354,tlk0+
272377,s001EZ
272392,s002
272448,s0027a
272479,s003
272526,tlk1+
272627,ovl1
272644,s003E
272659,s070
272698,tlk0+
272721,tlk1R
272736,s070E
272751,s069
272794,s069E
272809,s066
272845,tlk0+
272868,tlk2+
272894,fdo1
272911,s066N
272956,s067
272973,fdi1
273042,tlk0+
273065,tlk2
273117,thk0+
273170,thk0+
273223,thk0+
273276,thk0+
273329,thk0+
273382,thk0+
273435,thk0+
273488,thk0+
273541,thk0+
273594,thk0+
273647,thk0+
273700,thk0+
273737,ovl1
273754,s067
273780,s068
273813,pas0
273839,s068
273872,pas0
273898,s009
273931,pas0
273957,s009
273990,pas0
274016,s008
274049,pas0
274075,s008
274108,pas0
274134,s068
274167,pas0
274193,s009
274226,pas0
274247,main
274264,main
274510,s068RZ
274525,s008RZ
274540,s009N
274570,s004
274595,tlb0+
274626,tlb1
274644,s004EZ
274659,s005
274713,tlc0+
274739,s005
274765,s006
274793,s006
274821,s010
274849,s010
274877,s043
274905,s043
274933,s006
274961,s010
275452,s006RZ
275467,s010RZ
275482,s043EZ
275497,s007
275517,ure0+
275543,tlc0+
275569,fdo1
275591,fdo1RZ
275635,qstc
275665,fdi2
276490,kira
276722,Feliz
276753,Ferdinand
276784,Gunnar
276815,Massimo
276846,Oldrich
276877,Siegward
276908,Theobald
276939,Zenji
276981,Amerita
277012,Beatrice
277043,Henrietta
277074,Jesimae
277105,Karyn
277136,Nanako
277167,Sharlene
277198,Sieghilde
277240,Chanandit
277271,Deulmaeux
277302,Demresinaux
277333,Ephealgaux
277364,Gauldeval
277395,Grauffemart
277426,Migaifongut
277457,Romidiant
277499,Armittie
277530,Cadepure
277561,Clearite
277592,Epilleve
277623,Liabelle
277654,Nauthima
277685,Radille
277716,Vimechue
277758,Balu-Falu
277789,Burg-Ladarg
277820,Ehgo-Ryuhgo
277851,Kolui-Pelui
277882,Nokum-Akkum
277913,Savul-Kivul
277944,Vinja-Kanja
277975,Yarga-Umiga
278017,Cupapa
278048,Jajuju
278079,Kalokoko
278110,Mahoyaya
278141,Pakurara
278172,Ripokeke
278203,Yawawa
278234,Yufafa
278276,Fhig
278307,Khuma
278338,Pimy
278369,Raka
278400,Sahyu
278431,Sufhi
278462,Tsuim
278493,Yoli
278535,Durib
278566,Dzapiwa
278597,Jugowa
278628,Mugido
278659,Voldai
278690,Wagwei
278721,Zayag
278752,Zoldof
278818,Feliz
278849,Ferdinand
278880,Gunnar
278911,Massimo
278942,Oldrich
278973,Siegward
279004,Theobald
279035,Zenji
279077,Amerita
279108,Beatrice
279139,Henrietta
279170,Jesimae
279201,Karyn
279232,Nanako
279263,Sharlene
279294,Sieghilde
279336,Chanandit
279367,Deulmaeux
279398,Demresinaux
279429,Ephealgaux
279460,Gauldeval
279491,Grauffemart
279522,Migaifongut
279553,Romidiant
279595,Armittie
279626,Cadepure
279657,Clearite
279688,Epilleve
279719,Liabelle
279750,Nauthima
279781,Radille
279812,Vimechue
279854,Balu-Falu
279885,Burg-Ladarg
279916,Ehgo-Ryuhgo
279947,Kolui-Pelui
279978,Nokum-Akkum
280009,Savul-Kivul
280040,Vinja-Kanja
280071,Yarga-Umiga
280113,Cupapa
280144,Jajuju
280175,Kalokoko
280206,Mahoyaya
280237,Pakurara
280268,Ripokeke
280299,Yawawa
280330,Yufafa
280372,Fhig
280403,Khuma
280434,Pimy
280465,Raka
280496,Sahyu
280527,Sufhi
280558,Tsuim
280589,Yoli
280631,Durib
280662,Dzapiwa
280693,Jugowa
280724,Mugido
280755,Voldai
280786,Wagwei
280817,Zayag
280848,Zoldof
295652,X'Y'Z'
296642,tlk0f
296657,tlk0
296675,tlk1
296693,tlk1
296901,twa0
296919,twa1
296964,M'N'
297567,who1
297584,who1xR
297600,s020E
297615,s017
297951,sha0
297980,who1
297997,who1R
298012,s058
298389,dead
298474,sha0
298493,sha12
298609,who1
298626,who1R'
298641,s054E'
298656,s055
298673,whi0
298693,sha0
298711,who0
298728,who0R'
298743,s055E'
298758,s056
299212,M'N'
299312,M'N'
299480,P'Q'
305580,s020
305810,s020
305836,s021
305864,s021
305892,s021
305920,s021
305948,s027
305976,s027
306004,s021
306032,s021
306312,tlc0+
306335,s021E
306350,s022
306383,s022
306409,s023
306437,s023
306465,s026
306493,s026
306521,s028
306549,s028
306577,s023
306605,s026
306964,s023R
306979,s026R
306994,s028E
307009,s024
307026,dis0+
307308,s024E
307323,s025
307352,tlk0+
307383,tlk2
307401,s025N
307534,s057
307861,yko0
307879,s057E
307894,s058
307914,yko1+
307940,s058E
307955,s059
307983,tlk0
308009,tlk0
308035,tlk0
308061,tlk0
308087,tlk0
308113,tlk0
308139,tlk0
308165,tlk0
308425,tlk1
308451,tlk1
308477,tlk1
308503,tlk1
308529,tlk1
308555,tlk1
308581,tlk1
308607,tlk1
308864,s059E
308879,s060
308904,tlc0+
308930,s060E
308945,s061
308995,tlk0+
309018,tlk2+
309041,s061E
309056,s077
309073,ure0+
309104,s077E
309119,s062
309172,s062E
309187,s063
309275,s063E
309290,s064
309319,tlc0+
309360,s064E
309375,s065
309408,s065E
309423,s066
309456,s066E
309471,s067
309488,aww0+
309511,s067E
309526,s068
309554,tlk0
309580,tlk0
309606,tlk0
309632,tlk0
309658,tlk0
309684,tlk0
309710,tlk0
309736,tlk0
310005,tlk1
310031,tlk1
310057,tlk1
310083,tlk1
310109,tlk1
310135,tlk1
310161,tlk1
310187,tlk1
310231,s068E
310246,s069
310271,s069E
310286,s070
310311,s070E
310326,s071
310351,s071E
310366,s072
310442,thk1+
310473,s072
310499,s073
310544,s073
310589,s074
310634,s074
310679,s075
310724,s075
310769,s073
310814,s074
310854,main
310890,thk2
311448,s073R
311463,s074R
311478,s075E
311493,s076
311510,aww0+
311544,s076N
311693,s000
311727,s000E
311742,s001
311759,tlk0+
311790,tlk2+
311826,s001E
311841,s002
311886,s002E
311901,s003
311940,s003E
311955,s004
312203,tlk0+
312234,tlk2R
312249,s004
312275,s005
312303,s005
312331,s005
312359,s005
312387,s006
312415,s006
312443,s005
312471,s005
312748,s005R
312763,s006E
312778,s007
312838,s007E
312853,s008
312911,s008E
312926,s009
312967,s009E
312982,s010
313021,s010E
313036,s011
313100,s011E
313115,s012
313181,s012
313207,s005
313235,s005
313263,s005
313291,s005
313319,s006
313347,s006
313375,s005
313403,s005
313685,s005R
313700,s006E
313715,s013
313740,tlk0+
313779,tlk2R
313794,s013E
313809,s014
314063,dis0+
314086,s014
314112,s015
314140,s015
314168,s015
314196,s015
314224,s016
314252,s016
314280,s015
314308,s015
314597,s015R
314612,s016E
314627,s075
314652,s075E
314667,s017
314702,tlc0
314841,tlc0+
314867,s017N
314894,s018
315099,ure0
315117,s018E
315132,s019
315152,thk1+
315175,thk2+
315211,fdo2
315228,fdo2R
315281,fdi2
315395,s020
315437,s020E
315452,s021
315754,s021E
315769,s022
315804,thk1+
315827,thk2+
315857,s022E
315872,s023
315976,s023E
315991,s024
316427,s024E
316442,s025
316637,s025E
316652,s026
316713,tlc0+
316736,s026E
316751,s027
316774,tlk0+
316805,tlk1+
316836,s027E
316851,s028
316892,s028E
316907,s029
316954,s029E
316969,s030
317002,s030E
317017,s031
317299,s031E
317314,s032
317371,s032E
317386,s033
317420,tlk0+
317451,tlk2
317469,s033N
317519,fdi2
317619,s001
317642,ure0+
317708,ovl1
317725,s001J
317749,s002
317792,tlb0
317988,tlb1
318018,s002E
318033,s003
318524,nto0EO
318539,ovl2
318556,s003E
318571,s004
318607,s004f
318622,nto1'
318653,s005
318693,nto0+
318716,nto1
318744,s005E
318759,s007
318790,nto0
318826,nto1+
318849,ovl1
318866,s007E
318881,s006
318928,s006E
318943,s008
319017,dis0+
319040,s008E
319055,s009
319338,s009E
319353,s010
319621,s010E
319636,s011
319665,main
319685,aww0+
319711,s011E
319726,s012
320008,s012
320034,s012
320060,s012
320086,s012
320112,s012
320138,s012
320164,s012
320190,s012
320219,s013
320247,s013
320275,s013
320303,s013
320331,s013
320359,s013
320387,s013
320415,s013
320472,s013
320498,s013
320524,s013
320550,s013
320576,s013
320602,s013
320628,s013
320654,s013
320695,s014
320743,ovl2
320760,s014E
320775,s015
320795,thk1
320821,thk2
320853,s015F
320969,s016
320995,tlb0+
321035,tlb1J
321080,s016a
321097,s017
321374,ovl2
321391,s017E
321406,s018
321678,s018E
321693,qstc
321810,s019
321884,ovl1
321901,s019E
321916,s020
321954,tlc0+
322231,s020E
322246,s021
322787,main
322807,main
322827,main
322855,s021
323009,s026
323035,ovl2
323052,s026E
323067,s022
323087,ovl2
323104,s022N
323125,s027
323145,ovl2
323162,s027'
323184,s028
323201,idl0+
323248,s028E
323263,s029
323290,str0
323313,s029
323328,kill
323345,fq04
323363,fq05E
323378,s030
323402,str0
323435,s030E
323450,s033
323514,s033E
323529,s031
323552,s031
323567,kill
323664,s023
323681,nto0
323713,nto1
324401,s023N
324428,thk1
324449,s024
324645,ovl2
324662,s024E
324677,s025
324697,thk2+
324731,s025F
324849,s034
324872,tlb0+
325060,tlb1
325081,s034
325099,s035
325122,ure0+
325156,ovl2
325173,s035E
325188,s036
325238,nto0+
325269,ovl2
325286,s036E
325301,s037
325332,ovl2
325349,s037E
325364,s038
325392,nto1
325410,ovl2
325427,s038E
325442,s039
325841,tlb1
325859,s039E
325874,s043
325894,ure0+
325927,s043E
325942,s040
326089,s041
326602,s041
326676,s042
326702,ang0
326728,nto0
326924,s042F
327050,s023
327125,s023E
327140,s025
327219,tlb0
327276,tlb1
327331,s026
327351,sha0
327393,ovl1
327410,s026E
327425,s027
327450,sha1+
327506,s027E
327521,s028
328155,s029
328190,s029E
328205,s030
328725,s030E
328740,s031
328991,tlb0
329414,tlb1
329432,s031E
329447,s032
329820,ovl1
329837,s032E
329852,s053
329869,tlb0
329895,tlb1
329913,s053E
329928,s033
330978,ovl2
330995,s033E
331010,s034
331204,tlb0+
331227,s034E
331242,s054
331270,tlb1+
331299,s054F
331396,s035
331607,nto0R
331622,s035E
331637,s036
331670,nto1
331688,s036E
331703,s037
331740,tlb0+
331935,tlb1
331956,s037F
332065,s038
332123,s038E
332138,s055
332227,tlc0+
332291,tlc0+
332355,tlc0+
332419,tlc0+
332483,tlc0+
332547,tlc0+
332611,tlc0+
332675,tlc0+
332715,tlb0R
332730,s055E
332745,s041
332778,tlc0+
332804,s041E
332819,s039
333043,tlb1
333064,s039N
333095,s040
333381,ure0+
333410,s040
333526,s042
333831,s042E
333846,s044
333893,frst
333913,ok00
333933,s044E
333948,s043
333999,frst
334019,ok00
334039,s044E
334054,s043
334105,frst
334125,ok00
334145,s044E
334160,s043
334211,frst
334231,ok00
334251,s044E
334266,s043
334317,frst
334337,ok00
334357,s044E
334372,s043
334423,frst
334443,ok00
334463,s044E
334478,s043
334517,frst
334537,ok00
334557,s044E
334572,s043
334623,frst
334643,ok00
334663,s044E
334678,s043
334729,frst
334749,ok00
334769,s044E
334784,s043
334835,frst
334855,ok00
334875,s044E
334890,s043
334941,frst
334961,ok00
334981,s044E
334996,s043
335047,frst
335067,ok00
335087,s044E
335102,s043
335145,ure0+
335451,ovl2
335468,s043E
335483,s051
335681,tlb0+
335704,ovl2
335721,s051E
335736,s045
335778,tlb1
336024,s045E
336039,s050
336071,ovl1
336088,s050E
336103,s045
336366,s045E
336381,s046
336416,ure0
336446,tlc0+
336880,s046E
336895,s047
336920,ang0+
336951,s047E
336966,s048
337467,s048E
337482,s049
337513,ovl2
337530,s049E
337545,s052
337588,twa0
337614,tlk0
337640,twa0
337666,tlk0
337692,tlk0
337718,tlk0
337744,tlk0
337770,twa0
338273,twa1
338299,tlk1
338325,twa1
338351,tlk1
338377,tlk1
338403,tlk1
338429,tlk1
338455,twa1
338479,s052E
338494,qstc
338536,who0
338553,who0
338569,who1
338586,who1
338602,whi0
338620,whi1
338638,fdo0
338655,fdo0
338671,fdo1
338688,fdo1
338704,fdo2
338721,fdo2
338737,fdi0
338755,fdi1
338773,fdi2
338811,Feliz
338842,Ferdinand
338873,Gunnar
338904,Massimo
338935,Oldrich
338966,Siegward
338997,Theobald
339028,Zenji
339070,Amerita
339101,Beatrice
339132,Henrietta
339163,Jesimae
339194,Karyn
339225,Nanako
339256,Sharlene
339287,Sieghilde
339329,Chanandit
339360,Deulmaeux
339391,Demresinaux
339422,Ephealgaux
339453,Gauldeval
339484,Grauffemart
339515,Migaifongut
339546,Romidiant
339588,Armittie
339619,Cadepure
339650,Clearite
339681,Epilleve
339712,Liabelle
339743,Nauthima
339774,Radille
339805,Vimechue
339847,Balu-Falu
339878,Burg-Ladarg
339909,Ehgo-Ryuhgo
339940,Kolui-Pelui
339971,Nokum-Akkum
340002,Savul-Kivul
340033,Vinja-Kanja
340064,Yarga-Umiga
340106,Cupapa
340137,Jajuju
340168,Kalokoko
340199,Mahoyaya
340230,Pakurara
340261,Ripokeke
340292,Yawawa
340323,Yufafa
340365,Fhig
340396,Khuma
340427,Pimy
340458,Raka
340489,Sahyu
340520,Sufhi
340551,Tsuim
340582,Yoli
340624,Durib
340655,Dzapiwa
340686,Jugowa
340717,Mugido
340748,Voldai
340779,Wagwei
340810,Zayag
340841,Zoldof
340907,Feliz
340938,Ferdinand
340969,Gunnar
341000,Massimo
341031,Oldrich
341062,Siegward
341093,Theobald
341124,Zenji
341166,Amerita
341197,Beatrice
341228,Henrietta
341259,Jesimae
341290,Karyn
341321,Nanako
341352,Sharlene
341383,Sieghilde
341425,Chanandit
341456,Deulmaeux
341487,Demresinaux
341518,Ephealgaux
341549,Gauldeval
341580,Grauffemart
341611,Migaifongut
341642,Romidiant
341684,Armittie
341715,Cadepure
341746,Clearite
341777,Epilleve
341808,Liabelle
341839,Nauthima
341870,Radille
341901,Vimechue
341943,Balu-Falu
341974,Burg-Ladarg
342005,Ehgo-Ryuhgo
342036,Kolui-Pelui
342067,Nokum-Akkum
342098,Savul-Kivul
342129,Vinja-Kanja
342160,Yarga-Umiga
342202,Cupapa
342233,Jajuju
342264,Kalokoko
342295,Mahoyaya
342326,Pakurara
342357,Ripokeke
342388,Yawawa
342419,Yufafa
342461,Fhig
342492,Khuma
342523,Pimy
342554,Raka
342585,Sahyu
342616,Sufhi
342647,Tsuim
342678,Yoli
342720,Durib
342751,Dzapiwa
342782,Jugowa
342813,Mugido
342844,Voldai
342875,Wagwei
342906,Zayag
342937,Zoldof
357368,fdo1
357385,fdo1F
357482,s191
357502,fdi1
357551,s192
357600,tlk0+
357638,s193
357655,tlk1+
357687,nak2
357744,s194
357768,s194J
357792,muk0
357810,s195
357861,s196
357878,muk1
357933,nak1
357979,s197
358032,s198
358092,s199
358127,s200
358171,s204
358224,s201
358273,s202
358302,tlk0+
358325,tlk1+
358363,s203
358380,tlk0+
358411,fdo1
358469,fdi1
358489,fdo1
358506,fdo1F
358637,ira0
358664,s208
358684,fdi1
358750,s209
358806,s210
358853,s211
358925,s212
358959,tlk0+
358982,tlk1
359015,s213
359071,tlk0+
359094,fdo1
359126,s213N
359158,fdi1
359183,fdo1
359200,fdo1F
359421,s082
359441,fdi1
359458,s082
359476,s083
359523,joy0n
359589,s083EE
359604,s084
359685,s084EE
359700,s085
359770,nak2
359795,s085EE
359810,s086
359848,nak2
359873,s086EE
359888,s087
359921,s087EE
359936,s089
360145,s089EE
360160,s088
360212,fdo1
360229,fdo1RE
360374,s091
360394,fdi1
360422,thk2n
360457,s091EE
360472,s092
360489,ust0J
360513,nak1
360538,ust0E+
360553,nak1
360578,s092EE
360593,s093
360610,ust1
360635,nak2
360660,ust1
360712,nak2
360737,s093EE
360752,s094
360807,war0+
360862,fdo1
360879,fdo1RE
360909,war1N
360993,s104
361013,fdi1
361049,s104EE
361064,s105
361081,pas0+
361104,tlk0
361122,tlk0+
361158,fdo1
361175,fdo1RE
361190,s105RE
361205,s104N
361272,qstc
361294,fdi1
361314,fdo1
361331,fdo1F
361399,s143
361419,fdi1
361439,tlk0+
361467,fdo1
361484,fdo1R
361514,tlk1
361676,s095
361696,fdi1
361732,tlk0RE
361747,s095EE
361762,s096
361787,tlk1RE
361802,s096EE
361817,s099
361851,s099EE
361866,s098
361891,s098EE
361906,s097
361931,s097EE
361946,s100
361971,s100EE
361986,s101
362013,cla0
362058,s101EE
362073,s102
362105,war0n
362162,war1EE
362177,s103
362207,fdo1
362224,fdo1RE
362239,s1035T
362314,s104
362334,fdi1
362362,s104EE
362377,s105
362394,pas0+
362417,tlk0+
362440,fdo1
362457,fdo1RE
362472,s105N
362523,qstc
362545,fdi1
362565,fdo1
362582,fdo1F
362660,s137
362680,fdi1
362721,fdo1
362738,fdo1RE
362753,s137
362873,s138
362893,fdi1
362928,s138E
362943,s139
362989,s139E
363004,s140
363041,ovl2
363058,s140E
363073,s141
363097,s141E
363112,s142
363136,s142E
363151,s143
363197,s143E
363212,s144
363237,s144EO
363252,fdo1
363269,fdo1RE
363284,s1445T
363359,s145
363379,fdi1
363449,fdo1
363466,fdo1RE
363481,s137
363601,s147
363621,fdi1
363667,s147E
363682,s148
363702,s148E
363717,s149
363737,ovl1
363754,s149E
363769,s150
363816,ust0
363834,s150E
363849,s151
363866,ust1
363884,ust1
363914,nak2
363943,nak2
363968,fdo1
363985,fdo1RE
364000,s1515T
364075,s145
364095,fdi1
364165,fdo1
364182,fdo1RE
364197,s137
364317,s152
364337,fdi1
364372,s152E
364387,s153
364416,nak2
364470,nak2
364490,s153E
364505,s154
364537,s154E
364552,s155
364640,fdo1
364657,fdo1RE
364672,s1555T
364747,s145
364767,fdi1
364832,fdo1
364849,fdo1R
364864,s137
364993,s156
365013,fdi1
365090,s156E
365105,s157
365179,fdo1
365196,fdo1R
365211,s157
365333,s158
365353,fdi1
365396,s158E
365411,s159
365440,nak1
365460,s159E
365475,s160
365511,tlk0
365541,s160E
365556,s161
365573,tlk1
365591,ovl2
365608,s161E
365623,s162
365690,nak2
365719,nak2
365736,s162E
365751,s163
365771,fdo1
365788,fdo1RE
365803,s1635T
365899,s145
365919,fdi1
365968,s145E
365983,s146
366017,fdo1
366034,fdo1Ru
366049,stesF
366069,fdi1
366126,fdo1
366143,fdo1F
366269,fun0S
366282,fun0Ez
366297,s090
366317,fdi1
366334,fdi1+
366357,s090Ez
366372,s091
366413,fun1Rz
366428,s091Ez
366443,s093
366491,dan0Rz
366506,s093Ez
366521,s095
366546,s095N
366575,s094
366592,tlk0+
366623,tlk1Rz
366638,s094
366661,s124
366689,s124
366709,s096
366742,fdo1
366759,fdo1Rz
366774,s096Rz
366789,s124F
366809,fdi1
366831,fun0Rz
366846,s096Rz
366861,s124Ez
366876,s097
366906,s097Ez
366921,s123
366962,s091Ez
366977,s092
367010,fdo1
367027,fdo1Rz
367042,s092Rz
367057,s123'
367091,fdi1
367111,fdo1
367128,fdo1F
367249,fun0S
367262,fun0Ez
367277,s098
367297,fdi1
367314,fdi1fT
367329,tlk0+
367352,s098Ez
367367,s099
367384,tlk2+
367407,thk1
367435,thk2Rz
367450,s099Ez
367465,s100
367482,tlk0+
367513,fdo1
367530,fdo1Rz
367545,s100F
367565,fdi1
367585,fdo1
367602,fdo1F
367720,fun0S
367733,fun0Ez
367748,s101
367768,fdi1
367785,fdi1+
367808,s101Ez
367823,s102
367840,tlk0+
367876,s102
367899,s125
367927,s125
367947,s103
367972,tlk2+
367995,s103Rz
368010,s125Ez
368025,s104
368072,s104Ez
368087,s105
368116,tlk0+
368139,fdo1
368156,fdo1Rz
368171,s105F
368191,fdi1
368211,fdo1
368228,fdo1F
368524,fun0S
368537,fun0Ez
368552,s106
368572,fdi1
368604,fun1+
368640,stn0Rz
368655,s106Ez
368670,s107
368704,stn0Rz
368719,s107Ez
368734,s108
368751,stn1
368797,s108
368820,s126
368848,s126
368868,s109
368885,stn2+
368908,yre0Rz
368923,s109Rz
368938,s126Ez
368953,s110
368976,yre0N
369002,s110Ez
369017,s111
369055,s111Ez
369070,s112
369112,s112Ez
369127,s113
369156,stn2+
369177,stn2Rz
369192,s113Ez
369207,s114
369244,s114Ez
369259,s115
369309,s115Ez
369324,s116
369362,tlk0+
369415,s116Ez
369430,s117
369455,s117Ez
369470,s118
369487,tlk1+
369540,s118Ez
369555,s119
369611,fdo1
369628,fdo1Rz
369724,nir0S
369737,nir0
369758,doka
369778,fun0S
369791,fun0
369814,s127
369834,s120
369861,fdi1
369878,fdi1+
369901,s120Rz
369916,s127Ez
369931,s121
369948,clp0+
369969,clp0EO
369984,fdo1
370001,fdo1Rz
370016,s121'
370045,qstc
370067,fdi1
370120,Q'R'
372284,fdo1
372301,fdo1F
372542,fun0S
372555,fun0E
372570,s177
372590,fdi1
372607,fdi1+
372630,s177E
372645,s178
372662,fun1+
372683,fun1R
372698,s178E
372713,s066
372745,s066E
372760,s179
372800,s179E
372815,s180
372832,tlk0+
372855,s180E
372870,s181
372887,tlk1+
372910,s181E
372925,s182
372942,tlk0+
372965,tlk1S
372978,tlk1R
372993,s182E
373008,s183
373025,fun0+
373048,s183E
373063,s184
373101,s184E
373116,s185
373133,fun1+
373156,huf0R
373171,s185E
373186,s186
373218,huffN
373265,s186E
373280,s187
373300,s000
373320,s187E
373335,s188
373357,huf2N
373511,s188E
373526,s189
373532,kidl0
373566,s189E
373581,s190
373636,s190E
373651,s191
373668,tlb0+
373711,s191E
373726,s192
373764,fun0+
373785,fun0R
373800,s192E
373815,s193
373842,tlb0+
373865,tlb1R
373880,s193E
373895,s194
373920,s194E
373935,s195
373970,s195E
373985,s196
374013,s196E
374028,s197
374050,tlb0+
374073,aww0R
374088,s197E
374103,s198
374133,aww0R
374148,s198E
374163,s199
374208,s199E
374223,s200
374250,s200E
374265,s201
374310,s201E
374325,s202
374350,aww0+
374373,fdo1
374390,fdo1R
374405,s202z
374472,fdi2
374492,fdo1
374509,fdo1F
374789,dnc0
374804,stat
374836,kant
374853,s203
374873,efon
374950,cla0n
374997,s203E
375012,s204
375044,cho0+
375065,dnc1E
375080,fdo1
375097,fdo1R
375112,s204
375127,stop
375142,kidl0
375151,kidl0
375160,kidl0
375526,swa0+
375570,s205
375590,efon
375643,s205E
375658,s206
375702,s206E
375717,s208
375747,s208E
375762,fdo1
375779,fdo1'
376065,s207
376085,efon
376102,efon+
376171,s207E
376186,s209
376203,tlb1+
376224,tlb1J
376265,s209E
376280,s211
376342,tlk0+
376363,tlk0f
376378,tlk1R
376393,s211E
376408,s210
376433,s210E
376448,s212
376465,tlk0+
376488,tlk1f
376503,tlk0E
376518,vale
376543,ten0R
376558,s212E
376573,s213
376590,tlk0+
376613,tlk1+
376636,s213E
376651,s214
376668,tlk0+
376691,tlk1+
376723,s214E
376738,s215
376755,tlk0E
376770,vale
376795,ten0R
376810,s215E
376825,s216
376887,s216E
376902,s217
376919,tlk0E
376934,vale
376974,tlu0R
376989,s217E
377004,s218
377040,s218E
377055,s227
377080,s227E
377095,s219
377112,tlk0E
377127,vale
377152,ten0'
377187,s219E
377202,s220
377219,tlu1'
377289,fdo1
377306,fdo1R
377321,s220
377377,fdi2
377397,fdo1
377414,fdo1F
377668,s221
377688,fdi1
377740,s221E
377755,s222
377792,s222E
377807,s223
377824,tlk0+
377847,tlk1+
377868,tlk1R
377883,s223E
377898,s224
377915,fun0+
377936,fun0R
377951,s224E
377966,s225
377999,s225E
378014,s226
378039,fdo1
378056,fdo1R
378071,s226
378107,qstc
378129,fdi1
378149,fdo1
378166,fdo1F
378361,s000
378381,fdi1
378398,fdi1f
378413,tlk0+
378436,s000E
378451,s001
378482,tlk1N
378581,s001E
378596,s002
378647,s002E
378662,s003
378713,s003E
378728,s004
378745,tlk0+
378776,tlk1R
378791,s004E
378806,s005
378843,s005E
378858,s006
378875,pas0+
378898,tlk0+
378921,tlk1R
378936,s006E
378951,s007
378968,tlk0+
378991,tlk1R
379006,s007E
379021,s008
379038,tlk0+
379061,tlk1R
379076,s008E
379091,s009
379108,pas0+
379131,s009E
379146,s010
379173,s010E
379188,s011
379226,tlk0+
379249,tlk1R
379264,s011E
379279,s012
379304,fdo1
379321,fdo1R
379336,s012'
379370,fdi1
379390,fdo1
379407,fdo1F
379559,fun0S
379572,fun0E
379587,s022
379607,fdi1
379624,fdi1+
379647,s022E
379662,s023
379687,s023E
379702,s024
379727,lmaoR
379742,s024E
379757,s025
379788,lmaoR
379803,s025E
379818,s026
379843,s026E
379858,s027
379883,s027E
379898,s028
379931,s028E
379946,s029
379979,s029E
379994,s030
380019,fdo1
380036,fdo1R
380051,s030'
380085,fdi1
380105,fdo1
380122,fdo1F
380317,fun0S
380330,fun0E
380345,s031
380365,fdi1
380382,fdi1f
380397,tlk0+
380420,s031E
380435,s032
380468,tlk2R
380483,s032E
380498,s033
380515,thk1+
380538,s033E
380553,s034
380591,s034E
380606,s035
380641,thk2+
380664,tlk0+
380687,s035E
380702,s036
380735,s036E
380750,s037
380806,s037E
380821,s038
380838,tlk0+
380861,fdo1
380878,fdo1R
380893,s038F
380913,fdi1
380935,s037E
380950,s039
380967,tlk0+
380990,fdo1
381007,fdo1R
381022,s039kidl0
381309,s052
381329,fdi1
381346,fdi1
382628,fdo1
382645,fdo1R
382660,s052N
382778,s054
382798,fdi1
382815,fdi1f
382830,tlk0+
382853,s054
382871,s053
382891,fdi1
382908,fdi1f7
382923,ure0+
382944,ure0R
382959,s053f
382974,tlk0E
382989,s038
383014,fdo1
383031,fdo1R
383046,s038F
383066,fdi1
383096,fdo1
383113,fdo1F
383532,fun0S
383545,fun0'
383618,s040
383638,fdi1
383655,fdi1+
383708,s040E
383723,s041
383748,s041E
383763,s042
383788,cho0E
383803,cho0
383820,s042E
383835,s043
383858,cho0R
383873,s043E
383888,s044
383894,kidl0
383922,s044
383940,s040
383960,fdi1
384022,cho0E
384037,cho0
384054,s040E
384069,s043
384092,cho0R
384107,s043E
384122,s045
384204,s045E
384219,s051
384236,fun0+
384270,s045E
384285,s046
384311,fun0+
384355,s046E
384370,s047
384399,tlk0+
384430,s047E
384445,s048
384478,s048E
384493,s049
384526,tlk2R
384541,s049E
384556,s050
384598,s050E
384613,s051
384646,fdo1
384663,fdo1R
385262,s052
385282,fdi1
385299,fdi1
386581,fdo1
386598,fdo1R
386613,s052z
386845,s055
386865,fdi1
386882,fdi1N
386916,fun0R
386931,s055E
386946,s056
386976,fdo1
386993,fdo1R
387008,s056'
387079,fdi1
387245,s057
387265,fdi1
387282,fdi1N
387444,s057E
387459,s058
387490,s058E
387505,s059
387544,s059E
387559,s060
387695,fue0
387713,s060E
387728,s061
387745,fue1'
387800,s061E
387815,s062
387852,who1
387869,who1R
387884,s062N
387989,dnc0E
388004,s042
388024,whi0
388044,who1
388061,who1R
388076,s042kidl0
388291,fue0
388309,fue1E
388324,s063
388344,whi0
388369,s063E
388384,s064
388409,s064E
388424,s065
388467,fdo1
388484,fdo1R
388499,s065'
388591,fdi2
388611,fdo1
388628,fdo1F
388709,s066
388729,efon
388746,efon+
388775,s066E
388790,sear
388828,dan1
388846,searE
388861,s085
388881,s085E
388896,s062
388916,s062E
388931,s063
388951,s063E
388966,s064
388996,fdo1
389013,fdo1R
389028,s064kidl0
389099,fdi2
389119,fdo1
389136,fdo1F
390067,wof2kidl0
390482,s067
390502,fdi1
390519,s067
390537,s068
390562,s068E
390577,s069
390602,s069E
390617,s070
390634,tlb0+
390665,tlb1R
390680,s070E
390695,s071
390744,s071E
390759,s072
390794,s072E
390809,s073
390834,s073E
390849,s074
390883,s074E
390898,s075
390915,tlb0+
390938,tlb1R
390953,s075E
390968,s076
391005,fdo1
391022,fdo1R
391137,fdi2
391157,fdo1
391174,fdo1F
391488,dnc0
391503,stat
391520,kant
391537,s203
391557,efon
391634,cla0n
391681,s203E
391696,s204
391728,cho0+
391749,dnc1E
391764,fdo1
391781,fdo1R
391796,s204
391811,stop
391826,kidl0
391835,kidl0
391844,kidl0
391911,fdi2
391931,fdo1
391948,fdo1F
392870,wof2kidl0
393285,s077
393305,fdi1
393322,fdi1f-
393337,tlb0+
393360,s077E
393375,s078
393408,tlb1R
393423,s078E
393438,s081
393463,s081E
393478,s080
393495,tlb0+
393518,tlb1+
393541,s080E
393556,s079
393581,s079E
393596,s082
393640,s082E
393655,s083
393672,tlb0+
393695,s083E
393710,s084
393716,kidl0
393744,s084E
393759,s085
393784,s085E
393799,s086
393816,tlb0+
393859,s086E
393874,s087
394252,tlk0R
394267,s087E
394282,s088
394319,fue0N
394458,kak0
394506,s088E
394521,s089
394550,s089E
394565,s090
394582,fue1
394600,s090E
394615,s091
394632,kak1n
394662,s091E
394677,s092
394709,s092E
394724,s093
394756,std0R
394771,s093E
394786,s094
394803,kant
394847,kan0
394870,fdo1
394887,fdo1R
394917,wof2kidl0
394930,kidl0
395298,tlb0E
395313,s095
395333,fdi1
395350,fdi1+
395373,s095E
395388,s096
395439,hum0R
395454,s096E
395469,s097
395539,s097E
395554,s098
395576,s000
395591,isi0R
395606,s098E
395621,s099
395646,huf0N
395667,s099E
395682,s100
395714,huf1
395732,s000
395747,isi0R
395762,s100E
395777,s101
395815,s101E
395830,s102
395855,s102E
395870,s103
395902,hum2+
395923,isi1R
395938,s103E
395953,s104
395970,isi3
395987,s001
396054,s001
396074,s104E
396089,s105
396121,huf2S
396134,isi1E
396149,fdo1
396166,fdo1R
396181,s105N
396221,kidl0
396325,s111
396345,fdi1
396362,fdi1J
396389,tlk0+
396412,s111E
396427,s112
396452,tlk1R
396467,s112E
396482,s113
396499,fun0+
396530,s113E
396545,s114
396575,fdo1
396592,fdo1R
396607,s114'
396664,qstc
396707,fdi1
396727,fdo1
396744,fdo1F
396890,fun0S
396903,fun0E
396918,s115
396938,fdi1
396955,fdi1+
396978,s115E
396993,s116
397031,s116E
397046,s117
397079,s117E
397094,s118
397119,fdo1
397136,fdo1R
397151,s118F
397171,fdi1
397191,fdo1
397208,fdo1F
397400,s119
397420,fdi1
397437,stn0U
397452,fdi1
397480,s119E
397495,s120
397512,stn1+
397548,stn2+
397569,stn2
397587,s120E
397602,s121
397619,tlk0+
397650,s121E
397665,s122
397682,tlk1+
397703,tlk1R
397718,s122E
397733,s123
397750,fun0+
397773,s123E
397788,s124
397829,s124E
397844,s125
397874,fdo1
397891,fdo1R
397906,s125F
397934,fdi1
397964,s124E
397979,s126
398012,fdo1
398029,fdo1R
398044,s126F
398064,fdi1
398084,fdo1
398101,fdo1F
398192,s140
398212,fdi1
398229,fdi1+
398252,s140E
398267,s141
398284,tlk0+
398315,fdo1
398332,fdo1R
398347,s141
398406,s142
398426,fdi1
398443,fdi1+
398466,s142E
398481,s143
398511,fdo1
398528,fdo1R
398543,s1435
398565,tlk0E
398580,s144
398600,fdi1
398617,fdi1+
398640,fdo1
398657,fdo1R
398672,s144F
398692,fdi1
407755,fdo1
407772,fdo1'
408099,w00a
408122,fdi1
408139,fdi1
408157,ovl1
408174,w00aE
408189,z000
408217,z000E
408232,z001
408284,z001E
408299,z002
408352,z003
408413,z003E
408428,z004
408474,z004
408513,z003E
408528,z004
408559,z004E
408574,z00a
408620,z00aE
408635,z005
408683,z005E
408698,z006
408786,z007
408825,z007E
408840,z008
408886,z008E
408901,z009
408936,z009E
408951,y000
408984,y000
409007,y001
409071,y001
409137,y001E3
409152,bash
409169,blon
409186,y002
409206,blof
409231,y002E
409246,y003
409279,y003E
409294,y004
409349,y004
409372,y005
409430,y005
409448,y005
409500,y005E
409515,y00a
409540,y00aE
409555,y006
409590,y006E
409605,y007
409630,y007E
409645,y008
409670,y008E
409685,y009
409718,y009E
409733,x000
409792,x000E
409807,x001
409839,x001N
409922,x003
409939,x003
409957,x002
410054,x004
410123,x004E
410138,x005
410171,x005E
410186,x006
410226,x006E
410241,x007
410318,x007'
410398,x008
410435,x008E
410450,x009
410489,x009E
410504,w000
410546,w000J
410573,w000
410607,w000J
410631,w001
410675,w001E3
410690,olp1
410707,w002
410735,w002
410758,w007
410828,w008E
410843,w008
410873,w003
410987,w003E
411002,w004
411061,w005
411078,w005+
411118,w006
411143,fdo2
411160,fdo2R
411175,w006N
411314,w009
411363,fdi2
411380,fdi2+
411411,fdo2
411428,fdo2F
411445,fdi2
411642,tlk0
411661,tlk1S
411674,tlk1
411690,tlk0
411709,tlk1S
411722,tlk1
411738,ara0
411757,ara1S
411770,ara1
411974,tla0
411990,tla1S
412003,tla1
412019,tlb0
412035,tlb1S
412048,tlb1
412064,thk1
412080,thk2S
412093,thk2
412330,tlk0S
412343,tlk0
412359,tlk1S
412372,tlk1
412388,thk1S
412401,thk1
412417,thk2S
412430,thk2
412446,ohh0
412470,ohh0
412486,shk0S
412499,shk0
412515,dis0S
412528,dis0
412544,iro0S
412557,iro0
412573,ehn0S
412702,tlk0S
412715,tlk0
412731,tlk1S
412744,tlk1
412760,thk1S
412773,thk1
412789,thk2S
412802,thk2
412818,kbk0S
412831,kbk0
412847,kbk1S
412860,kbk1
412876,dis0S
412889,thk1
412922,h'i'j'k'l'
413126,pas0
413156,pas0
413189,tlk0
413212,tlk1
413244,tlk0
413268,tlk1
413296,tlk0
413315,tlk1
413344,tlk0
413367,tlk1
413394,pas0
413421,qstc
413451,tlk0
413470,tlk1
413519,tlk0
413547,ten0S
413560,ten0n
413609,tlk0
413628,ten0S
413641,ten0
413678,fdo1
413778,o't'
414948,nak2
414965,main
416427,nak2
416444,main
417202,m'o't'
417770,tlk0
417793,tlk1
417812,tlk0
417835,tlk1
418273,tlk0
419398,m212
419415,m212
419441,m312
419458,m312
419484,m412
419501,m412
419527,m512
419544,m512
419570,m612
419587,m612
419927,qstc
420443,m101
420460,m101
420486,m102
420503,m102
420529,m103
420546,m103
420572,m104
420589,m104
420615,m105
420632,m105
420658,m106
420675,m106
420701,m107
420718,m107
420744,m108
420761,m108
420787,m109
420804,m109
420830,m110
420847,m110
420873,m111
420890,m111
420927,m201
420944,m201
420970,m202
420987,m202
421013,m203
421030,m203
421056,m204
421073,m204
421099,m205
421116,m205
421142,m206
421159,m206
421185,m207
421202,m207
421228,m208
421245,m208
421271,m209
421288,m209
421314,m210
421331,m210
421357,m211
421374,m211
421411,m301
421428,m301
421454,m302
421471,m302
421497,m303
421514,m303
421540,m304
421557,m304
421583,m305
421600,m305
421626,m306
421643,m306
421669,m307
421686,m307
421712,m308
421729,m308
421755,m309
421772,m309
421798,m310
421815,m310
421841,m311
421858,m311
421895,m401
421912,m401
421938,m402
421955,m402
421981,m403
421998,m403
422024,m404
422041,m404
422067,m405
422084,m405
422110,m406
422127,m406
422153,m407
422170,m407
422196,m408
422213,m408
422239,m409
422256,m409
422282,m410
422299,m410
422325,m411
422342,m411
422379,m501
422396,m501
422422,m502
422439,m502
422465,m503
422482,m503
422508,m504
422525,m504
422551,m505
422568,m505
422594,m506
422611,m506
422637,m507
422654,m507
422680,m508
422697,m508
422723,m509
422740,m509
422766,m510
422783,m510
422809,m511
422826,m511
422863,m601
422880,m601
422906,m602
422923,m602
422949,m603
422966,m603
422992,m604
423009,m604
423035,m605
423052,m605
423078,m606
423095,m606
423121,m607
423138,m607
423164,m608
423181,m608
423207,m609
423224,m609
423250,m610
423267,m610
423293,m611
423310,m611
423871,stn1
425152,tlk0
425405,tlk0
425463,tlk0
425705,tlk0
425779,wav0
425797,tlk0
425830,tlk0
426223,e001S
426236,e001
426252,dan0S
426265,dan0
426503,tlb0
426839,swa1S
426852,swa13
426894,jmp0S
426907,jmp0f
426922,jmp3
427093,kant
427170,cla0n
427207,wai0
427417,casoS
427430,caso
427446,shsoS
427459,shso
430765,fdo1
430782,fdo1E
430797,v000
430814,v0008
430891,fdi1
430908,fdi1
430926,v001
430965,v002
430982,v002
431059,v003
431076,v003+
431117,v004
431165,v004
431206,v006
431277,v006E
431292,v005
431366,v005E
431381,v007
431398,v007'
431445,v008
431495,fdo2
431512,fdo2R
431527,v008'
431573,fdi2
431597,fdo1
431614,fdo1u
431702,t000
431719,t000E
431734,fdi1
431751,fdi1+
431774,z000
431807,z000E
431822,ovl1
431839,z001
431898,bash
431943,z002
431975,z002#+
432015,z003
432079,z004
432147,z005
432180,z005E
432195,ovl1
432212,z006
432240,z006'
432265,z007
432282,z007+
432327,ovl1
432344,z008
432383,z008E
432398,ovl1
432415,y000
432462,y000'
432492,y001
432563,y001E
432578,ovl1
432595,y002
432675,y003
432736,y004
432808,ovl1
432825,bash
432842,y005
432891,ovl1
432908,y006
432925,y006
432943,ovl1
432960,y003
432977,y003
433022,y007
433055,y007'
433102,y008
433119,y008'
433155,y009
433273,y00a
433290,y00a'
433337,fdo2
433354,fdo2'
433400,fdi2
433429,fdo1
433446,fdo18
433496,z006
433513,z006E
433528,fdi1
433613,z007
433630,z007+
433693,z008
433776,z009
433845,y000
433862,y000ov
433962,y001
433994,y001'
434045,y002
434062,y002N
434205,y003
434235,y003#+
434280,y004
434297,y004+
434338,y005
434355,y005
434415,y006
434465,y007
434512,y007+
434614,y008
434643,y008
434705,qstc
434722,fdo2
434764,fdi2
434788,fdo1
434805,fdo18
434848,z004
434865,z004E
434880,fdi1
434983,z005
435000,z005+
435059,fdo2
435076,fdo2F
435093,fdi2
435117,fdo1
435134,fdo18
435179,z000
435196,z000E
435211,fdi1
435228,fdi1ov
435259,z001
435335,z002
435352,z002J
435404,z003
435421,z003E
435436,nak1
435587,z004
435677,z005
435812,fdo2
435829,fdo2F
435846,fdi2
435870,fdo1
435887,fdo18
435953,s000
435970,s000E
435985,fdi1
436002,fdi1
436037,s001
436070,s001E
436085,s024
436174,s024K
436205,s004
436244,s004J
436271,s002
436372,s002E
436387,s008
436418,s008E
436433,s009
436476,s009E
436491,s034
436523,s034E
436538,s002
436570,s002E
436585,s010
436624,s007
436670,s015
436712,s015E
436727,s013
436744,s013E
436759,s014
436791,s014E
436806,s015
436831,s015E
436846,s016
436863,s016E
436878,s017
436917,s017E
436932,ovl1
436949,r000
436966,r000
436984,ovl1
437001,s026
437056,s019
437091,s019E
437106,s020
437151,s020E
437166,s011
437207,s011'
437229,s002
437274,s002E
437289,s018
437326,s018K
437351,s020
437392,s020
437410,s026
437445,s026E
437460,s021
437528,s021E
437543,s023
437560,s023'
437614,s006
437653,s006
437679,s006
437711,s006
437729,fdo2
437779,fdi2
437815,fdo1
437832,fdo18
437890,s000
437907,s000E
437922,fdi1
437939,fdi1+
437972,fdo1
438045,s025
438062,fdi1
438096,s025'
438118,s035
438159,s035E
438174,r001
438202,r001E
438217,s022
438249,s022E
438264,s020
438296,s020E
438311,s027
438328,s027y
438368,s001
438410,s001E
438425,fdo1
438492,s030
438536,z002
438553,z002
438578,ovl1
438595,s032
438622,s032E
438637,ovl1
438654,s031
438681,s031E
438696,ovl1
438713,r002
438747,r002E
438762,ovl1
438779,r003
438842,s033
438879,s033E
438894,fdo1
438972,fdi1
438989,fdi1
439018,r004
439046,r004E
439061,s036
439128,s036E
439143,s037
439182,s037E
439197,s038
439222,s038E
439237,s024
439276,s024E
439291,r005
439344,r005E
439359,s041
439376,s041E
439391,s042
439415,s042'
439445,s036
439538,s025
439555,s025E
439570,s039
439612,fdo2
439629,fdo2Ev
439644,qstc
439678,fdi2
439717,fdo1
439734,fdo18
439765,cm01
439782,cm01N
439808,fdi1
439825,fdi1
439887,fdo1
439904,fdo1E
439919,cm02
439976,fdi1
440084,cm03
440244,cm04
440264,cm04'
440310,fdo1
440384,cm05
440401,cm05E
440416,fdi1
440433,fdi1K
440480,cm06
440595,fdo1
440612,fdo1N
440640,cm0a
440724,fdi2
440741,fdi2E
440756,fdi1
440773,fdi1'
440903,fdo2
440920,fdo2N
440951,fdi2
440990,fdo1
441007,fdo18
441031,cm01
441048,cm01N
441074,fdi1
441091,fdi1
441145,fdo1
441162,fdo1F
441179,fdi2
441393,fdo1
441436,cm50
441487,fdi1
441504,fdi1+
441566,cm51
441696,cm52
441745,cm53
441792,cm5b
441809,cm5b
441827,fdo2
441844,fdo2E
441859,cm54
441876,cm54
441900,fdi1
441917,fdi1'
442009,cm55
442096,fdo2
442150,fdi2
442174,fdo1
442217,cm60
442250,fdi1
442267,fdi1'
442362,cm6b
442386,cm6b'
442592,cm6c
442609,cm6c
442792,cm6e
442809,cm6eJ
442920,fdo1
442974,fdi1
443029,fdo2
443046,fdo28
443111,cm61
443128,cm61E
443143,fdi2
443160,fdi2+
443228,cm62
443404,cm63
443421,cm63'
443492,cm64
443645,fdo1
443753,cm65
443773,fdi1
443790,fdi1+
443848,cm66
443868,who1
443885,who1
443913,cm67
443933,whi1
443950,whi1+
444099,cm68
444116,cm68J
444317,cm69
444467,cm6f
444537,cm6a
444563,cm6aJ
444674,cm6d
444765,qstc
444782,fdo2
444827,fdi2
444857,fdo1
444900,cm70
444917,cm70
444954,fdi1
444971,fdi1+
445050,cm71
445107,cm7a
445199,cm72
445216,cm72+
445265,cm73
445282,cm73
445382,cm74
445481,cm75
445498,cm75'
445619,fdo1
445668,fdi2
445715,cm70
445732,cm70
445769,fdi1
445904,qstc
445921,fdo1
445970,fdi2
446081,fdo1
446098,fdo18
446116,cm15
446133,cm15
446186,fdi1
446203,fdi1+
446388,nak1
446440,cm16
446457,cm16ov
446478,iya0+
446509,fdo1
446526,fdo1F
446543,fdi1
446568,fdo1
446624,cmc0
446641,cmc0E
446656,fdi1
446673,fdi1N
446725,cmc1
446766,cmc1
446804,cmc3
446835,cmc3
447011,cmc4
447087,cmc4'
447182,cmc5
447199,cmc5'
447384,fdo2
447441,fdi2
447465,fdo1
447482,fdo1F
447515,cmd0
447532,cmd0E
447547,fdi1
447564,fdi1'
447601,cmd1
447618,cmd1b
447633,main
447675,main
447739,main
447837,fdo2
447854,fdo2F
447871,fdi2
447932,fdo1
448020,u000
448037,u000E
448052,fdi1
448357,fdo2
448399,fdi2
448971,s057
448991,s057J
449029,s058
449052,tlk0+
449075,tlk1R
449090,s058E
449105,s059
449145,s059N
449166,s060
449183,tlk0+
449206,tlk1R
449221,s060N
449279,s061
449302,tlk0+
449325,tlk1R
449340,s061E
449355,s062
449372,tlk0+
449411,tlk1R
449426,s062E
449441,s063
449472,s063E
449487,s076
449519,oji1+
449559,s076E
449574,s064
449602,s064E
449617,s065
449645,s065
449665,fdi2
449863,j010
449909,j020
449981,j030
449998,std0y
450071,who1
450088,who1
450170,std1
450188,whi1
450205,efon
450222,whi1
450262,utu0
450295,j100
450315,utu1
450348,j090
450365,yes0
450383,who1
450400,efof
450417,who1
450523,j090
450543,whi1
450560,whi1'
450603,j030
450712,j040
450775,j020
450851,j070
450912,j090
450994,j020
451040,j050
451127,j080
451182,j050
451232,j060
451298,j030
451365,blof
451403,j030E
451418,fdi2
451465,fdi0
451482,fdi0
451498,fdo0
451515,fdo0
451531,fdi1
451548,fdi1
451564,fdo1
451581,fdo1
451597,whi1
451614,whi1
451630,who1
451647,who1
451663,who2
451680,who2
451696,who3
451713,who3
451729,main
451749,fdo1
451766,fdo1
451782,fdi1
451799,main
451819,fdi1
451835,blon
451852,blon
451870,whi0
451887,whi0
451903,who0
451920,who0
451936,efon
451953,efon
451969,fdis
451987,fdos
452004,fdos
452020,fdif
452038,fdof
452055,fdof
452071,fdip
452089,fdop
452106,fdop
452414,eton
452943,fdo1
454985,fdo1
455002,fdo1F
455055,fp00
455072,fdi1
455103,tlk0+
455289,fp00E
455304,fp01
455321,tlk2+
455342,tlk2f
455357,dis0+
455380,fp01E
455395,fp02
455418,dis0f
455433,tlk0+
455456,fdo1
455473,fdo1R
455488,fp02F
455508,fdi1
455528,fdo1
455545,fdo1F
455562,test
455659,fdi1
455729,tlb0+
455765,tlb1S
455778,tlb1R
455825,tlk0+
455848,tlk2f
455863,thk1
456073,thk2
456238,thk2f
456253,dis0+
456274,dis0R
456804,tlk0
457047,tlk1fD
457062,aww0+
457083,aww0E
457137,tlc0+
457226,pas0+
458046,tlk0
458370,tlk2R
458862,tlk0
459155,tlk1S
459168,tlk1R
459514,tlk0
459799,tlb0+
459822,tlb1
459841,tlb1R
460528,fdo1
460545,fdo1R
460580,fdi1
460619,Feliz
460650,Ferdinand
460681,Gunnar
460712,Massimo
460743,Oldrich
460774,Siegward
460805,Theobald
460836,Zenji
460878,Amerita
460909,Beatrice
460940,Henrietta
460971,Jesimae
461002,Karyn
461033,Nanako
461064,Sharlene
461095,Sieghilde
461137,Chanandit
461168,Deulmaeux
461199,Demresinaux
461230,Ephealgaux
461261,Gauldeval
461292,Grauffemart
461323,Migaifongut
461354,Romidiant
461396,Armittie
461427,Cadepure
461458,Clearite
461489,Epilleve
461520,Liabelle
461551,Nauthima
461582,Radille
461613,Vimechue
461655,Balu-Falu
461686,Burg-Ladarg
461717,Ehgo-Ryuhgo
461748,Kolui-Pelui
461779,Nokum-Akkum
461810,Savul-Kivul
461841,Vinja-Kanja
461872,Yarga-Umiga
461914,Cupapa
461945,Jajuju
461976,Kalokoko
462007,Mahoyaya
462038,Pakurara
462069,Ripokeke
462100,Yawawa
462131,Yufafa
462173,Fhig
462204,Khuma
462235,Pimy
462266,Raka
462297,Sahyu
462328,Sufhi
462359,Tsuim
462390,Yoli
462432,Durib
462463,Dzapiwa
462494,Jugowa
462525,Mugido
462556,Voldai
462587,Wagwei
462618,Zayag
462649,Zoldof
462715,Feliz
462746,Ferdinand
462777,Gunnar
462808,Massimo
462839,Oldrich
462870,Siegward
462901,Theobald
462932,Zenji
462974,Amerita
463005,Beatrice
463036,Henrietta
463067,Jesimae
463098,Karyn
463129,Nanako
463160,Sharlene
463191,Sieghilde
463233,Chanandit
463264,Deulmaeux
463295,Demresinaux
463326,Ephealgaux
463357,Gauldeval
463388,Grauffemart
463419,Migaifongut
463450,Romidiant
463492,Armittie
463523,Cadepure
463554,Clearite
463585,Epilleve
463616,Liabelle
463647,Nauthima
463678,Radille
463709,Vimechue
463751,Balu-Falu
463782,Burg-Ladarg
463813,Ehgo-Ryuhgo
463844,Kolui-Pelui
463875,Nokum-Akkum
463906,Savul-Kivul
463937,Vinja-Kanja
463968,Yarga-Umiga
464010,Cupapa
464041,Jajuju
464072,Kalokoko
464103,Mahoyaya
464134,Pakurara
464165,Ripokeke
464196,Yawawa
464227,Yufafa
464269,Fhig
464300,Khuma
464331,Pimy
464362,Raka
464393,Sahyu
464424,Sufhi
464455,Tsuim
464486,Yoli
464528,Durib
464559,Dzapiwa
464590,Jugowa
464621,Mugido
464652,Voldai
464683,Wagwei
464714,Zayag
464745,Zoldof
481621,fdi2
482900,fdi2
484199,fdi2
486816,fdi2
487530,mhuu
488468,jyu0
489823,jyuk
492772,fdi2
492849,jyu1
492866,d101
492917,d101
492943,d001
493052,d001
493090,d002
493156,d002
493278,d003
493347,d003
493373,d004
493398,d004
493424,d005
493484,d005
493510,d006
493569,d006
493595,d007
493629,jyuk
493646,kai0
493673,d007
493699,d207
493786,d207
493812,d107
493836,d107
493862,d008
493931,d008
493957,d009
494005,d009
494031,d109
494066,d109
494092,d00b
494117,d00b
494143,d00c
494168,d00c
494194,d10c
494239,d10c
494515,d00d
494550,d00d
494576,d10d
494682,d10d
494708,d00h
494748,d00h
494774,d10h
494869,d10j
494922,d10j
494948,d30j
495101,d30j
495127,d20j
495186,da0j
495594,da0j
495620,dc0j
495691,dc0j
495717,du0j
495774,du0j
495800,d00l
495883,d00l
495912,d00m
495937,d00m
495963,d00n
496000,d00n
496039,d00o
496077,d00o
496116,d10o
496154,d10o
496220,d00p
496350,d00p'
496410,d00r
496435,d00r
496461,d10r
496503,d10r
496529,d00t
496605,d00t
496631,d00u
496679,d00u
496705,d00x
496757,d00x
496783,d00y
496815,d00y
496841,d00z
496889,d00z
496915,d013
496971,d013
496997,d015
497035,d015
497061,d016
497118,d016
497144,d018
497176,d018
497202,d019
497235,d019
497261,d01b
497306,d01b
497332,d01c
497402,d01c
497428,d01f
497466,d01f
497492,d01h
497547,d01h
497735,d01i
497778,d01i
497804,d01k
497907,d01k
497933,d01n
497973,d01n
497999,d01p
498039,d01p
498065,d01q
498105,d01qE
498120,d02t
498155,d02t
498338,kinl'
498796,fdi2
498836,f001
498881,f001
498907,f002
498942,f002
499013,sbox
499046,f403
499096,f403ES
499111,f103
499145,f103ES
499160,f203
499180,f203ES
499195,f303
499247,f004
499285,f004ES
499300,f104
499325,f104
499366,f005
499407,f005
499431,JHES
499444,f007
499491,f007
499580,f008
499654,f008
499687,f009
499712,f009ES
499727,f109
499752,f109ES
499767,f209
499792,f209'
499814,f309
499877,f309
499903,f00a
499935,f00a
499948,AJES
499961,f00b
499994,f00b
500020,f00c
500057,f00c
501607,fdi2
501647,i001
501709,i001
501722,bQEx
501735,i002
501819,i002
501845,i005
501884,i005
501910,i004
501958,i004
501984,i003
502031,i003
502057,i006
502106,i006
502132,i007
502179,i007
502205,i008
502230,i008
502256,i009
502281,i009
502294,cSEx
502307,i00a
502332,i00a
502358,i00b
502411,i00b
502437,i00d
502476,i00d
502502,i00e
502612,i00e
502638,i00f
502724,i00fEx
502739,i10f
502778,gUEx
502791,i00g
502848,i00g
502874,i00h
502954,i00h
502967,BVEx
502980,i00i
503012,i00iEx
503027,i01i
503067,i01i
503103,i00j
503156,i00j
503182,i00l
503248,i00l
503261,WWEx
503274,i00m
503344,i00m
503370,i00n
503408,i00n
503434,i00p
503499,i00p
503639,i00q
503667,i00q
503693,i00s
503726,i00s
503752,i00t
503820,i00t
503833,zYEx
503846,i00u
503891,i00u
504325,fdi2
504365,m001
504407,m001
504433,m002
504501,m002
504527,m003
504571,m003
504597,m005
504744,m005
504795,m007
504874,m00c
504923,m00c
504949,m00e
505010,m00e
505036,m00f
505098,m00f
505117,fdi0
505134,fdi0
505150,fdo0
505167,fdo0
505183,fdi1
505200,fdi1
505216,fdo1
505233,fdo1
505249,whi1
505266,whi1
505282,who1
505299,who1
505315,whi0
505332,whi0
505348,who0
505365,who0
505381,efon
505398,efon
505720,fwa0
505736,s000
505754,s001
505772,s000
505790,s001
505808,st00
505826,kill
505874,hon0
505890,hon1
505909,s001
505927,hon2
505943,hon3
505959,hon4
505975,str0
505995,kill
506338,latl
506354,latz
506370,lat0
506386,lat1
506402,lat2
506418,lat3
506434,lat4
506450,lat5
506466,lat6
506482,lat7
506498,hra0
506514,hra1
506530,ura0
506546,s000
506564,st00
506582,s001
506600,st01
506647,hon0
506663,hon1
506682,seil
506698,sei0
506717,sei1
506744,kinl
506760,kin0
506776,main
507418,lup0
507434,pnb0
507452,pnb1
507471,ang0
507490,pnt0
507509,wav0
507528,tha0
507547,thb0
507563,thb1
507582,mup0
507601,mdw0
507617,mdw1
507636,kri0
507652,kri1
507668,ldw0
507684,ldw1
507700,kyo0
507719,oji0
507738,no00
507754,no01
507770,hap0
507786,kru0
507805,tlk0
507821,std0
507840,main
507858,lup0
507874,lup1
507890,yes0
507909,yes1
507928,pnc0
507944,bik0
507963,yro0
507982,eio0
508001,ksu0
508020,gak0
508036,gak1
508052,latl
508068,lat0
508084,lat1
508126,yes0
508146,eio0+
508171,lat2
508187,lat3
508203,lat4
508222,lat5
508241,lat6
508260,lat7
508276,bru0
508292,bru1
508308,bru2
508324,s000
508345,s001
508366,s002
508426,kou0
508442,s000
508459,kos1
508499,lup1K
508537,kin0
508556,kin1
508575,kin2
508594,kin3
508825,hok0
508841,cawh
508857,shwh
508873,ohh0
508889,ohh1
508918,hou0
508934,hou1
508950,hou2
509310,no00
509329,tlk0
509345,std0
509364,tsd0
509383,tsd1
509402,tstd
509418,ttl0
509434,ttl1
509450,tlau
509466,tdw0
509482,tdw1
509501,pnt0
509517,yes0
509536,yes1
509555,tkw0
509574,fri0
509590,bik0
510001,main
510031,s003
510088,bka0
510104,bkal
510120,bka1
510136,bkl0
510152,bkl1
510219,sei0
510238,sei1
510257,tlk0
510273,tlke
510289,pnt0
510308,odo0
510327,odo1
510343,mim0
510362,mim1
510381,tl30
510400,tl31
510419,tlk0
510435,tlk1
510451,tlke
510467,bik0
510483,bik1
510499,hap0
510515,hap1
510531,mmm0
510547,mmm1
510563,wknf
510805,main
510834,bka0
510850,bkal
510866,bka1
510882,bkr0
510898,bkr1
510965,tlk0
510981,tlke
511209,main
511251,bka0
511267,bkal
511283,bka1
511299,bkl0
511315,bkl1
511382,tlk0
511398,tlke
511561,main
511590,bka0
511606,bkal
511622,bka1
511638,bkr0
511654,bkr1
511861,main
511903,bka0
511919,bkal
511935,bka1
511951,bkl0
511967,bkl1
511991,lrk0
512007,lrk1
512227,bka0
512243,bkal
512259,bka1
512275,bkr0
512291,bkr1
512315,rrk0
512331,rrk1
512797,fdo1
512814,fdo1F
512960,fun0S
512973,fun0E
512988,s064
513008,fdi1
513025,fdi1+
513048,s064E
513063,s065
513088,s065E
513103,s066
513135,s066E
513150,s067
513183,s067E
513198,s068
513215,fun1+
513236,fun1R
513251,s068E
513266,s069
513283,tlk0+
513314,fdo1
513331,fdo1R
513346,s069'
513380,fdi1
513400,fdo1
513417,fdo1F
513520,fun0S
513533,fun0E
513548,s070
513568,fdi1
513585,fdi1+
513608,s070E
513623,s071
513640,thk1+
513663,s071E
513678,s072
513695,thk2+
513718,s072E
513733,s073
513750,tlk0+
513781,s073E
513796,s074
513813,tlk2+
513836,fdo1
513853,fdo1R
513868,s074F
513888,fdi1
513908,fdo1
513925,fdo1F
514064,fun0S
514077,fun0E
514092,s075
514112,fdi1
514129,fdi1+
514152,s075E
514167,s076
514184,fun1+
514205,fun1R
514220,s076E
514235,s066
514267,s066E
514282,s077
514325,s077E
514340,s078
514365,fun0
514383,s078E
514398,s079
514429,fun0R
514444,s079E
514459,s080
514505,s080E
514520,s081
514571,s081E
514586,s082
514592,kidl0
514621,tlk0+
514642,tlk0f
514657,tlk2R
514672,s082E
514687,s083
514712,s083E
514727,s084
514744,tlk0+
514767,tlk2R
514782,s084E
514797,s085
514814,tlk0+
514837,tlk1+
514878,s085E
514893,s086
514925,fun0S
514938,fun0R
514953,s086E
514968,s087
514985,clp0+
515024,clp0R
515039,s087E
515054,s088
515079,fdo1
515096,fdo1R
515111,s088N
515195,s089
515215,fdi1
515247,dis0+
515268,dis0R
515283,s089E
515298,s090
515315,pas0+
515338,s090E
515353,s091
515370,tlk0+
515393,fdo1
515410,fdo1R
515440,qstc
515462,fdi1
515482,fdo1
515499,fdo1F
515650,fun0S
515663,fun0E
515678,s128
515698,fdi1
515715,fdi1+
515738,s128E
515753,s129
515770,fun1+
515791,fun1R
515806,s129E
515821,s066
515853,thk1R
515868,s066E
515883,s130
515906,thk1R
515921,s130E
515936,s131
515953,thk2+
515976,s131E
515991,s132
516008,tlk0+
516031,tlk1n
516061,s132E
516076,s133
516093,tlk0+
516116,s133E
516131,s134
516156,s134E
516171,s135
516196,s135E
516211,s136
516228,tlk1+
516251,fdo1
516268,fdo1R
516283,s136
516345,dan0S
516358,dan0E
516373,s137
516393,fdi1
516410,fdi1+
516433,s137E
516448,fdo1
516465,fdo15V
516487,fun0S
516500,fun0E
516515,s138
516535,fdi1
516552,fdi1+
516575,s138E
516590,s139
516615,s139E
516630,s140
516655,fdo1
516672,fdo1R
516687,s140'
516721,fdi1
520302,fdo1
520338,fdi1
520355,fdi1
520371,fdo1
520388,fdo1
532133,fdo1
532150,fdo1EN
532165,fdi1
532182,fdi1
532992,fdo1
533009,fdo1
533089,fdi1
533106,fdi1
540117,fdo1
540134,fdo1EN
540149,fdi1
540166,fdi1
540976,fdo1
540993,fdo1
541073,fdi1
541090,fdi1
585875,tlk0
585928,tlk0
585971,tlk0
586211,tlk0
586314,tlk0
586346,tlk0
586462,tlk0
586572,hap0
586612,open
586656,clos
586678,tlk0
586697,pas0S
586755,tlk0
586800,tlk0
586909,hap0
586977,open
587021,clos
587043,tlk0
587062,pas0S
587075,pas0
587107,open
587194,pas0S
587220,closS
587233,clos
587258,tlk0
587323,tlk0.
587352,tlk0
587380,tlk0
587408,tlk0
587450,tlk0
587592,tlk0
587624,tlk0
587652,tlk0
587681,tlk0
587833,main
587869,main
591166,dis0
591190,dis0R
591350,tlk0
591568,tlk2
591592,tlk2f
591607,dis0
591651,poi1
591717,poi2
591936,thk1
591960,thk1
591981,thk2y
592049,tlb0
592180,tlb1+
592201,tlb1R
592268,pas0
592462,ure0+
592594,fdi2
592767,tlk0
592955,tlk2
593248,wav0+
593610,thk1+
593923,thk2J
593966,thk2R
594013,tlb0+
594076,tlb1
594340,tlc0+
594830,tlb0
595019,tlb1+
595040,tlb1R
595087,ure0+
595159,qstc
595176,fdi2
595333,tlk0+
595396,tlk2
595420,tlk1R
595592,pas0
595616,pas0
595826,dis0+
595847,dis0+
596218,tlc0
596400,tlc0R
596512,ure0+
596533,ure0R
596869,dis0
596952,fdi2
597074,ure0
597318,dis0+
597339,dis0R
597386,tlc0+
597415,tlc0R
597462,ure0
597486,ure0f
597501,wav0
597677,wav0R
597724,ure0
597748,ure0
597812,qstc
597829,fdi2
597980,ure0
598164,pas0
598188,pas0R
598513,ure0
598689,ure0n
599046,tlk0+
599153,tlk2f
599168,dis0
599192,dis0R
599239,tlc0+
599311,fdi2
599881,tlk0+
599912,tlk2R
600194,ure0
600218,ure0R
600265,dis0
600289,dis0n
600647,dis0
600671,dis0y
600906,qstc
600923,fdi2
601083,ure0
601107,ure0R
601169,pas0
601193,pas0R
602013,aww0
602037,aww0R
602084,tlk0+
602147,tlk2+
602183,ure0
602590,dis0
602696,fdi2
603150,ure0
603174,ure0+
603481,tlk0+
603557,tlk2R
603902,thk1
603977,thk2
604064,ure0
604139,qstc
604156,fdi2
604286,s000
604306,ure0
604332,s000E
604347,s001
604372,pas0
604398,s001
604421,s010
604449,s010
604477,s067
604497,s002
604703,s002R
604718,s010E
604733,s003
604994,s003E
605009,s004
605044,s004E
605059,s005
605076,ure0
605117,s005
605140,s011
605168,s011
605188,s006
605581,s006R
605596,s011E
605611,s007
605638,s007E
605653,s008
605693,tlk0
605871,tlk2n
605901,s008E
605916,s009
605951,ure0+
606006,fdi2
606037,tlk0
606215,tlk2
606248,ure0+
606385,s012
606415,tlk0
606458,tlk2
606482,s012
606508,s018
606536,s018
606556,s013
606816,s013R
606831,s018
606857,s019
606885,s019
606905,s014
606928,tlk0+
606951,tlk2'
607210,s014R
607225,s019E
607240,s015
607267,s015E
607282,s016
607312,s016E
607327,s017
607356,tlk0
607574,qstc
607591,fdi2
607610,fdi0
607627,fdi0
607643,fdo0
607660,fdo0
607676,fdi1
607693,fdi1
607709,fdo1
607726,fdo1
607742,whi1
607759,whi1
607775,who1
607792,who1
607808,who2
607825,who2
607841,who3
607858,who3
607874,main
607894,fdo1
607911,fdo1
607927,fdi1
607944,main
607964,fdi1
607980,blon
607997,blon
608015,whi0
608032,whi0
608048,who0
608065,who0
608081,efon
608098,efon
608114,fdis
608132,fdos
608149,fdos
608165,fdif
608183,fdof
608200,fdof
608216,fdip
608234,fdop
608251,fdop
608287,Feliz
608318,Ferdinand
608349,Gunnar
608380,Massimo
608411,Oldrich
608442,Siegward
608473,Theobald
608504,Zenji
608546,Amerita
608577,Beatrice
608608,Henrietta
608639,Jesimae
608670,Karyn
608701,Nanako
608732,Sharlene
608763,Sieghilde
608805,Chanandit
608836,Deulmaeux
608867,Demresinaux
608898,Ephealgaux
608929,Gauldeval
608960,Grauffemart
608991,Migaifongut
609022,Romidiant
609064,Armittie
609095,Cadepure
609126,Clearite
609157,Epilleve
609188,Liabelle
609219,Nauthima
609250,Radille
609281,Vimechue
609323,Balu-Falu
609354,Burg-Ladarg
609385,Ehgo-Ryuhgo
609416,Kolui-Pelui
609447,Nokum-Akkum
609478,Savul-Kivul
609509,Vinja-Kanja
609540,Yarga-Umiga
609582,Cupapa
609613,Jajuju
609644,Kalokoko
609675,Mahoyaya
609706,Pakurara
609737,Ripokeke
609768,Yawawa
609799,Yufafa
609841,Fhig
609872,Khuma
609903,Pimy
609934,Raka
609965,Sahyu
609996,Sufhi
610027,Tsuim
610058,Yoli
610100,Durib
610131,Dzapiwa
610162,Jugowa
610193,Mugido
610224,Voldai
610255,Wagwei
610286,Zayag
610317,Zoldof
610383,Feliz
610414,Ferdinand
610445,Gunnar
610476,Massimo
610507,Oldrich
610538,Siegward
610569,Theobald
610600,Zenji
610642,Amerita
610673,Beatrice
610704,Henrietta
610735,Jesimae
610766,Karyn
610797,Nanako
610828,Sharlene
610859,Sieghilde
610901,Chanandit
610932,Deulmaeux
610963,Demresinaux
610994,Ephealgaux
611025,Gauldeval
611056,Grauffemart
611087,Migaifongut
611118,Romidiant
611160,Armittie
611191,Cadepure
611222,Clearite
611253,Epilleve
611284,Liabelle
611315,Nauthima
611346,Radille
611377,Vimechue
611419,Balu-Falu
611450,Burg-Ladarg
611481,Ehgo-Ryuhgo
611512,Kolui-Pelui
611543,Nokum-Akkum
611574,Savul-Kivul
611605,Vinja-Kanja
611636,Yarga-Umiga
611678,Cupapa
611709,Jajuju
611740,Kalokoko
611771,Mahoyaya
611802,Pakurara
611833,Ripokeke
611864,Yawawa
611895,Yufafa
611937,Fhig
611968,Khuma
611999,Pimy
612030,Raka
612061,Sahyu
612092,Sufhi
612123,Tsuim
612154,Yoli
612196,Durib
612227,Dzapiwa
612258,Jugowa
612289,Mugido
612320,Voldai
612351,Wagwei
612382,Zayag
612413,Zoldof
628924,s015
628951,tlk0
628991,tlk2
629221,s016
629290,s016E
629305,s019
629537,tlk2
629593,tlk0+
629616,tlk2R
629651,s017
629707,s018
629826,ovl1
629843,s018E
629858,s019
629953,ovl1
629970,s019E
629985,s027
630034,ovl1
630051,s027'
630073,s020
630115,fdi0
630164,s020u
630206,s021
630279,ovl1
630296,s021y
630321,s022
630379,s022E
630394,s023
630449,s023E
630464,s024
630582,s024E
630597,s028
630663,s028E
630678,s034
630740,s034E
630755,s026
630828,fdi0
630891,ovl1
630908,s026N
630935,s029
630975,s029
630998,s010
631026,s010
631046,s030
631296,kira
631340,s010
631366,s010
631384,s030
631437,fdi2
631513,s032
631786,s032
631812,s011
631840,s011
631868,s009
631896,s009
631924,s011
631944,s033
632238,ovl1
632266,s011
632292,s011
632318,s009
632344,s009
632370,s011
632388,s033E
632403,s078
632426,s078
632488,fdi2
632627,s010
632655,s010
632675,s030
632889,s010
632915,s010
632933,s030E
632948,s031
633145,thk2+
633174,s031
633391,s003
633419,s003
633447,s003
633475,s003
633495,s035
633589,s035E
633604,s060
633696,s040
633722,s040E
633737,s038
633754,tlk0'
633798,tlk1R
633813,s038E
633828,s060
633894,s060E
633909,s039
633935,tlk0+
633973,ovl1
633990,s039E
634005,s037
634051,s037
634104,fdi2
634214,s041
634261,s041E
634276,s042
634381,ovl1
634398,s042E
634413,s043
634430,tlk0+
634453,tlk1'
634498,ovl1
634515,s043
634540,s068
634563,ovl1
634580,s068E
634595,s065
634615,s065E
634630,s064
634660,ovl1
634677,s064'
634699,s049
634769,s049'
634791,s050
634808,ken0
634826,s050E
634841,s067
634893,s052
634933,sha0
635003,s052'
635025,s054
635094,ovl1
635111,s054'#
635133,s066
635164,dead
635182,s066E
635197,s059
635223,s059E
635238,s058
635351,fdi2
635571,s037
635618,s037
635644,s004
635672,s004
635700,s008
635728,s008
635756,s004
635776,s044
636056,s044E
636071,s045
636125,ski0+
636197,s046
636230,tlk0+
636266,tlk1J
636304,s046N
636325,s060
636371,s060
636473,s061
636626,ovl1
636643,s061
636669,s005
636697,s005
636725,s077
636753,s077
636773,s063
637351,s005
637377,s005
637403,s077
637429,s077
637447,s063
637486,s007
637514,s007
637542,s006
637570,s006
637598,s007
637618,s062
637893,tlk0
637919,tlk0
637945,tlk0
637971,tlk0
637997,tlk0
638023,tlk0
638049,tlk0
638075,tlk0
638335,tlk1
638361,tlk1
638387,tlk1
638413,tlk1
638439,tlk1
638465,tlk1
638491,tlk1
638517,tlk1
638772,s062
638802,qstc
638829,who0
638846,who0
638862,who1
638879,who1
638895,whi0
638913,whi1
638931,fdo0
638948,fdo0
638964,fdo1
638981,fdo1
638997,fdo2
639014,fdo2
639030,fdi0
639048,fdi1
639066,fdi2
639084,efon
639122,Feliz
639153,Ferdinand
639184,Gunnar
639215,Massimo
639246,Oldrich
639277,Siegward
639308,Theobald
639339,Zenji
639381,Amerita
639412,Beatrice
639443,Henrietta
639474,Jesimae
639505,Karyn
639536,Nanako
639567,Sharlene
639598,Sieghilde
639640,Chanandit
639671,Deulmaeux
639702,Demresinaux
639733,Ephealgaux
639764,Gauldeval
639795,Grauffemart
639826,Migaifongut
639857,Romidiant
639899,Armittie
639930,Cadepure
639961,Clearite
639992,Epilleve
640023,Liabelle
640054,Nauthima
640085,Radille
640116,Vimechue
640158,Balu-Falu
640189,Burg-Ladarg
640220,Ehgo-Ryuhgo
640251,Kolui-Pelui
640282,Nokum-Akkum
640313,Savul-Kivul
640344,Vinja-Kanja
640375,Yarga-Umiga
640417,Cupapa
640448,Jajuju
640479,Kalokoko
640510,Mahoyaya
640541,Pakurara
640572,Ripokeke
640603,Yawawa
640634,Yufafa
640676,Fhig
640707,Khuma
640738,Pimy
640769,Raka
640800,Sahyu
640831,Sufhi
640862,Tsuim
640893,Yoli
640935,Durib
640966,Dzapiwa
640997,Jugowa
641028,Mugido
641059,Voldai
641090,Wagwei
641121,Zayag
641152,Zoldof
641218,Feliz
641249,Ferdinand
641280,Gunnar
641311,Massimo
641342,Oldrich
641373,Siegward
641404,Theobald
641435,Zenji
641477,Amerita
641508,Beatrice
641539,Henrietta
641570,Jesimae
641601,Karyn
641632,Nanako
641663,Sharlene
641694,Sieghilde
641736,Chanandit
641767,Deulmaeux
641798,Demresinaux
641829,Ephealgaux
641860,Gauldeval
641891,Grauffemart
641922,Migaifongut
641953,Romidiant
641995,Armittie
642026,Cadepure
642057,Clearite
642088,Epilleve
642119,Liabelle
642150,Nauthima
642181,Radille
642212,Vimechue
642254,Balu-Falu
642285,Burg-Ladarg
642316,Ehgo-Ryuhgo
642347,Kolui-Pelui
642378,Nokum-Akkum
642409,Savul-Kivul
642440,Vinja-Kanja
642471,Yarga-Umiga
642513,Cupapa
642544,Jajuju
642575,Kalokoko
642606,Mahoyaya
642637,Pakurara
642668,Ripokeke
642699,Yawawa
642730,Yufafa
642772,Fhig
642803,Khuma
642834,Pimy
642865,Raka
642896,Sahyu
642927,Sufhi
642958,Tsuim
642989,Yoli
643031,Durib
643062,Dzapiwa
643093,Jugowa
643124,Mugido
643155,Voldai
643186,Wagwei
643217,Zayag
643248,Zoldof
646841,wFAG
658413,fdo1
658430,fdo1R
658445,pb10F
658917,hiz0
658932,kie0
658949,clo0'
658978,s000
658998,fdi1
659025,s000E
659040,s001
659063,thk0y
659104,s001E
659119,s002
659187,odo0R
659202,s002E
659217,s003
659254,s003E
659269,s004
659320,s004E
659335,s005
659352,clo1
659392,s005E
659407,s006
659427,str0
659447,kill
659467,str0
659487,kill
659507,str0
659527,kill
659547,str0
659567,kill
659587,str0
659607,kill
659627,str0
659647,kill
659664,who0
659681,who0R
659696,s006E
659711,fdo1
659743,whi0
659819,fdi0
659836,who0
659853,who0N
659889,dead
659907,s007
659927,whi0
659967,s007E
659982,s008
660018,s008E
660033,s009
660050,in00
660110,fyu0
660128,s009E
660143,s010
660173,out0
660193,pct0
660208,mty0
660228,s010E
660243,s011
660263,iai0
660281,s011E
660296,s012
660331,s012E
660346,s013
660363,mty1
660388,s013E
660403,s014
660420,pct1
660454,s014E
660469,s015
660502,s015E
660517,s016
660534,pct2
660552,c4l0
660570,s016E
660585,s077
660602,iai1
660620,s077E
660635,s078
660674,s078E
660689,s017
660705,kidl0
660733,orz0
660759,orz0
660785,orz0
660811,orz0
660837,orz0
660863,orz0
660889,orz0
660915,orz0
660933,s017E
660948,s018
660968,odo0
660986,s018E
661001,s019
661018,in00
661035,aww0
661058,fdo1
661075,fdo1R
661090,s019kidl0
661176,s020
661196,fdi1
661234,s020E
661249,s021
661289,tla1+
661312,odo0R
661327,s021E
661342,s022
661368,kru0R
661383,s022E
661398,s023
661426,s023E
661441,s024
661459,hiz1
661474,kie1
661494,s024E
661509,s025
661569,s025E
661584,s026
661601,hou0
661634,p1on
661651,s1on
661704,p1on
661721,s1on
661742,s026E
661757,s027
661798,s027E
661813,s028
661866,s028
661900,p1of
661917,s1of
661937,s027E
661952,s028
662000,s028E
662015,s029
662055,sra1R
662070,s029E
662085,s030
662115,s030E
662130,s031
662167,thk0
662227,s031E
662242,s032
662290,s032E
662305,s033
662353,s033E
662368,s034
662408,sra1
662449,s033E
662464,s035
662504,tlb1
662545,s033E
662560,s034
662600,sra1
662676,s034R
662691,s035E
662706,s036
662776,s036E
662791,s037
662839,tla1
662902,s036E
662917,s037
662950,s037E
662965,s038
663005,tla1R
663020,s038
663043,s039
663083,tla1
663137,tla1
663171,s039
663189,s040
663245,tla1R
663260,s040E
663275,s041
663323,thk1R
663338,s041E
663353,s042
663427,s042E
663442,s043
663511,tla1R
663526,s043E
663541,s044
663589,s044E
663604,s045
663629,s045E
663644,s046
663671,s046E
663686,s047
663754,s047E
663769,s048
663832,s048
663855,s049
663895,tla1R
663910,s049E
663925,s050
664014,odo0
664032,s044E
664047,s051
664106,odo1R
664121,s051E
664136,s045
664169,s045E
664184,s046
664219,fdo1
664236,fdo1R
664251,s050R
664266,s046
664322,fdi2
664341,fdi0
664358,fdi0
664374,fdo0
664391,fdo0
664407,fdi1
664424,fdi1
664440,fdo1
664457,fdo1
664473,whi1
664490,whi1
664506,who1
664523,who1
664539,who2
664556,who2
664572,who3
664589,who3
664605,main
664625,fdo1
664642,fdo1
664658,fdi1
664675,main
664695,fdi1
664711,blon
664728,blon
664746,whi0
664763,whi0
664779,who0
664796,who0
664812,efon
664829,efon
664845,fdis
664863,fdos
664880,fdos
664896,fdif
664914,fdof
664931,fdof
664947,fdip
664965,fdop
664982,fdop
665856,thk1
665903,fdo1
665936,thk1E
665951,fdi1
665990,bik0J
666052,tlk0
666097,poi0
666129,moj0
666147,tlk0
666169,tlk1E
666184,fdo1
666224,fdi1
666251,nak1
666298,zit0
666316,fdo1
666336,nak2
666392,gkr0
666410,fdi1
666434,gkr1
666453,fdo1
666522,fdi1
666579,tlk0
666602,tlk1J
666632,poi0
666668,poi0
666745,fdo1
666765,fdi1
666792,wai0
666811,fdo1
666886,fdi1
666922,tlk0
666941,tlk1
666997,tlk0
667024,tlk1
667043,wav0
667062,fdo1
667184,wai0
667230,tlk0
667249,tlk1
667270,wav0
667289,fdo1
667340,pas0
667363,tlk0
667382,tlk1HJ
667401,tlk0
667428,tlk1HN
667455,tlk0
667478,tlk1ES
667493,qstc
667550,syu0
667574,fdo1
667608,tlk0
667627,tlk1
667780,shk0
667797,shk0f
667812,tlk0
667831,tlk1S
667844,tlk1f
667859,obi0
667878,obi1S
667891,obi1f
667906,wai0
667923,wai0n
667964,tlk0
667983,fdo1
668000,tlk1
668018,fdi1
668038,pas0
668060,fdo1
668080,fdi1
668100,pas0
668119,qstc
668244,fuk1
668413,Raptor's_Food
668441,Raptor's_Food
668469,Raptor's_Food
668497,Raptor's_Food
668525,Raptor's_Food
668553,Raptor's_Food
668581,Raptor's_Food
668609,Raptor's_Food
668638,Syrillia
668710,tlk0
668742,tlk1
668795,tlk0
668821,tlk1'
668853,fdo1
668901,fdi1
668921,bik0
668943,bik1
668961,nak1
669008,zit0
669026,fdo1
669046,nak2
669107,gkr0
669125,fdi1
669153,gkr1
669171,tlk0
669197,tlk1
669266,fdo1
669286,thk1
669304,fdi1
669331,thk2E
669346,fdo1
669394,fdi1
669414,iro0
669435,bik0
669454,bik1
669472,nak1
669519,zit0
669537,fdo1
669557,nak2
669618,gkr0
669636,fdi1
669664,gkr1
669692,bik0
669714,bik1'
669739,thk1
669761,thk2
669786,wai0
670917,s000
671000,s000E
671015,s001
671097,s001E
671112,s002
671137,s002E
671152,s003
671182,s003
671205,s004
671233,sa04
671261,sb04
671289,sc04
671317,sd04
671345,sd04
671373,se04
671401,sf04
671437,s004R
671452,sa04R
671467,sb04R
671482,sc04R
671497,sd04R
671512,se04R
671527,sf04E
671542,s005
671605,s004R
671620,sa04R
671635,sb04R
671650,sc04R
671665,sd04R
671680,se04R
671695,sf04E
671710,s005
671768,s005E
671783,s003
671822,s003E
671837,s006
671862,tlk0S
671875,tlk0f
671890,tlk1R
671905,s006E
671920,s007
671957,s007E
671972,s008
671989,tlk0+
672020,tlk1+
672050,s008E
672065,s009
672090,s009J
672160,s009E
672175,s010
672192,tlk0+
672215,tlk1R
672230,s010E
672245,s011
672292,tlk0+
672330,tlk0+
672353,tlk1E
672368,s012
672393,s011
672426,s012
672451,s013
672468,tlk0+
672491,tlk1S
672504,tlk1f3
672519,thk0+
672542,thk1S
672555,thk1+
672578,s013E
672593,s002
672643,tlk0+
672666,tlk1E
672681,s011
672733,tlk0+
672756,tlk1E
672771,s014
672805,s015
672926,s016
672943,tlk0+
672974,tlk1S
672987,tlk1R
673002,s016E
673017,s015
673057,s015
673090,fdi2
673266,spffS
673292,sp00
673334,s030
673374,s030E
673389,s031
673419,s031ED
673434,blof
673451,s032
673551,s033
673587,s034
673665,tlk0S
673678,tlk0f
673693,tlk1+
673739,s035
673809,sha0+
673832,sir0+
673855,sir1S
673868,sir1f#
673883,sha1S
673896,sha1f3
673911,thk0+
673934,tlk0+
673957,tlk1f3
673972,thk1E
673987,s036
674029,s037
674066,s038
674088,tlk0+
674111,tlk1S
674124,tlk1n
674165,s038E
674180,s036
674212,tlk0+
674235,tlk1S
674248,tlk1+
674337,tlk0+
674360,tlk1+
674422,s039
674463,tlk0+
674494,tlk1
674512,s039
674544,fdi2
674773,sp00
674815,s040
674855,s040E
674870,s041
674946,s041E
674961,s042
675022,pas0S
675035,pas0n
675070,tlk0+
675093,tlk1S
675106,tlk1R
675121,s042E
675136,s043
675233,s043E
675248,s044
675291,spon
675319,s044+
675383,s045
675403,s045E
675418,s046
675452,s046E
675467,s047
675508,bom1Y
675564,sp00
675603,blon
675640,s048
675761,corp
675799,s048E
675814,s065
675831,s065
675849,blof
675875,s049
675929,aww0'
676148,s049E
676163,s050
676367,spon
676413,idl0
676488,s051
676516,s051E
676531,s052
676572,tlk0+
676595,tlk1R
676610,s052E
676625,s053
676758,s054
676798,s054E
676813,s055
676847,s055E
676862,s056
676948,spon'
676970,s056E
676985,s057
677010,s057E
677025,s056
677042,tlk0+
677065,tlk1+
677124,s058
677141,s001
677203,s058n
677230,s066
677250,s059
677356,s060
677405,s060E
677420,s061
677461,s061Y
677504,s062
677545,s062
677586,sb62
677627,s062
677668,sd62
677709,sd62
677750,se62
677791,sf62
677818,s064
677861,s064E
677876,s063
677901,tlk0+
677932,tlk1S
677945,tlk1
677963,thk1+
677986,thk2S
677999,thk2R
678014,s063E
678029,s064
678069,s064F
678086,qstc
678103,fdi2
678122,fdi1
678139,fdi1
678155,fdo1
678172,fdo1
678862,main
678879,main
679012,sts0
679181,spff
680175,tlk0
680214,thk1
680233,thk2
680259,tlk0
680307,ten0
680328,pas0
680355,tlk0
680389,ten0
680446,ten1
680493,tlk0
680536,tlk0
680563,ten0
680582,thk1
680601,thk2B
680620,pas0
680639,tlk1
680670,ten1
680689,tlk0
680733,tlk0
680772,ten0B
680791,pas0
680810,tlk1
680845,ten1
680864,tlk0
680891,ten0
680910,thk1
680972,thk1
681003,thk2
681022,tlk0
681049,ten0n
681083,thk1
681106,thk2B
681125,pas0
681152,tlk0
681214,tlk0
681265,tlk0
681292,ten0n
681330,thk1
681357,thk2
681380,pas0
681414,tlk0
681445,ten0
681468,thk1
681543,tlk0
681589,ten0
681608,thk1
681631,thk2
681650,tlk0
681681,ten0
681766,tlk0
681801,ten0n
681853,pas0
681896,thk1
681919,thk2
681946,tlk0
681985,ten0
682041,pas0
682109,tlk0
682152,tlk0
682179,ten0
682228,tlk0
682255,ten0
682304,tlk1
682356,ten1
682395,tlk0
682438,tlk0
682469,ten0n
682499,thk1
682526,thk2
682549,tlk1
682584,ten1
682639,pas0
682682,tlk0
682729,tlk0
