offset,token
1245,FIISIjI
1255,IrJsJ
1600,A'B'C'
7866,fdo1
7891,main
7940,whi1
8022,fdo1
8039,fdo18
8123,v000
8140,fdi1
8178,v000f
8193,tlk0+
8216,ten0
8234,fdo2
8251,fdo2'
8278,fdi2
8302,fdo1
8319,fdo18
8403,v000
8420,fdi1
8458,v000f
8473,tlk0+
8496,ten0+
8522,fdo2
8539,fdo2'
8566,fdi2
8590,fdo1
8607,fdo18
8705,z000
8799,fdi1
8870,z001
8887,z001+
8910,z002
8927,z002'
8985,z003
9002,z003KOP
9020,ovPP
9118,z004
9170,z005
9187,z005
9221,fdo2
9238,fdo2
9273,fdi2
9302,fdo1
9319,fdo1
9369,fdi1
9387,x000
9414,fdi1U
9496,x001
9513,x001+
9567,x002
9631,x003
9648,x00374
9726,x004
9743,x004+
9828,x005
9845,x005
9863,x00a
9880,x00a#'
9938,x00b
9985,x00b
10006,x00c
10023,x00c'
10069,s092
10126,x006
10143,x006
10188,x007
10205,x007
10237,x008
10254,x008y
10369,x009
10442,x009
10526,w000
10543,w000E
10558,fdi1
10585,fdi12
10694,w001
10711,w001ov
10789,w00c
10806,w00c
10824,w002
10841,w002#y
10928,w00b
11026,w00a
11043,w00a+
11109,ovl1
11126,w003
11143,w003+
11231,w004
11248,w004+
11286,w005
11324,w005E
11339,ovl1
11365,w006
11382,w006ov
11441,w007
11458,w007'
11515,w008
11724,w010
11828,w009
11845,w009
11904,fdo2
11921,fdo2u
11960,fdi2
11984,fdo1
12001,fdo18
12065,y001
12082,fdi1
12124,fdi1Uw
12139,y001'
12164,y000
12181,y000
12232,y002
12260,y002+
12308,y003
12354,fdo1
12371,fdo1Rw
12386,y003
12404,y004
12421,fdi1
12438,fdi1'
12483,y004Ew
12498,y005
12515,y005+
12550,y006
12637,y006Ew
12652,y007
12706,ovl1
12723,y008
12740,y008J
12812,y00d
12829,y00dEw
12844,y009
12927,y009#+
12951,y00a
12968,y00a'
13029,y00b
13069,y00bEw
13084,y00c
13101,y00c
13119,fdo2
13136,fdo2u
13175,fdi2
13199,fdo1
13216,fdo18
13248,s100
13272,s100E
13287,fdi1
13304,fdi1y
13367,s101
13391,s101'
13413,s102
13440,s102E
13455,s103
13480,s103E
13495,s106
13556,s106E
13571,s105
13602,s105E
13617,s104
13671,s104E
13686,s107
13718,s107E
13733,s108
13750,s108E
13765,s109
13812,s109E
13827,s110
13853,s110E
13868,s111
13899,s111E
13914,s112
13946,s112E
13961,s113
13993,s113E
14008,s105
14125,s114
14217,s105
14272,s105
14298,s105
14337,s105
14369,fdo2
14411,fdi2
14435,fdo1
14452,fdo18
14498,s100
14515,s100E
14530,fdi1
14547,fdi1y
14599,fdo1
14616,fdo17
14650,s116
14667,fdi1
14684,fdi1
14711,s116'
14741,s117
14773,s117E
14788,s118
14825,s118E
14840,s119
14865,s119E
14880,s120
14900,s120E
14915,s121
14947,s121E
14962,s122
14979,s122E
14994,s123
15011,s123'
15048,s121
15085,s121E
15100,s120
15121,s120E
15136,s124
15238,s125
15344,s125E
15359,s126
15370,ov#P
15402,s126E
15417,s127
15441,s127'
15479,s128
15496,s128E
15511,s129
15536,s129E
15551,s130
15566,ov#P
15635,s130E
15650,s118
15656,ov#P
15688,s118E
15703,s121
15740,s121E
15755,s118
15792,s118E
15807,s121
15839,s121E
15854,s131
15900,s131E
15915,s117
15954,s117E
15969,s122
16001,s122E
16016,s132
16048,s132E
16063,s124
16087,s124E
16102,q000
16126,q000E
16141,fdo2
16183,fdi2
16213,fdo1
16289,y000
16306,y000E
16321,fdi1
16338,fdi1ov
16386,fdo1
16403,fdo1N
16457,fdi1
16474,y001
16566,y001
16615,y001'
16677,y002
16762,y003
16786,y003+
16817,fdo2
16834,fdo2E
16849,y000
16902,fdi1
16919,fdi1
16953,fdo2
16995,fdi2
17011,e6t0
17023,e6t1
17058,fdo1
17075,fdo1
17154,fdi1
17171,fdi1'
17245,fdo1
17262,fdo1F
17279,fdi1
17350,fdo2
17435,cm40
17452,cm40
17470,fdi2
17487,fdi2'
17624,cm41
17641,cm41
17691,cm42
17708,cm42+
17801,cm45
17818,cm45+
17856,cm43
17873,cm43'
18101,cm44
18202,cm46
18282,cm47
18299,cm47
18327,fdo2
18384,fdi2
18414,fdo1
18431,fdo1E
18446,cm50
18463,cm508
18497,fdi1
18550,cm51
18625,cm52
18717,cm53
18742,cm53J
18914,fdo2
18931,fdo2N
18954,fdi2
18984,fdo1
19001,fdo18
19043,cm30
19060,cm30E
19075,fdi1
19168,cm31
19185,cm31
19248,cm33
19265,cm33'
19442,cm32
19459,cm32
19520,cm34
19537,cm34+
19563,qstc
19580,fdo2
19597,fdo2F
19628,fdi1
19760,fdo1
19777,fdo18
19810,cm00
19827,cm00E
19842,fdi1
19859,fdi1'
19896,cm01
19955,cm01'
20015,cm02
20032,cm02'
20109,cm03
20374,fdo2
20391,fdo2N
20414,fdi2
20624,fdo1
20641,fdo18
20659,cm10
20676,cm107M
20715,fdi1
20732,fdi1'
20800,cm14
20932,cm15
20949,cm15'
21041,cm12
21058,cm12+
21088,cm13
21112,cm13
21130,cm16
21147,cm16J
21193,qstc
21210,fdo2
21258,fdi1
21484,fdo1
21501,fdo18
21519,cm20
21536,cm207e
21560,fdi1
21577,fdi1+
21650,cm21
21667,cm21'
21727,cm22
21744,cm22'
21792,cm23
21809,cm23+
21832,who1
21849,who1'
21899,cm24
21916,cm24
21934,whi1
21951,whi1
21984,cm2a
22001,cm2a
22027,cm25
22044,cm25'
22220,cm2d
22237,cm2d+
22427,cm26
22444,cm26'
22503,who1
22520,who1'
22572,cm27
22589,cm27
22607,whi1
22624,whi1
22714,cm28
22731,cm28+
22846,cm29
22910,cm2b
22971,cm2c
23001,cm2c'
23034,qstc
23051,fdo2
23068,fdo2'
23103,fdi1
23200,fdo1
23260,cm70
23277,cm70E
23292,fdi1
23309,fdi1J
23432,cm71
23449,cm71'
23555,cm7a
23737,cm7b
23887,fdo2
23926,cm72
23943,cm72E
23958,fdi2
23975,fdi2'
24091,cm73
24108,cm73
24153,cm74
24283,cm7c
24300,cm7c'
24431,fdo2
24485,fdi2
24505,fdo1
24522,fdo18
24551,cm80
24568,cm80E
24583,fdi1
24600,fdi1+
24677,cm81
24718,cm81'
24755,cm82
24808,cm82'
25002,fdo2
25019,fdo2N
25048,fdi2
25254,fdo1
25271,fdo18
25298,cm90
25361,fdi1
25378,fdi1E
25393,setm
25408,sc00
25457,cm91
25511,cm9a
25528,cm9a'
25563,ov#P
25647,cm9b
25664,cm9b'
25707,ov#P
25724,cm92
25741,cm92'
25863,qstc
25880,fdo1
25928,fdi1
25952,fdo1
25969,fdo18
25996,cm95
26042,ov#P
26059,fdi1
26076,fdi1+#P
26130,cm96
26176,cm9z
26193,cm9z'
26334,cm9y
26351,cm9y'
26388,cm97
26405,cm97
26428,ov#P
26468,ov#P
26524,qstc
26541,fdo2
26589,fdi1
26644,fdo1
26661,fdo13
26690,c05i
26710,fdi1
26727,fdi1Z
26776,fdo1
26793,fdo13
26822,c05i
26842,fdi1
26859,fdi1Z
26918,c01i
26947,fdo1
26977,c00i
27252,fdo1
27341,u000
27358,u000E
27373,fdi1
27390,fdi1
27526,u001
27694,fdo1
27762,v000
27779,v0007d
27877,fdi1
28008,v001
28025,v001
28043,main
28060,mainU
28075,v001
28109,v002
28126,v002+
28166,v003
28275,v014
28303,v014
28348,ovl1
28365,v004
28482,v006
28499,v006E
28514,v007
28549,v007'
28586,v005
28648,v008
28665,v008'
28702,v009
28729,v009+
28759,v010
28776,v010'
28806,v013
28846,v013
28900,v011
28917,v011'
28962,v012
28989,v012+
29012,fdo2
29029,fdo25+
29057,u000
29074,u000N
29161,fdi1
29223,fdo1
29240,fdo1F
29265,fdi2
29289,fdo1
29306,fdo1u
29355,z000
29372,fdi1
29403,fdi1
29429,z000'
29454,z001
29517,z002
29613,z002N
29690,z003
29718,z003+
29751,z004
29797,z005
29893,z006
29978,z007
30113,z008
30170,z009
30187,z009'
30247,z010
30272,z010'
30310,z011
30350,z012
30367,z012+
30400,z013
30423,z013'
30453,z014
30478,z014'
30508,z016
30583,z017
30659,ovl1
30676,z018
30701,z018
30760,z019
30777,z019
30823,z020
30850,z020J
30901,z021
30954,z021+
31039,z022
31091,fdi2
31110,fdo0
31131,fdo1
31148,fdo1
31164,fdi1
31182,fdi0
31217,sj01
31286,sj01E
31301,sj02
31482,sj03
31530,sj03N
31551,sj05
31583,sj05E
31598,sj04
31623,ehn0
31652,shk0+MP
31675,thk1
31693,thk2+MP
31735,aym0
31763,sj04
31832,sj03
31873,sj03E
31888,sj04
31908,wai0+MP
31931,sj04N
31952,sj05
32001,sha0+MP
32027,sha1JMP
32059,sj05E
32074,sj06
32091,syu0+MP
32130,ghn1
32159,aym0
32187,sj06E
32202,sj05
32222,sj05
32294,sj03
32339,sj03N
32360,sj05
32397,sha1
32415,sj05E
32430,sj07
32447,teh0+MP
32473,msu0+MP
32496,msu1
32514,nmo0+MP
32537,gkr0+MP
32560,gkr1SMP
32588,tlk0+MP
32619,thk1+MP
32645,aym0
32673,sj07E
32688,sj05
32708,sj05
32788,sj03
32826,sj03N
32847,sj05
32896,sha0
32933,sha1JMP
32965,sj03E
32980,sj06
33000,dis0
33026,moj0+MP
33049,tlb0+MP
33075,aym0
33103,sj06E
33118,sj05
33138,sj05
33207,sj03
33253,sj03J
33290,sj08
33315,pas0+MP
33336,pas0'
33361,sj08E
33376,sj09
33428,sj09E
33443,sj10
33466,thk1
33484,thk2
33502,gkr0+MP
33525,gkr1SMP
33553,dis0
33571,sj10E
33586,sj22
33617,sj22N
33651,sj21
33754,gkr0+MP
33819,sj216
33841,sj10
33885,dis0
33911,tlb0+MP
33962,sj10E
33977,sj00
34009,sj00E
34024,sj23
34052,kud0
34070,sj23E
34085,sj00
34105,wai0
34121,dead
34151,aym0
34189,sj00
34207,qstc
34403,fq01
34426,s000
34482,s000E
34497,s044
34529,ovl2
34546,s044E
34561,s045
34619,s045E
34634,s046
34688,s046N
34721,s047
35170,s047E
35185,s048
35220,main
35240,s048E
35255,s049
35746,ovl2
35763,s049E
35778,s050
36095,s051
36112,tlc0+
36145,s051E
36160,s056
36376,s052
36411,iro0+
36446,s052E
36461,s057
36488,tlc0+
36511,ure0
36537,moj0R
36552,s057E
36567,s060
36598,s060E
36613,s061
36664,s061E
36679,s053
36696,idl0'
36742,ovl2
36759,s053E
36774,s055
36995,s055E
37010,s058
37045,pas0
37161,s059
37222,ovl2
37239,s059E
37254,s062
37271,thk1+
37294,thk2+
37356,s062N
37385,s063
37429,twb0+
37460,twb1
37478,ovl2
37495,s063E
37510,s064
37581,s064
37599,s067
37653,s067E
37668,s065
37743,s065N
37773,s066
37808,tlb0
37842,tlb1+
37868,obi0R
37883,s066E
37898,s068
37923,obi1J
37968,s068E
37983,s069
38003,tlc0+
38044,ovl2
38061,s069E
38076,s070
38093,wai0+
38116,ghn0+
38142,tlb0+
38173,ovl1
38190,s070E
38205,s071
38254,tlb1
38309,nto0
38327,s071E
38342,s072
38378,s072fL
38393,nto1N
38606,s073
38623,nto0
38686,s073E
38701,s077
38955,ovl1
38972,s077E
38987,s076
39017,str0
39040,kill
39060,ovl2
39077,s076E
39092,s074
39121,nto1
39385,s074F
39564,fq01
39585,s025
39640,s025E
39655,s026
39699,obi0E
39714,ovl2
39731,s026E
39746,s027
39831,s028
39932,s029
39981,thk1
40009,s029E
40024,s030
40041,thk2
40099,teh0
40117,ovl2
40134,s030E
40149,s031
40199,rlx0
40225,main
40245,s031E
40260,s032
40277,rlx1
40354,s032E
40369,s033
40389,bik0
40447,s044
40483,main
40506,str0
40526,ovl1
40543,s044E
40558,s034
40606,ovl2
40623,s034E
40638,s045
40686,shk0
40714,s045E
40729,s035
40761,s035
40776,kill
40838,s037
40893,ovl2
40910,s037E
40925,s047
40963,fq01
40984,fq02R
40999,s047
41017,s038
41040,fq02
41084,fq03
41102,s039
41171,fq04
41189,s040
41212,fq06
41261,s041
41278,fq06
41356,s048
41376,tlk1
41437,fq05
41455,s048E
41470,s049
41522,str0
41542,ovl2
41559,s049E
41574,s048
41601,tlb0
41630,s048E
41645,s042
41662,tlb1
41691,s042'
41713,s078
41736,s078
41754,s043
41777,kill
41807,tlk0+
41830,s043'
41864,s050
41884,tld0+
41958,s051
42034,aww0+
42067,s051E
42082,s052
42142,fq01
42160,fq02
42192,fq01
42294,obi0
42312,s027
42346,s027E
42361,s054
42378,obi1f
42393,tlb0
42428,tlb1
42709,s054F
42841,s055
43362,s055E
43377,s056
43426,ovl2
43443,s056E
43458,s057
43579,s057
43625,ovl1
43642,s057E
43657,s058
43711,s062
43750,tlc0E
43765,ovl1
43782,s062E
43797,s059
43838,s0597
43862,s060
43924,ovl2
43941,s060E
43956,s061
43973,nto0
44069,s063
44112,tlk0
44138,tlk0
44164,tlk0
44190,tlk0
44216,tlk0
44242,tlk0
44268,tlk0
44294,tlk0
44559,ovl2
44576,s063E
44591,s064
45068,tlk1
45094,tlk1
45120,tlk1
45146,tlk1
45172,tlk1
45198,tlk1
45224,tlk1
45250,tlk1
45486,ovl2
45503,s064E
45518,s065
45784,str0
46489,ovl1
46506,s065E
46521,s067
46541,kill
46584,s067E
46599,s066
47322,ovl2
47339,s066E
47354,s068
47829,s068E
47844,s069
48104,ovl2
48121,s069E
48136,s070
48887,s070E
48902,s073
49160,s073E
49175,s074
49469,s074u
49494,qstc
49574,who0
49591,who0
49607,who1
49624,who1
49640,whi0
49658,whi1
49676,fdo0
49693,fdo0
49709,fdo1
49726,fdo1
49742,fdo2
49759,fdo2
49775,fdi2
49813,Feliz
49844,Ferdinand
49875,Gunnar
49906,Massimo
49937,Oldrich
49968,Siegward
49999,Theobald
50030,Zenji
50072,Amerita
50103,Beatrice
50134,Henrietta
50165,Jesimae
50196,Karyn
50227,Nanako
50258,Sharlene
50289,Sieghilde
50331,Chanandit
50362,Deulmaeux
50393,Demresinaux
50424,Ephealgaux
50455,Gauldeval
50486,Grauffemart
50517,Migaifongut
50548,Romidiant
50590,Armittie
50621,Cadepure
50652,Clearite
50683,Epilleve
50714,Liabelle
50745,Nauthima
50776,Radille
50807,Vimechue
50849,Balu-Falu
50880,Burg-Ladarg
50911,Ehgo-Ryuhgo
50942,Kolui-Pelui
50973,Nokum-Akkum
51004,Savul-Kivul
51035,Vinja-Kanja
51066,Yarga-Umiga
51108,Cupapa
51139,Jajuju
51170,Kalokoko
51201,Mahoyaya
51232,Pakurara
51263,Ripokeke
51294,Yawawa
51325,Yufafa
51367,Fhig
51398,Khuma
51429,Pimy
51460,Raka
51491,Sahyu
51522,Sufhi
51553,Tsuim
51584,Yoli
51626,Durib
51657,Dzapiwa
51688,Jugowa
51719,Mugido
51750,Voldai
51781,Wagwei
51812,Zayag
51843,Zoldof
51909,Feliz
51940,Ferdinand
51971,Gunnar
52002,Massimo
52033,Oldrich
52064,Siegward
52095,Theobald
52126,Zenji
52168,Amerita
52199,Beatrice
52230,Henrietta
52261,Jesimae
52292,Karyn
52323,Nanako
52354,Sharlene
52385,Sieghilde
52427,Chanandit
52458,Deulmaeux
52489,Demresinaux
52520,Ephealgaux
52551,Gauldeval
52582,Grauffemart
52613,Migaifongut
52644,Romidiant
52686,Armittie
52717,Cadepure
52748,Clearite
52779,Epilleve
52810,Liabelle
52841,Nauthima
52872,Radille
52903,Vimechue
52945,Balu-Falu
52976,Burg-Ladarg
53007,Ehgo-Ryuhgo
53038,Kolui-Pelui
53069,Nokum-Akkum
53100,Savul-Kivul
53131,Vinja-Kanja
53162,Yarga-Umiga
53204,Cupapa
53235,Jajuju
53266,Kalokoko
53297,Mahoyaya
53328,Pakurara
53359,Ripokeke
53390,Yawawa
53421,Yufafa
53463,Fhig
53494,Khuma
53525,Pimy
53556,Raka
53587,Sahyu
53618,Sufhi
53649,Tsuim
53680,Yoli
53722,Durib
53753,Dzapiwa
53784,Jugowa
53815,Mugido
53846,Voldai
53877,Wagwei
53908,Zayag
53939,Zoldof
68412,tlk0
68436,tlk1
68548,mot2
68819,tlk0
68837,tlk1
68863,tlk0
68881,tlk1
68907,tlk0
68925,tlk1
68951,tlk0
68969,tlk1
68995,tlk0
69013,tlk1
69039,tlk0
69057,tlk1
69083,tlk0
69101,tlk1
69127,tlk0
69145,tlk1
69298,pas0
69458,sha0S
69471,sha0
69495,sha1S
69508,sha1
69532,sit0S
69545,sit0
69569,sit1S
69582,sit1
70137,tlc0
70153,tlc1S
70166,tlc1
70182,tla0
70198,tla1S
70211,tla1
70227,tlb0
70243,tlb1S
70256,tlb1
70272,hta0
70288,hta1S
70301,hta1
70672,kbel
70804,tlf0
70857,jna0
70908,kbe0
70927,kbe1S
70940,kbe1
70956,kbe2S
70969,kbe2
70985,std0
71004,std1S
71017,std1
71033,tlc0
71049,tlc1S
71062,tlc1
71078,gma0S
71091,gma0
71107,gma1S
71120,gma1
71136,tbo0S
71149,tbo0
71165,tbo1S
71178,tbo1
71194,sra0
71213,sra1S
71226,sra1
71242,tlf0S
71255,tlf0
71271,tlf1S
71284,tlf1
71300,tla0
71316,tla1S
71329,tla1
71345,tld0
71361,tld1S
71374,tld1
71390,tlb0
71406,tlb1S
71419,tlb1
71435,thk0
71451,thk1S
71464,thk1
71480,hnd0S
71493,hnd0
71509,hnd1S
71522,hnd1
71538,tld0
71554,tld1
71570,jna0S
71583,jna0
72987,tla0
73006,tla1S
73019,tla1
74754,thk1
74773,thk2
74800,tlk0
74827,tlk1
74914,pas0
74939,pas0
74981,tlk0
75023,tlk1
75058,tlk0
75096,thk1
75119,tlk0
75338,qstc
75382,qstc
75479,op00
75574,op00
75590,op01
75626,opa0
75642,opa1
75658,opa2
75695,thk1
75711,thk2
75747,op00
75784,opa0
75800,opa1
75816,opa2
75832,thk1
75848,thk2
75864,tlk0
75880,tlk1
75928,opa0
75945,opa1
75962,opa2
75978,thk1
75994,thk2
76010,tlk0
76026,tlke
76042,ban0
76103,tlk0
76119,ehn1
76135,moj0
76200,bop0
76317,opb0
76333,opb1
76369,opc0
76385,opc1
76401,aww0
76417,thk1
76494,op00
76551,opc0
76567,opc1
76644,aww0
76733,thk1
76749,thk2
76805,shk0
76822,tlk0
76838,tlk1
76854,thk1
76870,thk2
76886,emt0
76935,opb0
76951,opc0
76967,opc1
76983,thb1
76999,thb2
77015,thk1
77031,thk2
77087,opd0
77103,opd1
77514,fdo1
77537,fdo1F
77642,fdi1
77659,s280
77690,s280E
77705,s281
77775,ten0N
77804,s281E
77819,s282
77871,tlk1J
77910,s282E
77925,s283
77976,ten0R
77991,s283E
78006,s284
78060,s284E
78075,s285
78126,s285N
78147,s286
78292,s286E
78307,s287
78327,s287E
78342,fdo1
78633,fdo1z
78710,fdi1
78727,s288
78747,s288E
78762,s289
78809,s289E
78824,s290
78895,s290E
78910,s291
78971,ten0R
79016,s277
79044,s277
79064,s292
79143,s277
79169,s277
79187,s292E
79202,s293
79278,s293E
79293,s294
79340,s294E
79355,s295
79386,s295E
79401,s296
79440,s296E
79455,s273
79514,ten0J
79538,s273E
79553,s297
79605,s297E
79620,s298
79801,s276
79829,s276
79849,s299
79926,s276
79952,s276
79970,s299E
79985,s272
80038,s272E
80053,s278
80108,s278E
80123,s279
80206,fdo1
80223,fdo1R
80238,s279u
80261,fdi2
80320,N'O'P'Q'R'S'T'U'V'W'X'
80420,N'O'P'Q'R'S'T'U'V'W'X'
80522,C't'u'
80800,v'w'
80904,C'I'J'
80984,O'P'
81848,kos0
81871,kos1S
81925,kos0
81957,ude0
82164,kos0
82618,tlk0
82637,tlk1S
82650,tlk1
82666,ude0
82685,ude1S
82698,ude1
82714,kos0
82733,kos1S
82746,kos1
82762,thk1
82781,thk2S
82794,thk2
82810,pas0S
82823,pas0
82861,thk1
82899,thk2
82938,op00
82954,op01
82970,op02
82986,ude0
83002,ude1
83018,thk1
83034,thk2
83050,kos0
83066,kos1
83134,tlk0
83153,tlk1S
83166,tlk1
83182,ude0
83201,ude1
83217,thk1S
83230,thk2
83246,thk2S
83259,thk2
83275,kos0
83291,kos1S
83304,kos1
83334,yes0
83353,bik0
83372,bik1
83391,yre0
83410,aki0
83430,dsk0
83446,dsk1
83580,tlk0
83602,tlk1'
83638,thk1
83668,thk2y
83696,tlk0
83722,tlk1
83761,kos0
83791,kos1
84340,uts0
84414,bed0
84471,sit02
84490,bed1
84534,b002S
84547,bed1
84807,tlk0
84826,tlk1S
84839,tlk1
84855,thk1
84874,thk2S
84887,thk2
84903,uts0
84922,uts1S
84935,uts1
84962,op00
84978,op01
84994,op02
85010,tlk0
85026,tlk1
85042,thk1
85058,thk2
85344,tlk0
85363,pas0S
85376,pas0
85669,tlb0
85688,tlb1S
85701,tlb1
85717,tlk0
85736,thk1
85755,thk2S
85768,thk2
86067,tlk0
86116,tlk0
86166,tlk0
86217,tlk0
86236,qstc
86274,tlk0
86314,tlk0
86354,tlk0
86398,tlk0
86438,tlk0
86467,tlk0
86506,tlk0
86830,L'N'O'P'Q'R'S'T'U'V'W'X'n'
87635,tlk0
87654,tlk2S
87695,tlk0
87714,tlk2S
87755,tlk0
87774,tlk2S
87815,tlk0
87838,tlk2S
87879,tlk0
87902,tlk2S
88024,tlk0
88051,tlk2S
88092,tlk0
88115,tlk2S
88156,tlk0
88175,tlk2S
88216,tlk0
88235,tlk2S
88281,tlk0
88383,tlk0
88419,tlk0S
88432,tlk0
88448,tlk2S
88461,tlk2
88488,tlk0
88528,tlk2S
88635,op00
88730,op00
88746,op01
88782,opa0
88798,opa1
88814,opa2
88851,thk1
88867,thk2
88903,op00
88940,opa0
88956,opa1
88972,opa2
88988,thk1
89004,thk2
89020,tlk0
89036,tlk1
89084,opa0
89101,opa1
89118,opa2
89134,thk1
89150,thk2
89166,tlk0
89182,tlke
89198,ban0
89259,tlk0
89275,ehn1
89291,moj0
89356,bop0
89473,opb0
89489,opb1
89525,opc0
89541,opc1
89557,aww0
89573,thk1
89650,op00
89707,opc0
89723,opc1
89800,aww0
89889,thk1
89905,thk2
89961,shk0
89978,tlk0
89994,tlk1
90010,thk1
90026,thk2
90042,emt0
90091,opb0
90107,opc0
90123,opc1
90139,thb1
90155,thb2
90171,thk1
90187,thk2
90243,opd0
90259,opd1
90555,tlk0+
90578,ten0
90605,tlk0+
90628,ten0+
90778,tlk0
90801,ten0S
90855,fdo1
90977,s033
90994,fdi1
91014,s033E
91029,ovl1
91046,s150
91066,s150E
91081,ovl1
91098,s034
91127,s034E
91142,s036
91180,s036E
91195,ovl1
91212,s035
91236,s035E
91251,s037
91292,s037E
91307,s038
91409,s038E
91424,s039
91497,s039E
91512,s040
91543,s040E
91558,ovl1
91575,s041
91588,ovBP
91605,s041E
91620,s042
91661,s042E
91676,ovl1
91693,s043
91726,s043E
91741,s044
91765,s044E
91780,ovl1
91797,s035
91828,s035E
91843,s045
91881,s045
91904,s159
91932,s159
91960,s159
91980,s046
92019,fdo1
92074,s160
92102,s161
92130,s161
92158,s163
92186,s163
92206,s047
92223,fdi1
92252,fdo1
92280,s160
92306,s161
92332,s161
92358,s163
92384,s163
92433,fdi1
92477,fdo1
92547,s034
92564,fdi1
92603,s034E
92618,s051
92676,s049
92727,s050
92767,s051
92818,s051E
92833,s052
92872,fdo1
92988,s036
93005,fdi1
93041,fdo1
93074,s036
93092,fdi1
93111,qstc
93165,tlk0
93306,M'N'O'P'Q'R'S'T'U'V'W'X'
93591,tlk0
93658,fdo1
93675,fdo1
93771,tlk0
93811,tlk0
93847,tlk0
93922,tlk0
93958,tlk0
93994,tlk0
94122,tlk0
94175,tlk0
94222,tlk0
94241,qstc
94278,tlk0
94297,qstc
94324,zit0
94340,tlk0
94356,tlk1
94379,tlk0
94956,tlk0
94975,tlk1S
95012,pas0S
95025,pas0
96571,qstc
97322,wNxN
97939,tlk0
97958,tlk1
97977,pas0S
97990,pas0
98138,op00
98233,op00
98249,op01
98285,opa0
98301,opa1
98317,opa2
98354,thk1
98370,thk2
98406,op00
98443,opa0
98459,opa1
98475,opa2
98491,thk1
98507,thk2
98523,tlk0
98539,tlk1
98587,opa0
98604,opa1
98621,opa2
98637,thk1
98653,thk2
98669,tlk0
98685,tlke
98701,ban0
98762,tlk0
98778,ehn1
98794,moj0
98859,bop0
98976,opb0
98992,opb1
99028,opc0
99044,opc1
99060,aww0
99076,thk1
99153,op00
99210,opc0
99226,opc1
99303,aww0
99392,thk1
99408,thk2
99464,shk0
99481,tlk0
99497,tlk1
99513,thk1
99529,thk2
99545,emt0
99594,opb0
99610,opc0
99626,opc1
99642,thb1
99658,thb2
99674,thk1
99690,thk2
99746,opd0
99762,opd1
99778,tlk0
99792,tlk0
99808,tlk1
99822,tlk1
99838,pas0
99852,pas0
99868,cor0
99882,cor0
99898,oki0
99912,oki0
99928,tid0
99942,tid0
99958,tlk2
99972,tlk2
99988,ang0
100002,ang0
100018,ang1
100032,ang1
100048,bik0
100062,bik0
100078,bik1
100092,bik1
100108,fum0
100122,fum0
100138,fum1
100152,fum1
100168,bye0
100182,bye0
100198,hap0
100212,hap0
100228,hap1
100242,hap1
100258,fnd0
100272,fnd0
100288,fnd1
100302,fnd1
100318,mmm0
100332,mmm0
100348,mmm1
100362,mmm1
100387,wetc
100401,wetc
100417,pnt0
100431,pnt0
100449,kyo0
100463,kyo0
100479,kyo1
100493,kyo1
100509,joy0
100523,joy0
101665,tlk1+
101688,tlk2f
101703,dis0+
101724,dis09
101744,sdo0+
101765,sdo0f
101780,sdo1S
101857,tlk1
101896,tlk1
101945,ten1
101962,ten1f
101977,pas0
101994,pas0
102020,ten1
102082,tlk0
102101,ten0S
102114,ten0
102130,tlk1
102149,ten1S
102162,ten1
102184,thk1
102209,thk2S
102222,thk2
102311,op00
102406,op00
102422,op01
102458,opa0
102474,opa1
102490,opa2
102527,thk1
102543,thk2
102579,op00
102616,opa0
102632,opa1
102648,opa2
102664,thk1
102680,thk2
102696,tlk0
102712,tlk1
102760,opa0
102777,opa1
102794,opa2
102810,thk1
102826,thk2
102842,tlk0
102858,tlke
102874,ban0
102935,tlk0
102951,ehn1
102967,moj0
103032,bop0
103149,opb0
103165,opb1
103201,opc0
103217,opc1
103233,aww0
103249,thk1
103326,op00
103383,opc0
103399,opc1
103476,aww0
103565,thk1
103581,thk2
103637,shk0
103654,tlk0
103670,tlk1
103686,thk1
103702,thk2
103718,emt0
103767,opb0
103783,opc0
103799,opc1
103815,thb1
103831,thb2
103847,thk1
103863,thk2
103919,opd0
103935,opd1
104249,tlk0
104268,ten0S
104281,ten0
104297,tlk1
104316,ten1S
104329,ten1
104351,thk1
104376,thk2S
104389,thk2
104466,CNENGNINMNTNON
105425,tlk0+
105467,tlk0+
105517,tlk0+
105575,tlk0
105620,tlk0
105711,op00
105806,op00
105822,op01
105858,opa0
105874,opa1
105890,opa2
105927,thk1
105943,thk2
105979,op00
106016,opa0
106032,opa1
106048,opa2
106064,thk1
106080,thk2
106096,tlk0
106112,tlk1
106160,opa0
106177,opa1
106194,opa2
106210,thk1
106226,thk2
106242,tlk0
106258,tlke
106274,ban0
106335,tlk0
106351,ehn1
106367,moj0
106432,bop0
106549,opb0
106565,opb1
106601,opc0
106617,opc1
106633,aww0
106649,thk1
106726,op00
106783,opc0
106799,opc1
106876,aww0
106965,thk1
106981,thk2
107037,shk0
107054,tlk0
107070,tlk1
107086,thk1
107102,thk2
107118,emt0
107167,opb0
107183,opc0
107199,opc1
107215,thb1
107231,thb2
107247,thk1
107263,thk2
107319,opd0
107335,opd1
108337,tlk0+
108368,ure0+
108410,tlk0+
108460,tlk0
108517,tlk0+
108540,thk1+
108575,thk1+
108623,thk2+
108675,thk2+
108730,tlk0+
108753,thk1+
108776,thk2+
108872,ure0+
108893,ure0f
108908,thk1+
108931,thk2+
108954,qstc
109054,op00
109149,op00
109165,op01
109201,opa0
109217,opa1
109233,opa2
109270,thk1
109286,thk2
109322,op00
109359,opa0
109375,opa1
109391,opa2
109407,thk1
109423,thk2
109439,tlk0
109455,tlk1
109503,opa0
109520,opa1
109537,opa2
109553,thk1
109569,thk2
109585,tlk0
109601,tlke
109617,ban0
109678,tlk0
109694,ehn1
109710,moj0
109775,bop0
109892,opb0
109908,opb1
109944,opc0
109960,opc1
109976,aww0
109992,thk1
110069,op00
110126,opc0
110142,opc1
110219,aww0
110308,thk1
110324,thk2
110380,shk0
110397,tlk0
110413,tlk1
110429,thk1
110445,thk2
110461,emt0
110510,opb0
110526,opc0
110542,opc1
110558,thb1
110574,thb2
110590,thk1
110606,thk2
110662,opd0
110678,opd1
110836,tlk0
110874,thk1
110888,thk1
110904,thk2
110918,thk2
110934,tld0
110948,tld0
110964,tld1
110978,tld1
112446,thk1S
112459,thk1
112475,thk2S
112488,thk2
112504,dis0S
112517,dis0
112533,tlk0S
112546,tlk0
112562,syu0S
112575,syu0
112667,op00
112762,op00
112778,op01
112814,opa0
112830,opa1
112846,opa2
112883,thk1
112899,thk2
112935,op00
112972,opa0
112988,opa1
113004,opa2
113020,thk1
113036,thk2
113052,tlk0
113068,tlk1
113116,opa0
113133,opa1
113150,opa2
113166,thk1
113182,thk2
113198,tlk0
113214,tlke
113230,ban0
113291,tlk0
113307,ehn1
113323,moj0
113388,bop0
113505,opb0
113521,opb1
113557,opc0
113573,opc1
113589,aww0
113605,thk1
113682,op00
113739,opc0
113755,opc1
113832,aww0
113921,thk1
113937,thk2
113993,shk0
114010,tlk0
114026,tlk1
114042,thk1
114058,thk2
114074,emt0
114123,opb0
114139,opc0
114155,opc1
114171,thb1
114187,thb2
114203,thk1
114219,thk2
114275,opd0
114291,opd1
114598,E'n'
115533,pas0f
115548,thk1
115567,thk2S
115580,thk2E
115595,qstc
115705,thk1S
115718,thk1
115734,thk2S
115747,thk2
115763,dis0S
115776,dis0
115792,tlk0S
115805,tlk0
115821,ghn1S
115834,ghn1
115850,ohh0S
115863,ohh0
115981,op00
116076,op00
116092,op01
116128,opa0
116144,opa1
116160,opa2
116197,thk1
116213,thk2
116249,op00
116286,opa0
116302,opa1
116318,opa2
116334,thk1
116350,thk2
116366,tlk0
116382,tlk1
116430,opa0
116447,opa1
116464,opa2
116480,thk1
116496,thk2
116512,tlk0
116528,tlke
116544,ban0
116605,tlk0
116621,ehn1
116637,moj0
116702,bop0
116819,opb0
116835,opb1
116871,opc0
116887,opc1
116903,aww0
116919,thk1
116996,op00
117053,opc0
117069,opc1
117146,aww0
117235,thk1
117251,thk2
117307,shk0
117324,tlk0
117340,tlk1
117356,thk1
117372,thk2
117388,emt0
117437,opb0
117453,opc0
117469,opc1
117485,thb1
117501,thb2
117517,thk1
117533,thk2
117589,opd0
117605,opd1
119129,tlk0S
119142,tlk0
119158,thk1S
119171,thk1
119187,thk2S
119200,thk2
119216,ang0S
119229,ang0
119245,tlk1S
119258,tlk1
119274,pan0S
119287,pan0
119303,nai0S
119316,nai0
119332,pas0S
119345,pas0
119361,sur0S
119374,sur0
119403,tlk2S
119416,tlk2
119432,kou0S
119445,kou0
119527,op00
119622,op00
119638,op01
119674,opa0
119690,opa1
119706,opa2
119743,thk1
119759,thk2
119795,op00
119832,opa0
119848,opa1
119864,opa2
119880,thk1
119896,thk2
119912,tlk0
119928,tlk1
119976,opa0
119993,opa1
120010,opa2
120026,thk1
120042,thk2
120058,tlk0
120074,tlke
120090,ban0
120151,tlk0
120167,ehn1
120183,moj0
120248,bop0
120365,opb0
120381,opb1
120417,opc0
120433,opc1
120449,aww0
120465,thk1
120542,op00
120599,opc0
120615,opc1
120692,aww0
120781,thk1
120797,thk2
120853,shk0
120870,tlk0
120886,tlk1
120902,thk1
120918,thk2
120934,emt0
120983,opb0
120999,opc0
121015,opc1
121031,thb1
121047,thb2
121063,thk1
121079,thk2
121135,opd0
121151,opd1
121545,yks0
121563,yks1S
121576,yks1
121592,std0
121614,tlb0
121633,tlb1S
121646,tlb1
123085,fdo1
123102,fdo1E
123117,nak1
123139,fdi1
123293,tlk0
123312,thk1S
123325,thk1
123341,thk2
123360,pas0S
123373,pas0
123389,cry0S
123402,cry0
123494,op00
123589,op00
123605,op01
123641,opa0
123657,opa1
123673,opa2
123710,thk1
123726,thk2
123762,op00
123799,opa0
123815,opa1
123831,opa2
123847,thk1
123863,thk2
123879,tlk0
123895,tlk1
123943,opa0
123960,opa1
123977,opa2
123993,thk1
124009,thk2
124025,tlk0
124041,tlke
124057,ban0
124118,tlk0
124134,ehn1
124150,moj0
124215,bop0
124332,opb0
124348,opb1
124384,opc0
124400,opc1
124416,aww0
124432,thk1
124509,op00
124566,opc0
124582,opc1
124659,aww0
124748,thk1
124764,thk2
124820,shk0
124837,tlk0
124853,tlk1
124869,thk1
124885,thk2
124901,emt0
124950,opb0
124966,opc0
124982,opc1
124998,thb1
125014,thb2
125030,thk1
125046,thk2
125102,opd0
125118,opd1
126026,tlk0
126045,tlb0
126064,tlb1S
126077,tlb1
126093,thk1
126112,thk2S
126125,thk2
126217,op00
126312,op00
126328,op01
126364,opa0
126380,opa1
126396,opa2
126433,thk1
126449,thk2
126485,op00
126522,opa0
126538,opa1
126554,opa2
126570,thk1
126586,thk2
126602,tlk0
126618,tlk1
126666,opa0
126683,opa1
126700,opa2
126716,thk1
126732,thk2
126748,tlk0
126764,tlke
126780,ban0
126841,tlk0
126857,ehn1
126873,moj0
126938,bop0
127055,opb0
127071,opb1
127107,opc0
127123,opc1
127139,aww0
127155,thk1
127232,op00
127289,opc0
127305,opc1
127382,aww0
127471,thk1
127487,thk2
127543,shk0
127560,tlk0
127576,tlk1
127592,thk1
127608,thk2
127624,emt0
127673,opb0
127689,opc0
127705,opc1
127721,thb1
127737,thb2
127753,thk1
127769,thk2
127825,opd0
127841,opd1
129169,qstc
129254,op00
129349,op00
129365,op01
129401,opa0
129417,opa1
129433,opa2
129470,thk1
129486,thk2
129522,op00
129559,opa0
129575,opa1
129591,opa2
129607,thk1
129623,thk2
129639,tlk0
129655,tlk1
129703,opa0
129720,opa1
129737,opa2
129753,thk1
129769,thk2
129785,tlk0
129801,tlke
129817,ban0
129878,tlk0
129894,ehn1
129910,moj0
129975,bop0
130092,opb0
130108,opb1
130144,opc0
130160,opc1
130176,aww0
130192,thk1
130269,op00
130326,opc0
130342,opc1
130419,aww0
130508,thk1
130524,thk2
130580,shk0
130597,tlk0
130613,tlk1
130629,thk1
130645,thk2
130661,emt0
130710,opb0
130726,opc0
130742,opc1
130758,thb1
130774,thb2
130790,thk1
130806,thk2
130862,opd0
130878,opd1
136254,tlk0
136287,tlk0
136320,thk1
136347,thk2
136392,iro0
136409,iro0
136427,zit0S
136480,tlk0
136509,tlk0
136690,qstc
136720,oJ#P
136800,opf0
136813,sha0
136831,setm
136846,sc00C
136865,sha1
137745,tlk0
137764,thk1
137783,thk2S
137796,thk2
137812,iro0S
137825,iro0
137841,dis0S
137854,dis0
137946,op00
138041,op00
138057,op01
138093,opa0
138109,opa1
138125,opa2
138162,thk1
138178,thk2
138214,op00
138251,opa0
138267,opa1
138283,opa2
138299,thk1
138315,thk2
138331,tlk0
138347,tlk1
138395,opa0
138412,opa1
138429,opa2
138445,thk1
138461,thk2
138477,tlk0
138493,tlke
138509,ban0
138570,tlk0
138586,ehn1
138602,moj0
138667,bop0
138784,opb0
138800,opb1
138836,opc0
138852,opc1
138868,aww0
138884,thk1
138961,op00
139018,opc0
139034,opc1
139111,aww0
139200,thk1
139216,thk2
139272,shk0
139289,tlk0
139305,tlk1
139321,thk1
139337,thk2
139353,emt0
139402,opb0
139418,opc0
139434,opc1
139450,thb1
139466,thb2
139482,thk1
139498,thk2
139554,opd0
139570,opd1
140869,thk1
140888,thk2S
140925,dis0
140942,dis0
140960,moj0S
141402,qstc
141473,tlk0S
141486,tlk0
141502,thk1
141521,thk2S
141534,thk2
141550,iro0S
141563,iro0
141579,dis0S
141592,dis0
141618,sha0
141642,sha1
143178,op00
143273,op00
143289,op01
143325,opa0
143341,opa1
143357,opa2
143394,thk1
143410,thk2
143446,op00
143483,opa0
143499,opa1
143515,opa2
143531,thk1
143547,thk2
143563,tlk0
143579,tlk1
143627,opa0
143644,opa1
143661,opa2
143677,thk1
143693,thk2
143709,tlk0
143725,tlke
143741,ban0
143802,tlk0
143818,ehn1
143834,moj0
143899,bop0
144016,opb0
144032,opb1
144068,opc0
144084,opc1
144100,aww0
144116,thk1
144193,op00
144250,opc0
144266,opc1
144343,aww0
144432,thk1
144448,thk2
144504,shk0
144521,tlk0
144537,tlk1
144553,thk1
144569,thk2
144585,emt0
144634,opb0
144650,opc0
144666,opc1
144682,thb1
144698,thb2
144714,thk1
144730,thk2
144786,opd0
144802,opd1
144839,tlk0
144862,tlk1
144962,tlk0
144985,tlk1
145006,tlk1f
145021,pas0
145038,pas0
145079,tlk0
145102,tlk1S
145191,pas0S
145327,tlk0
145350,tlk1
145371,tlk1f
145386,pas0
145403,pas0
145463,pas0
145495,qstc
145747,tlk0
145775,iro0S
145788,iro0
145836,dis0S
145849,dis0
146068,cl00
146096,cl01
146124,cl02
146152,cl03
146180,cl04
146208,cl05
146236,cl06
146264,cl07
146292,cl08
146320,cl09
146348,cl10
146376,cl11
146396,selt
146692,cl00
146720,cl01
146748,cl02
146776,cl03
146804,cl04
146832,cl05
146860,cl06
146888,cl07
146916,cl08
146944,cl09
146972,cl10
147000,cl11
147020,selt
147316,cl00
147344,cl01
147372,cl02
147400,cl03
147428,cl04
147456,cl05
147484,cl06
147512,cl07
147540,cl08
147568,cl09
147596,cl10
147624,cl11
147644,selt
147940,cl00
147968,cl01
147996,cl02
148024,cl03
148052,cl04
148080,cl05
148108,cl06
148136,cl07
148164,cl08
148192,cl09
148220,cl10
148248,cl11
148268,selt
148564,cl00
148592,cl01
148620,cl02
148648,cl03
148676,cl04
148704,cl05
148732,cl06
148760,cl07
148788,cl08
148816,cl09
148844,cl10
148872,cl11
148892,selt
149188,cl00
149216,cl01
149244,cl02
149272,cl03
149300,cl04
149328,cl05
149356,cl06
149384,cl07
149412,cl08
149440,cl09
149468,cl10
149496,cl11
149516,selt
149812,cl00
149840,cl01
149868,cl02
149896,cl03
149924,cl04
149952,cl05
149980,cl06
150008,cl07
150036,cl08
150064,cl09
150092,cl10
150120,cl11
150140,selt
150436,cl00
150464,cl01
150492,cl02
150520,cl03
150548,cl04
150576,cl05
150604,cl06
150632,cl07
150660,cl08
150688,cl09
150716,cl10
150744,cl11
150764,selt
151060,cl00
151088,cl01
151116,cl02
151144,cl03
151172,cl04
151200,cl05
151228,cl06
151256,cl07
151284,cl08
151312,cl09
151340,cl10
151368,cl11
151388,selt
151684,cl00
151712,cl01
151740,cl02
151768,cl03
151796,cl04
151824,cl05
151852,cl06
151880,cl07
151908,cl08
151936,cl09
151964,cl10
151992,cl11
152012,selt
152308,cl00
152336,cl01
152364,cl02
152392,cl03
152420,cl04
152448,cl05
152476,cl06
152504,cl07
152532,cl08
152560,cl09
152588,cl10
152616,cl11
152636,selt
152932,cl00
152960,cl01
152988,cl02
153016,cl03
153044,cl04
153072,cl05
153100,cl06
153128,cl07
153156,cl08
153184,cl09
153212,cl10
153240,cl11
153260,selt
153943,qstc
154274,G'B'
154290,C'n'
155031,tlk0
155088,tlk0
155133,tlk0
155302,op00
155397,op00
155413,op01
155449,opa0
155465,opa1
155481,opa2
155518,thk1
155534,thk2
155570,op00
155607,opa0
155623,opa1
155639,opa2
155655,thk1
155671,thk2
155687,tlk0
155703,tlk1
155751,opa0
155768,opa1
155785,opa2
155801,thk1
155817,thk2
155833,tlk0
155849,tlke
155865,ban0
155926,tlk0
155942,ehn1
155958,moj0
156023,bop0
156140,opb0
156156,opb1
156192,opc0
156208,opc1
156224,aww0
156240,thk1
156317,op00
156374,opc0
156390,opc1
156467,aww0
156556,thk1
156572,thk2
156628,shk0
156645,tlk0
156661,tlk1
156677,thk1
156693,thk2
156709,emt0
156758,opb0
156774,opc0
156790,opc1
156806,thb1
156822,thb2
156838,thk1
156854,thk2
156910,opd0
156926,opd1
157020,CNMNTNON
157123,tlk0
157150,ten0S
157196,opa0
157212,opa1
157228,opc0
157244,opc1
157260,opc2
157296,opd0
157312,opd1
157328,uta0
157344,tlk0
157360,poi1
157376,poi2
157392,thk1
158275,tlk0
158379,op00
158474,op00
158490,op01
158526,opa0
158542,opa1
158558,opa2
158595,thk1
158611,thk2
158647,op00
158684,opa0
158700,opa1
158716,opa2
158732,thk1
158748,thk2
158764,tlk0
158780,tlk1
158828,opa0
158845,opa1
158862,opa2
158878,thk1
158894,thk2
158910,tlk0
158926,tlke
158942,ban0
159003,tlk0
159019,ehn1
159035,moj0
159100,bop0
159217,opb0
159233,opb1
159269,opc0
159285,opc1
159301,aww0
159317,thk1
159394,op00
159451,opc0
159467,opc1
159544,aww0
159633,thk1
159649,thk2
159705,shk0
159722,tlk0
159738,tlk1
159754,thk1
159770,thk2
159786,emt0
159835,opb0
159851,opc0
159867,opc1
159883,thb1
159899,thb2
159915,thk1
159931,thk2
159987,opd0
160003,opd1
160091,thk1
160125,thk2f
160179,tlk0
160429,tlk0
160445,op00
160461,op01
160477,thk1
160493,thk2
160509,aig0
160565,opa0
160581,opa1
160597,opa2
160613,dk00
160629,dk01
161540,thk1
161563,thk2S
161659,op00
161754,op00
161770,op01
161806,opa0
161822,opa1
161838,opa2
161875,thk1
161891,thk2
161927,op00
161964,opa0
161980,opa1
161996,opa2
162012,thk1
162028,thk2
162044,tlk0
162060,tlk1
162108,opa0
162125,opa1
162142,opa2
162158,thk1
162174,thk2
162190,tlk0
162206,tlke
162222,ban0
162283,tlk0
162299,ehn1
162315,moj0
162380,bop0
162497,opb0
162513,opb1
162549,opc0
162565,opc1
162581,aww0
162597,thk1
162674,op00
162731,opc0
162747,opc1
162824,aww0
162913,thk1
162929,thk2
162985,shk0
163002,tlk0
163018,tlk1
163034,thk1
163050,thk2
163066,emt0
163115,opb0
163131,opc0
163147,opc1
163163,thb1
163179,thb2
163195,thk1
163211,thk2
163267,opd0
163283,opd1
164139,tlk0
164158,tlk1S
164257,op00
164352,op00
164368,op01
164404,opa0
164420,opa1
164436,opa2
164473,thk1
164489,thk2
164525,op00
164562,opa0
164578,opa1
164594,opa2
164610,thk1
164626,thk2
164642,tlk0
164658,tlk1
164706,opa0
164723,opa1
164740,opa2
164756,thk1
164772,thk2
164788,tlk0
164804,tlke
164820,ban0
164881,tlk0
164897,ehn1
164913,moj0
164978,bop0
165095,opb0
165111,opb1
165147,opc0
165163,opc1
165179,aww0
165195,thk1
165272,op00
165329,opc0
165345,opc1
165422,aww0
165511,thk1
165527,thk2
165583,shk0
165600,tlk0
165616,tlk1
165632,thk1
165648,thk2
165664,emt0
165713,opb0
165729,opc0
165745,opc1
165761,thb1
165777,thb2
165793,thk1
165809,thk2
165865,opd0
165881,opd1
165947,thk1
165966,thk2
166843,tlk0
166942,op00
167037,op00
167053,op01
167089,opa0
167105,opa1
167121,opa2
167158,thk1
167174,thk2
167210,op00
167247,opa0
167263,opa1
167279,opa2
167295,thk1
167311,thk2
167327,tlk0
167343,tlk1
167391,opa0
167408,opa1
167425,opa2
167441,thk1
167457,thk2
167473,tlk0
167489,tlke
167505,ban0
167566,tlk0
167582,ehn1
167598,moj0
167663,bop0
167780,opb0
167796,opb1
167832,opc0
167848,opc1
167864,aww0
167880,thk1
167957,op00
168014,opc0
168030,opc1
168107,aww0
168196,thk1
168212,thk2
168268,shk0
168285,tlk0
168301,tlk1
168317,thk1
168333,thk2
168349,emt0
168398,opb0
168414,opc0
168430,opc1
168446,thb1
168462,thb2
168478,thk1
168494,thk2
168550,opd0
168566,opd1
169013,thk1
169061,thk1
169109,thk1
169136,tlk0
169150,tlk0
169166,dis0
169180,dis0
169196,pas0
169210,pas0
169226,tld0
169240,tld0
169256,tld1
169270,tld1
169286,tlk1
169300,tlk1
169316,ten0
169330,ten0
169346,ten1
169360,ten1
169385,thk1
169399,thk1
169415,thk2
169429,thk2
169445,tlb0
169459,tlb0
169475,tlb1
169489,tlb1
169505,sdo0
169519,sdo0
169535,sdo1
169549,sdo1
169565,sdo0S
169578,sdo0f
169593,sdo1S
169606,sdo1
169622,koti
169636,koti
169652,akir
169666,akir
169682,saki
169696,saki
169712,sji0
169726,sji0
169742,sji1
169756,sji1
169938,thk2S
169951,thk2
170023,moj0
170103,thk1
170126,thk2S
170362,D'n'
171033,thk1
171052,thk2S
171094,tlk0
171200,op00
171295,op00
171311,op01
171347,opa0
171363,opa1
171379,opa2
171416,thk1
171432,thk2
171468,op00
171505,opa0
171521,opa1
171537,opa2
171553,thk1
171569,thk2
171585,tlk0
171601,tlk1
171649,opa0
171666,opa1
171683,opa2
171699,thk1
171715,thk2
171731,tlk0
171747,tlke
171763,ban0
171824,tlk0
171840,ehn1
171856,moj0
171921,bop0
172038,opb0
172054,opb1
172090,opc0
172106,opc1
172122,aww0
172138,thk1
172215,op00
172272,opc0
172288,opc1
172365,aww0
172454,thk1
172470,thk2
172526,shk0
172543,tlk0
172559,tlk1
172575,thk1
172591,thk2
172607,emt0
172656,opb0
172672,opc0
172688,opc1
172704,thb1
172720,thb2
172736,thk1
172752,thk2
172808,opd0
172824,opd1
173219,thk1
173238,thk2S
173268,har0
173282,har0
173298,pas0
173312,pas0
173328,thk0
173342,thk0
173358,thk1
173372,thk1
173388,thk2
173402,thk2
173418,tlk0
173432,tlk0
173448,tlk1
173462,tlk1
173478,war0
173492,war0
173508,war1
173522,war1
173538,yub0
173552,yub0
173568,yub1
173582,yub1
173832,opa0
173848,opa1
173864,opb0
173880,opb1
173896,opb2
173932,opc0
173948,opc1
173964,gre0
173980,tlk0
173996,war0
174012,jim0
174028,jim1
174044,thk1
174911,tlk0
174930,tlk1S
175026,op00
175121,op00
175137,op01
175173,opa0
175189,opa1
175205,opa2
175242,thk1
175258,thk2
175294,op00
175331,opa0
175347,opa1
175363,opa2
175379,thk1
175395,thk2
175411,tlk0
175427,tlk1
175475,opa0
175492,opa1
175509,opa2
175525,thk1
175541,thk2
175557,tlk0
175573,tlke
175589,ban0
175650,tlk0
175666,ehn1
175682,moj0
175747,bop0
175864,opb0
175880,opb1
175916,opc0
175932,opc1
175948,aww0
175964,thk1
176041,op00
176098,opc0
176114,opc1
176191,aww0
176280,thk1
176296,thk2
176352,shk0
176369,tlk0
176385,tlk1
176401,thk1
176417,thk2
176433,emt0
176482,opb0
176498,opc0
176514,opc1
176530,thb1
176546,thb2
176562,thk1
176578,thk2
176634,opd0
176650,opd1
177540,tlk0
177563,ten0S
177605,tlk0
177653,tlk0
177680,ten0S
177776,op00
177871,op00
177887,op01
177923,opa0
177939,opa1
177955,opa2
177992,thk1
178008,thk2
178044,op00
178081,opa0
178097,opa1
178113,opa2
178129,thk1
178145,thk2
178161,tlk0
178177,tlk1
178225,opa0
178242,opa1
178259,opa2
178275,thk1
178291,thk2
178307,tlk0
178323,tlke
178339,ban0
178400,tlk0
178416,ehn1
178432,moj0
178497,bop0
178614,opb0
178630,opb1
178666,opc0
178682,opc1
178698,aww0
178714,thk1
178791,op00
178848,opc0
178864,opc1
178941,aww0
179030,thk1
179046,thk2
179102,shk0
179119,tlk0
179135,tlk1
179151,thk1
179167,thk2
179183,emt0
179232,opb0
179248,opc0
179264,opc1
179280,thb1
179296,thb2
179312,thk1
179328,thk2
179384,opd0
179400,opd1
179828,CNONq
181335,dis0
181354,thk1
181373,thk2S
181412,thk1
181561,thk1f
181576,thk2
181665,test
181693,thk1
181837,thk1f
181852,thk2
181902,fdo1
181919,fdo18
181948,fdi1
181998,fdo1
182086,smhm
182114,smhf
182142,smem
182170,smef
182198,smtt
182226,smtt
182254,smmt
182282,smgl
182302,fdi1
182319,fdi1
182360,fdo1
182377,fdo18
182412,fdi1
182468,Feliz
182499,Ferdinand
182530,Gunnar
182561,Massimo
182592,Oldrich
182623,Siegward
182654,Theobald
182685,Zenji
182727,Amerita
182758,Beatrice
182789,Henrietta
182820,Jesimae
182851,Karyn
182882,Nanako
182913,Sharlene
182944,Sieghilde
182986,Chanandit
183017,Deulmaeux
183048,Demresinaux
183079,Ephealgaux
183110,Gauldeval
183141,Grauffemart
183172,Migaifongut
183203,Romidiant
183245,Armittie
183276,Cadepure
183307,Clearite
183338,Epilleve
183369,Liabelle
183400,Nauthima
183431,Radille
183462,Vimechue
183504,Balu-Falu
183535,Burg-Ladarg
183566,Ehgo-Ryuhgo
183597,Kolui-Pelui
183628,Nokum-Akkum
183659,Savul-Kivul
183690,Vinja-Kanja
183721,Yarga-Umiga
183763,Cupapa
183794,Jajuju
183825,Kalokoko
183856,Mahoyaya
183887,Pakurara
183918,Ripokeke
183949,Yawawa
183980,Yufafa
184022,Fhig
184053,Khuma
184084,Pimy
184115,Raka
184146,Sahyu
184177,Sufhi
184208,Tsuim
184239,Yoli
184281,Durib
184312,Dzapiwa
184343,Jugowa
184374,Mugido
184405,Voldai
184436,Wagwei
184467,Zayag
184498,Zoldof
184564,Feliz
184595,Ferdinand
184626,Gunnar
184657,Massimo
184688,Oldrich
184719,Siegward
184750,Theobald
184781,Zenji
184823,Amerita
184854,Beatrice
184885,Henrietta
184916,Jesimae
184947,Karyn
184978,Nanako
185009,Sharlene
185040,Sieghilde
185082,Chanandit
185113,Deulmaeux
185144,Demresinaux
185175,Ephealgaux
185206,Gauldeval
185237,Grauffemart
185268,Migaifongut
185299,Romidiant
185341,Armittie
185372,Cadepure
185403,Clearite
185434,Epilleve
185465,Liabelle
185496,Nauthima
185527,Radille
185558,Vimechue
185600,Balu-Falu
185631,Burg-Ladarg
185662,Ehgo-Ryuhgo
185693,Kolui-Pelui
185724,Nokum-Akkum
185755,Savul-Kivul
185786,Vinja-Kanja
185817,Yarga-Umiga
185859,Cupapa
185890,Jajuju
185921,Kalokoko
185952,Mahoyaya
185983,Pakurara
186014,Ripokeke
186045,Yawawa
186076,Yufafa
186118,Fhig
186149,Khuma
186180,Pimy
186211,Raka
186242,Sahyu
186273,Sufhi
186304,Tsuim
186335,Yoli
186377,Durib
186408,Dzapiwa
186439,Jugowa
186470,Mugido
186501,Voldai
186532,Wagwei
186563,Zayag
186594,Zoldof
189172,ALA9
201085,op00
201180,op00
201196,op01
201232,opa0
201248,opa1
201264,opa2
201301,thk1
201317,thk2
201353,op00
201390,opa0
201406,opa1
201422,opa2
201438,thk1
201454,thk2
201470,tlk0
201486,tlk1
201534,opa0
201551,opa1
201568,opa2
201584,thk1
201600,thk2
201616,tlk0
201632,tlke
201648,ban0
201709,tlk0
201725,ehn1
201741,moj0
201806,bop0
201923,opb0
201939,opb1
201975,opc0
201991,opc1
202007,aww0
202023,thk1
202100,op00
202157,opc0
202173,opc1
202250,aww0
202339,thk1
202355,thk2
202411,shk0
202428,tlk0
202444,tlk1
202460,thk1
202476,thk2
202492,emt0
202541,opb0
202557,opc0
202573,opc1
202589,thb1
202605,thb2
202621,thk1
202637,thk2
202693,opd0
202709,opd1
203567,tlk0
203586,thk1
203605,thk2S
203701,op00
203796,op00
203812,op01
203848,opa0
203864,opa1
203880,opa2
203917,thk1
203933,thk2
203969,op00
204006,opa0
204022,opa1
204038,opa2
204054,thk1
204070,thk2
204086,tlk0
204102,tlk1
204150,opa0
204167,opa1
204184,opa2
204200,thk1
204216,thk2
204232,tlk0
204248,tlke
204264,ban0
204325,tlk0
204341,ehn1
204357,moj0
204422,bop0
204539,opb0
204555,opb1
204591,opc0
204607,opc1
204623,aww0
204639,thk1
204716,op00
204773,opc0
204789,opc1
204866,aww0
204955,thk1
204971,thk2
205027,shk0
205044,tlk0
205060,tlk1
205076,thk1
205092,thk2
205108,emt0
205157,opb0
205173,opc0
205189,opc1
205205,thb1
205221,thb2
205237,thk1
205253,thk2
205309,opd0
205325,opd1
205871,thk1
205894,thk2S
205935,thk1
206246,tlk0
206260,tlk0f
206275,tlk1S
206288,tlk1
206304,thk1
206318,thk1
206334,thk2
206348,thk2
206591,kue0
206703,chco
206727,fdo0
206784,fdi0
207003,kue0
207115,chco
207139,fdo0
207196,fdi0
209648,bind
213625,main
213645,fdo1
213666,fdi1
213683,main
213703,fdi1
220216,bind
224193,main
224213,fdo1
224234,fdi1
224251,main
224271,fdi1
230784,bind
234761,main
234781,fdo1
234802,fdi1
234819,main
234839,fdi1
241352,bind
245329,main
245349,fdo1
245370,fdi1
245387,main
245407,fdi1
251920,bind
255897,main
255917,fdo1
255938,fdi1
255955,main
255975,fdi1
264040,N'O'P'Q'R'S'T'U'V'W'X'n'
264784,tlk0
264807,ten0S
264847,tlk0
264874,ten0S
264924,thk1
264951,thk2S
264964,thk2
264990,thk1
265009,thk2S
265022,thk2
265049,tlk1
265072,ten1S
265112,tlk1
265131,ten1S
265144,ten1E
265159,qstc
265185,tlk0
265204,ten0S
265313,op00
265408,op00
265424,op01
265460,opa0
265476,opa1
265492,opa2
265529,thk1
265545,thk2
265581,op00
265618,opa0
265634,opa1
265650,opa2
265666,thk1
265682,thk2
265698,tlk0
265714,tlk1
265762,opa0
265779,opa1
265796,opa2
265812,thk1
265828,thk2
265844,tlk0
265860,tlke
265876,ban0
265937,tlk0
265953,ehn1
265969,moj0
266034,bop0
266151,opb0
266167,opb1
266203,opc0
266219,opc1
266235,aww0
266251,thk1
266328,op00
266385,opc0
266401,opc1
266478,aww0
266567,thk1
266583,thk2
266639,shk0
266656,tlk0
266672,tlk1
266688,thk1
266704,thk2
266720,emt0
266769,opb0
266785,opc0
266801,opc1
266817,thb1
266833,thb2
266849,thk1
266865,thk2
266921,opd0
266937,opd1
267892,tlk0
268067,ten0S
268163,op00
268258,op00
268274,op01
268310,opa0
268326,opa1
268342,opa2
268379,thk1
268395,thk2
268431,op00
268468,opa0
268484,opa1
268500,opa2
268516,thk1
268532,thk2
268548,tlk0
268564,tlk1
268612,opa0
268629,opa1
268646,opa2
268662,thk1
268678,thk2
268694,tlk0
268710,tlke
268726,ban0
268787,tlk0
268803,ehn1
268819,moj0
268884,bop0
269001,opb0
269017,opb1
269053,opc0
269069,opc1
269085,aww0
269101,thk1
269178,op00
269235,opc0
269251,opc1
269328,aww0
269417,thk1
269433,thk2
269489,shk0
269506,tlk0
269522,tlk1
269538,thk1
269554,thk2
269570,emt0
269619,opb0
269635,opc0
269651,opc1
269667,thb1
269683,thb2
269699,thk1
269715,thk2
269771,opd0
269787,opd1
270086,tlk0
270114,tlk1
270162,tlk1
270568,pas0
271036,AuBuCuDuEuFu
271772,s006
271787,tlk0
271801,tlk0
271815,tlk1
271829,tlk1
271845,s008
271860,gak0
271874,gak0
271888,gak1
271902,gak1
271918,s009
271933,job0
271947,job0
271961,job1
271975,job1
271991,s005
272006,hap0
272020,hap0
272034,hap1
272048,hap1
272062,new0
272076,new0
272090,new1
272104,new1
272120,s007
272135,exp0
272149,exp0
272163,exp1
272177,exp1
272191,dan0S
272217,dan0S
272243,dan1S
272269,dan0S
272295,dan0S
272321,dan2S
272347,dan3S
272360,dan3
272374,dan3S
272400,dae3
272414,dae3
272490,fdo0
272531,s000
272548,fdi0
272572,fdo0
272600,fdi0
272643,fdo0
272705,s000
272722,fdi0
272760,s002
272784,s002E
272799,s001
272830,fdo0
272858,fdi0
272887,s001
273089,s000
273143,s000
273197,s000
273263,s000
273317,s000
273371,s000
273493,s000
273549,s000
273623,s001
273715,s000
275023,fdi1
275054,fdo0
275095,s000
275112,fdi0
275157,s001
275181,s000
275221,s001
275252,fdo0
275301,fdi0
275333,s002
275375,s002
275576,fdo0
275617,s000
275634,fdi0
275701,fdo0
275736,fdi0
275753,qstc
275786,fdo0
275827,s000
275844,fdi0
275889,s001
275913,s000
275953,s001
275984,fdo0
276033,fdi0
276065,s002
276107,s002
276308,fdo0
276349,s000
276366,fdi0
276433,fdo0
276468,fdi0
276485,qstc
276518,fdo0
276559,s000
276576,fdi0
276604,s002
276682,s001
276731,s000
276811,s001
276842,fdo0
276891,fdi0
277016,fdo0
277057,s000
277074,fdi0
277141,fdo0
277176,fdi0
277193,qstc
277215,fdo1
277232,fdo1F
277320,s000
277340,fdi1
277357,s005
277372,hap0
277393,hap1R
277408,s000E
277423,s001
277444,s006
277459,tlk0
277480,tlk1E
277495,fdo1
277512,fdo1R
277527,s001F
277544,fdi2
277571,s006
277586,tlk0
277625,fdo1
277642,fdo1F
277730,s000
277750,fdi1
277767,s005
277782,hap0
277803,hap1R
277818,s000E
277833,s001
277854,s006
277869,tlk0
277890,tlk1R
277905,s001E
277920,s002
277939,hap0
277958,s002E
277973,s003
277988,hap1
278007,s007
278022,exp0
278049,s003E
278064,s004
278083,exp1R
278098,s004E
278113,s005
278134,s008
278149,gak0
278168,gak1R
278183,s005E
278198,s000
278219,s000E
278234,s006
278251,s006
278270,tlk1E
278285,fdo1
278302,fdo1R
278317,s006F
278334,fdi2
278354,fdo1
278371,fdo1F
278459,s000
278479,fdi1
278496,s005
278511,hap0
278530,s000E
278545,s002
278564,hap1R
278579,s002E
278594,s003
278611,s007
278626,exp0
278653,s003E
278668,s004
278687,exp1R
278702,s004E
278717,s005
278738,s008
278753,gak0
278770,gak1R
278785,s005E
278800,s000
278821,s000E
278836,s006
278853,s006
278872,tlk1E
278887,fdo1
278904,fdo1R
278919,s006F
278936,fdi2
282124,tlk0
282162,thk1
282176,thk1
282192,thk2
282206,thk2
282222,pas0
282236,pas0
282252,poi1
282266,poi1
282282,poi2
282296,poi2
282312,poi0
282326,poi0
282342,poi1
282356,poi1
282372,dis0
282386,dis0
282748,tlk0
282773,thk1
282787,thk1
282803,thk2
282817,thk2
282833,pas0
282847,pas0
282863,poi0
282877,poi0
282893,poi1
282907,poi1
282923,web0
282937,web0
283144,tlk0
283175,thk1
283189,thk1
283205,thk2
283219,thk2
283241,dis0
283255,dis0
283271,tlc0
283285,tlc0
283301,tlc1
283315,tlc1
283331,tlb1
283345,tlb1
283361,tlb2
283375,tlb2
283391,sis0
283405,sis0
283433,ang0
283475,aww0
283489,aww0
283505,poi0
283519,poi0
283820,tlk0
283834,tlk0f
283849,ten0S
283862,ten0
283878,thk1
283892,thk1
283908,thk2
283922,thk2
283938,tlk1
283952,tlk1
283968,ten1
283982,ten1
284121,fdo1
284162,fdi1
284516,tlk0
284554,thk1
284568,thk1
284584,thk1
284598,thk1
284614,pas0
284628,pas0
284644,ann0
284658,ann0
284674,ann1
284688,ann0
284704,han0
284718,han0
284734,han1
284748,han1
284852,tlk0
284890,thk1
284904,thk1
284920,thk2
284934,thk2
285032,tlk0
285332,tlk0
285346,tlk0
285362,tlk1
285376,tlk1
285392,itt0
285406,itt0
285422,itt1
285436,itt1
285458,nto0
285472,nto0
285488,nto1
285502,nto1
285524,thk1
285538,thk1
285554,thk2
285568,thk2
285584,poi0
285598,poi0
285614,poi1
285628,poi1
285644,poi3
285658,poi3
285674,dis0
285688,dis0
286280,fdo1
286344,s053
286361,fdi1
286392,fdo1
286451,s056
286468,fdi1
286485,s056J
286516,s054
286540,fdo1
286597,s055
286614,fdi1
286641,s055E
286656,ovl1
286673,s058
286715,s164
286735,s057
286750,ovHP
286786,s059
286823,ovl1
286840,s059E
286855,s062
286879,s062E
286894,fdo1
286934,fdi1
286951,s061
286975,fdo1
287001,fdi1
287018,s165
287053,fdo1
287104,s165E
287119,blon
287136,s060
287153,fdi1
287180,fdo1
287200,blof
287305,s063
287322,fdi1
287353,s063E
287368,s058
287381,ovHP
287417,fdo1
287437,s064
287461,fdi1
287497,fdo1
287553,fdi1
288032,tlk0
288070,thk1
288084,thk1
288100,thk2
288114,thk2
288130,pas0
288144,pas0
288160,poi1
288174,poi1
288190,poi2
288204,poi2
288220,poi0
288234,poi0
288250,poi1
288264,poi1
288280,dis0
288294,dis0
288758,f'h'n'fN
288840,f'h'fN
289620,iam0
289634,iam0
289650,iam1
289664,iam1
289680,kyr0
289694,kry0
289710,mia0
289724,mia0
289740,mia1
289754,mia1
289770,tla0
289784,tla0
289800,tla1
289814,tla1
289830,tlb0
289844,tlb0
289860,tlb1
289874,tlb1
289890,tlc0
289904,tlc0
289920,tlc1
289934,tlc1
289950,tld0
289964,tld0
289980,tld1
289994,tld1
290010,tle0
290024,tle0
290040,tle1
290054,tle1
290070,thk0
290084,thk0
290100,thk1
290114,thk1
290130,std0
290144,std0
290160,std1
290174,std1
290190,tlf0
290204,tlf0
290220,tlf1
290234,tlf1
290250,tfhc
290264,tfhc
290280,hctf
290294,hctf
290316,thc0
290330,thc0
290346,thc1
290360,thc1
290388,sthc
290402,sthc
290418,tfst
290432,tfst
290448,sttf
290462,sttf
290478,gma0
290492,gma0
290508,gma1
290522,gma1
290538,tbo0
290552,tbo0
290568,tbo1
290582,tbo1
290598,tbog
290612,tbog
290634,sra0
290648,sra0
290664,sra1
290678,sra1
290700,kta0
290714,kta0
290730,kta1
290744,kta1
290760,moj0
290774,moj0
290790,moj1
290804,moj1
290820,moj2
290834,moj2
290850,moj3
290864,moj3
290896,pas0
290910,pas0
290932,pr00
290946,pr00
290962,pr01
290976,pr01
290992,pr02
291006,pr02
291022,ngi0
291036,ngi0
291052,ngi1
291066,ngi1
291082,ngi2
291096,ngi2
291112,ora0
291126,ora0
291142,ora1
291156,ora1
291172,ora0
291186,ora0
291202,ora1
291216,ora1
291232,ora2
291246,ora2
291262,ora3
291276,ora3
291292,fnd0
291306,fnd0
291322,fnd1
291336,fnd1
291352,fnsp
291366,fnsp
291382,mas0
291396,mas0
291418,efs1
291436,mas3
291458,mas2
291473,efst
291489,mas2
291512,hnd0
291526,hnd0
291542,hnd1
291556,hnd1
291578,sik0
291592,sik0
291608,sik1
291650,wave
291686,as00
291700,as00
291722,cl20
291736,cl20
291758,utu0
291772,utu0
291794,c411
291808,utu0
292594,fdo1
292711,s080
292728,fdi1
292775,s080E
292790,s081
292851,s081
292874,s088
292902,s088
292922,s082
292996,fdo1
293034,s088
293060,s088
293078,s082E
293093,s083
293110,fdi1
293151,fdo1
293171,s083E
293186,s084
293203,fdi1
293264,s084E
293279,s085
293339,s085E
293354,s086
293437,s086
293460,s089
293488,s089
293508,s087
293585,s086
293608,s089
293636,s089
293656,s087
293703,fdo1
293731,s089
293757,s089
293811,fdi1
293842,fdo1
293965,s084
293982,fdi1
294029,s084
294052,s089
294080,s089
294100,s087
294181,fdo1
294209,s089
294235,s089
294345,s090
294362,fdi1
294407,s090E
294422,s091
294517,s091
294540,s100
294568,s100
294588,s092
294672,s100
294698,s100
294716,s092E
294731,s093
294783,fdo1
294849,s094
294866,fdi1
294918,s094E
294933,ovl1
294950,s095
295023,s095
295046,s101
295074,s101
295102,s099
295122,s096
295196,s101
295222,s101
295248,s099
295266,s096E
295281,ovl1
295306,s102
295334,s102
295354,s098
295418,s102
295444,s102
295462,s098E
295477,s097
295536,fdo1
295562,s097E6
295577,qstc
295615,fdi1
295641,fdo1
295796,s107
295824,s107
295844,s103
295861,fdi1
295923,s107
295949,s107
295967,s103E
295982,ovl1
295999,s104
296046,s104E
296061,s105
296128,s105E
296143,ovl1
296160,s106
296212,fdo1
296232,s106N
296260,fdi1
296291,fdo1
296342,ov3P
296399,s044
296427,s041
296455,s041
296483,s044
296503,s026
296520,fdi1
296596,fdo1
296631,s044
296657,s041
296683,s041
296709,s044
296781,s027
296808,fdi1
296857,s027EA
296872,s028
296904,ov3P
296943,s028EA
296958,s029
296997,s029E
297012,ovl1
297029,s030
297068,s030EA
297083,s031
297158,s031EA
297173,s032
297253,s032EA
297268,s033
297336,fdo1
297356,s033N
297402,s034
297419,fdi1
297447,s034E
297462,ovl1
297487,s042
297515,s042
297535,s035
297605,s042
297631,s042
297649,s035EA
297664,s036
297724,s036EA
297739,s037
297754,ov3P
297794,s037EA
297809,s038
297856,s038EA
297871,s039
297983,s043
298011,s043
298031,s040
298079,s043
298105,s043
298123,s040
298162,s043
298190,s043
298210,s040
298272,s043
298298,s043
298316,s040EA
298331,s037
298392,s037
298415,fdo1
298456,fdi1
298487,fdo1
298580,s036
298597,fdi1
298638,s036EA
298653,s037
298668,ov3P
298715,s037EA
298730,s038
298763,s038E
298778,ovl1
298795,s045
298828,s045
298851,s043
298879,s043
298899,s040
298940,s043
298966,s043
298984,s040EA
298999,s039
299061,s039EA
299076,s034
299114,s034E
299129,ovl1
299146,s046
299222,s046EA
299237,s047
299285,s047EA
299300,s048
299373,fdo1
299393,s048E6
299408,qstc
299446,fdi1
299472,fdo1
299594,oviP
299625,s019
299653,s019
299673,s000
299690,fdi1
299743,s019
299769,s019
299787,s000Ex
299802,s001
299864,s001
299887,s020
299915,s020
299935,s002
299950,oviP
300061,fdo1
300089,s020
300115,s020
300209,s003
300226,fdi1
300300,s003
300323,s018
300351,s018
300379,s021
300407,s021
300435,s018
300455,s004
300544,s018
300570,s018
300596,s021
300622,s021
300648,s018
300666,s004Ex
300681,s005
300752,s005Ex
300767,s006
300894,s006Ex
300909,s008
300955,s008Ex
300970,s009
301075,s009
301098,s022
301126,s022
301146,s010
301254,s022
301280,s022
301298,s010Ex
301313,s011
301389,s011Ex
301404,s007
301479,s007Ex
301494,s015
301526,s015Ex
301541,s012
301607,s012Ex
301622,s013
301693,s013Ex
301708,s014
301754,s014Ex
301769,s016
301870,s016
301893,s023
301921,s023
301941,s017
301970,oviP
302009,oviP
302052,s023
302078,s023
302096,s017Ex
302111,s014
302185,fdo1
302205,s014N
302239,fdi1
302288,A'B'C'
302298,S'n'
302701,fdo1
302718,fdo1u
302742,cm60
302795,fdi1
302853,fdo1
302870,fdo1N
302893,fdi1
302918,fdo1
302935,fdo1u
302967,cm61
303019,fdi1
303036,fdi1+
303092,cm62
303196,cm63
303312,cm64
303329,cm64'
303366,fdo2
303424,fdi2
303448,fdo1
303465,fdo1u
303489,cm60
303542,fdi1
303600,fdo1
303617,fdo1N
303640,fdi1
303664,fdo1
303681,fdo1u
303713,cm65
303766,fdi1
304020,fdo1
304068,fdi1
304092,fdo1
304109,fdo1u
304133,cm60
304186,fdi1
304244,fdo1
304261,fdo1N
304284,fdi1
304309,fdo1
304326,fdo1u
304355,cm6a
304372,cm6a8
304403,fdi1
304459,cm6b
304493,cm6b+
304563,cm6c
304602,qstc
304619,fdo2
304671,fdi2
304695,fdo1
304712,fdo1u
304733,cm60
304750,cm608
304802,fdi1
304938,fdo2
304955,fdo2M
304976,fdi2
305330,fdo1
305347,fdo1u
305368,cm60
305385,cm608
305433,fdi1
305484,fdo2
305501,fdo2M
305522,fdi2
305886,tlk0
305905,ten0S
305918,ten0
305934,tlk1
305953,ten1S
305966,ten1
305982,thk1
306001,thk2S
306014,thk2
306030,thb1
306049,thb2S
306062,thb2
306078,tld0S
306091,tld0
306107,tld1S
306120,tld1
306543,thk1S
306556,thk1
306572,thk2S
306585,thk2
306601,pas0S
306614,pas0
306646,A'B'C'
307832,fdo1
307849,fdo18
307906,b000
307923,b000L'
307956,b003
307973,fdi1
307990,fdi1
308015,b003+
308053,b001
308070,b001ov
308145,b004
308162,b004'
308206,b005
308223,b005'
308276,b006
308293,b006+
308361,b007
308378,b007ov
308417,fdo2
308475,fdi2
308521,Feliz
308552,Ferdinand
308583,Gunnar
308614,Massimo
308645,Oldrich
308676,Siegward
308707,Theobald
308738,Zenji
308780,Amerita
308811,Beatrice
308842,Henrietta
308873,Jesimae
308904,Karyn
308935,Nanako
308966,Sharlene
308997,Sieghilde
309039,Chanandit
309070,Deulmaeux
309101,Demresinaux
309132,Ephealgaux
309163,Gauldeval
309194,Grauffemart
309225,Migaifongut
309256,Romidiant
309298,Armittie
309329,Cadepure
309360,Clearite
309391,Epilleve
309422,Liabelle
309453,Nauthima
309484,Radille
309515,Vimechue
309557,Balu-Falu
309588,Burg-Ladarg
309619,Ehgo-Ryuhgo
309650,Kolui-Pelui
309681,Nokum-Akkum
309712,Savul-Kivul
309743,Vinja-Kanja
309774,Yarga-Umiga
309816,Cupapa
309847,Jajuju
309878,Kalokoko
309909,Mahoyaya
309940,Pakurara
309971,Ripokeke
310002,Yawawa
310033,Yufafa
310075,Fhig
310106,Khuma
310137,Pimy
310168,Raka
310199,Sahyu
310230,Sufhi
310261,Tsuim
310292,Yoli
310334,Durib
310365,Dzapiwa
310396,Jugowa
310427,Mugido
310458,Voldai
310489,Wagwei
310520,Zayag
310551,Zoldof
310617,Feliz
310648,Ferdinand
310679,Gunnar
310710,Massimo
310741,Oldrich
310772,Siegward
310803,Theobald
310834,Zenji
310876,Amerita
310907,Beatrice
310938,Henrietta
310969,Jesimae
311000,Karyn
311031,Nanako
311062,Sharlene
311093,Sieghilde
311135,Chanandit
311166,Deulmaeux
311197,Demresinaux
311228,Ephealgaux
311259,Gauldeval
311290,Grauffemart
311321,Migaifongut
311352,Romidiant
311394,Armittie
311425,Cadepure
311456,Clearite
311487,Epilleve
311518,Liabelle
311549,Nauthima
311580,Radille
311611,Vimechue
311653,Balu-Falu
311684,Burg-Ladarg
311715,Ehgo-Ryuhgo
311746,Kolui-Pelui
311777,Nokum-Akkum
311808,Savul-Kivul
311839,Vinja-Kanja
311870,Yarga-Umiga
311912,Cupapa
311943,Jajuju
311974,Kalokoko
312005,Mahoyaya
312036,Pakurara
312067,Ripokeke
312098,Yawawa
312129,Yufafa
312171,Fhig
312202,Khuma
312233,Pimy
312264,Raka
312295,Sahyu
312326,Sufhi
312357,Tsuim
312388,Yoli
312430,Durib
312461,Dzapiwa
312492,Jugowa
312523,Mugido
312554,Voldai
312585,Wagwei
312616,Zayag
312647,Zoldof
317939,M.A6
327230,thk1
327249,thk2S
327262,thk2
327278,tla0
327297,tla1S
327310,tla1
327326,tlb0
327345,tlb1S
327358,tlb1
327374,tlc0
327393,tlc1S
327406,tlC1
327454,N'O'P'Q'R'S'T'U'V'W'X'
327570,N'O'P'Q'R'S'T'U'V'W'X'
327810,eton
328339,fdo1
330371,qstc
332177,qstc
343795,fdo2
343816,fdi2
344112,sha0
344544,tlk0
344558,tlk0
344574,tlk1
344588,tlk1
344604,pas0
344618,pas0
344634,tlb0
344648,tlb0
344664,tlb1
344678,tlb1
344694,thk0
344708,thk0
344724,thk1
344738,thk1
344754,thk2
344768,thk2
344784,wav0
344798,wav0
344814,dis0
344828,dis0
344844,kas0
344858,kas0
344874,at00
344888,at00
344904,btl0
344918,btl0
344934,utl0
344948,utl0
344964,utl1
344978,utl1
344994,ntl0
345008,ntl0
345024,ntl1
345038,ntl1
345054,ngt0
345068,ngt0
345084,ngt1
345098,ngt1
345114,aig0
345128,aig0
345144,aig1
345158,aig1
345174,aig0S
345187,aig0f
345202,aig1S
345215,aig1
345231,unz0
345245,unz0
345261,dk00
345275,dk00
345291,dk01
345305,dk01
345321,dku0
345335,dku0
345592,tlk0
345630,tlb0
345644,tlb0
345660,tlb1
345674,tlb1
345690,thk1
345704,thk1
345720,thk2
345734,thk2
345750,dis0
345764,dis0
345780,poi0
345794,poi0
345810,poi1
345824,poi1
345840,web0
345854,web0
345870,pas0
345884,pas0
345900,std0
345914,std0
345930,std1
345944,std1
345960,tlc0
345974,tlc0
345990,tlc1
346004,tlc1
346020,tcst
346034,tcst
346050,sttc
346064,sttc
346172,tlk0
346186,tlk0
346202,tlk1
346216,tlk1
346232,thk1
346246,thk1
346262,thk2
346276,thk2
347036,I'N'O'V'S'T'
348070,j101
348115,fum0
348143,fum1'
348206,j101E
348221,j102
348260,j102E
348275,j103
348292,tlk0
348348,tlk0
348394,j103E
348409,j104
348426,tlk1
348509,j104E
348524,j105
348541,tlk0+
348588,j105E
348603,j106
348671,bik0+
348730,j107
348759,pas0
348800,tlk0+
348868,fum0R
348883,j107E
348898,j108
348915,fdi2
348980,fum0R
348995,j107E
349010,j108
349027,fdi2
349060,fum1S
349073,fum1R
349088,j108E
349103,j109
349120,tlk0+
349151,j109E
349166,j110
349191,tlk1+
349226,j110E
349241,j108
349258,fum0S
349271,fum0+
349310,fum1S
349323,fum1R
349338,j108E
349353,j111
349370,tlk1+
349402,tlk1+
349434,j111E
349449,j112
349466,fum0S
349479,fum0+
349510,fum1
349536,fum1S
349549,fum1R
349564,j108E
349579,j111
349596,tlk1+
349628,tlk1+
349660,j111E
349675,j112
349692,mmm0S
349705,mmm0+
349728,mmm1+
349751,j112E
349766,j113
349790,tlk1+
349822,tlk1+
349854,j113E
349869,j114
349886,tlk0+
349921,fum0S
349934,fum0+
349957,fum1lGP
350025,j114E
350040,j115
350166,j115E
350181,j116
350201,tlk0+GP
350232,j116E
350247,j118
350264,tlk1+GP
350339,pas0
350389,fdi2
350424,tlk0+
350573,fum0E
350588,j201
350616,fum1S
350629,fum1J
350667,pas0S
350695,tlk0+GP
350749,j201E
350764,j202
350824,j202E
350839,j203
350880,tlk0+
350909,j203E
350924,j204
350941,tlk1+
351004,j204E
351019,j115
351118,j115E
351133,j205
351153,pas0SGP
351166,pas0J
351190,tlk1+
351236,j205F
351253,fdi2
351330,ude0
351357,al00
351385,al00EJ
351400,al01
351425,ude1S
351438,ude1
351456,al01EJ
351471,al02
351511,kos0RJ
351526,al02EJ
351541,al03
351574,kos1S
351587,kos1
351605,al03EJ
351620,al04
351660,tlk0+
351683,al04EJ
351698,al05
351750,tlk1
351800,fdi2
351996,pa03
352019,pa00
352039,thk1+
352070,pa00EW
352085,pa01
352118,pa01EW
352133,pa02
352158,pa02EW
352173,pa03
352190,thk2+
352211,thk2fX
352226,tlk0+
352249,pa00RW
352264,pa03EW
352279,pa04
352443,pa04EW
352458,pa05
352480,thk1S
352493,thk1+
352532,pa05EW
352547,pa06
352564,thk2+
352585,thk2RW
352600,pa06EW
352615,pa07
352632,twb0+
352666,pa07F
352683,fdi2
352889,pb01
352912,pb00
352968,pb00EW
352983,pb01
353055,pb01EW
353070,pb02
353103,pb02EW
353118,pb03
353135,twb0+
353158,twb1S
353171,twb1
353239,pb02EW
353254,pb03
353310,pb03EW
353325,pb04
353352,thk1+
353383,pb04EW
353398,pb05
353415,thk2+
353436,thk2+
353459,pb05EW
353474,pb06
353499,twb0+
353530,pb06EW
353545,pb07
353583,pb07EW
353598,pb08
353615,twb1S
353628,twb1+
353651,pb08EW
353666,pb09
353696,pb09EW
353711,pb10
353765,pb10EW
353780,pc00
353842,pc00EW
353857,pc01
353874,tlk0+
353906,pc01EW
353921,pc02
353946,tlk1S
353959,tlk1RW
353974,pc02
354003,pb10EW
354018,pc05
354035,thk1+
354066,pc05EW
354081,pc06
354098,thk2+
354119,thk2
354143,pc06EW
354158,pc07
354175,twb0+
354206,pc07EW
354221,pc08
354238,twb1+
354259,twb1RW
354274,pc08
354303,pb10EW
354318,pc10
354363,pc10EW
354378,pc11
354411,pc11EW
354426,pc12
354443,twa0+
354483,pc12EW
354498,pc13
354515,twa1+
354536,twa1RW
354551,pc13
354599,pb10EW
354614,pd00
354680,pd00EW
354695,pd01
354712,thk1+
354740,pd01EW
354755,pd02
354788,thk2S
354801,thk2RW
354816,pd02
354837,pd02EW
354852,pd03
354880,thk2S
354893,thk2RW
354908,pd03EW
354923,pd04
354956,pd04
355036,pd04EW
355051,pd05
355101,pd05EW
355116,pd06
355160,pb10EW
355175,pd11
355258,pb10EW
355273,pc00
355335,pc00EW
355350,pc01
355367,tlk0+
355399,pc01EW
355414,pc02
355439,tlk1S
355452,tlk1RW
355467,pc02
355496,pb10EW
355511,pc05
355528,thk1+
355559,pc05EW
355574,pc06
355591,thk2+
355612,thk2
355636,pc06EW
355651,pc07
355668,twb0+
355699,pc07EW
355714,pc08
355731,twb1+
355752,twb1RW
355767,pc08
355796,pb10EW
355811,pc10
355856,pc10EW
355871,pc11
355904,pc11EW
355919,pc12
355936,twa0+
355976,pc12EW
355991,pc13
356008,twa1+
356029,twa1RW
356044,pc13
356073,pb10EW
356088,pd00
356154,pd00EW
356169,pd01
356186,thk1+
356214,pd01EW
356229,pd02
356262,thk2S
356275,thk2RW
356290,pd02
356311,pd02EW
356326,pd03
356354,thk2S
356367,thk2RW
356382,pd03EW
356397,pd04
356430,pd04
356510,pd04EW
356525,pd05
356575,pd05EW
356590,pd06
356634,pb10EW
356649,pd11
356719,pd06RW
356734,pd11F
356751,fdi2
356771,fdo1
356788,fdo1RW
356803,pb10F
356903,s145
356923,fdi1
356974,s145E
356989,s146
357006,tlk0+
357029,tlk1R
357044,s146E
357059,s147
357096,tlk0+
357119,tlk1R
357134,s147E
357149,s148
357176,s148
357199,s150
357227,s150
357247,s149
357282,s149R
357297,s150E
357312,s151
357339,tlk0
357367,tlk1R
357382,s151E
357397,s152
357424,fdo1
357441,fdo1R
357456,s152N
357595,ps00
357615,fdi1
357665,ps00EW
357680,pe00
357697,twb0+
357728,pe00EW
357743,pe01
357760,twb1+
357781,twb1n
357824,fdo1
357841,fdo1RW
357856,pe01F
357873,qstc
357890,fdi2
358069,ps00
358122,ps00EW
358137,pe00
358154,twb0+
358185,pe00EW
358200,pe01
358217,twb1+
358238,twb1n
358287,pe01F
358304,qstc
358321,fdi2
358536,pe05
358601,btl0+
358624,atk0RW
358639,pe05EW
358654,pe06
358675,dead
358693,pe06EW
358789,corp
358807,pf00
358837,pf00EW
358852,pf01
358878,pf015
358965,fdi2
359145,ps00
359165,twb0+
359188,pe10
359213,twb1+
359236,pe10EW
359251,pe11
359274,twb1n
359349,qstc
359366,fdi2
359385,fdi0
359402,fdi0
359418,fdo0
359435,fdo0
359451,fdi1
359468,fdi1
359484,fdo1
359501,fdo1
359517,whi1
359534,whi1
359550,who1
359567,who1
359583,who2
359600,who2
359616,who3
359633,who3
359649,main
359669,fdo1
359686,fdo1
359702,fdi1
359719,main
359739,fdi1
359755,blon
359772,blon
359790,whi0
359807,whi0
359823,who0
359840,who0
359856,efon
359873,efon
359889,fdis
359907,fdos
359924,fdos
359940,fdif
359958,fdof
359975,fdof
359991,fdip
360009,fdop
360026,fdop
360411,fdo0
360476,s000
360493,fdi0
360529,fdo0
360549,s000F
360569,fdi1
360588,fdo0
360635,s001
360652,fdi0
360693,ovl1
360710,s001E
360725,s002
360742,cabk
360774,s002N
360795,s003
360812,spefs
360854,s003N
360875,s004
360904,fdo0
360924,s004N
360950,fdi1
360980,s003N
361001,s004
361018,wai0
361037,syu0
361060,fdo0
361080,s004N
361106,fdi1
361177,cawh
361201,ofwhs'
361268,cabk
361300,spefs
361374,zit0
361517,cawh
361541,ofwhs8
364356,Feliz
364387,Ferdinand
364418,Gunnar
364449,Massimo
364480,Oldrich
364511,Siegward
364542,Theobald
364573,Zenji
364615,Amerita
364646,Beatrice
364677,Henrietta
364708,Jesimae
364739,Karyn
364770,Nanako
364801,Sharlene
364832,Sieghilde
364874,Chanandit
364905,Deulmaeux
364936,Demresinaux
364967,Ephealgaux
364998,Gauldeval
365029,Grauffemart
365060,Migaifongut
365091,Romidiant
365133,Armittie
365164,Cadepure
365195,Clearite
365226,Epilleve
365257,Liabelle
365288,Nauthima
365319,Radille
365350,Vimechue
365392,Balu-Falu
365423,Burg-Ladarg
365454,Ehgo-Ryuhgo
365485,Kolui-Pelui
365516,Nokum-Akkum
365547,Savul-Kivul
365578,Vinja-Kanja
365609,Yarga-Umiga
365651,Cupapa
365682,Jajuju
365713,Kalokoko
365744,Mahoyaya
365775,Pakurara
365806,Ripokeke
365837,Yawawa
365868,Yufafa
365910,Fhig
365941,Khuma
365972,Pimy
366003,Raka
366034,Sahyu
366065,Sufhi
366096,Tsuim
366127,Yoli
366169,Durib
366200,Dzapiwa
366231,Jugowa
366262,Mugido
366293,Voldai
366324,Wagwei
366355,Zayag
366386,Zoldof
366452,Feliz
366483,Ferdinand
366514,Gunnar
366545,Massimo
366576,Oldrich
366607,Siegward
366638,Theobald
366669,Zenji
366711,Amerita
366742,Beatrice
366773,Henrietta
366804,Jesimae
366835,Karyn
366866,Nanako
366897,Sharlene
366928,Sieghilde
366970,Chanandit
367001,Deulmaeux
367032,Demresinaux
367063,Ephealgaux
367094,Gauldeval
367125,Grauffemart
367156,Migaifongut
367187,Romidiant
367229,Armittie
367260,Cadepure
367291,Clearite
367322,Epilleve
367353,Liabelle
367384,Nauthima
367415,Radille
367446,Vimechue
367488,Balu-Falu
367519,Burg-Ladarg
367550,Ehgo-Ryuhgo
367581,Kolui-Pelui
367612,Nokum-Akkum
367643,Savul-Kivul
367674,Vinja-Kanja
367705,Yarga-Umiga
367747,Cupapa
367778,Jajuju
367809,Kalokoko
367840,Mahoyaya
367871,Pakurara
367902,Ripokeke
367933,Yawawa
367964,Yufafa
368006,Fhig
368037,Khuma
368068,Pimy
368099,Raka
368130,Sahyu
368161,Sufhi
368192,Tsuim
368223,Yoli
368265,Durib
368296,Dzapiwa
368327,Jugowa
368358,Mugido
368389,Voldai
368420,Wagwei
368451,Zayag
368482,Zoldof
384516,N'O'P'Q'R'S'T'U'V'W'X'
385053,tlk0+
385093,tlk1S
385106,tlk1
385135,thk1+
385166,thk2+
385187,thk2
385211,twb0+
385242,twb1+
385263,twb1
385336,twa0+
385376,twa1+
385397,twa1
385489,thk1+
385528,thk2S
385541,thk2
385573,thk2S
385760,twb0+
385812,twb1S
385825,twb1+
385981,tlk0+
386021,tlk1S
386034,tlk1
386063,thk1+
386094,thk2+
386115,thk2
386139,twb0+
386170,twb1+
386191,twb1
386264,twa0+
386304,twa1+
386325,twa1
386398,thk1+
386437,thk2S
386450,thk2
386482,thk2S
386669,twb0+
386721,twb1S
386734,twb1+
386829,fdo1
386861,pb10F
386961,s145
386981,fdi1
387032,s145EE
387047,s146
387064,tlk0+
387087,tlk1RE
387102,s146EE
387117,s147
387154,tlk0+
387177,tlk1RE
387192,s147EE
387207,s148
387234,s148
387257,s150
387285,s150
387305,s149
387340,s149RE
387355,s150EE
387370,s151
387397,tlk0
387425,tlk1RE
387440,s151EE
387455,s152
387482,fdo1
387499,fdo1RE
387514,s152N
387653,ps00
387673,fdi1
387738,pe00
387755,twb0+
387801,pe01
387818,twb1+
387839,twb1n
387882,fdo1
387914,pe01F
387931,qstc
387948,fdi2
387982,thk1+
388013,thk2+
388178,tlk0
388201,tlk1
388218,tlk1n
388344,S'_'a'b'n'
388444,S'_'a'b'n'CNENGNINMNTNON
389330,m212
389347,m212
389373,m312
389390,m312
389416,m412
389433,m412
389459,m512
389476,m512
389502,m612
389519,m612
389859,qstc
390375,m101
390392,m101
390418,m102
390435,m102
390461,m103
390478,m103
390504,m104
390521,m104
390547,m105
390564,m105
390590,m106
390607,m106
390633,m107
390650,m107
390676,m108
390693,m108
390719,m109
390736,m109
390762,m110
390779,m110
390805,m111
390822,m111
390859,m201
390876,m201
390902,m202
390919,m202
390945,m203
390962,m203
390988,m204
391005,m204
391031,m205
391048,m205
391074,m206
391091,m206
391117,m207
391134,m207
391160,m208
391177,m208
391203,m209
391220,m209
391246,m210
391263,m210
391289,m211
391306,m211
391343,m301
391360,m301
391386,m302
391403,m302
391429,m303
391446,m303
391472,m304
391489,m304
391515,m305
391532,m305
391558,m306
391575,m306
391601,m307
391618,m307
391644,m308
391661,m308
391687,m309
391704,m309
391730,m310
391747,m310
391773,m311
391790,m311
391827,m401
391844,m401
391870,m402
391887,m402
391913,m403
391930,m403
391956,m404
391973,m404
391999,m405
392016,m405
392042,m406
392059,m406
392085,m407
392102,m407
392128,m408
392145,m408
392171,m409
392188,m409
392214,m410
392231,m410
392257,m411
392274,m411
392311,m501
392328,m501
392354,m502
392371,m502
392397,m503
392414,m503
392440,m504
392457,m504
392483,m505
392500,m505
392526,m506
392543,m506
392569,m507
392586,m507
392612,m508
392629,m508
392655,m509
392672,m509
392698,m510
392715,m510
392741,m511
392758,m511
392795,m601
392812,m601
392838,m602
392855,m602
392881,m603
392898,m603
392924,m604
392941,m604
392967,m605
392984,m605
393010,m606
393027,m606
393053,m607
393070,m607
393096,m608
393113,m608
393139,m609
393156,m609
393182,m610
393199,m610
393225,m611
393242,m611
394158,m212
394175,m212
394201,m312
394218,m312
394244,m412
394261,m412
394287,m512
394304,m512
394330,m612
394347,m612
394687,qstc
395203,m101
395220,m101
395246,m102
395263,m102
395289,m103
395306,m103
395332,m104
395349,m104
395375,m105
395392,m105
395418,m106
395435,m106
395461,m107
395478,m107
395504,m108
395521,m108
395547,m109
395564,m109
395590,m110
395607,m110
395633,m111
395650,m111
395687,m201
395704,m201
395730,m202
395747,m202
395773,m203
395790,m203
395816,m204
395833,m204
395859,m205
395876,m205
395902,m206
395919,m206
395945,m207
395962,m207
395988,m208
396005,m208
396031,m209
396048,m209
396074,m210
396091,m210
396117,m211
396134,m211
396171,m301
396188,m301
396214,m302
396231,m302
396257,m303
396274,m303
396300,m304
396317,m304
396343,m305
396360,m305
396386,m306
396403,m306
396429,m307
396446,m307
396472,m308
396489,m308
396515,m309
396532,m309
396558,m310
396575,m310
396601,m311
396618,m311
396655,m401
396672,m401
396698,m402
396715,m402
396741,m403
396758,m403
396784,m404
396801,m404
396827,m405
396844,m405
396870,m406
396887,m406
396913,m407
396930,m407
396956,m408
396973,m408
396999,m409
397016,m409
397042,m410
397059,m410
397085,m411
397102,m411
397139,m501
397156,m501
397182,m502
397199,m502
397225,m503
397242,m503
397268,m504
397285,m504
397311,m505
397328,m505
397354,m506
397371,m506
397397,m507
397414,m507
397440,m508
397457,m508
397483,m509
397500,m509
397526,m510
397543,m510
397569,m511
397586,m511
397623,m601
397640,m601
397666,m602
397683,m602
397709,m603
397726,m603
397752,m604
397769,m604
397795,m605
397812,m605
397838,m606
397855,m606
397881,m607
397898,m607
397924,m608
397941,m608
397967,m609
397984,m609
398010,m610
398027,m610
398053,m611
398070,m611
398986,m212
399003,m212
399029,m312
399046,m312
399072,m412
399089,m412
399115,m512
399132,m512
399158,m612
399175,m612
399515,qstc
400031,m101
400048,m101
400074,m102
400091,m102
400117,m103
400134,m103
400160,m104
400177,m104
400203,m105
400220,m105
400246,m106
400263,m106
400289,m107
400306,m107
400332,m108
400349,m108
400375,m109
400392,m109
400418,m110
400435,m110
400461,m111
400478,m111
400515,m201
400532,m201
400558,m202
400575,m202
400601,m203
400618,m203
400644,m204
400661,m204
400687,m205
400704,m205
400730,m206
400747,m206
400773,m207
400790,m207
400816,m208
400833,m208
400859,m209
400876,m209
400902,m210
400919,m210
400945,m211
400962,m211
400999,m301
401016,m301
401042,m302
401059,m302
401085,m303
401102,m303
401128,m304
401145,m304
401171,m305
401188,m305
401214,m306
401231,m306
401257,m307
401274,m307
401300,m308
401317,m308
401343,m309
401360,m309
401386,m310
401403,m310
401429,m311
401446,m311
401483,m401
401500,m401
401526,m402
401543,m402
401569,m403
401586,m403
401612,m404
401629,m404
401655,m405
401672,m405
401698,m406
401715,m406
401741,m407
401758,m407
401784,m408
401801,m408
401827,m409
401844,m409
401870,m410
401887,m410
401913,m411
401930,m411
401967,m501
401984,m501
402010,m502
402027,m502
402053,m503
402070,m503
402096,m504
402113,m504
402139,m505
402156,m505
402182,m506
402199,m506
402225,m507
402242,m507
402268,m508
402285,m508
402311,m509
402328,m509
402354,m510
402371,m510
402397,m511
402414,m511
402451,m601
402468,m601
402494,m602
402511,m602
402537,m603
402554,m603
402580,m604
402597,m604
402623,m605
402640,m605
402666,m606
402683,m606
402709,m607
402726,m607
402752,m608
402769,m608
402795,m609
402812,m609
402838,m610
402855,m610
402881,m611
402898,m611
403010,CNENGNINMNTNON
404343,fdo1
404424,nm01
404441,fdi1
404514,nm01E
404529,nm02
404591,nm01E
404606,nm02
404670,nm02f
404685,tlk0E
404700,nm03
404725,tlk1n
404761,nm03f
404776,pas0
404805,nm06
404822,lvup
404850,nm06E
404865,nm05
404882,tlk0
404909,tlk1E
404924,fdo1
404951,nm05E
404966,nm03
404983,fdi1
405045,nm03E
405060,nm02
405077,tlk0
405137,nm02E
405152,nm03
405169,pas0
405191,fdo1
405233,nm04
405253,fdi1
405270,tlk0
405315,fdo1
405342,nm04E
405357,nm02
405374,fdi1
405398,pas0
405491,nm02
405556,nm02
405574,fdo1
405596,fdi1
405649,tlk0
405683,tlk0
405717,tlk0
405751,tlk0
405785,tlk0
405819,tlk0
405853,tlk0
405887,tlk0
405921,tlk0
405955,tlk0
405989,tlk0
406023,tlk0
406057,tlk0
406091,tlk0
406125,tlk0
406155,tlk0
406181,tlk1n
406240,tlk0
406283,fdo1
406371,nm04
406391,fdi1
406441,fdo1
406468,nm04E
406483,nm03
406500,fdi1
406645,nm03E
406660,nm02
406700,fdo1
406720,nm02F
406737,fdi1
406766,fdo1
406789,nm03
406871,fdi1
406891,wai0
406956,pas0
406977,blon
406994,blon
407011,ovl1
407028,nm08
407072,bik0E
407087,blof
407104,nm03
407124,bik1f
407139,tlk0
407163,tlk1E
407178,fdo1
407230,sha0E
407245,nm12
407262,fdi1
407282,sir0
407310,sir1
407328,sha1
407393,who1
407413,nm12E
407428,blon
407445,blon
407479,nm11
407496,whi1
407523,nm11n
407550,nm09
407576,nm09E
407591,ovl1
407608,nm06
407625,lvdw
407649,nm06n
407676,nm07
407704,fdo1
407744,blof
407768,corpE
407783,nm10
407800,fdi1
407828,fdo1
407848,nm10F
407865,fdi1
407884,qstc
408275,op00
408370,op00
408386,op01
408422,opa0
408438,opa1
408454,opa2
408491,thk1
408507,thk2
408543,op00
408580,opa0
408596,opa1
408612,opa2
408628,thk1
408644,thk2
408660,tlk0
408676,tlk1
408724,opa0
408741,opa1
408758,opa2
408774,thk1
408790,thk2
408806,tlk0
408822,tlke
408838,ban0
408899,tlk0
408915,ehn1
408931,moj0
408996,bop0
409113,opb0
409129,opb1
409165,opc0
409181,opc1
409197,aww0
409213,thk1
409290,op00
409347,opc0
409363,opc1
409440,aww0
409529,thk1
409545,thk2
409601,shk0
409618,tlk0
409634,tlk1
409650,thk1
409666,thk2
409682,emt0
409731,opb0
409747,opc0
409763,opc1
409779,thb1
409795,thb2
409811,thk1
409827,thk2
409883,opd0
409899,opd1
410796,a'b'
410880,e'f'g'
410888,h'i'j'k'l'm'U
411295,fdo1
411786,ws01
411803,fdi1
411823,tlk1
411850,ten1S
411863,ten1f
411878,tlk0
411897,ten0S
411941,gom0
411960,gom1S
411973,gom1n
412019,who1
412039,ws01E3
412054,ws02
412071,whi1
412091,tlk1
412110,ten1S
412123,ten1f
412138,tlk0
412157,ten0S
412170,ten0R3
412185,ws02E3
412200,ws01
412217,ten0S
412230,ten0R3
412245,ws01E
412260,ovl1
412277,ws03
412294,tlk1
412321,ten1S
412334,ten1
412392,fdo1
412438,fdi1
412514,fdo1
413005,ws01
413022,fdi1
413066,tlk0
413085,ten0S
413098,ten0sN
413127,who1
413147,ws01E3
413162,ws02
413179,whi1
413216,tlk1
413235,ten1S
413248,ten1E
413263,fdo1
413309,fdi1
413328,qstc
415721,Tales'Beginning
417550,s000
417904,kil0
418954,s000
418971,se00
419580,sk00
419933,s003
420041,op00
420063,se00
420138,op01
420196,op01
420310,op00+
420456,op01
420523,sk00
420538,op01R1
420988,s003
421140,se00
421944,sk00
422121,s003
422433,se00
422672,ygo0'
422925,tlk0+
422948,tlk1
423215,sk00
423230,op01Rg
423346,kidl0
423429,iro0
423465,dis0+
423520,iro0
423660,sk00
424197,s003
424400,se00
424773,sk00
424790,s001
424807,se01
425034,s000
425054,s001
425356,kil0
425407,main
425435,main
425463,main
425491,main
425702,sk01
425738,kil0
425755,kil1
425772,kil0
427492,opa0'
427643,efon
428185,F1R1
428228,q1R1
429228,fdi2
429573,fdi2
429592,fdi0
429609,fdi0
429625,fdo0
429642,fdo0
429658,fdi1
429675,fdi1
429691,fdo1
429708,fdo1
429724,whi1
429741,whi1
429757,who1
429774,who1
429790,whi0
429807,whi0
429823,who0
429840,who0
429856,efon
429873,efon
430065,Trion
430097,ara0
430113,op00
430129,op01
430145,ara1
430158,Karst
430190,tlk0
430206,tlk1
430293,tlk0
430309,tlk1
430541,Pieuje
430573,thk0
430589,thk1
430605,tlk0
430621,op00
430637,op01
430697,kak0
430713,op00
430729,kak1
430742,Apururu
430802,shk0
430818,zit0
430834,aop0
431061,Claidie
431093,pry0
431109,pry1
431125,mbs0
431141,op00
431157,op01
431202,tla0
431218,tla1
431277,obi0
431293,knj0
431309,knj1
431325,ded0
431341,op00
431357,op01
431585,Naji
431632,tlk0
431648,nop0
431677,Shantotto
431724,ohh0
431740,ohh1
431756,ehn0
431772,ygo0
431929,Ayame
431976,thk1
431992,thk2
432008,aya0
432175,tla0
432191,tla1
432207,uda0
432223,uda1
432239,ybi0
432255,ybi1
432271,mei0
432287,mei1
432303,tlb0
432319,fri0
432335,fri1
432351,fri2
432367,fri3
432383,fri4
440888,main
440908,who1
440925,who1
440943,fdo1
440960,fdo1E
440975,whi1
452218,eton
452747,fdo1
452778,q'r'
453709,open
453739,clos
456346,tlk0+
456369,tlk1
456405,tlk0+
456428,tlk1
456611,s077
456639,pas0
456665,pas0R
456680,s077E
456695,s078
456712,tlk0+
456743,s078E
456758,s079
456775,tlk1+
456806,s079E
456821,s080
456838,tlk0
456878,s081
456905,fdi2
456933,thk1+
456956,thk2
456985,tlk0+
457048,tlk1+
457079,tlk0
457115,tlk1+
457138,tlk0+
457198,tlk1+
457243,tlk0+
457307,tlk0+
457359,tlk1
457475,pas0
457516,pas0
457557,tlk0+
457612,tlk1+
457635,tlk0+
457695,tlk1+
457737,tlk0+
457760,tlk1
457797,tlk0+
457820,tlk1
457849,thk1+
457872,thk2
457943,tlk0
457995,tlk1+
458035,pas0
458076,tlk0+
458137,tlk0+
458160,tlk1
458189,tlk0+
458244,tlk0
458272,tlk1
458306,tlk0+
458329,tlk1
458501,s077
458529,pas0
458555,pas0R
458570,s077E
458585,s078
458602,tlk0+
458633,s078E
458648,s079
458665,tlk1+
458696,s079E
458711,s080
458728,tlk0
458768,s081F
458785,fdi2
458951,s082
458989,s082E
459004,s083
459069,thk2
459097,s083E
459112,s084
459137,pas0
459163,pas0R
459178,s084E
459193,s085
459210,tlk0
459246,tlk1+
459269,s085E
459284,s086
459309,tlk0+
459332,tlk1+
459363,tlk0+
459423,tlk1R
459438,s086E
459453,s087
459484,s087
459511,fdi2
459677,s082
459745,thk2+
459768,pas0+
459805,s087
459832,fdi2
459849,qstc
459893,tlk1+
459942,s080E
459957,s081
459974,tlk1+
460006,tlk1+
460039,tlk1+
460064,fdi0
460081,fdi0
460097,fdo0
460114,fdo0
460130,fdi1
460147,fdi1
460163,fdo1
460180,fdo1
460196,whi1
460213,whi1
460229,who1
460246,who1
460262,who2
460279,who2
460295,who3
460312,who3
460328,main
460348,fdo1
460365,fdo1
460381,fdi1
460398,main
460418,fdi1
460434,blon
460451,blon
460469,whi0
460486,whi0
460502,who0
460519,who0
460535,efon
460552,efon
460568,fdis
460586,fdos
460603,fdos
460619,fdif
460637,fdof
460654,fdof
460670,fdip
460688,fdop
460705,fdop
462078,ad01
462098,s000
462121,ad01E
462136,ad03
462156,main
462185,ad03E
462200,ad04
462217,stp0
462249,ad04E
462281,a128
462326,fdi2
462345,fdi0
462362,fdi0
462378,fdo0
462395,fdo0
462411,fdi1
462428,fdi1
462444,fdo1
462461,fdo1
462477,whi1
462494,whi1
462510,who1
462527,who1
462543,who2
462560,who2
462576,who3
462593,who3
462609,main
462629,fdo1
462646,fdo1
462662,fdi1
462679,main
462699,fdi1
462715,blon
462732,blon
462750,whi0
462767,whi0
462783,who0
462800,who0
462816,efon
462833,efon
462849,fdis
462867,fdos
462884,fdos
462900,fdif
462918,fdof
462935,fdof
462951,fdip
462969,fdop
462986,fdop
471060,s000
471092,s000
471107,stp0
471125,main
471154,fdo1
471171,fdo1
471187,kila
471204,fdi1
471221,fdi1
471236,main
472117,tlk0+
472231,tlk1
472265,tlk0+
472325,tlk1
472400,thk1+
472426,thk2y
472454,tlk0+
472510,tlk1
472650,tlk1
472685,tlk0+
472716,tlk1
472817,tlk1
472961,tlk0
473035,tlk1
473077,tlk0+
473175,tlk1
473217,tlk0+
473347,thk1
473388,tlk0
473712,tlk0
473777,tlk1n
473815,tlk0+
473851,thk1+
473872,thk1f
473887,thk2y
473994,tlk0
474030,tlk1
474101,tlk0
474137,tlk1S
474150,tlk1n
474207,tlk0+
474246,tlk1S
474259,tlk1
474277,tlk0
474329,tlk1S
474378,thk1+
474399,thk1f
474414,thk2S
474483,tlk0+
474627,tlk1S
474640,tlk1
474884,tlk0
474903,thk0
475032,t'u'k
475731,fdi2
477911,fdi2
477951,f001
477979,f001EY
477994,f002
478029,f002
478055,f003
478103,f003
478129,f103
478246,f103EY
478261,f403
478285,f403
478380,f004
478459,f004EY
478474,f104
478534,f104
478560,f005
478600,f005'
478622,f105
478650,f105EY
478665,f205
478690,f205EY
478705,f305
478780,f305EY
478795,f306
478827,f306
478868,fdi0
478885,fdi0
478901,fdo0
478918,fdo0
478934,fdi1
478951,fdi1
478967,fdo1
478984,fdo1
479000,whi1
479017,whi1
479033,who1
479050,who1
479066,whi0
479083,whi0
479099,who0
479116,who0
479132,efon
479149,efon
479466,tlk0
479482,tlk1S
479495,tlk1
479511,tlk0
479527,tlk1S
479540,tlk1
479577,ztu0
479596,ztu1
479796,str0
479816,kill
479842,t'u'
483641,fdo1
483658,fdo1EN
483673,fdi1
483690,fdi1
484500,fdo1
484517,fdo1
484597,fdi1
484614,fdi1
491625,fdo1
491642,fdo1EN
491657,fdi1
491674,fdi1
492484,fdo1
492501,fdo1
492581,fdi1
492598,fdi1
537386,x'z'
570163,fdi0
570180,fdi0
570196,fdo0
570213,fdo0
570229,fdi1
570246,fdi1
570262,fdo1
570279,fdo1
570295,whi1
570312,whi1
570328,who1
570345,who1
570361,who2
570378,who2
570394,who3
570411,who3
570427,main
570447,fdo1
570464,fdo1
570480,fdi1
570497,main
570517,fdi1
570533,blon
570550,blon
570568,whi0
570585,whi0
570601,who0
570618,who0
570634,efon
570651,efon
570667,fdis
570685,fdos
570702,fdos
570718,fdif
570736,fdof
570753,fdof
570769,fdip
570787,fdop
570804,fdop
570847,D+DwD
572428,fdi0
572445,fdi0
572461,fdo0
572478,fdo0
572494,fdi1
572511,fdi1
572527,fdo1
572544,fdo1
572560,whi1
572577,whi1
572593,who1
572610,who1
572626,who2
572643,who2
572659,who3
572676,who3
572692,main
572712,fdo1
572729,fdo1
572745,fdi1
572762,main
572782,fdi1
572798,blon
572815,blon
572833,whi0
572850,whi0
572866,who0
572883,who0
572899,efon
572916,efon
572932,fdis
572950,fdos
572967,fdos
572983,fdif
573001,fdof
573018,fdof
573034,fdip
573052,fdop
573069,fdop
573141,tlk0
573164,tlk0#_
573181,tlk1
573244,tlk1
573274,tlk1
573304,tlk1
573334,tlk1
573364,tlk1
573394,tlk1
573424,tlk1
573454,tlk1
573484,tlk1
573514,tlk1
573544,tlk1
573568,pas0
573590,pas0#H
573799,tlk0
573822,s134
573845,tlk0
573864,tlk1R'
573879,s134E'
573894,s135
573935,thk1E'
573950,s134
573981,s134E'
573996,s135
574013,thk2y
574036,thk2
574082,s135E'
574097,s136
574152,s135E'
574167,s136
574211,s135E'
574226,s137
574243,pas0
574282,s137E'
574297,s138
574345,s138E'
574360,s139
574389,s139E'
574404,s140
574429,thk2y
574452,thk2
574471,s140
574494,s142
574522,s142
574542,s141
574559,tlk0
574620,s135R'
574635,s141R'
574650,s142E'
574665,s136
574715,s135R'
574730,s141R'
574745,s142E'
574760,s143
574777,pas0
574796,s143E'
574811,s144
574852,s144
574875,s146
574903,s146
574923,s145
574970,kidl0
575013,s145R'
575028,s146E'
575043,s148
575068,tlb0
575085,tlb0fA
575100,tlb1
575126,tlb0
575143,tlb0fA
575158,tlb1
575204,s145R'
575219,s146E'
575234,s147
575251,thk2y
575274,thk2
575293,s147E'
575308,s148
575325,tlb0
575342,tlb0fA
575357,tlb1
575387,s136R'
575402,s148
575429,fdi2
575619,tlk0E'
575634,s149
575657,tlk0
575676,tlk1
575694,s149E'
575709,s150
575735,s150E'
575750,s151
575767,tlk1
575800,wav0
575818,s151E'
575833,s152
575909,s152E'
575924,s153
575944,s153E'
575959,s154
576020,s154E'
576035,s155
576092,s155E'
576107,s156
576124,thk2y
576147,thk2
576166,tlk0
576196,s156kidl0
576526,s157
576572,s157E'
576587,s158
576604,msu0+
576627,msu1S
576640,msu1R'
576655,s158E'
576670,s159
576702,tlk0
576738,tlk1R'
576753,s159E'
576768,s160
576844,tlk0y
576877,tlk1R'
576892,s160E'
576907,s161
576974,thk1+
577000,s161E
577015,efof
577032,efofN
577112,s162
577139,s162E'
577154,s163
577175,s163E'
577190,s164
577211,s164E'
577226,s165
577275,s165E'
577290,s166
577311,s166E'
577326,s167
577343,thk2S
577386,bik0
577431,bik0fr
577477,s167E'
577492,s168
577507,bik1n
577538,pas0
577563,s168
577590,qstc
577607,fdi2
577713,s173
577736,tlk0
577755,tlk1R'
577770,s173
577817,thk1S
577830,thk1E'
577845,s169
577876,s169E'
577891,s170
577908,thk2
577959,s170E'
577974,s171
578034,s171E'
578049,s172
578074,s172E'
578089,s173
578106,thk2y
578129,thk2
578148,tlk0
578167,tlk1R'
578182,s173
578205,s146
578233,s146
578253,s145
578297,s145R'
578312,s146E'
578327,s174
578374,s145R'
578389,s146E'
578404,s174
578421,msu0
578458,msu1
578492,s145R'
578507,s146E'
578522,s175
578558,pos0
578586,s175
578613,fdi2
578824,s176
578892,s176E'
578907,s177
578924,tlk0+
578947,tlk1fr
578962,msu0
578981,msu1R'
578996,s177E'
579011,s178
579048,tlk0+
579071,tlk1R'
579086,s178E'
579101,s179
579197,s179E'
579212,s180
579265,s180
579288,s182
579316,s182
579336,s181
579411,s181R'
579426,s182E'
579441,s183
579458,tlb0
579475,tlb0fA
579490,tlb1
579556,s181R'
579571,s182E'
579586,s183
579644,s183E'
579659,s184
579681,thk1+
579704,thk2y
579729,tlk0+
579752,tlk1R'
579767,s184E'
579782,s185
579825,msu0
579864,msu1R'
579879,s185E'
579894,s186
579911,tlk0+
579934,tlk1n
579975,s186E'
579990,s187
580024,s187E'
580039,s188
580089,s188E'
580104,s189
580160,s189E'
580175,s190
580201,thk2y
580224,thk2
580250,s190E'
580265,s191
580306,thk2y
580329,thk2
580348,s191
580371,s146
580399,s146
580419,s145
580452,s145R'
580467,s146E'
580482,s192
580526,s145R'
580541,s146E'
580556,s192
580623,s145R'
580638,s146E'
580653,s192
580674,thk2y
580697,thk2
580723,s145R'
580738,s146E'
580753,s192
580797,s145R'
580812,s146E'
580827,s192
580871,s145R'
580886,s146E'
580901,s192
580968,s145R'
580983,s146E'
580998,s192
581019,thk2y
581042,thk2
581060,s193
581114,s193E'
581129,s194
581170,s194E'
581185,s195
581242,pas0
581264,s195
581291,qstc
581308,fdi2
581552,s037
581606,s029
581669,s029E
581684,s030
581705,s030
581728,s031
581756,s031
581784,s033
581812,s033
581840,s031
581860,s032
581899,s031R
581914,s032R
581929,s033E
581976,s034
582002,tlb0
582019,tlb0fA
582034,tlb1R
582069,s035
582088,tlb1f
582134,s035E
582149,s036
582166,thk2y
582189,thk2
582218,s036E
582233,s037
582273,tlk0
582290,tlk0R
582305,s037
582328,s038
582356,s038
582384,s040
582412,s040
582440,s038
582460,s039
582506,tlk1R
582521,s038R
582536,s039R
582551,s040E
582566,s042
582583,pas0
582600,pas0
582627,tlk1n
582657,s038R
582672,s039R
582687,s040E
582702,s041
582719,moj0
582750,s042
582773,s043
582801,s043
582829,s045
582857,s045
582885,s043
582905,s044
582943,s043R
582958,s044R
582973,s045E
582988,s046
583005,tlk0
583022,tlk0
583040,s041R
583055,s046
583092,fdi2
583291,sit0J
583333,tlk0S
583346,tlk0
583386,s047
583412,tlk1
583429,tlk1R
583444,s047E
583459,s048
583602,s048E
583617,s049
583634,tlk0
583651,tlk0R
583666,s050E
583681,s051
583698,tlk1
583719,tlk1
583745,msu0
583763,s048E
583778,s050
583797,msu0R
583812,s050E
583827,s051
583844,msu1
583865,msu1
583883,s051E
583898,s052
583937,thk1f
583952,thk2y
583979,thk2R
583994,s052
584037,s053
584054,tlk0
584075,tlk0R
584090,s053E
584105,s054
584134,tlk1S
584147,tlk1
584168,s054
584195,fdi2
584623,s000
584687,thk1R
584702,s000
584727,s001
584744,thk2y
584771,thk2R
584786,s001
584809,s002
584837,s002
584865,s004
584893,s004
584921,s002
584941,s003
584962,s002R
584977,s003R
584992,s004E
585007,s005
585028,pas0
585045,pas0E
585060,s006
585080,qstc
585100,s006i
585389,s007
585459,s007E
585474,s008
585491,tlk0J
585521,tlk0R
585536,s008E
585551,s009
585568,tlk1f#
585583,tlk0J
585613,tlk1S
585626,tlk0R
585641,s009E
585656,s010
585698,tlk1+
585745,pialR
585760,s010
585803,s011
585818,pial+
585844,s011E
585859,s012
585906,s012E
585921,s013
585946,tlk0+
585967,tlk0R
585982,s013E
585997,s014
586014,tlk1fK
586029,tlk0+
586050,tlk0S
586063,tlk1fK
586078,tlk1R
586093,s014E
586108,s015
586140,tlk1
586153,kidl0
586195,s015E
586210,s016
586247,s016E
586294,s017
586342,s017E
586357,s018
586426,s018E
586441,s019
586464,tlk0+
586485,tlk0R
586500,s019E
586515,s020
586541,tlk0f
586556,tlk1+
586577,tlk0S
586590,tlk1R
586605,s020E
586620,s050
586637,tlk1J
586685,tlk1R
586700,s050E
586715,s021
586741,tlk0J
586771,tlk0R
586786,s021E
586801,s043
586818,tlk1+
586838,tlk1
586856,s043E
586871,s022
586926,pos0J
586950,s022E
586997,s023
587026,pos0+
587058,s023
587083,s024
587095,kidl0
587115,tlk0+
587136,tlk0n
587183,s024E
587198,s025
587230,tlk1n
587263,tlk1+
587286,s025E
587301,s049
587363,s026
587496,s027
587523,tlk0S
587536,tlk0N
587602,tlk1+
587625,s027
587648,s028
587676,s028
587704,s030
587732,s030
587760,s028
587780,s029
587812,s028R
587827,s029R
587866,s031
587906,s031E
587921,s032
587949,s032E
587964,s033
588004,s033E
588019,s034
588060,s034
588083,s035
588111,s035
588139,s037
588167,s037
588195,s035
588215,s036
588232,tlk1+
588253,tlk1'
588275,s035R
588290,s036R
588305,s037E
588320,s038
588348,s038E
588363,s039
588420,s039E
588435,s040
588517,tlke+
588546,tlkeR
588561,s040E
588576,s041
588593,tlk0+
588634,tlke+
588657,s041
588700,s042
588773,s042E
588788,s044
588920,s044
588943,s046
588971,s046
588999,s048
589027,s048
589055,s046
589075,s047
589135,s046R
589150,s047R
589165,s048E
589180,s045
589215,bru0
589236,s045
589263,qstc
589280,fdi2
589336,tlb0
589353,tlb0fA
589368,tlb1
589386,tlk0
589403,tlk0f
589418,tlk1
589473,bik0
589495,bik0fr
589653,tlb0
589678,tlb0fA
589693,tlb1
589752,tlb0fA
589767,tlb1
589812,pas0
589829,pas0E
589844,qstc
589902,tlk0
589919,tlk0f
589934,tlk1
589979,pas0
589996,pas0E
590011,qstc
590054,tlk0
590071,tlk0f
590086,tlk1
590169,pas0
590292,pas0
590401,tlk0
590436,tlk0#_
590453,tlk1
590497,tlk0#_
590514,tlk1
590558,tlk0#_
590575,tlk1
591794,pas0S
591807,pas0
591876,MNTNON
592078,sit1S
592091,sit1
592212,MNTNON
592844,init
592861,ini1
592888,ENMNTNON
592970,aNbNcNdNeNA
593267,tlk0
593320,tlk0
593363,tlk0
593603,tlk0
593706,tlk0
593738,tlk0
593854,tlk0
593964,hap0
594004,open
594048,clos
594070,tlk0
594089,pas0S
594147,tlk0
594192,tlk0
594301,hap0
594369,open
594413,clos
594435,tlk0
594454,pas0S
594467,pas0
594499,open
594586,pas0S
594612,closS
594625,clos
594650,tlk0
594715,tlk0.
594744,tlk0
594772,tlk0
594800,tlk0
594842,tlk0
594984,tlk0
595016,tlk0
595044,tlk0
595073,tlk0
595112,XNaN
595225,main
595261,main
595300,rNsNtNuN_
595715,tlk0
595759,tlk0
595778,tlk1H
595799,twb0
595824,twb1
595843,tlk0
595865,tlk1
595903,tlk0
595926,tlk1
595944,pas0
595963,tlk0
595989,tlk1
596008,twb0
596042,twb1
596061,tlk0
596287,pas0
596384,pas0
596727,twb0
596761,twb1
596780,tlk0
596869,twb0
596903,twb1
596943,tlk0
596965,tlk1
596995,tlk0
597025,tlk1
597055,twb0
597093,twb1
597123,tlk0
597149,tlk1
597184,tlk0
597210,tlk1
597229,thk1
597255,thk2
597274,tlk0
597300,tlk1
597887,tlk0
597914,tlk1
597940,ski0
598112,fNgN
598177,joy0
598194,joy0
598211,pnt0
598228,pnt0
598245,kun0
598262,kun0
598278,kun1
598292,kun1
598309,odo0
598326,odo0
598342,odo1
598356,odo1
598373,kyo0
598390,kyo0
598406,kyo1
598420,kyo1
598437,tl30
598454,tl30
598470,tl31
598484,tl31
598509,tl30
598848,tlk0
598862,tlk0
598878,tlk1
598892,tlk1
598908,tlb0
598922,tlb0
598938,tlb1
598952,tlb1
598968,pas0
598982,pas0
598998,thk0
599012,thk0
599028,thk1
599042,thk1
599058,thk0
599072,thk0
599088,thk1
599102,thk1
599118,hap0
599132,hap0
599148,ang0
599162,ang0
599178,wht0
599192,sha0
599208,wht1
599222,wht1
599238,ura0
599252,ura0
599268,ura1
599282,ura1
599298,sha0
599312,sha0
599328,sha1
599342,sha1
600960,fdi0
600977,fdi0
600993,fdo0
601010,fdo0
601026,fdi1
601043,fdi1
601059,fdo1
601076,fdo1
601092,whi1
601109,whi1
601125,who1
601142,who1
601158,who2
601175,who2
601191,who3
601208,who3
601224,main
601244,fdo1
601261,fdo1
601277,fdi1
601294,main
601314,fdi1
601330,blon
601347,blon
601365,whi0
601382,whi0
601398,who0
601415,who0
601431,efon
601448,efon
601464,fdis
601482,fdos
601499,fdos
601515,fdif
601533,fdof
601550,fdof
601566,fdip
601584,fdop
601601,fdop
601810,s062
601901,s063
601936,s063E
601951,s064
602027,s064E
602042,s066
602103,s066
602126,s070
602154,s070
602174,s067
602229,s070
602255,s070
602273,s067
602296,s065
602324,s071
602352,s071
602380,s065
602400,s073
602455,s065
602481,s071
602507,s071
602533,s065
602551,s073E
602566,s068
602612,s068
602635,s072
602663,s072
602683,s069
602747,s072
602773,s072
602791,s069E
602806,s063
602860,s063
602883,s070
602911,s070
602931,s067
603002,s070
603028,s070
603046,s067
603069,s065
603097,s071
603125,s071
603153,s065
603173,s073
603245,s065
603271,s071
603297,s071
603323,s065
603341,s073E
603356,s066
603410,s066
603433,s072
603461,s072
603481,s069
603558,s072
603584,s072
603602,s069E
603617,s068
603722,fdi2
604833,s074
604919,s074
605023,s111
605051,s111
605071,s075
605105,s111
605131,s111
605149,s075
605172,s112
605200,s112
605220,s076
605278,s112
605304,s112
605322,s076E
605337,s077
605400,s077
605423,s113
605451,s113
605479,s078
605499,s122
605807,s113
605833,s113
605859,s078
605877,s122E
605892,s079
605914,U+#Q
605979,s079E
605994,s080
606050,s080
606073,s114
606101,s114
606121,s081
606166,s114
606192,s114
606338,s087
606368,s087E
606383,s082
606461,ov#Q
606493,s082
606516,s125
606544,s115
606572,s115
606600,s083
606620,s115
606730,s125
606756,s115
606782,s115
606808,s083
606826,s115E
606841,s084
606906,s084E
606921,s085
606938,hs00
606998,s085E
607013,s086
607152,s086E
607167,s088
607182,ov#Q
607199,main
607256,s088E
607271,s089
607333,s089E
607348,s090
607422,s090E
607437,s091
607502,s091E
607517,brof
607534,s092
607577,s092i
607711,s116
607739,s116
607759,s093
607802,kila+#Q
607893,s116
607919,s116
607937,s093E
607952,s094
608026,ov#Q
608055,s094
608078,s120
608106,s120
608126,s095
608180,s120
608206,s120
608224,s095E
608239,s096
608309,s096E
608324,s097
608365,s097E
608380,s098
608454,s098i
608588,ov#Q
608646,s099
608731,s099E
608746,brof
608763,s100
608795,s100E
608810,s101
608889,s101E
608904,brof
608921,s110
608983,s110
609006,s120
609034,s120
609054,s095
609136,s120
609162,s120
609180,s095E
609195,s102
609284,s102
609307,s117
609335,s117
609363,s103
609383,s123
609430,ov#Q
609517,s117
609543,s117
609569,s103
609587,s123
609610,s104
609638,s118
609666,s118
609694,s104
609714,s124
609803,s104
609829,s118
609855,s118
609881,s104
609899,s124E
609914,s106
609961,s106
610010,s104
610036,s118
610062,s118
610088,s104
610106,s124
610129,s119
610157,s119
610177,s105
610268,s119
610294,s119
610312,s105
610335,s104
610363,s118
610391,s118
610419,s104
610439,s124
610490,s104
610516,s118
610542,s118
610568,s104
610586,s124
610609,s119
610637,s119
610657,s105
610735,s119
610761,s119
610779,s105
610802,s104
610830,s118
610858,s118
610886,s104
610906,s124
610929,s107
610974,s107E
610989,s109
611029,s109
611052,s121
611080,s121
611100,s108
611210,s121
611236,s121
612795,ovxP
613106,wpoflLQ
613165,ovLQ
613222,s000
613271,s000E
613286,s001
613389,s001E
613404,s002
613467,s002E
613482,s009
613544,s009
613567,s030
613595,s030
613615,s004
613684,s030
613710,s030
613728,s004
613751,s031
613779,s031
613799,s003
613921,s031
613947,s031
613965,s003E
613980,s005
614033,s005E
614048,s006
614101,s006E
614116,s005
614162,s005E
614177,s007
614216,s007E
614231,s005
614270,s005E
614285,s006
614354,s006E
614369,s007
614443,s007E
614458,s011
614594,s011E
614609,s008
614702,s008E
614717,s010
614739,RJLQ
614778,s010E
614793,s012
614847,ovLQ
614897,s012E
614912,s013
614966,s013E
614981,s014
615086,s014E
615101,s015
615177,s015E
615192,s016
615295,s016E
615310,s017
615355,s017E
615370,s018
615513,s018E
615528,s019
615604,s019E
615619,s020
615689,s020
615712,s032
615740,s032
615760,s021
615819,ovLQ
615906,s032
615932,s032
615950,s021
615973,s033
616001,s033
616021,s022
616148,s033
616174,s033
616192,s022
616241,s033
616267,s033
616285,s022E
616300,s025
616312,G+LQ
616334,I+LQ
616361,s025
616379,s023
616450,s023E
616465,s024
616485,s024E
616500,s026
616585,s026E
616600,s027
616709,s027E
616724,s028
616778,s028E
616793,s019
616832,s019E
616847,s029
616913,s029E
616928,s023
617059,fdi2
617435,ovLQ
617441,ovMQ
617447,ovNQ
617534,s133
617562,s133
617582,s095
617638,s133
617664,s133
617682,s095E
617697,s019
617766,s019E
617781,s026
617879,s026E
617894,s097
617914,skidl0
617979,s097E
617994,s005
618117,kidl0
618175,s098
618243,s098E
618258,s096
618264,kidl0
618337,s096E
618352,s099
618413,s099E
618428,s097
618434,kidl0
618483,s097E
618498,s100
618564,ovLQ
618597,s100
618620,s101
618648,s101
618676,s134
618704,s134
618732,s101
618752,s138
618767,ovNQ
618831,ovLQ
618837,ovMQ
618903,s101
618929,s101
618955,s134
618981,s134
619007,s101
619025,s138
619077,s101
619103,s101
619129,s134
619155,s134
619181,s101
619199,s138
619273,s134E
619288,s135
619319,s134E
619334,s135
619368,s138E
619383,s135
619494,s101
619520,s101
619546,s135
619572,s135
619598,s101
619616,s135
619639,s136
619667,s136
619687,s111
619809,s136
619835,s136
619853,s111
619892,s102
619939,ovMQ
619952,ovNQ
619995,s102E
620010,s103
620069,ovMQ
620075,ovLQ
620135,s103E
620150,s104
620244,s104E
620259,s105
620352,ovLQ
620372,ovMQ
620389,s105E
620404,s106
620470,s106E
620485,s107
620551,s107E
620566,s108
620612,s108E
620627,s109
620681,s109
620797,ovLQ
620803,ovMQ
620809,ovNQ
620829,s108
620897,s108E
620912,s106
620989,s106E
621004,s110
621043,ovLQ
621056,ovMQ
621103,s110E
621118,s112
621159,ovMQ
621165,ovNQ
621195,s112
621218,s133
621246,s133
621266,s095
621297,s133
621323,s133
621341,s095E
621356,s114
621428,ovLQ
621475,s114E
621490,s113
621534,s113E
621549,s115
621594,ovNQ
621611,s115E
621626,s108
621658,ovLQ
621705,s108E
621720,s117
621741,G+LQ
621802,s117E
621817,s116
621892,s116E
621907,s119
621966,s119E
621981,s118
622063,s118E
622078,s120
622106,s120E
622121,s121
622181,s121E
622196,s126
622252,s126E
622267,s099
622321,s099E
622336,s122
622382,ovLQ
622397,ovLQ
622421,s122E
622436,s123
622464,s123E
622479,s015
622548,s015E
622563,s131
622591,s131
622614,s124
622642,s124
622670,s137
622698,s137
622726,s124
622746,s139
622827,s124
622853,s124
622879,s137
622905,s137
622931,s124
622949,s139E
622964,s132
623010,ovMQ
623016,ovNQ
623110,ovLQ
623116,ovNQ
623134,s132E
623149,s103
623217,s103E
623232,s104
623266,ovLQ
623272,ovMQ
623290,s104E
623305,s125
623337,ovNQ
623390,ovNQ
623415,s125E
623430,s127
623493,ovNQ
623518,s127E
623533,s128
623611,ovLQ
623628,s128E
623643,s129
623668,ovNQ
623693,ovLQ
623779,s129E
623794,s130
623906,s023
623949,fdi2
623966,qstc
624480,tlk0
624494,tlk0
624510,tlk1
624524,tlk1
624540,thk1
624554,thk1
624570,thk2
624584,thk2
624600,sha0
624614,sha0
624630,sha1
624644,sha1
624660,sir0
624674,sir0
624690,sir1
624704,sir1
624720,rst0
624734,rst0
624750,rst1
624764,rst1
624780,tls0
624794,tls0
624810,tls1
624824,tls1
624840,ths1
624854,ths1
624870,ths2
624884,ths2
624901,pas0
624918,pas0
624934,cry0
624948,cry0
624964,cry1
624978,cry1
624995,tlk0
625012,tlk0
625029,tlk1
625046,tlk1
625063,tlk2
625080,tlk2
625097,tla0
625114,tla0
625131,tla1
625148,tla1
625165,tla2
625182,tla2
625199,tlk0
625216,tlk0
625233,tlk1
625250,tlk1
625267,pnt0
625284,pnt0
625301,pnt1
625318,pnt1
625334,sit0S
625347,sit0
625363,sit1S
625376,sit1
625634,no00
625648,no00
625662,kyo0
625676,kyo0
625690,yes0
625704,yes0
625718,eio0
625732,eio0
625746,ksu0
625760,ksu0
625774,gak0
625788,gak0
625802,gak1
625816,gak1
625830,tlk0
625844,tlk0
625858,hap0
625872,hap0
625886,kru0
625900,kru0
625914,std0
625928,std0
625942,pnc0
625956,pnc0
625981,kilaS
625994,kila
626408,tlk0
626422,tlk0
626438,tlk1
626452,tlk1
626468,thk1
626482,thk1
626498,thk2
626512,thk2
626528,sha0
626542,sha0
626558,sha1
626572,sha1
626588,sir0
626602,sir0
626618,sir1
626632,sir1
626648,rst0
626662,rst0
626678,rst1
626692,rst1
626708,tls0
626722,tls0
626738,tls1
626752,tls1
626768,ths1
626782,ths1
626798,ths2
626812,ths2
626829,pas0
626846,pas0
626862,cry0
626876,cry0
626892,cry1
626906,cry1
626923,tlk0
626940,tlk0
626957,tlk1
626974,tlk1
626991,tlk2
627008,tlk2
627025,tla0
627042,tla0
627059,tla1
627076,tla1
627093,tla2
627110,tla2
627127,tlk0
627144,tlk0
627161,tlk1
627178,tlk1
627195,pnt0
627212,pnt0
627229,pnt1
627246,pnt1
630848,tlk0
630862,tlk0
630878,tlk1
630892,tlk1
630908,tlke
630922,tlke
630938,tl30
630952,tl30
630968,tl31
630982,tl31
630998,pas0
631012,pas0
631028,cor0
631042,cor0
631058,oki0
631072,oki0
631088,tlk2
631102,tlk2
631118,tid0
631132,tid0
631148,tao0
631162,tao0
631178,ang0
631192,ang0
631208,ang1
631222,ang1
631238,bik0
631252,bik0
631268,bik1
631282,bik1
631298,odo0
631312,odo0
631328,odo1
631342,odo1
631358,bye0
631372,bye0
631388,fum0
631402,fum0
631418,fum1
631432,fum1
631448,hap0
631462,hap0
631478,hap1
631492,hap1
631508,mmm0
631522,mmm0
631538,mmm1
631552,mmm1
631568,fnd0
631582,fnd0
631598,fnd1
631612,fnd1
631628,wetc
631642,wetc
631658,war1
631672,war1
631688,war2
631702,war2
631718,joy0
631732,joy0
631748,pnt0
631762,pnt0
631778,kun0
631792,kun0
631808,kun1
631822,kun1
631838,kyo0
631852,kyo0
631868,kyo1
631882,kyo1
631898,mim0
631912,mim0
631928,mim1
631942,mim1
631958,gob0
631972,gob0
631988,gob1
632002,gob1
632276,tlk0
632290,tlk0
632306,tlk1
632320,tlk1
632336,bik0
632350,bik0
632366,bik1
632380,bik1
632396,wht0
632410,wht0
632426,wht1
632440,wht1
632456,sky0
632470,sky0
632484,sp10
632498,sp10
632514,sht1
632528,sht1
632686,sp01
632700,sp01
632714,sp10
632728,sp10
632742,sp10S
632755,sp10JNQ
632768,ovNQ
632784,sp20
632798,sp20
632812,sp30
632826,sp30
632840,sp40
632854,sp40
632868,sp50
632882,sp50
632896,sp60
632910,sp60
633305,fdi1
