offset,token
2773,sha0S
2786,sha0
2810,sha1S
2823,sha1
2850,pas0
2874,thk1
2898,thk2
3070,tlk0
3094,tlk1
3232,sit0S
3245,sit0
3269,sit1S
3282,sit1
3306,tlk0
3324,tlk1
3353,tlk0
3382,tlk1
3411,tlk0
3429,tlk1
3787,clos
3844,clos
4128,tlk0
4146,tlk1
4172,tlk0
4190,tlk1
4216,tlk0
4234,tlk1
4260,tlk0
4278,tlk1
4304,tlk0
4322,tlk1
4348,tlk0
4366,tlk1
4392,tlk0
4410,tlk1
4436,tlk0
4454,tlk1
4481,tlk0
4499,tlk1
4525,tlk0
4543,tlk1
4569,tlk0
4587,tlk1
4613,tlk0
4631,tlk1
4657,tlk0
4675,tlk1
4701,tlk0
4719,tlk1
4745,tlk0
4763,tlk1
4789,tlk0
4807,tlk1
5357,pas0
6129,tlk0
6147,tlk1
6161,res0S
6174,res0
6188,res2S
6201,res2
6374,eton
6903,fdo1
7082,eton
7611,fdo1
10020,bind
13997,main
14017,fdo1
14038,fdi1
14055,main
14075,fdi1
20588,bind
24565,main
24585,fdo1
24606,fdi1
24623,main
24643,fdi1
31156,bind
35133,main
35153,fdo1
35174,fdi1
35191,main
35211,fdi1
41724,bind
45701,main
45721,fdo1
45742,fdi1
45759,main
45779,fdi1
52292,bind
56269,main
56289,fdo1
56310,fdi1
56327,main
56347,fdi1
64480,AuBuCuDuEuFu
65216,s006
65231,tlk0
65245,tlk0
65259,tlk1
65273,tlk1
65289,s008
65304,gak0
65318,gak0
65332,gak1
65346,gak1
65362,s009
65377,job0
65391,job0
65405,job1
65419,job1
65435,s005
65450,hap0
65464,hap0
65478,hap1
65492,hap1
65506,new0
65520,new0
65534,new1
65548,new1
65564,s007
65579,exp0
65593,exp0
65607,exp1
65621,exp1
65635,dan0S
65661,dan0S
65687,dan1S
65713,dan0S
65739,dan0S
65765,dan2S
65791,dan3S
65804,dan3
65818,dan3S
65844,dae3
65858,dae3
65934,fdo0
65975,s000
65992,fdi0
66016,fdo0
66044,fdi0
66087,fdo0
66149,s000
66166,fdi0
66204,s002
66228,s002E
66243,s001
66274,fdo0
66302,fdi0
66331,s001
66533,s000
66587,s000
66641,s000
66707,s000
66761,s000
66815,s000
66937,s000
66993,s000
67067,s001
67159,s000
68467,fdi1
68498,fdo0
68539,s000
68556,fdi0
68601,s001
68625,s000
68665,s001
68696,fdo0
68745,fdi0
68777,s002
68819,s002
69020,fdo0
69061,s000
69078,fdi0
69145,fdo0
69180,fdi0
69197,qstc
69230,fdo0
69271,s000
69288,fdi0
69333,s001
69357,s000
69397,s001
69428,fdo0
69477,fdi0
69509,s002
69551,s002
69752,fdo0
69793,s000
69810,fdi0
69877,fdo0
69912,fdi0
69929,qstc
69962,fdo0
70003,s000
70020,fdi0
70048,s002
70126,s001
70175,s000
70255,s001
70286,fdo0
70335,fdi0
70460,fdo0
70501,s000
70518,fdi0
70585,fdo0
70620,fdi0
70637,qstc
70659,fdo1
70676,fdo1F
70764,s000
70784,fdi1
70801,s005
70816,hap0
70837,hap1R
70852,s000E
70867,s001
70888,s006
70903,tlk0
70924,tlk1E
70939,fdo1
70956,fdo1R
70971,s001F
70988,fdi2
71015,s006
71030,tlk0
71069,fdo1
71086,fdo1F
71174,s000
71194,fdi1
71211,s005
71226,hap0
71247,hap1R
71262,s000E
71277,s001
71298,s006
71313,tlk0
71334,tlk1R
71349,s001E
71364,s002
71383,hap0
71402,s002E
71417,s003
71432,hap1
71451,s007
71466,exp0
71493,s003E
71508,s004
71527,exp1R
71542,s004E
71557,s005
71578,s008
71593,gak0
71612,gak1R
71627,s005E
71642,s000
71663,s000E
71678,s006
71695,s006
71714,tlk1E
71729,fdo1
71746,fdo1R
71761,s006F
71778,fdi2
71798,fdo1
71815,fdo1F
71903,s000
71923,fdi1
71940,s005
71955,hap0
71974,s000E
71989,s002
72008,hap1R
72023,s002E
72038,s003
72055,s007
72070,exp0
72097,s003E
72112,s004
72131,exp1R
72146,s004E
72161,s005
72182,s008
72197,gak0
72214,gak1R
72229,s005E
72244,s000
72265,s000E
72280,s006
72297,s006
72316,tlk1E
72331,fdo1
72348,fdo1R
72363,s006F
72380,fdi2
76005,s021
76025,tlk0+
76056,s021E
76071,s022
76106,s022E
76121,s023
76138,tlk1+
76161,tlk0+
76184,s023E
76199,s024
76232,tlk1+
76255,tla0
76273,s024E
76288,s025
76313,tla1R
76328,s025E
76343,s026
76376,s026E
76391,s027
76408,tlk0+
76442,s026E
76457,s027
76474,tlk0+
76500,s027E
76515,s028
76532,tlk1
76570,s028E
76585,s029
76618,s029E
76633,s030
76669,s029E
76684,s030
76712,s030E
76727,s031
76744,tla0+
76775,s031E
76790,s032
76807,tla1+
76838,s032E
76853,s033
76870,tlk0+
76893,tlk1+
76916,s033E
76931,s034
76948,tla0+
77010,s034E
77025,s035
77050,s035E
77065,s036
77100,s036E
77115,s037
77140,s037E
77155,s038
77184,tlk0+
77207,tlk1
77225,s038E
77240,s039
77285,s039E
77300,s040
77337,tlk0+
77360,s040E
77375,s041
77392,tlk1+
77415,tla0
77433,s041E
77448,s042
77481,s042E
77496,s043
77513,tla1+
77536,tlk0+
77559,tlk1R
77574,s043E
77589,s044
77622,s044E
77637,s045
77679,s045E
77694,s046
77740,s044E
77755,s047
77772,tla0+
77803,s047E
77818,s048
77835,tla1+
77858,tlk0
77891,s048E
77906,s049
77923,tlk1+
77966,tla0
77984,s049E
77999,s050
78033,s046R
78048,s050
78075,fdi2
78169,fdi2
78262,s047
78279,tla0
78313,s047E
78328,s048
78345,tla1+
78368,tlk0
78401,s048E
78416,s049
78433,tlk1+
78476,tla0
78494,s049E
78509,s050
78543,s050
78570,fdi2
78612,tlk0
78645,tlk1+
78688,tla0+
78784,tla0E
78799,s051
78837,s051E
78852,s052
78869,tla1+
78912,s052E
78927,s053
78944,frst
78964,ng00
79000,s053E
79015,s054
79050,s054E
79065,s055
79102,s055E
79117,s056
79134,frst
79154,ok00
79174,s056E
79189,s057
79226,s057E
79241,s058
79258,tla0+
79297,tla1
79315,tlk0
79333,s058E
79348,s059
79389,s059E
79404,s060
79460,s060E
79475,s061
79550,s061E
79565,s062
79582,tlk0+
79605,tlk1+
79628,s062E
79643,s063
79658,res0+
79679,res0R
79694,s063E
79709,s064
79724,res2+
79745,res2f
79760,tla0+
79783,s064E
79798,s065
79823,tla1+
79846,s065E
79861,s066
79878,tlk0+
79915,s066
79942,fdi2
79983,res0+
80017,res2+
80038,res2f
80053,tla0+
80084,tla1+
80107,tlk0+
80305,kill
80323,s067
80370,s067E
80385,s068
80402,frst
80422,ok00
80442,s068E
80457,s069
80482,tlk0+
80505,s069E
80520,s070
80548,s070E
80563,s071
80580,tlk1+
80603,s071E
80618,s072
80635,tla0+
80666,tla1
80684,s072E
80699,s073
80744,s073E
80759,s074
80774,cage
80792,s074E
80807,s075
80822,shge
80838,star
80874,s075E
80889,s076
80910,cage
80928,s076E
80943,s077
80958,shge
80974,star
81000,s077E
81015,s078
81056,tlk0+
81113,stop
81131,s078E
81146,s079
81171,s079E
81186,s080
81203,tla0+
81226,tla1'
81281,s080E
81296,s081
81313,pas0+
81342,pas0R
81357,s081E
81372,s082
81389,pas0
81415,pas0f
81430,tla0
81448,s082E
81463,s083
81502,s083
81529,qstc
81546,fdi2
81660,tlk0
81826,tla0+
81972,tla0+
82055,tla0+
82080,fdi0
82097,fdi0
82113,fdo0
82130,fdo0
82146,fdi1
82163,fdi1
82179,fdo1
82196,fdo1
82212,whi1
82229,whi1
82245,who1
82262,who1
82278,who2
82295,who2
82311,who3
82328,who3
82344,main
82364,fdo1
82381,fdo1
82397,fdi1
82414,main
82434,fdi1
82450,blon
82467,blon
82485,whi0
82502,whi0
82518,who0
82535,who0
82551,efon
82568,efon
82584,fdis
82602,fdos
82619,fdos
82635,fdif
82653,fdof
82670,fdof
82686,fdip
82704,fdop
82721,fdop
83836,tlk0
83850,tlk0
83866,tlk1
83880,tlk1
83896,tlk0S
83909,tlk0f
83924,tlk1S
83937,tlk1
83953,pnt0
83967,pnt0
83983,pnt1
83997,pnt1
84013,tla0
84027,tla0
84043,tla1
84057,tla1
84073,tla2
84087,tla2
84103,tlk0
84117,tlk0
84133,tlk1
84147,tlk1
84163,tlk2
84177,tlk2
84193,pas0
84207,pas0
84223,sin0
84237,sin0
84253,sin1
84267,sin1
84283,sia0
84297,sia0
84313,sia1
84327,sia1
84343,sib0
84357,sib0
84373,oou0
84387,oou0
84403,oou1
84417,oou1
84433,oou2
84447,oou2
84463,sha0
84477,sha0
84493,sha1
84507,sha1
84523,ths1
84537,ths1
84553,ths2
84567,ths2
84583,cry0
84597,cry0
84613,cry1
84627,cry1
84643,sad0
84657,sad0
84673,sad1
84687,sad1
84845,deadS
84871,corpS
84884,corp
84912,tlk0
84928,tlk0
84945,tlk1
84961,tlk1
84978,tlk0
84994,tlk0
85011,tlk1
85027,tlk1
85044,tlk2
85060,tlk2
85077,tla0
85093,tla0
85110,tla1
85126,tla1
85143,tla2
85159,tla2
85176,cry0
85192,cry0
85209,cry1
85225,cry1
85241,sad0S
85254,sad0
85271,sad1
85287,sad1
85304,thk1
85320,thk1
85337,thk2
85353,thk2
85370,tlk0
85386,tlk0
85403,tlk1
85419,tlk1
85436,pas0
85452,pas0
85601,kidl0
85688,tlk0
85735,tlk0
85787,sin0
85806,sia0
85853,sin0
85896,tlk0
85943,tlk0
86010,tlk0
86031,tlk0f
86046,tlk1
86063,tlk1f
86078,tlk0
86125,tlk0
86181,tlk0
86228,tlk0
86284,tlk0
86335,tlk0
86382,tlk0
92033,wav0
92076,kyo1
92113,kyo1
92996,kidl0
93385,tls0
93598,ten0
93621,main
93660,ten0
93823,wav0
94124,tlk0
94181,tlk1
94248,yes0+
94325,joy0
94374,joy1
94401,joy1N
94432,tlk0
94531,tls1y
94556,maru
94740,tlk0
94791,tlk1+
94827,wav0
95023,wav1
95191,s011
95219,s011
95247,s011
95275,s011
95303,s015
95331,s015
95359,s011
95387,s018
95534,s018'
95683,tls0+
95777,tls0+
95800,tls1
95876,tls0+
95948,tls1+
96030,tls1K
96093,pnt0
96453,fdi2
96982,twa0+
97013,twa1
97061,twb0+
97192,tlk0+
97301,tlk1
97342,tlk1E
97519,pas0S
97587,twb0+
97610,twb1
97679,tlk0+
97756,ys01
97773,twa0+
97804,twa1
97837,ys02
97893,ys03
97916,twa1f
97931,twb0+
97969,ys04
98009,ys05
98057,ys06
98097,ys08
98137,ys09
98154,twb1+
98192,ys10
98232,ys11
98272,ys13
98300,ys13
98338,ys30
98355,twa0+
98393,ys31
98451,ys32
98468,twa1+
98527,ys33
98544,twb0+
98600,ys34
98617,twb1+
98638,twb1+
98717,ys35
98780,ys36
98828,ys37
98845,tlk0+
98891,ys38
98908,tlk1
98934,ys38
98972,ys20
99020,ys21
99037,tlk0+
99091,ys22
99108,tlk1
99132,tlk1n
99185,ys22
99223,ys40
99240,pas0+
99299,ys41
99316,twa0+
99347,twa1
99380,ys44
99413,ys44
99482,pas0S
99525,ys51
99542,twa0+
99588,ys52
99605,twa1+
99679,fdi2
100083,pas0S
100096,pas0+
100152,twa0+
100271,twa1
100357,thk1
100423,thk2
100487,thk1
100592,thk2
100686,tlk0+
100712,tlk1
100776,fdi2
100975,s000
100992,s000
101009,s000
101032,twa0+
101055,s000Ej
101070,s001
101103,twa1Rj
101118,s001Ej
101133,s002
101181,tlk0
101199,s002Ej
101214,s003
101247,tlk1Rj
101262,s003
101285,s005
101313,s005
101333,s004
101381,s004Rj
101396,s005Ej
101411,s006
101448,s006
101489,s004Rj
101504,s005Ej
101519,s006
101536,twa0+
101559,twa1Rj
101574,s006
101618,s002Ej
101633,s006
101650,twa0+
101673,twa1Rj
101688,s006
101706,s008
101744,thk1+
101767,s008Ej
101782,s033
101791,kidl0
101834,s033Ej
101849,s009
101869,tlk0+
101900,kil0
101917,kil1
101934,s128
101951,s009Ej
101966,s010
101991,tlk1+
102012,tlk1Rj
102027,s010Ej
102042,s011
102080,twa0+
102111,s011Ej
102126,s012
102159,twa1Rj
102174,s012Ej
102189,s013
102237,s013Ej
102252,s014
102269,tlk0+
102300,tlk1
102338,s014+
102390,s013Ej
102405,s014
102422,tlk0+
102454,s014Rj
102469,s173
102497,fdi2
102632,s000
102655,twa0+
102678,twa1Rj
102693,s000
102703,A-Ej
102716,s005
102744,s005
102751,n-Ej
102764,s004
102812,tlk0
102830,s004Rj
102845,s005Ej
102860,s003
102893,tlk1
102931,s003Ej
102946,s002
103000,tlk0
103018,s004Rj
103033,s005Ej
103048,s003
103082,s002Rj
103097,s003
103124,fdi2
103505,s169
103542,wak0R
103557,s169E
103572,s170
103592,s170E
103607,s134
103624,wak1
103676,wak1'
103698,s134E
103713,s136
103730,tlk0+
103753,s136E
103768,s135
103793,tlk1R
103808,s135E
103823,s138
103859,s138E
103874,s139
103897,thk0+
103920,s139E
103935,s140
103958,thk1+
104004,s140E
104019,s141
104036,ryo0+
104059,s141E
104074,s001
104102,s001
104135,s140E
104150,s141
104167,ryo0
104245,s141E
104260,s142
104280,ryk0+
104314,s142E
104341,kidl0
104670,tlk0E
104685,s144
104721,s144E
104736,s145
104769,s145E
104784,s146
104801,tlk1+
104843,pnt0
104861,s146E
104876,s147
104901,s147E
104916,s148
104933,pnt1+
104956,yes0+
104979,s148E
104994,s149
105041,kat0+
105064,s149E
105079,s000
105107,s000
105130,s151
105158,s151
105178,s150
105199,kidl0
105236,s150R
105251,s151E
105266,s152
105283,ryo0+
105314,s152E
105329,s153
105346,ryo1+
105377,s153E
105392,s154
105430,s154E
105445,s157
105462,tlk0+
105485,tlk1
105517,s157kidl0
105719,kat0E
105734,s159
105767,s159E
105782,s160
105807,s160E
105822,s161
105839,ktk0+
105862,ktk2+
105885,s161E
105900,s162
105936,pnt0
105954,s162E
105969,s163
106002,s163E
106017,s164
106034,pnt1+
106057,s164E
106072,s165
106101,fh01+
106132,s165E
106147,s166
106164,tlk0+
106195,tlk1+
106218,s166E
106233,s167
106258,f000R
106273,s167E
106288,s168
106322,wak0
106346,s168S
106359,wak0'
106400,fdi2
106535,twa0Ej
106550,s015
106606,s015Ej
106621,s016
106661,s016Ej
106676,s017
106703,twb0+
106726,twb1
106770,s017Ej
106785,s018
106802,twa0+
106833,twa1Rj
106848,s018Ej
106863,s019
106890,thk1
106919,thk2S
106932,thk2Rj
106947,s019Ej
106962,s021
106979,tlk0+
107010,tlk1
107031,s021
107058,fdi2
107141,s000
107161,shd0
107187,s000E
107202,s001
107219,shk0
107253,s001E
107268,s002
107309,s002E
107324,s003
107373,s003E
107388,s004
107421,s004E
107436,s005
107469,s005E
107484,s006
107533,s005E
107548,s006
107582,s006
107611,fdi2
107694,shk0E
107709,s001
107745,s001E
107760,s004
107785,s004E
107800,s005
107833,s005E
107848,s006
107889,s005E
107904,s006
107938,s006
107967,fdi2
108461,w3on
108486,cup1
108504,s007
108546,s007E
108561,s008
108614,s008E
108629,s009
108662,s009E
108677,s010
108722,s010E
108737,s011
108794,s011E
108809,s012
108851,s012E
108866,s013
108898,s013E
108913,s014
108946,s014E
108961,s015
108994,s015E
109009,s016
109057,s016E
109072,s017
109097,s017E
109112,s018
109145,s018E
109160,s019
109177,fh01+
109206,s018R
109221,s019'
109264,fdi2
109360,s020
109380,tlk0+
109403,tlk1'
109438,s020E
109453,s021
109470,thk1+
109506,s021E
109521,s022
109546,thk2+
109569,s022E
109584,s023
109601,tlk0+
109632,tlk1+
109655,s023E
109670,s024
109687,thk1+
109718,s024E
109733,s025
109750,thk2+
109773,tlk0+
109810,s025
109839,fdi2
109942,s026
109970,s026E
109985,s027
110002,tlk0+6
110025,tlk1+6
110048,s027E
110063,s028
110101,s028z
110143,s029
110163,iki0
110189,s029E
110204,s030
110221,iki1y
110254,lit1+6
110277,lit2'
110312,s030E
110327,s031
110352,s031E
110367,s032
110412,s032E
110427,s033
110472,s033E
110487,s034
110512,lit2+6
110535,iki0R
110550,s034E
110565,s035
110591,iki0R
110606,s035E
110621,s036
110638,iki1y
110671,lit1+6
110694,s036E
110709,s037
110742,s037E
110757,s038
110782,s038E
110797,s039
110830,s039E
110845,s040
110862,lit2+6
110885,lit1+6
110914,s040'
110936,qstc
110967,fdi2
111142,s043
111189,s000
111223,twa0
111249,s000
111272,s021
111300,s021
111320,s022
111367,s022
111390,s006
111418,s006
111438,s005
111466,twa1
111514,s004
111554,s007
111603,s007
111626,s010
111654,s010
111674,s009
111721,s010
111747,s007
111770,s010
111798,s010
111818,s009
111865,s010
111891,s007
111909,s011
111949,s012
111969,tlk0+
112015,s013
112055,s014
112075,tlk1+
112098,s014
112121,s016
112149,s016
112169,s015
112236,s017
112253,twa0
112309,s018
112397,s018
112415,s000
112432,hon0w_
112454,s023
112495,s020
112545,s052
112579,s052
112594,kil0
112617,s024
112671,s025
112711,twa0
112763,s025
112780,twa0
112809,s025
112832,s026
112860,s026
112880,s027
112905,twa1
112953,s028
112993,s029
113015,thk1
113059,s030
113079,thk2y
113112,s030
113135,s031
113163,s031
113191,s033
113219,s033
113247,s031
113267,s032
113384,s035
113440,s035E
113487,s034
113527,s036
113578,s036
113601,s037
113629,s037
113657,s039
113685,s039
113713,s037
113733,s038
113818,s040
113848,thk1
113877,thk2y
113917,s041
113950,s041
113973,s008
114001,s008
114021,s019
114078,s042
114148,s043
114181,s043
114204,s044
114232,s044
114260,s046
114288,s046
114316,s044
114336,s045
114413,s047
114453,s048
114493,s049
114532,s043
114555,s044
114583,s044
114611,s046
114639,s046
114667,s044
114687,s045
114764,s050
114812,s051
114858,s051
114885,fdi2
115188,kam0'
115213,s001
115267,s053
115293,tlk0
115335,s054
115370,tlk1
115430,s055
115532,s055
115555,s056
115583,s056
115611,s058
115639,s058
115667,s056
115687,s057
115805,s058
115828,s061
115856,s061
115884,s063
115912,s063
115940,s061
115960,s062
116037,s059
116093,s065
116154,s064
116233,s060
116270,yra0
116320,s066
116348,s066
116371,s067
116399,s067
116427,s069
116455,s069
116483,s067
116503,s068
116580,s070
116600,yra1y
116666,tla0
116699,s071
116742,s072
116767,s072
116784,s073
116809,tla1
116827,poi0
116862,s073E
116877,s062
116910,poi1
116955,s062E
117010,s075
117038,s075
117066,s077
117094,s077
117122,s075
117142,s076
117229,s078
117251,api0
117307,s079
117368,s080
117396,kam0
117462,s080
117490,kam0
117548,s081
117577,kam1
117641,s082
117674,tlk1
117707,s083
117806,s084
117840,yrb0+
117866,yrb1
117929,s086
118058,s086w_
118083,s000
118115,s087
118156,s088
118234,s089
118254,s001
118280,s089
118295,kil0
118327,s090
118386,s091
118428,yra0
118446,s091E
118461,s063
118486,yra1R
118516,s085
118581,s092
118615,yrb0+
118649,yrb1
118689,s092
118712,s093
118740,s093
118768,s095
118796,s095
118824,s093
118844,s094
118922,s096
118955,s096
119026,s095
119082,s095
119100,s098
119148,s099
119186,tla0
119226,s100
119251,tla1
119294,s101
119335,s101
119358,s103
119386,s103
119414,s105
119442,s105
119470,s103
119490,s104
119569,s106
119603,jro0
119629,jro1
119680,s101
119703,s103
119731,s103
119759,s105
119787,s105
119815,s103
119835,s104
119884,yra0
119947,s106
119979,yra1
120045,s107
120062,tlk0+
120100,s118
120145,s119
120767,s000
120784,s119E
120799,s056
120909,s056E
120924,s061
120944,mgk0
120959,s004
120979,mgk0
120994,s004
121019,s061E
121034,s057
121069,s057E
121084,s059
121104,s059E
121151,s058
121168,mgk1
121183,s005
121203,mgk1
121218,s005
121238,s058E
121285,s060
121331,dead
121347,dead
121363,dead
121381,stop
121398,stop
121421,kil0
121498,s108
121515,tlk0
121539,tlk1
121580,s109
121614,jro0
121662,s110
121682,jro1
121738,s110
121761,s111
121789,s111
121817,s113
121845,s113
121873,s111
121893,s112
121930,tla0
121993,s114
122018,tla1
122059,poi0
122077,s114E
122092,s064
122117,poi1S
122130,poi1'
122170,s116
122198,wak0
122231,s117
122284,s117
122311,fdi2
122446,s002
122466,twa0
122492,s002E
122507,s000
122532,twa1
122550,s000E
122565,s001
122607,s001E
122622,s004
122647,s004
122670,s005
122698,s005
122726,s007
122754,s007
122782,s005
122802,s006
122843,s005R
122858,s006R
122873,s007E
122888,s008
122928,s008
122954,s005R
122969,s006R
122984,s007E
122999,s008
123047,s008
123065,s010
123082,twa0
123116,s010
123139,s011
123167,s011
123195,s013
123223,s013
123251,s011
123271,s012
123303,s011R
123318,s012R
123333,s013E
123348,s014
123365,twa1+
123391,s014E
123406,s015
123423,twb0
123457,twb1R
123472,s015E
123487,s016
123523,twa0R
123538,s016E
123553,s017
123589,twa1R
123604,s017E
123619,s018
123647,s018E
123662,s019
123709,s019
123732,s020
123760,s020
123788,s022
123816,s022
123844,s020
123864,s021
123922,s020R
123937,s021R
123952,s022
123979,fdi2
124130,s023
124217,s023E
124232,s024
124304,s024E
124319,s025
124351,fj01y
124394,s025
124417,s026
124445,s026
124473,s028
124501,s028
124529,s026
124549,s027
124602,s026R
124617,s027R
124632,s028E
124647,s066
124680,oji0
124707,s066E
124722,s029
124763,s029E
124778,s034
124803,s034E
124818,s030
124835,joy0+
124866,thk0+
124889,joy1
124907,s030E
124922,s031
124942,fh01+
124965,s031E
124980,s032
125005,oji0S
125018,oji0y
125063,s032E
125078,s033
125110,wav0
125143,thk1
125171,s033E
125186,s065
125258,s065E
125273,s035
125301,thk0+
125335,thk1
125353,s035E
125368,s036
125405,s036E
125420,s049
125446,twa0+
125472,s049
125495,s037
125523,s037
125551,s039
125579,s039
125607,s037
125627,s038
125652,twa1
125670,s037R
125685,s038R
125700,s039E
125715,s040
125740,s040E
125755,s041
125788,s041
125811,s042
125839,s042
125867,s044
125895,s044
125923,s042
125943,s043
125977,s042R
125992,s043R
126007,s044E
126022,s045
126058,s041
126081,s042
126109,s042
126137,s044
126165,s044
126193,s042
126213,s043
126247,s042R
126262,s043R
126277,s044E
126292,s045
126343,s041
126366,s042
126394,s042
126422,s044
126450,s044
126478,s042
126498,s043
126532,s042R
126547,s043R
126562,s044E
126577,s045
126628,s045E
126643,s046
126676,s046E
126691,s047
126724,s047E
126739,s048
126788,s048
126815,fdi2
126958,s000
126986,s000
127006,s001
127029,twa0+
127052,twa1
127142,s007
127159,tlk0+
127182,tlk1y
127207,s007
127230,s000
127258,s000
127278,s001
127321,s000
127347,s000
127365,s001EW
127380,s002
127397,thk1+
127438,thk2RW
127453,s002EW
127468,s003
127485,tlk0+
127516,tlk1RW
127531,s003
127554,s004
127582,s004
127602,s005
127642,tlk0+
127665,tlk1
127688,s004
127714,s004
127732,s005
127755,s008
127783,s008
127803,s009
127820,twa0+
127887,s008
127913,s008
127931,s009EW
127946,s006
127975,pas0+
128045,s006
128072,fdi2
128562,tlk0
128823,s010
128840,fri0S
128853,fri0'
128913,s010
128936,s011
128964,s011
128984,s012
129032,s011
129058,s011
129076,s012EW
129091,s013
129108,s013
129131,s011
129159,s011
129179,s012
129227,s011
129253,s011
129271,s012EW
129286,s014
129303,std0'
129328,s014
129353,s015
129373,s015
129396,s016
129424,s016
129444,s017
129470,fri1
129496,s016
129522,s016
129540,s017EW
129555,s018
129575,tlk0+
129601,tlk1RW
129616,s018EW
129631,s019
129683,s019EW
129698,s020
129715,fh01+
129741,f000y
129766,s020EW
129781,s021
129805,kat0+
129854,s021EW
129869,s022
129886,ktk0+
129912,ktk1
129963,s022EW
129978,s023
129995,ktk0+
130021,ktk1
130039,s023EW
130054,s022
130084,s022EW
130099,s024
130121,thk0+
130147,s024EW
130162,s025
130179,ryo0+
130213,ryo1
130238,s025EW
130253,s026
130338,s026EW
130353,s027
130389,tlk0+
130415,tlk1
130452,s027
130475,tlk0+
130501,tlk1
130519,fh01+
130545,f000
130579,fh00EW
130594,s027
130632,tlk0+
130673,tlk1S
130701,f000
130821,s027EW
130836,s028
130853,tlk0+
130895,tlk1
130913,s028EW
130928,s029
130945,fh01+
130991,s028RW
131006,s029
131040,s027
131063,s088
131091,s088
131111,s030
131185,s088
131211,s088
131229,s030EW
131244,s031
131301,s031EW
131316,s032
131369,s032EW
131384,s027
131407,s027EW
131422,s033
131489,s033EW
131504,s034
131535,tlk0+
131561,tlk1
131579,s034EW
131594,s035
131611,fh01+
131634,fh01#
131653,f000
131678,s035EW
131693,s036
131711,f000+
131737,s036EW
131752,boff
131769,boffRW
131899,s037
131939,s037C
132059,s048
132085,s048
132103,s049EW
132118,s050
132182,fh01+
132208,f000
132226,s050
132249,s044
132277,s044
132297,s045
132336,s048
132362,s048
132380,s049
132403,s046
132420,yes0+
132446,s046EW
132461,s047
132478,pnt0+
132558,pnt1RW
132573,s047EW
132588,boff
132605,boff
132623,s050
132687,fh01+
132713,f000
132731,s050
132754,s044
132782,s044
132802,s045
132859,s044
132885,s044
132903,s045
132926,s048
132954,s048
132974,s049
133026,s046
133043,yes0+
133069,s046EW
133084,s047
133101,pnt0+
133181,pnt1RW
133196,s047EW
133211,boff
133228,boff
133246,s050
133310,fh01+
133336,f000
133354,s050
133377,s044
133405,s044
133425,s045
133462,s038
133492,kat0+
133529,kat0+
133566,kat0+
133603,kat0+
133640,kat0+
133691,kat1
133720,kat1
133749,kat1
133778,kat1
133807,kat1
133828,s038EW
133843,s039
133860,pnt0
133887,pnt1RW
133902,s039
133925,s040
133953,s040
133973,s041
134001,s040
134027,s040
134045,s041
134068,s042
134096,s042
134116,s043
134166,s042
134192,s042
134210,s043
134233,s044
134261,s044
134281,s045
134326,s044
134352,s044
134370,s045EW
134385,s038
134423,ryo0+
134460,thk0+
134497,ryo0+
134534,ryo0+
134579,kat0+
134616,kat0+
134653,thk0+
134690,thk0+
134749,ryo1
134778,thk1
134807,ryo1
134836,ryo1
134868,kat1
134897,kat1
134926,thk1
134955,thk1
134976,s038
135014,s039
135042,ss39
135088,pnt0
135118,pnt1
135144,s039
135170,ss39
135204,s040
135232,ss40
135271,s040
135299,ss40
135330,s041
135358,ss41
135397,s040
135423,ss40
135460,s040
135486,ss40
135515,s041
135541,ss41
135575,s042
135603,s042
135623,s043
135673,s042
135699,s042
135717,s043
135754,s046
135771,yes0+
135797,s046EW
135812,s047
135829,pnt0+
135909,pnt1RW
135924,s047EW
135939,boff
135956,boff
135982,s046
135999,yes0+
136025,s046EW
136040,s047
136057,pnt0+
136116,pnt1RW
136131,s047EW
136146,boff
136163,boff
136197,s044
136225,s044
136245,s045
136302,s051
136379,s021
136410,s022
136448,s051
136878,s044
136904,s044
136922,s045
136945,s048
136973,s048
136993,s049
137704,s044
137730,s044
137748,s045
137771,s048
137799,s048
137819,s049
138255,s044
138281,s044
138299,s045EW
138314,s054
138331,kat0+
138357,ktk0+
138389,s054
138551,orz0
138577,orz0
138603,orz0
138629,orz0
138655,orz0
138681,orz0
138707,orz0
138733,orz0
138764,s055
138787,ryo0+
138813,ryk0+
138845,s055
138900,fdi2
139139,s056
139162,kat0+
139188,ktk0+
139214,ktk2
139232,s056
139255,s083
139283,s083
139303,s057
139346,tlk0+
139372,tlk1
139398,s083
139424,s083
139442,s057EW
139457,s058
139474,thk0
139524,thk1
139542,s058EW
139557,s059
139639,s059EW
139654,s060
139671,fh01+
139697,f000J
139721,s060
139744,s061
139772,s061
139792,s062
139838,s061
139864,s061
139882,s062
139905,s063
139933,s063
139953,s064
139977,kat0+
140003,ktk0+
140029,ktk2
140064,s063
140090,s063
140108,s064EW
140123,s065
140160,tlk0+
140186,tlk1
140216,s065EW
140231,s066
140269,s066EW
140284,s067
140301,tlk0+
140327,tlk1
140382,s067EW
140397,s068
140429,kat0+
140455,ktk0+
140742,yug0
140757,s000
140774,fi00RW
140789,s068EW
140804,s089
140843,poi1
140861,s089EW
140876,s090
140896,s090EW
140911,s091
140934,s091EW
140949,boff
140966,boffkidl0
140979,kidl0
141007,s084
141035,s084
141055,s070
141113,s068EW
141128,s089
141163,poi1
141181,s089EW
141196,s092
141216,s092EW
141231,s093
141254,s093EW
141269,boff
141286,boffkidl0
141299,kidl0
141335,s084
141361,s084
141379,s070EW
141394,s071
141414,ktk0+
141440,ktk1
141458,s071
141481,s084
141509,s084
141529,s070
141578,s068EW
141593,s089
141628,poi1
141646,s089EW
141661,s090
141681,s090EW
141696,s091
141719,s091EW
141734,boff
141751,boff
141766,kil0
141813,s068EW
141828,s089
141851,s089EW
141866,s094
141901,uep0
141922,s094EW
141937,boff
141954,boffkidl0
141967,kidl0
142003,s084
142029,s084
142047,s070EW
142062,s072
142082,ktk0+
142108,ktk1
142126,s072
142149,s084
142177,s084
142197,s070
142235,s084
142261,s084
142279,s070x
142308,s085
142336,s085
142356,s073
142376,ktk0+
142402,ktk1
142458,s085
142484,s085
142502,s073EW
142517,s074
142534,ktk0+
142560,ktk1
142578,s074
142601,s085
142629,s085
142649,s073
142687,s085
142713,s085
142731,s073EW
142746,s075
142763,ryo0+
142789,ryk0+
142815,ryo1
142833,s075EW
142848,s076
142865,tlk0+
142891,tlk1
142909,s076EW
142924,s077
142964,tlk0+
142990,tlk1
143008,s077EW
143023,s078
143040,ryo0+
143074,ryo1
143092,s078
143115,s086
143143,s086
143163,s079
143180,tlk0+
143222,tlk1
143248,s086
143274,s086
143292,s079EW
143307,s087
143322,tlk1'
143391,s087EW
143406,s080
143423,thk0
143476,thk1
143503,s080
143526,s081
143554,s081
143574,s082
143636,ktk0+
143676,s081
143702,s081
143720,s082
143747,fdi2
143921,m101
143938,m101
143964,m102
143981,m102
144007,m103
144024,m103
144050,m104
144067,m104
144093,m105
144110,m105
144136,m106
144153,m106
144179,m107
144196,m107
144222,m108
144239,m108
144265,m109
144282,m109
144308,m110
144325,m110
144351,m111
144368,m111
144386,m112
144403,m112
144437,m201
144454,m201
144480,m202
144497,m202
144523,m203
144540,m203
144566,m204
144583,m204
144609,m205
144626,m205
144652,m206
144669,m206
144695,m207
144712,m207
144738,m208
144755,m208
144781,m209
144798,m209
144824,m210
144841,m210
144867,m211
144884,m211
144902,m212
144919,m212
144953,m301
144970,m301
144996,m302
145013,m302
145039,m303
145056,m303
145082,m304
145099,m304
145125,m305
145142,m305
145168,m306
145185,m306
145211,m307
145228,m307
145254,m308
145271,m308
145297,m309
145314,m309
145340,m310
145357,m310
145383,m311
145400,m311
145418,m312
145435,m312
145469,m401
145486,m401
145512,m402
145529,m402
145555,m403
145572,m403
145598,m404
145615,m404
145641,m405
145658,m405
145684,m406
145701,m406
145727,m407
145744,m407
145770,m408
145787,m408
145813,m409
145830,m409
145856,m410
145873,m410
145899,m411
145916,m411
145934,m412
145951,m412
145985,m501
146002,m501
146028,m502
146045,m502
146071,m503
146088,m503
146114,m504
146131,m504
146157,m505
146174,m505
146200,m506
146217,m506
146243,m507
146260,m507
146286,m508
146303,m508
146329,m509
146346,m509
146372,m510
146389,m510
146415,m511
146432,m511
146450,m512
146467,m512
146501,m601
146518,m601
146544,m602
146561,m602
146587,m603
146604,m603
146630,m604
146647,m604
146673,m605
146690,m605
146716,m606
146733,m606
146759,m607
146776,m607
146802,m608
146819,m608
146845,m609
146862,m609
146888,m610
146905,m610
146931,m611
146948,m611
146966,m612
146983,m612
147002,s052
147054,s052A
147103,s053
147133,tlk0+
147159,tlk1
147193,fh01
147211,tlk0+
147237,tlk1
147255,f000
147281,fh01
147299,tlk0+
147325,tlk1
147343,f000
147380,fh01
147398,tlk0+
147424,tlk1
147442,f000
147468,fh01
147486,tlk0+
147512,tlk1
147530,f000
147556,fh01
147574,tlk0+
147600,tlk1
147618,f000
147655,fh01
147673,tlk0+
147699,tlk1
147717,f000
147743,fh01
147761,tlk0+
147787,tlk1
147805,f000
147831,fh01
147849,tlk0+
147875,tlk1
147893,f000
147948,s053
148139,s100
148167,s100
148187,s101
148210,twa0+
148233,twa1
148295,s100
148321,s100
148339,s101
148398,s100
148424,s100
148442,s101EW
148457,s102
148474,tlk0+
148497,tlk1y
148522,s102
148545,s100
148573,s100
148593,s101
148664,s100
148690,s100
148708,s101EW
148723,s103
148788,s103
148811,s100
148839,s100
148859,s101
148889,s104
148906,tlk0+
148957,s104EW
148972,s105
148989,thk1+
149012,thk2'
149037,s105EW
149052,s106
149147,s106EW
149162,s107
149179,tlk0+
149202,tlk1
149227,s107EW
149242,s108
149353,s108EW
149368,s110
149391,fa01+
149422,fd00
149440,f000J
149464,s110EW
149479,s113
149502,ksi0+
149525,ksi1
149543,s113EW
149558,s114
149613,s114EW
149628,s115
149645,tlk0+
149668,tlk1
149701,tla0+
149739,ase3RW
149754,s115EW
149769,s116
149794,s116EW
149809,s117
149826,ksi0+
149849,ksi1RW
149864,s117EW
149879,s118
149896,ase3+
149919,s118EW
149934,s119
149951,tla0+
149994,ase2+
150017,f000J
150041,s119
150064,s121
150092,s121
150112,s120
150135,iat0+
150158,iat1n
150201,s121
150227,s121
150245,s120EW
150260,s122
150277,sis0+
150303,s122
150330,fdi2
150460,s174
150483,twa0+
150504,twa0f
150519,twa1S
150532,twa1
150596,s097
150636,s096
150689,s096E
150704,s175
150752,s175
150778,s095
150806,s095
150834,s095
150854,s176
150871,twa0+
150892,twa0
150913,s095R
150928,s176
150957,fdi2
151092,s050
151120,s050E
151135,s051
151152,twb0+
151186,twb1
151204,s051E
151219,s052
151277,s052
151318,s052
151336,s053
151384,s053E
151399,s054
151421,thk0+
151447,thk1+
151470,s054E
151485,s055
151526,s055
151553,fdi2
151572,fdi0
151589,fdi0
151605,fdo0
151622,fdo0
151638,fdi1
151655,fdi1
151671,fdo1
151688,fdo1
151704,whi1
151721,whi1
151737,who1
151754,who1
151770,who2
151787,who2
151803,who3
151820,who3
151836,main
151856,fdo1
151873,fdo1
151889,fdi1
151906,main
151926,fdi1
151942,blon
151959,blon
151977,whi0
151994,whi0
152010,who0
152027,who0
152043,efon
152060,efon
152076,fdis
152094,fdos
152111,fdos
152127,fdif
152145,fdof
152162,fdof
152178,fdip
152196,fdop
152213,fdop
153925,s179
153948,twa0+
153971,twa1R
153986,s179
154009,s181
154037,s181
154057,s180
154105,s180R
154120,s181E
154135,s182
154152,tlk0+
154201,s180R
154216,s181E
154231,s182
154248,tlk0+
154274,tlk1
154292,s182E
154307,s184
154332,s184E
154347,s183
154364,twa0+
154395,twa1
154447,s183E
154462,s185
154479,twa0
154505,twa1R
154520,s185E
154535,s187
154550,twa1
154576,s183E
154591,s186
154608,tlk0
154639,tlk1R
154654,s186E
154669,s187
154684,tlk1
154707,thk0
154736,s187E
154780,fdi2
154915,s000
154935,twa0+
154958,s000E
154973,s175
154998,s175E
155013,s177
155038,s177E
155053,s191
155070,twa1
155096,s191E
155111,s178
155151,s178
155178,fdi2
155318,s072
155341,main
155381,s073
155418,s073
155441,s075
155469,s075
155489,s074
155579,s076
155645,s077
155703,s078
155720,tlk0+
155766,s079
155783,tlk1+
155814,s079
155837,s075
155865,s075
155885,s074
155933,main
155983,s080
156076,s080
156169,s080
156224,s081
156241,tlk0+
156295,s082
156312,tlk1+
156358,s083
156425,s084
156442,tlk0+
156480,kidl0
156590,s085
156610,efon
156656,s086
156719,s087
156871,s088
156925,s089
156942,thk2+
156980,s090
157052,s091
157131,iat0
157164,s092
157201,thk1+
157252,s093
157269,fc01kidl0
157316,s094
157345,f000
157386,iat1
157419,s095
157491,s096
157531,s097
157602,sas0+
157628,f000
157649,sas1
157691,s098
157716,tlk0+
157762,s099
157807,tlk1+
157853,s100
157916,s196
157933,tlk0+
158010,s101
158043,kidl0
158081,s000
158139,s000
158162,s195
158190,s195
158210,s194
158286,s195
158313,s196
158341,fdi2
158483,s000
158506,thk0E
158521,s102
158541,fdi1
158558,thk1+1
158581,s102E
158596,s103
158620,thk2
158650,tlk0+1
158681,s103E
158696,s104
158729,tlk1+1
158752,s104E
158767,s105
158808,s105E
158823,s106
158848,s106E
158863,s107
158888,s107E
158903,s108
158925,thk1
158959,s108E
158974,s109
159001,thk2+1
159038,s109
159053,kil0
159089,fdi2
159245,s110
159265,fdi1
159324,s111
159359,tlk0+
159422,s112
159505,s113
159562,s114
159629,tlk0+
159682,s115
159707,s115
159730,s117
159758,s117
159778,s116
159795,kya0+
159816,kya0J
159843,tlk0+
159911,s118
159967,tlk0+
160028,s119
160075,tlk0+
160136,s120
160171,tlk0+
160232,s121
160284,s122
160313,tlk0+
160359,s123
160376,tlk1+
160450,s124
160467,ji0s
160484,s003
160558,s125
160598,s126
160618,ji0k
160635,st03
160675,s127
160747,s128
160764,thk1+
160825,s129
160868,tlk0+
160914,s130
160987,tlk0+
161025,s131
161098,s132
161145,tlk0
161193,s133
161256,s134
161319,s135
161356,tlk0+
161420,s135
161460,s135
161487,s135
161514,fdi2
161629,s112
161649,fdi1
161666,tlk0+
161689,tlk1R
161704,s112E
161719,s113
161762,s113
161789,fdi2
161879,s136
161899,fdi1
161916,tlk0+1
161947,tlk1'
161982,s136E
161997,s137
162022,s137E
162037,s138
162059,thk1+1
162098,s138E
162113,s139
162159,s139E
162174,s140
162191,thk2y
162224,tlk0+1
162247,s140E
162262,s141
162295,s141E
162310,s142
162327,tlk1
162361,s142E
162376,s143
162406,thk1
162432,s143E
162447,s144
162474,thk2+1
162497,tlk0+1
162526,s144
162553,fdi2
162754,s145
162795,s145E
162810,s146
162827,ude0+
162858,s146
162881,s148
162909,s148
162929,s147
162946,tlk0+
162969,tlk1
163019,s147R
163034,s148E
163049,s149
163076,ude1+
163119,s149
163142,s150
163170,s150
163190,s072
163250,s150R
163265,s072E
163280,s151
163305,s151E
163320,s152
163345,s152
163395,s150R
163410,s072E
163425,s153
163454,fc01+
163489,nok0R
163504,s153E
163519,s154
163548,f000
163577,s154E
163592,s155
163636,sas0+
163682,s155E
163697,s156
163714,f000
163735,sas1
163770,pas0+
163793,s156E
163808,s157
163825,ude0+
163862,s157
163890,fdi2
164091,s158
164114,tlk0+
164145,tlk1'
164170,s158E
164185,s159
164257,tlk0+
164280,tlk1R
164295,s159E
164310,s160
164513,fi01R
164528,s160E
164543,s161
164568,s161E
164583,s160
164612,f000
164654,s160E
164669,s162
164686,tlk0+
164717,s162E
164732,s163
164749,tlk1+
164780,s163E
164795,s164
164828,s164E
164843,s165
164901,tlc0+
164924,s165E
164939,s166
164972,s166E
164987,s167
165010,tlc1
165051,yes0+
165074,s167
165094,s168
165142,s168E
165157,s169
165174,tlk0+
165205,tlk1R
165220,s169
165243,s171
165271,s171
165291,s170
165325,sas0+
165348,s170R
165363,s171E
165378,s172
165403,sas1
165423,s172
165465,tlc0
165500,s168E
165515,s173
165540,s173E
165555,s174
165561,kidl0
165607,s174E
165622,s175
165647,yes0+
165670,s175E
165685,s176
165717,s176E
165732,s177
165808,s177E
165823,s178
165845,sas0+
165886,sas1
165917,s178E
165932,s179
165957,s179E
165972,s180
165989,tlk0+
166020,tlk1
166058,s180E
166073,s181
166090,tlk0+
166129,tlk1R
166144,s181E
166159,s182
166202,s182E
166217,s183
166234,tlk0+
166257,tlk1R
166272,s183
166303,s182E
166318,s184
166335,tlk0+
166366,tlk1R
166381,s184E
166396,s185
166446,tlk0+
166469,s185E
166484,s186
166509,tlk1
166527,s186E
166542,s187
166594,thk1+
166617,s187E
166632,s188
166649,thk2+
166692,s188E
166707,s189
166724,tlk0+
166755,tlk1+
166778,s189E
166793,s190
166830,tlk0+
166859,s190
166903,s191
166938,tlk0+
166967,s191E
166982,s192
166999,tlk1+
167041,s192E
167056,s193
167116,s193
167169,fdi2
167299,s165
167342,s165EU
167357,s166
167374,tlk0+
167405,s166EU
167420,s167
167437,tlk1+
167480,s167EU
167495,s168
167538,s168
167565,fdi2
167702,s088
167760,s089
167777,tlk0+
167846,s090
167883,s090
167924,s091
167941,tlk0+
167995,s091
168013,s092
168076,s092
168099,s094
168127,s094
168147,s093
168210,s095
168300,s095
168387,s096
168404,tlk0+
168473,s097
168490,ji0s
168507,s003
168582,s098
168623,thk1+
168661,s099
168678,ji0k
168695,st03
168732,thk2
168765,s100
168791,tlk0+
168852,s101
168869,thk1+
168892,thk2+
168930,s102
168947,tlk0+
168984,s102
169011,fdi2
169030,fdi0
169047,fdi0
169063,fdo0
169080,fdo0
169096,fdi1
169113,fdi1
169129,fdo1
169146,fdo1
169162,whi1
169179,whi1
169195,who1
169212,who1
169228,who2
169245,who2
169261,who3
169278,who3
169294,main
169314,fdo1
169331,fdo1
169347,fdi1
169364,main
169384,fdi1
169400,blon
169417,blon
169435,whi0
169452,whi0
169468,who0
169485,who0
169501,efon
169518,efon
169534,fdis
169552,fdos
169569,fdos
169585,fdif
169603,fdof
169620,fdof
169636,fdip
169654,fdop
169671,fdop
170650,s000
170670,fdi1
170688,tlk0
170712,tlk0f
170727,tlk1R
170742,s000E
170757,s001
170790,s001E
170805,s002
170842,sas0+
170863,sas0f
170878,sas1R
170893,s002
170914,s001E
170929,s003
170947,tlk0
170979,tlk0f
170994,tlk1R
171009,s003E
171024,s004
171050,thk1
171074,thk1f
171089,thk2+
171112,s004E
171127,s005
171205,s005E
171220,s006
171269,s006E
171284,s007
171314,tlk0
171338,tlk0f
171353,tlk1R
171368,s007
171391,s009
171419,s009
171439,s008
171487,s008R
171502,s009E
171517,s010
171554,s010
171598,s008R
171613,s009
171631,s011
171668,s011E
171683,s012
171701,tlk0
171733,tlk0f
171748,tlk1
171769,s012
171796,fdi2
171884,s174
171904,fdi1
171934,s174E
171949,s013
171994,tlk0+
172017,tlk1R
172032,s013E
172047,s014
172101,thk0
172119,s014E
172134,s015
172165,thk1R
172180,s015E
172195,s016
172251,s014E
172266,s016
172283,yes0+
172317,s016E
172332,s017
172365,s017E
172380,s018
172426,s018E
172441,s019
172464,thk0+
172515,thk1
172533,s019E
172548,s020
172592,tlk08
172624,tlk0
172651,fj01
172669,tlb2R
172684,s020E
172699,s021
172732,tlb1
172750,s021E
172765,s022
172793,fj00R
172808,s022E
172823,s023
172856,fh01
172874,s023E
172889,s024
172907,yes0P
172943,fh01
172961,s023E
172976,s024
172994,yes0P
173044,fh00
173065,s024
173092,fdi2
173835,tls0
173880,fdi1
173997,s024
174053,wav0P
174122,wav0
174149,fh01
174168,s024E
174183,s204
174208,fh00U
174223,s204'
174254,bik0E
174269,s023
174316,f000
174348,s023E
174363,s022
174369,kidl0
174538,s022E
174553,s025
174570,oji0+
174596,s025E
174611,s026
174657,fh01
174675,yes0+
174698,s026E
174713,s027
174730,tlk0+
174761,s027E
174776,s028
174809,s028E
174824,s029
174857,tlk1+
174880,s029E
174895,s030
174912,maru+
174943,s030E
174958,s031
174991,s031E
175006,s032
175023,yes0+
175046,tlk0R
175061,s032
175087,s031E
175102,s032
175119,tlk0+
175142,s032
175160,s033
175193,tlk1R
175208,s033
175231,s035
175259,s035
175279,s034
175425,ff01
175443,s034R
175458,s035E
175473,s036
175498,s036
175521,s035
175549,s035
175569,s034
175586,fh01
175685,s034R
175700,s035E
175715,s037
175732,tlk0+
175763,tlk1R
175778,s037E
175793,s038
175853,s038E
175868,s039
175886,joy0
175933,fh00
175951,joy1
175969,s039E
175984,s040
176001,fh01
176019,maru+
176042,s040
176065,s035
176093,s035
176113,s034
176146,s034R
176161,s035E
176176,s032
176193,tlk0+
176227,s034R
176242,s035E
176257,s032
176274,tlk0+
176308,s032E
176323,s041
176329,kidl0
176382,tlk1+
176405,wav0+
176431,fh00
176562,s041E
176577,s042
176603,wav1+
176659,tkt0
176677,s042E
176692,s043
176730,s043z
176795,fdi2
176814,fdi0
176831,fdi0
176847,fdo0
176864,fdo0
176880,fdi1
176897,fdi1
176913,fdo1
176930,fdo1
176946,whi1
176963,whi1
176979,who1
176996,who1
177012,who2
177029,who2
177045,who3
177062,who3
177078,main
177098,fdo1
177115,fdo1
177131,fdi1
177148,main
177168,fdi1
177184,blon
177201,blon
177219,whi0
177236,whi0
177252,who0
177269,who0
177285,efon
177302,efon
177318,fdis
177336,fdos
177353,fdos
177369,fdif
177387,fdof
177404,fdof
177420,fdip
177438,fdop
177455,fdop
177639,tlk0
178944,tlk0
180125,wav1
180172,joy0
180212,tlk0
180230,maru
180286,joy0
180304,joy1
180330,wav0
180359,wav1
181844,tlk0
181858,tlk0
181874,yes0
181888,yes0
181904,pas0
181918,pas0
181934,pas1
181948,pas1
182304,pnt0
182320,pnt0
182339,pnt1
182355,pnt1
182784,btl0
182802,kbts
182818,std0
182844,mgk0
182860,std0
182886,ika0
182904,kiks
182920,std0
183531,Ingrid
184036,Guilberien
184095,Guilberien
184372,Estienneux
184784,std0
185662,clos
185770,sha0
185833,f000
185847,f000
185863,f001
185877,f001
185893,fa00
185907,fa00
185923,fa01
185937,fa01
185953,fh00
185967,fh00
185983,fh01
185997,fh01
186013,tlk0
186027,tlk0
186043,tlk1
186057,tlk1
186073,thk0
186087,thk0
186103,thk1
186117,thk1
186133,yes0
186147,yes0
186163,non0
186177,non0
186193,mjk0
186207,mjk0
186223,mjk1
186237,mjk1
186253,yro0
186267,yro0
186283,yro1
186297,yro1
186313,sha0
186327,sha0
186343,sha1
186357,sha1
186800,fdi0
186817,fdi0
186833,fdo0
186850,fdo0
186866,fdi1
186883,fdi1
186899,fdo1
186916,fdo1
186932,whi1
186949,whi1
186965,who1
186982,who1
186998,who2
187015,who2
187031,who3
187048,who3
187064,main
187084,fdo1
187101,fdo1
187117,fdi1
187134,main
187154,fdi1
187170,blon
187187,blon
187205,whi0
187222,whi0
187238,who0
187255,who0
187271,efon
187288,efon
187304,fdis
187322,fdos
187339,fdos
187355,fdif
187373,fdof
187390,fdof
187406,fdip
187424,fdop
187441,fdop
187870,tlk0
187888,tlk1
187906,tlk0
187924,tlk1
187942,tlk0
187960,tlk1
187978,tlk0
187996,tlk0
188012,tlk1f
188432,tlk1f
188447,tls1
188465,tlk0
188483,ten1
188501,tls0
188519,tlk1
189077,dis0
189131,pas0
189303,qstc
189481,pas0
189560,pas0
189634,qstc
198934,s000
198966,s000
198981,stp0
198999,main
199028,fdo1
199045,fdo1
199061,kila
199078,fdi1
199095,fdi1
199110,main
208418,s000
208450,s000
208465,stp0
208483,main
208512,fdo1
208529,fdo1
208545,kila
208562,fdi1
208579,fdi1
208594,main
217898,s000
217930,s000
217945,stp0
217963,main
217992,fdo1
218009,fdo1
218025,kila
218042,fdi1
218059,fdi1
218074,main
227378,s000
227410,s000
227425,stp0
227443,main
227472,fdo1
227489,fdo1
227505,kila
227522,fdi1
227539,fdi1
227554,main
236858,s000
236890,s000
236905,stp0
236923,main
236952,fdo1
236969,fdo1
236985,kila
237002,fdi1
237019,fdi1
237034,main
246338,s000
246370,s000
246385,stp0
246403,main
246432,fdo1
246449,fdo1
246465,kila
246482,fdi1
246499,fdi1
246514,main
255818,s000
255850,s000
255865,stp0
255883,main
255912,fdo1
255929,fdo1
255945,kila
255962,fdi1
255979,fdi1
255994,main
265298,s000
265330,s000
265345,stp0
265363,main
265392,fdo1
265409,fdo1
265425,kila
265442,fdi1
265459,fdi1
265474,main
274778,s000
274810,s000
274825,stp0
274843,main
274872,fdo1
274889,fdo1
274905,kila
274922,fdi1
274939,fdi1
274954,main
463882,bob0
463905,tlk0
463923,tlk1
463964,op2C
463996,thk1
464014,thk2
503476,tlk0
503502,fdo1
503519,fdo1F
503583,s000
503603,fdi1
503635,s000E
503650,s001
503667,tlk0
503690,s001E
503705,s002
503722,tlk1
503741,thk1
503760,fdo1
503777,fdo1R
503792,s002F
503809,fdi2
503836,tlk0
504020,tlk0
504046,fdo1
504063,fdo1F
504132,s003
504152,fdi1
504172,tlk0
504191,tlk1
504209,s003E
504224,s004
504257,tlk0
504276,tlk1R
504291,s004E
504306,s005
504343,s005E
504358,s006
504375,tlk0
504398,fdo1
504415,fdo1R
504430,s006F
504447,fdi2
504474,tlk0
505052,tlk0
505105,pas0
505216,Zunmimi
505261,Ari-Barali
505314,tlk0
505328,tlk0f
505343,tlk1S
505356,tlk1
505372,thk1
505386,thk1
505402,thk2
505416,thk2
505432,shk0
505446,shk0
505462,dis0
505476,dis0
505492,poi0
505506,poi0
505522,pas0
505536,pas0
505552,syu0
505566,syu0
505582,wav0
505596,wav0
505612,ehn0
505650,ehn1
505664,ehn1
505680,msu0
505694,msu0
505710,msu1
505748,ghn1
505762,ghn1
505778,iro0
505792,iro0
505808,wai0
505822,wai0
505838,bik0
505852,bik0
505868,bik1
505882,bik1
505898,gkr0
505912,gkr0
505928,gkr1
505942,gkr1
505958,ohh0
505996,shk0S
506009,shk0f
506024,zit0
506040,zit0
506054,zit0
506158,deadS
506171,dead
506196,cabk
506210,cabk
506226,spef
506240,spef
506256,okir
506270,okir
506286,usi0
506300,usi0
506316,usi1
506330,usi1
506346,teh0
506360,teh0
506376,teh1
506390,teh1
506406,mdq0
506420,mdq0
506436,mdq3
506450,mdq3
506839,openJ
506874,clos
507297,openK
507385,clos
507440,sha0
508031,Chalvava
508101,Logan
508127,Borghest
512421,fdo1
512438,fdo1F
512502,s000
512522,fdi1
512567,s000E
512582,s001
512599,tlk0+
512630,fdo1
512647,fdo1R
512662,s001F
512687,fdi2
512716,fdo1
512733,fdo1F
513019,s005
513039,fdi1
513064,s005E
513079,s006
513096,tlk0+
513119,tlk1'
513164,s006E
513179,s007
513230,tlk0R
513245,s007E
513260,s008
513285,tlk1R
513300,s008E
513315,s009
513340,s008'
513365,s010
513390,s010E
513405,s011
513508,s011E
513523,s012
513580,s012E
513595,s013
513612,tlk0+
513635,tlk1J
513670,s013E
513685,s014
513742,s014E
513757,s015
513794,s015E
513809,s016
513856,s016E
513871,s017
513906,s017E
513921,s018
513978,tlk0+
514001,tlk1R
514016,s018E
514031,s019
514098,s019E
514113,s020
514170,s020E
514185,s021
514268,jim1+
514291,s021E
514306,s022
514373,s022E
514388,s023
514413,s023E
514428,s024
514463,s024E
514478,s025
514495,tlk0+
514533,jim0+
514564,std0R
514579,s025E
514594,s026
514631,s026E
514646,s027
514670,jim0+
514719,s027E
514734,s028
514751,std0
514782,s028E
514797,s029
514835,tlk0+
514858,s029E
514873,s030
514906,fdo1
514923,fdo1R
514938,s030wT
514952,kidl0
515094,s000
515111,s230
515131,mab0E
515146,fdi1
515183,s230E
515198,s231
515243,s231E
515258,s232
515275,mab1
515294,fdo1
515311,fdo1R
515326,s232
515341,kil0
515354,kidl0
515490,thk1
515508,s229
515528,efon
515545,efon+
515592,fdo1
515609,fdo1R
515624,s229xN
515641,kidl0
515650,kidl0
515722,tlk0E
515737,s032
515757,fdi1
515813,s032E
515828,s219
515865,fdo1
515882,fdo1R
515897,s219F
515917,fdi2
515939,s032E
515954,s033
515971,tlk0+
515994,tlk1'
516029,s033E
516044,s034
516081,fdo1
516098,fdo1R
516113,s034
516135,fdi2
516160,fdo1
516177,fdo1F
516254,tlk0E
516269,s032
516289,fdi1
516345,s032E
516360,s219
516397,fdo1
516414,fdo1R
516429,s219F
516449,fdi2
516471,s032E
516486,s033
516503,tlk0+
516526,tlk1'
516561,s033E
516576,s034
516613,fdo1
516630,fdo1R
516645,s034
516667,fdi2
516687,fdo1
516704,fdo1F
516768,s035
516788,fdi1
516805,tlk0+
516828,tlk1
516846,s035E
516861,s036
516893,pnt0
516931,fdo1
516948,fdo1R
516963,s036z
517018,s037
517038,fdi1
517076,s037E
517091,s038
517144,s038E
517159,s039
517184,fdo1
517201,fdo1R
517216,s039
517313,bed0
517338,s040
517358,fdi1
517385,s040E
517400,s041
517433,bed1+
517456,bed2R
517471,s041E
517486,s042
517524,s042E
517539,s043
517556,bed1+
517587,s043E
517602,s044
517645,s044E
517660,s045
517721,s045E
517736,s046
517753,ita0+
517774,ita0R
517789,s046E
517804,s047
517821,ita1+
517842,ita1E
517857,fdo1
517874,fdo1R
517889,s0475
517978,s048
517998,fdi1
518024,s048E
518039,s049
518105,tlk0+
518128,tlk1'
518163,s049E
518178,s050
518195,tlb0+
518226,s050E
518241,s051
518258,tlk1+
518297,s051E
518312,s052
518329,tlk0+
518363,s051E
518378,s052
518395,tlk0
518421,tlk1R
518436,s052E
518451,s053
518476,s053E
518491,s054
518518,fdo1
518535,fdo1R
518550,s054F
518567,fdi2
518587,fdo1
518604,fdo1F
518725,tlk0E
518740,s055
518760,fdi1
518788,s055E
518803,s056
518828,tlk1'
518863,s056E
518878,s057
518915,s057E
518930,s058
518967,s058E
518982,s059
519029,s059E
519044,s060
519061,tlk0+
519092,tlk1+
519135,s060E
519150,s061
519198,s061E
519213,s062
519230,tlk0+
519261,tlk1N
519287,jim0R
519302,s062E
519317,s063
519342,std0R
519357,s063E
519372,s064
519407,s064E
519422,s065
519439,tlk0+
519462,tlk1y
519507,s065E
519522,s066
519559,s066E
519574,s067
519609,s067E
519624,s068
519693,s068E
519708,s069
519725,std0+
519748,s069E
519763,s070
519801,jim0+
519824,s070E
519839,s071
519856,std0f
519871,tlk0+
519912,s071E
519927,s072
519944,tlk1+
519967,s072E
519982,s073
520017,jim1+
520040,s073E
520055,s074
520082,fdo1
520099,fdo1R
520114,s074z
520226,s075
520246,fdi1
520271,tlk0+
520315,s075E
520330,s076
520347,jim1+
520380,s076E
520395,s077
520412,tlk0+
520450,jim0+
520473,s077E
520488,s078
520517,std0+
520540,s078E
520555,s079
520593,tlk0+
520616,tlk1n
520651,s079E
520666,s080
520683,tlk0+
520714,s080E
520729,s081
520746,tlk1+
520769,s081E
520784,s082
520848,s082E
520863,s083
520905,s083E
520920,s084
520949,tlk0+
520972,s084E
520987,s085
521054,s085E
521069,s086
521107,tlk1
521145,s086E
521160,s087
521177,tlk0+
521200,fdo1
521217,fdo1R
521232,s087F
521249,fdi2
521269,fdo1
521286,fdo1F
521356,s088
521376,fdi1
521413,s088E
521428,s089
521445,tlk0+
521468,tlk1E
521483,fdo1
521500,fdo1R
521828,idl0E
521843,s090
521863,fdi1
521902,jim0+
521925,s090E
521940,s091
521965,std0R
521980,s091E
521995,s092
522035,s092
522058,s224
522086,s224
522114,s225
522134,s223
522183,s223R
522198,s224R
522213,s225E
522228,s093
522249,eat0
522306,s093E
522321,s094
522338,thk1+
522376,s094E
522391,s095
522408,jim1+
522431,thk2
522461,tlk0+
522499,thk1+
522534,s095E
522549,s096
522574,s096E
522589,s097
522606,thk2f
522621,thk1+
522652,s097E
522667,s098
522684,jim0+
522706,thk2
522745,std0R
522760,s098E
522775,s099
522792,thk1+
522815,s099E
522830,s100
522854,thk2'
522898,s100E
522913,s101
522958,s101E
522973,s102
522990,thk1+
523043,s102E
523058,s103
523074,kidl0
523144,s103E
523159,s104
523217,s104E
523232,s105
523267,jim1+
523297,fdo1
523314,fdo1R
523329,s105kidl0
523626,s106
523646,fdi1
523695,s106E
523710,s107
523743,cry0N
523809,s107E
523824,s108
523869,s108E
523884,s109
523925,s109E
523940,s110
523965,tlk0+
523988,s110E
524003,s111
524020,tlk1+
524050,kidl0
524105,s111E
524120,s112
524137,tlk0+
524160,tlk1n
524195,s112E
524210,s113
524233,cry0+
524280,cry0R
524295,s113E
524310,s114
524362,s114E
524377,s115
524426,thk1+
524449,s115E
524464,s116
524565,s116E
524580,s117
524604,thk2
524653,s117E
524668,s118
524693,s118E
524708,s119
524760,s119E
524775,s120
524812,s120E
524827,s121
524856,tlk0+
524879,tlk1
524897,s121E
524912,s122
524949,s122E
524964,s123
524981,tlk0+
525012,tlk1
525030,s123E
525045,s124
525082,fdo1
525099,fdo1R
525114,s124'
525138,fdi2
525158,fdo1
525175,fdo1F
525332,s164
525352,fdi1
525372,s164E
525387,s165
525444,s165E
525459,s166
525484,s166E
525499,s167
525536,tlk0R
525551,s167E
525566,s168
525673,tlk1'
525695,s168E
525710,s169
525789,s169E
525804,s170
525836,s170'
525867,s171
525939,s171E
525954,s172
525971,jim0J
526003,s172E
526018,s173
526042,tlk0+
526112,s173E
526127,s174
526164,s174E
526179,s175
526258,s175E
526273,s176
526320,tlk0+
526343,tlk1
526361,s176E
526376,s177
526393,pas0+
526414,pas0R
526429,s177E
526444,s178
526461,tlk0+
526484,fdo1
526501,fdo1R
526516,s178'
526538,qstc
526557,fdi2
526582,fdo1
526599,fdo1F
526753,fb00'
526775,ksi0E
526790,s110
526810,fdi1
526830,str0
526847,yure
526874,kill
526898,s110E
526913,s111
526930,tlk0+
526968,fb01y
527001,ksi1+
527024,s111E
527039,s112
527056,tlk0y
527104,fa01R
527119,s112E
527134,s113
527159,s113E
527174,s114
527206,fa00+
527227,kio0R
527242,s114E
527257,s115
527305,s115E
527320,s116
527384,s116E
527399,s117
527433,s117E
527448,s118
527495,s118E
527510,s119
527548,s119E
527563,s120
527580,tlk0+
527603,tlk1J
527650,s120E
527665,s121
527722,s121E
527737,s122
527766,tlk0+
527789,tlk1R
527804,s122E
527819,s123
527852,s123E
527867,s124
527904,fdo1
527921,fdo1R
527936,s124F
527953,fdi2
527975,s123E
527990,s125
528007,tlk0+
528038,tlk1R
528053,s125E
528068,s126
528131,tlk0+
528154,tlk1R
528169,s126E
528184,s127
528226,fdo1
528243,fdo1R
528258,s127F
528275,fdi2
528300,fdo1
528317,fdo1F
528427,s101
528447,fdi1
528464,tlk0+
528487,tlk1y
528515,tlk0+
528538,tlk1R
528553,s101E
528568,s102
528630,s102E
528645,s103
528682,thk2J
528709,tlk0+
528732,tlk1R
528747,s103E
528762,s104
528795,s104E
528810,s105
528847,fdo1
528864,fdo1R
528879,s105F
528896,fdi2
528918,s104E
528933,s106
528950,tlk0+
528981,tlk1R
528996,s106E
529011,s107
529074,tlk0+
529097,tlk1R
529112,s107E
529127,s108
529169,fdo1
529186,fdo1R
529201,s108F
529218,fdi2
529238,fdo1
529255,fdo1F
529408,ase0'
529430,ksi0E
529445,s110
529465,fdi1
529485,str0
529502,yure
529529,kill
529553,s110E
529568,s221
529585,tlk0+
529608,tlk1
529665,ksi1
529689,ksi1R
529704,s221E
529719,s222
529756,ase2
529774,s222E
529789,s223
529818,f000+
529839,ase2R
529854,s223E
529869,s224
529977,s224E
529992,s225
530009,ase3+
530030,pas0R
530045,s225E
530060,s226
530111,ff01+
530142,f001R
530157,s226E
530172,s227
530189,hen0+
530210,hen0R
530225,s227E
530240,s228
530257,f000J
530304,ude0+
530343,ude1+
530366,s228E
530381,s229
530398,tla0+
530421,tla1
530439,s229E
530454,s230
530482,ude0+
530513,s228E
530528,s230
530545,ude1+
530568,fdo1
530585,fdo1R
530600,s230Ez
530615,qstc
530634,fdi2
530654,fdo1
530671,fdo1F
530928,s087
530948,fdi1
530969,open
530987,tlk0R
531002,s087E
531017,s088
531052,tlk1R
531067,s088E
531082,s089
531142,s089E
531157,s090
531193,tlk1f
531208,tlk0+
531231,tlk1N
531295,s090E
531310,s091
531386,s091E
531401,s092
531432,s092E
531447,s093
531499,s093E
531514,s094
531609,s094E
531624,s095
531641,tlk0J
531693,tlk1R
531708,s095E
531723,s096
531760,s096E
531775,s097
531837,s097E
531852,s098
531927,tlk0+
531950,s098E
531965,s099
531990,tlk1+
532013,s099E
532028,s100
532045,tlk0+
532084,fdo1
532101,fdo1R
532116,s100'
532154,fdi2
532174,fdo1
532191,fdo1F
532306,s101
532326,fdi1
532343,tlk0+
532366,s101E
532381,s102
532414,fdo1
532431,fdo1R
532446,s1025
532470,fdi2
532490,fdo1
532507,fdo1F
532653,s103
532673,fdi1
532690,tlk0+
532713,tlk1R
532728,s103
532751,s105
532779,s105
532799,s104
532826,thk1+
532849,thk2R
532864,s104R
532879,s105E
532894,s106
532939,s106E
532954,s107
532971,pas0+
532992,pas0K
533015,open
533043,s107E
533058,s108
533100,s108E
533115,s109
533149,fdo1
533166,fdo1R
533181,s1095
533203,qstc
533222,fdi2
533242,fdo1
533259,fdo1F
533421,s087
533441,fdi1
533462,open
533480,tlk0R
533495,s087E
533510,s088
533545,tlk1'
533570,s088E
533585,s091
533615,tlk0+
533659,tlk0R
533674,s091E
533689,s092
533749,tlk1R
533764,s092E
533779,s093
533817,s093E
533832,s094
533857,clos
533875,s094E
533890,s095
533953,tlk0R
533968,s095E
533983,s096
534016,s096E
534031,s097
534056,tlk1'
534091,tlk0R
534106,s097E
534121,s098
534154,s098E
534169,s099
534194,fdo1
534211,fdo1R
534226,s0995
534250,fdi2
534270,fdo1
534287,fdo1F
534402,s100
534422,fdi1
534439,tlk0+
534462,s100E
534477,s101
534502,fdo1
534519,fdo1R
534534,s1015
534558,fdi2
534578,fdo1
534595,fdo1F
534703,bed0
534728,s040
534748,fdi1
534775,s040E
534790,s102
534851,s102E
534866,s103
534883,bed1
534919,s103E
534934,s104
534959,bed2+
534987,s104E
535002,s105
535019,ita0+
535040,ita0R
535055,s105
535078,s107
535106,s107
535126,s106
535153,bed0+
535176,s106R
535191,s107E
535206,s108
535231,s108E
535246,s109
535263,bed1+
535294,fdo1
535311,fdo1R
535326,s1095
535350,fdi2
535370,fdo1
535387,fdo1F
535498,bed0
535516,s110
535536,fdi1
535553,bed1+
535576,s110E
535591,s111
535616,fdo1
535633,fdo1R
535648,s1115
535672,fdi2
535692,fdo1
535709,fdo1F
535791,s121
535811,fdi1
535828,tlk0+
535851,tlk1'
535886,s121E
535901,s122
535918,thk1+
535941,s122E
535956,s123
535973,thk2+
535996,s123E
536011,s124
536028,tlk0+
536051,s124E
536066,s125
536083,tlk1+
536106,s125E
536121,s126
536153,fdo1
536170,fdo1R
536185,s126z
536245,s127
536265,fdi1
536282,tlk0+
536313,s127E
536328,s128
536361,fdo1
536378,fdo1R
536393,s128F
536410,fdi2
536435,fdo1
536452,fdo1F
536614,s130
536634,fdi1
536661,s130E
536676,s129
536718,s129E
536733,s131
536786,tlk0+
536809,tlk1R
536824,s131E
536839,s132
536872,s132E
536887,s133
536912,s133E
536927,s134
536964,tlk0R
536979,s134E
536994,s135
537024,fdo1
537041,fdo1R
537056,s1355
537078,qstc
537106,fdi2
537131,fdo1
537148,fdo1F
537333,open
537351,s000
537371,fdi1
537388,tlk0+
537432,s000EY
537447,s001
537464,tlk0+
537487,tlk1RY
537502,s001EY
537517,s002
537554,s002EY
537569,s003
537606,s003EY
537621,s004
537638,tlk0+
537669,tlk1RY
537684,s004EY
537699,s005
537724,s005EY
537739,s006
537766,s006EY
537781,s007
537811,s007EY
537826,s008
537850,closJ
537885,s008EY
537900,s009
537950,s009EY
537965,s010
537990,s010EY
538005,s011
538068,s011EY
538083,s012
538100,tlk0+
538131,s012EY
538146,s013
538179,s013EY
538194,s014
538211,tlk1+
538267,s014EY
538282,s015
538307,s015
538358,s011EY
538373,s016
538410,thk1+
538433,s016EY
538448,s017
538465,thk2+
538508,s017EY
538523,s018
538540,tlk0+
538571,s018EY
538586,s019
538616,fdo1
538633,fdo1RY
538648,s0195
538681,fdi2
538701,fdo1
538718,fdo1F
538840,s020
538860,fdi1
538877,tlk0+
538900,s020EY
538915,s021
538940,fdo1
538957,fdo1RY
538972,s0215
538996,fdi2
539016,fdo1
539033,fdo1F
539164,open
539182,s054
539202,fdi1
539232,s054EY
539247,s055
539278,tlk0+
539322,s055EY
539337,s056
539375,s056EY
539390,s062
539422,open
539461,s062EY
539476,s063
539501,s063EY
539516,s064
539545,tlk0+
539589,tlk0+
539612,tlk1RY
539627,s064EY
539642,s065
539667,s065EY
539682,s066
539699,tlk0+
539722,tlk1f
539737,tlk0
539755,s066EY
539770,s067
539815,fa01RY
539830,s067EY
539845,s068
539862,tlk1+
539885,fa00UY
539900,s068EY
539915,s069
539935,s069EY
539950,s071
540006,f000RY
540021,s071EY
540036,s072
540066,s072EY
540081,s073
540141,s073EY
540156,s074
540181,s074EY
540196,s075
540213,non0+
540236,tlk0
540278,s075EY
540293,s076
540310,tlk1+
540333,s076EY
540348,s077
540378,fdo1
540395,fdo1RY
540410,s0775
540452,s056EY
540467,s057
540504,s057EY
540519,s058
540536,thk1+
540562,s058EY
540577,s059
540594,thk2+
540617,pas0+
540640,s059EY
540655,s060
540672,tlk0+
540695,tlk1
540713,s060EY
540728,s061
540753,fdo1
540770,fdo1RY
540785,s0615
540810,qstc
540829,fdi2
540849,fdo1
540866,fdo1F
541051,open
541069,s009
541089,fdi1
541109,s009E
541124,s010
541176,tlk0+
541217,closN
541253,s010E
541268,s011
541312,tlk0+
541365,s011E
541380,s012
541397,tlk0+
541420,tlk1R
541435,s012E
541450,s013
541475,s013E
541490,s014
541507,tlk0+
541538,tlk1+
541561,s014E
541576,s015
541621,s015E
541636,s016
541670,tlk0+
541693,tlk1U
541708,s016E
541723,s017
541752,yes0+
541775,s017E
541790,s018
541837,s018E
541852,s019
541869,tlk0+
541892,tlk1n
541930,thk2R
541945,s019E
541960,s020
541987,s020E
542002,s021
542060,s021E
542075,s022
542092,tlk0+
542120,fdo1
542137,fdo1R
542152,s0225
542185,fdi2
542205,fdo1
542222,fdo1F
542334,s021
542354,fdi1
542392,s021E
542407,s022
542424,tlk0+
542447,fdo1
542464,fdo1R
542479,s0225
542503,fdi2
542528,fdo1
542545,fdo1F
542744,open
542779,s070
542799,fdi1
542816,sha0+
542845,s070E
542860,s071
542885,s071E
542900,s072
542925,sha1
542943,s072E
542958,s073
543008,s073E
543023,s074
543047,s074E
543062,s075
543079,sha1
543097,sha1
543135,s075E
543150,s076
543189,tlk0+
543212,tlk1'
543247,s076E
543262,s077
543293,yro0R
543308,s077E
543323,s078
543343,s078E
543358,s079
543381,yro1+
543404,tlk0+
543427,s079E
543442,s080
543467,tlk1+
543490,s080E
543505,s081
543535,tlk0+
543563,fdo1
543580,fdo1R
543595,s0815
543626,qstc
543645,fdi2
543670,fdo1
543687,fdo1F
544199,s011
544219,fdi1
544267,s011E
544282,s012
544319,s012E
544334,s013
544402,s013E
544417,s014
544447,s014E
544462,s015
544492,yes0
544510,s015E
544525,s016
544624,s016E
544639,s017
544680,s017E
544695,s018
544743,s018E
544758,s019
544795,tlk0+
544818,s019E
544833,s020
544863,fdo1
544880,fdo1R
544895,s020'
544956,fdi2
544981,fdo1
544998,fdo1F
545252,openE
545267,s000
545287,fdi1
545304,tlk0
545361,s000E
545376,s001
545391,clos+
545414,s001E
545429,s002
545446,thk1y
545479,s002E
545494,s003
545531,s003E
545546,s004
545563,tlk0+
545586,tlk1R
545601,s004E
545616,s005
545633,tlk0y
545666,tlk1R
545681,s005E
545696,s006
545713,yes0+
545764,s006E
545779,s007
545821,s007E
545836,s008
545860,open
545919,clos
545936,s008
545956,s009
545989,s009E
546004,s010
546021,tlk0+
546052,s010E
546067,s011
546084,tlk1+
546115,s011
546149,s009E
546164,s012
546181,tlk0+
546212,tlk1
546235,s012
546259,openE
546274,open
546317,s011R
546332,s012E
546347,s013
546383,s013E
546398,s014
546422,closE
546437,clos
546469,tlk0R
546484,s014E
546499,s015
546524,tlk1R
546539,s015E
546554,s016
546571,tlk0+
546594,tlk1n
546629,s016E
546644,s017
546661,thk0J
546696,s017E
546711,s018
546738,who0
546755,who0R
546887,bed0
546902,s000
546922,s019
546942,whi0
546959,efon
546976,bed1+
546999,bed2+
547022,ita0R
547037,s019E
547052,s020
547085,efof
547105,who0
547122,who0R
547137,s020
547152,kil0
547184,s022
547212,s022
547232,s021
547252,whi0
547279,s021R
547294,s022E
547309,s023
547326,thk1'
547391,s023E
547406,s024
547431,s024E
547446,s025
547483,s025E
547498,s026
547515,tlk0+
547546,tlk1R
547561,s026E
547576,s027
547651,s027E
547666,s028
547683,tlk0
547714,fdo1
547731,fdo1R
547746,s0285
547779,fdi2
547799,fdo1
547816,fdo1F
547928,s029
547948,fdi1
547965,tlk0+
547996,s029E
548011,s030
548036,fdo1
548053,fdo1R
548068,s0305
548092,fdi2
548117,fdo1
548134,fdo1F
548467,bed0E
548482,s059
548502,fdi1
548541,s059E
548556,s060
548593,s060E
548608,s061
548625,tlk0+
548648,tlk1n
548678,s061E
548693,s062
548771,s062E
548786,s063
548819,s063E
548834,s064
548859,s064E
548874,s065
548928,s065E
548943,s066
548960,bed1
548989,s066E
549004,s067
549041,s067E
549056,s068
549073,bed2
549104,s068
549127,s070
549155,s070
549175,s069
549216,bik0+
549239,bik1R
549254,s069R
549269,s070E
549284,s071
549301,bed3
549362,s071E
549377,s072
549394,tlk0+
549417,tlk1'
549467,s072E
549482,s073
549555,s073E
549570,s074
549587,tlk0+
549610,tlk1R
549625,s074E
549640,s075
549689,s075E
549704,s076
549738,s076E
549753,s077
549770,tlk0+
549793,tlk1J
549829,s077E
549844,s078
549869,tlk0+
549892,tlk1R
549907,s078E
549922,s079
549966,s079E
549981,s080
549998,tlk0+
550021,fdo1
550038,fdo1R
550053,s080
550153,thk0
550171,s081
550191,fdi1
550234,s081E
550249,s082
550266,thk1+
550297,s082E
550312,s083
550382,s083E
550397,s084
550467,s084E
550482,s085
550499,tlk0+
550530,tlk1R
550545,s085E
550560,s086
550595,s086E
550610,s087
550627,thk1+
550650,tlk0+
550673,tlk1f
550688,thk2+
550711,s087E
550726,s088
550743,thk1+
550766,s088E
550781,s089
550798,tlk0y
550849,s089E
550864,s090
550881,thk2+
550904,tlk1n
550939,s090E
550954,s091
550971,thk1f
550986,tlk0+
551009,tlk1R
551024,s091E
551039,s092
551066,tlk0+
551089,tlk1f
551104,thk2R
551119,s092E
551134,s093
551159,s093E
551174,s094
551232,s094E
551247,s095
551296,s095E
551311,s096
551395,s096E
551410,s097
551459,s097E
551474,s098
551541,s098E
551556,s099
551589,s099E
551604,s100
551674,s100E
551689,s101
551706,tlk0+
551729,tlk1n
551764,s101E
551779,s102
551828,tlk0+
551859,s102E
551874,s103
551891,tlk1+
551928,s103E
551943,s104
551960,tlk0+
551983,tlk1R
551998,s104E
552013,s105
552072,s105E
552087,s107
552129,s107E
552144,s106
552177,s106E
552192,s108
552217,s108E
552232,s109
552249,bed4+
552293,s109E
552308,s110
552345,s110E
552360,s111
552448,s111
552471,s113
552499,s113
552519,s112
552548,tlk0+
552571,s112R
552586,s113E
552601,s114
552626,fdo1
552643,fdo1R
552658,s114'
552717,qstc
552736,fdi2
552778,fdo1
552795,fdo1F
552913,s115
552933,fdi1
552981,s115E
552996,s116
553026,s116E
553041,s117
553106,s117E
553121,s118
553138,tlk0+
553203,s118
553223,fdi1
553240,tlk0
553276,tlk1R
553291,s118E
553306,s119
553377,s119E
553392,s121
553409,pas0+
553435,s119E
553450,s120
553491,s119E
553506,s120
553546,fdo1
553563,fdo1R
553578,s120R
553593,s1215
553617,fdi2
553642,fdo1
553659,fdo1F
553953,s126
553973,fdi1
554030,s126E
554045,s127
554082,s127E
554097,s128
554114,tlk0+
554137,tlk1N
554166,s128E
554181,s129
554218,s129E
554233,s130
554309,s130E
554324,s131
554349,s131E
554364,s132
554381,hon1+
554412,hon2R
554427,s132E
554442,s133
554467,s133E
554482,s134
554525,s134E
554540,s135
554589,s135E
554604,s136
554621,hon1+
554652,hon2R
554667,s136E
554682,s137
554731,s137E
554746,s138
554763,hon1+
554794,hon2n
554821,s138E
554836,s139
554884,s139E
554899,s140
554964,s140E
554979,s141
555035,s141E
555050,s142
555067,hak2
555135,fdo1
555152,fdo1R
555389,bed0
555407,s143
555427,fdi1
555447,s143E
555462,s144
555487,s144E
555502,s145
555539,s145E
555554,s146
555613,s146E
555628,s147
555645,haks
555665,bed1
555683,s147E
555698,s148
555723,s148E
555738,s149
555771,s149E
555786,s150
555803,hake
555853,s150E
555868,s151
555919,s151E
555934,s152
555980,s152E
555995,s153
556012,tlk0+
556035,tlk1R
556050,s153E
556065,s154
556090,s154E
556105,s155
556142,s155E
556157,s156
556187,bed4R
556202,s156E
556217,s157
556242,s157E
556257,s158
556282,s158E
556297,s159
556345,s159E
556360,s160
556410,s160E
556425,s184
556445,s184E
556460,s161
556520,bed1
556572,s161E
556587,s162
556604,tlk0+
556627,s162E
556642,s163
556667,tlk1R
556682,s163E
556697,s164
556714,bed2+
556737,bed3+
556760,s164E
556775,s165
556808,s165E
556823,s166
556840,bed2+
556868,s166E
556883,s167
556900,bed4+
556923,s167E
556938,s168
556955,bed1y
556988,s168E
557003,s169
557033,fdo1
557050,fdo1R
557065,s169'
557119,fdi2
557410,tlk0
557439,tlk0
557482,tlk0
557506,tlk0
557530,open
557581,open
557657,open
558053,tlk0+
558076,tlk1n
558185,m101
558202,m101
558234,m505
558251,m505
558269,m611
558286,m611
558319,tlk0
558338,tlk1
558383,gom0
558482,m611
558499,m611
558834,tlk0
558865,tlk0
558905,tlk0
558995,tlk0
559046,std0f
559061,tlk1
559122,tlk0
559151,tlk0
559465,jim0
560261,Aristide
560500,Fostaig
560637,Donda-Bonda
560752,tlk0
560766,tlk0
560782,tlk1
560796,tlk1
560812,tlk0
560826,tlk0
560842,tlk1
560856,tlk1
560872,sas0
560886,sas0
560902,sas1
560916,sas1
560932,ude0
560946,ude0
560962,uyes
560976,uyes
560992,thk1
561006,thk1
561022,thk2
561036,thk2
561052,sha0
561066,sha0
561082,sha1
561096,sha1
561112,sha2
561126,sha2
561142,sir0
561156,sir0
561172,sir1
561186,sir1
561202,twa0
561216,twa0
561232,twa1
561246,twa1
561262,twb0
561276,twb0
561292,twb1
561306,twb1
561322,sit0
561336,sit0
561352,sit1
561366,sit1
561382,pas0
561396,pas0
561412,ls00
561426,ls00
561442,ls01
561456,ls01
561472,ls02
561486,ls02
561502,lsl0
561516,lsl0
561532,eud0
561546,eud0
561562,eud1
561576,eud1
561592,yes0
561606,yes0
562327,Vastran
562521,Jaureche
562656,tlk0
562670,tlk0
562686,tlk1
562700,tlk1
562716,tlk0
562730,tlk0
562746,tlk1
562760,tlk1
562776,sas0
562790,sas0
562806,sas1
562820,sas1
562836,ude0
562850,ude0
562866,uyes
562880,uyes
562896,thk1
562910,thk1
562926,thk2
562940,thk2
562956,sha0
562970,sha0
562986,sha1
563000,sha1
563016,sha2
563030,sha2
563046,sir0
563060,sir0
563076,sir1
563090,sir1
563106,twa0
563120,twa0
563136,twa1
563150,twa1
563166,twb0
563180,twb0
563196,twb1
563210,twb1
563226,sit0
563240,sit0
563256,sit1
563270,sit1
563286,pas0
563300,pas0
563316,ls00
563330,ls00
563346,ls01
563360,ls01
563376,ls02
563390,ls02
563406,lsl0
563420,lsl0
563436,eud0
563450,eud0
563466,eud1
563480,eud1
563496,yes0
563510,yes0
563753,Adrastien
563843,Ilney
564373,gos0
564391,gre0
564447,thk1
564469,thk2
564691,tlk0
564927,eat0
564945,eat0
564963,eat0S
564976,eat0S
564989,eat0S
565002,eat0
565824,Cagswell
565869,Melisandra
565914,Cilmad
566809,fdo1
566826,fdo1F
567025,tlk0
567043,s000
567060,fdi1
567095,hja0
567114,s000E
567129,s001
567158,hja0f
567173,tlk0Y
567209,s001E
567224,s038
567248,yre0
567285,tun0
567322,thk1
567357,nto0
567394,s038N
567415,s004
567432,nto1'
567464,s004
567487,s005
567515,s005
567535,s010
567573,sta0
567600,s005
567626,s005
567644,s010E
567659,s006
567687,nto0
567730,s006E
567745,s041
567762,man0
567799,s041
567822,s008
567839,tlk0
567864,s008E
567879,s043
567896,yad0
567915,s043
567938,s047
567966,s047
567986,s042
568003,tlk0
568034,tlk1
568072,s047
568098,s047
568116,s042E
568131,s040
568148,tlk0
568167,s040E
568182,s007
568247,s007y
568280,s048
568308,s048
568328,s045
568345,tlk0
568367,fdo1
568384,fdo1
568407,s049
568433,s049
568451,s046F
568468,fdi2
568496,s007E
568511,s044
568528,pos0
568563,s044E
568578,s007
568595,man0
568629,s007E
568644,s009
568661,thk1
568719,pos0
568754,s009E
568769,s007
568793,man0
568823,fdo1
568840,fdo1F
568964,s048
568992,s048
569012,s045
569029,fdi1
569046,tlk0
569068,fdo1
569085,fdo1
569108,s049
569134,s049
569152,s046F
569169,fdi2
569211,tlk0
569270,tlk0
569323,yre0
569371,s048
569397,s048
569415,s045
569438,s049
569466,s049
569486,s046
569514,pos0
569535,fdo1
569552,fdo1F
569742,thk1'
569767,s200
569784,fdi1
569882,s200E
569897,s201
569942,s201E
569957,s202
570005,thk2
570025,s202E
570040,s203
570060,htl0
570081,tlk1
570118,htl1
570139,s203E
570154,s204
570256,s204
570279,s20a
570307,s20a
570327,s205
570445,s20a
570471,s20a
570489,s205E
570504,s206
570535,man0
570572,aan0R
570587,s206E
570602,s207
570650,man0
570687,aan0R
570702,s206E
570717,s207
570765,man0
570802,aan0R
570817,s206E
570832,s207
570878,aan1
570906,s207E
570921,s208
570959,tlk0
571056,s208E
571071,s209
571098,ed00Y
571134,tlk1
571152,s209E
571167,s210
571181,opf+
571194,tlk0
571217,tlk1n
571247,s210
571270,s20b
571298,s20b
571318,s211
571340,yre0
571380,s20b
571406,s20b
571424,s211E
571439,s212
571462,thk1
571490,s212E
571505,fdo1
571568,fdi1
571585,s213
571602,s213E
571617,s214
571703,fdo1
571720,fdo1R
571766,fdi2
571779,opf'
571792,tlk0
571838,fdo1
571855,fdo1F
572038,ed00
572056,s220
572073,fdi1
572146,s220E
572161,s221
572184,tlk0
572237,s221
572260,s20c
572288,s20c
572308,s222
572325,yre0
572357,fdo1
572374,fdo1
572397,s20c
572423,s20c
572441,s222F
572458,fdi2
572479,opf'
572492,tlk0
572514,opf'
572527,tlk0
572560,opf'
572573,tlk0
572688,tlk0
572720,tlk1
572903,tlk0
572922,tlk1
572958,tlk0
572977,tlk1
573063,tlk0
573082,tlk1
573150,tlk0
573169,tlk1
573212,tlk0
573231,tlk1
573290,tlk0
573309,tlk1
573335,tlk0
573354,tlk1
573380,tlk0
573412,tlk1
573444,tlk0
573463,tlk1
573489,ang0
573524,man0
575133,fdo1
575150,fdo1F
575245,orz0S
575258,orz0
575304,s012
575321,fdi1
575346,s012E
575361,s014
575388,tlk0+
575411,tlk1R
575426,s014E
575441,s013
575458,hiz1
575515,tlk0+
575538,tlk1R
575553,s013E
575568,s014
575585,tlk0+
575608,tlk1R
575623,s014E
575638,s013
575653,nmi0
575706,thk2
575758,s013E
575773,s015
575816,s015E
575831,s016
575869,ygo0
575916,s016E
575931,s017
575948,tlk0y
575981,tlk1R
575996,s017E
576011,s018
576062,s018E
576077,s017
576120,s017
576149,s018E
576164,s017
576194,gkr0S
576207,gkr0f
576222,tlk0+
576245,tlk1R
576260,s017E
576275,s018
576306,s018E
576321,s017
576364,s017E
576379,s013
576406,ehn0+
576429,s013E
576444,s014
576471,zit0+
576494,s014E
576509,s013
576542,iro0+
576571,gkr0
576589,gkr1R
576604,s013
576622,s051
576694,thk2f
576709,tlk0+
576732,tlk1R
576747,s051
576770,s014
576819,bik1R
576834,s014E
576849,s019
576866,tlk0+
576889,s019E
576904,s020
576921,tlk0+
576944,s020E
576959,s052
576976,tlk0+
576999,tlk1R
577014,s052E
577029,s024
577104,s024E
577119,s014
577136,tlk0+
577159,tlk1R
577174,s014E
577189,s013
577206,ehn0+
577229,s013
577246,s021
577266,s021E
577281,s022
577301,s022
577322,s023
577350,kbk0
577379,s023E
577394,s014
577452,kbk1E
577467,s013
577520,tlk0+
577612,ehn0+
577635,s013E
577650,s014
577702,s014E
577717,s024
577739,tlk0+
577780,bob0y
577808,main
577828,bob1
577858,w810
577876,s024E
577891,s029
577921,tlk0
578226,tlk1R
578241,s029E
578256,s024
578273,kbk1
578324,s024E
578339,s014
578382,s014E
578397,s050
578476,pos0R
578491,s050
578512,s026
578537,fdo1
578554,fdo1R
578569,s026E
578584,boff
578603,fdi2
578639,fdo1
578656,fdo1F
578798,s017
578815,fdi1
578863,syu0+
578914,s017
578942,s013
579020,teh0+
579043,s013E
579058,s014
579111,s014E
579126,s029
579146,tlk0+
579169,fdo1
579186,fdo1R
579201,s029F
579218,fdi2
579238,s013
579302,ehn0+
579325,s013E
579340,s014
579383,tlk0+
579406,tlk1R
579421,s014E
579436,s031
579497,thk1
579563,s031E
579578,s014
579631,tlk0+
579654,tlk1R
579669,s014E
579684,s013
579796,ehn0+
579819,s013E
579834,s014
579886,s014E
579901,s024
579923,tlk0+
579964,bob0y
579992,main
580012,bob1
580042,w810
580060,s024E
580075,s029
580105,tlk0
580410,tlk1R
580425,s029E
580440,s024
580457,kbk1
580508,tlk0+
580531,tlk1R
580546,s024E
580561,s014
580604,tlk0+
580627,tlk1R
580642,s014E
580657,s050
580736,pos0R
580751,s050
580772,s026
580797,fdo1
580814,fdo1R
580829,s026F
580846,fdi2
580866,fdo1
580883,fdo1F
581025,s017
581042,fdi1
581090,syu0+
581141,s017
581169,s013
581247,teh0+
581270,s013E
581285,s014
581338,s014E
581353,s029
581373,tlk0+
581396,fdo1
581413,fdo1R
581428,s029F
581445,fdi2
581465,s013
581529,ehn0+
581552,s013E
581567,s014
581610,tlk0+
581633,tlk1R
581648,s014E
581663,s031
581724,thk1
581790,s031E
581805,s014
581858,tlk0+
581881,tlk1R
581896,s014E
581911,s013
582023,ehn0+
582046,s013E
582061,s014
582107,s014E
582122,s024
582144,tlk0+
582185,bob0y
582213,main
582233,bob1
582263,w810
582281,s024E
582296,s029
582326,tlk0
582631,tlk1R
582646,s029E
582661,s024
582678,kbk1
582729,tlk0+
582752,tlk1R
582767,s024E
582782,s014
582799,tlk0+
582822,tlk1R
582837,s014E
582852,s050
582931,pos0R
582946,s050
582967,s026
582992,fdo1
583009,fdo1R
583024,s026F
583041,fdi2
583061,fdo1
583078,fdo1F
583270,s017
583287,fdi1
583335,syu0+
583386,s017
583414,s013
583492,teh0+
583515,s013E
583530,s014
583583,s014E
583598,s029
583618,tlk0+
583641,fdo1
583658,fdo1R
583673,s029F
583690,fdi2
583710,s013
583774,ehn0+
583797,s013E
583812,s014
583855,tlk0+
583878,tlk0+
583901,tlk1R
583916,s014E
583931,s031
583992,thk1
584058,s031E
584073,s014
584126,tlk0+
584149,tlk1R
584164,s014E
584179,s013
584222,s013E
584237,s014
584280,tlk0+
584303,tlk1R
584318,s014E
584333,s013
584350,tlk0+
584373,s013E
584388,s027
584431,s027E
584446,s014
584501,tlk0+
584524,s014E
584539,s028
584582,s028E
584597,s024
584614,in00f
584629,in00
584766,shk0f+
584781,shk0
584799,s024E
584814,s030
584857,s030E
584872,s031
584943,s031E
584958,s032
584989,ehn0f3
585004,ehn0
585028,s032E
585043,s030
585092,s030E
585107,s033
585127,ehn1f3
585142,ehn1'
585198,hja0+
585219,hja0
585237,s033E
585252,s039
585287,tlk0+
585310,tlk0+
585355,thk1+
585399,s039E
585414,s035
585457,pas0+
585480,s035E
585495,s034
585542,ed00+
585586,tlk0+
585659,s034E
585674,s036
585691,pos0+
585717,s036E
585732,s037
585759,qstc
585787,fdo1
585804,fdo1R
585819,s037F
585836,fdi2
585856,fdo1
585873,fdo1F
586015,s024
586032,fdi1
586049,tlk0+
586072,nmi0fF
586102,bob0y
586130,main
586150,bob1
586180,w810
586198,s024E
586213,s029
586243,tlk0
586534,tlk1R
586549,s029E
586564,s050
586630,s050
586651,s026
586668,pos0+
586691,fdo1
586708,fdo1R
586723,s026F
586740,fdi2
586760,fdo1
586777,fdo1F
586919,s024
586936,fdi1
586953,tlk0+
586976,nmi0fF
587006,bob0y
587034,main
587054,bob1
587084,w810
587102,s024E
587117,s029
587147,tlk0
587438,tlk1R
587453,s029E
587468,s050
587534,s050
587555,s026
587572,pos0+
587595,fdo1
587612,fdo1R
587627,s026F
587644,fdi2
587664,fdo1
587681,fdo1F
587823,s024
587840,fdi1
587857,tlk0+
587880,nmi0fF
587910,bob0y
587938,main
587958,bob1
587988,w810
588006,s024E
588021,s029
588051,tlk0
588288,y3HO
588342,tlk1R
588357,s029E
588372,s050
588438,s050
588459,s026
588476,pos0+
588499,fdo1
588516,fdo1R
588531,s026F
588548,fdi2
589177,fdo1
589194,fdo1F
589469,orz0
589487,s230
589504,fdi1
589550,s230E
589565,s231
589618,tlk1R
589633,s231E
589648,s232
589670,hiz1
589711,s232E
589726,s233
589769,tlk1R
589784,s233E
589799,s234
589881,s234E
589896,s235
589985,s235E
590000,s236
590119,s236E
590134,s237
590207,s237E
590222,s238
590239,tlk1
590304,s238E
590319,s239
590336,boff
590353,boff
590394,s239
590417,s20d
590445,s20d
590465,s240
590525,tlk1
590600,s20d
590626,s20d
590644,s240E
590659,s241
590765,s241E
590780,s242
590826,tlk1
590859,s242E
590874,s243
590929,s243E
590944,s244
590961,boff
590978,boff
591024,tlk1
591065,tlk1R
591080,s244E
591095,s245
591146,tlk1
591179,s245E
591194,s246
591250,s246E
591265,s247
591308,tlk1R
591323,s247E
591338,s248
591395,s248E
591410,s249
591518,s249E
591533,s250
591621,s250E
591636,s251
591665,ygo0
591683,main
591706,s251E
591721,s252
591797,s252E
591812,s253
591896,tlk1R
591911,s253E
591926,s254
591986,tlk1R
592001,s254E
592016,s255
592059,ehn1
592077,s255E
592092,s256
592153,tlk1
592426,tlk1
592485,s20e
592503,s256E
592518,s257
592538,fdo1
592575,s257
592612,fdi1
592629,s258
592667,s258
592690,s259
592733,tlk1J
592757,s259E
592772,s260
592873,ehn1R
592888,s260E
592903,s261
592973,s262
593026,s262E
593041,s263
593375,fdo1
593392,fdo1R
593407,s263
593425,s264
593442,fdi1
593563,s264E
593578,s265
593627,tlk1R
593642,s265
593665,s266
593708,thk2
593741,s266E
593756,s20f
593799,tlk1E
593814,s022
593879,s20fE
593894,s267
593939,s267E
593954,fdo1
593971,fdo1
593989,s268
594006,fdi1
594162,gkr1
594180,s268E
594195,s269
594277,s269
594300,s20i
594328,s20i
594348,s270
594415,tlk1
594438,s20i
594464,s20i
594482,s270
594500,s266
594592,thk2
594620,s266E
594635,s267
594652,s021
594710,s267E
594725,fdo1
594742,fdo1
594778,s268
594795,fdi1
594915,tlk1R
594930,s268E
594945,s271
595005,tlk1R
595020,s271
595072,tlk1R
595087,s271
595162,s271E
595177,s272
595236,tlk1
595257,s272E
595272,s273
595348,tlk1J
595372,s273
595432,tlk1R
595447,s271
595507,tlk1R
595522,s271
595548,s274
595608,s274
595631,s277
595700,tlk1R
595715,s277E
595730,s278
595778,tlk1R
595793,s278E
595808,s279
595851,s279E
595866,s280
595883,boff
595979,tlk1R
595994,s280E
596009,s281
596071,s281E
596086,s282
596103,boff
596120,bofff
596135,in00f
596150,in00
596197,shk0f+
596212,shk0
596230,s282E
596245,s283
596288,s283E
596303,s284
596375,s284E
596390,s290
596419,ygo0
596437,main
596468,s290E
596483,s285
596510,ehn0f3
596525,ehn0
596543,ehn1f3
596558,ehn1'
596637,hja0+
596676,hja0
596694,s285E
596709,s286
596743,pos0+
596775,s286E
596790,s287
596817,qstc
596866,s287E
596881,fdo1
596944,fdi1
596961,s213
596978,s213E
596993,s214
597092,s214
597110,s275
597174,s275E
597189,s276
597216,s276E
597231,s256
597281,fdo1
597298,fdo1F
597423,s20e
597440,fdi1
597716,fdo1
597733,fdo1F
597840,s288
597857,fdi1
597956,s288E
597971,s289
598014,tlk1R
598029,s289
598042,DZBE
598056,fdo1
598073,fdo1F
598177,s264
598194,fdi1
598239,fdo1
598256,fdo1
598285,fdi2
602348,jmp0S
602361,jmp0f
602376,jmp3
602554,jmp2S
602567,jmp29
602674,frst
602704,ok00
602732,frst
602762,ng00
602875,s002
602934,syu0
602959,s002
603041,jmp0S
603054,jmp0f
603069,jmp3
603247,jmp2S
603424,jmp0S
603437,jmp0f
603452,jmp3
603546,jmp2S
603559,jmp2
603636,jmp0S
603649,jmp0f
603664,jmp3
603842,jmp2S
603929,jmp0S
603942,jmp0f
603957,jmp3
604135,jmp2S
604148,jmp2
604319,tlk0
604338,tlk0
604357,nmi0
604376,thk1
604401,gud0
604420,ehn0
604439,mon0
604458,syu0
604477,gkr0
604496,wai0
604515,zit0
604534,pos0
604553,dis0
604775,jmp0S
604788,jmp0f
604803,jmp3
604981,jmp2S
604994,jmp29o
605034,s002
605126,wai0
605175,ehn0
605193,ehn1
605900,jmp0S
605913,jmp0f
605928,jmp3
606106,jmp2S
606119,jmp29
606184,main
606337,s002
606399,s002
606494,tlk0
606513,zit0
606532,bik0
606551,shk0
606570,thk1
606589,iro0
606608,nmo0
606627,mon0
606646,teh0
606709,main
606730,gkr0
606872,jmp0S
606885,jmp0f
606900,jmp3
607078,jmp2S
607091,jmp29R
607131,s002
607223,iro0
607272,bik0
607290,bik1
607574,tlk0
607593,tlk0
607612,ure0
607631,pas0
607650,thk1
607808,sit0
607831,yad0
607849,iro1
608232,tlk0
608251,tlk0
608270,pas0
608387,sit0
608519,tlk0
608537,tlk1
608676,thk2
608842,main
608882,main
608917,yad0
608935,main
609107,main
609271,main
610397,fdo1
610414,fdo1F
610620,fdi1
610637,s002
610710,s002E
610725,s006
610783,thk1f
610798,thk1E
610813,s000
610830,fdi1
610857,bob0
610875,thk2
610911,s000E
610926,s001
610953,s001E
610968,s002
610994,thk2J
611077,s002E
611092,s052
611165,s052E
611180,s004
611211,s004E
611226,s005
611275,s005E
611290,s006
611378,s006
611416,s031
611493,s031E
611508,s032
611574,s031
611669,s031E
611684,s032
611788,s032E
611803,s007
611914,s007E
611929,s033
612032,s033E
612047,s006
612220,s006E
612235,s035
612319,fdo1
612336,fdo1R
612351,s035F
612368,fdi2
612405,s006E
612420,s034
612463,s034E
612478,s035
612536,fdo1
612553,fdo1R
612568,s035F
612585,fdi2
612611,fdo1
612628,fdo1F
612725,fdi1
612742,s002
612815,tlk1'
612851,s002E
612866,s006
612939,s006E
612954,s031
613032,bik1
613050,s031E
613065,s006
613190,s006E
613205,s036
613247,s036E
613262,s037
613324,s037E
613339,s035
613391,fdo1
613408,fdo1R
613423,s035F
613440,fdi2
613457,qstc
613477,fdo1
613494,fdo1F
613743,fdi1
613760,s20a
613816,s20aE
613831,s206
613874,tlk1
613922,s201
613939,fdi1
613959,tlk0
613977,tlk1f
613992,tlk0
614010,tlk1
614052,s201E
614067,s225
614087,tlk0
614105,tlk1f
614173,thk2
614191,s225E
614206,s202
614242,s202E
614257,s203
614364,tlk1R
614379,s203E
614394,s204
614459,s204E
614474,s205
614564,s205E
614579,s206
614686,s206E
614701,s207
614770,fdo1
614787,fdo1R
614802,s207F
614819,fdi2
614850,s206E
614865,s208
614930,s208E
614945,s207
614988,fdo1
615005,fdo1R
615037,fdi2
615063,fdo1
615080,fdo1F
615256,fdi1
615273,s209
615329,tlk1
615360,s209E
615375,s210
615440,s210E
615455,s211
615513,bik1N
615534,s211E
615549,s212
615585,bik1R
615600,s212E
615615,s213
615707,s213E
615722,s214
615777,tlk1R
615792,s214E
615807,s20c
615882,s214E
615897,s215
615943,tlk1
615983,s215E
615998,s216
616077,s216E
616092,s217
616168,s217E
616183,s218
616200,thk2
616252,ten1R
616267,s218E
616282,s219
616357,s219E
616372,s220
616427,s220E
616442,s221
616538,s221E
616553,s226
616596,tlk1y
616621,s226E
616636,s224
616709,bik1
616727,s224E
616742,s222
616824,s222E
616839,s227
616890,s227E
616905,s223
616922,tlk1
617000,fdo1
617017,fdo1R
617049,fdi2
617066,qstc
617696,tlk0
617712,tlk0
617731,tlk1
617747,tlk1
617781,kim0
617797,kim0
617819,mon0
617835,mon0
617848,kidl0F
617872,tlk0
617888,tlk0n
617949,tlk1
617965,tlk1
618097,pas0
618113,pas0
618130,lk00
618146,lk00
618163,tlk0
618179,tlk0
618196,tlk1
618212,tlk1
618229,tlk0
618245,tlk0
618262,tlk1
618278,tlk1
618295,thk1
618311,thk1
618328,thk2
618344,thk2
618361,tlb0
618377,tlb0
618394,tlb1
618410,tlb1
618427,bik0
618443,bik0
618460,bik1
618476,bik1
618493,pos0#
618509,pos0
618532,mon0
618548,mon0
618599,ygo0
618640,gah2
618656,gah2
618732,tlk0
618751,tlk0
618770,tlk0
618789,ehn0
618808,pos0
618827,syu0
618846,thk1
618865,ygo0
618884,iro0
618903,wav0
618922,shk0
618941,bik0
618960,teh0
618979,pas0
618998,pial
619017,msu0
619036,nmo0
619793,tlk0
619812,tlk0
619831,tlk0
619850,tlk1
619965,thk1
619984,pas0
620019,eud0
620038,kim0
620090,thk0
620290,Midras
624577,fdo1
624594,fdo1F
624656,ed00J
625036,s000
625053,fdi1
625073,m505
625093,thk1
625159,m611
625233,s000
625256,s013
625284,s013
625304,s001
625321,sef0
625384,main
625433,s013E
625448,s014
625476,s013E
625491,s014
625511,s001E
625526,s002
625544,open
625605,main
625643,s014E
625658,s015
625686,s014E
625701,s015
625721,s002E
625736,s003
625771,thk2
625801,yad0
625819,main
625828,kidl0
625901,kils
625918,kils
625941,s015
625967,s015
625985,s003E
626000,s004
626051,tlk0+
626100,s004
626123,s016
626151,s016
626171,s005
626194,man0+
626252,ed00
626275,s016
626301,s016
626319,s005E
626334,s006
626394,s006E
626409,s007
626448,s007E
626463,s008
626495,s008E
626510,s009
626533,ase0
626566,s009E
626581,s010
626598,boff
626615,boffkidl0e
626719,s010E
626734,s011
626759,man0+
626793,s011
626816,s018
626844,s017
626872,s017
626900,s019
626920,s012
626937,pos0+
626971,sa10
626977,kidl0e
627077,sa10
627100,s018
627128,s017
627156,s017
627184,s019
627204,s012
627229,pos0+
627263,sa10
627269,kidl0e
627369,sa10E
627384,s011
627409,man0+
627443,s011
627466,s018
627494,s017
627522,s017
627550,s019
627570,s012
627587,pos0+
627623,fdo1
627640,fdo1
627663,s018
627689,s017
627715,s017
627741,s019
627821,fdi2
627841,fdo1
627858,fdo1F
628028,orz0fX
628043,moj0
628061,s030
628078,fdi1
628183,s030E
628198,s031
628215,hiz1+
628241,s031E
628256,s032
628315,tlk1R
628330,s032E
628345,s033
628376,s033E
628391,s034
628492,ygo0
628510,main
628541,s034E
628556,s035
628627,s035E
628642,s036
628704,s036E
628719,s037
628762,s037E
628777,s038
628867,gmn1
628902,moj0
628927,s038
628950,s056
628978,s056
628998,s039
629113,s056E
629128,s057
629156,s056E
629171,s057
629191,s039E
629206,s040
629265,s057E
629280,s058
629308,s057E
629323,s058
629343,s040E
629358,s041
629415,gmn1
629441,s058
629467,s058
629485,s041E
629500,s042
629551,tlk1R
629566,s042E
629581,s043
629644,s043E
629659,s044
629679,s051E
629694,s052
629763,tlk1
629790,s052E
629805,s053
629897,s053
629920,s061
629948,s061
629968,s054
630060,s061
630086,s061
630104,s054E
630119,s055
630154,gkr1
630209,fdo1
630226,fdo1R
630241,s055
630268,fdi2
630288,fdo1
630305,fdo1F
630641,deadS
630654,dead
630748,gud0
630771,moj0
630822,s097
630850,s097
630870,s080
630887,fdi1
630931,gmn1
630983,s097E
630998,s098
631026,s097E
631041,s098
631061,s080E
631076,s081
631096,gmn1
631128,fdo1
631145,fdo1N
631207,s081E
631222,s082
631239,fdi1
631259,s082E
631274,s083
631294,shk0fq
631309,shk0n
631362,teh0+
631388,fdo1
631405,fdo1
631463,deadS
631476,dead
631554,fdi1
631600,s083E
631615,s096
631670,s096
631691,s080E
631706,s084
631723,gmn0
631752,fdo1
631769,fdo1
631857,gud0
631875,s084E
631890,s085
631907,fdi1
631927,s085E
631942,s086
631985,s086E
632000,s087
632105,s087E
632120,s088
632169,s088E
632184,s089
632214,pas0
632232,s089E
632247,s090
632276,ygo0+
632329,thk1R
632344,s090E
632359,s091
632385,s091
632408,s092
632435,ygo0
632489,s092E
632504,s099
632562,s099E
632577,s100
632626,s100E
632641,s101
632710,gmn1
632728,s101E
632743,s102
632786,tlk1R
632801,s102E
632816,s103
632892,fdo1
632909,fdo1
632949,s103E
632964,s104
632981,fdi1
633001,s104E
633016,s105
633069,s105E
633084,s106
633117,moj0
633144,s106E
633159,s107
633208,tlk1fq
633223,gmn1
633250,s107E
633265,s108
633326,moj0+
633355,gmn1
633386,s108E
633401,s109
633506,shk0J
633577,s109E
633592,s110
633679,tlk1J
633703,s110E
633718,s111
633767,tlk1J
633828,s111E
633843,s112
633886,s112E
633901,s113
633918,boff
633950,yad0
633968,main
634011,s113E
634026,s114
634041,damg
634057,damg
634073,damg
634112,dead+
634147,iro1R
634162,s114E
634177,s115
634220,tlk1
634247,iro0+
634276,iro1R
634291,s115E
634306,s116
634364,s116E
634379,s117
634452,fdo1
634469,fdo1
634547,gud0
634572,s117E
634587,s118
634604,fdi1
634630,s118E
634645,s119
634701,tlk1'
634729,yad0
634747,main
634767,s119E
634782,s120
634839,s120E
634854,s121
635034,iro1y
635059,s121E
635074,s122
635170,tlk1R
635185,s122E
635200,s123
635265,s123E
635280,s124
635323,s124E
635338,s125
635355,boff
635372,boffJ
635460,tlk1R
635475,s125E
635490,s126
635533,s126E
635548,s127
635565,boff
635582,bofff
635597,in00f
635612,in00J
635686,shk0fq
635701,shk0
635728,s127E
635743,s128
635786,s128E
635801,s129
635866,gmn1
635894,s129E
635909,s130
635944,ehn0f
635959,ehn0
635977,ehn1f
635992,ehn1'
636052,hja0+
636088,hja0J
636129,pos0
636147,s130E
636162,s131
636196,s131E
636211,s132
636238,qstc
636276,fdo1
636293,fdo1R
636308,s132E
636323,s129
636329,kidl0
636381,s129E
636396,s133
636413,fdi1
636456,thk1
636477,s133E
636492,s134
636541,s092
636613,s092E
636628,s093
636786,s093E
636801,s094
636856,fdo1
636873,fdo1N
636964,moj0
636989,fdi1
637009,s051E
637024,s052
637074,s052E
637089,s055
637124,gkr1
637203,fdo1
637220,fdo1R
637235,s054R
637250,s061R
637265,s134
637292,fdi2
637312,fdo1
637329,fdo1F
637491,s071
637519,s071
637539,s070
637556,fdi1
637716,fdo1
637733,fdo1R
637748,s070R
637763,s071
637790,fdi2
637867,s043
637890,s059
637918,s059
637938,s044
638075,s059
638101,s059
638119,s044E
638134,s045
638180,tlk1
638241,s045
638264,s059
638292,s059
638312,s044
638353,s045E
638368,s046
638470,s046E
638485,s047
638596,s047E
638611,s046
638660,s047
638681,s047
638704,s060
638732,s060
638752,s048
638857,s060
638883,s060
638901,s048E
638916,s049
638933,gmn1
638984,main
639117,s049
639140,s060
639168,s060
639188,s048
639237,s049
639258,s049E
639273,s050
639467,s050E
639482,s051
639528,tlk1
639582,s051E
639597,s050
639646,s051
639748,fdo1
639765,fdo1F
640056,orz0
640093,s000
640113,s009
640130,fdi1
640166,tlk0+
640223,s000E+
640238,s001
640255,thk1
640321,thk2R+
640336,s001E+
640351,s002
640371,hiz1+
640418,s002
640441,st03
640469,st03
640489,s003
640637,st03
640663,st03
640681,s003E+
640696,s004
640716,gud0+
640742,s004
640765,st05
640793,st05
640813,s005
640856,st05E+
640871,st06
640899,st05E+
640914,st06
640942,s005E+
640957,sg06
640977,s005E+
640992,s006
641012,tlk0+
641046,tlk1+
641089,st06
641115,st06
641141,sg06
641159,s006E+
641174,s007
641197,mon0+
641223,gud1
641241,ehn0
641259,s007E+
641274,s008
641291,sef0
641311,kils
641334,gud0+
641360,tlk0+
641394,tlk1E
641409,fdo1
641426,fdo1
641475,s009
641502,fdi2
641527,fdo1
641544,fdo1F
641771,bCE+
641784,s010
641825,gud0
641843,s025
641860,fdi1
641937,s010E+
641952,s011
642090,s011E+
642105,s012
642168,s012E+
642183,s013
642244,s013E+
642259,s014
642276,bik0+
642301,tlk1f
642316,tlk1y
642355,bik1R+
642370,s014E+
642385,s015
642402,tlk0+
642428,tlk1
642446,wai0+
642481,s015E+
642496,s016
642597,s016E+
642612,s017
642667,s017E+
642682,s018
642759,s018E+
642774,s019
642794,tlk0+
642820,tlk1f
642835,tlk0+
642861,tlk1
642891,s019E+
642906,s020
642934,s020E+
642949,s021
643009,s021E+
643024,s022
643041,thk1
643091,thk2J
643115,s022E+
643130,s023
643149,ygo0+
643199,syu0+
643243,s023
643266,sg24
643294,st24
643309,OIE+
643322,st24
643337,kIE+
643350,sg24
643370,s024
643393,tlk0+
643419,tlk1
643437,tlk0+
643471,tlk1E
643486,fdo1
643503,fdo1
643534,sg24
643560,st24
643573,UJR+
643586,st24
643599,oJR+
643612,sg24
643630,s024
643648,s025
643675,fdi2
643705,fdo1
643722,fdo1F
643894,orz0'
643924,sg90
643952,st90
643980,st90
644008,sg90
644028,s090
644079,s092
644099,fdi1
644163,sg90E+
644178,sg91
644206,st90E+
644221,st91
644249,st90E+
644264,st91
644292,sg90E+
644307,sg91
644314,HMR+
644327,s090E+
644342,s091
644359,onmy
644396,klmy
644465,fdo1
644482,fdo1
644497,km01
644529,stop
644549,fdi1
644569,ghn1+
644592,hiz1+
644613,eNR+
644626,sg91
644652,st91
644678,st91
644704,sg91
644722,s091E+
644737,s092
644754,syu0+
644821,gkr0
644839,onmy
644876,gkr1
644894,klmy
644914,pos0+
644940,s092E+
644955,s093
644972,tlk0+
644998,tlk1
645089,main
645203,fdo1
645220,fdo1R+
645235,s093
645262,fdi2
645324,fdo1
645341,fdo1F
645518,st94
645546,st94
645566,s094
645594,st95
645609,KRE+
645622,st95
645642,s095
645659,fdi1
645726,st94
645752,st94
645770,s094E+
645785,s096
645843,st96
645866,st95
645894,st95
645901,lSE+
645914,s095
645931,syu0+
645993,st95
646019,st95
646037,s095E+
646052,s097
646069,tlk0+
646095,tlk1E
646110,fdo1
646127,fdo1R+
646142,s097
646169,fdi2
646202,fdo1
646219,fdo1F
646461,corpS
646474,corp
646500,corpS
646513,corp
646539,res1
646557,orz0
646575,s000
646592,fdi1
646623,s000E
646638,s001
646653,open'
646708,clos#R
646724,s001E
646739,s002
646756,bik0+
646782,bik1R
646797,s002E
646812,s003
646829,hiz1+
646872,res2
646891,yes0+
646942,s003E
646957,s004
647013,sha0
647031,tlk0+
647077,sha1
647095,s004E
647110,s005
647194,thk1R
647209,s005E
647224,s006
647241,tlk0+
647267,tlk1R
647282,s006E
647297,s007
647314,non0+
647340,s007E
647355,s008
647372,tlk0+
647398,tlk1+
647424,tlk0+
647458,tlk1
647476,s008E
647491,s009
647508,iro0+
647547,s009E
647562,s010
647656,thk1
647674,s010E
647689,s011
647717,s011E
647732,s012
647769,s012E
647784,s013
647801,yes0+
647827,s013E
647842,s014
647929,thk1J
647968,iro0+
648012,s014E
648027,s015
648050,yes0+
648076,fh01
648094,tlk0+
648120,tlk1
648138,fh00R
648153,s015E
648168,s016
648217,s016
648240,st17
648268,st17
648288,s017
648311,tlk0+
648349,tlk0+
648375,tlk1
648401,st17
648427,st17
648445,s017E
648460,s018
648477,aym0+
648503,aym1J
648527,s018E
648542,s019
648593,fdo1
648610,fdo1R
648664,fdi2
648699,twb0+
648761,fdo1
648778,fdo1F
649027,corpS
649040,dorp
649068,dtil
649119,s020
649136,fdi1
649216,s020
649239,st21
649267,st21
649287,s021
649333,st21
649359,st21
649377,s021E
649392,s022
649424,tlk0+
649450,tlk1J
649520,s022E
649535,s023
649708,s023E
649723,s024
649816,thk1E
649831,fdo1
649882,s024E
649897,s025
649914,fdi1
649998,s025E
650013,s026
650062,pas0
650109,s026E
650124,s027
650215,sha0R
650230,s027E
650245,s028
650274,s028E
650289,s090
650322,s090E
650337,bon0
650373,s091E
650388,s091
650408,s091E
650423,s092
650461,corp
650479,okir
650497,str0
650514,bik0
650532,yure
650552,kill
650575,s021
650596,bik1
650626,s092E
650641,s030
650658,boff
650704,s030E
650719,s031
650736,tlk0+
650762,tlk1
650780,s031E
650795,s032
650841,s032E
650856,s033
650873,thk0+
650911,thk1R
650926,s033E
650941,s034
650958,mon0+
651002,s034E
651017,s035
651063,s035E
651078,s036
651095,iro0+
651121,s036E
651136,s037
651176,s037E
651191,s038
651219,s038E
651234,s039
651292,syu0+
651332,s039E
651347,s040
651452,fh01'
651474,s040E
651489,s041
651550,s041
651573,sg42
651601,st42
651629,st42
651657,sg42
651677,s042
651700,tlk0
651776,tlk1
651794,fa00
651820,sg42
651846,st42
651872,st42
651898,sg42
651916,s042E
651931,s043
651948,fa01+
651974,fa00R
651989,s043
652012,st44
652040,st44
652060,s044
652092,fdo1
652109,fdo1
652132,st44
652158,st44
652215,fdi2
652235,fdo1
652252,fdo1F
652500,orz0
652548,st50
652576,st50
652596,s050
652613,fdi1
652638,hiz1+
652661,hiz1fX
652676,gkr0
652700,onmy
652738,st50
652764,st50
652782,s050E
652797,s051
652820,tlk0+
652846,iro0+
652872,gkr1
652896,klmy
652913,s051E
652928,s052
652943,gkr1J
652973,tlk0
653004,s052E
653019,s053
653036,mon0+
653062,s053E
653077,s054
653132,tlk0+
653166,s054E
653181,s055
653198,mon0+
653242,s055E
653257,s056
653280,in00f
653295,in00
653351,shk0fq
653366,shk0
653393,s056E
653408,s057
653425,ang0+
653482,s057E
653497,s058
653552,wai0+
653578,s058E
653593,s059
653610,hja0+
653636,s059E
653651,s060
653657,kidl0
653677,shk0+
653703,s060E
653718,s061
653782,ehn0f
653797,ehn0
653815,ehn1f
653830,ehn1'
653921,mka0+
653956,s061E
653971,s062
653988,thk1
654034,yre0+
654081,s062
654104,sg63
654132,st63
654160,st63
654188,sg63
654208,s063
654231,tlk0+
654257,tlk1n
654295,sg63
654321,st63
654347,st63
654373,sg63
654391,s063E
654406,s064
654423,sta0+
654457,s064E
654472,s065
654489,man0+
654523,s065
654546,st66
654574,st66
654594,s066
654611,yre0+
654660,s066E
654675,sg67
654703,st66E
654718,st67
654746,st66E
654761,st67
654789,s066E
654804,sg67
654824,s066E
654839,s067
654856,tlk0+
654882,tlk1+
654916,s067
654942,st67
654968,st67
654994,s067
655012,s067E
655027,s068
655055,pos0+
655087,s068E
655102,s069
655134,qstc
655168,s069E
655183,fdo1
655286,kidl0
655370,s070
655387,fdi1
655460,sta0R
655475,s070E
655490,s071
655513,bik0+
655539,bik1
655557,teh0+
655583,thk2R
655598,s071E
655613,s072
655656,tlk0J
655691,s072E
655706,s073
655723,tlk1n
655761,fdo1
655790,kidl0
655799,kidl0
655855,gud0S
655883,gud0S
655938,s073E
655953,s074
655970,fdi1
656011,s074E
656026,fdo1
656050,xkidl0
656060,kidl0
656133,s075
656150,fdi1
656191,teh0+
656217,s075E
656232,s076
656249,thk2fq
656264,ehn0+
656290,ehn1
656331,tlk0+
656357,tlk1R
656372,s076E
656387,s077
656427,s077E
656442,s078
656499,s078E
656514,s079
656611,s079E
656626,s080
656643,loug'
656692,stat
656722,gak0
656740,qstc
656789,s080E
656804,fdo1
656821,fdo1
656836,stop
656873,fdi2
656893,fdo1
656910,fdo1F
657058,thk0J
657194,fdi1
657211,s000
657257,tlk1fW
657272,tlk0+
657342,nmi0RU
657357,s000EU
657372,s001
657436,tlk1
657512,tlk1RU
657527,s001EU
657542,s004
657614,thk1RU
657629,s004EU
657644,s005
657745,tlk1RU
657760,s005EU
657775,s006
657818,tlk1
657859,tlk1S
657914,s006EU
657929,s007
657952,dis0
658069,s007EU
658084,s008
658104,tlk0+
658130,tlk1
658158,s008EU
658173,s009
658208,map0+
658237,poi2
658255,s009EU
658270,s010
658361,s010EU
658376,s011
658458,s011EU
658473,s012
658555,s012EU
658570,s013
658597,kiz1+
658620,thk1
658656,s013EU
658671,s014
658688,kiz2+
658729,s014EU
658744,s015
658804,thk1kidl0
658828,s015EU
658843,s016
658925,s016EU
658940,s018
658957,thk2
658984,tlk0+
659013,tlk1RU
659028,s018EU
659043,s023
659086,s023EU
659101,s017
659156,thk0RU
659171,s017EU
659186,s022
659237,s022EU
659252,s019
659269,tlk0+
659295,tlk1
659336,s019EU
659351,s020
659408,s020EU
659423,s021
659478,s021EU
659493,s024
659528,tlk0+
659554,tlk1f
659569,thk1y
659596,s024EU
659611,s025
659680,tlk1RU
659695,s025EU
659710,s026
659765,s026EU
659780,s027
659823,tlk1RU
659838,s027EU
659853,s028
659870,kob0+
659899,kob0RU
659914,s028EU
659929,s029
659998,tlk1RU
660013,s029EU
660028,s030
660063,tlk0+
660089,tlk1
660162,s030EU
660177,s031
660260,s031EU
660275,s032
660337,s032EU
660352,s033
660416,s033EU
660431,s034
660448,kiz1+
660471,kiz2+
660486,kidl0
660506,s034EU
660521,s035
660541,tlk0+
660567,tlk1RU
660582,s035EU
660597,s036
660640,s036EU
660655,s037
660709,s037EU
660724,s038
660767,s038EU
660782,s039
660834,s039EU
660849,s040
660966,s040EU
660981,s041
661030,s041EU
661045,s042
661103,s042EU
661118,s043
661146,tlk0+
661236,s043EU
661251,s044
661381,s044EU
661396,s045
661439,tlk1J
661493,s045EU
661508,s046
661542,s046EU
661557,s047
661635,tlk1RU
661650,s047EU
661665,s048
661711,s048EU
661726,s049
661775,bik1
661805,s049EU
661820,s050
661873,s050EU
661888,s051
661905,tlk0J
661940,tlk1
661993,s051EU
662008,s052
662063,s052EU
662078,s053
662095,tlk0+
662129,tlk1
662173,ehn1
662191,s053EU
662206,s056
662235,tlk0+
662261,tlk1
662302,s056EU
662317,s055
662349,kidl0
662369,s055EU
662384,s054
662429,thk1+
662492,s054EU
662507,s057
662607,s057EU
662622,s058
662714,s058EU
662729,s059
662778,tlk1RU
662793,s059EU
662808,s060
662841,s060EU
662856,s061
662922,s061EU
662937,s062
663022,s062
663045,s064
663073,s064
663093,s063
663125,tlk0+
663151,tlk1
663215,tlk0+
663241,tlk1
663325,s064
663351,s064
663369,s063EU
663384,s065
663428,thk1+
663478,tlk0+
663504,tlk1
663536,thk1+
663568,tlk0+
663594,tlk1
663626,thk1+
663676,tlk0+
663702,tlk1
663730,s065
663753,s064
663781,s064
663801,s063
663840,bik0+
663866,bik1
663884,iro0+
663927,thk1+
663977,iro0+
664014,tlk0+
664040,tlk1
664058,iro0+
664097,s065
664120,s064
664148,s064
664168,s063
664213,thk1+
664245,tlk0+
664271,tlk1
664306,thk1+
664338,tlk0+
664364,tlk1
664399,thk1+
664431,tlk0+
664457,tlk1
664486,s065
664509,s076
664537,s076
664557,s072
664580,thk1+
664638,s076
664664,s076
664682,s072EU
664697,s069
664776,s069
664799,s073
664827,s073
664847,s067
664864,tlk0+
664890,tlk1
664914,thk1+
664972,s073EU
664987,s074
665015,s073EU
665030,s074
665050,s067EU
665065,s068
665105,tlk0+
665136,tlk1
665162,s074
665188,s074
665206,s068EU
665221,s066
665245,tlk0
665294,tlk1
665312,s066EU
665327,s070
665344,tlk0+
665370,tlk1J
665421,s070EU
665436,s071
665453,tlk0+
665476,tlk1
665494,iro0+
665530,fdo1
665547,fdo1RU
665596,fdi2
665616,fdo1
665633,fdo1F
665754,fdi1
665779,s082
665807,s082
665827,s080
665879,tlk1y
665904,s080RU
665919,s082EU
665934,s081
666003,fdo1
666020,fdo1RU
666062,fdi2
666082,fdo1
666099,fdo1F
666251,fdi1
666276,s082
666304,s082
666324,s080
666384,tlk1
666407,s082EU
666422,s084
666450,s082EU
666465,s084
666485,s080EU
666500,s083
666537,s083RU
666552,s084EU
666567,s085
666653,s085EU
666668,s086
666747,s086EU
666762,s087
666823,s087EU
666838,s088
666855,boff
666872,boffJ
666990,s088EU
667005,s089
667171,s089
667194,s091
667222,s091
667242,s090
667291,bik1
667324,s091EU
667339,s093
667367,s091EU
667382,s093
667402,s090EU
667417,s092
667508,s093
667534,s093
667552,s092EU
667567,s094
667644,fdo1
667661,fdo1RU
667676,s094
667703,fdi2
667720,qstc
667740,fdo1
667757,fdo1F
667970,thk1
668002,fdi1
668027,s000
668057,s000E
668072,s001
668130,thk2
668157,s001
668180,st02
668208,st02
668236,sg02
668256,s002
668279,tlk0+
668313,tlk1
668390,st02
668416,st02
668442,sg02
668460,s002E
668475,s003
668518,thk1
668556,thk2
668583,s003E
668598,s004
668635,tlk0+
668669,tlk1
668697,s004E
668712,s005
668761,tlk0+
668787,tlk1
668810,pos0
668834,s005E
668849,s006
668886,s007
668903,tlk0+
668929,syu0+
668955,fdo1
668972,fdo1R
668987,sd00R
669002,sd00E
669017,boff
669034,boff
669061,fdi2
669081,fdo1
669098,fdo1F
669237,fdi1
669262,s010
669401,s010
669424,sg11
669452,st11
669480,st11
669508,sg11
669528,s011
669620,sg11
669646,st11
669672,st11
669698,sg11
669716,s011E
669731,s012
669765,s012E
669780,s013
669819,s013E
669834,s014
669877,s014
669900,st15
669928,st15
669948,s015
670004,st15
670030,st15
670048,s015E
670063,s016
670089,tlk0+
670115,tlk1'
670172,s016E
670187,s017
670221,thk1
670272,s017
670295,st18
670323,st18
670343,s018
670365,tlk0+
670396,tlk0+
670422,tlk1
670448,s010
670587,s010
670610,sg11
670638,st11
670666,st11
670694,sg11
670714,s011
670731,tlk0+
670767,tlk0+
670793,tlk1
670827,st18
670855,st18
670875,s018
670919,fdo1
670936,fdo1
670959,st18R
670974,sg11
671000,st18R
671015,st11
671041,st18R
671056,st11
671082,st18R
671097,sg11
671115,s018R
671130,s011
671191,fdi2
671211,fdo1
671228,fdo1F
671315,fdi1
671340,st20
671368,st20
671388,s020
671436,tlk0+
671462,tlk1
671480,pas0+
671506,fdo1
671523,fdo1R
671538,s020R
671553,st20
671580,fdi2
671600,fdo1
671617,fdo1F
671755,fdi1
671772,s010
671901,s010E
671916,s030
671954,s030
671977,st31
672005,st31
672025,s031
672057,thd0+
672082,thd1#'
672113,mig0
672139,st31
672165,st31
672183,s031E
672198,s032
672226,mig1
672255,twa1
672297,s032E
672312,s033
672341,kizm
672365,s033E
672380,s029
672431,kiz1
672449,s029
672472,st34
672500,st34
672520,s034
672602,st34E
672617,st35
672645,st34E
672660,st35
672680,s034E
672695,s035
672721,tlk0+
672747,tlk1
672789,st35
672815,st35
672833,s035E
672848,s036
672906,s036
672929,st37
672957,st37
672977,s037
673004,thd0+
673030,thd1
673087,st37
673113,st37
673131,s037E
673146,s038
673189,kat1
673207,s038E
673222,s039
673250,kat2R
673265,s039E
673280,s040
673300,tlk0+
673334,tlk1
673352,s040E
673367,s041
673392,tlk0+
673418,tlk1y
673443,s041
673466,st35
673494,st35
673514,s035
673558,st35
673584,st35
673602,s035E
673617,s042
673672,s042E
673687,s043
673704,kiz1+
673730,kiz2+
673756,mig1+
673782,twa1R
673797,s043
673820,st44
673848,st44
673868,s044
673924,st44
673950,st44
673968,s044E
673983,s045
674000,kim0
674038,kim1
674056,s045E
674071,boff
674088,boffE
674103,s046
674144,s046
674167,st35
674195,st35
674215,s035
674276,st35
674302,st35
674320,s035E
674335,s047
674402,s047E
674417,s048
674500,s048E
674515,s049
674570,iro0+
674619,s049E
674634,s050
674704,s050
674727,st51
674755,st51
674775,s051
674831,tlk0+
674857,tlk1J
674914,st51
674940,st51
674958,s051E
674973,s052
675016,s052
675039,st53
675067,st53
675087,s053
675128,tlk0+
675162,tlk1
675188,st53
675214,st53
675232,s053E
675247,s054
675264,syu0+
675290,tlk0+
675336,tlk1R
675351,s054E
675366,s055
675423,iro0+
675479,s055E
675494,s056
675521,s056E
675536,s057
675563,fdo1
675580,fdo1R
675630,fdi2
675647,qstc
675667,fdo1
675684,fdo1F
675889,fdi1
675914,s060
675938,tlk0+
675964,tlk1n
676033,s060E
676048,s061
676106,kiz1+
676135,kiz2
676169,s061E
676184,s062
676201,tlk0+
676235,tlk1
676276,s062
676299,st63
676327,st63
676347,s063
676375,st63
676401,st63
676419,s063E
676434,s064
676506,s064E
676521,s065
676575,bik0#
676613,st66
676641,st66
676661,s066
676736,st66
676764,st66
676784,s066
676879,st66
676905,st66
676923,s066E
676938,s067
676999,st66
677025,st66
677043,s066E
677058,s067
677120,fdo1
677137,fdo1R
677152,s065
677175,st66
677201,st66
677219,s066R
677234,s067
677261,fdi2
679524,fdi0
679541,fdi0
679557,fdo0
679574,fdo0
679590,fdi1
679607,fdi1
679623,fdo1
679640,fdo1
679656,whi1
679673,whi1
679689,who1
679706,who1
679722,who2
679739,who2
679755,who3
679772,who3
679788,main
679808,fdo1
679825,fdo1
679841,fdi1
679858,main
679878,fdi1
679894,blon
679911,blon
679929,whi0
679946,whi0
679962,who0
679979,who0
679995,efon
680012,efon
680028,fdis
680046,fdos
680063,fdos
680079,fdif
680097,fdof
680114,fdof
680130,fdip
680148,fdop
680165,fdop
680182,fdo1
680199,fdo1F
680338,orz0
680354,orz0E
680369,s030
680386,fdi1
680414,tlk0+
680440,tlk1
680460,hiz1+
680484,hiz1
680523,s030E
680538,s031
680672,s031
680695,sg32
680723,st32
680751,st32
680779,sg32
680799,s032
680816,dis0+
680852,s032R
680867,st32R
680882,sg32E
680897,s033
680914,tlk0+
680940,tlk1f
680955,thk1+
680981,thk2J
681024,s033E
681039,s034
681062,gud0+
681109,pos0
681137,s034E
681152,s038
681186,boff
681203,boffR
681218,s038E
681233,s035
681250,iro0+
681288,s035E
681303,s036
681320,gkr0
681361,onmy
681389,mon0+
681415,gkr1
681439,klmy
681466,s036
681489,st37
681517,st37
681537,s037
681660,fdo1
681677,fdo1R
681692,s037R
681743,fdi2
681786,tlk0
681814,ten0E
681829,fdo1
681846,fdo1F
682603,s000
682620,fdi1
682724,s000Ei
682739,s050
682759,s050Ei
682774,s001
682794,tlk0+
682820,tlk1fl
682835,ghn1+
682866,s001Ei
682881,s002
682910,iro0+
682936,sinb
682971,s002Ei
682986,s003
683025,ff01+
683062,ase0+
683094,k064
683111,s003Ei
683126,s004
683166,gud0+
683192,f000kidl0
683205,kidl0
683225,ase1Ri
683240,s004Ei
683255,s005
683300,s005Ei
683315,s006
683349,pos0+
683381,boff
683418,s006Ei
683433,s007
683495,tlk1
683513,k031
683530,s007Ei
683545,s008
683562,syu0+
683588,s008Ei
683603,s009
683620,fan3
683637,wai0+
683683,k031
683706,s009Ei
683721,s010
683738,fan1
683781,tlk0
683819,tlk1
683857,s010Ei
683872,s052
683889,pyn0
683907,k031
683957,s052Ei
683972,s051
683992,uep13
684035,han0
684053,s051Ei
684068,s011
684085,fan3
684102,wai0+
684148,k031
684175,s011Ei
684190,s012
684212,iro0+
684238,mgk0fl
684253,ehn0
684292,std0Ri
684307,s012Ei
684322,s013
684339,msu0+
684429,s013Ei
684444,s014
684461,syu0+
684487,s014Ei
684502,s015
684537,s015Ei
684552,s016
684631,s016Ei
684646,s017
684693,wai0
684701,Sangy
684785,kiks
684801,std0Ri
684816,s017Ei
684831,s018
684896,k031
684913,s018Ei
684928,s019
684945,tlk0+
684979,tlk1Ri
684994,s019Ei
685009,s020
685029,s020Ei
685044,s021
685181,joy0
685220,joy1Ri
685235,s021Ei
685250,s022
685285,s022Ei
685300,s023
685317,mon0+
685395,s023Ei
685410,s053
685427,syu0+
685463,s053Ei
685478,s024
685495,iro0+
685521,gkr0
685562,onmy
685621,gkr1
685645,klmy
685741,s024Ei
685756,s025
685868,s025Ei
685883,s026
685906,thk1+
685940,thk2
685971,s026
685994,sg27
686022,st27
686050,st27
686078,sg27
686098,s027
686118,tlk0+
686144,tlk1n
686183,s027Ri
686198,st27Ri
686213,sg27
686236,st28
686264,st28
686284,s028
686307,yre0+
686355,s028Ri
686370,st28Ei
686385,s029
686405,s029Ei
686420,s030
686426,kidl0
686468,s030Ei
686483,s031
686558,s022
686603,s031Ei
686618,s032
686653,tlk0+
686687,ten0Ri
686702,s032Ei
686717,s033
686734,thk1+
686760,thk2Ri
686775,s033Ei
686790,s034
686841,s000
686890,s034Ei
686905,s035
686925,ang0+
686951,s035Ei
686966,s036
687038,s036Ei
687053,s037
687070,s000
687110,s037Ei
687125,s038
687147,mod0+
687196,nok1
687241,s038Ei
687256,s039
687273,yre0+
687325,s039
687348,sg40
687376,st40
687404,st40
687432,sg40
687452,s040
687489,tlk0+
687543,s040Ri
687558,st40Ri
687573,sg40Ei
687588,s041
687611,pos0+
687643,s041Ei
687658,s042
687690,thk0
687708,fdo1
687725,fdo1Ri
687740,s042
687832,fdi2
687852,fdo1
687869,fdo1F
688021,s030
688038,fdi1
688058,s030
688081,sg31
688109,sg31
688137,sg31
688157,s031
688207,twa0+
688233,twa1
688259,sg31
688285,sg31
688311,sg31
688329,s031E
688344,s032
688380,s032
688403,sg33
688431,sg33
688459,st33
688487,st33
688515,sg33
688535,s033
688552,sas0+
688624,sas1n
688662,sg33E
688677,sg34
688705,sg33E
688720,sg34
688748,st33E
688763,st34
688791,st33E
688806,st34
688834,sg33E
688849,sg34
688869,s033E
688884,s034
688951,sg34
688977,sg34
689003,st34
689029,st34
689055,sg34
689073,s034E
689088,s035
689108,tlk0+
689151,tlk1n
689181,s035E
689196,s036
689255,s036
689278,sg37
689306,sg37
689334,st37
689362,st37
689390,sg37
689410,s037
689427,twa0+
689461,twa1n
689506,sg37E
689521,sg38
689549,sg37E
689564,sg38
689592,st37E
689607,st38
689635,st37E
689650,st38
689678,sg37E
689693,sg38
689713,s037E
689728,s038
689745,tlk0+
689779,tlk1
689797,thk0+
689854,sg38
689880,sg38
689906,st38
689932,st38
689958,sg38
689976,s038E
689991,s039
690042,s039E
690057,s040
690128,s040E
690143,s041
690166,pos0+
690209,fdo1
690226,fdo1R
690241,s041
690268,fdi2
690288,fdo1
690305,fdo1F
690703,std0
690933,xxxx
691077,std0
691203,xxxx
691347,std0
691473,xxxx
691617,std0
691807,std0
692013,s000
692030,fdi1
692151,s001
692185,m307
692232,s002
692308,s003
692343,s004
692382,pos0
692456,s005
692462,kidl0
692493,tlk0
692570,s006
692587,m612
692604,m612
692637,s007
692694,s008
692758,s010
692813,s029
692896,s011
692924,tla0
693001,s012
693024,thk1+
693050,thk2
693086,s013
693103,s022
693180,s014
693235,s015
693303,s016
693369,s004
693408,pos0
693456,s005
693462,kidl0
693493,tlk0
693570,s006
693587,m505
693634,s009
693673,pos0
693721,s011
693727,kidl0
693758,tlk0
693835,s006
693852,m510
693899,s017
693960,s004
693999,pos0
694047,s005
694053,kidl0
694084,tlk0
694161,s006
694178,m111
694225,s018
694288,s029
694360,s011
694388,tlk0
694465,s032
694497,mgk0
694547,s020
694553,kidl0
694579,ase0+
694660,s005
694688,tla0
694765,s013
694782,s022
694846,s015
694904,s021
694927,ase2+
694961,xxxx
695020,s022
695037,pyn0
695055,hit0
695082,std0
695116,ase3
695140,main
695175,s023
695216,ase1
695223,kidl0
695268,s024
695334,s025
695351,mgk0
695367,std0n
695414,s025
695437,sg26
695465,sg26
695493,st26
695521,st26
695549,sg26
695569,s026
695646,sg26
695672,sg26
695698,st26
695724,st26
695750,sg26
695783,s027
695806,ase0+
695848,ase1
695855,kidl0
695900,s028
695931,tlk0+
695957,tlk1
695983,s028
696000,fdi1
696043,tlk0+
696069,tlk1
696095,s028
696112,fdi1
696132,tlk0+
696166,tlk1
696192,s028
696209,fdi1
696229,tlk0+
696255,tlk1
696360,s033
696433,twa0
696477,twa1
696521,s030
696553,tlk0+
696579,tlk1
696638,tlk0
696677,tlk1
696726,s031
696856,s028
696939,s034
696981,pyn0
696999,hit0
697026,std0
697076,s035
697250,s035C
697370,sg41
697396,sg41
697422,st41
697448,st41
697474,sg41
697507,s037
697562,s036
697601,sg41
697627,sg41
697653,st41
697679,st41
697705,sg41
697723,s041
697746,s019
697778,mgk0
697860,s019kidl0
697890,s037
697945,s036
697996,s036
698019,sg41
698047,sg41
698075,st41
698103,st41
698131,sg41
698151,s041
698214,sg41
698240,sg41
698266,st41
698292,st41
698318,sg41
698351,s019
698383,mgk0
698466,s019kidl0
698496,s037
698551,s036
698588,s005
698621,tlk0
698683,s005
698706,sg42
698734,sg42
698762,st42
698790,st42
698818,sg42
698838,s042
698888,sg42
698914,sg42
698940,st42
698966,st42
698992,sg42
699025,s036
699101,s005
699129,s011
699175,tlk0
699243,tlk1
699261,tla1
699299,s011
699322,sg42
699350,sg42
699378,st42
699406,st42
699434,sg42
699454,s042
699504,sg42
699530,sg42
699556,st42
699582,st42
699608,sg42
699626,s042
699663,s019
699695,mgk0
699778,s019kidl0
699813,s019
699845,mgk0
699901,s019kidl0
699958,s036
699993,s043
700070,s021
700101,s022
700142,s043
700179,s038
700219,s038
700245,s038
700285,s038
700311,s038
700351,s038
700377,s039
700394,tlk0
700640,s036
701060,s036
701083,sg41
701111,sg41
701139,st41
701167,st41
701195,sg41
701215,s041
701934,s036
701957,sg41
701985,sg41
702013,st41
702041,st41
702069,sg41
702089,s041
702534,s040
702551,tlk0+
702600,s040
702654,fdo1
702819,sg60
702847,sg60
702875,st60
702903,st60
702931,sg60
702951,s060
702968,fdi1
703108,sg60
703134,sg60
703160,st60
703186,st60
703212,sg60
703245,s061
703337,s062
703386,fb00
703419,s063
703497,yug0+
703538,s064
703578,f000
703599,iat0
703632,s065
703675,s066
703681,kidl0
703739,s067
703756,fc01+
703782,f000
703841,s068
703858,tlk0+
703899,nok0+
703925,iat0
703958,s069
704016,s070
704033,nok1+
704059,kio0+
704164,s071
704240,s072
704290,hen0+
704331,s073
704348,tlk0+
704382,tlk1+
704423,s074
704486,s075
704552,s076
704569,ude0+
704610,s077
704645,sas0+
704701,s078
704781,s079
704798,tlk0+
704823,tlk1
704830,kidl0
704859,s079
704882,sg80
704910,sg80
704938,st80
704966,st80
704994,sg80
705014,s080
705077,ude0+
705111,ude1J
705143,sg80
705169,sg80
705195,st80
705221,st80
705247,sg80
705280,s081
705368,s035
705416,fdo1
705433,fdo1
705469,orz0
705495,orz0
705521,orz0
705547,orz0
705573,orz0
705599,orz0
705625,orz0
705651,orz0
705690,orz0Hw
705709,s050
705726,fdi1
705743,btl0
705784,s050
705815,s051
705874,s052
705897,thk0+
705936,kbts
705959,s035
705990,s035
706013,fdo1
706126,fdi2
706308,m101
706325,m101
706351,m102
706368,m102
706394,m103
706411,m103
706437,m104
706454,m104
706480,m105
706497,m105
706523,m106
706540,m106
706566,m107
706583,m107
706609,m108
706626,m108
706652,m109
706669,m109
706695,m110
706712,m110
706738,m111
706755,m111
706773,m112
706790,m112
706824,m201
706841,m201
706867,m202
706884,m202
706910,m203
706927,m203
706953,m204
706970,m204
706996,m205
707013,m205
707039,m206
707056,m206
707082,m207
707099,m207
707125,m208
707142,m208
707168,m209
707185,m209
707211,m210
707228,m210
707254,m211
707271,m211
707289,m212
707306,m212
707340,m301
707357,m301
707383,m302
707400,m302
707426,m303
707443,m303
707469,m304
707486,m304
707512,m305
707529,m305
707555,m306
707572,m306
707598,m307
707615,m307
707641,m308
707658,m308
707684,m309
707701,m309
707727,m310
707744,m310
707770,m311
707787,m311
707805,m312
707822,m312
707856,m401
707873,m401
707899,m402
707916,m402
707942,m403
707959,m403
707985,m404
708002,m404
708028,m405
708045,m405
708071,m406
708088,m406
708114,m407
708131,m407
708157,m408
708174,m408
708200,m409
708217,m409
708243,m410
708260,m410
708286,m411
708303,m411
708321,m412
708338,m412
708372,m501
708389,m501
708415,m502
708432,m502
708458,m503
708475,m503
708501,m504
708518,m504
708544,m505
708561,m505
708587,m506
708604,m506
708630,m507
708647,m507
708673,m508
708690,m508
708716,m509
708733,m509
708759,m510
708776,m510
708802,m511
708819,m511
708837,m512
708854,m512
708888,m601
708905,m601
708931,m602
708948,m602
708974,m603
708991,m603
709017,m604
709034,m604
709060,m605
709077,m605
709103,m606
709120,m606
709146,m607
709163,m607
709189,m608
709206,m608
709232,m609
709249,m609
709275,m610
709292,m610
709318,m611
709335,m611
709353,m612
709370,m612
709389,s015
709444,s015A
709493,s039
709510,tlk0
709778,s039
709795,fdo1
709812,fdo1F
710030,s000
710047,fdi1
710067,pas0+
710131,s000E
710146,s001
710163,tlk0+
710197,tlk1f
710212,tlk0+
710268,s001E
710283,s002
710300,tlk0
710380,s002
710403,sg03
710431,sg03
710459,st03
710487,st03
710515,sg03
710535,s003
710558,tlk0+
710592,tlk1
710618,sg03E
710633,sg04
710661,sg03E
710676,sg04
710704,st03E
710719,st04
710747,st03E
710762,st04
710790,sg03E
710805,sg04
710825,s003E
710840,s004
710857,tlk0+
710883,tlk1
710914,sg04
710940,sg04
710966,st04
710992,st04
711018,sg04
711036,s004E
711051,s005
711068,thk1+
711094,tlk0+
711120,tlk1y
711145,s005
711168,sg06
711196,sg06
711224,st06
711252,st06
711280,sg06
711300,s006
711327,tlk0+
711353,tlk0+
711392,sg06
711418,sg06
711444,st06
711470,st06
711496,sg06
711514,s006E
711529,s007
711546,tlk0+
711587,fdo1
711604,fdo1R
711619,s007
711646,fdi2
711666,fdo1
711683,fdo1F
711900,s010
711917,clon
711937,s010E
711952,s011
712021,kak0+
712047,kak1R
712062,s011E
712077,s012
712118,wai0+
712144,s012E
712159,s013
712208,s013E
712223,s014
712270,ude0fl
712285,ehn0
712312,s014E
712327,s015
712366,pyn0
712384,s015E
712399,s016
712408,kidl0
712502,s016E
712517,s017
712537,mgk0
712555,zsa0
712573,s017E
712588,s018
712628,who1
712645,who1Hw
712688,kidl0
712794,nok0
712809,onmy
712838,clof
712855,boff
712872,s018E
712887,s019
712904,whi1
712987,nok1
713005,klmy
713086,s019E
713101,s020
713128,tlk0+
713154,tlk1
713180,s020E
713195,s021
713212,thk0+
713238,thk1
713289,s021
713312,sg22
713340,sg22
713368,st22
713396,st22
713424,sg22
713444,s022
713461,tlk0+
713495,tlk1+
713559,sg22
713585,sg22
713611,st22
713637,st22
713663,sg22
713681,s022E
713696,s023
713767,s023E
713782,s024
713841,main
713861,fdo1
713878,fdo1R
713931,fdi2
714080,sg00
714108,sg00
714136,st00
714164,st00
714192,sg00
714212,s000
714232,twa0+
714266,twa1
714301,sg00
714327,sg00
714353,st00
714379,st00
714405,sg00
714423,s000E
714438,s001
714512,s001E
714527,s002
714606,s002E
714621,s003
714638,tla0
714669,ase0
714687,s003E
714702,s004
714719,tla1J
714762,ase1R
714777,s004E
714792,s005
714825,hen0+
714856,s005E
714871,s006
714899,dead
714926,s006E
714941,s007
715018,s007E
715033,s008
715071,ude0+
715097,s008
715120,sg09
715148,sg09
715176,st09
715204,st09
715232,sg09
715252,s009
715269,tlk0+
715311,tlk1
715337,sg09
715363,sg09
715389,st09
715415,st09
715441,sg09
715459,s009E
715474,s010
715516,s010
715549,fdi2
715757,Aldo
716179,tlb0
716226,tlb0
716309,tlk0f
716324,tlk0
716343,tlk1
716361,thk1
716387,thk2f
716402,tlk1
716486,tlb0
716505,tlb1
716524,thk1
716547,thk2f
716562,ang0
716791,tlk0
716838,tlb0
716897,Bopf
716911,tlb0
716971,tlb0
717001,Bopf
717015,tlb0
717050,qstc
717092,ang0
717120,tlk0
717267,tlk0
717290,tlk1f
717305,pnt0
717324,pnt1
717352,tlk0
717386,Bopf
717400,tlk0
717535,tlk0
717582,tlk0
717663,tlk0
717851,thk1
717870,thk2
718207,tlb0
718254,tlb0
718284,Bopf
718298,tlb0
718409,wav0
718563,tlb1
718611,tlb1
718883,tlk0
718979,tlk0
719002,tlk1n
719151,twb0
719199,twb0
719228,twb0
719257,twb0
719286,twb0
719471,tlk0
719494,ten0
719512,tld0
719546,Bopf
719560,tlk0
719635,tlk0
719732,tlk0
720079,tlb0
720126,tlb0
720242,tlk1
720260,dis0
720278,ten1f
720293,tlk0
720311,tlk2
720373,tlk1
720391,dis0
720409,ten1f
720424,tlk0
720442,tlk2
720533,Bopf
720547,tlb0
720691,dis0
720723,tlk0
720742,tlk1
720761,dis0
720791,tlk0
720838,tlk0
721035,tlk1
721058,ten1
721263,tlk0
721286,tlk1
721559,tlk0
721717,Bopf
721731,tlk0
721778,Bopf
721792,tlk0
721827,qstc
721979,tlk0
722315,tlk0
722426,tlk0+
722457,ten0
722515,opopf
722530,tlk0
722548,tlk1
722566,tlk0
722590,sit0S
722603,sit0
722627,sit1S
722640,sit1
723067,tlk0
723167,tlk0
723185,talk
723201,tlk0
723217,tlk1
723235,tlk0
723572,tlk1
723630,tlk1#
723668,ten1
723691,ten1#
723723,ten1
723789,tlk1
723856,ten1
723872,ten1
723904,ten1
723920,ten1'
723949,ase0
723980,ase0#_
723997,ase1
724013,ase1K
724042,sdo0
724065,sdo0E
724080,fdo1
724097,fdo1#
724124,sdo1
724141,fdi1
724158,fdi1_
724172,sdo1+
724222,tlk0
724261,tlk0#_
724278,ten0
724301,ten0#_
724318,tld0
724349,tld0#_
724366,tld1
724397,tld1#_
724414,thb1
724453,thb1#_
724470,thb2
724493,thb2#_
724510,tlk0
724541,tlk0#_
724558,ten0
724633,dis01
724656,dis0#
724759,tlb0
724799,fdi0
724816,fdi0
724832,fdo0
724849,fdo0
724865,fdi1
724882,fdi1
724898,fdo1
724915,fdo1
724931,whi1
724948,whi1
724964,who1
724981,who1
724997,who2
725014,who2
725030,who3
725047,who3
725063,main
725083,fdo1
725100,fdo1
725116,fdi1
725133,main
725153,fdi1
725169,blon
725186,blon
725204,whi0
725221,whi0
725237,who0
725254,who0
725270,efon
725287,efon
725303,fdis
725321,fdos
725338,fdos
725354,fdif
725372,fdof
725389,fdof
725405,fdip
725423,fdop
725440,fdop
725835,talk
725869,Bopf
725883,talk
725948,talk
725997,talk
726046,qstc
726074,Bopf
726088,talk
726128,Bopf
726142,talk
726207,talk
726251,talk
726299,qstc
726327,Bopf
726341,talk
726375,Bopf
726389,talk
726462,talk
726506,talk
726541,qstc
726569,Bopf
726583,talk
726617,Bopf
726631,talk
726692,tlk0
726728,tlk1f
726743,ang0
726792,tlk1f
726807,ang0
726844,pas0
727047,talk
727096,Bopf
727110,talk
727161,Bopf
727175,talk
727237,talk
727260,tlk1f
727275,thk1
727322,talk
727735,tlk0
727811,tlk0
727884,tlk0
728077,Bopf
728091,tlk0
728158,tlk0
728193,Bopf
728207,tlk0
728258,qstc
728691,tlb1
728836,tls1
728854,tlk0
728872,tlk2J
728904,tls0
729175,tlk0
729304,tlk0
729356,pas0
729378,std0E
729393,qstc
729420,tlk0
729467,tlk0
729531,tlk0
729598,tlk0
729617,jim0
729635,std0
729690,tlk0
729759,tlk0
729847,tlk0
730051,tlk0
730491,tlk0
730543,tlk0
730584,tlk0
730622,tlb0
730636,tlb0
730652,tlb1
730666,tlb1
730682,thk1
730696,thk1
730712,thk2
730726,thk2
730742,dis0
730756,dis0
730772,poi0
730786,poi0
730802,poi1
730816,poi1
730832,web0
730846,web0
730862,pas0
730876,pas0
730892,std0
730906,std0
730922,std1
730936,std1
730952,tlc0
730966,tlc0
730982,tlc1
730996,tlc1
731012,tcst
731026,tcst
731042,sttc
731056,sttc
731135,talk
731173,Bopf
731187,talk
731443,tlk0
731494,tlk0
731528,Bopf
731542,tlk0
731590,mdq0
731609,pas0
731628,tlk0
731666,Bopf
731680,tlk0
731745,tlk0
731768,pas0
731790,tlk0
731821,tlk1
731857,tlk0
731880,mdq0
731899,pas0
731926,tlk1
732311,tlk0
732354,tlk0
732457,tlk0
732517,tlk0
732576,tlk0
732594,tlk1
732660,thk1
732747,tlk0
733031,tlk0
733075,tlk1
733203,tlk0
733247,tlk1
733276,tlk0
733325,tlk0
733365,pas0
733384,qstc
733667,tlk0
733715,tlk0
733778,tlk0
733822,tlk0
733880,qstc
734264,fdo0
734281,fdo0
734588,tlk0
734740,fdi0
734757,fdi0
734773,fdo0
734790,fdo0
734806,fdi1
734823,fdi1
734839,fdo1
734856,fdo1
734872,whi1
734889,whi1
734905,who1
734922,who1
734938,who2
734955,who2
734971,who3
734988,who3
735004,main
735024,fdo1
735041,fdo1
735057,fdi1
735074,main
735094,fdi1
735110,blon
735127,blon
735145,whi0
735162,whi0
735178,who0
735195,who0
735211,efon
735228,efon
735244,fdis
735262,fdos
735279,fdos
735295,fdif
735313,fdof
735330,fdof
735346,fdip
735364,fdop
735381,fdop
735483,tlk0
735555,tlk0
735707,tlb1
735758,tlb1
735930,tlb0
735984,tlb0
736014,Bopf
736028,tlb0
736159,tlb0
736182,tlb1
736199,tlb1
736217,tlk1
736383,tlk0
737383,fdo1
737400,fdo18
737518,s002
737535,fdi1
737552,fdi1+
737590,s002E
737605,s001
737644,s001
737667,s007
737695,s007
737715,s003
737760,s007
737786,s007
737804,s003E
737819,s006
737883,s006
737906,s008
737934,s008
737954,s004
738023,s008
738049,s008
738067,s004E
738082,s005
738158,fdo1
738175,fdo1R
738214,fdi1
738243,fdo1
738260,fdo18
738394,s317
738411,fdi1
738428,fdi1+
738459,s317E
738474,s009
738514,s009E
738529,s318
738554,fdo1
738571,fdo1R
738586,s318
738675,s010
738692,fdi1
738709,fdi1
738740,s010E
738755,s011
738801,s011E
738816,s319
738851,s319E
738866,s320
738908,s320E
738923,s322
739026,fdo1
739043,fdo1N
739098,fdi1
739122,fdo1
739139,fdo18
739276,s002
739293,fdi1
739442,s016
739504,s026
739564,s017
739645,s017
739668,s027
739696,s027
739724,s340
739744,s019
739798,s027
739824,s027
739850,s340
739899,s018
739962,s018
740025,s018
740110,s020
740202,s021
740355,s025
740455,s022
740529,s023
740549,s023
740572,s008
740600,s008
740620,s004
740691,s008
740717,s008
740750,s024
740803,s024
740826,s027
740854,s027
740874,s019
740902,fdo1
740948,s027
740974,s027
740992,s019EG
741007,qstc
741043,fdi1
741067,fdo1
741220,s036
741248,s036
741276,s353
741296,s031
741327,fdi1
741344,fdi1+
741412,s036
741438,s036
741464,s353
741497,s028
741559,s028
741582,s037
741610,s037
741630,s033
741670,s037
741696,s037
741729,s029
741807,s030
741935,s032
741974,s032
741997,s038
742025,s038
742053,s354
742073,s034
742166,s038
742192,s038
742218,s354
742236,s034
742259,s039
742287,s039
742307,s035
742405,s038
742433,s038
742453,s034
742500,s038
742526,s038
742544,s034
742567,fdo1
742584,fdo1
742607,s039
742633,s039
742685,fdi1
742714,fdo1
742731,fdo18
742859,s040
742876,fdi1
742893,fdi1+
742916,s040
742939,s008
742967,s008
742987,s004
743056,s008
743082,s008
743100,s004E
743115,s041
743162,s041E
743177,s042
743243,fdo1
743260,fdo1R
743323,fdi1
743347,fdo1
743364,fdo18
743497,s001
743514,fdi1
743599,s001Ec
743614,s002
743686,s002Ec
743701,s003
743751,s003
743774,s017
743802,s017
743822,s004
743901,s017
743927,s017
743945,s004
743968,s018
743996,s018
744016,s005
744108,s018
744134,s018
744152,s005Ec
744167,s006
744226,s006Ec
744241,s003
744327,s003
744350,s019
744378,s019
744398,s007
744459,s019
744485,s019
744503,s007
744526,s020
744554,s020
744574,s008
744672,s020
744698,s020
744716,s008Ec
744731,s009
744864,s009
744887,s021
744915,s021
744935,s010
745042,s021
745068,s021
745086,s010Ec
745101,s023
745126,s023Ec
745141,s011
745252,s011Ec
745267,s012
745323,s012Ec
745338,s013
745372,s013
745395,s022
745423,s022
745443,s014
745491,s022
745517,s022
745535,s014Ec
745550,s015
745600,s015Ec
745615,s016
745664,fdo1
745714,s016EG
745729,qstc
745748,fdi1
745772,fdo1
745789,fdo18
745903,s301
745920,fdi1
745937,fdi1+7
746012,fdo1
746051,s301F
746068,fdi1
746099,s300
746166,s300Ec
746181,s302
746221,s302Ec
746236,s303
746297,s303Ec
746312,s304
746373,s304
746383,M#Ec
746396,s308
746411,i#Ec
746424,s308
746431,z#Ec
746444,s305
746513,s308
746539,s308
746557,s305
746575,fdo1
746592,fdo1F
746609,fdi1
746633,fdo1
746650,fdo18
746773,s300
746790,fdi1
746807,fdi1+7
746832,s300Ec
746847,s318
746885,s318Ec
746900,s312
746969,s312Ec
746984,s316
747017,s316
747040,s311
747068,s311
747088,s312
747135,fdo1
747152,fdo1
747175,s311
747201,s311
747219,s312EG
747234,qstc
747267,fdi1
747291,fdo1
747308,fdo18
747427,s314
747444,fdi1
747461,fdi1+7
747487,s314
747510,s319
747538,s319
747558,s313
747608,s319
747634,s319
747652,s313Ec
747667,s310
747714,s310
747737,s308
747765,s308
747785,s305
747840,s308
747866,s308
747884,s305
747907,s319
747935,s319
747955,s313
748002,fdo1
748019,fdo1
748042,s319
748068,s319
748086,s313EG
748101,qstc
748134,fdi1
748158,fdo1
748175,fdo18
748291,s315
748308,fdi1
748325,fdi1+7
748350,s315Ec
748365,s318
748403,s318Ec
748418,s316
748465,s316Ec
748480,s303
748541,s303Ec
748556,s304
748595,s304
748618,s311
748646,s311
748666,s312
748705,fdo1
748722,fdo1
748745,s311
748771,s311
748789,s312EG
748804,qstc
748837,fdi1
748861,fdo1
748878,fdo18
748992,s301
749009,fdi1
749026,fdi1+7
749049,s301Ec
749064,s300
749131,s300
749149,fdo1
749166,fdo1F
749183,fdi1
749207,fdo1
749224,fdo18
749345,s300
749362,fdi1
749379,fdi1+7
749426,s300Ec
749441,s302
749487,s302Ec
749502,s303
749549,s303Ec
749564,s317
749603,fdo1
749620,fdo1Rc
749635,s317F
749652,fdi1
749896,s304
749943,s304Ec
749958,s306
750076,s307
750137,s307
750436,tlk0
750450,tlk0
750466,tlk1
750480,tlk1
750496,pas0
750510,pas0
750526,sinb
750540,sinb
750556,tlk0
750570,tlk0
750586,tlk1
750600,tlk1
750616,thk1
750630,thk1
750646,thk2
750660,thk2
751736,pas0
751750,pas0
751766,thk1
751780,thk1
751796,thk2
751810,thk2
751826,tlk0
751840,tlk0
751856,std0
751876,tla0
751890,tla0
751906,tla1
751920,tla1
751936,tlb0
751950,tlb0
751966,tlb1
751980,tlb1
751996,oti0
752010,oti0
752026,oti1
752040,oti1
752056,oro0
752070,oro0
752086,oro1
752100,oro1
752116,wav0
752130,wav0
752217,pas0S
752230,pas0
755855,qstc
755904,tlk0n
755920,tlk0
755937,std0n
755953,std0
755970,thk1n
755986,thk1
756003,thk2n
756019,thk2
756036,tla0n
756052,tla0
756069,tla1n
756085,tla1
756102,tlb0n
756118,tlb0
756135,tlb1n
756151,tlb1
756168,oti0n
756184,oti0
756201,oti1n
756217,oti1
756234,oro0n
756250,oro0
756267,oro1n
756283,oro1
756300,wav0n
756316,wav0
756333,pas0n
756349,pas0
760285,s196
760369,s196E
760384,s200
760440,s200
760466,s196
760489,s199
760513,s199
760531,s198
760558,s198E
760573,s196
760604,s196E
760619,s197
760659,s201
760676,tlk0
760699,s201E
760714,s202
760731,tlk1y
760776,s202E
760791,s203
760868,s203E
760883,s204
760923,bru0
760938,kidl09
760967,s204E
760982,s205
761037,s205E
761052,s206
761099,tlk0
761122,tlk1
761139,tlk1R
761154,s206E
761169,s207
761186,pos0
761208,s207E
761223,s208
761276,trg0
761296,s208E
761311,s209
761348,s209E
761363,s210
761380,tlk0
761405,s197R
761464,qstc
761481,fdi2
762020,tlk0
762042,tlk1
762068,tlk0
762090,tlk1
762116,tlk0
762138,tlk1
762164,tlk0
762186,tlk1
762248,tlk0
762274,tlk1
762300,tlk0
762326,tlk1
762352,tlk0
762382,tlk1
762408,tlk0
762434,tlk1
769882,fdi0
769899,fdi0
769915,fdo0
769932,fdo0
769948,fdi1
769965,fdi1
769981,fdo1
769998,fdo1
770014,whi1
770031,whi1
770047,who1
770064,who1
770080,who2
770097,who2
770113,who3
770130,who3
770146,main
770166,fdo1
770183,fdo1
770199,fdi1
770216,main
770236,fdi1
770252,blon
770269,blon
770287,whi0
770304,whi0
770320,who0
770337,who0
770353,efon
770370,efon
770386,fdis
770404,fdos
770421,fdos
770437,fdif
770455,fdof
770472,fdof
770488,fdip
770506,fdop
770523,fdop
770811,tlk0
770828,tlk0f
770843,tlk1
770918,thk1
770935,thk1y
770960,thk2S
770973,thk2f
770988,tlk0
771005,tlk0f
771020,tlk1
771056,tlk1
771083,tlk1
771112,tlk0
771129,tlk0
771152,tlk1
771169,tlk1
771188,tlk0
771205,tlk0
771228,tlk1
771245,tlk1
771310,tlk0
771331,tlk0f
771346,tlk1
771363,tlk1y
771405,tlk0
771426,tlk0f
771441,tlk1
771463,tlk1
771492,thk1
771509,thk1f
771524,thk2S
771576,thk1
771593,thk1f
771608,thk2
771648,thk2f
771663,tlk0
771680,tlk0f
771695,tlk1S
771708,tlk1
773452,fdi0
773469,fdi0
773485,fdo0
773502,fdo0
773518,fdi1
773535,fdi1
773551,fdo1
773568,fdo1
773584,whi1
773601,whi1
773617,who1
773634,who1
773650,who2
773667,who2
773683,who3
773700,who3
773716,main
773736,fdo1
773753,fdo1
773769,fdi1
773786,main
773806,fdi1
773822,blon
773839,blon
773857,whi0
773874,whi0
773890,who0
773907,who0
773923,efon
773940,efon
773956,fdis
773974,fdos
773991,fdos
774007,fdif
774025,fdof
774042,fdof
774058,fdip
774076,fdop
774093,fdop
774110,fdo1
774127,fdo1F
774677,s000
774694,s016
774714,fdi1
774749,s016E#
774764,s017
774836,s017E#
774851,s018
774907,s018E#
774922,s019
775081,s019
775104,s021
775132,s021
775152,s020
775234,s020R#
775249,s021E#
775264,s022
775307,s022E#
775322,s023
775375,s020R#
775390,s021E#
775405,s022
775448,s022E#
775463,s023
775554,s023E#
775569,s024
775688,s024E#
775703,s041
775804,s041E#
775819,s025
775859,s025E#
775874,s026
775972,flwh
775992,s026E#
776007,s027
776066,flcl
776113,flwh
776133,s027E#
776148,s028
776201,kil0
776227,flcl
776277,s028E#
776292,s029
776330,s029E#
776345,s030
776414,s030E#
776429,s031
776520,s031E#
776535,s033
776600,s033E#
776615,s034
776689,s034E#
776704,s035
776759,s035
776782,s036
776810,s036
776838,s038
776866,s038
776894,s036
776914,s037
776990,s036R#
777005,s037R#
777020,s038
777043,s040
777071,s040
777091,s039
777146,fdo1
777163,fdo1R#
777178,s039R#
777193,s040
777290,fdi2
777389,run1
778328,fdo1
778374,run1
778403,fdi2
778472,run1
778599,fdo1
778645,run1
778674,fdi2
778974,fdo1
779020,run1
779049,fdi2
779118,run1
779235,fdo1
779281,run1
779310,fdi2
779327,qstc
779396,run1
779513,fdo1
779559,run1
779588,fdi2
779605,qstc
779674,run1
779791,fdo1
779837,run1
779866,fdi2
779883,qstc
779952,run1
780069,fdo1
780115,run1
780144,fdi2
780161,qstc
780230,run1
780347,fdo1
780393,run1
780422,fdi2
780439,qstc
780508,run1
780671,fdo1
780717,run1
780746,fdi2
780763,qstc
780930,run1
781028,fdo1
781074,run1
781103,fdi2
781172,run1
781257,fdo1
781303,run1
781332,fdi2
781401,run1
781486,fdo1
781532,run1
781561,fdi2
781630,run1
781873,fdo1
781919,run1
781948,fdi2
782017,run1
782424,fdo1
782470,run1
782499,fdi2
782586,fdo1
782632,run1
782661,fdi2
782730,run1
782828,fdo1
782874,run1
782903,fdi2
782972,run1
783159,fdo1
783205,run1
783234,fdi2
783479,X'B'
783523,fdo1
783569,run1
783598,fdi2
784416,fdo1
784448,run1F
784594,wrun
784626,fdi1
784750,fdo1
784782,wrunN
784834,fdi2
785102,geo1
785192,fdo1
785253,geo2
785282,fdi2
785587,geo2
785687,kidl0
786116,fdo1
786177,geo2
786206,fdi2
786300,geo1
786517,fdo1
786578,geo2
786607,fdi2
786843,geo1
787202,fdo1
787263,geo2
787292,fdi2
787516,geo1
787988,fdo1
788049,geo2
788078,fdi2
788854,fdo1
788901,geo2F
789047,wgeo
789079,fdi1
789188,fdo1
789220,wgeoN
789272,fdi2
789341,fdo1
789388,geo2F
789534,wgeo
789566,fdi1
789675,fdo1
789707,wgeoN
789759,fdi2
789816,fdo1
789848,run1F
789994,wrun
790026,fdi1
790150,fdo1
790182,wrunN
790234,fdi2
791580,fdi0
791597,fdi0
791613,fdo0
791630,fdo0
791646,fdi1
791663,fdi1
791679,fdo1
791696,fdo1
791712,whi1
791729,whi1
791745,who1
791762,who1
791778,who2
791795,who2
791811,who3
791828,who3
791844,main
791864,fdo1
791881,fdo1
791897,fdi1
791914,main
791934,fdi1
791950,blon
791967,blon
791985,whi0
792002,whi0
792018,who0
792035,who0
792051,efon
792068,efon
792084,fdis
792102,fdos
792119,fdos
792135,fdif
792153,fdof
792170,fdof
792186,fdip
792204,fdop
792221,fdop
792318,s000
792375,s000E
792390,s005
792443,s005E
792458,s004
792583,s004
792647,s004
792670,s006
792724,s006y
792749,s007
792863,s007E
792878,s008
792944,s062
792961,s062
793035,s008w-
793307,s001
793426,s001hN
793506,fdi2
793531,fdo1
793548,fdo1F
793932,s000
793952,fdi1
794016,s000E_
794031,s001
794086,s001E_
794101,s002
794185,s002E_
794200,s003
794297,s003
794325,s015
794353,s015
794373,s004
794480,s015R_
794495,s016
794521,s015R_
794536,s016
794554,s004R_
794569,s010E_
794584,s013
794679,pho1
794696,pho1R_
794711,s013
794726,sef0
794743,pink
794782,whi1
794799,s014
794816,kils
794842,whi1
794885,s014
794908,s016
794936,s016
794956,s010
795017,s015R_
795032,s016
795058,s015R_
795073,s016
795091,s004R_
795106,s010E_
795121,s005
795257,s005E_
795272,s006
795309,s006E_
795324,s011
795377,s011
795400,s016
795428,s016
795448,s010
795504,s015R_
795519,s016
795545,s015R_
795560,s016
795578,s004R_
795593,s010E_
795608,s007
795710,s007E_
795725,s006
795752,s006E_
795767,s011
795820,s011
795843,s016
795871,s016
795891,s010
795963,s008
796005,s008
796028,s017
796056,s017
796076,s009
796132,s017
796158,s017
796176,s009
796199,s018
796227,s018
796247,s012
796341,s018
796367,s018
796385,s012E_
796400,s019
796427,mainw
796459,fdo1
796534,fdi2
796559,fdo1
796576,fdo1F
796762,s096
796790,s096
796818,s098
796846,s098
796874,s096
796894,s097
796914,fdi1
796949,s096R
796964,s097R
796979,s098E
796994,s099
797019,pas0
797044,pas0R
797059,s099N
797080,s100
797097,thk1+A
797142,thk1f
797157,thk2SA
797170,thk2JA
797209,s050
797270,s050
797293,s051
797321,s051
797349,s053
797377,s053
797405,s051
797425,s052
797454,tlk0
797541,s054
797584,tlk0f
797599,tlk1+
797643,pos0
797681,s055
797724,syu0+
797745,syu0J
797769,s055E
797824,s057
797852,s057
797872,s056
797895,tlk0
797966,s057
797989,s058
798017,s058
798045,s060
798073,s060
798101,s058
798121,s059
798138,tlk1+
798159,tlk1n
798189,fdo1
798251,s060
798280,qstc
798297,fdi2
798317,fdo1
798334,fdo1F
798533,s067
798553,fdi1
798596,s067E
798611,s068
798645,tlk0
798663,s068
798686,s069
798714,s069
798742,s071
798770,s071
798798,s069
798818,s070
798869,s069R
798884,s070R
798899,s071E
798914,s072
798931,tlk1+F
798952,tlk1f
798967,tlk0+F
798988,tlk0R
799003,s072E
799018,s073
799035,tlk1
799072,tlk1JF
799096,s073E
799111,s074
799198,s074E
799213,s076
799245,s076E
799260,s077
799280,s077E
799295,s078
799340,s078kidl0c
799391,s079
799430,s079E
799445,s080
799545,fdo1
799562,fdo1R
799577,s080
799613,qstc
799630,fdi2
799650,fdo1
799667,fdo1F
799863,s078
799883,fdi1
799924,s078E
799939,s079
799970,tlk0+
799991,tlk0JA
800015,s079E
800030,s080
800079,tlk1S
800092,tlk1J
800153,s080E
800168,s081
800224,s082
800286,s082E
800301,s083
800359,pial+
800380,pialkidl0
800411,s083E
800426,s084
800507,pas0+
800528,pas0JA
800552,s084E
800567,s098
800590,tlk0+A
800611,tlk0J
800635,s098E
800650,s085
800673,tlk1f
800688,tlk0+
800709,tlk1S
800722,tlk0f
800737,tlk1+
800758,tlk1J
800791,s085E
800806,s086
800864,s086
800887,s087
800915,s087
800943,s089
800971,s089
800999,s087
801019,s088
801047,fdo1
801064,fdo1R
801079,s087R
801094,s088R
801109,s089
801152,qstc
801169,fdi2
801194,fdo1
801211,fdo1F
801340,s000
801360,fdi1
801423,s000E
801438,s001
801481,s001E
801496,s010
801527,kidl0
801563,s010
801586,s011
801614,s011
801642,s013
801670,s013
801698,s011
801718,s012
801745,s011R
801760,s012R
801775,s013E
801790,s014
801870,s015
801907,s015E
801963,s017
801983,kidl0
802006,s017E
802021,s023
802079,s023E
802094,s016
802122,bik1y
802147,s016
802170,s018
802198,s018
802226,s020
802254,s020
802282,s018
802302,s019
802319,tlk0+
802348,tlk0R
802363,s018R
802378,s019R
802393,s020E
802408,s021
802428,tlk1+
802451,s021E
802466,s022
802518,fdo1
802535,fdo1R
802588,fdi2
802608,fdo1
802625,fdo1F
802731,s001
802758,fdi1
802787,tlk0+
802816,tlk0f
802831,tlk1S
802844,tlk1E
802859,fdo1
802876,fdo1R
802891,s001
802920,fdi2
802973,fdo1
802990,fdo1F
803115,s002
803121,opopE
803136,fdi1
803257,s115
803274,fdi1
803307,op+E
803331,s115
803354,s147
803382,s147
803402,s148
803429,tlk0R
803444,s147R
803459,s148E
803474,s109
803505,s109E
803520,s008
803555,tlk1+E
803576,tlk1R
803591,s008E
803606,s005
803646,s005E
803661,s003
803686,s002R
803701,s003E
803716,s006
803793,s006E
803808,s007
803825,tlk0
803871,tlk1
803909,s007
803957,s006E
803972,s007
803989,tlk0
804035,tlk1
804073,s007
804121,s006E
804136,s007
804153,tlk0
804199,tlk1
804237,s007
804285,s006E
804300,s007
804317,tlk0
804363,tlk1
804401,s007
804449,s006E
804464,s007
804481,tlk0
804527,tlk1
804565,s007
804594,s006E
804609,s003
804645,tlk0+E
804685,fdo1
804702,fdo1R
804751,fdi2
804789,fdo1
804806,fdo1F
804897,opop
804922,s002
804939,fdi1
805069,s002
805092,s147
805120,s147
805140,s148
805167,tlk0R
805182,s147R
805197,s148
805220,s006
805245,tlk1
805281,s006
805468,s007
805511,s004
805722,s007
805739,gkr0+E
805771,s006
805827,s006
805922,s007
806053,s007
806070,gkr0+E
806099,fdo1
806116,fdo1R
806131,s002R
806146,s004R
806195,fdi2
806238,fdo1
806255,fdo1F
806346,opop
806371,s002
806388,fdi1
806634,s002
806652,s002
806675,s147
806703,s147
806723,s148
806750,tlk0R
806765,s147R
806780,s148E
806795,s006
806851,s006
806946,s007
807077,s007
807094,gkr0+E
807134,s002
807157,s147
807185,s147
807205,s148
807232,tlk0R
807247,s147R
807262,s148E
807277,s006
807302,tlk1
807338,s006
807525,s007
807568,s004
807779,s007
807796,gkr0+E
807825,fdo1
807842,fdo1R
807857,s002R
807872,s004R
807921,fdi2
807949,fdo1
807966,fdo1F
808057,opop
808082,s002
808099,fdi1
808404,s002E
808419,s009
808436,pas0+E
808457,pas0E
808472,fdo1
808489,fdo1R
808538,qstc
808555,fdi2
809464,fdi0
809481,fdi0
809497,fdo0
809514,fdo0
809530,fdi1
809547,fdi1
809563,fdo1
809580,fdo1
809596,whi1
809613,whi1
809629,who1
809646,who1
809662,who2
809679,who2
809695,who3
809712,who3
809728,main
809748,fdo1
809765,fdo1
809781,fdi1
809798,main
809818,fdi1
809834,blon
809851,blon
809869,whi0
809886,whi0
809902,who0
809919,who0
809935,efon
809952,efon
809968,fdis
809986,fdos
810003,fdos
810019,fdif
810037,fdof
810054,fdof
810070,fdip
810088,fdop
810105,fdop
810283,s088
810321,s088E
810336,s091
810393,s091
810419,s090
810439,s089
810482,s090R
810497,s089E
810512,s092
810544,s092E
810559,s093
810595,s093
810613,s095
810666,s095E
810681,s096
810706,s096E
810721,s097
810754,s097E
810769,s098
810786,tlk0
810823,tlk1
810846,thk1
810864,s098E
810879,s099
810907,thk2y
810935,s099E
810950,s100
810991,tlb0R
811006,s100E
811021,s101
811057,s101E
811072,s102
811092,tlb1
811118,s102E
811133,s103
811169,s093E
811184,s094
811243,s103R
811292,fdi2
811398,opop
811423,s150
811446,s150
811472,s147
811492,s148
811519,tlk0R
811534,s147R
811549,s148E
811564,s109
811600,s109
811626,s147
811646,s148
811673,s147R
811688,s148E
811703,s109
811739,tlk1
811765,s109E
811780,s110
811804,s110E
811819,s111
811860,thk1R
811875,s111E
811890,s112
811921,thk2y
811990,s112E
812005,s113
812050,s113E
812065,s149
812098,s149
812127,fdi2
812313,s115
812360,s115E
812375,s116
812421,tlk0
812447,s116
812473,s118
812493,s117
812520,tlk1R
812535,s117R
812550,s118E
812565,s151
812590,thk1+E
812621,thk2y
812649,s151E
812664,s119
812716,s119
812745,fdi2
812913,s120
812945,op+E
812966,pas0
812984,s120E
812999,s152
813041,sha0
813065,s152
813094,qstc
813111,fdi2
813223,tlk0
813248,s104
813282,tlk1
813300,s104E
813315,s121
813353,s121E
813368,s122
813388,tlk0
813425,s121E
813440,s122
813460,tlk0
813517,s124
813534,sas0
813563,sas1
813581,s124
813601,s121
813637,s121
813672,s129
813692,tlk0
813739,tlk1
813757,s129E
813772,s130
813802,s130E
813817,s131
813837,tlk0
813879,tlk1R
813894,s131E
813909,s132
813949,s132E
813964,s133
813984,tlk0
814021,tlk1
814039,s133E
814054,s134
814094,s134E
814109,s135
814162,s121'
814205,s125
814253,s125E
814268,s126
814337,s127
814382,s127E
814397,s128
814458,s121E
814473,s123
814517,s123y
814556,s121
814585,s121E
814600,s123
814644,s123
814670,s121
814699,s122R
814714,s135
814743,fdi2
814802,tlk0
814849,tlk1
814957,s105
814991,s105E
815006,s137
815047,s137E
815062,s136
815082,tlk0
815122,s137E
815137,s136
815157,tlk0
815197,s137E
815212,s139
815242,s139E
815257,s143
815284,s143E
815299,s142
815316,tlk0
815345,tlk1
815374,s142
815400,s141
815420,s140
815452,s141R
815467,s140E
815482,s144
815509,s144E
815524,s145
815541,sas0
815581,s137E
815596,s138
815640,s138
815669,s137
815696,s136R
815711,s145
815748,fdi2
816032,s106
816087,s106E
816102,s107
816246,gkr0+C
816304,gkr1
816388,thk1+C
816428,mon0+D
816454,thk2
816515,tlk0
816595,tlk1
816652,s107
816710,fdi2
817415,thk0
817432,thk0f
817447,thk1S
817460,thk1
817493,tlk0
817510,tlk0f
817525,tlk1
817582,tlk0
817599,tlk0
817623,tlk1
817645,tlk1
817671,tlk0
817688,tlk0f
817703,tlk1
817720,tlk1
817762,tlk0
817784,tlk0f
817799,tlk1
817890,tlk0
817911,tlk0f
817926,tlk1
818129,tlk0
818146,tlk0f
818161,tlk1
818178,tlk1
818270,pas0S
818283,pas0f
818298,tlk0
818323,tlk0f
818338,tlk1
818355,tlk1
818487,pas0S
818500,pas0
819124,Zurko-Bazurko
819769,Mikolulu
819812,pas0
820840,Yestin-Ovestin
820885,Yestin-Ovestin
821678,Braga
822394,thk1
822412,thk2
822430,aww0
822484,thk1
822502,thk2
822520,ure0
822788,main
823306,thk1
823323,thk1f
823338,thk2
823355,thk2E
823370,fdo1
823453,s062
823470,s062
823533,s062
823551,fdi1
823568,pas0
823585,pas0
823739,pas0
823755,pas0
823788,tlk0
823821,tlk1
823854,tlk0
823887,tlk1
823920,thk1
823953,thk2
824115,tlk0
824146,tlk1
824518,tlk0
824532,tlk0
824548,tlk1
824562,tlk1
824578,pas0
824592,pas0
824608,tlb0
824622,tlb0
824638,tlb1
824652,tlb1
824668,thk0
824682,thk0
824698,thk1
824712,thk1
824728,thk2
824742,thk2
824758,wav0
824772,wav0
824788,dis0
824802,dis0
824818,kas0
824832,kas0
824848,at00
824862,at00
824878,btl0
824892,btl0
824908,utl0
824922,utl0
824938,utl1
824952,utl1
824968,ntl0
824982,ntl0
824998,ntl1
825012,ntl1
825028,ngt0
825042,ngt0
825058,ngt1
825072,ngt1
825088,aig0
825102,aig0
825118,aig1
825132,aig1
825148,aig0S
825161,aig0f
825176,aig1S
825189,aig1
825205,unz0
825219,unz0
825235,dk00
825249,dk00
825265,dk01
825279,dk01
825295,dku0
825309,dku0
825762,tlk0
825785,tlk0#_
825802,tlk1
825821,tlk0#
825908,tlk0
825924,tlk0
825941,tlk1
825957,tlk1
825974,kya0
825990,kya0
826007,tlk0
826023,tlk0
826040,tlk1
826056,tlk1
826073,thk1
826089,thk1
826106,thk2
826122,thk2
826139,pas0
826155,pas0
826759,pas0
826775,pas0
826792,lk00
826808,lk00
826825,tlk0
826841,tlk0
826858,tlk1
826874,tlk1
826891,tlk0
826907,tlk0
826924,tlk1
826940,tlk1
826957,thk1
826973,thk1
826990,thk2
827006,thk2
827023,tlb0
827039,tlb0
827056,tlb1
827072,tlb1
827095,mon0
827111,mon0
827162,ygo0
827206,gah2#
827222,gah2
827582,pas0
827598,pas0
827615,lk00
827631,lk00
827648,tlk0
827664,tlk0
827681,tlk1
827697,tlk1
827714,tlk0
827730,tlk0
827747,tlk1
827763,tlk1
827780,thk1
827796,thk1
827813,thk2
827829,thk2
827846,tlb0
827862,tlb0
827879,tlb1
827895,tlb1
827918,mon0
827934,mon0
827969,ygo0
827985,ygo0
828026,gah2
828042,gah2
828204,s000
828225,main
831693,tlk0
831719,tlk0
831745,tlk0
831771,tlk0
831797,tlk0
831823,tlk0
831849,tlb0
831875,tlb0
831902,ten0
831928,tlk1
831954,tlb1
831980,tlk1
832006,tlk1
832032,tlk1
832058,tlb1
832084,tlb1
835541,tlk0
835567,tlk0
835593,tlk0
835619,tlk0
835645,tlk0
835671,tlk0
835697,tlb0
835723,tlb0
835750,ten0
835776,tlk1
835802,tlb1
835828,tlk1
835854,tlk1
835880,tlk1
835906,tlb1
835932,tlb1
839389,tlk0
839415,tlk0
839441,tlk0
839467,tlk0
839493,tlk0
839519,tlk0
839545,tlb0
839571,tlb0
839598,ten0
839624,tlk1
839650,tlb1
839676,tlk1
839702,tlk1
839728,tlk1
839754,tlb1
839780,tlb1
843237,tlk0
843263,tlk0
843289,tlk0
843315,tlk0
843341,tlk0
843367,tlk0
843393,tlb0
843419,tlb0
843446,ten0
843472,tlk1
843498,tlb1
843524,tlk1
843550,tlk1
843576,tlk1
843602,tlb1
843628,tlb1
846259,tlk0
846285,tlk0
846311,tlk0
846337,tlk0
846363,tlk0
846389,tlk0
846415,tlb0
846441,tlb0
846468,ten0
846494,tlk1
846520,tlb1
846546,tlk1
846572,tlk1
846598,tlk1
846624,tlb1
846650,tlb1
849283,tlk0
849309,tlk0
849335,tlk0
849361,tlk0
849387,tlk0
849413,tlk0
849439,tlb0
849465,tlb0
849492,ten0
849518,tlk1
849544,tlb1
849570,tlk1
849596,tlk1
849622,tlk1
849648,tlb1
849674,tlb1
852307,tlk0
852333,tlk0
852359,tlk0
852385,tlk0
852411,tlk0
852437,tlk0
852463,tlb0
852489,tlb0
852516,ten0
852542,tlk1
852568,tlb1
852594,tlk1
852620,tlk1
852646,tlk1
852672,tlb1
852698,tlb1
855331,tlk0
855357,tlk0
855383,tlk0
855409,tlk0
855435,tlk0
855461,tlk0
855487,tlb0
855513,tlb0
855540,ten0
855566,tlk1
855592,tlb1
855618,tlk1
855644,tlk1
855670,tlk1
855696,tlb1
855722,tlb1
858355,tlk0
858381,tlk0
858407,tlk0
858433,tlk0
858459,tlk0
858485,tlk0
858511,tlb0
858537,tlb0
858564,ten0
858590,tlk1
858616,tlb1
858642,tlk1
858668,tlk1
858694,tlk1
858720,tlb1
858746,tlb1
861379,tlk0
861405,tlk0
861431,tlk0
861457,tlk0
861483,tlk0
861509,tlk0
861535,tlb0
861561,tlb0
861588,ten0
861614,tlk1
861640,tlb1
861666,tlk1
861692,tlk1
861718,tlk1
861744,tlb1
861770,tlb1
895941,tlk0
895967,tlk0
895993,tlk0
896019,tlk0
896032,dofD
896045,tlk0
896071,tlk0
896097,tlb0
896123,tlb0
896150,ten0
896176,tlk1
896202,tlb1
896228,tlk1
896254,tlk1
896267,OpfD
896280,tlk1
896306,tlb1
896332,tlb1
930501,tlk0
930527,tlk0
930553,tlk0
930579,tlk0
930592,dofD
930605,tlk0
930631,tlk0
930657,tlb0
930683,tlb0
930710,ten0
930736,tlk1
930762,tlb1
930788,tlk1
930814,tlk1
930827,OpfD
930840,tlk1
930866,tlb1
930892,tlb1
965061,tlk0
965087,tlk0
965113,tlk0
965139,tlk0
965152,dofD
965165,tlk0
965191,tlk0
965217,tlb0
965243,tlb0
965270,ten0
965296,tlk1
965322,tlb1
965348,tlk1
965374,tlk1
965387,OpfD
965400,tlk1
965426,tlb1
965452,tlb1
999621,tlk0
999647,tlk0
999673,tlk0
999699,tlk0
999712,dofD
999725,tlk0
999751,tlk0
999777,tlb0
999803,tlb0
999830,ten0
999856,tlk1
999882,tlb1
999908,tlk1
999934,tlk1
999947,OpfD
999960,tlk1
999986,tlb1
1000012,tlb1
1034200,tlk0
1034226,tlk0
1034252,tlk0
1034278,tlk0
1034291,kofD
1034304,tlk0
1034330,tlk0
1034356,tlb0
1034382,tlb0
1034409,ten0
1034435,tlk1
1034461,tlb1
1034487,tlk1
1034513,tlk1
1034526,VpfD
1034539,tlk1
1034565,tlb1
1034591,tlb1
1068816,tlk0
1068842,tlk0
1068868,tlk0
1068894,tlk0
1068920,tlk0
1068946,tlk0
1068972,tlb0
1068998,tlb0
1069025,ten0
1069051,tlk1
1069077,tlb1
1069103,tlk1
1069116,PpfD
1069129,tlk1
1069142,jpfD
1069155,tlk1
1069181,tlb1
1069207,tlb1
1103405,tlk0
1103431,tlk0
1103457,tlk0
1103483,tlk0
1103496,pofD
1103509,tlk0
1103535,tlk0
1103561,tlb0
1103587,tlb0
1103614,ten0
1103640,tlk1
1103666,tlb1
1103692,tlk1
1103705,ApfD
1103718,tlk1
1103744,tlk1
1103770,tlb1
1103796,tlb1
1137974,tlk0
1138000,tlk0
1138026,tlk0
1138052,tlk0
1138065,iofD
1138078,tlk0
1138104,tlk0
1138130,tlb0
1138156,tlb0
1138183,ten0
1138209,tlk1
1138235,tlb1
1138261,tlk1
1138287,tlk1
1138300,TpfD
1138313,tlk1
1138339,tlb1
1138365,tlb1
1172569,tlk0
1172595,tlk0
1172621,tlk0
1172647,tlk0
1172660,dofD
1172673,tlk0
1172699,tlk0
1172725,tlb0
1172751,tlb0
1172778,ten0
1172804,tlk1
1172830,tlb1
1172856,tlk1
1172882,tlk1
1172895,OpfD
1172908,tlk1
1172934,tlb1
1172960,tlb1
1173012,zit0S
1173025,zit0
1207230,tlk0
1207256,tlk0
1207282,tlk0
1207308,tlk0
1207321,iofD
1207334,tlk0
1207360,tlk0
1207386,tlb0
1207412,tlb0
1207439,ten0
1207465,tlk1
1207491,tlb1
1207517,tlk1
1207543,tlk1
1207556,TpfD
1207569,tlk1
1207595,tlb1
1207621,tlb1
1211340,s032
1211384,s031
1211399,open
1211482,s032
1211620,fdo1
1211637,fdo1R0
1211652,s084
1211694,fdi2
1211712,fdo1
1211729,fdo1F
1211819,clos
1211841,s084
1211861,fdi1
1212177,fdo1
1212194,fdo1R0
1212209,s085
1212240,fdi2
1212514,s031
1212553,s032
1212603,m101
1212620,m101
1212646,m102
1212663,m102
1212689,m103
1212706,m103
1212732,m104
1212749,m104
1212775,m105
1212792,m105
1212818,m106
1212835,m106
1212861,m107
1212878,m107
1212904,m108
1212921,m108
1212947,m109
1212964,m109
1212990,m110
1213007,m110
1213033,m111
1213050,m111
1213087,m201
1213104,m201
1213130,m202
1213147,m202
1213173,m203
1213190,m203
1213216,m204
1213233,m204
1213259,m205
1213276,m205
1213302,m206
1213319,m206
1213345,m207
1213362,m207
1213388,m208
1213405,m208
1213431,m209
1213448,m209
1213474,m210
1213491,m210
1213517,m211
1213534,m211
1213571,m301
1213588,m301
1213614,m302
1213631,m302
1213657,m303
1213674,m303
1213700,m304
1213717,m304
1213743,m305
1213760,m305
1213786,m306
1213803,m306
1213829,m307
1213846,m307
1213872,m308
1213889,m308
1213915,m309
1213932,m309
1213958,m310
1213975,m310
1214001,m311
1214018,m311
1214055,m401
1214072,m401
1214098,m402
1214115,m402
1214141,m403
1214158,m403
1214184,m404
1214201,m404
1214227,m405
1214244,m405
1214270,m406
1214287,m406
1214313,m407
1214330,m407
1214356,m408
1214373,m408
1214399,m409
1214416,m409
1214442,m410
1214459,m410
1214485,m411
1214502,m411
1214539,m501
1214556,m501
1214582,m502
1214599,m502
1214625,m503
1214642,m503
1214668,m504
1214685,m504
1214711,m505
1214728,m505
1214754,m506
1214771,m506
1214797,m507
1214814,m507
1214840,m508
1214857,m508
1214883,m509
1214900,m509
1214926,m510
1214943,m510
1214969,m511
1214986,m511
1215023,m601
1215040,m601
1215066,m602
1215083,m602
1215109,m603
1215126,m603
1215152,m604
1215169,m604
1215195,m605
1215212,m605
1215238,m606
1215255,m606
1215281,m607
1215298,m607
1215324,m608
1215341,m608
1215367,m609
1215384,m609
1215410,m610
1215427,m610
1215453,m611
1215470,m611
1217043,fdo1
1217060,fdo1F
1217109,s085
1217129,fdi1
1217306,s032
1217356,s031
1217526,s032
1217616,s031
1217672,fdo1
1217689,fdo1R0
1217704,s086'
1217753,fdi2
1218763,I'Hi
1219892,fdo1
1219909,fdo1F
1220010,s086
1220030,fdi1
1220195,m101
1220212,m101
1220238,m202
1220255,m202
1220281,m303
1220298,m303
1220324,m404
1220341,m404
1220367,m505
1220384,m505
1220410,m606
1220427,m606
1220572,s031
1220595,open
1220619,open
1220643,open
1220667,open
1220691,open
1220715,open
1220961,fdo1
1220978,fdo1F
1221031,s001
1221048,fdi1
1221289,clos
1221942,fdo1
1221959,fdo1
1222001,fdi2
1225829,fdo1
1225846,fdo1F
1225896,s000
1225913,fdi1
1226887,fdo1
1226904,fdo1
1226946,fdi2
1228029,tlk0
1228055,tlk0
1228081,tlk0
1228107,tlk0
1228133,tlk0
1228159,tlk0
1228185,tlb0
1228211,tlb0
1228238,ten0
1228251,kLf2
1228264,tlk1
1228290,tlb1
1228316,tlk1
1228342,tlk1
1228368,tlk1
1228394,tlb1
1228420,tlb1
1228440,dis0Se
1228453,dis0
1228490,kio0
1232240,s032
1232284,s031
1232299,open
1232382,s032
1232520,fdo1
1232537,fdo1R0
1232552,s084
1232594,fdi2
1232612,fdo1
1232629,fdo1F
1232719,clos
1232741,s084
1232761,fdi1
1233077,fdo1
1233094,fdo1R0
1233109,s085
1233140,fdi2
1233414,s031
1233453,s032
1233503,m101
1233520,m101
1233546,m102
1233563,m102
1233589,m103
1233606,m103
1233632,m104
1233649,m104
1233675,m105
1233692,m105
1233718,m106
1233735,m106
1233761,m107
1233778,m107
1233804,m108
1233821,m108
1233847,m109
1233864,m109
1233890,m110
1233907,m110
1233933,m111
1233950,m111
1233987,m201
1234004,m201
1234030,m202
1234047,m202
1234073,m203
1234090,m203
1234116,m204
1234133,m204
1234159,m205
1234176,m205
1234202,m206
1234219,m206
1234245,m207
1234262,m207
1234288,m208
1234305,m208
1234331,m209
1234348,m209
1234374,m210
1234391,m210
1234417,m211
1234434,m211
1234471,m301
1234488,m301
1234514,m302
1234531,m302
1234557,m303
1234574,m303
1234600,m304
1234617,m304
1234643,m305
1234660,m305
1234686,m306
1234703,m306
1234729,m307
1234746,m307
1234772,m308
1234789,m308
1234815,m309
1234832,m309
1234858,m310
1234875,m310
1234901,m311
1234918,m311
1234955,m401
1234972,m401
1234998,m402
1235015,m402
1235041,m403
1235058,m403
1235084,m404
1235101,m404
1235127,m405
1235144,m405
1235170,m406
1235187,m406
1235213,m407
1235230,m407
1235256,m408
1235273,m408
1235299,m409
1235316,m409
1235342,m410
1235359,m410
1235385,m411
1235402,m411
1235439,m501
1235456,m501
1235482,m502
1235499,m502
1235525,m503
1235542,m503
1235568,m504
1235585,m504
1235611,m505
1235628,m505
1235654,m506
1235671,m506
1235697,m507
1235714,m507
1235740,m508
1235757,m508
1235783,m509
1235800,m509
1235826,m510
1235843,m510
1235869,m511
1235886,m511
1235923,m601
1235940,m601
1235966,m602
1235983,m602
1236009,m603
1236026,m603
1236052,m604
1236069,m604
1236095,m605
1236112,m605
1236138,m606
1236155,m606
1236181,m607
1236198,m607
1236224,m608
1236241,m608
1236267,m609
1236284,m609
1236310,m610
1236327,m610
1236353,m611
1236370,m611
1237943,fdo1
1237960,fdo1F
1238009,s085
1238029,fdi1
1238206,s032
1238256,s031
1238426,s032
1238516,s031
1238572,fdo1
1238589,fdo1R0
1238604,s086'
1238653,fdi2
1239663,I'Hi
1240792,fdo1
1240809,fdo1F
1240910,s086
1240930,fdi1
1241095,m101
1241112,m101
1241138,m202
1241155,m202
1241181,m303
1241198,m303
1241224,m404
1241241,m404
1241267,m505
1241284,m505
1241310,m606
1241327,m606
1241472,s031
1241495,open
1241519,open
1241543,open
1241567,open
1241591,open
1241615,open
1241861,fdo1
1241878,fdo1F
1241931,s001
1241948,fdi1
1242189,clos
1242842,fdo1
1242859,fdo1
1242901,fdi2
1246729,fdo1
1246746,fdo1F
1246796,s000
1246813,fdi1
1247787,fdo1
1247804,fdo1
1247846,fdi2
1248929,tlk0
1248955,tlk0
1248981,tlk0
1249007,tlk0
1249033,tlk0
1249059,tlk0
1249085,tlb0
1249111,tlb0
1249138,ten0
1249151,kLf2
1249164,tlk1
1249190,tlb1
1249216,tlk1
1249242,tlk1
1249268,tlk1
1249294,tlb1
1249320,tlb1
1253080,s032
1253124,s031
1253139,open
1253222,s032
1253360,fdo1
1253377,fdo1R0
1253392,s084
1253434,fdi2
1253452,fdo1
1253469,fdo1F
1253559,clos
1253581,s084
1253601,fdi1
1253917,fdo1
1253934,fdo1R0
1253949,s085
1253980,fdi2
1254254,s031
1254293,s032
1254343,m101
1254360,m101
1254386,m102
1254403,m102
1254429,m103
1254446,m103
1254472,m104
1254489,m104
1254515,m105
1254532,m105
1254558,m106
1254575,m106
1254601,m107
1254618,m107
1254644,m108
1254661,m108
1254687,m109
1254704,m109
1254730,m110
1254747,m110
1254773,m111
1254790,m111
1254827,m201
1254844,m201
1254870,m202
1254887,m202
1254913,m203
1254930,m203
1254956,m204
1254973,m204
1254999,m205
1255016,m205
1255042,m206
1255059,m206
1255085,m207
1255102,m207
1255128,m208
1255145,m208
1255171,m209
1255188,m209
1255214,m210
1255231,m210
1255257,m211
1255274,m211
1255311,m301
1255328,m301
1255354,m302
1255371,m302
1255397,m303
1255414,m303
1255440,m304
1255457,m304
1255483,m305
1255500,m305
1255526,m306
1255543,m306
1255569,m307
1255586,m307
1255612,m308
1255629,m308
1255655,m309
1255672,m309
1255698,m310
1255715,m310
1255741,m311
1255758,m311
1255795,m401
1255812,m401
1255838,m402
1255855,m402
1255881,m403
1255898,m403
1255924,m404
1255941,m404
1255967,m405
1255984,m405
1256010,m406
1256027,m406
1256053,m407
1256070,m407
1256096,m408
1256113,m408
1256139,m409
1256156,m409
1256182,m410
1256199,m410
1256225,m411
1256242,m411
1256279,m501
1256296,m501
1256322,m502
1256339,m502
1256365,m503
1256382,m503
1256408,m504
1256425,m504
1256451,m505
1256468,m505
1256494,m506
1256511,m506
1256537,m507
1256554,m507
1256580,m508
1256597,m508
1256623,m509
1256640,m509
1256666,m510
1256683,m510
1256709,m511
1256726,m511
1256763,m601
1256780,m601
1256806,m602
1256823,m602
1256849,m603
1256866,m603
1256892,m604
1256909,m604
1256935,m605
1256952,m605
1256978,m606
1256995,m606
1257021,m607
1257038,m607
1257064,m608
1257081,m608
1257107,m609
1257124,m609
1257150,m610
1257167,m610
1257193,m611
1257210,m611
1258783,fdo1
1258800,fdo1F
1258849,s085
1258869,fdi1
1259046,s032
1259096,s031
1259266,s032
1259356,s031
1259412,fdo1
1259429,fdo1R0
1259444,s086'
1259493,fdi2
1260503,I'Hi
1261632,fdo1
1261649,fdo1F
1261750,s086
1261770,fdi1
1261935,m101
1261952,m101
1261978,m202
1261995,m202
1262021,m303
1262038,m303
1262064,m404
1262081,m404
1262107,m505
1262124,m505
1262150,m606
1262167,m606
1262312,s031
1262335,open
1262359,open
1262383,open
1262407,open
1262431,open
1262455,open
1262701,fdo1
1262718,fdo1F
1262771,s001
1262788,fdi1
1263029,clos
1263682,fdo1
1263699,fdo1
1263741,fdi2
1267569,fdo1
1267586,fdo1F
1267636,s000
1267653,fdi1
1268627,fdo1
1268644,fdo1
1268686,fdi2
1269769,tlk0
1269795,tlk0
1269821,tlk0
1269847,tlk0
1269873,tlk0
1269899,tlk0
1269925,tlb0
1269951,tlb0
1269978,ten0
1269991,kLf2
1270004,tlk1
1270030,tlb1
1270056,tlk1
1270082,tlk1
1270108,tlk1
1270134,tlb1
1270160,tlb1
1273929,s032
1273973,s031
1273988,open
1274071,s032
1274209,fdo1
1274226,fdo1R0
1274241,s084
1274283,fdi2
1274301,fdo1
1274318,fdo1F
1274408,clos
1274430,s084
1274450,fdi1
1274766,fdo1
1274783,fdo1R0
1274798,s085
1274829,fdi2
1275103,s031
1275142,s032
1275192,m101
1275209,m101
1275235,m102
1275252,m102
1275278,m103
1275295,m103
1275321,m104
1275338,m104
1275364,m105
1275381,m105
1275407,m106
1275424,m106
1275450,m107
1275467,m107
1275493,m108
1275510,m108
1275536,m109
1275553,m109
1275579,m110
1275596,m110
1275622,m111
1275639,m111
1275676,m201
1275693,m201
1275719,m202
1275736,m202
1275762,m203
1275779,m203
1275805,m204
1275822,m204
1275848,m205
1275865,m205
1275891,m206
1275908,m206
1275934,m207
1275951,m207
1275977,m208
1275994,m208
1276020,m209
1276037,m209
1276063,m210
1276080,m210
1276106,m211
1276123,m211
1276160,m301
1276177,m301
1276203,m302
1276220,m302
1276246,m303
1276263,m303
1276289,m304
1276306,m304
1276332,m305
1276349,m305
1276375,m306
1276392,m306
1276418,m307
1276435,m307
1276461,m308
1276478,m308
1276504,m309
1276521,m309
1276547,m310
1276564,m310
1276590,m311
1276607,m311
1276644,m401
1276661,m401
1276687,m402
1276704,m402
1276730,m403
1276747,m403
1276773,m404
1276790,m404
1276816,m405
1276833,m405
1276859,m406
1276876,m406
1276902,m407
1276919,m407
1276945,m408
1276962,m408
1276988,m409
1277005,m409
1277031,m410
1277048,m410
1277074,m411
1277091,m411
1277128,m501
1277145,m501
1277171,m502
1277188,m502
1277214,m503
1277231,m503
1277257,m504
1277274,m504
1277300,m505
1277317,m505
1277343,m506
1277360,m506
1277386,m507
1277403,m507
1277429,m508
1277446,m508
1277472,m509
1277489,m509
1277515,m510
1277532,m510
1277558,m511
1277575,m511
1277612,m601
1277629,m601
1277655,m602
1277672,m602
1277698,m603
1277715,m603
1277741,m604
1277758,m604
1277784,m605
1277801,m605
1277827,m606
1277844,m606
1277870,m607
1277887,m607
1277913,m608
1277930,m608
1277956,m609
1277973,m609
1277999,m610
1278016,m610
1278042,m611
1278059,m611
1279632,fdo1
1279649,fdo1F
1279698,s085
1279718,fdi1
1279895,s032
1279945,s031
1280115,s032
1280205,s031
1280261,fdo1
1280278,fdo1R0
1280293,s086'
1280342,fdi2
1281352,N'Hi
1282481,fdo1
1282498,fdo1F
1282599,s086
1282619,fdi1
1282784,m101
1282801,m101
1282827,m202
1282844,m202
1282870,m303
1282887,m303
1282913,m404
1282930,m404
1282956,m505
1282973,m505
1282999,m606
1283016,m606
1283161,s031
1283184,open
1283208,open
1283232,open
1283256,open
1283280,open
1283304,open
1283550,fdo1
1283567,fdo1F
1283620,s001
1283637,fdi1
1283878,clos
1284531,fdo1
1284548,fdo1
1284590,fdi2
1288418,fdo1
1288435,fdo1F
1288485,s000
1288502,fdi1
1289476,fdo1
1289493,fdo1
1289535,fdi2
1290618,tlk0
1290644,tlk0
1290670,tlk0
1290696,tlk0
1290722,tlk0
1290748,tlk0
1290774,tlb0
1290800,tlb0
1290827,ten0
1290840,pLf2
1290853,tlk1
1290879,tlb1
1290905,tlk1
1290931,tlk1
1290957,tlk1
1290983,tlb1
1291009,tlb1
1294764,s032
1294808,s031
1294823,open
1294906,s032
1295044,fdo1
1295061,fdo1R0
1295076,s084
1295118,fdi2
1295136,fdo1
1295153,fdo1F
1295243,clos
1295265,s084
1295285,fdi1
1295601,fdo1
1295618,fdo1R0
1295633,s085
1295664,fdi2
1295938,s031
1295977,s032
1296027,m101
1296044,m101
1296070,m102
1296087,m102
1296113,m103
1296130,m103
1296156,m104
1296173,m104
1296199,m105
1296216,m105
1296242,m106
1296259,m106
1296285,m107
1296302,m107
1296328,m108
1296345,m108
1296371,m109
1296388,m109
1296414,m110
1296431,m110
1296457,m111
1296474,m111
1296511,m201
1296528,m201
1296554,m202
1296571,m202
1296597,m203
1296614,m203
1296640,m204
1296657,m204
1296683,m205
1296700,m205
1296726,m206
1296743,m206
1296769,m207
1296786,m207
1296812,m208
1296829,m208
1296855,m209
1296872,m209
1296898,m210
1296915,m210
1296941,m211
1296958,m211
1296995,m301
1297012,m301
1297038,m302
1297055,m302
1297081,m303
1297098,m303
1297124,m304
1297141,m304
1297167,m305
1297184,m305
1297210,m306
1297227,m306
1297253,m307
1297270,m307
1297296,m308
1297313,m308
1297339,m309
1297356,m309
1297382,m310
1297399,m310
1297425,m311
1297442,m311
1297479,m401
1297496,m401
1297522,m402
1297539,m402
1297565,m403
1297582,m403
1297608,m404
1297625,m404
1297651,m405
1297668,m405
1297694,m406
1297711,m406
1297737,m407
1297754,m407
1297780,m408
1297797,m408
1297823,m409
1297840,m409
1297866,m410
1297883,m410
1297909,m411
1297926,m411
1297963,m501
1297980,m501
1298006,m502
1298023,m502
1298049,m503
1298066,m503
1298092,m504
1298109,m504
1298135,m505
1298152,m505
1298178,m506
1298195,m506
1298221,m507
1298238,m507
1298264,m508
1298281,m508
1298307,m509
1298324,m509
1298350,m510
1298367,m510
1298393,m511
1298410,m511
1298447,m601
1298464,m601
1298490,m602
1298507,m602
1298533,m603
1298550,m603
1298576,m604
1298593,m604
1298619,m605
1298636,m605
1298662,m606
1298679,m606
1298705,m607
1298722,m607
1298748,m608
1298765,m608
1298791,m609
1298808,m609
1298834,m610
1298851,m610
1298877,m611
1298894,m611
1300467,fdo1
1300484,fdo1F
1300533,s085
1300553,fdi1
1300730,s032
1300780,s031
1300950,s032
1301040,s031
1301096,fdo1
1301113,fdo1R0
1301128,s086'
1301177,fdi2
1302187,I'Hi
1303316,fdo1
1303333,fdo1F
1303434,s086
1303454,fdi1
1303619,m101
1303636,m101
1303662,m202
1303679,m202
1303705,m303
1303722,m303
1303748,m404
1303765,m404
1303791,m505
1303808,m505
1303834,m606
1303851,m606
1303996,s031
1304019,open
1304043,open
1304067,open
1304091,open
1304115,open
1304139,open
1304385,fdo1
1304402,fdo1F
1304455,s001
1304472,fdi1
1304713,clos
1305366,fdo1
1305383,fdo1
1305425,fdi2
1309253,fdo1
1309270,fdo1F
1309320,s000
1309337,fdi1
1310311,fdo1
1310328,fdo1
1310370,fdi2
1311453,tlk0
1311479,tlk0
1311505,tlk0
1311531,tlk0
1311557,tlk0
1311583,tlk0
1311609,tlb0
1311635,tlb0
1311662,ten0
1311675,kLf2
1311688,tlk1
1311714,tlb1
1311740,tlk1
1311766,tlk1
1311792,tlk1
1311818,tlb1
1311844,tlb1
1315624,s032
1315668,s031
1315683,open
1315766,s032
1315904,fdo1
1315921,fdo1R0
1315936,s084
1315978,fdi2
1315996,fdo1
1316013,fdo1F
1316103,clos
1316125,s084
1316145,fdi1
1316461,fdo1
1316478,fdo1R0
1316493,s085
1316524,fdi2
1316798,s031
1316837,s032
1316887,m101
1316904,m101
1316930,m102
1316947,m102
1316973,m103
1316990,m103
1317016,m104
1317033,m104
1317059,m105
1317076,m105
1317102,m106
1317119,m106
1317145,m107
1317162,m107
1317188,m108
1317205,m108
1317231,m109
1317248,m109
1317274,m110
1317291,m110
1317317,m111
1317334,m111
1317371,m201
1317388,m201
1317414,m202
1317431,m202
1317457,m203
1317474,m203
1317500,m204
1317517,m204
1317543,m205
1317560,m205
1317586,m206
1317603,m206
1317629,m207
1317646,m207
1317672,m208
1317689,m208
1317715,m209
1317732,m209
1317758,m210
1317775,m210
1317801,m211
1317818,m211
1317855,m301
1317872,m301
1317898,m302
1317915,m302
1317941,m303
1317958,m303
1317984,m304
1318001,m304
1318027,m305
1318044,m305
1318070,m306
1318087,m306
1318113,m307
1318130,m307
1318156,m308
1318173,m308
1318199,m309
1318216,m309
1318242,m310
1318259,m310
1318285,m311
1318302,m311
1318339,m401
1318356,m401
1318382,m402
1318399,m402
1318425,m403
1318442,m403
1318468,m404
1318485,m404
1318511,m405
1318528,m405
1318554,m406
1318571,m406
1318597,m407
1318614,m407
1318640,m408
1318657,m408
1318683,m409
1318700,m409
1318726,m410
1318743,m410
1318769,m411
1318786,m411
1318823,m501
1318840,m501
1318866,m502
1318883,m502
1318909,m503
1318926,m503
1318952,m504
1318969,m504
1318995,m505
1319012,m505
1319038,m506
1319055,m506
1319081,m507
1319098,m507
1319124,m508
1319141,m508
1319167,m509
1319184,m509
1319210,m510
1319227,m510
1319253,m511
1319270,m511
1319307,m601
1319324,m601
1319350,m602
1319367,m602
1319393,m603
1319410,m603
1319436,m604
1319453,m604
1319479,m605
1319496,m605
1319522,m606
1319539,m606
1319565,m607
1319582,m607
1319608,m608
1319625,m608
1319651,m609
1319668,m609
1319694,m610
1319711,m610
1319737,m611
1319754,m611
1321327,fdo1
1321344,fdo1F
1321393,s085
1321413,fdi1
1321590,s032
1321640,s031
1321810,s032
1321900,s031
1321956,fdo1
1321973,fdo1R0
1321988,s086'
1322037,fdi2
1323047,I'Hi
1324176,fdo1
1324193,fdo1F
1324294,s086
1324314,fdi1
1324479,m101
1324496,m101
1324522,m202
1324539,m202
1324565,m303
1324582,m303
1324608,m404
1324625,m404
1324651,m505
1324668,m505
1324694,m606
1324711,m606
1324856,s031
1324879,open
1324903,open
1324927,open
1324951,open
1324975,open
1324999,open
1325245,fdo1
1325262,fdo1F
1325315,s001
1325332,fdi1
1325573,clos
1326226,fdo1
1326243,fdo1
1326285,fdi2
1330113,fdo1
1330130,fdo1F
1330180,s000
1330197,fdi1
1331171,fdo1
1331188,fdo1
1331230,fdi2
1332313,tlk0
1332339,tlk0
1332365,tlk0
1332391,tlk0
1332417,tlk0
1332443,tlk0
1332469,tlb0
1332495,tlb0
1332522,ten0
1332535,kLf2
1332548,tlk1
1332574,tlb1
1332600,tlk1
1332626,tlk1
1332652,tlk1
1332678,tlb1
1332704,tlb1
1336400,s032
1336444,s031
1336459,open
1336542,s032
1336680,fdo1
1336697,fdo1R0
1336712,s084
1336754,fdi2
1336772,fdo1
1336789,fdo1F
1336879,clos
1336901,s084
1336921,fdi1
1337237,fdo1
1337254,fdo1R0
1337269,s085
1337300,fdi2
1337574,s031
1337613,s032
1337663,m101
1337680,m101
1337706,m102
1337723,m102
1337749,m103
1337766,m103
1337792,m104
1337809,m104
1337835,m105
1337852,m105
1337878,m106
1337895,m106
1337921,m107
1337938,m107
1337964,m108
1337981,m108
1338007,m109
1338024,m109
1338050,m110
1338067,m110
1338093,m111
1338110,m111
1338147,m201
1338164,m201
1338190,m202
1338207,m202
1338233,m203
1338250,m203
1338276,m204
1338293,m204
1338319,m205
1338336,m205
1338362,m206
1338379,m206
1338405,m207
1338422,m207
1338448,m208
1338465,m208
1338491,m209
1338508,m209
1338534,m210
1338551,m210
1338577,m211
1338594,m211
1338631,m301
1338648,m301
1338674,m302
1338691,m302
1338717,m303
1338734,m303
1338760,m304
1338777,m304
1338803,m305
1338820,m305
1338846,m306
1338863,m306
1338889,m307
1338906,m307
1338932,m308
1338949,m308
1338975,m309
1338992,m309
1339018,m310
1339035,m310
1339061,m311
1339078,m311
1339115,m401
1339132,m401
1339158,m402
1339175,m402
1339201,m403
1339218,m403
1339244,m404
1339261,m404
1339287,m405
1339304,m405
1339330,m406
1339347,m406
1339373,m407
1339390,m407
1339416,m408
1339433,m408
1339459,m409
1339476,m409
1339502,m410
1339519,m410
1339545,m411
1339562,m411
1339599,m501
1339616,m501
1339642,m502
1339659,m502
1339685,m503
1339702,m503
1339728,m504
1339745,m504
1339771,m505
1339788,m505
1339814,m506
1339831,m506
1339857,m507
1339874,m507
1339900,m508
1339917,m508
1339943,m509
1339960,m509
1339986,m510
1340003,m510
1340029,m511
1340046,m511
1340083,m601
1340100,m601
1340126,m602
1340143,m602
1340169,m603
1340186,m603
1340212,m604
1340229,m604
1340255,m605
1340272,m605
1340298,m606
1340315,m606
1340341,m607
1340358,m607
1340384,m608
1340401,m608
1340427,m609
1340444,m609
1340470,m610
1340487,m610
1340513,m611
1340530,m611
1342103,fdo1
1342120,fdo1F
1342169,s085
1342189,fdi1
1342366,s032
1342416,s031
1342586,s032
1342676,s031
1342732,fdo1
1342749,fdo1R0
1342764,s086'
1342813,fdi2
1343823,I'Hi
1344952,fdo1
1344969,fdo1F
1345070,s086
1345090,fdi1
1345255,m101
1345272,m101
1345298,m202
1345315,m202
1345341,m303
1345358,m303
1345384,m404
1345401,m404
1345427,m505
1345444,m505
1345470,m606
1345487,m606
1345632,s031
1345655,open
1345679,open
1345703,open
1345727,open
1345751,open
1345775,open
1346021,fdo1
1346038,fdo1F
1346091,s001
1346108,fdi1
1346349,clos
1347002,fdo1
1347019,fdo1
1347061,fdi2
1350889,fdo1
1350906,fdo1F
1350956,s000
1350973,fdi1
1351947,fdo1
1351964,fdo1
1352006,fdi2
1353089,tlk0
1353115,tlk0
1353141,tlk0
1353167,tlk0
1353193,tlk0
1353219,tlk0
1353245,tlb0
1353271,tlb0
1353298,ten0
1353311,kLf2
1353324,tlk1
1353350,tlb1
1353376,tlk1
1353402,tlk1
1353428,tlk1
1353454,tlb1
1353480,tlb1
1354477,tlk0
1354503,tlk0
1354529,tlk0
1354555,tlk0
1354581,tlk0
1354607,tlk0
1354633,tlb0
1354659,tlb0
1354686,ten0
1354712,tlk1
1354738,tlb1
1354764,tlk1
1354790,tlk1
1354816,tlk1
1354842,tlb1
1354868,tlb1
1356480,tlk0
1356506,tlb0
1356550,tlk1
1356576,tlb1
1356651,tlk0
1356677,tlb0
1357151,tlk1
1357177,tlb1
1392183,tlk0
1392205,tlk1f
1392220,thk1
1392239,thk2f
1392254,tlk0
1392330,tlk0
1392383,tlk0
1392415,tlk1
1392610,tlk0
1392629,tlk1
1392824,tlk0
1393029,tlk0
1393079,tlk0
1393098,tlk1
1393179,tlk0
1393244,tlk0
1393309,tlk0
1393398,tlk0
1393468,tlk0
1393557,tlk0
1393622,tlk0
1393711,tlk0
1393776,tlk0
1393865,tlk0
1393930,tlk0
1394019,tlk0
1394084,tlk0
1394173,tlk0
1394238,tlk0
1394312,wav0
1394345,wav0
1394549,tlk0
1394568,tlk1
1394659,tlk0
1394678,tlk1
1394930,tlk0
1394949,tlk1
1394983,pas0
1395036,tlk0
1395055,tlk1
1395099,tlk0
1395118,tlk1
1395370,tlk0
1395389,tlk1
1395423,pas0
1395476,tlk0
1395495,tlk1
1395539,tlk0
1395558,tlk1
1395810,tlk0
1395829,tlk1
1395863,pas0
1395916,tlk0
1395935,tlk1
1395979,tlk0
1395998,tlk1
1396263,tlk0
1396282,tlk1
1396316,pas0
1396369,tlk0
1396388,tlk1
1396432,tlk0
1396451,tlk1
1396703,tlk0
1396722,tlk1
1396756,pas0
1396809,tlk0
1396828,tlk1
1396872,tlk0
1396891,tlk1
1397143,tlk0
1397162,tlk1
1397196,pas0
1397249,tlk0
1397268,tlk1
1397302,tlk0
1397321,tlk1
1397527,tlk0
1397546,tlk1
1397637,tlk0
1397656,tlk1
1397908,tlk0
1397927,tlk1
1397961,pas0
1398047,tlk0
1398066,tlk1
1398318,tlk0
1398337,tlk1
1398371,pas0
1398424,tlk0
1398443,tlk1
1398487,tlk0
1398506,tlk1
1398758,tlk0
1398777,tlk1
1398811,pas0
1398864,tlk0
1398883,tlk1
1398927,tlk0
1398946,tlk1
1399211,tlk0
1399230,tlk1
1399264,pas0
1399317,tlk0
1399336,tlk1
1399380,tlk0
1399399,tlk1
1399651,tlk0
1399670,tlk1
1399704,pas0
1399757,tlk0
1399776,tlk1
1399820,tlk0
1399839,tlk1
1400091,tlk0
1400110,tlk1
1400144,pas0
1400197,tlk0
1400216,tlk1
1400250,tlk0
1400269,tlk1
1400483,tlk0
1400502,tlk1
1400593,tlk0
1400612,tlk1
1400903,tlk0
1400922,tlk1
1400956,pas0
1401009,tlk0
1401028,tlk1
1401072,tlk0
1401091,tlk1
1401382,tlk0
1401401,tlk1
1401435,pas0
1401488,tlk0
1401507,tlk1
1401551,tlk0
1401570,tlk1
1401861,tlk0
1401880,tlk1
1401914,pas0
1401967,tlk0
1401986,tlk1
1402030,tlk0
1402049,tlk1
1402340,tlk0
1402359,tlk1
1402393,pas0
1402446,tlk0
1402465,tlk1
1402509,tlk0
1402528,tlk1
1402819,tlk0
1402838,tlk1
1402872,pas0
1402925,tlk0
1402944,tlk1
1402988,tlk0
1403007,tlk1
1403298,tlk0
1403317,tlk1
1403351,pas0
1403404,tlk0
1403423,tlk1
1403457,tlk0
1403476,tlk1
1403847,tlk0
1403900,tlk0
1403943,tlk0
1404183,tlk0
1404286,tlk0
1404318,tlk0
1404434,tlk0
1404544,hap0
1404584,open
1404628,clos
1404650,tlk0
1404669,pas0S
1404727,tlk0
1404772,tlk0
1404881,hap0
1404949,open
1404993,clos
1405015,tlk0
1405034,pas0S
1405047,pas0
1405079,open
1405166,pas0S
1405192,closS
1405205,clos
1405230,tlk0
1405295,tlk0.
1405324,tlk0
1405352,tlk0
1405380,tlk0
1405422,tlk0
1405564,tlk0
1405596,tlk0
1405624,tlk0
1405653,tlk0
1405805,main
1405841,main
1409301,kidl0
1409325,tlk0S
1409338,tlk0
1409354,tlk1S
1409367,tlk1
1409383,pas0S
1409396,pas0
1409412,thk1S
1409425,thk1
1409441,thk2S
1409454,thk2
1409470,aww0S
1409483,aww0
1409499,aww1S
1409512,aww1
1409528,hai0S
1409541,hai0
1409557,ang0S
1409570,ang0
1409592,kisiS
1409605,kisi
1409633,sdw0S
1409646,sdw0
1409669,wav0
1409685,wav0
1427272,main
1427289,main
1427461,main
1427478,main
1427558,fdi0
1427575,fdi0
1427591,fdo0
1427608,fdo0
1427624,fdi1
1427641,fdi1
1427657,fdo1
1427674,fdo1
1427690,whi1
1427707,whi1
1427723,who1
1427740,who1
1427756,who2
1427773,who2
1427789,who3
1427806,who3
1427822,main
1427842,fdo1
1427859,fdo1
1427875,fdi1
1427892,main
1427912,fdi1
1427928,blon
1427945,blon
1427963,whi0
1427980,whi0
1427996,who0
1428013,who0
1428029,efon
1428046,efon
1428062,fdis
1428080,fdos
1428097,fdos
1428113,fdif
1428131,fdof
1428148,fdof
1428164,fdip
1428182,fdop
1428199,fdop
1428416,bru0
1428432,bru0
1428471,trg0
1428599,Pieuje
1428624,Ayame
1428674,Apururu
1428699,Maat
1428724,Aldo
1428799,Flaviria
1428824,Abquhbah
1428849,Yoran-Oran
1428874,Sylvie
1430144,fdi0
1430161,fdi0
1430177,fdo0
1430194,fdo0
1430210,fdi1
1430227,fdi1
1430243,fdo1
1430260,fdo1
1430276,whi1
1430293,whi1
1430309,who1
1430326,who1
1430342,who2
1430359,who2
1430375,who3
1430392,who3
1430408,main
1430428,fdo1
1430445,fdo1
1430461,fdi1
1430478,main
1430498,fdi1
1430514,blon
1430531,blon
1430549,whi0
1430566,whi0
1430582,who0
1430599,who0
1430615,efon
1430632,efon
1430648,fdis
1430666,fdos
1430683,fdos
1430699,fdif
1430717,fdof
1430734,fdof
1430750,fdip
1430768,fdop
1430785,fdop
1431075,s060
1431098,s060E
1431113,s056
1431181,s056E
1431196,s055
1431260,s036
1431283,s036E
1431298,s037
1431347,s037
1431370,s039
1431398,s039
1431418,s038
1431466,s038R
1431481,s039E
1431496,s040
1431571,s038R
1431586,s039E
1431601,s040
1431637,s040
1431660,s041
1431688,s041
1431716,s043
1431744,s043
1431772,s041
1431792,s042
1431836,s041R
1431851,s042R
1431866,s043
1431889,s049
1431917,s049
1431937,s044
1431989,s044R
1432004,s049
1432040,s038R
1432055,s039E
1432070,s045
1432134,s045E
1432149,s046
1432233,s046E
1432248,s047
1432308,s047
1432331,s048
1432359,s048
1432387,s051
1432415,s051
1432443,s048
1432463,s050
1432543,s048R
1432558,s050R
1432573,s051E
1432588,s052
1432610,kidl0
1432664,s052E
1432679,s053
1432720,s053E
1432735,s054
1432807,s054E
1432822,s055
1432856,s055
1432882,s058
1432910,s058
1432930,s057
1432978,s057R
1432993,s058E
1433008,s061
1433049,s061E
1433064,s059
1433133,s057R
1433148,s058E
1433163,s062
1433233,s062
1433267,s062
1433288,s063
1433354,s063E
1433369,s064
1433457,s064
1433480,s072
1433508,s072
1433528,s065
1433534,kidl0
1433617,s065R
1433632,s072E
1433647,s066
1435352,deadn
1436551,s066E
1436566,s067
1436630,s067E
1436645,s068
1436720,s068E
1436735,s069
1436797,s069E
1436812,s070
1436856,s070E
1436871,s071
1436931,s040R
1436946,s059R
1437027,qstc
1437044,fdi2
1437600,fdi0
1437617,fdi0
1437633,fdo0
1437650,fdo0
1437666,fdi1
1437683,fdi1
1437699,fdo1
1437716,fdo1
1437732,whi1
1437749,whi1
1437765,who1
1437782,who1
1437798,who2
1437815,who2
1437831,who3
1437848,who3
1437864,main
1437884,fdo1
1437901,fdo1
1437917,fdi1
1437934,main
1437954,fdi1
1437970,blon
1437987,blon
1438005,whi0
1438022,whi0
1438038,who0
1438055,who0
1438071,efon
1438088,efon
1438104,fdis
1438122,fdos
1438139,fdos
1438155,fdif
1438173,fdof
1438190,fdof
1438206,fdip
1438224,fdop
1438241,fdop
1438462,s083
1438551,s083E
1438566,s084
1438612,s084E
1438627,s085
1438674,s085
1438697,s086
1438725,s103
1438753,s103
1438781,s086
1438801,s110
1438945,s086
1438971,s103
1438997,s103
1439023,s086
1439041,s110
1439064,s087
1439092,s104
1439120,s104
1439148,s087
1439168,s111
1439233,s087
1439259,s104
1439285,s104
1439311,s087
1439329,s111
1439393,s086
1439419,s103
1439445,s103
1439471,s086
1439489,s110
1439512,s087
1439540,s104
1439568,s104
1439596,s087
1439616,s111
1439670,s087
1439696,s104
1439722,s104
1439748,s087
1439766,s111
1439809,s086
1439832,s088
1439930,s088E
1439945,s089
1440008,s089
1440031,s105
1440059,s105
1440079,s090
1440221,s105
1440247,s105
1440265,s090
1440288,s086
1440316,s103
1440344,s103
1440372,s086
1440392,s110
1440528,s105
1440554,s105
1440572,s090
1440601,s086
1440627,s103
1440653,s103
1440679,s086
1440738,s083
1440822,s083E
1440837,s088
1440884,s088E
1440899,s091
1440966,s091
1440989,s106
1441017,s106
1441037,s093
1441133,s106
1441159,s106
1441177,s093E
1441192,s092
1441247,s092
1441270,s107
1441298,s107
1441318,s094
1441399,s107
1441425,s107
1441443,s094E
1441458,s096
1441519,s096E
1441534,s099
1441593,s099E
1441608,s095
1441730,s095E
1441745,s097
1441800,s097E
1441815,s098
1441859,s098
1441882,s107
1441910,s107
1441930,s094
1441985,s107
1442011,s107
1442029,s094E
1442044,s099
1442115,s099E
1442130,s100
1442218,s100
1442241,s109
1442269,s109
1442289,s102
1442388,s109
1442414,s109
1442432,s102E
1442447,s095
1442520,s095
1442543,s101
1442571,s108
1442599,s108
1442627,s101
1442647,s112
1442733,s101
1442759,s108
1442785,s108
1442811,s101
1442829,s112E
1442844,s100
1442917,s100E
1442932,s092
1442990,s092
1443031,fdi2
1443543,thk1
1443557,thk1
1443573,thk2
1443587,thk2
1443603,tlk0
1443617,tlk0
1443633,tlk1
1443647,tlk1
1443663,sha0
1443677,sha0
1443693,sha1
1443707,sha1
1443723,pas0
1443737,pas0
1443753,tlk0
1443767,tlk0
1443783,tlk1
1443797,tlk1
1443982,pap0
1443996,pap0
1444012,pap1
1444026,pap1
1444042,cr09
1444056,cr09
1444072,cr10
1444086,cr10
1444102,cr09S
1444115,cr09
1444460,tlk0
1444474,tlk0
1444490,tlk1
1444504,tlk1
1444520,pas0
1444534,pas0
1444550,tlb0
1444564,tlb0
1444580,tlb1
1444594,tlb1
1444610,thk0
1444624,thk0
1444640,thk1
1444654,thk1
1444670,thk2
1444684,thk2
1444700,wav0
1444714,wav0
1444730,dis0
1444744,dis0
1444760,kas0
1444774,kas0
1444790,at00
1444804,at00
1444820,btl0
1444834,btl0
1444850,utl0
1444864,utl0
1444880,utl1
1444894,utl1
1444910,ntl0
1444924,ntl0
1444940,ntl1
1444954,ntl1
1444970,ngt0
1444984,ngt0
1445000,ngt1
1445014,ngt1
1445030,aig0
1445044,aig0
1445060,aig1
1445074,aig1
1445090,aig0S
1445103,aig0f
1445118,aig1S
1445131,aig1
1445147,unz0
1445161,unz0
1445177,dk00
1445191,dk00
1445207,dk01
1445221,dk01
1445237,dku0
1445251,dku0
