offset,token
2942,tlk0
2971,tlk1
2995,sha0S
3008,sha0
3032,sha1S
3045,sha1
3083,thk1
3107,thk2
3189,tlk0
3213,tlk1
3351,sit0S
3364,sit0
3388,sit1S
3401,sit1
3425,tlk0
3443,tlk1
3472,pas0
3501,boo0
3525,orz0
3552,pas0
3633,oou0
3662,oou2
3691,kiz0
5064,corpS
5077,corp
5082,kidl0
5590,tlk0
5608,tlk1
5634,tlk0
5652,tlk1
5678,tlk0
5696,tlk1
5722,tlk0
5740,tlk1
5766,tlk0
5784,tlk1
5810,tlk0
5828,tlk1
5854,tlk0
5872,tlk1
5898,tlk0
5916,tlk1
6141,kiz0
6159,kiz1
6358,eton
6887,fdo1
9308,bind
13285,main
13305,fdo1
13326,fdi1
13343,main
13363,fdi1
19876,bind
23853,main
23873,fdo1
23894,fdi1
23911,main
23931,fdi1
30444,bind
34421,main
34441,fdo1
34462,fdi1
34479,main
34499,fdi1
41012,bind
44989,main
45009,fdo1
45030,fdi1
45047,main
45067,fdi1
51580,bind
55557,main
55577,fdo1
55598,fdi1
55615,main
55635,fdi1
60592,AuBuCuDuEuFu
61328,s006
61343,tlk0
61357,tlk0
61371,tlk1
61385,tlk1
61401,s008
61416,gak0
61430,gak0
61444,gak1
61458,gak1
61474,s009
61489,job0
61503,job0
61517,job1
61531,job1
61547,s005
61562,hap0
61576,hap0
61590,hap1
61604,hap1
61618,new0
61632,new0
61646,new1
61660,new1
61676,s007
61691,exp0
61705,exp0
61719,exp1
61733,exp1
61747,dan0S
61773,dan0S
61799,dan1S
61825,dan0S
61851,dan0S
61877,dan2S
61903,dan3S
61916,dan3
61930,dan3S
61956,dae3
61970,dae3
62046,fdo0
62087,s000
62104,fdi0
62128,fdo0
62156,fdi0
62199,fdo0
62261,s000
62278,fdi0
62316,s002
62340,s002E
62355,s001
62386,fdo0
62414,fdi0
62443,s001
62645,s000
62699,s000
62753,s000
62819,s000
62873,s000
62927,s000
63049,s000
63105,s000
63179,s001
63271,s000
64579,fdi1
64610,fdo0
64651,s000
64668,fdi0
64713,s001
64737,s000
64777,s001
64808,fdo0
64857,fdi0
64889,s002
64931,s002
65132,fdo0
65173,s000
65190,fdi0
65257,fdo0
65292,fdi0
65309,qstc
65342,fdo0
65383,s000
65400,fdi0
65445,s001
65469,s000
65509,s001
65540,fdo0
65589,fdi0
65621,s002
65663,s002
65864,fdo0
65905,s000
65922,fdi0
65989,fdo0
66024,fdi0
66041,qstc
66074,fdo0
66115,s000
66132,fdi0
66160,s002
66238,s001
66287,s000
66367,s001
66398,fdo0
66447,fdi0
66572,fdo0
66613,s000
66630,fdi0
66697,fdo0
66732,fdi0
66749,qstc
66771,fdo1
66788,fdo1F
66876,s000
66896,fdi1
66913,s005
66928,hap0
66949,hap1R
66964,s000E
66979,s001
67000,s006
67015,tlk0
67036,tlk1E
67051,fdo1
67068,fdo1R
67083,s001F
67100,fdi2
67127,s006
67142,tlk0
67181,fdo1
67198,fdo1F
67286,s000
67306,fdi1
67323,s005
67338,hap0
67359,hap1R
67374,s000E
67389,s001
67410,s006
67425,tlk0
67446,tlk1R
67461,s001E
67476,s002
67495,hap0
67514,s002E
67529,s003
67544,hap1
67563,s007
67578,exp0
67605,s003E
67620,s004
67639,exp1R
67654,s004E
67669,s005
67690,s008
67705,gak0
67724,gak1R
67739,s005E
67754,s000
67775,s000E
67790,s006
67807,s006
67826,tlk1E
67841,fdo1
67858,fdo1R
67873,s006F
67890,fdi2
67910,fdo1
67927,fdo1F
68015,s000
68035,fdi1
68052,s005
68067,hap0
68086,s000E
68101,s002
68120,hap1R
68135,s002E
68150,s003
68167,s007
68182,exp0
68209,s003E
68224,s004
68243,exp1R
68258,s004E
68273,s005
68294,s008
68309,gak0
68326,gak1R
68341,s005E
68356,s000
68377,s000E
68392,s006
68409,s006
68428,tlk1E
68443,fdo1
68460,fdo1R
68475,s006F
68492,fdi2
72420,ru01
72440,twb0+t
72463,ru01E
72478,ru02
72503,ru02E
72518,ru03
72580,ru03E
72595,ru04
72620,ru04E
72635,ru05
72735,ru05E
72750,ru06
72780,thk1+t
72811,ru06E
72826,ru07
72853,thk2
72907,ru07E
72922,ru09
72950,ru07E
72965,ru09
72985,ru07E
73000,ru08
73032,ru08R
73047,ru09E
73062,ru10
73087,ru10E
73102,ru11
73127,tlk0+t
73150,ru11E
73165,ru12
73198,ru12E
73213,ru13
73230,tlk1+t
73297,ru13E
73312,ru14
73351,ru13E
73366,ru14
73402,ru14E
73417,ru15
73434,tlk0+t
73480,ru15E
73495,ru17
73523,ru15E
73538,ru17
73558,ru15E
73573,ru16
73590,tlk1+t
73657,ru16R
73672,ru17E
73687,ru20
73727,ru20E
73742,ru19
73759,twa0+t
73790,ru19E
73805,ru21
73822,twa1
73856,tlc1
73900,ru16R
73915,ru17E
73930,ru18
73982,ru18R
73997,ru21E
74041,fdi2
74189,ru17
74217,ru17
74237,ru16
74272,ru16R
74287,ru17E
74302,ru20
74342,ru20E
74357,ru19
74374,twa0+t
74405,ru19E
74420,ru21
74437,twa1
74471,tlc1
74495,ru21E
74594,fdi2
74636,tlk0
74672,tlk1+t
74838,ru30
74872,ru30
74937,ru30E
74952,ru32
74988,frst
75008,ru32E
75023,ru33
75043,okex
75063,ru33E
75078,ru34
75121,ru34E
75136,ru36
75161,ru36E
75176,ru37
75204,ru30R
75219,ru37E
75234,ru38
75368,ru38E
75383,ru40
75429,ru38E
75444,ru39
75504,ru40E
75519,ru42
75551,cst0
75568,rn00
75586,ru42E
75601,ru47
75618,tgt0
75663,ru47E
75678,ru48
75703,ru48E
75718,ru49
75771,ru49E
75786,ru52
75948,ru49E
75963,ru50
76024,ru50E
76039,ru51
76107,ru50
76146,ru52E
76161,rhm1
76189,ru52E
76204,rhf1
76232,ru52E
76247,rem1
76275,ru52E
76290,ref1
76318,ru52E
76333,rtr1
76361,ru52E
76376,rtr1
76404,ru52E
76419,rmt1
76447,ru52E
76462,rgl1
76498,sc20
76559,sc21
76607,sc22
76655,sc23
76703,sc24
76751,sc25
76799,sc26
76835,sc27
76883,sc28
76931,sc29
76964,sc20R
76979,sc21R
76994,sc22R
77009,sc23R
77024,sc24R
77039,sc25R
77054,sc26R
77069,sc27R
77084,sc28R
77099,sc29
77137,rhm2
77165,rhf2
77193,rem2
77221,ref2
77249,rtr2
77277,rtr2
77305,rmt2
77333,rgl2
77391,rhm2R
77406,rhf2R
77421,rem2R
77436,ref2R
77451,rtr2R
77466,rmt2R
77481,rgl2E
77521,sc01
77561,sc01E
77576,sc02
77598,thk1+t
77637,sc03
77678,sc04
77719,sc05
77760,sc06
77801,sc07
77834,sc08
77867,twb0+t
77890,twb1
77922,sc02R
77937,sc03R
77952,sc04R
77967,sc05R
77982,sc06R
77997,sc07R
78012,sc08kidl0t
78100,ru60
78123,ru60E
78138,ru61
78178,ru61E
78193,ru62
78218,ru62E
78233,ru63
78280,ru63E
78295,ru64
78312,twb0+t
78335,ru64E
78350,ru65
78375,twb1+t
78396,twb1R
78411,ru65E
78426,ru66
78466,ru66E
78481,ru67
78498,tlk0+t
78521,ru67E
78536,ru68
78561,tlk1St
78574,tlk1R
78589,ru68E
78604,ru69
78634,pas0St
78647,pas0
78675,ru69E
78690,ru70
78730,ru70E
78745,ru71
78766,kidl0
78786,ru51R
78801,ru71E
78853,qstc
78870,fdi2
78922,pas0St
78935,pas0
78986,qstc
79152,tlk0+u
79183,ten0+u
79230,thk1
79256,thk2Su
79269,thk2+u
79300,tlk0+u
79331,ten0
79355,ten0f
79370,dis0+u
79399,dis0.
79477,pas0Su
79490,pas0+u
79588,thk1
79621,thk2Su
79634,thk2
80809,pas0Su
80822,pas0C
80857,dis0+u
80878,dis0.
80900,thk1
80926,thk2Su
80939,thk2
81132,tlk0+u
81279,T#+u
81370,ten0Su
81383,ten0
81569,pas0Su
81626,dis0+u
81647,dis0.
81668,fdi0
81685,fdi0
81701,fdo0
81718,fdo0
81734,fdi1
81751,fdi1
81767,fdo1
81784,fdo1
81800,whi1
81817,whi1
81833,who1
81850,who1
81866,who2
81883,who2
81899,who3
81916,who3
81932,main
81952,fdo1
81969,fdo1
81985,fdi1
82002,main
82022,fdi1
82038,blon
82055,blon
82073,whi0
82090,whi0
82106,who0
82123,who0
82139,efon
82156,efon
82172,fdis
82190,fdos
82207,fdos
82223,fdif
82241,fdof
82258,fdof
82274,fdip
82292,fdop
82309,fdop
82804,xxxx
82821,xxxx_
82837,xxxx_
82853,xxxx
82870,xxxx_
82886,xxxx_
82902,xxxx
82919,xxxx_
82935,xxxx_
82951,xxxx
82968,xxxx_
82984,xxxx_
83000,xxxx
83017,xxxx_
83033,xxxx
83050,xxxx_
83066,xxxx
83083,xxxx_
83099,xxxx
83116,xxxx_
83132,xxxx_
83148,xxxx
83165,xxxx_
83181,xxxx
83198,xxxx_
83214,xxxx
83231,xxxx_
83247,xxxx
83264,xxxx_
83280,xxxx
83297,xxxx_
83313,xxxx
83344,xxxx
83375,xxxx
83406,xxxx
83423,xxxx_
83439,xxxx
83470,xxxx
83487,xxxx_
83503,xxxx
83520,xxxx_
83536,xxxx
83553,xxxx_
83569,xxxx
83963,tlk0
83985,tlk0n
84015,tlk1
84032,tlk1
84074,pas0
84091,pas0
84226,tlk0
84248,tlk1
84287,tlk0
84309,tlk1'
84339,thk1
84361,thk2y
84389,tlk0
84411,tlk1
84676,tlb0
84764,tlk0
84912,fdi0
84929,fdi0
84945,fdo0
84962,fdo0
84978,fdi1
84995,fdi1
85011,fdo1
85028,fdo1
85044,whi1
85061,whi1
85077,who1
85094,who1
85110,who2
85127,who2
85143,who3
85160,who3
85176,main
85196,fdo1
85213,fdo1
85229,fdi1
85246,main
85266,fdi1
85282,blon
85299,blon
85317,whi0
85334,whi0
85350,who0
85367,who0
85383,efon
85400,efon
85416,fdis
85434,fdos
85451,fdos
85467,fdif
85485,fdof
85502,fdof
85518,fdip
85536,fdop
85553,fdop
86892,moj0
86921,moj0
86955,moj0
86991,tlk0
87049,pas0
87068,moj0
87134,gkr0
87250,aym0
87268,tlk0
87287,pas0
87305,qstc
87463,zit0
87486,moj0
87522,bik0
87540,moj0
87559,bik0
87577,moj0
87612,moj0
87646,moj0
87676,moj0
87703,pas0
87721,qstc
87755,moj0
87819,moj0
87849,moj0
87909,moj0
87939,bik0
87961,moj0
87984,pas0
88002,qstc
88159,tlk0
88202,tlk0
88326,tlk0
88349,tlk1
88379,tlk0
88402,pas0
88420,tlk1E
88435,qstc
88471,tlk0
88643,tlk0
88686,tlk0
88818,tlk0
88841,std0
88871,tlk0
88894,pas0
88912,std0E
88927,qstc
88963,tlk0
89259,tlk0
89302,tlk0
89432,tlk0
89520,Bopf
89534,tlk0
89562,pas0
89580,std0E
89595,qstc
89621,tlk0
89773,tlk0
89792,std0
89873,tlk0
89928,std0
99222,s000
99254,s000
99269,stp0
99287,main
99316,fdo1
99333,fdo1
99349,kila
99366,fdi1
99383,fdi1
99398,main
108702,s000
108734,s000
108749,stp0
108767,main
108796,fdo1
108813,fdo1
108829,kila
108846,fdi1
108863,fdi1
108878,main
118182,s000
118214,s000
118229,stp0
118247,main
118276,fdo1
118293,fdo1
118309,kila
118326,fdi1
118343,fdi1
118358,main
127662,s000
127694,s000
127709,stp0
127727,main
127756,fdo1
127773,fdo1
127789,kila
127806,fdi1
127823,fdi1
127838,main
137142,s000
137174,s000
137189,stp0
137207,main
137236,fdo1
137253,fdo1
137269,kila
137286,fdi1
137303,fdi1
137318,main
146622,s000
146654,s000
146669,stp0
146687,main
146716,fdo1
146733,fdo1
146749,kila
146766,fdi1
146783,fdi1
146798,main
156102,s000
156134,s000
156149,stp0
156167,main
156196,fdo1
156213,fdo1
156229,kila
156246,fdi1
156263,fdi1
156278,main
165582,s000
165614,s000
165629,stp0
165647,main
165676,fdo1
165693,fdo1
165709,kila
165726,fdi1
165743,fdi1
165758,main
175062,s000
175094,s000
175109,stp0
175127,main
175156,fdo1
175173,fdo1
175189,kila
175206,fdi1
175223,fdi1
175238,main
178376,fdi2
178410,tlk0
178494,tlk2U
179242,fdi2
179336,open
179587,s001
179611,s001
179670,thk1
179698,thk2
179756,closfD
179771,ehn0+
179857,tlk0+
179888,tlk1R
179918,kyo1
180000,kidl0
180054,kyo1
180102,hen0+
180153,dis0fS
180168,tlb0+
180206,tlb1'
180289,wai0+
180310,wai0
180439,tlk0+
180551,kyo2
180610,thk1
180636,kyo2ov
180658,thk2E
180800,kyo3
180832,iro0
180901,fa01
180920,kyo3
181016,ude0J
181092,kyo4
181109,tlk0+
181132,kyo4E
181147,kyo5
181164,shk0+
181187,thk1+
181229,kyo5
181289,ude1+
181389,fh00
181407,wak1f
181422,thk1
181440,s002
181472,s002E
181487,s008
181504,eri0
181532,s008E
181686,age0
181719,fh00R
181784,thk2
181860,tlk0+
181883,tlb0R
181947,tlb1+
181968,tlb1
182026,fd01
182044,tla0+
182075,tla1R
182137,tla1
182203,f000
182221,thk1
182263,thk2+
182317,tlb0+
182389,tlb1+
182412,yar0+
182435,yar1'
182543,sas0
182605,sas1S
182618,sas1'
182706,tlb1+
182729,yar0+
182760,yar1
182831,sas0
182927,sas1
182957,fh00
183076,fh01
183094,tla0
183136,thk1+
183172,f000R
183202,kyo6
183230,tla1U
183245,kyo6
183300,tla1
183355,msu0+
183420,tlk0+
183451,tlk1S
183464,tlk1+
183531,yar1
183569,kyo7
183586,tlk0f
183601,msu1+
183703,tlk1
183820,tlk0+
183858,tlk0+
183922,tlk1f
183937,tlk0J
183969,tlk1R
183999,kyo8
184029,hon1+
184052,hon2
184078,yes0+
184104,kyo8
184214,tla1fZ
184229,thk2+
184291,kob0+
184349,tlk0
184492,thk2+
184515,tlk0+
184587,tlk1f
184602,tlk0+
184658,tlk1+
184809,stat
184826,awa0+
184847,awa0
184862,stop
184944,kob0+
184970,fh01R
185055,tlk0R
185085,s009
185102,hon0+
185124,ude0
185143,tlk1R
185158,s009E
185173,s010
185190,stat
185207,awa0+
185239,stop
185256,s010
185289,f000
185335,fh00kidl0
185419,open'
185503,closz
185527,wak1
185623,rei0
185645,kidl0
185697,fh01+
185727,fh00R
185889,tlk0+
185942,tlk0+
185965,tlk1
185983,fh00R
186046,cer0
186138,tlk0+
186184,tlk1R
186257,tlk0+
186280,tlk1R
186343,tlk0+
186366,tlk1
186384,tla0+
186422,tla1U
186505,tlk0#
186562,fh00'
186610,fh01'
186645,fh00J
186726,fh01
186756,yar0+
186803,yar1R
186857,thk1
186930,eri0+
186953,fh00S
186981,tlk1
187014,s003
187045,tlk1R
187060,s003E
187075,s004
187104,ata0
187122,s004E
187200,wak0
187412,wak1
187438,wak1J
187465,fh01+
187514,s012
187542,s012
187570,s006
187598,s006
187626,s012
187646,s005
187706,kbi0
187724,kbi1
187753,kbi0
187771,kbi1
187792,fri1
187810,fri2
187828,s005R
187843,s006R
187858,s012
187881,s011
187909,s011
187929,s007
187980,fh00R
187995,s007R
188010,s011E
188123,fdi2
188345,tha0
188372,uro0'
188394,s023
188417,s023E
188432,ys01
188452,ys01E
188467,s024
188534,s024E
188549,s171
188574,kursR
188589,s171E
188604,ys02
188624,kiz0
188654,ys02E
188669,s172
188730,kidl0
188739,kidl0
188813,std0'
188842,s025
188868,s025E
188883,ys03
188916,ys03E
188931,s026
188954,thk1+
188977,tlk0+
189000,tlk1R
189015,s026E
189030,ys04
189072,ys04E
189087,s027
189104,tha0
189130,s027E
189145,s029
189186,tla0R
189201,s029E
189216,s028
189245,tha2
189307,s028
189330,s031
189358,s031
189378,s030
189401,s030R
189416,s031E
189431,s032
189487,s032E
189559,fdi2
189839,s034
189917,s034E0
189932,s035
190031,tlb0+
190054,tlb1R0
190069,s035E0
190084,s036
190109,kob0+
190130,kob0R0
190145,s036E0
190160,s037
190207,tlb0+
190230,tlb1R0
190245,s037E0
190260,s038
190329,s038E0
190344,s039
190401,s039J
190428,s040
190478,tlk0+
190501,s040E0
190516,s041
190551,ten0n
190581,s041E0
190596,s042
190613,dis0+
190644,tlk0+
190667,s042E0
190682,s043
190699,ten0+
190730,s043
190740,r1E0
190753,s004
190781,s004
190801,s044
190844,s004R0
190859,s044E0
190874,s045
190891,tlk0+
190922,s045E0
190937,s046
190954,ten0
190988,s046E0
191003,s047
191020,tlk1+
191051,s047E0
191066,s005
191083,ten1
191107,ten1R0
191122,s005E0
191137,s048
191154,dis0
191186,s048
191213,fdi2
191329,s125
191360,s125EO
191375,s126
191392,thk1+
191425,s126EO
191440,s127
191464,thk2
191495,tlk0+
191518,ten0f
191533,thk1RO
191548,s127EO
191563,s128
191596,thk2RO
191611,s128EO
191626,s129
191651,tlk0+
191674,tlk1RO
191689,s129EO
191704,s130
191721,tlk0+
191752,ten0fu
191767,thk1+
191790,s130EO
191805,s131
191834,tlk0+
191857,ten0RO
191872,s131EO
191887,s132
191904,thk2+
191937,tlk0+
191960,ten0RO
191975,s132EO
191990,s133
192007,dis0+
192036,s133
192063,fdi2
192158,s120
192186,tlk0+
192209,s120E0
192224,s121
192241,tlk2+
192272,s121
192298,s120
192321,s006
192349,s006
192369,s122
192396,s006R0
192411,s122E0
192426,s123
192464,s123E0
192479,s124
192502,thk1
192544,thk2
192562,s124E0
192577,s007
192600,thk2
192621,s007
192648,fdi2
192682,tlb0+
192713,tlb1S
192957,arclEq
192972,s130
193011,s130Eq
193026,s132
193067,thk1
193113,thk2+r
193138,s132Eq
193153,ys20
193191,ys20Eq
193206,s133
193230,s133Eq
193245,s134
193277,tla0+
193303,s134Eq
193318,s135
193335,tla1
193404,fh00
193436,s135Eq
193451,ys21
193520,exp2Rq
193535,ys21Eq
193550,s136
193655,exp3
193688,fh01
193716,s136
193739,ys22
193771,tma2
193797,ys22
193829,tma2
193847,s137
193879,tma1
193914,s137Rq
193929,ys22Eq
193944,ys23
193978,fh00f
193993,tlk0
194011,ys23Eq
194026,s138
194064,f000
194074,kidl0
194133,tlk2Rq
194148,s138Eq
194163,s139
194201,s139Eq
194216,s140
194279,s140Eq
194317,kidl0
194326,kidl0
194335,kidl0
194437,arc0H9
194473,s141
194496,s141Eq
194511,s142
194569,s142Eq
194584,ys40
194612,ys40Eq
194627,s143
194664,dyo0
194702,s143Eq
194717,s146
194748,s146Eq
194763,s144
194792,dyo2
194836,s144
194859,s001
194887,s001
194907,s000
194939,s000Rq
194954,s001Eq
194969,s145
194986,dyo3+
195128,arc1
195155,s145Eq
195170,s147
195225,s147Eq
195240,s002
195257,fe01+
195280,s002Eq
195295,s148
195320,fe00
195371,arc2
195398,s148Eq
195413,ys41
195441,fpa1+
195517,f000
195538,ys41Eq
195553,s150
195593,s150Eq
195626,kidl0
195635,kidl0
196126,fj00H9
196162,s151
196185,s151Eq
196200,ys01
196220,ys01Eq
196235,s152
196255,fj01+
196281,fj00Rq
196296,s152Eq
196311,s153
196352,s153Eq
196367,s154
196395,s154Eq
196410,ys02
196437,kam0
196455,ys02Eq
196470,s165
196491,s165Eq
196506,s156
196523,fj01
196565,fj00Rq
196580,s156Eq
196595,s155
196626,s155Eq
196641,ys03
196658,nin1
196702,ys03Eq
196717,s157
196737,fj01+
196763,fj00Rq
196778,s157Eq
196793,s158
196831,nin2
196863,s158Eq
196878,s159
196911,nin3
196929,s159Eq
196944,s160
196969,km01
196989,s160Eq
197004,ys07
197028,hir0
197061,goh0
197079,ys07Eq
197094,s161
197111,stop
197147,s161Eq
197162,s163
197179,kam2
197229,s163Eq
197244,s162
197276,fj01+
197290,kidl0
197337,fj00Rq
197352,s162Eq
197367,s164
197387,main
197396,kidl0
197429,s164Eq
197444,s166
197490,s166Eq
197505,s168
197566,tma0
197593,s168Eq
197608,s169
197631,fj01+
197657,fj00Rq
197672,s169
197695,s171
197723,s171
197743,s170
197764,kidl0
197796,f000
197820,s170Rq
197835,s171Eq
197850,s172
197867,tlk0+
197890,tlk1
197940,thk0
197958,s172Eq
197973,ys04
198010,w3of
198029,ys04Eq
198044,s173
198087,thk1S
198100,thk1
198118,s173Eq
198133,s174
198171,fh01+
198194,yes0+
198230,fh00Rq
198245,s174
198261,yOEq
198274,s175
198327,thk0+
198353,s175Eq
198368,ys05
198391,thk1+
198427,fi00Rq
198442,ys05
198460,s176
198508,s176Eq
198646,fdi2
199482,han0E
199497,s020
199523,nwa1
199553,s020E
199568,s021
199614,han1R
199629,s021E
199679,s006
199704,s006E
199719,s023
199736,tlk0+
199774,tlk0+
199797,tlk1
199824,utu0R
199839,s023E
199854,s024
199879,s024E
199894,s025
199948,tlk0R
199963,s025E
199978,s026
200013,tlk1R
200028,s026E
200043,s027
200060,tlk0+
200083,tlk1R
200098,s027E
200113,s091
200153,s091E
200168,s028
200207,tlk0+
200230,yre0f
200265,s028E
200280,s029
200317,gik0
200363,gik0
200393,s029E
200408,s030
200471,s030E
200486,s031
200514,tlk0+
200558,gik1
200576,s031E
200591,s033
200611,s033E
200626,s032
200894,hml0
200927,hfl0
200960,eml0
200993,efl0
201026,trl0
201059,trl0
201092,mfl0
201125,gml0
201173,bed0N
201207,s034
201230,yre0
201248,s034E
201263,s035
201280,bed1
201298,s035E
201313,s036
201333,s036E
201348,s092
201374,bed1
201392,s092E
201407,s038
201430,bed1f
201445,bik0R
201460,s038E
201475,s093
201514,manl
201532,s093E
201547,s037
201580,s037E
201595,s094
201620,man1R
201635,s094E
201650,s040
201670,s040E
201685,s095
201705,s095
201728,s097
201756,s097
201776,s096
201796,s096R
201811,s097E
201826,s032
201864,s032E
201879,s039
201896,man2E
201920,kidl0
201963,s039E
201978,s098
202019,s098E
202034,s041
202088,han0fF
202103,tlk0+
202126,tlk1'
202151,s041E
202166,s042
202201,s042E
202216,s043
202255,s043E
202270,s044
202287,tlk0E
202331,fi01
202349,tlk1R
202364,s044E
202379,s045
202396,tlc0+
202419,tlc1R
202434,s045E
202449,s046
202466,tlk0+
202489,tlk1J
202513,s046E
202528,s047
202548,fi01+
202574,tlk0+
202597,s047E
202612,ys01
202629,tlk1+
202665,fi00R
202680,ys01E
202695,s048
202712,thk0y
202745,s048E
202760,s049
202777,tlk0+
202826,ff00y
202840,kidl0
203163,kidl0
203195,s050
203226,tlk1R
203241,s050E
203256,s051
203273,thk1
203311,s051E
203326,s052
203361,no00
203379,s052E
203394,s053
203411,tlk0+
203434,tlk1R
203449,s053E
203464,s054
203517,mjk0
203533,ner2R
203548,s054E
203563,s055
203587,s055E
203602,s056
203645,mjk1
203685,s056E
203700,s057
203718,kidl0
203742,s057E
203757,s058
203774,thk0fA
203789,gkr0+
203812,kob0R
203827,s058E
203842,s059
203888,kidl0
203943,s059E
203958,s060
203975,tlk0y
204182,s060E
204197,s061
204214,tlc0+
204254,tlc1R
204269,s061
204292,s009
204320,s009
204348,s008
204376,s008
204404,s009
204424,s007
204441,sta1
204461,kil1
204478,s007R
204493,s008R
204508,s009
204531,s062
204559,s062
204587,s062
204615,s062
204643,s063
204671,s063
204699,s062
204727,s062
204788,star
204822,s062R
204837,s063
204860,s071
204888,s071
204916,s064
204936,s072
204990,s064R
205005,s071R
205050,s065
205078,s065
205098,s066
205145,f000R
205160,s065R
205175,s066E
205190,s069
205210,s069E
205225,s068
205260,s068E
205275,s069
205292,tlk0+
205357,tlk1R
205372,s069E
205387,s070
205404,tlk0+
205427,tlk1
205448,s070E
205463,s073
205494,kill
205511,s073E
205526,s074
205543,tlk0+
205566,tlk1R
205581,s074E
205596,ys02
205619,bik0R
205634,ys02E
205649,s075
205695,bik1E
205710,s076
205727,star
205774,s076E
205789,s077
205816,tlk0+
205892,s077E
205907,s079
205924,yes0+
205945,yes0
205990,s077E
206005,s079
206022,tlk0+
206051,tlk1
206090,s077E
206105,s079
206122,tlk0+
206148,tlk1
206180,s079E
206195,s080
206212,kill
206294,s080E
206309,s078
206334,s078E
206349,s081
206366,star
206383,tlk0+
206406,tlk1J
206433,tlk0+
206456,tlk1R
206471,s081E
206486,s082
206525,tlk0+
206548,tlk1R
206563,s082E
206578,s083
206612,tlk0+
206661,kill
206686,s083E
206701,s084
206734,s084E
206749,s085
206779,mou0+
206818,s085E
206833,s087
206870,fk00+
206893,tlk1R
206908,s087E
206923,s088
206950,s088E
206965,s089
206982,fk01y
207010,star
207051,tlb0
207080,s089E
207095,s090
207137,s090E
207182,f000N
207327,tlk0E
207342,s099
207368,tlk1R
207383,s099E
207398,s100
207415,tlk0
207450,tlk1R
207465,s100E
207480,s101
207497,tlk0
207557,tlk1
207572,kill
207589,s101E
207604,s102
207647,s102E
207662,k079
207668,kidl0
207845,sta1
207874,f000
207899,s103
207925,kob0
207943,s103E
207958,s104
207978,kil1
208016,s104E
208031,s105
208048,non0+
208071,s105E
208086,s106
208131,s106E
208146,s107
208195,tlk0+
208244,tlk1S
208257,tlk1R
208272,s107E
208287,ys03
208328,ys03w
208553,arc0
208568,star
208602,hon0
208617,s000
208634,s108
208660,s108E
208675,s109
208700,s109E
208715,s110
208747,s110E
208762,s111
208787,s111E
208802,s112
208819,ude0+
208842,tlk0E
208874,s112E
208889,s113
208921,arc1+
208944,tlk1R
208959,s113E
208974,s114
208991,tlk0
209062,arc0#f
209078,tlk1R
209093,s114E
209108,s115
209140,arc1+
209166,s115E
209181,s117
209198,thk1
209233,s117E
209248,s116
209265,thk0+
209288,s116E
209303,s118
209309,kidl0
209357,hon1+
209380,hon2R
209395,s118E
209410,s119
209447,fk01+
209470,s119E
209485,s120
209542,arc1+
209565,s120E
209580,s121
209597,hon1+
209658,arc1R
209673,s121E
209688,s122
209711,hon2'
209753,s122E
209768,s123
209785,kill
209808,yes0+
209829,yes0R
209844,s123E
209859,ys04
209876,star
209904,hon1+
209927,ys04E
209942,s124
209997,arc1+
210020,s124E
210035,s128
210113,s128E
210128,s125
210145,ude1
210171,s125E
210186,s126
210206,hon1+
210229,hon2R
210244,s126E
210259,s127
210276,kill
210355,s127E
210387,kil0
210404,k079
210500,fdi2
210527,hml1f
210542,kiz0
210568,hfl1fV
210583,kiz0
210609,eml1f
210624,kiz0
210650,efl1f
210665,kiz0
210691,trl1f
210706,kiz0
210732,trl1f
210747,kiz0
210773,mfl1f
210788,kiz0
210814,gml1f
210829,kiz0
210856,hml2f
210871,kiz1
210897,hfl2fV
210912,kiz1
210938,eml2f
210953,kiz1
210979,efl2f
210994,kiz1
211020,trl2f
211035,kiz1
211061,trl2f
211076,kiz1
211102,mfl2f
211117,kiz1
211143,gml2f
211158,kiz1
211185,hml3f
211200,kiz2
211226,hfl3fV
211241,kiz2
211267,eml3f
211282,kiz2
211308,efl3f
211323,kiz2
211349,trl3f
211364,kiz2
211390,trl3f
211405,kiz2
211431,mfl3f
211446,kiz2
211472,gml3f
211487,kiz2
211514,hmllf
211529,kizl
211555,hfllfV
211570,kizl
211596,emllf
211611,kizl
211637,efllf
211652,kizl
211678,trllf
211693,kizl
211719,trllf
211734,kizl
211760,mfllf
211775,kizl
211801,gmllf
211816,kizl
211835,fdi0
211852,fdi0
211868,fdo0
211885,fdo0
211901,fdi1
211918,fdi1
211934,fdo1
211951,fdo1
211967,whi1
211984,whi1
212000,who1
212017,who1
212033,who2
212050,who2
212066,who3
212083,who3
212099,main
212119,fdo1
212136,fdo1
212152,fdi1
212169,main
212189,fdi1
212205,blon
212222,blon
212240,whi0
212257,whi0
212273,who0
212290,who0
212306,efon
212323,efon
212339,fdis
212357,fdos
212374,fdos
212390,fdif
212408,fdof
212425,fdof
212441,fdip
212459,fdop
212476,fdop
217675,s010
217698,tlk0+
217736,s011
217784,dor0
217817,s012
217852,s206
217887,s013
217904,dor1+
217942,s014
218010,s015
218041,s015kidl0
218054,kidl0
218245,emllfB
218260,kizl
218275,star
218292,s016
218312,efon
218378,s017
218418,s018
218458,kidl0
218589,s019
218609,efon
218626,efon
218673,s132
218698,s132
218721,s133
218757,s133
218793,s134
218829,s134
218865,s135
218901,s135
218937,s133
218973,s134
219037,s135
219052,kill
219064,kidl0
219222,s136
219245,tla0+
219283,s139
219339,tla1+
219362,ude0
219395,s140
219458,s141
219475,non0+
219510,kbi0+
219548,s142
219565,tlk0+
219634,s143
219674,s144
219691,tlk0+
219737,s145
219772,tlk1+
219815,s146
219832,thk0+
219893,s147
219922,kbi1+
219945,tlk0+
219991,s148
220023,tlk0+
220046,tlk1y
220094,s149
220149,s150
220197,s151
220214,thk1+
220252,s152
220393,s153
220411,closJ
220453,s154
220470,kei0+
220521,s155
220571,s156
220740,s157
220781,s158
220798,tlk0+
220851,s159
220891,s160
220908,kaz1+
220959,s161
221023,s162
221112,s163
221129,yes0+
221152,tlk0+
221190,s163
221213,s009
221241,s009
221269,s008
221297,s008
221325,s009
221345,s007
221362,sta1
221456,s164
221473,tla0+
221527,s165
221552,kil1
221569,k079
221624,s166
221687,s167
221739,s168
221756,tlk0+
221809,s169
221826,tlk0+
221879,s170
221908,yra0+
221946,s171
221955,kidl0
222013,s172
222038,tlk0+
222106,s207
222186,s208
222203,tlk0+
222256,s173
222296,s173
222324,thk0+
222362,s174
222379,tlk0+
222417,thk1+
222455,s175
222472,tlk0+
222533,s176
222550,tlk0+
222603,s177
222620,tlk0+
222658,s178
222718,s179
222735,thk1+
222781,s180
222813,tlk1+
222851,s181
222886,yes0+
222924,s182
222969,s183
222986,kei0y
223029,yar0
223062,s186
223135,s184
223170,s185
223210,s187
223252,tlk0+
223290,s188
223345,s189
223383,s189N
223535,hml0
223568,hfl0
223601,eml0
223634,efl0
223674,trl0
223714,trl0
223754,mfl0
223787,gml0
223816,s190
223867,s191
223913,s192
223930,tlk0+
223976,s192
223996,s193
224085,s194
224125,s195
224148,bik1+
224184,s195
224261,s196
224303,hml0
224329,hfl0
224355,eml0
224381,efl0
224407,trl0
224433,trl0
224459,mfl0
224485,gml0
224517,bik1
224545,s196
224578,fi01
224611,s197
224628,tlk0+
224686,kidl0
224811,s198
224831,efon
224848,efonf
224863,bed1+
224888,yes0
224922,s199
224967,s199
225012,s200
225035,dyo0+
225081,s201
225134,s202
225166,f000
225199,s203
225216,dyo1+
225254,s204
225271,tlk0+
225317,s205
225334,tlk1+
225368,s205'
225462,fdi2
225484,fdo1
225501,fdo18
225600,s001
225617,fdi1
225693,s001
225716,s009
225744,s009
225772,s002
225800,s002
225820,s011
225902,s009
225928,s009
225954,s002
225980,s002
225998,s011E
226013,s003
226070,s003E
226085,s004
226147,s004E
226162,s005
226259,s005E
226274,s006
226322,s006E
226337,s007
226444,s007
226467,s010
226495,s010
226515,s008
226596,fdo1
226613,fdo1
226636,s010
226662,s010
226704,fdi1
227473,yug0E
227488,s058
227521,s058E
227536,s059
227553,thk0+
227576,thk1+
227604,s059E
227619,s060
227648,tlk0+
227671,s060E
227686,s061
227695,kidl0
227737,hra0
227755,hra1
227770,s000
227787,s061E
227802,s242
227822,s242E
227837,s062
227854,hra2
227869,s001
227889,s062E
227904,s063
227921,hra3
227936,s002
227956,s063E
227971,s243
227991,s003
228041,yug1R
228056,s243E
228071,s244
228091,s244E
228106,s245
228153,kam1f
228168,mab0
228211,bou1
228226,s000
228243,s245E
228258,s246
228278,s246E
228293,s247
228313,str0
228333,kill
228353,s247E
228368,s248
228385,kam2f
228400,mab2
228418,s248E
228433,s064
228442,kidl0
228482,utu0R
228497,s064E
228512,s065
228552,s065
228562,kidl0
228571,kidl0
228580,kidl0
228589,kidl0
228751,yug0H
228779,s249
228805,s249E
228820,s066
228837,tlk0+
228889,kam0
228907,s066E
228922,s067
228947,s067E
228962,s068
228985,kam1+
229008,s068E
229023,s069
229052,yes0+
229075,s069E
229090,s070
229128,s070N
229149,kidl0
229158,kidl0
229263,s071
229289,s071E
229304,s072
229338,s072E
229353,s073
229387,kei0+
229422,fb00
229440,kuk0R
229455,s073E
229470,s074
229505,s074E
229520,s075
229560,fa01
229578,s075E
229593,s076
229610,aku0+
229633,s076E
229648,s077
229673,s077E
229688,s078
229705,yes0+
229728,s078E
229743,s079
229776,s079E
229791,s080
229821,s080E
229836,s081
229853,aku1+
229884,s081E
229899,s082
229916,aku2+
229939,s082E
229954,s083
229963,kidl0
229991,s083E
230006,s084
230023,tlk0+
230046,tlk1R
230061,s084E
230076,s085
230093,non0+
230124,s085E
230139,s086
230156,tlk0+
230179,tlk1R
230194,s086E
230209,s087
230226,tlk0+
230249,s087E
230264,s088
230281,tlk1+
230477,fi01
230495,s089
230521,dyo0
230539,s089E
230554,s090
230577,dyo0R
230592,s090
230615,s251
230643,s251
230671,s252
230699,s252
230727,s251
230747,s250
230764,sta1
230813,s250R
230828,s251R
230843,s252E
230858,s091
230875,tla0+
230898,s091E
230913,s092
230959,fi01+
230993,tla1R
231008,s092E
231023,s093
231040,tlk0+
231063,tlk1J
231090,fi00R
231105,s093E
231120,s094
231159,s094E
231174,s237
231206,poi1+
231227,poi1R
231242,s237E
231257,s095
231274,fi01+
231297,fi00R
231312,s095E
231327,s096
231367,s096E
231382,s097
231399,sto1
231416,k079
231450,s097E
231465,s098
231503,tlk0+
231526,tlk1'
231558,f000
231581,bik0R
231596,s098E
231611,s099
231620,kidl0
231648,s099E
231663,s107
231689,tlk0+
231734,fi01+
231757,s107E
231772,s108
231812,tlk0R
231827,s108E
231842,s241
231884,tlk1R
231899,s241E
231914,s109
231949,s109E
231964,s110
232016,s110E
232031,s111
232048,tla1n
232083,s111E
232098,s112
232127,thk0+
232158,s112E
232173,s113
232210,tlk0+
232233,s113E
232248,s114
232306,tlk1
232324,s114E
232339,s115
232356,tlk0+
232379,tlk1y
232424,fi00R
232439,s115E
232454,s116
232483,thk1y
232516,tlk0+
232539,tlk1R
232554,s116E
232569,s117
232606,chu0
232624,s117E
232639,s118
232671,s118E
232686,s119
232703,ude0+
232726,mir3+
232749,ude1+
232772,s119E
232787,s120
232804,tlk0+
232835,tlk1R
232850,s120E
232865,s121
232902,s121E
232917,s122
232934,tlk0y
232967,tlk1R
232982,s122E
232997,s123
233014,tlk0+
233037,tlk1R
233052,s123E
233067,s124
233102,uta0R
233117,s124E
233132,s125
233167,s125
233185,s126
233223,oti0R
233238,s126E
233253,s127
233285,s127E
233300,s128
233332,s128E
233347,s129
233389,yar0
233418,s129'
233512,fdi2
233940,hml0
233973,hfl0
234006,eml0
234039,efl0
234072,trl0
234105,trl0
234138,mfl0
234171,gml0
234201,fi01
234216,s000
234242,s130
234265,shn0+
234288,s130E
234303,s131
234320,tlk0+
234351,tlk1R
234366,s131E
234381,s132
234404,yrb0+
234432,yrb1
234467,kam0R
234482,s132E
234497,s133
234506,kdft0
234541,kam0R
234556,s133E
234571,s134
234614,kam1+
234637,s134E
234652,s135
234687,s135E
234702,s136
234719,tlk0+
234742,s136E
234757,s137
234782,tlk1R
234797,s137E
234812,s138
234829,non0+
234852,api0
234870,s138E
234885,s139
234910,shn0R
234925,s139E
234940,s140
234972,dyo0R
234987,s140E
235002,s141
235035,dyo0R
235050,s141E
235065,s142
235123,s142E
235138,s143
235183,f000'
235208,dyo1
235248,yes0+
235271,s143
235297,s142E
235312,s143
235357,f000n
235387,dyo1
235417,no01+
235440,s143
235458,s144
235475,tlk0+
235498,tlk1R
235513,s144E
235528,s145
235559,kdft0
235588,api1
235606,s145E
235621,s146
235648,tlk0+
235692,s146E
235707,s147
235741,s147E
235756,s148
235795,tlk0+
235818,tlk1J
235842,s148E
235857,s149
235917,tlk0+
235940,tlk1R
235955,s149E
235970,s150
236009,tlc0+
236047,tla0+
236070,s150E
236085,s151
236110,fra0
236128,s151E
236143,s152
236177,kdft0
236200,s152E
236215,s153
236232,tlk0+
236255,tlk1n
236306,s153E
236321,s154
236338,shn0+
236361,s154E
236376,s155
236403,tlk0+
236426,tlk1R
236441,s155E
236456,s156
236473,shn1
236499,s156E
236514,s157
236531,tla0+
236562,s157E
236577,s158
236602,tla1+
236625,s158E
236640,s159
236657,tlk0+
236695,tla0+
236718,tla1R
236733,s159E
236748,s160
236797,s160E
236812,s163
236839,tlk0y
236887,yes0R
236902,s163E
236917,s164
236952,s164E
236967,s165
237005,tlk0+
237043,tlk0J
237075,s165E
237090,s166
237123,s166E
237138,s167
237155,tlk1+
237178,tlk0+
237201,tlk1R
237216,s167E
237231,s168
237270,tlk0+
237293,tlk1R
237308,s168E
237323,s169
237348,s169E
237363,s170
237380,yra0+
237403,yra1n
237653,s170E
237668,s171
237691,yrb0+
237722,s171E
237737,s172
237762,yrb1
237783,s172E
237798,s173
237823,s173E
237838,s174
237855,tlk0+
237908,s174E
237923,s175
237948,tlk1R
237963,s175E
237978,s176
238015,tla0+
238038,tla1R
238053,s176E
238068,s177
238097,yes0+
238120,s177E
238135,s178
238165,s178E
238180,s179
238197,tlk0+
238251,poi0R
238266,s179E
238281,s180
238306,s180
238333,fj01
238351,tld0
238369,s181
238392,kidl0
238415,s181E
238430,s182
238487,s182E
238502,s183
238519,fe00
238537,tld1
238555,s183E
238570,s184
238599,f000
238617,tlk0+
238648,s184
238671,s186
238699,s186
238719,s185
238744,tlk1y
238777,s185R
238792,s186E
238807,s187
238824,thk1+
238847,s187E
238862,s188
238922,s188E
238937,s161
238954,tlk0+
238977,tlk1R
238992,s161E
239007,s188
239037,thk2
239070,thk0R
239085,s188E
239100,s189
239134,s189E
239149,s190
239176,tlk0+
239214,thk1
239232,s190E
239247,s191
239276,tlk0+
239299,s191E
239314,s192
239339,tlk1R
239354,s192E
239369,s193
239394,ueo0
239412,s193E
239427,s194
239452,s194E
239467,s195
239492,s195E
239507,s196
239528,kidl0
239583,s196E
239598,s197
239615,tlk0+
239646,tlk1R
239661,s197E
239676,s198
239735,s198E
239750,s199
239767,tlk0
239799,tlk1R
239814,s199E
239829,s200
239852,yrb0+
239875,yrb1
239896,s200E
239911,s201
239946,s201E
239961,s202
239978,tlk0+
240001,tlk1R
240016,s202E
240031,s203
240058,s203E
240073,s204
240090,non0
240135,yes0+
240161,s204E
240176,s205
240205,poi0+
240228,s205E
240243,s206
240268,poi1
240286,s206E
240301,s207
240336,shn0
240354,s207E
240369,s208
240409,s208E
240424,s209
240462,tlk0
240490,tlk1R
240505,s209
240528,s211
240556,s211
240576,s210
240604,s210R
240619,s211
240642,s213
240670,s213
240698,s214
240718,s212
240739,s212R
240754,s213R
240769,s214E
240784,s215
240807,thk0
240825,s215E
240840,s216
240885,kidl0
240919,thk0R
240934,s216E
240949,s217
240989,tla0+
241012,tla1R
241027,s217E
241042,s218
241071,tlk0+
241094,s218E
241109,s219
241142,tlk1R
241157,s219E
241172,s220
241189,tla0+
241212,tla1R
241227,s220E
241242,s221
241259,tha0+
241282,tha1+
241305,s221E
241320,s222
241373,s222E
241388,s223
241405,tla0+
241428,kil0
241461,s223E
241476,s224
241501,tla1+
241524,s224E
241539,s225
241556,tla0+
241594,tlk0+
241637,tla0+
241682,open
241700,s225E
241715,s226
241785,fj00
241803,s226E
241818,s227
241864,s227E
241879,s228
241896,tlb0+
241919,tlb1R
241934,s228E
241949,s229
241966,sim0+
241989,sim1R
242004,s229E
242019,s230
242057,fj01+
242080,fj00n
242110,fj01
242128,s230E
242143,s231
242160,tlk0+
242214,s231E
242229,s232
242254,yes0
242300,s231E
242315,s232
242340,yes0
242386,fa01R
242401,s231E
242416,s162
242441,fj01R
242456,s162E
242471,s231
242497,s232E
242512,s233
242529,tlk0+
242560,tlk1n
242599,s233E
242614,s234
242641,tlk0+
242664,s234E
242679,s235
242729,tlk1+
242752,s235E
242767,s236
242784,tla0y
242828,s236'
242943,fdi2
243069,s104
243092,tla0+
243145,s105
243162,shn0+
243191,s105
243227,fdi2
243589,s141
243609,api0
243640,open
243673,s142
243689,kdft0
243698,kidl0
243756,shn1
243789,s143
243839,s143'
243878,s144
243893,clos'
243965,s145
244026,s146
244066,s147
244084,kidl0
244118,tlk0+
244171,s148
244210,pas1y
244258,s149
244319,s150
244348,tlk0+
244371,tlk1J
244424,s151
244441,tlk0+
244502,s152
244587,s153
244618,yrb1+
244656,s154
244673,tlk0
244748,s155
244793,s187
244838,s156
244886,utu0
244919,s157
244947,s157
244957,kidl0
245136,s186
245162,ovl1
245194,s158
245211,tlk0+
245257,s159
245320,s160
245368,s195
245397,fb01
245438,s195
245471,s161
245514,bik0+
245552,s196
245569,bik1
245613,s162
245760,s163
245785,tlk0+
245808,tlk1+
245842,thk0+
245865,thk1+
245903,s164
245920,thk0+
245966,s165
245983,thk1+
246006,yes0+
246044,s166
246110,s167
246144,sho0+
246208,s168
246271,s199
246331,s169
246398,s170
246459,s171
246486,str0
246506,kill
246539,s172
246587,s173
246604,don1+
246650,s198
246724,fdi2
246920,tlk0'
246942,s000
246968,tlk1
247016,s001
247062,tha0
247103,s002
247143,s003
247180,tha2
247206,s003
247229,s235
247257,s235
247277,s234
247320,kidl0
247411,s004
247451,s005
247468,non0+
247491,tlk0y
247532,tlk1n
247577,s007
247594,tha0+
247632,s008
247680,s079
247697,tha1+
247735,s080
247752,tlk0+
247790,s009
247841,s009
247858,tha1+
247881,tlk0
247922,s010
247975,s010_
247991,kanl
248012,utu0+
248055,kan0_
248071,kan0y
248110,cmof_
248131,s012
248151,s001
248188,kan1
248221,s013
248277,s014
248304,kan2+
248339,tlk0+
248400,s015
248440,s016
248488,tlk0
248529,s081
248546,tlk0+
248569,s081
248587,s017
248932,kidl0
249016,s000
249033,s018
249056,tlk0+
249113,s019
249154,tlk1
249187,s020
249238,s021
249255,tlk0+
249304,s082
249327,thk0+
249350,s082
249373,s084
249401,s084
249421,s083
249441,s001
249478,thk1
249537,s021
249554,tlk0
249572,kil0
249612,s022
249651,s022kidl0
249869,s023
249898,utu0+
249957,s024
249980,utu1+
250026,s025
250043,utu2+
250093,s026
250110,tlk0+
250156,s026
250179,s028
250207,s028
250227,s027
250305,s029
250322,yes0+
250360,s029
250431,s029
250471,s030
250523,s031
250540,tlk0+
250563,tlk1+
250601,s032
250618,yes0+
250641,tlk0+
250664,s032
250682,s033
250720,tlk1N
250780,s034
250827,s035
250905,s036
250936,tlk0+
250989,tlk0
251022,s037
251067,s037_
251083,cmon
251109,sho0_
251125,sho0f'
251140,aww0+
251193,cmof_
251266,fdi2
252064,openJ
252135,hml0
252161,hfl0
252187,eml0
252213,efl0
252239,trl0
252265,trl0
252291,mfl0
252317,gml0
252359,s040
252382,tlk0+
252405,tlk1R
252420,s040E
252435,s041
252452,tlk0+
252483,s041E
252498,s042
252515,tlk1+
252538,tlk0R
252553,s042E
252568,s043
252608,sas0+
252631,sas1y
252668,s043E
252683,s044
252720,tlk0+
252743,s044E
252758,s045
252791,tlk1R
252806,s045E
252821,s046
252838,non0
252927,s046E
252942,s047
253017,s047E
253032,s048
253050,ude0+
253079,tlk0R
253094,s048E
253109,s049
253142,tlk1R
253157,s049E
253172,s050
253189,yes0+
253222,yes0+
253245,s050E
253260,s051
253277,tlk0y
253333,s051E
253348,s052
253385,tlk1R
253400,s052E
253415,s053
253447,tlk0+
253470,tlk1R
253485,s053E
253500,s054
253517,tlk0+
253540,tlk1
253573,s054
253596,s056
253624,s056
253644,s055
253690,tha1R
253705,s055R
253720,s056E
253735,s057
253752,tlk0+
253790,tlk0+
253813,tlk1
253863,s057
253886,s059
253914,s059
253942,s060
253970,s060
253998,s059
254018,s058
254035,star
254081,kill
254098,s058R
254113,s059R
254128,s060
254151,s062
254179,s062
254199,s061
254224,hml1f#
254239,kiz0
254265,hfl1fC
254280,kiz0
254306,eml1fB
254321,kiz0
254362,efl1
254403,kiz0
254444,kiz0
254470,mfl1
254488,kiz0
254514,gml1f'
254529,kiz0
254550,star
254576,s061R
254591,s062
254614,s065
254642,s065
254670,s064
254690,s063
254711,s063R
254726,s064R
254741,s065E
254756,s066
254779,s066E
254794,s067
254803,kidl0
254829,kill
254849,k079
254866,s067E
254881,s068
254898,tlk0J
254930,s068E
254945,s069
255006,tlk1R
255021,s069E
255036,s070
255053,tlk0+
255091,yes0
255135,s070E
255150,s071
255182,non0+
255208,s071
255228,s072
255276,s072E
255291,s075
255308,yes0
255346,s075E
255361,s076
255378,tlk0+
255401,tlk1R
255416,s076E
255431,s077
255524,s077
255565,s072E
255580,s073
255605,s073E
255620,s074
255637,tlk0+
255675,tlk0+
255698,s074E
255713,s085
255738,tlk1
255758,s085
255779,s078
255799,kidl0
255862,s078E
255877,s086
255917,tlk0+
255940,tlk1R
255955,s086
255975,s087
256008,s087E
256023,s089
256048,ude0+
256071,ude1+
256094,s089E
256109,s090
256126,tlk0+
256168,ude0R
256183,s087E
256198,s088
256228,s088
256260,s090'
256347,fdi2
256473,s037
256496,tlk0+
256519,s037E
256534,s038
256559,tlk1+
256582,api0
256600,s038E
256615,s039
256654,s039
256690,fdi2
256828,thk1f
256843,tlk0'
256868,s040
256894,thk2
256912,ten0J
256947,s040E
256962,s041
256979,thk1+
257010,s041E
257025,s042
257042,thk2+
257102,s042E
257117,s043
257134,tlk0+
257165,tlk1n
257195,s043E
257210,s044
257227,tlk0+
257258,tlk1
257276,s044E
257291,s045
257320,thk1+
257349,thk1+
257372,thk2
257390,s045E
257405,s046
257423,kidl0
257443,tlk0+
257474,s046E
257489,s047
257522,tlk1R
257537,s047E
257552,s048
257589,s048E
257604,s049
257621,tlk0+
257652,tlk1R
257667,s049E
257682,s050
257715,s049z
257770,s051
257790,fdi1
257821,s051E
257836,s213
257853,tlk0
257881,s213E
257896,s214
257929,s214E
257944,s215
257983,s215
258012,fdi2
258138,s197
258161,tlk0+
258184,thk1R
258199,s197E
258214,s198
258270,s198E
258285,s199
258310,thk0+
258333,s199E
258348,s200
258387,s200
258423,fdi2
258860,s000
258897,s000E
258912,s001
258929,tlk0+
258958,s001kidl0
259026,openE
259041,s002
259061,fdi0
259098,s002E
259113,s003
259131,closz
259215,s003E
259230,s004
259247,tlk0+
259278,tlk1+
259301,s004E
259316,s005
259345,tlk0+
259368,tlk1
259450,wep4
259465,wk01
259482,wk1s
259499,s006
259533,s006E
259548,s008
259565,tlk0+
259604,tlk1R
259619,s008E
259634,s009
259671,s009E
259686,s010
259715,fk01+
259738,s010E
259753,s011
259782,f000
259811,s011E
259826,s012
259843,tlk0+
259866,tlk1R
259881,s012E
259896,s013
259933,tlb0+
259956,tlb1R
259971,s013E
259986,s014
260016,s014E
260031,s005
260069,tlk0+
260092,tlk1R
260107,s005
260130,s016
260158,s016
260178,s015
260211,s015R
260226,s016E
260241,s017
260264,thk0
260298,thk1R
260313,s017
260342,s015R
260357,s016E
260372,s017
260395,thk0
260429,thk1R
260444,s017
260473,s015R
260488,s016E
260503,s017
260526,thk0
260560,thk1R
260575,s017
260604,s015R
260619,s016E
260634,s017
260657,thk0
260691,thk1R
260706,s017
260735,s015R
260750,s016E
260765,s017
260788,thk0
260822,thk1R
260837,s017
260858,s015R
260873,s016E
260888,s018
260918,dyo0R
260933,s018E
260948,s029
260980,dyo2R
260995,s029E
261010,s030
261038,dyo3
261056,s030E
261071,s019
261112,tlk0+
261170,s019E
261185,s020
261230,thk0+
261253,s020E
261268,s032
261300,s032
261323,s022
261351,s022
261379,s023
261407,s023
261435,s022
261455,s021
261472,sta1
261521,uep0
261536,s000
261553,s021R
261568,s022R
261583,s023E
261598,s024
261613,kidl0
261642,hed0
261660,s024E
261675,s025
261695,who0
261712,who0R
261727,s025
261742,sto1
261759,k079
261776,wk1e
261793,blof
261841,dyo2
261907,wk1s
261924,s113
261944,whi0
261961,dyo3
262014,s113E
262029,s114
262066,s114E
262081,s115
262098,uep1
262116,str0
262136,kill
262156,s115E
262171,s116
262209,s116E
262224,s117
262241,no00
262273,thk0R
262288,s117E
262303,s118
262328,s118E
262343,s119
262374,s119E
262389,wk1e
262406,klwk
262467,fdi2
262695,fdi1
262737,s034
262754,tla0+
262777,tla1R
262792,s034E
262807,s035
262884,s035E
262899,s036
262922,tlc0+
262953,s036E
262968,s037
262999,tlc1
263023,tlc1R
263038,s037E
263053,s038
263070,pas0+
263101,s038E
263156,s039
263173,tla0
263209,tla1R
263224,s039E
263239,s040
263360,s040E
263375,s041
263593,s041E
263608,s040
263631,s041E
263646,s042
263663,pas2+
263686,s042E
263701,s043
263718,tlk0+
263744,tlk1
263768,tlk1R
263783,s043E
263798,s044
263827,und0
263874,und1
263915,s044E
263930,s045
263953,und2
264004,s045E
264042,und3
264066,und3R
264096,s046
264113,nij0
264163,s046
264202,s000
264234,s000E
264249,s047
264275,s047E
264290,s048
264319,s048w
264385,s000
264402,s001
264419,s002
264451,ovl1
264468,s002
264491,s004
264519,s004
264539,s003
264573,s003R
264588,s004
264603,kil0
264681,s001
264704,dedl
264722,s000
264739,blis
264772,s049
264798,st00
264818,s049E
264850,s000
264885,s001
264911,s001E
264943,kil0
264960,blie
264977,kil0
264994,kil1
265144,fdi2
265352,s038
265372,fdi1
265389,pas0+
265420,s038E
265475,s039
265492,tla0
265528,tla1R
265543,s039E
265558,s040
265679,s040E
265694,s041
265897,s041E
265912,s040
265935,s041E
265950,s042
265967,pas2+
266001,s042
266123,fdi2
266288,s033
266325,s033E
266340,s034
266363,tha0+
266394,tha1
266413,yes0+
266436,s034E
266451,s035
266489,s035E
266504,s036
266547,s036z
266657,s179
266685,s179
266705,s037
266725,fdi1
266754,tlk0+
266777,tlk1+
266800,s037R
266815,s179E
266830,s038
266847,tla0+
266876,s038kidl0
267413,fa00H
267435,s039
267455,efon
267472,tlk0+
267495,tlk1R
267510,s039E
267525,s040
267542,tlk0+
267565,tlk1J
267598,fdi2
267615,ude0+
267638,s040E
267653,s041
267718,s041E
267733,s042
267750,ude1+
267793,iat0+
267816,s042E
267831,s043
267856,s043E
267871,s044
267900,iat1+
267923,tlk0+
267946,s044E
267961,s045
267978,tlk1+
268031,tlk0+
268054,s045E
268069,s046
268109,tlk0+
268132,tlk1R
268147,s046E
268162,s047
268209,dis0+
268232,s047E
268247,s048
268264,kob0+
268287,s048E
268302,s049
268331,tlk0+
268354,tlk1R
268369,s049E
268384,s058
268406,hat0J
268501,s058E
268516,s059
268533,tlk0+
268556,tlk1R
268571,s059E
268586,s060
268613,hat1+
268636,tlk0+
268659,tlk1R
268674,s060E
268689,s061
268726,s061E
268741,s062
268758,tlk0+
268789,tlk1R
268804,s062E
268819,s063
268842,iat0+
268875,tlk0+
268898,tlk1
268919,iat1R
268934,s063E
268949,s064
268998,tlk0+
269021,tlk1R
269036,s064E
269051,s065
269068,sis0+
269091,s065E
269106,s066
269143,s066E
269158,s067
269175,gkr0+
269198,s067E
269213,s068
269243,efon
269301,s068E
269316,s069
269333,tlk0+
269356,tlk1R
269371,s069E
269386,s070
269412,s070
269439,f000
269522,fdi2
269678,s071
269701,tha0+
269724,s071E
269739,s072
269756,tha1+
269779,yes0+
269802,s072E
269817,s073
269840,tha0+
269869,tha1+
269892,s073E
269907,s074
269924,tlk0
269960,tlk1R
269975,s074E
269990,s075
270023,s075E
270038,s077
270055,tlk0+
270078,tlk1+
270101,s077
270127,s075E
270142,s076
270167,s076
270185,s078
270214,koh0
270243,s078E
270258,s079
270287,tlk0+
270310,tlk1+
270335,koh0
270360,s079'
270400,fdi2
270427,hml1f#
270442,kiz0
270468,hfl1fC
270483,kiz0
270509,eml1fB
270524,kiz0
270565,kiz0
270606,kiz0
270647,kiz0
270688,kiz0
270714,gml1f'
270729,kiz0
270756,hml2f#
270771,kiz1
270797,hfl2fC
270812,kiz1
270838,eml2fB
270853,kiz1
270894,kiz1
270935,kiz1
270976,kiz1
271017,kiz1
271043,gml2f'
271058,kiz1
271085,hml3f#
271100,kiz2
271126,hfl3fC
271141,kiz2
271167,eml3fB
271182,kiz2
271223,kiz2
271264,kiz2
271305,kiz2
271346,kiz2
271372,gml3f'
271387,kiz2
271414,hmllf#
271429,kizl
271455,hfllfC
271470,kizl
271496,emllfB
271511,kizl
271552,kizl
271593,kizl
271634,kizl
271675,kizl
271701,gmllf'
271716,kizl
271735,fdi0
271752,fdi0
271768,fdo0
271785,fdo0
271801,fdi1
271818,fdi1
271834,fdo1
271851,fdo1
271867,whi1
271884,whi1
271900,who1
271917,who1
271933,who2
271950,who2
271966,who3
271983,who3
271999,main
272019,fdo1
272036,fdo1
272052,fdi1
272069,main
272089,fdi1
272105,blon
272122,blon
272140,whi0
272157,whi0
272173,who0
272190,who0
272206,efon
272223,efon
272239,fdis
272257,fdos
272274,fdos
272290,fdif
272308,fdof
272325,fdof
272341,fdip
272359,fdop
272376,fdop
277223,s138
277249,s138E
277264,s139
277316,s139E
277331,s140
277348,tlk0+
277379,tlk1R
277394,s140E
277409,s141
277446,s141E
277461,s182
277486,no00+
277509,s182E
277524,s183
277541,tlk0+
277595,s183E
277610,s184
277627,yes0+
277650,s184
277694,s183E
277709,s162
277726,tlk0+
277757,s162E
277772,s163
277789,tlk1+
277817,dyo0+
277848,s163E
277863,s169
277880,dyo1+
277903,no00R
277918,s169E
277933,s142
277958,s142E
277973,s185
278026,s185z
278585,fa00E
278600,s170
278626,s170E
278641,s186
278658,tlk0+
278681,tlk1R
278696,s186E
278711,s187
278738,tlk0+
278776,hen0+
278799,s187E
278814,s143
278831,tlk0+
278854,tlk1R
278869,s143E
278884,s144
278901,tlk0+
278924,tlk1R
278939,s144E
278954,s145
278971,tlk0+
279002,tlk1R
279017,s145E
279032,s146
279059,non0+
279090,msu0R
279105,s146E
279120,s147
279153,msu1R
279168,s147E
279183,s148
279218,s148E
279233,s149
279250,nmo0+
279273,iro0+
279296,s149E
279311,s150
279328,poi0y
279401,s150E
279416,s151
279433,syu0+
279456,s151
279476,s152
279524,s152R
279539,s191
279562,s189
279590,s189
279610,s188
279639,tlk0+
279662,tlk1J
279689,s188R
279704,s189E
279719,s190
279761,s190E
279776,s191
279820,s152R
279835,s191z
279995,orz0
280013,s153
280036,tlk0+
280059,tlk1R
280074,s153E
280089,s154
280106,yes0
280124,s154E
280139,s155
280156,tlk0fk
280171,swa0J
280203,tlk1R
280218,s155E
280233,s156
280300,yes0
280318,s156E
280333,s157
280360,tlk0+
280398,yes0+
280768,bed1
280786,bed2
280804,s098
280824,efon
280855,s098E
280870,s041
280907,s041kidl0
281235,fa00fk
281250,swa0
281350,tlk0E
281365,s158
281396,s158E
281411,s159
281466,yes0
281484,s159E
281499,s160
281526,tlk0+
281580,s160
281606,s160E
281621,s161
281664,s161
281685,s164
281702,tlk0+
281741,s164E
281756,s165
281791,tlk1
281811,tlk0+
281834,tlk1n
281864,s165E
281879,s166
281896,tlk0+
281919,tlk1R
281934,s166E
281949,s167
281976,tlk0+
282014,bik0R
282029,s167E
282044,s168
282085,s168kidl0
282200,s171
282223,tlk0+
282254,s171E
282269,s192
282294,tlk1R
282309,s192E
282324,s172
282349,s172E
282364,s193
282381,tlk0+
282418,s193kidl0
282525,s173
282548,thk0+
282571,thk1R
282586,s173E
282601,s174
282618,tlk0+
282641,s174E
282656,s175
282695,s175
282787,s176
282826,tlk1R
282841,s176E
282856,s177
282882,tlk0+
282905,tlk1R
282920,s177E
282935,s178
282952,swa1y
283025,dis0+
283048,s178E
283063,s194
283100,s194E
283115,s150
283132,poi0J
283164,s150E
283179,s151
283196,syu0+
283219,s151
283239,s152
283287,s152R
283302,s191
283325,s189
283353,s189
283373,s188
283402,tlk0+
283425,tlk1J
283452,s188R
283467,s189E
283482,s190
283524,s190E
283539,s191
283583,s152+
283644,orz0J
283737,s179
283788,s179E
283803,s180
283820,tlk0+
283858,bik0R
283873,s180E
283888,s181
283913,s181E
283928,s195
283959,s195kidl0
283972,kidl0
284147,fuslHF
284169,s196
284200,s196E
284215,s210
284240,s210E
284255,s197
284264,kidl0
284361,fus0
284379,s197E
284394,s198
284414,s198E
284429,s199
284446,kei0
284479,s199E
284494,s200
284519,tlk0+
284542,tlk1R
284557,s200E
284572,s201
284597,kidl0
284705,tlk0
284733,tlk1R
284748,s201E
284763,s202
284801,s202E
284816,s203
284853,s203E
284868,s204
284885,yes0+
284908,s204E
284923,s205
284940,tlk0+
284971,tlk1R
284986,s205E
285001,s206
285042,hen0
285060,s206E
285075,s207
285092,tlk0+
285123,tlk1R
285138,s207E
285153,s208
285186,s208E
285201,s209
285218,tlk0+
285241,tlk1R
285256,s209
285298,s208
285313,kekl
285379,fdi2
285533,openJ
285585,s080
285609,clos
285627,s080E
285642,s081
285659,tlk0+
285688,s081E
285703,s082
285743,tlk0+
285766,tlk1R
285781,s082E
285796,s083
285833,s083E
285848,s084
285873,s084E
285888,s085
285925,bik0R
285940,s085E
285955,s086
285980,bik1R
285995,s086E
286010,s087
286050,thk0
286078,s087E
286093,s088
286136,s088E
286151,s089
286168,yes0
286189,thk1+
286235,s089E
286250,s090
286267,tlk0+
286290,tlk1
286311,s090y
286461,s091
286492,tlk0+
286515,s091E
286530,s092
286555,tlk1R
286570,s092E
286585,s093
286610,tlk0+
286633,tlk1N
286739,fus0
286764,s093E
286779,s094
286818,s094E
286833,s095
286853,kidl0
286903,s095E
286918,s096
286935,tlk0+
286966,s096E
286981,s097
287006,s097E
287021,s098
287038,kest
287071,tlk1R
287086,s098E
287101,s099
287149,s099E
287164,s100
287181,bik1y
287225,s099E
287240,s100
287257,bik1y
287285,tlk0+
287316,tlk1
287343,fi01
287361,s100E
287376,s101
287401,s101E
287416,s102
287455,f000
287492,s102E
287507,s103
287544,s103E
287559,s104
287576,tlk0+
287599,tlk1R
287614,s104E
287629,s105
287658,und0
287715,und1R
287730,s105E
287745,s106
287778,s106E
287793,s107
287810,yes0
287817,kidl0
287840,s107E
287855,s108
287893,yes0+
287916,s108E
287931,s109
287960,tlk0+
287983,tlk1R
287998,s109E
288013,s110
288067,s110E
288082,s112
288099,tlk0+
288122,tlk1R
288137,s112
288178,tlc0
288196,s110E
288211,s111
288236,tlc1R
288251,s111
288269,s120
288286,tlk0+
288309,tlk1y
288334,yes0+
288357,s120E
288372,s121
288410,openR
288425,s121E
288440,s122
288457,tlk0
288497,tlk1R
288512,s122E
288527,s123
288560,s123'
288597,fdi2
288740,s124
288769,s124E
288784,s125
288828,s125E
288843,s161
288891,s161E
288906,s163
288923,tlk0+
288946,tlk1R
288961,s163
288984,s165
289012,s165
289032,s164
289080,s164R
289095,s165E
289110,s166
289127,tlk0+
289150,tlk1R
289165,s166
289201,s164R
289216,s165E
289231,s167
289248,tlk0+
289271,tlk1
289311,s167E
289326,s168
289353,s168E
289368,s169
289385,non0+
289426,s169E
289441,s170
289479,s170'
289599,thk0'
289631,s126
289657,s126E
289672,s127
289722,s127'
289747,s128
289764,thk1
289794,yrb0+
289838,s128
289861,s130
289889,s130
289909,s129
289962,s129R
289977,s130E
289992,s131
290009,tlk0+
290032,tlk1R
290047,s131
290093,s129R
290108,s130E
290123,s132
290140,tlk0+
290163,tlk1R
290178,s132
290196,s133
290239,non0+
290262,s133E
290277,s134
290300,yrb0+
290329,yrb1J
290356,s134E
290371,s135
290400,tlk0+
290438,poi0
290456,s135E
290471,s136
290512,s136E
290527,s137
290544,poi1+
290567,s137E
290582,s138
290622,s138E
290637,s139
290654,yra0+
290685,yra1R
290700,s139E
290715,s140
290740,s140E
290755,s141
290805,s141
290837,fdi2
291088,w7of
291130,std0'
291155,s124
291199,s125
291216,std1+
291272,s142
291397,sa01
291417,fdi1
291452,sa02
291494,s143
291520,s143
291543,s159
291571,s159
291591,s158
291667,s144
291724,s145
291741,bed1
291790,s145
291813,s147
291841,s147
291861,s146
291878,bed2
291957,s148
291974,bed3
292024,s149
292072,s150
292118,s151
292135,bed4
292172,ovl1
292204,s160
292231,s160
292256,s148
292301,fn01
292334,s153
292359,bed5
292408,s153
292472,fn01
292505,s154
292530,bed5
292660,fn00
292693,s155
292718,bed5
292863,s157
292891,s157
292911,s156
292928,fn00
293005,s171
293030,bed6
293093,bed7
293123,s171
293148,s171
293222,s172
293247,bed6
293310,bed7
293340,s172
293365,s172
293439,s173
293464,bed6
293527,bed7
293557,s173
293582,s173
293621,bed7+
293667,bed8_
293683,bed8
293744,nam0
293762,bed9
293854,cmof_
293894,who0
293926,s174
293946,fdi0
293963,pans
293983,whi0
294000,nalp
294018,bou0
294060,bou1
294102,s175
294134,bou2
294179,s176
294261,nam1
294279,bou3
294323,s177
294340,nam2
294358,bou4
294410,s178
294456,s178
294471,nakl
294488,lpkl
294506,fti0
294551,fk00HF
294573,s180
294614,s181
294678,s182
294703,fk01_
294719,fti2+
294745,fk00_
294776,s182
294809,s184
294837,s184
294857,s183
294935,s185
294952,fi01
295016,s185
295098,fti1
295146,s186
295199,s187
295217,fti2+
295263,s188
295296,fj00_
295327,s188
295371,s189
295388,fj01_
295404,fti2+
295431,fti0+
295487,s181
295553,fti1
295586,s190
295609,fti1
295636,f000
295672,s191
295714,s212
295744,fti3+
295770,s212
295793,s214
295821,s214
295841,s213
295908,s215
295936,fti4_
295952,fti4'
296002,s216
296047,s192
296068,s192
296091,s214
296119,s214
296139,s213
296211,s193
296229,fti5_
296245,fti5
296260,nam3
296316,s195
296391,nakl
296408,lpkl
296420,kidl0
296429,kidl0
296537,f000
296592,s196
296612,fdi0
296635,tlk0+
296658,tlk1+
296701,utu0
296734,s197
296777,s198
296794,ate0+
296840,s199
296906,one0
296962,s201
296979,one1
297042,s202
297119,s203
297144,uep0
297177,s204
297197,onr0
297232,s205
297298,s207
297315,ofr0
297335,s207
297358,s217
297386,s217
297406,s194
297423,onp0
297443,ofp0
297475,uep1
297508,s206
297528,str0
297548,kill
297590,s208
297636,s209
297679,s210
297696,sha1+
297717,sha1J
297761,sa03
297794,yes0+
297848,s211
297979,fdi2
298161,s145
298181,fdi1
298235,pas0
298265,s145E
298280,s146
298319,fh00R
298334,s146E
298349,s147
298366,tla0+
298389,tla1R
298404,s147E
298419,s148
298436,fj01+
298470,s148E
298485,s149
298502,fh01+
298528,fh00R
298543,s149
298573,s150
298611,s150
298635,s151
298667,pas2+
298711,tlc0+
298760,s151'
298819,fdi2
298904,s150E
298919,s152
298939,fh01+
298965,fh00
298983,s152E
298998,s153
299202,s153
299231,s153E
299246,s139
299278,pas1
299296,s139E
299311,s154
299328,tla0+
299351,s154E
299366,s155
299391,tla1R
299406,s155E
299421,s156
299464,s156w
299550,ml00
299571,sit0
299595,kyu0
299612,s138
299649,ovl1
299666,s138E
299681,s195
299723,s195E
299738,s194
299756,sit1
299795,ovl1
299812,s194E
299827,s198
299849,fb00+
299875,s198E
299890,s197
299921,s197E
299953,kiky
299970,kill
300112,fdi2
300299,s145
300319,fdi1
300373,pas0
300403,s145E
300418,s149
300457,fh00R
300472,s149
300502,s150
300540,s150E
300555,s151
300587,pas2+
300631,tlc0+
300680,s151'
300744,fdi2
300829,s150E
300844,s152
300864,fh01+
300890,fh00
300908,s152E
300923,s153
301127,s153
301156,s153E
301171,s139
301203,pas1
301221,s139E
301236,s154
301253,tla0+
301276,s154E
301291,s155
301316,tla1R
301331,s155E
301346,s156
301389,s156w
301475,ml00
301496,sit0
301520,kyu0
301537,s138
301574,ovl1
301591,s138E
301606,s195
301648,s195E
301663,s194
301681,sit1
301720,ovl1
301737,s194E
301752,s198
301774,fb00+
301800,s198E
301815,s197
301846,s197E
301878,kiky
301895,kill
302037,fdi2
302127,s140
302150,tlk0+
302173,tlk2R
302188,s140E
302203,s141
302251,s141E
302266,s142
302283,tlk0+
302306,tlk2R
302321,s142
302362,s141E
302377,s143
302405,s143E
302420,s144
302462,s144E
302477,sa01
302507,sa01E
302522,s157
302568,s157E
302583,s158
302608,pas0S
302621,pas0R
302636,s158E
302651,s159
302668,tlb0+
302694,s159E
302709,sa03
302726,tlb1
302750,tlb1R
302765,sa03E
302780,sa04
302818,sa04E
302861,fdi2
302968,s000
302988,fdi1
303005,tlk0+
303028,tlk2n
303058,s000E
303073,s001
303098,tlk0+
303121,tlk2R
303136,s001E
303151,s002
303195,s002E
303210,s003
303248,s003z
303504,openE
303519,s004
303539,fdi1
303594,clos'
303640,cmof_
303681,s005
303708,s005E
303723,s006
303760,que1R
303775,s006E
303790,s007
303830,s007E
303845,s008
303878,kidl0
303918,s008E
303933,s009
303989,s009E
304004,s010
304037,s010E
304052,s011
304089,s011
304112,s037
304140,s037
304168,s013
304196,s013
304224,s037
304244,s012
304282,s012R
304317,goks
304355,s014
304375,fdi1
304392,tlk0
304428,tlk1R
304443,s014
304463,s015
304531,s013
304559,s013
304579,s012
304594,dead
304625,bik0
304643,s012R
304658,s013E
304673,s016
304693,s016E
304708,s017
304725,sha2
304766,s017E
304781,s018
304847,sha1R
304862,s018E
304877,s019
304911,s019
304938,sha2
304974,s018
304994,fdi1
305037,s018E
305052,s020
305084,sha2
305129,s021
305163,s021
305173,kidl0
305182,kidl0
305239,s015
305268,fdi1
305299,s018E
305314,s147
305390,s147E
305405,s020
305449,sha2
305467,s020E
305482,s021
305516,s021
305526,kidl0
305535,kidl0
305601,s015
305621,fdi1
305664,oki0R
305679,s147E
305694,s148
305725,s148
305752,sha2
305777,s147
305797,fdi1
305828,fdo1
305857,fdo1R
305872,s147
305887,bl00
305904,s149
305921,fdi1
305938,fdi1
305953,open
305973,clos
305993,s149E
306008,fdo1
306025,fdo1
306040,kill
306088,s020
306108,fdi1
306133,fh01
306151,sha2
306201,s020E
306216,s021
306314,s021
306324,kidl0
306340,kidl0
306461,s015
306481,fdi1
306542,doy0R
306557,s015E
306572,s022
306619,s022E
306634,s023
306654,s023E
306669,s024
306715,s024kidl0
306765,s015
306785,fdi1
306808,s015E
306823,s025
306848,tlk0+
306871,s025E
306886,s026
306927,s026E
306942,s027
306959,tlk1+
306982,yes0+
307026,s027Y
307130,s028
307150,fdi1
307167,bed0
307185,s028E
307200,s029
307230,s029E
307245,s030
307280,s030E
307295,s031
307313,fti4j
307375,bed1+
307416,c02a+
307443,bed2
307461,cmof_
307482,s032
307514,bed2R
307529,s032
307552,s034
307580,s034
307608,s035
307636,s035
307664,s034
307684,s033
307722,fu00_
307738,bed3
307755,s033R
307770,s034R
307785,s035E
307800,s032
307850,bed3
307882,kan0
307899,s033R
307914,s034R
307929,s035E
307944,s032
307994,kan0
308026,koa0R
308041,s033R
308056,s034R
308071,s035E
308086,s032
308150,c06an
308188,fv02
308214,fw02
308233,bed4q
308251,cmof_
308272,s032
308332,bed4R
308347,s032E
308362,s036
308394,s036
308417,s034
308445,s034
308473,s035
308501,s035
308529,s034
308549,s033
308581,fti0
308599,s033R
308614,s034R
308629,s035E
308644,s038
308661,fti2+
308700,fti0R
308715,s038E
308730,s039
308763,fti1
308781,s039E
308796,s040
308827,s039R
308842,s040E
308857,s041
308874,ori0
308921,s041E
308936,s042
308953,wak0
308995,wak1j
309015,s042E
309030,s043
309062,wak1R
309077,s043E
309092,s044
309124,no00+
309147,s044E
309162,s045
309209,s045E
309224,s046
309270,s046E
309285,s047
309302,tlk0+
309333,s047E
309348,s048
309381,s048E
309396,s049
309429,tlk1+
309452,s049E
309467,s050
309493,tlc0H
309517,tlc0
309544,kan0R
309559,s050E
309574,s140
309602,kan1
309631,kan2R
309646,s140E
309661,s141
309689,s141
309712,s143
309740,s143
309760,s142
309788,noks
309824,kan3R
309839,s142R
309854,s143E
309869,s051
309900,s051E
309915,s052
309961,s052E
309976,s053
309982,kidl0
310032,s053E
310047,s054
310091,s054E
310106,s055
310137,utu0
310155,s055E
310170,s056
310216,utu1
310246,s056E
310261,s057
310278,no00+
310309,s057E
310324,s058
310362,s058'
310416,fdi2
311221,open'
311279,utu0E
311294,fdi0
311329,s089
311349,utu1
311378,closR
311393,s089E
311408,s090
311428,s090E
311443,s091
311492,s091E
311507,s092
311540,utu2R
311555,s092E
311570,s093
311647,s093E
311662,s094
311709,s094E
311724,s095
311744,fs01+
311770,fs00R
311785,s095E
311800,s096
311826,sag0
311844,odo0R
311859,s096E
311874,s097
311906,odo1R
311921,s097E
311936,s098
311966,kidl0
311990,s098E
312005,s099
312022,fe01+
312047,fe00
312075,s099E
312090,s100
312129,s100E
312144,s101
312162,sag2
312247,sag1
312265,s101E
312280,s102
312343,s102E
312358,s103
312375,oji0+
312401,s103E
312416,s104
312455,oji1R
312470,s104E
312485,s105
312539,s105E
312554,s106
312626,s106E
312641,s107
312658,tlk0+
312699,yes0
312729,s107E
312744,s108
312761,thk1+
312784,thk2+
312810,s108E
312825,s109
312842,syu0+
312871,syu0J
312908,mon0+
312956,msu0+
312997,gkr0R
313012,s109E
313027,s110
313065,fe00
313083,dis0+
313109,s110E
313124,s111
313130,kidl0
313159,fe01+
313185,fe00
313203,s111E
313218,s113
313240,tlk0+
313274,tlk1
313292,s113E
313307,s112
313359,odo0E
313374,s114
313428,foo2
313443,acn0
313478,oou0
313493,acn1
313534,s114E
313549,s115
313566,oou1
313581,acn2
313609,foo0R
313624,s115E
313639,s116
313663,moj0
313681,s116E
313696,s117
313731,kidl0
313761,s117E
313776,s118
313793,dis0+
313842,s118E
313857,s119
313923,msu0+
313978,msu1R
313993,s119E
314008,s120
314059,oji0
314088,s120E
314103,s121
314219,oji1R
314234,s121E
314249,s122
314266,tlk0+
314292,tlk1R
314307,s122E
314322,s123
314354,tla0+
314380,s123E
314395,s124
314437,s124E
314452,s125
314467,open
314474,kidl0
314662,s125E
314677,s126
314753,closR
314768,s126E
314783,s127
314820,pui0R
314835,s127E
314850,s128
314918,fe01R
314933,s128E
314948,s129
314954,kidl0
314985,fe00R
315000,s129E
315015,s130
315055,edb1
315073,s130E
315088,s131
315120,s131E
315135,s132
315223,s132E
315238,s002
315269,bik0R
315284,s002E
315299,s133
315359,s133E
315374,s134
315383,kidl0
315403,f000
315462,s134E
315477,s135
315507,s135E
315522,s136
315549,s135
315696,syo0_
315727,lsys
315748,s000
315768,efon
315832,kir0E
315847,s001
315867,efon
315901,s001kidl0
315914,kidl0
316072,s137
316092,fdi2
316120,s137E
316135,s138
316162,s138E
316177,s139
316221,poi0R
316236,s139E
316251,s140
316295,poi1R
316310,s140E
316325,s141
316362,tlk0R
316377,s141E
316392,s142
316472,s142E
316487,s143
316537,pui0R
316552,s143E
316567,s144
316639,ed01_
316655,sry0_
316672,s144E
316687,s145
316764,sry0R
316779,s145E
316794,s146
316834,sry1R
316849,s146E
316864,s147
316881,tlk0+
316907,s147E
316922,s148
316994,tlk1+
317020,tlk0R
317035,s148E
317050,s149
317075,tlk1R
317090,s149E
317105,s150
317133,hen0+
317156,s150E
317171,s151
317295,s151E
317310,s152
317370,s152E
317385,s153
317402,msu0+
317436,msu1R
317451,s153E
317466,s154
317502,s154n
317583,que1E
317598,s155
317630,tlk0+
317656,s155E
317671,s201
317822,ate0R
317837,s201E
317852,s157
317872,s157E
317887,s158
317907,ate1R
317922,s158E
317937,s159
317946,kidl0
318042,s159E
318057,s160
318077,tlk0+
318103,tlk1
318122,kan0I
318139,s160E
318154,s161
318218,kan1R
318233,s161E
318248,s162
318276,s162E
318291,s163
318308,tlk0+
318345,tlk1_
318361,kan0I
318381,s163E
318396,s164
318445,kan1
318472,kan2
318490,s164E
318505,s165
318533,s165E
318548,s166
318557,kidl0
318602,s166E
318617,s167
318640,tlc0+
318672,tlc1R
318687,s167E
318702,s168
318719,tlk0+
318745,tlk1
318763,s168E
318778,s170
318798,no00+
318824,one0
318842,s170E
318857,s169
318885,s169HF
318902,open+
318935,one1E
318950,s171
318993,s171E
319008,s172
319077,s172E
319092,s173
319107,closJ
319197,s173E
319212,s174
319251,tlk0R
319266,s174E
319281,s175
319322,s175E
319337,s176
319354,tlk1
319386,tlk1
319427,s176E
319442,s177
319459,no00+
319480,no00R
319495,s177E
319510,s178
319561,s178E
319576,s179
319619,s179E
319634,s180
319651,tlk0+
319688,tlk1
319717,s180E
319732,s181
319905,und0R
319920,s181E
319935,s182
319955,tlk1
319973,ovl1
319990,s182E
320005,s183
320025,ovl1
320042,s183E
320057,s184
320077,ovl1
320094,s184E
320109,s185
320136,yor0
320153,s185E
320168,s186
320234,s186E
320249,s187
320284,tlk0+
320310,s187E
320325,s188
320353,tlk1S
320366,tlk1
320384,one0R
320399,s188E
320414,s189
320444,wai0n
320495,hak1
320516,one1R
320531,s189E
320546,s190
320614,s190E
320629,s191
320646,tlk0+
320718,swe0g
320735,s191E
320750,s192
320788,swe0R
320803,s192E
320818,s193
320852,swe1
320885,s193E
320900,s194
320944,kidl0
321115,s194E
321130,s195
321170,s195E
321185,s210
321215,sen0
321263,s197
321302,s197E
321317,s196
321378,s196E
321393,s198
321444,s198E
321459,s199
321509,s199E
321524,s200
321552,s200E
321567,db01
321597,ord00
321640,ord0R
321655,db01E
321670,db04
321698,db04E
321713,db05
321730,ord1+
321777,ord1R
321792,db05E
321807,s156
321824,hak2
321839,kidk0
321874,s156E
321889,s202
321906,wai0
321968,s202E
321983,s203
322037,s203E
322052,s204
322069,kiz0+
322095,ude1+
322121,kiz1R
322136,s204E
322151,s205
322226,s205E
322241,s206
322261,s206E
322276,s207
322296,s207E
322311,s208
322331,s208E
322346,s209
322378,s209'
322451,fdi2
322585,s069
322605,fdi1
322674,s069
322692,s067
322712,fdi1
322729,tlk0+
322760,s067EL
322775,s068
322800,tlk2RL
322815,s068EL
322830,s069
322920,tha0+
322943,s069EL
322958,s070
322981,tha1+
323012,s070EL
323027,s077
323044,tla0+
323075,s077EL
323090,s078
323115,s078EL
323130,s079
323147,tla1+
323178,yes0+
323201,s079EL
323216,s080
323233,pas0+
323259,s080
323279,s086
323372,s086
323396,s087
323413,pas1+
323436,yes0+
323459,s087EL
323474,s088
323491,tlk0+
323522,tlk1+
323551,tha0+
323574,s088EL
323589,s089
323612,tha1+
323635,tla0+
323658,s089EL
323673,s090
323698,s090EL
323713,s091
323751,s091
323777,fdi2
324111,s086EL
324126,s092
324473,s092
324499,s092EL
324514,s093
324531,pas1+
324570,pas0+
324593,s093EL
324608,s094
324633,pas1
324651,yes0+
324682,s094EL
324697,s095
324735,s095
324982,fdi2
325128,s067
325148,fdi1
325165,tlk0+
325196,s067
325219,s068
325244,tlk2
325265,s068
325291,fdi2
325310,s068
325335,tlk2RL
325350,s068EL
325365,s096
325403,s096
325423,s097
325440,tlk0+
325463,tlk2
325484,s097
325510,fdi2
325532,s096EL
325547,s097
325564,tlk0+
325593,s097kidl0
325645,s069
325665,fdi1
325703,s069EL
325718,s080
325735,pas0+
325758,s080
325778,s086
325876,s086EL
325891,s087
325908,pas1+
325931,yes0+
325954,s087EL
325969,s088
325986,tlk0+
326017,tlk1+
326046,tha0+
326069,s088EL
326084,s089
326107,tha1+
326130,tla0+
326153,s089EL
326168,s090
326193,s090EL
326208,s091
326246,s091
326272,fdi2
326606,s086EL
326621,s092
326963,s092
326989,s092EL
327004,s093
327021,pas1+
327052,s093EL
327067,s094
327084,yes0+
327115,s094EL
327130,s095
327168,s095
327194,fdi2
327213,fdi0
327230,fdi0
327246,fdo0
327263,fdo0
327279,fdi1
327296,fdi1
327312,fdo1
327329,fdo1
327345,whi1
327362,whi1
327378,who1
327395,who1
327411,who2
327428,who2
327444,who3
327461,who3
327477,main
327497,fdo1
327514,fdo1
327530,fdi1
327547,main
327567,fdi1
327583,blon
327600,blon
327618,whi0
327635,whi0
327651,who0
327668,who0
327684,efon
327701,efon
327717,fdis
327735,fdos
327752,fdos
327768,fdif
327786,fdof
327803,fdof
327819,fdip
327837,fdop
327854,fdop
330934,met0_
330950,met0J
331031,s000
331054,kob0+
331092,s001
331109,tlk0+
331140,tlk1
331173,s002
331190,dis0+
331254,sa02
331318,s003
331338,tlk0+
331389,open
331421,s006
331432,kidl0
331497,s007
331527,clos
331636,s008
331653,tlk0
331688,tlk1
331721,s009
331748,tlk0+
331810,s010
331871,s011
331921,yes0+
331965,s012
331982,dis0+
332008,tlk0+
332046,s013
332145,s013kidl0
332204,fj00
332380,tlk0
332398,s014
332459,s015
332482,fj01+
332520,s019
332586,tlk0+
332647,s031
332664,tlk0+
332725,s032
332785,s033
332881,s035
332898,yes0+
332963,s036
332980,tlk0+
333003,tlk1y
333053,s037
333070,tlk0+
333093,tlk1y
333171,s040
333188,tlk0+
333225,s040kidl0
333238,kidl0
333433,s041
333491,s042
333508,dis0+
333547,iro0+
333593,s043
333630,syu0+
333651,syu0f4
333666,wai0+
333707,s044
333757,msu0+
333795,s045
333816,kidl0
333862,s046
333879,msu0+
333925,s052
333947,tlc0+
334031,s004
334074,open
334148,s053
334165,tlc1+
334179,kidl0
334355,f000
334403,s054
334439,s059
334456,tlk0+
334526,s060
334581,s061
334624,s062
334633,kidl0
334671,s063
334708,tlk0+
334761,s064
334778,tlk0+
334847,s065
334958,s066
335001,s067
335104,s068
335147,tlk0+
335180,tlk1
335214,s069
335231,dis0
335287,s070
335363,s071
335380,thk0
335549,s058
335612,s005
335766,sa03
335783,tha0
335842,s049
335859,tlk0
335898,tlk1
335933,s050
335950,tlk0+
335985,kra0
336035,s051
336052,tlk0+
336111,s055
336128,kra1
336180,s056
336207,kra2
336249,s057
336309,s073
336326,msu0+
336367,msu1+
336411,s074
336428,kra3+
336468,s075
336488,s075_
336504,han0
336558,poi0
336597,cmof_
336624,s076
336676,s077
336728,s078
336780,s079
336797,poik
336830,sa07
337003,fdi2
337971,met0_
337987,met0
338018,haof_
338034,isu0'
338091,sa07
338117,poi1
338159,s079
338194,s080
338236,s081
338278,s082
338295,poi2
338347,s083
338382,s084
338409,poi3
338424,mei3
338471,s085
338533,s086
338553,poi4
338568,mei4
338615,s087
338666,s088
338686,s001
338703,jins
338738,s089
338761,poi5
338805,poi6
338849,poi7
338864,mei4
338931,s090
338972,mei0
339014,sa08
339066,s093
339131,s094
339166,s095
339183,mei1
339235,s096
339267,mei2
339312,s097
339374,s098
339422,s099
339456,mei3
339501,s100
339554,fj01
339587,s100
339610,s102
339638,s102
339658,s101
339686,fj00Y
339792,utu0_
339808,ayu0
339850,s102_
339866,ayu0+
339892,ayu1
339945,ayu2_
339961,utu1_
339977,ayu1
340022,kam0_
340070,sime
340139,ayu5_
340155,utu2_
340171,ayu2
340268,ayu7_
340284,utu3_
340412,kiz0_
340428,kiz0_
340444,kiz0
340459,em00
340533,kiz1_
340549,kam0
340607,cmof_
340644,s017
340653,kidl0
340698,s018
340750,s020
340841,kam0_
340857,kam0_
340873,kam0
340907,s021
340936,bik0
340968,kai0_
340984,kam0_
341000,kam0_
341016,kam0'
341039,mam0
341072,s022
341107,s048
341169,s023
341178,kidl0
341223,s024
341259,s025
341302,s132
341337,s026
341361,hok2
341413,s027
341460,s028
341478,mel0
341530,s029
341577,s030
341595,mel1
341646,s030
341672,tyu0_
341688,tyu0
341746,cmof_
341773,s034
341808,s104
341878,s105
341913,s038
341931,tyu1
341983,s039
342032,s047
342055,kidl0
342064,kidl0
342187,s047
342213,gat0_
342229,gat0
342244,mei0
342300,mit0
342348,gat1_
342364,gat1_
342380,yut0
342395,mei1
342412,pie0
342445,mit1+
342567,gat2_
342583,gat2_
342599,yut1
342614,mei2
342631,pie1
342667,cmof_
342713,s141
342731,kyr0+
342745,kidl0
342944,s141
342970,jmp0_
342986,jmp0
343001,pie2
343115,kam0_
343131,kam0
343157,wig0_
343173,fre0
343198,mit2
343217,mit3
343252,oji0_
343268,oji0+r
343294,oji1
343324,che0f
343339,in00+
343366,mel0_
343382,mel0
343397,pie0
343424,ml00
343441,ch00
343462,cmof_
343483,s111
343558,s112
343576,isu1'
343638,shal_
343654,osa0kidl0
343696,s113
343730,fj01+
343768,s114
343827,s115
343882,s116
343903,fa01+
343941,s117
343959,isu2
344042,s118
344063,fa01+
344090,fa00
344108,s118
344131,s120
344159,s120
344179,s119
344197,fa01
344267,s121
344299,fa00
344321,wig1
344366,s122
344415,s123
344433,fa01_
344449,isu3
344504,wig0_
344520,fre0
344568,s124
344586,isu4
344642,s125
344659,ml01
344677,oji0+
344759,s126
344807,s127
344870,s128
344887,shk3
344920,s129
344945,tla0+
344968,tla1
345016,s130
345064,s131
345089,npie
345106,mgc0
345148,s133
345218,s134
345235,doku
345244,kidl0
345299,s135
345316,mab1+
345354,s194
345371,chi0+
345426,s195
345443,tlb0+
345480,tlb2
345522,s201
345564,s196
345610,s197
345660,s198
345716,s199
345733,tlk0+
345764,tlk1+
345815,s200
345832,tai0
345847,wpie
346043,fdi2
346727,fre0_
346743,fre0J
346874,s202
346918,fre1_
346934,fre1
346976,s203
347035,s106
347053,fre2_
347069,fre2
347124,s107
347183,s204
347204,fre3_
347220,fre3
347262,s239
347324,s205
347341,msu0+
347394,s206
347426,kidl0
347491,s207
347555,s208
347590,s209
347612,dis0+
347650,s210
347667,kob0+
347713,s211
347742,msu0+
347779,sei0
347812,s212
347855,s213
347927,s214
347967,kidl0
348043,s215
348060,tlk0+
348091,tlk1y
348176,s216
348230,kidl0
348285,s217
348352,s218
348369,hat2
348402,s219
348419,tlk0+
348450,tlk1
348496,s108
348538,oko1
348569,kidl0
348689,s220
348721,oko2
348776,s221
348811,s109
348877,s222
348917,oko3
348959,s110
349005,s136
349048,s137
349065,oko4
349099,okl2
349132,s138
349178,s139
349212,oko5
349268,s223
349308,s140
349398,oko6
349444,s224
349505,s225
349547,s250
349564,oko7
349609,s226
349691,oko8
349725,s227
349768,s228
349785,dis0+
349862,s229
349879,tlk0+
349925,oko9
349940,nam4
349972,s230
350007,s231
350060,s232
350075,dead
350199,s233
350242,s234
350297,s235
350366,s236
350418,s237
350450,dis0
350484,s238
350539,sa01
350556,tlk0+
350579,pru0f0
350594,tlk1
350627,s240
350673,s241
350719,s242
350783,kidl0
350811,pru0
350844,s243
350884,s244
350913,pru1
350969,s245
351015,s251
351089,s246
351146,s247
351213,s248
351273,s249
351290,wri1+
351331,s252
351395,uta0kidl0
351447,s253
351464,iat0+
351517,s254
351573,kidl0
351618,s255
351660,sa06
351703,s142
351720,oti0
351751,open
351789,s072
351806,yre0
351871,s103
351877,kidl0
352062,fdi2
352081,fdi0
352098,fdi0
352114,fdo0
352131,fdo0
352147,fdi1
352164,fdi1
352180,fdo1
352197,fdo1
352213,whi1
352230,whi1
352246,who1
352263,who1
352279,who2
352296,who2
352312,who3
352329,who3
352345,main
352365,fdo1
352382,fdo1
352398,fdi1
352415,main
352435,fdi1
352451,blon
352468,blon
352486,whi0
352503,whi0
352519,who0
352536,who0
352552,efon
352569,efon
352585,fdis
352603,fdos
352620,fdos
352636,fdif
352654,fdof
352671,fdof
352687,fdip
352705,fdop
352722,fdop
353064,tlb0
354479,tlb0
354621,tlk0
354676,Bopf
354690,tlb0
354746,tlb0
354838,tlk0
354859,tlk0f
354874,tlk2
354906,tlc0
354942,tlc1
354985,tlk0
355006,tlk0f
355021,tlk2S
355049,tlc0
355110,tlb0
355161,tlb0
355212,tlb0
355255,tlb0
355301,tlb0
355348,tlb0
355395,tlb0
355442,tlb0
355489,tlb0
355544,pas0
355567,tlb0
355615,tlb0
355660,tlb0
355723,tlb0
355849,tlk0+
355945,tlk0+
355992,tlk0
356044,tlk0
356105,tlk0
356162,tlb0
356185,aww0
356218,tlb0
356241,tlb1
356270,tlb0
356289,aww0
356322,tlb0
356345,aww0
356378,tlb0
356405,tlb1
356434,tlb0
356461,tlb1
356490,tlb0
356513,tlb1
356716,tlb0
356758,tlb1
356787,tlb0
356815,tlb1
356844,tlb0
356867,tlb1
356896,tlb0
356919,tlb1
357481,sha2
359405,wak1
359484,yar0
359502,yar1
360236,tlb0
360254,tlb1
360321,tlk0
360509,thk1
360523,thk1
360539,thk2
360553,thk2
360569,tlk0
360583,tlk0
360599,tlk1
360613,tlk1
360629,sha0
360643,sha0
360659,sha1
360673,sha1
360689,pas0
360703,pas0
360719,tlk0
360733,tlk0
360749,tlk1
360763,tlk1
361425,tlk0
361443,tlk1
362307,tlk0
362321,tlk0
362337,yes0
362351,yes0
362367,pas0
362381,pas0
362397,pas1
362411,pas1
362523,tlb0_
362552,tlb1_
362566,tlb1_
362598,tlk0
362633,tlk1
362651,mou0_
362665,mou0
362683,mou1_
362697,mou1
362716,pas0+
362732,pas0_
362764,pas1J.
364565,hat0
364624,hat0
364657,hat1
364853,hat0
364872,hat1
364926,hat2
364951,hat0
364973,hat1
364999,pnt00
365015,pnt0
365032,pnt11
365048,pnt1
365065,pas03
365081,pas0
365098,tlk00
365114,tlk0
365131,tlk15
365147,tlk1
365164,tlk26
365180,tlk2
365197,tla15
365213,tla1
365230,thk16
365246,thk1
365263,thk26
365279,thk2
365296,tlk00
365312,tlk0
365329,tlk10
365345,tlk1
365441,tlk0
365459,tlk1
365493,Margret
365584,pas0
365753,sha0
366977,clos
367166,tlk0
367180,tlk0
367196,tlk1
367210,tlk1
367226,pas0
367240,pas0
367256,thk1
367270,thk1
367286,thk2
367300,thk2
367486,kob06
367503,kob0
367520,red08
367537,red0
367554,red19
367571,red1
367587,tlk0
367601,tlk0
367617,tlk1
367631,tlk1
368404,closE
368419,clos
369203,tlk0
369346,tlk0
369360,tlk0f
369375,tlk1S
369388,tlk1
369404,thk1
369418,thk1
369434,thk2
369448,thk2
369464,shk0
369478,shk0
369494,dis0
369508,dis0
369524,poi0
369538,poi0
369554,pas0
369568,pas0
369584,syu0
369598,syu0
369614,wav0
369628,wav0
369644,ehn0
369682,ehn1
369696,ehn1
369712,msu0
369726,msu0
369742,msu1
369780,ghn1
369794,ghn1
369810,iro0
369824,iro0
369840,wai0
369854,wai0
369870,bik0
369884,bik0
369900,bik1
369914,bik1
369930,gkr0
369944,gkr0
369960,gkr1
369974,gkr1
369990,ohh0
370028,shk0S
370041,shk0f
370056,zit0
370072,zit0
370086,zit0
370190,deadS
370203,dead
370228,cabk
370242,cabk
370258,spef
370272,spef
370288,okir
370302,okir
370318,usi0
370332,usi0
370348,usi1
370362,usi1
370378,teh0
370392,teh0
370408,teh1
370422,teh1
370438,mdq0
370452,mdq0
370468,mdq3
370482,mdq3
370960,tlk0
372187,tlk0+
372204,tlk0
372220,tlk1
372234,tlk1
372268,thk0
372284,thk1
372298,thk1
372315,yes0-
372332,yes0
372349,non0-
372366,non0
372400,kam0
372416,kam1
372430,kam1
372464,yra0
372481,yra10
372498,yra1
372538,yrb0
372554,yrb1
372568,yrb1
372591,jro01
372608,jro0
372624,jro1
372638,jro1
372655,tla03
372672,tla0
372688,tla1
372702,tla1
372736,tla2
372753,api03
372770,api0
372786,api1
372800,api1
372817,kei04
372834,kei0
372851,poi00
372868,poi0
372884,poi1
372898,poi1
372914,utu0
372928,utu0
372945,uke07
372962,uke0
372979,uke10
372996,uke1
373013,odo09
373030,odo0
373047,mig03
373064,mig0
373081,mig13
373098,mig1
373132,mig2
373148,pcm0
373162,pcm0
373179,pcm13
373196,pcm1
373213,pcm23
373230,pcm2
373264,pcm3
373914,Fusilton
374100,Ingrid
374194,Morimar
374260,Fusilton
375046,Fremilla
375101,thk0
375191,Yanestra
375263,Fremilla
375292,Fremilla
375343,Fremilla
375372,Fremilla
375489,Fremilla
375521,Fremilla
375550,Fremilla
375598,Cynthia
375652,Cynthia
375695,Fremilla
375738,Fremilla
375767,Fremilla
375802,Fremilla
375837,Fremilla
375912,std0
375928,kan1
376051,Fremilla
376086,Fremilla
376121,Fremilla
376170,Fremilla
376205,Fremilla
376240,Fremilla
376321,iki0
376334,Fremilla
376369,Fremilla
377106,Ygnas
377207,Ygnas
377268,Ygnas
377311,Ygnas
377346,Ygnas
377381,Ygnas
377455,Ygnas
377502,Ygnas
377545,Ygnas
377578,Ygnas
377611,Hades
377701,Cynthia
377736,Cynthia
377831,Cynthia
377866,Cynthia
377901,Cynthia
377958,std0
377985,Cynthia
378020,Cynthia
378055,Cynthia
378116,std0
378129,Cynthia
378164,Cynthia
378223,std0
378908,kei0
379199,mgk0
379322,Ygnas
379908,Balamor
380261,Geosuke
380690,Sajj'aka
381792,Ygnas
381860,thk1
381874,thk1
381890,thk2
381904,thk2
381920,tlk0
381934,tlk0
381950,tlk1
381964,tlk1
381980,sha0
381994,sha0
382010,sha1
382024,sha1
382040,pas0
382054,pas0
382070,tlk0
382084,tlk0
382100,tlk1
382114,tlk1
382313,Marcellurin
382406,Garembert
383460,Vastran
383680,Faustoise
383766,utu0
383780,utu0
383797,utu1
383814,utu1
384734,Cassard
384828,Cassard
384907,Volgoi
385005,Ygnas
385252,Mistdagger
385409,Nyline
385651,Ygnas
534528,thk1
534555,fdo1
534572,fdo1F
534641,s000
534661,fdi1
534678,tlc0
534705,s000E
534720,s001
534737,tcst
534760,s001E
534775,s002
534792,std1
534827,s002E
534842,s004
534859,tlk0
534882,tlk1R
534897,s004E
534912,s005
534929,std0
534968,tlb0R
534983,s002E
534998,s003
535022,fdo1
535039,fdo1R
535054,s003F
535071,fdi2
535098,tlk0
535124,fdo1
535141,fdo1F
535210,s009
535230,fdi1
535250,tlk0
535269,tlk1'
535304,s009E
535319,s010
535336,thk1
535353,thk1R
535368,s010E
535383,s011
535400,thk2
535419,tlk0
535438,s011E
535453,s012
535478,s012
535501,s013
535518,tlk1
535536,pas0
535553,pas0f
535568,tlk0
535590,s018
535607,tlk1
535626,s018E
535641,s019
535658,thk1
535681,s019E
535696,s020
535713,thk2
535732,tlk0
535751,qstc
535768,fdo1
535785,fdo1R
535800,s013R
535815,s020F
535832,fdi2
535852,fdo1
535869,fdo1F
535938,s009
535958,fdi1
535978,tlk0
535997,tlk1R
536012,s009E
536027,s014
536064,thk1
536083,s014E
536098,s015
536115,thk2
536134,s015E
536149,s016
536166,tlk0
536193,s016
536216,s013
536233,tlk1
536251,pas0
536268,pas0f
536283,tlk0
536305,s018
536322,tlk1
536341,s018E
536356,s019
536373,thk1
536396,s019E
536411,s020
536428,thk2
536447,tlk0
536466,qstc
536483,fdo1
536500,fdo1R
536515,s013R
536530,s020F
536547,fdi2
536567,fdo1
536584,fdo1F
536653,s009
536673,fdi1
536693,tlk0
536712,tlk1'
536747,s009E
536762,s017
536779,thk1
536814,thk2R
536829,s017
536852,s013
536869,pas0
536886,pas0f
536901,tlk0
536923,s018
536944,s018E
536959,s019
536976,thk1
536999,s019E
537014,s020
537031,thk2
537050,tlk0
537069,qstc
537086,fdo1
537103,fdo1R
537118,s013R
537133,s020F
537150,fdi2
537178,tlk0
537340,tlk0
537366,fdo1
537383,fdo1F
537452,s006
537472,fdi1
537489,thk1
537508,s006E
537523,s007
537540,thk2
537559,tlk0
537578,s007E
537593,s008
537614,fdo1
537631,fdo1R
537646,s008F
537663,fdi2
537690,tlk0
538164,pas0S
538177,pas0
538292,clos
540477,fdo1
540494,fdo1F
540645,s013
540665,fdi1
540680,open
540718,s013E
540733,s014
540799,s014E
540814,s015
540889,tla0R
540904,s015E
540919,s016
540944,tla1R
540959,s016E
540974,s017
541033,s017E
541048,s018
541065,tlk0+
541109,tlk1#'
541135,s018E
541150,s019
541208,s019E
541223,s020
541261,tlk0+
541287,s020E
541302,s242
541327,s242E
541342,s021
541375,s021E
541390,s022
541407,tlk1
541435,thk1+
541461,s022E
541476,s023
541493,thk2
541521,s023E
541536,s024
541553,tlk0+
541592,tlk1
541610,s024E
541625,s025
541642,tla0+
541673,s025E
541688,s109
541713,fdo1
541730,fdo1R
541745,s10957
541769,fdi2
541789,fdo1
541806,fdo1F
541909,s026
541929,fdi1
541946,thk1
541974,thk2
541992,s026E
542007,s027
542027,tlk0+
542058,fdo1
542075,fdo1R
542090,s02757
542114,fdi2
542134,fdo1
542151,fdo1F
542382,s028
542402,fdi1
542432,s028E
542447,s029
542464,tlk0+
542487,tlk1'
542522,s029E
542537,s030
542552,open+
542642,s030E
542657,s031
542674,tlk0+
542700,tlk1N
542726,s031E
542741,s032
542766,s032E
542781,s033
542819,tlk0+
542842,tlk1fL
542857,tlk0+
542880,tlk1R
542895,s033E
542910,s034
542948,tlu0+
542971,tlu1R
542986,s034E
543001,s035
543043,tlk0+
543066,tlk1R
543081,s035E
543096,s036
543133,s036E
543148,s037
543187,tlk0
543230,pas0+
543271,s037E
543286,s038
543313,fdo1
543330,fdo1R
543345,s038
543379,openE
543394,s039
543414,fdi1
543471,s039E
543486,s040
543550,tlk0+
543603,s040E
543618,s041
543655,tlk0+
543678,tlk1R
543693,s041E
543708,s042
543746,tlk0+
543777,tlk1n
543812,s042E
543827,s043
543844,tlk0+
543875,s043E
543890,s044
543915,fdo1
543932,fdo1R
543947,s04457
543971,fdi2
543991,fdo1
544008,fdo1F
544111,s045
544131,fdi1
544148,tlk0+
544171,tlk1
544189,thk1+
544212,thk2
544230,s045E
544245,s046
544262,tlk0+
544285,fdo1
544302,fdo1R
544317,s04657
544341,fdi2
544361,fdo1
544378,fdo1F
544535,s086
544555,fdi1
544572,tlk0+
544595,tlk1R
544610,s086E
544625,s087
544670,s087E
544685,s088
544702,tlk0+
544725,tlk1R
544740,s088E
544755,s089
544827,s089E
544842,s090
544872,clos+
544895,s090E
544910,s091
544935,tla1
544961,s091E
544976,s092
545013,s092E
545028,s093
545073,s093E
545088,s094
545105,tlk0+
545136,s094E
545151,s097
545168,tlk1+
545191,s097E
545206,s095
545223,tla0+
545254,tla1
545272,s095E
545287,s096
545304,pas0+
545327,fdo1
545344,fdo1R
545359,s09657
545381,qstc
545400,fdi2
545425,fdo1
545442,fdo1F
545554,s133
545574,fdi1
545591,tlk0+
545622,ten0R
545637,s133E
545652,s134
545685,s134E
545700,s135
545717,tlk0+
545767,s134E
545782,s135
545799,tlk0+
545825,ten0R
545840,s135E
545855,s136
545872,tlk0+
545895,tlk1'
545929,s136E
545944,s137
545980,tlk0+
546003,tlk1R
546018,s137E
546033,s138
546066,s138E
546081,s139
546098,tlk0+
546129,tlk1+
546152,s139E
546167,s140
546204,tlk0+
546227,tlk1R
546242,s140
546265,s214
546293,s214
546313,s141
546346,s141R
546361,s214
546384,s215
546412,s215
546432,s143
546449,tlk0+
546472,tlk1'
546507,s143R
546522,s215E
546537,s144
546574,tlk0+
546613,s141R
546628,s214E
546643,s142
546683,fdo1
546700,fdo1R
546715,s142F
546732,fdi2
546757,fdo1
546774,fdo1F
546886,s135
546906,fdi1
546923,tlk0+
546946,ten0R
546961,s135E
546976,s136
546993,tlk0+
547016,tlk1J
547043,s136E
547058,s137
547094,tlk0+
547117,tlk1R
547132,s137
547155,s214
547183,s214
547203,s141
547236,s141R
547251,s214
547274,s215
547302,s215
547322,s143
547339,tlk0+
547362,tlk1'
547397,s143R
547412,s215E
547427,s144
547464,tlk0+
547503,s141R
547518,s214E
547533,s142
547573,fdo1
547590,fdo1R
547605,s142R
547620,s144F
547637,fdi2
547662,fdo1
547679,fdo1F
547803,s136
547823,fdi1
547840,tlk0+
547871,s136E
547886,s137
547919,ten0R
547934,s137
547957,s139
547985,s139
548005,s138
548054,s138R
548069,s139E
548084,s140
548134,thk1+
548163,s140E
548178,s141
548203,s141E
548218,s142
548235,thk2y
548268,tlk0+
548299,s142E
548314,s143
548357,tlk1R
548372,s143E
548387,s144
548447,s144E
548462,s147
548487,s147E
548502,s148
548519,tlk0+
548550,s148E
548565,s149
548626,s144E
548641,s145
548678,tlk0+
548701,tlk1R
548716,s145
548760,s144E
548775,s146
548815,fdo1
548832,fdo1R
548847,s146R
548862,s149F
548879,fdi2
548904,fdo1
548921,fdo1F
549045,s150
549065,fdi1
549082,tlk0+
549105,ten0R
549120,s150
549143,s139
549171,s139
549191,s138
549240,s138R
549255,s139E
549270,s140
549326,s140E
549341,s144
549401,s144E
549416,s147
549441,s147E
549456,s148
549473,tlk0+
549504,s148E
549519,s149
549580,s144E
549595,s145
549632,tlk0+
549655,tlk1R
549670,s145
549714,s144E
549729,s146
549769,fdo1
549786,fdo1R
549801,s146R
549816,s149F
549833,fdi2
549853,fdo1
549870,fdo1F
550016,s022
550036,fdi1
550053,tlk0+
550076,ten0'
550111,s022E
550126,s023
550151,dis0+
550184,s023E
550199,s024
550251,s024E
550266,s025
550283,tlk0+
550306,tlk1R
550321,s025E
550336,s026
550353,ksk0+
550376,s026E
550391,s027
550408,tlk0+
550431,tlk1y
550464,s027E
550479,s028
550533,s028E
550548,s029
550595,tlk0+
550618,s029E
550633,s030
550666,s030E
550681,s031
550724,s031E
550739,s032
550756,tlk1+
550787,fdo1
550804,fdo1R
550819,s032F
550836,fdi2
550856,fdo1
550873,fdo1F
550961,s033
550981,fdi1
550998,tlk0+
551021,s033E
551036,s034
551061,ten0E
551076,fdo1
551093,fdo1R
551108,s0344
551254,open
551279,s035
551299,fdi1
551330,s035E
551345,s036
551372,tlk0+
551395,tlk1R
551410,s036E
551425,s037
551485,s037E
551500,s038
551517,tlk0
551545,fdo1
551562,fdo1R
551586,kidl0
551739,s039
551759,efon
551796,s039E
551811,s040
551845,fdo1
551862,fdo1R
551877,s040z
551923,s041
551943,efon
551967,s041E
551982,s042
552013,s042E
552028,s043
552045,tlk0+
552075,s043E
552090,s044
552128,s044E
552143,s045
552176,tlk1R
552191,s045E
552206,s046
552223,thk0+
552254,s046E
552269,s047
552294,s047E
552309,s048
552326,thk1+
552349,fdo1
552366,fdo1R
552394,closN
552494,tlk0E
552509,s049
552529,fdi1
552559,tlk1+
552582,s049E
552597,s050
552634,s050E
552649,s051
552686,s051E
552701,s052
552741,tlk0+
552772,s052E
552787,s053
552820,fdo1
552837,fdo1R
552852,s05357
552882,fdi2
552907,fdo1
552924,fdo1F
553048,s036
553068,fdi1
553085,dis0+
553116,s036E
553131,s037
553148,tlk0+
553187,ten0R
553202,s037E
553217,s038
553276,s038E
553291,s039
553342,s039E
553357,s040
553402,s040E
553417,s041
553434,tlk0+
553465,tlk1
553483,s041
553506,s043
553534,s043
553554,s042
553602,s042R
553617,s043E
553632,s044
553695,s042R
553710,s043E
553725,s044
553773,s044E
553788,s045
553805,tlk0+
553836,s045E
553851,s046
553884,tlk1R
553899,s046E
553914,s047
553947,tlk0
553965,s047E
553980,s048
554029,s047E
554044,s049
554084,fdo1
554101,fdo1R
554116,s048R
554131,s049F
554148,fdi2
554173,fdo1
554190,fdo1F
554314,s036
554334,fdi1
554351,tlk0+
554382,ten0R
554397,s036E
554412,s038
554461,s038E
554476,s039
554527,s039E
554542,s047
554575,tlk0
554593,s047E
554608,s048
554657,s047E
554672,s048
554712,fdo1
554729,fdo1R
554744,s048R
554759,s049F
554776,fdi2
554796,fdo1
554813,fdo1F
554974,s059
554994,fdi1
555011,tlk0+
555034,tlk1f8
555049,tlk0+
555072,s059E5
555087,s060
555112,tlk1R5
555127,s060E5
555142,s061
555179,tlk0+
555202,tlk1'
555227,s061E5
555242,s062
555297,s062E5
555312,s063
555349,s063E5
555364,s064
555421,s064E5
555436,s065
555453,tlk0+
555476,s065E5
555491,s066
555524,tlk1R5
555539,s066E5
555554,s067
555591,s067E5
555606,s068
555643,s068E5
555658,s069
555695,thk1+
555718,s069E5
555733,s070
555750,thk2+
555773,s070E5
555788,s071
555805,tlk0+
555859,s071E5
555874,s072
555891,tlk0+
555922,tlk1R5
555937,s072E5
555952,s071
555975,s071E5
555990,s073
556007,tlk0+
556030,tlk1R5
556045,s073E5
556060,s074
556097,s074E5
556112,s075
556169,fdo1
556186,fdo1R5
556201,s075F
556218,fdi2
556238,fdo1
556255,fdo1F
556385,s076
556405,fdi1
556430,s076E5
556445,s077
556462,tlk0+
556487,ten0y
556516,s077E5
556531,s078
556574,tlk0+
556597,ten0R5
556612,s078E5
556627,s079
556695,s079E5
556710,s080
556727,tlk0+
556758,tlk1R5
556773,s080E5
556788,s081
556833,s081E5
556848,s082
556865,tlk0+
556888,tlk1+
556911,s082E5
556926,s083
556949,thk1+
556978,thk2+
557001,s083E5
557016,s084
557048,fdo1
557065,fdo1R5
557080,s084F
557097,fdi2
557117,fdo1
557134,fdo1F
557295,s059
557315,fdi1
557332,tlk0+
557355,tlk1f8
557370,tlk0+
557393,tlk1'
557418,s059E5
557433,s062
557476,s062E5
557491,s085
557508,pos0+
557531,s085E5
557546,s086
557574,s086
557597,s088
557625,s088
557645,s087
557654,kidl0
557690,s087R5
557705,s088E5
557720,s089
557768,s087R5
557783,s088E5
557798,s089
557846,s089E5
557861,s090
557878,tlk0+
557914,tlk1R5
557929,s090E5
557944,s091
557981,s091E5
557996,s093
558013,tlk0+
558036,tlk1
558074,s093E5
558089,s092
558106,pas0+
558127,pas0R5
558142,s092E5
558157,s094
558174,tlk0+
558205,tlk1+
558228,s094E5
558243,s095
558260,pos0+
558283,fdo1
558300,fdo1R5
558315,s095E
558330,qstc
558349,fdi2
558369,fdo1
558386,fdo1F
558547,s001
558567,fdi1
558584,tlk0+
558607,tlk1f8
558622,tlk0+
558645,tlk1ff
558660,pos0
558678,s001Ew
558693,s002
558718,s002Ew
558733,s003
558791,s003Ew
558806,s004
558843,s004Ew
558858,s005
558895,s005Ew
558910,s006
558955,tlk0Rw
558970,s006Ew
558985,s007
559010,tlk1Rw
559025,s007Ew
559040,s008
559073,s008Ew
559088,s009
559125,tlk0+
559154,ZIRw
559167,s008Ew
559182,s009
559219,tlk0+
559240,ZIRw
559253,s009Ew
559268,s010
559293,fdo1
559310,fdo1Rw
559325,s010F
559342,fdi2
559362,fdo1
559379,fdo1F
559503,s171
559523,fdi1
559540,tlk0+
559571,ten1R
559586,s171E
559601,s172
559626,dis0+
559649,s172E
559664,s170
559681,tlk0+
559704,ten1
559753,s170E
559768,s173
559865,s173E
559880,s174
559922,s174E
559937,s175
559954,kiz0+
559985,s175E
560000,s176
560017,kiz1+
560043,s176
560066,s178
560094,s178
560114,s177
560135,kidl0
560158,s177R
560173,s178E
560188,s179
560226,s179E
560241,s180
560270,tlk0+
560301,s180E
560316,s181
560349,s181E
560364,s182
560381,tlk1+
560424,s182E
560439,s183
560476,fdo1
560493,fdo1R
560508,s183E
560523,qstc
560542,fdi2
560582,fdo1
560599,fdo1F
560681,s134
560701,fdi1
560718,tlk0
560762,s134E
560777,s135
560810,ten1'
560845,s135E
560860,s136
560885,dis0+
560908,s136
560947,ten1R
560962,s134E
560977,s137
561048,s137E
561063,s140
561088,s140E
561103,s141
561120,pas0
561151,s137E
561166,s139
561183,dis0+
561222,s137E
561237,s138
561254,tlk0+
561280,fdo1
561297,fdo1R
561312,s138R
561327,s139R
561342,s141F
561359,fdi2
561379,fdo1
561396,fdo1F
561515,s007
561535,fdi1
561552,tlk0+
561575,tlk1R
561590,s007E
561605,s008
561622,tlk0+
561653,tlk1R
561668,s008E
561683,s009
561720,s009E
561735,s010
561774,tlk0+
561797,tlk1n
561827,s010E
561842,s011
561867,s011E
561882,s012
561909,thk1+
561932,s012E
561947,s013
561964,thk2+
561987,fdo1
562004,fdo1R
562019,s013F
562036,fdi2
562076,fdo1
562093,fdo1F
562209,s092
562229,fdi1
562246,tlk0+
562269,tlk1f8
562284,tlk0+
562307,tlk1R
562322,s092E
562337,s093
562403,s093E
562418,s094
562456,s094E
562471,s095
562488,tlk0+
562519,s095E
562534,s096
562551,tlk1+
562582,s096E
562597,s097
562614,thk1+
562645,thk2+
562668,s097
562707,s092
562727,fdi1
562744,tlk0
562772,tlk1R
562787,s092E
562802,s098
562865,s098E
562880,s099
562905,pas0+
562955,s098E
562970,s099
562998,fdo1
563015,fdo1R
563030,s099F
563047,fdi2
563224,Nashu
564047,Noan
564072,Huss
564223,pas0
564239,pas0
564351,tlk1
564407,tlk1
564571,tlk0
564605,Bopf
564619,tlk0
564682,tlk0
564712,Bopf
564726,tlk0
564777,qstc
564959,tlb0
564989,Bopf
565003,tlb0
565243,tlk0
565290,tlk0
565320,Bopf
565334,tlk0
565463,thk1
565482,thk2
565595,tlb0
565629,mou0
565672,tlb0
566027,tlb0
566169,tlb0
566193,tlb1
566303,tlk0
566363,tlk0
566543,tlk0
566603,tlk0
566863,tlk0
566910,tlk0
566954,tlk0
566982,tlk2E
566997,fdo1
567014,fdo1
567033,fdi1
567050,fdi1f
567065,tlk0
567084,tlk2E
567099,qstc
567112,Bopf
567126,tlk0
567395,tlk1
567443,tlk1
567484,tlk0
567498,tlk0
567514,ten1
567528,ten1
567544,dis0
567558,dis0
567574,pas0
567588,pas0
567604,tld0
567618,tld0
567634,tld1
567648,tld1
567664,tlk1
567678,tlk1
567694,ten0
567708,ten0
567733,thk1
567747,thk1
567763,thk2
567777,thk2
567793,tlb0
567807,tlb0
567823,tlb1
567837,tlb1
567853,sdo0
567867,sdo0
567883,sdo1
567897,sdo1
567913,sdo0S
567926,sdo0f
567941,sdo1S
567954,sdo1
567979,tlk1
568183,tlb0
568217,Bopf
568231,tlb0
568302,tlb0
568332,Bopf
568346,tlb0
568397,qstc
568543,tlk0
568571,tlk0
568612,fdo1
568629,fdo1
568673,tlk0
568763,tls0
568786,tls1
568814,tls0
569016,fdo1
569033,fdo1
569178,fdo1
569195,fdo1
569315,tlk0
569358,tlk0
569399,fdo1
569416,fdo1
569653,tlb0
569719,fdo0
569736,fdo0
569948,Bopf
569962,tlk0
570087,tlk0
570121,thk1
570157,fdi0
570174,fdi0
570190,fdo0
570207,fdo0
570223,fdi1
570240,fdi1
570256,fdo1
570273,fdo1
570289,whi1
570306,whi1
570322,who1
570339,who1
570355,who2
570372,who2
570388,who3
570405,who3
570421,main
570441,fdo1
570458,fdo1
570474,fdi1
570491,main
570511,fdi1
570527,blon
570544,blon
570562,whi0
570579,whi0
570595,who0
570612,who0
570628,efon
570645,efon
570661,fdis
570679,fdos
570696,fdos
570712,fdif
570730,fdof
570747,fdof
570763,fdip
570781,fdop
570798,fdop
571543,tlk0
571560,tlk0f
571575,tlk1
571643,tlk0'
571671,tlk0f
571686,tlk1
571739,tlk0
571764,tlk0f
571779,tlk1
571814,tlk0f
571829,tlk1n
571857,tlk1n
571895,tlk0
571916,tlk0f
571931,tlk1
571963,tlk1Bf
571979,ure0
572014,ure0
572038,tlk1n
572092,pas0
572113,pas0
572162,tlk0
572229,tlk0f
572244,tlk1B
572282,pas0
572299,pas0
572332,tlk0f
572347,tlk1S
572360,tlk1f
572375,aww0
572413,aww0f
572428,tlk0
572455,tlk0f
572470,tlk1
572501,aww0
572559,tlk0
572576,tlk0f
572591,tlk1
572617,tlk0
572634,tlk0f
572649,tlk1
572675,ure0
572697,tlk0
572714,tlk0f
572729,tlk1
572777,tlk0
572798,tlk0f
572813,tlk1
572856,tlk0
572888,tlk2
572905,tlk2f
572920,ure0
572937,ure0f
572952,tlk0
572973,tlk0f
572988,tlk1
573035,tlk0
573052,tlk0f
573067,tlk1
573110,tlk0
573127,tlk0f
573164,thk1
573196,thk2
573213,thk2
573232,tlk0
573264,tlk2
573281,tlk2f
573296,tlk0
573317,tlk0f
573332,tlk1
573374,tlk0
573395,tlk0f
573410,tlk1
573455,tlk0
573472,tlk0f
573487,tlk1
573519,tlk0
573555,tlk2
573604,ure0
573625,ure0f
573640,tlk0
573657,tlk0
573686,tlk0
573703,tlk0
573721,tlk1
573744,aww0S
573757,aww0
573774,aww0S
573787,aww0
573886,closS
573899,closJ
573931,tlk0
573953,tlk0f
573968,tlk1
573990,tlk0
574004,tlk0
574020,tlk2
574034,tlk2
574050,pas0
574064,pas0
574080,thk0
574094,thk0
574110,thk1
574124,thk1
574140,thk2
574154,thk2
574170,dis0
574184,dis0
574200,tlc0
574214,tlc0
574230,tlc1
574244,tlc1
574260,tlb1
574274,tlb1
574290,tlb2
574304,tlb2
574320,aww0
574334,aww0
574350,ang0
574364,ang0
574380,ure0
574394,ure0
574417,tlk0
574451,Bopf
574465,tlk0
574533,tlk0
574595,tlk0
574648,tlk0
574698,tlk0
574744,tlk0
574793,tlk0
574879,jim0
574898,jim1
575003,tlb0
575022,tlb1f
575037,dis0
575331,thk1
575350,thk2
575365,Bopf
575379,tlk0
575752,Bopf
575766,tlk0
575797,qstc
575825,Bopf
575839,tlk0
575983,tlk0
576091,tlk0
576110,tlk1
576255,tlk0
576395,har0
576479,tlk0
576538,tlk0
576667,tlk0
576686,tlk1
576815,tlk0
576863,tlk0
576979,tld0
577002,tld1
577204,tlk0
577218,tlk0
577234,tlk1
577248,tlk1
577264,thk1
577278,thk1
577294,thk2
577308,thk2
577324,pas0
577338,pas0
577354,dis0
577368,dis0
577391,dis0
577554,dis0
577691,ehn0
577724,tlk0
577776,gkr0
577795,gkr0#_
577812,gkr1
577935,tlk0
577954,tlk1
578167,tlk0
578229,tlk0
578268,tlk0
578303,tlk0
578338,tlk0
578369,tlk0
578403,tlk0
578440,tlk0
578720,tlk0
578734,tlk0
578750,tlk1
578764,tlk1
578780,pas0
578794,pas0
578810,sinb
578824,sinb
578840,tlk0
578854,tlk0
578870,tlk1
578884,tlk1
578900,thk1
578914,thk1
578930,thk2
578944,thk2
578967,tlk0
578986,tlk1
579036,tlk0
579055,tlk1f
579070,tlk0+
579104,tlk0
579158,tlk0
579188,tlk0
579213,tlk0
579232,tlk1f
579247,tlk0+
580980,tlk0
580994,tlk0
581010,tlk1
581024,tlk1
581040,thk1
581054,thk1
581070,thk2
581084,thk2
581100,dis0
581114,dis0
581130,poi0
581144,poi0
581160,poi1
581174,poi1
581190,pas0
581204,pas0
581236,tlk0
581319,tlk0
581395,tlk0
581464,fdo1
581641,s118
581669,s118
581689,s086
581706,fdi1
581723,tlb0+
581746,tlb1
581792,s118
581818,s118
581836,s086E
581851,s116
581880,s116E
581895,s087
581962,s087E
581977,s088
582040,s088E
582055,s089
582078,tlk0+
582101,tlk1R
582116,s089
582144,s119
582172,s119
582192,s090
582233,s119
582259,s119
582277,s090E
582292,s091
582318,yes0+
582366,s119
582392,s119
582410,s090E
582425,s091
582451,non0+
582491,s091
582519,s113
582547,s113
582575,s120
582603,s120
582631,s113
582651,s092
582678,tlk0+
582725,s113
582751,s113
582777,s120
582803,s120
582829,s113
582847,s092
582870,s123
582898,s123
582918,s093
582943,tlk1+
582972,thk0
582995,s123
583021,s123
583039,s093E
583054,s094
583079,s094
583102,s095
583130,s095
583158,s096
583186,s096
583214,s095
583234,s124
583267,s095R
583282,s096R
583297,s124E
583312,s098
583335,thk1+
583358,tlk0+
583396,tlk1R
583411,s098
583434,s099
583451,thk0
583487,thk1+
583510,s099
583536,s099
583561,tlk1+
583599,yes0
583617,s100
583667,s100
583695,s114
583715,s101
583742,star
583762,stop
583782,who1
583799,who1
583822,s114
583973,main
583990,s102
584007,whi1
584051,s102
584074,s103
584128,s103E
584143,s104
584160,yrb0+
584186,non0+
584209,s104E
584224,s105
584241,yrb1+
584264,s105E
584279,s117
584296,poi0+
584321,poi1
584340,s117
584363,s121
584391,s121
584411,s106
584438,poi0
584456,main
584476,poi1
584502,s121
584528,s121
584546,s106E
584561,s107
584589,s107
584607,s103
584686,s103
584709,s121
584737,s121
584757,s106
584774,poi0
584792,main
584812,poi1
584841,s121
584867,s121
584885,s106
584913,s115
584941,s115
584969,s122
584997,s122
585025,s115
585045,s108
585083,tlk0+
585114,tlk1
585137,s115
585163,s115
585189,s122
585215,s122
585241,s115
585259,s108E
585274,s109
585306,s109E
585321,s110
585358,s110E
585373,s111
585426,s111E
585441,s112
585458,kam0
585487,kam1
585505,wak0
585525,fdo1
585545,s112'
585574,qstc
585604,fdi1
585632,s095R
585647,s096R
585662,s124E
585677,s097
585700,thk1
585752,fdo1
585772,s097'
585828,fdi1
585862,fdo1
586046,s000
586063,fdi1
586133,s000Eb
586148,s001
586168,se01
586222,fdo1
586242,s001N
586378,s002
586395,fdi1
586415,s002Eb
586430,s003
586476,s003
586504,s028
586532,s028
586552,s004
586649,s028
586675,s028
586693,s004
586716,s005
586744,s005
586772,s029
586800,s029
586828,s005
586848,s040
586881,s005
586907,s005
586933,s029
586959,s029
586985,s005
587003,s040
587073,s028
587099,s028
587117,s004
587168,s004
587191,s005
587219,s005
587247,s029
587275,s029
587303,s005
587323,s040
587397,s005
587423,s005
587449,s029
587475,s029
587501,s005
587519,s040
587545,s030
587573,s030
587593,s006
587657,s030
587683,s030
587701,s006Eb
587716,s007
587755,s007
587778,s039
587806,s039
587834,s037
587862,s037
587890,s039
587910,s041
587950,s039
587976,s039
588002,s037
588028,s037
588054,s039
588072,s041
588121,s030
588147,s030
588165,s006Eb
588180,s007
588219,s007
588245,s031
588273,s031
588293,s008
588381,s031
588407,s031
588425,s008Eb
588440,s007
588479,s007E
588494,fdo1
588544,s031
588570,s031
588699,s009
588722,s009Eb
588737,s010
588772,s010Eb
588787,s011
588849,s011Eb
588864,s014
588903,s014Eb
588918,s013
588957,s013Eb
588972,s012
589040,s012
589058,s011Eb
589073,s012
589105,s012Eb
589120,s015
589181,s015Eb
589196,s016
589286,s016Eb
589301,s032
589356,fdo1
589376,s032N
589477,s017
589494,fdi1
589529,s017
589552,s038
589580,s038
589600,s018
589640,s038
589666,s038
589684,s018Eb
589699,s019
589760,s019
589783,s033
589811,s033
589831,s020
589893,s033
589919,s033
589937,s020
589960,s034
589975,E#Eb
589988,s034
589995,V#Eb
590008,s021
590070,s034
590096,s034
590114,s021Eb
590129,s022
590169,s022
590192,s035
590220,s035
590240,s023
590334,s035
590360,s035
590378,s023Eb
590393,s024
590501,s035
590527,s035
590545,s023Eb
590560,s024
590617,s024Eb
590632,s025
590701,s025
590724,s036
590752,s036
590772,s026
590836,s025
590859,s036
590887,s036
590907,s026
591004,s036
591017,U'Rb
591030,s036
591035,d'Rb
591048,s026Eb
591063,s027
591101,fdo1
591127,s027
591201,fdi1
591237,fdo1
591683,s000
591711,s000
591739,s018
591767,s018
591795,s000
591815,s037
591832,fdi1
591922,s000
591948,s000
591974,s018
592000,s018
592026,s000
592044,s037
592067,s001
592095,s001
592123,s001
592150,fdo1
592185,s018
592211,s018
592303,s002
592320,fdi1
592497,s002E
592512,s003
592592,s003
592615,s004
592643,s004
592671,s019
592699,s019
592727,s004
592747,s038
592923,s004
592949,s004
592975,s019
593001,s019
593027,s004
593075,s005
593137,s005E
593152,s009
593255,s009E
593270,s006
593389,s006E
593404,s010
593424,s010E
593439,s007
593563,s007E
593578,s008
593670,s008
593688,s009
593824,s009E
593839,s008
593936,s008E
593951,s011
594058,s011E
594073,s012
594162,fdo1
594425,s013
594442,fdi1
594462,s013E
594477,s014
594538,s014
594561,s020
594589,s020
594609,s015
594678,s020
594704,s020
594722,s015
594745,s016
594797,s016
594815,s016
594860,s016E
594875,s036
594907,s036
594930,s021
594958,s021
594978,s017
595027,fdo1
595055,s021
595081,s021
595203,fdi1
595234,fdo1
595489,s000
595517,s000
595545,s018
595573,s018
595601,s000
595621,s037
595638,fdi1
595710,s000
595736,s000
595762,s018
595788,s018
595814,s000
595832,s037
595855,s001
595883,s001
595911,s001
595948,fdo1
595983,s018
596009,s018
596124,s022
596152,s022
596172,s022
596189,fdi1
596262,s022
596288,s022
596306,s022E
596321,s023
596360,s023E
596375,s024
596455,s024E
596470,s025
596551,s025
596574,s026
596625,s026E
596640,s027
596706,s027E
596721,s028
596849,s028E
596864,s033
596908,s033
596926,s026
596977,s026E
596992,s027
597058,s027E
597073,s028
597185,s028E
597200,s033
597244,s033E
597259,fdo1
597357,s029
597374,fdi1
597394,s029
597422,s034
597450,s034
597470,s030
597541,s034
597567,s034
597585,s030E
597600,s031
597653,s031
597676,s035
597704,s035
597724,s032
597788,fdo1
597816,s035
597842,s035
597907,qstc
597937,fdi1
597968,fdo1
598292,s036
598320,s036
598340,s000
598357,fdi1
598446,ZDR2
598459,s036
598472,tDR2
598485,s036
598503,s000E2
598518,s003
598566,s003
598589,s037
598617,s037
598637,s001
598717,s037
598730,vER2
598743,s037
598761,s001E2
598776,s002
598842,se01
598859,s002
598882,s004
598910,s004
598938,s038
598953,WFE2
598966,s038
598981,sFE2
598994,s004
599014,s055
599128,s004
599154,s004
599180,s038
599193,EGR2
599206,s038
599232,s004
599237,nGR2
599250,s055
599273,s005
599301,s005
599329,s039
599357,s039
599385,s005
599405,s051
599452,s005
599465,UHR2
599478,s005
599491,oHR2
599504,s039
599530,s039
599556,s005
599574,s051
599597,s040
599625,s040
599645,s006
599704,s040
599717,QIR2
599730,s040
599748,s006E2
599763,s007
599834,s007
599857,s041
599885,s041
599913,s062
599933,s009
599972,se01
600049,s041
600075,s041
600101,s062
600119,s009E2
600134,s008
600169,s008E2
600184,s010
600228,s010E2
600243,s058
600282,s058E2
600297,s011
600356,s011E2
600371,s013
600424,s013E2
600439,s014
600500,s014E2
600515,s012
600555,s012E2
600570,s015
600605,s015E2
600620,s016
600645,s016E2
600660,s018
600752,s018E2
600767,s017
600810,fdo1
600830,s017N
600914,s064
600931,fdi1
600951,se01
601020,s064E2
601035,s042
601055,s042
601078,s024
601106,s024
601134,s043
601162,s043
601190,s024
601210,s056
601279,kOR2
601292,s024
601318,s024
601344,s043
601370,s043
601396,s024
601414,s056E2
601429,s019
601505,s019E2
601520,s020
601605,s020E2
601620,s021
601667,s021E2
601682,s022
601721,s022
601744,s023
601759,MQE2
601772,s023
601787,iQE2
601800,s023
601807,zQE2
601820,s057
601878,s023
601904,s023
601930,s023
601948,s057E2
601963,s025
602029,s025
602039,eRE2
602052,s044
602080,s044
602100,s026
602204,s044
602230,s044
602248,s026E2
602263,s027
602300,fdo1
602365,s028
602382,fdi1
602412,s028E2
602427,s052
602458,s052
602481,s029
602509,s029
602524,JTE2
602537,s045
602552,fTE2
602565,s045
602593,s029
602613,s060
602660,s029
602686,s029
602712,s045
602738,s045
602764,s029
602782,s060E2
602797,s030
602822,s030
602845,s050
602873,s050
602893,s031
602982,s050
603008,s050
603026,s031
603036,JVE2
603049,s032
603064,fVE2
603077,s032
603105,s046
603133,s046
603161,s032
603181,s053
603240,s032
603266,s032
603292,s046
603305,UWR2
603318,s046
603331,oWR2
603344,s032
603362,s053
603385,s033
603413,s033
603441,s047
603469,s047
603497,s054
603517,s033
603586,nXR2
603599,s033
603625,s033
603651,s047
603677,s047
603703,s033
603721,s054E2
603736,s035
603808,s035E2
603823,s048
603850,std0S
603863,std0#R2
603879,s048
603902,s049
603930,s049
603950,s034
603972,std1y
604023,s049
604049,s049
604067,s034E2
604082,s061
604129,fdo1
604155,s061S
604168,std1
604268,fdi1
604289,efon
604306,efon
604329,tlk0
604407,thk1
604430,thk2
604464,tlk0
604483,thk2f
604498,pas0
604587,tlk0
604628,fdo1
604645,fdo1
605287,fdo1
605304,fdo18
605423,s170
605451,s170
605471,s191
605520,fdi1
605537,fdi1+
605609,s170
605635,s170
605653,s191E
605668,s171
605724,s171E
605739,s172
605777,s172E
605792,s174
605882,s174E
605897,s173
605950,s173E
605965,s321
606025,fdo1
606042,fdo1R
606057,s3214
606159,open
606208,s175
606225,fdi1
606242,fdi1
606280,s175E
606295,s176
606363,s176E
606378,s177
606458,s177E
606473,s178
606537,s178E
606552,s180
606622,s180E
606637,s179
606709,s179E
606724,s184
606791,s184E
606806,s181
606839,s181E
606854,s182
606893,s182E
606908,s183
606976,s183E
606991,s185
607087,s185E
607102,s186
607199,s186E
607214,s187
607249,s187E
607264,s188
607348,s188E
607363,s189
607397,s189E
607412,s190
607459,s190E
607474,s192
607557,fdo1
607574,fdo1R
607643,fdi1
607667,fdo1
607684,fdo18
607805,s170
607833,s170
607853,s191
607870,fdi1
607887,fdi1+
607930,fdo1
607947,fdo1R
607962,s1734
608182,s338
608199,fdi1
608278,s338E
608293,s337
608383,s337E
608398,s341
608496,open#'
608522,s341E
608537,s202
608567,s202
608590,s210
608618,s210
608646,s350
608666,s203
608879,s210
608905,s210
608931,s350
608949,s203E
608964,s339
609017,s339E
609032,s206
609111,s206E
609126,s340
609265,s340
609288,s208
609316,s208
609336,s343
609440,s208
609466,s208
609484,s343E
609499,s204
609627,s204E
609642,s209
609696,s209
609719,s207
609747,s207
609775,s351
609795,s342
609854,fdo1
609871,fdo1
609894,s207
609920,s207
609946,s351
609964,s34253
610014,qstc
610033,fdi1
610057,fdo1
610074,fdo18
610167,s211
610191,fdi1
610208,fdi1y
610284,s211E
610299,s212
610401,s212
610424,s344
610452,s344
610472,s213
610556,s344
610582,s344
610600,s213
610623,s345
610651,s345
610671,s214
610714,fdo1
610731,fdo1
610754,s345
610780,s345
610798,s2144
610891,open
610923,s201
610954,fdi1
610971,fdi1y
611059,s201E
611074,s215
611146,s215E
611161,s216
611233,s216E
611248,s217
611286,fdo1
611303,fdo17
611340,s217+
611477,star
611512,closE
611527,s200
611544,fdi1
611561,fdi1
611580,s200E
611595,s222
611644,s222E
611659,s223
611691,s223E
611706,s233
611741,s233E
611756,s220
611813,s220E
611828,s224
611889,s224E
611904,s226
611944,s226E
611959,s354
611983,stop
612003,s354E
612018,s236
612038,s236E
612053,s227
612072,oti1
612090,fdo1
612107,fdo1
612133,s227N
612216,s205
612233,fdi1
612287,s205E
612302,s218
612327,s218E
612342,s219
612402,s219E
612417,s225
612479,s225E
612494,s228
612532,s228
612555,s346
612583,s346
612611,s353
612631,s229
612749,s346
612775,s346
612801,s353
612819,s229E
612834,s230
612891,s230E
612906,s231
612962,s231E
612977,s232
613041,fdo1
613058,fdo1R
613193,s221
613210,fdi1
613227,fdi1+
613278,s221
613301,s347
613329,s347
613349,s234
613430,s347
613456,s347
613474,s234E
613489,s235
613537,fdo1
613581,s235F
613598,fdi1
613960,tlk0
613974,tlk0
613990,tlk1
614004,tlk1
614020,pas0
614034,pas0
614050,sinb
614064,sinb
614080,tlk0
614094,tlk0
614110,tlk1
614124,tlk1
614140,thk1
614154,thk1
614170,thk2
614184,thk2
614200,goh0
614214,goh0
614230,goh1
614244,goh1
614260,goh2
614274,goh2
614452,thk1S
614465,thk1
615330,sha0S
615343,sha0
615359,tlk0
615373,tlk0
615389,tlk1
615403,tlk1
615419,tlk0S
615447,tlk1S
615460,tlk1
615476,pnt0
615490,pnt0
615506,pnt1
615520,pnt1
615536,tla0
615550,tla0
615566,tla1
615580,tla1
615596,tla2
615610,tla2
615626,tlk0
615640,tlk0
615656,tlk1
615670,tlk1
615686,tlk2
615700,tlk2
615716,pas0
615730,pas0
615746,sin0
615760,sin0
615776,sin1
615790,sin1
615806,sia0
615820,sia0
615836,sia1
615850,sia1
615866,sib0
615880,sib0
615896,oou0
615910,oou0
615926,oou1
615940,oou1
615956,oou2
615970,oou2
615986,sha0
616000,sha0
616016,sha1
616030,sha1
616046,ths1
616060,ths1
616076,ths2
616090,ths2
616106,cry0
616120,cry0
616136,cry1
616150,cry1
616166,sad0
616180,sad0
616196,sad1
616210,sad1
616368,deadS
616394,corpS
616407,corp
616544,tlk0
616558,tlk0
616574,tlk1
616588,tlk1
616788,tlk0
616802,tlk0
616818,tlk1
616832,tlk1
617036,tlk0
617074,poi0
617088,poi0
617169,poi0S
617182,poi0
617312,tlk0
617326,tlk0
617342,tlk1
617356,tlk1
617372,thk1
617386,thk1
617402,thk2
617416,thk2
617532,tyk0
617546,tyk0
617562,yre0
617576,yre0
617592,oti0
617606,oti0
617624,oti1
617638,oti1
619328,fdi0
619345,fdi0
619361,fdo0
619378,fdo0
619394,fdi1
619411,fdi1
619427,fdo1
619444,fdo1
619460,whi1
619477,whi1
619493,who1
619510,who1
619526,who2
619543,who2
619559,who3
619576,who3
619592,main
619612,fdo1
619629,fdo1
619645,fdi1
619662,main
619682,fdi1
619698,blon
619715,blon
619733,whi0
619750,whi0
619766,who0
619783,who0
619799,efon
619816,efon
619832,fdis
619850,fdos
619867,fdos
619883,fdif
619901,fdof
619918,fdof
619934,fdip
619952,fdop
619969,fdop
619985,tlk0
619999,tlk0
620015,tlk1
620029,tlk1
620045,tlk0
620059,tlk0
620075,tlk1
620089,tlk1
620105,sas0
620119,sas0
620135,sas1
620149,sas1
620165,ude0
620179,ude0
620195,uyes
620209,uyes
620225,thk1
620239,thk1
620255,thk2
620269,thk2
620285,sha0
620299,sha0
620315,sha1
620329,sha1
620345,sha2
620359,sha2
620375,sir0
620389,sir0
620405,sir1
620419,sir1
620435,twa0
620449,twa0
620465,twa1
620479,twa1
620495,twb0
620509,twb0
620525,twb1
620539,twb1
620555,sit0
620569,sit0
620585,sit1
620599,sit1
620615,pas0
620629,pas0
620645,ls00
620659,ls00
620675,ls01
620689,ls01
620705,ls02
620719,ls02
620735,lsl0
620749,lsl0
620765,eud0
620779,eud0
620795,eud1
620809,eud1
620825,yes0
620839,yes0
620898,tlk0
620914,tlk0
620931,tlk1
620947,tlk1
620964,tlk0
620980,tlk0
620997,tlk1
621013,tlk1
621030,thk1
621046,tlk0
621063,thk2
621079,tlk2
621096,thk0
621112,thk0
621129,thk1
621145,thk1
621165,thk1
621181,thk1
621198,sas0
621214,sas0
621231,sas1
621247,sas1
621264,orz0
621280,orz0
621308,nok0
621327,nok1
621358,mod0
621377,pos0
621396,pas0
621404,kidl0
621767,sha0S
621780,sha0
621796,sha1S
621809,sha1
621856,sha1S
621869,sha1
622041,pas0
622060,pas0#E
622076,qstc
622141,tlk0
622160,tlk0#f
622176,tlk1
622195,tlk1#n
622234,pas0
622253,pas0#E
622269,qstc
622401,tlk0
622424,tlk0#f
622440,tlk1
622725,thk1
622897,thk1f
622912,thk2
623079,nok0
623096,nok0y
623122,kidl0
623176,pas0
623256,tlk0
623277,tlk0f
623292,tlk1
623313,tlk1f
623328,pas0
623460,thk1
624058,thk1f
624073,thk2
624249,s000
624287,s000E
624302,s001
624365,s001E
624380,s002
624436,s002E
624451,s003
624508,s003
624549,fdi2
624727,s013
624747,s004
624812,s004E
624827,s005
624872,s005E
624887,s006
624928,s006
624946,s007
624971,s007E
624986,s008
625037,s008
625055,s009
625086,s009f
625101,pos0
625119,s010
625163,s010E
625178,s011
625184,kidl0
625245,s012
625265,s012
625291,s012
625311,s012
625337,s012
625357,s012
625383,s012
625403,s012
625429,st12
625449,st12
625475,st12
625495,st12
625521,s012
625541,s012
625567,s012
625587,s012
625605,s013
625644,s013
625685,s014
625724,s014E
625739,s114
625759,s114E
625774,s015
625799,s015E
625814,s016
625834,tlk0+
625857,tlk1
625883,s016E
625898,s017
625918,tlk0+
625941,tlk1
625986,s017
626052,s018
626072,tlk0+
626108,tlk1
626126,s018E
626141,s013
626181,s017N
626216,fdi2
626308,tlk0
626345,tlk1
626433,s019
626463,s021E
626478,s022
626510,uke1
626556,s022
626585,fdi2
626660,uke0kidl0
626711,s019E
626726,s020
626770,ukel
626803,uke0
626821,s020E
626836,s021
626992,s024
627012,s019
627081,uke1
627129,s023
627149,s023
627175,s023
627195,s023
627221,sg23
627241,sg23
627267,sg23
627287,sg23
627313,st23
627333,st23
627359,st23
627379,st23
627405,s023
627425,s023
627451,sg23
627471,sg23
627489,s024
627558,tlk0
627587,s024E
627602,s025
627682,s025
627708,s026
627788,s026
627811,s027
627891,s027
627909,s028
627981,tlk1
627999,s028E
628014,s029
628045,s029
628125,s030
628156,s030
628174,s130
628194,tlk0+
628217,s130E
628232,s031
628274,s032
628338,s032
628380,s032
628417,s033
628448,s033
628488,s034
628531,s034
628571,s035
628591,tlk0+
628617,tlk1
628635,s035
628653,s036
628678,s036
628784,s130
628804,tlk0+
628827,s130E
628842,s031
628873,s037
628901,s037E
628916,s038
628936,tlk0+
628959,tlk1
628977,s038E
628992,s138
629020,qstc
629037,fdi2
629054,s138E
629069,s031
629086,pas0
629110,s031
629139,fdi2
629154,kidl0
629337,pas0
629366,pos0+
629469,pas0
629900,ika0
629919,ika1
629959,thk1
629986,thk2
630312,tlk0
630334,ten0
630374,tlk1
630400,ten1
630431,tlk0
630475,tlk0
630505,tlk0
630557,tlk1
630590,ten1
630627,thk1
630644,thk1f
630659,thk2S
630672,thk2y
630697,tlk0
630720,ten0
630762,tlk1
630779,tlk1f
630794,ten1
630859,fdo1
630876,fdo1
630894,fdi1
630933,thk1
630957,thk1#_
630974,thk2
630993,thk2#_
631010,tlk1
631033,tlk1#_
631050,ten1
631069,ten1#
631113,tld1
631132,tld1#
631191,tld0
631210,tld0#
631233,tlb0
631256,tlb0#_
631273,tlb1
631292,tlb1#_
631328,pas0#E.
631344,qstc
632500,tlk0
632514,tlk0
632530,tlk1
632544,tlk1
632560,pas0
632574,pas0
632590,tlb0
632604,tlb0
632620,tlb1
632634,tlb1
632650,thk0
632664,thk0
632680,thk1
632694,thk1
632710,thk2
632724,thk2
632740,wav0
632754,wav0
632770,dis0
632784,dis0
632800,kas0
632814,kas0
632830,at00
632844,at00
632860,btl0
632874,btl0
632890,utl0
632904,utl0
632920,utl1
632934,utl1
632950,ntl0
632964,ntl0
632980,ntl1
632994,ntl1
633010,ngt0
633024,ngt0
633040,ngt1
633054,ngt1
633070,aig0
633084,aig0
633100,aig1
633114,aig1
633130,aig0S
633143,aig0f
633158,aig1S
633171,aig1
633187,unz0
633201,unz0
633217,dk00
633231,dk00
633247,dk01
633261,dk01
633277,dku0
633291,dku0
633387,aig0
633416,aig0
633431,main
633483,aig1S
633496,aig1
633539,ntl0J
633561,ntl0
633606,utl0
633766,utl0S
633779,utl0
633796,utl0
633812,utl0
633829,utl1.
633845,utl1
633874,cry0.
633890,cry0
633913,cry10
633929,cry1
633946,scr02
633962,scr0
633979,scr13
633995,scr1
634012,kidl0
634277,ntl0
634299,ntl1
634346,utl0
634372,utl1
634414,utl0
634436,utl1
634521,utl0
634555,utl1
634601,utl0
634628,utl1
634670,utl0
634692,utl1
634727,aig0S
634740,aig0
634759,aig1
634835,utl0S
634848,utl0
634871,utl1S
634884,utl1
635011,sin0
635043,sin0n
635077,sia0
635094,sia0fu
635109,sia1S
635122,sia1K
635146,dk00
635181,dk00f
635196,dk01S
635209,dk01
635322,utl0
635342,utl0f
635357,utl1.
635576,utl0
635606,utl0f
635621,utl1
635791,ntl0
635816,ntl0f
635831,ntl1
635924,utl0
635946,utl1
635982,utl0
636004,utl1
636035,dk00
636057,dk01
636085,utl0
637960,fdi0
637977,fdi0
637993,fdo0
638010,fdo0
638026,fdi1
638043,fdi1
638059,fdo1
638076,fdo1
638092,whi1
638109,whi1
638125,who1
638142,who1
638158,who2
638175,who2
638191,who3
638208,who3
638224,main
638244,fdo1
638261,fdo1
638277,fdi1
638294,main
638314,fdi1
638330,blon
638347,blon
638365,whi0
638382,whi0
638398,who0
638415,who0
638431,efon
638448,efon
638464,fdis
638482,fdos
638499,fdos
638515,fdif
638533,fdof
638550,fdof
638566,fdip
638584,fdop
638601,fdop
639164,pas0+
639231,pas0
639285,mgk0
639347,kidl0
639404,ure0+
639425,ure0J
639455,pas0+
639491,pas0f
639506,thk1+
639527,thk1f
639542,thk2+
639563,thk2
639589,ure0+
639610,ure0+
639636,frst
639656,okex
639699,pas0+
639735,pas0f
639750,thk1+
639779,thk1f
639794,thk2+
639815,thk2
639836,aww0+
639857,aww0+
639880,ure0+
639901,ure0
639937,wav0+
639958,wav0
640011,frst
640031,okex
640070,pas0+
641601,tlk0
641655,tlk1S
641668,tlk1
642997,opov
643038,tlk0+
643074,tlk1S
646511,tlk0
646565,tlk1
647846,thk1+
647867,thk1f
647882,thk2+
647988,aww0
648155,aww0
648203,ang0
648220,ang0
648239,tlk0
648277,tlk0f
648292,tlk2S
648305,tlk2
648351,fdo1
648368,fdo1F
648474,s081
648494,fdi1
648734,s082
648751,frst
648771,tlk0
648789,okex
648839,s083
648854,tlk1J
648905,fdo1
648937,s083
648966,fdi2
649274,tlk0
649310,thk1
649332,thk2
649354,tlk0
649384,tlk0
649447,dis0
649587,mgk0
649610,kru0
649643,kidl0
649662,kidl0
649695,frst
649715,tlk0
649733,okex
649753,tlk1
649839,tlk0+
649865,tlk1
650041,poi1
650060,poi1#fn
650076,poi2S
650089,poi2
650163,tlk0
650177,tlk0
650193,tlk2
650207,tlk2
650223,pas0
650237,pas0
650253,thk0
650267,thk0
650283,thk1
650297,thk1
650313,thk2
650327,thk2
650343,dis0
650357,dis0
650373,poi0
650387,poi0
650403,wav0
650417,wav0
650433,tlc0
650447,tlc0
650463,tlc1
650477,tlc1
650493,tlb1
650507,tlb1
650523,tlb2
650537,tlb2
650553,aww0
650567,aww0
650583,ang0
650597,ang0
650613,ure0
650627,ure0
651184,fdi0
651201,fdi0
651217,fdo0
651234,fdo0
651250,fdi1
651267,fdi1
651283,fdo1
651300,fdo1
651316,whi1
651333,whi1
651349,who1
651366,who1
651382,who2
651399,who2
651415,who3
651432,who3
651448,main
651468,fdo1
651485,fdo1
651501,fdi1
651518,main
651538,fdi1
651554,blon
651571,blon
651589,whi0
651606,whi0
651622,who0
651639,who0
651655,efon
651672,efon
651688,fdis
651706,fdos
651723,fdos
651739,fdif
651757,fdof
651774,fdof
651790,fdip
651808,fdop
651825,fdop
652388,pas0+
652455,pas0
652509,mgk0
652571,kidl0
652628,ure0+
652649,ure0J
652679,pas0+
652715,pas0f
652730,thk1+
652751,thk1f
652766,thk2+
652787,thk2
652813,ure0+
652834,ure0+
652860,frst
652880,okex
652923,pas0+
652959,pas0f
652974,thk1+
653003,thk1f
653018,thk2+
653039,thk2
653060,aww0+
653081,aww0+
653104,ure0+
653125,ure0
653161,wav0+
653182,wav0
653235,frst
653255,okex
653294,pas0+
653360,tlk0+
653396,tlk1S
657048,fdi0
657065,fdi0
657081,fdo0
657098,fdo0
657114,fdi1
657131,fdi1
657147,fdo1
657164,fdo1
657180,whi1
657197,whi1
657213,who1
657230,who1
657246,who2
657263,who2
657279,who3
657296,who3
657312,main
657332,fdo1
657349,fdo1
657365,fdi1
657382,main
657402,fdi1
657418,blon
657435,blon
657453,whi0
657470,whi0
657486,who0
657503,who0
657519,efon
657536,efon
657552,fdis
657570,fdos
657587,fdos
657603,fdif
657621,fdof
657638,fdof
657654,fdip
657672,fdop
657689,fdop
657737,tlk0+t
657760,tlk1+t
657956,s044
657983,s039
658011,s044
658037,s081
658057,s043
658082,s081R
658097,s043
658151,s039E
658166,s041
658191,tlk0+t
658227,s041
658245,s042
658262,tlk1
658388,s042
658414,s081
658434,s043
658467,s081R
658482,s043
658527,s047
658555,s048
658575,s049
658607,s047R
658622,s048R
658637,s049E
658652,s086
658698,s086E
658713,s050
658738,s050
658781,s090
658801,s045
658846,thk1
658878,s046
658895,tlk0+t
658926,s046
658952,s081
658972,s043
658989,tlk1+t
659012,s081R
659027,s043St
659040,tlk1
659061,s058
659094,s058E
659109,s059
659143,s045R
659158,s059
659187,fdi2
659238,tlk0+t
659261,tlk1+t
659407,s082
659427,s063
659453,s060
659508,s060E
659523,s064
659540,tlk0+t
659571,tlk1St
659584,tlk1R
659599,s064E
659614,s065
659659,s065
659845,s068
659862,tlk0+t
659885,tlk1
659911,s068
659985,s060E
660000,s061
660036,s061
660062,s082
660082,s063
660113,s061E
660128,s062
660158,thk1
660233,s060
660259,s082
660279,s063
660318,s082R
660333,s063
660357,s062R
660372,s067R
660387,s068
660416,fdi2
660492,thk1St
660505,thk1
660533,s069
660598,s069E
660613,s070
660665,s070E
660680,s071
660697,tlk0+t
660728,tlk1St
660741,tlk1R
660756,s071
660782,s085
660802,s072
660827,s085R
660842,s072E
660857,s073
660885,s073E
660900,s092
660917,rn00+t
660969,s092E
660984,s091
661010,s091
661042,qstc
661059,fdi2
661097,thk1+t
661131,thk2St
661144,thk2Jt
661365,s040
661388,s040E
661403,s051
661451,s051
661469,s052
661492,rn00
661507,cst0
661527,s052
661553,s088
661570,tgt0
661600,s088E
661615,s054
661643,s089
661660,tgt0
661690,s089E
661705,s055
661725,s087
661742,tgt0
661772,s087E
661787,s056
661818,s054R
661833,s055R
661848,s056
661866,s057
661917,s057
661941,s066
661968,s066
661994,s082
662040,s063
662100,s084
662120,s067
662142,thk1
662259,s002
662291,thk1St
662304,thk1Ev
662319,s000
662410,s000Ev
662425,s001
662471,s001Ev
662486,s002
662503,tlk0
662529,tlk1
662569,s002
662595,s004
662615,s003
662650,s003Rv
662665,s004Ev
662680,s005
662705,s005Ev
662720,s008
662745,s008Ev
662760,s007
662798,s002
662824,s004
662844,s003
662879,s003Rv
662894,s004Ev
662909,s006
662956,s007Rv
662971,s006
663000,fdi2
663085,thk1
663116,thk2
663142,tlk0
663176,tlk1
663315,s015
663341,s009
663369,s009Ev
663384,s010
663409,s010Ev
663424,s011
663457,s011
663475,s012
663508,s012
663526,s013
663543,tlk0
663569,tlk1
663587,s013Ev
663602,s014
663627,s014Ev
663642,s017
663659,tlk0
663693,s017Ev
663708,s015
663725,tlk1
663764,pas0
663782,s015Ev
663797,s016
663835,s016
663864,qstc
663881,fdi2
663924,tlk0+t
663950,tlk1+t
664068,s021
664093,thk1St
664106,thk1Ev
664121,s018
664162,tlk0+t
664197,s018Ev
664212,s019
664293,s019Ev
664308,s020
664341,tlk0Rv
664356,s020Ev
664371,s021
664399,tlk1
664439,s021
664465,s026
664485,s025
664517,s026Rv
664532,s025Ev
664547,s027
664572,s027Ev
664587,s028
664620,s028Ev
664635,s029
664652,pas0
664678,s029Ev
664693,s030
664746,s021Ev
664761,s022
664815,s021Ev
664830,s023
664860,thk1St
664873,thk1
664899,thk2
664917,s023Ev
664932,s024
664952,tlk0
664978,tlk1Rv
664993,s024
665011,s021
665043,s022Rv
665058,s030
665087,fdi2
665222,s031
665268,s031
665294,s033
665314,s032
665347,tlk0Rv
665362,s033Rv
665377,s032Ev
665392,s034
665420,s034Ev
665435,s035
665452,tlk1
665478,s035Ev
665493,s036
665546,s036Ev
665561,s037
665589,s037
665615,s044
665635,s043
665662,s044Rv
665677,s043Ev
665692,s045
665740,s045
665763,s038
665793,s038
665819,s040
665839,s039
665861,thk1St
665874,thk1
665908,thk2
665926,s040Rv
665941,s039Ev
665956,s041
665981,s041Ev
665996,s042
666013,pas0
666042,s042
666074,fdi2
666152,pas0
666541,s051
666568,s046
666622,s051
666675,s046Ev
666690,s047
666721,s047Ev
666736,s048
666769,s048
666787,s049
666820,s049Ev
666835,s051
666860,s051Ev
666875,s052
666914,s052
666940,s056
666960,s055
667018,s056Rv
667033,s055Ev
667048,s057
667073,pas0
667091,s057Ev
667106,s058
667147,s058Ev
667162,s059
667195,s059
667213,s060
667243,s060Ev
667258,s061
667314,s052
667340,s054
667360,s050
667385,s054Rv
667400,s050Ev
667415,s053
667480,s053Rv
667495,s061
667524,fdi2
667706,s062
667754,s062Ev
667769,s063
667815,s063
667841,s064
667866,l+Rv
667879,s064
667910,s067
667938,s066
667958,s065
667995,s067Rv
668010,s066Rv
668025,s065Ev
668040,s068
668073,s068Ev
668088,s069
668171,s064
668202,s067
668230,s066
668250,s065
668287,s067Rv
668302,s066Rv
668317,s065Ev
668332,s070
668375,s070Ev
668390,s071
668444,s000
668472,s071Ev
668487,s146
668533,thk1St
668546,tlk1
668572,s146Ev
668587,s153
668636,kil0
668659,s153
668677,s072
668708,thk2St
668721,tlk2
668751,s072ovt
668778,s073
668809,s073Ev
668824,s074
668854,s074Ev
668869,s075
668900,s075
668929,fdi2
669100,s081
669120,s076
669179,s076Ev
669194,s077
669230,s077Ev
669245,s078
669270,s078Ev
669285,s079
669391,W0nt
669417,q0nt
669497,s079Ev
669512,s080
669537,s080Ev
669552,s081
669570,U1Rv
669583,s079Ev
669598,s080
669638,s080Ev
669653,s081
669663,U1Rv
669676,s079Ev
669691,s080
669716,s080Ev
669731,s081
669756,pas0
669774,s081Ev
669789,s082
669830,s082Ev
669845,s083
669870,s083Ev
669885,s087
669902,rn00
669917,cst0
669937,s087
669963,s085
669983,s084
670056,s085Rv
670071,s084Ev
670086,s086
670112,s086
670141,qstc
670158,fdi2
670704,s000
670721,s000
670738,s000
670755,s000
670772,s000
670787,w3on
670815,poi0
670843,xxxx_
670859,xxxxE
670874,s050
670922,s050E
670937,s051
670971,s051E
670986,s052
671090,s052E
671105,s053
671200,s054
671293,s054E
671308,s055
671367,s055E
671382,s056
671428,s056E
671443,s057
671484,s057E
671499,s058
671641,s059
671702,s059
671725,s060
671753,s060
671781,s062
671809,s062
671837,s060
671857,s061
671902,s060R
671917,s061R
671932,s062E
671947,s063
671993,s063
672016,s060
672044,s060
672072,s062
672100,s062
672128,s060
672148,s061
672193,s060R
672208,s061R
672223,s062E
672238,s064
672276,s064
672299,s066
672327,s066
672347,s065
672388,s065R
672403,s066
672435,s067
672531,s068
672606,s068E
672621,s069
672659,s069E
672674,s072
672720,s072
672743,s071
672771,s071
672791,s070
672876,s070R
672891,s071E
672906,s073
673000,s071
673028,s071
673048,s070
673089,s070R
673104,s071
673122,s074
673176,s074E
673191,s075
673233,s075E
673248,flwh
673273,s076
673290,flwhE
673305,flcl
673325,flwh
673342,s076x
673361,s077
673378,flwhE
673393,flcl
673435,flwh
673452,s077wK
673475,s078
673492,flwhE
673507,flcl
673534,s078E
673549,s079
673579,s079E
673594,s080
673614,flwh
673631,s080x
673650,s081
673667,flwhE
673682,flcl
673710,flwh
673727,s081wK
673750,s082
673767,flwhE
673782,flcl
673797,dead
673815,flwh
673832,s082x
673851,s083
673868,flwhE
673883,flcl
673901,kil0
673918,kil0
673935,kil0
673952,kil0
673969,kil0
674059,s083E
674074,s084
674147,s085
674181,s085N
674230,fdi2
674396,s000
674413,zzon
674430,s039
674486,s039E
674501,s040
674529,s042
674563,s042E
674578,s041
674605,se01
674628,kil0
674645,kill
674707,s000
674728,s041
674751,s043
674779,s043
674807,s049
674835,s049
674863,s043
674883,s048
674935,s043R
674950,s048R
674965,s049E
674980,flwh
675007,kil0
675060,s047
675080,flwhi
675112,flcl
675156,s047
675179,s044
675207,s044
675235,s046
675263,s046
675291,s044
675311,s045
675337,mainH
675370,s044R
675385,s045R
675400,s046N
675449,fdi2
675561,gkr0#_
675578,gkr1_
675594,gkr1
675708,tlk0
675732,tlk0#_
675765,tlk1'
675934,hat0
675964,s001
675979,open
676008,open
676033,s001E
676048,s025
676095,s025E
676110,s026
676173,s026E
676188,s027
676250,s027R
676265,s029E
676280,s028
676363,s028E
676378,s029
676412,s027R
676427,s029
676450,s031
676478,s031
676498,s030
676552,s030R
676567,s031E
676582,s028
676649,s029
676703,s029
676733,s032
676772,s032E
676787,blcl
676804,s033
676862,s033E
676877,s034
676976,s035
677060,s035E
677075,s036
677160,s036E
677175,s037
677235,s037E
677250,s038
677317,closS
677330,clos5
677380,fdi2
677494,fd00l
677587,s016
677682,s000
677715,s000E
677730,s002
677770,s002E
677785,s003
677829,s003E
677844,s004
677897,s004E
677912,s005
677982,s005
678005,s006
678033,s006
678053,s024
678107,s006R
678149,s007
678224,s008
678309,s009
678383,s009E
678398,s012
678449,s012E
678464,s010
678500,s010
678523,s011
678551,s011
678579,s014
678607,s014
678635,s011
678655,s013
678711,s011R
678726,s013R
678741,s014E
678756,s015
678805,s015E
678820,s016
678881,s016
678940,s016E
678955,s017
679004,s018
679039,s018E
679054,s019
679097,s019E
679112,s020
679156,s020E
679171,s021
679238,s021E
679253,s022
679295,eri0
679319,eri0#R
679362,s023
679412,s017R
679427,s023N
679476,fdi2
679755,xxxx_
679771,xxxx_
679787,xxxx
679805,s000
679822,s056
679910,s058
679951,s058E
679966,s059
679994,thk1+.
680015,thk1+.
680053,s059E
680068,s060
680099,s060
680136,s057
680162,s057E
680177,s061
680197,s061E
680212,s062
680248,s062E
680263,s063
680304,s063E
680319,s065
680343,s065E
680358,s064
680410,s064E
680425,s066
680466,s066E
680481,s067
680501,s067E
680516,s076
680551,s076E
680566,s068
680589,s068
680607,efof
680639,kil0
680702,s069
680736,thk2+.
680759,thk2#J.
680784,s069
680807,s070
680835,s070
680863,s072
680891,s072
680919,s070
680939,s071
680972,tlk0+.
681019,tlk0#R
681035,s070R
681050,s071R
681065,s072E
681080,s073
681097,tlk1+.
681128,tlk1#R
681144,s073E
681159,s074
681176,tlb0+.
681215,tlb0#J-
681240,s074E
681255,s075
681278,tlb1+.
681310,s075kidl0.
681348,fdi2
681526,s003
681554,s003
681574,s002
681611,s001
681637,s001E
681652,s000
681737,s000
681760,s003
681788,s003
681808,s002
681856,s002R
681871,s003E
681886,s004
681956,s002R
681971,s003E
681986,s005
682091,s002R
682106,s003
682147,s002R
682162,s003E
682177,s005
682266,s002R
682281,s003E
682296,s005
682385,s002R
682400,s003E
682415,s005
682525,s005
682563,s005E
682578,s006
682616,s006E
682631,s007
682670,s007E
682685,blcl
682710,s009
682738,s009
682766,s010
682794,s010
682822,s009
682842,s008
682877,s008R
682892,s009R
682907,s010E
682922,s011
682968,s011E
682983,s012
683011,s012
683034,s003
683062,s003
683082,s002
683130,s002R
683145,s003
683186,s002R
683201,s003E
683216,s004
683268,s013
683348,s013
683367,s014
683428,s014
683447,s015
683504,s004R
683519,s015N
683628,fdi2
683867,s017
683895,s017
683915,s016
683975,s016R
683990,s017E
684005,s018
684065,s018E
684080,s019
684116,s019
684139,s009
684167,s009
684195,s010
684223,s010
684251,s009
684271,s008
684307,s008R
684322,s009R
684337,s010E
684352,flwh
684372,s020
684392,efon
684409,flwhE
684424,flcl
684445,pas05
684490,flwh
684510,efof
684527,flwh
684545,s020
684568,s003
684596,s003
684616,s002
684636,flcl
684757,s002R
684772,s003E
684787,s021
684833,s021y
684883,s022
684949,s022E
684964,s023
685019,s023R
685034,s027R
685049,s028
685075,s023R
685090,s027R
685105,s028
685128,s024
685156,s024
685184,s026
685212,s026
685240,s024
685260,s025
685313,s024R
685328,s025R
685343,s026
685366,s028
685386,s027
685445,s024
685473,s024
685501,s026
685529,s026
685557,s024
685577,s025
685637,s024R
685652,s025R
685667,s026E
685682,s029
685765,s003
685793,s003
685813,s002
685871,s002R
685886,s003
685927,s002R
685942,s003E
685957,s005
686047,s005
686070,s003
686098,s003
686118,s002
686171,s002R
686186,s003EK
686201,s004
686218,sef0
686235,pink
686258,ann0S.
686271,ann0
686289,s004E
686304,s005
686321,kils
686338,fla0
686355,fla0
686379,ann1'
686428,s005
686451,s003
686479,s003
686499,s002
686529,s030
686603,s030E
686618,s031
686706,s031E
686721,s032
686813,s032E
686828,s033
686917,s033E
686932,s034
687013,s035
687120,s035E
687135,s036
687224,s036
687247,s037
687275,s037
687303,s039
687331,s039
687359,s037
687379,s038
687472,s037R
687487,s038R
687502,s039E
687517,s040
687582,s040E
687597,s041
687677,s041E
687692,s042
687758,s042E
687773,s043
687855,s043l
687997,fdi2
688264,s044
688346,efbl
688384,efof
688472,efbl
688510,efof
688603,kuro
688629,s044j
688788,fdi2
689040,s000
689066,s000E
689081,s001
689119,s001E
689134,s002
689214,s002E
689229,s003
689291,s003E
689306,s004
689364,s004E
689379,s005
689435,s005E
689450,s006
689484,s006E
689499,s007
689582,s007E
689597,s008
689664,s008E
689679,s009
689729,s009E
689744,s014
689858,s010
689938,s011
690003,s011E
690018,s012
690148,s013
690175,hibi
690192,s002
690225,s013E
690240,blcl
690328,fdi2
690545,s015
690727,s015l
690751,s016
690817,s016E
690832,s017
690884,s017E
690899,s018
690985,s018
691008,s019
691036,s019
691064,s021
691092,s021
691120,s019
691140,s020
691253,s022
691454,s022
691562,s022N
691683,qstc
691700,fdi2
692937,uke0
692944,kidl0
692967,s000
693029,s000
693052,s001
693080,s001
693108,s003
693136,s003
693164,s001
693184,s002
693261,ukel
693280,uke0p
693298,uke0p
693318,s001R
693333,s002R
693348,s003E
693363,s005
693389,uke0_
693403,uke0
693422,s005E
693437,s004
693465,s004E
693480,s057
693523,uke1
693541,s057E
693581,s006
693609,s006
693637,s008
693665,s008
693693,s006
693713,s007
693748,kidl0
693799,s006R
693814,s007R
693829,s008E
693844,s009
693879,s009E
693894,s010
693959,s010
693982,s013
694010,s013
694030,s011
694082,s011R
694097,s013E
694112,s012
694138,s012N
694241,fdi2
696228,fdo1
696245,fdo1F
696489,s000
696509,fdi1
696546,s000
696569,s012
696597,s012
696625,s014
696653,s014
696681,s012
696701,s013
696731,s012R
696746,s013R
696761,s014E
696776,s001
696818,s001E
696833,s002
696893,s002
696911,s003
696951,s003E
696966,s005
697011,s005
697037,s003
697067,s009
697111,s009
697134,s007
697162,s007
697182,s006
697304,s006R
697319,s007
697337,s005
697378,s005E
697393,s003
697431,s003E
697446,s010
697484,s010E
697499,s011
697552,s011
697578,s003E
697593,s004
697653,s008
697726,s008E
697741,s015
697787,s015E
697802,s016
697861,s016
697884,s018
697912,s018
697932,s017
697965,s017R
697980,s018E
697995,s019
698059,s019E
698074,s005
698130,s005
698166,s017R
698181,s018
698199,s020
698240,s020E
698255,s021
698330,s021E
698345,s022
698395,who0
698412,who0R
698427,s022ED
698442,efon
698459,efonE
698474,s072
698491,kuro
698518,whi1
698535,whi1
698550,s002
698625,fdo0
698642,fdo0R
698679,s023
698720,fdi0
698737,fdi0'
698796,s023E
698811,s024
698847,s024E
698879,s025
698914,s025E
698929,s026
698985,s026E
699000,s027
699036,fdo1
699053,fdo1
699071,s004R
699086,s027
699204,fdi2
699224,fdo1
699241,fdo1F
699371,s028
699400,fdi1
699434,s028E
699449,s030
699491,s030
699514,s029
699542,s029
699570,s029
699590,s031
699656,s029R
699671,s031E
699686,s032
699753,s032
699771,s033
699804,s033
699830,s033E
699845,s034
699862,s035
699909,s036
699926,s034E
699941,s033
700003,s033E
700018,s037
700069,s037E
700084,s033
700117,s038
700155,s038E
700170,s039
700213,s039E
700245,s054
700281,s054E
700296,s042
700338,s042E
700353,s041
700418,s041E
700433,s040
700475,fdo1
700492,fdo1
700510,s040N
700559,fdi2
700584,fdo1
700601,fdo1F
700903,s000
700923,fdi1
700954,s000
700977,s002
701005,s002
701025,s001
701071,s001Rw
701086,s002
701109,s003
701137,s003
701157,s053
701208,s003Rw
701250,s004
701318,s004Ew
701333,s054
701353,s054Ew
701368,s005
701432,s005Ew
701447,s006
701544,s007
701606,s007Ew
701621,s008
701682,s008Ew
701714,s009
701763,s009Ew
701778,s010
701806,s010Ew
701821,s011
701838,tlk0+
701869,tlk0#Rw
701885,s011Ew
701900,s012
701917,tlk2+
701949,tlk2Rw
701964,s012Ew
701996,s013
702021,tla1+
702044,tla1#Rw
702060,s013Ew
702075,s014
702097,thk1+
702138,s014Ew
702153,s049
702182,thk1y
702207,thk2S
702220,thk2+
702243,s049Ew
702258,s015
702289,s015Ew
702304,s016
702321,pnt0+
702344,ude0+
702365,pnt0S
702378,ude0'
702403,s016Ew
702435,s017
702462,pnt1S
702497,s017Ew
702512,s018
702546,tlk0
702564,s018Ew
702579,s050
702617,tlk0+
702659,s050Ew
702674,s051
702704,tlk1S
702717,tlk1
702736,s051Ew
702751,s019
702773,thk1
702807,thk1f
702822,thk2+
702843,thk2y
702868,s019
702891,s020
702919,s020
702947,s022
702975,s022
703003,s020
703023,s021
703069,s020Rw
703084,s021Rw
703099,s022
703117,tlk0
703142,tlk0
703161,tlk1+
703182,tlk1Rw
703197,s020Rw
703212,s021Rw
703227,s022Ew
703242,s023
703267,thk1+
703296,thk1+
703319,s023Ew
703334,s024
703351,thk2+
703372,thk2y
703415,s024Ew
703430,s025
703458,s025
703481,s026
703509,s026
703537,s028
703565,s028
703593,s026
703613,s027
703710,pnt0
703728,s026Rw
703743,s027Rw
703758,s028Ew
703773,s029
703813,pnt0#Rw
703856,s030
703892,pnt1Rw
703907,s030Ew
703922,s031
703937,pnt1+
703995,s031Ew
704010,s032
704052,s032Ew
704067,s033
704125,s033Ew
704140,s034
704195,s034Ew
704210,s035
704227,hat0f
704242,tlk0+
704263,tlk0+
704284,hat0f
704299,tlk1
704317,s035Ew
704332,s036
704357,tlk1#J
704382,s036Ew
704397,s037
704437,hat2S
704494,s037Ew
704509,s038
704534,s039
704562,s038Rw
704577,s039Ew
704614,s040
704638,who0
704655,who0
704824,kidl0
704896,tlk0S
704909,tlk0
704927,s042
704947,whi1
704964,whi1
704982,s042Ew
705014,s041
705039,tlk1+
705075,s041Ew
705090,s043
705122,tlk1#'
705148,s043Ew
705163,s044
705204,s044Ew
705219,s045
705281,s045Ew
705296,s046
705327,hat1S
705340,hat1
705375,s046Ew
705390,s052
705467,s052Ew
705482,s047
705546,s047
705569,s055
705597,s055
705617,s048
705659,fdo1
705676,fdo1
705694,s048Rw
705709,s055N
705744,qstc
705761,fdi2
705781,fdo1
705798,fdo1F
706034,s043
706054,fdi1
706080,utl0R
706095,s043E
706110,s044
706125,utl0
706164,utl1
706180,utl0J
706214,s044E
706229,s045
706246,ngt0+
706307,ngt0#J
706332,s045E
706347,s046
706385,hat0+
706414,hat0R
706429,s046E
706444,s047
706461,ngt1+
706498,hat1+
706519,ngt1R
706534,s047E
706549,s048
706572,tlk0+
706600,tlk0f
706615,tlk1S
706628,tlk0#R
706644,s048E
706659,s049
706676,pnt0+
706697,pnt0+
706720,pnt1R
706735,s049E
706750,s050
706765,pnt1+
706788,tla0+
706817,tla0R
706832,s050E
706847,s051
706864,tla1'
706899,tla1R
706941,s052
706964,hat0+
706988,hat0R
707003,s052E
707018,s053
707038,fdo1
707055,fdo1
707156,fdi2
707176,fdo1
707193,fdo1F
707309,s000
707336,fdi1
707409,s000E
707424,s001
707484,s001E
707499,s002
707618,s002E
707665,s003
707711,s003E
707769,s003E
707816,s004
707833,sef0
707856,ann0S.
707869,ann0
707887,s004E
707902,s005
707919,kils
707936,fla0
707953,fla0
707971,ann1Y
708010,ann1
708028,s005
708063,s006
708128,sef0
708187,s006E
708202,s007
708219,kils
708236,fla0
708253,fla0N
708323,s007E
708338,s008
708355,nok0
708414,nok1
708440,nok1R
708455,s008
708478,s009
708506,s009
708534,s011
708562,s011
708590,s009
708610,s010
708666,s009R
708681,s010R
708696,s011
708719,s012
708747,s012
708775,s014
708803,s014
708831,s012
708851,s013
708940,fdo1
708957,fdo1R
708972,s012R
708987,s013R
709002,s014N
709105,fdi2
709135,fdo1
709152,fdo1F
709422,s034
709442,fdi1
709492,s016
709512,fdi1
709608,s016E
709623,s017
709663,s017E
709678,s018
709765,s018E
709780,s019
709825,s019E
709840,s020
709887,s020
709910,s021
709938,s021
709966,s023
709994,s023
710022,s021
710042,s022
710069,s021R
710084,s022R
710099,s023
710122,s025
710150,s025
710170,s024
710219,s020
710242,s021
710270,s021
710298,s023
710326,s023
710354,s021
710374,s022
710406,s021R
710421,s022R
710436,s023
710459,s025
710487,s025
710507,s024
710556,s020
710579,s021
710607,s021
710635,s023
710663,s023
710691,s021
710711,s022
710749,s021R
710764,s022R
710779,s023
710802,s025
710830,s025
710850,s024
710898,s024R
710913,s025E
710928,s026
710982,s026E
710997,s027
711058,s027E
711073,s028
711156,s028N
711213,s029
711219,kidl0
711239,pos0
711261,kidl0
711311,pos0
711345,s029E
711400,s030
711428,s030
711456,s032
711484,s032
711512,s030
711532,s031
711541,kidl0
711603,s030R
711618,s031R
711633,s032E
711648,s033
711694,s033E
711709,s034
711762,s034
711785,s030
711813,s030
711841,s032
711869,s032
711897,s030
711917,s031
711949,s030R
711964,s031R
711979,s032
712005,s034
712028,s030
712056,s030
712084,s032
712112,s032
712140,s030
712160,s031
712192,s030R
712207,s031R
712222,s032E
712237,s035
712284,s036
712312,s036E
712327,s037
712367,s037E
712414,s038
712473,s038E
712488,s039
712558,s039E
712573,s040
712608,s040E
712623,s041
712710,s042
712730,don0
712758,s042E
712773,s043
712793,don0
712821,s043E
712836,s044
712856,pii0
712884,s044E
712899,s045
712916,col0
712933,col0'
712969,s045E
712984,s046
713068,s047
713169,nok0
713193,nok0'
713230,s047E
713245,s048
713273,s048E
713288,s049
713305,nok1S
713318,nok1
713385,s049
713408,s054
713436,s054
713456,s050
713503,pos0
713521,s050R
713556,s051
713616,s052
713684,mod0+
713705,mod0R
713720,s052
713743,s053
713771,s053
713799,s056
713827,s056
713855,s053
713875,s055
713895,orz0
713913,uwa0
713935,orz0
713954,s053R
713969,s055R
713984,s056E
713999,s057
714035,fdo1
714052,fdo1R
714067,s035R
714082,s057N
714185,fdi2
714215,fdo1
714232,fdo1F
714453,uke0kidl0
714539,s061
714559,fdi1
714582,s019
714609,fdi1
714653,s019E
714668,s020
714720,ukel
714753,uke0
714791,s021
714827,s021
714850,s058
714878,s058
714906,s060
714934,s060
714962,s058
714982,s059
715010,kidl0
715044,s058R
715059,s059R
715074,s060E
715089,s061
715181,s062
715221,s062
715282,s066
715346,s067
715398,s067
715459,s068
715511,s068
715536,s067
715588,s067
715649,s068
715723,s069
715763,s069
715824,s070
715888,s071
715940,kuro
715977,s072
716004,s002
716064,kuroR
716099,s073
716116,col0
716133,col0n
716226,s071E
716241,s073
716259,QNjJ
716316,s073
716385,s075
716413,s075
716433,s074
716512,s074R
716527,s075
716588,s076
716638,s077
716678,s077
716739,s078
716789,s079
716862,s079E
716909,s080
716959,s081
717051,s081E
717098,s082
717156,s082
717230,s083
717301,s084
717318,nok0+
717360,s085
717387,denq
717434,s085E
717449,fla0
717466,fla0E
717534,s086
717562,s086E
717616,s087
717644,s087E
717698,s088
717743,s088
717793,s089
717838,s089
717888,s090
717938,s091
717996,s093
718024,s093
718044,s092
718097,s093
718125,s093
718145,s092
718173,s092R
718188,s093E
718203,s094
718263,s094
718360,s084
718408,s096
718456,s096E
718471,s095
718488,pas0+
718520,pas0R
718535,s095E
718550,s097
718618,fdo1
718635,fdo1R
718650,s084R
718665,s097N
718776,qstc
718793,fdi2
718820,s063
718848,s063
718876,s065
718904,s065
718932,s063
718952,s064
718970,s063R
718985,s064R
719000,s065
719022,fdo1
719039,fdo1F
719186,s084
719206,fdi1
719249,s084E
719264,s085
719281,ure0+
719302,ure0N
719354,s085E
719369,s086
719443,s086E
719458,s088
719491,s088E
719506,s087
719568,s089
719591,out0
719611,aww0
719629,in00
719675,s089
719698,s090
719726,s090
719754,s092
719782,s092
719810,s090
719830,s091
719863,ikil
719880,okil
719897,loop
719917,lkil
719944,s090R
719959,s091R
719994,s093
720028,s093E
720043,s094
720092,s094E
720107,s095
720189,fdo1
720206,fdo1R
720221,s095
720250,qstc
720267,fdi2
720287,fdo1
720304,fdo1F
720389,s051
720409,fdi1
720434,s051
720457,s052
720485,s052
720513,s054
720541,s054
720569,s052
720589,s053
720616,s052R
720631,s053R
720646,s054E
720661,s055
720678,aww0+
720702,aww0'
720724,s055E
720771,s056
720791,fdo1
720808,fdo1R
720823,s056
720944,openS
721010,s057
721037,fdi1
721076,s058
721104,s058
721127,s059
721155,s059
721183,s061
721211,s061
721239,s059
721259,s060
721291,s059R
721306,s060R
721321,s061E
721336,s062
721396,s062
721419,s063
721447,s063
721475,s065
721503,s065
721531,s063
721551,s064
721571,yes0S
721584,yes0'
721606,s063R
721621,s064R
721636,s065E
721651,s066
721695,pas0S
721708,pas0
721758,s066E
721773,s067
721790,tlk0+
721819,tlk0R
721834,s067
721857,s097
721885,s097
721905,s068
721922,s068
721950,fdo1
721967,fdo1R
721982,s068R
722049,qstc
722066,fdi2
722091,fdo1
722108,fdo1F
722175,s012
722202,fdi1
722264,s012E
722279,s046
722324,s046
722347,s048
722375,s048
722395,s047
722443,s047R
722458,s048E
722473,s049
722508,s049E
722523,s051
722570,fdo1
722587,fdo1R
722602,s051E
722755,openS
722821,s039
722848,fdi1
722887,s039E
722902,s026
722922,yes0+
722945,s026E
722960,s027
723020,f000
723038,s027E
723053,s040
723090,f001R
723105,s040E
723152,s041
723214,s041
723237,s042
723265,s042
723293,s044
723321,s044
723349,s042
723369,s043
723418,kidl0
723446,s042R
723461,s043R
723476,s044E
723491,s045
723537,s045E
723552,s050
723584,fdo1
723601,fdo1R
723672,fdi2
723889,s000
723910,main
723940,stp0
724126,tlk0
724145,tlk1
724197,tlk0
724248,tlk1
724310,pas0
724327,pas0
724368,har0
724385,har0
724427,tlk0
724446,tlk1
724480,tlk0
724511,tlk1
725064,tlk0
725078,tlk0
725094,tlk1
725108,tlk1
725124,pas0
725138,pas0
725154,tlb0
725168,tlb0
725184,tlb1
725198,tlb1
725214,thk0
725228,thk0
725244,thk1
725258,thk1
725274,thk2
725288,thk2
725304,wav0
725318,wav0
725334,dis0
725348,dis0
725364,kas0
725378,kas0
725394,at00
725408,at00
725424,btl0
725438,btl0
725454,utl0
725468,utl0
725484,utl1
725498,utl1
725514,ntl0
725528,ntl0
725544,ntl1
725558,ntl1
725574,ngt0
725588,ngt0
725604,ngt1
725618,ngt1
725634,aig0
725648,aig0
725664,aig1
725678,aig1
725694,aig0S
725707,aig0f
725722,aig1S
725735,aig1
725751,unz0
725765,unz0
725781,dk00
725795,dk00
725811,dk01
725825,dk01
725841,dku0
725855,dku0
725951,aig0
725980,aig0
725995,main
726047,aig1S
726060,aig1
726103,ntl0J
726125,ntl0
726170,utl0
726330,utl0S
726343,utl0
726360,utl0
726376,utl0
726393,utl1.
726409,utl1
726438,cry0.
726454,cry0
726477,cry10
726493,cry1
726510,scr02
726526,scr0
726543,scr13
726559,scr1
726576,kidl0
726838,pas0
726860,pas0#
726965,tlk0
726989,tlk0#_
727006,tlk1
727029,tlk1#_
727046,thk1
727065,thk1#_
727082,thk2
727098,thk2_
727114,pas0
727137,pas0#_
727154,tlk0
727173,tlk0#_
727190,tlk2
727213,tlk2#_
727230,tla1
727265,qstc
727634,tlk0
727650,tlk0
727667,tlk1
727683,tlk1
727700,thk1
727716,thk1
727733,thk2
727749,thk2
727766,tlb0
727782,tlb0
727799,tlb1
727815,tlb1
727832,std0
727848,std0
727865,std1
727881,std1
727898,tlc0
727914,tlc0
727931,tlc1
727947,tlc1
727964,oro0
727980,oro0
727997,oro1
728013,oro1
728030,dis0
728046,dis0
728294,Margret
728357,Estelle
728390,tlk0
728406,tlk0
728423,tlk1
728439,tlk1
728456,aig0
728472,aig0
728489,aig1
728505,aig1
728522,ntl0
728538,ntl0
728555,ntl1
728571,ntl1
728642,hap1
728657,m001
728710,poik
728770,gat2
728785,mei2
728846,yut1
728861,pie1
729003,Balamor
729061,nis0
729077,nis0
729094,nis1
729110,nis1
729127,tlk0
729143,tlk0
729160,tlk1
729176,tlk1
729193,thk0
729209,thk0
729226,thk1
729242,thk1
729259,yar0
729275,yar0
729292,hak0
729308,hak0
729325,hak1
729341,hak1
729357,sak0S
729370,sak0
729442,corpS
729455,corp
729469,kidl0
729541,sad0S
729554,sad0
729571,sad1
729587,sad1
729592,kidl0
729824,tlk0
729840,tlk0
729874,tlk1
729890,tlk1
729924,tlk0
729940,tlk0
729974,tlk1
729990,tlk1
732600,fdi0
732617,fdi0
732633,fdo0
732650,fdo0
732666,fdi1
732683,fdi1
732699,fdo1
732716,fdo1
732732,whi1
732749,whi1
732765,who1
732782,who1
732798,who2
732815,who2
732831,who3
732848,who3
732864,main
732884,fdo1
732901,fdo1
732917,fdi1
732934,main
732954,fdi1
732970,blon
732987,blon
733005,whi0
733022,whi0
733038,who0
733055,who0
733071,efon
733088,efon
733104,fdis
733122,fdos
733139,fdos
733155,fdif
733173,fdof
733190,fdof
733206,fdip
733224,fdop
733241,fdop
733258,fdo1
733275,fdo1F
733400,s000
733417,fdi1
733437,s000E
733452,s001
733469,tlk0+
733503,tlk1f
733518,thk1+
733586,s001E
733601,s002
733621,tlb0+
733647,tlb1E
733662,fdo1
733679,fdo1H
733783,s002E
733798,s003
733815,fdi1
733853,s003E
733868,s004
733885,tlk0+
733911,tlk1R
733926,s004E
733941,s005
733958,tla0+
733984,tla1f
733999,tlk0+
734025,tlk1J
734049,s005
734072,sg06
734100,st06
734128,st06
734156,sg06
734176,s006
734204,thk0+
734230,thk1
734248,s006R
734263,sg06R
734278,st06E
734293,s007
734313,bik0+
734339,bik1R
734354,s007E
734369,s008
734404,tla0+
734430,tla1f
734445,tlk0+
734471,tlk1J
734495,s008
734518,sg09
734546,st09
734574,st09
734602,sg09
734622,s009
734650,tlk0+
734707,s009R
734722,sg09R
734737,st09E
734752,s010
734769,thk0+
734795,tla0+
734821,tla1R
734836,s010
734859,sg11
734887,st11
734915,st11
734943,sg11
734963,s011
734995,bik0+
735021,bik1
735048,s011R
735063,sg11R
735078,st11E
735093,s012
735116,tla0+
735142,tla1f
735157,tlk0+
735183,tlk1J
735212,s012
735235,sg13
735263,st13
735291,st13
735319,sg13
735339,s013
735362,koh0+
735388,thk0+
735425,s009R
735440,sg09R
735455,st09E
735470,s010
735487,thk0+
735521,thk1R
735536,s009
735559,sg13
735587,st13
735615,st13
735643,sg13
735663,s013
735688,tlk0+
735725,s009R
735740,sg09R
735755,st09E
735770,s010
735787,thk0+
735813,thk1+
735839,s009
735862,sg13
735890,st13
735918,st13
735946,sg13
735966,s013
735983,tla0+
736009,tlk0+
736038,fdo1
736055,fdo1H
736204,kidl0
736243,chi1'
736268,s013R
736283,sg13R
736298,st13E
736313,s014
736330,efon
736347,efon+
736373,s014E
736388,s015
736418,tlk0+
736444,tlk1+
736470,tkt0+
736502,s015E
736517,s016
736537,s016E
736552,s017
736578,str0
736595,s004
736674,fa00
736689,kil4
736706,kill
736723,s017E
736738,s018
736784,fk01+
736831,tlb0+
736857,std1R
736872,s018E
736887,s019
736904,fk01+
736945,thk0+
736971,fdo1
736988,fdo1H
737019,f000
737029,kidl0
737115,s019
737138,sg20
737166,st20
737194,st20
737222,sg20
737242,s020
737259,fdi1
737276,tla0+
737302,tlk0+
737336,s020R
737351,sg20R
737366,st20E
737381,s021
737398,non0+
737424,s021E
737439,sa21
737456,tla0+
737482,sa21E
737497,sb21
737514,tla0+
737540,koh0
737558,sb21E
737573,s022
737601,s022
737624,sg23
737652,st23
737680,st23
737708,sg23
737728,s023
737745,tlk0+
737771,tlk1R
737786,s023R
737801,sg23R
737816,st23E
737831,s024
737856,tha0+
737882,s024
737905,sg25
737933,st25
737961,st25
737989,sg25
738009,s025
738051,s025R
738066,sg25R
738081,st25E
738096,s026
738124,s026E
738139,s027
738156,tlk1+
738179,tlk0+
738232,thk1
738250,fdo1
738267,fdo1R
738282,s027'
738323,fdi2
738343,fdo1
738360,fdo1F
738544,sg00
738572,st00
738600,st00
738628,sg00
738648,s000
738665,fdi1
738695,tlk0+
738734,tlk1R
738749,s000R
738764,st00R
738779,sg00E
738794,s001
738822,s001E
738837,s002
738854,tla0+
738880,tla1
738903,s002E
738918,s003
738935,thk0+
738961,thk1
738979,non0+
739015,s003
739038,sg04
739066,st04
739094,st04
739122,sg04
739142,s004
739159,tlk0+
739185,tla0+
739216,s004R
739231,st04R
739246,sg04E
739261,s005
739278,tlk0+
739312,tlk1R
739327,s005E
739342,s006
739389,fdo1
739406,fdo1R
739421,s006'
739462,fdi2
739482,fdo1
739499,fdo1F
739683,sg10
739711,st10
739739,st10
739767,sg10
739787,s010
739804,fdi1
739821,tlk0+
739847,tlk1'
739877,s010R
739892,st10R
739907,sg10E
739922,s011
739939,thk0+
739965,thk1R
739980,s011E
739995,s012
740032,s012E
740047,s013
740070,tla0+
740096,tla1J
740137,bik0+
740163,bik1
740190,s013E
740205,s023
740245,tlk0+
740271,tlk1n
740301,s023E
740316,s014
740333,non0+
740359,tlk0+
740385,tlk1R
740400,s014E
740415,s015
740454,s015E
740469,s016
740492,tla0+
740518,tla1J
740559,tla0+
740585,tla1
740612,s016
740635,sg17
740663,st17
740691,st17
740719,sg17
740739,s017
740779,tlk0+
740805,tlk1n
740843,sg17E
740858,sg18
740886,st17E
740901,st18
740929,st17E
740944,st18
740972,sg17E
740987,sg18
741007,s017E
741022,s018
741044,thk0+
741078,thk1
741096,tlk0+
741142,s018E
741157,s019
741174,yes0+
741211,s019E
741226,s020
741243,tlk0+
741290,koh0S
741352,s020E
741367,s021
741390,tla0+
741416,tla1Y
741472,s021E
741487,s022
741507,fdo1
741524,fdo1R
741539,s022'
741603,fdi2
741620,qstc
741640,fdo1
741657,fdo1F
741766,std0J
741849,sg00
741877,st00
741905,st00
741933,sg00
741953,s000
741970,fdi1
741990,tlb0+
742016,tlb1
742034,thk1
742081,sg00
742107,st00
742133,st00
742159,sg00
742177,s000E
742192,s001
742215,sor2+
742241,s001E
742256,s002
742273,s001
742325,s002E
742340,s003
742357,tlk1
742401,bik0
742419,bik1
742437,s003E
742452,s004
742506,s004
742529,sg05
742557,st05
742585,st05
742613,sg05
742633,s005
742680,koh0
742732,sg05
742758,st05
742784,st05
742810,sg05
742828,s005E
742843,s006
742860,tla0+
742886,tla1E
742901,fdo1
742918,fdo1H
743018,kesu
743098,kidl0
743147,s006E
743162,s007
743179,efon
743196,efon+
743222,s007E
743237,s008
743282,tlk0+
743308,tlk1
743323,stat
743340,mgk0+
743366,s008E
743381,s009
743398,tlb0+
743424,tlb1
743439,stop
743456,s009E
743471,s010
743497,hit0
743514,awa0J
743541,s010E
743556,s011
743573,bik0+
743599,s011E
743614,s012
743640,str0
743657,s004
743721,kil4
743738,kill
743755,s012E
743770,s013
743787,stat
743804,awa0+
743825,awa0
743840,stop
743857,s013E
743872,s014
743913,f000
743937,no00+
743963,tlk0+
744009,s014E
744024,s015
744102,utu0+
744134,tlb0+
744160,std1R
744175,s015E
744190,s016
744207,fk01+
744248,thk0+
744274,fdo1
744291,fdo1H
744309,f000
744319,kidl0
744413,s016
744436,sg17
744464,st17
744492,st17
744520,sg17
744540,s017
744557,fdi1
744574,tlk0+
744636,sg17
744662,st17
744688,st17
744714,sg17
744732,s017E
744747,s018
744764,tla0+
744798,tla1E
744813,fdo1
744830,fdo1R
744845,s018
744872,fdi2
744892,fdo1
744909,fdo1F
745134,s000
745151,fdi1
745199,s000E
745214,s001
745280,s001
745303,sg02
745331,st02
745359,st02
745387,sg02
745407,s002
745504,sg02
745530,sg02
745556,sg02
745582,sg02
745600,s002E
745615,s003
745669,ecl0
745686,sef0
745744,kils
745761,eclr
745797,sg02
745823,sg02
745849,sg02
745875,sg02
745893,s002E
745908,s004
745925,ecl0
745942,sef0
745993,ann0S.
746006,ann0
746024,kils
746041,eclr
746058,s004E
746073,s025
746098,ann1
746117,ann1R
746132,s025E
746147,s002
746191,sg02
746217,sg02
746243,sg02
746269,sg02
746287,s002E
746302,s005
746319,ecl0
746336,sef0
746387,ann0S-
746400,ann0
746418,kils
746435,eclr
746452,s005E
746467,s025
746492,ann1
746511,ann1
746526,kils
746543,s025E
746558,s002
746602,sg02
746628,sg02
746654,sg02
746680,sg02
746698,s002E
746713,s006
746730,ecl0
746747,sef0
746783,sag0
746816,kils
746833,eclr
746850,s006E
746865,s025
746890,sag1S
746903,sag1
746924,s025E
746939,s002
747001,s003E
747016,s007
747046,s007E
747061,s008
747111,tlk0
747159,s008
747182,st09
747210,st09
747230,s009
747256,main
747290,sha1S
747303,sha1+
747347,st09E
747362,st10
747390,st09E
747405,st10
747425,s009E
747440,s010
747525,st10
747551,st10
747569,s010R
747584,s010E
747599,s011
747638,st10
747664,st10
747682,s010E
747697,s011
747742,s011
747765,sg12
747793,st12
747821,st12
747849,sg12
747869,s012
747906,sas0+
747940,sas1
747980,sg12
748006,st12
748032,st12
748058,sg12
748076,s012E
748091,s013
748108,pyn0f
748123,tlk0+
748164,tlk1
748182,s013E
748197,s014
748225,s014
748248,sg15
748276,st15
748304,st15
748332,sg15
748352,s015
748369,tlk0+
748411,tlk1
748437,sg15
748463,st15
748489,st15
748515,sg15
748533,s015E
748548,s016
748563,std0+
748589,s016E
748604,s017
748621,tlk0+
748655,tlk1
748682,s017
748705,st18
748733,st18
748753,s018
748778,pos0+
748804,tlk1
748830,st18
748856,st18
748874,s018E
748889,s019
748936,tlk0+
748962,tlk1
748980,s019E
748995,s020
749024,thk0+
749085,s020
749108,sg21
749136,st21
749164,st21
749192,sg21
749212,s021
749240,tlk0+
749282,tlk1
749308,st21E
749323,st22
749351,st21E
749366,st22
749386,s021E
749401,s022
749429,nok0+
749470,nok1
749507,shal
749530,st22
749556,st22
749574,s022E
749589,s023
749660,s023E
749675,s024
749703,fdo1
749720,fdo1R
749735,s024'
749769,fdi2
749789,fdo1
749806,fdo1F
749904,sg00
749932,sg00
749960,st00
749988,st00
750016,sg00
750036,s000
750053,fdi1
750104,sg00
750130,sg00
750156,st00
750182,st00
750208,sg00
750241,s001
750271,tlk0+
750305,tlk2y
750345,s002
750362,btl0
750398,tlk0+
750454,s003
750474,thk1+
750500,thk2
750518,tlk0+
750587,s003
750610,sg04
750638,sg04
750666,st04
750694,st04
750722,sg04
750742,s004
750767,thk1
750798,thk2
750816,tlb1+
750881,sg04
750907,sg04
750933,st04
750959,st04
750985,sg04
751018,s005
751035,pas0+
751080,sg04
751106,sg04
751132,st04
751158,st04
751184,sg04
751217,s005
751234,pas0+
751278,s006
751295,aww0+
751329,dis0+
751370,s007
751398,s007
751421,sg08
751449,sg08
751477,st08
751505,st08
751533,sg08
751553,s008
751570,tlk0
751620,tlk2
751684,sg09
751727,sg09
751770,st09
751813,st09
751856,sg09
751891,s009
751908,tlc0
751939,tlc1
752003,sg08
752046,sg08
752089,st08
752132,st08
752175,sg08
752210,s008
752265,sg08
752291,sg08
752317,st08
752343,st08
752369,sg08
752402,s010
752419,tlk0
752458,tlk2E
752473,fdo1
752505,s010
752532,fdi2
752552,fdo1
752569,fdo1F
752667,sg11
752695,sg11
752723,st11
752751,st11
752779,sg11
752799,s011
752816,fdi1
752836,tlk0+
752862,tlk2
752897,sg11
752923,sg11
752949,st11
752975,st11
753001,sg11
753034,s012
753098,poi0
753147,s013
753187,mgk0
753210,kru0
753261,s014
753275,kidl0
753294,kidl0
753320,st01
753340,kila
753357,uep0
753391,main
753420,main
753449,main
753488,s015
753505,ure0+
753516,kidl0
753534,ure0#fW
753550,sha0
753568,s015
753591,sg16
753619,sg16
753639,s016
753659,sha1S
753672,sha1
753714,tlk0
753745,tlk2
753801,sg17
753844,sg17
753887,st17
753930,st17
753973,sg17
754008,s017
754025,thk1+
754051,thk2+
754128,sg17
754154,sg17
754180,st17
754206,st17
754232,sg17
754265,s018
754282,tlk0+
754316,tlk2J
754350,s018
754373,sg19
754401,sg19
754429,st19
754457,st19
754485,sg19
754505,s019
754537,tlk0+
754563,tlk1
754613,sg17
754639,sg17
754665,st17
754691,st17
754717,sg17
754750,s020
754767,dis0+
754812,sg17
754838,sg17
754864,st17
754890,st17
754916,sg17
754949,s020
754966,dis0+
755035,sg17
755061,sg17
755087,st17
755113,st17
755139,sg17
755172,s020
755203,dis0+
755240,fdo1
755257,fdo1
755280,sg19
755306,sg19
755332,st19
755358,st19
755384,sg19
755417,s020
755444,fdi2
755480,fdo1
755497,fdo1F
755825,sg30
755853,sg30
755873,s030
755890,fdi1
756027,sg30
756053,sg30
756071,s030E
756086,s031
756127,calg
756145,s031E
756160,s032
756178,ls05R
756193,s032E
756208,s033
756254,nok0
756279,boff
756296,boffR
756311,s033E
756326,s034
756466,s034E
756481,s035
756513,nok1
756538,nok1J
756562,s035
756585,sg36
756613,st36
756641,st36
756669,sg36
756689,s036
756760,sg36
756786,st36
756812,st36
756838,sg36
756856,s036E
756871,s037
756923,tlk0
756967,tlk1'
757006,s037E
757021,s038
757062,tlk0+
757111,tlk0+
757137,tlk1
757220,sg30
757246,sg30
757264,s030E
757279,s040
757313,hit0
757342,ika0
757373,std0
757403,s040E
757418,s064
757459,fdo1
757476,fdo1R
757491,s064E
757506,s041
757548,fdi1
757575,s041E
757590,s042
757655,tlk0
757673,tlk1
757691,tlk0
757729,tlk1
757747,s041E
757762,s065
757779,tlk0
757797,tlk1
757815,tla0
757853,tla1
757868,stat
757885,mgk0
757912,s045E
757927,s043
757962,tlk0
758049,std0'
758074,stop
758091,fdo1
758108,fdo1R
758123,s043
758146,sg44
758174,st44
758202,st44
758230,sg44
758250,s044
758342,fdi1
758410,tlk0N
758447,tlk1'
758477,sg44
758503,st44
758529,st44
758555,sg44
758573,s044E
758588,s045
758647,s045E
758662,s046
758679,tlk0+
758713,tlk1R
758728,s046E
758743,s047
758775,tlk0+
758801,tlk1R
758816,s047E
758831,s048
758848,ntl0+
758882,ntl1R
758897,s048E
758912,s049
758929,mgk0+
758953,std0E
758968,boff
758985,boffR
759000,s049E
759015,s050
759035,uep0
759053,main
759082,std0
759134,s050E
759149,s051
759176,fdo1
759277,yug1R
759292,s051E
759307,s052
759324,fdi1
759369,bou1
759384,s000
759401,str0
759421,kill
759441,s052E
759456,s053
759492,str0
759512,kill
759578,s053
759601,sg54
759629,st54
759657,st54
759685,sg54
759705,s054
759753,sg54E
759768,sg55
759796,st54E
759811,st55
759839,st54E
759854,st55
759882,st54E
759897,sg55
759917,s054E
759932,s055
759992,sg55
760018,st55
760044,st55
760070,st55
760088,s055E
760103,s056
760131,s056E
760146,s057
760163,hat0+
760189,s057E
760204,s058
760223,kidl0
760243,uep1+
760285,hat1R
760300,s058
760323,sg59
760351,st59
760379,st59
760407,sg59
760427,s059
760484,sg59
760510,st59
760536,st59
760562,st59
760580,s059E
760595,s060
760615,han0S
760628,han0J.
760669,s060E
760684,s066
760701,ecl0
760718,sef0
760769,ann0S.
760782,ann0
760797,stat
760814,mgk0
760830,std0
760845,kils
760862,eclr
760879,s066E
760894,s061
760929,s061E
760944,s062
760961,hat0+
760987,stop
760999,kidl0.
761019,s062E
761034,s063
761051,utl0+
761077,utl0J
761122,fdo1
761139,fdo1R
761154,s038R
761169,s063
761232,fdi2
761252,fdo1
761269,fdo1F
761465,sg20
761493,sg20
761521,st20
761549,st20
761577,sg20
761597,s020
761614,fdi1
761644,tla0+
761698,sg20
761724,sg20
761750,st20
761776,st20
761802,sg20
761820,s020E
761835,s021
761873,s021E
761888,s022
761920,thk0+
761946,thk1R
761961,s022E
761976,s023
762013,s023E
762028,s024
762051,tla0+
762092,tla1+
762118,non0+
762144,s024E
762159,s025
762216,tlk0+
762250,tlk1R
762265,s025
762288,st26
762316,st26
762336,s026
762366,tla0+
762400,tla1n
762443,s026E
762458,sg27
762486,s026E
762501,sg27
762529,st26E
762544,st27
762572,st26E
762587,st27
762615,s026E
762630,sg27
762650,s026E
762665,s027
762682,thk0+
762716,thk1
762739,sg27
762765,sg27
762791,st27
762817,st27
762843,sg27
762861,s027E
762876,s028
762893,tla0+
762927,tla1E
762942,fdo1
762959,fdo1R
762974,s028
763001,fdi2
763021,fdo1
763038,fdo1F
763219,sg30
763247,sg30
763275,st30
763303,st30
763331,sg30
763351,s030
763368,fdi1
763403,bik0+
763429,bik1
763455,sg30
763481,sg30
763507,st30
763533,st30
763559,sg30
763577,s030E
763592,s031
763630,s031
763653,sg32
763681,sg32
763709,st32
763737,st32
763765,sg32
763785,s032
763802,tlk0+
763828,tlk1
763846,tla0+
763872,tla1'
763905,sg32E
763920,sg33
763948,sg32E
763963,sg33
763991,st32E
764006,st33
764034,st32E
764049,st33
764077,sg32E
764092,sg33
764112,s032E
764127,s033
764144,tlk0+
764170,tlk1'
764208,sg33E
764223,sg34
764251,sg33E
764266,sg34
764294,st33E
764309,st34
764337,st33E
764352,st34
764380,sg33E
764395,sg34
764415,s033E
764430,s034
764447,thk0+
764481,thk1n
764519,sg34
764545,sg34
764571,st34
764597,st34
764623,sg34
764641,s034E
764656,s035
764684,tlk0+
764731,koh0S
764793,s035E
764808,s036
764831,tla0+
764857,tla1Y
764914,s036E
764929,s037
764961,fdo1
764978,fdo1R
764993,s037Y
765043,fdi2
765060,qstc
765080,fdo1
765097,fdo1F
765206,std0J
765294,sg00
765322,sg00
765350,st00
765378,st00
765406,sg00
765426,s000
765443,fdi1
765463,tlb0+
765489,tlb1
765507,thk1
765554,sg00
765580,sg00
765606,st00
765632,st00
765658,sg00
765676,s000E
765691,s001
765714,sor2+
765740,s001
765777,s001E
765792,s002
765824,s002E
765839,s003
765856,tlk1
765900,bik0
765918,bik1
765936,s003E
765951,s004
766005,s004
766028,sg05
766056,sg05
766084,st05
766112,st05
766140,sg05
766160,s005
766207,koh0
766259,sg05
766285,st05
766311,st05
766337,sg05
766355,s005E
766370,s006
766387,tla0+
766413,fdo1
766430,fdo1H
766566,kidl0
766575,kidl0
766624,s006E
766639,s007
766656,efon
766673,efon+
766705,tlk0+
766731,tlk1J
766758,s007E
766773,s008
766807,s008E
766822,s009
766839,tla0+
766894,tla1R
766909,s009E
766924,s010
766954,s010E
766969,s011
767038,s011E
767053,s012
767079,bik0+
767140,s012E
767155,s013
767179,fa01
767202,s013E
767217,s014
767243,str0
767260,s004
767277,ika0+
767303,s014E
767318,s015
767335,stat
767352,mgk0+
767393,f000
767417,tkt0'
767439,kil4
767456,kill
767485,stop
767528,s015E
767543,s016
767575,no00+
767647,utu0+
767698,s016E
767713,s017
767749,iki0#
767768,iki1
767786,thk0R
767801,s017E
767816,s018
767844,thk1+
767882,s018E
767897,s019
767920,tla0+
767946,tla1R
767961,s019E
767976,s020
768039,thk0+
768065,fdo1
768082,fdo1H
768100,f000
768110,kidl0
768218,s020
768241,sg21
768269,sg21
768297,st21
768325,st21
768353,sg21
768373,s021
768390,fdi1
768410,tlk0+
768464,sg21
768490,sg21
768516,st21
768542,st21
768568,sg21
768586,s021E
768601,s022
768618,tla0+
768652,fdo1
768669,fdo1R
768684,s022
768711,fdi2
768731,fdo1
768748,fdo1F
768985,sg30
769013,sg30
769041,st30
769069,st30
769097,sg30
769117,s030
769134,fdi1
769151,btl0
769179,bik0+
769213,tha0+
769239,kbts'
769269,sg30
769295,sg30
769321,st30
769347,st30
769373,sg30
769391,s030E
769406,s031
769423,tha1+
769446,sho0+
769482,s031E
769497,s032
769571,thk1+
769620,s032E
769635,s033
769663,thk0+
769689,thk1y
769714,s033
769737,sg34
769765,sg34
769793,st34
769821,st34
769849,sg34
769869,s034
769897,tlk0+
769931,fdo1
769948,fdo1
769971,sg34
769997,sg34
770023,st34
770049,st34
770075,sg34
770093,s034
770120,fdi2
770140,fdo1
770157,fdo1F
770317,sg50
770345,sg50
770373,st50
770401,st50
770429,sg50
770449,s050
770466,fdi1
770486,tlk0+
770520,ten0N
770615,sg50E
770630,sg51
770658,sg50E
770673,sg51
770701,st50E
770716,st51
770744,st50E
770759,st51
770787,sg50E
770802,sg51
770822,s050E
770837,s051
770897,sg51E
770912,sg52
770940,sg51E
770955,sg52
770983,st51E
770998,st52
771026,st51E
771041,st52
771069,sg51E
771084,sg52
771104,s051E
771119,s052
771209,sg52
771235,sg52
771261,st52
771287,st52
771313,sg52
771331,s052E
771346,s053
771394,s053E
771409,s054
771441,tlk0+
771467,ten0J
771500,tlk0+
771541,mgk0f
771556,tlk1+
771582,ten1R
771597,s054
771620,sg56
771648,sg56
771676,st56
771704,st56
771732,sg56
771752,s056
771758,kidl0
771852,s056E
771867,s057
771905,s057E
771920,s058
771970,fdo1
771987,fdo1R
772038,fdi2
772058,fdo1
772075,fdo1F
772271,sg40
772299,sg40
772327,st40
772355,st40
772383,sg40
772403,s040
772420,fdi1
772450,tlk0+
772476,tlk1
772517,sg40
772543,sg40
772569,st40
772595,st40
772621,sg40
772639,s040E
772654,s041
772671,tha0+
772697,tha1+
772734,bik0+
772760,bik1
772787,s041E
772802,s042
772825,tlk0+
772877,tla0+
772919,s042E
772934,sa42
772951,sho0
772969,sa42E
772984,s043
773015,iki0
773033,s043E
773048,s044
773065,boff
773093,heb1R
773108,s044E
773123,s045
773284,s045
773307,sg46
773335,sg46
773363,st46
773391,st46
773419,sg46
773439,s046
773465,std0J
773552,fdo1
773569,fdo1C
773624,std0J
773671,sg46E
773686,sg47
773714,sg46E
773729,sg47
773757,st46E
773772,st47
773800,st47E
773815,st47
773843,sg47E
773858,sg47
773878,s046E
773893,s047
773910,fdi1
773967,pas0+
774014,sg47
774040,sg47
774066,st47
774092,st47
774118,sg47
774136,s047E
774151,s048
774168,tlb0+
774202,tlb1E
774217,fdo1
774234,fdo1R
774249,s048Y
774299,fdi2
774316,qstc
775912,fdi0
775929,fdi0
775945,fdo0
775962,fdo0
775978,fdi1
775995,fdi1
776011,fdo1
776028,fdo1
776044,whi1
776061,whi1
776077,who1
776094,who1
776110,who2
776127,who2
776143,who3
776160,who3
776176,main
776196,fdo1
776213,fdo1
776229,fdi1
776246,main
776266,fdi1
776282,blon
776299,blon
776317,whi0
776334,whi0
776350,who0
776367,who0
776383,efon
776400,efon
776416,fdis
776434,fdos
776451,fdos
776467,fdif
776485,fdof
776502,fdof
776518,fdip
776536,fdop
776553,fdop
776570,fdo1
776587,fdo1F
776805,s000
776822,fdi1
776839,fdi1
776886,s000
776909,sg01
776937,sg01
776965,st01
776993,st01
777021,sg01
777041,s001
777090,koh0
777148,sg01E
777163,sg02
777191,sg01E
777206,sg02
777234,st01E
777249,st02
777277,st01E
777292,st02
777320,sg01E
777335,sg02
777355,s001E
777370,s002
777411,thk0+
777437,thk1y
777470,sg02
777496,sg02
777522,st02
777548,st02
777574,sg02
777592,s002
777610,s000
777633,sga2
777661,sga2
777689,sta2
777717,sta2
777745,sga2
777765,sa02
777822,sga2
777848,sga2
777874,sta2
777900,sta2
777926,sga2
777944,sa02
777967,sg03
777995,sg03
778023,st03
778051,st03
778079,sg03
778099,s003
778148,non0+
778193,sg03
778219,sg03
778245,st03
778271,st03
778297,sg03
778315,s003
778354,sg03E
778369,sg04
778397,sg03E
778412,sg04
778440,st03E
778455,st04
778483,st03E
778498,st04
778526,sg03E
778541,sg04
778561,s003E
778576,s004
778625,fdo1
778642,fdo1
778674,s000
778871,onon
778942,onon
778985,pyn0
779000,onon
779033,sg04
779059,sg04
779085,st04
779111,st04
779137,sg04
779155,s004E
779170,s999
779187,blon
779204,fdi1
779221,fdi1
779394,fdo1
779411,fdo1E
779426,blof
779446,klon
779452,kidl0
779540,klon
779587,klon
779655,s999
779681,fdo1
779698,fdo1
779730,s000
779884,onon
779955,onon
779998,pyn0
780013,onon
780046,sg04
780072,sg04
780098,st04
780124,st04
780150,sg04
780168,s004E
780183,s998
780200,blon
780217,fdi1
780234,fdi1
780353,fdo1
780370,fdo1E
780385,blof
780405,klon
780411,kidl0
780480,klon
780527,klon
780595,s998
780621,fdo1
780638,fdo1
780670,s000
780879,tma1S
780907,tar0S
780920,tar0
780990,sg04
781016,sg04
781042,st04
781068,st04
781094,sg04
781112,s004E
781127,s997
781144,blon
781161,fdi1
781178,fdi1
781196,tla0
781234,tla1
781260,fdo1
781277,fdo1E
781292,blof
781301,kidl0
781389,kidl0
781491,s997
781517,non0+
781562,sg04
781588,sg04
781614,st04
781640,st04
781666,sg04
781684,s004
781729,sg05
781757,sg05
781785,st05
781813,st05
781841,sg05
781861,s005
781878,fdi1
781895,fdi1
782008,bik0
782026,bik1y
782070,sg05
782096,sg05
782122,st05
782148,st05
782174,sg05
782192,s005
782245,bik0
782263,bik1y
782307,sg05
782333,sg05
782359,st05
782385,st05
782411,sg05
782429,s005
782474,bik0
782492,bik1y
782536,sg05
782562,sg05
782588,st05
782614,st05
782640,sg05
782658,s005
782749,bik0
782767,bik1y
782811,sg05
782837,sg05
782863,st05
782889,st05
782915,sg05
782933,s005
782962,sg05
782988,sg05
783014,st05
783040,st05
783066,sg05
783084,s005
783107,sg06
783135,sg06
783163,st06
783191,st06
783219,sg06
783239,s006
783288,non0+
783333,sg06
783359,sg06
783385,st06
783411,st06
783437,sg06
783455,s006
783494,sg06E
783509,sg07
783537,sg06E
783552,sg07
783580,st06E
783595,st07
783623,st06E
783638,st07
783666,sg06E
783681,sg07
783701,s006E
783716,s007
783765,fdo1
783782,fdo1H.
783808,s000
784074,sg07
784100,sg07
784126,st07
784152,st07
784178,sg07
784196,s007E
784211,s996
784228,blon
784245,fdi1
784262,fdi1
784280,poi1
784445,pyn0
784471,fdo1
784488,fdo1E
784503,blof
784512,kidl0
784617,s996
784643,fdo1
784660,fdo1H.
784686,s000
784952,sg07
784978,sg07
785004,st07
785030,st07
785056,sg07
785074,s007E
785089,s995
785106,blon
785123,fdi1
785140,fdi1
785200,zit0
785399,fdo1
785416,fdo1E
785431,blof
785440,kidl0
785545,s995
785571,fdo1
785588,fdo1H.
785614,s000
786009,sg07
786035,sg07
786061,st07
786087,st07
786113,sg07
786131,s007E
786146,s994
786163,blon
786180,fdi1
786197,fdi1
786215,poi1
786238,pas0fg
786253,pas0
786271,gkr0n
786309,pas0fj
786324,pas0
786377,pas0fl
786392,pas0
786437,tla0n
786476,maru
786491,onon
786508,onon
786525,onon
786568,fdo1
786585,fdo1E
786600,blof
786662,klon
786679,klon
786696,klon
786852,s994
786878,non0+
786923,sg07
786949,sg07
786975,st07
787001,st07
787027,sg07
787045,s007
787084,sg08
787112,sg08
787140,st08
787168,st08
787196,sg08
787216,s008
787233,fdi1
787250,fdi1
787373,bik0
787391,bik1y
787435,sg08
787461,sg08
787487,st08
787513,st08
787539,sg08
787557,s008
787607,bik0
787625,bik1y
787669,sg08
787695,sg08
787721,st08
787747,st08
787773,sg08
787791,s008
787866,bik0
787884,bik1y
787928,sg08
787954,sg08
787980,st08
788006,st08
788032,sg08
788050,s008
788095,bik0
788113,bik1y
788157,sg08
788183,sg08
788209,st08
788235,st08
788261,sg08
788279,s008
788308,sg08
788334,sg08
788360,st08
788386,st08
788412,sg08
788430,s008
788453,sg09
788481,sg09
788509,st09
788537,st09
788565,sg09
788585,s009
788629,non0+
788674,sg09
788700,sg09
788726,st09
788752,st09
788778,sg09
788796,s009
788835,sg09E
788850,sg10
788878,sg09E
788893,sg10
788921,st09E
788936,st10
788964,st09E
788979,st10
789007,sg09E
789022,sg10
789042,s009E
789057,s010
789106,fdo1
789123,fdo1H.
789149,s000
789512,sg10
789538,sg10
789564,st10
789590,st10
789616,sg10
789634,s010E
789649,s993
789666,blon
789683,fdi1
789700,fdi1
789718,tlk0
789736,hit0
789783,tlk1
789809,fdo1
789826,fdo1E
789841,blof
789990,s993
790016,fdo1
790033,fdo1H.
790059,s000
790414,sg10
790440,sg10
790466,st10
790492,st10
790518,sg10
790536,s010E
790551,s993
790568,blon
790585,fdi1
790602,fdi1
790635,hit0
790675,fdo1
790692,fdo1E
790707,blof
790843,s993
790869,fdo1
790886,fdo1H.
790912,s000
791262,thk0'
791300,sg10
791326,sg10
791352,st10
791378,st10
791404,sg10
791422,s010E
791437,s993
791454,blon
791471,fdi1
791488,fdi1
791506,thk1
791539,hit0
791594,fdo1
791611,fdo1E
791626,blof
791775,s993
791801,non0+
791846,sg10
791872,sg10
791898,st10
791924,st10
791950,sg10
791968,s010
792007,sg11
792035,sg11
792063,st11
792091,st11
792119,sg11
792139,s011
792156,fdi1
792173,fdi1
792283,bik0
792301,bik1y
792345,sg11
792371,sg11
792397,st11
792423,st11
792449,sg11
792467,s011
792525,bik0
792543,bik1y
792587,sg11
792613,sg11
792639,st11
792665,st11
792691,sg11
792709,s011
792776,bik0
792794,bik1y
792838,sg11
792864,sg11
792890,st11
792916,st11
792942,sg11
792960,s011
793008,bik0
793026,bik1y
793070,sg11
793096,sg11
793122,st11
793148,st11
793174,sg11
793192,s011
793221,sg11
793247,sg11
793273,st11
793299,st11
793325,sg11
793343,s011
793366,sg12
793394,sg12
793422,st12
793450,st12
793478,sg12
793498,s012
793542,non0+
793587,sg12
793613,sg12
793639,st12
793665,st12
793691,sg12
793709,s012
793748,sg12E
793763,sg13
793791,sg12E
793806,sg13
793834,st12E
793849,st13
793877,st12E
793892,st13
793920,sg12E
793935,sg13
793955,s012E
793970,s013
794014,fdo1
794031,fdo1H.
794057,s000
794417,sg13
794443,sg13
794469,st13
794495,st13
794521,sg13
794539,s013E
794554,s992
794571,blon
794588,fdi1
794605,fdi1
794628,main
794659,main
794690,main
794713,s992E
794728,s991
794748,tlk0
794774,m111
794802,m612
794830,m111
794853,tlk1
794879,onon
794914,onmy
794942,onon
794969,onon
794986,onon
795119,fdo1
795136,fdo1E
795151,blof
795186,klon
795214,klmy
795249,klon
795269,klon
795286,klon
795377,sg01
795433,sg01
795489,sg01
795534,s991
795560,fdo1
795577,fdo1H.
795603,s000
795920,sg13
795946,sg13
795972,st13
795998,st13
796024,sg13
796042,s013E
796057,s992
796074,blon
796091,fdi1
796108,fdi1
796131,main
796162,main
796193,main
796216,s992E
796231,s991
796251,tlk0
796277,m611
796305,m612
796333,m611
796356,tlk1
796382,onon
796409,onmy
796437,onmy
796468,onon
796495,onmy
796595,fdo1
796612,fdo1E
796627,blof
796662,klon
796679,klmy
796707,klmy
796742,klon
796759,klmy
796834,sg01
796890,sg01
796946,sg01
796991,s991
797017,fdo1
797034,fdo1H.
797060,s000
797386,sg13
797412,sg13
797438,st13
797464,st13
797490,sg13
797508,s013E
797523,s992
797540,blon
797557,fdi1
797574,fdi1
797597,main
797628,main
797659,main
797682,s992E
797697,s991
797717,tlk0
797743,m311
797771,m312
797799,m311
797822,tlk1
797848,onon
797883,onmy
797911,onon
797941,onon
798038,fdo1
798055,fdo1E
798070,blof
798105,klon
798133,klmy
798168,klon
798197,klon
798269,sg01
798325,sg01
798381,sg01
798426,s991
798452,non0+
798497,sg13
798523,sg13
798549,st13
798575,st13
798601,sg13
798619,s013
798658,sg14
798686,sg14
798714,st14
798742,st14
798770,sg14
798790,s014
798807,fdi1
798824,fdi1
798929,bik0
798947,bik1y
798991,sg14
799017,sg14
799043,st14
799069,st14
799095,sg14
799113,s014
799158,bik0
799176,bik1y
799220,sg14
799246,sg14
799272,st14
799298,st14
799324,sg14
799342,s014
799422,bik0
799440,bik1y
799484,sg14
799510,sg14
799536,st14
799562,st14
799588,sg14
799606,s014
799651,bik0
799669,bik1y
799713,sg14
799739,sg14
799765,st14
799791,st14
799817,sg14
799835,s014
799867,sg14
799893,sg14
799919,st14
799945,st14
799971,sg14
799989,s014
800012,sg15
800040,sg15
800068,st15
800096,st15
800124,sg15
800144,s015
800188,non0+
800233,sg15
800259,sg15
800285,st15
800311,st15
800337,sg15
800355,s015
800394,sg15E
800409,sg16
800437,sg15E
800452,sg16
800480,st15E
800495,st16
800523,st15E
800538,st16
800566,sg15E
800581,sg16
800601,s015E
800616,s016
800660,fdo1
800677,fdo1H.
800703,s000
800814,thk1
800829,onmy
800900,thk0
800915,onmy
800986,thk1
801001,onmy
801037,sg16
801063,sg16
801089,st16
801115,st16
801141,sg16
801159,s016E
801174,s990
801191,blon
801208,fdi1
801225,fdi1
801243,mgk0
801261,tlk1
801284,thk2
801299,klmy
801319,ygo0
801337,main
801368,klmy
801388,thk1
801406,main
801446,klmy
801466,main
801483,thk2
801501,wra0
801530,fdo1
801547,fdo1E
801562,blof
801571,kidl0
801669,dkidl0
801718,s990
801744,fdo1
801761,fdo1H.
801787,s000
801988,ude0
802076,sg16
802102,sg16
802128,st16
802154,st16
802180,sg16
802198,s016E
802213,s989
802230,blon
802247,fdi1
802264,fdi1
802282,tlk0
802320,tlk1
802346,thk1
802383,kak0
802412,fdo1
802429,fdo1E
802444,blof
802515,hkidl0
802556,Dhkidl0
802598,nhkidl0
802651,s989
802677,fdo1
802694,fdo1H.
802720,s000
802912,ude0
803000,sg16
803026,sg16
803052,st16
803078,st16
803104,sg16
803122,s016E
803137,s988
803154,blon
803171,fdi1
803188,fdi1
803206,tlk0
803244,tlk1
803270,thk1
803307,kak0
803336,fdo1
803353,fdo1E
803368,blof
803427,kkidl0
803469,kkidl0
803511,kkidl0
803563,s988
803589,non0+
803634,sg16
803660,sg16
803686,st16
803712,st16
803738,sg16
803756,s016
803795,sg17
803823,sg17
803851,st17
803879,st17
803907,sg17
803927,s017
803944,fdi1
803961,fdi1
804066,bik0
804084,bik1y
804128,sg17
804154,sg17
804180,st17
804206,st17
804232,sg17
804250,s017
804327,bik0
804345,bik1y
804389,sg17
804415,sg17
804441,st17
804467,st17
804493,sg17
804511,s017
804556,bik0
804574,bik1y
804618,sg17
804644,sg17
804670,st17
804696,st17
804722,sg17
804740,s017
804788,bik0
804806,bik1y
804850,sg17
804876,sg17
804902,st17
804928,st17
804954,sg17
804972,s017
805001,sg17
805027,sg17
805053,st17
805079,st17
805105,sg17
805123,s017
805146,sg18
805174,sg18
805202,st18
805230,st18
805258,sg18
805278,s018
805327,non0+
805372,sg18
805398,sg18
805424,st18
805450,st18
805476,sg18
805494,s018
805533,sg18E
805548,sg19
805576,sg18E
805591,sg19
805619,st18E
805634,st19
805662,st18E
805677,st19
805705,sg18E
805720,sg19
805740,s018E
805755,s019
805799,non0+
805844,sg19
805870,sg19
805896,st19
805922,st19
805948,sg19
805966,s019
805997,fdo1
806014,fdo1H.
806040,s000
806106,w3onS
806134,ryo0
806167,stat
806719,sg19
806745,sg19
806771,st19
806797,st19
806823,sg19
806841,s019E
806856,s987
806873,blon
806890,fdi1
806907,fdi1
806930,awa0
806976,awa0
807028,awa0
807126,cabk
807188,awa0
807340,fdo1
807357,fdo1E
807372,blof
807411,stop
807480,kidl0
807709,s987
807732,sg20
807760,sg20
807788,st20
807816,st20
807844,sg20
807864,s020
807881,fdi1
807898,fdi1+
807948,bik0
807966,bik1y
808010,sg20
808036,sg20
808062,st20
808088,st20
808114,sg20
808132,s020
808177,bik0
808195,bik1y
808239,sg20
808265,sg20
808291,st20
808317,st20
808343,sg20
808361,s020
808441,bik0
808459,bik1y
808503,sg20
808529,sg20
808555,st20
808581,st20
808607,sg20
808625,s020
808670,bik0
808688,bik1y
808732,sg20
808758,sg20
808784,st20
808810,st20
808836,sg20
808854,s020
808886,sg20E
808901,sg21
808929,sg20E
808944,sg21
808972,st20E
808987,st21
809015,st20E
809030,st21
809058,sg20E
809073,sg21
809093,s020E
809108,s021
809148,sg21E
809163,sg22
809191,sg21E
809206,sg22
809234,st21E
809249,st22
809277,st21E
809292,st22
809320,sg21E
809335,sg22
809355,s021E
809370,s022
809425,sg22
809451,sg22
809477,st22
809503,st22
809529,sg22
809547,s022E
809562,s023
809611,s023
809634,sg24
809662,sg24
809690,st24
809718,st24
809746,sg24
809766,s024
809783,non0+
809809,tlk0+
809835,tlk1n
809873,sg24E
809888,sg25
809916,sg24E
809931,sg25
809959,st24E
809974,st25
810002,st24E
810017,st25
810045,sg24E
810060,sg25
810080,s024E
810095,s025
810112,tlk0+
810146,tlk1
810172,sg25E
810187,sg26
810215,sg25E
810230,sg26
810258,st25E
810273,st26
810301,st25E
810316,st26
810344,sg25E
810359,sg26
810379,s025E
810394,s026
810430,sg26
810456,sg26
810482,st26
810508,st26
810534,sg26
810552,s026E
810567,s027
810768,tlk0
810821,tlk1+
810916,s027E
810931,s028
810959,s028E
810974,s029
811014,thk1
811037,fdo1
811054,fdo1
811069,kil0
811088,s029kidl0
811138,fdi2
811181,tlb0+
811212,tlb1
811230,fdo1
811247,fdo1F
811588,sg00
811616,sg00
811644,st00
811672,st00
811700,sg00
811720,s000
811737,fdi1
811754,fdi1
811782,tlk0
811800,tlk1
811851,sg00E
811866,sg01
811894,sg00E
811909,sg01
811937,st00E
811952,st01
811980,st00E
811995,st01
812023,sg00E
812038,sg01
812058,s000E
812073,s001
812090,tlk0+
812132,tlk1
812158,sg01E
812173,sg02
812201,sg01E
812216,sg02
812244,st01E
812259,st02
812287,st01E
812302,st02
812330,sg01E
812345,sg02
812365,s001E
812380,s002
812413,thk0+
812439,thk1y
812475,sg02E
812490,sg03
812518,sg02E
812533,sg03
812561,st02E
812576,st03
812604,st02E
812619,st03
812647,sg02E
812662,sg03
812682,s002E
812697,s003
812714,tla0+
812740,tla1
812807,sg03
812833,sg03
812859,st03
812885,st03
812911,sg03
812929,s003E
812944,s004
812981,bik0+
813006,bik1
813033,s004E
813048,s005
813074,tlk0+
813100,tlk1n
813155,s005E
813170,s006
813211,tlk0
813292,tlk1
813310,hit0
813327,hit0
813417,s006E
813432,s007
813558,s007
813581,sg08
813609,sg08
813637,st08
813665,st08
813693,sg08
813713,s008
813797,sg08
813823,sg08
813849,st08
813875,st08
813901,sg08
813919,s008E
813934,s009
813951,tlb0+
813977,fdo1
813994,fdo1R
814009,s009'
814050,fdi2
814067,qstc
814231,st20
814259,st20
814279,s020
814305,tlb0+
814331,tlb1'
814356,tlb0+
814398,tlb1
814620,st20
814646,st20
814664,s020E
814679,s021
814702,tla0
814720,se00
814738,open'
814763,s021E
814778,s022
814798,tla1
814855,s022E
814870,s023
814902,f000
814961,biko
814979,s023E
814994,s024
815029,bik1
815057,s024E
815072,s025
815092,s025
815115,sg26
815143,sg26
815171,st26
815199,st26
815227,sg26
815247,s026
815292,que1+
815344,fd01_
815360,tlc0
815386,sg26
815412,sg26
815438,st26
815464,st26
815490,sg26
815508,s026E
815523,s027
815559,fd00#
815581,tlc1
815797,slt1_
815813,koul
815839,gd0l_
815855,koul_
815871,siu0_
815887,siu0
815923,s027E
815938,s028
815961,s028E
815976,s029
815993,kou2+
816019,kou3R
816034,s029E
816049,s030
816085,s030E
816100,s031
816144,s031E
816159,s032
816176,kou0+
816202,kou1R
816217,s032E
816232,s033
816260,s033E
816275,s034
816292,kou4+
816318,kou5
816336,s034E
816351,s035
816403,kot0
816421,s035E
816436,s036
816464,kot1
816482,s036E
816497,s037
816514,kou2+
816540,kou3R
816555,s037E
816570,s038
816717,s038
816740,sg39
816768,sg39
816796,st39
816824,st39
816852,sg39
816872,s039
816898,tlc0+
816940,tlc1
816964,tlk0+
816990,tlk1'
817020,biko
817038,mgk0
817061,sg39
817087,sg39
817113,st39
817139,st39
817165,sg39
817183,s039E
817198,s040
817244,bik1
817261,kidl0
817281,s040
817304,st41
817332,st41
817352,s041
817387,no00+
817421,st41
817447,st41
817465,s041E
817480,s042
817541,fd01_
817557,tlc0
817575,s042E
817590,s043
817617,fd00#
817642,s0435i
817684,fdi2
817758,sg00
817786,sg00
817814,st00
817842,st00
817870,sg00
817890,s000
817910,tlb0+
817936,tlb1
818134,sg00
818160,sg00
818186,st00
818212,st00
818238,sg00
818256,s000Ej
818271,s001
818294,s001
818317,sg02
818345,sg02
818373,st02
818401,st02
818429,sg02
818449,s002
818484,tlk0+
818518,tlk1
818541,sg02Ej
818556,sg03
818584,sg02Ej
818599,sg03
818627,st02Ej
818642,st03
818670,st02Ej
818685,st03
818713,sg02Ej
818728,sg03
818748,s002Ej
818763,s003
818812,tlc0
818838,sg03
818864,sg03
818890,st03
818916,st03
818942,sg03
818960,s003Ej
818975,s004
818981,kidl0
819012,tlc1
819043,s004Ej
819058,s005
819082,tla0
819100,se00
819128,tla1Y
819176,s005Ej
819191,s006
819219,yes0
819262,s006Ej
819277,s007
819317,s007
819340,sg08
819368,sg08
819396,st08
819424,st08
819452,sg08
819472,s008
819518,sg08
819544,sg08
819570,st08
819596,st08
819622,sg08
819640,s008Y
819701,fdi2
822475,tlk0
822501,tlk0
822527,tlk0
822553,tlk0
822579,tlk0
822605,tlk0
822631,tlb0
822657,tlb0
822684,ten0
822710,tlk1
822736,tlb1
822762,tlk1
822788,tlk1
822814,tlk1
822840,tlb1
822866,tlb1
825499,tlk0
825525,tlk0
825551,tlk0
825577,tlk0
825603,tlk0
825629,tlk0
825655,tlb0
825681,tlb0
825708,ten0
825734,tlk1
825760,tlb1
825786,tlk1
825812,tlk1
825838,tlk1
825864,tlb1
825890,tlb1
831577,tlk0
831603,tlk0
831629,tlk0
831655,tlk0
831681,tlk0
831707,tlk0
831733,tlb0
831759,tlb0
831786,ten0
831812,tlk1
831838,tlb1
831864,tlk1
831890,tlk1
831916,tlk1
831942,tlb1
831968,tlb1
837653,tlk0
837679,tlk0
837705,tlk0
837731,tlk0
837757,tlk0
837783,tlk0
837809,tlb0
837835,tlb0
837862,ten0
837888,tlk1
837914,tlb1
837940,tlk1
837966,tlk1
837992,tlk1
838018,tlb1
838044,tlb1
843729,tlk0
843755,tlk0
843781,tlk0
843807,tlk0
843833,tlk0
843859,tlk0
843885,tlb0
843911,tlb0
843938,ten0
843964,tlk1
843990,tlb1
844016,tlk1
844042,tlk1
844068,tlk1
844094,tlb1
844120,tlb1
849805,tlk0
849831,tlk0
849857,tlk0
849883,tlk0
849909,tlk0
849935,tlk0
849961,tlb0
849987,tlb0
850014,ten0
850040,tlk1
850066,tlb1
850092,tlk1
850118,tlk1
850144,tlk1
850170,tlb1
850196,tlb1
857599,Armor_Depository
857635,Melody_Minstrel
857671,Traveling_Bard
857707,PIO_Coalition
857743,COU_Coalition
857779,INV_Coalition
857815,MUM_Coalition
857885,Melody_Minstrel
857921,Reputation
857957,SCT_Coalition
857993,PCK_Coalition
858029,Weather_Report
858121,F._Station
858157,F._Bivouac_#1
858193,F._Bivouac_#2
858229,F._Bivouac_#3
858332,F._Station
858368,F._Bivouac_#1
858404,F._Bivouac_#2
858440,F._Bivouac_#3
858543,F._Station
858579,F._Bivouac_#1
858615,F._Bivouac_#2
858651,F._Bivouac_#3
858687,F._Bivouac_#4
858779,F._Station
858815,F._Bivouac_#1
858851,F._Bivouac_#2
858887,F._Bivouac_#3
858923,F._Bivouac_#4
858959,F._Bivouac_#5
859373,F._Station
859409,F._Bivouac_#1
859445,F._Bivouac_#2
859481,F._Bivouac_#3
859584,F._Station
859620,F._Bivouac_#1
859656,F._Bivouac_#2
859692,F._Bivouac_#3
859728,F._Bivouac_#4
859820,F._Station
859856,F._Bivouac_#1
859892,F._Bivouac_#2
859928,F._Bivouac_#3
859964,F._Bivouac_#4
860542,tlk0
860568,tlk0
860594,tlk0
860620,tlk0
860646,tlk0
860672,tlk0
860698,tlb0
860724,tlb0
860751,ten0
860777,tlk1
860803,tlb1
860829,tlk1
860855,tlk1
860881,tlk1
860907,tlb1
860933,tlb1
868339,Armor_Depository
868375,Melody_Minstrel
868411,Traveling_Bard
868447,PIO_Coalition
868483,COU_Coalition
868519,INV_Coalition
868555,MUM_Coalition
868625,Melody_Minstrel
868661,Reputation
868697,SCT_Coalition
868733,PCK_Coalition
868769,Weather_Report
868861,F._Station
868897,F._Bivouac_#1
868933,F._Bivouac_#2
868969,F._Bivouac_#3
869072,F._Station
869108,F._Bivouac_#1
869144,F._Bivouac_#2
869180,F._Bivouac_#3
869283,F._Station
869319,F._Bivouac_#1
869355,F._Bivouac_#2
869391,F._Bivouac_#3
869427,F._Bivouac_#4
869519,F._Station
869555,F._Bivouac_#1
869591,F._Bivouac_#2
869627,F._Bivouac_#3
869663,F._Bivouac_#4
869699,F._Bivouac_#5
870113,F._Station
870149,F._Bivouac_#1
870185,F._Bivouac_#2
870221,F._Bivouac_#3
870324,F._Station
870360,F._Bivouac_#1
870396,F._Bivouac_#2
870432,F._Bivouac_#3
870468,F._Bivouac_#4
870560,F._Station
870596,F._Bivouac_#1
870632,F._Bivouac_#2
870668,F._Bivouac_#3
870704,F._Bivouac_#4
871282,tlk0
871308,tlk0
871334,tlk0
871360,tlk0
871386,tlk0
871412,tlk0
871438,tlb0
871464,tlb0
871491,ten0
871517,tlk1
871543,tlb1
871569,tlk1
871595,tlk1
871621,tlk1
871647,tlb1
871673,tlb1
879079,Armor_Depository
879115,Melody_Minstrel
879151,Traveling_Bard
879187,PIO_Coalition
879223,COU_Coalition
879259,INV_Coalition
879295,MUM_Coalition
879365,Melody_Minstrel
879401,Reputation
879437,SCT_Coalition
879473,PCK_Coalition
879509,Weather_Report
879601,F._Station
879637,F._Bivouac_#1
879673,F._Bivouac_#2
879709,F._Bivouac_#3
879812,F._Station
879848,F._Bivouac_#1
879884,F._Bivouac_#2
879920,F._Bivouac_#3
880023,F._Station
880059,F._Bivouac_#1
880095,F._Bivouac_#2
880131,F._Bivouac_#3
880167,F._Bivouac_#4
880259,F._Station
880295,F._Bivouac_#1
880331,F._Bivouac_#2
880367,F._Bivouac_#3
880403,F._Bivouac_#4
880439,F._Bivouac_#5
880853,F._Station
880889,F._Bivouac_#1
880925,F._Bivouac_#2
880961,F._Bivouac_#3
881064,F._Station
881100,F._Bivouac_#1
881136,F._Bivouac_#2
881172,F._Bivouac_#3
881208,F._Bivouac_#4
881300,F._Station
881336,F._Bivouac_#1
881372,F._Bivouac_#2
881408,F._Bivouac_#3
881444,F._Bivouac_#4
882022,tlk0
882048,tlk0
882074,tlk0
882100,tlk0
882126,tlk0
882152,tlk0
882178,tlb0
882204,tlb0
882231,ten0
882257,tlk1
882283,tlb1
882309,tlk1
882335,tlk1
882361,tlk1
882387,tlb1
882413,tlb1
889819,Armor_Depository
889855,Melody_Minstrel
889891,Traveling_Bard
889927,PIO_Coalition
889963,COU_Coalition
889999,INV_Coalition
890035,MUM_Coalition
890105,Melody_Minstrel
890141,Reputation
890177,SCT_Coalition
890213,PCK_Coalition
890249,Weather_Report
890341,F._Station
890377,F._Bivouac_#1
890413,F._Bivouac_#2
890449,F._Bivouac_#3
890552,F._Station
890588,F._Bivouac_#1
890624,F._Bivouac_#2
890660,F._Bivouac_#3
890763,F._Station
890799,F._Bivouac_#1
890835,F._Bivouac_#2
890871,F._Bivouac_#3
890907,F._Bivouac_#4
890999,F._Station
891035,F._Bivouac_#1
891071,F._Bivouac_#2
891107,F._Bivouac_#3
891143,F._Bivouac_#4
891179,F._Bivouac_#5
891593,F._Station
891629,F._Bivouac_#1
891665,F._Bivouac_#2
891701,F._Bivouac_#3
891804,F._Station
891840,F._Bivouac_#1
891876,F._Bivouac_#2
891912,F._Bivouac_#3
891948,F._Bivouac_#4
892040,F._Station
892076,F._Bivouac_#1
892112,F._Bivouac_#2
892148,F._Bivouac_#3
892184,F._Bivouac_#4
892762,tlk0
892788,tlk0
892814,tlk0
892840,tlk0
892866,tlk0
892892,tlk0
892918,tlb0
892944,tlb0
892971,ten0
892997,tlk1
893023,tlb1
893049,tlk1
893075,tlk1
893101,tlk1
893127,tlb1
893153,tlb1
900559,Armor_Depository
900595,Melody_Minstrel
900631,Traveling_Bard
900667,PIO_Coalition
900703,COU_Coalition
900739,INV_Coalition
900775,MUM_Coalition
900845,Melody_Minstrel
900881,Reputation
900917,SCT_Coalition
900953,PCK_Coalition
900989,Weather_Report
901081,F._Station
901117,F._Bivouac_#1
901153,F._Bivouac_#2
901189,F._Bivouac_#3
901292,F._Station
901328,F._Bivouac_#1
901364,F._Bivouac_#2
901400,F._Bivouac_#3
901503,F._Station
901539,F._Bivouac_#1
901575,F._Bivouac_#2
901611,F._Bivouac_#3
901647,F._Bivouac_#4
901739,F._Station
901775,F._Bivouac_#1
901811,F._Bivouac_#2
901847,F._Bivouac_#3
901883,F._Bivouac_#4
901919,F._Bivouac_#5
902333,F._Station
902369,F._Bivouac_#1
902405,F._Bivouac_#2
902441,F._Bivouac_#3
902544,F._Station
902580,F._Bivouac_#1
902616,F._Bivouac_#2
902652,F._Bivouac_#3
902688,F._Bivouac_#4
902780,F._Station
902816,F._Bivouac_#1
902852,F._Bivouac_#2
902888,F._Bivouac_#3
902924,F._Bivouac_#4
903502,tlk0
903528,tlk0
903554,tlk0
903580,tlk0
903606,tlk0
903632,tlk0
903658,tlb0
903684,tlb0
903711,ten0
903737,tlk1
903763,tlb1
903789,tlk1
903815,tlk1
903841,tlk1
903867,tlb1
903893,tlb1
911299,Armor_Depository
911335,Melody_Minstrel
911371,Traveling_Bard
911407,PIO_Coalition
911443,COU_Coalition
911479,INV_Coalition
911515,MUM_Coalition
911585,Melody_Minstrel
911621,Reputation
911657,SCT_Coalition
911693,PCK_Coalition
911729,Weather_Report
911821,F._Station
911857,F._Bivouac_#1
911893,F._Bivouac_#2
911929,F._Bivouac_#3
912032,F._Station
912068,F._Bivouac_#1
912104,F._Bivouac_#2
912140,F._Bivouac_#3
912243,F._Station
912279,F._Bivouac_#1
912315,F._Bivouac_#2
912351,F._Bivouac_#3
912387,F._Bivouac_#4
912479,F._Station
912515,F._Bivouac_#1
912551,F._Bivouac_#2
912587,F._Bivouac_#3
912623,F._Bivouac_#4
912659,F._Bivouac_#5
913073,F._Station
913109,F._Bivouac_#1
913145,F._Bivouac_#2
913181,F._Bivouac_#3
913284,F._Station
913320,F._Bivouac_#1
913356,F._Bivouac_#2
913392,F._Bivouac_#3
913428,F._Bivouac_#4
913520,F._Station
913556,F._Bivouac_#1
913592,F._Bivouac_#2
913628,F._Bivouac_#3
913664,F._Bivouac_#4
914242,tlk0
914268,tlk0
914294,tlk0
914320,tlk0
914346,tlk0
914372,tlk0
914398,tlb0
914424,tlb0
914451,ten0
914477,tlk1
914503,tlb1
914529,tlk1
914555,tlk1
914581,tlk1
914607,tlb1
914633,tlb1
915098,tlk0
915124,tlk0
915150,tlk0
915176,tlk0
915202,tlk0
915228,tlk0
915254,tlb0
915280,tlb0
915307,ten0
915333,tlk1
915359,tlb1
915385,tlk1
915411,tlk1
915437,tlk1
915463,tlb1
915489,tlb1
916532,tlk0
916558,tlb0
916602,tlk1
916628,tlb1
916703,tlk0
916729,tlb0
917203,tlk1
917229,tlb1
918055,tlk0
918108,tlk0
918151,tlk0
918391,tlk0
918494,tlk0
918526,tlk0
918642,tlk0
918752,hap0
918792,open
918836,clos
918858,tlk0
918877,pas0S
918935,tlk0
918980,tlk0
919089,hap0
919157,open
919201,clos
919223,tlk0
919242,pas0S
919255,pas0
919287,open
919374,pas0S
919413,clos
919438,tlk0
919503,tlk0.
919532,tlk0
919560,tlk0
919588,tlk0
919630,tlk0
919772,tlk0
919804,tlk0
919832,tlk0
919861,tlk0
920013,main
920049,main
935269,pas0A
935627,pas0
935752,pas0
935905,pas0
936044,frst
936064,okex
936092,pas0
936996,pas0
937371,pas0
937587,tlk0
937611,tlk1
937640,pas0S
937653,pas0
937974,eton
938503,fdo1
938718,fdo1
938735,fdo1F
938850,s080
938870,fdi1
938911,s080E
938926,s081
938943,thk1+
938977,s080E
938992,s081
939009,thk1+
939042,s081E
939057,s083
939077,s083E
939092,s082
939109,thk2+
939134,fdo1
939151,fdo1R
939166,s082z
939292,tlc0E
939307,s084
939327,fdi1
939387,s084E
939402,s085
939419,tlc1
939477,fdo1
939494,fdo1R
939509,s085F
939526,fdi2
946090,fdo1
950520,fdi0
950537,fdi0
950553,fdo0
950570,fdo0
950586,fdi1
950603,fdi1
950619,fdo1
950636,fdo1
950652,whi1
950669,whi1
950685,who1
950702,who1
950718,who2
950735,who2
950751,who3
950768,who3
950784,main
950804,fdo1
950821,fdo1
950837,fdi1
950854,main
950874,fdi1
950890,blon
950907,blon
950925,whi0
950942,whi0
950958,who0
950975,who0
950991,efon
951008,efon
951024,fdis
951042,fdos
951059,fdos
951075,fdif
951093,fdof
951110,fdof
951126,fdip
951144,fdop
951161,fdop
951305,s032
951740,s032
952201,s032
952308,s032
952367,s032
952431,s032
952495,s032
952559,s032
952635,s032
954345,clp0
954361,clp0
954497,se00
954625,se00
954753,se00
954881,se00
955009,se00
955137,se00
955265,se00
955393,se00
955770,clp0
955812,clp0
955947,clp0
956293,clp0
956319,clp0
956335,clp0
956351,clp0
956367,clp0
956383,clp0
956620,clp0
956646,clp0
956662,clp0
956678,clp0
956694,clp0
956710,clp0
956906,s038
956924,clp0
957116,se01
957192,clp0
957228,se00
957304,clp0
957340,se00
957416,clp0
957452,se00
957501,s038
957519,clp0
957711,se01
957840,clp0
957876,se00
958015,clp0
958051,se00
958127,clp0
958163,se00
958220,s038
958291,clp0
958541,se01
958556,clp0
958653,se00
958668,clp0
958765,se00
958780,clp0
958877,se00
958892,clp0
958989,se00
961209,s038
961227,clp0
961303,se01
961318,clp0
961415,se00
961442,s021
961810,s031
961938,s032
968490,GFHd
968522,dFHd
968682,s032
968799,l000
968823,sp60
968862,se03
969116,s037
969189,s037
969220,s037
969288,s038
969792,fdi2
972994,se01
974501,se00
974812,s021
974876,main
974893,main
974926,s022
974963,eio0
974987,job0
975011,l001
975063,sp40
975142,l00b
975196,rstd
975214,rwr0
975238,sp00
975264,hi07
975316,fan5
975348,s001
975616,sa00
975634,sa00
978724,pnt0
978742,se02
978758,new0
978776,se02
978794,new1
978808,m001
978824,m003
978840,aya0
978896,hi09
979136,onmy
979156,ofmy
979253,onmy
979273,ofmy
983772,fdi0
983789,fdi0
983805,fdo0
983822,fdo0
983838,fdi1
983855,fdi1
983871,fdo1
983888,fdo1
983904,whi1
983921,whi1
983937,who1
983954,who1
983970,who2
983987,who2
984003,who3
984020,who3
984036,main
984056,fdo1
984073,fdo1
984089,fdi1
984106,main
984126,fdi1
984142,blon
984159,blon
984177,whi0
984194,whi0
984210,who0
984227,who0
984243,efon
984260,efon
984276,fdis
984294,fdos
984311,fdos
984327,fdif
984345,fdof
984362,fdof
984378,fdip
984396,fdop
984413,fdop
984721,s078
984749,s078
984769,s058
984865,s078
984891,s078
984909,s058E
984924,s059
984986,s059E
985001,s060
985043,s060
985066,s079
985094,s079
985114,s062
985180,s079
985206,s079
985224,s062E
985239,s061
985310,s061
985333,s064
985361,s080
985389,s080
985417,s064
985437,s085
985533,s064
985559,s080
985585,s080
985611,s064
985629,s085E
985644,s065
986002,s063
986025,s063E
986040,s066
986060,s066E
986075,s067
986095,s067E
986110,s068
986130,s068E
986145,s069
986186,s069
986209,s070
986237,s081
986265,s081
986293,s070
986313,s086
986401,s070
986427,s081
986453,s081
986479,s070
986497,s086E
986512,s071
986563,s071
986586,s082
986614,s082
986634,s072
986692,s082
986718,s082
986736,s072E
986751,s073
986785,s073E
986800,s074
986832,s074E
986847,s076
986877,s076
986900,s083
986928,s083
986948,s075
987034,s083
987060,s083
987078,s075
987101,s077
987129,s084
987157,s084
987185,s077
987205,s087
987285,s077
987311,s084
987337,s084
987363,s077
987446,fdi2
987685,wpofJ
987761,s070
987789,s070
987809,s070
987880,s070Ee
987895,s071
987976,s071Ee
987991,s072
988085,s072
988108,s083
988136,s083
988156,s073
988225,s083
988251,s083
988269,s073Ee
988284,s074
988354,s074Ee
988369,s075
988435,s075
988608,s076
988654,s076
988677,s077
988705,s084
988733,s084
988761,s077
988781,s085
988867,s077
988893,s084
988919,s084
988945,s077
988963,s085Ee
988978,s078
989093,s078Ee
989108,s079
989243,s079Ee
989258,s080
989420,s080Ee
989435,s081
989524,s081Ee
989539,s082
989780,qstc
989797,fdi2
989904,fdo1
989921,fdo1
990448,tlk0
990462,tlk0f
990477,tlk1S
990490,tlk1
990506,thk1
990520,thk1
990536,thk2
990550,thk2
990566,shk0
990580,shk0
990596,dis0
990610,dis0
990626,poi0
990640,poi0
990656,pas0
990670,pas0
990686,syu0
990700,syu0
990716,wav0
990730,wav0
990746,ehn0
990784,ehn1
990798,ehn1
990814,msu0
990828,msu0
990844,msu1
990882,ghn1
990896,ghn1
990912,iro0
990926,iro0
990942,wai0
990956,wai0
990972,bik0
990986,bik0
991002,bik1
991016,bik1
991032,gkr0
991046,gkr0
991062,gkr1
991076,gkr1
991092,ohh0
991130,shk0S
991143,shk0f
991158,zit0
991174,zit0
991188,zit0
991292,deadS
991305,dead
991330,cabk
991344,cabk
991360,spef
991374,spef
991390,okir
991404,okir
991420,usi0
991434,usi0
991450,usi1
991464,usi1
991480,teh0
991494,teh0
991510,teh1
991524,teh1
991540,mdq0
991554,mdq0
991570,mdq3
991584,mdq3
992352,tlk0
992366,tlk0
992382,tlk1
992396,tlk1
992412,tlke
992426,tlke
992442,tl30
992456,tl30
992472,tl31
992486,tl31
992502,pas0
992516,pas0
992532,cor0
992546,cor0
992562,oki0
992576,oki0
992592,tlk2
992606,tlk2
992622,tid0
992636,tid0
992652,tao0
992666,tao0
992682,ang0
992696,ang0
992712,ang1
992726,ang1
992742,bik0
992756,bik0
992772,bik1
992786,bik1
992802,odo0
992816,odo0
992832,odo1
992846,odo1
992862,bye0
992876,bye0
992892,fum0
992906,fum0
992922,fum1
992936,fum1
992952,hap0
992966,hap0
992982,hap1
992996,hap1
993012,mmm0
993026,mmm0
993042,mmm1
993056,mmm1
993072,fnd0
993086,fnd0
993102,fnd1
993116,fnd1
993132,wetc
993146,wetc
993162,war1
993176,war1
993192,war2
993206,war2
993222,joy0
993236,joy0
993252,pnt0
993266,pnt0
993282,kun0
993296,kun0
993312,kun1
993326,kun1
993342,kyo0
993356,kyo0
993372,kyo1
993386,kyo1
993402,mim0
993416,mim0
993432,mim1
993446,mim1
993664,tlk0
993678,tlk0
993694,tlk1
993708,tlk1
993724,bik0
993738,bik0
993754,bik1
993768,bik1
993784,wht0
993798,wht0
993814,wht1
993828,wht1
993844,sky0
993858,sky0
993872,sp10
993886,sp10
993902,sht1
993916,sht1
994114,sp01
994128,sp01
994142,sp10
994156,sp10
994170,sp10S
994183,sp10Jn
994212,sp20
994226,sp20
994240,sp30
994254,sp30
994268,sp40
994282,sp40
994296,sp50
994310,sp50
994324,sp60
994338,sp60
