zone_id,zone_name,npc_index,name,record_id,record_tag,event_ref_count,event_ref_offset,position_offset,x,y,z,confidence,raw_x,raw_y,raw_z,raw_values
2,Carpenters' Landing,331,ship,8532,256,1,7492,7540,-1250.42,0.0,727.86,95,-125042,0,72786,-125042 72786 0 2560 32 -2147476480 8388943 1333788700
2,Carpenters' Landing,333,Louverance,8534,256,68,5496,5576,-59.36,-30.0,28.95,90,-5936,-3000,2895,-5936 2895 -3000 13 3000 40 123535 -405042
2,Carpenters' Landing,336,Louverance,8537,256,21,6172,6232,-59.36,-20.0,28.95,105,-5936,-2000,2895,-5936 2895 -2000 60 13 2048 2000 4000
2,Carpenters' Landing,337,Chocobo,8538,256,9,6588,6624,-59.1,2.21,36.08,90,-5910,221,3608,-5910 3608 221 75 -134114304 -1837105153 -2047 -2147469441
4,Bibiki Bay,392,??? Warmachine,16785,256,28,17640,17752,0.32,0.01,40.96,90,32,1,4096,32 4096 1 12 -333712 -766844 -2584 200
4,Bibiki Bay,395,Mame01,16788,256,46,22216,22316,-100.0,0.4,100.0,105,-10000,40,10000,-10000 10000 40 2048 -347668 -951507 -2853 3180
4,Bibiki Bay,396,Mame02,16789,256,31,22856,22952,-100.0,0.4,100.0,105,-10000,40,10000,-10000 10000 40 2048 -347068 -951507 -2853 3180
4,Bibiki Bay,397,Mame03,16790,256,34,23488,23584,-100.0,0.4,100.0,105,-10000,40,10000,-10000 10000 40 2048 -348268 -951507 -2853 3180
4,Bibiki Bay,403,Novice Moogle,16796,256,125,22804,22952,-100.0,0.4,100.0,105,-10000,40,10000,-10000 10000 40 2048 -347068 -951507 -2853 3180
4,Bibiki Bay,424,Kukki-Chebukki,16818,256,72,42460,42628,-26.41,-30.0,14.65,105,-2641,-3000,1465,-2641 1465 -3000 3000 40 -332654 -947045 -1861
4,Bibiki Bay,425,Cherukiki,16819,256,72,43556,43732,-26.08,-30.0,14.65,105,-2608,-3000,1465,-2608 1465 -3000 3000 40 -333768 -947459 -1910
5,Uleguerand Range,427,Louverance,20926,256,20,8275,8351,0.0,5.12,212.48,100,0,512,21248,0 21248 512 768 28160 -256 1279 1280
11,Oldton Movalpolos,208,???,45277,256,1,17744,17844,-113.59,4.9,79.96,90,-11359,490,7996,-11359 7996 490 13 -208367 -17439 8019 94
11,Oldton Movalpolos,209,Selh'teus,45278,256,6,17772,17844,-113.59,4.9,79.96,90,-11359,490,7996,-11359 7996 490 13 -208367 -17439 8019 94
11,Oldton Movalpolos,210,Louverance,45279,256,32,17972,18044,-464.39,35.09,79.99,90,-46439,3509,7999,-46439 7999 3509 40 -259665 -31628 94 2228224
11,Oldton Movalpolos,212,Brakobrik,45281,256,54,22356,22524,-446.88,22.44,139.96,105,-44688,2244,13996,-44688 13996 2244 13 160312 -42685 13980 161341
11,Oldton Movalpolos,217,Jabbos,45286,256,20,23932,23972,-446.88,22.44,139.96,105,-44688,2244,13996,-44688 13996 2244 13 160312 -42685 13980 161341
11,Oldton Movalpolos,251,Chekochuk,45321,256,57,32064,32148,-992.01,20.52,0.25,90,-99201,2052,25,-99201 25 2052 13 -275840 -98792 517 -272055
11,Oldton Movalpolos,261,???,45331,256,3,33824,33880,-1414.52,79.24,1533.45,95,-141452,7924,153345,-141452 153345 7924 3181 21 -2147469568 -2147319807 922779651
11,Oldton Movalpolos,262,Goblin Preceptor,45332,256,11,33856,33880,-1414.52,79.24,1533.45,95,-141452,7924,153345,-141452 153345 7924 3181 21 -2147469568 -2147319807 922779651
11,Oldton Movalpolos,263,Mighty Minded Ge,45333,256,67,33924,33960,-1379.92,79.99,1531.51,95,-137992,7999,153151,-137992 153151 7999 2936 13 -139859 153362 -138308
11,Oldton Movalpolos,264,Choplix Limblopp,45334,256,30,34104,34132,-1375.3,79.99,1524.45,95,-137530,7999,152445,-137530 152445 7999 2835 13 -138155 153526 -138730
13,Mine Shaft #2716,133,Shaft Entrance,53387,256,3,26496,26656,78.23,78.24,0.03,90,7823,7824,3,7823 3 7824 90 -457520 -9466 119999 3055
13,Mine Shaft #2716,134,Shaft Entrance,53388,256,1,26540,26656,78.23,78.24,0.03,90,7823,7824,3,7823 3 7824 90 -457520 -9466 119999 3055
13,Mine Shaft #2716,135,Shaft Entrance,53389,256,1,26568,26656,78.23,78.24,0.03,90,7823,7824,3,7823 3 7824 90 -457520 -9466 119999 3055
13,Mine Shaft #2716,142,Makki-Chebukki,53400,256,146,46052,46192,30.79,-345.24,0.13,90,3079,-34524,13,3079 13 -34524 40 -460056 -18373 -460026 16791
13,Mine Shaft #2716,143,Kukki-Chebukki,53401,256,113,46604,46736,30.52,-353.89,0.13,90,3052,-35389,13,3052 13 -35389 40 -459106 -18469 -460793 17351
13,Mine Shaft #2716,144,Cherukiki,53402,256,116,47116,47248,30.52,-354.21,0.13,90,3052,-35421,13,3052 13 -35421 40 -460844 -19005 -459161 17865
13,Mine Shaft #2716,172,Pawnpix,53431,256,62,57860,57980,-58.14,30.72,1199.99,95,-5814,3072,119999,-5814 119999 3072 13 -2900 19 -640 6600
13,Mine Shaft #2716,173,Stufstix,53432,256,66,58336,58456,-58.14,30.72,1199.99,95,-5814,3072,119999,-5814 119999 3072 13 -2900 19 -640 6600
13,Mine Shaft #2716,177,Magriffon,53436,256,92,60476,60608,124.72,109.72,10.07,90,12472,10972,1007,12472 1007 10972 40 -459272 -7939 119999 152
14,Hall of Transference,11,Wolfgang,57360,256,19,5100,5152,-476.1,32.64,-807.9,90,-47610,3264,-80790,-47610 -80790 3264 410 279227 -53429 -80635 652
14,Hall of Transference,12,???,57361,256,46,5396,5436,-590.52,30.63,-806.35,105,-59052,3063,-80635,-59052 -80635 3063 13 -55000 10 458 456
14,Hall of Transference,13,Nag'molada,57362,256,47,4616,4664,-491.68,30.13,-806.35,105,-49168,3013,-80635,-49168 -80635 3013 13 -51000 467 -40000 -83013
14,Hall of Transference,14,???,57363,256,4,4932,4960,-446.78,8.76,-812.09,90,-44678,876,-81209,-44678 -81209 876 234 45 -523886 26509311 2147483640
14,Hall of Transference,15,???,57364,256,2,5028,5052,-446.78,11.76,-812.09,90,-44678,1176,-81209,-44678 -81209 1176 29 -523886 26509311 2147483640 -134114304
14,Hall of Transference,31,Iroha,57382,256,53,21756,21856,-190.99,14.42,18.31,90,-19099,1442,1831,-19099 1831 1442 29 0 -2147470848 -2147418081 -2147254270
14,Hall of Transference,32,Tenzen,57383,256,99,21800,21856,-190.99,14.42,18.31,90,-19099,1442,1831,-19099 1831 1442 29 0 -2147470848 -2147418081 -2147254270
15,Abyssea - Konschtat,605,Romualdo,62057,256,1,625496,625668,0.09,0.1,81.19,105,9,10,8119,9 8119 10 782 -2147474432 -2147385343 268436005 704675841
15,Abyssea - Konschtat,606,Event Master,62058,256,1,625544,625668,0.09,0.1,81.19,105,9,10,8119,9 8119 10 782 -2147474432 -2147385343 268436005 704675841
16,Promyvion - Holla,321,???,330,257,6,6284,6464,-546.25,-0.36,1162.93,95,-54625,-36,116293,-54625 116293 -36 2101 1 0 2 7275
16,Promyvion - Holla,322,???,331,257,6,6312,6464,-546.25,-0.36,1162.93,95,-54625,-36,116293,-54625 116293 -36 2101 1 0 2 7275
16,Promyvion - Holla,323,???,332,257,6,6340,6464,-546.25,-0.36,1162.93,95,-54625,-36,116293,-54625 116293 -36 2101 1 0 2 7275
16,Promyvion - Holla,324,???,333,257,6,6368,6464,-546.25,-0.36,1162.93,95,-54625,-36,116293,-54625 116293 -36 2101 1 0 2 7275
16,Promyvion - Holla,325,???,334,257,6,6396,6464,-546.25,-0.36,1162.93,95,-54625,-36,116293,-54625 116293 -36 2101 1 0 2 7275
17,Spire of Holla,93,Yve'noile,4199,257,32,12004,12100,0.0,-19.99,472.0,120,0,-1999,47200,0 47200 -1999 3072 -13000 10 4000 139
17,Spire of Holla,94,Miko_A,4200,257,5,12272,12300,-10.0,-19.99,442.0,105,-1000,-1999,44200,-1000 44200 -1999 3072 25 -134114816 8388607 25165879
17,Spire of Holla,95,Miko_B,4201,257,5,12348,12376,10.0,-19.99,442.0,105,1000,-1999,44200,1000 44200 -1999 3072 25 -134114816 8388607 25165879
17,Spire of Holla,97,Eald'narche,4203,257,14,15372,15528,76.61,76.63,0.03,90,7661,7663,3,7661 3 7663 90 -240002 -36082 -62000 3072
19,Spire of Dem,108,Yve'noile,12406,257,32,12020,12116,0.0,-19.99,472.0,120,0,-1999,47200,0 47200 -1999 3072 -13000 10 4000 139
19,Spire of Dem,109,Miko_A,12407,257,5,12288,12316,-10.0,-19.99,442.0,105,-1000,-1999,44200,-1000 44200 -1999 3072 25 -134114816 8388607 25165879
19,Spire of Dem,110,Miko_B,12408,257,5,12364,12392,10.0,-19.99,442.0,105,1000,-1999,44200,1000 44200 -1999 3072 25 -134114816 8388607 25165879
19,Spire of Dem,112,Eald'narche,12410,257,14,15388,15544,76.61,76.63,0.03,90,7661,7663,3,7661 3 7663 90 -240002 -36082 -62000 3072
21,Spire of Mea,81,Yve'noile,20571,257,32,12008,12104,0.0,-19.99,472.0,120,0,-1999,47200,0 47200 -1999 3072 -13000 10 4000 139
21,Spire of Mea,82,Miko_A,20572,257,5,12276,12304,-10.0,-19.99,442.0,105,-1000,-1999,44200,-1000 44200 -1999 3072 25 -134114816 8388607 25165879
21,Spire of Mea,83,Miko_B,20573,257,5,12352,12380,10.0,-19.99,442.0,105,1000,-1999,44200,1000 44200 -1999 3072 25 -134114816 8388607 25165879
21,Spire of Mea,85,Eald'narche,20575,257,14,15376,15532,76.61,76.63,0.03,90,7661,7663,3,7661 3 7663 90 -240002 -36082 -62000 3072
22,Promyvion - Vahzl,400,???,24984,257,2,4968,5092,-5.91,-10.0,256.02,120,-591,-1000,25602,-591 25602 -1000 3242 7248 7249 10 100
22,Promyvion - Vahzl,404,Nag'molada,24988,257,15,16116,16144,0.0,31.25,-419.68,105,0,3125,-41968,0 -41968 3125 40 -23055 2499 32 -134114816
22,Promyvion - Vahzl,406,Yve'noile,24990,257,72,17304,17404,0.1,-170.0,270.0,120,10,-17000,27000,10 27000 -17000 2499 3147 -19600 219 -2147460352
22,Promyvion - Vahzl,407,KODAI01,24991,257,11,17652,17712,-7.6,-20.0,477.0,120,-760,-2000,47700,-760 47700 -2000 1024 13 46000 1500 -40600
22,Promyvion - Vahzl,408,KODAI02,24992,257,11,17888,17932,477.0,10.09,-20.0,105,47700,1009,-2000,47700 -2000 1009 13 46000 -1500 -40600 0
22,Promyvion - Vahzl,409,KODAI03,24993,257,4,18044,18072,-36.0,-22.49,458.0,105,-3600,-2249,45800,-3600 45800 -2249 1024 25 -134114816 8388607 25165879
22,Promyvion - Vahzl,410,KODAI04,24994,257,4,18120,18148,36.0,-22.49,458.0,105,3600,-2249,45800,3600 45800 -2249 1024 25 -134114816 8388607 25165879
23,Spire of Vahzl,168,Nag'molada,28850,257,73,27136,27252,150.25,10.07,599.99,105,15025,1007,59999,15025 59999 1007 1634 -352336 -119250 1197 122
23,Spire of Vahzl,169,Louverance,28851,257,43,27408,27524,163.75,6.21,599.99,105,16375,621,59999,16375 59999 621 2531 -350955 -119250 1257 122
24,Lufaise Meadows,320,Novice Moogle,33104,257,66,16024,16164,-207.6,19.2,-4.8,90,-20760,1920,-480,-20760 -480 1920 13 428758 -23237 -1660 40
24,Lufaise Meadows,361,Makki-Chebukki,33146,257,11,117164,117308,-313.99,3.24,0.45,90,-31399,324,45,-31399 45 324 151 2228224 -524241 -127107073 8388607
24,Lufaise Meadows,362,Kukki-Chebukki,33147,257,11,117476,117616,-314.61,3.24,0.3,90,-31461,324,30,-31461 30 324 151 2228224 -524241 -127107073 8388607
24,Lufaise Meadows,364,Vukki-Chebukki,33149,257,16,117452,117616,-314.61,3.24,0.3,90,-31461,324,30,-31461 30 324 151 2228224 -524241 -127107073 8388607
24,Lufaise Meadows,369,Louverance,33154,257,12,119144,119244,-240.59,28.49,0.6,90,-24059,2849,60,-24059 60 2849 121 2228224 -524241 -127107073 8388607
24,Lufaise Meadows,373,Mildaurion,33158,257,10,120080,120180,-320.44,39.49,0.15,90,-32044,3949,15,-32044 15 3949 105 2228224 -524241 -127107073 8388607
25,Misareaux Coast,326,Ulmia,37198,257,45,42568,42688,-325.06,0.6,15.84,105,-32506,60,1584,-32506 1584 60 2116 -171507 -320868 -32151 559
26,Tavnazian Safehold,1,Latteaune,40962,257,1,74540,74648,63.99,0.6,2.0,90,6399,60,200,6399 200 60 405 -503040 -491521 1952808959 -266441105
26,Tavnazian Safehold,2,Ulmia,40963,257,276,78492,78676,-19.95,-226.42,193.86,120,-1995,-22642,19386,-1995 19386 -22642 3545 13 -884 21799 -22749
26,Tavnazian Safehold,4,Makki-Chebukki,40965,257,64,70304,70392,245.49,-119.51,370.49,100,24549,-11951,37049,24549 37049 -11951 3182 25568 40485 -12000 24691
26,Tavnazian Safehold,5,Kukki-Chebukki,40966,257,55,70628,70716,249.74,-119.33,361.18,100,24974,-11933,36118,24974 36118 -11933 3016 26561 40490 -12001 25573
26,Tavnazian Safehold,6,Cherukiki,40967,257,40,70992,71076,254.86,-119.12,357.7,100,25486,-11912,35770,25486 35770 -11912 3171 27557 40493 -11949 25670
26,Tavnazian Safehold,7,Nag'molada,40968,257,144,68016,68064,-43.3,-259.35,1323.84,110,-4330,-25935,132384,-4330 132384 -25935 899 13 26819 39958 -11954
26,Tavnazian Safehold,10,Tressia,40971,257,387,79856,80036,-227.18,0.13,20.08,120,-22718,13,2008,-22718 2008 13 2981 22369 -22744 -2777 -1585
26,Tavnazian Safehold,11,Chemioue,40972,257,348,81832,82012,48.89,-89.89,-34.4,120,4889,-8989,-3440,4889 -3440 -8989 2163 10992 30 10993 10994
26,Tavnazian Safehold,12,Mengrenaux,40973,257,104,71312,71464,-7.51,-235.0,343.24,120,-751,-23500,34324,-751 34324 -23500 873 4272 -1094 -8988 1613
26,Tavnazian Safehold,14,Ondieulix,40975,257,128,83072,83144,-265.96,33.74,37.48,120,-26596,3374,3748,-26596 3748 3374 1738 -8992 1183 11004 20
26,Tavnazian Safehold,15,Tenzen,40976,257,237,81420,81480,1089.03,-400.0,-781.0,110,108903,-40000,-78100,108903 -78100 -40000 706 109592 -81719 -40015 102440
26,Tavnazian Safehold,16,Louverance,40977,257,129,83596,83724,1020.17,-412.5,-589.8,110,102017,-41250,-58980,102017 -58980 -41250 3055 101982 -57479 -41000 107450
26,Tavnazian Safehold,31,Walnut Door,40992,257,4,83548,83724,1020.17,-412.5,-589.8,110,102017,-41250,-58980,102017 -58980 -41250 3055 101982 -57479 -41000 107450
26,Tavnazian Safehold,41,Nag'molada,41002,257,10,110684,110728,-340.0,173.11,9.61,120,-34000,17311,961,-34000 961 17311 2477 -28359 1742 9927 -500
26,Tavnazian Safehold,43,Makki-Chebukki,41004,257,26,116840,116956,281.8,27.43,-234.21,120,28180,2743,-23421,28180 -23421 2743 1217 28633 -23414 2514 4618
26,Tavnazian Safehold,45,Cherukiki,41006,257,21,116836,116956,281.8,27.43,-234.21,120,28180,2743,-23421,28180 -23421 2743 1217 28633 -23414 2514 4618
26,Tavnazian Safehold,46,Tressia,41007,257,15,116896,116956,281.8,27.43,-234.21,120,28180,2743,-23421,28180 -23421 2743 1217 28633 -23414 2514 4618
26,Tavnazian Safehold,47,Chemioue,41008,257,5,117144,117172,-23.18,-224.81,184.97,120,-2318,-22481,18497,-2318 18497 -22481 3082 13 -1382 21059 -22750
26,Tavnazian Safehold,48,Mengrenaux,41009,257,14,117256,117284,-30.52,-235.0,303.66,105,-3052,-23500,30366,-3052 30366 -23500 3734 13 -2036 30880 39
26,Tavnazian Safehold,49,Parelbriaux,41010,257,12,117356,117528,49.96,-227.05,235.56,105,4996,-22705,23556,4996 23556 -22705 2935 48 -134114816 -1803550721 -2047
26,Tavnazian Safehold,50,Ondieulix,41011,257,9,117484,117528,49.96,-227.05,235.56,105,4996,-22705,23556,4996 23556 -22705 2935 48 -134114816 -1803550721 -2047
26,Tavnazian Safehold,53,Odeya,41014,257,98,120724,120828,835.2,-342.5,-704.28,120,83520,-34250,-70428,83520 -70428 -34250 2554 10469 10472 10473 10480
26,Tavnazian Safehold,54,Shikaree X,41015,257,69,122344,122452,4.0,18.9,19.99,90,400,1890,1999,400 1999 1890 26 -134114816 -1803550721 -2047 107647
26,Tavnazian Safehold,55,Mildaurion,41016,257,4,122424,122452,4.0,18.9,19.99,90,400,1890,1999,400 1999 1890 26 -134114816 -1803550721 -2047 107647
26,Tavnazian Safehold,58,Frescheque,41019,257,111,4068,4256,0.06,105.59,105.58,120,6,10559,10558,6 10558 10559 1110 -17165 -22333 4041 10560
26,Tavnazian Safehold,59,Frescheque,41020,257,22,127320,127476,146.8,-360.13,153.42,120,14680,-36013,15342,14680 15342 -36013 1213 -21588 -6271 -36073 2801
26,Tavnazian Safehold,60,Raminey,41021,257,85,127348,127476,146.8,-360.13,153.42,120,14680,-36013,15342,14680 15342 -36013 1213 -21588 -6271 -36073 2801
26,Tavnazian Safehold,61,Equette,41022,257,160,127660,127800,-227.43,-220.34,-61.75,120,-22743,-22034,-6175,-22743 -6175 -22034 1255 11962 -2299 -9992 727
26,Tavnazian Safehold,62,Shemmie,41023,257,41,127756,127800,-227.43,-220.34,-61.75,120,-22743,-22034,-6175,-22743 -6175 -22034 1255 11962 -2299 -9992 727
26,Tavnazian Safehold,63,Leporaitceau,41024,257,137,127892,127932,11.01,-224.85,-184.35,120,1101,-22485,-18435,1101 -18435 -22485 703 81935 5695 -25156 945
26,Tavnazian Safehold,64,Anteurephiaux,41025,257,152,128072,128116,-26.67,0.6,-249.93,120,-2667,60,-24993,-2667 -24993 60 1235 -16311 -22281 987 10724
26,Tavnazian Safehold,65,Pradiulot,41026,257,73,130532,130600,-437.78,-220.91,-424.44,105,-43778,-22091,-42444,-43778 -42444 -22091 13 -23408 4985 -22000 -20683
26,Tavnazian Safehold,66,Pradiulot,41027,257,49,130808,130884,-428.65,-220.61,-427.61,120,-42865,-22061,-42761,-42865 -42761 -22061 2151 -77314 -44484 -22000 92
26,Tavnazian Safehold,67,Elysia,41028,257,134,130196,130316,0.42,-227.49,-275.71,120,42,-22749,-27571,42 -27571 -22749 1025 -671 -26908 1176 -20319
26,Tavnazian Safehold,69,Epinolle,41030,257,54,129476,129644,-965.46,-269.99,433.22,90,-96546,-26999,43322,-96546 43322 -26999 63 -523886 32767 528482354 41943296
26,Tavnazian Safehold,70,Swikastoq,41031,257,28,129576,129644,-965.46,-269.99,433.22,90,-96546,-26999,43322,-96546 43322 -26999 63 -523886 32767 528482354 41943296
26,Tavnazian Safehold,143,Miledo-Shiraddo,41105,257,64,199764,199888,-10.65,-227.5,-261.36,120,-1065,-22750,-26136,-1065 -26136 -22750 867 2187 -26877 1263 -2230
26,Tavnazian Safehold,144,Wazozo,41106,257,189,200816,200944,-2.59,-234.99,-319.27,120,-259,-23499,-31927,-259 -31927 -23499 867 13 3434 -31740 -23749
26,Tavnazian Safehold,156,Francmage,41118,257,111,233836,233904,1608.22,-20.0,1590.81,95,160822,-2000,159081,160822 159081 -2000 3255 558576 -274709 -65 539
26,Tavnazian Safehold,158,Yow Rabntah,41120,257,183,234288,234356,484.65,100.03,-713.55,105,48465,10003,-71355,48465 -71355 10003 857 560862 -280403 0 3126
26,Tavnazian Safehold,159,Cornelia,41121,257,616,234516,234676,1371.04,-20.0,1199.91,110,137104,-2000,119991,137104 119991 -2000 3237 99979 -67739 996 2404
26,Tavnazian Safehold,161,Raogrimm,41123,257,55,235340,235384,209.49,20.52,-358.95,90,20949,2052,-35895,20949 -35895 2052 10 -363167 20791 -35427 -413245
26,Tavnazian Safehold,162,???,41124,257,5,235508,235676,1168.71,-85.0,1192.67,95,116871,-8500,119267,116871 119267 -8500 454 152862 -171415 723 -18183
26,Tavnazian Safehold,163,Diabolos,41125,257,307,235548,235704,-181.83,-173.0,992.42,120,-18183,-17300,99242,-18183 99242 -17300 3408 191 -30457 -8057 3114
26,Tavnazian Safehold,164,Diabolos,41126,257,10,235896,235940,-649.21,0.0,0.07,105,-64921,0,7,-64921 7 0 1 128 -3742 -29509 -23750
26,Tavnazian Safehold,165,Diabolos,41127,257,12,236060,236124,41.53,-227.5,-256.57,105,4153,-22750,-25657,4153 -25657 -22750 1445 79 2228224 -524241 -127107073
26,Tavnazian Safehold,168,Synergy Engineer,41130,257,1,246144,246156,-585.16,2.34,-545.34,90,-58516,234,-54534,-58516 -54534 234 0 1 4 12218 1234
26,Tavnazian Safehold,175,Owain,41138,257,30,350300,350364,-160.52,-258.56,1260.5,110,-16052,-25856,126050,-16052 126050 -25856 1548 557 15 13081 13082
26,Tavnazian Safehold,180,Ombelotte,41144,257,1,361244,361380,132.89,0.26,132.93,105,13289,26,13293,13289 13293 26 30 -50482 -41695 13300 111209
27,Phomiuna Aqueducts,261,???,45324,257,2,11160,11240,202.88,40.73,-60.12,90,20288,4073,-6012,20288 -6012 4073 13 60 -226697 20173 -5999
27,Phomiuna Aqueducts,263,Ornate Gate,45326,257,3,11080,11240,202.88,40.73,-60.12,90,20288,4073,-6012,20288 -6012 4073 13 60 -226697 20173 -5999
27,Phomiuna Aqueducts,264,Door_0rl,45327,257,1,11120,11240,202.88,40.73,-60.12,90,20288,4073,-6012,20288 -6012 4073 13 60 -226697 20173 -5999
27,Phomiuna Aqueducts,294,Nag'molada,45357,257,55,6560,6692,-1446.99,0.0,596.49,110,-144699,0,59649,-144699 59649 0 2222 -149900 59500 -999 -154580
27,Phomiuna Aqueducts,295,BOX,45358,257,4,7024,7052,600.5,0.0,-274.0,90,60050,0,-27400,60050 -27400 0 18 -134114816 8388607 25165879 58720896
27,Phomiuna Aqueducts,309,Fardimant,45373,257,54,11200,11240,202.88,40.73,-60.12,90,20288,4073,-6012,20288 -6012 4073 13 60 -226697 20173 -5999
27,Phomiuna Aqueducts,310,Enaremand,45374,257,25,11396,11424,177.74,24.33,-60.0,90,17774,2433,-6000,17774 -6000 2433 13 60 -222141 18500 40
28,Sacrarium,236,Tenzen,49395,257,107,6500,6636,161.14,-30.29,-65.6,120,16114,-3029,-6560,16114 -6560 -3029 2132 16566 5059 -2015 1834
28,Sacrarium,237,???,49396,257,14,6580,6636,161.14,-30.29,-65.6,120,16114,-3029,-6560,16114 -6560 -3029 2132 16566 5059 -2015 1834
28,Sacrarium,244,Ondieulix,49403,257,5,17760,17888,1325.0,-109.99,1246.0,95,132500,-10999,124600,132500 124600 -10999 3575 25 -134114816 8388607 25165879
28,Sacrarium,246,???,49405,257,1,17836,17888,1325.0,-109.99,1246.0,95,132500,-10999,124600,132500 124600 -10999 3575 25 -134114816 8388607 25165879
28,Sacrarium,251,Muchavatte,49410,257,8,17860,17888,1325.0,-109.99,1246.0,95,132500,-10999,124600,132500 124600 -10999 3575 25 -134114816 8388607 25165879
28,Sacrarium,253,Halaviabeau,49412,257,7,18460,18572,1340.37,-110.0,1231.27,95,134037,-11000,123127,134037 123127 -11000 2887 352 -2147460352 2147483640 2147483640
28,Sacrarium,254,Olbergieut,49413,257,9,18944,19056,1335.92,-110.0,1219.94,95,133592,-11000,121994,133592 121994 -11000 3000 352 -2147460352 2147483640 2147483640
28,Sacrarium,255,Mildaurion,49414,257,18,19672,19796,-812.0,10.24,-590.0,90,-81200,1024,-59000,-81200 -59000 1024 0 60 -19509 -88088 -59257
28,Sacrarium,256,Door:Papal Chamb,49415,257,2,19688,19796,-812.0,10.24,-590.0,90,-81200,1024,-59000,-81200 -59000 1024 0 60 -19509 -88088 -59257
28,Sacrarium,257,Diabolos,49416,257,19,19732,19796,-812.0,10.24,-590.0,90,-81200,1024,-59000,-81200 -59000 1024 0 60 -19509 -88088 -59257
28,Sacrarium,258,Diabolos,49417,257,8,19984,20048,-599.57,1.28,27.45,90,-59957,128,2745,-59957 2745 128 60 95 -2147460352 2147483640 2147483640
28,Sacrarium,259,Diabolos,49418,257,8,20164,20224,-990.16,36.78,-597.52,90,-99016,3678,-59752,-99016 -59752 3678 128 60 95 -2147460352 2147483640
28,Sacrarium,261,Yve'noile,49420,257,23,21428,21480,0.0,-130.0,-40.0,90,0,-13000,-4000,0 -4000 -13000 90 -2147460352 2147483640 2147483640 812346484
30,Riverne - Site #A01,236,Spatial Displace,57592,257,9,17572,17692,-317.05,-50.0,26.11,90,-31705,-5000,2611,-31705 2611 -5000 0 72 120 5000 54
30,Riverne - Site #A01,268,Prishe,57624,257,43,17600,17692,-317.05,-50.0,26.11,90,-31705,-5000,2611,-31705 2611 -5000 0 72 120 5000 54
30,Riverne - Site #A01,269,Ulmia,57625,257,19,18212,18272,-317.68,-40.0,26.25,90,-31768,-4000,2625,-31768 2625 -4000 13 0 72 120 4000
30,Riverne - Site #A01,288,Novice Moogle,57645,257,70,25468,25648,-440.0,0.2,7.38,90,-44000,20,738,-44000 738 20 13 -735389 -305106 -43800 -731697
30,Riverne - Site #A01,289,???,57646,257,93,25556,25648,-440.0,0.2,7.38,90,-44000,20,738,-44000 738 20 13 -735389 -305106 -43800 -731697
30,Riverne - Site #A01,290,Albanus,57647,257,41,26088,26140,-441.99,0.7,19.33,90,-44199,70,1933,-44199 1933 70 120 13 -736895 -306507 -43800
31,Monarch Linn,144,Cherukiki,61594,257,17,20040,20096,20.66,-1.0,-10.0,90,2066,-100,-1000,2066 -1000 -100 431 10 72 0 645404
31,Monarch Linn,145,Kukki-Chebukki,61595,257,17,20332,20388,19.96,-1.0,-10.0,90,1996,-100,-1000,1996 -1000 -100 431 647271 597527 63595 2065
31,Monarch Linn,146,Makki-Chebukki,61596,257,17,20588,20644,20.38,-1.0,-10.0,90,2038,-100,-1000,2038 -1000 -100 431 646837 600094 64047 2032
31,Monarch Linn,147,???,61597,257,8,25772,25816,-30.0,0.01,0.0,90,-3000,1,0,-3000 0 1 452 94 -523884 26378239 2147483640
31,Monarch Linn,167,???,61617,257,13,26376,26516,-8.51,-338.99,-925.39,120,-851,-33899,-92539,-851 -92539 -33899 2794 7666 3072 20 7667
31,Monarch Linn,172,Kenkyuin_A,61622,257,4,32728,32768,-71.15,-340.59,-893.35,105,-7115,-34059,-89335,-7115 -89335 -34059 2490 54 -2147460352 2147483640 2147483640
31,Monarch Linn,173,Kenkyuin_B,61623,257,4,32844,32872,-56.79,-340.59,-877.26,105,-5679,-34059,-87726,-5679 -87726 -34059 2580 37 -134114816 -1803550721 -2047
31,Monarch Linn,174,Kenkyuin_C,61624,257,4,32932,32960,0.0,-340.2,-853.21,105,0,-34020,-85321,0 -85321 -34020 3072 37 -134114816 -1803550721 -2047
31,Monarch Linn,175,Kenkyuin_D,61625,257,4,33020,33048,55.45,-340.59,-878.57,90,5545,-34059,-87857,5545 -87857 -34059 3643 37 -134114816 -1803550721 -2047
31,Monarch Linn,176,Kenkyuin_E,61626,257,4,33108,33228,28.0,-354.99,-1170.0,110,2800,-35499,-117000,2800 -117000 -35499 2048 13 1400 61 -134114816
31,Monarch Linn,177,Kenkyuin_F,61627,257,10,33196,33228,28.0,-354.99,-1170.0,110,2800,-35499,-117000,2800 -117000 -35499 2048 13 1400 61 -134114816
31,Monarch Linn,178,Kenkyuin_G,61628,257,10,33320,33364,40.96,-14.0,0.13,90,4096,-1400,13,4096 13 -1400 61 -134114816 -1803550721 -2047 3604607
32,Sealion's Den,148,ship,159,258,70,31148,31268,800.0,30.72,-300.0,90,80000,3072,-30000,80000 -30000 3072 60 10 -793000 290000 -251000
32,Sealion's Den,155,Jovial Rat,166,258,1,39900,40008,63.99,0.6,2.0,90,6399,60,200,6399 200 60 405 -503040 -491521 1952808959 -266441105
33,Al'Taieu,522,Dimensional Port,4625,258,1,8076,8212,-99.99,0.13,30.53,105,-9999,13,3053,-9999 3053 13 500 -463605 700 -464405 -463805
33,Al'Taieu,531,Jabbos,4634,258,20,11212,11316,-190.99,31.45,0.9,90,-19099,3145,90,-19099 90 3145 112 2228224 -524241 -127107073 8388607
33,Al'Taieu,537,Cherukiki,4640,258,67,13284,13468,-54.75,0.4,30.63,105,-5475,40,3063,-5475 3063 40 821 -519131 -4159 30 1200
33,Al'Taieu,552,Ulmia,4655,258,62,8168,8212,-99.99,0.13,30.53,105,-9999,13,3053,-9999 3053 13 500 -463605 700 -464405 -463805
33,Al'Taieu,553,Makki-Chebukki,4656,258,53,8716,8756,-37.57,0.4,10.85,90,-3757,40,1085,-3757 1085 40 102 -732589 5 26 -268
33,Al'Taieu,557,Shikaree Z,4660,258,25,8456,8604,-99.99,0.13,26.03,105,-9999,13,2603,-9999 2603 13 1200 -464276 20 -460924 -462276
33,Al'Taieu,558,Louverance,4661,258,51,8564,8604,-99.99,0.13,26.03,105,-9999,13,2603,-9999 2603 13 1200 -464276 20 -460924 -462276
33,Al'Taieu,561,???,4664,258,30,33380,33448,0.0,-354.99,-1060.65,110,0,-35499,-106065,0 -106065 -35499 3013 13 -101818 176 -2147460352
33,Al'Taieu,563,mithra,4666,258,12,33808,33848,-115.0,-30.0,270.0,105,-11500,-3000,27000,-11500 27000 -3000 2700 77 -134184704 1535115263 -491520
33,Al'Taieu,564,elv,4667,258,8,33948,33988,-65.0,15.0,290.0,105,-6500,1500,29000,-6500 29000 1500 3072 77 -134184704 1535115263 -491520
33,Al'Taieu,565,hume,4668,258,9,34088,34128,0.0,-20.0,305.0,105,0,-2000,30500,0 30500 -2000 3072 77 -134184704 1535115263 -491520
33,Al'Taieu,566,taru,4669,258,8,34228,34408,90.0,-20.0,265.0,90,9000,-2000,26500,9000 26500 -2000 3600 77 -134184704 1535115263 -491520
33,Al'Taieu,567,garu,4670,258,8,34368,34408,90.0,-20.0,265.0,90,9000,-2000,26500,9000 26500 -2000 3600 77 -134184704 1535115263 -491520
33,Al'Taieu,569,KODAI01,4672,258,6,35460,35508,-71.15,-340.59,-893.35,105,-7115,-34059,-89335,-7115 -89335 -34059 2490 51 -134114816 -1803550721 -2047
33,Al'Taieu,570,KODAI02,4673,258,6,35580,35628,-56.79,-340.59,-877.26,105,-5679,-34059,-87726,-5679 -87726 -34059 2580 51 -134114816 -1803550721 -2047
33,Al'Taieu,571,KODAI03,4674,258,6,35700,35744,0.0,-340.2,-853.21,105,0,-34020,-85321,0 -85321 -34020 3072 51 -134114816 -1803550721 -2047
33,Al'Taieu,572,KODAI04,4675,258,6,35816,35864,55.45,-340.59,-878.57,90,5545,-34059,-87857,5545 -87857 -34059 3643 51 -134114816 -1803550721 -2047
33,Al'Taieu,573,KODAI05,4676,258,6,35936,35964,71.12,-340.59,-893.15,90,7112,-34059,-89315,7112 -89315 -34059 3732 41 -134114816 -1803550721 -2047
34,Grand Palace of Hu'Xzoi,423,Prishe,8622,258,124,5636,5804,-0.04,24.99,-243.42,120,-4,2499,-24342,-4 -24342 2499 3075 645 -16321 4568 -1074
34,Grand Palace of Hu'Xzoi,439,Prishe,8638,258,52,18288,18380,45.68,41.24,-10.74,120,4568,4124,-1074,4568 -1074 4124 3302 4640 -875 3352 54
35,The Garden of Ru'Hmet,456,Particle Gate,12751,258,3,11612,11684,10.24,3.0,0.02,90,1024,300,2,1024 2 300 244 -2147465216 -2147408861 -2147319806 268436005
35,The Garden of Ru'Hmet,491,Warp_1F,12786,258,1,11944,11960,0.07,0.02,76.3,90,7,2,7630,7 7630 2 0 -420000 -1750 1000 1
35,The Garden of Ru'Hmet,495,4F_N_BOX,12790,258,21,15000,15160,-65.5,-52.0,0.0,90,-6550,-5200,0,-6550 0 -5200 54 90 -523886 5144575 16921079
35,The Garden of Ru'Hmet,496,???,12791,258,32,15084,15160,-65.5,-52.0,0.0,90,-6550,-5200,0,-6550 0 -5200 54 90 -523886 5144575 16921079
35,The Garden of Ru'Hmet,516,Selh'teus,12813,258,52,20352,20440,10.24,-44.83,27.68,120,1024,-4483,2768,1024 2768 -4483 3072 -43 1684 104 2228224
35,The Garden of Ru'Hmet,518,Tenzen,12815,258,58,20736,20844,-6.71,-5.0,-364.9,105,-671,-500,-36490,-671 -36490 -500 1016 40 -676 -52847 996
35,The Garden of Ru'Hmet,522,Nag'molada,12819,258,128,21520,21600,-0.03,74.99,266.95,100,-3,7499,26695,-3 26695 7499 3073 29 17100 19 3072
35,The Garden of Ru'Hmet,523,Makki-Chebukki,12820,258,29,21796,21924,-6.75,3.36,30.72,90,-675,336,3072,-675 3072 336 132 2228224 -524241 -127107073 8388607
35,The Garden of Ru'Hmet,524,Kukki-Chebukki,12821,258,29,22072,22196,-6.75,3.36,30.72,90,-675,336,3072,-675 3072 336 132 2228224 -524241 -127107073 8388607
35,The Garden of Ru'Hmet,525,Cherukiki,12822,258,29,22344,22468,-6.75,3.37,30.72,90,-675,337,3072,-675 3072 337 132 2228224 -524241 -127107073 8388607
35,The Garden of Ru'Hmet,535,Promathia,12832,258,70,37864,37940,-0.25,481.0,10.24,90,-25,48100,1024,-25 1024 48100 93 2228224 -524241 -127107073 8388607
37,Temenos,800,Matter Diffusion,21287,258,1,292,444,0.21,-23.8,960.0,105,21,-2380,96000,21 96000 -2380 22 -162380 23 24 25
39,Dynamis - Valkurm,619,???,29298,258,1,1180,1212,0.0,73.52,73.53,90,0,7352,7353,0 7353 7352 128 -2147465216 -2147399645 -2147334109 268567331
40,Dynamis - Buburimu,614,???,33389,258,1,1180,1212,0.0,73.52,73.53,90,0,7352,7353,0 7353 7352 128 -2147465216 -2147399645 -2147334109 268567331
41,Dynamis - Qufim,480,???,37351,258,1,1180,1212,0.0,73.52,73.53,90,0,7352,7353,0 7353 7352 128 -2147465216 -2147399645 -2147334109 268567331
42,Dynamis - Tavnazia,142,???,41109,258,1,1180,1212,0.0,73.52,73.53,90,0,7352,7353,0 7353 7352 128 -2147465216 -2147399645 -2147334109 268567331
43,Diorama Abdhaljs-Ghelsba,12,Pursuivant,45074,258,1,6368,6456,-1535.81,-99.76,680.91,110,-153581,-9976,68091,-153581 68091 -9976 1734 3 8930 -22844 -856
43,Diorama Abdhaljs-Ghelsba,13,Pursuivant,45075,258,1,6852,6940,-1535.81,-99.76,680.91,110,-153581,-9976,68091,-153581 68091 -9976 1734 3 8930 -22844 -856
43,Diorama Abdhaljs-Ghelsba,14,Pursuivant,45076,258,1,7336,7424,-1535.81,-99.76,680.91,110,-153581,-9976,68091,-153581 68091 -9976 1734 3 8930 -22844 -856
43,Diorama Abdhaljs-Ghelsba,15,Pursuivant,45077,258,1,7820,7908,-1535.81,-99.76,680.91,110,-153581,-9976,68091,-153581 68091 -9976 1734 3 8930 -22844 -856
45,Abyssea - Tahrongi,525,Veridical Conflu,53784,258,1,590368,590488,240.1,-166.82,-1715.87,95,24010,-16682,-171587,24010 -171587 -16682 2600 -290784 -171655 -25574 3232
45,Abyssea - Tahrongi,526,Veridical Conflu,53785,258,1,592524,592644,240.1,-166.82,-1715.87,95,24010,-16682,-171587,24010 -171587 -16682 2600 -290784 -171655 -25574 3232
45,Abyssea - Tahrongi,527,Veridical Conflu,53786,258,1,594680,594800,240.1,-166.82,-1715.87,95,24010,-16682,-171587,24010 -171587 -16682 2600 -290784 -171655 -25574 3232
45,Abyssea - Tahrongi,528,Veridical Conflu,53787,258,1,596836,596956,240.1,-166.82,-1715.87,95,24010,-16682,-171587,24010 -171587 -16682 2600 -290784 -171655 -25574 3232
45,Abyssea - Tahrongi,529,Veridical Conflu,53788,258,1,598992,599112,240.1,-166.82,-1715.87,95,24010,-16682,-171587,24010 -171587 -16682 2600 -290784 -171655 -25574 3232
45,Abyssea - Tahrongi,530,Veridical Conflu,53789,258,1,601148,601268,240.1,-166.82,-1715.87,95,24010,-16682,-171587,24010 -171587 -16682 2600 -290784 -171655 -25574 3232
45,Abyssea - Tahrongi,531,Veridical Conflu,53790,258,1,603304,603424,240.1,-166.82,-1715.87,95,24010,-16682,-171587,24010 -171587 -16682 2600 -290784 -171655 -25574 3232
45,Abyssea - Tahrongi,532,Veridical Conflu,53791,258,1,605460,605580,240.1,-166.82,-1715.87,95,24010,-16682,-171587,24010 -171587 -16682 2600 -290784 -171655 -25574 3232
45,Abyssea - Tahrongi,569,Gnarled Root,53829,258,1,623144,623168,79.19,79.2,1.2,90,7919,7920,120,7919 120 7920 29 -263568896 -125829121 1870659583 -2147465104
48,Al Zahbi,472,Rughadjeen,501,259,44,12216,12324,-746.0,-60.0,782.79,120,-74600,-6000,78279,-74600 78279 -6000 3086 7699 7700 278 -134114816
48,Al Zahbi,473,Gadalar,502,259,48,12632,12752,-1072.57,-60.0,354.99,95,-107257,-6000,35499,-107257 35499 -6000 3978 -41930 67042 2827 7710
48,Al Zahbi,474,Mihli Aliapoh,503,259,54,13080,13244,-226.68,-60.0,959.77,120,-22668,-6000,95977,-22668 95977 -6000 2062 47837 107037 0 1517
48,Al Zahbi,475,Zazarg,504,259,48,13984,14096,-618.8,-392.3,620.27,120,-61880,-39230,62027,-61880 62027 -39230 2576 -41383 104650 -7000 1549
48,Al Zahbi,476,Najelith,505,259,47,14448,14576,-604.12,-80.0,399.43,90,-60412,-8000,39943,-60412 39943 -8000 42 31 -65561 33045 -7000
48,Al Zahbi,514,Mutarid,543,259,25,34248,34316,0.01,398.73,437.54,100,1,39873,43754,1 43754 39873 2049 -67611 40026 2048 158
48,Al Zahbi,515,Syaid,544,259,25,34508,34576,0.01,385.27,453.34,100,1,38527,45334,1 45334 38527 2086 -65724 40706 2048 158
48,Al Zahbi,517,Gulool Ja Ja,546,259,17,35028,35080,-1117.74,20.0,680.51,95,-111774,2000,68051,-111774 68051 2000 13 -108930 68046 76 788537856
48,Al Zahbi,519,Medusa,548,259,14,35316,35500,-1125.06,19.99,666.73,95,-112506,1999,66673,-112506 66673 1999 2027 40 -106844 66381 76
48,Al Zahbi,520,Megomak,549,259,18,35448,35500,-1125.06,19.99,666.73,95,-112506,1999,66673,-112506 66673 1999 2027 40 -106844 66381 76
48,Al Zahbi,534,Escape Route,563,259,1,101920,101960,-915.0,-60.0,1015.0,95,-91500,-6000,101500,-91500 101500 -6000 1024 2 90 6439424 -3968
50,Aht Urhgan Whitegate,13,Muyadah,8211,259,1,93984,94168,0.6,46.82,46.79,105,60,4682,4679,60 4679 4682 13 -20000 -93917 0 -17655
50,Aht Urhgan Whitegate,14,Burnished Bones,8212,259,3,94128,94168,0.6,46.82,46.79,105,60,4682,4679,60 4679 4682 13 -20000 -93917 0 -17655
50,Aht Urhgan Whitegate,15,Esoteric Hound,8213,259,3,94328,94368,0.6,46.81,46.8,105,60,4681,4680,60 4680 4681 13 -349 -106367 0 -2450
50,Aht Urhgan Whitegate,40,Victory Gate,8241,259,2,460844,460904,-141.67,-60.0,293.16,105,-14167,-6000,29316,-14167 29316 -6000 185 40 -22038 26546 -5999
50,Aht Urhgan Whitegate,62,Malfud,8265,259,14,95324,95464,0.04,-147.07,-967.46,105,4,-14707,-96746,4 -96746 -14707 0 1684 45 0 922746880
50,Aht Urhgan Whitegate,63,Rubahah,8266,259,27,95408,95464,0.04,-147.07,-967.46,105,4,-14707,-96746,4 -96746 -14707 0 1684 45 0 922746880
50,Aht Urhgan Whitegate,68,Khaf Jhifanm,8271,259,1,95660,95844,783.23,-60.0,-1404.02,95,78323,-6000,-140402,78323 -140402 -6000 1846 72 -134114816 8388607 -523886
50,Aht Urhgan Whitegate,69,Hagakoff,8272,259,152,95684,95844,783.23,-60.0,-1404.02,95,78323,-6000,-140402,78323 -140402 -6000 1846 72 -134114816 8388607 -523886
50,Aht Urhgan Whitegate,70,Bajahb,8273,259,1,95720,95844,783.23,-60.0,-1404.02,95,78323,-6000,-140402,78323 -140402 -6000 1846 72 -134114816 8388607 -523886
50,Aht Urhgan Whitegate,71,Mazween,8274,259,1,95744,95844,783.23,-60.0,-1404.02,95,78323,-6000,-140402,78323 -140402 -6000 1846 72 -134114816 8388607 -523886
50,Aht Urhgan Whitegate,72,Fayeewah,8275,259,25,95768,95844,783.23,-60.0,-1404.02,95,78323,-6000,-140402,78323 -140402 -6000 1846 72 -134114816 8388607 -523886
50,Aht Urhgan Whitegate,73,Yafaaf,8276,259,104,333624,333728,630.31,0.0,-643.9,120,63031,0,-64390,63031 -64390 0 2281 62070 -68059 32 33
50,Aht Urhgan Whitegate,74,Wahnid,8277,259,1,96092,96280,-39.55,4.07,18.0,105,-3955,407,1800,-3955 1800 407 13 -144501 -3322 1999 60
50,Aht Urhgan Whitegate,75,Gathweeda,8278,259,1,96116,96280,-39.55,4.07,18.0,105,-3955,407,1800,-3955 1800 407 13 -144501 -3322 1999 60
50,Aht Urhgan Whitegate,76,Wahraga,8279,259,1,96140,96280,-39.55,4.07,18.0,105,-3955,407,1800,-3955 1800 407 13 -144501 -3322 1999 60
50,Aht Urhgan Whitegate,77,Maudaal,8280,259,116,96164,96280,-39.55,4.07,18.0,105,-3955,407,1800,-3955 1800 407 13 -144501 -3322 1999 60
50,Aht Urhgan Whitegate,79,Musdahl,8282,259,23,98848,98940,0.4,-49.23,857.8,105,40,-4923,85780,40 85780 -4923 60 96502 -4702 2 197
50,Aht Urhgan Whitegate,80,Jumaaf,8283,259,16,99172,99200,-646.68,0.1,-646.64,105,-64668,10,-64664,-64668 -64664 10 30 20 9308 40 85780
50,Aht Urhgan Whitegate,81,Qahzwin,8284,259,16,99408,99432,-646.68,0.11,-646.64,105,-64668,11,-64664,-64668 -64664 11 30 20 9309 40 85780
50,Aht Urhgan Whitegate,82,Kabihyam,8285,259,15,99648,99680,-646.68,0.1,-646.64,105,-64668,10,-64664,-64668 -64664 10 30 0 9310 40 85780
50,Aht Urhgan Whitegate,84,Mafwahb,8287,259,5,100384,100460,1512.3,-21.99,-12.14,95,151230,-2199,-1214,151230 -1214 -2199 15 151237 -3152 2048 2030
50,Aht Urhgan Whitegate,106,Nafiwaa,8309,259,21,110768,110868,258.69,-78.04,-455.84,120,25869,-7804,-45584,25869 -45584 -7804 1940 13 25533 -47092 6559
50,Aht Urhgan Whitegate,112,Rujen-Gorgen,8315,259,20,113720,113820,63.88,-116.79,-1152.68,110,6388,-11679,-115268,6388 -115268 -11679 1013 240 -103710 8257 773
50,Aht Urhgan Whitegate,116,Teteroon,8319,259,20,115464,115552,-40.0,-51.31,-911.06,120,-4000,-5131,-91106,-4000 -91106 -5131 616 480 -92318 -6176 -91287
50,Aht Urhgan Whitegate,130,Abquhbah,8333,259,1229,705264,705440,891.7,0.0,-760.09,90,89170,0,-76009,89170 -76009 0 13 86281 -75116 91177 -79497
50,Aht Urhgan Whitegate,131,Naja Salaheem,8334,259,1,126964,127064,233.94,-78.0,-418.95,90,23394,-7800,-41895,23394 -41895 -7800 492 7 55 174 171
50,Aht Urhgan Whitegate,138,Ghatsad,8341,259,335,429316,429496,14.31,430.88,-27.19,105,1431,43088,-2719,1431 -2719 43088 0 -2383 45790 -2413 44132
50,Aht Urhgan Whitegate,139,Automaton,8342,259,29,129880,129916,555.32,10.14,-88.0,120,55532,1014,-8800,55532 -8800 1014 850 95383 -25664 -6000 268
50,Aht Urhgan Whitegate,158,Razfahd,8361,259,265,429704,429744,-1954.71,-68.51,972.74,95,-195471,-6851,97274,-195471 97274 -6851 3397 15 855638016 -2147469567 -2147319807
50,Aht Urhgan Whitegate,161,???,8364,259,6,157952,158020,1.28,470.78,-56.4,90,128,47078,-5640,128 -5640 47078 81 2228224 -524241 -127107073 8388607
50,Aht Urhgan Whitegate,163,???,8366,259,6,158292,158360,1.28,440.38,-55.37,90,128,44038,-5537,128 -5537 44038 81 2228224 -524241 -127107073 8388607
50,Aht Urhgan Whitegate,165,???,8368,259,7,158632,158728,1.28,-110.53,-25.23,105,128,-11053,-2523,128 -2523 -11053 299 -67 47387 3078 5
50,Aht Urhgan Whitegate,166,???,8369,259,7,159188,159260,-110.05,0.43,20.48,90,-11005,43,2048,-11005 2048 43 92 2228224 -524241 -127107073 8388607
50,Aht Urhgan Whitegate,167,???,8370,259,7,159368,159432,1.28,-130.25,-25.07,90,128,-13025,-2507,128 -2507 -13025 43 92 2228224 -524241 -127107073
50,Aht Urhgan Whitegate,168,???,8371,259,7,159544,159616,-130.43,0.43,20.48,90,-13043,43,2048,-13043 2048 43 92 2228224 -524241 -127107073 8388607
50,Aht Urhgan Whitegate,169,???,8372,259,7,159724,159788,1.28,-150.35,-25.26,90,128,-15035,-2526,128 -2526 -15035 43 92 2228224 -524241 -127107073
50,Aht Urhgan Whitegate,170,???,8373,259,7,159900,159972,-149.79,0.43,20.48,90,-14979,43,2048,-14979 2048 43 92 2228224 -524241 -127107073 8388607
50,Aht Urhgan Whitegate,171,???,8374,259,7,160080,160144,1.28,-170.56,-25.07,90,128,-17056,-2507,128 -2507 -17056 43 92 2228224 -524241 -127107073
50,Aht Urhgan Whitegate,172,???,8375,259,7,160256,160328,-169.48,0.43,20.48,90,-16948,43,2048,-16948 2048 43 92 2228224 -524241 -127107073 8388607
50,Aht Urhgan Whitegate,173,???,8376,259,7,160436,160500,1.28,-190.94,-24.77,90,128,-19094,-2477,128 -2477 -19094 43 92 2228224 -524241 -127107073
50,Aht Urhgan Whitegate,174,???,8377,259,7,160612,160684,-190.05,0.43,20.48,90,-19005,43,2048,-19005 2048 43 92 2228224 -524241 -127107073 8388607
50,Aht Urhgan Whitegate,175,???,8378,259,7,160792,160856,1.28,-210.14,-25.33,90,128,-21014,-2533,128 -2533 -21014 43 92 2228224 -524241 -127107073
50,Aht Urhgan Whitegate,176,???,8379,259,7,160968,161040,-209.91,0.43,20.48,90,-20991,43,2048,-20991 2048 43 92 2228224 -524241 -127107073 8388607
50,Aht Urhgan Whitegate,177,???,8380,259,7,161148,161212,1.28,-230.23,-24.82,90,128,-23023,-2482,128 -2482 -23023 43 92 2228224 -524241 -127107073
50,Aht Urhgan Whitegate,178,???,8381,259,7,161324,161396,-229.62,0.43,20.48,90,-22962,43,2048,-22962 2048 43 92 2228224 -524241 -127107073 8388607
50,Aht Urhgan Whitegate,179,???,8382,259,7,161504,161576,1.28,-250.75,-24.97,90,128,-25075,-2497,128 -2497 -25075 43 4 174 171 14
50,Aht Urhgan Whitegate,180,???,8383,259,8,161804,161880,-250.01,0.43,20.48,90,-25001,43,2048,-25001 2048 43 93 2228224 -524241 -127107073 8388607
50,Aht Urhgan Whitegate,190,???,8393,259,1,174316,174360,-624.84,0.0,0.06,105,-62484,0,6,-62484 6 0 1 128 -3315 49516 4076
50,Aht Urhgan Whitegate,191,Aphmau,8394,259,373,174476,174636,-623.21,0.0,0.71,105,-62321,0,71,-62321 71 0 1 128 -2188 49750 241
50,Aht Urhgan Whitegate,195,Gessho,8398,259,417,179244,179408,687.46,-65.0,-1257.65,110,68746,-6500,-125765,68746 -125765 -6500 2025 72589 -126458 -6000 1355
50,Aht Urhgan Whitegate,197,Odin,8400,259,3,180008,180140,-520.7,35.84,345.1,90,-52070,3584,34510,-52070 34510 3584 96 788537856 -2048 19005567 -523985
50,Aht Urhgan Whitegate,199,Travialce,8402,259,142,180304,180420,715.75,-60.0,-1285.35,110,71575,-6000,-128535,71575 -128535 -6000 2297 74771 -126817 1533 13
50,Aht Urhgan Whitegate,203,Karababa,8406,259,376,184380,184536,685.76,-65.4,-1257.68,95,68576,-6540,-125768,68576 -125768 -6540 1149 11 -10 -93802 -65
50,Aht Urhgan Whitegate,206,Luzaf,8409,259,1,187432,187504,5.63,-262.7,-630.9,105,563,-26270,-63090,563 -63090 -26270 2848 11 -1260 -59842 -26259
50,Aht Urhgan Whitegate,207,Flit,8410,259,1,187640,187712,122.32,-89.99,-1088.29,95,12232,-8999,-108829,12232 -108829 -8999 954 578 -65579 -27249 3165
50,Aht Urhgan Whitegate,211,Salabwahn,8414,259,1,188116,188192,-515.78,0.13,-262.59,120,-51578,13,-26259,-51578 -26259 13 1136 -49414 -26249 101 2228224
50,Aht Urhgan Whitegate,213,Ayame,8416,259,47,188460,188624,689.02,-65.0,-1277.55,95,68902,-6500,-127755,68902 -127755 -6500 40 75607 -126792 -6000 36
50,Aht Urhgan Whitegate,214,Abquhbah,8417,259,93,188532,188624,689.02,-65.0,-1277.55,95,68902,-6500,-127755,68902 -127755 -6500 40 75607 -126792 -6000 36
50,Aht Urhgan Whitegate,215,Naji,8418,259,4,188592,188624,689.02,-65.0,-1277.55,95,68902,-6500,-127755,68902 -127755 -6500 40 75607 -126792 -6000 36
50,Aht Urhgan Whitegate,224,Cushion,8427,259,1,189536,189720,92.77,94.03,92.8,105,9277,9403,9280,9277 9280 9403 13 -74529 -83066 0 1236
50,Aht Urhgan Whitegate,225,Cacaroon,8428,259,335,189564,189720,92.77,94.03,92.8,105,9277,9403,9280,9277 9280 9403 13 -74529 -83066 0 1236
50,Aht Urhgan Whitegate,234,Ahaadah,8437,259,198,228020,228140,-972.55,2.4,19.99,105,-97255,240,1999,-97255 1999 240 13 21198 -98607 11 22097
50,Aht Urhgan Whitegate,235,Tinga-Matonga,8438,259,221,229012,229180,227.32,-10.0,-980.27,120,22732,-1000,-98027,22732 -98027 -1000 2194 21922 -97891 22064 -98046
50,Aht Urhgan Whitegate,236,Alcander,8439,259,207,231708,231840,232.92,9.21,-980.89,120,23292,921,-98089,23292 -98089 921 3110 4877 -35 -6658 -1138
50,Aht Urhgan Whitegate,237,Ratihb,8440,259,98,230456,230580,273.02,-60.0,-1212.79,95,27302,-6000,-121279,27302 -121279 -6000 992 13 27446 -124003 -5999
50,Aht Urhgan Whitegate,238,Imeeya,8441,259,68,231180,231316,-1042.5,0.0,-229.18,110,-104250,0,-22918,-104250 -22918 0 2635 40 -102148 -20207 176
50,Aht Urhgan Whitegate,239,Yazweel,8442,259,40,231524,231576,291.04,-59.99,-1212.67,95,29104,-5999,-121267,29104 -121267 -5999 1129 13 28979 -123881 29050
50,Aht Urhgan Whitegate,240,Taishu-Yaashu,8443,259,47,231760,231840,232.92,9.21,-980.89,120,23292,921,-98089,23292 -98089 921 3110 4877 -35 -6658 -1138
50,Aht Urhgan Whitegate,243,Fochacha,8446,259,185,233404,233480,-1286.51,0.03,-60.0,95,-128651,3,-6000,-128651 -6000 3 11 90763 -128294 -6499 13
50,Aht Urhgan Whitegate,244,Topok-Hippok,8447,259,306,233832,234012,-152.22,-59.99,518.88,120,-15222,-5999,51888,-15222 51888 -5999 1106 -17015 33695 1818 -11369
50,Aht Urhgan Whitegate,245,Maudadt,8448,259,174,234704,234852,-195.05,-59.99,292.54,105,-19505,-5999,29254,-19505 29254 -5999 4086 13 -17140 29540 -17310
50,Aht Urhgan Whitegate,246,Qutiba,8449,259,262,115404,115552,-40.0,-51.31,-911.06,120,-4000,-5131,-91106,-4000 -91106 -5131 616 480 -92318 -6176 -91287
50,Aht Urhgan Whitegate,248,Saliyahf,8451,259,351,239784,239900,-1146.03,0.0,-122.1,110,-114603,0,-12210,-114603 -12210 0 647 40 -112724 -7843 21901
50,Aht Urhgan Whitegate,249,Wazyih,8452,259,320,240324,240484,-940.1,-60.0,-934.55,120,-94010,-6000,-93455,-94010 -93455 -6000 1910 -59981 68784 0 1092
50,Aht Urhgan Whitegate,250,Caradoc,8453,259,52,241212,241288,268.98,-60.0,-1268.87,110,26898,-6000,-126887,26898 -126887 -6000 1140 -105015 -22331 507 14
50,Aht Urhgan Whitegate,251,Achetragond,8454,259,52,241444,241560,287.54,-60.0,-1268.88,110,28754,-6000,-126888,28754 -126888 -6000 1089 -103616 -21440 647 3
50,Aht Urhgan Whitegate,254,Bernahn,8457,259,209,266620,266728,122.68,19.99,-1020.31,110,12268,1999,-102031,12268 -102031 1999 1000 12134 -102864 12219 -97976
50,Aht Urhgan Whitegate,255,Faihal,8458,259,360,266924,267032,535.47,-60.0,-219.92,105,53547,-6000,-21992,53547 -21992 -6000 3696 40 51282 -4797 52211
50,Aht Urhgan Whitegate,256,Galiwao,8459,259,252,266932,267032,535.47,-60.0,-219.92,105,53547,-6000,-21992,53547 -21992 -6000 3696 40 51282 -4797 52211
50,Aht Urhgan Whitegate,257,Kobdyu,8460,259,219,268996,269180,-17.62,-17.9,-955.0,120,-1762,-1790,-95500,-1762 -95500 -1790 1017 5374 6 120 -80187
50,Aht Urhgan Whitegate,258,Deminza,8461,259,212,267496,267592,-199.97,20.82,0.0,105,-19997,2082,0,-19997 0 2082 40 51723 -19868 -5999 51694
50,Aht Urhgan Whitegate,259,Bernahn,8462,259,21,269892,269932,-904.13,9.96,0.0,90,-90413,996,0,-90413 0 996 13 98726 -96990 97157 -100206
50,Aht Urhgan Whitegate,260,Faihal,8463,259,15,269864,269932,-904.13,9.96,0.0,90,-90413,996,0,-90413 0 996 13 98726 -96990 97157 -100206
50,Aht Urhgan Whitegate,268,???,8471,259,24,288300,288356,-648.14,0.0,0.1,105,-64814,0,10,-64814 10 0 1 128 -26361 853 9
50,Aht Urhgan Whitegate,269,???,8472,259,24,288528,288580,-648.14,0.0,0.09,105,-64814,0,9,-64814 9 0 1 128 -941 -27366 370
50,Aht Urhgan Whitegate,275,Lathuya,8478,259,385,314060,314240,-979.26,-59.99,319.4,120,-97926,-5999,31940,-97926 31940 -5999 1003 11 -98025 29102 -97997
50,Aht Urhgan Whitegate,276,Kushdeel,8479,259,360,314084,314240,-979.26,-59.99,319.4,120,-97926,-5999,31940,-97926 31940 -5999 1003 11 -98025 29102 -97997
50,Aht Urhgan Whitegate,277,???,8480,259,14,314504,314548,-648.14,0.0,0.06,105,-64814,0,6,-64814 6 0 1 128 -1415 11038 3905
50,Aht Urhgan Whitegate,278,Luqrabah,8481,259,18,314664,314728,37.87,20.13,-273.42,90,3787,2013,-27342,3787 -27342 2013 79 2228224 -524241 -127107073 8388607
50,Aht Urhgan Whitegate,279,Wathdeeh,8482,259,14,314824,314888,39.16,17.16,-258.64,90,3916,1716,-25864,3916 -25864 1716 79 2228224 -524241 -127107073 8388607
50,Aht Urhgan Whitegate,280,Harjeel,8483,259,17,314984,315048,30.92,10.6,-248.97,90,3092,1060,-24897,3092 -24897 1060 79 2228224 -524241 -127107073 8388607
50,Aht Urhgan Whitegate,285,Hadahda,8488,259,85,323584,323724,-608.09,0.15,0.75,90,-60809,15,75,-60809 75 15 13 -105539 -60609 -105715 -63581
50,Aht Urhgan Whitegate,286,Mushayra,8489,259,75,324132,324308,0.0,0.9,32.49,120,0,90,3249,0 3249 90 2690 -87377 -7861 2275 1
50,Aht Urhgan Whitegate,287,Ekhu Pesshyadha,8490,259,117,325152,325312,50.27,33.16,-873.14,105,5027,3316,-87314,5027 -87314 3316 0 2543 -88226 4991 -87516
50,Aht Urhgan Whitegate,290,Mhasbaf,8493,259,101,326892,327012,543.95,-60.0,109.96,90,54395,-6000,10996,54395 10996 -6000 231 -266452480 478150655 18710528 39527296
50,Aht Urhgan Whitegate,292,Tehf Kimasnahya,8495,259,310,327400,327556,-914.04,0.0,61.79,105,-91404,0,6179,-91404 6179 0 60 30 -93247 5913 -89897
50,Aht Urhgan Whitegate,293,Bashraf,8496,259,384,333576,333728,630.31,0.0,-643.9,120,63031,0,-64390,63031 -64390 0 2281 62070 -68059 32 33
50,Aht Urhgan Whitegate,296,Adahva,8499,259,51,333696,333728,630.31,0.0,-643.9,120,63031,0,-64390,63031 -64390 0 2281 62070 -68059 32 33
50,Aht Urhgan Whitegate,298,Iruki-Waraki,8501,259,323,360116,360240,990.64,59.99,-297.22,120,99064,5999,-29722,99064 -29722 5999 1793 99985 -27857 -5999 4093
50,Aht Urhgan Whitegate,300,Elisabeth,8503,259,27,360352,360396,-991.85,0.0,-57.07,120,-99185,0,-5707,-99185 -5707 0 2096 13 -106586 -6189 3059
50,Aht Urhgan Whitegate,301,Yafahb,8504,259,48,360512,360548,940.56,-59.99,-288.9,105,94056,-5999,-28890,94056 -28890 -5999 46 40 100069 -29451 -108509
50,Aht Urhgan Whitegate,302,Abeesha,8505,259,56,360780,360864,20.0,-84.12,-126.02,90,2000,-8412,-12602,2000 -12602 -8412 90 156 922755584 -2147385344 -2147254270
50,Aht Urhgan Whitegate,303,Laruha,8506,259,47,360956,361080,27.76,-200.0,0.13,120,2776,-20000,13,2776 13 -20000 1000 -14673 -10473 90 40
50,Aht Urhgan Whitegate,306,Warjal,8509,259,91,362764,362952,286.71,-78.04,-456.65,105,28671,-7804,-45665,28671 -45665 -7804 565 0 0 8388757 196758
50,Aht Urhgan Whitegate,317,Harbuhl,8520,259,73,458752,458820,-25.89,-60.0,274.63,120,-2589,-6000,27463,-2589 27463 -6000 2349 13 -9235 27132 30
50,Aht Urhgan Whitegate,318,Nizahluf,8521,259,46,459228,459292,0.95,-60.0,266.84,120,95,-6000,26684,95 26684 -6000 2349 13 -8698 26324 30
50,Aht Urhgan Whitegate,319,Yazhaal,8522,259,45,459644,459708,2.87,-60.0,281.0,120,287,-6000,28100,287 28100 -6000 2349 13 -8216 27734 30
50,Aht Urhgan Whitegate,320,Minfram,8523,259,76,460020,460136,675.4,-65.0,-1265.92,110,67540,-6500,-126592,67540 -126592 -6500 1228 -59679 -184583 5440 756
50,Aht Urhgan Whitegate,321,Yajahm,8524,259,30,460356,460388,-604.1,55.41,-1895.64,95,-60410,5541,-189564,-60410 -189564 5541 2425 13 -59336 -194926 5790
50,Aht Urhgan Whitegate,322,Rafsween,8525,259,43,460496,460612,0.0,-226.44,40.64,120,0,-22644,4064,0 4064 -22644 1385 -21815 7647 100 3604480
50,Aht Urhgan Whitegate,333,???,8536,259,1,471336,471384,-59.99,0.19,30.93,120,-5999,19,3093,-5999 3093 19 563 22700 -45591 -7804 27048
50,Aht Urhgan Whitegate,337,Fari-Wari,8540,259,460,553176,553332,850.38,-59.99,-1306.87,95,85038,-5999,-130687,85038 -130687 -5999 1047 40 85402 -135128 81695
50,Aht Urhgan Whitegate,338,Biyaada,8541,259,112,553284,553332,850.38,-59.99,-1306.87,95,85038,-5999,-130687,85038 -130687 -5999 1047 40 85402 -135128 81695
50,Aht Urhgan Whitegate,339,Rughadjeen,8542,259,4,553520,553620,-630.97,-60.0,467.92,105,-63097,-6000,46792,-63097 46792 -6000 2900 -63961 49869 -63937 57395
50,Aht Urhgan Whitegate,340,Rughadjeen,8543,259,32,554020,554084,763.55,-59.99,-1349.33,95,76355,-5999,-134933,76355 -134933 -5999 754 13 79087 -136260 1
50,Aht Urhgan Whitegate,341,Gadalar,8544,259,22,556132,556264,961.58,84.55,-389.79,120,96158,8455,-38979,96158 -38979 8455 621 106568 -30878 13 93022
50,Aht Urhgan Whitegate,342,Najelith,8545,259,15,556068,556248,-466.06,1.21,81.01,105,-46606,121,8101,-46606 8101 121 18 96158 -38979 8455 621
50,Aht Urhgan Whitegate,344,Mihli Aliapoh,8547,259,14,556164,556264,961.58,84.55,-389.79,120,96158,8455,-38979,96158 -38979 8455 621 106568 -30878 13 93022
50,Aht Urhgan Whitegate,345,Nateeyu,8548,259,2,554220,554248,-681.61,-155.0,558.92,105,-68161,-15500,55892,-68161 55892 -15500 1000 21 20119552 52520122 25165825
50,Aht Urhgan Whitegate,346,Gadalar,8549,259,6,554816,554936,-671.48,-59.99,207.77,105,-67148,-5999,20777,-67148 20777 -5999 40 -64436 21893 -6000 -63513
50,Aht Urhgan Whitegate,347,Missahd,8550,259,1,554292,554328,-53.51,0.13,-19.99,105,-5351,13,-1999,-5351 -1999 13 434 -22466 0 31 3276800
50,Aht Urhgan Whitegate,348,Yamuld,8551,259,3,554476,554584,-9.54,2.13,-18.2,105,-954,213,-1820,-954 -1820 213 40 107291 -973 0 1323
50,Aht Urhgan Whitegate,349,Vatharad,8552,259,3,554484,554584,-9.54,2.13,-18.2,105,-954,213,-1820,-954 -1820 213 40 107291 -973 0 1323
50,Aht Urhgan Whitegate,368,Wasuhd,8571,259,123,548244,548424,1465.66,0.77,-64.03,110,146566,77,-6403,146566 -6403 77 2473 70887 -129354 3072 73746
50,Aht Urhgan Whitegate,369,Ratihb,8572,259,148,548900,548976,725.19,-60.0,-1319.25,95,72519,-6000,-131925,72519 -131925 -6000 2316 71528 -128436 75001 -135293
50,Aht Urhgan Whitegate,370,Qutiba,8573,259,21,549072,549120,923.41,-65.0,-1299.8,110,92341,-6500,-129980,92341 -129980 -6500 3426 77326 -131863 1064 54
50,Aht Urhgan Whitegate,371,Mutihb,8574,259,48,549208,549276,915.43,-64.99,-1287.53,110,91543,-6499,-128753,91543 -128753 -6499 1064 135785 10482 -2000 3994
50,Aht Urhgan Whitegate,372,Yazquhl,8575,259,13,549604,549636,1492.92,-20.0,-16.24,110,149292,-2000,-1624,149292 -1624 -2000 2032 13 136770 1664 27
50,Aht Urhgan Whitegate,374,Qultada,8577,259,18,549740,549916,1366.33,-20.0,-34.46,110,136633,-2000,-3446,136633 -3446 -2000 1300 137773 -3416 2759 40
50,Aht Urhgan Whitegate,375,Qultada,8578,259,25,549876,549916,1366.33,-20.0,-34.46,110,136633,-2000,-3446,136633 -3446 -2000 1300 137773 -3416 2759 40
50,Aht Urhgan Whitegate,376,Zweeha,8579,259,56,550060,550184,707.36,-60.0,-1297.43,95,70736,-6000,-129743,70736 -129743 -6000 1030 72486 -127751 75484 -125076
50,Aht Urhgan Whitegate,377,Aznahf,8580,259,18,550384,550468,735.88,-59.99,-1282.48,95,73588,-5999,-128248,73588 -128248 -5999 2207 76531 -127077 84289 -119804
50,Aht Urhgan Whitegate,378,Gowam,8581,259,4,550612,550704,887.13,-60.0,-1251.57,95,88713,-6000,-125157,88713 -125157 -6000 448 13 120813 396 0
50,Aht Urhgan Whitegate,379,BLU01,8582,259,12,550672,550704,887.13,-60.0,-1251.57,95,88713,-6000,-125157,88713 -125157 -6000 448 13 120813 396 0
50,Aht Urhgan Whitegate,381,BLU03,8584,259,6,550832,550996,1379.58,-20.0,78.53,95,137958,-2000,7853,137958 7853 -2000 3994 121245 -1043 32 -127139840
50,Aht Urhgan Whitegate,382,BLU03,8585,259,4,550900,550996,1379.58,-20.0,78.53,95,137958,-2000,7853,137958 7853 -2000 3994 121245 -1043 32 -127139840
50,Aht Urhgan Whitegate,383,BLU03,8586,259,6,550928,550996,1379.58,-20.0,78.53,95,137958,-2000,7853,137958 7853 -2000 3994 121245 -1043 32 -127139840
50,Aht Urhgan Whitegate,388,Balajaha,8591,259,74,551656,551840,-658.2,0.0,-846.99,105,-65820,0,-84699,-65820 -84699 0 1837 13 -72521 -87115 -72535
50,Aht Urhgan Whitegate,389,Teepapa,8592,259,32,551812,551840,-658.2,0.0,-846.99,105,-65820,0,-84699,-65820 -84699 0 1837 13 -72521 -87115 -72535
50,Aht Urhgan Whitegate,390,Liliroon,8593,259,328,551924,551992,348.84,-66.01,-523.16,105,34884,-6601,-52316,34884 -52316 -6601 3066 13 34101 -55132 -6605
50,Aht Urhgan Whitegate,391,Wiyaom,8594,259,44,552280,552328,279.54,-78.04,-442.7,105,27954,-7804,-44270,27954 -44270 -7804 13 25562 -44983 80 32141
50,Aht Urhgan Whitegate,392,Sazog,8595,259,119,552484,552508,0.4,-70.03,-921.04,90,40,-7003,-92104,40 -92104 -7003 0 17 3276800 16785280 58720896
50,Aht Urhgan Whitegate,397,Iron Eater,8600,259,59,556648,556728,920.52,84.55,-419.67,105,92052,8455,-41967,92052 -41967 8455 13 93483 -40498 54 3604480
50,Aht Urhgan Whitegate,398,Talhaal,8601,259,145,556512,556540,725.62,-60.0,-1300.44,95,72562,-6000,-130044,72562 -130044 -6000 1043 40 76877 -135588 78655
50,Aht Urhgan Whitegate,399,Zazarg,8602,259,160,556192,556264,961.58,84.55,-389.79,120,96158,8455,-38979,96158 -38979 8455 621 106568 -30878 13 93022
50,Aht Urhgan Whitegate,400,Odilon,8603,259,51,556676,556728,920.52,84.55,-419.67,105,92052,8455,-41967,92052 -41967 8455 13 93483 -40498 54 3604480
50,Aht Urhgan Whitegate,401,Joaquin,8604,259,52,556812,556872,-422.82,0.3,84.55,105,-42282,30,8455,-42282 8455 30 13 94430 -41240 60 73
50,Aht Urhgan Whitegate,419,Mishhar,8622,259,386,573572,573736,-119.18,-60.0,275.38,105,-11918,-6000,27538,-11918 27538 -6000 186 13 -12512 25130 -5999
50,Aht Urhgan Whitegate,420,Isween,8623,259,168,574688,574792,-272.17,-59.99,69.34,120,-27217,-5999,6934,-27217 6934 -5999 3052 13 -27581 10267 -27387
50,Aht Urhgan Whitegate,423,Attendant,8626,259,11,579664,579752,1158.0,-60.0,-946.73,110,115800,-6000,-94673,115800 -94673 -6000 1877 9 9743 3 9745
50,Aht Urhgan Whitegate,424,Attendant,8627,259,9,586576,586628,1168.33,-60.0,-619.6,110,116833,-6000,-61960,116833 -61960 -6000 1600 116890 -94834 1865 0
50,Aht Urhgan Whitegate,425,Attendant,8628,259,9,593356,593424,1156.13,-60.0,-972.73,95,115613,-6000,-97273,115613 -97273 -6000 2150 1 0 3 9745
50,Aht Urhgan Whitegate,426,Attendant,8629,259,9,600140,600192,1168.88,-60.0,-659.84,110,116888,-6000,-65984,116888 -65984 -6000 2185 116673 -97031 2109 1
50,Aht Urhgan Whitegate,442,Macici,8645,259,105,705404,705440,891.7,0.0,-760.09,90,89170,0,-76009,89170 -76009 0 13 86281 -75116 91177 -79497
50,Aht Urhgan Whitegate,516,Mikilulu,8719,259,225,739576,739756,-547.1,60.44,-989.09,105,-54710,6044,-98909,-54710 -98909 6044 4 120 -141666 -8099 90
50,Aht Urhgan Whitegate,517,Clavauert,8720,259,441,742248,742316,587.84,20.48,-106.75,90,58784,2048,-10675,58784 -10675 2048 10 13 -482497 58155 120
50,Aht Urhgan Whitegate,582,Synergy Engineer,8785,259,1,765720,765732,-585.16,2.34,-545.34,90,-58516,234,-54534,-58516 -54534 234 0 1 4 13508 1234
50,Aht Urhgan Whitegate,608,Voidwatch Purvey,8812,259,1,912088,912100,-631.35,0.44,-645.68,90,-63135,44,-64568,-63135 -64568 44 0 1 2 14227 3434
51,Wajaom Woodlands,529,Engraved Tablet,12828,259,1,6460,6516,-80.0,73.33,8.6,90,-8000,7333,860,-8000 860 7333 126 604053504 -2147385344 36012034 -2147348480
51,Wajaom Woodlands,530,Engraved Tablet,12829,259,1,6660,6676,0.07,0.01,73.35,90,7,1,7335,7 7335 1 0 -56812 -649554 -12115 2560
51,Wajaom Woodlands,541,Qultada,12841,259,29,6104,6168,820.88,26.58,-115.38,90,82088,2658,-11538,82088 -11538 2658 13 -211207 83977 -9763 30
51,Wajaom Woodlands,542,Imutira,12842,259,52,5912,6060,842.71,26.58,-116.11,90,84271,2658,-11611,84271 -11611 2658 13 -214048 85580 -10311 45
51,Wajaom Woodlands,543,Yazquhl,12843,259,7,6012,6060,842.71,26.58,-116.11,90,84271,2658,-11611,84271 -11611 2658 13 -214048 85580 -10311 45
51,Wajaom Woodlands,544,Gowam,12844,259,6,6140,6168,820.88,26.58,-115.38,90,82088,2658,-11538,82088 -11538 2658 13 -211207 83977 -9763 30
51,Wajaom Woodlands,550,Leypoint,12850,259,5,14700,14776,-1987.07,-342.58,786.83,95,-198707,-34258,78683,-198707 78683 -34258 2928 17 570425344 922825472 -2147385344
51,Wajaom Woodlands,554,Najelith,12854,259,336,51496,51668,0.1,10.47,-343.14,105,10,1047,-34314,10 -34314 1047 13 30 -55936 11 84570
51,Wajaom Woodlands,555,Zazarg,12855,259,61,55524,55704,789.3,0.05,-60.0,105,78930,5,-6000,78930 -6000 5 3564 13 -571173 38559 1999
51,Wajaom Woodlands,556,Zazarg,12856,259,242,55628,55704,789.3,0.05,-60.0,105,78930,5,-6000,78930 -6000 5 3564 13 -571173 38559 1999
51,Wajaom Woodlands,557,Zazarg,12857,259,13,56076,56140,-802.65,19.99,805.31,105,-80265,1999,80531,-80265 80531 1999 3561 43 -73683 85679 18
51,Wajaom Woodlands,558,Azahma,12858,259,73,52192,52284,0.38,-180.37,-23.73,90,38,-18037,-2373,38 -2373 -18037 0 20 1835008 -2147405184 -2147352545
51,Wajaom Woodlands,559,Yabeesha,12859,259,61,52256,52444,-1225.17,0.36,0.3,110,-122517,36,30,-122517 30 36 3087 -2942 0 2854 -16344
51,Wajaom Woodlands,560,Wayaati,12860,259,61,52324,52444,-1225.17,0.36,0.3,110,-122517,36,30,-122517 30 36 3087 -2942 0 2854 -16344
51,Wajaom Woodlands,561,Shaldeea,12861,259,44,52388,52444,-1225.17,0.36,0.3,110,-122517,36,30,-122517 30 36 3087 -2942 0 2854 -16344
51,Wajaom Woodlands,564,Yashtra,12864,259,145,52680,52804,10.14,0.0,-364.77,120,1014,0,-36477,1014 -36477 0 1047 999 -53773 117 20119552
51,Wajaom Woodlands,567,Rughadjeen,12867,259,294,102896,103056,-1325.22,0.3,-60.0,110,-132522,30,-6000,-132522 -6000 30 680 78642 -119395 3 2
51,Wajaom Woodlands,582,Odilon,12882,259,81,56104,56140,-802.65,19.99,805.31,105,-80265,1999,80531,-80265 80531 1999 3561 43 -73683 85679 18
51,Wajaom Woodlands,583,Joaquin,12883,259,114,56288,56324,-809.04,19.99,819.7,105,-80904,1999,81970,-80904 81970 1999 3563 43 -75231 87127 5
51,Wajaom Woodlands,587,Razfahd,12887,259,52,56944,57072,0.4,-39.33,-861.28,105,40,-3933,-86128,40 -86128 -3933 0 8034 -87427 1999 4000
51,Wajaom Woodlands,588,Kaduru-Haiduru,12888,259,15,57736,57840,-673.44,19.99,1055.63,95,-67344,1999,105563,-67344 105563 1999 3564 45 -72541 95757 10
51,Wajaom Woodlands,589,Halshaob,12889,259,31,57568,57608,-954.82,24.87,2.01,105,-95482,2487,201,-95482 201 2487 14 119452 -1078 0 13
51,Wajaom Woodlands,590,Ashzal,12890,259,58,57292,57352,214.09,0.0,-921.44,105,21409,0,-92144,21409 -92144 0 14 121049 -2070 18988 -94052
51,Wajaom Woodlands,591,Hijamahl,12891,259,44,57044,57072,0.4,-39.33,-861.28,105,40,-3933,-86128,40 -86128 -3933 0 8034 -87427 1999 4000
51,Wajaom Woodlands,592,Whamaad,12892,259,37,57164,57196,-874.27,40.0,19.99,105,-87427,4000,1999,-87427 1999 4000 40 10305 -94672 13 -89235
51,Wajaom Woodlands,640,Watisa,12940,259,1,59668,59692,-0.04,0.0,80.17,90,-4,0,8017,-4 8017 0 201 -1 138 8011 8014
51,Wajaom Woodlands,666,Fari-Wari,12966,259,393,102928,103056,-1325.22,0.3,-60.0,110,-132522,30,-6000,-132522 -6000 30 680 78642 -119395 3 2
51,Wajaom Woodlands,667,Biyaada,12967,259,48,81956,81992,850.38,-59.99,-1306.87,95,85038,-5999,-130687,85038 -130687 -5999 1047 40 85402 -135128 81695
51,Wajaom Woodlands,668,Rughadjeen,12968,259,167,82128,82212,-630.97,-60.0,467.92,105,-63097,-6000,46792,-63097 46792 -6000 2900 -63961 49869 -63937 57395
51,Wajaom Woodlands,669,Missahd,12969,259,35,82504,82544,-53.51,0.13,-19.99,105,-5351,13,-1999,-5351 -1999 13 434 -22466 0 32 838860800
51,Wajaom Woodlands,671,Vatharad,12971,259,34,82704,82816,-9.54,2.13,-18.2,105,-954,213,-1820,-954 -1820 213 40 107291 -973 0 1323
51,Wajaom Woodlands,675,Sajalda,12975,259,21,83056,83216,-671.48,-59.99,207.77,105,-67148,-5999,20777,-67148 20777 -5999 40 -64436 21893 -6000 -63513
51,Wajaom Woodlands,681,Ratihb,12981,259,1,83580,83736,-635.41,-60.0,258.31,90,-63541,-6000,25831,-63541 25831 -6000 128 180 120 6 0
51,Wajaom Woodlands,683,Rishfee,12983,259,36,83644,83736,-635.41,-60.0,258.31,90,-63541,-6000,25831,-63541 25831 -6000 128 180 120 6 0
51,Wajaom Woodlands,684,Mnejing,12984,259,1,84104,84176,-629.73,-59.99,571.84,90,-62973,-5999,57184,-62973 57184 -5999 24 838860800 2064384 -2147319807 18841603
51,Wajaom Woodlands,685,Ovjang,12985,259,45,84136,84304,-629.58,-69.99,416.31,120,-62958,-6999,41631,-62958 41631 -6999 3100 -63429 43606 -7000 3300
51,Wajaom Woodlands,686,Aphmau,12986,259,78,84216,84304,-629.58,-69.99,416.31,120,-62958,-6999,41631,-62958 41631 -6999 3100 -63429 43606 -7000 3300
51,Wajaom Woodlands,687,Halbeeya,12987,259,16,84420,84564,800.79,-60.0,-1346.09,95,80079,-6000,-134609,80079 -134609 -6000 13 83553 -130291 37 84215
51,Wajaom Woodlands,688,Zubyahn,12988,259,16,85340,85484,800.79,-60.0,-1346.09,95,80079,-6000,-134609,80079 -134609 -6000 13 83553 -130291 37 84215
51,Wajaom Woodlands,689,Mafwahb,12989,259,3,86260,86364,-681.61,-155.0,558.92,105,-68161,-15500,55892,-68161 55892 -15500 1000 24 855638016 851425793 -2147483389
51,Wajaom Woodlands,690,Kalimahf,12990,259,3,86292,86364,-681.61,-155.0,558.92,105,-68161,-15500,55892,-68161 55892 -15500 1000 24 855638016 851425793 -2147483389
51,Wajaom Woodlands,691,Nateeyu,12991,259,25,86324,86364,-681.61,-155.0,558.92,105,-68161,-15500,55892,-68161 55892 -15500 1000 24 855638016 851425793 -2147483389
51,Wajaom Woodlands,694,Ratihb,12994,259,14,101132,101300,800.79,-60.0,-1346.09,95,80079,-6000,-134609,80079 -134609 -6000 13 83553 -130291 37 84215
51,Wajaom Woodlands,695,Najelith,12995,259,84,81860,81992,850.38,-59.99,-1306.87,95,85038,-5999,-130687,85038 -130687 -5999 1047 40 85402 -135128 81695
51,Wajaom Woodlands,696,Gadalar,12996,259,35,102072,102196,800.79,-60.0,-1346.09,95,80079,-6000,-134609,80079 -134609 -6000 13 83553 -130291 37 84215
51,Wajaom Woodlands,697,Wajran,12997,259,111,104200,104292,-1325.22,0.3,-60.0,110,-132522,30,-6000,-132522 -6000 30 680 78642 -119395 3 2
51,Wajaom Woodlands,698,PAKU02,12998,259,114,104824,104916,-1325.22,0.3,-60.0,110,-132522,30,-6000,-132522 -6000 30 680 78642 -119395 3 2
51,Wajaom Woodlands,699,PAKU03,12999,259,117,105456,105548,-1325.22,0.3,-60.0,110,-132522,30,-6000,-132522 -6000 30 680 78642 -119395 3 2
51,Wajaom Woodlands,700,FAN3,13000,259,56,106088,106180,-1325.22,0.3,-60.0,110,-132522,30,-6000,-132522 -6000 30 680 78642 -119395 3 2
51,Wajaom Woodlands,701,FAN4,13001,259,56,106712,106804,-1325.22,0.3,-60.0,110,-132522,30,-6000,-132522 -6000 30 680 78642 -119395 3 2
51,Wajaom Woodlands,702,FAN7,13002,259,96,107336,107428,-1325.22,0.3,-60.0,110,-132522,30,-6000,-132522 -6000 30 680 78642 -119395 3 2
51,Wajaom Woodlands,703,FAN8,13003,259,98,107960,108052,-1325.22,0.3,-60.0,110,-132522,30,-6000,-132522 -6000 30 680 78642 -119395 3 2
51,Wajaom Woodlands,705,Shayadar,13005,259,199,111676,111812,800.79,-60.0,-1346.09,95,80079,-6000,-134609,80079 -134609 -6000 13 83553 -130291 37 84215
51,Wajaom Woodlands,706,Habadahl,13006,259,15,102968,103056,-1325.22,0.3,-60.0,110,-132522,30,-6000,-132522 -6000 30 680 78642 -119395 3 2
51,Wajaom Woodlands,707,Malzaab,13007,259,25,103584,103672,-1325.22,0.3,-60.0,110,-132522,30,-6000,-132522 -6000 30 680 78642 -119395 3 2
51,Wajaom Woodlands,708,HEI1,13008,259,6,109212,109300,-1325.22,0.3,-60.0,110,-132522,30,-6000,-132522 -6000 30 680 78642 -119395 3 2
51,Wajaom Woodlands,709,HEI3,13009,259,6,109828,109916,-1325.22,0.3,-60.0,110,-132522,30,-6000,-132522 -6000 30 680 78642 -119395 3 2
51,Wajaom Woodlands,710,HEI5,13010,259,6,110444,110532,-1325.22,0.3,-60.0,110,-132522,30,-6000,-132522 -6000 30 680 78642 -119395 3 2
51,Wajaom Woodlands,711,HEI7,13011,259,6,111060,111148,-1325.22,0.3,-60.0,110,-132522,30,-6000,-132522 -6000 30 680 78642 -119395 3 2
51,Wajaom Woodlands,712,Wajran,13012,259,22,102960,103056,-1325.22,0.3,-60.0,110,-132522,30,-6000,-132522 -6000 30 680 78642 -119395 3 2
52,Bhaflau Thickets,417,Kamih Mapokhalam,16811,259,11,4072,4196,73.57,2.4,1.8,90,7357,240,180,7357 180 240 13 -458477 -3015 -16000 2048
52,Bhaflau Thickets,418,Hamta-Iramta,16812,259,7,4092,4196,73.57,2.4,1.8,90,7357,240,180,7357 180 240 13 -458477 -3015 -16000 2048
53,Nashmau,12,Bellowing Scout,20498,259,11,20284,20356,-537.96,227.71,0.0,105,-53796,22771,0,-53796 0 22771 2146 -55189 117 -1040896 1886355455
53,Nashmau,15,Teco Chatpaya,20501,259,2,20192,20356,-537.96,227.71,0.0,105,-53796,22771,0,-53796 0 22771 2146 -55189 117 -1040896 1886355455
53,Nashmau,35,Mimiroon,20523,259,1,74488,74672,0.02,105.19,105.18,90,2,10519,10518,2 10518 10519 11 -2147476224 -2147410653 -16768733 16994352
53,Nashmau,36,Pipiroon,20524,259,1,74512,74672,0.02,105.19,105.18,90,2,10519,10518,2 10518 10519 11 -2147476224 -2147410653 -16768733 16994352
53,Nashmau,37,Poporoon,20525,259,2,74564,74672,0.02,105.19,105.18,90,2,10519,10518,2 10518 10519 11 -2147476224 -2147410653 -16768733 16994352
53,Nashmau,38,Wata Khamazom,20526,259,1,74612,74672,0.02,105.19,105.18,90,2,10519,10518,2 10518 10519 11 -2147476224 -2147410653 -16768733 16994352
53,Nashmau,39,Guhyun,20527,259,1,74656,74672,0.02,105.19,105.18,90,2,10519,10518,2 10518 10519 11 -2147476224 -2147410653 -16768733 16994352
53,Nashmau,42,Buburoon,20530,259,44,75344,75432,152.35,0.0,-387.43,120,15235,0,-38743,15235 -38743 0 1335 18013 -35233 1306 15436
53,Nashmau,43,Zazaroon,20531,259,20,75724,75776,-140.45,19.99,-617.37,105,-14045,1999,-61737,-14045 -61737 1999 2082 40 -9636 -50530 78
53,Nashmau,44,Nadeeha,20532,259,1,75888,76060,105.57,-410.94,-141.25,120,10557,-41094,-14125,10557 -14125 -41094 2415 -13181 -41192 -13170 -37720
53,Nashmau,45,Mumuroon,20533,259,22,75996,76060,105.57,-410.94,-141.25,120,10557,-41094,-14125,10557 -14125 -41094 2415 -13181 -41192 -13170 -37720
53,Nashmau,46,Kyokyoroon,20534,259,150,76196,76284,-182.28,0.0,-428.92,120,-18228,0,-42892,-18228 -42892 0 2414 -18699 -43726 -15689 -36407
53,Nashmau,49,Chuchuroon,20537,259,5,78804,78856,-67.91,0.0,-427.07,105,-6791,0,-42707,-6791 -42707 0 1126 70 -1040896 1933311 18686848
53,Nashmau,50,Tsotsoroon,20538,259,32,78948,79036,138.96,0.0,-382.06,120,13896,0,-38206,13896 -38206 0 1093 13750 -40650 14010 -35722
53,Nashmau,51,Sisiroon,20539,259,83,79308,79444,105.81,-380.37,125.76,120,10581,-38037,12576,10581 12576 -38037 2652 10302 -37994 518 8467
53,Nashmau,52,Loloroon,20540,259,12,79956,80036,210.09,-59.99,633.69,90,21009,-5999,63369,21009 63369 -5999 40 99 -1040896 1933311 18686848
53,Nashmau,53,Tataroon,20541,259,28,80156,80220,-173.81,0.0,-388.01,120,-17381,0,-38801,-17381 -38801 0 2415 -17791 -37690 -16271 -34676
53,Nashmau,54,Jojoroon,20542,259,28,80400,80472,146.77,0.0,-404.1,120,14677,0,-40410,14677 -40410 0 2904 16515 -40788 2358 8216
53,Nashmau,58,Tsutsuroon,20546,259,92,81976,82028,127.57,0.0,-400.31,120,12757,0,-40031,12757 -40031 0 3365 9321 -45840 3948 12993
53,Nashmau,60,Pyopyoroon,20548,259,139,81288,81448,107.48,-426.47,-49.69,120,10748,-42647,-4969,10748 -4969 -42647 1126 -15069 -61125 1999 2082
53,Nashmau,70,Ququroon,20558,259,251,82636,82748,-1.97,0.0,668.09,100,-197,0,66809,-197 66809 0 842 10617 40 2426 10435
53,Nashmau,71,Yadhiwa,20559,259,35,82996,83068,-276.52,-114.63,-0.78,90,-27652,-11463,-78,-27652 -78 -11463 104 1330249728 -268369072 847249407 2064384
53,Nashmau,72,Totoroon,20560,259,111,83188,83288,137.72,0.4,-441.74,120,13772,40,-44174,13772 -44174 40 1275 -36156 98 0 -4066
53,Nashmau,73,Gehuha,20561,259,1,85608,85748,63.99,0.6,2.0,105,6399,60,200,6399 200 60 551 -503040 -491521 1952808959 -266441105
53,Nashmau,77,Gessho,20565,259,107,98776,98848,-151.42,19.99,-624.73,120,-15142,1999,-62473,-15142 -62473 1999 3035 -14568 -59571 60 100
53,Nashmau,89,Liliroon,20577,259,93,112248,112380,-170.83,-60.0,680.64,120,-17083,-6000,68064,-17083 68064 -6000 2920 -17035 71598 1024 -5497
53,Nashmau,93,Yoyoroon,20581,259,354,131272,131424,717.05,36.0,-60.0,105,71705,3600,-6000,71705 -6000 3600 14 -14110 69052 843 160
53,Nashmau,94,Tsetseroon,20582,259,49,132136,132240,-54.97,-59.99,662.52,105,-5497,-5999,66252,-5497 66252 -5999 881 150 2228224 -524241 -127107073
53,Nashmau,100,Dnegan,20588,259,25,83580,83768,-10.7,0.0,-253.75,120,-1070,0,-25375,-1070 -25375 0 1245 -4226 -34300 -4493 -33593
53,Nashmau,101,Yafahb,20589,259,311,83628,83768,-10.7,0.0,-253.75,120,-1070,0,-25375,-1070 -25375 0 1245 -4226 -34300 -4493 -33593
53,Nashmau,102,Automaton,20590,259,37,84188,84284,12.44,0.0,-244.4,120,1244,0,-24440,1244 -24440 0 1378 -1906 -34060 -2511 -35288
53,Nashmau,103,Elisabeth,20591,259,148,79300,79444,105.81,-380.37,125.76,120,10581,-38037,12576,10581 12576 -38037 2652 10302 -37994 518 8467
53,Nashmau,104,Iruki-Waraki,20592,259,283,84792,84948,-473.9,-407.19,-71.07,120,-47390,-40719,-7107,-47390 -7107 -40719 3476 -17547 -34305 169 -8086
53,Nashmau,110,lamia,20598,259,9,151108,151236,-172.39,0.0,-416.4,120,-17239,0,-41640,-17239 -41640 0 2414 40 -15862 -37686 -12250
53,Nashmau,112,Galiwao,20600,259,76,80392,80472,146.77,0.0,-404.1,120,14677,0,-40410,14677 -40410 0 2904 16515 -40788 2358 8216
53,Nashmau,113,Kobdyu,20601,259,42,151452,151480,-151.08,0.0,-411.8,120,-15108,0,-41180,-15108 -41180 0 2415 40 -15862 -37686 -6656
53,Nashmau,114,Deminza,20602,259,47,151348,151376,-169.6,0.0,-396.06,120,-16960,0,-39606,-16960 -39606 0 2415 40 -15862 -37686 -6656
53,Nashmau,115,Halshaob,20603,259,12,154476,154540,276.93,-59.99,-830.92,120,27693,-5999,-83092,27693 -83092 -5999 782 11239 30 11240 11241
53,Nashmau,118,Kakkaroon,20606,259,180,179716,179792,-310.72,-340.62,182.21,120,-31072,-34062,18221,-31072 18221 -34062 1753 13 19478 -28241 18174
53,Nashmau,119,Rapipi,20607,259,203,180600,180688,65.02,0.0,-244.09,105,6502,0,-24409,6502 -24409 0 25 18008 -26679 9 17092
53,Nashmau,120,Eohoh,20608,259,138,180012,180084,-268.05,-270.54,-102.65,120,-26805,-27054,-10265,-26805 -10265 -27054 1550 -64014 180 68 3276800
53,Nashmau,121,Rutta-Watta,20609,259,237,180180,180264,56.61,0.0,-236.25,105,5661,0,-23625,5661 -23625 0 38 17581 -26017 17021 -25221
53,Nashmau,122,Kakkarroon2,20610,259,14,179684,179792,-310.72,-340.62,182.21,120,-31072,-34062,18221,-31072 18221 -34062 1753 13 19478 -28241 18174
54,Arrapago Reef,515,Irurusi,25102,259,1,41848,42004,80.18,0.01,80.2,90,8018,1,8020,8018 8020 1 22 -2147476224 -2147410653 268501795 10977282
54,Arrapago Reef,516,Ashutarihu,25103,259,1,41984,42004,80.18,0.01,80.2,90,8018,1,8020,8018 8020 1 22 -2147476224 -2147410653 268501795 10977282
54,Arrapago Reef,591,Gowam,25181,259,48,40256,40424,-78.2,-282.49,349.74,120,-7820,-28249,34974,-7820 34974 -28249 3057 40 -5597 24120 -22000
54,Arrapago Reef,594,crew3,25184,259,9,40636,40764,835.29,12.03,-96.46,105,83529,1203,-9646,83529 -9646 1203 13 -195879 85325 -8193 -201928
54,Arrapago Reef,595,Qultada,25185,259,452,39660,39816,894.78,2.23,-106.91,120,89478,223,-10691,89478 -10691 223 1180 25690 -33999 2238 3
54,Arrapago Reef,597,Imutira,25187,259,136,39108,39220,-100.0,0.14,27.91,120,-10000,14,2791,-10000 2791 14 2834 26423 -33999 1785 98
54,Arrapago Reef,598,Yazquhl,25188,259,83,39744,39816,894.78,2.23,-106.91,120,89478,223,-10691,89478 -10691 223 1180 25690 -33999 2238 3
54,Arrapago Reef,599,BLU01,25189,259,13,40728,40764,835.29,12.03,-96.46,105,83529,1203,-9646,83529 -9646 1203 13 -195879 85325 -8193 -201928
54,Arrapago Reef,600,BLU02,25190,259,6,40892,40920,878.32,12.04,-87.05,105,87832,1204,-8705,87832 -8705 1204 13 -197979 87852 -8488 30
54,Arrapago Reef,601,BLU03,25191,259,6,40984,41124,-19.06,-219.99,153.6,105,-1906,-21999,15360,-1906 15360 -21999 3392 480996 87770 -11000 4081
54,Arrapago Reef,602,Qultada,25192,259,26,36972,37004,-116.27,-220.0,213.03,120,-11627,-22000,21303,-11627 21303 -22000 2317 866 864 91 922746880
54,Arrapago Reef,609,Gessho,25199,259,40,72032,72104,-0.14,-219.99,187.21,105,-14,-21999,18721,-14 18721 -21999 1031 -458776 -407716 -3000 2048
54,Arrapago Reef,610,???,25200,259,13,72232,72304,85.9,10.24,-282.56,90,8590,1024,-28256,8590 -28256 1024 82 2228224 -524241 -127107073 8388607
54,Arrapago Reef,612,Gessho,25202,259,25,72668,72740,-1.01,-219.99,172.94,120,-101,-21999,17294,-101 17294 -21999 1024 -466 19496 -22000 691
54,Arrapago Reef,613,???,25203,259,30,72868,72948,85.9,10.24,-282.56,120,8590,1024,-28256,8590 -28256 1024 1505 15972 -22999 2610 97
54,Arrapago Reef,614,1,25204,259,31,73080,73156,-26.71,-219.99,146.99,105,-2671,-21999,14699,-2671 14699 -21999 3446 60 91 2228224 -524241
54,Arrapago Reef,615,2,25205,259,22,73272,73352,-220.0,0.6,27.2,90,-22000,60,2720,-22000 2720 60 90 2228224 -524241 -127107073 8388607
54,Arrapago Reef,616,3,25206,259,15,73460,73536,-219.99,0.6,23.68,90,-21999,60,2368,-21999 2368 60 89 2228224 -524241 -127107073 8388607
54,Arrapago Reef,617,4,25207,259,22,73644,73716,-45.14,-220.0,202.0,90,-4514,-22000,20200,-4514 20200 -22000 4090 60 90 2228224 -524241
54,Arrapago Reef,618,5,25208,259,22,73832,73912,-220.19,0.6,20.45,90,-22019,60,2045,-22019 2045 60 90 2228224 -524241 -127107073 8388607
54,Arrapago Reef,619,6,25209,259,14,74020,74088,-52.32,-220.0,173.15,90,-5232,-22000,17315,-5232 17315 -22000 3795 60 89 2228224 -524241
54,Arrapago Reef,621,Flit,25211,259,94,74604,74660,-329.96,-30.87,-225.09,120,-32996,-3087,-22509,-32996 -22509 -3087 1006 -29999 664 -1433 7424
54,Arrapago Reef,622,Mnejing,25212,259,90,75528,75568,-63.08,-272.49,-702.06,120,-6308,-27249,-70206,-6308 -70206 -27249 1509 -58531 -26259 -6969 -23012
54,Arrapago Reef,623,Ovjang,25213,259,163,75064,75204,-555.14,0.1,-262.59,120,-55514,10,-26259,-55514 -26259 10 2973 -57567 -26249 -5175 -23228
54,Arrapago Reef,624,Aphmau,25214,259,270,74848,74916,-729.5,0.4,-272.49,120,-72950,40,-27249,-72950 -27249 40 1139 -54885 -26259 -2299 -19261
54,Arrapago Reef,628,Luzaf,25218,259,230,74831,74895,46.07,0.0,2.56,105,4607,0,256,4607 256 0 3328 -1047040 -18674945 -6975489 10495
54,Arrapago Reef,629,Salabwahn,25219,259,22,75888,75916,0.2,-262.6,-522.65,90,20,-26260,-52265,20 -52265 -26260 22 3276800 16785280 58720896 1862344576
54,Arrapago Reef,672,Merrow No.1,25262,259,31,195360,195412,12.52,12.58,12.59,90,1252,1258,1259,1252 1259 1258 95 -513024 -491521 1886617599 1392521264
55,Ilrusi Atoll,158,Rune of Release,28831,259,1,264,284,73.28,0.0,0.01,90,7328,0,1,7328 1 0 38 -2147474432 -2147319807 268436005 419463170
55,Ilrusi Atoll,184,Ulbuun,28860,259,1,208,284,73.28,0.0,0.01,90,7328,0,1,7328 1 0 38 -2147474432 -2147319807 268436005 419463170
56,Periqia,217,Rune of Release,32986,259,1,1064,1084,73.28,0.0,0.01,90,7328,0,1,7328 1 0 38 -2147474432 -2147319807 268436005 419463170
57,Talacca Cove,191,Iron Gate,37067,259,1,20560,20704,-1437.48,20.9,-73.47,110,-143748,2090,-7347,-143748 -7347 2090 2300 6695 183569 -712 3860
57,Talacca Cove,192,Iron Gate,37068,259,1,20588,20704,-1437.48,20.9,-73.47,110,-143748,2090,-7347,-143748 -7347 2090 2300 6695 183569 -712 3860
57,Talacca Cove,199,Wasuhd,37075,259,165,20616,20704,-1437.48,20.9,-73.47,110,-143748,2090,-7347,-143748 -7347 2090 2300 6695 183569 -712 3860
57,Talacca Cove,200,Yazquhl,37076,259,59,21184,21236,96.5,-5.72,1883.52,90,9650,-572,188352,9650 188352 -572 1900 10262 186125 -817 3860
57,Talacca Cove,201,Gowam,37077,259,30,21532,21636,185.36,-4.58,1803.38,90,18536,-458,180338,18536 180338 -458 2088 25992 177307 -467 2851
57,Talacca Cove,202,Qultada,37078,259,65,21796,21848,188.46,-4.49,1769.9,110,18846,-449,176990,18846 176990 -449 3505 -180226 175985 39574 964
57,Talacca Cove,203,Qultada,37079,259,17,21972,21996,-1802.26,395.74,1759.85,95,-180226,39574,175985,-180226 175985 39574 964 12 -2147469568 -2147319807 32771
57,Talacca Cove,204,Qultada,37080,259,59,22028,22192,197.77,-4.24,1761.11,90,19777,-424,176111,19777 176111 -424 3057 20637 177772 -417 2100
57,Talacca Cove,205,Zweeha,37081,259,28,22140,22192,197.77,-4.24,1761.11,90,19777,-424,176111,19777 176111 -424 3057 20637 177772 -417 2100
57,Talacca Cove,206,Mutihb,37082,259,7,22300,22468,-666.48,-85.68,-1437.95,95,-66648,-8568,-143795,-66648 -143795 -8568 3164 12 3604480 41943424 8389504
61,Mount Zhayolm,465,Engraved Tablet,53723,259,1,5080,5136,-145.0,75.69,10.24,90,-14500,7569,1024,-14500 1024 7569 126 604053504 -2147385344 36012034 -2147348480
61,Mount Zhayolm,509,Rudhinaaf,53768,259,43,67968,68132,-11.0,0.02,-291.43,105,-1100,2,-29143,-1100 -29143 2 862 115 196476928 -2147385344 -2147254270
61,Mount Zhayolm,510,hei02,53769,259,44,68068,68132,-11.0,0.02,-291.43,105,-1100,2,-29143,-1100 -29143 2 862 115 196476928 -2147385344 -2147254270
61,Mount Zhayolm,513,hei05,53772,259,54,68468,68632,-4.6,0.02,-246.82,105,-460,2,-24682,-460 -24682 2 862 115 196476928 -2147385344 -2147254270
61,Mount Zhayolm,514,hei06,53773,259,42,68568,68632,-4.6,0.02,-246.82,105,-460,2,-24682,-460 -24682 2 862 115 196476928 -2147385344 -2147254270
63,Lebros Cavern,214,Rune of Release,61655,259,1,316,336,72.27,0.0,0.01,90,7227,0,1,7227 1 0 38 -2147474432 -2147319807 268436005 419463170
65,Mamook,528,Mishhar,4637,260,51,15212,15308,-915.57,9.52,-268.94,90,-91557,952,-26894,-91557 -26894 952 40 220758 -95199 -25720 218391
65,Mamook,556,Salwa-Molwa,4665,260,359,35160,35292,1119.27,149.52,-1568.2,110,111927,14952,-156820,111927 -156820 14952 3513 128737 -55833 -12073 4078
65,Mamook,557,Mikilulu,4666,260,52,34728,34844,-547.1,60.44,-989.09,90,-54710,6044,-98909,-54710 -98909 6044 49 1 40 6 90
66,Mamool Ja Training Grounds,256,Rune of Release,8449,260,1,3976,3996,73.28,0.0,0.01,90,7328,0,1,7328 1 0 38 -2147474432 -2147319807 268436005 419463170
66,Mamool Ja Training Grounds,277,Zahakahm,8472,260,1,3824,3996,73.28,0.0,0.01,90,7328,0,1,7328 1 0 38 -2147474432 -2147319807 268436005 419463170
66,Mamool Ja Training Grounds,284,Garjham,8481,260,1,3920,3996,73.28,0.0,0.01,90,7328,0,1,7328 1 0 38 -2147474432 -2147319807 268436005 419463170
67,Jade Sepulcher,204,Bashraf,12504,260,34,50192,50372,-273.89,-59.99,289.93,90,-27389,-5999,28993,-27389 28993 -5999 425 3706 234055 243960 -31006
67,Jade Sepulcher,205,Foudeel,12505,260,42,50608,50776,-284.19,-59.99,275.06,90,-28419,-5999,27506,-28419 27506 -5999 278 237828 236483 -31280 3706
67,Jade Sepulcher,206,Wahboud,12506,260,52,51716,51900,-300.35,-59.99,182.93,105,-30035,-5999,18293,-30035 18293 -5999 3398 13 239758 241738 -31547
67,Jade Sepulcher,207,Harbuhl,12507,260,61,51440,51596,-310.35,0.6,40.39,105,-31035,60,4039,-31035 4039 60 30 9 -24778 27585 -6000
67,Jade Sepulcher,208,Nizahluf,12508,260,36,51548,51596,-310.35,0.6,40.39,105,-31035,60,4039,-31035 4039 60 30 9 -24778 27585 -6000
67,Jade Sepulcher,209,Yazhaal,12509,260,37,51712,51900,-300.35,-59.99,182.93,105,-30035,-5999,18293,-30035 18293 -5999 3398 13 239758 241738 -31547
67,Jade Sepulcher,210,Minfram,12510,260,47,51844,51900,-300.35,-59.99,182.93,105,-30035,-5999,18293,-30035 18293 -5999 3398 13 239758 241738 -31547
67,Jade Sepulcher,212,Mishhar,12512,260,107,50184,50372,-273.89,-59.99,289.93,90,-27389,-5999,28993,-27389 28993 -5999 425 3706 234055 243960 -31006
67,Jade Sepulcher,228,Gessho,12528,260,123,55780,55868,-314.99,37.76,5.0,90,-31499,3776,500,-31499 500 3776 91 2228224 -524241 -127107073 8388607
67,Jade Sepulcher,234,Luzaf,12534,260,41,56840,56892,-335.35,0.01,0.01,90,-33535,1,1,-33535 1 1 8 -2147434496 78592 17051896 3
67,Jade Sepulcher,235,Flit,12535,260,54,56876,56892,-335.35,0.01,0.01,90,-33535,1,1,-33535 1 1 8 -2147434496 78592 17051896 3
67,Jade Sepulcher,236,Flit,12536,260,11,56916,56932,-335.35,0.01,0.01,90,-33535,1,1,-33535 1 1 8 -2147434496 78592 17051897 3
67,Jade Sepulcher,237,Mnejing,12537,260,11,56956,56972,-335.35,0.01,0.01,90,-33535,1,1,-33535 1 1 8 -2147434496 78592 17051898 13
68,Aydeewa Subterrane,645,???,17038,260,12,23348,23512,2.2,-7.5,-310.1,105,220,-750,-31010,220 -31010 -750 1023 15 128 120 -327690
68,Aydeewa Subterrane,648,???,17041,260,30,47796,47884,20.87,18.81,-278.23,90,2087,1881,-27823,2087 -27823 1881 85 2228224 -524241 -127107073 8388607
68,Aydeewa Subterrane,649,???,17042,260,19,48188,48304,-9.41,3.7,-273.66,90,-941,370,-27366,-941 -27366 370 85 2228224 -524241 -127107073 8388607
68,Aydeewa Subterrane,650,???,17043,260,10,48216,48304,-9.41,3.7,-273.66,90,-941,370,-27366,-941 -27366 370 85 2228224 -524241 -127107073 8388607
68,Aydeewa Subterrane,652,Raubahn,17045,260,92,48636,48744,1.28,30.72,-340.44,105,128,3072,-34044,128 -34044 3072 10 -34 -38419 12 79105
68,Aydeewa Subterrane,653,Luqrabah,17046,260,12,48992,49084,8.58,12.3,-304.32,90,858,1230,-30432,858 -30432 1230 103 2228224 -524241 -127107073 8388607
68,Aydeewa Subterrane,654,Wathdeeh,17047,260,14,49204,49296,-7.98,8.34,-304.65,90,-798,834,-30465,-798 -30465 834 103 2228224 -524241 -127107073 8388607
68,Aydeewa Subterrane,659,Kushdeel,17052,260,47,51804,51872,-265.32,22.4,359.63,90,-26532,2240,35963,-26532 35963 2240 79 2228224 -524241 -127107073 8388607
68,Aydeewa Subterrane,660,???,17053,260,26,51968,52036,-248.56,36.05,375.09,90,-24856,3605,37509,-24856 37509 3605 81 2228224 -524241 -127107073 8388607
68,Aydeewa Subterrane,662,Ovjang,17055,260,163,52448,52576,-125.55,30.72,371.92,90,-12555,3072,37192,-12555 37192 3072 40 -288028 6720 36859 -293093
68,Aydeewa Subterrane,663,Karababa,17056,260,141,52852,52936,-160.83,25.12,368.5,90,-16083,2512,36850,-16083 36850 2512 10 -285854 -40184 36804 -319250
68,Aydeewa Subterrane,664,King of Hearts,17057,260,124,53136,53224,-198.84,20.49,356.89,90,-19884,2049,35689,-19884 35689 2049 11 -286290 -38531 36833 30
68,Aydeewa Subterrane,665,Razfahd,17058,260,42,53476,53552,-175.46,29.45,368.6,90,-17546,2945,36860,-17546 36860 2945 11 -318148 -18693 36817 -313549
68,Aydeewa Subterrane,668,Rishfee,17061,260,99,57836,57924,-198.36,32.36,369.67,90,-19836,3236,36967,-19836 36967 3236 30 9 -316749 -18437 36838
68,Aydeewa Subterrane,669,Amnaf,17062,260,50,58128,58212,-201.14,31.75,369.77,90,-20114,3175,36977,-20114 36977 3175 10 -315783 -17595 36854 5
68,Aydeewa Subterrane,670,Molaal Ja,17063,260,15,58608,58680,-127.67,30.72,372.0,90,-12767,3072,37200,-12767 37200 3072 13 -323724 -6873 36807 94
68,Aydeewa Subterrane,671,Flit,17064,260,16,58808,58880,-125.28,33.0,368.06,90,-12528,3300,36806,-12528 36806 3300 38 -320834 -11506 36786 99
68,Aydeewa Subterrane,675,Rughadjeen,17068,260,123,60012,60112,797.51,-3.24,274.78,100,79751,-324,27478,79751 27478 -324 1059 79561 17912 0 1118
68,Aydeewa Subterrane,677,Najelith,17070,260,62,60384,60504,789.54,-3.16,207.76,100,78954,-316,20776,78954 20776 -316 3000 78156 21141 38 -61520
68,Aydeewa Subterrane,683,Aphmau,17076,260,84,61076,61264,-580.21,1.99,-1197.7,95,-58021,199,-119770,-58021 -119770 199 13 -52661 -122191 -199 9
68,Aydeewa Subterrane,684,Nadeey,17077,260,10,61204,61264,-580.21,1.99,-1197.7,95,-58021,199,-119770,-58021 -119770 199 13 -52661 -122191 -199 9
68,Aydeewa Subterrane,691,Eunheem,17084,260,14,61232,61264,-580.21,1.99,-1197.7,95,-58021,199,-119770,-58021 -119770 199 13 -52661 -122191 -199 9
69,Leujaoam Sanctum,90,Qiqirn Dealer,20570,260,17,736,776,73.28,0.0,0.01,90,7328,0,1,7328 1 0 38 -2147474432 -2147319807 268436005 419463170
69,Leujaoam Sanctum,174,Rune of Release,20655,260,1,756,776,73.28,0.0,0.01,90,7328,0,1,7328 1 0 38 -2147474432 -2147319807 268436005 419463170
70,Chocobo Circuit,23,Markovich,24603,260,211,411108,411292,-554.09,0.0,-798.81,105,-55409,0,-79881,-55409 -79881 0 30 -55009 -82412 52 0
70,Chocobo Circuit,24,Sakura,24604,260,201,411236,411292,-554.09,0.0,-798.81,105,-55409,0,-79881,-55409 -79881 0 30 -55009 -82412 52 0
70,Chocobo Circuit,25,Pieuje,24605,260,323,401840,401932,-540.32,0.3,-814.25,90,-54032,30,-81425,-54032 -81425 30 104 0 0 -2147483466 46080
70,Chocobo Circuit,26,Kupipi,24606,260,146,402052,402120,-540.32,0.3,-814.25,90,-54032,30,-81425,-54032 -81425 30 44 0 0 528482354 41943296
70,Chocobo Circuit,32,cameraA,24612,260,232,415116,415196,-20.0,34.5,505.32,105,-2000,3450,50532,-2000 50532 3450 1 2 -146000 2000 51409
70,Chocobo Circuit,33,cameraB,24613,260,89,415148,415196,-20.0,34.5,505.32,105,-2000,3450,50532,-2000 50532 3450 1 2 -146000 2000 51409
70,Chocobo Circuit,36,cameraA,24616,260,266,235640,235748,-20.0,34.5,505.32,105,-2000,3450,50532,-2000 50532 3450 1 2 -146000 2000 51409
70,Chocobo Circuit,37,cameraB,24617,260,93,235704,235748,-20.0,34.5,505.32,105,-2000,3450,50532,-2000 50532 3450 1 2 -146000 2000 51409
70,Chocobo Circuit,91,Iluprassa,24672,260,1,531928,532036,63.99,0.6,2.0,90,6399,60,200,6399 200 60 405 -503040 -491521 1952808959 -266441105
70,Chocobo Circuit,105,Ilsoire,24686,260,1,418832,418896,63.99,2.0,92.11,105,6399,200,9211,6399 9211 200 18 -60623 -125579 -14500 -1024
70,Chocobo Circuit,106,Foulneporde,24687,260,1,419340,419404,63.99,2.0,92.11,105,6399,200,9211,6399 9211 200 18 -60623 -125579 -14500 -1024
70,Chocobo Circuit,107,Mulaitrand,24688,260,1,419848,419912,63.99,2.0,92.11,105,6399,200,9211,6399 9211 200 18 -60623 -125579 -14500 -1024
70,Chocobo Circuit,108,Saffaullette,24689,260,1,420356,420420,63.99,2.0,92.11,105,6399,200,9211,6399 9211 200 18 -60623 -125579 -14500 -1024
70,Chocobo Circuit,109,Boirie,24690,260,1,420864,420928,63.99,2.0,92.11,105,6399,200,9211,6399 9211 200 18 -60623 -125579 -14500 -1024
70,Chocobo Circuit,129,Laujaquetemps,24710,260,1,428108,428280,-524.64,20.96,-803.52,90,-52464,2096,-80352,-52464 -80352 2096 15 223 35 144 9450
70,Chocobo Circuit,130,Cadwyn,24711,260,1,432652,432824,-524.64,20.96,-803.52,90,-52464,2096,-80352,-52464 -80352 2096 15 223 35 144 9450
70,Chocobo Circuit,131,Fhaht Beablrucch,24712,260,1,437196,437368,-524.64,20.96,-803.52,90,-52464,2096,-80352,-52464 -80352 2096 15 223 35 144 9450
70,Chocobo Circuit,132,Failene,24713,260,1,441740,441912,-524.64,20.96,-803.52,90,-52464,2096,-80352,-52464 -80352 2096 15 223 35 144 9450
70,Chocobo Circuit,133,Giancario,24714,260,1,446284,446456,-524.64,20.96,-803.52,90,-52464,2096,-80352,-52464 -80352 2096 15 223 35 144 9450
70,Chocobo Circuit,134,Pretervout,24715,260,1,450828,451000,-524.64,20.96,-803.52,90,-52464,2096,-80352,-52464 -80352 2096 15 223 35 144 9450
70,Chocobo Circuit,135,Sudha Rhilimanym,24716,260,1,455372,455544,-524.64,20.96,-803.52,90,-52464,2096,-80352,-52464 -80352 2096 15 223 35 144 9450
70,Chocobo Circuit,136,Gozben,24717,260,1,459916,460088,-524.64,20.96,-803.52,90,-52464,2096,-80352,-52464 -80352 2096 15 223 35 144 9450
70,Chocobo Circuit,137,Linus,24718,260,1,464460,464632,-524.64,20.96,-803.52,90,-52464,2096,-80352,-52464 -80352 2096 15 223 35 144 9450
70,Chocobo Circuit,138,Olega,24719,260,1,469004,469176,-524.64,20.96,-803.52,90,-52464,2096,-80352,-52464 -80352 2096 15 223 35 144 9450
70,Chocobo Circuit,139,Lengussant,24720,260,1,473548,473720,-524.64,20.96,-803.52,90,-52464,2096,-80352,-52464 -80352 2096 15 223 35 144 9450
70,Chocobo Circuit,140,Cordaurie,24721,260,1,478092,478264,-524.64,20.96,-803.52,90,-52464,2096,-80352,-52464 -80352 2096 15 223 35 144 9450
70,Chocobo Circuit,141,Roman,24722,260,1,482636,482808,-524.64,20.96,-803.52,90,-52464,2096,-80352,-52464 -80352 2096 15 223 35 144 9450
70,Chocobo Circuit,142,Maleroune,24723,260,1,487180,487352,-524.64,20.96,-803.52,90,-52464,2096,-80352,-52464 -80352 2096 15 223 35 144 9450
70,Chocobo Circuit,143,Rhap Talashpehn,24724,260,1,491724,491896,-524.64,20.96,-803.52,90,-52464,2096,-80352,-52464 -80352 2096 15 223 35 144 9450
70,Chocobo Circuit,144,Gerlbotz,24725,260,1,496268,496440,-524.64,20.96,-803.52,90,-52464,2096,-80352,-52464 -80352 2096 15 223 35 144 9450
70,Chocobo Circuit,145,Gadimo,24726,260,1,500812,500984,-524.64,20.96,-803.52,90,-52464,2096,-80352,-52464 -80352 2096 15 223 35 144 9450
70,Chocobo Circuit,146,Piana,24727,260,1,505356,505528,-524.64,20.96,-803.52,90,-52464,2096,-80352,-52464 -80352 2096 15 223 35 144 9450
70,Chocobo Circuit,147,Guillaulmilian,24728,260,1,509900,510072,-524.64,20.96,-803.52,90,-52464,2096,-80352,-52464 -80352 2096 15 223 35 144 9450
70,Chocobo Circuit,148,Daipanne,24729,260,1,514444,514616,-524.64,20.96,-803.52,90,-52464,2096,-80352,-52464 -80352 2096 15 223 35 144 9450
70,Chocobo Circuit,149,Olorinda,24730,260,1,518988,519116,-524.64,20.96,-803.52,90,-52464,2096,-80352,-52464 -80352 2096 15 223 35 144 9450
70,Chocobo Circuit,150,Uhko Rolinzoh,24731,260,1,521576,521704,-524.64,20.96,-803.52,90,-52464,2096,-80352,-52464 -80352 2096 15 223 35 144 9450
70,Chocobo Circuit,151,Jadamo,24732,260,1,524164,524292,-524.64,20.96,-803.52,90,-52464,2096,-80352,-52464 -80352 2096 15 223 35 144 9450
70,Chocobo Circuit,152,Jaicedion,24733,260,1,526752,526880,-524.64,20.96,-803.52,90,-52464,2096,-80352,-52464 -80352 2096 15 223 35 144 9450
70,Chocobo Circuit,153,Urbano,24734,260,1,529340,529468,-524.64,20.96,-803.52,90,-52464,2096,-80352,-52464 -80352 2096 15 223 35 144 9450
70,Chocobo Circuit,164,Joilevin,24745,260,19,532460,532492,0.0,94.99,94.98,90,0,9499,9498,0 9498 9499 200 -312937 -468853 1634 60
70,Chocobo Circuit,165,Pollante,24746,260,19,533712,533748,94.98,94.99,0.01,90,9498,9499,1,9498 1 9499 200 -312937 -468853 1634 60
70,Chocobo Circuit,166,Chaquoillons,24747,260,19,534964,535000,94.98,94.99,0.01,90,9498,9499,1,9498 1 9499 200 -312937 -468853 1634 60
70,Chocobo Circuit,167,Faboise,24748,260,19,536216,536252,94.98,94.99,0.01,90,9498,9499,1,9498 1 9499 200 -312937 -468853 1634 60
70,Chocobo Circuit,168,Cyphaireau,24749,260,19,537468,537504,94.98,94.99,0.01,90,9498,9499,1,9498 1 9499 200 -312937 -468853 1634 60
70,Chocobo Circuit,169,Amaduralle,24750,260,19,538724,538760,94.98,94.99,0.01,90,9498,9499,1,9498 1 9499 200 -312937 -468853 1634 60
70,Chocobo Circuit,170,Mediverchanne,24751,260,19,539980,540016,94.98,94.99,0.01,90,9498,9499,1,9498 1 9499 200 -312937 -468853 1634 60
70,Chocobo Circuit,171,Vaihilique,24752,260,19,541236,541272,94.98,94.99,0.01,90,9498,9499,1,9498 1 9499 200 -312937 -468853 1634 60
70,Chocobo Circuit,178,Berthold,24759,260,14,543760,543896,0.0,0.15,-10.24,90,0,15,-1024,0 -1024 15 0 -523655 -2147450881 -16744447 17064120
70,Chocobo Circuit,183,Maik,24764,260,1,544336,544468,97.23,97.28,97.26,90,9723,9728,9726,9723 9726 9728 50 -505344 -1015809 1933311 18686848
70,Chocobo Circuit,184,Phemille,24765,260,1,544436,544468,97.23,97.28,97.26,90,9723,9728,9726,9723 9726 9728 50 -505344 -1015809 1933311 18686848
70,Chocobo Circuit,185,Gimaulle,24766,260,1,544536,544568,97.34,97.39,97.37,90,9734,9739,9737,9734 9737 9739 50 -505344 -1015809 1933311 18686848
70,Chocobo Circuit,203,Synergy Engineer,24784,260,1,623644,623656,-585.16,2.34,-545.34,90,-58516,234,-54534,-58516 -54534 234 0 1 4 10338 1234
71,The Colosseum,489,Walzharn,29169,260,1,3300,3372,430.17,0.02,-59.99,90,43017,2,-5999,43017 -5999 2 161 -1040896 1933311 19145600 58720896
71,The Colosseum,490,Hamgahn,29170,260,1,3552,3624,372.99,40.66,-59.99,90,37299,4066,-5999,37299 -5999 4066 161 -1040896 1933311 19145600 58720896
71,The Colosseum,491,Djiahlm,29171,260,1,3804,3876,-367.15,40.95,-60.0,90,-36715,4095,-6000,-36715 -6000 4095 161 -1040896 1933311 19145600 58720896
71,The Colosseum,492,Wahrouzam,29172,260,1,4056,4128,-424.73,40.94,-60.0,90,-42473,4094,-6000,-42473 -6000 4094 161 -1040896 1933311 19145600 58720896
71,The Colosseum,493,Zhayard,29173,260,1,4308,4380,427.46,20.29,-60.0,90,42746,2029,-6000,42746 -6000 2029 161 -1040896 1933311 19145600 58720896
71,The Colosseum,494,Sazahlam,29174,260,1,4560,4632,370.1,20.66,-60.0,90,37010,2066,-6000,37010 -6000 2066 161 -1040896 1933311 19145600 58720896
71,The Colosseum,495,Ghadjuyan,29175,260,1,4812,4884,-374.2,20.61,-60.0,90,-37420,2061,-6000,-37420 -6000 2061 161 -1040896 1933311 19145600 58720896
71,The Colosseum,496,Habhayam,29176,260,1,5064,5136,-433.12,20.25,-60.0,90,-43312,2025,-6000,-43312 -6000 2025 161 -1040896 1933311 19145600 58720896
71,The Colosseum,497,Garawham,29177,260,1,5316,5368,-36.0,117.0,20.4,90,-3600,11700,2040,-3600 2040 11700 119 -1040896 1933311 33694592 8388880
71,The Colosseum,498,Bebo Jhatabia,29178,260,1,5504,5556,-36.0,117.0,20.24,90,-3600,11700,2024,-3600 2024 11700 119 -1040896 1933311 33694592 8388880
71,The Colosseum,499,Ghasherd,29179,260,1,5692,5720,117.01,0.25,0.0,90,11701,25,0,11701 0 25 200 -546958 -37023 -3600 2005
71,The Colosseum,500,Masya Rhaliduva,29180,260,1,5880,5908,117.01,0.25,0.0,90,11701,25,0,11701 0 25 200 -546921 -43019 -3600 2034
71,The Colosseum,501,Rhamurya,29181,260,1,6068,6120,-36.0,117.0,40.85,90,-3600,11700,4085,-3600 4085 11700 119 -1040896 1933311 33694592 8388880
71,The Colosseum,502,Saco Alyahka,29182,260,1,6256,6308,-36.0,117.0,0.07,90,-3600,11700,7,-3600 7 11700 119 -1040896 1933311 33694592 8388880
71,The Colosseum,503,Yassham,29183,260,1,6444,6472,117.01,0.25,0.0,90,11701,25,0,11701 0 25 200 -508999 -37025 -3600 4071
71,The Colosseum,504,Vyki Parabuji,29184,260,1,6632,6660,117.01,0.25,0.0,90,11701,25,0,11701 0 25 200 -509110 -42986 -3600 4091
71,The Colosseum,505,Kanawawa,29185,260,1,6820,6876,20.0,40.92,10.0,90,2000,4092,1000,2000 1000 4092 2 -596255 -40091 4 3
71,The Colosseum,506,Kumumu,29186,260,1,7448,7504,20.0,40.92,10.0,90,2000,4092,1000,2000 1000 4092 2 -596255 -40091 4 3
71,The Colosseum,507,Nalpupu,29187,260,1,8076,8132,20.0,40.92,10.0,90,2000,4092,1000,2000 1000 4092 2 -596255 -40091 4 3
71,The Colosseum,508,Niwawa,29188,260,1,8704,8760,20.0,40.92,10.0,90,2000,4092,1000,2000 1000 4092 2 -596255 -40091 4 3
72,Alzadaal Undersea Ruins,175,Gilded Doors,32952,260,1,51156,51316,74.6,74.61,74.67,90,7460,7461,7467,7460 7467 7461 200 -580000 -404000 3072 35
72,Alzadaal Undersea Ruins,188,Gilded Gateway,32965,260,1,54448,54580,74.6,74.61,74.67,90,7460,7461,7467,7460 7467 7461 200 -580000 -404000 3072 35
72,Alzadaal Undersea Ruins,190,Gilded Gateway,32967,260,1,8624,8760,74.6,74.61,74.67,90,7460,7461,7467,7460 7467 7461 200 -580000 -404000 3072 35
72,Alzadaal Undersea Ruins,191,_20p,32968,260,11,52776,52948,74.6,74.61,74.67,90,7460,7461,7467,7460 7467 7461 200 -580000 -404000 3072 35
72,Alzadaal Undersea Ruins,192,Gilded Gateway,32969,260,1,51184,51316,74.6,74.61,74.67,90,7460,7461,7467,7460 7467 7461 200 -580000 -404000 3072 35
72,Alzadaal Undersea Ruins,193,_20q,32970,260,11,54408,54580,74.6,74.61,74.67,90,7460,7461,7467,7460 7467 7461 200 -580000 -404000 3072 35
72,Alzadaal Undersea Ruins,194,Gilded Gateway,32971,260,1,52816,52948,74.6,74.61,74.67,90,7460,7461,7467,7460 7467 7461 200 -580000 -404000 3072 35
72,Alzadaal Undersea Ruins,195,Runic Seal,32972,260,1,4884,5040,74.64,74.61,1.2,90,7464,7461,120,7464 120 7461 200 -580000 -404000 3072 35
72,Alzadaal Undersea Ruins,199,???,32976,260,127,10396,10512,-351.82,0.52,1.13,90,-35182,52,113,-35182 113 52 0 -697565184 66688 8388992 1049116
77,Nyzul Isle,815,Rune of Transfer,54072,260,1,12384,12404,75.85,0.0,0.01,90,7585,0,1,7585 1 0 43 -2147474432 -2147319807 268436005 419463170
77,Nyzul Isle,816,Rune of Transfer,54073,260,1,12464,12484,75.85,0.0,0.01,90,7585,0,1,7585 1 0 43 -2147474432 -2147319807 268436005 419463170
77,Nyzul Isle,817,Rune of Transfer,54074,260,1,12544,12564,75.85,0.0,0.01,90,7585,0,1,7585 1 0 43 -2147474432 -2147319807 268436005 419463170
77,Nyzul Isle,818,Rune of Transfer,54075,260,1,12624,12644,75.85,0.0,0.01,90,7585,0,1,7585 1 0 43 -2147474432 -2147319807 268436005 419463170
77,Nyzul Isle,819,Rune of Transfer,54076,260,1,12704,12724,75.85,0.0,0.01,90,7585,0,1,7585 1 0 43 -2147474432 -2147319807 268436005 419463170
77,Nyzul Isle,820,Rune of Transfer,54077,260,1,12784,12804,75.86,0.0,0.01,90,7586,0,1,7586 1 0 43 -2147474432 -2147319807 268436005 419463170
77,Nyzul Isle,821,Rune of Transfer,54078,260,1,12864,12884,75.86,0.0,0.01,90,7586,0,1,7586 1 0 43 -2147474432 -2147319807 268436005 419463170
77,Nyzul Isle,822,Rune of Transfer,54079,260,1,12944,12964,75.86,0.0,0.01,90,7586,0,1,7586 1 0 43 -2147474432 -2147319807 268436005 419463170
77,Nyzul Isle,823,Rune of Transfer,54080,260,1,13024,13044,75.86,0.0,0.01,90,7586,0,1,7586 1 0 43 -2147474432 -2147319807 268436005 419463170
77,Nyzul Isle,824,Rune of Transfer,54081,260,1,13104,13124,75.86,0.0,0.01,90,7586,0,1,7586 1 0 43 -2147474432 -2147319807 268436005 419463170
77,Nyzul Isle,825,Rune of Transfer,54082,260,1,13184,13204,75.87,0.0,0.01,90,7587,0,1,7587 1 0 43 -2147474432 -2147319807 268436005 419463170
78,Hazhalm Testing Grounds,635,Nashmeira,58001,260,168,27204,27280,-458.92,15.36,339.42,90,-45892,1536,33942,-45892 33942 1536 11 -281002 -42930 33999 100
78,Hazhalm Testing Grounds,636,Luzaf,58002,260,327,27728,27832,-419.27,15.36,339.99,105,-41927,1536,33999,-41927 33999 1536 1792 256 -284553 -44390 33960
78,Hazhalm Testing Grounds,639,Odin Prime,58005,260,187,28604,28712,-520.7,35.84,345.1,90,-52070,3584,34510,-52070 34510 3584 97 2228224 -524241 -127107073 8388607
79,Caedarva Mire,518,Nasheefa,61968,260,7,13080,13184,73.57,2.4,1.8,90,7357,240,180,7357 180 240 13 -440998 -737897 3999 1024
79,Caedarva Mire,519,Nuimahn,61969,260,7,13700,13804,73.57,2.4,1.8,90,7357,240,180,7357 180 240 13 -381991 -280931 -380000 -281000
79,Caedarva Mire,520,Kwadaaf,61970,260,7,14320,14424,73.57,2.4,1.8,90,7357,240,180,7357 180 240 13 -638966 -262392 15999 3072
79,Caedarva Mire,521,Engraved Tablet,61971,260,1,57100,57156,-120.0,80.7,10.24,90,-12000,8070,1024,-12000 1024 8070 126 604053504 -2147385344 36012034 -2147348480
79,Caedarva Mire,534,Razfahd,61985,260,244,42896,43012,-147.7,0.2,25.26,90,-14770,20,2526,-14770 2526 20 13 179849 -383654 -15403 179882
79,Caedarva Mire,537,Aphmau,61988,260,184,45640,45732,102.79,-220.0,195.2,90,10279,-22000,19520,10279 19520 -22000 122 188082 -383926 -15320 2048
79,Caedarva Mire,542,Whafael,61993,260,27,47128,47220,-152.76,0.7,36.59,90,-15276,70,3659,-15276 3659 70 13 179849 -383654 -15403 181219
79,Caedarva Mire,543,Amkeen,61994,260,31,47456,47548,-151.93,0.68,27.29,90,-15193,68,2729,-15193 2729 68 13 180135 -383178 -15363 180743
79,Caedarva Mire,563,???,62014,260,3,56804,56828,782.66,14.02,-318.64,90,78266,1402,-31864,78266 -31864 1402 11 -2147469568 -2147319807 -16744445 17101380
79,Caedarva Mire,568,???,62019,260,6,57072,57156,-120.0,80.7,10.24,90,-12000,8070,1024,-12000 1024 8070 126 604053504 -2147385344 36012034 -2147348480
79,Caedarva Mire,569,Liliroon,62020,260,66,57048,57156,-120.0,80.7,10.24,90,-12000,8070,1024,-12000 1024 8070 126 604053504 -2147385344 36012034 -2147348480
79,Caedarva Mire,570,Dashahan,62021,260,59,56976,57156,-120.0,80.7,10.24,90,-12000,8070,1024,-12000 1024 8070 126 604053504 -2147385344 36012034 -2147348480
80,Southern San d'Oria [S],260,Shadoweye,260,261,1,218540,218648,578.08,0.54,-21.99,90,57808,54,-2199,57808 -2199 54 13 -173782 58997 -172868 58629
80,Southern San d'Oria [S],368,Lurouillat,370,261,1,472320,472436,-17.58,0.3,32.9,120,-1758,30,3290,-1758 3290 30 2436 41800 -2000 3113 452
80,Southern San d'Oria [S],408,Exoroche,426,261,24,39344,39420,737.77,19.99,-394.13,120,73777,1999,-39413,73777 -39413 1999 2380 75498 -35438 1471 457
80,Southern San d'Oria [S],409,Landeric,427,261,84,42340,42492,749.75,19.99,-380.21,105,74975,1999,-38021,74975 -38021 1999 13 73081 -33016 1608 74213
80,Southern San d'Oria [S],410,Thierride,428,261,136,46756,46904,712.44,0.0,-45.7,90,71244,0,-4570,71244 -4570 0 40 -213419 69206 -2949 -214343
80,Southern San d'Oria [S],411,Nogelle,429,261,13,47016,47184,658.25,-299.84,706.54,120,65825,-29984,70654,65825 70654 -29984 1999 73251 -35073 153 1900544
80,Southern San d'Oria [S],412,Antreneau,430,261,36,47064,47184,658.25,-299.84,706.54,120,65825,-29984,70654,65825 70654 -29984 1999 73251 -35073 153 1900544
80,Southern San d'Oria [S],414,_280,432,261,1,704820,704936,-34.84,-19.99,442.27,120,-3484,-1999,44227,-3484 44227 -1999 1045 3979 44456 1108 -32258
80,Southern San d'Oria [S],418,Portcullis,436,261,9,231748,231848,-896.23,-63.03,560.3,105,-89623,-6303,56030,-89623 56030 -6303 4077 -89516 41644 -4000 90
80,Southern San d'Oria [S],430,Destin,448,261,9,54696,54876,-928.72,-60.0,576.4,90,-92872,-6000,57640,-92872 57640 -6000 22 53 9764864 9830528 528482610
80,Southern San d'Oria [S],431,Prien,449,261,9,54724,54876,-928.72,-60.0,576.4,90,-92872,-6000,57640,-92872 57640 -6000 22 53 9764864 9830528 528482610
80,Southern San d'Oria [S],432,Star Sibyl,450,261,9,54752,54876,-928.72,-60.0,576.4,90,-92872,-6000,57640,-92872 57640 -6000 22 53 9764864 9830528 528482610
80,Southern San d'Oria [S],433,Kam'lanaut,451,261,13,54780,54876,-928.72,-60.0,576.4,90,-92872,-6000,57640,-92872 57640 -6000 22 53 9764864 9830528 528482610
80,Southern San d'Oria [S],454,Adjutant,472,261,1,72108,72272,-692.73,-35.0,583.46,120,-69273,-3500,58346,-69273 58346 -3500 2900 325 4101 4098 4096
80,Southern San d'Oria [S],461,Zidalf,479,261,1,90232,90372,63.99,0.6,2.0,105,6399,60,200,6399 200 60 551 -503040 -491521 1952808959 -266441105
80,Southern San d'Oria [S],469,Mainchelite,487,261,394,153812,153964,0.19,-283.31,-154.12,120,19,-28331,-15412,19 -15412 -28331 1699 1040 -26539 -29980 1999
80,Southern San d'Oria [S],471,Coucheutand,489,261,25,193876,193992,121.32,0.13,0.4,90,12132,13,40,12132 40 13 95 -505344 -1015809 1987018751 2147483640
80,Southern San d'Oria [S],472,Remiotte,490,261,74,193952,193992,121.32,0.13,0.4,90,12132,13,40,12132 40 13 95 -505344 -1015809 1987018751 2147483640
80,Southern San d'Oria [S],477,Raustigne,495,261,188,219444,219540,-19.99,460.4,0.54,105,-1999,46040,54,-1999 54 46040 3000 95 -1040896 6717439 84014208
80,Southern San d'Oria [S],482,Touttaures,500,261,18,219420,219540,-19.99,460.4,0.54,105,-1999,46040,54,-1999 54 46040 3000 95 -1040896 6717439 84014208
80,Southern San d'Oria [S],490,Louxiard,508,261,94,167272,167352,-929.09,-40.0,494.62,90,-92909,-4000,49462,-92909 49462 -4000 94 -1040896 1933311 2171776 -4066
80,Southern San d'Oria [S],497,Elnonde,515,261,14,193848,193992,121.32,0.13,0.4,90,12132,13,40,12132 40 13 95 -505344 -1015809 1987018751 2147483640
80,Southern San d'Oria [S],501,Rholont,519,261,1452,217568,217748,13.16,-20.0,427.08,100,1316,-2000,42708,1316 42708 -2000 1126 43901 1500 20093 0
80,Southern San d'Oria [S],504,Excenmille,522,261,1101,231016,231132,579.32,8.52,-19.99,105,57932,852,-1999,57932 -1999 852 13 -166539 57519 -2000 40
80,Southern San d'Oria [S],507,Zogbog,525,261,81,287176,287320,-648.86,1.1,0.05,105,-64886,110,5,-64886 5 110 40 -133954 39440 410 37
80,Southern San d'Oria [S],508,Altennia,526,261,558,218500,218648,578.08,0.54,-21.99,90,57808,54,-2199,57808 -2199 54 13 -173782 58997 -172868 58629
80,Southern San d'Oria [S],509,Bistillot,527,261,220,222292,222472,-1640.01,-19.99,579.32,110,-164001,-1999,57932,-164001 57932 -1999 852 -166539 57519 -2000 -165884
80,Southern San d'Oria [S],510,Alphonimile,528,261,179,286536,286624,-906.01,-41.99,503.69,120,-90601,-4199,50369,-90601 50369 -4199 1091 13 -90945 46216 -4000
80,Southern San d'Oria [S],511,Darvylle,529,261,46,231444,231612,-897.72,-51.93,537.99,105,-89772,-5193,53799,-89772 53799 -5193 4077 -89516 41644 -4000 60
80,Southern San d'Oria [S],517,Phillieulais S D,535,261,108,217668,217748,13.16,-20.0,427.08,100,1316,-2000,42708,1316 42708 -2000 1126 43901 1500 20093 0
80,Southern San d'Oria [S],518,Halver M Borel,536,261,104,218268,218384,-19.99,450.73,-3.29,105,-1999,45073,-329,-1999 -329 45073 13 -2015 46578 -2000 54662
80,Southern San d'Oria [S],519,Estavoille,537,261,38,218156,218192,11.25,-19.99,455.67,100,1125,-1999,45567,1125 45567 -1999 537 45065 13 2059 45003
80,Southern San d'Oria [S],520,Raphaillance,538,261,23,218340,218384,-19.99,450.73,-3.29,105,-1999,45073,-329,-1999 -329 45073 13 -2015 46578 -2000 54662
80,Southern San d'Oria [S],530,Phillieulais,548,261,90,232156,232228,-10.75,19.99,-867.61,90,-1075,1999,-86761,-1075 -86761 1999 0 1 128 161 768
80,Southern San d'Oria [S],539,kisiC,557,261,52,285192,285312,-1313.18,431.0,-565.96,95,-131318,43100,-56596,-131318 -56596 43100 829 80 20 298 196608
80,Southern San d'Oria [S],540,kisiD,558,261,50,285640,285764,-556.31,-9.8,332.64,90,-55631,-980,33264,-55631 33264 -980 80 20 298 196608 51389696
80,Southern San d'Oria [S],548,??? Warmachine,569,261,93,231028,231132,579.32,8.52,-19.99,105,57932,852,-1999,57932 -1999 852 13 -166539 57519 -2000 40
80,Southern San d'Oria [S],554,???,575,261,36,232064,232228,-10.75,19.99,-867.61,90,-1075,1999,-86761,-1075 -86761 1999 0 1 128 161 768
80,Southern San d'Oria [S],557,Rachelassiond,578,261,50,153224,153396,0.4,-302.56,-167.49,120,40,-30256,-16749,40 -16749 -30256 1398 13 -18522 -31174 4084
80,Southern San d'Oria [S],558,Spencer,579,261,123,153312,153396,0.4,-302.56,-167.49,120,40,-30256,-16749,40 -16749 -30256 1398 13 -18522 -31174 4084
80,Southern San d'Oria [S],559,Gerwulf,580,261,82,153556,153640,0.13,-295.23,-182.93,120,13,-29523,-18293,13 -18293 -29523 1398 4084 -14879 -23850 1999
80,Southern San d'Oria [S],567,Mailleronce,588,261,7,292544,292700,-10.0,0.06,16.04,105,-1000,6,1604,-1000 1604 6 113 -118983 -85819 -4000 2048
80,Southern San d'Oria [S],574,Romaa Mihgo,595,261,23,299828,299912,-10.0,407.52,-48.73,105,-1000,40752,-4873,-1000 -4873 40752 13 -4350 34757 -999 119
80,Southern San d'Oria [S],582,Joseaneaut,603,261,58,305856,305976,0.13,-476.65,1037.97,110,13,-47665,103797,13 103797 -47665 999 101386 -42757 33 838860800
80,Southern San d'Oria [S],583,Tihl Midurhi,604,261,54,306180,306364,0.13,-430.96,991.6,105,13,-43096,99160,13 99160 -43096 999 109221 -48085 122007 276109
80,Southern San d'Oria [S],584,Mihl Pakorhma,605,261,32,306040,306076,0.13,-469.34,1009.11,90,13,-46934,100911,13 100911 -46934 999 149498 36893 0 3
80,Southern San d'Oria [S],585,Rachemace,606,261,49,305944,305976,0.13,-476.65,1037.97,110,13,-47665,103797,13 103797 -47665 999 101386 -42757 33 838860800
80,Southern San d'Oria [S],586,Pattna-Ottna,607,261,79,306316,306364,0.13,-430.96,991.6,105,13,-43096,99160,13 99160 -43096 999 109221 -48085 122007 276109
80,Southern San d'Oria [S],587,Yrvaulair S Cous,608,261,28,306500,306652,-357.0,26.04,12.13,105,-35700,2604,1213,-35700 1213 2604 13 98400 -41207 999 101248
80,Southern San d'Oria [S],588,Ashmea B Greinne,609,261,14,306528,306652,-357.0,26.04,12.13,105,-35700,2604,1213,-35700 1213 2604 13 98400 -41207 999 101248
80,Southern San d'Oria [S],589,Leadavox,610,261,22,306556,306652,-357.0,26.04,12.13,105,-35700,2604,1213,-35700 1213 2604 13 98400 -41207 999 101248
80,Southern San d'Oria [S],622,Portia,644,261,369,379972,380112,1.2,-41.02,-216.01,105,120,-4102,-21601,120 -21601 -4102 30 -15952 -4108 20 80
80,Southern San d'Oria [S],624,Ragelise,646,261,811,382820,382848,-165.5,-30.0,485.99,105,-16550,-3000,48599,-16550 48599 -3000 12 -15799 48509 -2999 -26082
80,Southern San d'Oria [S],648,Raiclace,670,261,38,393272,393376,-44.97,-39.12,-130.6,90,-4497,-3912,-13060,-4497 -13060 -3912 182 2228224 -524241 -127107073 8388607
80,Southern San d'Oria [S],649,Gallauciond,671,261,59,393280,393376,-44.97,-39.12,-130.6,90,-4497,-3912,-13060,-4497 -13060 -3912 182 2228224 -524241 -127107073 8388607
80,Southern San d'Oria [S],650,Merfanont,672,261,53,393576,393672,1.2,-16.7,90.36,90,120,-1670,9036,120 9036 -1670 179 2228224 -524241 -127107073 8388607
80,Southern San d'Oria [S],663,Nag'molada,685,261,122,451576,451680,-41.08,-16.61,-149.7,90,-4108,-1661,-14970,-4108 -14970 -1661 149 2228224 -524241 -127107073 8388607
80,Southern San d'Oria [S],664,Vestillet,686,261,299,451848,452008,0.27,-36.94,-228.25,105,27,-3694,-22825,27 -22825 -3694 30 1000 42888 -2000 87732
80,Southern San d'Oria [S],667,Haudrale,690,261,46,454760,454860,-144.21,-29.99,426.58,105,-14421,-2999,42658,-14421 42658 -2999 20 -14997 44520 -3000 30
80,Southern San d'Oria [S],672,Kishi1,695,261,19,455524,455588,0.13,-34.29,-188.62,90,13,-3429,-18862,13 -18862 -3429 83 2228224 -524241 -127107073 8388607
80,Southern San d'Oria [S],681,Cait Sith Naoi,704,261,112,456832,456916,407.26,0.3,-20.0,120,40726,30,-2000,40726 -2000 30 1410 -25730 -4419 -8871 -4699
80,Southern San d'Oria [S],682,Aldebrand,705,261,22,520400,520464,0.13,-260.0,-128.34,105,13,-26000,-12834,13 -12834 -26000 1999 21 2 160 40
80,Southern San d'Oria [S],683,Eusebius,706,261,18,520668,520732,0.13,-256.08,-141.83,105,13,-25608,-14183,13 -14183 -25608 1999 21 2 160 40
80,Southern San d'Oria [S],695,???,720,261,3,472268,472436,-17.58,0.3,32.9,120,-1758,30,3290,-1758 3290 30 2436 41800 -2000 3113 452
80,Southern San d'Oria [S],699,Robel-Akbel,724,261,75,501260,501408,0.04,-108.95,-583.22,120,4,-10895,-58322,4 -58322 -10895 1999 96934 -40620 1000 137
80,Southern San d'Oria [S],700,Lehko Habhoka,725,261,289,501332,501408,0.04,-108.95,-583.22,120,4,-10895,-58322,4 -58322 -10895 1999 96934 -40620 1000 137
80,Southern San d'Oria [S],701,Romaa Mihgo,726,261,82,501572,501676,0.03,-118.24,-568.78,120,3,-11824,-56878,3 -56878 -11824 1999 99677 -41076 1000 170
80,Southern San d'Oria [S],730,Rongelouts,755,261,34,546200,546272,0.4,-220.06,-90.0,105,40,-22006,-9000,40 -9000 -22006 1999 36 -194248704 66818 8388992
80,Southern San d'Oria [S],731,Paulyvan,756,261,30,546228,546272,0.4,-220.06,-90.0,105,40,-22006,-9000,40 -9000 -22006 1999 36 -194248704 66818 8388992
80,Southern San d'Oria [S],774,Voidwatch Office,800,261,463,629212,629284,0.01,-180.84,-1060.23,95,1,-18084,-106023,1 -106023 -18084 1999 3120 2 -354003 -163601
80,Southern San d'Oria [S],775,Voidwatch Purvey,801,261,1,650808,650820,-631.35,0.44,-648.72,90,-63135,44,-64872,-63135 -64872 44 0 1 2 15551 3434
80,Southern San d'Oria [S],779,???,806,261,1,699360,699512,-24.99,-31.5,1055.0,95,-2499,-3150,105500,-2499 105500 -3150 30 3878 765 15 120
81,East Ronfaure [S],758,"Arlayse, R.K.",4872,261,28,2888,3052,640.24,5.32,-320.98,120,64024,532,-32098,64024 -32098 532 566 63861 -35340 374 2736
81,East Ronfaure [S],759,"Aged Stone, L.C.",4873,261,28,10960,11124,640.24,5.32,-320.98,120,64024,532,-32098,64024 -32098 532 566 63861 -35340 374 2736
81,East Ronfaure [S],760,"Ihli Llamhya, M.",4874,261,28,19032,19196,640.24,5.32,-320.98,120,64024,532,-32098,64024 -32098 532 566 63861 -35340 374 2736
81,East Ronfaure [S],787,Allied Commissar,4903,261,208,56452,56592,0.82,-336.46,667.52,105,82,-33646,66752,82 66752 -33646 573 83 -192613 -281066 -40000
82,Jugner Forest [S],783,"Roiloux, R.K.",8993,261,28,9620,9784,640.24,5.32,-320.98,120,64024,532,-32098,64024 -32098 532 566 63861 -35340 374 2736
82,Jugner Forest [S],784,"Blazing Lizard,",8994,261,28,17692,17856,640.24,5.32,-320.98,120,64024,532,-32098,64024 -32098 532 566 63861 -35340 374 2736
82,Jugner Forest [S],785,"Emmah Laali, M.C",8995,261,28,25764,25928,640.24,5.32,-320.98,120,64024,532,-32098,64024 -32098 532 566 63861 -35340 374 2736
82,Jugner Forest [S],805,Landeric,9015,261,8,158152,158228,-0.04,0.0,77.33,90,-4,0,7733,-4 7733 0 201 -1 138 7735 7730
82,Jugner Forest [S],806,Landeric,9016,261,102,158176,158228,-0.04,0.0,77.33,90,-4,0,7733,-4 7733 0 201 -1 138 7735 7730
82,Jugner Forest [S],811,Allied Commissar,9021,261,208,56832,56972,0.82,-336.46,667.52,105,82,-33646,66752,82 66752 -33646 573 83 -192613 -281066 -40000
82,Jugner Forest [S],834,Zogbog,9046,261,505,150391,150487,204.8,102.4,2.56,105,20480,10240,256,20480 256 10240 3328 -104194304 -115600897 24575 30208
82,Jugner Forest [S],860,Kingslayer Doggv,9072,261,156,152632,152732,8.52,0.3,11.94,90,852,30,1194,852 1194 30 60 -447559 -469273 286 -444013
82,Jugner Forest [S],877,Jayramus,9090,261,190,150355,150487,204.8,102.4,2.56,105,20480,10240,256,20480 256 10240 3328 -104194304 -115600897 24575 30208
82,Jugner Forest [S],892,Helmyre,9115,261,1,158204,158228,-0.04,0.0,77.33,90,-4,0,7733,-4 7733 0 201 -1 138 7735 7730
83,Vunkerl Inlet [S],740,"Toulsard, R.K.",13046,261,28,3392,3556,640.24,5.32,-320.98,120,64024,532,-32098,64024 -32098 532 566 63861 -35340 374 2736
83,Vunkerl Inlet [S],741,"Feral Moon, L.C.",13047,261,28,11464,11628,640.24,5.32,-320.98,120,64024,532,-32098,64024 -32098 532 566 63861 -35340 374 2736
83,Vunkerl Inlet [S],742,"Kih Katteh, M.C.",13048,261,28,19536,19700,640.24,5.32,-320.98,120,64024,532,-32098,64024 -32098 532 566 63861 -35340 374 2736
83,Vunkerl Inlet [S],762,Allied Commissar,13068,261,208,51156,51296,0.82,-336.46,667.52,105,82,-33646,66752,82 66752 -33646 573 83 -192613 -281066 -40000
83,Vunkerl Inlet [S],800,Leadavox,13108,261,24,96156,96260,1441.84,-312.46,1130.0,90,144184,-31246,113000,144184 113000 -31246 1862 141951 113108 -31183 1865
84,Batallia Downs [S],541,Royal Provisione,16925,261,7,156756,156936,-1509.1,141.33,-1351.19,95,-150910,14133,-135119,-150910 -135119 14133 364 -147555 -131670 11139 1148
84,Batallia Downs [S],542,Royal Provisione,16926,261,7,156784,156952,-1475.55,111.39,-1316.7,110,-147555,11139,-131670,-147555 -131670 11139 1148 -149310 -131899 10725 879
84,Batallia Downs [S],543,Royal Provisione,16927,261,7,156812,156952,-1475.55,111.39,-1316.7,110,-147555,11139,-131670,-147555 -131670 11139 1148 -149310 -131899 10725 879
84,Batallia Downs [S],802,"Myllue, R.K.",17204,261,28,8476,8640,640.24,5.32,-320.98,120,64024,532,-32098,64024 -32098 532 566 63861 -35340 374 2736
84,Batallia Downs [S],803,"Granite Fist, L.",17205,261,28,16548,16712,640.24,5.32,-320.98,120,64024,532,-32098,64024 -32098 532 566 63861 -35340 374 2736
84,Batallia Downs [S],804,"Rhu Arlohtt, M.C",17206,261,28,24620,24784,640.24,5.32,-320.98,120,64024,532,-32098,64024 -32098 532 566 63861 -35340 374 2736
84,Batallia Downs [S],829,Romualdo,17231,261,51,38152,38196,543.04,-138.36,1410.55,90,54304,-13836,141055,54304 141055 -13836 2031 30 7786 7785 9
84,Batallia Downs [S],849,Carlisle,17251,261,29,82488,82668,19.91,-108.0,-154.31,105,1991,-10800,-15431,1991 -15431 -10800 2999 43 212 2228224 -524241
84,Batallia Downs [S],877,Allied Commissar,17280,261,208,123080,123220,0.82,-336.46,667.52,105,82,-33646,66752,82 66752 -33646 573 83 -192613 -281066 -40000
84,Batallia Downs [S],897,Lilisette,17303,261,465,194772,194960,-42.5,0.02,8.37,120,-4250,2,837,-4250 837 2 2279 -166949 -149977 20545 -199881
84,Batallia Downs [S],902,Nag'molada,17308,261,143,196520,196696,-1654.43,199.08,-1533.88,95,-165443,19908,-153388,-165443 -153388 19908 3 64 2048 11 -134035
84,Batallia Downs [S],903,Gutrender Troope,17309,261,62,197012,197128,-1493.51,197.58,-1434.77,95,-149351,19758,-143477,-149351 -143477 19758 2126 2042 42 -102052 -164293
84,Batallia Downs [S],904,Gutrender Troope,17310,261,61,197344,197460,-1512.94,199.36,-1432.74,95,-151294,19936,-143274,-151294 -143274 19936 2126 2042 42 -102361 -169469
84,Batallia Downs [S],907,Brandolf,17313,261,78,197772,197880,0.13,-84.64,-140.41,105,13,-8464,-14041,13 -14041 -8464 2999 43 -71823 -108604 30
84,Batallia Downs [S],935,One-eyed Gwajboj,17341,261,104,200096,200184,-1415.88,2.71,188.42,95,-141588,271,18842,-141588 18842 271 2075 60 -109605 -174215 -108945
84,Batallia Downs [S],939,Jet1,17345,261,65,201092,201180,199.66,6.24,21.26,105,19966,624,2126,19966 2126 624 40 -74983 -122034 3749 111
84,Batallia Downs [S],940,Jet2,17346,261,47,201324,201416,197.68,6.14,21.26,105,19768,614,2126,19768 2126 614 40 -79125 -119554 3749 114
84,Batallia Downs [S],941,Jet3,17347,261,45,201564,201656,194.72,6.24,21.26,105,19472,624,2126,19472 2126 624 40 -74983 -122034 3749 114
84,Batallia Downs [S],943,Mayakov,17349,261,38,43360,43512,-1906.63,-255.26,-1095.18,110,-190663,-25526,-109518,-190663 -109518 -25526 2499 -191848 -108618 -25485 52
84,Batallia Downs [S],944,Lilisette,17350,261,40,202464,202584,-885.67,-42.5,-1657.42,110,-88567,-4250,-165742,-88567 -165742 -4250 838 2 2279 144 2228224
84,Batallia Downs [S],945,Nanto1,17351,261,48,43368,43512,-1906.63,-255.26,-1095.18,110,-190663,-25526,-109518,-190663 -109518 -25526 2499 -191848 -108618 -25485 52
84,Batallia Downs [S],946,Nanto2,17352,261,50,203016,203108,-1474.64,199.99,-1461.88,95,-147464,19999,-146188,-147464 -146188 19999 2126 2050 42 -110119 -175406
84,Batallia Downs [S],961,Voidwatch Office,17367,261,463,337748,337820,0.01,-180.84,-1060.23,95,1,-18084,-106023,1 -106023 -18084 1999 3120 2 -354003 -163601
84,Batallia Downs [S],987,Shanene,17393,261,40,362003,362083,0.0,5.12,212.48,100,0,512,21248,0 21248 512 768 28160 -256 1279 1280
85,La Vaule [S],700,"Framaraix, T.K.",21198,261,15,21436,21552,640.24,5.32,-320.98,120,64024,532,-32098,64024 -32098 532 566 63861 -35340 374 2736
85,La Vaule [S],701,"Aloysius, I.M.",21199,261,15,29232,29352,640.24,5.32,-320.98,120,64024,532,-32098,64024 -32098 532 566 63861 -35340 374 2736
85,La Vaule [S],702,"Flasco-Rasco, C.",21200,261,15,37028,37148,640.24,5.32,-320.98,120,64024,532,-32098,64024 -32098 532 566 63861 -35340 374 2736
85,La Vaule [S],727,Allied Commissar,21230,261,208,50176,50316,0.82,-336.46,667.52,105,82,-33646,66752,82 66752 -33646 573 83 -192613 -281066 -40000
85,La Vaule [S],777,Cait Sith Aon,21280,261,24,112368,112480,-992.75,18.75,1168.71,90,-99275,1875,116871,-99275 116871 1875 1000 14 1360 10 2560
85,La Vaule [S],782,Cait Sith Sia,21285,261,17,114008,114144,-810.15,15.72,0.1,90,-81015,1572,10,-81015 10 1572 226 2228224 -524241 -127107073 8388607
86,Everbloom Hollow,160,???,24739,261,1,4372,4496,73.34,0.0,0.01,90,7334,0,1,7334 1 0 30 -2147474432 -2147319807 268436005 419463170
87,Bastok Markets [S],418,Volker,29108,261,580,84244,84408,-3.89,0.3,-99.98,90,-389,30,-9998,-389 -9998 30 13 -208126 -65 -10220 -22578
87,Bastok Markets [S],436,Zazarg,29126,261,97,85580,85684,127.55,136.64,136.63,90,12755,13664,13663,12755 13663 13664 13 -322715 -78853 -12601 0
87,Bastok Markets [S],442,Werner,29132,261,90,86224,86284,-212.22,-99.99,-15.66,120,-21222,-9999,-1566,-21222 -1566 -9999 1270 93962 14308 -20185 89344
87,Bastok Markets [S],445,Adelbrecht,29135,261,96,86576,86764,136.3,1.28,136.45,105,13630,128,13645,13630 13645 128 603 -496128 -2147450881 -1895 -2147410817
87,Bastok Markets [S],447,Engelhart,29137,261,225,87472,87604,120.09,125.28,125.27,105,12009,12528,12527,12009 12527 12528 40 -60577 -130536 -4000 -60228
87,Bastok Markets [S],449,Matthias,29139,261,4,88280,88456,1.2,119.55,119.48,90,120,11955,11948,120 11948 11955 13 -201688 -1173 -9998 2053
87,Bastok Markets [S],450,Pagdako,29140,261,123,88376,88456,1.2,119.55,119.48,90,120,11955,11948,120 11948 11955 13 -201688 -1173 -9998 2053
87,Bastok Markets [S],476,Aileen,29166,261,19,97608,97732,-1994.18,-99.98,12.54,95,-199418,-9998,1254,-199418 1254 -9998 30 -25810 -1070 -10000 -21641
87,Bastok Markets [S],478,Pale Eagle,29168,261,74,98172,98308,886.64,-201.68,51.85,90,88664,-20168,5185,88664 5185 -20168 147 -134114816 8388607 528482354 41943296
87,Bastok Markets [S],479,Prien,29169,261,471,97636,97824,780.87,-195.31,6.26,100,78087,-19531,626,78087 626 -19531 1986 60 1298 240 400
87,Bastok Markets [S],481,Nicolaus,29171,261,597,101200,101376,-327.29,-99.99,5.45,105,-32729,-9999,545,-32729 545 -9999 60 5 -19636 -1078 -25004
87,Bastok Markets [S],483,Dieter,29173,261,254,102976,103140,-7.24,-245.57,-99.99,105,-724,-24557,-9999,-724 -9999 -24557 1945 -289454 -111543 -10000 -285594
87,Bastok Markets [S],484,Ole,29174,261,125,103732,103872,-22.11,-235.61,-99.99,105,-2211,-23561,-9999,-2211 -9999 -23561 2027 -291616 -112125 -10005 -287113
87,Bastok Markets [S],491,Heumila,29181,261,1,109176,109316,63.99,0.6,2.0,105,6399,60,200,6399 200 60 551 -503040 -491521 1952808959 -266441105
87,Bastok Markets [S],504,Adjutant,29194,261,1,187608,187772,-692.73,-35.0,583.46,120,-69273,-3500,58346,-69273 58346 -3500 2900 325 4101 4098 4096
87,Bastok Markets [S],529,Romaa Mihgo,29219,261,23,224232,224324,-10.0,407.52,-48.73,105,-1000,40752,-4873,-1000 -4873 40752 13 -4350 34757 -999 121
87,Bastok Markets [S],533,Loussaire,29223,261,254,225908,226056,122.44,122.42,0.32,90,12244,12242,32,12244 32 12242 40 -251858 -124397 -8862 -256766
87,Bastok Markets [S],541,Nicolaus,29231,261,376,238104,238256,969.11,-201.85,106.67,90,96911,-20185,10667,96911 10667 -20185 13 -203605 -648 -9998 -202491
87,Bastok Markets [S],542,Five Moons,29232,261,195,238872,239016,-10.79,26.5,-99.98,90,-1079,2650,-9998,-1079 -9998 2650 12 -201470 -1137 3000 30
87,Bastok Markets [S],555,Blatherix,29246,261,148,252304,252456,-99.99,-17.29,-382.86,105,-9999,-1729,-38286,-9999 -38286 -1729 40 -39713 7398 -10000 -39325
87,Bastok Markets [S],556,Adelheid,29247,261,128,252392,252456,-99.99,-17.29,-382.86,105,-9999,-1729,-38286,-9999 -38286 -1729 40 -39713 7398 -10000 -39325
87,Bastok Markets [S],567,Wahid,29258,261,126,253596,253668,-1432.7,-40.0,-915.1,110,-143270,-4000,-91510,-143270 -91510 -4000 3124 456 7628 7629 803
87,Bastok Markets [S],568,Swantje,29259,261,47,260572,260604,-1436.12,-40.0,-871.61,95,-143612,-4000,-87161,-143612 -87161 -4000 25 -172623 -76160 30 3276800
87,Bastok Markets [S],580,Derek Karst,29271,261,90,335068,335220,780.58,-195.31,-9.13,90,78058,-19531,-913,78058 -913 -19531 173 -134114816 8388607 528482354 41943296
87,Bastok Markets [S],605,Dabem,29296,261,69,338656,338716,-918.85,0.15,-119.99,90,-91885,15,-11999,-91885 -11999 15 69 -273301 -97188 -12000 376058
87,Bastok Markets [S],630,Geldav,29321,261,62,341528,341644,639.46,29.23,-19.99,90,63946,2923,-1999,63946 -1999 2923 13 -225425 62344 180 12
87,Bastok Markets [S],635,PCGoblin,29326,261,32,366540,366728,-501.7,-59.99,-539.83,105,-50170,-5999,-53983,-50170 -53983 -5999 2150 -201798 -1621 94 520093696
87,Bastok Markets [S],636,Bumblix,29327,261,60,366568,366728,-501.7,-59.99,-539.83,105,-50170,-5999,-53983,-50170 -53983 -5999 2150 -201798 -1621 94 520093696
87,Bastok Markets [S],637,Dawdlix,29328,261,58,366596,366728,-501.7,-59.99,-539.83,105,-50170,-5999,-53983,-50170 -53983 -5999 2150 -201798 -1621 94 520093696
87,Bastok Markets [S],638,Dawdlix,29329,261,11,366624,366728,-501.7,-59.99,-539.83,105,-50170,-5999,-53983,-50170 -53983 -5999 2150 -201798 -1621 94 520093696
87,Bastok Markets [S],639,Driftlix,29330,261,130,366652,366728,-501.7,-59.99,-539.83,105,-50170,-5999,-53983,-50170 -53983 -5999 2150 -201798 -1621 94 520093696
87,Bastok Markets [S],641,Klara,29332,261,18,376880,376908,-14.69,-18.0,-99.98,90,-1469,-1800,-9998,-1469 -9998 -1800 12 3604480 41943424 8389504 17133939
87,Bastok Markets [S],652,Lieselotte,29343,261,22,341968,342080,742.96,0.3,-39.99,105,74296,30,-3999,74296 -3999 30 13 -172309 76851 -4000 9
87,Bastok Markets [S],653,Norbert,29344,261,46,342000,342080,742.96,0.3,-39.99,105,74296,30,-3999,74296 -3999 30 13 -172309 76851 -4000 9
87,Bastok Markets [S],654,Egon,29345,261,44,342252,342332,-1886.07,-39.99,734.02,95,-188607,-3999,73402,-188607 73402 -3999 13 -174638 75559 -4000 -179379
87,Bastok Markets [S],656,Radford,29347,261,80,392424,392548,984.01,33.86,-201.7,120,98401,3386,-20170,98401 -20170 3386 1007 152 -199600 19289 -9999
87,Bastok Markets [S],658,Lilisette,29349,261,209,393460,393620,-195.32,0.51,918.72,90,-19532,51,91872,-19532 91872 51 14 98401 -20170 102333 -200354
87,Bastok Markets [S],659,Halver M Borel,29350,261,122,393488,393620,-195.32,0.51,918.72,90,-19532,51,91872,-19532 91872 51 14 98401 -20170 102333 -200354
87,Bastok Markets [S],691,Voidwatch Office,29382,261,463,439920,439992,0.01,-180.84,-1060.23,95,1,-18084,-106023,1 -106023 -18084 1999 3120 2 -354003 -163601
88,North Gustaberg [S],777,"Estineau, R.K.",33563,261,28,11696,11860,640.24,5.32,-320.98,120,64024,532,-32098,64024 -32098 532 566 63861 -35340 374 2736
88,North Gustaberg [S],778,"Jagged Onyx, L.C",33564,261,28,19768,19932,640.24,5.32,-320.98,120,64024,532,-32098,64024 -32098 532 566 63861 -35340 374 2736
88,North Gustaberg [S],779,"Dhi Emwaltih, M.",33565,261,28,27840,28004,640.24,5.32,-320.98,120,64024,532,-32098,64024 -32098 532 566 63861 -35340 374 2736
88,North Gustaberg [S],826,Darach,33612,261,58,55812,55912,0.07,0.15,21.55,90,7,15,2155,7 2155 15 30 -89472 -331024 7067 -159095
88,North Gustaberg [S],843,Allied Commissar,33630,261,208,89632,89772,0.82,-336.46,667.52,105,82,-33646,66752,82 66752 -33646 573 83 -192613 -281066 -40000
88,North Gustaberg [S],863,Derek Karst,33652,261,78,147416,147468,-598.8,1.2,0.3,90,-59880,120,30,-59880 30 120 0 47 -134114816 8388607 528482354
88,North Gustaberg [S],873,Martina,33662,261,90,150324,150380,993.0,-1.64,197.42,90,99300,-164,19742,99300 19742 -164 51 -134114816 8388607 528482354 41943296
88,North Gustaberg [S],881,Engelhart,33670,261,9,150952,151040,0.4,33.46,-583.28,120,40,3346,-58328,40 -58328 3346 1999 50 -63114 -1347 -65272
88,North Gustaberg [S],882,Pagdako,33671,261,13,151012,151040,0.4,33.46,-583.28,120,40,3346,-58328,40 -58328 3346 1999 50 -63114 -1347 -65272
88,North Gustaberg [S],884,Prien,33673,261,19,151248,151424,929.93,-201.85,104.39,90,92993,-20185,10439,92993 10439 -20185 60 -134114816 8388607 528482354 41943296
88,North Gustaberg [S],885,Hrichter Karst,33674,261,20,151368,151424,929.93,-201.85,104.39,90,92993,-20185,10439,92993 10439 -20185 60 -134114816 8388607 528482354 41943296
88,North Gustaberg [S],891,_2f7,33680,261,3,151768,151860,0.4,50.26,-553.32,120,40,5026,-55332,40 -55332 5026 1999 -66006 6353 135 -68159
88,North Gustaberg [S],892,Blatherix,33681,261,5,151800,151860,0.4,50.26,-553.32,120,40,5026,-55332,40 -55332 5026 1999 -66006 6353 135 -68159
89,Grauberg [S],723,"Ulaciont, R.K.",37605,261,28,14128,14292,640.24,5.32,-320.98,120,64024,532,-32098,64024 -32098 532 566 63861 -35340 374 2736
89,Grauberg [S],724,"Polished Fang, L",37606,261,28,22200,22364,640.24,5.32,-320.98,120,64024,532,-32098,64024 -32098 532 566 63861 -35340 374 2736
89,Grauberg [S],725,"Myuhn Rohli, M.C",37607,261,28,30272,30436,640.24,5.32,-320.98,120,64024,532,-32098,64024 -32098 532 566 63861 -35340 374 2736
89,Grauberg [S],736,Emmerich,37618,261,1,44432,44588,77.49,77.63,77.48,90,7749,7763,7748,7749 7748 7763 13 -310467 -513729 16249 40
89,Grauberg [S],737,Vanja,37619,261,1,44480,44588,77.49,77.63,77.48,90,7749,7763,7748,7749 7748 7763 13 -310467 -513729 16249 40
89,Grauberg [S],738,Childerich,37620,261,114,44528,44588,77.49,77.63,77.48,90,7749,7763,7748,7749 7748 7763 13 -310467 -513729 16249 40
89,Grauberg [S],757,Allied Commissar,37639,261,208,63616,63756,0.82,-336.46,667.52,105,82,-33646,66752,82 66752 -33646 573 83 -192613 -281066 -40000
89,Grauberg [S],791,???,37675,261,20,101932,102080,-394.36,11.29,-217.0,90,-39436,1129,-21700,-39436 -21700 1129 0 120 128 15 10
89,Grauberg [S],795,Schultz,37679,261,79,109980,110080,-388.04,40.82,-227.0,90,-38804,4082,-22700,-38804 -22700 4082 114 2228224 -524241 -127107073 8388607
89,Grauberg [S],797,Carrel,37681,261,15,110412,110516,-279.67,0.05,-230.84,90,-27967,5,-23084,-27967 -23084 5 2 10 9 70 140
89,Grauberg [S],798,Dillon,37682,261,15,110888,110968,-210.71,0.75,-238.25,105,-21071,75,-23825,-21071 -23825 75 863 111 2228224 -524241 -127107073
89,Grauberg [S],816,Timeworn Altar,37701,261,1,215588,215740,-251.74,2.14,0.02,90,-25174,214,2,-25174 2 214 43 -169922 -350159 -25654 42
89,Grauberg [S],817,Areuhat,37702,261,246,215620,215740,-251.74,2.14,0.02,90,-25174,214,2,-25174 2 214 43 -169922 -350159 -25654 42
89,Grauberg [S],818,Odzmanouk,37703,261,81,215968,216036,-349.99,2.1,-1446.99,95,-34999,210,-144699,-34999 -144699 210 280 85 3460 1 -147626
89,Grauberg [S],820,Zharijarl,37705,261,166,217228,217384,-239.77,2.02,0.05,90,-23977,202,5,-23977 5 202 56 -161886 -355086 -24405 -160832
89,Grauberg [S],821,Emissary01,37706,261,114,217636,217756,-238.14,2.02,0.05,90,-23814,202,5,-23814 5 202 56 -163828 -355787 -25146 -162491
89,Grauberg [S],822,Emissary02,37707,261,101,217976,218096,-237.22,2.02,0.05,90,-23722,202,5,-23722 5 202 56 -165147 -352893 -24802 -158699
89,Grauberg [S],830,Quadav006,37715,261,61,219496,219560,950.34,21.19,-479.52,90,95034,2119,-47952,95034 -47952 2119 10 -133240 -352748 -18471 -165061
89,Grauberg [S],831,Quadav007,37716,261,61,219724,219788,946.29,21.19,-478.6,90,94629,2119,-47860,94629 -47860 2119 10 -133240 -352748 -18471 -165061
89,Grauberg [S],832,Quadav008,37717,261,62,219952,220016,884.13,21.19,-473.62,90,88413,2119,-47362,88413 -47362 2119 10 -133240 -352748 -18471 -165061
89,Grauberg [S],846,Cait Sith,37731,261,543,247960,248132,-73.81,0.64,0.03,105,-7381,64,3,-7381 3 64 2048 40 -135612 580341 -6750
90,Pashhow Marshlands [S],686,"Yuvalbaux, R.K.",41664,261,28,8460,8624,640.24,5.32,-320.98,120,64024,532,-32098,64024 -32098 532 566 63861 -35340 374 2736
90,Pashhow Marshlands [S],687,"Stray Boar, L.C.",41665,261,28,16532,16696,640.24,5.32,-320.98,120,64024,532,-32098,64024 -32098 532 566 63861 -35340 374 2736
90,Pashhow Marshlands [S],688,"Yhu Lyehga, M.C.",41666,261,28,24604,24768,640.24,5.32,-320.98,120,64024,532,-32098,64024 -32098 532 566 63861 -35340 374 2736
90,Pashhow Marshlands [S],707,Allied Commissar,41685,261,208,40316,40456,0.82,-336.46,667.52,105,82,-33646,66752,82 66752 -33646 573 83 -192613 -281066 -40000
90,Pashhow Marshlands [S],741,Marquis Amon,41721,261,11,75444,75588,-646.34,0.0,0.01,90,-64634,0,1,-64634 1 0 12 -127139840 8388607 8388736 17146604
90,Pashhow Marshlands [S],754,Milloure,41734,261,1,98388,98412,-0.04,0.0,77.26,90,-4,0,7726,-4 7726 0 201 -1 138 7728 7723
91,Rolanberry Fields [S],748,"Hedioste, R.K.",45822,261,28,4712,4876,640.24,5.32,-320.98,120,64024,532,-32098,64024 -32098 532 566 63861 -35340 374 2736
91,Rolanberry Fields [S],749,"Wayward Echo, L.",45823,261,28,12784,12948,640.24,5.32,-320.98,120,64024,532,-32098,64024 -32098 532 566 63861 -35340 374 2736
91,Rolanberry Fields [S],750,"Nori Kharoiro, M",45824,261,28,20856,21020,640.24,5.32,-320.98,120,64024,532,-32098,64024 -32098 532 566 63861 -35340 374 2736
91,Rolanberry Fields [S],779,???,45853,261,30,70752,70928,-1906.63,-255.26,-1095.18,110,-190663,-25526,-109518,-190663 -109518 -25526 2499 -191848 -108618 -25485 52
91,Rolanberry Fields [S],785,Carlisle,45859,261,21,109924,110104,19.91,-108.0,-154.31,105,1991,-10800,-15431,1991 -15431 -10800 2999 43 212 2228224 -524241
91,Rolanberry Fields [S],827,Peculiar Rootpri,45901,261,1,125480,125572,0.19,21.58,21.61,90,19,2158,2161,19 2161 2158 17 -71291 -889660 -306 900
91,Rolanberry Fields [S],828,Babban Ny Mheill,45902,261,117,125504,125572,0.19,21.58,21.61,90,19,2158,2161,19 2161 2158 17 -71291 -889660 -306 900
91,Rolanberry Fields [S],829,Abenzio,45903,261,50,125400,125572,0.19,21.58,21.61,90,19,2158,2161,19 2161 2158 17 -71291 -889660 -306 900
91,Rolanberry Fields [S],832,Darach,45906,261,46,125452,125572,0.19,21.58,21.61,90,19,2158,2161,19 2161 2158 17 -71291 -889660 -306 900
91,Rolanberry Fields [S],839,Allied Commissar,45914,261,208,36992,37132,0.82,-336.46,667.52,105,82,-33646,66752,82 66752 -33646 573 83 -192613 -281066 -40000
91,Rolanberry Fields [S],870,Voidwatch Office,45948,261,463,253620,253692,0.01,-180.84,-1060.23,95,1,-18084,-106023,1 -106023 -18084 1999 3120 2 -354003 -163601
92,Beadeaux [S],731,"Rouquillot, T.K.",49900,261,15,6124,6240,640.24,5.32,-320.98,120,64024,532,-32098,64024 -32098 532 566 63861 -35340 374 2736
92,Beadeaux [S],732,"Detlef, I.M.",49901,261,15,13920,14040,640.24,5.32,-320.98,120,64024,532,-32098,64024 -32098 532 566 63861 -35340 374 2736
92,Beadeaux [S],733,"Perna-Parna, C.C",49902,261,15,21716,21836,640.24,5.32,-320.98,120,64024,532,-32098,64024 -32098 532 566 63861 -35340 374 2736
92,Beadeaux [S],758,Allied Commissar,49931,261,208,34864,35004,0.82,-336.46,667.52,105,82,-33646,66752,82 66752 -33646 573 83 -192613 -281066 -40000
94,Windurst Waters [S],426,Hampu-Kampu,57788,261,148,41860,41948,-1139.06,-10.0,-1583.29,95,-113906,-1000,-158329,-113906 -158329 -1000 2102 341 120 29 7628
94,Windurst Waters [S],428,Kipopo,57790,261,106,49256,49320,-1151.52,-10.0,-1595.33,95,-115152,-1000,-159533,-115152 -159533 -1000 13 -115039 -158785 59 838860800
94,Windurst Waters [S],430,Ehm Lengyon,57792,261,40,49532,49708,0.19,-180.34,1562.63,90,19,-18034,156263,19 156263 -18034 999 2970 342 40 7709
94,Windurst Waters [S],431,???,57793,261,2,49592,49708,0.19,-180.34,1562.63,90,19,-18034,156263,19 156263 -18034 999 2970 342 40 7709
94,Windurst Waters [S],432,Ponono,57794,261,37,49648,49708,0.19,-180.34,1562.63,90,19,-18034,156263,19 156263 -18034 999 2970 342 40 7709
94,Windurst Waters [S],433,_2m0,57795,261,1,52488,52556,-203.95,39.55,9.99,90,-20395,3955,999,-20395 999 3955 61 1342280192 -1174338078 17162832 -2147385344
94,Windurst Waters [S],440,Ransnana,57802,261,1,107040,107060,0.3,109.56,109.55,90,30,10956,10955,30 10955 10956 31 -505344 -1015809 1867775 -513152
94,Windurst Waters [S],441,Upital-Lupital,57803,261,1,111212,111364,114.56,114.92,114.65,105,11456,11492,11465,11456 11465 11492 0 -41369 -162499 -1138 180
94,Windurst Waters [S],442,Ozzmo-Mazmo,57804,261,1,110540,110560,0.3,109.47,109.46,90,30,10947,10946,30 10946 10947 31 -505344 -1015809 1867775 -513152
94,Windurst Waters [S],450,Gevarg,57812,261,1,52636,52776,63.99,0.6,2.0,105,6399,60,200,6399 200 60 551 -503040 -491521 1952808959 -266441105
94,Windurst Waters [S],456,Chays-Ratays,57818,261,1,106184,106208,0.4,109.45,109.44,90,40,10945,10944,40 10944 10945 61 -505344 -1015809 1867775 -2147391872
94,Windurst Waters [S],457,Koton-Llaton,57819,261,1,106288,106312,0.4,109.24,109.23,90,40,10924,10923,40 10923 10924 61 -505344 -1015809 1867775 -2147391872
94,Windurst Waters [S],458,Kristen,57820,261,6,106392,106432,109.17,109.96,109.95,90,10917,10996,10995,10917 10995 10996 122 -505344 -1015809 1867775 -2147391872
94,Windurst Waters [S],459,Pebul-Tabul,57821,261,1,106572,106712,0.4,109.52,109.51,90,40,10952,10951,40 10951 10952 61 -505344 -1015809 1867775 -2147391872
94,Windurst Waters [S],461,Ragyaya,57823,261,1,106688,106712,0.4,109.52,109.51,90,40,10952,10951,40 10951 10952 61 -505344 -1015809 1867775 -2147391872
94,Windurst Waters [S],464,Aystise,57826,261,1,107296,107320,0.39,109.15,109.14,90,39,10915,10914,39 10914 10915 61 -505344 -1015809 1867775 -2147391872
94,Windurst Waters [S],466,Aihn Sowlmirih,57828,261,25,107524,107712,111.01,0.4,111.02,100,11101,40,11102,11101 11102 40 1068 21160 -999 -65 23533
94,Windurst Waters [S],467,Chioh Remhrll,57829,261,14,107632,107712,111.01,0.4,111.02,100,11101,40,11102,11101 11102 40 1068 21160 -999 -65 23533
94,Windurst Waters [S],468,Corbrere,57830,261,1,108300,108480,114.42,0.8,0.93,105,11442,80,93,11442 93 80 13 -42033 -164048 -1137 -42696
94,Windurst Waters [S],469,Rohn Ehlbalna,57831,261,104,108404,108480,114.42,0.8,0.93,105,11442,80,93,11442 93 80 13 -42033 -164048 -1137 -42696
94,Windurst Waters [S],470,Nhel Urhahn,57832,261,9,108764,108792,0.32,109.32,109.31,90,32,10932,10931,32 10931 10932 44 -505344 -1015809 1867775 -496000
94,Windurst Waters [S],471,Sahnn Dhansett,57833,261,28,108852,108880,0.59,109.73,109.72,90,59,10973,10972,59 10972 10973 62 -505344 -1015809 1867775 -2147391872
94,Windurst Waters [S],472,Mearuru,57834,261,1,108960,108984,0.4,109.75,109.74,90,40,10975,10974,40 10974 10975 61 -505344 -1015809 1867775 -2147391872
94,Windurst Waters [S],473,Pelsey-Holsey,57835,261,1,109064,109084,0.3,109.77,109.76,90,30,10977,10976,30 10976 10977 31 -505344 -1015809 1867775 -513152
94,Windurst Waters [S],474,Prucco-Lurucco,57836,261,1,109132,109152,0.3,109.26,109.25,90,30,10926,10925,30 10925 10926 31 -505344 -1015809 1867775 -513152
94,Windurst Waters [S],475,Renten-Tonten,57837,261,6,109200,109236,109.78,110.04,109.79,90,10978,11004,10979,10978 10979 11004 84 -505344 -1015809 1867775 -2147391872
94,Windurst Waters [S],476,Kopol-Rapol,57838,261,21,109336,109376,109.81,110.02,110.01,90,10981,11002,11001,10981 11001 11002 63 -505344 -1015809 1867775 -513152
94,Windurst Waters [S],477,Ampiro-Mapiro,57839,261,25,109456,109628,109.86,110.11,110.1,90,10986,11011,11010,10986 11010 11011 61 -505344 -1015809 1867775 -513152
94,Windurst Waters [S],478,Ranna-Brunna,57840,261,1,109596,109628,109.86,110.11,110.1,90,10986,11011,11010,10986 11010 11011 61 -505344 -1015809 1867775 -513152
94,Windurst Waters [S],479,Narito-Pettito,57841,261,1,109708,109740,109.12,110.09,109.13,90,10912,11009,10913,10912 10913 11009 121 -505344 -1015809 1867775 -2147391872
94,Windurst Waters [S],480,Pahpe Rauulih,57842,261,6,109880,109908,0.59,109.6,109.59,90,59,10960,10959,59 10959 10960 62 -505344 -1015809 1867775 -2147391872
94,Windurst Waters [S],481,Khea Mhyyih,57843,261,6,109988,110016,109.33,109.34,0.12,90,10933,10934,12,10933 12 10934 44 -505344 -1015809 1867775 -513152
94,Windurst Waters [S],482,Rakih Lyhall,57844,261,6,110076,110104,0.0,109.28,109.27,90,0,10928,10927,0 10927 10928 44 -505344 -1015809 1867775 -496000
94,Windurst Waters [S],483,Tohs Jhannih,57845,261,6,110164,110216,45.0,110.96,110.95,90,4500,11096,11095,4500 11095 11096 117 -505344 -1015809 1867775 -496000
94,Windurst Waters [S],484,Kleh Engyumoh,57846,261,6,110352,110404,44.64,110.99,110.98,90,4464,11099,11098,4464 11098 11099 117 -505344 -1015809 1867775 -513152
94,Windurst Waters [S],485,Amfafa,57847,261,1,110608,110732,109.68,109.69,0.11,90,10968,10969,11,10968 11 10969 51 -505344 -1015809 1867775 -513152
94,Windurst Waters [S],486,Churacoco,57848,261,1,110704,110732,109.68,109.69,0.11,90,10968,10969,11,10968 11 10969 51 -505344 -1015809 1867775 -513152
94,Windurst Waters [S],487,Ruirara,57849,261,1,110800,110948,109.88,110.0,109.99,90,10988,11000,10999,10988 10999 11000 61 -505344 -1015809 1867775 -513152
94,Windurst Waters [S],488,Parukoko,57850,261,1,110916,110948,109.88,110.0,109.99,90,10988,11000,10999,10988 10999 11000 61 -505344 -1015809 1867775 -513152
94,Windurst Waters [S],489,Uricca-Koricca,57851,261,16,111028,111064,109.9,109.98,109.97,90,10990,10998,10997,10990 10997 10998 62 -505344 -1015809 1867775 -513152
94,Windurst Waters [S],490,Tahl Mhioguch,57852,261,1,111144,111164,0.3,109.36,109.35,90,30,10936,10935,30 10935 10936 31 -505344 -1015809 1867775 -513152
94,Windurst Waters [S],491,Shairiri,57853,261,77,111572,111736,-1596.06,0.3,-42.5,95,-159606,30,-4250,-159606 -4250 30 40 6917 -160729 7511 -163227
94,Windurst Waters [S],494,Kocco Ehllek,57856,261,130,111280,111364,114.56,114.92,114.65,105,11456,11492,11465,11456 11465 11492 0 -41369 -162499 -1138 180
94,Windurst Waters [S],497,Maju-Naju,57859,261,160,111656,111736,-1596.06,0.3,-42.5,95,-159606,30,-4250,-159606 -4250 30 40 6917 -160729 7511 -163227
94,Windurst Waters [S],498,Shahr Yagenmhi,57860,261,48,112040,112188,36.64,0.0,17.5,120,3664,0,1750,3664 1750 0 1051 -2511 -11 58 0
94,Windurst Waters [S],499,Dantie-Corantie,57861,261,119,112116,112188,36.64,0.0,17.5,120,3664,0,1750,3664 1750 0 1051 -2511 -11 58 0
94,Windurst Waters [S],501,Perih Vashai,57863,261,422,327628,327780,158.68,0.36,-9.99,105,15868,36,-999,15868 -999 36 118 14929 -1000 1300 1034
94,Windurst Waters [S],503,Koru-Moru,57865,261,160,211540,211648,-25.0,0.4,0.07,120,-2500,40,7,-2500 7 40 1260 17493 -13 18355 -999
94,Windurst Waters [S],504,Tosuka-Porika,57866,261,77,202212,202252,-572.43,-52.49,975.91,90,-57243,-5249,97591,-57243 97591 -5249 25 0 -2147470848 -2147418081 -2147254270
94,Windurst Waters [S],505,Yoran-Oran,57867,261,148,202288,202420,114.44,0.13,-10.0,120,11444,13,-1000,11444 -1000 13 661 15941 -999 40 -1235
94,Windurst Waters [S],506,Haja Zhwan,57868,261,127,191600,191740,-10.0,320.47,-17.4,105,-1000,32047,-1740,-1000 -1740 32047 4026 -1576 36408 13 -3384
94,Windurst Waters [S],507,Haja Zhwan,57869,261,16,192292,192464,-35.62,-10.0,363.73,120,-3562,-1000,36373,-3562 36373 -1000 3067 13 -5114 33241 -999
94,Windurst Waters [S],508,Mikhe Aryohcha,57870,261,115,192320,192464,-35.62,-10.0,363.73,120,-3562,-1000,36373,-3562 36373 -1000 3067 13 -5114 33241 -999
94,Windurst Waters [S],509,Vhino Delkahngo,57871,261,108,192980,193156,-49.82,0.35,0.25,120,-4982,35,25,-4982 25 35 703 -2351 -25499 29065 2524
94,Windurst Waters [S],510,Lhu Mhakaracca,57872,261,106,193512,193648,-10.0,338.3,-54.33,105,-1000,33830,-5433,-1000 -5433 33830 4026 42 -2412 35001 13
94,Windurst Waters [S],511,Naho Gwanboh,57873,261,166,194104,194224,-3.81,290.65,-28.44,120,-381,29065,-2844,-381 -2844 29065 2524 -25999 -1150 17305 -999
94,Windurst Waters [S],512,Nzha Abaleenah,57874,261,97,194624,194744,41.5,290.65,-74.42,120,4150,29065,-7442,4150 -7442 29065 2524 -25999 13 12 -2075
94,Windurst Waters [S],513,Ghyo Molkot,57875,261,101,202296,202420,114.44,0.13,-10.0,120,11444,13,-1000,11444 -1000 13 661 15941 -999 40 -1235
94,Windurst Waters [S],514,Nhiko Rhaabel,57876,261,126,202888,203060,4.51,-10.0,152.08,105,451,-1000,15208,451 15208 -1000 40 -3082 19589 -10130 33333
94,Windurst Waters [S],518,Robel-Akbel,57880,261,616,216988,217168,0.13,-118.07,-34.44,105,13,-11807,-3444,13 -3444 -11807 749 0 1 128 8029
94,Windurst Waters [S],520,Star Sibyl,57882,261,283,217908,218028,0.28,7.49,159.33,100,28,749,15933,28 15933 749 2794 44976 -61499 11067 68822
94,Windurst Waters [S],537,Mihl Pakorhma,57899,261,241,201984,202096,82.2,-42.49,-1964.44,95,8220,-4249,-196444,8220 -196444 -4249 19 -1274 -196337 -4000 11
94,Windurst Waters [S],538,Zolku-Azolku,57900,261,100,212984,213156,-19.64,-254.99,-39.09,105,-1964,-25499,-3909,-1964 -3909 -25499 35 4225 -1808 -25500 29065
94,Windurst Waters [S],539,Kayeel-Payeel,57901,261,115,213844,214024,-67.75,290.65,-255.0,120,-6775,29065,-25500,-6775 -25500 29065 2524 -25999 5 11 109
94,Windurst Waters [S],540,Lutete,57902,261,107,214768,214952,-67.75,290.65,-255.0,120,-6775,29065,-25500,-6775 -25500 29065 2524 -25999 5 109 280
94,Windurst Waters [S],541,Gariri,57903,261,43,215712,215808,-82.64,0.35,-255.0,120,-8264,35,-25500,-8264 -25500 35 3316 -6775 29065 2524 -25999
94,Windurst Waters [S],542,Zonpa-Zippa,57904,261,105,216028,216140,-58.07,-254.99,-68.76,120,-5807,-25499,-6876,-5807 -6876 -25499 2010 -8712 29065 2524 -25999
94,Windurst Waters [S],543,Zubaba,57905,261,72,216384,216464,-0.73,-489.99,366.02,120,-73,-48999,36602,-73 36602 -48999 1000 -2022 36664 -1877 21541
94,Windurst Waters [S],544,Pattna-Ottna,57906,261,29,216636,216676,-26.45,-254.99,-72.25,105,-2645,-25499,-7225,-2645 -7225 -25499 35 29065 2524 -25999 39
94,Windurst Waters [S],545,Kamolo-Domilo,57907,261,40,216748,216816,0.13,-75.87,-107.93,105,13,-7587,-10793,13 -10793 -7587 749 85 570425344 -134205696 1820327935
94,Windurst Waters [S],546,Lukka-Lakka,57908,261,13,216924,216948,0.13,-62.21,-123.43,105,13,-6221,-12343,13 -12343 -6221 749 17 3276800 16785280 58720896
94,Windurst Waters [S],548,Lehko Habhoka,57910,261,1347,215660,215808,-82.64,0.35,-255.0,120,-8264,35,-25500,-8264 -25500 35 3316 -6775 29065 2524 -25999
94,Windurst Waters [S],550,Tzee Xicu the Ma,57912,261,43,257012,257084,-102.59,-20.0,-163.77,90,-10259,-2000,-16377,-10259 -16377 -2000 85 2228224 -524241 -127107073 8388607
94,Windurst Waters [S],551,01,57913,261,74,257188,257288,-151.56,-49.99,848.25,105,-15156,-4999,84825,-15156 84825 -4999 38 -20377 83499 120 2228224
94,Windurst Waters [S],553,03,57915,261,26,257612,257700,-232.59,-50.0,845.78,90,-23259,-5000,84578,-23259 84578 -5000 94 2228224 -524241 -127107073 8388607
94,Windurst Waters [S],554,04,57916,261,77,257812,257908,-212.96,-49.99,836.52,90,-21296,-4999,83652,-21296 83652 -4999 96 2228224 -524241 -127107073 8388607
94,Windurst Waters [S],557,07,57919,261,41,258432,258504,-376.94,-50.0,1058.15,95,-37694,-5000,105815,-37694 105815 -5000 1173 37 -37605 92998 95
94,Windurst Waters [S],558,08,57920,261,29,258632,258704,-398.15,-50.0,1016.58,95,-39815,-5000,101658,-39815 101658 -5000 1176 45 -40052 91035 15
94,Windurst Waters [S],559,09,57921,261,1,258860,258924,-427.47,-50.0,1059.32,95,-42747,-5000,105932,-42747 105932 -5000 1189 42 -41771 93051 15
94,Windurst Waters [S],561,01,57923,261,218,211464,211648,-25.0,0.4,0.07,120,-2500,40,7,-2500 7 40 1260 17493 -13 18355 -999
94,Windurst Waters [S],562,02,57924,261,84,261980,262148,-235.67,-50.0,849.42,90,-23567,-5000,84942,-23567 84942 -5000 4 30 80 459 49181
94,Windurst Waters [S],563,03,57925,261,102,264576,264748,-235.67,-50.0,849.42,90,-23567,-5000,84942,-23567 84942 -5000 4 30 80 459 49181
94,Windurst Waters [S],564,04,57926,261,75,267176,267348,-235.67,-50.0,849.42,105,-23567,-5000,84942,-23567 84942 -5000 30 -29686 82739 -4748 4
94,Windurst Waters [S],565,05,57927,261,12,269804,269876,-235.67,-50.0,849.42,105,-23567,-5000,84942,-23567 84942 -5000 15 -29756 81971 -4625 102
94,Windurst Waters [S],566,06,57928,261,12,270012,270096,-298.03,-45.96,812.84,90,-29803,-4596,81284,-29803 81284 -4596 99 2228224 -524241 -127107073 8388607
94,Windurst Waters [S],567,07,57929,261,1,270212,270276,-235.67,-50.0,849.42,90,-23567,-5000,84942,-23567 84942 -5000 83 2228224 -524241 -127107073 8388607
94,Windurst Waters [S],568,08,57930,261,1,270376,270440,-209.24,-47.66,792.36,90,-20924,-4766,79236,-20924 79236 -4766 83 2228224 -524241 -127107073 8388607
94,Windurst Waters [S],573,Yassi-Possi,57935,261,10,52376,52408,-186.87,3.83,9.99,90,-18687,383,999,-18687 999 383 61 1325502976 -1174338078 17162831 -2147385344
94,Windurst Waters [S],574,Pelftrix,57936,261,7,52600,52776,63.99,0.6,2.0,105,6399,60,200,6399 200 60 551 -503040 -491521 1952808959 -266441105
94,Windurst Waters [S],577,Emhi Tchaoryo,57939,261,36,296952,297136,446.18,450.06,-505.4,90,44618,45006,-50540,44618 -50540 45006 13 -52265 43584 -53224 46410
94,Windurst Waters [S],580,Adjutant,57942,261,1,304244,304408,-692.73,-35.0,583.46,120,-69273,-3500,58346,-69273 58346 -3500 2900 325 4101 4098 4096
94,Windurst Waters [S],598,Romaa Mihgo,57960,261,23,349948,350032,-10.0,407.52,-48.73,105,-1000,40752,-4873,-1000 -4873 40752 13 -4350 34757 -999 119
94,Windurst Waters [S],634,G3,57997,261,7,433632,433804,-153.44,-260.0,10.99,105,-15344,-26000,1099,-15344 1099 -26000 4 9820 10776 -26249 43
94,Windurst Waters [S],635,Q1,57998,261,7,433660,433804,-153.44,-260.0,10.99,105,-15344,-26000,1099,-15344 1099 -26000 4 9820 10776 -26249 43
94,Windurst Waters [S],636,Q2,57999,261,7,433688,433804,-153.44,-260.0,10.99,105,-15344,-26000,1099,-15344 1099 -26000 4 9820 10776 -26249 43
94,Windurst Waters [S],637,Q3,58000,261,7,433716,433804,-153.44,-260.0,10.99,105,-15344,-26000,1099,-15344 1099 -26000 4 9820 10776 -26249 43
94,Windurst Waters [S],643,Prido-Homildo,58006,261,28,433772,433804,-153.44,-260.0,10.99,105,-15344,-26000,1099,-15344 1099 -26000 4 9820 10776 -26249 43
94,Windurst Waters [S],646,03,58009,261,8,433936,434124,-43.87,-254.99,-71.0,120,-4387,-25499,-7100,-4387 -7100 -25499 504 0 -7391 -8997 7907
94,Windurst Waters [S],647,04,58010,261,8,433964,434124,-43.87,-254.99,-71.0,120,-4387,-25499,-7100,-4387 -7100 -25499 504 0 -7391 -8997 7907
94,Windurst Waters [S],648,05,58011,261,8,433992,434124,-43.87,-254.99,-71.0,120,-4387,-25499,-7100,-4387 -7100 -25499 504 0 -7391 -8997 7907
94,Windurst Waters [S],649,06,58012,261,8,434020,434124,-43.87,-254.99,-71.0,120,-4387,-25499,-7100,-4387 -7100 -25499 504 0 -7391 -8997 7907
94,Windurst Waters [S],650,Karaha-Baruha,58013,261,354,434048,434124,-43.87,-254.99,-71.0,120,-4387,-25499,-7100,-4387 -7100 -25499 504 0 -7391 -8997 7907
94,Windurst Waters [S],651,Carbuncle,58014,261,92,434640,434676,570.55,0.25,-20.97,90,57055,25,-2097,57055 -2097 25 0 -2147483617 -2147319807 1248788767 17162910
94,Windurst Waters [S],657,Lilisette,58020,261,233,452404,452520,6.52,-26.86,-259.99,120,652,-2686,-25999,652 -25999 -2686 1167 -25500 2247 -1875 2489
94,Windurst Waters [S],658,Halver M Borel,58021,261,102,452932,453016,29.27,-24.24,-259.99,120,2927,-2424,-25999,2927 -25999 -2424 2570 -25499 3321 7230 125987
94,Windurst Waters [S],672,01,58035,261,13,493964,494148,446.18,450.06,-505.4,90,44618,45006,-50540,44618 -50540 45006 13 -52265 43584 -53224 46410
94,Windurst Waters [S],675,04,58038,261,6,495172,495352,446.18,450.06,-505.4,90,44618,45006,-50540,44618 -50540 45006 13 -52265 43584 -53224 46410
94,Windurst Waters [S],677,06,58040,261,8,496060,496244,446.18,450.06,-505.4,90,44618,45006,-50540,44618 -50540 45006 13 -52265 43584 -53224 46410
94,Windurst Waters [S],678,07,58041,261,8,496880,497064,446.18,450.06,-505.4,90,44618,45006,-50540,44618 -50540 45006 13 -52265 43584 -53224 46410
94,Windurst Waters [S],679,08,58042,261,8,497648,497716,-446.77,-34.99,594.02,105,-44677,-3499,59402,-44677 59402 -3499 13 -49091 50124 107 788537856
94,Windurst Waters [S],680,a01,58043,261,7,497852,497956,476.03,475.5,-495.41,90,47603,47550,-49541,47603 -49541 47550 137 788537856 -2048 -496513 -2147450881
94,Windurst Waters [S],681,a02,58044,261,7,498112,498180,-395.77,-34.99,560.26,105,-39577,-3499,56026,-39577 56026 -3499 120 -39799 56684 -41853 56051
94,Windurst Waters [S],682,a03,58045,261,7,498368,498548,446.18,450.06,-505.4,90,44618,45006,-50540,44618 -50540 45006 13 -52265 43584 -53224 46410
94,Windurst Waters [S],683,a04,58046,261,8,498968,499152,446.18,450.06,-505.4,90,44618,45006,-50540,44618 -50540 45006 13 -52265 43584 -53224 46410
94,Windurst Waters [S],684,a05,58047,261,7,499692,499780,-35.0,462.92,-497.45,90,-3500,46292,-49745,-3500 -49745 46292 108 788537856 -2048 -496513 -2147450881
94,Windurst Waters [S],685,a06,58048,261,11,499904,500084,446.18,450.06,-505.4,90,44618,45006,-50540,44618 -50540 45006 13 -52265 43584 -53224 46410
94,Windurst Waters [S],686,a07,58049,261,7,500504,500688,446.18,450.06,-505.4,90,44618,45006,-50540,44618 -50540 45006 13 -52265 43584 -53224 46410
94,Windurst Waters [S],688,t01,58051,261,14,501508,501576,-678.19,-34.99,589.97,105,-67819,-3499,58997,-67819 58997 -3499 2562 5 19 232 36
94,Windurst Waters [S],695,01,58058,261,21,502836,502984,-729.87,-35.0,744.8,90,-72987,-3500,74480,-72987 74480 -3500 52 154 46592 72941696 2147483640
94,Windurst Waters [S],696,02,58059,261,21,503160,503308,-729.87,-35.0,744.8,90,-72987,-3500,74480,-72987 74480 -3500 52 154 46592 72941696 2147483640
94,Windurst Waters [S],700,06,58063,261,9,503568,503740,-609.89,-34.99,702.54,105,-60989,-3499,70254,-60989 70254 -3499 4093 16360 48577 -2000 2014
94,Windurst Waters [S],701,07,58064,261,9,503596,503784,-354.93,-35.0,644.01,120,-35493,-3500,64401,-35493 64401 -3500 2800 -33997 64959 2359 -45609
94,Windurst Waters [S],702,08,58065,261,6,503624,503784,-354.93,-35.0,644.01,120,-35493,-3500,64401,-35493 64401 -3500 2800 -33997 64959 2359 -45609
94,Windurst Waters [S],703,09,58066,261,6,503652,503784,-354.93,-35.0,644.01,120,-35493,-3500,64401,-35493 64401 -3500 2800 -33997 64959 2359 -45609
94,Windurst Waters [S],706,02,58069,261,20,522692,522872,33.37,-160.0,1236.77,110,3337,-16000,123677,3337 123677 -16000 1324 127858 -16748 1369 147313
94,Windurst Waters [S],707,03,58070,261,19,522816,522872,33.37,-160.0,1236.77,110,3337,-16000,123677,3337 123677 -16000 1324 127858 -16748 1369 147313
94,Windurst Waters [S],708,04,58071,261,13,523040,523200,39.62,-160.0,1243.35,110,3962,-16000,124335,3962 124335 -16000 1627 128850 -16749 1036 147375
94,Windurst Waters [S],709,05,58072,261,13,523172,523200,39.62,-160.0,1243.35,110,3962,-16000,124335,3962 124335 -16000 1627 128850 -16749 1036 147375
94,Windurst Waters [S],710,06,58073,261,12,523272,523308,-137.99,4.99,-183.63,105,-13799,499,-18363,-13799 -18363 499 37 -8403 126041 -16000 -7326
94,Windurst Waters [S],711,07,58074,261,12,523480,523532,46.73,-159.99,1248.88,110,4673,-15999,124888,4673 124888 -15999 928 128828 -16749 1317 147348
94,Windurst Waters [S],712,08,58075,261,15,523624,523652,57.47,-160.0,1228.06,110,5747,-16000,122806,5747 122806 -16000 648 126447 -16749 -1042 147311
94,Windurst Waters [S],713,09,58076,261,16,523724,523768,-39.79,-159.99,1226.8,110,-3979,-15999,122680,-3979 122680 -15999 732 126916 -16749 3093 146318
94,Windurst Waters [S],714,10,58077,261,13,523864,523896,40.17,-160.0,1227.15,110,4017,-16000,122715,4017 122715 -16000 1082 128599 -16749 666 147311
94,Windurst Waters [S],717,13,58080,261,12,524052,524200,-8.7,-167.49,1267.32,95,-870,-16749,126732,-870 126732 -16749 1091 146943 37 838860800 2064384
94,Windurst Waters [S],718,14,58081,261,12,524104,524200,-8.7,-167.49,1267.32,95,-870,-16749,126732,-870 126732 -16749 1091 146943 37 838860800 2064384
94,Windurst Waters [S],719,15,58082,261,15,523132,523200,39.62,-160.0,1243.35,110,3962,-16000,124335,3962 124335 -16000 1627 128850 -16749 1036 147375
94,Windurst Waters [S],746,2,58109,261,25,475412,475444,1.63,-87.85,135.76,120,163,-8785,13576,163 13576 -8785 2479 -1694 3234 3 -1069
94,Windurst Waters [S],761,Voidwatch Office,58124,261,463,597840,597912,0.01,-180.84,-1060.23,95,1,-18084,-106023,1 -106023 -18084 1999 3120 2 -354003 -163601
95,West Sarutabaruta [S],815,"Madelleon, R.K.",62273,261,28,4420,4584,640.24,5.32,-320.98,120,64024,532,-32098,64024 -32098 532 566 63861 -35340 374 2736
95,West Sarutabaruta [S],816,"Tenacious Fool,",62274,261,28,12492,12656,640.24,5.32,-320.98,120,64024,532,-32098,64024 -32098 532 566 63861 -35340 374 2736
95,West Sarutabaruta [S],817,"Mhik Liusihlo, M",62275,261,28,20564,20728,640.24,5.32,-320.98,120,64024,532,-32098,64024 -32098 532 566 63861 -35340 374 2736
95,West Sarutabaruta [S],844,Allied Commissar,62303,261,208,67264,67404,0.82,-336.46,667.52,105,82,-33646,66752,82 66752 -33646 573 83 -192613 -281066 -40000
95,West Sarutabaruta [S],878,taru1,62340,261,40,173284,173376,-623.78,1.2,-38.81,105,-62378,120,-3881,-62378 -3881 120 85 -37983 131537 -16000 285
95,West Sarutabaruta [S],879,taru2,62341,261,32,173224,173376,-623.78,1.2,-38.81,105,-62378,120,-3881,-62378 -3881 120 85 -37983 131537 -16000 285
95,West Sarutabaruta [S],880,mith1,62342,261,42,173272,173376,-623.78,1.2,-38.81,105,-62378,120,-3881,-62378 -3881 120 85 -37983 131537 -16000 285
95,West Sarutabaruta [S],881,mith2,62343,261,33,174736,174820,-387.09,-159.99,1307.6,95,-38709,-15999,130760,-38709 130760 -15999 10 1285 755 182 285
95,West Sarutabaruta [S],882,imp01,62344,261,1,176872,177008,-174.6,0.0,-480.0,90,-17460,0,-48000,-17460 -48000 0 1 128 139 -129368064 -1971322881
95,West Sarutabaruta [S],883,imp02,62345,261,11,176896,177008,-174.6,0.0,-480.0,90,-17460,0,-48000,-17460 -48000 0 1 128 139 -129368064 -1971322881
95,West Sarutabaruta [S],886,Vhino Delkahngo,62348,261,29,181676,181844,-129.53,2.9,0.8,90,-12953,290,80,-12953 80 290 128 1 -284201 -13169 -292787
95,West Sarutabaruta [S],887,Lhu Mhakaracca,62349,261,27,182176,182364,-131.54,2.6,0.75,90,-13154,260,75,-13154 75 260 128 1 -306834 -15055 -47999
95,West Sarutabaruta [S],892,Doron-Fulun,62354,261,1,175332,175432,-131.54,2.5,0.75,90,-13154,250,75,-13154 75 250 128 1 -305482 -11921 -47999
95,West Sarutabaruta [S],893,Kodada,62355,261,1,175776,175876,-131.54,2.6,0.75,90,-13154,260,75,-13154 75 260 128 1 -306834 -15055 -47999
95,West Sarutabaruta [S],894,Rakocha-Mukocha,62356,261,1,176168,176260,-129.53,2.9,0.8,90,-12953,290,80,-12953 80 290 128 1 -284201 -13169 -292787
95,West Sarutabaruta [S],895,Abubu,62357,261,1,176520,176620,-131.54,1.28,3.0,90,-13154,128,300,-13154 300 128 1 80 -306826 -20320 -47999
95,West Sarutabaruta [S],896,Romaa Mihgo,62358,261,203,183548,183652,-98.51,0.0,-43.67,90,-9851,0,-4367,-9851 -4367 0 1 128 40 -337960 -400636
95,West Sarutabaruta [S],898,Perih Vashai,62360,261,51,184124,184216,22.51,2.9,22.5,90,2251,290,2250,2251 2250 290 42 -310643 -14104 -48000 70
95,West Sarutabaruta [S],899,Mihl Pakorhma,62361,261,88,184452,184552,-101.65,0.0,-43.86,90,-10165,0,-4386,-10165 -4386 0 1 128 40 321622 -4523
95,West Sarutabaruta [S],902,Robel-Akbel,62364,261,147,186720,186836,30.08,188.53,-255.0,120,3008,18853,-25500,3008 -25500 18853 2590 -26000 -146 17190 593
95,West Sarutabaruta [S],904,Star Sibyl,62366,261,102,173244,173376,-623.78,1.2,-38.81,105,-62378,120,-3881,-62378 -3881 120 85 -37983 131537 -16000 285
95,West Sarutabaruta [S],905,Door:Clerical Ch,62367,261,3,188476,188624,22.37,10.0,22.51,90,2237,1000,2251,2237 2251 1000 43 -301911 -2487 -47999 -307836
95,West Sarutabaruta [S],906,Ajido-Marujido,62368,261,109,188520,188624,22.37,10.0,22.51,90,2237,1000,2251,2237 2251 1000 43 -301911 -2487 -47999 -307836
95,West Sarutabaruta [S],907,Zolku-Azolku,62369,261,46,189020,189100,-364.64,-50.0,889.17,105,-36464,-5000,88917,-36464 88917 -5000 39 -43723 88123 -4999 0
95,West Sarutabaruta [S],908,Kayeel-Payeel,62370,261,34,189296,189412,-96.14,0.01,-33.11,90,-9614,1,-3311,-9614 -3311 1 128 142 -1241513984 25165835 58720896
95,West Sarutabaruta [S],910,Velda-Galda,62372,261,28,189712,189832,-279.41,1.28,0.01,90,-27941,128,1,-27941 1 128 143 -1241513984 25165835 58720896 41943680
95,West Sarutabaruta [S],911,kakashi1,62373,261,40,189992,190116,-400.86,-50.0,935.59,105,-40086,-5000,93559,-40086 93559 -5000 1 -33306 78008 -3572 2600
95,West Sarutabaruta [S],912,kakashi2,62374,261,14,190616,190716,-400.86,-50.0,935.59,105,-40086,-5000,93559,-40086 93559 -5000 1 -33306 78008 -3572 2600
95,West Sarutabaruta [S],913,kakashi3,62375,261,14,191032,191132,-400.86,-50.0,935.59,105,-40086,-5000,93559,-40086 93559 -5000 1 -33306 78008 -3572 2600
95,West Sarutabaruta [S],914,kakashi4,62376,261,14,191452,191552,-400.86,-50.0,935.59,105,-40086,-5000,93559,-40086 93559 -5000 1 -33306 78008 -3572 2600
95,West Sarutabaruta [S],917,01,62379,261,36,198392,198568,-94.82,30.0,-45.0,90,-9482,3000,-4500,-9482 -4500 3000 48 0 36 7 5
95,West Sarutabaruta [S],918,02,62380,261,35,199328,199504,-98.53,30.0,-43.67,90,-9853,3000,-4367,-9853 -4367 3000 48 0 7 5 137
95,West Sarutabaruta [S],919,03,62381,261,32,200260,200444,-68.69,30.0,-43.56,90,-6869,3000,-4356,-6869 -4356 3000 48 0 7 5 137
95,West Sarutabaruta [S],920,04,62382,261,22,201196,201356,-108.9,30.0,-44.32,90,-10890,3000,-4432,-10890 -4432 3000 7 5 137 16 14
95,West Sarutabaruta [S],921,05,62383,261,17,202084,202244,-85.58,30.0,-45.0,90,-8558,3000,-4500,-8558 -4500 3000 7 5 137 16 14
95,West Sarutabaruta [S],922,06,62384,261,2,202972,203132,-89.51,30.0,-43.64,90,-8951,3000,-4364,-8951 -4364 3000 7 5 137 16 14
95,West Sarutabaruta [S],948,ari01,62410,261,13,215192,215296,-141.04,0.2,-480.0,90,-14104,20,-48000,-14104 -48000 20 0 1 70 -307604 -14481
95,West Sarutabaruta [S],951,Fenrir,62413,261,112,218464,218552,20.48,1.28,0.0,90,2048,128,0,2048 0 128 156 -2147434496 -2147434496 -2147434496 17806848
95,West Sarutabaruta [S],952,Fenrir,62414,261,88,218724,218812,20.48,1.28,0.0,90,2048,128,0,2048 0 128 156 -2147434496 -2147434496 -2147434496 17806848
95,West Sarutabaruta [S],953,C1,62415,261,25,218984,219088,-680.0,0.8,0.92,120,-68000,80,92,-68000 92 80 2741 45005 -999 0 1
96,Fort Karugo-Narugo [S],604,"Caulaise, R.K.",621,262,28,3716,3880,640.24,5.32,-320.98,120,64024,532,-32098,64024 -32098 532 566 63861 -35340 374 2736
96,Fort Karugo-Narugo [S],605,"Marianne, I.M.",622,262,28,11788,11952,640.24,5.32,-320.98,120,64024,532,-32098,64024 -32098 532 566 63861 -35340 374 2736
96,Fort Karugo-Narugo [S],606,"Lamurara, C.C.",623,262,28,19860,20024,640.24,5.32,-320.98,120,64024,532,-32098,64024 -32098 532 566 63861 -35340 374 2736
96,Fort Karugo-Narugo [S],676,Porlco-Glaico,693,262,1,34048,34228,81.43,81.44,0.26,90,8143,8144,26,8143 26 8144 36 -1040896 -131366913 8388607 -126999680
96,Fort Karugo-Narugo [S],677,Piah Dnakkora,694,262,1,34128,34228,81.43,81.44,0.26,90,8143,8144,26,8143 26 8144 36 -1040896 -131366913 8388607 -126999680
96,Fort Karugo-Narugo [S],678,Rhant Tamhujya,695,262,1,34208,34228,81.43,81.44,0.26,90,8143,8144,26,8143 26 8144 36 -1040896 -131366913 8388607 -126999680
96,Fort Karugo-Narugo [S],688,Purottoto,705,262,1,35160,35296,81.7,81.71,0.29,90,8170,8171,29,8170 29 8171 44 -1040896 -131366913 8388607 -131390592
96,Fort Karugo-Narugo [S],689,Galco-Ralico,706,262,1,35272,35296,81.7,81.71,0.29,90,8170,8171,29,8170 29 8171 44 -1040896 -131366913 8388607 -131390592
96,Fort Karugo-Narugo [S],707,02,724,262,4,103960,104120,1585.77,-427.01,502.59,90,158577,-42701,50259,158577 50259 -42701 1249 154151 36529 -44453 1250
96,Fort Karugo-Narugo [S],708,Rachemace,725,262,10,104008,104120,1585.77,-427.01,502.59,90,158577,-42701,50259,158577 50259 -42701 1249 154151 36529 -44453 1250
96,Fort Karugo-Narugo [S],710,2,727,262,9,104232,104304,1541.51,-444.53,365.29,95,154151,-44453,36529,154151 36529 -44453 1250 74 -133792256 8388607 8388992
96,Fort Karugo-Narugo [S],712,3,729,262,9,104400,104448,1539.01,-447.65,447.72,90,153901,-44765,44772,153901 44772 -44765 1249 150064 24360 -44659 1350
96,Fort Karugo-Narugo [S],714,Yrvaulair S Cous,731,262,17,104036,104120,1585.77,-427.01,502.59,90,158577,-42701,50259,158577 50259 -42701 1249 154151 36529 -44453 1250
96,Fort Karugo-Narugo [S],716,Ashmea B Greinne,733,262,11,104064,104120,1585.77,-427.01,502.59,90,158577,-42701,50259,158577 50259 -42701 1249 154151 36529 -44453 1250
96,Fort Karugo-Narugo [S],732,13,749,262,22,37456,37484,1355.53,-432.47,-6.88,95,135553,-43247,-688,135553 -688 -43247 9 135139 763 -43289 135695
96,Fort Karugo-Narugo [S],741,Ghyo Molkot,758,262,140,93892,94056,670.02,0.01,-12.2,100,67002,1,-1220,67002 -1220 1 1327 755 1084 2243 7
96,Fort Karugo-Narugo [S],742,Nhiko Rhaabel,759,262,41,94536,94648,342.08,7.55,-280.29,100,34208,755,-28029,34208 -28029 755 1084 2243 7 3 0
96,Fort Karugo-Narugo [S],743,Robel-Akbel,760,262,150,70003,70095,48.64,140.8,634.88,90,4864,14080,63488,4864 63488 14080 0 -2147480650 -2147385343 -2147319806 -2147319806
96,Fort Karugo-Narugo [S],752,01,769,262,145,95032,95184,-10.3,0.07,-436.45,90,-1030,7,-43645,-1030 -43645 7 9 137 110 16 13
96,Fort Karugo-Narugo [S],753,02,770,262,142,95800,95952,-31.03,0.48,-646.91,90,-3103,48,-64691,-3103 -64691 48 0 3 9 12 253
96,Fort Karugo-Narugo [S],754,03,771,262,126,96512,96660,-76.79,0.47,-646.91,90,-7679,47,-64691,-7679 -64691 47 36 65275 -2432 48 3
96,Fort Karugo-Narugo [S],755,04,772,262,139,97244,97400,-16.2,0.48,-646.91,90,-1620,48,-64691,-1620 -64691 48 0 3 9 12 253
96,Fort Karugo-Narugo [S],756,05,773,262,90,98244,98392,-31.03,0.48,-646.91,90,-3103,48,-64691,-3103 -64691 48 0 3 9 12 253
96,Fort Karugo-Narugo [S],757,06,774,262,110,99124,99276,-76.79,0.47,-646.91,90,-7679,47,-64691,-7679 -64691 47 36 65275 -2432 48 0
96,Fort Karugo-Narugo [S],758,07,775,262,36,100120,100236,-18.88,0.48,-433.88,90,-1888,48,-43388,-1888 -43388 48 3 9 0 12 253
96,Fort Karugo-Narugo [S],768,01,785,262,15,104992,105096,-10.3,7.55,-436.45,120,-1030,755,-43645,-1030 -43645 755 1084 2243 7 3 0
96,Fort Karugo-Narugo [S],769,02,786,262,15,105412,105508,1906.04,-295.7,48.96,90,190604,-29570,4896,190604 4896 -29570 755 1084 2243 7 3
96,Fort Karugo-Narugo [S],770,03,787,262,15,105824,105928,1882.04,-306.8,31.51,90,188204,-30680,3151,188204 3151 -30680 755 1084 2243 7 3
96,Fort Karugo-Narugo [S],771,04,788,262,16,106248,106348,1860.43,-309.51,61.04,90,186043,-30951,6104,186043 6104 -30951 755 1084 2243 7 3
96,Fort Karugo-Narugo [S],772,05,789,262,17,106668,106748,1470.57,-435.1,32.37,90,147057,-43510,3237,147057 3237 -43510 755 1084 2243 7 3
96,Fort Karugo-Narugo [S],773,06,790,262,13,107052,107132,1461.71,-434.22,40.09,90,146171,-43422,4009,146171 4009 -43422 755 1084 2243 7 3
96,Fort Karugo-Narugo [S],775,Tihl Midurhi,792,262,185,107812,107948,-15.63,17.2,-755.85,105,-1563,1720,-75585,-1563 -75585 1720 13 -63587 1902 755 1084
96,Fort Karugo-Narugo [S],776,Mihl Pakorhma,793,262,166,108400,108532,-7.45,17.19,-755.85,105,-745,1719,-75585,-745 -75585 1719 13 -62832 2376 755 1084
96,Fort Karugo-Narugo [S],788,Naho Gwanboh,805,262,98,108976,109144,493.43,0.3,-291.15,90,49343,30,-29115,49343 -29115 30 11 -59561 4573 -75585 75
96,Fort Karugo-Narugo [S],789,Nzha Abaleenah,806,262,6,109492,109628,493.43,0.3,-291.15,90,49343,30,-29115,49343 -29115 30 189 11927552 -1241481216 8388864 -2147352394
96,Fort Karugo-Narugo [S],801,Allied Commissar,818,262,208,126692,126832,0.82,-336.46,667.52,105,82,-33646,66752,82 66752 -33646 573 83 -192613 -281066 -40000
97,Meriphataud Mountains [S],755,"Raurart, R.K.",4868,262,28,3564,3728,640.24,5.32,-320.98,120,64024,532,-32098,64024 -32098 532 566 63861 -35340 374 2736
97,Meriphataud Mountains [S],756,"Pondering Peak,",4869,262,28,11636,11800,640.24,5.32,-320.98,120,64024,532,-32098,64024 -32098 532 566 63861 -35340 374 2736
97,Meriphataud Mountains [S],757,"Dhen Kwherri, M.",4870,262,28,19708,19872,640.24,5.32,-320.98,120,64024,532,-32098,64024 -32098 532 566 63861 -35340 374 2736
97,Meriphataud Mountains [S],776,Allied Commissar,4890,262,208,45388,45528,0.82,-336.46,667.52,105,82,-33646,66752,82 66752 -33646 573 83 -192613 -281066 -40000
97,Meriphataud Mountains [S],808,Lidaise,4924,262,1,79776,79800,-0.04,0.0,76.25,90,-4,0,7625,-4 7625 0 201 -1 138 7627 7622
97,Meriphataud Mountains [S],821,Romaa Mihgo,4937,262,181,120456,120620,688.73,1.82,-158.06,90,68873,182,-15806,68873 -15806 182 0 -127139840 8388607 8388992 -1940
97,Meriphataud Mountains [S],833,02,4949,262,51,124024,124196,-325.6,0.01,-324.35,120,-32560,1,-32435,-32560 -32435 1 2412 13 510 10 0
97,Meriphataud Mountains [S],844,Y01,4960,262,42,126388,126552,-302.56,0.05,-717.49,105,-30256,5,-71749,-30256 -71749 5 1524 2082 209 -127139840 8388607
97,Meriphataud Mountains [S],845,Y02,4961,262,43,126788,126896,-423.3,0.1,-320.27,105,-42330,10,-32027,-42330 -32027 10 1526 0 128 -100134 -30518
97,Meriphataud Mountains [S],847,Y04,4963,262,40,127344,127420,-384.82,0.0,-319.23,105,-38482,0,-31923,-38482 -31923 0 1 128 -100913 -30161 -71749
98,Sauromugue Champaign [S],672,"Alreage, R.K.",8881,262,28,6960,7124,640.24,5.32,-320.98,120,64024,532,-32098,64024 -32098 532 566 63861 -35340 374 2736
98,Sauromugue Champaign [S],673,"Dancing Thunder,",8882,262,28,15028,15192,640.24,5.32,-320.98,120,64024,532,-32098,64024 -32098 532 566 63861 -35340 374 2736
98,Sauromugue Champaign [S],674,"Hdya Mhirako, M.",8883,262,28,23096,23260,640.24,5.32,-320.98,120,64024,532,-32098,64024 -32098 532 566 63861 -35340 374 2736
98,Sauromugue Champaign [S],712,Carlisle,8921,262,32,112568,112748,19.91,-108.0,-154.31,105,1991,-10800,-15431,1991 -15431 -10800 2999 43 212 2228224 -524241
98,Sauromugue Champaign [S],745,Rachemace,8954,262,69,126900,127036,-278.24,0.02,-540.68,90,-27824,2,-54068,-27824 -54068 2 1 99 838860800 2064384 -2147319807
98,Sauromugue Champaign [S],748,Irwyn,8957,262,172,126944,127036,-278.24,0.02,-540.68,90,-27824,2,-54068,-27824 -54068 2 1 99 838860800 2064384 -2147319807
98,Sauromugue Champaign [S],751,Romaa Mihgo,8960,262,127,128396,128512,1643.2,80.0,-1637.34,110,164320,8000,-163734,164320 -163734 8000 2412 74124 -135050 7749 11
98,Sauromugue Champaign [S],766,kame04,8975,262,59,132988,133112,-151.95,85.04,-1255.55,95,-15195,8504,-125555,-15195 -125555 8504 13 -12689 102714 15842 -59238
98,Sauromugue Champaign [S],769,gian02,8978,262,96,133860,133996,-184.35,82.29,-1110.15,95,-18435,8229,-111015,-18435 -111015 8229 13 -10741 105035 16123 161
98,Sauromugue Champaign [S],770,gian03,8979,262,83,134192,134312,-103.85,79.15,-1277.91,95,-10385,7915,-127791,-10385 -127791 7915 13 -15647 99188 15482 140
98,Sauromugue Champaign [S],771,gian04,8980,262,79,134484,134616,-1401.17,0.15,-2.69,95,-140117,15,-269,-140117 -269 15 2333 158 2228224 -524241 -127107073
98,Sauromugue Champaign [S],781,Allied Commissar,8991,262,208,169520,169660,0.82,-336.46,667.52,105,82,-33646,66752,82 66752 -33646 573 83 -192613 -281066 -40000
98,Sauromugue Champaign [S],815,Brandolf,9028,262,78,307752,307928,0.52,-50.0,869.77,120,52,-5000,86977,52 86977 -5000 1010 -2151 86801 -2084 81572
98,Sauromugue Champaign [S],817,Ragelise,9030,262,368,307816,307928,0.52,-50.0,869.77,120,52,-5000,86977,52 86977 -5000 1010 -2151 86801 -2084 81572
98,Sauromugue Champaign [S],819,Maximilian Berge,9032,262,78,308536,308576,25.42,-49.99,775.75,90,2542,-4999,77575,2542 77575 -4999 42 -134114816 8388607 102975598 -1719664639
98,Sauromugue Champaign [S],820,Ludwig Eichberg,9033,262,32,308636,308676,25.36,-49.99,768.04,90,2536,-4999,76804,2536 76804 -4999 42 -134114816 8388607 102975854 -1719664639
98,Sauromugue Champaign [S],821,Bartholomaus,9034,262,39,308808,308932,-254.15,-14.99,119.83,120,-25415,-1499,11983,-25415 11983 -1499 876 119987 3101 133 -134114816
98,Sauromugue Champaign [S],822,Adelheid,9035,262,77,308836,308932,-254.15,-14.99,119.83,120,-25415,-1499,11983,-25415 11983 -1499 876 119987 3101 133 -134114816
98,Sauromugue Champaign [S],823,Vestillet,9036,262,75,309096,309156,25.36,-49.99,768.04,105,2536,-4999,76804,2536 76804 -4999 40 -1383 76426 -5000 30
98,Sauromugue Champaign [S],824,Rongelouts N Dis,9037,262,28,309400,309440,19.47,-49.99,767.6,90,1947,-4999,76760,1947 76760 -4999 42 -134114816 8388607 102976878 -1719664639
98,Sauromugue Champaign [S],828,Zolku-Azolku,9041,262,44,309744,309788,2.01,-49.99,807.7,100,201,-4999,80770,201 80770 -4999 514 443 76058 -1180 80506
98,Sauromugue Champaign [S],830,Haja Zhwan,9043,262,29,310044,310220,19.58,-49.99,770.03,90,1958,-4999,77003,1958 77003 -4999 42 -134114816 8388607 102978670 -1719664639
98,Sauromugue Champaign [S],831,Vhino Delkahngo,9044,262,29,310252,310400,-14.17,-49.99,766.49,105,-1417,-4999,76649,-1417 76649 -4999 514 35 -134114816 8388607 528482354
98,Sauromugue Champaign [S],832,Atori-Tutori,9045,262,26,310280,310400,-14.17,-49.99,766.49,105,-1417,-4999,76649,-1417 76649 -4999 514 35 -134114816 8388607 528482354
98,Sauromugue Champaign [S],833,Putori-Tutori,9046,262,20,310368,310400,-14.17,-49.99,766.49,105,-1417,-4999,76649,-1417 76649 -4999 514 35 -134114816 8388607 528482354
98,Sauromugue Champaign [S],834,Terounalivet,9047,262,11,310532,310664,-0.62,-49.99,766.93,105,-62,-4999,76693,-62 76693 -4999 514 36 -134114816 8388607 528482354
98,Sauromugue Champaign [S],835,Fonove,9048,262,10,310544,310664,-0.62,-49.99,766.93,105,-62,-4999,76693,-62 76693 -4999 514 36 -134114816 8388607 528482354
98,Sauromugue Champaign [S],836,Capacucu,9049,262,9,310632,310664,-0.62,-49.99,766.93,105,-62,-4999,76693,-62 76693 -4999 514 36 -134114816 8388607 528482354
98,Sauromugue Champaign [S],837,Dzhau Yaam,9050,262,13,310708,310752,-7.42,-49.99,778.08,105,-742,-4999,77808,-742 77808 -4999 514 36 -134114816 8388607 528482354
98,Sauromugue Champaign [S],838,Kupalu-Harupalu,9051,262,10,310808,310840,13.59,-49.99,767.36,105,1359,-4999,76736,1359 76736 -4999 514 36 -134114816 8388607 528482354
98,Sauromugue Champaign [S],839,Xonia,9052,262,11,310979,311003,-2.56,5.12,15.35,105,-256,512,1535,-256 1535 512 3328 -729600 19886335 -1280000 9215
98,Sauromugue Champaign [S],840,Festauve,9053,262,22,310984,311020,-28.5,-50.0,776.8,90,-2850,-5000,77680,-2850 77680 -5000 35 -134114816 8388607 102980974 -1719664639
98,Sauromugue Champaign [S],841,Raiclace,9054,262,21,311072,311108,-18.64,-49.99,764.18,90,-1864,-4999,76418,-1864 76418 -4999 35 -134114816 8388607 102981230 -1719664639
98,Sauromugue Champaign [S],843,Merfanont,9056,262,19,311264,311412,-272.64,0.03,-667.13,90,-27264,3,-66713,-27264 -66713 3 27 211 379 82 -134114816
98,Sauromugue Champaign [S],846,Portia,9059,262,44,311348,311412,-272.64,0.03,-667.13,90,-27264,3,-66713,-27264 -66713 3 27 211 379 82 -134114816
98,Sauromugue Champaign [S],855,Noillurie,9068,262,51,311888,311940,-962.93,30.0,232.37,105,-96293,3000,23237,-96293 23237 3000 2296 13 -969 119944 3101
98,Sauromugue Champaign [S],860,Cloud Walker,9073,262,40,312268,312436,213.31,151.81,-316.94,105,21331,15181,-31694,21331 -31694 15181 13 -27632 15687 73 -134114816
98,Sauromugue Champaign [S],861,Mayakov,9074,262,79,312300,312436,213.31,151.81,-316.94,105,21331,15181,-31694,21331 -31694 15181 13 -27632 15687 73 -134114816
98,Sauromugue Champaign [S],862,Tanja,9075,262,66,312384,312436,213.31,151.81,-316.94,105,21331,15181,-31694,21331 -31694 15181 13 -27632 15687 73 -134114816
98,Sauromugue Champaign [S],863,Raina,9076,262,62,312540,312580,-357.53,-14.99,240.03,105,-35753,-1499,24003,-35753 24003 -1499 30 8 -34218 21331 -30165
98,Sauromugue Champaign [S],864,Judith,9077,262,54,312736,312792,213.31,161.63,-298.76,105,21331,16163,-29876,21331 -29876 16163 45 13 -27608 17073 -3160
98,Sauromugue Champaign [S],867,Gindaff,9080,262,49,313048,313092,31.01,361.41,-449.73,90,3101,36141,-44973,3101 -44973 36141 0 43 -134114816 8388607 -523886
98,Sauromugue Champaign [S],868,Portia,9081,262,164,309088,309156,25.36,-49.99,768.04,105,2536,-4999,76804,2536 76804 -4999 40 -1383 76426 -5000 30
98,Sauromugue Champaign [S],879,Voidwatch Office,9092,262,463,402256,402328,0.01,-180.84,-1060.23,95,1,-18084,-106023,1 -106023 -18084 1999 3120 2 -354003 -163601
98,Sauromugue Champaign [S],883,Mawl'gofaur,9096,262,48,447976,448060,22.73,-69.96,923.68,120,2273,-6996,92368,2273 92368 -6996 986 87790 -8000 118 2228224
98,Sauromugue Champaign [S],885,High Wind,9098,262,1,448364,448472,-0.04,-50.0,740.9,120,-4,-5000,74090,-4 74090 -5000 2397 68749 1024 153 2228224
98,Sauromugue Champaign [S],886,Rainhard,9099,262,1,448656,448736,-0.62,-50.0,686.6,120,-62,-5000,68660,-62 68660 -5000 1024 30 863 -2397 68749
99,Castle Oztroja [S],766,"Yaibroux, T.K.",13072,262,15,8212,8328,640.24,5.32,-320.98,120,64024,532,-32098,64024 -32098 532 566 63861 -35340 374 2736
99,Castle Oztroja [S],767,"Ortwin, I.M.",13073,262,15,16008,16128,640.24,5.32,-320.98,120,64024,532,-32098,64024 -32098 532 566 63861 -35340 374 2736
99,Castle Oztroja [S],768,"Ringu-Tangu, C.C",13074,262,15,23804,23924,640.24,5.32,-320.98,120,64024,532,-32098,64024 -32098 532 566 63861 -35340 374 2736
99,Castle Oztroja [S],805,Collapsing Floor,13115,262,7,62460,62560,-1319.64,0.85,-209.48,110,-131964,85,-20948,-131964 -20948 85 2425 -130317 -18652 3324 -130063
99,Castle Oztroja [S],806,Ethereal Spout,13116,262,1,62500,62560,-1319.64,0.85,-209.48,110,-131964,85,-20948,-131964 -20948 85 2425 -130317 -18652 3324 -130063
99,Castle Oztroja [S],820,Torch Stand,13130,262,1,62384,62560,-1319.64,0.85,-209.48,110,-131964,85,-20948,-131964 -20948 85 2425 -130317 -18652 3324 -130063
99,Castle Oztroja [S],822,Writhing Flame,13132,262,8,66288,66440,-1953.33,2.49,-144.22,110,-195333,249,-14422,-195333 -14422 249 2203 2967 538 30 3146
99,Castle Oztroja [S],824,Robel-Akbel,13134,262,40,64696,64724,-1471.5,1.97,-186.99,110,-147150,197,-18699,-147150 -18699 197 2424 40 -134759 -18114 85
99,Castle Oztroja [S],825,Ghyo Molkot,13135,262,25,64844,65028,-83.92,4.17,0.76,105,-8392,417,76,-8392 76 417 40 -132059 -16566 85 -222166
99,Castle Oztroja [S],826,Nhiko Rhaabel,13136,262,30,64872,65028,-83.92,4.17,0.76,105,-8392,417,76,-8392 76 417 40 -132059 -16566 85 -222166
99,Castle Oztroja [S],827,Romaa Mihgo,13137,262,182,64580,64724,-1471.5,1.97,-186.99,110,-147150,197,-18699,-147150 -18699 197 2424 40 -134759 -18114 85
99,Castle Oztroja [S],828,Prido-Homildo,13138,262,10,65892,65916,-1532.11,2.24,-201.35,110,-153211,224,-20135,-153211 -20135 224 2424 40 -135193 -19222 85
99,Castle Oztroja [S],829,Boo Kyeko the Ir,13139,262,33,66219,66355,2.56,48.64,20.48,105,256,4864,2048,256 2048 4864 1280 -59961344 -5407489 64255 0
99,Castle Oztroja [S],830,Kaa Toru the Jus,13140,262,61,66092,66144,1025.87,0.3,2.49,95,102587,30,249,102587 249 30 13 -59985 -55738 -629 -141377
99,Castle Oztroja [S],831,Allied Commissar,13141,262,208,39256,39396,0.82,-336.46,667.52,105,82,-33646,66752,82 66752 -33646 573 83 -192613 -281066 -40000
99,Castle Oztroja [S],862,Shikaree G,13173,262,81,109488,109624,-727.5,-416.87,-998.96,120,-72750,-41687,-99896,-72750 -99896 -41687 724 60 -98855 -34672 218
99,Castle Oztroja [S],865,Tzee Xicu the Ma,13176,262,99,110404,110492,-720.0,7.81,22.76,90,-72000,781,2276,-72000 2276 781 100 2228224 -524241 -127107073 8388607
99,Castle Oztroja [S],871,Yagu 02,13182,262,12,111320,111388,-447.19,-157.5,604.5,90,-44719,-15750,60450,-44719 60450 -15750 5 1526 102 2228224 -524241
99,Castle Oztroja [S],872,Yagu 03,13183,262,9,111516,111632,-161.38,-157.51,561.33,90,-16138,-15751,56133,-16138 56133 -15751 126 2228224 -524241 -127107073 8388607
99,Castle Oztroja [S],873,Yagu 04,13184,262,9,111776,111868,208.97,-157.17,471.28,90,20897,-15717,47128,20897 47128 -15717 103 2228224 -524241 -127107073 8388607
99,Castle Oztroja [S],874,Yagu 05,13185,262,9,111988,112068,187.51,-157.07,491.66,90,18751,-15707,49166,18751 49166 -15707 92 2228224 -524241 -127107073 8388607
99,Castle Oztroja [S],875,Yagu 06,13186,262,9,112176,112260,-368.14,-157.5,581.27,90,-36814,-15750,58127,-36814 58127 -15750 120 2228224 -524241 -127107073 8388607
99,Castle Oztroja [S],876,Imp,13187,262,9,112396,112464,-517.71,-157.49,620.57,90,-51771,-15749,62057,-51771 62057 -15749 83 2228224 -524241 -127107073 8388607
99,Castle Oztroja [S],899,Ruah Chodran,13210,262,51,113692,113784,-926.13,0.11,-159.94,105,-92613,11,-15994,-92613 -15994 11 12 47111 -91882 -15998 50133
99,Castle Oztroja [S],901,Koh Lenbalalako,13212,262,40,114352,114440,-930.44,4.05,-159.95,105,-93044,405,-15995,-93044 -15995 405 11 49762 -92556 -16000 46318
99,Castle Oztroja [S],906,hei01,13217,262,56,115852,115980,2.85,-162.32,-1974.78,95,285,-16232,-197478,285 -197478 -16232 249 13 -195601 -18088 -194000
99,Castle Oztroja [S],907,hei02,13218,262,42,116548,116668,2.4,-173.09,-1969.35,95,240,-17309,-196935,240 -196935 -17309 249 13 -195601 -18088 -194000
100,West Ronfaure,674,Cerite,17069,262,9,3672,3788,74.11,0.0,0.9,90,7411,0,90,7411 90 0 0 -2147469568 -2147319807 469794819 -126975996
102,La Theine Plateau,616,Chepelle,25201,262,15,19363,19519,76.8,107.52,104.96,105,7680,10752,10496,7680 10496 10752 3328 -19666432 -111189249 14036991 1925888
102,La Theine Plateau,618,Sneaking Tiger,25203,262,15,20331,20467,51.2,53.76,76.8,105,5120,5376,7680,5120 7680 5376 3328 -19084800 -110580737 13986815 1927936
102,La Theine Plateau,624,Nanaa Mihgo,25209,262,63,25244,25416,-0.04,0.0,75.66,90,-4,0,7566,-4 7566 0 201 -1 138 7560 7563
102,La Theine Plateau,626,Coumaine,25211,262,1,25392,25416,-0.04,0.0,75.66,90,-4,0,7566,-4 7566 0 201 -1 138 7560 7563
102,La Theine Plateau,637,Talking Doll,25222,262,1,35396,35532,76.06,0.01,0.0,90,7606,1,0,7606 0 1 40 -1029632 -491521 4751359 19145600
102,La Theine Plateau,638,Cermet Headstone,25223,262,1,35508,35532,76.06,0.01,0.0,90,7606,1,0,7606 0 1 40 -1029632 -491521 4751359 19145600
102,La Theine Plateau,641,Cid,25226,262,41,36216,36252,-649.04,33.49,245.05,90,-64904,3349,24505,-64904 24505 3349 13 317892 -62467 24676 315617
102,La Theine Plateau,642,Naji,25227,262,6,36376,36424,-586.98,31.51,244.65,90,-58698,3151,24465,-58698 24465 3151 52 -523886 32767 3604514 41943424
102,La Theine Plateau,643,Ayame,25228,262,13,36492,36544,-578.29,27.31,245.25,90,-57829,2731,24525,-57829 24525 2731 27 317277 -59129 24755 66
102,La Theine Plateau,644,Wolfgang,25229,262,19,36644,36684,-498.67,7.34,239.8,90,-49867,734,23980,-49867 23980 734 13 315430 -54627 24397 309419
102,La Theine Plateau,645,Chapi Galepilai,25230,262,4,36836,36868,-329.51,7.05,238.9,90,-32951,705,23890,-32951 23890 705 80 315770 -45172 23857 61
102,La Theine Plateau,714,Lion,25303,262,221,191392,191472,-190.99,8.3,3.26,105,-19099,830,326,-19099 326 830 1467 -2772 146020 -209000 0
102,La Theine Plateau,715,Zeid,25304,262,55,191404,191472,-190.99,8.3,3.26,105,-19099,830,326,-19099 326 830 1467 -2772 146020 -209000 0
103,Valkurm Dunes,582,Song Runes,29263,262,1,3328,3444,-73.18,0.6,0.0,90,-7318,60,0,-7318 0 60 222 3277090 -2147403904 -2147254270 32772
103,Valkurm Dunes,583,Lewenhart,29264,262,51,3356,3444,-73.18,0.6,0.0,90,-7318,60,0,-7318 0 60 222 3277090 -2147403904 -2147254270 32772
103,Valkurm Dunes,630,Francmage,29313,262,111,128276,128344,1608.22,-20.0,1590.81,95,160822,-2000,159081,160822 159081 -2000 3255 558576 -274709 -65 539
103,Valkurm Dunes,632,Yow Rabntah,29315,262,183,128728,128796,484.65,100.03,-713.55,105,48465,10003,-71355,48465 -71355 10003 857 560862 -280403 0 3126
103,Valkurm Dunes,633,Cornelia,29316,262,616,128956,129116,1371.04,-20.0,1199.91,110,137104,-2000,119991,137104 119991 -2000 3237 99979 -67739 996 2404
103,Valkurm Dunes,635,Raogrimm,29318,262,55,129780,129824,209.49,20.52,-358.95,90,20949,2052,-35895,20949 -35895 2052 10 -363167 20791 -35427 -413245
103,Valkurm Dunes,636,???,29319,262,5,129948,130116,1168.71,-85.0,1192.67,95,116871,-8500,119267,116871 119267 -8500 454 152862 -171415 723 -18183
103,Valkurm Dunes,637,Diabolos,29320,262,307,129988,130144,-181.83,-173.0,992.42,120,-18183,-17300,99242,-18183 99242 -17300 3408 191 -30457 -8057 3114
103,Valkurm Dunes,638,Diabolos,29321,262,10,130336,130400,-37.42,-237.5,-295.09,105,-3742,-23750,-29509,-3742 -29509 -23750 503 79 2228224 -524241 -127107073
103,Valkurm Dunes,639,Diabolos,29322,262,12,130500,130564,41.53,-227.5,-256.57,105,4153,-22750,-25657,4153 -25657 -22750 1445 79 2228224 -524241 -127107073
104,Jugner Forest,606,Exoroche,33385,262,32,43764,43848,21.73,0.6,0.29,90,2173,60,29,2173 29 60 135 -2147469568 -2147319807 838893571 2064388
104,Jugner Forest,607,Exoroche,33386,262,33,43668,43848,21.73,0.6,0.29,90,2173,60,29,2173 29 60 135 -2147469568 -2147319807 838893571 2064388
104,Jugner Forest,690,Excenmille,33471,262,142,249788,249900,-1381.72,-20.0,190.73,95,-138172,-2000,19073,-138172 19073 -2000 40 -82129 1229 1999 13
104,Jugner Forest,694,Alphonimile,33475,262,51,251548,251736,-1365.68,-20.0,169.11,95,-136568,-2000,16911,-136568 16911 -2000 40 -84363 1055 1999 144
104,Jugner Forest,695,gare,33476,262,39,251624,251736,-1365.68,-20.0,169.11,95,-136568,-2000,16911,-136568 16911 -2000 40 -84363 1055 1999 144
104,Jugner Forest,696,o01,33477,262,33,251912,251992,-1660.01,-10.0,241.12,95,-166001,-1000,24112,-166001 24112 -1000 13 -138053 17968 -1999 -139578
104,Jugner Forest,698,o03,33479,262,21,252332,252412,-1660.01,-10.0,241.12,95,-166001,-1000,24112,-166001 24112 -1000 637 612 95 2228224 -524241
104,Jugner Forest,699,o04,33480,262,20,252532,252608,-1693.19,-10.0,256.77,95,-169319,-1000,25677,-169319 25677 -1000 13 17309 43158 100 2228224
104,Jugner Forest,704,Kingslayer Doggv,33485,262,22,253364,253444,-1941.51,-21.99,608.11,95,-194151,-2199,60811,-194151 60811 -2199 120 100 2254 2075 107
105,Batallia Downs,522,Monberaux,37395,262,41,9424,9488,-15.0,2.97,0.13,90,-1500,297,13,-1500 13 297 120 287 -134114304 -1837105153 -2047
105,Batallia Downs,523,Wolfgang,37396,262,70,8640,8748,0.72,20.0,-20.0,90,72,2000,-2000,72 -2000 2000 13 424621 -161821 8733 120
105,Batallia Downs,524,Rochefogne,37398,262,36,13136,13264,133.0,0.14,22.33,90,13300,14,2233,13300 2233 14 298 -2147469568 -2147319807 7962627 2147483640
105,Batallia Downs,541,Carbuncle,37416,262,16,15756,15768,-648.29,0.33,-646.35,90,-64829,33,-64635,-64829 -64635 33 100 200 0 19 1
105,Batallia Downs,587,Tetu03,37462,262,12,99767,99943,0.0,5.12,268.8,100,0,512,26880,0 26880 512 768 28160 -256 1279 1280
105,Batallia Downs,593,Excenmille,37468,262,235,133756,133904,-21.99,22.87,22.6,120,-2199,2287,2260,-2199 2260 2287 2254 11 -164856 20905 13
105,Batallia Downs,595,Rahal,37470,262,150,134488,134596,-1783.83,-9.99,348.66,110,-178383,-999,34866,-178383 34866 -999 1299 1438 2260 2259 142
105,Batallia Downs,596,Cyranuce,37471,262,69,134772,134888,331.56,12.73,-9.99,105,33156,1273,-999,33156 -999 1273 2254 2287 -245185 417289 24572
105,Batallia Downs,599,Cavernous Maw,37474,262,43,135612,135692,-1827.25,-9.99,362.13,110,-182725,-999,36213,-182725 36213 -999 1509 2262 2325 110 2228224
105,Batallia Downs,605,Alexance,37480,262,79,136664,136848,898.93,19.99,-319.54,90,89893,1999,-31954,89893 -31954 1999 217 2228224 -524241 -127107073 8388607
105,Batallia Downs,606,Nicephore,37481,262,81,137084,137272,879.72,19.99,-341.12,90,87972,1999,-34112,87972 -34112 1999 217 2228224 -524241 -127107073 8388607
105,Batallia Downs,607,Leuonard,37482,262,44,137508,137676,898.93,19.99,-319.54,90,89893,1999,-31954,89893 -31954 1999 182 2228224 -524241 -127107073 8388607
105,Batallia Downs,608,akaE,37483,262,77,137876,138048,879.72,19.99,-341.12,90,87972,1999,-34112,87972 -34112 1999 184 2228224 -524241 -127107073 8388607
105,Batallia Downs,609,akaF,37484,262,81,138248,138424,898.93,19.99,-319.54,90,89893,1999,-31954,89893 -31954 1999 184 2228224 -524241 -127107073 8388607
105,Batallia Downs,610,akaG,37485,262,79,138624,138796,879.72,19.99,-341.12,90,87972,1999,-34112,87972 -34112 1999 184 2228224 -524241 -127107073 8388607
105,Batallia Downs,635,Voidwatch Office,37511,262,463,245244,245316,0.01,-180.84,-1060.23,95,1,-18084,-106023,1 -106023 -18084 1999 3120 2 -354003 -163601
105,Batallia Downs,638,Burrow Researche,37514,262,1,268476,268648,0.2,0.11,125.76,105,20,11,12576,20 12576 11 6 -4031 -4017 12 12584
106,North Gustaberg,644,???,41614,262,1,1948,1976,74.6,0.01,74.61,90,7460,1,7461,7460 7461 1 62 -1029632 -491521 6455295 -1920
106,North Gustaberg,687,Kilhwch,41659,262,12,103340,103376,-194.99,-19.09,636.4,105,-19499,-1909,63640,-19499 63640 -1909 1254 0 1 128 38
106,North Gustaberg,690,Xonia,41662,262,12,103832,103868,-0.2,79.0,-402.92,105,-20,7900,-40292,-20 -40292 7900 3089 0 1 128 38
106,North Gustaberg,694,Noillurie,41666,262,13,104488,104528,-313.37,31.37,-407.16,90,-31337,3137,-40716,-31337 -40716 3137 0 1 128 38 92
106,North Gustaberg,697,Elrica,41669,262,12,104980,105016,-195.57,-99.98,324.41,105,-19557,-9998,32441,-19557 32441 -9998 1306 0 1 128 38
106,North Gustaberg,698,Terounalivet,41670,262,12,105144,105180,-142.72,-33.08,569.26,105,-14272,-3308,56926,-14272 56926 -3308 1018 0 1 128 38
107,South Gustaberg,678,Carbuncle,45746,262,16,1628,1640,-648.29,0.33,-646.35,90,-64829,33,-64635,-64829 -64635 33 100 200 0 19 1
108,Konschtat Highlands,545,Dimensional Port,49707,262,1,5512,5628,-0.04,0.0,74.37,90,-4,0,7437,-4 7437 0 201 -1 138 7431 7434
108,Konschtat Highlands,546,Shattered Telepo,49708,262,5,5576,5628,-0.04,0.0,74.37,90,-4,0,7437,-4 7437 0 201 -1 138 7431 7434
108,Konschtat Highlands,557,Plaiaude,49720,262,1,5604,5628,-0.04,0.0,74.37,90,-4,0,7437,-4 7437 0 201 -1 138 7431 7434
108,Konschtat Highlands,610,Norrah,49773,262,98,127412,127568,-684.78,0.81,0.2,90,-68478,81,20,-68478 20 81 418 2228224 -524241 -127107073 8388607
108,Konschtat Highlands,622,Lion,49787,262,221,153728,153808,-190.99,8.3,3.26,105,-19099,830,326,-19099 326 830 1467 -2772 146020 -209000 0
108,Konschtat Highlands,623,Zeid,49788,262,55,153740,153808,-190.99,8.3,3.26,105,-19099,830,326,-19099 326 830 1467 -2772 146020 -209000 0
109,Pashhow Marshlands,685,Suspicious Hume,53946,262,1,231372,231440,127.59,2.0,127.6,90,12759,200,12760,12759 12760 200 27 -492344 -620325 23999 2318
110,Rolanberry Fields,610,Voidwatch Office,57965,262,463,171964,172036,0.01,-180.84,-1060.23,95,1,-18084,-106023,1 -106023 -18084 1999 3120 2 -354003 -163601
110,Rolanberry Fields,613,Mayuyu,57968,262,5,196184,196312,122.51,0.07,0.08,105,12251,7,8,12251 8 7 830 -1029632 -495943681 1883898118 -268368158
111,Beaucedine Glacier,362,Francmage,61812,262,111,160340,160408,1608.22,-20.0,1590.81,95,160822,-2000,159081,160822 159081 -2000 3255 558576 -274709 -65 539
111,Beaucedine Glacier,364,Yow Rabntah,61814,262,183,160792,160860,484.65,100.03,-713.55,105,48465,10003,-71355,48465 -71355 10003 857 560862 -280403 0 3126
111,Beaucedine Glacier,365,Cornelia,61815,262,616,161020,161180,1371.04,-20.0,1199.91,110,137104,-2000,119991,137104 119991 -2000 3237 99979 -67739 996 2404
111,Beaucedine Glacier,367,Raogrimm,61817,262,55,161844,161888,209.49,20.52,-358.95,90,20949,2052,-35895,20949 -35895 2052 10 -363167 20791 -35427 -413245
111,Beaucedine Glacier,368,???,61818,262,5,162012,162180,1168.71,-85.0,1192.67,95,116871,-8500,119267,116871 119267 -8500 454 152862 -171415 723 -18183
111,Beaucedine Glacier,369,Diabolos,61819,262,307,162052,162208,-181.83,-173.0,992.42,120,-18183,-17300,99242,-18183 99242 -17300 3408 191 -30457 -8057 3114
111,Beaucedine Glacier,370,Diabolos,61820,262,10,162400,162464,-37.42,-237.5,-295.09,105,-3742,-23750,-29509,-3742 -29509 -23750 503 79 2228224 -524241 -127107073
111,Beaucedine Glacier,371,Diabolos,61821,262,12,162564,162628,41.53,-227.5,-256.57,105,4153,-22750,-25657,4153 -25657 -22750 1445 79 2228224 -524241 -127107073
111,Beaucedine Glacier,375,Kilhwch,61825,262,12,167984,168020,-194.99,-19.09,636.4,105,-19499,-1909,63640,-19499 63640 -1909 1254 0 1 128 38
111,Beaucedine Glacier,378,Xonia,61828,262,12,168476,168512,-0.2,79.0,-402.92,105,-20,7900,-40292,-20 -40292 7900 3089 0 1 128 38
111,Beaucedine Glacier,382,Noillurie,61832,262,13,169132,169172,-313.37,31.37,-407.16,90,-31337,3137,-40716,-31337 -40716 3137 0 1 128 38 92
111,Beaucedine Glacier,385,Elrica,61835,262,12,169624,169660,-195.57,-99.98,324.41,105,-19557,-9998,32441,-19557 32441 -9998 1306 0 1 128 38
111,Beaucedine Glacier,386,Terounalivet,61836,262,12,169788,169824,-142.72,-33.08,569.26,105,-14272,-3308,56926,-14272 56926 -3308 1018 0 1 128 38
111,Beaucedine Glacier,423,Element,61874,262,9,279999,280063,0.0,5.12,675.84,100,0,512,67584,0 67584 512 768 28160 -256 1279 1280
112,Xarcabard,335,Perennial Snow,347,263,5,95904,96088,-1462.85,19.73,-148.49,110,-146285,1973,-14849,-146285 -14849 1973 1290 7757 33 60 -255214
112,Xarcabard,336,???,348,263,4,95936,96088,-1462.85,19.73,-148.49,110,-146285,1973,-14849,-146285 -14849 1973 1290 7757 33 60 -255214
112,Xarcabard,337,???,349,263,11,95964,96088,-1462.85,19.73,-148.49,110,-146285,1973,-14849,-146285 -14849 1973 1290 7757 33 60 -255214
112,Xarcabard,351,Raogrimm,363,263,51,106408,106488,1988.63,-229.27,-1114.47,95,198863,-22927,-111447,198863 -111447 -22927 1018 10 199017 -119184 -23999
112,Xarcabard,355,Francmage,367,263,111,136552,136620,1608.22,-20.0,1590.81,95,160822,-2000,159081,160822 159081 -2000 3255 558576 -274709 -65 539
112,Xarcabard,357,Yow Rabntah,369,263,183,137004,137072,484.65,100.03,-713.55,105,48465,10003,-71355,48465 -71355 10003 857 560862 -280403 0 3126
112,Xarcabard,358,Cornelia,370,263,616,137232,137392,1371.04,-20.0,1199.91,110,137104,-2000,119991,137104 119991 -2000 3237 99979 -67739 996 2404
112,Xarcabard,360,Raogrimm,372,263,55,138056,138100,209.49,20.52,-358.95,90,20949,2052,-35895,20949 -35895 2052 10 -363167 20791 -35427 -413245
112,Xarcabard,361,???,373,263,5,138224,138392,1168.71,-85.0,1192.67,95,116871,-8500,119267,116871 119267 -8500 454 152862 -171415 723 -18183
112,Xarcabard,362,Diabolos,374,263,307,138264,138420,-181.83,-173.0,992.42,120,-18183,-17300,99242,-18183 99242 -17300 3408 191 -30457 -8057 3114
112,Xarcabard,363,Diabolos,375,263,10,138612,138676,-37.42,-237.5,-295.09,105,-3742,-23750,-29509,-3742 -29509 -23750 503 79 2228224 -524241 -127107073
112,Xarcabard,364,Diabolos,376,263,12,138776,138840,41.53,-227.5,-256.57,105,4153,-22750,-25657,4153 -25657 -22750 1445 79 2228224 -524241 -127107073
112,Xarcabard,367,???,380,263,12,139256,139400,1053.57,-233.4,-1162.36,110,105357,-23340,-116236,105357 -116236 -23340 1544 15 1354 1323 380
112,Xarcabard,370,Schultz,383,263,45,142312,142380,1179.0,-280.0,-1193.86,95,117900,-28000,-119386,117900 -119386 -28000 2098 82 2228224 -524241 -127107073
112,Xarcabard,381,Stooge Moogle,394,263,42,184348,184412,-236.26,0.03,32.79,120,-23626,3,3279,-23626 3279 3 1130 -103599 -23180 995 20
112,Xarcabard,388,Alberic,401,263,78,198612,198744,-788.89,0.3,-78.22,105,-78889,30,-7822,-78889 -7822 30 768 198 2228224 -524241 -127107073
113,Cape Teriggan,426,Guardian,4531,263,13,95092,95136,-80.0,0.72,24.87,90,-8000,72,2487,-8000 2487 72 120 10 -109712 452168 -7645
113,Cape Teriggan,434,Kilhwch,4539,263,12,101164,101200,-194.99,-19.09,636.4,105,-19499,-1909,63640,-19499 63640 -1909 1254 0 1 128 38
113,Cape Teriggan,437,Xonia,4542,263,12,101656,101692,-0.2,79.0,-402.92,105,-20,7900,-40292,-20 -40292 7900 3089 0 1 128 38
113,Cape Teriggan,441,Noillurie,4546,263,13,102312,102352,-313.37,31.37,-407.16,90,-31337,3137,-40716,-31337 -40716 3137 0 1 128 38 92
113,Cape Teriggan,444,Elrica,4549,263,12,102804,102840,-195.57,-99.98,324.41,105,-19557,-9998,32441,-19557 32441 -9998 1306 0 1 128 38
113,Cape Teriggan,445,Terounalivet,4550,263,12,102968,103004,-142.72,-33.08,569.26,105,-14272,-3308,56926,-14272 56926 -3308 1018 0 1 128 38
114,Eastern Altepa Desert,481,Eulaclaire,8686,263,1,94656,94680,-0.04,0.0,77.74,90,-4,0,7774,-4 7774 0 201 -1 138 7768 7771
115,West Sarutabaruta,597,???,12898,263,35,143476,143548,23.61,1.44,26.37,90,2361,144,2637,2361 2637 144 136 -1845485056 -2047 -134114177 8388607
115,West Sarutabaruta,599,Moogle,12900,263,161,144292,144460,0.17,-42.98,-420.0,120,17,-4298,-42000,17 -42000 -4298 2755 120 2633 95 2634
115,West Sarutabaruta,602,2,12903,263,14,145920,145976,-2.1,0.18,-11.8,90,-210,18,-1180,-210 -1180 18 6 0 201 40 60
115,West Sarutabaruta,626,Khoto Rokkorah,12928,263,53,167436,167532,65.35,-9.99,218.06,120,6535,-999,21806,6535 21806 -999 2592 15 -1475 25720 92
115,West Sarutabaruta,627,Tihk Rhumyie,12929,263,11,167348,167532,65.35,-9.99,218.06,120,6535,-999,21806,6535 21806 -999 2592 15 -1475 25720 92
115,West Sarutabaruta,628,Kuppo-Pippo,12930,263,13,167448,167532,65.35,-9.99,218.06,120,6535,-999,21806,6535 21806 -999 2592 15 -1475 25720 92
115,West Sarutabaruta,629,Karanka-Tonka,12931,263,8,167352,167532,65.35,-9.99,218.06,120,6535,-999,21806,6535 21806 -999 2592 15 -1475 25720 92
115,West Sarutabaruta,630,Noh Ramyoh,12932,263,16,167864,168012,218.06,0.07,-9.99,120,21806,7,-999,21806 -999 7 868 31038 -1000 8158 23069
115,West Sarutabaruta,631,Cotta-Lotta,12933,263,14,167868,168012,218.06,0.07,-9.99,120,21806,7,-999,21806 -999 7 868 31038 -1000 8158 23069
115,West Sarutabaruta,632,Tacca-Picca,12934,263,14,167408,167532,65.35,-9.99,218.06,120,6535,-999,21806,6535 21806 -999 2592 15 -1475 25720 92
115,West Sarutabaruta,633,Rahmi Yamilahto,12935,263,7,168432,168616,-410.0,-409.5,21.61,120,-41000,-40950,2161,-41000 2161 -40950 2540 30380 -1000 460 25
115,West Sarutabaruta,634,Babban Ny Mheill,12936,263,60,168456,168616,-410.0,-409.5,21.61,120,-41000,-40950,2161,-41000 2161 -40950 2540 30380 -1000 460 25
115,West Sarutabaruta,638,Camlin,12940,263,31,170528,170588,-50.49,-10.0,419.66,105,-5049,-1000,41966,-5049 41966 -1000 39 70177 199312 -893 40
115,West Sarutabaruta,639,Darach,12941,263,44,170716,170784,82.97,0.11,3.95,100,8297,11,395,8297 395 11 583 36805 -1000 10 -21
115,West Sarutabaruta,664,Honoi-Gomoi,12966,263,19,260912,261044,97.58,0.01,-42.93,90,9758,1,-4293,9758 -4293 1 0 57 -134114816 8388607 -523886
115,West Sarutabaruta,665,Chepelle,12967,263,87,260980,261044,97.58,0.01,-42.93,90,9758,1,-4293,9758 -4293 1 0 57 -134114816 8388607 -523886
115,West Sarutabaruta,666,Morzivold,12968,263,28,261124,261224,65.12,0.1,-41.36,90,6512,10,-4136,6512 -4136 10 3986 93 -134114816 8388607 -523886
115,West Sarutabaruta,667,Wassert,12969,263,28,261340,261440,45.2,0.1,-40.4,105,4520,10,-4040,4520 -4040 10 2515 93 -134114816 8388607 -523886
116,East Sarutabaruta,721,???,17116,263,19,54708,54776,23.61,1.44,26.37,90,2361,144,2637,2361 2637 144 135 -1845485056 -2047 -134114177 8388607
116,East Sarutabaruta,723,Moogle,17118,263,81,55472,55624,0.17,-44.0,-1297.0,110,17,-4400,-129700,17 -129700 -4400 2755 120 2633 95 2634
116,East Sarutabaruta,724,Shantotto,17119,263,34,56172,56280,3.15,-0.18,-11.8,105,315,-18,-1180,315 -1180 -18 2760 15 48 44 64
117,Tahrongi Canyon,599,Excavation Point,21087,263,1,6136,6296,-0.04,0.0,74.81,90,-4,0,7481,-4 7481 0 201 -1 138 7475 7478
117,Tahrongi Canyon,605,Pucotte,21093,263,1,6272,6296,-0.04,0.0,74.81,90,-4,0,7481,-4 7481 0 201 -1 138 7475 7478
117,Tahrongi Canyon,671,Lion,21161,263,221,156596,156676,-190.99,8.3,3.26,105,-19099,830,326,-19099 326 830 1467 -2772 146020 -209000 0
117,Tahrongi Canyon,672,Zeid,21162,263,55,156608,156676,-190.99,8.3,3.26,105,-19099,830,326,-19099 326 830 1467 -2772 146020 -209000 0
118,Buburimu Peninsula,636,Francmage,25225,263,111,126988,127056,1608.22,-20.0,1590.81,95,160822,-2000,159081,160822 159081 -2000 3255 558576 -274709 -65 539
118,Buburimu Peninsula,638,Yow Rabntah,25227,263,183,127440,127508,484.65,100.03,-713.55,105,48465,10003,-71355,48465 -71355 10003 857 560862 -280403 0 3126
118,Buburimu Peninsula,639,Cornelia,25228,263,616,127668,127828,1371.04,-20.0,1199.91,110,137104,-2000,119991,137104 119991 -2000 3237 99979 -67739 996 2404
118,Buburimu Peninsula,641,Raogrimm,25230,263,55,128492,128536,209.49,20.52,-358.95,90,20949,2052,-35895,20949 -35895 2052 10 -363167 20791 -35427 -413245
118,Buburimu Peninsula,642,???,25231,263,5,128660,128828,1168.71,-85.0,1192.67,95,116871,-8500,119267,116871 119267 -8500 454 152862 -171415 723 -18183
118,Buburimu Peninsula,643,Diabolos,25232,263,307,128700,128856,-181.83,-173.0,992.42,120,-18183,-17300,99242,-18183 99242 -17300 3408 191 -30457 -8057 3114
118,Buburimu Peninsula,644,Diabolos,25233,263,10,129048,129112,-37.42,-237.5,-295.09,105,-3742,-23750,-29509,-3742 -29509 -23750 503 79 2228224 -524241 -127107073
118,Buburimu Peninsula,645,Diabolos,25234,263,12,129212,129276,41.53,-227.5,-256.57,105,4153,-22750,-25657,4153 -25657 -22750 1445 79 2228224 -524241 -127107073
118,Buburimu Peninsula,658,Reinhard,25247,263,96,244528,244676,478.59,0.3,-233.3,90,47859,30,-23330,47859 -23330 30 60 11 -342699 50430 -24162
119,Meriphataud Mountains,594,Rahal,29276,263,35,6848,6976,-157.99,1.83,0.24,90,-15799,183,24,-15799 24 183 90 174 -2147469568 -2147319807 838893571
120,Sauromugue Champaign,503,Burrow Researche,33282,263,1,10484,10656,0.2,0.11,122.61,105,20,11,12261,20 12261 11 6 -4031 -4017 12 12269
120,Sauromugue Champaign,535,Voidwatch Office,33314,263,463,189516,189588,0.01,-180.84,-1060.23,95,1,-18084,-106023,1 -106023 -18084 1999 3120 2 -354003 -163601
121,The Sanctuary of Zi'Tah,562,Kilhwch,37437,263,12,103292,103328,-194.99,-19.09,636.4,105,-19499,-1909,63640,-19499 63640 -1909 1254 0 1 128 38
121,The Sanctuary of Zi'Tah,565,Xonia,37440,263,12,103784,103820,-0.2,79.0,-402.92,105,-20,7900,-40292,-20 -40292 7900 3089 0 1 128 38
121,The Sanctuary of Zi'Tah,569,Noillurie,37444,263,13,104440,104480,-313.37,31.37,-407.16,90,-31337,3137,-40716,-31337 -40716 3137 0 1 128 38 92
121,The Sanctuary of Zi'Tah,572,Elrica,37447,263,12,104932,104968,-195.57,-99.98,324.41,105,-19557,-9998,32441,-19557 32441 -9998 1306 0 1 128 38
121,The Sanctuary of Zi'Tah,573,Terounalivet,37448,263,12,105096,105132,-142.72,-33.08,569.26,105,-14272,-3308,56926,-14272 56926 -3308 1018 0 1 128 38
121,The Sanctuary of Zi'Tah,576,Ferreous Coffin,37451,263,12,106364,106400,-183.01,-5.07,556.38,105,-18301,-507,55638,-18301 55638 -507 698 0 1 128 38
122,Ro'Maeve,265,Talking Doll,41238,263,13,4020,4044,6.15,-293.24,638.88,100,615,-29324,63888,615 63888 -29324 3229 1 7340 7333 200
122,Ro'Maeve,268,???,41241,263,1,4144,4328,12.42,-283.98,1073.76,110,1242,-28398,107376,1242 107376 -28398 865 121434 -31999 -6654 -248623
122,Ro'Maeve,270,KODAI01,41243,263,10,4216,4328,12.42,-283.98,1073.76,110,1242,-28398,107376,1242 107376 -28398 865 121434 -31999 -6654 -248623
122,Ro'Maeve,272,KODAI03,41245,263,10,4864,4940,620.45,476.83,52.76,100,62045,47683,5276,62045 5276 47683 1462 38085 -28796 8548 -246903
122,Ro'Maeve,274,KODAI05,41247,263,10,5304,5356,-280.0,0.13,25.4,120,-28000,13,2540,-28000 2540 13 1320 105542 -28398 1225 122390
122,Ro'Maeve,275,KODAI06,41248,263,10,5532,5576,-10.36,-283.98,1050.15,95,-1036,-28398,105015,-1036 105015 -28398 3013 13 -761 114403 -30000
122,Ro'Maeve,276,KODAI07,41249,263,10,5692,5736,-137.11,-283.98,1070.22,95,-13711,-28398,107022,-13711 107022 -28398 1291 13 -1688 105432 -633
122,Ro'Maeve,277,KODAI08,41250,263,10,5872,5916,-156.42,-283.98,1065.22,95,-15642,-28398,106522,-15642 106522 -28398 593 13 -1688 105432 -633
122,Ro'Maeve,278,KODAI09,41251,263,10,6096,6148,712.75,40.36,-280.0,105,71275,4036,-28000,71275 -28000 4036 13 -20809 71168 -17370 80800
122,Ro'Maeve,279,KODAI10,41252,263,10,6388,6436,-78.14,-280.0,512.31,105,-7814,-28000,51231,-7814 51231 -28000 2603 13 -15812 59979 -19252
122,Ro'Maeve,299,???,41273,263,24,52792,52872,194.1,1.9,-41.25,90,19410,190,-4125,19410 -4125 190 96 2228224 -523886 26509311 2147483640
122,Ro'Maeve,301,Shantotto,41275,263,55,53164,53264,194.1,27.62,-41.25,105,19410,2762,-4125,19410 -4125 2762 636 0 -205320 31405 -4203
122,Ro'Maeve,302,Aldo,41276,263,48,53092,53264,194.1,27.62,-41.25,105,19410,2762,-4125,19410 -4125 2762 636 0 -205320 31405 -4203
122,Ro'Maeve,305,2,41279,263,8,54820,54908,359.39,0.6,-40.73,90,35939,60,-4073,35939 -4073 60 25 -205320 31405 -4203 103
123,Yuhtunga Jungle,547,Firebloom Tree R,45614,263,1,1324,1364,0.02,76.79,76.78,90,2,7679,7678,2 7678 7679 99 -2147465216 -2147408861 -2147319806 268436005
123,Yuhtunga Jungle,548,Firebloom Tree R,45615,263,1,1480,1520,0.02,76.79,76.78,90,2,7679,7678,2 7678 7679 99 -2147465216 -2147408861 -2147319806 268436005
123,Yuhtunga Jungle,549,Firebloom Tree R,45616,263,1,1636,1676,0.02,76.79,76.78,90,2,7679,7678,2 7678 7679 99 -2147465216 -2147408861 -2147319806 268436005
123,Yuhtunga Jungle,550,Firebloom Tree R,45617,263,1,1792,1832,0.02,76.79,76.78,90,2,7679,7678,2 7678 7679 99 -2147465216 -2147408861 -2147319806 268436005
123,Yuhtunga Jungle,617,Marilleune,45686,263,15,1216,1364,0.02,76.79,76.78,90,2,7679,7678,2 7678 7679 99 -2147465216 -2147408861 -2147319806 268436005
124,Yhoator Jungle,568,Paurelde,49732,263,1,95520,95544,-0.04,0.0,78.26,90,-4,0,7826,-4 7826 0 201 -1 138 7820 7823
125,Western Altepa Desert,533,Talking Doll,53790,263,1,2828,2988,73.68,0.01,0.0,90,7368,1,0,7368 0 1 40 -1029632 -491521 4751359 19145600
125,Western Altepa Desert,545,Cermet Headstone,53803,263,1,2964,2988,73.68,0.01,0.0,90,7368,1,0,7368 0 1 40 -1029632 -491521 4751359 19145600
125,Western Altepa Desert,547,Casket,53805,263,5,1348,1412,-583.19,0.02,-44.59,105,-58319,2,-4459,-58319 -4459 2 3302 -250435 -302 3 -476967
125,Western Altepa Desert,560,Kilhwch,53818,263,12,8300,8336,-194.99,-19.09,636.4,105,-19499,-1909,63640,-19499 63640 -1909 1254 0 1 128 38
125,Western Altepa Desert,563,Xonia,53821,263,12,8792,8828,-0.2,79.0,-402.92,105,-20,7900,-40292,-20 -40292 7900 3089 0 1 128 38
125,Western Altepa Desert,567,Noillurie,53825,263,13,9448,9488,-313.37,31.37,-407.16,90,-31337,3137,-40716,-31337 -40716 3137 0 1 128 38 92
125,Western Altepa Desert,570,Elrica,53828,263,12,9940,9976,-195.57,-99.98,324.41,105,-19557,-9998,32441,-19557 32441 -9998 1306 0 1 128 38
125,Western Altepa Desert,571,Terounalivet,53829,263,12,10104,10140,-142.72,-33.08,569.26,105,-14272,-3308,56926,-14272 56926 -3308 1018 0 1 128 38
126,Qufim Island,386,Dietmund,57741,263,45,5040,5104,151.73,2.35,-63.42,90,15173,235,-6342,15173 -6342 235 40 -281415 13969 -4409 -271809
126,Qufim Island,387,Chocobo,57742,263,23,5520,5580,139.86,40.3,-40.1,90,13986,4030,-4010,13986 -4010 4030 80 -270970 15707 -2610 27
126,Qufim Island,416,Naji,57772,263,18,6420,6532,1600.83,-197.41,-205.25,110,160083,-19741,-20525,160083 -20525 -19741 2086 40 147029 -18052 -20120
126,Qufim Island,417,Wolfgang,57773,263,11,6508,6532,1600.83,-197.41,-205.25,110,160083,-19741,-20525,160083 -20525 -19741 2086 40 147029 -18052 -20120
126,Qufim Island,418,Pherimociel,57774,263,4,6620,6644,1652.01,-198.06,-186.46,110,165201,-19806,-18646,165201 -18646 -19806 1831 40 151978 -17581 -20192
126,Qufim Island,419,Neraf-Najiruf,57775,263,3,7076,7204,1880.34,-214.01,-213.48,110,188034,-21401,-21348,188034 -21348 -21401 2054 40 176826 -21864 -20054
126,Qufim Island,420,Auchefort,57776,263,4,6892,6916,1652.01,-199.05,-227.07,110,165201,-19905,-22707,165201 -22707 -19905 1956 40 151048 -21281 -19991
126,Qufim Island,421,Chapi Galepilai,57777,263,3,7024,7204,1880.34,-214.01,-213.48,110,188034,-21401,-21348,188034 -21348 -21401 2054 40 176826 -21864 -20054
126,Qufim Island,422,Crooked Arrow,57778,263,4,6752,6916,1652.01,-199.05,-227.07,110,165201,-19905,-22707,165201 -22707 -19905 1956 40 151048 -21281 -19991
126,Qufim Island,440,Francmage,57797,263,111,209740,209808,1608.22,-20.0,1590.81,95,160822,-2000,159081,160822 159081 -2000 3255 558576 -274709 -65 539
126,Qufim Island,442,Yow Rabntah,57799,263,183,210192,210260,484.65,100.03,-713.55,105,48465,10003,-71355,48465 -71355 10003 857 560862 -280403 0 3126
126,Qufim Island,443,Cornelia,57800,263,616,210420,210580,1371.04,-20.0,1199.91,110,137104,-2000,119991,137104 119991 -2000 3237 99979 -67739 996 2404
126,Qufim Island,445,Raogrimm,57802,263,55,211244,211288,209.49,20.52,-358.95,90,20949,2052,-35895,20949 -35895 2052 10 -363167 20791 -35427 -413245
126,Qufim Island,446,???,57803,263,5,211412,211580,1168.71,-85.0,1192.67,95,116871,-8500,119267,116871 119267 -8500 454 152862 -171415 723 -18183
126,Qufim Island,447,Diabolos,57804,263,307,211452,211608,-181.83,-173.0,992.42,120,-18183,-17300,99242,-18183 99242 -17300 3408 191 -30457 -8057 3114
126,Qufim Island,448,Diabolos,57805,263,10,211800,211864,-37.42,-237.5,-295.09,105,-3742,-23750,-29509,-3742 -29509 -23750 503 79 2228224 -524241 -127107073
126,Qufim Island,449,Diabolos,57806,263,12,211964,212028,41.53,-227.5,-256.57,105,4153,-22750,-25657,4153 -25657 -22750 1445 79 2228224 -524241 -127107073
126,Qufim Island,454,Seed Mandragora,57811,263,119,224956,225092,-404.6,0.37,3.56,90,-40460,37,356,-40460 356 37 300 2352 -128184 293983 -19485
126,Qufim Island,455,Seed Mandragora,57812,263,43,224996,225092,-404.6,0.37,3.56,90,-40460,37,356,-40460 356 37 300 2352 -128184 293983 -19485
126,Qufim Island,456,Seed Mandragora,57813,263,44,225260,225348,-410.0,0.42,7.08,90,-41000,42,708,-41000 708 42 300 -129184 294983 -19485 40
126,Qufim Island,457,Seed Mandragora,57814,263,41,225512,225584,-225.85,2.37,3.56,90,-22585,237,356,-22585 356 237 300 2352 -129184 293983 -19485
126,Qufim Island,460,???,57817,263,92,226088,226240,1029.0,0.3,-173.0,95,102900,30,-17300,102900 -17300 30 10 -29381 94340 2755 120
126,Qufim Island,472,Shantotto,57829,263,120,277735,277923,0.0,5.12,212.48,100,0,512,21248,0 21248 512 768 28160 -256 1279 1280
126,Qufim Island,474,2,57831,263,11,276208,276264,-250.89,-219.22,1100.28,95,-25089,-21922,110028,-25089 110028 -21922 2778 116 2228224 -2147480650 -2147319807
126,Qufim Island,475,3,57832,263,12,276400,276456,-245.91,-219.22,1103.52,95,-24591,-21922,110352,-24591 110352 -21922 2778 116 2228224 -2147480650 -2147319807
126,Qufim Island,476,4,57833,263,11,276592,276648,-240.93,-219.22,1106.76,95,-24093,-21922,110676,-24093 110676 -21922 2778 116 2228224 -2147480650 -2147319807
126,Qufim Island,477,5,57834,263,11,276784,276840,-235.95,-219.22,1110.0,95,-23595,-21922,111000,-23595 111000 -21922 2778 116 2228224 -2147480650 -2147319807
126,Qufim Island,478,6,57835,263,12,276976,277032,-230.97,-219.22,1113.24,95,-23097,-21922,111324,-23097 111324 -21922 2778 116 2228224 -2147480650 -2147319807
126,Qufim Island,479,7,57836,263,12,277168,277224,-225.99,-219.22,1116.48,95,-22599,-21922,111648,-22599 111648 -21922 2778 116 2228224 -2147480650 -2147319807
126,Qufim Island,480,8,57837,263,11,277360,277416,-221.01,-219.22,1119.72,95,-22101,-21922,111972,-22101 111972 -21922 2778 116 196476928 -2147385344 -2147319806
126,Qufim Island,490,Voidwatch Office,57847,263,463,372768,372840,0.01,-180.84,-1060.23,95,1,-18084,-106023,1 -106023 -18084 1999 3120 2 -354003 -163601
127,Behemoth's Dominion,70,???,61516,263,2,180,284,73.41,0.01,0.0,90,7341,1,0,7341 0 1 79 -1029632 -491521 4751359 19145600
127,Behemoth's Dominion,79,Cermet Headstone,61526,263,1,256,284,73.41,0.01,0.0,90,7341,1,0,7341 0 1 79 -1029632 -491521 4751359 19145600
128,Valley of Sorrows,71,Kilhwch,77,264,12,6436,6472,-194.99,-19.09,636.4,105,-19499,-1909,63640,-19499 63640 -1909 1254 0 1 128 38
128,Valley of Sorrows,74,Xonia,80,264,12,6928,6964,-0.2,79.0,-402.92,105,-20,7900,-40292,-20 -40292 7900 3089 0 1 128 38
128,Valley of Sorrows,78,Noillurie,84,264,13,7584,7624,-313.37,31.37,-407.16,90,-31337,3137,-40716,-31337 -40716 3137 0 1 128 38 92
128,Valley of Sorrows,81,Elrica,87,264,12,8076,8112,-195.57,-99.98,324.41,105,-19557,-9998,32441,-19557 32441 -9998 1306 0 1 128 38
128,Valley of Sorrows,82,Terounalivet,88,264,12,8240,8276,-142.72,-33.08,569.26,105,-14272,-3308,56926,-14272 56926 -3308 1018 0 1 128 38
129,Ghoyu's Reverie,252,Antje,4352,264,10,1368,1424,-1156.73,25.47,-2.63,95,-115673,2547,-263,-115673 -263 2547 457 7349 7350 7351 7352
130,Ru'Aun Gardens,343,Zeid,8568,264,18,5924,6024,-552.41,0.03,30.74,90,-55241,3,3074,-55241 3074 3 10 -1601 -630700 -1851 -619471
130,Ru'Aun Gardens,344,Aldo,8569,264,19,6396,6540,-540.38,0.13,1.85,105,-54038,13,185,-54038 185 13 675 -612553 2686 -610682 6736
130,Ru'Aun Gardens,365,Kilhwch,8591,264,12,13980,14016,-194.99,-19.09,636.4,105,-19499,-1909,63640,-19499 63640 -1909 1254 0 1 128 38
130,Ru'Aun Gardens,368,Xonia,8594,264,12,14472,14508,-0.2,79.0,-402.92,105,-20,7900,-40292,-20 -40292 7900 3089 0 1 128 38
130,Ru'Aun Gardens,372,Noillurie,8598,264,13,15128,15168,-313.37,31.37,-407.16,90,-31337,3137,-40716,-31337 -40716 3137 0 1 128 38 92
130,Ru'Aun Gardens,375,Elrica,8601,264,12,15620,15656,-195.57,-99.98,324.41,105,-19557,-9998,32441,-19557 32441 -9998 1306 0 1 128 38
130,Ru'Aun Gardens,376,Terounalivet,8602,264,12,15784,15820,-142.72,-33.08,569.26,105,-14272,-3308,56926,-14272 56926 -3308 1018 0 1 128 38
132,Abyssea - La Theine,692,Veridical Conflu,17086,264,1,590116,590252,-1229.66,-86.0,-389.54,110,-122966,-8600,-38954,-122966 -38954 -8600 512 -54616 175250 29200 3916
132,Abyssea - La Theine,693,Veridical Conflu,17087,264,1,592272,592408,-1229.66,-86.0,-389.54,110,-122966,-8600,-38954,-122966 -38954 -8600 512 -54616 175250 29200 3916
132,Abyssea - La Theine,694,Veridical Conflu,17088,264,1,594428,594564,-1229.66,-86.0,-389.54,110,-122966,-8600,-38954,-122966 -38954 -8600 512 -54616 175250 29200 3916
132,Abyssea - La Theine,695,Veridical Conflu,17089,264,1,596584,596720,-1229.66,-86.0,-389.54,110,-122966,-8600,-38954,-122966 -38954 -8600 512 -54616 175250 29200 3916
132,Abyssea - La Theine,696,Veridical Conflu,17090,264,1,598740,598876,-1229.66,-86.0,-389.54,110,-122966,-8600,-38954,-122966 -38954 -8600 512 -54616 175250 29200 3916
132,Abyssea - La Theine,697,Veridical Conflu,17091,264,1,600896,601032,-1229.66,-86.0,-389.54,110,-122966,-8600,-38954,-122966 -38954 -8600 512 -54616 175250 29200 3916
132,Abyssea - La Theine,698,Veridical Conflu,17092,264,1,603052,603188,-1229.66,-86.0,-389.54,110,-122966,-8600,-38954,-122966 -38954 -8600 512 -54616 175250 29200 3916
132,Abyssea - La Theine,699,Veridical Conflu,17093,264,1,605208,605344,-1229.66,-86.0,-389.54,110,-122966,-8600,-38954,-122966 -38954 -8600 512 -54616 175250 29200 3916
134,Dynamis - Beaucedine,715,???,25297,264,1,1180,1212,0.0,73.52,73.53,90,0,7352,7353,0 7353 7352 128 -2147465216 -2147399645 -2147334109 268567331
135,Dynamis - Xarcabard,599,???,29277,264,1,1180,1212,0.0,72.51,72.52,90,0,7251,7252,0 7252 7251 128 -2147465216 -2147399645 -2147334109 268567331
136,Beaucedine Glacier [S],679,"Disserond, R.K.",33464,264,15,209500,209664,640.24,5.32,-320.98,120,64024,532,-32098,64024 -32098 532 566 63861 -35340 374 2736
136,Beaucedine Glacier [S],680,"Gray Colossus, L",33465,264,15,217572,217736,640.24,5.32,-320.98,120,64024,532,-32098,64024 -32098 532 566 63861 -35340 374 2736
136,Beaucedine Glacier [S],681,"Luhk Leotih, M.C",33466,264,15,225644,225808,640.24,5.32,-320.98,120,64024,532,-32098,64024 -32098 532 566 63861 -35340 374 2736
136,Beaucedine Glacier [S],715,Zeid,33501,264,77,46020,46072,-1650.8,10.78,-598.69,110,-165080,1078,-59869,-165080 -59869 1078 561 37264 -1553 3114 -325348
136,Beaucedine Glacier [S],723,Scraggy Gigas,33509,264,48,67904,68020,-202.33,6.42,6.43,90,-20233,642,643,-20233 643 642 114 2228224 -524241 -127107073 8388607
136,Beaucedine Glacier [S],727,???,33513,264,129,68812,68952,594.58,-390.27,839.31,100,59458,-39027,83931,59458 83931 -39027 3295 68306 74785 -39754 1334
136,Beaucedine Glacier [S],728,Louvairausse,33514,264,59,70580,70684,-595.98,1.44,11.77,90,-59598,144,1177,-59598 1177 144 2 -273294 -154211 -39956 3
136,Beaucedine Glacier [S],729,hei02,33515,264,43,71020,71152,-394.08,3.48,0.02,90,-39408,348,2,-39408 2 348 222 788537856 -2048 -496513 -2147450881
136,Beaucedine Glacier [S],743,onoA,33529,264,124,74716,74840,-1839.46,22.98,-400.27,110,-183946,2298,-40027,-183946 -40027 2298 1047 158516 -182208 889 155396
136,Beaucedine Glacier [S],744,onoB,33530,264,117,75108,75232,-1815.88,22.98,-398.2,95,-181588,2298,-39820,-181588 -39820 2298 1047 -276534 -166225 -40111 158162
136,Beaucedine Glacier [S],745,onoC,33531,264,79,75564,75672,-1779.02,22.98,-398.6,95,-177902,2298,-39860,-177902 -39860 2298 1047 211238 -192612 359 164119
136,Beaucedine Glacier [S],746,onoD,33532,264,77,75872,75984,-1800.71,22.98,-397.06,110,-180071,2298,-39706,-180071 -39706 2298 1047 157434 -178016 900 208391
136,Beaucedine Glacier [S],747,tueA,33533,264,84,76208,76336,-397.06,10.47,10.49,120,-39706,1047,1049,-39706 1049 1047 2298 156607 -184708 726 173682
136,Beaucedine Glacier [S],748,tueB,33534,264,100,76588,76716,-398.69,10.47,10.49,120,-39869,1047,1049,-39869 1049 1047 2298 157434 -178016 900 181390
136,Beaucedine Glacier [S],749,tueC,33535,264,86,77008,77132,-398.6,10.47,10.49,120,-39860,1047,1049,-39860 1049 1047 2298 157434 -178016 900 145762
136,Beaucedine Glacier [S],750,tueD,33536,264,69,77360,77484,-400.27,10.47,10.49,120,-40027,1047,1049,-40027 1049 1047 2298 156448 -182106 894 167544
136,Beaucedine Glacier [S],760,Gyari1,33552,264,38,80464,80548,-1947.33,0.05,2.3,110,-194733,5,230,-194733 230 5 2889 150345 -182384 311 118
136,Beaucedine Glacier [S],763,Gyari4,33555,264,52,81140,81232,963.49,-85.39,-1822.78,95,96349,-8539,-182278,96349 -182278 -8539 642 2302 322933 -134049 600
136,Beaucedine Glacier [S],766,Gken3,33558,264,23,81892,81976,1043.51,-65.3,-1807.26,95,104351,-6530,-180726,104351 -180726 -6530 2 150599 -179961 526 104
136,Beaucedine Glacier [S],767,Gken4,33559,264,36,82112,82200,1027.78,-67.26,-1795.03,110,102778,-6726,-179503,102778 -179503 -6726 642 2303 2 103 2228224
136,Beaucedine Glacier [S],836,Noillurie,33630,264,82,207176,207264,666.81,-394.72,793.61,90,66681,-39472,79361,66681 79361 -39472 93 2228224 -524241 -127107073 8388607
136,Beaucedine Glacier [S],847,Akadaemon,33641,264,75,208696,208792,-628.2,0.01,0.0,90,-62820,1,0,-62820 0 1 128 102 -1241513984 8388608 -2147417930
136,Beaucedine Glacier [S],861,Allied Commissar,33655,264,208,272032,272172,0.82,-336.46,667.52,105,82,-33646,66752,82 66752 -33646 573 83 -192613 -281066 -40000
137,Xarcabard [S],627,"Estaud, R.K.",37507,264,15,132468,132632,640.24,5.32,-320.98,120,64024,532,-32098,64024 -32098 532 566 63861 -35340 374 2736
137,Xarcabard [S],628,"Timid Scorpion,",37508,264,15,140540,140704,640.24,5.32,-320.98,120,64024,532,-32098,64024 -32098 532 566 63861 -35340 374 2736
137,Xarcabard [S],629,"Yimi Jomkeh, M.C",37509,264,15,148612,148776,640.24,5.32,-320.98,120,64024,532,-32098,64024 -32098 532 566 63861 -35340 374 2736
137,Xarcabard [S],656,Five Moons,37537,264,36,43136,43268,1643.6,11.6,-613.08,95,164360,1160,-61308,164360 -61308 1160 30 150666 -60600 1003 13
137,Xarcabard [S],657,???,37538,264,120,43216,43268,1643.6,11.6,-613.08,95,164360,1160,-61308,164360 -61308 1160 30 150666 -60600 1003 13
137,Xarcabard [S],658,Heiner,37539,264,36,43448,43556,-327.02,0.9,11.14,105,-32702,90,1114,-32702 1114 90 243 146668 -60206 1011 154393
137,Xarcabard [S],659,Prien,37540,264,74,43712,43756,-598.83,0.3,9.97,105,-59883,30,997,-59883 997 30 1298 78 -134114816 8388607 -523886
137,Xarcabard [S],660,Stefan,37541,264,42,43856,43892,-607.09,0.3,10.03,90,-60709,30,1003,-60709 1003 30 37 -134114816 8388607 -523886 838893567
137,Xarcabard [S],662,Slumbering Savag,37543,264,51,44040,44144,12.09,-351.93,1398.16,95,1209,-35193,139816,1209 139816 -35193 1144 98 -134114816 8388607 -523886
137,Xarcabard [S],665,Marcus,37546,264,16,44684,44868,1487.08,9.97,-598.83,95,148708,997,-59883,148708 -59883 997 40 148143 -5584 9038 2261
137,Xarcabard [S],666,Klara,37547,264,170,43424,43556,-327.02,0.9,11.14,105,-32702,90,1114,-32702 1114 90 243 146668 -60206 1011 154393
137,Xarcabard [S],667,Zeid,37548,264,150,43492,43556,-327.02,0.9,11.14,105,-32702,90,1114,-32702 1114 90 243 146668 -60206 1011 154393
137,Xarcabard [S],714,Cyranuce,37595,264,123,88520,88700,-1816.91,-16.94,-668.13,95,-181691,-1694,-66813,-181691 -66813 -1694 15 -181671 -79035 -2638 446568
137,Xarcabard [S],716,Gissenne,37597,264,42,89920,90000,1.8,0.39,15.11,105,180,39,1511,180 1511 39 13 -183469 -82247 -3050 187
137,Xarcabard [S],722,Alphonimile,37603,264,46,121608,121772,-1804.94,-15.94,-674.07,95,-180494,-1594,-67407,-180494 -67407 -1594 40 -180883 -79046 -2539 0
137,Xarcabard [S],723,Altennia,37604,264,39,121716,121772,-1804.94,-15.94,-674.07,95,-180494,-1594,-67407,-180494 -67407 -1594 40 -180883 -79046 -2539 0
137,Xarcabard [S],724,Leuonard,37605,264,84,121888,122048,-820.01,0.9,-32.22,90,-82001,90,-3222,-82001 -3222 90 180 7 150 3 10
137,Xarcabard [S],728,kisiE,37609,264,118,123788,123904,-1869.24,-23.26,-660.81,95,-186924,-2326,-66081,-186924 -66081 -2326 27 -185303 -77433 -2907 0
137,Xarcabard [S],735,kisi07,37616,264,31,127596,127728,-236.99,2.02,0.01,90,-23699,202,1,-23699 1 202 177 196476928 -2147385344 -2147254270 -2147188734
137,Xarcabard [S],737,kisi09,37618,264,41,127548,127728,-236.99,2.02,0.01,90,-23699,202,1,-23699 1 202 177 196476928 -2147385344 -2147254270 -2147188734
137,Xarcabard [S],739,02,37620,264,50,128776,128848,-823.01,0.39,-26.43,105,-82301,39,-2643,-82301 -2643 39 60 1511 4 7 29
137,Xarcabard [S],741,04,37622,264,55,129368,129456,-837.48,0.6,-27.85,90,-83748,60,-2785,-83748 -2785 60 39 120 4 6 29
137,Xarcabard [S],782,Allied Commissar,37667,264,208,211428,211568,0.82,-336.46,667.52,105,82,-33646,66752,82 66752 -33646 573 83 -192613 -281066 -40000
137,Xarcabard [S],800,ex07,37685,264,189,412956,413124,1581.05,-156.04,-279.88,95,158105,-15604,-27988,158105 -27988 -15604 258 161470 -29633 -15538 162103
137,Xarcabard [S],833,Lilisette,37718,264,354,413592,413704,1620.94,-154.22,-274.59,95,162094,-15422,-27459,162094 -27459 -15422 10 258 157861 -26186 158870
137,Xarcabard [S],837,Ragelise,37722,264,534,388780,388928,-233.44,1.2,0.07,105,-23344,120,7,-23344 7 120 13 154 -166234 -39546 -23342
137,Xarcabard [S],838,Cousseraux,37723,264,136,390448,390608,-295.4,0.15,-223.75,105,-29540,15,-22375,-29540 -22375 15 13 -162602 8566 -15796 -157699
137,Xarcabard [S],839,Vestillet,37724,264,304,389748,389868,-1639.41,-239.15,-345.35,95,-163941,-23915,-34535,-163941 -34535 -23915 29 -160569 -33974 -23772 3
137,Xarcabard [S],840,Mayakov,37725,264,98,391124,391248,-1693.45,-229.59,-437.35,110,-169345,-22959,-43735,-169345 -43735 -22959 2173 -164019 -34049 -23911 16
137,Xarcabard [S],847,Bartholomaus,37732,264,68,413868,414008,-251.86,0.1,-154.8,105,-25186,10,-15480,-25186 -15480 10 258 162051 -20345 -15549 166
137,Xarcabard [S],848,Elivira Gogol,37733,264,21,412612,412712,1603.66,-156.24,-290.06,95,160366,-15624,-29006,160366 -29006 -15624 258 157940 -29035 -15653 155968
137,Xarcabard [S],849,Adelheid,37734,264,95,413020,413156,-298.91,0.08,-154.87,105,-29891,8,-15487,-29891 -15487 8 40 -145568 -3808 -15361 216
137,Xarcabard [S],850,Invincible Shiel,37735,264,20,413404,413484,-249.97,2.58,-153.82,90,-24997,258,-15382,-24997 -15382 258 118 2228224 -524241 -127107073 8388607
137,Xarcabard [S],851,Zazarg,37736,264,38,413620,413704,1620.94,-154.22,-274.59,95,162094,-15422,-27459,162094 -27459 -15422 10 258 157861 -26186 158870
137,Xarcabard [S],852,Sonia,37737,264,18,413908,414008,-251.86,0.1,-154.8,105,-25186,10,-15480,-25186 -15480 10 258 162051 -20345 -15549 166
137,Xarcabard [S],853,Kayeel-Payeel,37738,264,122,414208,414344,-238.21,1.8,0.25,90,-23821,180,25,-23821 25 180 40 62269 -218307 -23831 58087
137,Xarcabard [S],861,Putori-Tutori,37746,264,35,416764,416904,-236.99,0.07,0.4,90,-23699,7,40,-23699 40 7 130 53041 -217585 -23574 55234
137,Xarcabard [S],862,Atori-Tutori,37747,264,35,417252,417392,-236.99,0.07,0.4,90,-23699,7,40,-23699 40 7 130 53041 -217585 -23574 55234
137,Xarcabard [S],864,Haudrale,37749,264,139,418100,418256,-1026.13,30.88,-251.24,95,-102613,3088,-25124,-102613 -25124 3088 60 2277 752 2271 1359
138,Castle Zvahl Baileys [S],640,"Aymeric, T.K.",41616,264,15,2592,2708,640.24,5.32,-320.98,120,64024,532,-32098,64024 -32098 532 566 63861 -35340 374 2736
138,Castle Zvahl Baileys [S],641,"Holger, I.M.",41617,264,15,10388,10508,640.24,5.32,-320.98,120,64024,532,-32098,64024 -32098 532 566 63861 -35340 374 2736
138,Castle Zvahl Baileys [S],642,"Mikra-Lekra, C.C",41618,264,15,18184,18304,640.24,5.32,-320.98,120,64024,532,-32098,64024 -32098 532 566 63861 -35340 374 2736
138,Castle Zvahl Baileys [S],672,Portia,41649,264,122,36392,36536,-230.03,0.03,-49.27,90,-23003,3,-4927,-23003 -4927 3 8 221 27 211 2
138,Castle Zvahl Baileys [S],673,Vestillet,41650,264,84,36404,36536,-230.03,0.03,-49.27,90,-23003,3,-4927,-23003 -4927 3 8 221 27 211 2
138,Castle Zvahl Baileys [S],674,Noillurie,41651,264,75,37092,37152,1413.93,-244.04,883.17,95,141393,-24404,88317,141393 88317 -24404 2894 59 -1284767744 67746 8388992
138,Castle Zvahl Baileys [S],675,Mayakov,41652,264,51,37232,37420,573.66,22.01,-240.51,90,57366,2201,-24051,57366 -24051 2201 148 2228224 -524241 -127107073 8388607
138,Castle Zvahl Baileys [S],676,Haudrale,41653,264,106,37300,37420,573.66,22.01,-240.51,90,57366,2201,-24051,57366 -24051 2201 148 2228224 -524241 -127107073 8388607
138,Castle Zvahl Baileys [S],682,Ukai04,41659,264,40,39128,39312,-304.46,0.0,-46.04,90,-30446,0,-4604,-30446 -4604 0 1 128 40 150 212990
138,Castle Zvahl Baileys [S],683,Ukai05,41660,264,43,39240,39312,-304.46,0.0,-46.04,90,-30446,0,-4604,-30446 -4604 0 1 128 40 150 212990
138,Castle Zvahl Baileys [S],690,Lady Lilith,41667,264,66,40348,40416,-84.78,-1.05,0.06,90,-8478,-105,6,-8478 6 -105 83 2228224 -524241 -127107073 8388607
138,Castle Zvahl Baileys [S],693,???,41670,264,11,40788,40900,1289.72,-240.77,1008.94,90,128972,-24077,100894,128972 100894 -24077 2034 125686 99119 -24107 107029
138,Castle Zvahl Baileys [S],697,Volker,41674,264,144,75720,75868,-818.09,-239.99,216.23,105,-81809,-23999,21623,-81809 21623 -23999 40 -93237 21950 -24065 358089
138,Castle Zvahl Baileys [S],698,Zeid,41675,264,97,75800,75868,-818.09,-239.99,216.23,105,-81809,-23999,21623,-81809 21623 -23999 40 -93237 21950 -24065 358089
138,Castle Zvahl Baileys [S],699,Nicolaus,41676,264,40,76112,76180,-188.27,0.15,-160.05,90,-18827,15,-16005,-18827 -16005 15 2 30 302875 305604 -16844
138,Castle Zvahl Baileys [S],700,Five Moons,41677,264,32,76420,76484,-211.28,0.3,-160.3,90,-21128,30,-16030,-21128 -16030 30 258 45 304100 303525 -17407
138,Castle Zvahl Baileys [S],701,Leki Shameene,41678,264,47,76768,76904,-241.44,0.45,-160.46,90,-24144,45,-16046,-24144 -16046 45 1 15 40 305446 -19930
138,Castle Zvahl Baileys [S],703,Premas-Lamas,41680,264,35,77092,77160,-218.77,0.08,-160.08,90,-21877,8,-16008,-21877 -16008 8 45 305446 -19930 -16024 302186
138,Castle Zvahl Baileys [S],704,Allenberge,41681,264,64,75712,75868,-818.09,-239.99,216.23,105,-81809,-23999,21623,-81809 21623 -23999 40 -93237 21950 -24065 358089
138,Castle Zvahl Baileys [S],724,Tetu04,41701,264,43,100860,101012,503.63,8.95,-184.77,90,50363,895,-18477,50363 -18477 895 40 -263622 48167 -18680 -263151
138,Castle Zvahl Baileys [S],726,Tetu06,41703,264,35,102388,102576,-168.71,1.29,0.98,90,-16871,129,98,-16871 98 129 144 196476928 -2147385344 -2147254270 -2147254269
138,Castle Zvahl Baileys [S],727,Tetu07,41704,264,38,102436,102576,-168.71,1.29,0.98,90,-16871,129,98,-16871 98 129 144 196476928 -2147385344 -2147254270 -2147254269
138,Castle Zvahl Baileys [S],729,Tetu09,41706,264,48,103032,103196,140.66,0.98,-168.71,90,14066,98,-16871,14066 -16871 98 163 196476928 -2147385344 -2147254270 -2147254269
138,Castle Zvahl Baileys [S],733,bara03,41710,264,3,103892,104072,181.13,1.28,-240.24,90,18113,128,-24024,18113 -24024 128 144 0 -2147470848 -2147418081 -2147254270
138,Castle Zvahl Baileys [S],734,Bukadaemon1,41711,264,79,103912,104072,181.13,1.28,-240.24,90,18113,128,-24024,18113 -24024 128 144 0 -2147470848 -2147418081 -2147254270
138,Castle Zvahl Baileys [S],735,Demon Suppressor,41712,264,99,104232,104400,196.18,1.84,-240.15,90,19618,184,-24015,19618 -24015 184 0 -1561302016 -2147483384 1811972097 17343216
138,Castle Zvahl Baileys [S],736,Demon Befouler,41713,264,83,104596,104664,-36.92,-99.23,-94.54,90,-3692,-9923,-9454,-3692 -9454 -9923 68 -371474 22729 -37446 180
138,Castle Zvahl Baileys [S],737,Bukadaemon4,41714,264,73,104784,104920,190.99,2.64,-343.29,100,19099,264,-34329,19099 -34329 264 752 40 5445 8255 -10000
138,Castle Zvahl Baileys [S],738,Bukadaemon5,41715,264,87,105180,105232,14.08,-100.0,-11.57,90,1408,-10000,-1157,1408 -1157 -10000 40 -108 1 0 128
138,Castle Zvahl Baileys [S],739,Bukadaemon6,41716,264,52,105360,105416,66.51,-99.53,-36.1,105,6651,-9953,-3610,6651 -3610 -9953 68 18045 31816 -10021 40
138,Castle Zvahl Baileys [S],760,Allied Commissar,41740,264,208,123656,123796,0.82,-336.46,667.52,105,82,-33646,66752,82 66752 -33646 573 83 -192613 -281066 -40000
139,Horlais Peak,556,Burning Circle,45617,264,4,12416,12564,-335.35,0.0,0.15,90,-33535,0,15,-33535 15 0 1 -405499 -46221 92960 724
139,Horlais Peak,557,Burning Circle,45618,264,1,12488,12564,-335.35,0.0,0.15,90,-33535,0,15,-33535 15 0 1 -405499 -46221 92960 724
139,Horlais Peak,558,Burning Circle,45619,264,1,12516,12564,-335.35,0.0,0.15,90,-33535,0,15,-33535 15 0 1 -405499 -46221 92960 724
139,Horlais Peak,559,Spotter,45624,264,28,12544,12564,-335.35,0.0,0.15,90,-33535,0,15,-33535 15 0 1 -405499 -46221 92960 724
139,Horlais Peak,560,Dread Dragon,45625,264,14,12708,12728,-335.35,0.0,0.09,90,-33535,0,9,-33535 9 0 1 -401039 -64904 94874 327
139,Horlais Peak,561,Lion,45626,264,55,12828,12924,-684.67,3.23,945.13,90,-68467,323,94513,-68467 94513 323 12 -390454 -69754 94305 13
139,Horlais Peak,562,Rochefogne,45627,264,33,13128,13188,-709.23,28.26,941.26,90,-70923,2826,94126,-70923 94126 2826 10 -393455 -72013 94108 45
139,Horlais Peak,563,Vauderame,45628,264,16,13524,13552,-733.94,27.87,940.16,90,-73394,2787,94016,-73394 94016 2787 9 -392618 -71302 94107 26
139,Horlais Peak,565,Vauderame,45630,264,9,13664,13820,77.67,0.0,2.01,90,7767,0,201,7767 201 0 24 -2147465216 -2147400413 2147483632 2147483632
139,Horlais Peak,568,Hot Springs,45633,264,1,13800,13888,-647.38,21.05,948.12,105,-64738,2105,94812,-64738 94812 2105 668 20 -2147469568 -2147319807 2063630339
139,Horlais Peak,569,Darokbok of Clan,45634,264,6,13860,13888,-647.38,21.05,948.12,105,-64738,2105,94812,-64738 94812 2105 668 20 -2147469568 -2147319807 2063630339
139,Horlais Peak,570,Jagidbod of Clan,45635,264,13,13928,13956,-656.53,33.86,947.1,105,-65653,3386,94710,-65653 94710 3386 668 20 -2147469568 -2147319807 2063630339
139,Horlais Peak,571,Derakbak of Clan,45636,264,8,13996,14020,-720.13,7.48,940.08,90,-72013,748,94008,-72013 94008 748 11 -2147469568 -2147319807 -16744445 17347141
139,Horlais Peak,572,Reaper Clan Warm,45637,264,4,14048,14072,-622.5,2.78,945.98,90,-62250,278,94598,-62250 94598 278 11 -2147469568 -2147319807 -16744445 17347142
139,Horlais Peak,573,Wolf Clan Warmac,45638,264,3,14100,14124,-598.78,12.03,947.32,90,-59878,1203,94732,-59878 94732 1203 11 -2147469568 -2147319807 -16744445 17347143
139,Horlais Peak,574,Eideialc,45639,264,24,13384,13552,-733.94,27.87,940.16,90,-73394,2787,94016,-73394 94016 2787 9 -392618 -71302 94107 26
139,Horlais Peak,589,Kilhwch,45655,264,12,20212,20248,-194.99,-19.09,636.4,105,-19499,-1909,63640,-19499 63640 -1909 1254 0 1 128 38
139,Horlais Peak,592,Xonia,45658,264,12,20704,20740,-0.2,79.0,-402.92,105,-20,7900,-40292,-20 -40292 7900 3089 0 1 128 38
139,Horlais Peak,596,Noillurie,45662,264,13,21360,21400,-313.37,31.37,-407.16,90,-31337,3137,-40716,-31337 -40716 3137 0 1 128 38 92
139,Horlais Peak,599,Elrica,45665,264,12,21852,21888,-195.57,-99.98,324.41,105,-19557,-9998,32441,-19557 32441 -9998 1306 0 1 128 38
139,Horlais Peak,600,Terounalivet,45666,264,12,22016,22052,-142.72,-33.08,569.26,105,-14272,-3308,56926,-14272 56926 -3308 1018 0 1 128 38
139,Horlais Peak,602,Atori-Tutori,45668,264,32,23068,23112,-16.24,0.3,0.4,105,-1624,30,40,-1624 40 30 15 1500 -10000 10 80
140,Ghelsba Outpost,290,Ropchop,49448,264,11,35264,35320,-1495.84,-151.83,857.66,110,-149584,-15183,85766,-149584 85766 -15183 1728 -187871 53596 -10437 1624
140,Ghelsba Outpost,292,Fodderchief Vokd,49452,264,14,35292,35320,-1495.84,-151.83,857.66,110,-149584,-15183,85766,-149584 85766 -15183 1728 -187871 53596 -10437 1624
140,Ghelsba Outpost,293,Sureshot Snatgat,49453,264,2,35384,35412,874.65,15.54,-136.15,105,87465,1554,-13615,87465 -13615 1554 13 -147481 84199 -14434 1547
140,Ghelsba Outpost,296,Vaseradoul,49457,264,19,35848,35952,-1699.83,-116.72,763.38,110,-169983,-11672,76338,-169983 76338 -11672 1889 -185701 53088 -10550 2866
140,Ghelsba Outpost,297,Cyranuce,49458,264,27,35908,35952,-1699.83,-116.72,763.38,110,-169983,-11672,76338,-169983 76338 -11672 1889 -185701 53088 -10550 2866
140,Ghelsba Outpost,298,Rahal,49459,264,43,36596,36664,-1570.39,-100.0,817.39,110,-157039,-10000,81739,-157039 81739 -10000 1651 -182347 55887 -10507 1536
140,Ghelsba Outpost,313,EVENTER,49475,264,2,37740,37820,-1723.73,-116.72,790.36,110,-172373,-11672,79036,-172373 79036 -11672 1717 7780 7781 3 8
140,Ghelsba Outpost,323,kagami_test,49485,264,33,61012,61052,-110.0,2.4,5.63,105,-11000,240,563,-11000 563 240 3 0 -191287 -11250 120
140,Ghelsba Outpost,330,Excenmille,49492,264,81,73044,73132,-1.67,12.73,12.99,90,-167,1273,1299,-167 1299 1273 144 2228224 -524241 -127107073 8388607
140,Ghelsba Outpost,332,Maxcimille,49494,264,65,73428,73516,447.26,0.29,-0.4,90,44726,29,-40,44726 -40 29 127 2228224 -524241 -127107073 8388607
140,Ghelsba Outpost,334,Lharant,49496,264,63,73796,73892,145.41,-5.89,683.54,90,14541,-589,68354,14541 68354 -589 107 2228224 -524241 -127107073 8388607
140,Ghelsba Outpost,335,Orcish Fodder,49497,264,40,74644,74720,180.3,-3.84,515.48,90,18030,-384,51548,18030 51548 -384 40 349764 -15297 9256 341371
140,Ghelsba Outpost,340,orc01,49502,264,32,75084,75164,-1.68,25.93,99.99,90,-168,2593,9999,-168 9999 2593 129 2228224 -524241 -127107073 8388607
140,Ghelsba Outpost,342,orc03,49504,264,23,73016,73132,-1.67,12.73,12.99,90,-167,1273,1299,-167 1299 1273 144 2228224 -524241 -127107073 8388607
141,Fort Ghelsba,236,Elevator Lever,53495,264,1,140,176,0.02,0.03,73.59,90,2,3,7359,2 7359 3 85 -2147474432 -2147385343 268436005 419463169
141,Fort Ghelsba,237,Elevator Lever,53496,264,1,280,316,0.03,0.02,73.58,90,3,2,7358,3 7358 2 85 -2147474432 -2147385343 268436005 419463169
142,Yughott Grotto,225,Bostillette,57575,264,65,18340,18404,1.28,-134.03,298.35,105,128,-13403,29835,128 29835 -13403 150 28992 -15761 176 92
143,Palborough Mines,386,Dock Lever,61833,264,2,2452,2492,73.36,73.37,0.4,90,7336,7337,40,7336 40 7337 95 -1027328 -1015809 1702002687 -262983565
143,Palborough Mines,391,Elevator Lever,61838,264,2,2632,2652,73.35,0.01,0.0,90,7335,1,0,7335 0 1 78 -1027328 -1015809 1702002687 -262983565
143,Palborough Mines,392,Elevator Lever,61839,264,2,2748,2768,73.35,0.01,0.0,90,7335,1,0,7335 0 1 78 -1027328 -1015809 1702002687 -262983565
143,Palborough Mines,397,Mythril Seam,61844,264,3,3176,3252,0.12,74.25,73.76,90,12,7425,7376,12 7376 7425 145 -1029632 -241926145 4718856 2171776
143,Palborough Mines,398,Mythril Seam,61845,264,3,3416,3492,0.12,74.25,73.76,90,12,7425,7376,12 7376 7425 145 -1029632 -241860609 4718856 2171776
143,Palborough Mines,399,Mythril Seam,61846,264,3,3656,3732,0.12,74.25,73.76,90,12,7425,7376,12 7376 7425 145 -1029632 -241795073 4718856 2171776
143,Palborough Mines,400,Mythril Seam,61847,264,3,3896,3972,0.12,74.25,73.76,90,12,7425,7376,12 7376 7425 145 -1029632 -241729537 4718856 2171776
143,Palborough Mines,401,Mythril Seam,61848,264,3,4136,4212,0.12,74.25,73.76,90,12,7425,7376,12 7376 7425 145 -1029632 -241664001 4718856 2171776
143,Palborough Mines,402,Mythril Seam,61849,264,3,4376,4448,0.12,74.25,73.76,90,12,7425,7376,12 7376 7425 140 -1029632 -241598465 4718856 2171776
143,Palborough Mines,403,Mythril Seam,61850,264,3,4604,4680,0.12,74.25,73.76,90,12,7425,7376,12 7376 7425 145 -1029632 -241532929 4718856 2171776
143,Palborough Mines,405,Refiner Lever,61852,264,30,5104,5164,73.97,63.84,73.98,90,7397,6384,7398,7397 7398 6384 326 -263568896 -1669332993 604047601 -2147385344
143,Palborough Mines,407,Old Toolbox,61854,264,3,5648,5700,0.24,74.02,63.97,90,24,7402,6397,24 6397 7402 150 -1027328 -1015809 1702002687 -262983565
143,Palborough Mines,435,Peculiar Fissure,61883,264,14,65892,66076,776.1,-9.0,-317.7,105,77610,-900,-31770,77610 -31770 -900 13 20620 74300 -31900 20480
143,Palborough Mines,436,Sirius,61884,264,49,66032,66076,776.1,-9.0,-317.7,105,77610,-900,-31770,77610 -31770 -900 13 20620 74300 -31900 20480
143,Palborough Mines,437,Almid,61885,264,57,66172,66216,778.5,-8.0,-319.6,105,77850,-800,-31960,77850 -31960 -800 13 19100 74440 -31890 18510
143,Palborough Mines,443,Magh Bihu,61891,264,62,83548,83684,-311.49,35.85,31.58,105,-31149,3585,3158,-31149 3158 3585 13 100439 -73571 -31974 93672
143,Palborough Mines,444,Dazbog,61892,264,59,84144,84256,231.78,-312.69,-983.34,105,23178,-31269,-98334,23178 -98334 -31269 3159 3586 13 98668 -73544
144,Waughroon Shrine,738,Burning Circle,744,265,1,11880,12060,-335.35,0.0,0.09,90,-33535,0,9,-33535 9 0 1 -175396 -137970 60317 1690
144,Waughroon Shrine,739,Burning Circle,745,265,1,11908,12060,-335.35,0.0,0.09,90,-33535,0,9,-33535 9 0 1 -175396 -137970 60317 1690
144,Waughroon Shrine,740,Burning Circle,746,265,1,11936,12060,-335.35,0.0,0.09,90,-33535,0,9,-33535 9 0 1 -175396 -137970 60317 1690
144,Waughroon Shrine,741,Burning Circle,747,265,1,11964,12060,-335.35,0.0,0.09,90,-33535,0,9,-33535 9 0 1 -175396 -137970 60317 1690
144,Waughroon Shrine,742,Seeker,752,265,35,11992,12060,-335.35,0.0,0.09,90,-33535,0,9,-33535 9 0 1 -175396 -137970 60317 1690
144,Waughroon Shrine,743,Dark Dragon,753,265,17,12040,12060,-335.35,0.0,0.09,90,-33535,0,9,-33535 9 0 1 -175396 -137970 60317 1690
144,Waughroon Shrine,745,Ayame,755,265,17,12408,12428,-335.35,0.0,0.14,90,-33535,0,14,-33535 14 0 1 -185383 -136122 59815 573
144,Waughroon Shrine,765,Atori-Tutori,776,265,31,16700,16744,-16.24,0.3,0.4,105,-1624,30,40,-1624 40 30 15 1500 -10000 10 80
146,Balga's Dais,585,Burning Circle,8782,265,1,11756,11920,-335.35,0.0,0.09,90,-33535,0,9,-33535 9 0 1 -134144 -226770 56415 2719
146,Balga's Dais,586,Burning Circle,8783,265,1,11784,11920,-335.35,0.0,0.09,90,-33535,0,9,-33535 9 0 1 -134144 -226770 56415 2719
146,Balga's Dais,587,Burning Circle,8784,265,1,11812,11920,-335.35,0.0,0.09,90,-33535,0,9,-33535 9 0 1 -134144 -226770 56415 2719
146,Balga's Dais,588,Burning Circle,8785,265,1,11840,11920,-335.35,0.0,0.09,90,-33535,0,9,-33535 9 0 1 -134144 -226770 56415 2719
146,Balga's Dais,589,Searcher,8790,265,35,11868,11920,-335.35,0.0,0.09,90,-33535,0,9,-33535 9 0 1 -134144 -226770 56415 2719
146,Balga's Dais,590,Black Dragon,8791,265,20,11900,11920,-335.35,0.0,0.09,90,-33535,0,9,-33535 9 0 1 -134144 -226770 56415 2719
146,Balga's Dais,592,Semih Lafihna,8793,265,43,12252,12300,558.92,1.5,0.0,90,55892,150,0,55892 0 150 36 -496640 -2147450881 838893569 2064386
146,Balga's Dais,602,EVENTER,8804,265,31,12380,12540,210.0,-44.55,-419.55,105,21000,-4455,-41955,21000 -41955 -4455 3048 77 3276800 16785280 58720896
146,Balga's Dais,603,Kaa Toru the Jus,8805,265,24,12412,12540,210.0,-44.55,-419.55,105,21000,-4455,-41955,21000 -41955 -4455 3048 77 3276800 16785280 58720896
146,Balga's Dais,607,Atori-Tutori,8809,265,31,14800,14844,-16.24,0.3,0.4,105,-1624,30,40,-1624 40 30 15 1500 -10000 10 80
147,Beadeaux,466,Zeid,12760,265,29,2224,2408,0.4,-378.52,409.41,100,40,-37852,40941,40 40941 -37852 3301 7231 7233 3560 52885
147,Beadeaux,505,Serafin,12800,265,17,2364,2408,0.4,-378.52,409.41,100,40,-37852,40941,40 40941 -37852 3301 7231 7233 3560 52885
147,Beadeaux,506,Evrard,12801,265,37,2784,2852,0.0,72.34,72.32,100,0,7234,7232,0 7232 7234 3560 52885 -26932 903 306
147,Beadeaux,508,Treasure Chest,12803,265,1,3640,3692,0.0,73.94,73.93,90,0,7394,7393,0 7393 7394 34 -2147465216 -2147408861 -2147319806 268436005
147,Beadeaux,510,???,12805,265,1,3664,3692,0.0,73.94,73.93,90,0,7394,7393,0 7393 7394 34 -2147465216 -2147408861 -2147319806 268436005
147,Beadeaux,527,Zeelozok,12822,265,8,9176,9284,-580.92,7.88,-1820.88,95,-58092,788,-182088,-58092 -182088 788 2652 40 -123459 -155536 624
148,Qulun Dome,29,Magicite,16419,265,3,31896,31952,-1308.91,40.38,-15.0,95,-130891,4038,-1500,-130891 -1500 4038 13 -15000 -133891 36 922821120
148,Qulun Dome,30,Raogrimm,16420,265,32,32636,32780,-271.6,0.12,37.0,90,-27160,12,3700,-27160 3700 12 103 922821120 -2147385344 -2147254270 -2147207424
148,Qulun Dome,31,Cornelia,16421,265,29,32652,32780,-271.6,0.12,37.0,90,-27160,12,3700,-27160 3700 12 103 922821120 -2147385344 -2147254270 -2147207424
148,Qulun Dome,35,Raogrimm,16425,265,10,31924,31952,-1308.91,40.38,-15.0,95,-130891,4038,-1500,-130891 -1500 4038 13 -15000 -133891 36 922821120
148,Qulun Dome,36,Babenn,16426,265,9,32016,32040,-140.0,-15.0,-1438.91,95,-14000,-1500,-143891,-14000 -143891 -1500 4038 13 -135891 34 922821120
148,Qulun Dome,37,Omran,16427,265,12,32104,32136,-1408.91,40.38,-15.0,95,-140891,4038,-1500,-140891 -1500 4038 13 -133891 -122891 52 922821120
148,Qulun Dome,38,Blamor,16428,265,12,32216,32244,-170.0,-15.0,-1398.92,95,-17000,-1500,-139892,-17000 -139892 -1500 2214 13 -132891 -122891 50
148,Qulun Dome,39,Lion,16429,265,30,31664,31700,140.86,259.37,-772.83,120,14086,25937,-77283,14086 -77283 25937 1505 12278 -80012 40 12542
148,Qulun Dome,40,Shadow of Darkne,16430,265,16,31808,31952,-1308.91,40.38,-15.0,95,-130891,4038,-1500,-130891 -1500 4038 13 -15000 -133891 36 922821120
148,Qulun Dome,55,Raptorlegs Gedwa,16446,265,128,33528,33644,591.16,20.48,240.16,90,59116,2048,24016,59116 24016 2048 94 -2147469568 -2147319807 838893571 2064388
148,Qulun Dome,56,Diamond Quadav,16447,265,17,33756,33780,120.03,256.15,-468.47,120,12003,25615,-46847,12003 -46847 25615 1376 8530 -47608 25449 1061
148,Qulun Dome,57,Za'Dha Adamantki,16448,265,75,33840,33876,-477.37,27.6,256.12,105,-47737,2760,25612,-47737 25612 2760 13 13099 -47616 25609 19659
148,Qulun Dome,58,Da'Vhu Deadeye,16449,265,24,33972,34000,-443.78,19.28,256.86,105,-44378,1928,25686,-44378 25686 1928 13 13739 -45421 25669 26
148,Qulun Dome,63,Luto Mewrilah,16454,265,16,34720,34852,-535.95,-1.99,447.82,105,-53595,-199,44782,-53595 44782 -199 1689 0 1 2 3
149,Davoi,470,Elevator Lever,20962,265,1,8308,8344,0.02,0.03,73.67,90,2,3,7367,2 7367 3 85 -2147474432 -2147385343 268436005 419463169
149,Davoi,471,Elevator Lever,20963,265,1,8448,8484,0.03,0.02,73.66,90,3,2,7366,3 7366 2 85 -2147474432 -2147385343 268436005 419463169
149,Davoi,496,Talking Doll,20989,265,2,9432,9536,9.99,-36.48,-1038.63,110,999,-3648,-103863,999 -103863 -3648 990 3589 -103636 -250 3379
149,Davoi,497,Rochefogne,20990,265,17,12244,12416,-603.98,31.64,27.49,90,-60398,3164,2749,-60398 2749 3164 13 220009 -53719 1957 219087
149,Davoi,498,Vauderame,20991,265,13,12932,13068,-555.2,29.62,25.17,90,-55520,2962,2517,-55520 2517 2962 13 221224 -54135 2156 220582
149,Davoi,501,Atarefaunet,20994,265,8,14288,14452,478.44,-239.9,283.68,105,47844,-23990,28368,47844 28368 -23990 3008 462 -2147457536 2147483640 2147483640
149,Davoi,502,Monban01,20995,265,8,14936,15108,200.0,20.48,-240.53,105,20000,2048,-24053,20000 -24053 2048 13 48700 -23958 486 -2147457536
150,Monastic Cavern,208,Magicite,24791,265,8,4428,4480,-1613.54,-74.57,44.56,95,-161354,-7457,4456,-161354 4456 -7457 3226 240 30 1 201
150,Monastic Cavern,209,Lion,24792,265,38,8520,8572,-1576.0,-76.11,-40.18,110,-157600,-7611,-4018,-157600 -4018 -7611 2926 13 -159625 4395 -7508
150,Monastic Cavern,214,Altar,24797,265,4,9128,9248,1090.81,-32.56,-1455.01,95,109081,-3256,-145501,109081 -145501 -3256 2570 125 60 59 -2147469568
150,Monastic Cavern,217,Francmage,24800,265,23,10412,10536,227.66,29.51,-15.0,105,22766,2951,-1500,22766 -1500 2951 13 35288 -2999 31002 7235
150,Monastic Cavern,218,Destin,24801,265,20,10384,10536,227.66,29.51,-15.0,105,22766,2951,-1500,22766 -1500 2951 13 35288 -2999 31002 7235
150,Monastic Cavern,219,Periduque,24802,265,41,11276,11376,-12.92,-30.0,370.61,120,-1292,-3000,37061,-1292 37061 -3000 837 13 -1473 36934 7237
150,Monastic Cavern,220,Muchavatte,24803,265,41,12292,12428,753.29,31.3,-276.38,105,75329,3130,-27638,75329 -27638 3130 6 -142346 80714 -27713 9
150,Monastic Cavern,221,Ulrich,24804,265,21,12384,12428,753.29,31.3,-276.38,105,75329,3130,-27638,75329 -27638 3130 6 -142346 80714 -27713 9
150,Monastic Cavern,222,Francmage,24805,265,56,12536,12576,-1411.57,-278.61,766.26,95,-141157,-27861,76626,-141157 76626 -27861 3187 40 339394 -352374 -1500
150,Monastic Cavern,223,Iru-Kuiru,24806,265,37,12708,12748,-1418.37,-282.97,699.17,95,-141837,-28297,69917,-141837 69917 -28297 2890 30 40 339759 -354464
150,Monastic Cavern,224,Rabntah,24807,265,34,12940,12980,-1415.88,-278.83,725.58,95,-141588,-27883,72558,-141588 72558 -27883 3067 10 40 339651 -354912
150,Monastic Cavern,232,Loo Kohor,24815,265,72,14352,14400,-512.69,-163.82,-1010.63,95,-51269,-16382,-101063,-51269 -101063 -16382 2328 13 -50255 -101137 -16328
150,Monastic Cavern,233,???,24816,265,3,14604,14772,-1442.34,-84.61,-272.66,110,-144234,-8461,-27266,-144234 -27266 -8461 1845 -145006 -26748 -8468 -140364
150,Monastic Cavern,234,Orcish Overlord,24817,265,11,14636,14772,-1442.34,-84.61,-272.66,110,-144234,-8461,-27266,-144234 -27266 -8461 1845 -145006 -26748 -8468 -140364
150,Monastic Cavern,235,Overlord Bakgode,24818,265,41,14704,14772,-1442.34,-84.61,-272.66,110,-144234,-8461,-27266,-144234 -27266 -8461 1845 -145006 -26748 -8468 -140364
150,Monastic Cavern,236,Ironhand Gadzrad,24819,265,18,14884,14912,-1407.33,-91.7,-245.32,110,-140733,-9170,-24532,-140733 -24532 -9170 1857 13 -143328 -25430 -8813
151,Castle Oztroja,504,Kilhwch,29183,265,12,13276,13312,-194.99,-19.09,636.4,105,-19499,-1909,63640,-19499 63640 -1909 1254 0 1 128 38
151,Castle Oztroja,507,Xonia,29186,265,12,13768,13804,-0.2,79.0,-402.92,105,-20,7900,-40292,-20 -40292 7900 3089 0 1 128 38
151,Castle Oztroja,511,Noillurie,29190,265,13,14424,14464,-313.37,31.37,-407.16,90,-31337,3137,-40716,-31337 -40716 3137 0 1 128 38 92
151,Castle Oztroja,514,Elrica,29193,265,12,14916,14952,-195.57,-99.98,324.41,105,-19557,-9998,32441,-19557 32441 -9998 1306 0 1 128 38
151,Castle Oztroja,515,Terounalivet,29194,265,12,15080,15116,-142.72,-33.08,569.26,105,-14272,-3308,56926,-14272 56926 -3308 1018 0 1 128 38
151,Castle Oztroja,540,Yerva Libarello,29219,265,33,94352,94528,596.56,0.09,-617.93,90,59656,9,-61793,59656 -61793 9 65 80 -61274 61204 -62250
151,Castle Oztroja,541,Thundering Chari,29220,265,31,94408,94528,596.56,0.09,-617.93,90,59656,9,-61793,59656 -61793 9 65 80 -61274 61204 -62250
151,Castle Oztroja,542,Ulbrik-Mulbrok,29221,265,41,94464,94528,596.56,0.09,-617.93,90,59656,9,-61793,59656 -61793 9 65 80 -61274 61204 -62250
152,Altar Room,13,Verena,32787,265,31,5588,5672,-994.53,21.46,139.34,90,-99453,2146,13934,-99453 13934 2146 23 -263700 -99000 13665 190
152,Altar Room,18,Yagudo Templar,32792,265,15,8188,8320,996.4,9.83,-720.0,105,99640,983,-72000,99640 -72000 983 13 -97747 96229 33 0
152,Altar Room,19,Yagudo Templar,32793,265,17,8272,8320,996.4,9.83,-720.0,105,99640,983,-72000,99640 -72000 983 13 -97747 96229 33 0
152,Altar Room,20,Yagudo High Prie,32794,265,11,8384,8428,895.82,35.68,-720.0,105,89582,3568,-72000,89582 -72000 3568 40 -112226 95725 29 0
152,Altar Room,21,Yagudo High Prie,32795,265,11,8488,8528,872.39,31.67,-720.0,105,87239,3167,-72000,87239 -72000 3167 40 -98792 96704 28 0
152,Altar Room,22,Yagudo High Prie,32796,265,18,8584,8752,872.66,32.09,-720.0,105,87266,3209,-72000,87266 -72000 3209 40 -99302 92853 28 0
152,Altar Room,23,Yagudo High Prie,32797,265,11,8712,8752,872.66,32.09,-720.0,105,87266,3209,-72000,87266 -72000 3209 40 -99302 92853 28 0
152,Altar Room,24,Ajido-Marujido,32798,265,58,8060,8236,975.02,0.23,-720.0,90,97502,23,-72000,97502 -72000 23 0 595591197 -2147405312 -2147352545 -2147188733
152,Altar Room,26,Magicite,32800,265,4,9344,9528,73.03,-0.14,1.59,105,7303,-14,159,7303 159 -14 41 -44879 3464 142 7110
152,Altar Room,39,Hooknox,32814,265,112,14872,14924,-984.2,40.87,134.4,90,-98420,4087,13440,-98420 13440 4087 40 -268163 -99135 13326 13
152,Altar Room,40,???,32815,265,3,15116,15192,57.84,35.0,239.99,90,5784,3500,23999,5784 23999 3500 21 -2147469568 -2147319807 922779651 -2147123196
152,Altar Room,41,Yagudo Avatar,32816,265,13,15148,15192,57.84,35.0,239.99,90,5784,3500,23999,5784 23999 3500 21 -2147469568 -2147319807 922779651 -2147123196
153,The Boyahda Tree,476,???,37347,265,7,9396,9416,297.14,-256.63,-632.74,105,29714,-25663,-63274,29714 -63274 -25663 2317 13 922825472 -2147385344 -2147254270
153,The Boyahda Tree,487,Zonpa-Zippa,37359,265,180,9452,9608,1048.91,85.01,1404.44,110,104891,8501,140444,104891 140444 8501 1930 -904 -25621 -3749 3414
153,The Boyahda Tree,488,Karaha-Baruha,37360,265,13,10084,10116,-60.91,-33.0,-199.66,105,-6091,-3300,-19966,-6091 -19966 -3300 4059 13 -3015 -19776 -3749
154,Dragon's Aery,48,Kilhwch,41015,265,12,5928,5964,-194.99,-19.09,636.4,105,-19499,-1909,63640,-19499 63640 -1909 1254 0 1 128 38
154,Dragon's Aery,51,Xonia,41018,265,12,6420,6456,-0.2,79.0,-402.92,105,-20,7900,-40292,-20 -40292 7900 3089 0 1 128 38
154,Dragon's Aery,55,Noillurie,41022,265,13,7076,7116,-313.37,31.37,-407.16,90,-31337,3137,-40716,-31337 -40716 3137 0 1 128 38 92
154,Dragon's Aery,58,Elrica,41025,265,12,7568,7604,-195.57,-99.98,324.41,105,-19557,-9998,32441,-19557 32441 -9998 1306 0 1 128 38
154,Dragon's Aery,59,Terounalivet,41026,265,12,7732,7768,-142.72,-33.08,569.26,105,-14272,-3308,56926,-14272 56926 -3308 1018 0 1 128 38
155,Castle Zvahl Keep [S],570,"Sidoine, T.K.",45642,265,15,2548,2664,640.24,5.32,-320.98,120,64024,532,-32098,64024 -32098 532 566 63861 -35340 374 2736
155,Castle Zvahl Keep [S],571,"Lothur, I.M.",45643,265,15,10344,10464,640.24,5.32,-320.98,120,64024,532,-32098,64024 -32098 532 566 63861 -35340 374 2736
155,Castle Zvahl Keep [S],572,"Doijo-Amajo, C.C",45644,265,15,18140,18260,640.24,5.32,-320.98,120,64024,532,-32098,64024 -32098 532 566 63861 -35340 374 2736
155,Castle Zvahl Keep [S],653,Allied Commissar,45726,265,208,31288,31428,0.82,-336.46,667.52,105,82,-33646,66752,82 66752 -33646 573 83 -192613 -281066 -40000
155,Castle Zvahl Keep [S],659,???,45732,265,1,53560,53736,10.28,0.6,76.57,105,1028,60,7657,1028 7657 60 200 -111500 -149880 2023 7661
155,Castle Zvahl Keep [S],664,Rokke,45737,265,53,84696,84784,76.77,77.3,77.29,90,7677,7730,7729,7677 7729 7730 169 -2147476224 -1040861 18710527 2171776
155,Castle Zvahl Keep [S],667,Volker,45740,265,226,85436,85612,-963.02,0.6,28.76,90,-96302,60,2876,-96302 2876 60 13 -378792 -98716 -367128 -101044
155,Castle Zvahl Keep [S],668,Zeid,45741,265,116,85440,85612,-963.02,0.6,28.76,90,-96302,60,2876,-96302 2876 60 13 -378792 -98716 -367128 -101044
155,Castle Zvahl Keep [S],670,Five Moons,45743,265,90,86600,86692,-519.99,1.8,0.6,90,-51999,180,60,-51999 60 180 13 -365882 -94712 -384000 -95800
155,Castle Zvahl Keep [S],674,Allenberge,45747,265,196,86528,86692,-519.99,1.8,0.6,90,-51999,180,60,-51999 60 180 13 -365882 -94712 -384000 -95800
155,Castle Zvahl Keep [S],675,Hippolite,45748,265,68,87232,87324,-976.48,0.36,-519.99,90,-97648,36,-51999,-97648 -51999 36 15 33 -369098 -100814 127
155,Castle Zvahl Keep [S],677,Klara,45750,265,141,87404,87584,-966.5,0.07,-519.99,90,-96650,7,-51999,-96650 -51999 7 15 34 -369100 -103281 137
155,Castle Zvahl Keep [S],678,Marquis Amon,45751,265,99,88516,88572,10.4,1.0,-963.02,105,1040,100,-96302,1040 -96302 100 2876 126 -134114816 -1518338049 -2147434495
156,Throne Room [S],82,Lilisette,49256,265,296,36492,36596,110.76,-1.05,-0.76,105,11076,-105,-76,11076 -76 -105 906 16 -101 60 15
156,Throne Room [S],85,Cait Sith,49259,265,140,37276,37376,25.76,-2.52,-10.72,105,2576,-252,-1072,2576 -1072 -252 13 3663 535 15 1414
156,Throne Room [S],91,2,49265,265,59,40048,40236,-64.0,-49.77,10.0,90,-6400,-4977,1000,-6400 1000 -4977 24 60 554 2228224 -524241
156,Throne Room [S],97,P3,49271,265,1,40068,40244,-49.77,0.6,0.24,105,-4977,60,24,-4977 24 60 554 2228224 -524241 -127107073 8388607
156,Throne Room [S],100,???,49274,265,100,40952,41104,-87.67,39.54,-32.5,120,-8767,3954,-3250,-8767 -3250 3954 2192 -7859 3445 181 11535
156,Throne Room [S],105,Volker,49279,265,109,52696,52792,-1671.01,3.26,23.07,95,-167101,326,2307,-167101 2307 326 2403 102 -134114816 8388607 528482354
156,Throne Room [S],109,Klara,49283,265,148,53516,53596,-335.32,23.07,0.02,105,-33532,2307,2,-33532 2 2307 745 24 -134114816 8388607 -523886
156,Throne Room [S],110,Marquis Amon,49284,265,80,53576,53596,-335.32,23.07,0.02,105,-33532,2307,2,-33532 2 2307 745 24 -134114816 8388607 -523886
156,Throne Room [S],116,Shadow Lord,49290,265,100,52668,52792,-1671.01,3.26,23.07,95,-167101,326,2307,-167101 2307 326 2403 102 -134114816 8388607 528482354
157,Middle Delkfutt's Tower,371,Zeid,53625,265,11,1780,1924,802.91,24.73,-960.1,90,80291,2473,-96010,80291 -96010 2473 13 922755584 -2147385344 -2147254270 -256
159,Temple of Uggalepih,416,Erpalacion,61863,265,47,4740,4824,599.98,14.95,-737.98,120,59998,1495,-73798,59998 -73798 1495 1024 59018 -71299 1439 0
159,Temple of Uggalepih,417,Erpalacion,61864,265,41,5056,5152,519.06,19.99,-576.61,105,51906,1999,-57661,51906 -57661 1999 11 39136 -3199 3066 268
159,Temple of Uggalepih,418,Ancolain,61865,265,31,6648,6732,-0.36,-33.98,418.43,120,-36,-3398,41843,-36 41843 -3398 1030 3072 115 30 116
159,Temple of Uggalepih,420,Rahal,61867,265,29,5900,5956,600.0,15.08,-914.12,120,60000,1508,-91412,60000 -91412 1508 3060 13 -88199 1534 57865
159,Temple of Uggalepih,421,Milchupain,61868,265,6,6268,6300,609.15,15.07,-924.12,120,60915,1507,-92412,60915 -92412 1507 3008 13 -87500 1534 24
159,Temple of Uggalepih,422,Aramaviont,61869,265,6,6440,6472,590.0,15.07,-924.12,120,59000,1507,-92412,59000 -92412 1507 3008 13 -87500 1534 24
159,Temple of Uggalepih,423,Ranperre,61870,265,31,6680,6732,-0.36,-33.98,418.43,120,-36,-3398,41843,-36 41843 -3398 1030 3072 115 30 116
159,Temple of Uggalepih,429,Tome of Magic,61876,265,1,13196,13376,0.03,0.19,74.54,90,3,19,7454,3 7454 19 10 -220141 -20020 -5 3987
159,Temple of Uggalepih,430,Tome of Magic,61877,265,1,13260,13376,0.03,0.19,74.54,90,3,19,7454,3 7454 19 10 -220141 -20020 -5 3987
159,Temple of Uggalepih,431,TalkyDolly,61878,265,1,13324,13376,0.03,0.19,74.54,90,3,19,7454,3 7454 19 10 -220141 -20020 -5 3987
159,Temple of Uggalepih,434,???,61881,265,1,13348,13376,0.03,0.19,74.54,90,3,19,7454,3 7454 19 10 -220141 -20020 -5 3987
159,Temple of Uggalepih,435,KODAI01,61882,265,10,14480,14592,12.42,-283.98,1073.76,110,1242,-28398,107376,1242 107376 -28398 865 121434 -31999 -6654 -248623
159,Temple of Uggalepih,436,KODAI02,61883,265,9,14344,14528,0.66,-286.79,396.76,105,66,-28679,39676,66 39676 -28679 3110 13 -67 50005 -28000
159,Temple of Uggalepih,437,KODAI03,61884,265,8,15128,15204,620.45,476.83,52.76,100,62045,47683,5276,62045 5276 47683 1462 38085 -28796 8548 -246903
159,Temple of Uggalepih,439,KODAI05,61886,265,8,15568,15620,-280.0,0.13,25.4,120,-28000,13,2540,-28000 2540 13 1320 105542 -28398 1225 122390
159,Temple of Uggalepih,440,KODAI06,61887,265,8,15796,15840,-10.36,-283.98,1050.15,95,-1036,-28398,105015,-1036 105015 -28398 3013 13 -761 114403 -30000
159,Temple of Uggalepih,441,KODAI07,61888,265,8,15956,16000,-137.11,-283.98,1070.22,95,-13711,-28398,107022,-13711 107022 -28398 1291 13 -1688 105432 -633
159,Temple of Uggalepih,442,KODAI08,61889,265,8,16136,16180,-156.42,-283.98,1065.22,95,-15642,-28398,106522,-15642 106522 -28398 593 13 -1688 105432 -633
159,Temple of Uggalepih,443,KODAI09,61890,265,9,16360,16412,712.75,40.36,-280.0,105,71275,4036,-28000,71275 -28000 4036 13 -20809 71168 -17370 80800
159,Temple of Uggalepih,444,KODAI10,61891,265,9,16652,16700,-78.14,-280.0,512.31,105,-7814,-28000,51231,-7814 51231 -28000 2603 13 -15812 59979 -19252
161,Castle Zvahl Baileys,327,???,4430,266,9,6984,7140,-200.0,26.36,-120.0,105,-20000,2636,-12000,-20000 -12000 2636 25 0 2642 160 60
161,Castle Zvahl Baileys,329,Stooge Moogle,4432,266,19,7072,7140,-200.0,26.36,-120.0,105,-20000,2636,-12000,-20000 -12000 2636 25 0 2642 160 60
161,Castle Zvahl Baileys,336,Stooge Moogle,4439,266,38,8920,8972,-1548.93,-239.99,169.08,95,-154893,-23999,16908,-154893 16908 -23999 889 20 128 90 45
162,Castle Zvahl Keep,356,Odin,8554,266,160,151144,151328,12.14,0.0,0.01,105,1214,0,1,1214 1 0 13 -1347 -8549 -7199 2896
163,Sacrificial Chamber,280,Grav'iton,12577,266,129,8000,8140,-12.01,-110.0,344.84,105,-1201,-11000,34484,-1201 34484 -11000 3241 576 299970 -317655 31969
163,Sacrificial Chamber,283,Eald'narche,12580,266,17,9068,9140,-10.76,-123.0,406.42,120,-1076,-12300,40642,-1076 40642 -12300 1011 515 130 141 2228224
163,Sacrificial Chamber,284,Kam'lanaut,12581,266,10,9312,9380,-0.31,-123.0,399.34,105,-31,-12300,39934,-31 39934 -12300 1025 94 2228224 -524241 -127107073
163,Sacrificial Chamber,285,Yve'noile,12582,266,14,9496,9568,360.09,29.29,-112.61,90,36009,2929,-11261,36009 -11261 2929 94 2228224 -524241 -127107073 8388607
163,Sacrificial Chamber,286,Maiden01,12583,266,6,9680,9752,356.51,24.89,-110.0,90,35651,2489,-11000,35651 -11000 2489 94 2228224 -524241 -127107073 8388607
163,Sacrificial Chamber,287,Maiden02,12584,266,6,9864,9936,345.11,27.82,-110.0,90,34511,2782,-11000,34511 -11000 2782 94 2228224 -524241 -127107073 8388607
163,Sacrificial Chamber,292,Knight02,12589,266,11,11048,11140,399.48,20.51,-123.0,90,39948,2051,-12300,39948 -12300 2051 113 2228224 -524241 -127107073 8388607
163,Sacrificial Chamber,294,Knight04,12591,266,6,11412,11480,-40.42,-123.0,400.61,90,-4042,-12300,40061,-4042 40061 -12300 10 94 2228224 -524241 -127107073
163,Sacrificial Chamber,295,Zilart01,12592,266,8,11596,11664,1914.37,183.17,-1020.38,110,191437,18317,-102038,191437 -102038 18317 2139 129570 -114880 15246 3127
163,Sacrificial Chamber,296,Zilart02,12593,266,14,11796,11872,-6.78,-110.0,303.28,120,-678,-11000,30328,-678 30328 -11000 3201 184457 -121036 17365 2315
163,Sacrificial Chamber,297,Zilart03,12594,266,14,12040,12116,-13.53,-110.0,277.25,120,-1353,-11000,27725,-1353 27725 -11000 3021 192329 -103278 17732 2201
163,Sacrificial Chamber,298,Zilart04,12595,266,10,12284,12360,17.05,-123.0,417.01,120,1705,-12300,41701,1705 41701 -12300 1080 190343 -110950 16860 2343
163,Sacrificial Chamber,299,Zilart05,12596,266,14,12528,12604,-5.77,-110.0,261.39,120,-577,-11000,26139,-577 26139 -11000 3122 190107 -121348 16231 2469
163,Sacrificial Chamber,300,Zilart06,12597,266,10,12772,12848,16.76,-110.0,247.04,120,1676,-11000,24704,1676 24704 -11000 3021 195376 -105901 17749 2206
163,Sacrificial Chamber,301,Zilart07,12598,266,14,13016,13092,5.14,-110.0,233.73,120,514,-11000,23373,514 23373 -11000 3166 193706 -110147 16922 2268
163,Sacrificial Chamber,302,Zilart08,12599,266,14,13260,13336,-21.52,-110.0,230.92,120,-2152,-11000,23092,-2152 23092 -11000 3274 187626 -103192 18051 2107
163,Sacrificial Chamber,303,Zilart09,12600,266,14,13504,13580,-21.52,-110.0,230.92,120,-2152,-11000,23092,-2152 23092 -11000 3274 195334 -118593 16000 2229
163,Sacrificial Chamber,304,Zilart10,12601,266,10,13748,13824,-18.09,-123.0,418.91,120,-1809,-12300,41891,-1809 41891 -12300 1057 189300 -106076 17264 2478
163,Sacrificial Chamber,305,Zilart11,12602,266,8,13992,14060,1931.17,170.55,-1073.45,110,193117,17055,-107345,193117 -107345 17055 2286 124397 -115722 16000 2875
163,Sacrificial Chamber,306,Zilart12,12603,266,14,14192,14268,18.96,-110.0,217.93,120,1896,-11000,21793,1896 21793 -11000 2732 161248 -98327 19973 2223
163,Sacrificial Chamber,307,Zilart13,12604,266,14,14436,14512,19.87,-110.0,197.47,120,1987,-11000,19747,1987 19747 -11000 2858 173090 -118728 16751 2294
163,Sacrificial Chamber,308,Zilart14,12605,266,10,14680,14756,-14.74,-110.0,225.2,120,-1474,-11000,22520,-1474 22520 -11000 3148 196575 -108340 17390 2242
163,Sacrificial Chamber,309,Zilart15,12606,266,14,14924,15000,20.56,-110.0,267.69,120,2056,-11000,26769,2056 26769 -11000 2929 170284 -123176 16166 2464
163,Sacrificial Chamber,310,Zilart16,12607,266,12,15168,15236,1973.0,162.37,-1140.54,110,197300,16237,-114054,197300 -114054 16237 2631 150492 -90331 6829 3337
163,Sacrificial Chamber,311,Zilart17,12608,266,12,15368,15436,1941.14,162.7,-1156.33,110,194114,16270,-115633,194114 -115633 16270 2223 153990 -90095 6970 3017
163,Sacrificial Chamber,312,Zilart18,12609,266,8,15568,15636,1943.26,159.99,-1197.51,110,194326,15999,-119751,194326 -119751 15999 2555 146383 -76965 6941 2755
163,Sacrificial Chamber,313,Zilart19,12610,266,12,15768,15836,1869.49,174.03,-1078.24,110,186949,17403,-107824,186949 -107824 17403 2159 131337 -102863 13761 3335
163,Sacrificial Chamber,314,Zilart20,12611,266,12,15968,16036,1885.7,171.05,-1130.5,110,188570,17105,-113050,188570 -113050 17105 2282 133902 -111724 14464 2708
163,Sacrificial Chamber,315,Zilart21,12612,266,8,16168,16244,10.95,-109.99,295.28,120,1095,-10999,29528,1095 29528 -10999 2975 193463 -112575 16499 2250
163,Sacrificial Chamber,316,Zilart22,12613,266,8,16412,16480,1870.28,173.26,-1151.12,110,187028,17326,-115112,187028 -115112 17326 2217 125260 -97712 16119 2821
163,Sacrificial Chamber,317,Zilart23,12614,266,12,16612,16680,1904.91,167.7,-1145.79,110,190491,16770,-114579,190491 -114579 16770 2185 123309 -98490 16333 2974
163,Sacrificial Chamber,318,Zilart24,12615,266,8,16812,16880,1887.01,164.06,-1199.19,110,188701,16406,-119919,188701 -119919 16406 2556 116729 -107608 16516 165
163,Sacrificial Chamber,319,Zilart25,12616,266,8,17012,17088,-6.72,-110.0,201.71,120,-672,-11000,20171,-672 20171 -11000 3102 171832 -110196 18237 2241
163,Sacrificial Chamber,326,Kuluu02,12623,266,6,18300,18368,-9.96,-110.0,330.04,105,-996,-11000,33004,-996 33004 -11000 3152 94 2228224 -524241 -127107073
163,Sacrificial Chamber,329,Kuluu05,12626,266,6,18764,18832,-18.08,-109.99,322.41,105,-1808,-10999,32241,-1808 32241 -10999 3249 94 2228224 -524241 -127107073
163,Sacrificial Chamber,330,Kuluu06,12627,266,6,18948,19016,-22.26,-110.0,337.61,105,-2226,-11000,33761,-2226 33761 -11000 3392 94 2228224 -524241 -127107073
163,Sacrificial Chamber,350,1,12648,266,49,47944,48084,-491.43,81.99,885.73,120,-49143,8199,88573,-49143 88573 8199 608 -43658 106955 29 2760
163,Sacrificial Chamber,351,2,12649,266,45,48380,48496,-569.0,81.99,846.0,105,-56900,8199,84600,-56900 84600 8199 717 259 -1845485056 -2047 -134114177
163,Sacrificial Chamber,352,3,12650,266,54,48776,48940,-55.0,1.39,26.11,105,-5500,139,2611,-5500 2611 139 40 -60963 92901 8199 2192
163,Sacrificial Chamber,353,4,12651,266,47,49364,49472,-37.49,0.3,13.59,105,-3749,30,1359,-3749 1359 30 1 -58264 104347 350 2
163,Sacrificial Chamber,354,5,12652,266,45,49892,49984,-37.49,0.08,30.43,105,-3749,8,3043,-3749 3043 8 19 -44339 89164 7999 1901
163,Sacrificial Chamber,355,6,12653,266,41,50268,50368,-37.49,0.31,32.53,105,-3749,31,3253,-3749 3253 31 2 -61421 94162 8199 1311
163,Sacrificial Chamber,356,7,12654,266,43,50708,50780,-570.23,81.99,975.19,120,-57023,8199,97519,-57023 97519 8199 585 -53072 103380 2654 171
163,Sacrificial Chamber,357,8,12655,266,40,50984,51108,-764.15,-11.99,800.11,105,-76415,-1199,80011,-76415 80011 -1199 3714 2760 30 1 3
163,Sacrificial Chamber,358,9,12656,266,44,51404,51520,-588.1,10.0,153.32,105,-58810,1000,15332,-58810 15332 1000 1508 8 -53072 103380 2654
163,Sacrificial Chamber,359,10,12657,266,41,51848,51948,-206.74,-24.99,-75.0,105,-20674,-2499,-7500,-20674 -7500 -2499 42 2760 7 130 19
163,Sacrificial Chamber,360,11,12658,266,114,52328,52460,-214.52,-25.0,-109.69,120,-21452,-2500,-10969,-21452 -10969 -2500 1518 2611 68 87 -49143
163,Sacrificial Chamber,361,12,12659,266,84,52928,53060,81.99,0.78,7.17,100,8199,78,717,8199 717 78 3592 124068 -16000 2577 1
163,Sacrificial Chamber,362,13,12660,266,65,53344,53472,81.99,0.78,21.92,100,8199,78,2192,8199 2192 78 2740 125312 -16250 944 1
163,Sacrificial Chamber,363,14,12661,266,70,53732,53872,1074.86,36.54,-95.29,110,107486,3654,-9529,107486 -9529 3654 2631 127000 -16749 1024 1
163,Sacrificial Chamber,364,15,12662,266,47,54188,54300,-797.09,-95.29,1073.36,110,-79709,-9529,107336,-79709 107336 -9529 2830 2626 78 -3463 125634
163,Sacrificial Chamber,365,16,12663,266,30,54544,54616,-586.97,1.31,1035.53,95,-58697,131,103553,-58697 103553 131 199 -79948 108115 -9529 1706
163,Sacrificial Chamber,366,17,12664,266,35,54816,54900,-50.0,19.16,-24.99,120,-5000,1916,-2499,-5000 -2499 1916 2256 -53072 103380 2654 100
163,Sacrificial Chamber,367,18,12665,266,27,55164,55284,-530.72,26.54,1033.8,110,-53072,2654,103380,-53072 103380 2654 806 -60149 14154 1000 3556
163,Sacrificial Chamber,368,19,12666,266,21,55484,55548,-183.51,-24.99,-100.0,105,-18351,-2499,-10000,-18351 -10000 -2499 2024 182 332 1595 68087
164,Garlaige Citadel [S],185,Federation Dispe,16569,266,7,68248,68432,-1061.57,-0.78,1803.46,95,-106157,-78,180346,-106157 180346 -78 2039 70 80 50 -110087
164,Garlaige Citadel [S],186,Federation Dispe,16570,266,7,68276,68432,-1061.57,-0.78,1803.46,95,-106157,-78,180346,-106157 180346 -78 2039 70 80 50 -110087
164,Garlaige Citadel [S],187,Federation Dispe,16571,266,7,68304,68432,-1061.57,-0.78,1803.46,95,-106157,-78,180346,-106157 180346 -78 2039 70 80 50 -110087
164,Garlaige Citadel [S],442,"Lidaise, T.K.",16843,266,15,1220,1336,640.24,5.32,-320.98,120,64024,532,-32098,64024 -32098 532 566 63861 -35340 374 2736
164,Garlaige Citadel [S],443,"Ruediger, I.M.",16844,266,15,9016,9136,640.24,5.32,-320.98,120,64024,532,-32098,64024 -32098 532 566 63861 -35340 374 2736
164,Garlaige Citadel [S],444,"Tomoa-Nomoa, C.C",16845,266,15,16812,16932,640.24,5.32,-320.98,120,64024,532,-32098,64024 -32098 532 566 63861 -35340 374 2736
164,Garlaige Citadel [S],520,Andalliot,16921,266,67,113455,113579,143.36,110.08,691.2,105,14336,11008,69120,14336 69120 11008 512 -1452544 -72874497 74239 333312
164,Garlaige Citadel [S],521,Diordinne,16922,266,375,121780,121944,-756.79,-0.78,1809.62,95,-75679,-78,180962,-75679 180962 -78 2010 200 0 19 -110397
164,Garlaige Citadel [S],522,Mitillie,16923,266,61,113851,113983,143.36,110.08,691.2,105,14336,11008,69120,14336 69120 11008 512 -4724992 -71289857 118527 333312
164,Garlaige Citadel [S],523,Loutille,16924,266,62,114263,114387,143.36,110.08,691.2,105,14336,11008,69120,14336 69120 11008 512 -5320704 -70147329 19711 333312
164,Garlaige Citadel [S],524,Duchille,16925,266,58,114659,114783,143.36,110.08,691.2,105,14336,11008,69120,14336 69120 11008 512 -3569408 -71377665 227327 333312
164,Garlaige Citadel [S],525,Hanovaux,16926,266,61,115055,115175,143.36,110.08,691.2,105,14336,11008,69120,14336 69120 11008 512 -4290048 -70334721 -20737 333567
164,Garlaige Citadel [S],526,Phystiont,16927,266,61,115447,115579,143.36,110.08,691.2,105,14336,11008,69120,14336 69120 11008 512 -2490624 -71760641 106239 333312
164,Garlaige Citadel [S],527,Routandeault,16928,266,38,115867,115991,143.36,110.08,691.2,105,14336,11008,69120,14336 69120 11008 512 -1808640 -71995393 333567 58112
164,Garlaige Citadel [S],528,Laurimaux,16929,266,34,116231,116351,143.36,110.08,691.2,105,14336,11008,69120,14336 69120 11008 512 -5928704 -69436929 40447 333312
164,Garlaige Citadel [S],529,Phyatte,16930,266,33,116615,116743,143.36,110.08,691.2,105,14336,11008,69120,14336 69120 11008 512 -6052864 -68118017 -44801 333567
164,Garlaige Citadel [S],530,Nelinnie,16931,266,30,117007,117135,143.36,110.08,691.2,105,14336,11008,69120,14336 69120 11008 512 -6011904 -67372801 333567 63232
164,Garlaige Citadel [S],543,Allied Commissar,16945,266,208,34600,34740,0.82,-336.46,667.52,105,82,-33646,66752,82 66752 -33646 573 83 -192613 -281066 -40000
164,Garlaige Citadel [S],553,Rahal,16956,266,537,121576,121744,-756.79,-0.78,1809.62,95,-75679,-78,180962,-75679 180962 -78 2010 4 210 29 134
164,Garlaige Citadel [S],554,Cyranuce,16957,266,350,121608,121744,-756.79,-0.78,1809.62,95,-75679,-78,180962,-75679 180962 -78 2010 4 210 29 134
164,Garlaige Citadel [S],555,Machegue,16958,266,304,121636,121744,-756.79,-0.78,1809.62,95,-75679,-78,180962,-75679 180962 -78 2010 4 210 29 134
164,Garlaige Citadel [S],556,Vailanice,16959,266,613,121856,121944,-756.79,-0.78,1809.62,95,-75679,-78,180962,-75679 180962 -78 2010 200 0 19 -110397
164,Garlaige Citadel [S],557,Thianond,16960,266,141,121612,121744,-756.79,-0.78,1809.62,95,-75679,-78,180962,-75679 180962 -78 2010 4 210 29 134
164,Garlaige Citadel [S],579,???,16982,266,52,121052,121176,10.5,0.7,0.2,100,1050,70,20,1050 20 70 1175 -75679 180962 -78 2010
164,Garlaige Citadel [S],580,???,16983,266,32,121104,121176,10.5,0.7,0.2,100,1050,70,20,1050 20 70 1175 -75679 180962 -78 2010
164,Garlaige Citadel [S],581,???,16984,266,7,121708,121744,-756.79,-0.78,1809.62,95,-75679,-78,180962,-75679 180962 -78 2010 4 210 29 134
164,Garlaige Citadel [S],582,???,16985,266,3,121912,121944,-756.79,-0.78,1809.62,95,-75679,-78,180962,-75679 180962 -78 2010 200 0 19 -110397
165,Throne Room,245,Shadow Lord,20734,266,87,25072,25208,20.27,0.01,1.28,105,2027,1,128,2027 128 1 2065 -782035 -480030 -407199 -1102046
165,Throne Room,246,Zeid,20735,266,145,25444,25620,-217.23,22.07,-120.0,90,-21723,2207,-12000,-21723 -12000 2207 13 386318 -21261 -463084 -240014
165,Throne Room,249,Lion,20738,266,26,26440,26524,-202.72,18.08,-120.0,90,-20272,1808,-12000,-20272 -12000 1808 13 386190 -19980 68 788537856
165,Throne Room,277,Moogle,20767,266,112,44916,45068,26.43,1.2,27.54,90,2643,120,2754,2643 2754 120 10 -458000 -241500 -167200 12
165,Throne Room,278,Toto Kupeliaure,20768,266,91,45464,45620,26.36,1.6,0.3,90,2636,160,30,2636 30 160 80 -481295 -243007 -172199 -482118
165,Throne Room,280,Riko Kupenreich,20770,266,57,46936,47056,26.42,2.65,7.0,90,2642,265,700,2642 700 265 288 -1241505280 -1837105152 -2047 -134114177
165,Throne Room,283,3,20773,266,1,47840,47872,23.64,3.52,26.5,90,2364,352,2650,2364 2650 352 41 -1241505280 -1837105152 -2047 -134114177
165,Throne Room,284,4,20774,266,1,47932,47964,23.64,3.52,26.5,90,2364,352,2650,2364 2650 352 41 -1241505280 -1837105152 -2047 -134114177
165,Throne Room,288,Magh Bihu,20778,266,135,52384,52528,-1091.89,-60.0,-7.63,95,-109189,-6000,-763,-109189 -763 -6000 13 -112966 -1580 -6101 -450892
165,Throne Room,289,Dazbog,20779,266,110,53088,53208,-60.0,5.86,-1075.74,95,-6000,586,-107574,-6000 -107574 586 13 -113118 1137 -6101 -452924
167,Bostaunieux Oubliette,304,Brugaire,28984,266,18,5584,5684,126.05,0.2,-240.37,90,12605,20,-24037,12605 -24037 20 21 233 -2147469568 -2147319807 838893571
167,Bostaunieux Oubliette,305,Jurgenclaus,28985,266,9,5940,5984,717.92,-239.81,125.51,100,71792,-23981,12551,71792 12551 -23981 3000 67 7375 7376 7377
167,Bostaunieux Oubliette,338,Trion,29021,266,60,64868,65008,998.91,-240.52,-469.78,105,99891,-24052,-46978,99891 -46978 -24052 40 99798 -29671 -23879 53
168,Chamber of Oracles,176,Shimmering Circl,32949,266,1,11952,12132,1986.72,-11.31,289.65,90,198672,-1131,28965,198672 28965 -1131 3239 199335 35396 -2250 198880
168,Chamber of Oracles,177,Shimmering Circl,32950,266,1,11980,12132,1986.72,-11.31,289.65,90,198672,-1131,28965,198672 28965 -1131 3239 199335 35396 -2250 198880
168,Chamber of Oracles,178,Shimmering Circl,32951,266,1,12008,12132,1986.72,-11.31,289.65,90,198672,-1131,28965,198672 28965 -1131 3239 199335 35396 -2250 198880
168,Chamber of Oracles,179,Zeid,32952,266,46,12036,12132,1986.72,-11.31,289.65,90,198672,-1131,28965,198672 28965 -1131 3239 199335 35396 -2250 198880
168,Chamber of Oracles,180,Eald'narche,32953,266,8,12416,12464,193.58,30.72,-47.49,90,19358,3072,-4749,19358 -4749 3072 71 788537856 -2048 -496513 -2147450881
168,Chamber of Oracles,181,Kam'lanaut,32954,266,4,12552,12600,190.8,34.0,-47.49,90,19080,3400,-4749,19080 -4749 3400 71 788537856 -2048 -496513 -2147450881
168,Chamber of Oracles,182,Knight01,32955,266,4,12688,12736,115.35,20.31,-47.34,90,11535,2031,-4734,11535 -4734 2031 71 788537856 -2048 -496513 -2147450881
168,Chamber of Oracles,183,Knight02,32956,266,4,12824,12872,116.69,40.87,-47.37,90,11669,4087,-4737,11669 -4737 4087 71 788537856 -2048 -496513 -2147450881
168,Chamber of Oracles,184,Cast01,32957,266,4,12960,13008,151.82,29.18,-47.5,90,15182,2918,-4750,15182 -4750 2918 71 788537856 -2048 -496513 -2147450881
168,Chamber of Oracles,185,Cast02,32958,266,4,13096,13144,139.87,31.78,-47.5,90,13987,3178,-4750,13987 -4750 3178 71 788537856 -2048 -496513 -2147450881
168,Chamber of Oracles,186,Cast03,32959,266,4,13232,13280,143.92,28.29,-47.5,90,14392,2829,-4750,14392 -4750 2829 71 788537856 -2048 -496513 -2147450881
168,Chamber of Oracles,187,Illusory Image,32960,266,23,13368,13460,466.77,10.17,-59.45,90,46677,1017,-5945,46677 -5945 1017 159 788537856 -2048 -496513 -2147450881
168,Chamber of Oracles,188,MaidenFire,32961,266,8,13636,13728,424.28,0.99,-53.63,90,42428,99,-5363,42428 -5363 99 159 788537856 -2048 -496513 -2147450881
168,Chamber of Oracles,189,MaidenEarth,32962,266,8,13904,13996,491.22,15.41,-53.63,90,49122,1541,-5363,49122 -5363 1541 159 788537856 -2048 -496513 -2147450881
168,Chamber of Oracles,190,MaidenIce,32963,266,8,14172,14264,423.97,19.25,-53.63,90,42397,1925,-5363,42397 -5363 1925 159 788537856 -2048 -496513 -2147450881
168,Chamber of Oracles,191,MaidenWind,32964,266,8,14440,14532,491.36,4.51,-53.63,90,49136,451,-5363,49136 -5363 451 159 788537856 -2048 -496513 -2147450881
168,Chamber of Oracles,192,MaidenWater,32965,266,8,14708,14800,459.79,17.28,-53.63,90,45979,1728,-5363,45979 -5363 1728 159 788537856 -2048 -496513 -2147450881
168,Chamber of Oracles,193,MaidenThunder,32966,266,8,14976,15068,459.58,2.08,-53.63,90,45958,208,-5363,45958 -5363 208 159 788537856 -2048 -496513 -2147450881
168,Chamber of Oracles,194,MaidenLight,32967,266,8,15244,15336,515.67,6.44,-53.63,90,51567,644,-5363,51567 -5363 644 159 788537856 -2048 -496513 -2147450881
168,Chamber of Oracles,195,MaidenDark,32968,266,8,15512,15604,515.66,14.24,-53.63,90,51566,1424,-5363,51566 -5363 1424 159 788537856 -2048 -496513 -2147450881
168,Chamber of Oracles,201,Pedestal of Ligh,32974,266,3,12344,12464,193.58,30.72,-47.49,90,19358,3072,-4749,19358 -4749 3072 71 788537856 -2048 -496513 -2147450881
168,Chamber of Oracles,202,Pedestal of Ligh,32975,266,3,16156,16344,-246.91,20.28,-15.21,105,-24691,2028,-1521,-24691 -1521 2028 736 788537856 -2048 2228351 -524241
168,Chamber of Oracles,203,Pedestal of Dark,32976,266,1,16240,16344,-246.91,20.28,-15.21,105,-24691,2028,-1521,-24691 -1521 2028 736 788537856 -2048 2228351 -524241
168,Chamber of Oracles,207,Cermet Door,32980,266,3,18716,18820,17.78,-110.0,-167.64,105,1778,-11000,-16764,1778 -16764 -11000 1410 79 2228224 -524241 -127107073
168,Chamber of Oracles,219,Grav'iton,32997,266,9,18756,18820,17.78,-110.0,-167.64,105,1778,-11000,-16764,1778 -16764 -11000 1410 79 2228224 -524241 -127107073
168,Chamber of Oracles,220,Eald'narche,32998,266,19,18920,19020,-218.16,-218.67,-3.22,120,-21816,-21867,-322,-21816 -322 -21867 1017 515 90 80 519
168,Chamber of Oracles,221,Kam'lanaut,32999,266,12,19220,19292,5.22,-110.0,-240.86,105,522,-11000,-24086,522 -24086 -11000 3113 7 492 -21548 513
168,Chamber of Oracles,222,Yve'noile,33000,266,7,19448,19516,-0.88,-110.0,-301.89,105,-88,-11000,-30189,-88 -30189 -11000 3072 11 -86 -25794 571
168,Chamber of Oracles,223,Maiden01,33001,266,7,19684,19752,5.01,-110.0,-312.86,120,501,-11000,-31286,501 -31286 -11000 3106 9 637 -27209 94
168,Chamber of Oracles,224,Maiden02,33002,266,8,19880,19948,-9.37,-110.0,-311.39,120,-937,-11000,-31139,-937 -31139 -11000 3110 10 -803 -26686 94
168,Chamber of Oracles,225,Kuluu01,33003,266,6,20076,20140,14.9,-110.0,-155.68,105,1490,-11000,-15568,1490 -15568 -11000 1155 79 2228224 -524241 -127107073
168,Chamber of Oracles,226,Kuluu02,33004,266,7,20240,20304,24.63,-110.0,-156.58,105,2463,-11000,-15658,2463 -15658 -11000 1618 79 2228224 -524241 -127107073
168,Chamber of Oracles,227,KODAI01,33005,266,11,20404,20516,12.42,-283.98,1073.76,110,1242,-28398,107376,1242 107376 -28398 865 121434 -31999 -6654 -248623
168,Chamber of Oracles,229,KODAI03,33007,266,10,21052,21128,620.45,476.83,52.76,100,62045,47683,5276,62045 5276 47683 1462 38085 -28796 8548 -246903
168,Chamber of Oracles,231,KODAI05,33009,266,11,21492,21544,-280.0,0.13,25.4,120,-28000,13,2540,-28000 2540 13 1320 105542 -28398 1225 122390
168,Chamber of Oracles,232,KODAI06,33010,266,10,21720,21764,-10.36,-283.98,1050.15,95,-1036,-28398,105015,-1036 105015 -28398 3013 13 -761 114403 -30000
168,Chamber of Oracles,233,KODAI07,33011,266,12,21880,21924,-137.11,-283.98,1070.22,95,-13711,-28398,107022,-13711 107022 -28398 1291 13 -1688 105432 -633
168,Chamber of Oracles,234,KODAI08,33012,266,10,22060,22104,-156.42,-283.98,1065.22,95,-15642,-28398,106522,-15642 106522 -28398 593 13 -1688 105432 -633
168,Chamber of Oracles,235,KODAI09,33013,266,10,22284,22336,712.75,40.36,-280.0,105,71275,4036,-28000,71275 -28000 4036 13 -20809 71168 -17370 80800
168,Chamber of Oracles,236,KODAI10,33014,266,10,22576,22624,-78.14,-280.0,512.31,105,-7814,-28000,51231,-7814 51231 -28000 2603 13 -15812 59979 -19252
168,Chamber of Oracles,243,Moogle,33021,266,130,32472,32620,-9.0,-24.99,-305.2,120,-900,-2499,-30520,-900 -30520 -2499 2643 2642 40 -1500 -3916
168,Chamber of Oracles,245,Nanaa Mihgo,33023,266,94,33372,33520,16.84,-150.06,21.72,105,1684,-15006,2172,1684 2172 -15006 574 -65006 256 283 -1241406464
168,Chamber of Oracles,246,Goblin Repossess,33024,266,140,33832,34012,21.72,-150.06,-22.5,105,2172,-15006,-2250,2172 -2250 -15006 574 -65006 90 2150 74
168,Chamber of Oracles,247,Goblin Intimidat,33025,266,47,34652,34812,21.72,-150.06,-22.5,105,2172,-15006,-2250,2172 -2250 -15006 574 -65006 74 338 -1845485056
168,Chamber of Oracles,248,Goblin Enforcer,33026,266,60,35180,35336,21.72,-150.06,-22.5,105,2172,-15006,-2250,2172 -2250 -15006 574 -65006 74 218 60
169,Toraimarai Canal,359,a gel,37230,266,1,3088,3268,-1366.32,159.99,1492.2,110,-136632,15999,149220,-136632 149220 15999 2768 -95133 -29608 895 19243
169,Toraimarai Canal,360,a gel,37231,266,1,3112,3280,27.68,-296.08,-951.33,120,2768,-29608,-95133,2768 -95133 -29608 895 19243 60282 16999 694
169,Toraimarai Canal,361,a gel,37232,266,1,3136,3280,27.68,-296.08,-951.33,120,2768,-29608,-95133,2768 -95133 -29608 895 19243 60282 16999 694
169,Toraimarai Canal,362,a gel,37233,266,1,3160,3280,27.68,-296.08,-951.33,120,2768,-29608,-95133,2768 -95133 -29608 895 19243 60282 16999 694
169,Toraimarai Canal,363,a gel,37234,266,1,3184,3280,27.68,-296.08,-951.33,120,2768,-29608,-95133,2768 -95133 -29608 895 19243 60282 16999 694
169,Toraimarai Canal,368,Talking Doll,37239,266,77,3208,3280,27.68,-296.08,-951.33,120,2768,-29608,-95133,2768 -95133 -29608 895 19243 60282 16999 694
170,Full Moon Fountain,141,Moon Spiral,41106,266,1,14944,15124,-583.14,97.38,555.78,105,-58314,9738,55578,-58314 55578 9738 13 -57500 21830 0 -61829
170,Full Moon Fountain,142,Foo Beibo,41111,266,10,14972,15152,-618.29,99.17,464.57,120,-61829,9917,46457,-61829 46457 9917 3057 -60829 50457 960 406
170,Full Moon Fountain,143,Vahn Paineesha,41112,266,10,15592,15772,-578.54,98.99,467.66,120,-57854,9899,46766,-57854 46766 9899 3057 -58854 50766 1088 406
170,Full Moon Fountain,144,Shaz Norem,41113,266,5,16212,16360,-583.14,97.38,555.78,105,-58314,9738,55578,-58314 55578 9738 13 -58500 21000 0 -49830
170,Full Moon Fountain,145,Rhy Epocan,41114,266,5,16800,16948,-613.07,96.88,562.54,105,-61307,9688,56254,-61307 56254 9688 13 -60500 21000 0 -49783
170,Full Moon Fountain,146,Ufu Koromoa,41115,266,5,17388,17536,-599.96,96.72,551.06,105,-59996,9672,55106,-59996 55106 9672 13 -59500 20000 0 -21002
170,Full Moon Fountain,149,Semih Lafihna,41118,266,63,20352,20532,-595.0,0.0,220.0,100,-59500,0,22000,-59500 22000 0 3064 13 23760 40 -60719
170,Full Moon Fountain,152,Apururu,41121,266,42,43555,43615,133.12,120.32,1.25,90,13312,12032,125,13312 125 12032 0 -2003 -1921 1752393855 755011177
170,Full Moon Fountain,158,DIRECTOR,41127,266,6,23152,23264,-756.03,109.39,674.05,120,-75603,10939,67405,-75603 67405 10939 632 -45522 67122 11175 3461
170,Full Moon Fountain,164,King of Wands,41133,266,36,44480,44604,-597.37,97.12,237.58,100,-59737,9712,23758,-59737 23758 9712 3072 13 8000 500 389
170,Full Moon Fountain,165,King of Swords,41134,266,36,45028,45152,-572.56,96.56,237.58,100,-57256,9656,23758,-57256 23758 9656 3072 13 8000 500 389
170,Full Moon Fountain,166,King of Cups,41135,266,37,45576,45700,-621.14,92.37,237.58,100,-62114,9237,23758,-62114 23758 9237 2928 13 8000 500 389
170,Full Moon Fountain,167,King of Batons,41136,266,37,46660,46804,-583.7,100.48,206.3,100,-58370,10048,20630,-58370 20630 10048 3072 13 8000 500 40
170,Full Moon Fountain,168,Queen of Wands,41137,266,34,46672,46804,-583.7,100.48,206.3,100,-58370,10048,20630,-58370 20630 10048 3072 13 8000 500 40
170,Full Moon Fountain,169,Queen of Swords,41138,266,34,47280,47408,-609.06,99.93,206.3,100,-60906,9993,20630,-60906 20630 9993 3072 13 8000 500 40
170,Full Moon Fountain,170,Queen of Cups,41139,266,30,47888,47960,-609.06,101.19,171.46,100,-60906,10119,17146,-60906 17146 10119 3072 13 8000 166 1684626944
170,Full Moon Fountain,171,Queen of Batons,41140,266,30,48156,48228,-583.7,101.95,171.46,100,-58370,10195,17146,-58370 17146 10195 3072 13 8000 166 1684626944
170,Full Moon Fountain,175,04,41144,266,34,49912,50040,-691.62,98.23,489.97,120,-69162,9823,48997,-69162 48997 9823 723 40 -62252 36326 9537
170,Full Moon Fountain,182,12,41151,266,27,53048,53144,-494.83,99.91,328.22,120,-49483,9991,32822,-49483 32822 9991 1998 40 -56975 31747 9823
170,Full Moon Fountain,189,23,41158,266,28,55688,55776,-568.0,93.66,284.66,90,-56800,9366,28466,-56800 28466 9366 3610 253 -2147460352 2147483640 2147483640
170,Full Moon Fountain,192,Ace of Wands,41161,266,22,56492,56596,-627.41,95.85,600.0,120,-62741,9585,60000,-62741 60000 9585 955 -61000 60139 9414 1024
170,Full Moon Fountain,193,Ace of Swords,41162,266,22,56868,56972,-576.78,95.04,600.0,120,-57678,9504,60000,-57678 60000 9504 1052 -59400 60139 9414 1024
170,Full Moon Fountain,194,Ace of Cups,41163,266,10,57244,57308,-391.58,101.83,490.0,120,-39158,10183,49000,-39158 49000 10183 1542 -54391 45572 9973 2774
170,Full Moon Fountain,206,???,41176,266,1,60312,60412,-607.5,97.92,439.8,120,-60750,9792,43980,-60750 43980 9792 3072 -59000 45540 9760 -57425
170,Full Moon Fountain,220,???,41190,266,12,68032,68108,94.18,5.34,10.0,90,9418,534,1000,9418 1000 534 99 -1845485056 -2047 -134114177 8388607
170,Full Moon Fountain,223,Shantotto,41193,266,60,69480,69600,-607.54,94.6,593.5,105,-60754,9460,59350,-60754 59350 9460 15 -60680 60750 9418 2760
170,Full Moon Fountain,224,Aldo,41194,266,89,70020,70184,-592.5,97.44,516.9,105,-59250,9744,51690,-59250 51690 9744 14 -59070 56647 9553 50
170,Full Moon Fountain,225,Yoran-Oran,41195,266,57,70776,70876,-607.5,97.92,509.8,90,-60750,9792,50980,-60750 50980 9792 49 10 -60611 51970 -60000
171,Crawlers' Nest [S],641,???,45698,266,1,35280,35456,-281.76,19.84,-328.41,90,-28176,1984,-32841,-28176 -32841 1984 60 315 182 7594 15
171,Crawlers' Nest [S],642,???,45699,266,1,35304,35456,-281.76,19.84,-328.41,90,-28176,1984,-32841,-28176 -32841 1984 60 315 182 7594 15
171,Crawlers' Nest [S],643,???,45700,266,1,35328,35456,-281.76,19.84,-328.41,90,-28176,1984,-32841,-28176 -32841 1984 60 315 182 7594 15
171,Crawlers' Nest [S],644,???,45701,266,1,35352,35456,-281.76,19.84,-328.41,90,-28176,1984,-32841,-28176 -32841 1984 60 315 182 7594 15
171,Crawlers' Nest [S],645,???,45702,266,1,35376,35456,-281.76,19.84,-328.41,90,-28176,1984,-32841,-28176 -32841 1984 60 315 182 7594 15
171,Crawlers' Nest [S],669,"Chefroucauld, T.",45742,266,16,6136,6264,640.24,5.32,-320.98,120,64024,532,-32098,64024 -32098 532 566 63861 -35340 374 2736
171,Crawlers' Nest [S],670,"Astrid, I.M.",45743,266,16,13880,14012,640.24,5.32,-320.98,120,64024,532,-32098,64024 -32098 532 566 63861 -35340 374 2736
171,Crawlers' Nest [S],671,"Puttsu-Montsu, C",45744,266,16,21624,21756,640.24,5.32,-320.98,120,64024,532,-32098,64024 -32098 532 566 63861 -35340 374 2736
171,Crawlers' Nest [S],690,Kalsu-Kalasu,45763,266,49,5256,5340,-191.68,0.45,-335.19,90,-19168,45,-33519,-19168 -33519 45 106 -266469376 58720255 -2147479550 179487531
171,Crawlers' Nest [S],691,Tucker,45764,266,155,6088,6264,640.24,5.32,-320.98,120,64024,532,-32098,64024 -32098 532 566 63861 -35340 374 2736
171,Crawlers' Nest [S],692,Naiko-Paneiko,45765,266,84,35400,35456,-281.76,19.84,-328.41,90,-28176,1984,-32841,-28176 -32841 1984 60 315 182 7594 15
171,Crawlers' Nest [S],693,Penqaqa,45766,266,1,37260,37284,76.19,76.2,0.34,90,7619,7620,34,7619 34 7620 43 -505344 -1015809 1867775 -513152
171,Crawlers' Nest [S],694,Minea-Matea,45767,266,1,37344,37368,0.21,76.22,76.21,90,21,7622,7621,21 7621 7622 43 -505344 -1015809 1867775 -496000
171,Crawlers' Nest [S],695,Yuilam-Kailam,45768,266,1,37428,37448,0.3,76.25,76.24,90,30,7625,7624,30 7624 7625 31 -505344 -1015809 1867775 -513152
171,Crawlers' Nest [S],696,Herral-Droal,45769,266,1,37496,37592,0.19,76.27,76.26,90,19,7627,7626,19 7626 7627 43 -505344 -1015809 1867775 -496000
171,Crawlers' Nest [S],697,Nalba-Dalaba,45770,266,1,37568,37592,0.19,76.27,76.26,90,19,7627,7626,19 7626 7627 43 -505344 -1015809 1867775 -496000
171,Crawlers' Nest [S],709,Allied Commissar,45783,266,208,38148,38288,0.82,-336.46,667.52,105,82,-33646,66752,82 66752 -33646 573 83 -192613 -281066 -40000
172,Zeruhn Mines,86,Alaric,49244,266,1,3252,3332,-565.42,0.34,592.25,105,-56542,34,59225,-56542 59225 34 2534 35 -1040896 1933311 2171776
172,Zeruhn Mines,87,Rasmus,49245,266,8,3288,3332,-565.42,0.34,592.25,105,-56542,34,59225,-56542 59225 34 2534 35 -1040896 1933311 2171776
172,Zeruhn Mines,94,Makarim,49252,266,73,4008,4088,-680.29,0.0,606.53,120,-68029,0,60653,-68029 60653 0 2321 -74530 59801 34 523
172,Zeruhn Mines,95,Ormr,49253,266,1,4552,4632,-1005.82,14.99,589.94,95,-100582,1499,58994,-100582 58994 1499 564 13 -75573 60612 34
172,Zeruhn Mines,96,Subodh,49254,266,1,4512,4632,-1005.82,14.99,589.94,95,-100582,1499,58994,-100582 58994 1499 564 13 -75573 60612 34
172,Zeruhn Mines,97,Zeid,49255,266,34,4604,4632,-1005.82,14.99,589.94,95,-100582,1499,58994,-100582 58994 1499 564 13 -75573 60612 34
172,Zeruhn Mines,99,Korroloka Tunnel,49257,266,5,3916,4088,-680.29,0.0,606.53,120,-68029,0,60653,-68029 60653 0 2321 -74530 59801 34 523
172,Zeruhn Mines,116,Iron Eater,49275,266,84,5180,5316,-680.29,0.0,606.53,120,-68029,0,60653,-68029 60653 0 2321 -74530 59801 34 3607
172,Zeruhn Mines,124,Cornelia,49283,266,172,68548,68660,0.13,35.29,-283.98,105,13,3529,-28398,13 -28398 3529 0 -29401 12 -22398 40
172,Zeruhn Mines,125,Raebrimm,49284,266,111,69112,69180,1432.36,79.9,-1999.83,110,143236,7990,-199983,143236 -199983 7990 3259 142054 -196540 8254 13
172,Zeruhn Mines,126,Gloom Phantom,49285,266,144,71348,71496,0.4,404.23,-598.96,105,40,40423,-59896,40 -59896 40423 50 30 -57525 21687 67
172,Zeruhn Mines,127,Magh Bihu,49286,266,30,71360,71496,0.4,404.23,-598.96,105,40,40423,-59896,40 -59896 40423 50 30 -57525 21687 67
172,Zeruhn Mines,128,Dazbog,49287,266,33,71940,72032,0.4,216.87,-575.25,105,40,21687,-57525,40 -57525 21687 67 -40948 21164 0 128
172,Zeruhn Mines,129,Gloom Phantom,49288,266,10,72368,72496,0.4,179.53,-572.29,105,40,17953,-57229,40 -57229 17953 0 -32116 17682 92 -134114816
173,Korroloka Tunnel,447,Naji,53703,266,13,103920,103980,783.6,0.0,-25.0,105,78360,0,-2500,78360 -2500 0 200 48080 -500 34 3604480
174,Kuftal Tunnel,375,Hawk Nose,57728,266,18,3200,3228,-210.35,-187.27,-1957.66,95,-21035,-18727,-195766,-21035 -195766 -18727 2859 40 -24406 -186952 -20387
175,The Eldieme Necropolis [S],629,"Renvriche, T.K.",62086,266,16,40708,40868,640.24,5.32,-320.98,120,64024,532,-32098,64024 -32098 532 566 63861 -35340 374 2736
175,The Eldieme Necropolis [S],630,"Johann, I.M.",62087,266,16,48560,48724,640.24,5.32,-320.98,120,64024,532,-32098,64024 -32098 532 566 63861 -35340 374 2736
175,The Eldieme Necropolis [S],631,"Rululu, C.C.",62088,266,16,56412,56576,640.24,5.32,-320.98,120,64024,532,-32098,64024 -32098 532 566 63861 -35340 374 2736
175,The Eldieme Necropolis [S],691,Gravestone,62148,266,1,9440,9588,-394.36,11.29,-227.0,90,-39436,1129,-22700,-39436 -22700 1129 29 0 0 0 268573696
175,The Eldieme Necropolis [S],692,Sarcophagus,62149,266,1,9476,9588,-394.36,11.29,-227.0,90,-39436,1129,-22700,-39436 -22700 1129 29 0 0 0 268573696
175,The Eldieme Necropolis [S],695,???,62152,266,45,9512,9588,-394.36,11.29,-227.0,90,-39436,1129,-22700,-39436 -22700 1129 29 0 0 0 268573696
175,The Eldieme Necropolis [S],740,Allied Commissar,62198,266,208,72192,72332,0.82,-336.46,667.52,105,82,-33646,66752,82 66752 -33646 573 83 -192613 -281066 -40000
176,Sea Serpent Grotto,517,Kilhwch,525,267,12,10980,11016,-194.99,-19.09,636.4,105,-19499,-1909,63640,-19499 63640 -1909 1254 0 1 128 38
176,Sea Serpent Grotto,520,Xonia,528,267,12,11472,11508,-0.2,79.0,-402.92,105,-20,7900,-40292,-20 -40292 7900 3089 0 1 128 38
176,Sea Serpent Grotto,524,Noillurie,532,267,13,12128,12168,-313.37,31.37,-407.16,90,-31337,3137,-40716,-31337 -40716 3137 0 1 128 38 92
176,Sea Serpent Grotto,527,Elrica,535,267,12,12620,12656,-195.57,-99.98,324.41,105,-19557,-9998,32441,-19557 32441 -9998 1306 0 1 128 38
176,Sea Serpent Grotto,528,Terounalivet,536,267,12,12784,12820,-142.72,-33.08,569.26,105,-14272,-3308,56926,-14272 56926 -3308 1018 0 1 128 38
178,The Shrine of Ru'Avitau,482,Lion,8701,267,49,3644,3724,-223.68,20.36,-1791.71,95,-22368,2036,-179171,-22368 -179171 2036 10 -24134 -178880 -35285 -168938
178,The Shrine of Ru'Avitau,487,Yve'noile,8706,267,142,10852,10956,-401.4,-3.98,-1535.05,110,-40140,-398,-153505,-40140 -153505 -398 3084 -39981 -149983 -750 1021
179,Stellar Fulcrum,281,Kam'lanaut,12578,267,112,15680,15828,0.0,-50.03,584.5,100,0,-5003,58450,0 58450 -5003 3072 513 514 588 58917
179,Stellar Fulcrum,282,Kam'lanaut,12579,267,22,19064,19116,-0.3,62.89,593.87,100,-30,6289,59387,-30 59387 6289 1024 551 78 0 41886
179,Stellar Fulcrum,283,Lion,12580,267,60,19456,19640,0.79,419.54,-20.52,120,79,41954,-2052,79 -2052 41954 2499 74 -11711 46206 2898
179,Stellar Fulcrum,284,Zeid,12581,267,43,20276,20356,102.58,-35.25,530.71,100,10258,-3525,53071,10258 53071 -3525 2390 521 79 0 60
179,Stellar Fulcrum,285,Aldo,12582,267,57,20952,21120,-58.5,16.02,726.0,105,-5850,1602,72600,-5850 72600 1602 628 -523884 922779647 -2147385344 -2147254270
179,Stellar Fulcrum,286,Eald'narche,12583,267,96,16984,17136,6.7,-45.0,535.46,100,670,-4500,53546,670 53546 -4500 1024 517 100 161 270
179,Stellar Fulcrum,287,Verena,12584,267,22,18168,18320,-50.03,0.76,2.4,120,-5003,76,240,-5003 240 76 547 -5426 62108 -4499 326
179,Stellar Fulcrum,288,ShadowLord,12585,267,24,18800,18880,-51.09,-50.03,584.98,105,-5109,-5003,58498,-5109 58498 -5003 3072 64 1 500 150
179,Stellar Fulcrum,289,CrystalKnight,12586,267,29,22060,22104,-41.15,-45.0,566.49,105,-4115,-4500,56649,-4115 56649 -4500 1703 0 43 -5192 56011
179,Stellar Fulcrum,292,CrystalKnight,12589,267,20,22808,22852,-10.4,-50.03,594.39,105,-1040,-5003,59439,-1040 59439 -5003 2048 0 43 128 120
179,Stellar Fulcrum,308,???,12610,267,25,24056,24088,-335.35,0.1,0.0,90,-33535,10,0,-33535 0 10 0 35389440 -65520 17510723 7
180,La'Loff Amphitheater,296,Shimmering Circl,16685,267,1,9604,9784,-139.58,-187.16,138.57,120,-13958,-18716,13857,-13958 13857 -18716 680 -14366 14422 -18715 102
180,La'Loff Amphitheater,297,Shimmering Circl,16686,267,1,9632,9784,-139.58,-187.16,138.57,120,-13958,-18716,13857,-13958 13857 -18716 680 -14366 14422 -18715 102
180,La'Loff Amphitheater,298,Shimmering Circl,16687,267,1,9660,9784,-139.58,-187.16,138.57,120,-13958,-18716,13857,-13958 13857 -18716 680 -14366 14422 -18715 102
180,La'Loff Amphitheater,313,Ark Angel HM,16707,267,30,9712,9784,-139.58,-187.16,138.57,120,-13958,-18716,13857,-13958 13857 -18716 680 -14366 14422 -18715 102
180,La'Loff Amphitheater,314,Ark Angel EV,16708,267,28,9920,9992,-139.58,-187.16,138.57,120,-13958,-18716,13857,-13958 13857 -18716 680 -16197 15148 -18715 102
180,La'Loff Amphitheater,315,Ark Angel TT,16709,267,30,10128,10200,-139.58,-187.16,138.57,120,-13958,-18716,13857,-13958 13857 -18716 680 -11931 15175 -18715 102
180,La'Loff Amphitheater,316,Ark Angel MR,16710,267,27,10336,10408,-139.58,-187.16,138.57,120,-13958,-18716,13857,-13958 13857 -18716 680 -16188 12769 -18715 102
180,La'Loff Amphitheater,317,Ark Angel GK,16711,267,25,10544,10616,-139.58,-187.16,138.57,120,-13958,-18716,13857,-13958 13857 -18716 680 -14038 16410 -18715 102
181,The Celestial Nexus,131,Celestial Gate,20616,267,3,17336,17520,-335.35,0.0,0.07,105,-33535,0,7,-33535 7 0 1 128 -48753 -25065 -19099
181,The Celestial Nexus,132,Celestial Gate,20617,267,3,17380,17520,-335.35,0.0,0.07,105,-33535,0,7,-33535 7 0 1 128 -48753 -25065 -19099
181,The Celestial Nexus,133,Celestial Gate,20618,267,1,17424,17520,-335.35,0.0,0.07,105,-33535,0,7,-33535 7 0 1 128 -48753 -25065 -19099
181,The Celestial Nexus,134,Celestial Gate,20619,267,1,17448,17520,-335.35,0.0,0.07,105,-33535,0,7,-33535 7 0 1 128 -48753 -25065 -19099
181,The Celestial Nexus,135,Eald'narche,20624,267,50,17472,17520,-335.35,0.0,0.07,105,-33535,0,7,-33535 7 0 1 128 -48753 -25065 -19099
181,The Celestial Nexus,136,Zeid,20625,267,56,17644,17732,-236.3,1.49,-190.99,105,-23630,149,-19099,-23630 -19099 149 974 -359529 -40000 1042 10
181,The Celestial Nexus,137,Aldo,20626,267,69,17916,18000,-564.44,-190.99,-272.85,90,-56444,-19099,-27285,-56444 -27285 -19099 3834 -727 -360071 -40000 1014
181,The Celestial Nexus,138,Lion,20627,267,50,18188,18276,-602.35,-190.99,-260.38,90,-60235,-19099,-26038,-60235 -26038 -19099 3746 -53265 -25923 -56153 -25091
181,The Celestial Nexus,139,Yve'noile,20628,267,44,18452,18528,-192.39,-350.99,-263.19,90,-19239,-35099,-26319,-19239 -26319 -35099 3725 45 65 75 80
181,The Celestial Nexus,141,Eald'narche,20630,267,15,18872,18916,-335.32,0.0,0.07,105,-33532,0,7,-33532 7 0 1 128 -48753 -25065 -19099
181,The Celestial Nexus,142,Eald'narche,20631,267,25,19036,19104,-487.53,-190.99,-250.65,120,-48753,-19099,-25065,-48753 -25065 -19099 2047 180 593 98 2228224
181,The Celestial Nexus,143,Eald'narche,20632,267,64,19232,19320,-487.53,-190.99,-250.65,120,-48753,-19099,-25065,-48753 -25065 -19099 2047 -16837 -25078 -34332 45
181,The Celestial Nexus,146,Grav'iton,20635,267,14,19872,19948,-179.99,2.4,30.73,90,-17999,240,3073,-17999 3073 240 89 2228224 -524241 -127107073 8388607
182,Walk of Echoes,594,Ragelise,25179,267,110,65300,65408,-1380.45,2.0,-127.69,95,-138045,200,-12769,-138045 -12769 200 3028 3 31 242 404
182,Walk of Echoes,649,???,25238,267,1,122612,122776,82.72,0.19,2.55,90,8272,19,255,8272 255 19 1 -699696 -319142 -17999 3070
184,Lower Delkfutt's Tower,281,Aldo,33055,267,21,42616,42696,-723.27,31.27,0.0,105,-72327,3127,0,-72327 0 3127 13 -70560 30 2048 60
184,Lower Delkfutt's Tower,282,Lion,33056,267,29,43280,43352,-758.52,30.62,0.0,90,-75852,3062,0,-75852 0 3062 13 460039 -69349 459036 -70265
184,Lower Delkfutt's Tower,283,Zeid,33057,267,20,43056,43104,-759.16,31.18,0.0,90,-75916,3118,0,-75916 0 3118 13 459972 -72493 -1497 244
184,Lower Delkfutt's Tower,284,Wolfgang,33058,267,75,45976,46108,-370.51,0.6,29.35,120,-37051,60,2935,-37051 2935 60 1965 -112037 -35500 11 1593
184,Lower Delkfutt's Tower,285,Wolfgang,33059,267,8,44516,44696,0.02,4.1,-20.0,90,2,410,-2000,2 -2000 410 142 -523884 26378239 2147483640 -130351104
184,Lower Delkfutt's Tower,286,Wolfgang,33060,267,4,44676,44696,0.02,4.1,-20.0,90,2,410,-2000,2 -2000 410 142 -523884 26378239 2147483640 -130351104
184,Lower Delkfutt's Tower,287,Pherimociel,33061,267,32,44856,44916,1652.01,-198.06,-186.46,110,165201,-19806,-18646,165201 -18646 -19806 1831 40 151978 -17581 -20192
184,Lower Delkfutt's Tower,288,Neraf-Najiruf,33062,267,20,45984,46108,-370.51,0.6,29.35,120,-37051,60,2935,-37051 2935 60 1965 -112037 -35500 11 1593
184,Lower Delkfutt's Tower,289,Auchefort,33063,267,25,45552,45608,1652.01,-199.05,-227.07,110,165201,-19905,-22707,165201 -22707 -19905 1956 40 151048 -21281 -19991
184,Lower Delkfutt's Tower,290,Chapi Galepilai,33064,267,4,46264,46428,1880.34,-214.01,-213.48,110,188034,-21401,-21348,188034 -21348 -21401 2054 40 176826 -21864 -20054
184,Lower Delkfutt's Tower,291,Crooked Arrow,33065,267,26,45232,45288,-196.89,20.59,-197.25,105,-19689,2059,-19725,-19689 -19725 2059 10 40 153200 -19142 -19777
184,Lower Delkfutt's Tower,297,???,33072,267,11,46852,46888,0.07,-338.01,-629.46,105,7,-33801,-62946,7 -62946 -33801 3079 120 40 -2103 -62729
184,Lower Delkfutt's Tower,298,???,33073,267,7,47024,47064,30.18,0.33,2.33,120,3018,33,233,3018 233 33 1465 -84958 -33899 1420 -79275
184,Lower Delkfutt's Tower,299,???,33074,267,6,47196,47224,-56.22,-340.59,-878.8,105,-5622,-34059,-87880,-5622 -87880 -34059 2630 233 28 -3154 -84904
184,Lower Delkfutt's Tower,300,???,33075,267,6,47348,47376,-72.3,-340.59,-892.72,105,-7230,-34059,-89272,-7230 -89272 -34059 2567 233 60 23 -3014
184,Lower Delkfutt's Tower,301,???,33076,267,6,47500,47556,31.19,-339.7,-849.77,120,3119,-33970,-84977,3119 -84977 -33970 3120 -79632 -33700 67 -523884
184,Lower Delkfutt's Tower,302,???,33077,267,6,47652,47680,73.07,-340.59,-892.49,105,7307,-34059,-89249,7307 -89249 -34059 3565 233 90 28 4630
184,Lower Delkfutt's Tower,322,???,33098,267,3,58308,58480,17.0,-338.99,-915.34,120,1700,-33899,-91534,1700 -91534 -33899 3330 1804 -85313 3096 880
184,Lower Delkfutt's Tower,323,Tenzen,33099,267,137,58368,58480,17.0,-338.99,-915.34,120,1700,-33899,-91534,1700 -91534 -33899 3330 1804 -85313 3096 880
184,Lower Delkfutt's Tower,324,Nag'molada,33100,267,170,58352,58480,17.0,-338.99,-915.34,120,1700,-33899,-91534,1700 -91534 -33899 3330 1804 -85313 3096 880
184,Lower Delkfutt's Tower,327,???,33103,267,12,59580,59724,-399.8,33.48,1.56,90,-39980,3348,156,-39980 156 3348 13 552606 -34052 182 552856
184,Lower Delkfutt's Tower,328,Luto Mewrilah,33104,267,223,59616,59724,-399.8,33.48,1.56,90,-39980,3348,156,-39980 156 3348 13 552606 -34052 182 552856
184,Lower Delkfutt's Tower,330,???,33106,267,60,80232,80336,683.92,487.52,-493.12,120,68392,48752,-49312,68392 -49312 48752 878 -47639 45381 2167 -52789
184,Lower Delkfutt's Tower,331,Domimi,33107,267,16,100064,100232,-331.92,23.55,2.24,90,-33192,2355,224,-33192 224 2355 40 554206 -30413 47 581143
184,Lower Delkfutt's Tower,332,Miledo-Shiraddo,33108,267,123,100136,100232,-331.92,23.55,2.24,90,-33192,2355,224,-33192 224 2355 40 554206 -30413 47 581143
184,Lower Delkfutt's Tower,333,???,33109,267,16,100456,100520,-335.5,37.47,-0.18,90,-33550,3747,-18,-33550 -18 3747 19 922746880 -2147385344 -2147254270 -1920
184,Lower Delkfutt's Tower,350,???,33128,267,1,249544,249632,-638.0,0.25,-12.0,105,-63800,25,-1200,-63800 -1200 25 4 -300 -63750 -950 -1000
185,Dynamis - San d'Oria,242,???,37112,267,1,1180,1212,0.0,72.51,72.52,90,0,7251,7252,0 7252 7251 128 -2147465216 -2147399645 -2147334109 268567331
186,Dynamis - Bastok,245,???,41211,267,1,1180,1212,0.0,73.52,73.53,90,0,7352,7353,0 7353 7352 128 -2147465216 -2147399645 -2147334109 268567331
187,Dynamis - Windurst,306,???,45368,267,1,1180,1212,0.0,73.52,73.53,90,0,7352,7353,0 7353 7352 128 -2147465216 -2147399645 -2147334109 268567331
188,Dynamis - Jeuno,240,???,49398,267,1,1180,1212,0.0,72.51,72.52,90,0,7251,7252,0 7252 7251 128 -2147465216 -2147399645 -2147334109 268567331
190,King Ranperre's Tomb,528,Tombstone,57879,267,3,10180,10200,-721.53,87.5,200.55,90,-72153,8750,20055,-72153 20055 8750 4023 11 -2147469568 -2147319807 -16744445
190,King Ranperre's Tomb,531,Strange Apparatu,57882,267,13,10792,10964,37.07,1.2,73.26,120,3707,120,7326,3707 7326 120 999 -103863 -3648 990 3589
190,King Ranperre's Tomb,532,Destin,57883,267,63,6524,6684,-691.74,89.99,200.56,120,-69174,8999,20056,-69174 20056 8999 2081 -71782 20139 130 2048
190,King Ranperre's Tomb,533,Shamonde,57884,267,25,7100,7176,-678.2,89.99,220.67,120,-67820,8999,22067,-67820 22067 8999 1555 14 -63296 21030 9000
190,King Ranperre's Tomb,534,Trion,57885,267,24,7400,7456,-326.84,74.99,229.11,120,-32684,7499,22911,-32684 22911 7499 1414 13 -33921 20735 -37696
190,King Ranperre's Tomb,535,Pieuje,57886,267,21,7728,7780,-320.09,73.85,244.46,120,-32009,7385,24446,-32009 24446 7385 1429 13 -32684 22911 7499
190,King Ranperre's Tomb,536,Claidie,57887,267,25,8024,8088,-296.25,74.99,240.42,120,-29625,7499,24042,-29625 24042 7499 1530 -30435 22166 -33921 20735
190,King Ranperre's Tomb,537,Curilla,57888,267,29,8352,8408,-287.91,73.85,261.46,120,-28791,7385,26146,-28791 26146 7385 1420 13 -30892 22864 7499
190,King Ranperre's Tomb,538,Rahal,57889,267,28,8744,8812,-292.36,76.2,213.76,120,-29236,7620,21376,-29236 21376 7620 2061 13 -31410 19772 7500
190,King Ranperre's Tomb,540,Rochefogne,57891,267,37,9468,9528,-330.09,73.77,234.28,120,-33009,7377,23428,-33009 23428 7377 1565 13 -34832 21560 7499
190,King Ranperre's Tomb,552,EVENTER,57904,267,11,10856,10964,37.07,1.2,73.26,120,3707,120,7326,3707 7326 120 999 -103863 -3648 990 3589
190,King Ranperre's Tomb,554,Vauderame,57906,267,18,13868,13988,0.21,73.25,73.24,105,21,7325,7324,21 7324 7325 13 -3031 -93167 0 -889
191,Dangruf Wadi,352,???,61800,267,1,2028,2156,-115.69,-1.88,-11.97,105,-11569,-188,-1197,-11569 -1197 -188 1271 11 -2147469568 -2147319807 -16744445
191,Dangruf Wadi,366,Ken,61814,267,9,2136,2156,-115.69,-1.88,-11.97,105,-11569,-188,-1197,-11569 -1197 -188 1271 11 -2147469568 -2147319807 -16744445
191,Dangruf Wadi,367,Marin,61815,267,6,2188,2208,-317.58,-6.2,-166.2,90,-31758,-620,-16620,-31758 -16620 -620 3609 11 -2147469568 -2147319807 -16744445
192,Inner Horutoto Ruins,225,Nanaa Mihgo,230,268,57,15084,15256,0.08,193.05,-143.76,120,8,19305,-14376,8 -14376 19305 2155 13 -18616 -22288 19070
192,Inner Horutoto Ruins,226,Bopa Greso,231,268,20,15156,15256,0.08,193.05,-143.76,120,8,19305,-14376,8 -14376 19305 2155 13 -18616 -22288 19070
192,Inner Horutoto Ruins,227,Cha Lebagta,232,268,20,15612,15692,-124.32,0.0,205.14,120,-12432,0,20514,-12432 20514 0 1909 13 -18432 -22099 20707
192,Inner Horutoto Ruins,228,Ace of Cups,233,268,25,15972,16108,-180.61,0.0,208.37,120,-18061,0,20837,-18061 20837 0 2048 -18561 120 7295 7300
192,Inner Horutoto Ruins,229,Ace of Wands,234,268,23,16552,16680,-188.05,0.0,186.08,120,-18805,0,18608,-18805 18608 0 1712 13 -17938 18469 2048
192,Inner Horutoto Ruins,230,Ace of Swords,235,268,40,17156,17300,0.13,197.03,-186.51,105,13,19703,-18651,13 -18651 19703 0 -21096 19665 -19651 19403
194,Outer Horutoto Ruins,456,???,8655,268,1,13904,13928,73.63,0.0,0.01,90,7363,0,1,7363 1 0 47 -2147465216 -2147408861 -2147254270 268436005
195,The Eldieme Necropolis,414,Balpah,12712,268,108,7724,7844,-579.96,6.98,1255.89,95,-57996,698,125589,-57996 125589 698 10 -78018 142279 2742 -86337
195,The Eldieme Necropolis,415,Tebhi,12713,268,75,8280,8464,-785.14,27.81,1448.02,95,-78514,2781,144802,-78514 144802 2781 40 -82681 147274 80 -81991
195,The Eldieme Necropolis,417,01,12715,268,8,9080,9192,0.0,0.13,38.21,90,0,13,3821,0 3821 13 35 -2147469568 -2147319807 26378243 2147483640
195,The Eldieme Necropolis,418,02,12716,268,8,9160,9192,0.0,0.13,38.21,90,0,13,3821,0 3821 13 35 -2147469568 -2147319807 26378243 2147483640
195,The Eldieme Necropolis,419,03,12717,268,8,9244,9356,0.0,0.13,28.29,90,0,13,2829,0 2829 13 35 -2147469568 -2147319807 26378243 2147483640
195,The Eldieme Necropolis,420,04,12718,268,8,9324,9356,0.0,0.13,28.29,90,0,13,2829,0 2829 13 35 -2147469568 -2147319807 26378243 2147483640
195,The Eldieme Necropolis,421,05,12719,268,8,9408,9440,0.0,0.13,31.54,90,0,13,3154,0 3154 13 30 -2147469568 -2147319807 26378243 2147483640
195,The Eldieme Necropolis,422,06,12720,268,8,9488,9520,0.0,0.13,27.76,90,0,13,2776,0 2776 13 35 -2147469568 -2147319807 26378243 2147483640
195,The Eldieme Necropolis,423,07,12721,268,8,9572,9736,-559.87,0.0,1298.72,95,-55987,0,129872,-55987 129872 0 1220 17 -2147469568 -2147319807 26378243
195,The Eldieme Necropolis,424,08,12722,268,7,9652,9736,-559.87,0.0,1298.72,95,-55987,0,129872,-55987 129872 0 1220 17 -2147469568 -2147319807 26378243
195,The Eldieme Necropolis,425,09,12723,268,7,9716,9736,-559.87,0.0,1298.72,95,-55987,0,129872,-55987 129872 0 1220 17 -2147469568 -2147319807 26378243
195,The Eldieme Necropolis,426,10,12724,268,7,9776,9796,-591.2,0.0,1207.97,95,-59120,0,120797,-59120 120797 0 3201 22 -2147469568 -2147319807 26378243
195,The Eldieme Necropolis,427,11,12725,268,7,9840,9860,-607.81,0.0,1281.8,95,-60781,0,128180,-60781 128180 0 719 17 -2147469568 -2147319807 26378243
195,The Eldieme Necropolis,428,12,12726,268,7,9900,9984,-616.47,0.0,1223.95,95,-61647,0,122395,-61647 122395 0 3592 17 -2147469568 -2147319807 26378243
195,The Eldieme Necropolis,429,13,12727,268,7,9964,9984,-616.47,0.0,1223.95,95,-61647,0,122395,-61647 122395 0 3592 17 -2147469568 -2147319807 26378243
195,The Eldieme Necropolis,430,14,12728,268,7,10024,10044,-583.44,0.0,1222.86,95,-58344,0,122286,-58344 122286 0 2961 22 -2147469568 -2147319807 26378243
195,The Eldieme Necropolis,431,15,12729,268,7,10088,10108,-570.01,0.0,1228.21,95,-57001,0,122821,-57001 122821 0 2590 17 -2147469568 -2147319807 26378243
195,The Eldieme Necropolis,432,16,12730,268,7,10148,10168,-537.64,0.0,1247.39,95,-53764,0,124739,-53764 124739 0 1961 22 -2147469568 -2147319807 26378243
195,The Eldieme Necropolis,433,17,12731,268,7,10212,10232,-545.8,0.0,1217.58,95,-54580,0,121758,-54580 121758 0 2455 17 -2147469568 -2147319807 26378243
195,The Eldieme Necropolis,434,18,12732,268,7,10272,10292,-561.14,0.0,1225.65,95,-56114,0,122565,-56114 122565 0 2554 22 -2147469568 -2147319807 26378243
195,The Eldieme Necropolis,435,19,12733,268,7,10336,10356,-594.07,0.0,1272.17,95,-59407,0,127217,-59407 127217 0 523 17 -2147469568 -2147319807 26378243
195,The Eldieme Necropolis,437,21,12735,268,7,10460,10604,-599.33,0.0,1294.77,95,-59933,0,129477,-59933 129477 0 866 17 -2147469568 -2147319807 26378243
195,The Eldieme Necropolis,438,22,12736,268,7,10520,10604,-599.33,0.0,1294.77,95,-59933,0,129477,-59933 129477 0 866 17 -2147469568 -2147319807 26378243
195,The Eldieme Necropolis,439,23,12737,268,7,10584,10604,-599.33,0.0,1294.77,95,-59933,0,129477,-59933 129477 0 866 17 -2147469568 -2147319807 26378243
195,The Eldieme Necropolis,440,24,12738,268,8,10644,10676,0.0,0.13,33.59,90,0,13,3359,0 3359 13 35 -2147469568 -2147319807 26378243 2147483640
195,The Eldieme Necropolis,441,25,12739,268,8,10728,10760,0.0,0.13,26.69,90,0,13,2669,0 2669 13 30 -2147469568 -2147319807 26378243 2147483640
195,The Eldieme Necropolis,442,26,12740,268,8,10808,10992,-577.8,0.0,1295.66,95,-57780,0,129566,-57780 129566 0 952 22 -2147469568 -2147319807 26378243
195,The Eldieme Necropolis,443,27,12741,268,8,10892,10992,-577.8,0.0,1295.66,95,-57780,0,129566,-57780 129566 0 952 22 -2147469568 -2147319807 26378243
195,The Eldieme Necropolis,444,28,12742,268,7,10972,10992,-577.8,0.0,1295.66,95,-57780,0,129566,-57780 129566 0 952 22 -2147469568 -2147319807 26378243
195,The Eldieme Necropolis,445,29,12743,268,8,11036,11068,0.0,0.13,12.68,90,0,13,1268,0 1268 13 30 -2147469568 -2147319807 26378243 2147483640
195,The Eldieme Necropolis,446,30,12744,268,7,11116,11212,0.0,0.13,17.89,90,0,13,1789,0 1789 13 30 -2147469568 -2147319807 26378243 2147483640
195,The Eldieme Necropolis,447,31,12745,268,8,11180,11212,0.0,0.13,17.89,90,0,13,1789,0 1789 13 30 -2147469568 -2147319807 26378243 2147483640
195,The Eldieme Necropolis,448,32,12746,268,8,11260,11292,0.0,0.13,17.7,90,0,13,1770,0 1770 13 35 -2147469568 -2147319807 26378243 2147483640
195,The Eldieme Necropolis,455,Shikaree M,12753,268,47,11952,12116,1678.0,-277.49,-842.21,110,167800,-27749,-84221,167800 -84221 -27749 1310 179324 -57200 -31999 -86558
195,The Eldieme Necropolis,456,Gravestone,12754,268,1,12488,12552,1679.48,-290.49,-848.86,95,167948,-29049,-84886,167948 -84886 -29049 1107 150 30 100 7470
201,Cloister of Gales,60,Uran-Mafran,36934,268,118,16036,16180,187.42,-180.0,276.1,120,18742,-18000,27610,18742 27610 -18000 1574 120 -18500 22311 31927
201,Cloister of Gales,61,Talking Doll,36935,268,17,16112,16180,187.42,-180.0,276.1,120,18742,-18000,27610,18742 27610 -18000 1574 120 -18500 22311 31927
202,Cloister of Storms,63,Uran-Mafran,41033,268,98,14568,14732,226.19,-181.67,304.02,100,22619,-18167,30402,22619 30402 -18167 3576 27116 34667 -19271 1515
202,Cloister of Storms,64,Talking Doll,41034,268,14,15356,15480,223.0,-181.58,305.38,105,22300,-18158,30538,22300 30538 -18158 1505 139 -2147460352 2147483640 2147483640
202,Cloister of Storms,65,Carbuncle,41035,268,14,15640,15688,272.68,-254.26,353.34,105,27268,-25426,35334,27268 35334 -25426 1551 -23426 63 -2147460352 2147483640
203,Cloister of Frost,74,Cermet Headstone,45140,268,1,13392,13416,76.86,0.01,0.0,90,7686,1,0,7686 0 1 40 -1029632 -491521 4751359 19145600
204,Fei'Yin,433,Rukususu,49592,268,42,9820,9996,-1929.75,0.84,1899.16,95,-192975,84,189916,-192975 189916 84 13 -194159 189885 22 40
204,Fei'Yin,435,Treasure Chest,49594,268,1,12148,12308,-166.26,-162.5,681.91,105,-16626,-16250,68191,-16626 68191 -16250 522 69 -2147469568 -2147319807 -2147450877
204,Fei'Yin,436,Dalzakk,49595,268,27,12172,12308,-166.26,-162.5,681.91,105,-16626,-16250,68191,-16626 68191 -16250 522 69 -2147469568 -2147319807 -2147450877
204,Fei'Yin,438,Rainemard,49597,268,10,12284,12308,-166.26,-162.5,681.91,105,-16626,-16250,68191,-16626 68191 -16250 522 69 -2147469568 -2147319807 -2147450877
204,Fei'Yin,444,Pieuje,49603,268,53,13132,13200,-1033.48,-155.61,-861.44,110,-103348,-15561,-86144,-103348 -86144 -15561 3082 -104019 -83324 -15425 122
204,Fei'Yin,445,Jeronne,49604,268,24,13012,13200,-1033.48,-155.61,-861.44,110,-103348,-15561,-86144,-103348 -86144 -15561 3082 -104019 -83324 -15425 122
204,Fei'Yin,446,Trion,49605,268,58,13488,13636,-856.82,32.31,-155.32,105,-85682,3231,-15532,-85682 -15532 3231 13 -109528 -64453 -15425 24
204,Fei'Yin,447,Nonterene,49606,268,7,13600,13636,-856.82,32.31,-155.32,105,-85682,3231,-15532,-85682 -15532 3231 13 -109528 -64453 -15425 24
204,Fei'Yin,448,Maunadolace,49607,268,7,13760,13796,-864.87,33.42,-155.82,105,-86487,3342,-15582,-86487 -15582 3342 13 -109528 -64453 -15425 24
204,Fei'Yin,449,Curilla,49608,268,17,13920,13960,-841.55,23.57,-154.37,105,-84155,2357,-15437,-84155 -15437 2357 13 -103101 -83293 -15425 40
204,Fei'Yin,450,Guilerme,49609,268,9,14108,14140,-999.38,-154.25,-833.04,105,-99938,-15425,-83304,-99938 -83304 -15425 2107 40 -72618 -66627 -16000
204,Fei'Yin,451,Bacherume,49610,268,9,14268,14304,-854.16,26.26,-155.15,105,-85416,2626,-15515,-85416 -15515 2626 40 -72618 -66627 -16000 24
204,Fei'Yin,452,Rahal,49611,268,20,14428,14480,-819.44,32.82,-154.25,105,-81944,3282,-15425,-81944 -15425 3282 40 -132862 -52000 -16021 24
204,Fei'Yin,454,Milchupain,49613,268,13,14708,14744,-1135.14,-154.25,-752.41,95,-113514,-15425,-75241,-113514 -75241 -15425 516 40 -109471 -79397 -132862
204,Fei'Yin,455,Aramaviont,49614,268,8,14892,14928,-835.66,1.46,-154.25,105,-83566,146,-15425,-83566 -15425 146 40 -132862 -52000 -16021 24
204,Fei'Yin,458,Strange Apparatu,49617,268,19,111824,111952,-1506.45,-240.13,-1697.96,110,-150645,-24013,-169796,-150645 -169796 -24013 2436 -178211 -174551 -24000 3378
205,Ifrit's Cauldron,327,Kilhwch,53587,268,12,7164,7200,-194.99,-19.09,636.4,105,-19499,-1909,63640,-19499 63640 -1909 1254 0 1 128 38
205,Ifrit's Cauldron,330,Xonia,53590,268,12,7656,7692,-0.2,79.0,-402.92,105,-20,7900,-40292,-20 -40292 7900 3089 0 1 128 38
205,Ifrit's Cauldron,334,Noillurie,53594,268,13,8312,8352,-313.37,31.37,-407.16,90,-31337,3137,-40716,-31337 -40716 3137 0 1 128 38 92
205,Ifrit's Cauldron,337,Elrica,53597,268,12,8804,8840,-195.57,-99.98,324.41,105,-19557,-9998,32441,-19557 32441 -9998 1306 0 1 128 38
205,Ifrit's Cauldron,338,Terounalivet,53598,268,12,8968,9004,-142.72,-33.08,569.26,105,-14272,-3308,56926,-14272 56926 -3308 1018 0 1 128 38
206,Qu'Bia Arena,582,Burning Circle,57939,268,1,44476,44636,-0.52,-21.24,223.26,105,-52,-2124,22326,-52 22326 -2124 250 6735 -1625 852 818
206,Qu'Bia Arena,583,Burning Circle,57940,268,1,44504,44636,-0.52,-21.24,223.26,105,-52,-2124,22326,-52 22326 -2124 250 6735 -1625 852 818
206,Qu'Bia Arena,584,Burning Circle,57941,268,1,44532,44636,-0.52,-21.24,223.26,105,-52,-2124,22326,-52 22326 -2124 250 6735 -1625 852 818
206,Qu'Bia Arena,585,Burning Circle,57942,268,1,44560,44636,-0.52,-21.24,223.26,105,-52,-2124,22326,-52 22326 -2124 250 6735 -1625 852 818
206,Qu'Bia Arena,586,Zeid,57947,268,45,44588,44636,-0.52,-21.24,223.26,105,-52,-2124,22326,-52 22326 -2124 250 6735 -1625 852 818
206,Qu'Bia Arena,587,Trion,57948,268,73,45088,45228,-454.33,-284.99,-768.34,105,-45433,-28499,-76834,-45433 -76834 -28499 3405 40 60 -40191 -68221
206,Qu'Bia Arena,596,Pieuje,57958,268,13,44824,44852,-436.79,-284.99,-754.49,105,-43679,-28499,-75449,-43679 -75449 -28499 3416 13 -39014 -67504 -28457
206,Qu'Bia Arena,597,Nonterene,57959,268,14,45188,45228,-454.33,-284.99,-768.34,105,-45433,-28499,-76834,-45433 -76834 -28499 3405 40 60 -40191 -68221
206,Qu'Bia Arena,598,Maunadolace,57960,268,11,44964,45004,-427.05,-284.99,-755.23,105,-42705,-28499,-75523,-42705 -75523 -28499 3399 40 -39179 -69519 -28481
206,Qu'Bia Arena,612,Palometa,57974,268,47,70164,70260,-16.24,0.3,0.4,105,-1624,30,40,-1624 40 30 15 1500 -10000 10 80
206,Qu'Bia Arena,615,Laila,57977,268,46,70184,70260,-16.24,0.3,0.4,105,-1624,30,40,-1624 40 30 15 1500 -10000 10 80
206,Qu'Bia Arena,616,Atori-Tutori,57978,268,31,70216,70260,-16.24,0.3,0.4,105,-1624,30,40,-1624 40 30 15 1500 -10000 10 80
206,Qu'Bia Arena,617,Atori-Tutori,57979,268,37,70448,70488,20.67,-60.71,-16.24,120,2067,-6071,-1624,2067 -1624 -6071 3439 -12182 6973 44 3276800
206,Qu'Bia Arena,619,Mathilde,57981,268,51,73164,73296,-10.2,-16.24,-20.7,120,-1020,-1624,-2070,-1020 -2070 -1624 2464 2354 24 52 201
206,Qu'Bia Arena,620,Seed Orc,57982,268,74,73176,73296,-10.2,-16.24,-20.7,120,-1020,-1624,-2070,-1020 -2070 -1624 2464 2354 24 52 201
206,Qu'Bia Arena,621,Seed Quadav,57983,268,56,73532,73620,-16.25,1.8,0.0,120,-1625,180,0,-1625 0 180 2355 5 -589 793 -1624
206,Qu'Bia Arena,622,Seed Yagudo,57984,268,54,73820,73916,3.0,0.04,23.56,120,300,4,2356,300 2356 4 1804 -828 -1624 857 52
206,Qu'Bia Arena,623,Seed Goblin,57985,268,59,74108,74200,-16.25,1.8,0.0,120,-1625,180,0,-1625 0 180 2353 5 -2588 2390 216
208,Quicksand Caves,607,Sand Tarantula,620,269,42,213488,213572,-458.72,0.24,2.0,90,-45872,24,200,-45872 200 24 0 102 -134114816 8388607 -523886
209,Cloister of Tremors,60,Rukususu,4166,269,4,12524,12600,-181.85,0.0,35.98,90,-18185,0,3598,-18185 3598 0 100 186 -2147460352 2147483640 2147483640
209,Cloister of Tremors,61,Uran-Mafran,4167,269,14,12980,13168,263.42,-190.27,315.91,105,26342,-19027,31591,26342 31591 -19027 1024 112 -2147460352 2147483640 2147483640
209,Cloister of Tremors,62,Talking Doll,4168,269,6,13068,13168,263.42,-190.27,315.91,105,26342,-19027,31591,26342 31591 -19027 1024 112 -2147460352 2147483640 2147483640
210,,5,Key Item,8197,269,1,70956,71040,0.02,0.0,70.77,90,2,0,7077,2 7077 0 27 -2147474432 -2147385343 268436005 335577089
210,,6,Conquest Debug,8198,269,1,71024,71040,0.02,0.0,70.77,90,2,0,7077,2 7077 0 27 -2147474432 -2147385343 268436005 335577089
210,,7,Herald,8199,269,1,71084,71100,0.02,0.0,70.83,90,2,0,7083,2 7083 0 27 -2147474432 -2147385343 268436005 335577089
210,,15,testkun0,8207,269,1,73484,73560,352.96,-100.0,-550.4,90,35296,-10000,-55040,35296 -55040 -10000 55 -513024 -491521 1634566143 17198697
210,,16,ship,8208,269,1,73532,73560,352.96,-100.0,-550.4,90,35296,-10000,-55040,35296 -55040 -10000 55 -513024 -491521 1634566143 17198697
210,,21,Promathia Battle,8213,269,1,77308,77344,0.02,1.0,71.97,90,2,100,7197,2 7197 100 96 -2147474432 -2147385343 268436005 822116354
210,,28,Assault,8220,269,1,107052,107116,74.76,30.0,0.03,90,7476,3000,3,7476 3 3000 174 -2147474432 -2147385343 268436005 1627422721
210,,36,Mogsack Moogle,8228,269,112,114300,114440,-1.02,0.01,90.76,90,-102,1,9076,-102 9076 1 3 9081 -1 9077 9078
210,,37,M,8229,269,1,114408,114440,-1.02,0.01,90.76,90,-102,1,9076,-102 9076 1 3 9081 -1 9077 9078
210,,65,Voidwatch Office,8258,269,463,275968,276040,0.01,-180.84,-1060.23,95,1,-18084,-106023,1 -106023 -18084 1999 3120 2 -354003 -163601
210,,222,menace2_aug,8415,269,1,311440,311536,92.47,0.23,92.49,90,9247,23,9249,9247 9249 23 260 -2147474432 -2147385343 268436005 721453057
210,,227,A,8420,269,1,312980,313000,-550.0,0.0,-850.0,105,-55000,0,-85000,-55000 -85000 0 2048 8 187 2 3
210,,228,B,8421,269,1,381148,381168,-550.0,0.0,-850.0,105,-55000,0,-85000,-55000 -85000 0 2048 7 187 2 80
210,,229,C,8422,269,1,449316,449336,-550.0,0.0,-850.0,105,-55000,0,-85000,-55000 -85000 0 2048 1 187 2 5
210,,232,K,8425,269,52,519024,519088,0.01,-200.0,115.0,120,1,-20000,11500,1 11500 -20000 1000 701 -80000 702 -589000
210,,233,EFFLoadMagic,8427,269,3,519052,519088,0.01,-200.0,115.0,120,1,-20000,11500,1 11500 -20000 1000 701 -80000 702 -589000
212,Gustav Tunnel,328,Aldo,16719,269,66,6724,6808,-1865.7,1.85,-100.0,95,-186570,185,-10000,-186570 -10000 185 30 -137832 -179281 -10030 165
212,Gustav Tunnel,329,Renfred,16720,269,23,7008,7080,-1385.29,-100.1,-1892.47,95,-138529,-10010,-189247,-138529 -189247 -10010 30 -137063 -179056 -10030 83
212,Gustav Tunnel,330,Gorattz,16721,269,23,7196,7272,-1404.62,-98.88,-1918.42,95,-140462,-9888,-191842,-140462 -191842 -9888 30 -138793 -179556 -10030 83
212,Gustav Tunnel,331,Bompupu,16722,269,24,7388,7460,-1380.12,-102.96,-1908.37,95,-138012,-10296,-190837,-138012 -190837 -10296 30 -137352 -179152 -10030 84
212,Gustav Tunnel,332,Outcropping,16723,269,1,7576,7600,73.95,0.0,0.01,90,7395,0,1,7395 1 0 47 -2147465216 -2147408861 -2147254270 268436005
215,Abyssea - Attohwa,606,Veridical Conflu,29287,269,1,591276,591364,74.74,1.9,0.79,105,7474,190,79,7474 79 190 200 -140000 -200000 19500 3072
215,Abyssea - Attohwa,607,Veridical Conflu,29288,269,1,593428,593516,74.74,1.9,0.79,105,7474,190,79,7474 79 190 200 -140000 -200000 19500 3072
215,Abyssea - Attohwa,608,Veridical Conflu,29289,269,1,595580,595668,74.74,1.9,0.79,105,7474,190,79,7474 79 190 200 -140000 -200000 19500 3072
215,Abyssea - Attohwa,609,Veridical Conflu,29290,269,1,597732,597820,74.74,1.9,0.79,105,7474,190,79,7474 79 190 200 -140000 -200000 19500 3072
215,Abyssea - Attohwa,610,Veridical Conflu,29291,269,1,599884,599972,74.74,1.9,0.79,105,7474,190,79,7474 79 190 200 -140000 -200000 19500 3072
215,Abyssea - Attohwa,611,Veridical Conflu,29292,269,1,602036,602124,74.74,1.9,0.79,105,7474,190,79,7474 79 190 200 -140000 -200000 19500 3072
215,Abyssea - Attohwa,612,Veridical Conflu,29293,269,1,604188,604276,74.74,1.9,0.79,105,7474,190,79,7474 79 190 200 -140000 -200000 19500 3072
215,Abyssea - Attohwa,613,Veridical Conflu,29294,269,1,606340,606428,74.74,1.9,0.79,105,7474,190,79,7474 79 190 200 -140000 -200000 19500 3072
215,Abyssea - Attohwa,625,Veridical Conflu,29306,269,1,626572,626660,74.74,1.9,0.79,105,7474,190,79,7474 79 190 200 -140000 -200000 19500 3072
215,Abyssea - Attohwa,698,Colti,29413,269,1,632044,632172,2.01,80.75,80.74,90,201,8075,8074,201 8074 8075 428 -2147476224 -2147399645 503324963 2147483632
215,Abyssea - Attohwa,720,Naruru,29435,269,10,636192,636348,83.87,83.88,0.49,105,8387,8388,49,8387 49 8388 19 -161899 -178856 19973 2560
215,Abyssea - Attohwa,721,Panta-Putta,29436,269,18,637688,637756,-1373.76,12.0,-1619.12,95,-137376,1200,-161912,-137376 -161912 1200 256 4096 279 3 459648
217,Abyssea - Vunkerl,688,Derelict Bridge,37564,269,1,639692,639856,-644.69,0.09,0.0,90,-64469,9,0,-64469 0 9 0 0 -256 17666752 3
217,Abyssea - Vunkerl,689,Derelict Bridge,37565,269,1,639732,639856,-644.69,0.09,0.0,90,-64469,9,0,-64469 0 9 0 0 -256 17666752 3
217,Abyssea - Vunkerl,690,Derelict Bridge,37566,269,1,639772,639856,-644.69,0.09,0.0,90,-64469,9,0,-64469 0 9 0 0 -256 17666752 3
217,Abyssea - Vunkerl,691,Ferdechiond,37567,269,100,639812,639856,-644.69,0.09,0.0,90,-64469,9,0,-64469 0 9 0 0 -256 17666752 3
217,Abyssea - Vunkerl,705,Teigero-Bangero,37581,269,1,641976,642116,84.46,2.01,84.47,90,8446,201,8447,8446 8447 201 201 -2147476224 -2147410653 486547747 488865792
218,Abyssea - Altepa,593,Zacc,41564,269,11,641011,641175,-2.55,0.0,25.59,90,-255,0,2559,-255 2559 0 256 -200676864 -155754753 -5547777 223743
218,Abyssea - Altepa,594,Enu,41565,269,20,641003,641175,-2.55,0.0,25.59,90,-255,0,2559,-255 2559 0 256 -200676864 -155754753 -5547777 223743
218,Abyssea - Altepa,617,Yuhito-Kubhito,41588,269,1,637584,637764,83.02,83.03,0.2,90,8302,8303,20,8302 20 8303 19 -2147476224 -1040861 18644991 -2147345024
218,Abyssea - Altepa,618,Hildith,41589,269,1,637640,637764,83.02,83.03,0.2,90,8302,8303,20,8302 20 8303 19 -2147476224 -1040861 18644991 -2147345024
218,Abyssea - Altepa,619,Justinius,41590,269,1,637696,637764,83.02,83.03,0.2,90,8302,8303,20,8302 20 8303 19 -2147476224 -1040861 18644991 -2147345024
218,Abyssea - Altepa,620,Ronta-Onta,41591,269,1,637744,637764,83.02,83.03,0.2,90,8302,8303,20,8302 20 8303 19 -2147476224 -1040861 18644991 -2147345024
230,Southern San d'Oria,1,Ceraule,24577,270,138,63596,63692,0.13,-390.67,-960.19,120,13,-39067,-96019,13 -96019 -39067 1000 1543 7675 20 7709
230,Southern San d'Oria,3,Ephauge,24579,270,9,67036,67120,637.5,19.99,-151.12,105,63750,1999,-15112,63750 -15112 1999 19 32710 -32052 75 39
230,Southern San d'Oria,6,Coderiant,24582,270,1,67964,68048,120.15,120.38,120.37,90,12015,12038,12037,12015 12037 12038 331 -2147469312 -4066 1718644607 -491519
230,Southern San d'Oria,9,Phamelise,24585,270,9,642956,643028,637.5,19.99,-151.12,105,63750,1999,-15112,63750 -15112 1999 19 32710 -32052 75 30
230,Southern San d'Oria,10,Apairemant,24586,270,7,643428,643500,637.5,19.99,-151.12,105,63750,1999,-15112,63750 -15112 1999 19 32710 -32052 75 30
230,Southern San d'Oria,12,Andecia,24588,270,1,69004,69160,79.26,-45.96,-744.22,105,7926,-4596,-74422,7926 -74422 -4596 1999 3940 677 -1040896 1886355455
230,Southern San d'Oria,18,Raimbroy,24594,270,20,69864,70040,0.13,-217.41,-780.14,120,13,-21741,-78014,13 -78014 -21741 1999 3455 -73509 -19377 -51272
230,Southern San d'Oria,20,Leuveret,24596,270,1,71308,71480,0.25,-257.59,-249.43,120,25,-25759,-24943,25 -24943 -25759 1999 2047 -63467 -17465 -84617
230,Southern San d'Oria,23,Lotte,24599,270,1,71444,71480,0.25,-257.59,-249.43,120,25,-25759,-24943,25 -24943 -25759 1999 2047 -63467 -17465 -84617
230,Southern San d'Oria,24,Katharina,24600,270,4,71592,71616,0.7,-445.54,-391.56,120,70,-44554,-39156,70 -39156 -44554 2003 2990 -44184 -39008 1999
230,Southern San d'Oria,25,Shilah,24601,270,18,71764,71852,637.5,19.99,-151.12,105,63750,1999,-15112,63750 -15112 1999 19 32710 -32052 75 30
230,Southern San d'Oria,29,Raminel,24605,270,22,74556,74600,-1161.92,-69.49,1009.2,95,-116192,-6949,100920,-116192 100920 -6949 45 -116003 94648 -6999 -116090
230,Southern San d'Oria,35,Phillone,24611,270,109,78004,78168,0.4,315.72,-1008.73,95,40,31572,-100873,40 -100873 31572 13 -110123 29222 431 30
230,Southern San d'Oria,36,Elmemague,24612,270,30,77864,77900,-1142.42,-20.0,269.19,95,-114242,-2000,26919,-114242 26919 -2000 3874 40 -100380 31806 -101690
230,Southern San d'Oria,37,Roido,24613,270,94,78484,78576,-1020.68,-20.0,276.74,110,-102068,-2000,27674,-102068 27674 -2000 3549 13 -101028 30399 -110082
230,Southern San d'Oria,38,Vijartal,24614,270,124,78908,79088,-1069.17,-20.0,328.48,110,-106917,-2000,32848,-106917 32848 -2000 2523 13 -105139 30894 -100567
230,Southern San d'Oria,39,Halver,24615,270,50,79680,79736,683.4,19.79,-30.29,90,68340,1979,-3029,68340 -3029 1979 13 -206732 67324 -3000 21
230,Southern San d'Oria,40,Millechairale,24616,270,19,79948,80000,674.79,19.8,-30.0,90,67479,1980,-3000,67479 -3000 1980 40 -207921 68292 -2949 27
230,Southern San d'Oria,42,Chocobo,24618,270,5,133868,133908,139.14,21.99,-857.83,105,13914,2199,-85783,13914 -85783 2199 3123 45 -1040896 4554751 -3968
230,Southern San d'Oria,43,Chocobo,24619,270,1,133976,134040,97.44,21.99,-921.27,105,9744,2199,-92127,9744 -92127 2199 1784 45 -1040896 4554751 -3968
230,Southern San d'Oria,44,Chocobo,24620,270,5,134000,134040,97.44,21.99,-921.27,105,9744,2199,-92127,9744 -92127 2199 1784 45 -1040896 4554751 -3968
230,Southern San d'Oria,45,Tarotta,24621,270,1,133796,133908,139.14,21.99,-857.83,105,13914,2199,-85783,13914 -85783 2199 3123 45 -1040896 4554751 -3968
230,Southern San d'Oria,51,Chocobo,24627,270,9,133740,133908,139.14,21.99,-857.83,105,13914,2199,-85783,13914 -85783 2199 3123 45 -1040896 4554751 -3968
230,Southern San d'Oria,52,Chocobo,24628,270,9,133768,133908,139.14,21.99,-857.83,105,13914,2199,-85783,13914 -85783 2199 3123 45 -1040896 4554751 -3968
230,Southern San d'Oria,61,Authere,24637,270,98,83020,83196,637.5,19.99,-151.12,105,63750,1999,-15112,63750 -15112 1999 19 32710 -32052 39 19301
230,Southern San d'Oria,62,Blendare,24638,270,37,84356,84512,637.5,19.99,-151.12,105,63750,1999,-15112,63750 -15112 1999 19 32710 -32052 30 39
230,Southern San d'Oria,63,Balasiel,24639,270,106,85524,85680,-1380.33,-108.0,644.55,110,-138033,-10800,64455,-138033 64455 -10800 1425 30 9330 1 0
230,Southern San d'Oria,64,Balasiel,24640,270,26,85136,85196,0.13,-278.75,364.71,100,13,-27875,36471,13 36471 -27875 1999 30 8116 8119 8122
230,Southern San d'Oria,65,Ancolain,24641,270,25,88520,88568,-808.9,-73.98,-204.01,120,-80890,-7398,-20401,-80890 -20401 -7398 2554 13 -86119 -16937 -7397
230,Southern San d'Oria,67,Destin,24643,270,13,89560,89584,-1033.88,3.98,643.97,95,-103388,398,64397,-103388 64397 398 1542 7 -103910 64004 25
230,Southern San d'Oria,68,Vauderame,24644,270,5,89472,89500,-413.53,17.59,10.0,105,-41353,1759,1000,-41353 1000 1759 13 112069 -54285 0 27
230,Southern San d'Oria,69,Trion,24645,270,61,90820,91008,0.34,0.0,200.0,100,34,0,20000,34 20000 0 1019 -95 18372 -5 15942
230,Southern San d'Oria,71,Pieuje,24647,270,15,90584,90652,-985.76,3.98,711.9,120,-98576,398,71190,-98576 71190 398 1528 -102476 66130 30 -103517
230,Southern San d'Oria,73,Claidie,24649,270,68,90880,91008,0.34,0.0,200.0,100,34,0,20000,34 20000 0 1019 -95 18372 -5 15942
230,Southern San d'Oria,75,Avandale,24651,270,15,91740,91872,826.24,19.99,-45.14,120,82624,1999,-4514,82624 -4514 1999 1379 73660 -16813 2000 78663
230,Southern San d'Oria,85,Kipopo,24661,270,10,147660,147828,-1895.63,-10.0,116.03,110,-189563,-1000,11603,-189563 11603 -1000 2398 -190925 12102 -1134 451
230,Southern San d'Oria,87,Cletae,24663,270,2,123764,123788,-1861.96,-10.0,258.5,110,-186196,-1000,25850,-186196 25850 -1000 3580 13 -180875 31094 -170706
230,Southern San d'Oria,89,Hanaa Punaa,24665,270,2,123864,123952,314.81,5.17,-88.0,105,31481,517,-8800,31481 -8800 517 120 13 -179726 27574 50
230,Southern San d'Oria,98,Ambrotien,24674,270,115,123468,123548,-760.62,-83.98,-241.64,120,-76062,-8398,-24164,-76062 -24164 -8398 2576 13 -77352 -22785 -7398
230,Southern San d'Oria,99,Malecharisant,24675,270,7,123476,123548,-760.62,-83.98,-241.64,120,-76062,-8398,-24164,-76062 -24164 -8398 2576 13 -77352 -22785 -7398
230,Southern San d'Oria,100,Anxaberoute,24676,270,14,123508,123548,-760.62,-83.98,-241.64,120,-76062,-8398,-24164,-76062 -24164 -8398 2576 13 -77352 -22785 -7398
230,Southern San d'Oria,102,"Arpevion, T.K.",24678,270,6,286692,286784,-1135.89,9.99,-325.5,110,-113589,999,-32550,-113589 -32550 999 1626 88530 -59447 3742 9212
230,Southern San d'Oria,112,Lanqueron,24688,270,6,134916,135036,637.5,19.99,-151.12,105,63750,1999,-15112,63750 -15112 1999 19 32710 -32052 75 39
230,Southern San d'Oria,113,Arpetion,24689,270,8,135628,135720,637.5,19.99,-151.12,105,63750,1999,-15112,63750 -15112 1999 19 32710 -32052 75 30
230,Southern San d'Oria,114,Vaquelage,24690,270,72,136164,136264,637.5,19.99,-151.12,105,63750,1999,-15112,63750 -15112 1999 19 32710 -32052 75 39
230,Southern San d'Oria,119,Simmie,24695,270,8,246152,246332,637.5,19.99,-151.12,105,63750,1999,-15112,63750 -15112 1999 19 32710 -32052 75 30
230,Southern San d'Oria,120,Open1,24696,270,2,154284,154312,0.2,-111.76,-715.08,120,20,-11176,-71508,20 -71508 -11176 1999 2500 -86822 2292 34
230,Southern San d'Oria,121,Open2,24697,270,2,154380,154404,0.2,-116.84,-722.75,120,20,-11684,-72275,20 -72275 -11684 1999 2384 -86995 -2258 33
230,Southern San d'Oria,122,Open3,24698,270,2,154472,154496,0.3,-69.09,-835.27,120,30,-6909,-83527,30 -83527 -6909 1999 693 -74193 -16811 -84302
230,Southern San d'Oria,123,Clainomille,24699,270,3,154580,154608,0.13,-116.73,-667.67,120,13,-11673,-66767,13 -66767 -11673 1999 3541 -77002 -694 30
230,Southern San d'Oria,124,Open5,24700,270,2,154732,154756,0.5,-40.85,-78.46,120,50,-4085,-7846,50 -7846 -4085 1999 1878 -17521 -19621 -39603
230,Southern San d'Oria,125,Open6,24701,270,2,154840,154864,0.2,-163.61,219.91,120,20,-16361,21991,20 21991 -16361 1999 2106 -42362 -7551 33
230,Southern San d'Oria,126,Ailevia,24702,270,117,154932,155004,0.2,-180.51,219.78,120,20,-18051,21978,20 21978 -18051 1999 2128 -42903 -9128 30
230,Southern San d'Oria,127,Open8,24703,270,2,163884,163916,-235.34,30.62,19.99,120,-23534,3062,1999,-23534 1999 3062 968 43816 -2000 33 3080192
230,Southern San d'Oria,131,Cheh Raihah,24707,270,2,499512,499688,0.0,-293.57,173.96,100,0,-29357,17396,0 17396 -29357 1699 2979 12 30 35
230,Southern San d'Oria,132,Nalta,24708,270,5,499544,499688,0.0,-293.57,173.96,100,0,-29357,17396,0 17396 -29357 1699 2979 12 30 35
230,Southern San d'Oria,156,Door:Raimbroy's,24732,270,7,71404,71480,0.25,-257.59,-249.43,120,25,-25759,-24943,25 -24943 -25759 1999 2047 -63467 -17465 -84617
230,Southern San d'Oria,164,Door:House,24740,270,17,586940,587088,0.8,1.52,21.4,90,80,152,2140,80 2140 152 0 -267376384 -1904214017 -1044439 9404415
230,Southern San d'Oria,194,Femitte,24771,270,81,243840,243992,637.5,19.99,-151.12,105,63750,1999,-15112,63750 -15112 1999 19 32710 -32052 75 39
230,Southern San d'Oria,196,Pourette,24773,270,7,643900,643972,637.5,19.99,-151.12,105,63750,1999,-15112,63750 -15112 1999 19 32710 -32052 75 30
230,Southern San d'Oria,204,Valderotaux,24781,270,96,251344,251520,120.36,120.5,120.49,90,12036,12050,12049,12036 12049 12050 491 -2147469312 -4066 -2147410561 22551075
230,Southern San d'Oria,206,Ailbeche,24784,270,29,82648,82764,39.99,0.6,0.75,90,3999,60,75,3999 75 60 133 -2147469568 -2147319807 922779651 -2147385344
230,Southern San d'Oria,209,???,24787,270,1,252760,252932,-1011.76,10.0,-367.06,110,-101176,1000,-36706,-101176 -36706 1000 766 13 -99497 -41153 -100669
230,Southern San d'Oria,211,Curilla,24789,270,51,252884,252932,-1011.76,10.0,-367.06,110,-101176,1000,-36706,-101176 -36706 1000 766 13 -99497 -41153 -100669
230,Southern San d'Oria,212,Rahal,24790,270,29,253128,253176,0.16,-481.19,-1041.36,110,16,-48119,-104136,16 -104136 -48119 999 3598 13 180 -102825
230,Southern San d'Oria,213,Antreneau,24791,270,29,253388,253428,-1072.08,0.0,-497.4,110,-107208,0,-49740,-107208 -49740 0 3575 -106130 -47569 999 -101061
230,Southern San d'Oria,214,Aramaviont,24792,270,13,253576,253636,-493.07,-475.69,-1061.3,110,-49307,-47569,-106130,-49307 -106130 -47569 999 -101965 -45328 1000 -86849
230,Southern San d'Oria,215,Milchupain,24793,270,7,253788,253840,-493.07,-475.69,-1061.3,110,-49307,-47569,-106130,-49307 -106130 -47569 999 -102756 -46198 1000 -86849
230,Southern San d'Oria,216,Maunadolace,24794,270,14,253948,254012,9.99,-448.2,-990.95,120,999,-44820,-99095,999 -99095 -44820 1000 -83413 -28384 1999 29
230,Southern San d'Oria,217,Grilau,24795,270,7,254140,254192,-511.79,-496.3,-1041.31,110,-51179,-49630,-104131,-51179 -104131 -49630 999 -100548 -45921 1000 -83413
230,Southern San d'Oria,218,Nonterene,24796,270,9,254300,254356,-511.79,-496.3,-1041.31,110,-51179,-49630,-104131,-51179 -104131 -49630 999 -101817 -47622 1000 -83413
230,Southern San d'Oria,219,Ullasa,24797,270,7,254508,254608,637.5,19.99,-151.12,105,63750,1999,-15112,63750 -15112 1999 19 32710 -32052 75 30
230,Southern San d'Oria,221,EVENTER,24799,270,13,286700,286784,-1135.89,9.99,-325.5,110,-113589,999,-32550,-113589 -32550 999 1626 88530 -59447 3742 9212
230,Southern San d'Oria,222,Rochefogne,24800,270,100,294012,294200,0.01,-34.0,432.55,105,1,-3400,43255,1 43255 -3400 1086 202 -2147460352 2147483640 2147483640
230,Southern San d'Oria,223,Destin,24801,270,6,294112,294200,0.01,-34.0,432.55,105,1,-3400,43255,1 43255 -3400 1086 202 -2147460352 2147483640 2147483640
230,Southern San d'Oria,231,Leservieus,24809,270,13,301464,301524,45.42,365.75,-29.99,120,4542,36575,-2999,4542 -2999 36575 775 36466 -2635 53 922746880
230,Southern San d'Oria,232,Epuliphont,24810,270,11,301608,301640,369.78,-29.99,-34.01,105,36978,-2999,-3401,36978 -3401 -2999 1603 90 32 922746880 -2147385344
230,Southern San d'Oria,235,Ulmia,24813,270,66,92832,92900,924.44,22.39,-92.27,105,92444,2239,-9227,92444 -9227 2239 2200 40 -298680 97687 -9199
230,Southern San d'Oria,237,Ominous Cloud,24815,270,1,304604,304644,101.48,0.3,101.49,90,10148,30,10149,10148 10149 30 49 -134186752 -260046849 494927871 488865792
230,Southern San d'Oria,240,Francmage,24818,270,111,334444,334512,1608.22,-20.0,1590.81,95,160822,-2000,159081,160822 159081 -2000 3255 558576 -274709 -65 539
230,Southern San d'Oria,242,Yow Rabntah,24820,270,183,334896,334964,484.65,100.03,-713.55,105,48465,10003,-71355,48465 -71355 10003 857 560862 -280403 0 3126
230,Southern San d'Oria,243,Cornelia,24821,270,616,335124,335284,1371.04,-20.0,1199.91,110,137104,-2000,119991,137104 119991 -2000 3237 99979 -67739 996 2404
230,Southern San d'Oria,245,Raogrimm,24823,270,55,335948,335992,209.49,20.52,-358.95,90,20949,2052,-35895,20949 -35895 2052 10 -363167 20791 -35427 -413245
230,Southern San d'Oria,246,???,24824,270,5,336116,336284,1168.71,-85.0,1192.67,95,116871,-8500,119267,116871 119267 -8500 454 152862 -171415 723 -18183
230,Southern San d'Oria,247,Diabolos,24825,270,307,336156,336312,-181.83,-173.0,992.42,120,-18183,-17300,99242,-18183 99242 -17300 3408 191 -30457 -8057 3114
230,Southern San d'Oria,248,Diabolos,24826,270,10,336504,336568,-37.42,-237.5,-295.09,105,-3742,-23750,-29509,-3742 -29509 -23750 503 79 2228224 -524241 -127107073
230,Southern San d'Oria,249,Diabolos,24827,270,12,336668,336732,41.53,-227.5,-256.57,105,4153,-22750,-25657,4153 -25657 -22750 1445 79 2228224 -524241 -127107073
230,Southern San d'Oria,251,Gizel,24829,270,1,302664,302804,64.43,0.6,2.0,105,6443,60,200,6443 200 60 551 -503040 -491521 1952808959 -266441105
230,Southern San d'Oria,256,Meransarget,24834,270,93,342380,342492,979.39,40.67,-61.99,90,97939,4067,-6199,97939 -6199 4067 11 -273407 97976 -265948 98068
230,Southern San d'Oria,258,Vauderame,24836,270,7,346652,346696,-647.78,0.0,0.07,90,-64778,0,7,-64778 7 0 1 128 -222479 97031 -2000
230,Southern San d'Oria,259,Chepelle,24837,270,7,346828,346872,-647.78,0.0,0.07,90,-64778,0,7,-64778 7 0 1 128 -222110 98348 -2000
230,Southern San d'Oria,260,Linzaza,24838,270,7,347004,347048,-647.78,0.0,0.07,90,-64778,0,7,-64778 7 0 1 128 -221491 99056 -2000
230,Southern San d'Oria,261,Sneaking Tiger,24839,270,7,347180,347224,-647.78,0.0,0.07,90,-64778,0,7,-64778 7 0 1 128 -220825 97524 -2000
230,Southern San d'Oria,262,Pauluart,24840,270,7,347356,347400,-647.78,0.0,0.07,90,-64778,0,7,-64778 7 0 1 128 -220630 98514 -2000
230,Southern San d'Oria,263,Kanika,24841,270,7,347532,347576,-647.78,0.0,0.07,90,-64778,0,7,-64778 7 0 1 128 -220186 95527 -2000
230,Southern San d'Oria,264,Ulzana,24842,270,7,347708,347752,-647.78,0.0,0.07,90,-64778,0,7,-64778 7 0 1 128 -219568 96433 -2000
230,Southern San d'Oria,265,Rohemolipaud,24843,270,7,347884,347928,-647.78,0.0,0.07,90,-64778,0,7,-64778 7 0 1 128 -219841 99476 -2000
230,Southern San d'Oria,287,Chocobo,24865,270,9,497660,497776,222.03,21.99,-933.36,105,22203,2199,-93336,22203 -93336 2199 610 -495603 462099 -7330 2330
230,Southern San d'Oria,288,Chocobo,24866,270,28,497724,497776,222.03,21.99,-933.36,105,22203,2199,-93336,22203 -93336 2199 610 -495603 462099 -7330 2330
230,Southern San d'Oria,289,Pulonono,24867,270,195,498144,498300,-1359.7,-20.0,208.53,110,-135970,-2000,20853,-135970 20853 -2000 3453 40 -140030 16909 22
230,Southern San d'Oria,290,Brutus,24868,270,169,497876,497996,333.53,6.76,60.35,100,33353,676,6035,33353 6035 676 1614 12831 -29410 1699 3114
230,Southern San d'Oria,291,Zopago,24869,270,245,498752,498832,-97.07,13.99,-969.26,90,-9707,1399,-96926,-9707 -96926 1399 56 13 -8017 -93845 -664447
230,Southern San d'Oria,297,Bashraf,24875,270,101,500704,500844,231.44,19.99,-707.72,105,23144,1999,-70772,23144 -70772 1999 3922 -27810 -75572 3346 40
230,Southern San d'Oria,298,Foudeel,24876,270,79,501332,501448,226.03,19.99,-715.11,105,22603,1999,-71511,22603 -71511 1999 66 -26432 -75994 3286 40
230,Southern San d'Oria,299,Wahboud,24877,270,103,501644,501760,237.1,19.99,-716.94,105,23710,1999,-71694,23710 -71694 1999 3922 -26476 -75263 3293 40
230,Southern San d'Oria,300,Dietmund,24878,270,60,500064,500184,358.95,3.32,57.99,100,35895,332,5799,35895 5799 332 1614 8777 -27862 1699 3451
230,Southern San d'Oria,320,Alaune,24898,270,14,567616,567772,-1033.33,9.99,-471.16,110,-103333,999,-47116,-103333 -47116 999 1557 -96317 -54088 2622 13
230,Southern San d'Oria,322,Lilisette,24900,270,467,586172,586328,0.13,-385.2,907.47,105,13,-38520,90747,13 90747 -38520 1535 15 -96297 83478 -6999
230,Southern San d'Oria,323,???,24901,270,7,587004,587088,0.8,1.52,21.4,90,80,152,2140,80 2140 152 0 -267376384 -1904214017 -1044439 9404415
230,Southern San d'Oria,327,Melledanne,24905,270,1,588312,588452,64.43,0.6,2.0,105,6443,60,200,6443 200 60 551 -503040 -491521 1952808959 -266441105
230,Southern San d'Oria,329,Synergy Engineer,24907,270,1,597000,597012,-585.16,2.34,-545.34,90,-58516,234,-54534,-58516 -54534 234 0 1 4 14079 1234
230,Southern San d'Oria,337,Voidwatch Office,24915,270,466,670692,670764,0.01,-180.84,-1060.23,95,1,-18084,-106023,1 -106023 -18084 1999 3120 2 -354003 -163601
230,Southern San d'Oria,340,Rolandienne,24918,270,50,697500,697536,1.47,-480.13,-856.93,120,147,-48013,-85693,147 -85693 -48013 1000 903 -84072 -47123 1199
230,Southern San d'Oria,341,???,24919,270,32,713420,713464,-938.01,10.0,-502.35,90,-93801,1000,-50235,-93801 -50235 1000 26 11927552 -1241481216 8388864 528482866
230,Southern San d'Oria,342,A.M.A.N. Reclaim,24920,270,1,713176,713240,155.68,-0.1,155.69,90,15568,-10,15569,15568 15569 -10 162 -1029632 -491521 -129335297 -260046849
230,Southern San d'Oria,345,Urbiolaine,24923,270,93,715876,716016,-887.18,9.99,-530.23,105,-88718,999,-53023,-88718 -53023 999 0 4 16213 16096 7
230,Southern San d'Oria,348,Invincible Shiel,24926,270,11,738672,738756,-854.68,10.0,-664.54,90,-85468,1000,-66454,-85468 -66454 1000 0 32 788603392 -2047 2228351
230,Southern San d'Oria,349,Jakoh Wahcondalo,24927,270,11,738700,738864,1.63,-493.01,-908.34,120,163,-49301,-90834,163 -90834 -49301 999 3772 -89615 -48459 1000
230,Southern San d'Oria,395,O,24973,270,23,773124,773236,-645.47,8.72,0.01,90,-64547,872,1,-64547 1 872 18 5963776 -1920 -1921 812214399
230,Southern San d'Oria,396,V,24974,270,8,773220,773236,-645.47,8.72,0.01,90,-64547,872,1,-64547 1 872 18 5963776 -1920 -1921 812214399
230,Southern San d'Oria,397,E,24975,270,8,773272,773288,-645.47,8.72,0.01,90,-64547,872,1,-64547 1 872 18 5963776 -1920 -1921 812214399
230,Southern San d'Oria,398,Y,24976,270,10,773324,773340,-645.47,8.72,0.01,90,-64547,872,1,-64547 1 872 18 5963776 -1920 -1921 812214399
230,Southern San d'Oria,399,U,24977,270,8,773376,773392,-645.47,8.72,0.01,90,-64547,872,1,-64547 1 872 18 5963776 -1920 -1921 812214399
230,Southern San d'Oria,504,Estiliphire,25082,270,1,779756,779928,-11.04,-19.99,409.46,120,-1104,-1999,40946,-1104 40946 -1999 3045 1157 41082 3147 28362
230,Southern San d'Oria,656,Spriggan Gravero,25234,270,29,854036,854184,1096.77,0.0,-536.26,110,109677,0,-53626,109677 -53626 0 2557 107244 -51301 2548 30
230,Southern San d'Oria,691,Iroha,25271,270,243,862064,862244,-354.9,1.58,-619.83,90,-35490,158,-61983,-35490 -61983 158 0 120 200 27 16930
230,Southern San d'Oria,692,Lion,25272,270,17,869724,869804,-190.99,8.3,3.26,105,-19099,830,326,-19099 326 830 1467 -2772 146020 -209000 0
230,Southern San d'Oria,693,Zeid,25273,270,16,869736,869804,-190.99,8.3,3.26,105,-19099,830,326,-19099 326 830 1467 -2772 146020 -209000 0
230,Southern San d'Oria,695,Selh'teus,25275,270,16,862076,862244,-354.9,1.58,-619.83,90,-35490,158,-61983,-35490 -61983 158 0 120 200 27 16930
231,Northern San d'Oria,2,Trion,28674,270,265,82708,82848,-100.81,-1.99,-4.61,120,-10081,-199,-461,-10081 -461 -199 1535 11516 11517 11518 455
231,Northern San d'Oria,3,Pieuje,28675,270,272,33260,33416,-8.96,-23.55,1399.16,95,-896,-2355,139916,-896 139916 -2355 1052 10 -991 136498 125
231,Northern San d'Oria,4,Claidie,28676,270,70,82680,82848,-100.81,-1.99,-4.61,120,-10081,-199,-461,-10081 -461 -199 1535 11516 11517 11518 455
231,Northern San d'Oria,6,Bacherume,28678,270,32,37580,37640,-29.45,0.0,985.4,120,-2945,0,98540,-2945 98540 0 1992 -2000 13 -3827 107453
231,Northern San d'Oria,9,Ailbeche,28681,270,126,37884,38064,0.35,106.5,-57.69,120,35,10650,-5769,35 -5769 10650 990 -10599 20248 60 -6847
231,Northern San d'Oria,12,Miageau,28684,270,15,45592,45704,-1395.35,119.99,1981.91,90,-139535,11999,198191,-139535 198191 11999 2256 20 11189 30 11190
231,Northern San d'Oria,18,Fittesegat,28690,270,13,55920,56056,758.33,-111.32,30.09,105,75833,-11132,3009,75833 3009 -11132 3455 -199 142139 139514 1156
231,Northern San d'Oria,21,Malfine,28693,270,19,57172,57316,-82.05,-3.0,937.45,105,-8205,-300,93745,-8205 93745 -300 3129 192 -130351104 8388607 33554688
231,Northern San d'Oria,27,Morjean,28699,270,3,53268,53332,-106.79,-1.99,80.06,105,-10679,-199,8006,-10679 8006 -199 3860 60 3660 4060 110
231,Northern San d'Oria,36,Ulycille,28708,270,10,82724,82848,-100.81,-1.99,-4.61,120,-10081,-199,-461,-10081 -461 -199 1535 11516 11517 11518 455
231,Northern San d'Oria,39,Cauzeriste,28711,270,4,89460,89524,-90.53,-1.99,973.98,90,-9053,-199,97398,-9053 97398 -199 3616 68 3604480 41943424 8389504
231,Northern San d'Oria,40,Chaupire,28712,270,2,89612,89652,-101.76,-1.99,44.91,90,-10176,-199,4491,-10176 4491 -199 309 57 -1845485056 -2047 -2147469441
231,Northern San d'Oria,41,Aurege,28713,270,13,89732,89880,84.17,-1.99,944.77,105,8417,-199,94477,8417 94477 -199 2615 415 -1040896 1886355455 -125829018
231,Northern San d'Oria,42,Guilberdrier,28714,270,8,90316,90412,-111.3,-1.99,939.85,90,-11130,-199,93985,-11130 93985 -199 3880 340 -266469376 1870659583 -2147457424
231,Northern San d'Oria,47,Doggomehr,28719,270,4,123780,123840,819.2,2.49,644.63,100,81920,249,64463,81920 64463 249 3324 -8492 7418 -199 3857
231,Northern San d'Oria,48,Lucretia,28720,270,4,123560,123596,-1343.32,59.99,1772.73,110,-134332,5999,177273,-134332 177273 5999 2541 -142746 186178 11999 -145615
231,Northern San d'Oria,50,Miaux,28722,270,101,109112,109284,-1873.28,120.01,1436.88,110,-187328,12001,143688,-187328 143688 12001 2036 -191162 143832 10985 -193981
231,Northern San d'Oria,51,Ranchuriome,28723,270,37,110584,110644,-1757.05,119.99,1612.54,95,-175705,11999,161254,-175705 161254 11999 1718 -173132 247700 0 2929
231,Northern San d'Oria,52,Brugaire,28724,270,8,110528,110644,-1757.05,119.99,1612.54,95,-175705,11999,161254,-175705 161254 11999 1718 -173132 247700 0 2929
231,Northern San d'Oria,62,Baraka,28734,270,1,117656,117744,366.38,-20.0,-22.55,120,36638,-2000,-2255,36638 -2255 -2000 3049 18756 120 15 99
231,Northern San d'Oria,64,Lion,28736,270,65,119328,119428,-19.99,-29.75,404.36,105,-1999,-2975,40436,-1999 40436 -2975 30 1802 95 11418 96
231,Northern San d'Oria,68,Pikiki,28740,270,1,121016,121180,366.38,-20.0,-22.55,120,36638,-2000,-2255,36638 -2255 -2000 3049 18756 120 15 99
231,Northern San d'Oria,69,Heruze-Moruze,28741,270,1,121092,121180,366.38,-20.0,-22.55,120,36638,-2000,-2255,36638 -2255 -2000 3049 18756 120 15 99
231,Northern San d'Oria,70,Pala Korin,28742,270,1,123356,123480,-106.9,-1.99,-16.82,120,-10690,-199,-1682,-10690 -1682 -199 3409 60 3179 30 3479
231,Northern San d'Oria,71,Lion,28743,270,65,122756,122856,-19.99,328.95,-556.81,105,-1999,32895,-55681,-1999 -55681 32895 30 3383 95 11419 96
231,Northern San d'Oria,73,Boncort,28745,270,17,98416,98504,-15.09,0.0,-17.29,120,-1509,0,-1729,-1509 -1729 0 1039 -2261 -33496 4367 11236
231,Northern San d'Oria,74,Montaube,28746,270,21,98972,99080,-1458.4,-1.98,570.15,110,-145840,-198,57015,-145840 57015 -198 1760 90238 77067 1749 3638
231,Northern San d'Oria,75,Madaline,28747,270,6,111004,111060,26.22,0.0,-207.38,120,2622,0,-20738,2622 -20738 0 3128 3762 -5815 200 131
231,Northern San d'Oria,76,Telmoda,28748,270,11,111520,111596,36.22,0.0,-207.38,120,3622,0,-20738,3622 -20738 0 3128 4762 -5815 30 11394
231,Northern San d'Oria,81,Maurinne,28753,270,3,123452,123480,-106.9,-1.99,-16.82,120,-10690,-199,-1682,-10690 -1682 -199 3409 60 3179 30 3479
231,Northern San d'Oria,100,Antonian,28772,270,1,538600,538752,426.15,0.35,-1.99,100,42615,35,-199,42615 -199 35 621 15 18272 91 2350
231,Northern San d'Oria,102,Anilla,28774,270,48,123960,124004,-107.87,-1.99,17.63,105,-10787,-199,1763,-10787 1763 -199 175 30 11521 45 11523
231,Northern San d'Oria,106,Millechuca,28778,270,1,110976,111060,26.22,0.0,-207.38,120,2622,0,-20738,2622 -20738 0 3128 3762 -5815 200 131
231,Northern San d'Oria,129,Icoua,28801,270,3,196736,196800,-112.96,-1.99,26.76,90,-11296,-199,2676,-11296 2676 -199 4065 50 30 7297 7298
231,Northern San d'Oria,130,Shomo Pochachilo,28802,270,5,196760,196800,-112.96,-1.99,26.76,90,-11296,-199,2676,-11296 2676 -199 4065 50 30 7297 7298
231,Northern San d'Oria,146,Door:Royal Armou,28818,270,1,346368,346536,66.07,0.6,2.0,105,6607,60,200,6607 200 60 551 -503040 -491521 1952808959 -266441105
231,Northern San d'Oria,147,Door:Blacksmiths,28819,270,1,280680,280784,1497.76,-83.98,1310.63,90,149776,-8398,131063,149776 131063 -8398 3126 145318 133470 0 3505
231,Northern San d'Oria,148,Door:Blacksmiths,28820,270,5,280636,280784,1497.76,-83.98,1310.63,90,149776,-8398,131063,149776 131063 -8398 3126 145318 133470 0 3505
231,Northern San d'Oria,151,Door:Windurstian,28823,270,3,123308,123480,-106.9,-1.99,-16.82,120,-10690,-199,-1682,-10690 -1682 -199 3409 60 3179 30 3479
231,Northern San d'Oria,174,Rainemard,28847,270,67,275176,275360,951.74,-146.83,-10.0,120,95174,-14683,-1000,95174 -1000 -14683 3087 13 13255 1290 89378
231,Northern San d'Oria,179,Ferdechiond,28852,270,23,274892,275024,854.9,0.24,122.35,90,85490,24,12235,85490 12235 24 198 -2147469568 -2147319807 1711308803 -491516
231,Northern San d'Oria,187,Milchupain,28860,270,8,54936,55060,30.25,-128.61,-10.0,120,3025,-12861,-1000,3025 -1000 -12861 3087 13 15077 1290 91200
231,Northern San d'Oria,189,Destin,28862,270,67,98300,98484,-1468.59,-51.98,552.17,95,-146859,-5198,55217,-146859 55217 -5198 20 11234 -1509 -1729 0
231,Northern San d'Oria,190,Vilbert,28863,270,43,40824,40924,246.84,0.6,4.99,100,24684,60,499,24684 499 60 3450 -4724 26891 30 193
231,Northern San d'Oria,191,Zarnei-Hamnei,28864,270,42,41152,41252,282.37,0.3,0.85,90,28237,30,85,28237 85 30 142 -2147469568 -2147319807 570458115 -2147207423
231,Northern San d'Oria,196,Rochefogne,28869,270,249,34496,34588,1353.78,-83.98,1373.64,110,135378,-8398,137364,135378 137364 -8398 584 1000 -14683 3087 13
231,Northern San d'Oria,199,Gulmama,28872,270,237,306788,306960,337.08,74.99,-394.25,105,33708,7499,-39425,33708 -39425 7499 1440 4 -188658 109275 0
231,Northern San d'Oria,200,Castilchat,28873,270,47,306848,306960,337.08,74.99,-394.25,105,33708,7499,-39425,33708 -39425 7499 1440 4 -188658 109275 0
231,Northern San d'Oria,201,???,28874,270,49,308536,308572,539.03,74.99,-438.01,105,53903,7499,-43801,53903 -43801 7499 2086 4 -178308 95537 0
231,Northern San d'Oria,202,Talking Doll,28875,270,15,308828,308916,286.07,-168.25,585.57,120,28607,-16825,58557,28607 58557 -16825 974 36082 -40352 8000 400
231,Northern San d'Oria,206,Rochefogne,28879,270,73,280712,280784,1497.76,-83.98,1310.63,90,149776,-8398,131063,149776 131063 -8398 3126 145318 133470 0 3505
231,Northern San d'Oria,244,Ulmia,28919,270,65,281776,281928,1336.64,-30.0,37.52,90,133664,-3000,3752,133664 3752 -3000 3000 141897 138079 3827 146866
231,Northern San d'Oria,246,Chasalvige,28921,270,110,334408,334548,964.32,-5.2,1340.46,90,96432,-520,134046,96432 134046 -520 573 133000 125000 6499 3767
231,Northern San d'Oria,249,Jufaue,28924,270,1,313076,313216,66.07,0.6,2.0,105,6607,60,200,6607 200 60 551 -503040 -491521 1952808959 -266441105
231,Northern San d'Oria,262,Durogg,28937,270,1,346396,346536,66.07,0.6,2.0,105,6607,60,200,6607 200 60 551 -503040 -491521 1952808959 -266441105
231,Northern San d'Oria,272,Halver,28947,270,45,407184,407248,5.04,-14.99,98.92,90,504,-1499,9892,504 9892 -1499 80 2228224 -524241 -127107073 8388607
231,Northern San d'Oria,275,Voidwatch Purvey,28951,270,1,507460,507472,-631.35,0.44,-646.59,90,-63135,44,-64659,-63135 -64659 44 0 1 2 18198 3434
231,Northern San d'Oria,357,Moogle,29033,270,1,515964,516132,-1135.0,-7.87,670.0,95,-113500,-787,67000,-113500 67000 -787 30 640 5 6 7
231,Northern San d'Oria,421,Suspicious Elvaa,29097,270,1,538632,538752,426.15,0.35,-1.99,100,42615,35,-199,42615 -199 35 621 15 18272 91 2350
231,Northern San d'Oria,430,Lion,29107,270,2,565308,565388,-190.99,8.3,3.26,105,-19099,830,326,-19099 326 830 1467 -2772 146020 -209000 0
231,Northern San d'Oria,431,Zeid,29108,270,2,565320,565388,-190.99,8.3,3.26,105,-19099,830,326,-19099 326 830 1467 -2772 146020 -209000 0
232,Port San d'Oria,5,Callort,32773,270,1,17592,17756,-29.81,-39.99,-829.22,105,-2981,-3999,-82922,-2981 -82922 -3999 2027 40 -45979 -84247 8076
232,Port San d'Oria,6,Esca,32774,270,31,17716,17784,80.76,-40.0,-770.64,120,8076,-4000,-77064,8076 -77064 -4000 1818 1000 1024 80 -11263
232,Port San d'Oria,7,Miene,32775,270,36,17976,18100,185.77,-39.99,-716.67,120,18577,-3999,-71667,18577 -71667 -3999 1759 -15265 -95821 200 0
232,Port San d'Oria,8,Altiret,32776,270,50,19176,19296,375.61,-9.99,-476.74,120,37561,-999,-47674,37561 -47674 -999 3072 7480 30 7481 7474
232,Port San d'Oria,9,Morjean,32777,270,3,19860,19912,-679.94,0.6,-40.0,120,-67994,60,-4000,-67994 -4000 60 1200 1400 30 80 151006976
232,Port San d'Oria,10,Thierride,32778,270,127,20020,20108,-724.01,40.95,-39.99,105,-72401,4095,-3999,-72401 -3999 4095 13 19560 -71158 30 7424
232,Port San d'Oria,11,Gulemont,32779,270,42,20988,21144,46.0,-39.99,-755.0,120,4600,-3999,-75500,4600 -75500 -3999 2048 13 -19000 526 1684626944
232,Port San d'Oria,12,Ilgusin,32780,270,40,21700,21780,44.5,-39.99,-770.0,120,4450,-3999,-77000,4450 -77000 -3999 2048 13 -18850 99 1684626944
232,Port San d'Oria,13,Antreneau,32781,270,62,24580,24744,470.0,-10.0,-460.0,105,47000,-1000,-46000,47000 -46000 -1000 1880 13 33000 -51000 25200
232,Port San d'Oria,14,Nogelle,32782,270,43,24600,24744,470.0,-10.0,-460.0,105,47000,-1000,-46000,47000 -46000 -1000 1880 13 33000 -51000 25200
232,Port San d'Oria,15,Croumangue,32783,270,6,25068,25124,470.0,-10.0,-469.0,105,47000,-1000,-46900,47000 -46900 -1000 1880 13 33000 -51900 26000
232,Port San d'Oria,17,Portaure,32785,270,45,26144,26332,-40.0,0.4,11.22,120,-4000,40,1122,-4000 1122 40 3297 -104375 60 537 -1040896
232,Port San d'Oria,18,Item100,32786,270,1,20964,21144,46.0,-39.99,-755.0,120,4600,-3999,-75500,4600 -75500 -3999 2048 13 -19000 526 1684626944
232,Port San d'Oria,19,Regine,32787,270,26,28124,28196,-33.12,-39.99,-708.31,105,-3312,-3999,-70831,-3312 -70831 -3999 2089 40 -11444 -69399 -14945
232,Port San d'Oria,21,Paulinne,32789,270,5,28168,28196,-33.12,-39.99,-708.31,105,-3312,-3999,-70831,-3312 -70831 -3999 2089 40 -11444 -69399 -14945
232,Port San d'Oria,22,Anton,32790,270,2,28292,28356,-116.6,-80.0,279.17,90,-11660,-8000,27917,-11660 27917 -8000 205 -1040896 1886355455 -125829018 -125829121
232,Port San d'Oria,30,Gournaie,32798,270,1,126256,126380,82.01,2.36,82.0,105,8201,236,8200,8201 8200 236 1536 -4066 -2147476097 -2147408861 32770
232,Port San d'Oria,57,Marquie,32825,270,1,32072,32252,-449.71,-39.99,-375.08,105,-44971,-3999,-37508,-44971 -37508 -3999 3677 20 7667 30 70
232,Port San d'Oria,58,Crilde,32826,270,1,32152,32252,-449.71,-39.99,-375.08,105,-44971,-3999,-37508,-44971 -37508 -3999 3677 20 7667 30 70
232,Port San d'Oria,59,Eaugouint,32827,270,6,32224,32252,-449.71,-39.99,-375.08,105,-44971,-3999,-37508,-44971 -37508 -3999 3677 20 7667 30 70
232,Port San d'Oria,69,Diraulate,32837,270,1,42028,42188,-432.92,-39.99,-324.64,120,-43292,-3999,-32464,-43292 -32464 -3999 3078 -43126 -29985 -42069 -14358
232,Port San d'Oria,70,Answald,32838,270,8,42148,42188,-432.92,-39.99,-324.64,120,-43292,-3999,-32464,-43292 -32464 -3999 3078 -43126 -29985 -42069 -14358
232,Port San d'Oria,71,Arminibit,32839,270,60,42396,42540,78.89,78.9,0.6,105,7889,7890,60,7889 60 7890 30 -888 -113694 -4000 3323
232,Port San d'Oria,73,Brugaire,32841,270,204,43772,43936,-1177.37,40.86,-70.63,110,-117737,4086,-7063,-117737 -7063 4086 1983 -122701 2404 2443 -122168
232,Port San d'Oria,74,Felippe,32842,270,26,44844,44928,39.84,-40.0,-980.7,120,3984,-4000,-98070,3984 -98070 -4000 1044 1782 -104567 3935 -93405
232,Port San d'Oria,75,Rahal,32843,270,16,45152,45204,-79.99,0.13,30.76,105,-7999,13,3076,-7999 3076 13 4034 -125115 -8000 4091 -130454
232,Port San d'Oria,76,Artinien,32844,270,7,46036,46116,-381.81,-40.0,-331.57,120,-38181,-4000,-33157,-38181 -33157 -4000 3391 13 -41186 -42966 -3999
232,Port San d'Oria,77,Brifalien,32845,270,5,45952,46116,-381.81,-40.0,-331.57,120,-38181,-4000,-33157,-38181 -33157 -4000 3391 13 -41186 -42966 -3999
232,Port San d'Oria,78,Cherlodeau,32846,270,3,45964,46116,-381.81,-40.0,-331.57,120,-38181,-4000,-33157,-38181 -33157 -4000 3391 13 -41186 -42966 -3999
232,Port San d'Oria,79,Bellue,32847,270,8,46076,46116,-381.81,-40.0,-331.57,120,-38181,-4000,-33157,-38181 -33157 -4000 3391 13 -41186 -42966 -3999
232,Port San d'Oria,80,Bonarpant,32848,270,10,46312,46364,-269.23,2.6,-40.0,120,-26923,260,-4000,-26923 -4000 260 2000 -41878 -38941 20 7907
232,Port San d'Oria,81,Prietta,32849,270,13,46628,46680,-276.88,2.98,-39.99,120,-27688,298,-3999,-27688 -3999 298 2000 -43111 -38852 -4000 30
232,Port San d'Oria,83,Maunadolace,32851,270,9,47028,47140,79.13,79.14,0.3,90,7913,7914,30,7913 30 7914 68 -2142025216 -1048306 1987018751 17727571
232,Port San d'Oria,84,Chocobo,32852,270,1,47116,47140,79.13,79.14,0.3,90,7913,7914,30,7913 30 7914 68 -2142025216 -1048306 1987018751 17727571
232,Port San d'Oria,97,"Door:""Rusty Anch",32865,270,8,126200,126380,82.01,2.36,82.0,105,8201,236,8200,8201 8200 236 1536 -4066 -2147476097 -2147408861 32770
232,Port San d'Oria,102,Door:Regine's Ma,32870,270,1,28060,28196,-33.12,-39.99,-708.31,105,-3312,-3999,-70831,-3312 -70831 -3999 2089 40 -11444 -69399 -14945
232,Port San d'Oria,104,Door:Arrivals Ex,32872,270,5,102024,102120,-116.6,-80.0,279.17,90,-11660,-8000,27917,-11660 27917 -8000 166 658636800 -3996 1680483967 2147483632
232,Port San d'Oria,106,Door:Departures,32874,270,4,102064,102120,-116.6,-80.0,279.17,90,-11660,-8000,27917,-11660 27917 -8000 166 658636800 -3996 1680483967 2147483632
232,Port San d'Oria,112,Ulmia,32880,270,93,15328,15400,-365.79,-40.0,-312.31,120,-36579,-4000,-31231,-36579 -31231 -4000 2048 1000 13 1500 40
232,Port San d'Oria,113,Shikaree X,32881,270,50,15872,15932,-39.99,0.13,2.56,120,-3999,13,256,-3999 256 13 1500 -39563 -31252 0 -5000
232,Port San d'Oria,127,Dabbio,32896,270,1,145736,145876,64.43,0.6,2.0,105,6443,60,200,6443 200 60 551 -503040 -491521 1952808959 -266441105
232,Port San d'Oria,139,Synergy Engineer,32908,270,1,227620,227632,-585.16,2.34,-545.34,90,-58516,234,-54534,-58516 -54534 234 0 1 4 11434 1234
232,Port San d'Oria,159,Lilisette,32928,270,68,276076,276164,-489.21,-40.0,-380.07,90,-48921,-4000,-38007,-48921 -38007 -4000 0 1 128 95 3276800
232,Port San d'Oria,160,Thierride,32929,270,60,276380,276524,-675.17,-54.96,-321.11,120,-67517,-5496,-32111,-67517 -32111 -5496 3096 -67449 -29000 3011 365
232,Port San d'Oria,161,???,32930,270,18,276460,276524,-675.17,-54.96,-321.11,120,-67517,-5496,-32111,-67517 -32111 -5496 3096 -67449 -29000 3011 365
232,Port San d'Oria,173,Lion,32943,270,2,297872,297952,-190.99,8.3,3.26,105,-19099,830,326,-19099 326 830 1467 -2772 146020 -209000 0
232,Port San d'Oria,174,Zeid,32944,270,2,297884,297952,-190.99,8.3,3.26,105,-19099,830,326,-19099 326 830 1467 -2772 146020 -209000 0
233,Chateau d'Oraguille,1,Destin,36865,270,230,39856,40036,0.0,-15.0,199.7,120,0,-1500,19970,0 19970 -1500 977 42433 -3398 1024 12710
233,Chateau d'Oraguille,2,Destin,36866,270,231,39912,40036,0.0,-15.0,199.7,120,0,-1500,19970,0 19970 -1500 977 42433 -3398 1024 12710
233,Chateau d'Oraguille,3,Trion,36867,270,766,107044,107104,-375.15,-37.49,743.58,105,-37515,-3749,74358,-37515 74358 -3749 2995 13 -37315 85441 -37279
233,Chateau d'Oraguille,4,Trion,36868,270,4,63856,63884,0.13,-15.82,-59.8,105,13,-1582,-5980,13 -5980 -1582 0 3955 13 -755 59
233,Chateau d'Oraguille,5,Pieuje,36869,270,683,107936,108056,0.0,370.0,-25.0,120,0,37000,-2500,0 -2500 37000 660 19635 -1499 993 120
233,Chateau d'Oraguille,6,Claidie,36870,270,621,106564,106628,-3.02,0.0,-60.07,105,-302,0,-6007,-302 -6007 0 4045 1031 60 13 -30
233,Chateau d'Oraguille,9,Rahal,36873,270,41,66816,66892,0.4,-25.73,-316.58,105,40,-2573,-31658,40 -31658 -2573 0 -30650 -2745 3677 -30436
233,Chateau d'Oraguille,10,Milchupain,36874,270,95,67280,67420,-0.36,0.0,-148.32,120,-36,0,-14832,-36 -14832 0 3076 40 -6790 -2770 -4314
233,Chateau d'Oraguille,11,Aramaviont,36875,270,66,68064,68252,-61.03,0.26,39.08,120,-6103,26,3908,-6103 3908 26 3087 -26869 -6021 29 439
233,Chateau d'Oraguille,13,Curilla,36877,270,3,74612,74652,-23.43,22.48,0.0,105,-2343,2248,0,-2343 0 2248 13 2710 -964 60 10833
233,Chateau d'Oraguille,15,Tombstone,36879,270,13,79576,79728,0.07,-130.64,-27.7,105,7,-13064,-2770,7 -2770 -13064 0 10 7186 30 7187
233,Chateau d'Oraguille,16,Mistaravant,36880,270,7,79704,79728,0.07,-130.64,-27.7,105,7,-13064,-2770,7 -2770 -13064 0 10 7186 30 7187
233,Chateau d'Oraguille,18,Ferdechiond,36882,270,39,80108,80220,-364.64,-37.49,799.3,120,-36464,-3749,79930,-36464 79930 -3749 1988 -3077 9322 -1499 512
233,Chateau d'Oraguille,19,Chaphoire,36883,270,38,80528,80644,839.49,3.75,-37.49,120,83949,375,-3749,83949 -3749 375 3077 9322 -1499 1536 13
233,Chateau d'Oraguille,20,Arsha,36884,270,32,80948,81048,-395.91,-37.64,821.9,105,-39591,-3764,82190,-39591 82190 -3764 375 3467 3726 0 2048
233,Chateau d'Oraguille,21,Chupaile,36885,270,32,81384,81484,-395.91,-37.49,799.3,105,-39591,-3749,79930,-39591 79930 -3749 375 -3467 3726 0 13
233,Chateau d'Oraguille,23,Michilca,36887,270,7,81932,82060,0.05,-95.64,-27.7,105,5,-9564,-2770,5 -2770 -9564 0 30 7236 48 3604480
233,Chateau d'Oraguille,24,Atoranne,36888,270,7,82036,82060,0.05,-95.64,-27.7,105,5,-9564,-2770,5 -2770 -9564 0 30 7236 48 3604480
233,Chateau d'Oraguille,25,Cotelle,36889,270,7,82136,82160,0.05,-78.14,-27.7,105,5,-7814,-2770,5 -2770 -7814 0 30 7237 48 3604480
233,Chateau d'Oraguille,26,Doumina,36890,270,7,82236,82264,0.05,-60.64,-27.7,105,5,-6064,-2770,5 -2770 -6064 0 30 7238 51 3604480
233,Chateau d'Oraguille,27,Perfaumand,36891,270,86,82344,82504,-405.85,-40.5,774.55,105,-40585,-4050,77455,-40585 77455 -4050 2947 13 -38094 77062 -3751
233,Chateau d'Oraguille,28,Nachou,36892,270,17,83272,83308,0.05,-60.64,-27.7,105,5,-6064,-2770,5 -2770 -6064 0 30 7240 53 3604480
233,Chateau d'Oraguille,40,Door:Prince Roya,36904,270,60,83392,83556,-379.42,-37.49,775.5,105,-37942,-3749,77550,-37942 77550 -3749 3072 90 -38048 73598 1024
233,Chateau d'Oraguille,41,Door:Prince Rege,36905,270,12,86664,86776,-380.09,-37.49,268.28,120,-38009,-3749,26828,-38009 26828 -3749 1024 90 -37995 30389 3072
233,Chateau d'Oraguille,50,Vilbert,36914,270,16,106904,106936,-380.14,-37.49,744.56,105,-38014,-3749,74456,-38014 74456 -3749 3019 13 -38029 78070 -3751
233,Chateau d'Oraguille,51,Ailbeche,36915,270,21,107456,107624,-378.94,-40.5,184.39,120,-37894,-4050,18439,-37894 18439 -4050 1448 13 20439 -37397 29498
233,Chateau d'Oraguille,52,Exoroche,36916,270,83,80464,80644,839.49,3.75,-37.49,120,83949,375,-3749,83949 -3749 375 3077 9322 -1499 1536 13
233,Chateau d'Oraguille,61,Narcheral,36926,270,82,107588,107624,-378.94,-40.5,184.39,120,-37894,-4050,18439,-37894 18439 -4050 1448 13 20439 -37397 29498
233,Chateau d'Oraguille,62,Jeronne,36927,270,35,107756,107792,-380.04,-37.64,293.54,120,-38004,-3764,29354,-38004 29354 -3764 1087 -37208 31633 -3499 1434
233,Chateau d'Oraguille,65,Rochefogne,36930,270,98,108852,108980,0.0,-29.99,370.52,105,0,-2999,37052,0 37052 -2999 3024 -91754 77541 -95017 76011
233,Chateau d'Oraguille,68,Ranperre,36933,270,6,112376,112428,-0.36,-33.98,418.43,120,-36,-3398,41843,-36 41843 -3398 1030 3072 115 30 116
233,Chateau d'Oraguille,69,Erpalacion,36934,270,17,112632,112708,0.0,-29.99,321.35,90,0,-2999,32135,0 32135 -2999 144 -2147469568 -2147319807 1711308803 -1874427900
233,Chateau d'Oraguille,75,4,36940,270,4,113696,113860,5.35,0.6,-59.41,120,535,60,-5941,535 -5941 60 3293 27 -14261 29 161
233,Chateau d'Oraguille,76,Guilerme,36941,270,26,68724,68824,-143.09,-31.59,228.74,120,-14309,-3159,22874,-14309 22874 -3159 3576 24197 -1895 21404 -4023
233,Chateau d'Oraguille,77,Bacherume,36942,270,35,69112,69236,-141.66,-7.38,40.37,120,-14166,-738,4037,-14166 4037 -738 2131 2532 -264 963 -5635
233,Chateau d'Oraguille,78,Phaviane,36943,270,15,69652,69748,3.06,0.6,-54.12,120,306,60,-5412,306 -5412 60 1239 27 -14261 22367 -2325
233,Chateau d'Oraguille,80,Vijartal,36945,270,42,113784,113860,5.35,0.6,-59.41,120,535,60,-5941,535 -5941 60 3293 27 -14261 29 161
233,Chateau d'Oraguille,81,EVENTER,36947,270,3,114260,114364,273.43,1.59,-4.56,100,27343,159,-456,27343 -456 159 650 8547 2501 140 45
233,Chateau d'Oraguille,82,Chaloutte,36948,270,1,122296,122436,66.07,0.6,2.0,105,6607,60,200,6607 200 60 551 -503040 -491521 1952808959 -266441105
233,Chateau d'Oraguille,83,???,36949,270,3,123004,123032,-649.62,0.09,0.0,90,-64962,9,0,-64962 0 9 0 268573696 -256 17731670 8
233,Chateau d'Oraguille,86,Travialce,36952,270,47,129740,129788,0.0,-20.0,36.59,105,0,-2000,3659,0 3659 -2000 13 21 -3340 2548 120
233,Chateau d'Oraguille,92,Halver,36958,270,20,134332,134472,0.19,-14.84,22.63,120,19,-1484,2263,19 2263 -1484 3102 43255 -3400 1086 -1459
233,Chateau d'Oraguille,99,Trion,36966,270,754,193832,194012,-380.0,-37.49,883.06,120,-38000,-3749,88306,-38000 88306 -3749 1024 -36509 87418 -3750 2199
233,Chateau d'Oraguille,100,Trion,36967,270,30,225408,225444,-649.44,1.17,0.06,90,-64944,117,6,-64944 6 117 30 13 -38726 82622 -3749
233,Chateau d'Oraguille,109,Memorian,36976,270,96,234880,234940,-373.76,-37.5,847.14,120,-37376,-3750,84714,-37376 84714 -3750 2043 -37320 76682 -28569 -5891
234,Bastok Mines,2,Hani,40962,270,25,24892,24928,-461.02,0.0,264.19,120,-46102,0,26419,-46102 26419 0 2336 -50793 22217 10 13
234,Bastok Mines,3,Deidogg,40963,270,124,25032,25208,110.99,-363.59,-1588.17,110,11099,-36359,-158817,11099 -158817 -36359 2606 -16465 27162 6999 2501
234,Bastok Mines,4,Gumbah,40964,270,1454,24840,24928,-461.02,0.0,264.19,120,-46102,0,26419,-46102 26419 0 2336 -50793 22217 10 13
234,Bastok Mines,5,Echo Hawk,40965,270,20,28752,28840,-1538.83,0.0,-324.07,110,-153883,0,-32407,-153883 -32407 0 2181 -20405 28361 6999 2431
234,Bastok Mines,6,Rashid,40966,270,23,29060,29148,-260.35,0.0,-997.65,105,-26035,0,-99765,-26035 -99765 0 2757 13 -1653 -116418 -999
234,Bastok Mines,8,Deadly Spider,40968,270,6,48228,48268,-1058.72,0.0,138.59,110,-105872,0,13859,-105872 13859 0 1108 13 -105938 -20544 10540
234,Bastok Mines,9,Wyvern Tail,40969,270,9,24740,24928,-461.02,0.0,264.19,120,-46102,0,26419,-46102 26419 0 2336 -50793 22217 10 13
234,Bastok Mines,11,Mydon,40971,270,28,51272,51344,115.41,317.53,-360.4,120,11541,31753,-36040,11541 -36040 31753 579 -38896 40865 1209 60
234,Bastok Mines,12,Drangord,40972,270,24,49996,50152,-1607.47,0.0,-380.77,110,-160747,0,-38077,-160747 -38077 0 2805 1 14108 2 14198
234,Bastok Mines,13,Gerbaum,40973,270,5,50504,50684,26.44,281.99,-354.07,120,2644,28199,-35407,2644 -35407 28199 1320 -23371 27900 6999 -21944
234,Bastok Mines,14,Nangst,40974,270,3,51140,51172,-446.24,0.0,284.3,120,-44624,0,28430,-44624 28430 0 1861 13 -50482 25029 10553
234,Bastok Mines,15,Medicine Eagle,40975,270,16,51280,51344,115.41,317.53,-360.4,120,11541,31753,-36040,11541 -36040 31753 579 -38896 40865 1209 60
234,Bastok Mines,16,Dry Bone,40976,270,1,51436,51616,-272.85,16.17,0.17,105,-27285,1617,17,-27285 17 1617 910 -266469376 494927871 606306304 -2147319807
234,Bastok Mines,18,Amar,40978,270,7,54568,54616,-357.64,0.0,-819.99,105,-35764,0,-81999,-35764 -81999 0 3300 3 10726 -161056 -35227
234,Bastok Mines,19,Wahid,40979,270,1,53940,53972,-168.8,0.0,-762.5,120,-16880,0,-76250,-16880 -76250 0 3243 600 13 -13876 -57535
234,Bastok Mines,20,Roh Latteh,40980,270,10,54328,54496,-14.01,69.99,-61.84,120,-1401,6999,-6184,-1401 -6184 6999 2084 13 -7839 -6725 37
234,Bastok Mines,21,Nbu Latteh,40981,270,14,54460,54496,-14.01,69.99,-61.84,120,-1401,6999,-6184,-1401 -6184 6999 2084 13 -7839 -6725 37
234,Bastok Mines,22,Detzo,40982,270,141,52544,52692,-1554.65,0.19,-286.13,110,-155465,19,-28613,-155465 -28613 19 1490 13 -154514 -29157 -14
234,Bastok Mines,23,Elki,40983,270,30,52928,52992,-6.42,-29.99,-533.38,120,-642,-2999,-53338,-642 -53338 -2999 2947 10643 10644 0 10645
234,Bastok Mines,29,Valeri,40989,270,1,54744,54772,-151.53,0.0,-744.18,105,-15153,0,-74418,-15153 -74418 0 2213 1 -5133 -77067 180
234,Bastok Mines,32,Titus,40992,270,5,88988,89040,2.59,-98.44,1249.12,90,259,-9844,124912,259 124912 -9844 2017 3974 342 14161 14162
234,Bastok Mines,34,Maymunah,40994,270,1,54896,54916,-104.96,0.0,-1030.06,95,-10496,0,-103006,-10496 -103006 0 1339 11 -2147469568 -2147319807 -16744445
234,Bastok Mines,36,Gawful,40996,270,8,55484,55508,-1558.26,0.0,-311.13,95,-155826,0,-31113,-155826 -31113 0 1780 17 3604480 41943424 511705984
234,Bastok Mines,37,Sodragamm,40997,270,2,55548,55692,520.87,-0.59,-373.47,105,52087,-59,-37347,52087 -37347 -59 3436 118 -1040896 1933311 23470976
234,Bastok Mines,38,Babenn,40998,270,63,55192,55296,302.06,0.6,0.15,105,30206,60,15,30206 15 60 120 -157577 -25570 0 1463
234,Bastok Mines,39,Werei,40999,270,60,55812,55908,-1558.69,-0.29,-360.06,110,-155869,-29,-36006,-155869 -36006 -29 2522 -19971 31820 6999 1340
234,Bastok Mines,40,Davyad,41000,270,17,55832,55908,-1558.69,-0.29,-360.06,110,-155869,-29,-36006,-155869 -36006 -29 2522 -19971 31820 6999 1340
234,Bastok Mines,41,Tall Mountain,41001,270,29,56060,56140,-1504.14,0.0,-419.1,110,-150414,0,-41910,-150414 -41910 0 2569 13 -16725 32011 6999
234,Bastok Mines,42,Deegis,41002,270,2,167172,167196,-1582.67,0.0,-236.89,110,-158267,0,-23689,-158267 -23689 0 3386 14108 1 30 14223
234,Bastok Mines,43,Zemedars,41003,270,2,167388,167504,-199.38,69.99,299.6,120,-19938,6999,29960,-19938 29960 6999 2099 -22892 -13235 -44 3702
234,Bastok Mines,44,Boytz,41004,270,50,167444,167504,-199.38,69.99,299.6,120,-19938,6999,29960,-19938 29960 6999 2099 -22892 -13235 -44 3702
234,Bastok Mines,45,Gelzerio,41005,270,19,217656,217708,-0.44,-98.51,-257.56,120,-44,-9851,-25756,-44 -25756 -9851 2728 -23627 -11861 -9980 -9927
234,Bastok Mines,46,Griselda,41006,270,1,54948,54976,-119.02,0.0,-1037.91,95,-11902,0,-103791,-11902 -103791 0 3769 12553 30 12563 70
234,Bastok Mines,47,Chocobo,41007,270,13,62263,62415,-2.56,-7.68,89.59,105,-256,-768,8959,-256 8959 -768 1023 1024 1737216 1737472 1737728
234,Bastok Mines,48,Chocobo,41008,270,18,62831,62983,-2.56,-7.68,89.59,105,-256,-768,8959,-256 8959 -768 1023 1024 1737216 1737472 1737728
234,Bastok Mines,49,Chocobo,41009,270,13,61780,61960,384.03,8.74,-1057.96,95,38403,874,-105796,38403 -105796 874 38 43882 -108629 750 3067
234,Bastok Mines,50,Azette,41010,270,8,61816,61960,384.03,8.74,-1057.96,95,38403,874,-105796,38403 -105796 874 38 43882 -108629 750 3067
234,Bastok Mines,51,Eulaphe,41011,270,7,62384,62528,383.06,8.74,-1049.06,95,38306,874,-104906,38306 -104906 874 256 38975 -108629 750 2971
234,Bastok Mines,52,Quelle,41012,270,7,62952,63096,377.52,8.74,-1062.61,95,37752,874,-106261,37752 -106261 874 4072 33998 -108625 750 3047
234,Bastok Mines,60,Goraow,41020,270,1,70296,70376,0.0,-341.08,-1496.37,110,0,-34108,-149637,0 -149637 -34108 1843 12553 12561 12562 260
234,Bastok Mines,61,Volker,41021,270,18,70668,70700,531.0,-0.51,-285.0,120,53100,-51,-28500,53100 -28500 -51 1081 13 53000 -34000 50605
234,Bastok Mines,79,Door:Boytz's Kni,41039,270,7,217596,217708,-0.44,-98.51,-257.56,120,-44,-9851,-25756,-44 -25756 -9851 2728 -23627 -11861 -9980 -9927
234,Bastok Mines,89,Hound Nose,41049,270,1,93372,93496,109.78,2.36,109.77,105,10978,236,10977,10978 10977 236 1536 -4066 -2147476097 -2147408861 32770
234,Bastok Mines,106,Phara,41067,270,22,166008,166144,-34.95,69.99,211.28,120,-3495,6999,21128,-3495 21128 6999 2710 13 -7587 25219 -9237
234,Bastok Mines,107,Iron Eater,41068,270,481,166028,166144,-34.95,69.99,211.28,120,-3495,6999,21128,-3495 21128 6999 2710 13 -7587 25219 -9237
234,Bastok Mines,108,Raogrimm,41069,270,14,166976,167004,-132.85,28.72,0.0,105,-13285,2872,0,-13285 0 2872 13 7370 -7389 28 -2147469568
234,Bastok Mines,109,Deidogg,41070,270,17,166892,166920,-119.82,33.4,0.0,105,-11982,3340,0,-11982 0 3340 40 8004 -5847 28 -2147469568
234,Bastok Mines,110,Gwill,41071,270,35,167060,167196,-1582.67,0.0,-236.89,110,-158267,0,-23689,-158267 -23689 0 3386 14108 1 30 14223
234,Bastok Mines,111,Povall,41072,270,50,167864,167920,-113.71,33.18,69.99,105,-11371,3318,6999,-11371 6999 3318 10 72893 -10263 40 70718
234,Bastok Mines,112,Gabbot,41073,270,60,167660,167724,303.27,-110.3,718.11,120,30327,-11030,71811,30327 71811 -11030 3355 71832 -9631 40 69418
234,Bastok Mines,113,Gorvik,41074,270,1,168036,168144,63.99,0.6,2.0,90,6399,60,200,6399 200 60 405 -503040 -491521 1952808959 -266441105
234,Bastok Mines,119,Francmage,41080,270,111,199788,199856,1608.22,-20.0,1590.81,95,160822,-2000,159081,160822 159081 -2000 3255 558576 -274709 -65 539
234,Bastok Mines,121,Yow Rabntah,41082,270,183,200240,200308,484.65,100.03,-713.55,105,48465,10003,-71355,48465 -71355 10003 857 560862 -280403 0 3126
234,Bastok Mines,122,Cornelia,41083,270,616,200468,200628,1371.04,-20.0,1199.91,110,137104,-2000,119991,137104 119991 -2000 3237 99979 -67739 996 2404
234,Bastok Mines,124,Raogrimm,41085,270,55,201292,201336,209.49,20.52,-358.95,90,20949,2052,-35895,20949 -35895 2052 10 -363167 20791 -35427 -413245
234,Bastok Mines,125,???,41086,270,5,201460,201628,1168.71,-85.0,1192.67,95,116871,-8500,119267,116871 119267 -8500 454 152862 -171415 723 -18183
234,Bastok Mines,126,Diabolos,41087,270,307,201500,201656,-181.83,-173.0,992.42,120,-18183,-17300,99242,-18183 99242 -17300 3408 191 -30457 -8057 3114
234,Bastok Mines,127,Diabolos,41088,270,10,201848,201912,-37.42,-237.5,-295.09,105,-3742,-23750,-29509,-3742 -29509 -23750 503 79 2228224 -524241 -127107073
234,Bastok Mines,128,Diabolos,41089,270,12,202012,202076,41.53,-227.5,-256.57,105,4153,-22750,-25657,4153 -25657 -22750 1445 79 2228224 -524241 -127107073
234,Bastok Mines,141,Luto Mewrilah,41102,270,19,217004,217188,-74.99,-0.42,-100.11,120,-7499,-42,-10011,-7499 -10011 -42 1976 13 -12499 -9762 -44
234,Bastok Mines,142,Fasodo-Shiraddo,41103,270,61,217124,217188,-74.99,-0.42,-100.11,120,-7499,-42,-10011,-7499 -10011 -42 1976 13 -12499 -9762 -44
234,Bastok Mines,158,Hantileon,41119,270,231,338228,338360,-140.18,0.2,0.31,105,-14018,20,31,-14018 31 20 0 43839 -111690 1374 376
234,Bastok Mines,159,Brutus,41120,270,134,338920,339040,-265.91,-29.99,-540.65,120,-26591,-2999,-54065,-26591 -54065 -2999 2832 43947 -110246 1374 750
234,Bastok Mines,160,Pulonono,41121,270,137,339256,339364,-152.63,-0.44,-67.59,105,-15263,-44,-6759,-15263 -6759 -44 671 4 1 10 24
234,Bastok Mines,161,Bashraf,41122,270,110,339800,339948,916.5,6.25,-750.58,120,91650,625,-75058,91650 -75058 625 2241 88679 -69338 3147 656686
234,Bastok Mines,162,Foudeel,41123,270,93,340456,340576,917.71,6.25,-741.96,120,91771,625,-74196,91771 -74196 625 1980 88526 -71305 3056 656981
234,Bastok Mines,163,Wahboud,41124,270,115,340832,340944,910.9,6.25,-747.67,120,91090,625,-74767,91090 -74767 625 2031 89853 -70400 3037 658834
234,Bastok Mines,180,Selliste,41141,270,13,407696,407776,104.44,-47.65,839.58,100,10444,-4765,83958,10444 83958 -4765 1024 32 10422 10423 10424
234,Bastok Mines,184,Synergy Engineer,41145,270,1,417832,417844,-585.16,2.34,-545.34,90,-58516,234,-54534,-58516 -54534 234 0 1 4 15814 1234
234,Bastok Mines,199,Prycillia,41160,270,2,472308,472436,0.15,-10.0,-1370.0,110,15,-1000,-137000,15 -137000 -1000 2047 -155700 -200 4095 -3000
234,Bastok Mines,232,O,41193,270,18,494336,494448,-649.35,8.72,0.01,90,-64935,872,1,-64935 1 872 18 5963776 -1920 -1921 812214399
234,Bastok Mines,233,V,41194,270,6,494432,494448,-649.35,8.72,0.01,90,-64935,872,1,-64935 1 872 18 5963776 -1920 -1921 812214399
234,Bastok Mines,234,E,41195,270,6,494484,494500,-649.35,8.72,0.01,90,-64935,872,1,-64935 1 872 18 5963776 -1920 -1921 812214399
234,Bastok Mines,235,Y,41196,270,8,494536,494552,-649.35,8.72,0.01,90,-64935,872,1,-64935 1 872 18 5963776 -1920 -1921 812214399
234,Bastok Mines,236,U,41197,270,6,494588,494604,-649.35,8.72,0.01,90,-64935,872,1,-64935 1 872 18 5963776 -1920 -1921 812214399
234,Bastok Mines,358,Lion,41321,270,2,553692,553772,-190.99,8.3,3.26,105,-19099,830,326,-19099 326 830 1467 -2772 146020 -209000 0
234,Bastok Mines,359,Zeid,41322,270,2,553704,553772,-190.99,8.3,3.26,105,-19099,830,326,-19099 326 830 1467 -2772 146020 -209000 0
234,Bastok Mines,384,Raebrimm,41347,270,208,632792,632964,527.07,-0.51,-330.0,105,52707,-51,-33000,52707 -33000 -51 40 -151967 -3018 0 11
234,Bastok Mines,385,Oggbi,41348,270,65,633528,633704,531.08,-0.51,-317.97,90,53108,-51,-31797,53108 -31797 -51 13 53082 -33837 50116 -18032
235,Bastok Markets,4,Gwill,45061,270,93,60560,60664,-892.82,13.22,-121.36,90,-89282,1322,-12136,-89282 -12136 1322 60 13 -276430 -89732 40
235,Bastok Markets,5,Arawn,45062,270,56,68420,68592,-939.7,75.17,-120.0,105,-93970,7517,-12000,-93970 -12000 7517 102 7518 7519 7520 10
235,Bastok Markets,6,Emrys,45063,270,48,68984,69160,-100.03,3.0,34.52,90,-10003,300,3452,-10003 3452 300 60 40 -301150 -120545 -278467
235,Bastok Markets,9,Dalzakk,45066,270,71,86344,86420,-915.7,18.45,-121.36,90,-91570,1845,-12136,-91570 -12136 1845 60 13 -275671 -90488 30
235,Bastok Markets,10,Valdemar,45067,270,83,86140,86180,-915.7,18.45,-121.36,90,-91570,1845,-12136,-91570 -12136 1845 13 -276732 -91616 10 -277858
235,Bastok Markets,11,Teerth,45068,270,1,68348,68376,-103.19,0.65,36.08,90,-10319,65,3608,-10319 3608 65 26 -2147469568 -2147319807 73105411 -1920
235,Bastok Markets,18,Nudara,45075,270,1,61600,61628,-1601.27,15.15,-103.19,95,-160127,1515,-10319,-160127 -10319 1515 60 7498 7499 7500 7501
235,Bastok Markets,19,Khonzon,45076,270,1,84664,84684,-1860.03,-60.0,-1142.08,95,-186003,-6000,-114208,-186003 -114208 -6000 1122 11 -2147469568 -2147319807 -16744445
235,Bastok Markets,21,Zhikkom,45078,270,2,84716,84740,-1995.79,19.99,-1431.85,95,-199579,1999,-143185,-199579 -143185 1999 3060 13 -199378 -118142 -5999
235,Bastok Markets,24,Brunhilde,45081,270,1,68276,68304,-103.19,0.1,21.87,90,-10319,10,2187,-10319 2187 10 26 -2147469568 -2147319807 73826307 -1920
235,Bastok Markets,27,Mjoll,45084,270,1,61232,61260,-103.19,0.7,35.02,90,-10319,70,3502,-10319 3502 70 26 -2147469568 -2147319807 73105411 -1920
235,Bastok Markets,40,Lavinia,45097,270,2,65560,65616,75.13,75.14,0.0,90,7513,7514,0,7513 0 7514 55 -2147469568 -2147319807 838893571 2064388
235,Bastok Markets,41,Offa,45098,270,108,64948,65068,-1438.23,75.03,-155.65,95,-143823,7503,-15565,-143823 -15565 7503 30 7504 2563 60 7505
235,Bastok Markets,42,Oggodett,45099,270,1,69440,69460,-1872.31,-60.51,-1091.44,95,-187231,-6051,-109144,-187231 -109144 -6051 2563 60 26 -2147469568 -2147319807
235,Bastok Markets,51,"Rabid Wolf, I.M.",45108,270,7,69512,69548,-1892.78,-60.0,-1077.11,95,-189278,-6000,-107711,-189278 -107711 -6000 652 60 0 3 4
235,Bastok Markets,71,Door:Goldsmiths',45128,270,1,204672,204852,-568.96,-40.0,-1342.67,95,-56896,-4000,-134267,-56896 -134267 -4000 2830 13 -56750 -134530 -55316
235,Bastok Markets,77,"Door:""Dragon's C",45134,270,1,228868,229048,-801.42,-48.49,-1312.64,95,-80142,-4849,-131264,-80142 -131264 -4849 30 -80032 -126864 -4425 47
235,Bastok Markets,78,Door:House,45135,270,4,228900,229048,-801.42,-48.49,-1312.64,95,-80142,-4849,-131264,-80142 -131264 -4849 30 -80032 -126864 -4425 47
235,Bastok Markets,79,Door:Brunhilde A,45136,270,1,228952,229048,-801.42,-48.49,-1312.64,95,-80142,-4849,-131264,-80142 -131264 -4849 30 -80032 -126864 -4425 47
235,Bastok Markets,81,Door:Mjoll's Goo,45138,270,1,228984,229048,-801.42,-48.49,-1312.64,95,-80142,-4849,-131264,-80142 -131264 -4849 30 -80032 -126864 -4425 47
235,Bastok Markets,93,Rock Jaw,45150,270,1,123672,123796,77.57,2.37,77.56,105,7757,237,7756,7757 7756 237 1536 -4066 -2147476097 -2147408861 32770
235,Bastok Markets,95,Lamepaue,45152,270,1,195088,195228,63.99,0.6,2.0,105,6399,60,200,6399 200 60 551 -503040 -491521 1952808959 -266441105
235,Bastok Markets,111,Zacc,45169,270,109,195796,195848,0.3,0.13,82.26,90,30,13,8226,30 8226 13 40 -254807 -93401 -12000 60
235,Bastok Markets,112,Enu,45170,270,66,196280,196332,11.92,0.13,82.52,90,1192,13,8252,1192 8252 13 40 -251722 -93788 -12000 8253
235,Bastok Markets,141,Albanus,45201,270,13,204508,204540,-1997.89,19.99,-1411.42,95,-199789,1999,-141142,-199789 -141142 1999 3057 13 -199707 -120302 -5999
235,Bastok Markets,142,Umberto,45202,270,205,204700,204852,-568.96,-40.0,-1342.67,95,-56896,-4000,-134267,-56896 -134267 -4000 2830 13 -56750 -134530 -55316
235,Bastok Markets,143,Diederik,45203,270,192,205364,205468,-578.69,-40.0,-1292.39,95,-57869,-4000,-129239,-57869 -129239 -4000 694 13 -57109 -131785 -57290
235,Bastok Markets,145,Angelica,45205,270,62,226092,226156,-646.19,-92.5,-88.53,105,-64619,-9250,-8853,-64619 -8853 -9250 2524 125 -2147460352 2147483640 2147483640
235,Bastok Markets,148,Iruki-Waraki,45208,270,109,228016,228048,-1163.78,0.0,-32.11,110,-116378,0,-3211,-116378 -3211 0 3061 40 -119962 -8479 -120358
235,Bastok Markets,149,Kuh Polevhia,45209,270,73,228132,228164,-1183.76,0.0,-24.55,110,-118376,0,-2455,-118376 -2455 0 3060 40 -121809 -8037 -121626
235,Bastok Markets,150,Shamarhaan,45210,270,103,228252,228280,0.09,-59.75,-1142.55,95,9,-5975,-114255,9 -114255 -5975 0 13 -120593 -9364 66
235,Bastok Markets,151,Automaton,45211,270,28,228364,228388,-1206.01,0.0,-79.86,95,-120601,0,-7986,-120601 -7986 0 1000 17 3604480 41943424 511705984
235,Bastok Markets,153,Angry Bull,45213,270,1,228464,228612,-516.33,-40.0,-1346.08,95,-51633,-4000,-134608,-51633 -134608 -4000 40 -48732 -129696 30 3276800
235,Bastok Markets,154,Bruna,45214,270,27,228580,228612,-516.33,-40.0,-1346.08,95,-51633,-4000,-134608,-51633 -134608 -4000 40 -48732 -129696 30 3276800
235,Bastok Markets,157,Valeriano,45217,270,26,229016,229048,-801.42,-48.49,-1312.64,95,-80142,-4849,-131264,-80142 -131264 -4849 30 -80032 -126864 -4425 47
235,Bastok Markets,159,Gulldago,45219,270,18,230256,230404,125.19,0.0,2.0,90,12519,0,200,12519 200 0 19 -354864 -174362 -10002 1528
235,Bastok Markets,170,Voidwatch Office,45231,270,466,349632,349704,0.01,-180.84,-1060.23,95,1,-18084,-106023,1 -106023 -18084 1999 3120 2 -354003 -163601
235,Bastok Markets,174,A.M.A.N. Reclaim,45235,270,1,388988,389052,143.96,-0.1,143.97,90,14396,-10,14397,14396 14397 -10 162 -1029632 -491521 -129335297 -260046849
235,Bastok Markets,293,Princess Amdina,45354,270,1,432176,432356,125.08,2.0,125.09,105,12508,200,12509,12508 12509 200 19 -188971 -29947 -8000 -1023
235,Bastok Markets,334,Moogle,45395,270,1,432232,432356,125.08,2.0,125.09,105,12508,200,12509,12508 12509 200 19 -188971 -29947 -8000 -1023
235,Bastok Markets,348,Mumor,45409,270,107,438120,438176,-317.5,0.02,-80.0,90,-31750,2,-8000,-31750 -8000 2 14 305 369 0 32
235,Bastok Markets,349,Mumor,45410,270,63,438064,438176,-317.5,0.02,-80.0,90,-31750,2,-8000,-31750 -8000 2 14 305 369 0 32
235,Bastok Markets,402,???,45464,270,1,455232,455400,-312.49,0.02,361.62,105,-31249,2,36162,-31249 36162 2 231 17033 -19100 3 232
235,Bastok Markets,407,Lion,45469,270,2,464744,464824,-190.99,8.3,3.26,105,-19099,830,326,-19099 326 830 1467 -2772 146020 -209000 0
235,Bastok Markets,408,Zeid,45470,270,2,464756,464824,-190.99,8.3,3.26,105,-19099,830,326,-19099 326 830 1467 -2772 146020 -209000 0
236,Port Bastok,3,Nicadio,49155,270,75,21944,22020,-110.4,72.4,2.4,90,-11040,7240,240,-11040 240 7240 64 -266469376 494927871 555974656 -2147404032
236,Port Bastok,4,Cornelia,49156,270,151,22100,22172,-1060.02,28.99,320.62,110,-106002,2899,32062,-106002 32062 2899 3428 130563 -8196 8499 90
236,Port Bastok,6,Tiger Tooth,49158,270,62,22952,23116,-719.1,-9.88,342.83,120,-71910,-988,34283,-71910 34283 -988 548 -94579 30463 -2299 3299
236,Port Bastok,7,Kagetora,49159,270,148,23044,23116,-719.1,-9.88,342.83,120,-71910,-988,34283,-71910 34283 -988 548 -94579 30463 -2299 3299
236,Port Bastok,16,Melloa,49168,270,12,116100,116256,-1533.92,-74.96,53.18,110,-153392,-7496,5318,-153392 5318 -7496 2553 13 -156236 7715 -159495
236,Port Bastok,17,Trilok,49169,270,15,53764,53824,-1081.11,-21.01,21.56,110,-108111,-2101,2156,-108111 2156 -2101 1375 13 -91576 11216 -68871
236,Port Bastok,20,Carey,49172,270,24,182252,182280,-1030.55,-21.01,-77.79,110,-103055,-2101,-7779,-103055 -7779 -2101 1981 9114 10 9115 9127
236,Port Bastok,21,Klaus,49173,270,19,182424,182452,-1031.41,-21.01,-58.64,110,-103141,-2101,-5864,-103141 -5864 -2101 1569 9116 0 9117 9125
236,Port Bastok,22,Evrain,49174,270,17,55116,55280,-794.27,18.96,-271.93,120,-79427,1896,-27193,-79427 -27193 1896 3106 13 -80506 -20778 1907
236,Port Bastok,25,Latifah,49177,270,9,48532,48580,490.57,74.99,-550.55,90,49057,7499,-55055,49057 -55055 7499 60 53883 -58187 54713 -62547
236,Port Bastok,28,Ihsan,49180,270,2,48728,48872,-500.96,-21.01,177.41,120,-50096,-2101,17741,-50096 17741 -2101 2112 13 -108939 16940 633
236,Port Bastok,29,Johanna,49181,270,1,49540,49572,-712.89,-21.01,107.58,105,-71289,-2101,10758,-71289 10758 -2101 909 70 38 -1040896 1933311
236,Port Bastok,30,Agapito,49182,270,2,49636,49676,-715.42,-21.01,88.75,105,-71542,-2101,8875,-71542 8875 -2101 3255 65 8 7647 7648
236,Port Bastok,31,Evi,49183,270,5,50332,50520,-734.0,-8.89,287.34,120,-73400,-889,28734,-73400 28734 -889 3250 -70661 32481 -835 40
236,Port Bastok,33,Kurando,49185,270,2,51144,51236,-646.98,-21.01,104.67,105,-64698,-2101,10467,-64698 10467 -2101 4069 13 -30647 11012 -3300
236,Port Bastok,37,Ensetsu,49189,270,119,50348,50520,-734.0,-8.89,287.34,120,-73400,-889,28734,-73400 28734 -889 3250 -70661 32481 -835 40
236,Port Bastok,39,Kaede,49191,270,17,51080,51236,-646.98,-21.01,104.67,105,-64698,-2101,10467,-64698 10467 -2101 4069 13 -30647 11012 -3300
236,Port Bastok,40,Steel Bones,49192,270,2,55396,55476,74.91,0.6,74.92,90,7491,60,7492,7491 7492 60 327 -2147469056 -126979985 25165823 -484992
236,Port Bastok,41,Domien,49193,270,15,56220,56248,-1899.76,19.99,-613.08,95,-189976,1999,-61308,-189976 -61308 1999 3402 13 -188601 -56123 -186444
236,Port Bastok,44,Qiji,49196,270,15,52560,52748,-9.67,2.32,-60.0,105,-967,232,-6000,-967 -6000 232 180 13 -130006 -2303 -6161
236,Port Bastok,46,Tete,49198,270,4,52704,52780,-1213.39,-10.0,-99.26,110,-121339,-1000,-9926,-121339 -9926 -1000 928 7643 60 7644 85
236,Port Bastok,47,Rin,49199,270,2,52900,52936,-23.03,5.11,-61.61,105,-2303,511,-6161,-2303 -6161 511 180 40 -120739 -10526 -1000
236,Port Bastok,50,Lone Horn,49202,270,2,53436,53476,-537.68,48.98,499.57,105,-53768,4898,49957,-53768 49957 4898 80 13 -33236 48252 55
236,Port Bastok,54,Mine Konte,49206,270,4,53644,53824,-1081.11,-21.01,21.56,110,-108111,-2101,2156,-108111 2156 -2101 1375 13 -91576 11216 -68871
236,Port Bastok,55,Panana,49207,270,8,53692,53824,-1081.11,-21.01,21.56,110,-108111,-2101,2156,-108111 2156 -2101 1375 13 -91576 11216 -68871
236,Port Bastok,59,Mathurin,49211,270,1,57392,57420,75.16,75.17,37.29,90,7516,7517,3729,7516 3729 7517 45 -2147469056 -126979985 25165823 -484992
236,Port Bastok,64,Hilda,49216,270,195,114040,114156,-1622.28,-77.81,119.78,95,-162228,-7781,11978,-162228 11978 -7781 295 3 7574 7575 7576
236,Port Bastok,68,Raibaht,49220,270,49,116212,116256,-1533.92,-74.96,53.18,110,-153392,-7496,5318,-153392 5318 -7496 2553 13 -156236 7715 -159495
236,Port Bastok,84,Door:Arrivals Ex,49236,270,2,114000,114156,-1622.28,-77.81,119.78,95,-162228,-7781,11978,-162228 11978 -7781 295 3 7574 7575 7576
236,Port Bastok,85,Door:Departures,49237,270,1,113404,113428,-634.6,42.0,-79.21,105,-63460,4200,-7921,-63460 -7921 4200 200 7612 7613 1 0
236,Port Bastok,125,Cornelia,49278,270,48,152244,152276,-1516.5,-77.3,31.86,110,-151650,-7730,3186,-151650 3186 -7730 2531 40 -154534 6087 -7496
236,Port Bastok,126,Michea,49279,270,25,152480,152508,55.69,35.47,-74.8,105,5569,3547,-7480,5569 -7480 3547 30 13 -158998 4663 30
236,Port Bastok,127,Raogrimm,49280,270,16,152444,152508,55.69,35.47,-74.8,105,5569,3547,-7480,5569 -7480 3547 30 13 -158998 4663 30
236,Port Bastok,128,Yasin,49281,270,4,152676,152792,0.11,-21.19,1297.25,95,11,-2119,129725,11 129725 -2119 13 124902 -3018 129 788537856
236,Port Bastok,129,Cid,49282,270,195,152728,152792,0.11,-21.19,1297.25,95,11,-2119,129725,11 129725 -2119 13 124902 -3018 129 788537856
236,Port Bastok,130,Ayame,49283,270,41,152952,153056,419.95,-66.23,545.69,100,41995,-6623,54569,41995 54569 -6623 2725 40807 51292 -6101 38128
236,Port Bastok,135,Juroro,49288,270,274,161496,161668,337.08,74.99,-394.25,105,33708,7499,-39425,33708 -39425 7499 1440 4 -188658 109275 0
236,Port Bastok,136,Ferrol,49289,270,52,161556,161668,337.08,74.99,-394.25,105,33708,7499,-39425,33708 -39425 7499 1440 4 -188658 109275 0
236,Port Bastok,137,???,49290,270,49,163244,163280,539.03,74.99,-438.01,105,53903,7499,-43801,53903 -43801 7499 2086 4 -178308 95537 0
236,Port Bastok,138,Talking Doll,49291,270,15,163536,163624,286.07,-168.25,585.57,120,28607,-16825,58557,28607 58557 -16825 974 36082 -40352 8000 400
236,Port Bastok,142,Ravorara,49295,270,136,170872,171032,63.99,0.6,2.0,105,6399,60,200,6399 200 60 551 -503040 -491521 1952808959 -266441105
236,Port Bastok,143,Dalba,49296,270,1,170892,171032,63.99,0.6,2.0,105,6399,60,200,6399 200 60 551 -503040 -491521 1952808959 -266441105
236,Port Bastok,144,Yomi,49297,270,16,171600,171628,-722.85,-6.84,308.57,105,-72285,-684,30857,-72285 30857 -684 3622 13 -70661 32481 -835
236,Port Bastok,146,Gueravrel,49299,270,105,172136,172180,-1417.72,-74.8,87.26,110,-141772,-7480,8726,-141772 8726 -7480 2528 13 -145375 10989 -147322
236,Port Bastok,149,Ominous Cloud,49302,270,1,173584,173624,92.65,0.3,92.66,90,9265,30,9266,9265 9266 30 49 -134186752 -260046849 494927871 488865792
236,Port Bastok,152,Viresefilant,49305,270,52,174696,174748,-990.0,50.0,290.0,120,-99000,5000,29000,-99000 29000 5000 1000 40 -99871 43369 4746
236,Port Bastok,155,Ulmia,49308,270,11,181840,181868,0.21,-264.02,-795.57,120,21,-26402,-79557,21 -79557 -26402 1868 3188 60 13 -79508
236,Port Bastok,156,Prishe,49309,270,58,181296,181412,-806.0,18.68,-262.77,120,-80600,1868,-26277,-80600 -26277 1868 2944 240 -80931 -7018 1907
236,Port Bastok,157,Louverance,49310,270,21,181644,181676,-799.93,18.68,-255.24,120,-79993,1868,-25524,-79993 -25524 1868 3010 13 -80215 -6275 1907
236,Port Bastok,158,Tenzen,49311,270,5,182040,182068,0.21,-267.21,-801.19,120,21,-26721,-80119,21 -80119 -26721 1894 3005 70 13 -80068
236,Port Bastok,160,Patient Wheel,49313,270,73,182572,182660,-1046.93,-22.99,222.78,95,-104693,-2299,22278,-104693 22278 -2299 4095 11 -101206 22399 -103509
236,Port Bastok,176,Synergy Engineer,49329,270,1,349592,349604,-585.16,2.34,-545.34,90,-58516,234,-54534,-58516 -54534 234 0 1 4 13063 1234
236,Port Bastok,321,Lion,49475,270,16,441976,442056,-190.99,8.3,3.26,105,-19099,830,326,-19099 326 830 1467 -2772 146020 -209000 0
236,Port Bastok,322,Zeid,49476,270,16,441988,442056,-190.99,8.3,3.26,105,-19099,830,326,-19099 326 830 1467 -2772 146020 -209000 0
237,Metalworks,3,Ghemp,53251,270,224,73376,73552,-624.82,19.99,212.53,105,-62482,1999,21253,-62482 21253 1999 3715 13 -59958 23933 -28877
237,Metalworks,7,Dark Clouds,53255,270,6,82940,82972,0.4,-86.34,-872.05,120,40,-8634,-87205,40 -87205 -8634 2000 -79919 -10759 37 -1040896
237,Metalworks,11,Striking Snake,53259,270,131,83108,83268,237.24,-163.9,-433.6,105,23724,-16390,-43360,23724 -43360 -16390 621 30 13 26356 -43467
237,Metalworks,12,Savae E Paleade,53260,270,84,83188,83320,-427.98,-389.54,204.64,120,-42798,-38954,20464,-42798 20464 -38954 1637 19172 -37762 180 26140
237,Metalworks,13,Riault,53261,270,57,83632,83704,269.88,-163.9,-419.31,105,26988,-16390,-41931,26988 -41931 -16390 2699 21 13 26263 -40766
237,Metalworks,14,Lutia,53262,270,23,83896,83956,184.63,-163.9,-358.86,105,18463,-16390,-35886,18463 -35886 -16390 1307 58 -1040896 1933311 2171776
237,Metalworks,15,Chantain,53263,270,40,84036,84112,200.9,-163.9,-422.82,105,20090,-16390,-42282,20090 -42282 -16390 179 16978 -36486 3975 13
237,Metalworks,16,Patt-Pott,53264,270,154,84296,84368,239.7,-169.07,426.18,100,23970,-16907,42618,23970 42618 -16907 1004 13 26451 42879 -16390
237,Metalworks,17,Topuru-Kuperu,53265,270,51,84604,84680,282.84,-163.9,422.69,100,28284,-16390,42269,28284 42269 -16390 3502 26937 40217 -16407 1760
237,Metalworks,18,Moyoyo,53266,270,11,84828,84888,304.59,-161.83,327.13,100,30459,-16183,32713,30459 32713 -16183 2427 40 29810 36038 -16390
237,Metalworks,19,Mih Ketto,53267,270,11,85016,85096,286.75,-163.9,369.73,90,28675,-16390,36973,28675 36973 -16390 81 -1040896 1933311 2171776 -4066
237,Metalworks,24,Lucius,53272,270,339,433616,433784,1.27,-5.0,-470.0,120,127,-500,-47000,127 -47000 -500 2175 60 783 30 120
237,Metalworks,25,Hans,53273,270,5,87172,87204,584.79,-164.07,-390.91,105,58479,-16407,-39091,58479 -39091 -16407 1398 1 13 59282 -40224
237,Metalworks,31,Salim,53279,270,1621,231368,231544,-919.21,20.0,47.95,120,-91921,2000,4795,-91921 4795 2000 1752 40 -83279 179 -13126
237,Metalworks,34,Helmut,53282,270,77,89608,89784,1146.77,-201.7,-97.67,110,114677,-20170,-9767,114677 -9767 -20170 3086 13 114877 -8767 112576
237,Metalworks,35,Folzen,53283,270,121,89660,89784,1146.77,-201.7,-97.67,110,114677,-20170,-9767,114677 -9767 -20170 3086 13 114877 -8767 112576
237,Metalworks,36,Franziska,53284,270,43,89720,89784,1146.77,-201.7,-97.67,110,114677,-20170,-9767,114677 -9767 -20170 3086 13 114877 -8767 112576
237,Metalworks,40,Grohm,53288,270,27,90336,90496,-327.59,-100.0,-164.0,120,-32759,-10000,-16400,-32759 -16400 -10000 1882 11382 15 99 11109
237,Metalworks,42,Karst,53290,270,500,433620,433784,1.27,-5.0,-470.0,120,127,-500,-47000,127 -47000 -500 2175 60 783 30 120
237,Metalworks,47,Ayame,53295,270,540,159088,159244,213.12,-140.0,-48.38,105,21312,-14000,-4838,21312 -4838 -14000 3905 13 13848 -7089 -13999
237,Metalworks,51,Hani,53299,270,2,120896,121044,-318.67,-100.0,-182.41,120,-31867,-10000,-18241,-31867 -18241 -10000 2392 13 -32502 -17159 -9999
237,Metalworks,52,Dalzakk,53300,270,1,120952,121044,-318.67,-100.0,-182.41,120,-31867,-10000,-18241,-31867 -18241 -10000 2392 13 -32502 -17159 -9999
237,Metalworks,53,Lion,53301,270,48,121008,121044,-318.67,-100.0,-182.41,120,-31867,-10000,-18241,-31867 -18241 -10000 2392 13 -32502 -17159 -9999
237,Metalworks,64,Indiran,53312,270,1,124032,124048,0.02,80.05,80.04,90,2,8005,8004,2 8004 8005 21 -134186752 -260046849 494927871 488865792
237,Metalworks,82,Door:Aide's Offi,53330,270,2,159536,159684,37.99,-139.99,-104.17,120,3799,-13999,-10417,3799 -10417 -13999 1846 40 799 13 -301
237,Metalworks,85,Door:Conference,53333,270,11,124584,124736,956.24,-30.0,940.0,100,95624,-3000,94000,95624 94000 -3000 3000 7995 7996 0 30
237,Metalworks,86,Door:President's,53334,270,20,124656,124736,956.24,-30.0,940.0,100,95624,-3000,94000,95624 94000 -3000 3000 7995 7996 0 30
237,Metalworks,91,Door:Cannonry,53339,270,6,159572,159684,37.99,-139.99,-104.17,120,3799,-13999,-10417,3799 -10417 -13999 1846 40 799 13 -301
237,Metalworks,107,Oggbi,53356,270,77,158948,159040,237.74,-140.0,-46.45,120,23774,-14000,-4645,23774 -4645 -14000 2066 3205 3250 143 -2147469568
237,Metalworks,108,Cornelia,53357,270,42,159212,159244,213.12,-140.0,-48.38,105,21312,-14000,-4838,21312 -4838 -14000 3905 13 13848 -7089 -13999
237,Metalworks,109,Raogrimm,53358,270,58,159344,159384,163.12,-140.0,-98.38,105,16312,-14000,-9838,16312 -9838 -14000 3905 13 21812 -6038 -9981
237,Metalworks,110,Pagdako,53359,270,8,159656,159684,37.99,-139.99,-104.17,120,3799,-13999,-10417,3799 -10417 -13999 1846 40 799 13 -301
237,Metalworks,111,Yasin,53360,270,16,159780,159924,-508.62,-100.01,-120.2,120,-50862,-10001,-12020,-50862 -12020 -10001 573 -46930 -11928 9 11
237,Metalworks,112,Gumbah,53361,270,106,159868,159924,-508.62,-100.01,-120.2,120,-50862,-10001,-12020,-50862 -12020 -10001 573 -46930 -11928 9 11
237,Metalworks,113,Taulluque,53362,270,1,160132,160272,64.54,0.6,2.0,105,6454,60,200,6454 200 60 551 -503040 -491521 1952808959 -266441105
237,Metalworks,114,Givorj,53363,270,1,160840,160980,64.54,0.6,2.0,105,6454,60,200,6454 200 60 551 -503040 -491521 1952808959 -266441105
237,Metalworks,116,Ulrich,53365,270,24,161716,161896,206.99,-139.99,-43.56,105,20699,-13999,-4356,20699 -4356 -13999 2039 11 -2147469568 -2147319807 -16744445
237,Metalworks,117,Deidogg,53366,270,7,161764,161896,206.99,-139.99,-43.56,105,20699,-13999,-4356,20699 -4356 -13999 2039 11 -2147469568 -2147319807 -16744445
237,Metalworks,118,Pavvke,53367,270,11,161792,161896,206.99,-139.99,-43.56,105,20699,-13999,-4356,20699 -4356 -13999 2039 11 -2147469568 -2147319807 -16744445
237,Metalworks,119,Michea,53368,270,13,161820,161896,206.99,-139.99,-43.56,105,20699,-13999,-4356,20699 -4356 -13999 2039 11 -2147469568 -2147319807 -16744445
237,Metalworks,120,Salimah,53369,270,18,161848,161896,206.99,-139.99,-43.56,105,20699,-13999,-4356,20699 -4356 -13999 2039 11 -2147469568 -2147319807 -16744445
237,Metalworks,121,Werei,53370,270,13,161876,161896,206.99,-139.99,-43.56,105,20699,-13999,-4356,20699 -4356 -13999 2039 11 -2147469568 -2147319807 -16744445
237,Metalworks,123,Viresefilant,53372,270,45,166580,166656,985.09,-201.7,129.05,100,98509,-20170,12905,98509 12905 -20170 2742 93000 11000 -20185 15
237,Metalworks,130,Kilhwch,53379,270,12,182240,182276,-194.99,-19.09,636.4,105,-19499,-1909,63640,-19499 63640 -1909 1254 0 1 128 38
237,Metalworks,133,Xonia,53382,270,12,182732,182768,-0.2,79.0,-402.92,105,-20,7900,-40292,-20 -40292 7900 3089 0 1 128 38
237,Metalworks,137,Noillurie,53386,270,13,183388,183428,-313.37,31.37,-407.16,90,-31337,3137,-40716,-31337 -40716 3137 0 1 128 38 92
237,Metalworks,140,Elrica,53389,270,12,183880,183916,-195.57,-99.98,324.41,105,-19557,-9998,32441,-19557 32441 -9998 1306 0 1 128 38
237,Metalworks,141,Terounalivet,53390,270,12,184044,184080,-142.72,-33.08,569.26,105,-14272,-3308,56926,-14272 56926 -3308 1018 0 1 128 38
237,Metalworks,142,???,53391,270,85,184208,184344,-21.42,1.53,-99.99,105,-2142,153,-9999,-2142 -9999 153 45 13 -34301 -1800 -24200
237,Metalworks,150,Shikaree Z,53399,270,72,186700,186780,-30.0,-33.23,-263.64,120,-3000,-3323,-26364,-3000 -26364 -3323 3100 93597 14287 -20185 820
237,Metalworks,151,Shikaree Y,53400,270,16,186988,187072,-30.0,-32.62,-272.08,120,-3000,-3262,-27208,-3000 -27208 -3262 3500 -37570 94120 15858 -20170
237,Metalworks,152,Shikaree X,53401,270,16,187284,187388,928.9,-201.7,156.46,120,92890,-20170,15646,92890 15646 -20170 840 -29900 1092 4035 -22900
237,Metalworks,153,Prishe,53402,270,190,186104,186184,-144.17,-109.88,-28.65,120,-14417,-10988,-2865,-14417 -2865 -10988 3194 18 -13499 190 54
237,Metalworks,154,Tenzen,53403,270,264,184936,185044,-16.42,40.54,-99.99,105,-1642,4054,-9999,-1642 -9999 4054 60 13 -29581 -1771 -26769
237,Metalworks,155,Louverance,53404,270,225,185648,185784,-125.16,-109.88,-47.76,120,-12516,-10988,-4776,-12516 -4776 -10988 3393 -11942 -2624 2950 -14997
237,Metalworks,156,Ulmia,53405,270,216,184236,184412,-148.2,-109.88,-57.4,120,-14820,-10988,-5740,-14820 -5740 -10988 3557 -13885 -3239 2950 -37662
237,Metalworks,157,Jabbos,53406,270,63,187580,187620,-234.32,-99.99,-31.34,120,-23432,-9999,-3134,-23432 -3134 -9999 2987 97774 14334 -20185 1518
237,Metalworks,158,Door:Audience Ch,53407,270,4,187788,187840,0.5,-76.32,951.0,105,50,-7632,95100,50 95100 -7632 1024 19 -523886 855670783 -2147469567
237,Metalworks,159,Kam'lanaut,53408,270,3,187820,187840,0.5,-76.32,951.0,105,50,-7632,95100,50 95100 -7632 1024 19 -523886 855670783 -2147469567
237,Metalworks,160,Mawl'gofaur,53409,270,3,187880,187900,-10.0,-49.99,777.18,105,-1000,-4999,77718,-1000 77718 -4999 624 17 -523886 922779647 -2147385344
237,Metalworks,161,Kareh'ayollio,53410,270,3,187940,187960,10.0,-49.99,777.18,105,1000,-4999,77718,1000 77718 -4999 1424 17 -523886 922779647 -2147385344
237,Metalworks,165,Novice Moogle,53414,270,18,216420,216552,-262.82,-99.99,-203.22,105,-26282,-9999,-20322,-26282 -20322 -9999 50 40 -18227 -20052 448
237,Metalworks,166,Naji,53415,270,35,217032,217068,593.55,-140.0,-21.66,105,59355,-14000,-2166,59355 -2166 -14000 13 62376 -2250 30 39
237,Metalworks,167,Volker,53416,270,21,217140,217276,-152.45,-92.44,225.39,105,-15245,-9244,22539,-15245 22539 -9244 1105 399 15 30 10803
237,Metalworks,169,Iron Eater,53418,270,16,217220,217276,-152.45,-92.44,225.39,105,-15245,-9244,22539,-15245 22539 -9244 1105 399 15 30 10803
237,Metalworks,176,Nabima-Hyonbima,53425,270,201,222308,222408,79.99,217.57,-484.68,120,7999,21757,-48468,7999 -48468 21757 2773 2448 -49226 24112 -12831
237,Metalworks,177,Gentle Tiger,53426,270,325,226916,227048,0.13,3.14,-750.93,120,13,314,-75093,13 -75093 314 2000 -48213 24596 2773 3200
237,Metalworks,178,Militant Gale,53427,270,310,227624,227752,0.13,116.34,-769.71,120,13,11634,-76971,13 -76971 11634 2000 -48213 24596 2773 3200
237,Metalworks,179,???,53428,270,127,226604,226704,-250.48,0.0,67.98,120,-25048,0,6798,-25048 6798 0 719 -18551 -6318 -19707 -3746
237,Metalworks,180,Pensive Beast,53429,270,334,362224,362384,0.9,220.86,-525.01,120,90,22086,-52501,90 -52501 22086 2773 3016 -12831 -3808 0
237,Metalworks,181,Bumimi,53430,270,125,231464,231544,-919.21,20.0,47.95,120,-91921,2000,4795,-91921 4795 2000 1752 40 -83279 179 -13126
237,Metalworks,182,Groudinguet,53431,270,64,361340,361408,-525.01,27.73,220.86,120,-52501,2773,22086,-52501 22086 2773 3016 13 -52525 23331 -12831
237,Metalworks,183,Groudinguet,53432,270,235,361628,361772,0.79,220.86,-525.01,120,79,22086,-52501,79 -52501 22086 2773 3016 -52525 23331 -12831
237,Metalworks,189,Dannion,53438,270,174,363260,363360,-605.47,19.99,174.76,120,-60547,1999,17476,-60547 17476 1999 2271 13 -63535 19008 -66667
237,Metalworks,197,Leonhardt,53446,270,43,364280,364400,0.19,-180.41,-819.01,120,19,-18041,-81901,19 -81901 -18041 2000 2048 456 7338 7322
237,Metalworks,198,Aileen,53447,270,88,364048,364088,-138.27,-100.0,-252.19,105,-13827,-10000,-25219,-13827 -25219 -10000 30 -13899 -21159 -13891 -24210
237,Metalworks,199,Anneliese,53448,270,61,364192,364236,-128.4,-100.0,-245.88,105,-12840,-10000,-24588,-12840 -24588 -10000 30 -12771 -21024 62 3276800
237,Metalworks,200,Hildolf,53449,270,13,364328,364400,0.19,-180.41,-819.01,120,19,-18041,-81901,19 -81901 -18041 2000 2048 456 7338 7322
237,Metalworks,204,Synergy Furnace,53453,270,11,370300,370436,869.6,-195.32,12.05,90,86960,-19532,1205,86960 1205 -19532 4012 84018 -622 103780 68
237,Metalworks,208,Klara,53457,270,10,377676,377840,1001.79,-201.81,1.83,95,100179,-20181,183,100179 183 -20181 2252 36 -134114816 -1233125377 8388608
237,Metalworks,209,Nicolaus,53458,270,23,377708,377840,1001.79,-201.81,1.83,95,100179,-20181,183,100179 183 -20181 2252 36 -134114816 -1233125377 8388608
237,Metalworks,210,Five Moons,53459,270,21,377740,377840,1001.79,-201.81,1.83,95,100179,-20181,183,100179 183 -20181 2252 36 -134114816 -1233125377 8388608
237,Metalworks,211,Zeid,53460,270,30,377772,377840,1001.79,-201.81,1.83,95,100179,-20181,183,100179 183 -20181 2252 36 -134114816 -1233125377 8388608
237,Metalworks,212,Volker,53461,270,22,377804,377840,1001.79,-201.81,1.83,95,100179,-20181,183,100179 183 -20181 2252 36 -134114816 -1233125377 8388608
237,Metalworks,224,???,53474,270,2,431564,431740,718.21,-167.73,-18.86,120,71821,-16773,-1886,71821 -1886 -16773 1964 7657 7658 7659 30
238,Windurst Waters,22,Sohdede,57366,270,1,76260,76364,97.12,1.93,97.13,90,9712,193,9713,9712 9713 193 0 -524167 -1015809 1933311 18686848
238,Windurst Waters,23,Library book,57367,270,1,76572,76604,0.01,81.65,81.64,90,1,8165,8164,1 8164 8165 57 -2147465216 -2147408861 -2147319806 268436005
238,Windurst Waters,24,Library book,57368,270,1,76680,76712,0.01,81.69,81.68,90,1,8169,8168,1 8168 8169 57 -2147465216 -2147408861 -2147319806 268436005
238,Windurst Waters,25,Library book,57369,270,1,76788,76940,440.7,9.37,-675.0,105,44070,937,-67500,44070 -67500 937 0 -61521 1065 211 700
238,Windurst Waters,48,Leepe-Hoppe,57392,270,458,106484,106588,137.93,-100.5,-1974.75,110,13793,-10050,-197475,13793 -197475 -10050 2084 13011 -158476 -5399 2729
238,Windurst Waters,51,Carbuncle,57395,270,51,106668,106712,140.0,-97.5,-1961.07,95,14000,-9750,-196107,14000 -196107 -9750 1070 -12750 78 -2147460352 2147483640
238,Windurst Waters,79,Jatan-Paratan,57423,270,28,141984,142156,-656.93,-38.0,287.73,105,-65693,-3800,28773,-65693 28773 -3800 1338 231 -2147460352 2147483640 2147483640
238,Windurst Waters,80,Yuli Yaam,57424,270,2,142060,142156,-656.93,-38.0,287.73,105,-65693,-3800,28773,-65693 28773 -3800 1338 231 -2147460352 2147483640 2147483640
238,Windurst Waters,85,Chyuk-Kochak,57429,270,16,148203,148391,645.12,276.48,76.8,90,64512,27648,7680,64512 7680 27648 0 -523886 -1241481217 8388608 -2147417930
238,Windurst Waters,90,Umberto,57434,270,110,452328,452384,-568.96,-40.0,-1342.67,95,-56896,-4000,-134267,-56896 -134267 -4000 2830 13 -56750 -134530 -55316
238,Windurst Waters,91,Diederik,57435,270,111,452572,452624,-578.69,-40.0,-1292.39,95,-57869,-4000,-129239,-57869 -129239 -4000 694 13 -57109 -131785 -57007
238,Windurst Waters,140,Ajen-Myoojen,57484,270,3,202768,202952,79.42,79.43,33.18,90,7942,7943,3318,7942 3318 7943 50 -128778240 -125829121 1954545663 1580231532
238,Windurst Waters,141,Shatoto,57485,270,3,202780,202952,79.42,79.43,33.18,90,7942,7943,3318,7942 3318 7943 50 -128778240 -125829121 1954545663 1580231532
238,Windurst Waters,142,Four of Hearts,57486,270,1,202916,202952,79.42,79.43,33.18,90,7942,7943,3318,7942 3318 7943 50 -128778240 -125829121 1954545663 1580231532
238,Windurst Waters,143,Six of Hearts,57487,270,1,203020,203148,79.44,91.49,79.45,90,7944,9149,7945,7944 7945 9149 62 -128778240 -125829121 1954545663 1580231532
238,Windurst Waters,144,Five of Hearts,57488,270,1,203108,203148,79.44,91.49,79.45,90,7944,9149,7945,7944 7945 9149 62 -128778240 -125829121 1954545663 1580231532
238,Windurst Waters,145,Seven of Hearts,57489,270,1,203228,203260,0.3,79.49,79.48,90,30,7949,7948,30 7948 7949 47 -128778240 -125829121 1954545663 1580231532
238,Windurst Waters,146,Eight of Hearts,57490,270,1,203324,203356,0.3,79.51,79.5,90,30,7951,7950,30 7950 7951 47 -128778240 -125829121 1954545663 1580231532
238,Windurst Waters,147,Nine of Hearts,57491,270,1,203420,203452,0.3,79.53,79.52,90,30,7953,7952,30 7952 7953 47 -128778240 -125829121 1954545663 1580231532
238,Windurst Waters,170,"Door:""Rarab Tail",57514,270,6,426468,426540,-733.39,-35.0,-46.77,90,-73339,-3500,-4677,-73339 -4677 -3500 3605 12 3604480 41943424 8389504
238,Windurst Waters,200,Star Sibyl,57545,270,10,76888,76940,440.7,9.37,-675.0,105,44070,937,-67500,44070 -67500 937 0 -61521 1065 211 700
238,Windurst Waters,201,Karaha-Baruha,57546,270,5,77196,77224,-416.21,35.94,204.33,105,-41621,3594,20433,-41621 20433 3594 13 94444 -25390 20000 102680
238,Windurst Waters,202,Marble Door,57547,270,2,77164,77224,-416.21,35.94,204.33,105,-41621,3594,20433,-41621 20433 3594 13 94444 -25390 20000 102680
238,Windurst Waters,205,Papo-Hopo,57550,270,6,304084,304180,-647.6,0.85,0.06,105,-64760,85,6,-64760 6 85 30 -193805 -110380 -10149 3778
238,Windurst Waters,206,Gomada-Vulmada,57551,270,6,304608,304696,-647.6,0.85,0.06,105,-64760,85,6,-64760 6 85 30 -192085 -111070 -10149 3490
238,Windurst Waters,207,Pichichi,57552,270,4,305104,305216,-1934.75,-101.49,-1120.81,95,-193475,-10149,-112081,-193475 -112081 -10149 3322 343 -2147460352 2147483640 2147483640
238,Windurst Waters,208,Yafa Yaa,57553,270,7,305580,305656,-1924.23,-101.49,-1129.04,95,-192423,-10149,-112904,-192423 -112904 -10149 2812 270 -2147460352 2147483640 2147483640
238,Windurst Waters,222,Talking Doll,57567,270,84,319856,319980,-26.01,0.3,2.52,90,-2601,30,252,-2601 252 30 172 134 -2147469568 -2147319807 906002435
238,Windurst Waters,223,Dienger,57568,270,1,320136,320276,65.58,0.6,2.0,105,6558,60,200,6558 200 60 551 -503040 -491521 1952808959 -266441105
238,Windurst Waters,248,???,57595,270,6,332556,332700,-600.0,-36.99,320.0,120,-60000,-3699,32000,-60000 32000 -3699 1278 10465 10466 10467 10468
238,Windurst Waters,258,Kogri-Nargri,57605,270,38,426136,426176,-702.44,-38.0,-44.39,120,-70244,-3800,-4439,-70244 -4439 -3800 2237 -68959 -8254 -3500 2449
238,Windurst Waters,259,Domimi,57606,270,46,426252,426296,-691.43,-35.0,31.51,120,-69143,-3500,3151,-69143 3151 -3500 1117 13 -70113 -1608 -72555
238,Windurst Waters,260,Luto Mewrilah,57607,270,14,426516,426540,-733.39,-35.0,-46.77,90,-73339,-3500,-4677,-73339 -4677 -3500 3605 12 3604480 41943424 8389504
238,Windurst Waters,263,Ritopopo,57610,270,143,452864,452944,-238.06,9.94,1113.99,95,-23806,994,111399,-23806 111399 994 40 -24071 109665 -6250 -25711
238,Windurst Waters,267,Zhuk Vojahom,57614,270,104,453216,453360,-1128.26,123.1,-36.88,95,-112826,12310,-3688,-112826 -3688 12310 26 12311 59 12312 12313
238,Windurst Waters,270,Maju-Naju,57617,270,35,458140,458276,-88.69,-39.99,-1689.28,110,-8869,-3999,-168928,-8869 -168928 -3999 1450 -7380 -170138 2280 -3763
238,Windurst Waters,271,Shahr Yagenmhi,57618,270,18,458208,458276,-88.69,-39.99,-1689.28,110,-8869,-3999,-168928,-8869 -168928 -3999 1450 -7380 -170138 2280 -3763
238,Windurst Waters,272,Selenana,57619,270,42,458240,458276,-88.69,-39.99,-1689.28,110,-8869,-3999,-168928,-8869 -168928 -3999 1450 -7380 -170138 2280 -3763
238,Windurst Waters,278,Khoto Rokkorah,57625,270,203,475432,475556,292.81,275.8,-54.6,120,29281,27580,-5460,29281 -5460 27580 2438 -3401 30604 -999 2592
238,Windurst Waters,279,Tihk Rhumyie,57626,270,36,475452,475556,292.81,275.8,-54.6,120,29281,27580,-5460,29281 -5460 27580 2438 -3401 30604 -999 2592
238,Windurst Waters,280,Kuppo-Pippo,57627,270,36,476240,476388,65.35,-9.99,218.06,120,6535,-999,21806,6535 21806 -999 2592 15 -1475 25720 92
238,Windurst Waters,281,Karanka-Tonka,57628,270,26,476512,476552,81.58,-10.0,230.69,105,8158,-1000,23069,8158 23069 -1000 10 -242 29281 42 838860800
238,Windurst Waters,282,Noh Ramyoh,57629,270,39,476720,476868,218.06,0.07,-9.99,120,21806,7,-999,21806 -999 7 868 31038 -1000 8158 23069
238,Windurst Waters,283,Cotta-Lotta,57630,270,33,476724,476868,218.06,0.07,-9.99,120,21806,7,-999,21806 -999 7 868 31038 -1000 8158 23069
238,Windurst Waters,284,Tacca-Picca,57631,270,42,476992,477072,79.22,-10.0,209.24,100,7922,-1000,20924,7922 20924 -1000 3420 15 4369 21599 10
238,Windurst Waters,285,Rahmi Yamilahto,57632,270,18,477288,477472,-410.0,-409.5,21.61,120,-41000,-40950,2161,-41000 2161 -40950 2540 30380 -1000 460 25
238,Windurst Waters,286,Babban Ny Mheill,57633,270,90,477312,477472,-410.0,-409.5,21.61,120,-41000,-40950,2161,-41000 2161 -40950 2540 30380 -1000 460 25
238,Windurst Waters,290,Camlin,57637,270,36,479384,479444,-50.49,-10.0,419.66,105,-5049,-1000,41966,-5049 41966 -1000 39 70177 199312 -893 40
238,Windurst Waters,291,Darach,57638,270,48,479572,479640,82.97,0.11,3.95,100,8297,11,395,8297 395 11 583 36805 -1000 10 -21
238,Windurst Waters,297,Synergy Engineer,57644,270,1,488688,488700,-585.16,2.34,-545.34,90,-58516,234,-54534,-58516 -54534 234 0 1 4 15634 1234
238,Windurst Waters,307,Voidwatch Office,57654,270,463,562424,562604,-48.51,0.3,39.82,100,-4851,30,3982,-4851 3982 30 577 16710 16712 15 16715
238,Windurst Waters,308,Voidwatch Purvey,57655,270,1,584020,584032,-631.35,0.44,-645.02,90,-63135,44,-64502,-63135 -64502 44 0 1 2 16751 3434
238,Windurst Waters,486,Lion,57834,270,2,621264,621344,-190.99,8.3,3.26,105,-19099,830,326,-19099 326 830 1467 -2772 146020 -209000 0
238,Windurst Waters,487,Zeid,57835,270,2,621276,621344,-190.99,8.3,3.26,105,-19099,830,326,-19099 326 830 1467 -2772 146020 -209000 0
239,Windurst Walls,34,Luuh Koplehn,61474,270,8,85088,85168,376.65,-25.0,-588.74,120,37665,-2500,-58874,37665 -58874 -2500 3011 7552 7553 7593 175
239,Windurst Walls,37,Ambrosius,61477,270,38,86056,86204,201.85,-25.13,-597.78,90,20185,-2513,-59778,20185 -59778 -2513 4072 10 65175 -63231 -2499
239,Windurst Walls,38,Orudoba-Sondeba,61478,270,7,87204,87264,823.04,-24.99,-1062.44,95,82304,-2499,-106244,82304 -106244 -2499 3112 13 81217 -98568 78620
239,Windurst Walls,39,Tsuaora-Tsuora,61479,270,5,87500,87556,849.96,-25.0,-1092.06,95,84996,-2500,-109206,84996 -109206 -2500 3068 13 84824 -103067 83473
239,Windurst Walls,51,Rutango-Botango,61491,270,19,89144,89236,-800.78,-96.39,1109.88,95,-80078,-9639,110988,-80078 110988 -9639 2687 7 -83920 117575 -6895
239,Windurst Walls,53,Raamimi,61493,270,11,90084,90192,0.3,77.02,77.01,120,30,7702,7701,30 7701 7702 2484 -130 -9409 1283 32893
239,Windurst Walls,54,Kohpo-Akuupo,61494,270,7,90140,90192,0.3,77.02,77.01,120,30,7702,7701,30 7701 7702 2484 -130 -9409 1283 32893
239,Windurst Walls,55,Nozaza,61495,270,7,90428,90512,-826.47,-81.3,1147.37,110,-82647,-8130,114737,-82647 114737 -8130 2881 7696 7697 100 -2147457536
239,Windurst Walls,56,Yanakiki,61496,270,7,90824,90904,-300.23,-159.99,1384.99,110,-30023,-15999,138499,-30023 138499 -15999 1760 -38192 133289 13 -68720
239,Windurst Walls,57,Augu-Maugu,61497,270,5,90844,90904,-300.23,-159.99,1384.99,110,-30023,-15999,138499,-30023 138499 -15999 1760 -38192 133289 13 -68720
239,Windurst Walls,65,Komomo,61505,270,3,101036,101212,-1004.53,-52.55,1464.28,110,-100453,-5255,146428,-100453 146428 -5255 735 -88367 128202 -5243 7887
239,Windurst Walls,66,Suhie-Kaihie,61506,270,5,101160,101212,-1004.53,-52.55,1464.28,110,-100453,-5255,146428,-100453 146428 -5255 735 -88367 128202 -5243 7887
239,Windurst Walls,67,Pakeke,61507,270,5,101352,101404,-899.89,-50.0,1397.3,110,-89989,-5000,139730,-89989 139730 -5000 915 -86864 127971 -5170 7889
239,Windurst Walls,68,Aromu-Oromu,61508,270,3,101536,101704,0.3,79.1,79.09,120,30,7910,7909,30 7909 7910 885 -1267 -9172 3710 7560
239,Windurst Walls,69,Polink-Moink,61509,270,5,101660,101704,0.3,79.1,79.09,120,30,7910,7909,30 7909 7910 885 -1267 -9172 3710 7560
239,Windurst Walls,84,Mukuku,61524,270,3,104528,104692,-842.84,-52.48,1322.59,110,-84284,-5248,132259,-84284 132259 -5248 1328 -82613 126859 -5222 7897
239,Windurst Walls,85,Malmi-Monmi,61525,270,4,104648,104692,-842.84,-52.48,1322.59,110,-84284,-5248,132259,-84284 132259 -5248 1328 -82613 126859 -5222 7897
239,Windurst Walls,86,Pantsa-Karutsa,61526,270,5,104828,104876,-951.4,-50.2,1275.42,95,-95140,-5020,127542,-95140 127542 -5020 174 -90931 124666 -5456 7907
239,Windurst Walls,87,Horuni-Mawoni,61527,270,4,105164,105288,78.64,-92.43,-145.18,120,7864,-9243,-14518,7864 -14518 -9243 3183 7564 7565 205 -2147460352
239,Windurst Walls,88,Kaaya Majiad,61528,270,10,105176,105288,78.64,-92.43,-145.18,120,7864,-9243,-14518,7864 -14518 -9243 3183 7564 7565 205 -2147460352
239,Windurst Walls,93,Haah Chakaila,61533,270,5,106164,106212,-369.84,-160.0,1364.03,95,-36984,-16000,136403,-36984 136403 -16000 546 13 -74409 113107 -10000
239,Windurst Walls,130,Kobunono,61571,270,1,190620,190744,80.32,2.36,80.31,105,8032,236,8031,8032 8031 236 1536 -4066 -2147476097 -2147408861 32770
239,Windurst Walls,139,Semih Lafihna,61580,270,9,202632,202808,-74.96,-160.0,1286.46,110,-7496,-16000,128646,-7496 128646 -16000 1845 -14060 126986 -23008 132239
239,Windurst Walls,140,Star Sibyl,61581,270,24,202724,202808,-74.96,-160.0,1286.46,110,-7496,-16000,128646,-7496 128646 -16000 1845 -14060 126986 -23008 132239
239,Windurst Walls,142,Juvillie,61583,270,1,203104,203244,65.58,0.6,2.0,105,6558,60,200,6558 200 60 551 -503040 -491521 1952808959 -266441105
239,Windurst Walls,147,Francmage,61588,270,111,233588,233656,1608.22,-20.0,1590.81,95,160822,-2000,159081,160822 159081 -2000 3255 558576 -274709 -65 539
239,Windurst Walls,149,Yow Rabntah,61590,270,183,234040,234108,484.65,100.03,-713.55,105,48465,10003,-71355,48465 -71355 10003 857 560862 -280403 0 3126
239,Windurst Walls,150,Cornelia,61591,270,616,234268,234428,1371.04,-20.0,1199.91,110,137104,-2000,119991,137104 119991 -2000 3237 99979 -67739 996 2404
239,Windurst Walls,152,Raogrimm,61593,270,55,235092,235136,209.49,20.52,-358.95,90,20949,2052,-35895,20949 -35895 2052 10 -363167 20791 -35427 -413245
239,Windurst Walls,153,???,61594,270,5,235260,235428,1168.71,-85.0,1192.67,95,116871,-8500,119267,116871 119267 -8500 454 152862 -171415 723 -18183
239,Windurst Walls,154,Diabolos,61595,270,307,235300,235456,-181.83,-173.0,992.42,120,-18183,-17300,99242,-18183 99242 -17300 3408 191 -30457 -8057 3114
239,Windurst Walls,155,Diabolos,61596,270,10,235648,235712,-37.42,-237.5,-295.09,105,-3742,-23750,-29509,-3742 -29509 -23750 503 79 2228224 -524241 -127107073
239,Windurst Walls,156,Diabolos,61597,270,12,235812,235876,41.53,-227.5,-256.57,105,4153,-22750,-25657,4153 -25657 -22750 1445 79 2228224 -524241 -127107073
239,Windurst Walls,164,Muhk Johldy,61605,270,37,257980,258072,-963.23,-130.0,1920.39,95,-96323,-13000,192039,-96323 192039 -13000 2632 13 -100342 196932 -12000
239,Windurst Walls,165,Kapeh Myohrye,61606,270,37,258384,258460,-946.9,-130.0,1920.01,95,-94690,-13000,192001,-94690 192001 -13000 2537 13 -99620 197598 -12000
239,Windurst Walls,184,Synergy Engineer,61625,270,1,283996,284008,-585.16,2.34,-545.34,90,-58516,234,-54534,-58516 -54534 234 0 1 4 9930 1234
239,Windurst Walls,194,Moogle,61635,270,1,334096,334220,100.42,2.0,100.43,105,10042,200,10043,10042 10043 200 19 -22508 -50707 -2230 -1535
239,Windurst Walls,208,Mumor,61649,270,107,340000,340052,-216.58,-21.98,-524.07,90,-21658,-2198,-52407,-21658 -52407 -2198 2 14 305 369 0
239,Windurst Walls,209,Mumor,61650,270,63,339944,340052,-216.58,-21.98,-524.07,90,-21658,-2198,-52407,-21658 -52407 -2198 2 14 305 369 0
239,Windurst Walls,312,Lion,61755,270,2,386444,386524,-190.99,8.3,3.26,105,-19099,830,326,-19099 326 830 1467 -2772 146020 -209000 0
239,Windurst Walls,313,Zeid,61756,270,2,386456,386524,-190.99,8.3,3.26,105,-19099,830,326,-19099 326 830 1467 -2772 146020 -209000 0
240,Port Windurst,11,Kuroido-Moido,11,271,23,20640,20808,-1247.18,-60.0,1655.64,95,-124718,-6000,165564,-124718 165564 -6000 758 13 -123199 172373 -5500
240,Port Windurst,41,Melek,41,271,86,62672,62860,32.37,32.43,32.38,100,3237,3243,3238,3237 3238 3243 3244 -76968 159184 -5500 2099
240,Port Windurst,42,Gold Skull,42,271,44,62716,62896,-764.31,-57.46,1642.5,110,-76431,-5746,164250,-76431 164250 -5746 3248 3249 3250 3259 3260
240,Port Windurst,93,Kohlo-Lakolo,93,271,62,138220,138408,1901.33,0.19,-60.0,95,190133,19,-6000,190133 -6000 19 21 -21051 190236 716 -2147460352
240,Port Windurst,175,Ace of Cups,176,271,46,259864,259924,-72.39,-60.0,1891.62,110,-7239,-6000,189162,-7239 189162 -6000 1986 -6288 191355 -5999 752
240,Port Windurst,176,Ace of Wands,177,271,50,260188,260328,-94.53,-60.0,1878.34,95,-9453,-6000,187834,-9453 187834 -6000 2138 13 -3296 185087 -5999
240,Port Windurst,177,Ace of Swords,178,271,49,260796,260908,-93.1,-60.0,1907.9,95,-9310,-6000,190790,-9310 190790 -6000 1959 13 -6260 191014 -5999
240,Port Windurst,180,Tonule,181,271,1,261308,261448,109.82,0.6,2.0,105,10982,60,200,10982 200 60 551 -503040 -491521 1952808959 -266441105
240,Port Windurst,201,Synergy Engineer,202,271,1,354404,354416,-585.16,2.34,-545.34,90,-58516,234,-54534,-58516 -54534 234 0 1 4 15884 1234
240,Port Windurst,210,Voidwatch Purvey,212,271,1,435576,435588,-631.35,0.44,-646.61,90,-63135,44,-64661,-63135 -64661 44 0 1 2 16036 3434
240,Port Windurst,254,Unity Master,257,271,3,54844,55016,-1137.14,-37.11,1425.25,95,-113714,-3711,142525,-113714 142525 -3711 2898 40 -118501 185201 -5535
240,Port Windurst,257,Lion,260,271,2,469724,469804,-190.99,8.3,3.26,105,-19099,830,326,-19099 326 830 1467 -2772 146020 -209000 0
240,Port Windurst,258,Zeid,261,271,2,469736,469804,-190.99,8.3,3.26,105,-19099,830,326,-19099 326 830 1467 -2772 146020 -209000 0
241,Windurst Woods,12,Kohlo-Lakolo,4108,271,21,19836,19944,-423.88,-226.72,184.74,120,-42388,-22672,18474,-42388 18474 -22672 1199 8361 8362 8363 8367
241,Windurst Woods,13,Papo-Hopo,4109,271,33,20212,20352,-411.84,-322.06,210.81,120,-41184,-32206,21081,-41184 21081 -32206 1982 8369 241 0 1
241,Windurst Woods,14,Gomada-Vulmada,4110,271,7,20848,20908,-467.6,38.29,19.99,105,-46760,3829,1999,-46760 1999 3829 21 20394 -42928 17373 -24588
241,Windurst Woods,15,Nanaa Mihgo,4111,271,135,20128,20312,-486.76,35.21,19.99,105,-48676,3521,1999,-48676 1999 3521 21 23240 -44282 22566 -41324
241,Windurst Woods,24,EV_EFFECT01,4120,271,1,64180,64284,-29.62,-41.01,-249.45,105,-2962,-4101,-24945,-2962 -24945 -4101 1018 23 922825472 -2147385344 -2147254270
241,Windurst Woods,25,Two of Swords,4121,271,6,64232,64284,-29.62,-41.01,-249.45,105,-2962,-4101,-24945,-2962 -24945 -4101 1018 23 922825472 -2147385344 -2147254270
241,Windurst Woods,26,Queen of Hearts,4122,271,4,64328,64384,-29.62,-41.01,-249.45,105,-2962,-4101,-24945,-2962 -24945 -4101 1018 24 922825472 -2147385344 -2147254270
241,Windurst Woods,37,Mourices,4133,271,79,68264,68420,0.13,-296.55,-494.9,105,13,-29655,-49490,13 -49490 -29655 499 -46160 -32698 467 8599
241,Windurst Woods,38,Catalia,4134,271,14,68316,68420,0.13,-296.55,-494.9,105,13,-29655,-49490,13 -49490 -29655 499 -46160 -32698 467 8599
241,Windurst Woods,51,Lih Pituu,4147,271,1,90644,90732,72.46,74.16,74.21,90,7246,7416,7421,7246 7421 7416 451 -134186752 -260046849 1048575999 -2147479547
241,Windurst Woods,82,Bashraf,4178,271,107,219844,219968,-268.9,29.99,-794.02,120,-26890,2999,-79402,-26890 -79402 2999 1843 -20011 -46794 2819 1248
241,Windurst Woods,83,Foudeel,4179,271,86,220292,220404,-281.86,29.99,-787.54,120,-28186,2999,-78754,-28186 -78754 2999 1302 -21255 -46208 2754 703
241,Windurst Woods,84,Wahboud,4180,271,112,220572,220684,-285.91,29.99,-802.1,120,-28591,2999,-80210,-28591 -80210 2999 1326 -20732 -47498 2926 1090
241,Windurst Woods,85,Dietmund,4181,271,70,220852,220948,-92.27,29.99,-840.0,105,-9227,2999,-84000,-9227 -84000 2999 409 12006 -50000 2000 518
241,Windurst Woods,86,Hantileon,4182,271,200,219168,219332,-25.0,0.01,19.64,105,-2500,1,1964,-2500 1964 1 8 10504 -49203 2000 426
241,Windurst Woods,87,Brutus,4183,271,127,221136,221232,1105.69,-50.0,-1267.48,95,110569,-5000,-126748,110569 -126748 -5000 2386 40 111576 -130819 130793
241,Windurst Woods,88,Zopago,4184,271,134,221476,221576,-64.15,29.99,-869.57,105,-6415,2999,-86957,-6415 -86957 2999 2799 5 2 22 158068
241,Windurst Woods,133,Sunana,4229,271,3,312536,312608,108.57,19.99,-502.34,90,10857,1999,-50234,10857 -50234 1999 435 98 -2147457536 2147483640 2147483640
241,Windurst Woods,134,Hakaru-Marikaru,4230,271,6,312548,312608,108.57,19.99,-502.34,90,10857,1999,-50234,10857 -50234 1999 435 98 -2147457536 2147483640 2147483640
241,Windurst Woods,138,Tosh Hohnay,4234,271,9,313596,313664,115.26,19.99,-477.73,105,11526,1999,-47773,11526 -47773 1999 555 87 -2147457536 2147483640 2147483640
241,Windurst Woods,172,Uuroro,4268,271,1,327988,328004,0.02,80.48,80.47,90,2,8048,8047,2 8047 8048 13 -2147476224 -2147410653 553656355 -256
241,Windurst Woods,182,Wani Casdohry,4278,271,27,333688,333860,-180.87,27.49,-561.62,120,-18087,2749,-56162,-18087 -56162 2749 1128 532 15 150 40
241,Windurst Woods,204,Door:Chocobo Sta,4300,271,3,464836,464860,-647.94,0.06,0.0,90,-64794,6,0,-64794 0 6 0 -65459 17764595 3 65536
241,Windurst Woods,219,Palyalya,4316,271,1,438128,438252,87.63,2.36,87.62,105,8763,236,8762,8763 8762 236 1536 -4066 -2147476097 -2147408861 32770
241,Windurst Woods,225,Yoran-Oran,4322,271,28,443000,443096,-238.5,-25.0,108.31,105,-23850,-2500,10831,-23850 10831 -2500 4043 13 -19765 10946 -2749
241,Windurst Woods,227,Bozack,4324,271,13,546875,547019,322.56,5.11,-5.12,100,32256,511,-512,32256 -512 511 512 768 1024 1280 1536
241,Windurst Woods,229,Ominous Cloud,4326,271,1,444652,444692,101.55,0.3,101.56,90,10155,30,10156,10155 10156 30 49 -134186752 -260046849 494927871 488865792
241,Windurst Woods,238,Ibwam,4335,271,8,464716,464860,-647.94,0.06,0.0,90,-64794,6,0,-64794 0 6 0 -65459 17764595 3 65536
241,Windurst Woods,247,Selele,4344,271,16,486120,486284,-402.55,40.77,-49.99,105,-40255,4077,-4999,-40255 -4999 4077 13 338 107447 -35784 30
241,Windurst Woods,250,Fhelm Jobeizat,4347,271,24,495960,496000,911.37,-43.98,-429.85,105,91137,-4398,-42985,91137 -42985 -4398 167 89986 -42966 -4254 1399
241,Windurst Woods,252,A.M.A.N. Reclaim,4349,271,1,511688,511752,140.17,-0.1,140.18,90,14017,-10,14018,14017 14018 -10 162 -1029632 -491521 -129335297 -260046849
241,Windurst Woods,255,Teldro-Kesdrodo,4352,271,112,514328,514488,975.2,-52.7,-240.7,105,97520,-5270,-24070,97520 -24070 -5270 0 4 14656 1 14524
241,Windurst Woods,256,Yonolala,4353,271,134,537144,537280,975.2,-52.7,-240.7,90,97520,-5270,-24070,97520 -24070 -5270 379 0 1768620032 -131044252 478150655
241,Windurst Woods,259,Invincible Shiel,4356,271,11,538272,538424,990.27,-50.0,-269.74,120,99027,-5000,-26974,99027 -26974 -5000 3470 99758 -25706 2306 15
241,Windurst Woods,260,Jakoh Wahcondalo,4357,271,11,538300,538424,990.27,-50.0,-269.74,120,99027,-5000,-26974,99027 -26974 -5000 3470 99758 -25706 2306 15
241,Windurst Woods,274,Chabobo,4371,271,2,550836,550964,-215.0,30.0,-510.0,120,-21500,3000,-51000,-21500 -51000 3000 2047 -40200 -50200 4095 -53000
241,Windurst Woods,307,O,4404,271,18,572892,573004,-646.94,8.72,0.01,90,-64694,872,1,-64694 1 872 18 5963776 -1920 -1921 812214399
241,Windurst Woods,308,V,4405,271,6,572988,573004,-646.94,8.72,0.01,90,-64694,872,1,-64694 1 872 18 5963776 -1920 -1921 812214399
241,Windurst Woods,309,E,4406,271,6,573040,573056,-646.94,8.72,0.01,90,-64694,872,1,-64694 1 872 18 5963776 -1920 -1921 812214399
241,Windurst Woods,310,Y,4407,271,8,573092,573108,-646.94,8.72,0.01,90,-64694,872,1,-64694 1 872 18 5963776 -1920 -1921 812214399
241,Windurst Woods,311,U,4408,271,6,573144,573160,-646.94,8.72,0.01,90,-64694,872,1,-64694 1 872 18 5963776 -1920 -1921 812214399
241,Windurst Woods,368,Rokor-Makor,4465,271,1,574888,575012,-5.86,29.99,-785.82,120,-586,2999,-78582,-586 -78582 2999 3289 1568 -72247 1144 4380
241,Windurst Woods,445,???,4543,271,1,606368,606536,-312.49,0.02,361.62,105,-31249,2,36162,-31249 36162 2 231 17033 -19100 3 232
241,Windurst Woods,450,Lion,4548,271,17,613964,614044,-190.99,8.3,3.26,105,-19099,830,326,-19099 326 830 1467 -2772 146020 -209000 0
241,Windurst Woods,451,Zeid,4549,271,16,613976,614044,-190.99,8.3,3.26,105,-19099,830,326,-19099 326 830 1467 -2772 146020 -209000 0
242,Heavens Tower,19,Kupipi,8211,271,1386,182344,182524,23.95,4.99,268.07,100,2395,499,26807,2395 26807 499 619 22425 -250 1640 30439
242,Heavens Tower,24,Lion,8216,271,47,44932,45056,0.13,-167.85,35.9,120,13,-16785,3590,13 3590 -16785 592 1523 -20099 249 910
242,Heavens Tower,29,Star Sibyl,8221,271,551,75348,75488,-610.0,0.13,23.12,100,-61000,13,2312,-61000 2312 13 2526 47282 402 403 404
242,Heavens Tower,30,Rukususu,8222,271,40,75384,75488,-610.0,0.13,23.12,100,-61000,13,2312,-61000 2312 13 2526 47282 402 403 404
242,Heavens Tower,31,???,8223,271,29,75792,75920,-610.21,1.28,30.15,90,-61021,128,3015,-61021 3015 128 1 175 -2147460352 2147483640 2147483640
242,Heavens Tower,86,Rasusu,8279,271,34,121148,121304,-388.53,0.03,-616.26,120,-38853,3,-61626,-38853 -61626 3 3199 -22149 -52035 1451 -619
242,Heavens Tower,87,Doron-Fulun,8280,271,31,121876,122016,-295.56,6.01,689.99,105,-29556,601,68999,-29556 68999 601 4083 -31684 69220 -32440 69476
242,Heavens Tower,88,Kodada,8281,271,34,122572,122716,-250.46,6.01,708.23,105,-25046,601,70823,-25046 70823 601 4001 -30922 71029 -17946 70457
242,Heavens Tower,89,Rakocha-Mukocha,8282,271,25,123208,123348,-177.96,0.0,685.35,105,-17796,0,68535,-17796 68535 0 4094 -29339 69353 601 60
242,Heavens Tower,90,Abubu,8283,271,34,123872,124008,-272.74,6.01,710.87,105,-27274,601,71087,-27274 71087 601 4092 -32510 70701 -15266 71268
242,Heavens Tower,93,Iron Bar Gate,8286,271,2,124640,124828,71.4,0.6,2.0,105,7140,60,200,7140 200 60 551 -503040 -491521 1952808959 -266441105
242,Heavens Tower,95,Mashua,8288,271,1,124688,124828,71.4,0.6,2.0,105,7140,60,200,7140 200 60 551 -503040 -491521 1952808959 -266441105
242,Heavens Tower,123,Shantotto,8317,271,157,182364,182524,23.95,4.99,268.07,100,2395,499,26807,2395 26807 499 619 22425 -250 1640 30439
243,Ru'Lude Gardens,2,Jima,12290,271,37,208080,208192,-322.95,89.99,-741.42,105,-32295,8999,-74142,-32295 -74142 8999 2978 60 -34783 -74196 -34829
243,Ru'Lude Gardens,4,Altair,12292,271,34,210624,210728,-762.35,20.72,89.99,105,-76235,2072,8999,-76235 8999 2072 13 28105 -76130 2048 28325
243,Ru'Lude Gardens,5,Pakh Jatalfih,12293,271,48,213212,213308,330.31,84.99,-120.81,120,33031,8499,-12081,33031 -12081 8499 1072 33152 -11960 1065 60
243,Ru'Lude Gardens,6,Heimji-Keimji,12294,271,38,213256,213308,330.31,84.99,-120.81,120,33031,8499,-12081,33031 -12081 8499 1072 33152 -11960 1065 60
243,Ru'Lude Gardens,7,Wolfgang,12295,271,399,277808,277924,29.99,0.01,0.0,90,2999,1,0,2999 0 1 123 -134114816 -1803550721 -2047 3604607
243,Ru'Lude Gardens,8,Monberaux,12296,271,104,31196,31356,-246.76,89.98,-500.76,120,-24676,8998,-50076,-24676 -50076 8998 2035 -28421 -50678 8999 15
243,Ru'Lude Gardens,10,Eald'narche,12298,271,43,32496,32572,-51.73,-69.96,986.66,105,-5173,-6996,98666,-5173 98666 -6996 1033 30 -5469 94980 -2781
243,Ru'Lude Gardens,11,Mawl'gofaur,12299,271,117,33068,33228,-63.94,0.13,12.91,120,-6394,13,1291,-6394 1291 13 2273 92368 -6996 143 0
243,Ru'Lude Gardens,12,Kareh'ayollio,12300,271,66,33876,34012,-25.61,-63.94,901.6,105,-2561,-6394,90160,-2561 90160 -6394 635 233 60 234 0
243,Ru'Lude Gardens,13,High Wind,12301,271,78,37352,37532,14.25,-49.99,613.88,120,1425,-4999,61388,1425 61388 -4999 1000 68975 -5000 3057 56
243,Ru'Lude Gardens,14,Rainhard,12302,271,40,38088,38260,-10.0,-50.0,689.75,120,-1000,-5000,68975,-1000 68975 -5000 3057 56 10197 1 10198
243,Ru'Lude Gardens,18,Auchefort,12306,271,22,38744,38860,102.04,317.98,-10.0,100,10204,31798,-1000,10204 -1000 31798 1999 2811 40 40750 12640
243,Ru'Lude Gardens,24,Muhoho,12312,271,53,41108,41192,-49.99,318.71,-1.5,120,-4999,31871,-150,-4999 -150 31871 2000 990 40 95 4532
243,Ru'Lude Gardens,29,Yavoraile,12317,271,6,51568,51648,362.41,12.66,715.95,90,36241,1266,71595,36241 71595 1266 137 -2147469568 -2147319807 503349251 2147483632
243,Ru'Lude Gardens,30,Leis,12318,271,1,51804,51956,362.71,13.44,644.95,90,36271,1344,64495,36271 64495 1344 85 -2147469568 -2147319807 503349251 2147483632
243,Ru'Lude Gardens,31,Arenuel,12319,271,6,51896,51956,362.71,13.44,644.95,90,36271,1344,64495,36271 64495 1344 85 -2147469568 -2147319807 503349251 2147483632
243,Ru'Lude Gardens,37,Auction Counter,12325,271,5,52668,52688,-6.94,-76.32,938.41,105,-694,-7632,93841,-694 93841 -7632 3371 11 -2147469568 -2147319807 -16744445
243,Ru'Lude Gardens,38,Auction Counter,12326,271,5,52720,52792,6.94,-76.32,938.41,105,694,-7632,93841,694 93841 -7632 3371 11 -2147469568 -2147319807 -16744445
243,Ru'Lude Gardens,39,Auction Counter,12327,271,5,52772,52792,6.94,-76.32,938.41,105,694,-7632,93841,694 93841 -7632 3371 11 -2147469568 -2147319807 -16744445
243,Ru'Lude Gardens,52,Diradour,12340,271,1,81680,81804,103.39,2.36,103.38,105,10339,236,10338,10339 10338 236 1536 -4066 -2147476097 -2147408861 32770
243,Ru'Lude Gardens,56,Lion,12344,271,99,86176,86340,-1576.0,-76.11,-40.18,110,-157600,-7611,-4018,-157600 -4018 -7611 2926 13 -159625 4395 -7508
243,Ru'Lude Gardens,57,Shadow of Darkne,12345,271,54,87116,87280,-889.89,28.86,252.85,90,-88989,2886,25285,-88989 25285 2886 72 248 -367115 45640 23999
243,Ru'Lude Gardens,61,Magicite,12349,271,1,87820,87876,-1308.91,40.38,-15.0,95,-130891,4038,-1500,-130891 -1500 4038 13 -15000 -133891 36 922821120
243,Ru'Lude Gardens,62,Raogrimm,12350,271,32,88560,88704,-271.6,0.12,37.0,90,-27160,12,3700,-27160 3700 12 103 922821120 -2147385344 -2147254270 -2147207424
243,Ru'Lude Gardens,63,Cornelia,12351,271,29,88576,88704,-271.6,0.12,37.0,90,-27160,12,3700,-27160 3700 12 103 922821120 -2147385344 -2147254270 -2147207424
243,Ru'Lude Gardens,64,Ulrich,12352,271,34,89108,89284,-553.63,119.99,-328.65,90,-55363,11999,-32865,-55363 -32865 11999 490 117 127 2 160
243,Ru'Lude Gardens,65,Raogrimm,12353,271,10,87848,87876,-1308.91,40.38,-15.0,95,-130891,4038,-1500,-130891 -1500 4038 13 -15000 -133891 36 922821120
243,Ru'Lude Gardens,66,Babenn,12354,271,9,87940,87964,-140.0,-15.0,-1438.91,95,-14000,-1500,-143891,-14000 -143891 -1500 4038 13 -135891 34 922821120
243,Ru'Lude Gardens,67,Omran,12355,271,12,88028,88060,-1408.91,40.38,-15.0,95,-140891,4038,-1500,-140891 -1500 4038 13 -133891 -122891 52 922821120
243,Ru'Lude Gardens,68,Blamor,12356,271,12,88140,88168,-170.0,-15.0,-1398.92,95,-17000,-1500,-139892,-17000 -139892 -1500 2214 13 -132891 -122891 50
243,Ru'Lude Gardens,74,Yagudo Templar,12363,271,15,185488,185620,996.4,9.83,-720.0,105,99640,983,-72000,99640 -72000 983 13 -97747 96229 33 0
243,Ru'Lude Gardens,75,Yagudo Templar,12364,271,17,185572,185620,996.4,9.83,-720.0,105,99640,983,-72000,99640 -72000 983 13 -97747 96229 33 0
243,Ru'Lude Gardens,76,Yagudo High Prie,12365,271,11,185684,185728,895.82,35.68,-720.0,105,89582,3568,-72000,89582 -72000 3568 40 -112226 95725 29 0
243,Ru'Lude Gardens,77,Yagudo High Prie,12366,271,11,185788,185828,872.39,31.67,-720.0,105,87239,3167,-72000,87239 -72000 3167 40 -98792 96704 28 0
243,Ru'Lude Gardens,78,Yagudo High Prie,12367,271,18,185884,186052,872.66,32.09,-720.0,105,87266,3209,-72000,87266 -72000 3209 40 -99302 92853 28 0
243,Ru'Lude Gardens,79,Yagudo High Prie,12368,271,11,186012,186052,872.66,32.09,-720.0,105,87266,3209,-72000,87266 -72000 3209 40 -99302 92853 28 0
243,Ru'Lude Gardens,80,Ajido-Marujido,12369,271,58,185360,185536,975.02,0.23,-720.0,90,97502,23,-72000,97502 -72000 23 0 595591197 -2147405312 -2147352545 -2147188733
243,Ru'Lude Gardens,82,Magicite,12371,271,4,89164,89284,-553.63,119.99,-328.65,90,-55363,11999,-32865,-55363 -32865 11999 490 117 127 2 160
243,Ru'Lude Gardens,86,Francmage,12375,271,111,124352,124420,1608.22,-20.0,1590.81,95,160822,-2000,159081,160822 159081 -2000 3255 558576 -274709 -65 539
243,Ru'Lude Gardens,88,Yow Rabntah,12377,271,183,124804,124872,484.65,100.03,-713.55,105,48465,10003,-71355,48465 -71355 10003 857 560862 -280403 0 3126
243,Ru'Lude Gardens,89,Cornelia,12378,271,616,125032,125192,1371.04,-20.0,1199.91,110,137104,-2000,119991,137104 119991 -2000 3237 99979 -67739 996 2404
243,Ru'Lude Gardens,91,Raogrimm,12380,271,55,125856,125900,209.49,20.52,-358.95,90,20949,2052,-35895,20949 -35895 2052 10 -363167 20791 -35427 -413245
243,Ru'Lude Gardens,92,???,12381,271,5,126024,126192,1168.71,-85.0,1192.67,95,116871,-8500,119267,116871 119267 -8500 454 152862 -171415 723 -18183
243,Ru'Lude Gardens,93,Diabolos,12382,271,307,126064,126220,-181.83,-173.0,992.42,120,-18183,-17300,99242,-18183 99242 -17300 3408 191 -30457 -8057 3114
243,Ru'Lude Gardens,94,Diabolos,12383,271,10,126412,126476,-37.42,-237.5,-295.09,105,-3742,-23750,-29509,-3742 -29509 -23750 503 79 2228224 -524241 -127107073
243,Ru'Lude Gardens,95,Diabolos,12384,271,12,126576,126640,41.53,-227.5,-256.57,105,4153,-22750,-25657,4153 -25657 -22750 1445 79 2228224 -524241 -127107073
243,Ru'Lude Gardens,99,Kilhwch,12388,271,12,131996,132032,-194.99,-19.09,636.4,105,-19499,-1909,63640,-19499 63640 -1909 1254 0 1 128 38
243,Ru'Lude Gardens,102,Xonia,12391,271,12,132488,132524,-0.2,79.0,-402.92,105,-20,7900,-40292,-20 -40292 7900 3089 0 1 128 38
243,Ru'Lude Gardens,106,Noillurie,12395,271,13,133144,133184,-313.37,31.37,-407.16,90,-31337,3137,-40716,-31337 -40716 3137 0 1 128 38 92
243,Ru'Lude Gardens,109,Elrica,12398,271,12,133636,133672,-195.57,-99.98,324.41,105,-19557,-9998,32441,-19557 32441 -9998 1306 0 1 128 38
243,Ru'Lude Gardens,110,Terounalivet,12399,271,12,133800,133836,-142.72,-33.08,569.26,105,-14272,-3308,56926,-14272 56926 -3308 1018 0 1 128 38
243,Ru'Lude Gardens,118,Tenzen,12407,271,42,25876,25944,-50.0,4.26,31.03,90,-5000,426,3103,-5000 3103 426 40 75 -1372 84806 624
243,Ru'Lude Gardens,119,Nag'molada,12408,271,45,27632,27720,0.0,-50.0,703.0,100,0,-5000,70300,0 70300 -5000 3072 6000 13 210 80000
243,Ru'Lude Gardens,120,Archanne,12409,271,1,186644,186784,65.39,0.6,2.0,105,6539,60,200,6539 200 60 551 -503040 -491521 1952808959 -266441105
243,Ru'Lude Gardens,152,Francmage,12442,271,23,188428,188552,227.66,29.51,-15.0,105,22766,2951,-1500,22766 -1500 2951 13 35288 -2999 31002 6822
243,Ru'Lude Gardens,153,Destin,12443,271,20,188400,188552,227.66,29.51,-15.0,105,22766,2951,-1500,22766 -1500 2951 13 35288 -2999 31002 6822
243,Ru'Lude Gardens,154,Periduque,12444,271,41,189292,189392,-12.92,-30.0,370.61,120,-1292,-3000,37061,-1292 37061 -3000 837 13 -1473 36934 6824
243,Ru'Lude Gardens,155,Muchavatte,12445,271,41,190308,190444,753.29,31.3,-276.38,105,75329,3130,-27638,75329 -27638 3130 6 -142346 80714 -27713 9
243,Ru'Lude Gardens,156,Ulrich,12446,271,21,190400,190444,753.29,31.3,-276.38,105,75329,3130,-27638,75329 -27638 3130 6 -142346 80714 -27713 9
243,Ru'Lude Gardens,157,Francmage,12447,271,56,190552,190592,-1411.57,-278.61,766.26,95,-141157,-27861,76626,-141157 76626 -27861 3187 40 339394 -352374 -1500
243,Ru'Lude Gardens,158,Iru-Kuiru,12448,271,37,190724,190764,-1418.37,-282.97,699.17,95,-141837,-28297,69917,-141837 69917 -28297 2890 30 40 339759 -354464
243,Ru'Lude Gardens,159,Rabntah,12449,271,34,190956,190996,-1415.88,-278.83,725.58,95,-141588,-27883,72558,-141588 72558 -27883 3067 10 40 339651 -354912
243,Ru'Lude Gardens,173,Crooked Arrow,12463,271,23,277816,277924,29.99,0.01,0.0,90,2999,1,0,2999 0 1 123 -134114816 -1803550721 -2047 3604607
243,Ru'Lude Gardens,176,Shinkan_A,12466,271,6,282132,282164,-554.86,0.22,0.06,105,-55486,22,6,-55486 6 22 20 -111000 60000 -24000 0
243,Ru'Lude Gardens,177,Shinkan_B,12467,271,6,282280,282316,-1095.0,-240.0,575.0,95,-109500,-24000,57500,-109500 57500 -24000 3036 50 -2147460352 2147483640 2147483640
243,Ru'Lude Gardens,178,Shinkan_C,12468,271,6,282388,282424,-1095.0,-240.0,625.0,95,-109500,-24000,62500,-109500 62500 -24000 1024 50 -2147460352 2147483640 2147483640
243,Ru'Lude Gardens,179,BOX2,12469,271,7,282496,282528,-554.86,4.95,0.06,90,-55486,495,6,-55486 6 495 58 0 -109900 60000 -24000
243,Ru'Lude Gardens,184,Luto Mewrilah,12474,271,49,374740,374824,6.28,90.01,-276.03,120,628,9001,-27603,628 -27603 9001 734 10863 -50075 8999 31444
243,Ru'Lude Gardens,185,Lafado-Shiraddo,12475,271,44,375288,375404,6.28,90.01,-276.03,120,628,9001,-27603,628 -27603 9001 734 10863 -50075 8999 31444
243,Ru'Lude Gardens,186,Miledo-Shiraddo,12476,271,16,375344,375404,6.28,90.01,-276.03,120,628,9001,-27603,628 -27603 9001 734 10863 -50075 8999 31444
243,Ru'Lude Gardens,187,Aldo,12477,271,35,375568,375640,6.58,-49.99,840.03,105,658,-4999,84003,658 84003 -4999 1192 13 -37 79822 -5000
243,Ru'Lude Gardens,188,Verena,12478,271,24,375804,375868,-2.24,-49.99,850.03,105,-224,-4999,85003,-224 85003 -4999 1017 79 2228224 -524241 -127107073
243,Ru'Lude Gardens,189,Pieuje,12479,271,149,376204,376356,672.79,40.82,19.95,90,67279,4082,1995,67279 1995 4082 26 -1811865088 -2047 -2147469441 -2147319807
243,Ru'Lude Gardens,190,Shantotto,12480,271,169,376756,376892,347.15,0.3,689.29,90,34715,30,68929,34715 68929 30 355 -1811865088 -2047 -2147469441 -2147319807
243,Ru'Lude Gardens,191,Volker,12481,271,140,376400,376476,346.36,2.0,615.95,90,34636,200,61595,34636 61595 200 186 -1811865088 -2047 -2147469441 -2147319807
243,Ru'Lude Gardens,192,Ayame,12482,271,27,376680,376712,649.15,22.08,19.95,90,64915,2208,1995,64915 1995 2208 27 -1811865088 -2047 -2147469441 -2147319807
243,Ru'Lude Gardens,193,Rahal,12483,271,32,376328,376356,672.79,40.82,19.95,90,67279,4082,1995,67279 1995 4082 26 -1811865088 -2047 -2147469441 -2147319807
243,Ru'Lude Gardens,200,Amnaf,12490,271,15,378796,378964,-19.3,0.0,446.0,105,-1930,0,44600,-1930 44600 0 3339 18 -134114816 8388607 25165879
243,Ru'Lude Gardens,201,Nashmeira,12491,271,30,378876,378964,-19.3,0.0,446.0,105,-1930,0,44600,-1930 44600 0 3339 18 -134114816 8388607 25165879
243,Ru'Lude Gardens,202,Mnejing,12492,271,43,378940,378964,-19.3,0.0,446.0,105,-1930,0,44600,-1930 44600 0 3339 18 -134114816 8388607 25165879
243,Ru'Lude Gardens,203,Ovjang,12493,271,47,379004,379100,0.0,-10.0,477.24,105,0,-1000,47724,0 47724 -1000 1024 20 -134114816 8388607 3604787
243,Ru'Lude Gardens,204,???,12494,271,47,379076,379100,0.0,-10.0,477.24,105,0,-1000,47724,0 47724 -1000 1024 20 -134114816 8388607 3604787
243,Ru'Lude Gardens,225,Ajahkeem,12515,271,48,379756,379788,142.94,0.0,2.0,105,14294,0,200,14294 200 0 19 -34139 -62054 3 3616
243,Ru'Lude Gardens,226,Explorer_Moogle,12516,271,1,404136,404208,143.98,143.97,0.13,90,14398,14397,13,14398 13 14397 298 -2147474432 -2147385343 268436005 335577089
243,Ru'Lude Gardens,286,Artisan Moogle,12577,271,112,509548,509708,-104.44,31.01,1180.92,110,-10444,3101,118092,-10444 118092 3101 2021 -2667 116964 2095 0
243,Ru'Lude Gardens,291,Voidwatch Purvey,12582,271,1,558492,558504,-631.35,0.44,-553.49,90,-63135,44,-55349,-63135 -55349 44 0 1 2 14940 3434
243,Ru'Lude Gardens,310,???,12602,271,1,654800,654896,30.55,435.62,-18.72,120,3055,43562,-1872,3055 -1872 43562 3433 -1873 43563 3217 2168
243,Ru'Lude Gardens,311,Iroha,12603,271,100,661976,662012,-0.39,19.99,418.19,105,-39,1999,41819,-39 41819 1999 30 -40 31552 -10808 -5980
243,Ru'Lude Gardens,312,Tenzen,12604,271,161,661848,662012,-0.39,19.99,418.19,105,-39,1999,41819,-39 41819 1999 30 -40 31552 -10808 -5980
243,Ru'Lude Gardens,313,Kagero,12605,271,49,662224,662348,89.99,-57.48,-128.43,105,8999,-5748,-12843,8999 -12843 -5748 2999 2450 40 11927552 838893568
243,Ru'Lude Gardens,314,???,12606,271,85,662296,662348,89.99,-57.48,-128.43,105,8999,-5748,-12843,8999 -12843 -5748 2999 2450 40 11927552 838893568
244,Upper Jeuno,1,Monberaux,16385,271,436,59528,59668,-0.31,104.46,-645.01,120,-31,10446,-64501,-31 -64501 10446 1000 3068 0 60 10
244,Upper Jeuno,2,Rosaline,16386,271,28,59584,59668,-0.31,104.46,-645.01,120,-31,10446,-64501,-31 -64501 10446 1000 3068 0 60 10
244,Upper Jeuno,3,Souren,16387,271,5,59928,60000,-499.13,-4.99,30.27,120,-49913,-499,3027,-49913 3027 -499 529 13 -48802 1990 30
244,Upper Jeuno,5,Two of Swords,16389,271,26,60888,60956,-199.54,-65.73,730.65,105,-19954,-6573,73065,-19954 73065 -6573 517 60 142 3604770 41943424
244,Upper Jeuno,6,Panta-Putta,16390,271,43,61124,61176,-582.64,-5.0,-38.44,120,-58264,-500,-3844,-58264 -3844 -500 873 21 -57900 -4889 -60334
244,Upper Jeuno,7,Tsiket-Lukit,16391,271,13,61412,61452,-186.12,-66.1,720.88,120,-18612,-6610,72088,-18612 72088 -6610 2385 -18160 67836 -6358 49
244,Upper Jeuno,8,Wolfgang,16392,271,80,84392,84536,-4.66,38.17,-587.48,120,-466,3817,-58748,-466 -58748 3817 2762 -62911 11168 1000 -58622
244,Upper Jeuno,10,Chocobo,16394,271,92,62508,62656,-553.02,0.13,0.87,90,-55302,13,87,-55302 87 13 30 20 -58982 87664 8199
244,Upper Jeuno,14,Shalott,16398,271,58,69812,69988,-524.26,23.71,799.27,105,-52426,2371,79927,-52426 79927 2371 1688 13 -56835 77638 0
244,Upper Jeuno,15,Dietmund,16399,271,130,70664,70808,-460.54,79.99,922.87,120,-46054,7999,92287,-46054 92287 7999 2711 -47391 95325 8045 -53153
244,Upper Jeuno,17,Galmut,16401,271,216,76480,76648,-256.4,-88.0,1077.08,95,-25640,-8800,107708,-25640 107708 -8800 208 -25420 106167 2008 67
244,Upper Jeuno,18,Narihira,16402,271,125,77560,77684,-367.95,0.0,1058.36,110,-36795,0,105836,-36795 105836 0 2110 -80975 106561 -1200 2591
244,Upper Jeuno,20,Audia,16404,271,44,79300,79416,-637.19,0.0,856.49,120,-63719,0,85649,-63719 85649 0 663 -55773 70500 291 838860800
244,Upper Jeuno,25,Albrecht,16409,271,110,79736,79864,-311.6,-14.99,100.66,120,-31160,-1499,10066,-31160 10066 -1499 1372 -70877 76753 -199 2757
244,Upper Jeuno,26,Alista,16410,271,81,80680,80768,-355.43,-14.99,238.24,120,-35543,-1499,23824,-35543 23824 -1499 637 -69803 77422 0 2641
244,Upper Jeuno,28,Kurou-Morou,16412,271,77,83172,83268,-677.34,-12.1,598.14,120,-67734,-1210,59814,-67734 59814 -1210 1793 -68354 60114 2439 -69772
244,Upper Jeuno,29,Adaruel,16413,271,7,83720,83776,-753.52,-12.0,581.6,120,-75352,-1200,58160,-75352 58160 -1200 2292 -67504 59995 3794 -71353
244,Upper Jeuno,30,Ilumida,16414,271,3,84028,84064,-781.42,-12.1,592.1,105,-78142,-1210,59210,-78142 59210 -1210 302 -68096 56221 3259 30
244,Upper Jeuno,43,Hinda,16427,271,40,88704,88816,-604.04,0.0,1026.22,110,-60404,0,102622,-60404 102622 0 639 -57773 104028 181 7946752
244,Upper Jeuno,51,Balkehr,16435,271,10,427647,427715,2.56,460.8,174.08,105,256,46080,17408,256 17408 46080 3328 -91299328 -44211713 -2560257 7935
244,Upper Jeuno,52,Sibila-Mobla,16436,271,49,176808,176896,-583.96,0.0,1011.86,110,-58396,0,101186,-58396 101186 0 639 -54808 103401 136 -1040896
244,Upper Jeuno,54,Palarillont,16438,271,1,177232,177392,76.87,497.46,-42.32,100,7687,49746,-4232,7687 -4232 49746 1299 1463 15 7699 7701
244,Upper Jeuno,55,Guslam,16439,271,39,177332,177392,76.87,497.46,-42.32,100,7687,49746,-4232,7687 -4232 49746 1299 1463 15 7699 7701
244,Upper Jeuno,56,Deadly Minnow,16440,271,14,177748,177812,75.84,448.73,-23.6,100,7584,44873,-2360,7584 -2360 44873 1299 2636 13 60 7703
244,Upper Jeuno,58,Nag'molada,16442,271,14,52704,52756,-664.19,10.0,150.29,105,-66419,1000,15029,-66419 15029 1000 420 13 -64061 16483 -58417
244,Upper Jeuno,59,Pherimociel,16443,271,8,52996,53092,123.08,245.75,-510.32,120,12308,24575,-51032,12308 -51032 24575 999 -29528 37451 -22564 36015
244,Upper Jeuno,60,Neraf-Najiruf,16444,271,4,53896,53920,-615.42,10.0,168.36,120,-61542,1000,16836,-61542 16836 1000 1123 40 -46434 28527 0
244,Upper Jeuno,61,Auchefort,16445,271,6,53556,53620,108.74,248.89,-507.3,120,10874,24889,-50730,10874 -50730 24889 999 -47683 36905 -199 -51469
244,Upper Jeuno,62,Chapi Galepilai,16446,271,3,53756,53780,-630.69,10.0,175.3,120,-63069,1000,17530,-63069 17530 1000 1073 40 -47968 31290 0
244,Upper Jeuno,63,Crooked Arrow,16447,271,7,53268,53320,0.4,112.63,-613.24,120,40,11263,-61324,40 -61324 11263 800 -60871 10192 398 50
244,Upper Jeuno,64,Prishe,16448,271,174,54020,54168,-559.94,-5.0,-52.85,105,-55994,-500,-5285,-55994 -5285 -500 2142 481 180 626 40
244,Upper Jeuno,65,Prishe,16449,271,16,55084,55124,-511.62,-13.11,-81.12,105,-51162,-1311,-8112,-51162 -8112 -1311 2692 476 181 -523886 26509311
244,Upper Jeuno,66,Ulmia,16450,271,113,55332,55488,39.3,-493.49,0.4,120,3930,-49349,40,3930 40 -49349 2823 5 -53302 723 1750
244,Upper Jeuno,67,Tenzen,16451,271,317,56096,56248,-490.29,-4.99,31.48,105,-49029,-499,3148,-49029 3148 -499 414 13 -44906 150 120
244,Upper Jeuno,68,Tinjue,16452,271,1,178276,178416,65.58,0.6,2.0,105,6558,60,200,6558 200 60 551 -503040 -491521 1952808959 -266441105
244,Upper Jeuno,81,Leillaine,16465,271,12,60584,60624,-499.13,-4.99,30.27,120,-49913,-499,3027,-49913 3027 -499 529 13 -48802 1990 30
244,Upper Jeuno,84,Ratoto,16468,271,19,148676,148704,284.73,-9.99,-350.0,120,28473,-999,-35000,28473 -35000 -999 2921 512 513 515 514
244,Upper Jeuno,109,Door:Infirmary,16493,271,12,60800,60956,-199.54,-65.73,730.65,105,-19954,-6573,73065,-19954 73065 -6573 517 60 142 3604770 41943424
244,Upper Jeuno,129,Jabbos,16514,271,46,220712,220772,-1077.4,-2.0,896.76,95,-107740,-200,89676,-107740 89676 -200 4083 -107228 88860 45 13
244,Upper Jeuno,130,Mildaurion,16515,271,160,224104,224216,-965.87,-1.99,915.23,105,-96587,-199,91523,-96587 91523 -199 1665 13 -101204 88988 -103697
244,Upper Jeuno,139,Luto Mewrilah,16524,271,1934,265988,266052,-552.9,-1.99,485.36,120,-55290,-199,48536,-55290 48536 -199 1175 13 -56137 46974 -301
244,Upper Jeuno,140,Laurana,16525,271,61,266020,266052,-552.9,-1.99,485.36,120,-55290,-199,48536,-55290 48536 -199 1175 13 -56137 46974 -301
244,Upper Jeuno,141,Palometa,16526,271,112,266136,266248,0.3,480.24,-473.47,120,30,48024,-47347,30 -47347 48024 2820 -51679 55863 284 -39031
244,Upper Jeuno,143,kagami_test,16528,271,122,295564,295712,0.93,451.32,-537.59,120,93,45132,-53759,93 -53759 45132 2054 -1620 -53059 44450 -1500
244,Upper Jeuno,144,Esha'ntarl,16529,271,6,227248,227272,0.0,-130.0,-33.14,105,0,-13000,-3314,0 -3314 -13000 3033 400 200 48 -2147469568
244,Upper Jeuno,145,Yve'noile,16530,271,6,227316,227384,10.24,-109.99,189.99,100,1024,-10999,18999,1024 18999 -10999 3072 20000 10 128 -2147469568
244,Upper Jeuno,146,???,16531,271,31,296000,296140,574.52,-485.03,0.0,120,57452,-48503,0,57452 0 -48503 2097 -499 -44079 -1140 -47667
244,Upper Jeuno,147,Lafado-Shiraddo,16532,271,42,296028,296140,574.52,-485.03,0.0,120,57452,-48503,0,57452 0 -48503 2097 -499 -44079 -1140 -47667
244,Upper Jeuno,148,Pheauclemand,16533,271,89,296056,296140,574.52,-485.03,0.0,120,57452,-48503,0,57452 0 -48503 2097 -499 -44079 -1140 -47667
244,Upper Jeuno,149,Pheauclemand,16534,271,68,296340,296448,-5.0,-18.7,-593.47,120,-500,-1870,-59347,-500 -59347 -1870 639 15 -57887 -8407 13
244,Upper Jeuno,150,Pembroke,16535,271,86,296924,296996,-435.01,-4.99,-18.49,120,-43501,-499,-1849,-43501 -1849 -499 2350 13 -49752 3053 -57549
244,Upper Jeuno,151,???,16536,271,33,297388,297468,-569.7,-5.0,-107.44,105,-56970,-500,-10744,-56970 -10744 -500 1758 480 201 37 127
244,Upper Jeuno,153,Pelagia,16538,271,78,298060,298192,-588.41,-11.34,-111.13,105,-58841,-1134,-11113,-58841 -11113 -1134 802 160706 -230057 20302 60
244,Upper Jeuno,162,???,16547,271,18,398700,398744,10.29,-0.72,0.13,120,1029,-72,13,1029 13 -72 1114 -2200 -2695 46 -523886
244,Upper Jeuno,163,Palometa,16548,271,18,398820,398844,-24.94,-16.25,-35.95,105,-2494,-1625,-3595,-2494 -3595 -1625 3437 18 -523886 32767 25165879
244,Upper Jeuno,166,Trion,16551,271,58,411476,411568,19.95,0.3,1.15,90,1995,30,115,1995 115 30 191 -1811865088 -2047 -2147469441 -2147319807
244,Upper Jeuno,168,Ajido-Marujido,16553,271,32,412596,412656,21.8,3.37,1.65,90,2180,337,165,2180 165 337 222 -1811865088 -2047 -2147469441 -2147319807
244,Upper Jeuno,169,Volker,16554,271,65,411836,411904,346.36,2.0,615.95,90,34636,200,61595,34636 61595 200 178 -1811865088 -2047 -2147469441 -2147319807
244,Upper Jeuno,171,Falreze,16556,271,5,407144,407168,600.83,31.2,19.95,90,60083,3120,1995,60083 1995 3120 19 -1811865088 -2047 -2147469441 -2147319807
244,Upper Jeuno,172,Ayame,16557,271,7,412100,412124,649.15,22.08,19.95,90,64915,2208,1995,64915 1995 2208 19 -1811865088 -2047 -2147469441 -2147319807
244,Upper Jeuno,173,Rahal,16558,271,7,411776,411800,672.79,40.82,19.95,90,67279,4082,1995,67279 1995 4082 19 -1811865088 -2047 -2147469441 -2147319807
244,Upper Jeuno,174,Ajithaam,16559,271,8,413656,413844,-486.1,79.99,924.99,90,-48610,7999,92499,-48610 92499 7999 3779 60 -50351 94485 8199
244,Upper Jeuno,175,Chocobo,16560,271,159,413692,413844,-486.1,79.99,924.99,90,-48610,7999,92499,-48610 92499 7999 3779 60 -50351 94485 8199
244,Upper Jeuno,176,Chocobo,16561,271,112,416920,416992,-472.11,79.99,991.78,120,-47211,7999,99178,-47211 99178 7999 1453 -10069 -98064 1399 2256
244,Upper Jeuno,177,Hantileon,16562,271,69,416680,416736,-478.39,79.99,966.38,105,-47839,7999,96638,-47839 96638 7999 1734 13 -52942 93588 8199
244,Upper Jeuno,178,Zopago,16563,271,28,416960,416992,-472.11,79.99,991.78,120,-47211,7999,99178,-47211 99178 7999 1453 -10069 -98064 1399 2256
244,Upper Jeuno,179,Pulonono,16564,271,29,417064,417096,-490.95,79.99,985.97,120,-49095,7999,98597,-49095 98597 7999 1200 -8778 -96334 1399 2256
244,Upper Jeuno,188,Laila,16573,271,713,426540,426724,180.0,7.0,0.0,90,18000,700,0,18000 0 700 15 -257769 -78168 -14021 324
244,Upper Jeuno,191,Turlough,16576,271,103,425200,425356,-595.21,0.0,1013.13,110,-59521,0,101313,-59521 101313 0 639 -56759 103466 160 -266469376
244,Upper Jeuno,192,Alfrieda,16577,271,68,425260,425356,-595.21,0.0,1013.13,110,-59521,0,101313,-59521 101313 0 639 -56759 103466 160 -266469376
244,Upper Jeuno,193,Finnela,16578,271,58,425544,425656,-592.19,0.0,1040.19,110,-59219,0,104019,-59219 104019 0 639 -58393 104561 218 -266469376
244,Upper Jeuno,194,Wyatt,16579,271,56,425904,425960,-572.08,0.0,1012.92,95,-57208,0,101292,-57208 101292 0 30 -61464 107771 80 -134114816
244,Upper Jeuno,197,Mokop-Sankop,16582,271,65,426640,426724,180.0,7.0,0.0,90,18000,700,0,18000 0 700 15 -257769 -78168 -14021 324
244,Upper Jeuno,203,Mokop-Sankop,16588,271,21,428096,428256,-572.7,0.0,1029.6,95,-57270,0,102960,-57270 102960 0 30 -93295 172087 40 0
244,Upper Jeuno,204,Dahjal,16589,271,30,428160,428256,-572.7,0.0,1029.6,95,-57270,0,102960,-57270 102960 0 30 -93295 172087 40 0
244,Upper Jeuno,205,Dahjal,16590,271,44,428216,428256,-572.7,0.0,1029.6,95,-57270,0,102960,-57270 102960 0 30 -93295 172087 40 0
244,Upper Jeuno,206,Cheh Raihah,16591,271,22,428324,428420,-551.07,0.0,1042.16,95,-55107,0,104216,-55107 104216 0 30 -96208 170721 40 0
244,Upper Jeuno,207,ChehRaihah,16592,271,40,428380,428420,-551.07,0.0,1042.16,95,-55107,0,104216,-55107 104216 0 30 -96208 170721 40 0
244,Upper Jeuno,208,Nalta,16593,271,23,428488,428584,-540.66,0.0,1039.33,95,-54066,0,103933,-54066 103933 0 30 -94617 171716 40 0
244,Upper Jeuno,209,Nalta,16594,271,42,428544,428584,-540.66,0.0,1039.33,95,-54066,0,103933,-54066 103933 0 30 -94617 171716 40 0
244,Upper Jeuno,217,Mhao Kehtsoruho,16602,271,1,452248,452388,65.58,0.6,2.0,105,6558,60,200,6558 200 60 551 -503040 -491521 1952808959 -266441105
244,Upper Jeuno,221,???,16606,271,108,505404,505576,-901.77,-11.99,803.93,120,-90177,-1199,80393,-90177 80393 -1199 2730 15 2638 356 133
244,Upper Jeuno,225,Toto Kupeliaure,16610,271,100,509028,509200,26.47,27.54,0.8,100,2647,2754,80,2647 80 2754 500 -84886 72641 -1200 378
244,Upper Jeuno,227,Goblin Intimidat,16612,271,54,510584,510716,-877.05,-12.0,776.67,105,-87705,-1200,77667,-87705 77667 -1200 15 -84520 70757 215 238
244,Upper Jeuno,228,Goblin Enforcer,16613,271,54,510988,511124,-857.21,-12.0,761.11,105,-85721,-1200,76111,-85721 76111 -1200 15 -83168 71535 215 247
244,Upper Jeuno,229,4,16614,271,31,511404,511492,23.64,26.4,0.01,90,2364,2640,1,2364 1 2640 152 -1845485056 -2047 -134114177 8388607
244,Upper Jeuno,238,Synergy Engineer,16623,271,1,536444,536456,-585.16,2.34,-545.34,90,-58516,234,-54534,-58516 -54534 234 0 1 4 12751 1234
244,Upper Jeuno,244,Voidwatch Purvey,16629,271,1,582912,582924,-631.35,0.44,-553.23,90,-63135,44,-55323,-63135 -55323 44 0 1 2 13062 3434
244,Upper Jeuno,251,???,16637,271,1,657664,657768,-412.55,79.99,888.36,120,-41255,7999,88836,-41255 88836 7999 2709 -39481 88062 30 3865
244,Upper Jeuno,252,Volto Oscuro,16638,271,36,664988,665004,-553.15,1.28,0.02,90,-55315,128,2,-55315 2 128 1 12 -127139840 8388607 8388992
244,Upper Jeuno,255,Raptor,16641,271,7,669800,669860,-522.3,82.0,883.2,120,-52230,8200,88320,-52230 88320 8200 3167 -45660 97970 8000 1696
244,Upper Jeuno,256,Jeridade,16643,271,249,678328,678496,-567.6,0.6,901.3,105,-56760,60,90130,-56760 90130 60 7 -45380 97600 -40470 87170
245,Lower Jeuno,1,Wolfgang,20481,271,32,71592,71680,-72.14,367.34,-9.72,120,-7214,36734,-972,-7214 -972 36734 1999 3072 -5000 5000 40
245,Lower Jeuno,2,Pherimociel,20482,271,7,71956,71984,299.24,-1.11,-125.73,105,29924,-111,-12573,29924 -12573 -111 345 13 32550 -14114 33906
245,Lower Jeuno,3,Auchefort,20483,271,7,72124,72152,304.95,-1.11,-115.45,105,30495,-111,-11545,30495 -11545 -111 345 13 33016 -12888 35159
245,Lower Jeuno,4,Prishe,20484,271,92,70308,70468,-213.76,23.92,-0.99,120,-21376,2392,-99,-21376 -99 2392 500 10 625 18709 -59493
245,Lower Jeuno,5,Ulmia,20485,271,26,69900,70020,280.6,4.2,-548.11,90,28060,420,-54811,28060 -54811 420 423 267 -134114304 -1837105153 -2047
245,Lower Jeuno,8,Verena,20488,271,209,83800,83976,179.82,39.0,-530.0,120,17982,3900,-53000,17982 -53000 3900 763 35002 -35515 1368 34452
245,Lower Jeuno,9,Geebeh,20489,271,25,85392,85456,-511.54,21.27,39.01,105,-51154,2127,3901,-51154 3901 2127 21 19073 -51256 18010 -53194
245,Lower Jeuno,11,Garnev,20491,271,43,85784,85968,76.91,95.17,95.16,105,7691,9517,9516,7691 9516 9517 545 -2147469568 -2147319807 7962627 2147483640
245,Lower Jeuno,13,Harnek,20493,271,86,90268,90364,410.27,-0.99,-183.94,120,41027,-99,-18394,41027 -18394 -99 2384 2000 13 7709 7710
245,Lower Jeuno,14,Sattal-Mansal,20494,271,52,93180,93344,414.64,-0.99,-213.37,120,41464,-99,-21337,41464 -21337 -99 1419 39695 -24452 120 200
245,Lower Jeuno,15,Dietmund,20495,271,113,305536,305680,-825.16,-61.01,-1686.69,110,-82516,-6101,-168669,-82516 -168669 -6101 2340 -80684 -169662 -6121 2327
245,Lower Jeuno,16,Domingart,20496,271,37,306132,306212,-669.73,-61.09,-1734.69,110,-66973,-6109,-173469,-66973 -173469 -6109 1321 -67447 -174635 2503 -79690
245,Lower Jeuno,23,Two of Swords,20503,271,97,121156,121268,-701.23,0.0,-1297.24,95,-70123,0,-129724,-70123 -129724 0 289 -60799 -136660 -100 310
245,Lower Jeuno,25,Muckvix,20505,271,537,346628,346764,54.0,0.13,3.01,105,5400,13,301,5400 301 13 128 -34899 -136750 5499 -32361
245,Lower Jeuno,27,Fickblix,20507,271,94,94416,94508,186.38,39.0,-516.63,120,18638,3900,-51663,18638 -51663 3900 1179 -31019 -137966 5499 3911
245,Lower Jeuno,31,Lewenhart,20511,271,23,103940,104012,-184.04,-1.0,-622.2,120,-18404,-100,-62220,-18404 -62220 -100 3453 -17663 -60989 -18839 -63140
245,Lower Jeuno,36,Runga-Kopunga,20516,271,37,145504,145576,-57.08,-59.99,-248.7,120,-5708,-5999,-24870,-5708 -24870 -5999 3421 -9881 -29802 -14165 -39874
245,Lower Jeuno,38,Joseph,20518,271,81,156932,157048,0.01,-11.37,-95.74,120,1,-1137,-9574,1 -9574 -1137 2582 2583 13 -9200 -5841
245,Lower Jeuno,40,Raji,20520,271,13,160216,160364,-723.66,59.99,-1181.67,110,-72366,5999,-118167,-72366 -118167 5999 2617 12 -5488 9044 250
245,Lower Jeuno,41,Shomera,20521,271,77,160232,160364,-723.66,59.99,-1181.67,110,-72366,5999,-118167,-72366 -118167 5999 2617 12 -5488 9044 250
245,Lower Jeuno,47,Odasel,20527,271,134,169888,169980,0.4,0.6,77.85,90,40,60,7785,40 7785 60 45 -2147476224 -1040861 1987018751 2147483640
245,Lower Jeuno,48,Kikilolo,20528,271,55,169956,169980,0.4,0.6,77.85,90,40,60,7785,40 7785 60 45 -2147476224 -1040861 1987018751 2147483640
245,Lower Jeuno,56,Honorine,20536,271,15,205332,205468,78.58,2.39,78.57,105,7858,239,7857,7858 7857 239 1536 -4066 -2147476097 -2147408861 32770
245,Lower Jeuno,57,Momiji,20537,271,274,205720,205832,-632.64,59.99,-870.46,105,-63264,5999,-87046,-63264 -87046 5999 2496 88 -1040896 1886355455 -125829018
245,Lower Jeuno,58,Navisse,20538,271,29,205796,205832,-632.64,59.99,-870.46,105,-63264,5999,-87046,-63264 -87046 5999 2496 88 -1040896 1886355455 -125829018
245,Lower Jeuno,60,Mendi,20540,271,605,205280,205468,78.58,2.39,78.57,105,7858,239,7857,7858 7857 239 1536 -4066 -2147476097 -2147408861 32770
245,Lower Jeuno,61,Lion,20541,271,19,327064,327120,190.4,39.01,-510.16,120,19040,3901,-51016,19040 -51016 3901 1380 18094 -53468 3899 19214
245,Lower Jeuno,66,Yatniel,20546,271,46,283556,283716,246.88,-1.0,-33.63,120,24688,-100,-3363,24688 -3363 -100 737 7942 7943 7949 200
245,Lower Jeuno,70,Nanaa Mihgo,20550,271,14,285072,285232,193.42,-1.0,-65.33,120,19342,-100,-6533,19342 -6533 -100 3481 20089 -5220 -111 3487
245,Lower Jeuno,72,Pauluart,20552,271,48,287732,287908,-757.48,59.99,-1005.05,110,-75748,5999,-100505,-75748 -100505 5999 2367 -73635 -101632 5901 2506
245,Lower Jeuno,73,Pauluart,20553,271,9,288508,288560,-628.9,59.99,-1067.85,110,-62890,5999,-106785,-62890 -106785 5999 2369 -73635 -101632 5901 2506
245,Lower Jeuno,77,Atori-Tutori,20557,271,174,343824,343900,0.25,-210.0,420.0,105,25,-21000,42000,25 42000 -21000 0 -19000 41642 -20455 -99
245,Lower Jeuno,79,Chapi Galepilai,20559,271,8,72292,72320,0.09,347.59,-19.95,120,9,34759,-1995,9 -1995 34759 1999 3072 -5000 20 5000
245,Lower Jeuno,80,Crooked Arrow,20560,271,9,72528,72560,0.49,19.99,350.7,100,49,1999,35070,49 35070 1999 3072 -5000 35 5000 40
245,Lower Jeuno,81,Cherukiki,20561,271,4,73024,73048,0.07,422.05,32.65,100,7,42205,3265,7 3265 42205 1999 1563 -10000 11000 40
245,Lower Jeuno,82,Kukki-Chebukki,20562,271,5,73236,73260,0.07,410.12,29.74,100,7,41012,2974,7 2974 41012 1999 1563 -10000 11000 40
245,Lower Jeuno,83,Makki-Chebukki,20563,271,5,73448,73472,0.07,413.08,41.01,100,7,41308,4101,7 4101 41308 1999 1563 -10000 11000 40
245,Lower Jeuno,84,Nag'molada,20564,271,19,72764,72800,0.09,403.5,26.5,100,9,40350,2650,9 2650 40350 1999 1594 -2000 4000 13
245,Lower Jeuno,85,Geuhbe,20565,271,1,327644,327784,63.99,0.6,2.0,105,6399,60,200,6399 200 60 551 -503040 -491521 1952808959 -266441105
245,Lower Jeuno,88,Door:Gems by Ksh,20568,271,5,346340,346456,54.0,0.13,3.78,105,5400,13,378,5400 378 13 128 -32361 -138251 5499 -30892
245,Lower Jeuno,96,"Door:""Neptune's",20576,271,11,77108,77192,389.71,-1.0,-170.84,105,38971,-100,-17084,38971 -17084 -100 255 37477 -16247 30 636
245,Lower Jeuno,120,Miladi-Nildi,20600,271,21,206036,206136,408.24,-49.96,821.05,90,40824,-4996,82105,40824 82105 -4996 218 -1040896 1886355455 33554435 528
245,Lower Jeuno,126,Morefie,20606,271,19,345380,345560,-366.17,-61.19,-1231.05,95,-36617,-6119,-123105,-36617 -123105 -6119 2812 502 -2147457536 2147483640 2147483640
245,Lower Jeuno,171,Pawnpix,20652,271,41,346388,346456,54.0,0.13,3.78,105,5400,13,378,5400 378 13 128 -32361 -138251 5499 -30892
245,Lower Jeuno,172,Stufstix,20653,271,40,346696,346764,54.0,0.13,3.01,105,5400,13,301,5400 301 13 128 -34899 -136750 5499 -32361
245,Lower Jeuno,178,Luto Mewrilah,20659,271,111,383112,383192,197.0,-1.0,-61.07,120,19700,-100,-6107,19700 -6107 -100 3433 13 22300 1059 -111
245,Lower Jeuno,179,Palometa,20660,271,59,383500,383564,115.39,0.0,-13.45,120,11539,0,-1345,11539 -1345 0 2310 -2264 1009 1741 40
245,Lower Jeuno,180,Laurana,20661,271,25,383636,383680,237.46,-1.0,32.52,120,23746,-100,3252,23746 3252 -100 2942 -31230 -42896 0 3213
245,Lower Jeuno,181,Tosuka-Porika,20662,271,22,383772,383804,-286.63,-52.5,1044.26,95,-28663,-5250,104426,-28663 104426 -5250 1870 13 -28305 103230 -5249
245,Lower Jeuno,182,Ritopopo,20663,271,53,383884,383920,-230.12,-62.5,1162.18,95,-23012,-6250,116218,-23012 116218 -6250 1111 13 -22936 110002 -6249
245,Lower Jeuno,183,Taliesin,20664,271,48,384032,384208,0.13,-9.92,-100.9,105,13,-992,-10090,13 -10090 -992 0 3947 128 120 13
245,Lower Jeuno,184,???,20665,271,54,384176,384208,0.13,-9.92,-100.9,105,13,-992,-10090,13 -10090 -992 0 3947 128 120 13
245,Lower Jeuno,192,Talking Doll,20673,271,14,409904,409952,-168.51,-4.49,3.25,120,-16851,-449,325,-16851 325 -449 2800 7128 7130 7090 0
245,Lower Jeuno,194,Zalsuhm,20675,271,7,410848,410932,-347.4,59.01,-1182.98,95,-34740,5901,-118298,-34740 -118298 5901 3698 1 18492 2 18753
245,Lower Jeuno,196,NPC01,20677,271,55,429880,430016,-139.99,2.49,36.21,90,-13999,249,3621,-13999 3621 249 373 40 -358 5294 -47000
245,Lower Jeuno,197,NPC02,20678,271,53,430340,430496,-470.0,3.37,3.39,120,-47000,337,339,-47000 339 337 2611 -29976 191360 -16000 325
245,Lower Jeuno,198,NPC03,20679,271,43,430320,430496,-470.0,3.37,3.39,120,-47000,337,339,-47000 339 337 2611 -29976 191360 -16000 325
245,Lower Jeuno,199,NPC04,20680,271,41,431380,431512,14.79,0.41,-469.99,105,1479,41,-46999,1479 -46999 41 2049 8 -30594 192661 -16000
245,Lower Jeuno,200,NPC05,20681,271,12,431808,431880,115.62,0.1,-139.99,105,11562,10,-13999,11562 -13999 10 2602 113 -2147434496 17544704 58720896
245,Lower Jeuno,201,???,20682,271,94,432016,432112,-695.84,59.99,-1011.78,110,-69584,5999,-101178,-69584 -101178 5999 2569 2570 2571 2573 294
245,Lower Jeuno,204,Liki Steligho,20685,271,21,452760,452820,99.23,99.24,0.25,90,9923,9924,25,9923 25 9924 129 -2147476224 -1040861 1886355455 256953710
245,Lower Jeuno,220,Chimh Dlesbah,20702,271,1,452052,452192,63.99,0.6,2.0,105,6399,60,200,6399 200 60 551 -503040 -491521 1952808959 -266441105
245,Lower Jeuno,221,Darcia,20703,271,291,455820,455896,-364.97,-10.0,-156.77,120,-36497,-1000,-15677,-36497 -15677 -1000 2405 -38617 -14506 363 -39249
245,Lower Jeuno,222,Waypoint,20704,271,1,460712,460752,0.19,-316.36,-334.18,120,19,-31636,-33418,19 -33418 -31636 2213 561 140 120 30
245,Lower Jeuno,224,Talib,20706,271,34,474732,474792,-226.84,-272.32,406.72,90,-22684,-27232,40672,-22684 40672 -27232 399 149 22 107 3276800
245,Lower Jeuno,225,Boisterous Jacka,20707,271,235,474928,475048,195.66,38.69,-593.49,120,19566,3869,-59349,19566 -59349 3869 840 18978 -51109 3900 1057
245,Lower Jeuno,227,Yoran-Oran,20709,271,85,479156,479284,200.7,38.69,-565.2,105,20070,3869,-56520,20070 -56520 3869 7 18214 -52429 40 49
245,Lower Jeuno,228,1,20710,271,14,479652,479680,-554.36,0.07,-554.35,90,-55436,7,-55435,-55436 -55435 7 0 5 29 19 60
245,Lower Jeuno,234,Synergy Engineer,20716,271,1,487952,487964,-585.16,2.34,-545.34,90,-58516,234,-54534,-58516 -54534 234 0 1 4 10158 1234
245,Lower Jeuno,241,Voidwatch Purvey,20724,271,1,567160,567172,-631.35,0.44,-554.27,90,-63135,44,-55427,-63135 -55427 44 0 1 2 10230 3434
245,Lower Jeuno,243,Nantoto,20726,271,142,591384,591524,-439.75,0.08,-506.72,90,-43975,8,-50672,-43975 -50672 8 12 104 3276800 16785280 58720896
245,Lower Jeuno,247,Fhelm Jobeizat,20730,271,20,590692,590864,34.99,-475.3,-443.96,90,3499,-47530,-44396,3499 -44396 -47530 20 14 106 3276800 16800384
245,Lower Jeuno,248,Eternal Flame,20731,271,17,590720,590864,34.99,-475.3,-443.96,90,3499,-47530,-44396,3499 -44396 -47530 20 14 106 3276800 16800384
245,Lower Jeuno,249,Nantoto,20732,271,31,590748,590864,34.99,-475.3,-443.96,90,3499,-47530,-44396,3499 -44396 -47530 20 14 106 3276800 16800384
245,Lower Jeuno,250,Eternal Flame,20733,271,69,590776,590864,34.99,-475.3,-443.96,90,3499,-47530,-44396,3499 -44396 -47530 20 14 106 3276800 16800384
245,Lower Jeuno,251,Rolandienne,20734,271,119,590996,591068,0.0,-488.9,-415.2,105,0,-48890,-41520,0 -41520 -48890 10 -42998 -49822 11 36
245,Lower Jeuno,252,Fhelm Jobeizat,20735,271,77,591460,591524,-439.75,0.08,-506.72,90,-43975,8,-50672,-43975 -50672 8 12 104 3276800 16785280 58720896
245,Lower Jeuno,253,Isakoth,20736,271,41,591648,591684,0.13,-485.63,-435.39,105,13,-48563,-43539,13 -43539 -48563 0 -43890 -48771 71 30
245,Lower Jeuno,290,kotatsu1,20774,271,10,627332,627420,-454.47,36.97,0.06,120,-45447,3697,6,-45447 6 3697 600 -75350 -165960 352 0
245,Lower Jeuno,291,kotatsu2,20775,271,10,627404,627420,-454.47,36.97,0.06,120,-45447,3697,6,-45447 6 3697 600 -75350 -165960 352 0
245,Lower Jeuno,292,kotatsu3,20776,271,10,627496,627512,-454.47,3.7,0.08,105,-45447,370,8,-45447 8 370 600 -70 110 -75900 -165630
245,Lower Jeuno,293,kagu1,20777,271,10,627604,627632,-732.5,-95.0,-1774.7,95,-73250,-9500,-177470,-73250 -177470 -9500 2400 0 20 1160704 -2147403904
245,Lower Jeuno,294,kagu2,20778,271,10,627676,627704,-709.1,-60.0,-1761.5,95,-70910,-6000,-176150,-70910 -176150 -6000 1376 0 20 1160704 -2147403904
245,Lower Jeuno,295,kagu3,20779,271,10,627748,627776,-780.0,-60.0,-1639.7,95,-78000,-6000,-163970,-78000 -163970 -6000 3424 0 20 1160704 -2147403904
245,Lower Jeuno,296,kagu4,20780,271,10,627820,627848,-673.6,-60.0,-1766.4,95,-67360,-6000,-176640,-67360 -176640 -6000 1376 0 20 1160704 -2147403904
245,Lower Jeuno,297,kagu5,20781,271,10,627892,627920,-706.1,-60.0,-1776.0,95,-70610,-6000,-177600,-70610 -177600 -6000 2400 0 20 1160704 -2147403904
245,Lower Jeuno,298,kagu6,20782,271,10,627964,627992,-752.9,-60.0,-1757.6,95,-75290,-6000,-175760,-75290 -175760 -6000 2400 0 20 1160704 -2147403904
245,Lower Jeuno,299,kagu7,20783,271,10,628036,628064,-745.6,-73.0,-1763.1,95,-74560,-7300,-176310,-74560 -176310 -7300 2400 0 20 1160704 -2147403904
245,Lower Jeuno,300,kagu8,20784,271,10,628108,628136,-763.5,-73.0,-1751.6,95,-76350,-7300,-175160,-76350 -175160 -7300 2400 0 20 1160704 -2147403904
245,Lower Jeuno,301,kagu9,20785,271,1,628180,628216,-71.2,0.0,39.41,90,-7120,0,3941,-7120 3941 0 20 1160704 -2147403904 -2147254270 -1241481212
245,Lower Jeuno,302,kagu10,20786,271,10,628252,628424,-740.4,-60.0,-1720.52,95,-74040,-6000,-172052,-74040 -172052 -6000 2755 0 20 1160704 -2147403904
245,Lower Jeuno,303,kagu11,20787,271,10,628324,628424,-740.4,-60.0,-1720.52,95,-74040,-6000,-172052,-74040 -172052 -6000 2755 0 20 1160704 -2147403904
245,Lower Jeuno,304,kagu12,20788,271,10,628396,628564,-765.7,-60.0,-1736.8,110,-76570,-6000,-173680,-76570 -173680 -6000 3523 3200 160 512 90
245,Lower Jeuno,305,kagu13,20789,271,10,628468,628564,-765.7,-60.0,-1736.8,110,-76570,-6000,-173680,-76570 -173680 -6000 3523 3200 160 512 90
245,Lower Jeuno,306,kagu14,20790,271,10,628540,628564,-765.7,-60.0,-1736.8,110,-76570,-6000,-173680,-76570 -173680 -6000 3523 3200 160 512 90
245,Lower Jeuno,307,kagu15,20791,271,10,628672,628696,-736.2,-60.0,-1732.3,110,-73620,-6000,-173230,-73620 -173230 -6000 1430 3136 100 512 102
245,Lower Jeuno,308,kagu16,20792,271,10,628804,628832,-750.1,-60.0,-1683.4,95,-75010,-6000,-168340,-75010 -168340 -6000 3424 0 20 1160704 -2147403904
245,Lower Jeuno,309,kagu17,20793,271,10,628876,628904,-757.3,-60.0,-1680.8,95,-75730,-6000,-168080,-75730 -168080 -6000 1198 0 20 1160704 -2147403904
245,Lower Jeuno,310,kagu18,20794,271,10,628948,628976,-794.0,-78.0,-1721.7,95,-79400,-7800,-172170,-79400 -172170 -7800 2400 0 20 1160704 -2147403904
245,Lower Jeuno,311,kagu19,20795,271,10,629020,629048,-807.3,-78.0,-1713.7,95,-80730,-7800,-171370,-80730 -171370 -7800 2400 0 20 1160704 -2147403904
245,Lower Jeuno,312,kagu20,20796,271,10,629092,629120,-787.0,-60.0,-1682.4,95,-78700,-6000,-168240,-78700 -168240 -6000 2400 0 20 1160704 -2147403904
245,Lower Jeuno,313,kagu21,20797,271,10,629164,629192,-781.7,-60.0,-1673.5,95,-78170,-6000,-167350,-78170 -167350 -6000 2400 0 20 1160704 -2147403904
245,Lower Jeuno,314,kagu22,20798,271,10,629236,629264,-751.1,-60.0,-1692.9,95,-75110,-6000,-169290,-75110 -169290 -6000 2004 0 20 1160704 -2147403904
245,Lower Jeuno,315,kagu23,20799,271,9,629308,629344,-60.0,0.0,3.52,90,-6000,0,352,-6000 352 0 20 1160704 -2147403904 -2147254270 -1241481212
245,Lower Jeuno,316,kagu24,20800,271,10,629380,629556,-778.6,-60.0,-1656.9,95,-77860,-6000,-165690,-77860 -165690 -6000 1926 0 20 1160704 -2147403904
245,Lower Jeuno,317,kagu25,20801,271,10,629456,629556,-778.6,-60.0,-1656.9,95,-77860,-6000,-165690,-77860 -165690 -6000 1926 0 20 1160704 -2147403904
245,Lower Jeuno,318,kagu26,20802,271,10,629528,629556,-778.6,-60.0,-1656.9,95,-77860,-6000,-165690,-77860 -165690 -6000 1926 0 20 1160704 -2147403904
245,Lower Jeuno,319,kagu27,20803,271,10,629600,629700,-795.8,-60.0,-1702.6,95,-79580,-6000,-170260,-79580 -170260 -6000 0 100 1024 2040 432
245,Lower Jeuno,320,kagu28,20804,271,10,629672,629700,-795.8,-60.0,-1702.6,95,-79580,-6000,-170260,-79580 -170260 -6000 0 100 1024 2040 432
245,Lower Jeuno,321,kagu29,20805,271,10,629832,629928,-724.7,-60.0,-1650.5,95,-72470,-6000,-165050,-72470 -165050 -6000 1926 15 1029632 -2147403904 -2147254270
245,Lower Jeuno,329,Magh Bihu,20813,271,79,632136,632224,-454.43,21.61,0.07,105,-45443,2161,7,-45443 7 2161 40 -33108 -138789 5499 -39326
246,Port Jeuno,11,Haubijoux,24587,271,12,45856,45980,-610.59,80.01,-592.72,120,-61059,8001,-59272,-61059 -59272 8001 1117 7112 7093 271 -1033472
246,Port Jeuno,12,Roupatour,24588,271,3,45884,45980,-610.59,80.01,-592.72,120,-61059,8001,-59272,-61059 -59272 8001 1117 7112 7093 271 -1033472
246,Port Jeuno,32,Funono,24608,271,3,47280,47412,-130.85,80.01,593.41,100,-13085,8001,59341,-13085 59341 8001 3093 7112 7093 315 -1033472
246,Port Jeuno,33,Kuya-Moya,24609,271,3,47308,47412,-130.85,80.01,593.41,100,-13085,8001,59341,-13085 59341 8001 3093 7112 7093 315 -1033472
246,Port Jeuno,41,Silent Lynx,24617,271,1,44996,45112,-770.64,80.01,593.41,100,-77064,8001,59341,-77064 59341 8001 3093 7112 7093 271 -1033472
246,Port Jeuno,72,Borghertz,24648,271,32,137108,137280,79.68,-485.45,80.02,120,7968,-48545,8002,7968 8002 -48545 2933 8000 -51902 -2242 7999
246,Port Jeuno,81,Dohhel,24657,271,1,177720,177828,63.99,0.6,2.0,90,6399,60,200,6399 200 60 405 -503040 -491521 1952808959 -266441105
246,Port Jeuno,85,Door:Departures,24661,271,1,45044,45112,-770.64,80.01,593.41,100,-77064,8001,59341,-77064 59341 8001 3093 7112 7093 271 -1033472
246,Port Jeuno,89,Door:Departures,24665,271,1,47336,47412,-130.85,80.01,593.41,100,-13085,8001,59341,-13085 59341 8001 3093 7112 7093 315 -1033472
246,Port Jeuno,91,Door:Departures,24667,271,1,45912,45980,-610.59,80.01,-592.72,120,-61059,8001,-59272,-61059 -59272 8001 1117 7112 7093 271 -1033472
246,Port Jeuno,124,Laurana,24701,271,38,177300,177428,0.13,89.23,-157.72,105,13,8923,-15772,13 -15772 8923 0 -15462 7326 30 -15887
246,Port Jeuno,125,Palometa,24702,271,94,177080,177168,153.89,88.19,-165.9,120,15389,8819,-16590,15389 -16590 8819 2054 -16387 8151 103 3604480
246,Port Jeuno,126,Luto Mewrilah,24703,271,74,177384,177428,0.13,89.23,-157.72,105,13,8923,-15772,13 -15772 8923 0 -15462 7326 30 -15887
246,Port Jeuno,133,Squintrox Dryeye,24710,271,96,44924,45112,-770.64,80.01,593.41,100,-77064,8001,59341,-77064 59341 8001 3093 7112 7093 271 -1033472
246,Port Jeuno,135,Synergy Engineer,24712,271,1,223272,223284,-585.16,2.34,-545.34,90,-58516,234,-54534,-58516 -54534 234 0 1 4 8380 1234
246,Port Jeuno,146,Joachim,24723,271,664,292124,292304,0.11,-7.23,-724.49,90,11,-723,-72449,11 -72449 -723 0 -81151 -576 -50990 -10891
246,Port Jeuno,162,???,24740,271,1,334120,334192,40.69,3.97,-54.81,120,4069,397,-5481,4069 -5481 397 2065 -9306 537 2021 -21285
246,Port Jeuno,163,Prishe,24741,271,211,341344,341468,-122.39,0.0,4.33,105,-12239,0,433,-12239 433 0 30 16 -21285 454 97
246,Port Jeuno,164,Tenzen,24742,271,116,341600,341636,0.13,-12.85,-132.52,105,13,-1285,-13252,13 -13252 -1285 0 30 -10915 -1514 40
246,Port Jeuno,165,Ulmia,24743,271,20,341736,341768,0.13,9.48,-136.41,105,13,948,-13641,13 -13641 948 0 30 -19748 1511 39
247,Rabao,50,Talking Doll,28723,271,32,83604,83736,40.27,-213.42,-143.55,120,4027,-21342,-14355,4027 -14355 -21342 1297 3926 -19204 -12264 8000
247,Rabao,56,Ayame,28729,271,37,89944,89984,-530.68,79.86,361.42,120,-53068,7986,36142,-53068 36142 7986 3516 13 -51687 38936 7999
247,Rabao,57,Ryoma,28730,271,42,89820,89852,-507.79,80.48,351.91,120,-50779,8048,35191,-50779 35191 8048 3247 13 -49858 38330 7999
247,Rabao,59,Zungutt,28732,271,1,90664,90772,64.21,0.6,2.0,90,6421,60,200,6421 200 60 405 -503040 -491521 1952808959 -266441105
247,Rabao,74,Synergy Engineer,28747,271,1,111636,111648,-585.16,2.34,-545.34,90,-58516,234,-54534,-58516 -54534 234 0 1 4 10731 1234
248,Selbina,2,Serafin,32771,271,10,4856,4892,-567.22,-105.58,56.88,105,-56722,-10558,5688,-56722 5688 -10558 0 6846 6850 134 788537856
248,Selbina,3,Evrard,32772,271,11,4688,4724,-586.91,-105.58,84.74,90,-58691,-10558,8474,-58691 8474 -10558 0 6847 108 788537856 260047872
248,Selbina,15,Naillina,32784,271,24,10652,10760,4.84,-112.87,-635.75,120,484,-11287,-63575,484 -63575 -11287 784 -61687 -5567 2915 760
248,Selbina,27,Mathilde's Son,32796,271,30,21380,21436,-66.42,69.72,-72.87,105,-6642,6972,-7287,-6642 -7287 6972 148 0 13647 3115 75
248,Selbina,49,Door:Mayor's Res,32818,271,2,86436,86600,196.81,-25.58,-365.26,120,19681,-2558,-36526,19681 -36526 -2558 1239 13 18971 -40024 -9492
248,Selbina,51,Door:Weavers' Gu,32820,271,5,95852,95964,-555.31,0.0,0.07,90,-55531,0,7,-55531 7 0 1 128 -462563 -198062 700
248,Selbina,52,Door:Shepherd's,32821,271,1,86480,86600,196.81,-25.58,-365.26,120,19681,-2558,-36526,19681 -36526 -2558 1239 13 18971 -40024 -9492
248,Selbina,57,Raging Tiger,32826,271,3,29936,29992,-25.58,-288.48,337.62,105,-2558,-28848,33762,-2558 33762 -28848 928 67 -1040896 1886355455 -125829018
248,Selbina,58,Sleeping Lizard,32827,271,3,30080,30132,-25.58,-283.0,202.69,105,-2558,-28300,20269,-2558 20269 -28300 3017 66 -1040896 1886355455 -125829018
248,Selbina,70,Sneaking Tiger,32844,271,33,85952,86080,668.72,-145.58,-5.92,105,66872,-14558,-592,66872 -592 -14558 52 7288 7290 7291 7292
248,Selbina,71,Leodarion,32845,271,27,86512,86600,196.81,-25.58,-365.26,120,19681,-2558,-36526,19681 -36526 -2558 1239 13 18971 -40024 -9492
248,Selbina,72,Ensetsu,32846,271,22,86568,86600,196.81,-25.58,-365.26,120,19681,-2558,-36526,19681 -36526 -2558 1239 13 18971 -40024 -9492
248,Selbina,73,Kagetora,32847,271,25,86720,86744,167.99,-25.58,-361.49,120,16799,-2558,-36149,16799 -36149 -2558 1068 13 16806 -39437 37
248,Selbina,74,Yomi,32848,271,16,86816,86840,-130.45,-9.74,-307.76,120,-13045,-974,-30776,-13045 -30776 -974 1424 -10936 -29967 -988 1176
248,Selbina,75,Mitsunari,32849,271,10,86900,86928,181.41,-25.58,-422.52,105,18141,-2558,-42252,18141 -42252 -2558 2798 0 1 72 60
248,Selbina,76,Battal,32850,271,1,87040,87148,63.99,0.6,2.0,90,6399,60,200,6399 200 60 405 -503040 -491521 1952808959 -266441105
248,Selbina,107,Jillia,32882,271,37,185667,185807,76.8,281.6,358.4,105,7680,28160,35840,7680 35840 28160 512 -1024 -993 62255 256
248,Selbina,113,Sylvie,32889,271,37,193056,193244,191.69,-73.37,76.88,105,19169,-7337,7688,19169 7688 -7337 626 106889216 -491520 -491521 1819574271
248,Selbina,114,Esteban,32890,271,19,193888,194048,78.75,78.76,78.81,90,7875,7876,7881,7875 7881 7876 109 -491817 -618552 7889 214672
248,Selbina,116,Gilgamesh,32892,271,57,201304,201384,-560.83,-112.87,-103.89,105,-56083,-11287,-10389,-56083 -10389 -11287 30 -60690 -7548 81 3276800
248,Selbina,117,Pacomart,32893,271,41,201496,201584,-572.68,-112.87,-108.03,105,-57268,-11287,-10803,-57268 -10803 -11287 30 -60690 -7548 22 8038
249,Mhaura,9,Graine,36874,271,1,8640,8796,-386.67,-160.0,689.3,105,-38667,-16000,68930,-38667 68930 -16000 2517 19 159 149 127
249,Mhaura,10,Yabby Tanmikey,36875,271,1,8664,8796,-386.67,-160.0,689.3,105,-38667,-16000,68930,-38667 68930 -16000 2517 19 159 149 127
249,Mhaura,11,Celestina,36876,271,3,8688,8796,-386.67,-160.0,689.3,105,-38667,-16000,68930,-38667 68930 -16000 2517 19 159 149 127
249,Mhaura,12,Blandine,36877,271,14,10208,10268,-319.96,-160.0,678.42,90,-31996,-16000,67842,-31996 67842 -16000 70 7001 -37840 69555 7003
249,Mhaura,13,Mololo,36878,271,1,10716,10828,-775.75,-240.0,310.48,105,-77575,-24000,31048,-77575 31048 -24000 30 -76006 30549 -23999 120
249,Mhaura,14,Kamilah,36879,271,1,10740,10828,-775.75,-240.0,310.48,105,-77575,-24000,31048,-77575 31048 -24000 30 -76006 30549 -23999 120
249,Mhaura,15,Ekokoko,36880,271,88,10992,11140,-779.75,-243.1,350.64,120,-77975,-24310,35064,-77975 35064 -24310 2091 6 -77629 33327 -24012
249,Mhaura,16,Numi Adaligo,36881,271,28,11008,11140,-779.75,-243.1,350.64,120,-77975,-24310,35064,-77975 35064 -24310 2091 6 -77629 33327 -24012
249,Mhaura,33,Celestina,36898,271,8,13796,13884,172.62,-80.08,455.58,90,17262,-8008,45558,17262 45558 -8008 237 2228224 -1876819921 3277071 -2147410560
249,Mhaura,47,Door:Goldsmiths',36912,271,3,10676,10828,-775.75,-240.0,310.48,105,-77575,-24000,31048,-77575 31048 -24000 30 -76006 30549 -23999 120
249,Mhaura,50,Door:Governor's,36915,271,5,175336,175516,-381.56,-160.0,529.42,120,-38156,-16000,52942,-38156 52942 -16000 1375 -37587 53316 30 120
249,Mhaura,55,Condor Eye,36920,271,3,80180,80236,-79.99,383.95,309.47,90,-7999,38395,30947,-7999 30947 38395 69 -1040896 1886355455 -125829018 -125829121
249,Mhaura,56,Standing Bear,36921,271,3,80324,80380,-79.99,383.94,482.91,90,-7999,38394,48291,-7999 48291 38394 69 -1040896 1886355455 -125829018 -125829121
249,Mhaura,72,Shikaree M,36942,271,35,90020,90200,-457.45,-159.85,404.26,120,-45745,-15985,40426,-45745 40426 -15985 874 13 -43931 33662 -15988
249,Mhaura,74,Koh Lenbalalako,36944,271,36,93952,94056,122.06,239.94,-194.99,120,12206,23994,-19499,12206 -19499 23994 1935 12485 -20428 23988 168
249,Mhaura,75,OYAMISURA01,36945,271,42,95984,96064,-688.16,1.4,374.5,105,-68816,140,37450,-68816 37450 140 117 13188 -21815 23966 3815
249,Mhaura,76,OYAMISURA02,36946,271,26,96444,96536,135.07,239.68,-158.71,120,13507,23968,-15871,13507 -15871 23968 2598 13 -46076 37127 -201370
249,Mhaura,77,OYAMISURA03,36947,271,30,96704,96796,133.79,239.69,-147.55,120,13379,23969,-14755,13379 -14755 23969 785 13 -43858 38343 -203386
249,Mhaura,78,OYAMISURA04,36948,271,16,96964,97028,149.71,239.53,-129.16,120,14971,23953,-12916,14971 -12916 23953 3426 13 -52356 34669 90
249,Mhaura,79,OYAMISURA05,36949,271,15,97152,97216,156.46,239.53,-119.64,120,15646,23953,-11964,15646 -11964 23953 1371 13 -52520 39259 90
249,Mhaura,80,OYAMISURA06,36950,271,30,97340,97432,167.58,239.53,-157.3,120,16758,23953,-15730,16758 -15730 23953 2500 13 -56552 36376 17406
249,Mhaura,81,OYAMISURA07,36951,271,54,97700,97820,178.79,239.53,-190.92,120,17879,23953,-19092,17879 -19092 23953 2459 13 -40256 40807 -208057
249,Mhaura,82,OYAMISURA08,36952,271,14,98132,98180,-685.55,-3.77,346.0,105,-68555,-377,34600,-68555 34600 -377 3735 11204 -19111 23681 117
249,Mhaura,83,OYAMISURA09,36953,271,8,98320,98360,0.13,392.8,-470.96,90,13,39280,-47096,13 -47096 39280 309 70 -134114816 8388607 -523886
249,Mhaura,84,KOMISURA01,36954,271,22,98452,98520,-688.96,-2.3,351.84,105,-68896,-230,35184,-68896 35184 -230 3960 11282 -19924 23707 3831
249,Mhaura,85,KOMISURA02,36955,271,28,98728,98820,128.57,239.79,-214.2,120,12857,23979,-21420,12857 -21420 23979 1199 13 -48732 37815 40
249,Mhaura,86,KOMISURA03,36956,271,12,98988,99048,147.54,239.53,-117.3,120,14754,23953,-11730,14754 -11730 23953 817 13 -51033 37194 63
249,Mhaura,87,Chocobo,36957,271,7,99144,99176,0.13,381.89,-531.32,90,13,38189,-53132,13 -53132 38189 58 36 -134114816 8388607 -523886
249,Mhaura,88,Chocobo02,36958,271,7,99232,99368,0.18,386.1,-609.5,105,18,38610,-60950,18 -60950 38610 692 4015 -203506 341492 10274
249,Mhaura,89,Chocobo03,36959,271,22,99320,99368,0.18,386.1,-609.5,105,18,38610,-60950,18 -60950 38610 692 4015 -203506 341492 10274
249,Mhaura,90,Chocobo04,36960,271,7,99536,99704,175.81,239.53,-234.46,120,17581,23953,-23446,17581 -23446 23953 2351 19866 -23027 2216 40
249,Mhaura,91,Yagudo01,36961,271,26,99624,99704,175.81,239.53,-234.46,120,17581,23953,-23446,17581 -23446 23953 2351 19866 -23027 2216 40
249,Mhaura,92,Yagudo02,36962,271,46,99944,100032,191.63,239.53,-153.05,120,19163,23953,-15305,19163 -15305 23953 1606 15132 -19750 622 40
249,Mhaura,93,Yagudo03,36963,271,34,100320,100404,207.97,239.53,-148.08,120,20797,23953,-14808,20797 -14808 23953 1682 16248 -24128 2822 40
249,Mhaura,94,Yagudo04,36964,271,37,100700,100784,187.46,239.53,-132.92,120,18746,23953,-13292,18746 -13292 23953 1394 13765 -22796 3792 40
249,Mhaura,95,HEISHI01,36965,271,15,101076,101140,-136.09,4.82,-325.0,90,-13609,482,-32500,-13609 -32500 482 40 -313147 368303 -312149 368390
249,Mhaura,96,HEISHI02,36966,271,11,101280,101348,-824.18,-12.0,1084.73,95,-82418,-1200,108473,-82418 108473 -1200 2658 45 8704 -523886 922779647
249,Mhaura,97,Perih Vashai,36967,271,14,101416,101476,-862.25,-12.0,1100.98,95,-86225,-1200,110098,-86225 110098 -1200 2225 13 -88383 111317 -1210
249,Mhaura,98,Ripapa,36968,271,237,109940,110112,337.08,74.99,-394.25,105,33708,7499,-39425,33708 -39425 7499 1440 4 -188658 109275 0
249,Mhaura,99,Lacia,36969,271,47,110000,110112,337.08,74.99,-394.25,105,33708,7499,-39425,33708 -39425 7499 1440 4 -188658 109275 0
249,Mhaura,100,???,36970,271,49,111684,111720,539.03,74.99,-438.01,105,53903,7499,-43801,53903 -43801 7499 2086 4 -178308 95537 0
249,Mhaura,101,Talking Doll,36971,271,15,111976,112064,286.07,-168.25,585.57,120,28607,-16825,58557,28607 58557 -16825 974 36082 -40352 8000 400
249,Mhaura,104,Mathele,36974,271,1,113664,113772,63.99,0.6,2.0,90,6399,60,200,6399 200 60 405 -503040 -491521 1952808959 -266441105
249,Mhaura,115,Shikaree Z,36985,271,62,121204,121352,-374.55,-159.99,504.72,120,-37455,-15999,50472,-37455 50472 -15999 3484 -1200 85 1200 1500
249,Mhaura,116,Shikaree Y,36986,271,30,121920,122008,-338.05,-159.99,551.4,120,-33805,-15999,55140,-33805 55140 -15999 1659 -4000 13 2000 767
249,Mhaura,117,Shikaree X,36987,271,35,122504,122584,-344.6,-160.0,551.39,120,-34460,-16000,55139,-34460 55139 -16000 1465 -6000 40 5500 -34139
249,Mhaura,121,Kamaal,36991,271,22,129512,129540,-235.56,-46.6,252.6,120,-23556,-4660,25260,-23556 25260 -4660 917 13 -23816 18818 -3999
249,Mhaura,122,Hadiyah,36992,271,20,129620,129648,-235.56,-46.6,252.6,120,-23556,-4660,25260,-23556 25260 -4660 917 13 -23816 18818 -3999
249,Mhaura,131,Zurko-Bazurko,37002,271,152,164063,164251,76.8,281.6,358.4,105,7680,28160,35840,7680 35840 28160 512 -1024 -993 62255 256
249,Mhaura,139,Marilionne,37011,271,19,170744,170904,79.77,79.78,79.83,90,7977,7978,7983,7977 7983 7978 109 -491817 -618552 7991 214672
249,Mhaura,141,Gilgamesh,37013,271,59,10964,11140,-779.75,-243.1,350.64,120,-77975,-24310,35064,-77975 35064 -24310 2091 6 -77629 33327 -24012
249,Mhaura,142,Tonasav,37014,271,44,178580,178656,-737.35,-240.0,312.27,105,-73735,-24000,31227,-73735 31227 -24000 30 -68037 32176 -23999 22
250,Kazham,29,Flame Walker,40989,271,4,58296,58452,-4.55,-40.0,-149.81,105,-455,-4000,-14981,-455 -14981 -4000 2158 56 -1040896 1886355455 595591197
250,Kazham,30,Shark Teeth,40990,271,2,58408,58452,-4.55,-40.0,-149.81,105,-455,-4000,-14981,-455 -14981 -4000 2158 56 -1040896 1886355455 595591197
250,Kazham,32,Door_a,40992,271,3,58264,58452,-4.55,-40.0,-149.81,105,-455,-4000,-14981,-455 -14981 -4000 2158 56 -1040896 1886355455 595591197
250,Kazham,46,Magriffon,41006,271,222,68428,68536,-195.15,43.33,987.02,120,-19515,4333,98702,-19515 98702 4333 1236 -21271 96675 4399 68
250,Kazham,47,1,41007,271,5,68496,68536,-195.15,43.33,987.02,120,-19515,4333,98702,-19515 98702 4333 1236 -21271 96675 4399 68
250,Kazham,48,2,41008,271,5,68636,68684,-224.25,12.35,879.45,120,-22425,1235,87945,-22425 87945 1235 3555 -22278 94351 4038 128
250,Kazham,49,3,41009,271,7,68844,69000,-114.41,-18.48,890.44,105,-11441,-1848,89044,-11441 89044 -1848 2547 150 0 200 240
250,Kazham,50,4,41010,271,4,68972,69000,-114.41,-18.48,890.44,105,-11441,-1848,89044,-11441 89044 -1848 2547 150 0 200 240
250,Kazham,51,5,41011,271,5,69148,69188,-191.92,39.27,951.82,120,-19192,3927,95182,-19192 95182 3927 2089 -21095 94988 4048 68
250,Kazham,58,Hari Pakhroib,41018,271,16,71356,71484,281.0,-120.23,-1766.0,95,28100,-12023,-176600,28100 -176600 -12023 4001 10749 10750 28800 -176500
250,Kazham,59,Romaa Mihgo,41019,271,82,71368,71484,281.0,-120.23,-1766.0,95,28100,-12023,-176600,28100 -176600 -12023 4001 10749 10750 28800 -176500
250,Kazham,66,Mhebi Juhbily,41026,271,88,77796,77964,-271.0,-25.0,-101.73,120,-27100,-2500,-10173,-27100 -10173 -2500 1460 150 10401 10402 1
250,Kazham,68,Door_c,41028,271,1,77840,77964,-271.0,-25.0,-101.73,120,-27100,-2500,-10173,-27100 -10173 -2500 1460 150 10401 10402 1
250,Kazham,72,Lulupp,41032,271,22,77864,77964,-271.0,-25.0,-101.73,120,-27100,-2500,-10173,-27100 -10173 -2500 1460 150 10401 10402 1
250,Kazham,73,Kukupp,41033,271,11,81252,81348,431.34,-109.99,-1795.95,95,43134,-10999,-179595,43134 -179595 -10999 1921 13 46115 -171262 -11000
250,Kazham,74,Mumupp,41034,271,18,81588,81712,409.68,-110.0,-1768.21,95,40968,-11000,-176821,40968 -176821 -11000 1015 13 46115 -171262 211
250,Kazham,75,Roropp,41035,271,11,82200,82388,426.73,-110.0,-1751.21,110,42673,-11000,-175121,42673 -175121 -11000 1512 10451 13 46115 -171262
250,Kazham,76,Popopp,41036,271,16,82288,82388,426.73,-110.0,-1751.21,110,42673,-11000,-175121,42673 -175121 -11000 1512 10451 13 46115 -171262
250,Kazham,77,Bubupp,41037,271,11,82892,83080,426.32,-110.0,-1782.81,110,42632,-11000,-178281,42632 -178281 -11000 1473 10453 13 46115 -171262
250,Kazham,78,Tatapp,41038,271,16,82980,83080,426.32,-110.0,-1782.81,110,42632,-11000,-178281,42632 -178281 -11000 1473 10453 13 46115 -171262
250,Kazham,79,Kakapp,41039,271,18,83340,83464,440.6,-110.0,-1766.6,95,44060,-11000,-176660,44060 -176660 -11000 1621 13 46115 -171262 211
250,Kazham,80,Lalapp,41040,271,11,83708,83804,410.48,-110.0,-1752.02,95,41048,-11000,-175202,41048 -175202 -11000 771 13 46115 -171262 204
250,Kazham,106,Ronta-Onta,41066,271,187,149740,149912,0.02,-359.69,-191.59,120,2,-35969,-19159,2 -19159 -35969 1097 3371 3 -32964 -26601
250,Kazham,108,???,41068,271,49,149856,149912,0.02,-359.69,-191.59,120,2,-35969,-19159,2 -19159 -35969 1097 3371 3 -32964 -26601
250,Kazham,109,Talking Doll,41069,271,15,150152,150268,40.27,-213.42,-143.55,120,4027,-21342,-14355,4027 -14355 -21342 1297 3926 -19204 -12264 8000
250,Kazham,119,Tielleque,41080,271,1,151408,151440,-0.04,-0.03,106.34,105,-4,-3,10634,-4 10634 -3 3 6 10629 10630 10631
250,Kazham,121,Mamerie,41082,271,1,151836,152000,63.99,0.6,2.0,90,6399,60,200,6399 200 60 405 -503040 -491521 1952808959 -266441105
250,Kazham,122,Beyzen,41083,271,1,151892,152000,63.99,0.6,2.0,90,6399,60,200,6399 200 60 405 -503040 -491521 1952808959 -266441105
250,Kazham,127,Synergy Engineer,41088,271,1,163348,163360,-585.16,2.34,-545.34,90,-58516,234,-54534,-58516 -54534 234 0 1 4 10966 1234
251,Hall of the Gods,3,Yve'noile,45059,271,115,6656,6792,-7.87,-123.0,418.85,105,-787,-12300,41885,-787 41885 -12300 3083 2 10 -715 45802
251,Hall of the Gods,4,Zeid,45060,271,36,6696,6792,-7.87,-123.0,418.85,105,-787,-12300,41885,-787 41885 -12300 3083 2 10 -715 45802
251,Hall of the Gods,5,Aldo,45061,271,31,7084,7220,1489.63,37.54,-206.93,90,148963,3754,-20693,148963 -20693 3754 1385 144810 2644 185 173
251,Hall of the Gods,21,Mathilde,45078,271,56,14888,15028,0.22,-123.0,-441.79,120,22,-12300,-44179,22 -44179 -12300 3072 -3974 -193 -12999 1836
251,Hall of the Gods,22,Aldo,45079,271,105,13180,13360,-20.41,-129.99,-47.13,120,-2041,-12999,-4713,-2041 -4713 -12999 904 -32191 -12300 1326 -24198
251,Hall of the Gods,23,Young Aldo,45080,271,96,14908,15028,0.22,-123.0,-441.79,120,22,-12300,-44179,22 -44179 -12300 3072 -3974 -193 -12999 1836
251,Hall of the Gods,24,???,45081,271,51,14864,15028,0.22,-123.0,-441.79,120,22,-12300,-44179,22 -44179 -12300 3072 -3974 -193 -12999 1836
251,Hall of the Gods,38,Esha'ntarl,45096,271,153,39016,39100,-20.4,0.3,-129.99,120,-2040,30,-12999,-2040 -12999 30 3338 7032 944 45796 -12300
251,Hall of the Gods,39,???,45097,271,44,1960,2116,1.5,-123.0,480.07,100,150,-12300,48007,150 48007 -12300 1024 51937 3072 185 244
252,Norg,3,Gilgamesh,49155,271,1066,273084,273156,-100.16,0.3,-70.86,90,-10016,30,-7086,-10016 -7086 30 82 46080 1752187136 7692653 0
252,Norg,5,Lion,49157,271,214,33280,33468,1175.64,-80.09,-133.17,110,117564,-8009,-13317,117564 -13317 -8009 2366 123051 -10901 1501 13
252,Norg,6,Grav'iton,49158,271,15,34372,34416,-342.9,4.99,-964.62,105,-34290,499,-96462,-34290 -96462 499 3220 65 75 80 180
252,Norg,9,Eunsoo,49161,271,20,34852,34936,5.66,-197.92,-209.52,120,566,-19792,-20952,566 -20952 -19792 1097 2093 107769 -11974 -7086
252,Norg,14,Gimb,49166,271,36,37164,37292,-61.18,-9.8,-429.71,90,-6118,-980,-42971,-6118 -42971 -980 372 -134186752 -260046849 58720255 -2147479549
252,Norg,15,Koetsu,49167,271,41,37680,37796,-162.22,2.79,-510.98,105,-16222,279,-51098,-16222 -51098 279 1733 1 -19487 -53338 13
252,Norg,17,Comitiolus,49169,271,29,45724,45844,996.03,-70.86,-138.39,120,99603,-7086,-13839,99603 -13839 -7086 2105 13 100684 -12073 4096
252,Norg,51,Oaken Door,49203,271,1,146916,147052,0.1,-221.47,-165.77,120,10,-22147,-16577,10 -16577 -22147 1097 -18494 -23786 -19065 -23039
252,Norg,68,Ayame,49221,271,35,112392,112428,1151.23,-75.47,-130.6,95,115123,-7547,-13060,115123 -13060 -7547 4091 116570 -12779 -8009 119900
252,Norg,76,Kam'lanaut,49229,271,82,117804,117956,20.95,3.6,12.25,90,2095,360,1225,2095 1225 360 13 -459734 -238640 -167133 -463416
252,Norg,84,Aldo,49237,271,187,120984,121116,0.6,-80.09,1171.62,95,60,-8009,117162,60 117162 -8009 185 112759 -12059 30 105422
252,Norg,88,Edal-Tahdal,49241,271,187,130280,130452,0.02,-359.69,-191.59,120,2,-35969,-19159,2 -19159 -35969 1097 3371 3 -32964 -26601
252,Norg,90,???,49243,271,49,130396,130452,0.02,-359.69,-191.59,120,2,-35969,-19159,2 -19159 -35969 1097 3371 3 -32964 -26601
252,Norg,91,Talking Doll,49244,271,15,130692,130808,40.27,-213.42,-143.55,120,4027,-21342,-14355,4027 -14355 -21342 1297 3926 -19204 -12264 8000
252,Norg,97,Colleraie,49250,271,1,134244,134384,64.21,0.6,2.0,105,6421,60,200,6421 200 60 551 -503040 -491521 1952808959 -266441105
252,Norg,104,Novice Moogle,49257,271,30,142184,142360,-60.32,-9.28,-422.07,120,-6032,-928,-42207,-6032 -42207 -928 903 188 -9768 -38911 -763
252,Norg,106,Stray Cloud,49259,271,165,146948,147052,0.1,-221.47,-165.77,120,10,-22147,-16577,10 -16577 -22147 1097 -18494 -23786 -19065 -23039
252,Norg,107,Gubokka,49260,271,62,147416,147584,-202.06,2.72,-536.48,90,-20206,272,-53648,-20206 -53648 272 20 6356992 528482354 41943296 528483200
252,Norg,125,Wistful Bison,49279,271,41,221491,221675,76.8,281.6,358.4,105,7680,28160,35840,7680 35840 28160 512 -1024 -993 62255 256
252,Norg,130,???,49285,271,11,233772,233904,0.25,-147.6,1203.52,110,25,-14760,120352,25 120352 -14760 3167 100950 -11938 5 566
252,Norg,131,Iroha,49286,271,446,271892,271964,-120.07,0.3,-70.86,90,-12007,30,-7086,-12007 -7086 30 0 120 13 111866 -11437
252,Norg,136,Prishe,49291,271,152,272788,272856,-132.58,0.3,-70.86,105,-13258,30,-7086,-13258 -7086 30 76 1457 2 1446 114
252,Norg,137,Atori-Tutori,49292,271,51,273004,273036,1175.99,-80.09,-112.24,95,117599,-8009,-11224,117599 -11224 -8009 30 113818 -11153 -7086 38
252,Norg,138,Nashmeira,49293,271,50,273108,273156,-100.16,0.3,-70.86,90,-10016,30,-7086,-10016 -7086 30 82 46080 1752187136 7692653 0
253,Abyssea - Uleguerand,553,Veridical Conflu,53812,271,1,590544,590632,74.74,1.9,0.79,90,7474,190,79,7474 79 190 200 -202000 -506000 -39900 512
253,Abyssea - Uleguerand,554,Veridical Conflu,53813,271,1,592700,592788,74.74,1.9,0.79,90,7474,190,79,7474 79 190 200 -202000 -506000 -39900 512
253,Abyssea - Uleguerand,555,Veridical Conflu,53814,271,1,594856,594944,74.74,1.9,0.79,90,7474,190,79,7474 79 190 200 -202000 -506000 -39900 512
253,Abyssea - Uleguerand,556,Veridical Conflu,53815,271,1,597012,597100,74.74,1.9,0.79,90,7474,190,79,7474 79 190 200 -202000 -506000 -39900 512
253,Abyssea - Uleguerand,557,Veridical Conflu,53816,271,1,599168,599256,74.74,1.9,0.79,90,7474,190,79,7474 79 190 200 -202000 -506000 -39900 512
253,Abyssea - Uleguerand,558,Veridical Conflu,53817,271,1,601324,601412,74.74,1.9,0.79,90,7474,190,79,7474 79 190 200 -202000 -506000 -39900 512
253,Abyssea - Uleguerand,559,Veridical Conflu,53818,271,1,603480,603568,74.74,1.9,0.79,90,7474,190,79,7474 79 190 200 -202000 -506000 -39900 512
253,Abyssea - Uleguerand,560,Veridical Conflu,53819,271,1,605636,605724,74.74,1.9,0.79,90,7474,190,79,7474 79 190 200 -202000 -506000 -39900 512
253,Abyssea - Uleguerand,598,Rondipur,53858,271,19,634968,635084,2.01,80.57,80.56,90,201,8057,8056,201 8056 8057 356 -765301248 -2147483377 265446041 -2147410943
254,Abyssea - Grauberg,588,Veridical Conflu,57944,271,1,590724,590812,75.75,1.9,0.79,90,7575,190,79,7575 79 190 200 -514000 -756000 22417 1024
254,Abyssea - Grauberg,589,Veridical Conflu,57945,271,1,592876,592964,75.75,1.9,0.79,90,7575,190,79,7575 79 190 200 -514000 -756000 22417 1024
254,Abyssea - Grauberg,590,Veridical Conflu,57946,271,1,595028,595116,75.75,1.9,0.79,90,7575,190,79,7575 79 190 200 -514000 -756000 22417 1024
254,Abyssea - Grauberg,591,Veridical Conflu,57947,271,1,597180,597268,75.75,1.9,0.79,90,7575,190,79,7575 79 190 200 -514000 -756000 22417 1024
254,Abyssea - Grauberg,592,Veridical Conflu,57948,271,1,599332,599420,75.75,1.9,0.79,90,7575,190,79,7575 79 190 200 -514000 -756000 22417 1024
254,Abyssea - Grauberg,593,Veridical Conflu,57949,271,1,601484,601572,75.75,1.9,0.79,90,7575,190,79,7575 79 190 200 -514000 -756000 22417 1024
254,Abyssea - Grauberg,594,Veridical Conflu,57950,271,1,603636,603724,75.75,1.9,0.79,90,7575,190,79,7575 79 190 200 -514000 -756000 22417 1024
254,Abyssea - Grauberg,595,Veridical Conflu,57951,271,1,605788,605876,75.75,1.9,0.79,90,7575,190,79,7575 79 190 200 -514000 -756000 22417 1024
256,Western Adoulin,24,Gehlvik,105,272,1,6208,6348,63.99,0.6,2.0,105,6399,60,200,6399 200 60 551 -503040 -491521 1952808959 -266441105
256,Western Adoulin,25,Ivoh Haalameb,106,272,1,6916,7056,63.99,0.6,2.0,105,6399,60,200,6399 200 60 551 -503040 -491521 1952808959 -266441105
256,Western Adoulin,64,Tiana,146,272,297,179568,179696,-897.03,33.49,120.9,105,-89703,3349,12090,-89703 12090 3349 30 40 -96074 16795 10
256,Western Adoulin,65,Brenna,147,272,78,180376,180464,0.13,-80.0,1520.0,95,13,-8000,152000,13 152000 -8000 4000 -119014 -17792 3999 -116522
256,Western Adoulin,66,Lhe Lhangavo,148,272,450,180660,180804,0.3,95.56,-894.48,120,30,9556,-89448,30 -89448 9556 692 -16501 0 1523 2714
256,Western Adoulin,67,Flaviria,149,272,243,181088,181172,-102.21,-1.48,-962.21,120,-10221,-148,-96221,-10221 -96221 -148 2461 -92107 0 15972 -88717
256,Western Adoulin,68,Teodor,150,272,681,182028,182096,-276.96,-6.73,-958.54,105,-27696,-673,-95854,-27696 -95854 -673 30 -28604 -95596 -674 -28384
256,Western Adoulin,75,Vortimere,157,272,66,183596,183628,0.13,-269.9,-1582.35,95,13,-26990,-158235,13 -158235 -26990 2699 -162729 -26996 -167073 -27037
256,Western Adoulin,85,Arciela,167,272,12,184920,185012,0.13,108.08,-895.9,120,13,10808,-89590,13 -89590 10808 3349 30 -88821 9488 -89192
256,Western Adoulin,86,Arciela,168,272,193,184948,185012,0.13,108.08,-895.9,120,13,10808,-89590,13 -89590 10808 3349 30 -88821 9488 -89192
256,Western Adoulin,90,Gratzigg,172,272,91,186456,186492,1000.0,-6.51,-825.0,90,100000,-651,-82500,100000 -82500 -651 10 -1535 96150 -79000 100673
256,Western Adoulin,91,Port Storage,173,272,1,186616,186672,0.13,-135.91,-10.63,90,13,-13591,-1063,13 -1063 -13591 0 30 37 -134114816 8388607
256,Western Adoulin,92,Margret,174,272,75,186644,186672,0.13,-135.91,-10.63,90,13,-13591,-1063,13 -1063 -13591 0 30 37 -134114816 8388607
256,Western Adoulin,108,Dewalt,190,272,37,503328,503396,-247.29,-6.49,297.54,120,-24729,-649,29754,-24729 29754 -649 528 558 15 9206 9207
256,Western Adoulin,111,Alianne,193,272,304,506456,506544,-65.93,0.13,0.0,105,-6593,13,0,-6593 0 13 66 -12673 -58664 -1916 -500
256,Western Adoulin,112,Othellius,194,272,296,506896,507040,0.41,0.0,-72.23,120,41,0,-7223,41 -7223 0 3244 2393 -14152 1780 -15890
256,Western Adoulin,115,Logan,197,272,170,507696,507792,0.13,-252.11,-1583.6,95,13,-25211,-158360,13 -158360 -25211 2699 -162571 -25184 -166996 -25191
256,Western Adoulin,118,Eamonn,200,272,159,557724,557904,-403.69,-7.24,-1063.49,95,-40369,-724,-106349,-40369 -106349 -724 20 -88680 2300 3350 -36790
256,Western Adoulin,119,Pagnelle,201,272,335,558564,558744,10.14,0.65,-905.23,120,1014,65,-90523,1014 -90523 65 503 -92760 9400 9401 9402
256,Western Adoulin,120,Wesley,202,272,165,559168,559248,-55.34,-1.48,-962.16,105,-5534,-148,-96216,-5534 -96216 -148 2565 98 40 -36409 -96998
256,Western Adoulin,123,Ilney,205,272,128,563516,563588,0.13,-269.9,-1582.35,95,13,-26990,-158235,13 -158235 -26990 2699 -162729 -26996 -167073 -27037
256,Western Adoulin,124,Distrova,206,272,204,563864,564008,-1210.57,0.3,0.0,95,-121057,30,0,-121057 0 30 40 22938 -112956 19045 -70152
256,Western Adoulin,125,Gontrain,207,272,17,564612,564780,-905.6,0.3,-600.0,105,-90560,30,-60000,-90560 -60000 30 13 -7054 -90104 0 3244
256,Western Adoulin,131,Nashu,213,272,33,565348,565468,0.13,-252.11,-1583.6,95,13,-25211,-158360,13 -158360 -25211 2699 -162571 -25184 -166996 -25191
256,Western Adoulin,132,Araustoix,214,272,57,565428,565468,0.13,-252.11,-1583.6,95,13,-25211,-158360,13 -158360 -25211 2699 -162571 -25184 -166996 -25191
256,Western Adoulin,133,Cilmad,215,272,43,565700,565736,0.13,-260.7,-1583.77,95,13,-26070,-158377,13 -158377 -26070 2699 1 4 0 347
256,Western Adoulin,134,Peladi Shalmohr,216,272,311,565956,566104,-354.3,0.55,-1030.0,95,-35430,55,-103000,-35430 -103000 55 60 635 240 1530 10129
256,Western Adoulin,135,Mischief Marker,217,272,11,573568,573652,949.27,21.79,-1210.28,110,94927,2179,-121028,94927 -121028 2179 2107 94342 -122127 2959 30
256,Western Adoulin,136,Tuffle-Buffle,218,272,1447,507691,507779,366.08,0.0,58.88,105,36608,0,5888,36608 5888 0 3328 -40540160 -6453761 691199 -41618176
256,Western Adoulin,138,Minnifi Delqabba,220,272,156,607304,607472,770.0,40.0,-1245.0,95,77000,4000,-124500,77000 -124500 4000 60 86840 -119380 30 868
256,Western Adoulin,139,Patrillaut,221,272,96,608012,608116,759.63,40.0,-1229.13,95,75963,4000,-122913,75963 -122913 4000 2047 57133 -121597 75394 -123468
256,Western Adoulin,154,Amchuchu's Labor,236,272,1,609760,609832,937.0,-6.51,-739.0,105,93700,-651,-73900,93700 -73900 -651 1024 2560 98900 -79265 89343
256,Western Adoulin,168,Volgoi,250,272,36,715968,716096,0.13,-261.11,292.11,120,13,-26111,29211,13 29211 -26111 1000 160000 -36000 4000 3072
256,Western Adoulin,172,Zaoso,254,272,33,718016,718156,-151.63,56.46,-993.71,105,-15163,5646,-99371,-15163 -99371 5646 3349 162 24 320 305
256,Western Adoulin,173,Nikkhail,255,272,13,718640,718800,0.02,98.06,98.05,90,2,9806,9805,2 9805 9806 11 -2147476224 -2147410653 -16768733 17826055
256,Western Adoulin,175,Orenna,257,272,10,717608,717760,0.13,20.85,98.95,105,13,2085,9895,13 9895 2085 0 -150000 -19000 3999 -20000
256,Western Adoulin,176,Mosil-Nosil,258,272,21,717692,717760,0.13,20.85,98.95,105,13,2085,9895,13 9895 2085 0 -150000 -19000 3999 -20000
256,Western Adoulin,177,Behff Oibbah,259,272,84,728512,728608,40.0,-151.63,-994.23,120,4000,-15163,-99423,4000 -99423 -15163 3072 -174518 -17079 3999 19
256,Western Adoulin,178,Flapano,260,272,12,728936,729104,103.47,0.3,103.48,105,10347,30,10348,10347 10348 30 13 -32038 -99939 -650 60
256,Western Adoulin,180,Fervent Horizon,262,272,16,718784,718800,0.02,98.06,98.05,90,2,9806,9805,2 9805 9806 11 -2147476224 -2147410653 -16768733 17826055
256,Western Adoulin,187,Chanteillie,269,272,122,732008,732124,878.3,-6.51,-760.2,105,87830,-651,-76020,87830 -76020 -651 1539 91900 -77623 96445 -82430
256,Western Adoulin,194,Virsaint,276,272,16,719320,719428,130.38,110.92,-4.04,90,13038,11092,-404,13038 -404 11092 222 -1040896 1886355455 1049346 3736448
256,Western Adoulin,197,Merleg,279,272,53,733432,733588,-500.0,0.3,9.55,105,-50000,30,955,-50000 955 30 40 -112891 -17083 3999 60
256,Western Adoulin,198,Noan,280,272,10,736276,736336,-586.6,3.0,0.0,120,-58660,300,0,-58660 0 300 3072 -110136 1024 119 -1040896
256,Western Adoulin,199,Clautaire,281,272,42,732788,732904,0.45,-180.66,-1125.07,95,45,-18066,-112507,45 -112507 -18066 3999 -50000 -18492 -16800 8127
256,Western Adoulin,203,Tevigogo,285,272,1,732764,732904,0.45,-180.66,-1125.07,95,45,-18066,-112507,45 -112507 -18066 3999 -50000 -18492 -16800 8127
256,Western Adoulin,205,Andrival,287,272,57,722020,722196,0.01,-131.13,245.21,105,1,-13113,24521,1 24521 -13113 1000 -218000 -26100 4000 -97000
256,Western Adoulin,215,Eukalline,297,272,7,728440,728608,40.0,-151.63,-994.23,120,4000,-15163,-99423,4000 -99423 -15163 3072 -174518 -17079 3999 19
256,Western Adoulin,216,Delionna,298,272,31,722928,722992,0.13,-264.05,261.63,120,13,-26405,26163,13 26163 -26405 1000 6989 -40825 0 40
256,Western Adoulin,222,Aindemont,304,272,31,729880,729988,0.02,-240.0,-1000.0,105,2,-24000,-100000,2 -100000 -24000 350 -150000 -20000 3 342
256,Western Adoulin,224,Herchambaut,306,272,1,731948,732124,878.3,-6.51,-760.2,105,87830,-651,-76020,87830 -76020 -651 1539 91900 -77623 96445 -82430
256,Western Adoulin,225,Brenna,307,272,1,736252,736336,-586.6,3.0,0.0,120,-58660,300,0,-58660 0 300 3072 -110136 1024 119 -1040896
256,Western Adoulin,228,Berghent,310,272,102,750852,750932,902.99,-7.51,-324.39,90,90299,-751,-32439,90299 -32439 -751 50 1900544 18686848 2171776 43319296
256,Western Adoulin,230,Eternal Flame,312,272,36,756356,756396,161.04,0.0,-1185.0,110,16104,0,-118500,16104 -118500 0 1857 13901 -120454 -148 3537
256,Western Adoulin,238,Runic Overflow,320,272,11,816916,817068,898.75,-6.49,-620.39,105,89875,-649,-62039,89875 -62039 -649 149 11594 11595 9 11596
256,Western Adoulin,239,Gaddiux,321,272,204,816944,817068,898.75,-6.49,-620.39,105,89875,-649,-62039,89875 -62039 -649 149 11594 11595 9 11596
256,Western Adoulin,252,Zurko-Bazurko,334,272,38,826384,826516,-797.85,0.65,0.09,90,-79785,65,9,-79785 9 65 80 105862 -75690 79139 -51295
256,Western Adoulin,253,Mikolulu,335,272,54,827272,827412,794.09,-1.48,-519.09,90,79409,-148,-51909,79409 -51909 -148 111 199 189 30 83
256,Western Adoulin,297,Nunaarl Bthtrogg,387,272,109,1405860,1406028,157.26,0.0,-1096.15,95,15726,0,-109615,15726 -109615 0 13 13610 -110480 -150 4
257,Eastern Adoulin,20,Maudilyonne,4183,272,1,6176,6332,1.54,29.47,-16.53,105,154,2947,-1653,154 -1653 2947 561 -503040 -491521 1952808959 -266441105
257,Eastern Adoulin,36,Auction Counter,4200,272,1,59800,59972,71.93,2.36,71.92,105,7193,236,7192,7193 7192 236 1536 -4066 -2147476097 -2147408861 32770
257,Eastern Adoulin,37,Auction Counter,4201,272,1,59824,59972,71.93,2.36,71.92,105,7193,236,7192,7193 7192 236 1536 -4066 -2147476097 -2147408861 32770
257,Eastern Adoulin,38,Terianne,4202,272,1,59848,59972,71.93,2.36,71.92,105,7193,236,7192,7193 7192 236 1536 -4066 -2147476097 -2147408861 32770
257,Eastern Adoulin,75,Arciela,4239,272,578,357132,357264,-114.31,0.3,-5.0,120,-11431,30,-500,-11431 -500 30 3545 80 -59894 -17508 -61805
257,Eastern Adoulin,77,Arciela,4241,272,7,358932,358956,0.4,-436.56,-468.02,90,40,-43656,-46802,40 -46802 -43656 0 16 3276800 16785280 58720896
257,Eastern Adoulin,78,Melvien,4242,272,487,358992,359156,-15.0,-157.32,-31.53,120,-1500,-15732,-3153,-1500 -3153 -15732 3208 232 -4271 -13997 -4380
257,Eastern Adoulin,80,Svenja,4244,272,510,360968,361140,-15.0,-98.63,-0.75,120,-1500,-9863,-75,-1500 -75 -9863 1024 3600 -11000 -21000 19
257,Eastern Adoulin,84,Lhe Lhangavo,4248,272,212,365808,365916,27.15,0.13,0.02,105,2715,13,2,2715 2 13 297 -7084 -1500 7216 -10286
257,Eastern Adoulin,86,Flaviria,4250,272,54,367676,367792,8.33,-15.0,-74.94,105,833,-1500,-7494,833 -7494 -1500 60 6298 -9872 30 208
257,Eastern Adoulin,87,Reginald,4251,272,77,368032,368192,-315.89,-5.0,-138.67,120,-31589,-500,-13867,-31589 -13867 -500 740 -30187 -12702 250 2228224
257,Eastern Adoulin,89,Vortimere,4253,272,263,370520,370652,2.6,-15.0,-61.98,120,260,-1500,-6198,260 -6198 -1500 2864 -7899 4799 -16518 69
257,Eastern Adoulin,96,Grennith,4260,272,207,380384,380528,450.0,-401.5,-627.0,105,45000,-40150,-62700,45000 -62700 -40150 2740 169 2228224 -524241 -127107073
257,Eastern Adoulin,112,Door:,4276,272,38,534128,534312,-992.65,-6.49,-477.88,105,-99265,-649,-47788,-99265 -47788 -649 3780 621 15 66 9983
257,Eastern Adoulin,113,Door:,4277,272,15,538284,538388,-0.38,-199.26,-70.48,120,-38,-19926,-7048,-38 -7048 -19926 1338 -22165 30 97 -134114816
257,Eastern Adoulin,114,Audibert,4278,272,22,534236,534312,-992.65,-6.49,-477.88,105,-99265,-649,-47788,-99265 -47788 -649 3780 621 15 66 9983
257,Eastern Adoulin,115,Corpo-Vorpo,4279,272,2,537208,537268,-1075.32,-6.49,195.61,110,-107532,-649,19561,-107532 19561 -649 2743 621 15 9996 9997
257,Eastern Adoulin,116,Erisa,4280,272,125,537704,537752,16.03,0.0,-115.94,120,1603,0,-11594,1603 -11594 0 953 -13002 30 930 -21793
257,Eastern Adoulin,117,Yvermain,4281,272,96,537900,538028,0.62,0.0,-156.01,120,62,0,-15601,62 -15601 0 694 -13547 71 40 -53
257,Eastern Adoulin,118,Kyff,4282,272,46,537976,538028,0.62,0.0,-156.01,120,62,0,-15601,62 -15601 0 694 -13547 71 40 -53
257,Eastern Adoulin,119,Dworvigg,4283,272,63,538316,538388,-0.38,-199.26,-70.48,120,-38,-19926,-7048,-38 -7048 -19926 1338 -22165 30 97 -134114816
257,Eastern Adoulin,122,Nashu,4286,272,316,563056,563160,-198.61,-200.0,680.0,120,-19861,-20000,68000,-19861 68000 -20000 1023 5 -62000 222 -134114816
257,Eastern Adoulin,123,Ari-Barali,4287,272,49,563412,563452,-0.07,0.0,-240.17,120,-7,0,-24017,-7 -24017 0 3500 60 2753 40 12
257,Eastern Adoulin,124,Othellius,4288,272,19,563636,563800,-988.89,-6.49,-502.28,105,-98889,-649,-50228,-98889 -50228 -649 25 -106646 -50237 -650 30
257,Eastern Adoulin,125,Erfimia,4289,272,157,563664,563800,-988.89,-6.49,-502.28,105,-98889,-649,-50228,-98889 -50228 -649 25 -106646 -50237 -650 30
257,Eastern Adoulin,126,Reepi-Molpi,4290,272,44,563768,563800,-988.89,-6.49,-502.28,105,-98889,-649,-50228,-98889 -50228 -649 25 -106646 -50237 -650 30
257,Eastern Adoulin,130,Finnigor,4294,272,4,629800,629856,104.2,0.5,104.21,90,10420,50,10421,10420 10421 50 150 -1029632 -491521 -266436609 1870659583
257,Eastern Adoulin,137,Huss,4301,272,7,563864,563936,167.43,-34.47,-417.5,90,16743,-3447,-41750,16743 -41750 -3447 13 -54000 0 -66131 -8743
257,Eastern Adoulin,141,Alphonserme,4305,272,20,694192,694324,-358.16,-1.48,-225.67,120,-35816,-148,-22567,-35816 -22567 -148 850 -46848 -13794 -74 400
257,Eastern Adoulin,145,Garembert,4309,272,9,565372,565424,-1.48,41.45,-818.47,90,-148,4145,-81847,-148 -81847 4145 0 73 -1040896 1886355455 -125829018
257,Eastern Adoulin,146,Eppel-Treppel,4310,272,11,569212,569280,92.63,41.45,-818.47,90,9263,4145,-81847,9263 -81847 4145 190 -1040896 1886355455 -125829018 -125829121
257,Eastern Adoulin,149,Risen Hackles,4313,272,11,568008,568148,83.46,41.45,-818.47,90,8346,4145,-81847,8346 -81847 4145 281 -1040896 1886355455 -125829018 -125829121
257,Eastern Adoulin,150,Addled Fetters,4314,272,11,574908,574956,0.4,102.85,-814.86,105,40,10285,-81486,40 -81486 10285 0 -81847 4145 92 -1040896
257,Eastern Adoulin,154,Jampiaire,4318,272,34,694180,694324,-358.16,-1.48,-225.67,120,-35816,-148,-22567,-35816 -22567 -148 850 -46848 -13794 -74 400
257,Eastern Adoulin,155,Stavalian,4319,272,27,565700,565772,0.02,104.56,104.55,90,2,10456,10455,2 10455 10456 103 -2147476224 -2147410653 -1845485277 -2047
257,Eastern Adoulin,156,Bernegeois,4320,272,20,694168,694324,-358.16,-1.48,-225.67,120,-35816,-148,-22567,-35816 -22567 -148 850 -46848 -13794 -74 400
257,Eastern Adoulin,158,Melvort,4322,272,1,574824,574956,0.4,102.85,-814.86,105,40,10285,-81486,40 -81486 10285 0 -81847 4145 92 -1040896
257,Eastern Adoulin,161,Erminold,4325,272,14,577480,577656,839.59,-401.5,-906.37,90,83959,-40150,-90637,83959 -90637 -40150 198 -1040896 1886355455 -125829018 -125829121
257,Eastern Adoulin,162,Glowing Hearth,4326,272,34,568844,568896,-430.7,-1.48,536.21,105,-43070,-148,53621,-43070 53621 -148 0 10481 10484 200 1
257,Eastern Adoulin,166,Chumli-Mojumli,4330,272,30,577564,577656,839.59,-401.5,-906.37,90,83959,-40150,-90637,83959 -90637 -40150 198 -1040896 1886355455 -125829018 -125829121
257,Eastern Adoulin,182,Gregoirellaud,4346,272,33,616412,616476,-15.26,0.0,-69.87,120,-1526,0,-6987,-1526 -6987 0 969 13 -1678 -8325 -1001
257,Eastern Adoulin,183,Hemborok,4347,272,40,616672,616748,16.12,0.0,-95.95,120,1612,0,-9595,1612 -9595 0 1317 -1099 2638 113 -2147457536
257,Eastern Adoulin,184,Obelailai,4348,272,32,616892,616960,15.98,-0.03,-168.47,120,1598,-3,-16847,1598 -16847 -3 3003 13 636 -15824 0
257,Eastern Adoulin,185,Lionardois,4349,272,13,617220,617280,0.29,-13.93,-20.92,90,29,-1393,-2092,29 -2092 -1393 0 140 -2147457536 2147483640 2147483640
257,Eastern Adoulin,195,Estelle,4359,272,1,726596,726756,114.95,114.96,2.01,105,11495,11496,201,11495 201 11496 567 -1029632 -491521 1867775 -260673664
257,Eastern Adoulin,196,Estienneux,4360,272,78,727384,727468,0.13,41.97,-22.03,105,13,4197,-2203,13 -2203 4197 0 -2021 2138 61 -422
257,Eastern Adoulin,197,???,4361,272,17,728052,728180,-59.03,-1.48,-390.41,105,-5903,-148,-39041,-5903 -39041 -148 10 -18085 -46717 0 -21435
257,Eastern Adoulin,199,Margret,4363,272,48,728108,728180,-59.03,-1.48,-390.41,105,-5903,-148,-39041,-5903 -39041 -148 10 -18085 -46717 0 -21435
257,Eastern Adoulin,200,???,4364,272,5,727340,727468,0.13,41.97,-22.03,105,13,4197,-2203,13 -2203 4197 0 -2021 2138 61 -422
257,Eastern Adoulin,207,Lola,4371,272,13,729480,729632,0.13,-89.84,-639.2,105,13,-8984,-63920,13 -63920 -8984 0 -59179 -7296 -148 30
257,Eastern Adoulin,208,???,4372,272,12,729608,729632,0.13,-89.84,-639.2,105,13,-8984,-63920,13 -63920 -8984 0 -59179 -7296 -148 30
257,Eastern Adoulin,234,Lola,4398,272,131,694156,694324,-358.16,-1.48,-225.67,120,-35816,-148,-22567,-35816 -22567 -148 850 -46848 -13794 -74 400
257,Eastern Adoulin,237,Bheva Grantih,4401,272,1,937808,937948,63.99,0.6,2.0,105,6399,60,200,6399 200 60 551 -503040 -491521 1952808959 -266441105
257,Eastern Adoulin,297,Magh Bihu,4461,272,49,993500,993612,-417.26,0.0,568.0,105,-41726,0,56800,-41726 56800 0 13 -42946 56629 -28153 57167
257,Eastern Adoulin,298,Dazbog,4462,272,32,993984,994088,-311.96,-1.48,539.46,90,-31196,-148,53946,-31196 53946 -148 286 -513024 -491521 1886617599 1392521520
258,Rala Waterways,170,Adrienaure,8477,272,1,41700,41840,63.99,0.6,2.0,105,6399,60,200,6399 200 60 551 -503040 -491521 1952808959 -266441105
258,Rala Waterways,173,Alluring Plant,8480,272,1,43332,43464,79.43,0.6,0.9,90,7943,60,90,7943 90 60 201 -321529 -309265 3846 -318607
258,Rala Waterways,178,Aristide,8485,272,74,56656,56760,-57.62,0.9,0.07,90,-5762,90,7,-5762 7 90 39 -123013 -364074 -5765 128
258,Rala Waterways,183,Zenngar,8490,272,58,57672,57752,-10.0,1.31,0.96,90,-1000,131,96,-1000 96 131 235 70 -134114816 8388607 -523886
258,Rala Waterways,204,Chalvava,8512,272,401,63852,63972,81.12,81.13,75.89,90,8112,8113,7589,8112 7589 8113 40 -303140 -321878 -1000 -321066
258,Rala Waterways,205,Faomahd,8513,272,1,64776,64840,81.2,81.21,-11.24,90,8120,8121,-1124,8120 -1124 8121 145 -1040896 1886355455 -125829018 -125829121
258,Rala Waterways,209,Obolt,8517,272,1,65396,65524,0.09,81.32,81.31,90,9,8132,8131,9 8131 8132 40 -304139 -320541 -1000 -302692
258,Rala Waterways,212,Soltargan,8520,272,30,65480,65524,0.09,81.32,81.31,90,9,8132,8131,9 8131 8132 40 -304139 -320541 -1000 -302692
259,Rala Waterways [U],236,Exit:Coliseum,12532,272,1,19784,19804,73.3,0.0,0.01,90,7330,0,1,7330 1 0 43 -2147474432 -2147319807 268436005 419463170
260,Yahse Hunting Grounds,491,Javolio,16937,272,4,79980,80096,-111.49,18.3,40.0,90,-11149,1830,4000,-11149 4000 1830 19 360562 -10848 4036 421132
260,Yahse Hunting Grounds,492,Castoff Point,16938,272,1,80024,80096,-111.49,18.3,40.0,90,-11149,1830,4000,-11149 4000 1830 19 360562 -10848 4036 421132
261,Ceizak Battlegrounds,445,Arciela,20985,272,1137,5800,5984,1469.8,-20.81,-428.5,95,146980,-2081,-42850,146980 -42850 -2081 473 146310 -69242 563 3527
261,Ceizak Battlegrounds,454,Lhe Lhangavo,20994,272,107,62068,62096,0.13,-381.88,-1664.51,95,13,-38188,-166451,13 -166451 -38188 0 30 -166535 -41944 54
261,Ceizak Battlegrounds,455,Teodor,20995,272,92,62184,62324,32.68,32.73,32.66,105,3268,3273,3266,3268 3266 3273 13 -27696 -95854 -673 30
261,Ceizak Battlegrounds,461,Dummy,21001,272,1,65816,65848,-311.67,5.2,-589.53,105,-31167,520,-58953,-31167 -58953 520 4039 651 7803 3395 186
261,Ceizak Battlegrounds,477,Bilp,21017,272,15,161720,161832,-410.3,0.3,0.0,105,-41030,30,0,-41030 0 30 862 45 -134114816 8388607 528482354
261,Ceizak Battlegrounds,478,Eamonn,21018,272,24,161800,161832,-410.3,0.3,0.0,105,-41030,30,0,-41030 0 30 862 45 -134114816 8388607 528482354
261,Ceizak Battlegrounds,479,Earthen Mound,21019,272,1,159304,159336,-1637.08,0.48,-353.22,110,-163708,48,-35322,-163708 -35322 48 1533 -169019 -40529 2013 -160676
262,Foret de Hennetiel,458,???,25108,272,1,50664,50696,72.3,72.31,0.0,90,7230,7231,0,7230 0 7231 200 -100000 -350000 -226 1024
262,Foret de Hennetiel,459,???,25109,272,1,52664,52684,0.01,0.0,72.31,90,1,0,7231,1 7231 0 200 -180000 -250000 -222 3072
262,Foret de Hennetiel,477,???,25127,272,1,11176,11220,28.11,28.15,76.52,90,2811,2815,7652,2811 7652 2815 122 -263568896 -125829121 1870659583 -3978
262,Foret de Hennetiel,488,Castoff Point,25138,272,4,103076,103192,-100.0,-2.56,600.0,105,-10000,-256,60000,-10000 60000 -256 3 20000 -70000 -224 1024
262,Foret de Hennetiel,494,Ukhu Sichahha,25144,272,1,103032,103192,-100.0,-2.56,600.0,105,-10000,-256,60000,-10000 60000 -256 3 20000 -70000 -224 1024
262,Foret de Hennetiel,544,Borghest,25198,272,98,184287,184355,0.0,5.12,212.48,100,0,512,21248,0 21248 512 768 28160 -256 1279 1280
262,Foret de Hennetiel,546,Jaureche,25200,272,39,184271,184355,0.0,5.12,212.48,100,0,512,21248,0 21248 512 768 28160 -256 1279 1280
263,Yorcia Weald,457,???,29235,272,1,43792,43824,72.3,72.31,0.0,90,7230,7231,0,7230 0 7231 200 -452182 -100272 510 -2520
263,Yorcia Weald,458,???,29236,272,1,45520,45540,0.01,0.0,72.31,90,1,0,7231,1 7231 0 200 -419786 -69140 464 -1455
263,Yorcia Weald,475,Borghest,29253,272,35,125436,125612,-618.04,31.02,-1081.59,95,-61804,3102,-108159,-61804 -108159 3102 30 -61092 -108925 3060 -60793
263,Yorcia Weald,476,Erfimia,29254,272,372,125508,125612,-618.04,31.02,-1081.59,95,-61804,3102,-108159,-61804 -108159 3102 30 -61092 -108925 3060 -60793
263,Yorcia Weald,477,Robertioux,29255,272,300,125864,125984,0.4,425.9,1521.35,95,40,42590,152135,40 152135 42590 191 -59616 -108938 3088 -57540
263,Yorcia Weald,478,Frondeaubaire,29256,272,128,126288,126404,2.42,413.73,1615.92,95,242,41373,161592,242 161592 41373 0 -57950 -118339 425 -56784
263,Yorcia Weald,483,???,29261,272,28,128176,128268,1200.0,30.72,-2.5,90,120000,3072,-250,120000 -250 3072 3255 3317 3303 3254 252
263,Yorcia Weald,487,Ergon Locus ???,29265,272,1,158336,158420,-2.52,0.02,10.23,90,-252,2,1023,-252 1023 2 1 -260 178139 184109 -11900
263,Yorcia Weald,505,???,29283,272,1,158368,158420,-2.52,0.02,10.23,90,-252,2,1023,-252 1023 2 1 -260 178139 184109 -11900
263,Yorcia Weald,507,Leafkin,29285,272,97,165244,165400,1636.11,0.1,-0.71,90,163611,10,-71,163611 -71 10 3255 171664 180755 895 3250
263,Yorcia Weald,518,Emjook-Renook,29296,272,88,125500,125612,-618.04,31.02,-1081.59,95,-61804,3102,-108159,-61804 -108159 3102 30 -61092 -108925 3060 -60793
265,Morimar Basalt Fields,697,Castoff Point,37628,272,6,107736,107824,-509.62,15.98,1717.59,95,-50962,1598,171759,-50962 171759 1598 2602 19 -464399 255935 -47980
265,Morimar Basalt Fields,701,Sylvie,37632,272,288,134588,134748,-161.68,0.0,15.0,90,-16168,0,1500,-16168 1500 0 212 1029632 -1827554688 -2147417840 -2147254270
265,Morimar Basalt Fields,702,Lhaiso Neftereh,37633,272,81,127016,127048,78.14,0.0,0.01,90,7814,0,1,7814 1 0 47 -2147465216 -2147408861 -2147254270 268436005
265,Morimar Basalt Fields,706,Monster2,37637,272,32,126244,126316,-421.22,2.96,1888.01,95,-42122,296,188801,-42122 188801 296 1365 13 -45702 181262 183
265,Morimar Basalt Fields,708,Monster4,37639,272,14,126868,127048,78.14,0.0,0.01,90,7814,0,1,7814 1 0 47 -2147465216 -2147408861 -2147254270 268436005
265,Morimar Basalt Fields,710,Orsa-Porsa,37641,272,45,128508,128676,-476.72,26.05,1659.72,110,-47672,2605,165972,-47672 165972 2605 2500 -49800 170340 13 17
265,Morimar Basalt Fields,711,???,37642,272,73,128604,128676,-476.72,26.05,1659.72,110,-47672,2605,165972,-47672 165972 2605 2500 -49800 170340 13 17
265,Morimar Basalt Fields,713,Primordial Conve,37644,272,1,127024,127048,78.14,0.0,0.01,90,7814,0,1,7814 1 0 47 -2147465216 -2147408861 -2147254270 268436005
265,Morimar Basalt Fields,714,Primordial Conve,37645,272,1,127112,127136,78.14,0.0,0.01,90,7814,0,1,7814 1 0 47 -2147465216 -2147408861 -2147254270 268436005
265,Morimar Basalt Fields,716,???,37647,272,5,134628,134748,-161.68,0.0,15.0,90,-16168,0,1500,-16168 1500 0 212 1029632 -1827554688 -2147417840 -2147254270
265,Morimar Basalt Fields,750,Scalable Area,37687,272,1,138984,139108,-899.23,-15.17,1755.7,95,-89923,-1517,175570,-89923 175570 -1517 1024 6 -89683 183468 -16390
265,Morimar Basalt Fields,751,Scalable Area,37688,272,1,140056,140180,-899.23,-15.17,1755.7,95,-89923,-1517,175570,-89923 175570 -1517 1024 6 -89683 183468 -16390
265,Morimar Basalt Fields,752,Scalable Area,37689,272,1,141128,141252,-899.23,-15.17,1755.7,95,-89923,-1517,175570,-89923 175570 -1517 1024 6 -89683 183468 -16390
265,Morimar Basalt Fields,753,Scalable Area,37690,272,1,142200,142324,-899.23,-15.17,1755.7,95,-89923,-1517,175570,-89923 175570 -1517 1024 6 -89683 183468 -16390
265,Morimar Basalt Fields,754,Scalable Area,37691,272,1,143272,143396,-899.23,-15.17,1755.7,95,-89923,-1517,175570,-89923 175570 -1517 1024 6 -89683 183468 -16390
265,Morimar Basalt Fields,755,Scalable Area,37692,272,1,144344,144468,-899.23,-15.17,1755.7,95,-89923,-1517,175570,-89923 175570 -1517 1024 6 -89683 183468 -16390
265,Morimar Basalt Fields,756,Scalable Area,37693,272,1,145416,145540,-899.23,-15.17,1755.7,95,-89923,-1517,175570,-89923 175570 -1517 1024 6 -89683 183468 -16390
265,Morimar Basalt Fields,757,Scalable Area,37694,272,1,146488,146612,-899.23,-15.17,1755.7,95,-89923,-1517,175570,-89923 175570 -1517 1024 6 -89683 183468 -16390
265,Morimar Basalt Fields,758,Scalable Area,37695,272,1,147560,147684,-899.23,-15.17,1755.7,95,-89923,-1517,175570,-89923 175570 -1517 1024 6 -89683 183468 -16390
265,Morimar Basalt Fields,759,Scalable Area,37696,272,1,148632,148756,-899.23,-15.17,1755.7,95,-89923,-1517,175570,-89923 175570 -1517 1024 6 -89683 183468 -16390
265,Morimar Basalt Fields,760,Scalable Area,37697,272,1,149704,149828,-899.23,-15.17,1755.7,95,-89923,-1517,175570,-89923 175570 -1517 1024 6 -89683 183468 -16390
265,Morimar Basalt Fields,761,Scalable Area,37698,272,1,150776,150900,-899.23,-15.17,1755.7,95,-89923,-1517,175570,-89923 175570 -1517 1024 6 -89683 183468 -16390
265,Morimar Basalt Fields,762,Scalable Area,37699,272,1,151848,151972,-899.23,-15.17,1755.7,95,-89923,-1517,175570,-89923 175570 -1517 1024 6 -89683 183468 -16390
265,Morimar Basalt Fields,763,Scalable Area,37700,272,1,152920,153044,-899.23,-15.17,1755.7,95,-89923,-1517,175570,-89923 175570 -1517 1024 6 -89683 183468 -16390
265,Morimar Basalt Fields,764,Scalable Area,37701,272,1,153992,154116,-899.23,-15.17,1755.7,95,-89923,-1517,175570,-89923 175570 -1517 1024 6 -89683 183468 -16390
265,Morimar Basalt Fields,765,Scalable Area,37702,272,1,155064,155188,-899.23,-15.17,1755.7,95,-89923,-1517,175570,-89923 175570 -1517 1024 6 -89683 183468 -16390
266,Marjami Ravine,368,Scalable Area,41389,272,1,100156,100252,940.28,-15.0,-400.44,90,94028,-1500,-40044,94028 -40044 -1500 4 274404 91934 -59879 5
266,Marjami Ravine,369,Scalable Area,41390,272,1,101676,101772,940.28,-15.0,-400.44,90,94028,-1500,-40044,94028 -40044 -1500 4 274404 91934 -59879 5
266,Marjami Ravine,370,Scalable Area,41391,272,5,103196,103248,949.37,33.01,-594.5,100,94937,3301,-59450,94937 -59450 3301 2399 2388 7866 7867 0
266,Marjami Ravine,371,Scalable Area,41392,272,1,104780,104876,940.28,-15.0,-400.44,90,94028,-1500,-40044,94028 -40044 -1500 4 274404 91934 -59879 5
266,Marjami Ravine,372,Scalable Area,41393,272,1,106300,106396,940.28,-15.0,-400.44,90,94028,-1500,-40044,94028 -40044 -1500 4 274404 91934 -59879 5
266,Marjami Ravine,373,Scalable Area,41394,272,1,107820,107916,940.28,-15.0,-400.44,90,94028,-1500,-40044,94028 -40044 -1500 4 274404 91934 -59879 5
266,Marjami Ravine,374,Scalable Area,41395,272,1,109340,109436,940.28,-15.0,-400.44,90,94028,-1500,-40044,94028 -40044 -1500 4 274404 91934 -59879 5
266,Marjami Ravine,375,Scalable Area,41396,272,1,110860,110956,940.28,-15.0,-400.44,90,94028,-1500,-40044,94028 -40044 -1500 4 274404 91934 -59879 5
266,Marjami Ravine,376,Scalable Area,41397,272,1,112380,112476,940.28,-15.0,-400.44,90,94028,-1500,-40044,94028 -40044 -1500 4 274404 91934 -59879 5
266,Marjami Ravine,377,Scalable Area,41398,272,1,113900,113996,940.28,-15.0,-400.44,90,94028,-1500,-40044,94028 -40044 -1500 4 274404 91934 -59879 5
266,Marjami Ravine,378,Scalable Area,41399,272,1,115420,115516,940.28,-15.0,-400.44,90,94028,-1500,-40044,94028 -40044 -1500 4 274404 91934 -59879 5
266,Marjami Ravine,379,Scalable Area,41400,272,1,116940,117036,940.28,-15.0,-400.44,90,94028,-1500,-40044,94028 -40044 -1500 4 274404 91934 -59879 5
266,Marjami Ravine,380,Scalable Area,41401,272,1,118460,118556,940.28,-15.0,-400.44,90,94028,-1500,-40044,94028 -40044 -1500 4 274404 91934 -59879 5
266,Marjami Ravine,381,Scalable Area,41402,272,1,119980,120076,940.28,-15.0,-400.44,90,94028,-1500,-40044,94028 -40044 -1500 4 274404 91934 -59879 5
266,Marjami Ravine,382,Scalable Area,41403,272,1,121500,121596,940.28,-15.0,-400.44,90,94028,-1500,-40044,94028 -40044 -1500 4 274404 91934 -59879 5
266,Marjami Ravine,383,Scalable Area,41404,272,1,123020,123116,940.28,-15.0,-400.44,90,94028,-1500,-40044,94028 -40044 -1500 4 274404 91934 -59879 5
266,Marjami Ravine,384,Scalable Area,41405,272,1,124540,124636,940.28,-15.0,-400.44,90,94028,-1500,-40044,94028 -40044 -1500 4 274404 91934 -59879 5
266,Marjami Ravine,385,Scalable Area,41406,272,1,126060,126156,940.28,-15.0,-400.44,90,94028,-1500,-40044,94028 -40044 -1500 4 274404 91934 -59879 5
266,Marjami Ravine,386,Scalable Area,41407,272,1,127580,127676,940.28,-15.0,-400.44,90,94028,-1500,-40044,94028 -40044 -1500 4 274404 91934 -59879 5
266,Marjami Ravine,387,Scalable Area,41408,272,1,129100,129196,940.28,-15.0,-400.44,90,94028,-1500,-40044,94028 -40044 -1500 4 274404 91934 -59879 5
266,Marjami Ravine,388,Scalable Area,41409,272,1,130620,130716,940.28,-15.0,-400.44,90,94028,-1500,-40044,94028 -40044 -1500 4 274404 91934 -59879 5
266,Marjami Ravine,389,Scalable Area,41410,272,1,132140,132236,940.28,-15.0,-400.44,90,94028,-1500,-40044,94028 -40044 -1500 4 274404 91934 -59879 5
266,Marjami Ravine,390,Scalable Area,41411,272,1,133660,133756,940.28,-15.0,-400.44,90,94028,-1500,-40044,94028 -40044 -1500 4 274404 91934 -59879 5
266,Marjami Ravine,391,Scalable Area,41412,272,1,135180,135276,940.28,-15.0,-400.44,90,94028,-1500,-40044,94028 -40044 -1500 4 274404 91934 -59879 5
266,Marjami Ravine,418,Hostage Tent,41439,272,6,198080,198124,-926.42,203.84,-844.39,120,-92642,20384,-84439,-92642 -84439 20384 2374 -114989 -82329 20049 442
266,Marjami Ravine,419,Seat of Gramk-Dr,41440,272,2,202368,202464,645.31,203.28,-854.66,120,64531,20328,-85466,64531 -85466 20328 551 75138 -96937 20603 988
266,Marjami Ravine,420,Nashu,41441,272,277,202284,202464,645.31,203.28,-854.66,120,64531,20328,-85466,64531 -85466 20328 551 75138 -96937 20603 988
266,Marjami Ravine,421,Soraa Ishakal,41442,272,224,221640,221744,633.25,190.72,-758.2,105,63325,19072,-75820,63325 -75820 19072 30 384 -33932 19999 98532
266,Marjami Ravine,422,Zunmimi,41443,272,172,221940,222056,613.57,190.68,-758.51,105,61357,19068,-75851,61357 -75851 19068 30 -273 -35624 19999 94608
266,Marjami Ravine,424,Gramk-Droog,41445,272,83,222504,222560,-1113.18,202.32,-806.58,95,-111318,20232,-80658,-111318 -80658 20232 339 2590 2737 50 59664
266,Marjami Ravine,425,Mligni-Vorgut,41446,272,127,222664,222784,783.63,205.27,-1072.05,95,78363,20527,-107205,78363 -107205 20527 40 65984 -80565 19974 59133
267,Kamihr Drifts,321,Arciela,45435,272,1385,225372,225532,-47.48,1.27,-63.4,90,-4748,127,-6340,-4748 -6340 127 120 40 296765 -6608 -6554
268,Sih Gates,317,Foreboding Prese,49523,272,1,1208,1328,-587.45,0.38,-199.0,105,-58745,38,-19900,-58745 -19900 38 5 558 15 180 7548
268,Sih Gates,318,Shla Kheefid,49524,272,71,8064,8160,-586.38,0.07,-197.66,90,-58638,7,-19766,-58638 -19766 7 29 0 43 24 23
268,Sih Gates,320,Bilp,49526,272,40,8264,8440,-554.35,0.3,-213.4,105,-55435,30,-21340,-55435 -21340 30 1298 120 40 -416706 -58198
268,Sih Gates,321,Eamonn,49527,272,62,8376,8440,-554.35,0.3,-213.4,105,-55435,30,-21340,-55435 -21340 30 1298 120 40 -416706 -58198
268,Sih Gates,341,???,49548,272,23,54856,54924,-491.04,-5.0,347.48,90,-49104,-500,34748,-49104 34748 -500 38 0 1 128 176
270,Cirdas Caverns,712,Zunmimi,58180,272,83,92183,92283,-2.56,238.08,46.07,105,-256,23808,4607,-256 4607 23808 3328 -25668096 53675263 7975168 217088
271,Cirdas Caverns [U],923,Hollowed Pathway,62441,272,1,19756,19776,73.39,0.0,0.01,90,7339,0,1,7339 1 0 43 -2147474432 -2147319807 268436005 419463170
271,Cirdas Caverns [U],924,Rusted Transmitt,62442,272,1,19836,19960,-1398.79,101.85,564.09,95,-139879,10185,56409,-139879 56409 10185 971 518254 -280187 3088 22263
271,Cirdas Caverns [U],925,Rusted Transmitt,62443,272,1,20772,20896,-1398.79,101.85,564.09,95,-139879,10185,56409,-139879 56409 10185 971 518254 -280187 3088 22263
271,Cirdas Caverns [U],926,Rusted Transmitt,62444,272,1,21708,21832,-1398.79,101.85,564.09,95,-139879,10185,56409,-139879 56409 10185 971 518254 -280187 3088 22263
271,Cirdas Caverns [U],927,Rusted Transmitt,62445,272,1,22644,22768,-1398.79,101.85,564.09,95,-139879,10185,56409,-139879 56409 10185 971 518254 -280187 3088 22263
271,Cirdas Caverns [U],928,Rusted Transmitt,62446,272,1,23580,23704,-1398.79,101.85,564.09,95,-139879,10185,56409,-139879 56409 10185 971 518254 -280187 3088 22263
271,Cirdas Caverns [U],929,Rusted Transmitt,62447,272,1,24516,24640,-1398.79,101.85,564.09,95,-139879,10185,56409,-139879 56409 10185 971 518254 -280187 3088 22263
271,Cirdas Caverns [U],930,Rusted Transmitt,62448,272,1,25452,25576,-1398.79,101.85,564.09,95,-139879,10185,56409,-139879 56409 10185 971 518254 -280187 3088 22263
272,Dho Gates,336,Scalable Area,392,273,1,37960,38052,673.52,-9.5,-403.03,90,67352,-950,-40303,67352 -40303 -950 4 -465059 60584 -50149 1024
272,Dho Gates,337,Scalable Area,393,273,1,38392,38484,673.52,-9.5,-403.03,90,67352,-950,-40303,67352 -40303 -950 4 -465059 60584 -50149 1024
272,Dho Gates,338,Scalable Area,394,273,1,38824,38916,673.52,-9.5,-403.03,90,67352,-950,-40303,67352 -40303 -950 4 -465059 60584 -50149 1024
272,Dho Gates,339,Scalable Area,395,273,1,39256,39352,673.52,-9.5,-403.03,90,67352,-950,-40303,67352 -40303 -950 4 -465059 60584 -50149 1024
272,Dho Gates,344,Nashu,400,273,130,46596,46768,-1969.7,11.6,601.6,110,-196970,1160,60160,-196970 60160 1160 2353 -196441 55372 780 2297
273,Woh Gates,399,Scalable Area,4551,273,1,38332,38404,-147.68,-20.0,299.29,90,-14768,-2000,29929,-14768 29929 -2000 30 15 1073741824 219 268763904
273,Woh Gates,400,Scalable Area,4552,273,1,38652,38728,-147.68,-20.0,299.29,90,-14768,-2000,29929,-14768 29929 -2000 30 15 1073741824 90 201
274,Outer Ra'Kaznar,395,Vertical Transit,8692,273,1,52964,53096,0.03,-10.24,290.0,90,3,-1024,29000,3 29000 -1024 4 5 -509000 6 7
274,Outer Ra'Kaznar,396,Vertical Transit,8693,273,1,54140,54272,0.03,-10.24,290.0,90,3,-1024,29000,3 29000 -1024 4 5 -509000 6 7
274,Outer Ra'Kaznar,397,Vertical Transit,8694,273,1,55316,55448,0.03,-10.24,290.0,90,3,-1024,29000,3 29000 -1024 4 5 -509000 6 7
274,Outer Ra'Kaznar,398,Vertical Transit,8695,273,1,56596,56728,0.03,-10.24,290.0,90,3,-1024,29000,3 29000 -1024 4 5 -509000 6 7
274,Outer Ra'Kaznar,399,Vertical Transit,8696,273,1,57772,57904,0.03,-10.24,290.0,90,3,-1024,29000,3 29000 -1024 4 5 -509000 6 7
274,Outer Ra'Kaznar,400,Vertical Transit,8697,273,1,58948,59080,0.03,-10.24,290.0,90,3,-1024,29000,3 29000 -1024 4 5 -509000 6 7
274,Outer Ra'Kaznar,401,Vertical Transit,8698,273,1,60220,60408,-199.95,20.52,-1915.7,95,-19995,2052,-191570,-19995 -191570 2052 31 240 617 150 8
274,Outer Ra'Kaznar,409,???,8706,273,63,73135,73183,-2.56,15.36,28.15,100,-256,1536,2815,-256 2815 1536 1024 0 35584 512 48896
277,Ra'Kaznar Turris,120,Arciela,20678,273,459,47840,47968,21.37,208.78,1252.74,95,2137,20878,125274,2137 125274 20878 2138 -662536 -480000 -15123 4096
277,Ra'Kaznar Turris,122,Hades,20680,273,597,47788,47968,21.37,208.78,1252.74,95,2137,20878,125274,2137 125274 20878 2138 -662536 -480000 -15123 4096
277,Ra'Kaznar Turris,142,Vertical Transit,20706,273,1,109624,109668,580.0,-300.0,200.0,100,58000,-30000,20000,58000 20000 -30000 2048 692 60 120 4
280,Mog Garden,6,Mog Dinghy,32799,273,1,35944,36112,-25.17,4.52,-50.68,105,-2517,452,-5068,-2517 -5068 452 3317 72 361160 -554770 -3340
280,Mog Garden,38,Plant10,32831,273,115,180388,180432,-1.0,-19.86,93.78,105,-100,-1986,9378,-100 9378 -1986 18 29 750 17 8
280,Mog Garden,39,Plant11,32832,273,115,180628,180668,0.31,15.0,93.78,120,31,1500,9378,31 9378 1500 750 -100 -1986 18 29
280,Mog Garden,40,Plant12,32833,273,115,180872,180916,0.03,15.0,93.78,120,3,1500,9378,3 9378 1500 2250 -100 -1986 18 29
280,Mog Garden,41,Plant13,32834,273,115,181120,181172,22.5,-19.86,-1.0,90,2250,-1986,-100,2250 -100 -1986 18 29 17 8 15
280,Mog Garden,42,PlantFurn10,32835,273,115,181336,181384,-1.0,-19.86,93.78,105,-100,-1986,9378,-100 9378 -1986 18 29 750 17 142
280,Mog Garden,43,PlantFurn11,32836,273,115,181560,181604,0.02,15.0,93.78,120,2,1500,9378,2 9378 1500 750 -100 -1986 18 29
280,Mog Garden,44,PlantFurn12,32837,273,115,181784,181828,0.02,15.0,93.78,120,2,1500,9378,2 9378 1500 2250 -100 -1986 18 29
280,Mog Garden,45,PlantFurn13,32838,273,115,182008,182060,22.5,-19.86,-1.0,90,2250,-1986,-100,2250 -100 -1986 18 29 2 17 112
280,Mog Garden,57,KANI01,32850,273,76,260556,260744,4.55,25.32,-312.48,120,455,2532,-31248,455 -31248 2532 3046 3281 -19540 3703 -21246
280,Mog Garden,58,KANI02,32851,273,31,261436,261500,16.3,30.04,-335.27,120,1630,3004,-33527,1630 -33527 3004 3142 40 -2694 -18907 1499
280,Mog Garden,59,KANI03,32852,273,29,261960,262020,0.44,-334.76,-29.89,120,44,-33476,-2989,44 -2989 -33476 2944 3199 40 -4220 -18894
280,Mog Garden,60,KANI04,32853,273,30,262456,262536,0.4,-228.58,79.31,120,40,-22858,7931,40 7931 -22858 1499 9392 -19725 7174 -17123
280,Mog Garden,61,KANI05,32854,273,32,262988,263052,0.47,-301.0,-60.36,120,47,-30100,-6036,47 -6036 -30100 2557 3213 40 -620 -17334
280,Mog Garden,65,Yeestog,32858,273,62,287132,287264,125.47,-5.54,160.57,120,12547,-554,16057,12547 16057 -554 3036 -9862 -1966 500 2505
280,Mog Garden,66,Chacharoon,32859,273,1296,262400,262536,0.4,-228.58,79.31,120,40,-22858,7931,40 7931 -22858 1499 9392 -19725 7174 -17123
280,Mog Garden,71,01,32864,273,8,327800,327864,117.1,-12.83,-4.31,120,11710,-1283,-431,11710 -431 -1283 3269 233 892 7441 9055
280,Mog Garden,72,02,32865,273,13,327972,328024,-3.6,-2.13,36.01,120,-360,-213,3601,-360 3601 -213 3374 177 598 8846 11871
280,Mog Garden,75,1,32868,273,6,328484,328616,-634.97,-2.13,0.04,120,-63497,-213,4,-63497 4 -213 3374 -123 598 48 788529152
280,Mog Garden,76,2,32869,273,6,328588,328616,-634.97,-2.13,0.04,120,-63497,-213,4,-63497 4 -213 3374 -123 598 48 788529152
280,Mog Garden,77,3,32870,273,4,328692,328860,-2.13,-1.23,33.74,120,-213,-123,3374,-213 3374 -123 598 7441 9055 -350 1396
280,Mog Garden,78,4,32871,273,6,328828,328860,-2.13,-1.23,33.74,120,-213,-123,3374,-213 3374 -123 598 7441 9055 -350 1396
280,Mog Garden,82,Susuroon,32875,273,198,356404,356436,27.22,-209.71,-67.02,120,2722,-20971,-6702,2722 -6702 -20971 1500 1000 52 200 0
280,Mog Garden,83,Yeestog,32876,273,198,363432,363464,19.72,-19.66,-98.62,120,1972,-1966,-9862,1972 -9862 -1966 500 2505 52 200 0
280,Mog Garden,106,???,32901,273,229,405492,405548,106.8,9.1,-144.4,120,10680,910,-14440,10680 -14440 910 2457 2255 -7230 15320 -610
280,Mog Garden,107,???,32902,273,229,405640,405696,87.1,8.6,-119.5,120,8710,860,-11950,8710 -11950 860 512 2279 -3180 9290 180
280,Mog Garden,111,Breeding Monster,32906,273,142,446432,446536,-126.23,1.56,121.7,105,-12623,156,12170,-12623 12170 156 873 352904 -552515 -3247 3955
280,Mog Garden,112,Breeding Monster,32907,273,142,456844,456948,-126.23,1.56,121.7,105,-12623,156,12170,-12623 12170 156 873 352904 -552515 -3247 3955
280,Mog Garden,113,Breeding Monster,32908,273,142,467256,467360,-126.23,1.56,121.7,105,-12623,156,12170,-12623 12170 156 873 352904 -552515 -3247 3955
280,Mog Garden,114,Breeding Monster,32909,273,138,477668,477768,-126.23,1.56,121.7,105,-12623,156,12170,-12623 12170 156 873 352904 -552515 -3247 3955
281,Leafallia,18,Meandering Leafk,36888,273,7,4644,4712,0.06,32.5,33.25,100,6,3250,3325,6 3325 3250 3319 -33725 26485 -41 165
281,Leafallia,19,Meandering Leafk,36889,273,8,4656,4712,0.06,32.5,33.25,100,6,3250,3325,6 3325 3250 3319 -33725 26485 -41 165
281,Leafallia,21,Meandering Leafk,36891,273,4,5344,5408,-19.74,-3.88,98.56,120,-1974,-388,9856,-1974 9856 -388 2413 1171 494 -468 2655
281,Leafallia,25,Arciela,36896,273,867,44056,44148,-191.82,-121.49,926.25,105,-19182,-12149,92625,-19182 92625 -12149 40 -10613 22020 113 30
281,Leafallia,26,Heroic Footprint,36897,273,1,44360,44396,-193.81,-4.03,174.65,120,-19381,-403,17465,-19381 17465 -403 2840 -19010 20927 -563 507
281,Leafallia,27,Morimar,36898,273,635,46016,46164,327.3,-19.87,0.57,120,32730,-1987,57,32730 57 -1987 2682 -417 -5930 7411 59
281,Leafallia,28,Darrcuiln,36899,273,68,46320,46352,-159.8,-4.46,207.44,90,-15980,-446,20744,-15980 20744 -446 26 3276800 16785280 58720896 469835648
281,Leafallia,49,???,36920,273,54,52104,52176,-200.25,-121.88,896.3,120,-20025,-12188,89630,-20025 89630 -12188 3072 -19683 91623 -12270 1024
281,Leafallia,56,Soupox,36927,273,22,75476,75512,-127.5,-1.53,184.08,105,-12750,-153,18408,-12750 18408 -153 30 -8049 17490 -22 -3944
281,Leafallia,65,Odyssean Passage,36937,273,6,128448,128604,9.42,-440.6,-511.12,105,942,-44060,-51112,942 -51112 -44060 1861 30 172 65 61
281,Leafallia,71,Valaineral R Dav,36943,273,47,190832,190940,33.03,0.01,-602.5,90,3303,1,-60250,3303 -60250 1 116 -2147457536 2147483640 2147483640 1801609571
282,Mount Kamihr,2,Arciela,40967,273,1065,50932,51020,-47.48,1.27,-63.4,90,-4748,127,-6340,-4748 -6340 127 120 0 40 296765 -6608
284,Celennia Memorial Library,14,Erfimia,49168,273,63,1183,1283,322.56,5.11,-5.12,100,32256,511,-512,32256 -512 511 512 768 1024 1280 1536
284,Celennia Memorial Library,15,Robertioux,49169,273,30,9256,9316,-820.52,0.3,-81.5,90,-82052,30,-8150,-82052 -8150 30 24 3276800 16785280 58720896 503390080
284,Celennia Memorial Library,16,Frondeaubaire,49170,273,30,9284,9316,-820.52,0.3,-81.5,90,-82052,30,-8150,-82052 -8150 30 24 3276800 16785280 58720896 503390080
284,Celennia Memorial Library,26,Door: Back to To,49180,273,1,22716,22892,-1150.94,-21.5,-933.68,110,-115094,-2150,-93368,-115094 -93368 -2150 1245 30 622 0 40
284,Celennia Memorial Library,28,Yefafa,49182,273,23,47220,47328,-963.73,-21.49,-876.2,90,-96373,-2149,-87620,-96373 -87620 -2149 30 0 1 128 49
284,Celennia Memorial Library,29,Arciela,49183,273,613,51212,51296,-1131.73,-21.49,-927.54,110,-113173,-2149,-92754,-113173 -92754 -2149 2522 -106995 -91511 1800 -111211
284,Celennia Memorial Library,41,Hestefa,49195,273,75,63120,63252,-942.92,-26.49,-842.21,120,-94292,-2649,-84221,-94292 -84221 -2649 1554 -99966 -90065 3596 30
291,Reisenjima,763,???,13060,274,15,15324,15428,-1.9,-42.7,1504.7,95,-190,-4270,150470,-190 150470 -4270 890 129 -191 -192 -193
291,Reisenjima,789,Luzaf,13086,274,40,70068,70228,22.41,24.65,29.46,90,2241,2465,2946,2241 2946 2465 24 -2147434496 -2147434496 16823808 11927680
291,Reisenjima,790,Ulmia,13087,274,41,70128,70228,22.41,24.65,29.46,90,2241,2465,2946,2241 2946 2465 24 -2147434496 -2147434496 16823808 11927680
293,Reisenjima Sanctorium,157,Etched Rock,20645,274,1,9132,9172,159.22,-69.99,-890.76,120,15922,-6999,-89076,15922 -89076 -6999 1043 769 15 176 180
293,Reisenjima Sanctorium,166,Selh'teus,20654,274,216,67076,67192,14.47,3.26,24.65,90,1447,326,2465,1447 2465 326 103 -496640 -2147450881 1811972097 2147483640
293,Reisenjima Sanctorium,168,Tenzen,20656,274,352,68204,68320,158.78,-0.77,0.13,120,15878,-77,13,15878 13 -77 3312 -131 -7879 16611 502551
293,Reisenjima Sanctorium,171,Nashmeira,20659,274,66,68844,68968,0.4,-16.21,-75.17,105,40,-1621,-7517,40 -7517 -1621 3751 0 2279 3151 45
293,Reisenjima Sanctorium,172,Lilisette,20660,274,140,68920,68968,0.4,-16.21,-75.17,105,40,-1621,-7517,40 -7517 -1621 3751 0 2279 3151 45
293,Reisenjima Sanctorium,173,Arciela,20661,274,84,69048,69164,170.98,40.85,0.13,100,17098,4085,13,17098 13 4085 1531 3621 -8143 2465 78
293,Reisenjima Sanctorium,174,Aldo,20662,274,151,69096,69164,170.98,40.85,0.13,100,17098,4085,13,17098 13 4085 1531 3621 -8143 2465 78
293,Reisenjima Sanctorium,175,Gilgamesh,20663,274,133,69280,69332,-0.41,39.99,96.78,105,-41,3999,9678,-41 9678 3999 30 -736 11835 -1 17496
