zone_id,zone_name,entity_id,npc_name,title,status,source_url,reviewed_on,notes
1,Phanauet Channel,16781340,Laiteconce,,pending,,,
1,Phanauet Channel,16781343,Riche,,pending,,,
1,Phanauet Channel,16781346,Ineuteniace,,pending,,,
2,Carpenters' Landing,16785729,???,,not_applicable,,,Unnamed placeholder or door; no NPC role label.
2,Carpenters' Landing,16785745,Chuaie,,pending,,,
2,Carpenters' Landing,16785746,Ratoulle,,pending,,,
2,Carpenters' Landing,16785747,Felourie,,pending,,,
2,Carpenters' Landing,16785749,Guilloud,,pending,,,
2,Carpenters' Landing,16785752,???,,not_applicable,,,Unnamed placeholder or door; no NPC role label.
2,Carpenters' Landing,16785755,Beugungel,,pending,,,
2,Carpenters' Landing,16785770,Goblin Footprint,,pending,,,
2,Carpenters' Landing,16785772,Anguenet,,pending,,,
2,Carpenters' Landing,16785773,Lourdaude,,pending,,,
2,Carpenters' Landing,16785774,Logging Point,,pending,,,
2,Carpenters' Landing,16785775,Logging Point,,pending,,,
2,Carpenters' Landing,16785776,Logging Point,,pending,,,
2,Carpenters' Landing,16785777,Logging Point,,pending,,,
2,Carpenters' Landing,16785778,Cofisephe,,pending,,,
2,Carpenters' Landing,16785779,Coupulie,,pending,,,
2,Carpenters' Landing,16785780,Echanie,,pending,,,
2,Carpenters' Landing,16785781,???,,not_applicable,,,Unnamed placeholder or door; no NPC role label.
2,Carpenters' Landing,16785782,???,,not_applicable,,,Unnamed placeholder or door; no NPC role label.
2,Carpenters' Landing,16785783,relic,,pending,,,
2,Carpenters' Landing,16785786,Ethereal Junction,,pending,,,
2,Carpenters' Landing,16785787,Ethereal Junction,,pending,,,
2,Carpenters' Landing,16785788,Ethereal Junction,,pending,,,
2,Carpenters' Landing,16785789,Survival Guide,,pending,,,
3,Manaclipper,16789529,blank,,not_applicable,,,Unnamed placeholder or door; no NPC role label.
3,Manaclipper,16789530,Gniyah Mischatt,,pending,,,
3,Manaclipper,16789534,Khots Chalahko,,pending,,,
4,Bibiki Bay,16793970,???,,not_applicable,,,Unnamed placeholder or door; no NPC role label.
4,Bibiki Bay,16793982,Fheli Lapatzuo,,pending,,,
4,Bibiki Bay,16793983,Noih Tahparawh,,pending,,,
4,Bibiki Bay,16793987,Pohka Chichiyowahl,,pending,,,
4,Bibiki Bay,16793988,Mep Nhapopoluko,,pending,,,
4,Bibiki Bay,16793990,Toh Zonikki,,pending,,,
4,Bibiki Bay,16793991,Clamming Point,,pending,,,
4,Bibiki Bay,16793992,Clamming Point,,pending,,,
4,Bibiki Bay,16793993,Clamming Point,,pending,,,
4,Bibiki Bay,16793994,Clamming Point,,pending,,,
4,Bibiki Bay,16793995,Clamming Point,,pending,,,
4,Bibiki Bay,16793996,Clamming Point,,pending,,,
4,Bibiki Bay,16793997,Clamming Point,,pending,,,
4,Bibiki Bay,16793998,Clamming Point,,pending,,,
4,Bibiki Bay,16794001,??? Warmachine,,pending,,,
4,Bibiki Bay,16794008,???,,not_applicable,,,Unnamed placeholder or door; no NPC role label.
4,Bibiki Bay,16794009,Weathered Boat,,pending,,,
4,Bibiki Bay,16794013,Rhalo Davigoh,,pending,,,
4,Bibiki Bay,16794014,???,,not_applicable,,,Unnamed placeholder or door; no NPC role label.
4,Bibiki Bay,16794028,Goblin Footprint,,pending,,,
4,Bibiki Bay,16794029,Tswe Panipahr,,pending,,,
4,Bibiki Bay,16794038,Planar Rift,,pending,,,
4,Bibiki Bay,16794039,Planar Rift,,pending,,,
4,Bibiki Bay,16794040,Planar Rift,,pending,,,
4,Bibiki Bay,16794044,Ethereal Junction,,pending,,,
4,Bibiki Bay,16794045,Ethereal Junction,,pending,,,
4,Bibiki Bay,16794046,Ethereal Junction,,pending,,,
4,Bibiki Bay,16794047,Survival Guide,,pending,,,
5,Uleguerand Range,16798097,???,,not_applicable,,,Unnamed placeholder or door; no NPC role label.
5,Uleguerand Range,16798110,Fissure,,pending,,,
5,Uleguerand Range,16798111,Fissure,,pending,,,
5,Uleguerand Range,16798112,Fissure,,pending,,,
5,Uleguerand Range,16798121,Eternal Ice,,pending,,,
5,Uleguerand Range,16798122,Eternal Ice,,pending,,,
5,Uleguerand Range,16798123,Eternal Ice,,pending,,,
5,Uleguerand Range,16798124,Chamnaet Spring,,pending,,,
5,Uleguerand Range,16798126,Buffalostalker Dodzbraz,,pending,,,
5,Uleguerand Range,16798128,???,,not_applicable,,,Unnamed placeholder or door; no NPC role label.
5,Uleguerand Range,16798130,Goblin Footprint,,pending,,,
5,Uleguerand Range,16798140,Zebada,,pending,,,
5,Uleguerand Range,16798145,Planar Rift,,pending,,,
5,Uleguerand Range,16798146,Planar Rift,,pending,,,
5,Uleguerand Range,16798147,Planar Rift,,pending,,,
5,Uleguerand Range,16798151,Geomagnetic Fount,,pending,,,
5,Uleguerand Range,16798152,Home Point #1,,pending,,,
5,Uleguerand Range,16798153,Home Point #2,,pending,,,
5,Uleguerand Range,16798154,Home Point #3,,pending,,,
5,Uleguerand Range,16798155,Home Point #4,,pending,,,
5,Uleguerand Range,16798156,Home Point #5,,pending,,,
5,Uleguerand Range,16798157,Ethereal Junction,,pending,,,
5,Uleguerand Range,16798158,Ethereal Junction,,pending,,,
5,Uleguerand Range,16798159,Ethereal Junction,,pending,,,
6,Bearclaw Pinnacle,16801889,Wind Pillar,,pending,,,
6,Bearclaw Pinnacle,16801890,Wind Pillar,,pending,,,
6,Bearclaw Pinnacle,16801891,Wind Pillar,,pending,,,
6,Bearclaw Pinnacle,16801892,Wind Pillar,,pending,,,
6,Bearclaw Pinnacle,16801893,Wind Pillar,,pending,,,
6,Bearclaw Pinnacle,16801894,Wind Pillar,,pending,,,
6,Bearclaw Pinnacle,16801895,Wind Pillar,,pending,,,
6,Bearclaw Pinnacle,16801896,Wind Pillar,,pending,,,
6,Bearclaw Pinnacle,16801897,Wind Pillar,,pending,,,
6,Bearclaw Pinnacle,16801898,Wind Pillar,,pending,,,
6,Bearclaw Pinnacle,16801899,exit_01,,pending,,,
6,Bearclaw Pinnacle,16801900,exit_02,,pending,,,
6,Bearclaw Pinnacle,16801901,exit_03,,pending,,,
6,Bearclaw Pinnacle,16801902,exit_04,,pending,,,
6,Bearclaw Pinnacle,16801903,exit_05,,pending,,,
6,Bearclaw Pinnacle,16801930,Goblin Footprint,,pending,,,
7,Attohwa Chasm,16806290,Luminant,,pending,,,
7,Attohwa Chasm,16806291,Luminant,,pending,,,
7,Attohwa Chasm,16806295,Luminant,,pending,,,
7,Attohwa Chasm,16806296,???,,not_applicable,,,Unnamed placeholder or door; no NPC role label.
7,Attohwa Chasm,16806326,_07m,,pending,,,
7,Attohwa Chasm,16806358,Cradle of Rebirth,,pending,,,
7,Attohwa Chasm,16806359,blank,,not_applicable,,,Unnamed placeholder or door; no NPC role label.
7,Attohwa Chasm,16806360,Loose Sand,,pending,,,
7,Attohwa Chasm,16806370,Excavation Point,,pending,,,
7,Attohwa Chasm,16806371,Excavation Point,,pending,,,
7,Attohwa Chasm,16806372,Excavation Point,,pending,,,
7,Attohwa Chasm,16806373,Excavation Point,,pending,,,
7,Attohwa Chasm,16806374,Excavation Point,,pending,,,
7,Attohwa Chasm,16806375,Excavation Point,,pending,,,
7,Attohwa Chasm,16806376,Jakaka,,pending,,,
7,Attohwa Chasm,16806377,Planar Rift,,pending,,,
7,Attohwa Chasm,16806378,Planar Rift,,pending,,,
7,Attohwa Chasm,16806379,Planar Rift,,pending,,,
7,Attohwa Chasm,16806383,Geomagnetic Fount,,pending,,,
7,Attohwa Chasm,16806384,Home Point #1,,pending,,,
7,Attohwa Chasm,16806389,Ethereal Junction,,pending,,,
7,Attohwa Chasm,16806390,Ethereal Junction,,pending,,,
7,Attohwa Chasm,16806391,Ethereal Junction,,pending,,,
7,Attohwa Chasm,16806394,Harvesting Point,,pending,,,
8,Boneyard Gully,16810232,Goblin Footprint,,pending,,,
9,Pso'Xja,16814434,???,,not_applicable,,,Unnamed placeholder or door; no NPC role label.
9,Pso'Xja,16814501,???,,not_applicable,,,Unnamed placeholder or door; no NPC role label.
9,Pso'Xja,16814504,???,,not_applicable,,,Unnamed placeholder or door; no NPC role label.
9,Pso'Xja,16814557,Goblin Footprint,,pending,,,
9,Pso'Xja,16814568,Home Point #1,,pending,,,
10,The Shrouded Maw,16818248,Memento Circle,,pending,,,
10,The Shrouded Maw,16818249,Memento Circle,,pending,,,
10,The Shrouded Maw,16818250,Memento Circle,,pending,,,
10,The Shrouded Maw,16818251,Memento Circle,,pending,,,
10,The Shrouded Maw,16818257,FLOOR_A_PANEL,,pending,,,
10,The Shrouded Maw,16818258,FLOOR_B_PANEL,,pending,,,
10,The Shrouded Maw,16818259,FLOOR_C_PANEL,,pending,,,
10,The Shrouded Maw,16818303,Goblin Footprint,,pending,,,
11,Oldton Movalpolos,16822469,Scrawled Writing,,pending,,,
11,Oldton Movalpolos,16822489,Tarnotik,,pending,,,
11,Oldton Movalpolos,16822497,Brakobrik,,pending,,,
11,Oldton Movalpolos,16822498,???,,not_applicable,,,Unnamed placeholder or door; no NPC role label.
11,Oldton Movalpolos,16822499,???,,not_applicable,,,Unnamed placeholder or door; no NPC role label.
11,Oldton Movalpolos,16822500,???,,not_applicable,,,Unnamed placeholder or door; no NPC role label.
11,Oldton Movalpolos,16822501,Rakorok,,pending,,,
11,Oldton Movalpolos,16822503,???,,not_applicable,,,Unnamed placeholder or door; no NPC role label.
11,Oldton Movalpolos,16822504,???,,not_applicable,,,Unnamed placeholder or door; no NPC role label.
11,Oldton Movalpolos,16822505,???,,not_applicable,,,Unnamed placeholder or door; no NPC role label.
11,Oldton Movalpolos,16822506,???,,not_applicable,,,Unnamed placeholder or door; no NPC role label.
11,Oldton Movalpolos,16822507,???,,not_applicable,,,Unnamed placeholder or door; no NPC role label.
11,Oldton Movalpolos,16822508,Koblakiq,,pending,,,
11,Oldton Movalpolos,16822513,Conquest_Banner,,pending,,,
11,Oldton Movalpolos,16822525,Goblin Footprint,,pending,,,
11,Oldton Movalpolos,16822526,Mining Point,,pending,,,
11,Oldton Movalpolos,16822527,Mining Point,,pending,,,
11,Oldton Movalpolos,16822528,Mining Point,,pending,,,
11,Oldton Movalpolos,16822529,Mining Point,,pending,,,
11,Oldton Movalpolos,16822530,Mining Point,,pending,,,
11,Oldton Movalpolos,16822531,Mining Point,,pending,,,
11,Oldton Movalpolos,16822535,Twinkbrix,,pending,,,
11,Oldton Movalpolos,16822545,Iron Box,,pending,,,
11,Oldton Movalpolos,16822552,Geomagnetic Fount,,pending,,,
11,Oldton Movalpolos,16822553,Survival Guide,,pending,,,
12,Newton Movalpolos,16826573,???,,not_applicable,,,Unnamed placeholder or door; no NPC role label.
12,Newton Movalpolos,16826574,Moblin Showman,,pending,,,
12,Newton Movalpolos,16826575,Peculiar Footprints,,pending,,,
12,Newton Movalpolos,16826584,door_master,,pending,,,
12,Newton Movalpolos,16826609,Sleakachiq,,pending,,,
12,Newton Movalpolos,16826610,Furnace Hatch,,pending,,,
12,Newton Movalpolos,16826611,Furnace Hatch,,pending,,,
12,Newton Movalpolos,16826612,Furnace Hatch,,pending,,,
12,Newton Movalpolos,16826613,Furnace Hatch,,pending,,,
12,Newton Movalpolos,16826614,Furnace Hatch,,pending,,,
12,Newton Movalpolos,16826624,Mining Point,,pending,,,
12,Newton Movalpolos,16826625,Mining Point,,pending,,,
12,Newton Movalpolos,16826626,Mining Point,,pending,,,
12,Newton Movalpolos,16826627,Mining Point,,pending,,,
12,Newton Movalpolos,16826628,Mining Point,,pending,,,
12,Newton Movalpolos,16826629,Mining Point,,pending,,,
12,Newton Movalpolos,16826631,Home Point #1,,pending,,,
13,Mine Shaft #2716,16830646,Goblin Footprint,,pending,,,
14,Hall of Transference,16834582,Goblin Footprint,,pending,,,
15,Abyssea - Konschtat,16839078,???,,not_applicable,,,Unnamed placeholder or door; no NPC role label.
15,Abyssea - Konschtat,16839079,???,,not_applicable,,,Unnamed placeholder or door; no NPC role label.
15,Abyssea - Konschtat,16839080,???,,not_applicable,,,Unnamed placeholder or door; no NPC role label.
15,Abyssea - Konschtat,16839081,???,,not_applicable,,,Unnamed placeholder or door; no NPC role label.
15,Abyssea - Konschtat,16839082,???,,not_applicable,,,Unnamed placeholder or door; no NPC role label.
15,Abyssea - Konschtat,16839083,???,,not_applicable,,,Unnamed placeholder or door; no NPC role label.
15,Abyssea - Konschtat,16839084,???,,not_applicable,,,Unnamed placeholder or door; no NPC role label.
15,Abyssea - Konschtat,16839085,???,,not_applicable,,,Unnamed placeholder or door; no NPC role label.
15,Abyssea - Konschtat,16839086,???,,not_applicable,,,Unnamed placeholder or door; no NPC role label.
15,Abyssea - Konschtat,16839087,???,,not_applicable,,,Unnamed placeholder or door; no NPC role label.
15,Abyssea - Konschtat,16839088,???,,not_applicable,,,Unnamed placeholder or door; no NPC role label.
15,Abyssea - Konschtat,16839089,???,,not_applicable,,,Unnamed placeholder or door; no NPC role label.
15,Abyssea - Konschtat,16839090,???,,not_applicable,,,Unnamed placeholder or door; no NPC role label.
15,Abyssea - Konschtat,16839091,???,,not_applicable,,,Unnamed placeholder or door; no NPC role label.
15,Abyssea - Konschtat,16839092,???,,not_applicable,,,Unnamed placeholder or door; no NPC role label.
15,Abyssea - Konschtat,16839093,???,,not_applicable,,,Unnamed placeholder or door; no NPC role label.
15,Abyssea - Konschtat,16839094,???,,not_applicable,,,Unnamed placeholder or door; no NPC role label.
15,Abyssea - Konschtat,16839095,???,,not_applicable,,,Unnamed placeholder or door; no NPC role label.
15,Abyssea - Konschtat,16839096,???,,not_applicable,,,Unnamed placeholder or door; no NPC role label.
15,Abyssea - Konschtat,16839097,???,,not_applicable,,,Unnamed placeholder or door; no NPC role label.
15,Abyssea - Konschtat,16839098,???,,not_applicable,,,Unnamed placeholder or door; no NPC role label.
15,Abyssea - Konschtat,16839107,Conflux Surveyor,,pending,,,
15,Abyssea - Konschtat,16839108,Cruor Prospector,,pending,,,
15,Abyssea - Konschtat,16839109,Atma Infusionist,,pending,,,
15,Abyssea - Konschtat,16839110,Atma Fabricant,,pending,,,
15,Abyssea - Konschtat,16839113,NPC[1c9],,pending,,,
15,Abyssea - Konschtat,16839114,NPC[1ca],,pending,,,
15,Abyssea - Konschtat,16839195,Veridical Conflux #01,,pending,,,
15,Abyssea - Konschtat,16839196,Veridical Conflux #02,,pending,,,
15,Abyssea - Konschtat,16839197,Veridical Conflux #03,,pending,,,
15,Abyssea - Konschtat,16839198,Veridical Conflux #04,,pending,,,
15,Abyssea - Konschtat,16839199,Veridical Conflux #05,,pending,,,
15,Abyssea - Konschtat,16839200,Veridical Conflux #06,,pending,,,
15,Abyssea - Konschtat,16839201,Veridical Conflux #07,,pending,,,
15,Abyssea - Konschtat,16839202,Veridical Conflux #08,,pending,,,
15,Abyssea - Konschtat,16839203,KS-01 Martello,,pending,,,
15,Abyssea - Konschtat,16839204,KS-02 Martello,,pending,,,
15,Abyssea - Konschtat,16839205,KS-03 Martello,,pending,,,
15,Abyssea - Konschtat,16839206,KS-04 Martello,,pending,,,
15,Abyssea - Konschtat,16839207,KS-05 Martello,,pending,,,
15,Abyssea - Konschtat,16839208,KS-06 Martello,,pending,,,
15,Abyssea - Konschtat,16839209,KS-07 Martello,,pending,,,
15,Abyssea - Konschtat,16839210,KS-08 Martello,,pending,,,
15,Abyssea - Konschtat,16839212,Cavernous Maw,,pending,,,
15,Abyssea - Konschtat,16839213,0100f229,,pending,,,
15,Abyssea - Konschtat,16839214,0100f22a,,pending,,,
15,Abyssea - Konschtat,16839215,0100f22b,,pending,,,
15,Abyssea - Konschtat,16839216,0100f22c,,pending,,,
15,Abyssea - Konschtat,16839217,0100f22d,,pending,,,
15,Abyssea - Konschtat,16839218,Machine Outfitter,,pending,,,
15,Abyssea - Konschtat,16839219,Ayame,,pending,,,
15,Abyssea - Konschtat,16839220,Raibaht,,pending,,,
15,Abyssea - Konschtat,16839221,Rashid,,pending,,,
15,Abyssea - Konschtat,16839222,Julio,,pending,,,
15,Abyssea - Konschtat,16839223,Silver Owl,,pending,,,
15,Abyssea - Konschtat,16839224,Talib,,pending,,,
15,Abyssea - Konschtat,16839225,Argus,,pending,,,
15,Abyssea - Konschtat,16839226,Helga,,pending,,,
15,Abyssea - Konschtat,16839227,Cleades,,pending,,,
15,Abyssea - Konschtat,16839228,Naji,,pending,,,
15,Abyssea - Konschtat,16839229,Repair Trunk,,pending,,,
15,Abyssea - Konschtat,16839230,Repair Trunk,,pending,,,
15,Abyssea - Konschtat,16839231,Repair Trunk,,pending,,,
15,Abyssea - Konschtat,16839232,Repair Trunk,,pending,,,
15,Abyssea - Konschtat,16839233,Repair Trunk,,pending,,,
15,Abyssea - Konschtat,16839234,Repair Trunk,,pending,,,
15,Abyssea - Konschtat,16839235,Repair Trunk,,pending,,,
15,Abyssea - Konschtat,16839236,0100f240,,pending,,,
15,Abyssea - Konschtat,16839237,0100f241,,pending,,,
15,Abyssea - Konschtat,16839238,Lined Casket,,pending,,,
15,Abyssea - Konschtat,16839239,Lined Casket,,pending,,,
15,Abyssea - Konschtat,16839240,Lined Casket,,pending,,,
15,Abyssea - Konschtat,16839241,Resistance Fighter,,pending,,,
15,Abyssea - Konschtat,16839242,Resistance Fighter,,pending,,,
15,Abyssea - Konschtat,16839243,Resistance Fighter,,pending,,,
15,Abyssea - Konschtat,16839244,Resistance Fighter,,pending,,,
15,Abyssea - Konschtat,16839245,Resistance Fighter,,pending,,,
15,Abyssea - Konschtat,16839246,Flaco,,pending,,,
15,Abyssea - Konschtat,16839247,Echo Hawk,,pending,,,
15,Abyssea - Konschtat,16839248,Ihsan,,pending,,,
15,Abyssea - Konschtat,16839249,Steel Bones,,pending,,,
15,Abyssea - Konschtat,16839251,0100F252,,pending,,,
15,Abyssea - Konschtat,16839253,0100F254,,pending,,,
15,Abyssea - Konschtat,16839255,0100F256,,pending,,,
15,Abyssea - Konschtat,16839257,0100F258,,pending,,,
15,Abyssea - Konschtat,16839259,0100F25A,,pending,,,
15,Abyssea - Konschtat,16839263,0100F25E,,pending,,,
15,Abyssea - Konschtat,16839267,0100F262,,pending,,,
15,Abyssea - Konschtat,16839270,Offa,,pending,,,
15,Abyssea - Konschtat,16839271,Red Canyon,,pending,,,
15,Abyssea - Konschtat,16839272,Sugandhi,,pending,,,
15,Abyssea - Konschtat,16839273,Romualdo,,pending,,,
16,Promyvion - Holla,16842780,blank,,not_applicable,,,Unnamed placeholder or door; no NPC role label.
16,Promyvion - Holla,16842847,blank,,not_applicable,,,Unnamed placeholder or door; no NPC role label.
16,Promyvion - Holla,16842854,blank,,not_applicable,,,Unnamed placeholder or door; no NPC role label.
16,Promyvion - Holla,16842887,blank,,not_applicable,,,Unnamed placeholder or door; no NPC role label.
16,Promyvion - Holla,16842905,blank,,not_applicable,,,Unnamed placeholder or door; no NPC role label.
16,Promyvion - Holla,16842948,blank,,not_applicable,,,Unnamed placeholder or door; no NPC role label.
16,Promyvion - Holla,16843068,kiokudama_a,,pending,,,
16,Promyvion - Holla,16843069,kiokudama_b,,pending,,,
16,Promyvion - Holla,16843070,kiokudama_c,,pending,,,
16,Promyvion - Holla,16843071,???,,not_applicable,,,Unnamed placeholder or door; no NPC role label.
16,Promyvion - Holla,16843081,Rendezvous Point,,pending,,,
16,Promyvion - Holla,16843082,???,,not_applicable,,,Unnamed placeholder or door; no NPC role label.
16,Promyvion - Holla,16843083,???,,not_applicable,,,Unnamed placeholder or door; no NPC role label.
16,Promyvion - Holla,16843084,???,,not_applicable,,,Unnamed placeholder or door; no NPC role label.
16,Promyvion - Holla,16843085,???,,not_applicable,,,Unnamed placeholder or door; no NPC role label.
16,Promyvion - Holla,16843086,???,,not_applicable,,,Unnamed placeholder or door; no NPC role label.
17,Spire of Holla,16846949,Radiant Aureole,,pending,,,
17,Spire of Holla,16846970,Goblin Footprint,,pending,,,
18,Promyvion - Dem,16850971,blank,,not_applicable,,,Unnamed placeholder or door; no NPC role label.
18,Promyvion - Dem,16851032,blank,,not_applicable,,,Unnamed placeholder or door; no NPC role label.
18,Promyvion - Dem,16851072,blank,,not_applicable,,,Unnamed placeholder or door; no NPC role label.
18,Promyvion - Dem,16851081,blank,,not_applicable,,,Unnamed placeholder or door; no NPC role label.
18,Promyvion - Dem,16851160,blank,,not_applicable,,,Unnamed placeholder or door; no NPC role label.
18,Promyvion - Dem,16851169,blank,,not_applicable,,,Unnamed placeholder or door; no NPC role label.
18,Promyvion - Dem,16851292,kiokudama_a,,pending,,,
18,Promyvion - Dem,16851293,kiokudama_b,,pending,,,
18,Promyvion - Dem,16851294,kiokudama_c,,pending,,,
18,Promyvion - Dem,16851295,???,,not_applicable,,,Unnamed placeholder or door; no NPC role label.
18,Promyvion - Dem,16851305,Rendezvous Point,,pending,,,
18,Promyvion - Dem,16851306,???,,not_applicable,,,Unnamed placeholder or door; no NPC role label.
18,Promyvion - Dem,16851307,???,,not_applicable,,,Unnamed placeholder or door; no NPC role label.
18,Promyvion - Dem,16851308,???,,not_applicable,,,Unnamed placeholder or door; no NPC role label.
18,Promyvion - Dem,16851309,???,,not_applicable,,,Unnamed placeholder or door; no NPC role label.
18,Promyvion - Dem,16851310,???,,not_applicable,,,Unnamed placeholder or door; no NPC role label.
19,Spire of Dem,16855156,Radiant Aureole,,pending,,,
19,Spire of Dem,16855177,Goblin Footprint,,pending,,,
20,Promyvion - Mea,16859154,blank,,not_applicable,,,Unnamed placeholder or door; no NPC role label.
20,Promyvion - Mea,16859204,blank,,not_applicable,,,Unnamed placeholder or door; no NPC role label.
20,Promyvion - Mea,16859218,blank,,not_applicable,,,Unnamed placeholder or door; no NPC role label.
20,Promyvion - Mea,16859225,blank,,not_applicable,,,Unnamed placeholder or door; no NPC role label.
20,Promyvion - Mea,16859295,blank,,not_applicable,,,Unnamed placeholder or door; no NPC role label.
20,Promyvion - Mea,16859304,blank,,not_applicable,,,Unnamed placeholder or door; no NPC role label.
20,Promyvion - Mea,16859313,blank,,not_applicable,,,Unnamed placeholder or door; no NPC role label.
20,Promyvion - Mea,16859375,blank,,not_applicable,,,Unnamed placeholder or door; no NPC role label.
20,Promyvion - Mea,16859384,blank,,not_applicable,,,Unnamed placeholder or door; no NPC role label.
20,Promyvion - Mea,16859393,blank,,not_applicable,,,Unnamed placeholder or door; no NPC role label.
20,Promyvion - Mea,16859497,kiokudama_a,,pending,,,
20,Promyvion - Mea,16859498,kiokudama_b,,pending,,,
20,Promyvion - Mea,16859499,kiokudama_c,,pending,,,
20,Promyvion - Mea,16859500,???,,not_applicable,,,Unnamed placeholder or door; no NPC role label.
20,Promyvion - Mea,16859510,Rendezvous Point,,pending,,,
20,Promyvion - Mea,16859511,???,,not_applicable,,,Unnamed placeholder or door; no NPC role label.
20,Promyvion - Mea,16859512,???,,not_applicable,,,Unnamed placeholder or door; no NPC role label.
20,Promyvion - Mea,16859513,???,,not_applicable,,,Unnamed placeholder or door; no NPC role label.
20,Promyvion - Mea,16859514,???,,not_applicable,,,Unnamed placeholder or door; no NPC role label.
20,Promyvion - Mea,16859515,???,,not_applicable,,,Unnamed placeholder or door; no NPC role label.
21,Spire of Mea,16863321,Radiant Aureole,,pending,,,
21,Spire of Mea,16863342,Goblin Footprint,,pending,,,
22,Promyvion - Vahzl,16867386,blank,,not_applicable,,,Unnamed placeholder or door; no NPC role label.
22,Promyvion - Vahzl,16867391,blank,,not_applicable,,,Unnamed placeholder or door; no NPC role label.
22,Promyvion - Vahzl,16867438,blank,,not_applicable,,,Unnamed placeholder or door; no NPC role label.
22,Promyvion - Vahzl,16867445,blank,,not_applicable,,,Unnamed placeholder or door; no NPC role label.
22,Promyvion - Vahzl,16867503,blank,,not_applicable,,,Unnamed placeholder or door; no NPC role label.
22,Promyvion - Vahzl,16867510,blank,,not_applicable,,,Unnamed placeholder or door; no NPC role label.
22,Promyvion - Vahzl,16867524,blank,,not_applicable,,,Unnamed placeholder or door; no NPC role label.
22,Promyvion - Vahzl,16867600,blank,,not_applicable,,,Unnamed placeholder or door; no NPC role label.
22,Promyvion - Vahzl,16867609,blank,,not_applicable,,,Unnamed placeholder or door; no NPC role label.
22,Promyvion - Vahzl,16867618,blank,,not_applicable,,,Unnamed placeholder or door; no NPC role label.
22,Promyvion - Vahzl,16867707,???,,not_applicable,,,Unnamed placeholder or door; no NPC role label.
22,Promyvion - Vahzl,16867708,???,,not_applicable,,,Unnamed placeholder or door; no NPC role label.
22,Promyvion - Vahzl,16867709,???,,not_applicable,,,Unnamed placeholder or door; no NPC role label.
22,Promyvion - Vahzl,16867732,kiokudama_a,,pending,,,
22,Promyvion - Vahzl,16867733,kiokudama_b,,pending,,,
22,Promyvion - Vahzl,16867734,kiokudama_c,,pending,,,
22,Promyvion - Vahzl,16867735,???,,not_applicable,,,Unnamed placeholder or door; no NPC role label.
22,Promyvion - Vahzl,16867755,Goblin Footprint,,pending,,,
23,Spire of Vahzl,16871588,Bridge,,pending,,,
23,Spire of Vahzl,16871589,Radiant Aureole,,pending,,,
23,Spire of Vahzl,16871608,Goblin Footprint,,pending,,,
24,Lufaise Meadows,16875824,???,,not_applicable,,,Unnamed placeholder or door; no NPC role label.
24,Lufaise Meadows,16875825,???,,not_applicable,,,Unnamed placeholder or door; no NPC role label.
24,Lufaise Meadows,16875842,Swirling Vortex,,pending,,,
24,Lufaise Meadows,16875853,???,,not_applicable,,,Unnamed placeholder or door; no NPC role label.
24,Lufaise Meadows,16875854,???,,not_applicable,,,Unnamed placeholder or door; no NPC role label.
24,Lufaise Meadows,16875868,"Teldo-Moroldo, W.W.",,pending,,,
24,Lufaise Meadows,16875871,Conquest_Banner,,pending,,,
24,Lufaise Meadows,16875875,"Cotete, W.W.",,pending,,,
24,Lufaise Meadows,16875876,Jersey,,pending,,,
24,Lufaise Meadows,16875879,Conquest_Banner,,pending,,,
24,Lufaise Meadows,16875882,Goblin Footprint,,pending,,,
24,Lufaise Meadows,16875884,Logging Point,,pending,,,
24,Lufaise Meadows,16875885,Logging Point,,pending,,,
24,Lufaise Meadows,16875886,Logging Point,,pending,,,
24,Lufaise Meadows,16875887,Logging Point,,pending,,,
24,Lufaise Meadows,16875888,Logging Point,,pending,,,
24,Lufaise Meadows,16875889,Logging Point,,pending,,,
24,Lufaise Meadows,16875890,???,,not_applicable,,,Unnamed placeholder or door; no NPC role label.
24,Lufaise Meadows,16875891,???,,not_applicable,,,Unnamed placeholder or door; no NPC role label.
24,Lufaise Meadows,16875902,Luck Rune,,pending,,,
24,Lufaise Meadows,16875911,Planar Rift,,pending,,,
24,Lufaise Meadows,16875912,Planar Rift,,pending,,,
24,Lufaise Meadows,16875913,Planar Rift,,pending,,,
24,Lufaise Meadows,16875917,Survival Guide,,pending,,,
24,Lufaise Meadows,16875918,Ethereal Junction,,pending,,,
24,Lufaise Meadows,16875919,Ethereal Junction,,pending,,,
24,Lufaise Meadows,16875920,Ethereal Junction,,pending,,,
25,Misareaux Coast,16879918,???,,not_applicable,,,Unnamed placeholder or door; no NPC role label.
25,Misareaux Coast,16879935,Spatial Displacement,,pending,,,
25,Misareaux Coast,16879944,Swirling Vortex,,pending,,,
25,Misareaux Coast,16879945,blank,,not_applicable,,,Unnamed placeholder or door; no NPC role label.
25,Misareaux Coast,16879971,Goblin Footprint,,pending,,,
25,Misareaux Coast,16879972,???,,not_applicable,,,Unnamed placeholder or door; no NPC role label.
25,Misareaux Coast,16879973,Logging Point,,pending,,,
25,Misareaux Coast,16879974,Logging Point,,pending,,,
25,Misareaux Coast,16879975,Logging Point,,pending,,,
25,Misareaux Coast,16879976,Logging Point,,pending,,,
25,Misareaux Coast,16879977,Logging Point,,pending,,,
25,Misareaux Coast,16879978,Logging Point,,pending,,,
25,Misareaux Coast,16879979,???,,not_applicable,,,Unnamed placeholder or door; no NPC role label.
25,Misareaux Coast,16879984,???,,not_applicable,,,Unnamed placeholder or door; no NPC role label.
25,Misareaux Coast,16879990,Planar Rift,,pending,,,
25,Misareaux Coast,16879991,Planar Rift,,pending,,,
25,Misareaux Coast,16879992,Planar Rift,,pending,,,
25,Misareaux Coast,16879996,Survival Guide,,pending,,,
25,Misareaux Coast,16879997,Ethereal Junction,,pending,,,
25,Misareaux Coast,16879998,Ethereal Junction,,pending,,,
25,Misareaux Coast,16879999,Ethereal Junction,,pending,,,
25,Misareaux Coast,16880000,Undulating Confluence,,pending,,,
25,Misareaux Coast,16880005,???,,not_applicable,,,Unnamed placeholder or door; no NPC role label.
25,Misareaux Coast,16880011,Home Point #1,,pending,,,
26,Tavnazian Safehold,16883714,Latteaune,,pending,,,
26,Tavnazian Safehold,16883721,Despachiaire,,pending,,,
26,Tavnazian Safehold,16883722,Justinius,,pending,,,
26,Tavnazian Safehold,16883723,Tressia,,pending,,,
26,Tavnazian Safehold,16883724,Chemioue,,pending,,,
26,Tavnazian Safehold,16883725,Mengrenaux,,pending,,,
26,Tavnazian Safehold,16883726,Parelbriaux,,pending,,,
26,Tavnazian Safehold,16883727,Ondieulix,,pending,,,
26,Tavnazian Safehold,16883765,Quelveuiat,,pending,,,
26,Tavnazian Safehold,16883766,Odeya,,pending,,,
26,Tavnazian Safehold,16883770,Travonce,,pending,,,
26,Tavnazian Safehold,16883771,Frescheque,,pending,,,
26,Tavnazian Safehold,16883773,Raminey,,pending,,,
26,Tavnazian Safehold,16883774,Equette,,pending,,,
26,Tavnazian Safehold,16883776,Leporaitceau,,pending,,,
26,Tavnazian Safehold,16883777,Anteurephiaux,,pending,,,
26,Tavnazian Safehold,16883778,Pradiulot,,pending,,,
26,Tavnazian Safehold,16883780,Elysia,,pending,,,
26,Tavnazian Safehold,16883781,Nivorajean,,pending,,,
26,Tavnazian Safehold,16883782,Epinolle,,pending,,,
26,Tavnazian Safehold,16883784,Ferchinne,,pending,,,
26,Tavnazian Safehold,16883785,???,,not_applicable,,,Unnamed placeholder or door; no NPC role label.
26,Tavnazian Safehold,16883786,Nomad Moogle,,pending,,,
26,Tavnazian Safehold,16883787,Nomad Moogle,,pending,,,
26,Tavnazian Safehold,16883788,Nomad Moogle,,pending,,,
26,Tavnazian Safehold,16883789,Nilerouche,,pending,,,
26,Tavnazian Safehold,16883790,Mazuro-Oozuro,,pending,,,
26,Tavnazian Safehold,16883791,Komalata,,pending,,,
26,Tavnazian Safehold,16883792,Caiphimonride,,pending,,,
26,Tavnazian Safehold,16883793,Melleupaux,,pending,,,
26,Tavnazian Safehold,16883794,Misseulieu,,pending,,,
26,Tavnazian Safehold,16883795,Migran,,pending,,,
26,Tavnazian Safehold,16883796,Senvaleget,,pending,,,
26,Tavnazian Safehold,16883797,Ferocious Artisan,,pending,,,
26,Tavnazian Safehold,16883798,Eliot,,pending,,,
26,Tavnazian Safehold,16883799,Maturiri,,pending,,,
26,Tavnazian Safehold,16883800,Suzel,,pending,,,
26,Tavnazian Safehold,16883801,Home Point #1,,pending,,,
26,Tavnazian Safehold,16883802,Home Point #2,,pending,,,
26,Tavnazian Safehold,16883803,Home Point #3,,pending,,,
26,Tavnazian Safehold,16883806,Calengeard,,pending,,,
26,Tavnazian Safehold,16883807,Liphatte,,pending,,,
26,Tavnazian Safehold,16883808,Ironclad Gorilla,,pending,,,
26,Tavnazian Safehold,16883809,Arquil,,pending,,,
26,Tavnazian Safehold,16883810,Havillione,,pending,,,
26,Tavnazian Safehold,16883811,Guda,,pending,,,
26,Tavnazian Safehold,16883812,Korbi-Marobi,,pending,,,
26,Tavnazian Safehold,16883813,Zadant,,pending,,,
26,Tavnazian Safehold,16883814,Geuselibel,,pending,,,
26,Tavnazian Safehold,16883815,Tiruru,,pending,,,
26,Tavnazian Safehold,16883816,Yasuji,,pending,,,
26,Tavnazian Safehold,16883817,Risunela,,pending,,,
26,Tavnazian Safehold,16883818,Fouagine,,pending,,,
26,Tavnazian Safehold,16883819,Masis,,pending,,,
26,Tavnazian Safehold,16883820,Bibokk-Molbukk,,pending,,,
26,Tavnazian Safehold,16883821,Merol,,pending,,,
26,Tavnazian Safehold,16883822,Resauchamet,,pending,,,
26,Tavnazian Safehold,16883823,Aligi-Kufongi,,pending,,,
26,Tavnazian Safehold,16883824,Angieurol,,pending,,,
26,Tavnazian Safehold,16883825,Evindigar,,pending,,,
26,Tavnazian Safehold,16883826,Noam,,pending,,,
26,Tavnazian Safehold,16883827,Jonette,,pending,,,
26,Tavnazian Safehold,16883828,Kokila,,pending,,,
26,Tavnazian Safehold,16883829,Nery,,pending,,,
26,Tavnazian Safehold,16883830,Dominec,,pending,,,
26,Tavnazian Safehold,16883831,Eonnite's Revelations,,pending,,,
26,Tavnazian Safehold,16883832,Reaugettie,,pending,,,
26,Tavnazian Safehold,16883833,Gennoue,,pending,,,
26,Tavnazian Safehold,16883834,Ratonne,,pending,,,
26,Tavnazian Safehold,16883835,Morangeart,,pending,,,
26,Tavnazian Safehold,16883836,Yurim,,pending,,,
26,Tavnazian Safehold,16883839,Enaremand,,pending,,,
26,Tavnazian Safehold,16883860,???,,not_applicable,,,Unnamed placeholder or door; no NPC role label.
26,Tavnazian Safehold,16883861,???,,not_applicable,,,Unnamed placeholder or door; no NPC role label.
26,Tavnazian Safehold,16883862,???,,not_applicable,,,Unnamed placeholder or door; no NPC role label.
26,Tavnazian Safehold,16883863,???,,not_applicable,,,Unnamed placeholder or door; no NPC role label.
26,Tavnazian Safehold,16883864,???,,not_applicable,,,Unnamed placeholder or door; no NPC role label.
26,Tavnazian Safehold,16883867,Meret,,pending,,,
26,Tavnazian Safehold,16883868,Hieroglyphics,,pending,,,
26,Tavnazian Safehold,16883880,Hunt Registry,,pending,,,
26,Tavnazian Safehold,16883888,Porter Moogle,,pending,,,
26,Tavnazian Safehold,16883890,Owain,,pending,,,
26,Tavnazian Safehold,16883892,Atmacite Refiner,,pending,,,
26,Tavnazian Safehold,16883896,Ombelotte,,pending,,,
26,Tavnazian Safehold,16883897,Survival Guide,,pending,,,
27,Phomiuna Aqueducts,16888051,???,,not_applicable,,,Unnamed placeholder or door; no NPC role label.
27,Phomiuna Aqueducts,16888054,???,,not_applicable,,,Unnamed placeholder or door; no NPC role label.
27,Phomiuna Aqueducts,16888061,???,,not_applicable,,,Unnamed placeholder or door; no NPC role label.
27,Phomiuna Aqueducts,16888063,???,,not_applicable,,,Unnamed placeholder or door; no NPC role label.
27,Phomiuna Aqueducts,16888067,???,,not_applicable,,,Unnamed placeholder or door; no NPC role label.
27,Phomiuna Aqueducts,16888080,???,,not_applicable,,,Unnamed placeholder or door; no NPC role label.
27,Phomiuna Aqueducts,16888094,Wooden Ladder,,pending,,,
27,Phomiuna Aqueducts,16888095,Wooden Ladder,,pending,,,
27,Phomiuna Aqueducts,16888096,Wooden Ladder,,pending,,,
27,Phomiuna Aqueducts,16888097,Wooden Ladder,,pending,,,
27,Phomiuna Aqueducts,16888098,Wooden Ladder,,pending,,,
27,Phomiuna Aqueducts,16888099,Wooden Ladder,,pending,,,
27,Phomiuna Aqueducts,16888100,Wooden Ladder,,pending,,,
27,Phomiuna Aqueducts,16888101,Wooden Ladder,,pending,,,
27,Phomiuna Aqueducts,16888102,Wooden Ladder,,pending,,,
27,Phomiuna Aqueducts,16888103,Wooden Ladder,,pending,,,
27,Phomiuna Aqueducts,16888104,Wooden Ladder,,pending,,,
27,Phomiuna Aqueducts,16888105,Wooden Ladder,,pending,,,
27,Phomiuna Aqueducts,16888106,???,,not_applicable,,,Unnamed placeholder or door; no NPC role label.
27,Phomiuna Aqueducts,16888107,???,,not_applicable,,,Unnamed placeholder or door; no NPC role label.
27,Phomiuna Aqueducts,16888123,Goblin Footprint,,pending,,,
27,Phomiuna Aqueducts,16888124,???,,not_applicable,,,Unnamed placeholder or door; no NPC role label.
27,Phomiuna Aqueducts,16888127,Survival Guide,,pending,,,
28,Sacrarium,16892097,Stale Draft,,pending,,,
28,Sacrarium,16892098,Stale Draft,,pending,,,
28,Sacrarium,16892099,Stale Draft,,pending,,,
28,Sacrarium,16892100,Stale Draft,,pending,,,
28,Sacrarium,16892101,Stale Draft,,pending,,,
28,Sacrarium,16892142,Large Keyhole,,pending,,,
28,Sacrarium,16892143,Small Keyhole,,pending,,,
28,Sacrarium,16892156,???,,not_applicable,,,Unnamed placeholder or door; no NPC role label.
28,Sacrarium,16892157,???,,not_applicable,,,Unnamed placeholder or door; no NPC role label.
28,Sacrarium,16892158,???,,not_applicable,,,Unnamed placeholder or door; no NPC role label.
28,Sacrarium,16892159,???,,not_applicable,,,Unnamed placeholder or door; no NPC role label.
28,Sacrarium,16892160,???,,not_applicable,,,Unnamed placeholder or door; no NPC role label.
28,Sacrarium,16892161,???,,not_applicable,,,Unnamed placeholder or door; no NPC role label.
28,Sacrarium,16892183,Goblin Footprint,,pending,,,
28,Sacrarium,16892185,???,,not_applicable,,,Unnamed placeholder or door; no NPC role label.
28,Sacrarium,16892186,Survival Guide,,pending,,,
29,Riverne - Site #B01,16896175,???,,not_applicable,,,Unnamed placeholder or door; no NPC role label.
29,Riverne - Site #B01,16896184,Spatial Displacement,,pending,,,
29,Riverne - Site #B01,16896185,Spatial Displacement,,pending,,,
29,Riverne - Site #B01,16896186,Spatial Displacement,,pending,,,
29,Riverne - Site #B01,16896187,Spatial Displacement,,pending,,,
29,Riverne - Site #B01,16896188,Spatial Displacement,,pending,,,
29,Riverne - Site #B01,16896190,Spatial Displacement,,pending,,,
29,Riverne - Site #B01,16896191,Spatial Displacement,,pending,,,
29,Riverne - Site #B01,16896192,Spatial Displacement,,pending,,,
29,Riverne - Site #B01,16896193,Spatial Displacement,,pending,,,
29,Riverne - Site #B01,16896194,Spatial Displacement,,pending,,,
29,Riverne - Site #B01,16896195,Spatial Displacement,,pending,,,
29,Riverne - Site #B01,16896196,Spatial Displacement,,pending,,,
29,Riverne - Site #B01,16896197,Spatial Displacement,,pending,,,
29,Riverne - Site #B01,16896198,Spatial Displacement,,pending,,,
29,Riverne - Site #B01,16896199,Spatial Displacement,,pending,,,
29,Riverne - Site #B01,16896200,Spatial Displacement,,pending,,,
29,Riverne - Site #B01,16896201,Spatial Displacement,,pending,,,
29,Riverne - Site #B01,16896202,Spatial Displacement,,pending,,,
29,Riverne - Site #B01,16896203,Spatial Displacement,,pending,,,
29,Riverne - Site #B01,16896205,Spatial Displacement,,pending,,,
29,Riverne - Site #B01,16896206,Spatial Displacement,,pending,,,
29,Riverne - Site #B01,16896207,Spatial Displacement,,pending,,,
29,Riverne - Site #B01,16896208,Spatial Displacement,,pending,,,
29,Riverne - Site #B01,16896209,Spatial Displacement,,pending,,,
29,Riverne - Site #B01,16896210,Spatial Displacement,,pending,,,
29,Riverne - Site #B01,16896211,Spatial Displacement,,pending,,,
29,Riverne - Site #B01,16896212,Spatial Displacement,,pending,,,
29,Riverne - Site #B01,16896213,Spatial Displacement,,pending,,,
29,Riverne - Site #B01,16896214,Spatial Displacement,,pending,,,
29,Riverne - Site #B01,16896215,Spatial Displacement,,pending,,,
29,Riverne - Site #B01,16896218,Unstable Displacement,,pending,,,
29,Riverne - Site #B01,16896219,Spatial Displacement,,pending,,,
29,Riverne - Site #B01,16896220,Spatial Displacement,,pending,,,
29,Riverne - Site #B01,16896221,Spatial Displacement,,pending,,,
29,Riverne - Site #B01,16896223,Spatial Displacement,,pending,,,
29,Riverne - Site #B01,16896224,Spatial Displacement,,pending,,,
29,Riverne - Site #B01,16896225,Spatial Displacement,,pending,,,
29,Riverne - Site #B01,16896226,Stone Monument,,pending,,,
29,Riverne - Site #B01,16896236,???,,not_applicable,,,Unnamed placeholder or door; no NPC role label.
29,Riverne - Site #B01,16896238,Goblin Footprint,,pending,,,
29,Riverne - Site #B01,16896250,Geomagnetic Fount,,pending,,,
29,Riverne - Site #B01,16896251,Home Point #1,,pending,,,
30,Riverne - Site #A01,16900325,???,,not_applicable,,,Unnamed placeholder or door; no NPC role label.
30,Riverne - Site #A01,16900326,???,,not_applicable,,,Unnamed placeholder or door; no NPC role label.
30,Riverne - Site #A01,16900335,Spatial Displacement,,pending,,,
30,Riverne - Site #A01,16900336,Spatial Displacement,,pending,,,
30,Riverne - Site #A01,16900337,Spatial Displacement,,pending,,,
30,Riverne - Site #A01,16900340,Unstable Displacement,,pending,,,
30,Riverne - Site #A01,16900342,Spatial Displacement,,pending,,,
30,Riverne - Site #A01,16900343,Spatial Displacement,,pending,,,
30,Riverne - Site #A01,16900344,Spatial Displacement,,pending,,,
30,Riverne - Site #A01,16900345,Spatial Displacement,,pending,,,
30,Riverne - Site #A01,16900346,Spatial Displacement,,pending,,,
30,Riverne - Site #A01,16900347,Spatial Displacement,,pending,,,
30,Riverne - Site #A01,16900348,Spatial Displacement,,pending,,,
30,Riverne - Site #A01,16900349,Spatial Displacement,,pending,,,
30,Riverne - Site #A01,16900350,Spatial Displacement,,pending,,,
30,Riverne - Site #A01,16900351,Spatial Displacement,,pending,,,
30,Riverne - Site #A01,16900353,Spatial Displacement,,pending,,,
30,Riverne - Site #A01,16900355,Spatial Displacement,,pending,,,
30,Riverne - Site #A01,16900356,Spatial Displacement,,pending,,,
30,Riverne - Site #A01,16900357,Spatial Displacement,,pending,,,
30,Riverne - Site #A01,16900358,Spatial Displacement,,pending,,,
30,Riverne - Site #A01,16900359,Spatial Displacement,,pending,,,
30,Riverne - Site #A01,16900360,Spatial Displacement,,pending,,,
30,Riverne - Site #A01,16900361,Spatial Displacement,,pending,,,
30,Riverne - Site #A01,16900362,Spatial Displacement,,pending,,,
30,Riverne - Site #A01,16900363,Spatial Displacement,,pending,,,
30,Riverne - Site #A01,16900364,Spatial Displacement,,pending,,,
30,Riverne - Site #A01,16900365,Spatial Displacement,,pending,,,
30,Riverne - Site #A01,16900366,Spatial Displacement,,pending,,,
30,Riverne - Site #A01,16900368,Spatial Displacement,,pending,,,
30,Riverne - Site #A01,16900369,Spatial Displacement,,pending,,,
30,Riverne - Site #A01,16900370,Spatial Displacement,,pending,,,
30,Riverne - Site #A01,16900371,Spatial Displacement,,pending,,,
30,Riverne - Site #A01,16900372,Spatial Displacement,,pending,,,
30,Riverne - Site #A01,16900373,Spatial Displacement,,pending,,,
30,Riverne - Site #A01,16900374,Spatial Displacement,,pending,,,
30,Riverne - Site #A01,16900375,Stone Monument,,pending,,,
30,Riverne - Site #A01,16900392,Goblin Footprint,,pending,,,
30,Riverne - Site #A01,16900393,???,,not_applicable,,,Unnamed placeholder or door; no NPC role label.
30,Riverne - Site #A01,16900395,Trunk,,pending,,,
30,Riverne - Site #A01,16900400,Home Point #1,,pending,,,
31,Monarch Linn,16904337,Spatial Displacement,,pending,,,
31,Monarch Linn,16904338,Spatial Displacement,,pending,,,
31,Monarch Linn,16904339,Spatial Displacement,,pending,,,
31,Monarch Linn,16904340,Spatial Displacement,,pending,,,
31,Monarch Linn,16904341,Spatial Displacement,,pending,,,
31,Monarch Linn,16904342,Spatial Displacement,,pending,,,
31,Monarch Linn,16904369,???,,not_applicable,,,Unnamed placeholder or door; no NPC role label.
31,Monarch Linn,16904393,Goblin Footprint,,pending,,,
32,Sealion's Den,16908421,Airship Door,,pending,,,
32,Sealion's Den,16908422,Airship Door,,pending,,,
32,Sealion's Den,16908423,Airship Door,,pending,,,
32,Sealion's Den,16908454,Jovial Rat,,pending,,,
32,Sealion's Den,16908457,Sueleen,,pending,,,
32,Sealion's Den,16908481,Resume Point,,pending,,,
33,Al'Taieu,16912884,???,,not_applicable,,,Unnamed placeholder or door; no NPC role label.
33,Al'Taieu,16912885,???,,not_applicable,,,Unnamed placeholder or door; no NPC role label.
33,Al'Taieu,16912886,???,,not_applicable,,,Unnamed placeholder or door; no NPC role label.
33,Al'Taieu,16912887,???,,not_applicable,,,Unnamed placeholder or door; no NPC role label.
33,Al'Taieu,16912888,???,,not_applicable,,,Unnamed placeholder or door; no NPC role label.
33,Al'Taieu,16912889,???,,not_applicable,,,Unnamed placeholder or door; no NPC role label.
33,Al'Taieu,16912890,???,,not_applicable,,,Unnamed placeholder or door; no NPC role label.
33,Al'Taieu,16912903,Auroral Updraft,,pending,,,
33,Al'Taieu,16912904,Auroral Updraft,,pending,,,
33,Al'Taieu,16912905,Auroral Updraft,,pending,,,
33,Al'Taieu,16912906,Auroral Updraft,,pending,,,
33,Al'Taieu,16912907,Auroral Updraft,,pending,,,
33,Al'Taieu,16912908,Auroral Updraft,,pending,,,
33,Al'Taieu,16912909,Swirling Vortex,,pending,,,
33,Al'Taieu,16912910,Swirling Vortex,,pending,,,
33,Al'Taieu,16912911,Dimensional Portal,,pending,,,
33,Al'Taieu,16912912,Dimensional Portal,,pending,,,
33,Al'Taieu,16912913,Dimensional Portal,,pending,,,
33,Al'Taieu,16912966,Quasilumin,,pending,,,
33,Al'Taieu,16912967,Quasilumin,,pending,,,
33,Al'Taieu,16912968,Quasilumin,,pending,,,
33,Al'Taieu,16912969,Quasilumin,,pending,,,
33,Al'Taieu,16912970,Quasilumin,,pending,,,
33,Al'Taieu,16912971,Quasilumin,,pending,,,
33,Al'Taieu,16912972,Quasilumin,,pending,,,
33,Al'Taieu,16912973,Quasilumin,,pending,,,
33,Al'Taieu,16912974,Quasilumin,,pending,,,
33,Al'Taieu,16912975,Quasilumin,,pending,,,
33,Al'Taieu,16912976,Quasilumin,,pending,,,
33,Al'Taieu,16912977,Quasilumin,,pending,,,
33,Al'Taieu,16912978,Quasilumin,,pending,,,
33,Al'Taieu,16912979,Quasilumin,,pending,,,
33,Al'Taieu,16912980,Quasilumin,,pending,,,
33,Al'Taieu,16912981,Quasilumin,,pending,,,
33,Al'Taieu,16912982,Quasilumin,,pending,,,
33,Al'Taieu,16912983,Quasilumin,,pending,,,
33,Al'Taieu,16912984,Quasilumin,,pending,,,
33,Al'Taieu,16912985,Quasilumin,,pending,,,
33,Al'Taieu,16912987,Goblin Footprint,,pending,,,
33,Al'Taieu,16912997,Home Point #1,,pending,,,
33,Al'Taieu,16912998,Home Point #2,,pending,,,
33,Al'Taieu,16912999,Home Point #3,,pending,,,
34,Grand Palace of Hu'Xzoi,16916819,???,,not_applicable,,,Unnamed placeholder or door; no NPC role label.
34,Grand Palace of Hu'Xzoi,16916891,Ebon Panel,,pending,,,
34,Grand Palace of Hu'Xzoi,16916892,Ebon Panel,,pending,,,
34,Grand Palace of Hu'Xzoi,16916893,Ebon Panel,,pending,,,
34,Grand Palace of Hu'Xzoi,16916894,Ebon Panel,,pending,,,
34,Grand Palace of Hu'Xzoi,16916895,Ebon Panel,,pending,,,
34,Grand Palace of Hu'Xzoi,16916896,???,,not_applicable,,,Unnamed placeholder or door; no NPC role label.
34,Grand Palace of Hu'Xzoi,16916897,???,,not_applicable,,,Unnamed placeholder or door; no NPC role label.
34,Grand Palace of Hu'Xzoi,16916898,Quasilumin,,pending,,,
34,Grand Palace of Hu'Xzoi,16916899,Quasilumin,,pending,,,
34,Grand Palace of Hu'Xzoi,16916900,Quasilumin,,pending,,,
34,Grand Palace of Hu'Xzoi,16916901,Quasilumin,,pending,,,
34,Grand Palace of Hu'Xzoi,16916902,Quasilumin,,pending,,,
34,Grand Palace of Hu'Xzoi,16916903,Quasilumin,,pending,,,
34,Grand Palace of Hu'Xzoi,16916904,Quasilumin,,pending,,,
34,Grand Palace of Hu'Xzoi,16916905,Quasilumin,,pending,,,
34,Grand Palace of Hu'Xzoi,16916906,Quasilumin,,pending,,,
34,Grand Palace of Hu'Xzoi,16916907,Quasilumin,,pending,,,
34,Grand Palace of Hu'Xzoi,16916923,Goblin Footprint,,pending,,,
34,Grand Palace of Hu'Xzoi,16916928,Cermet Alcove,,pending,,,
34,Grand Palace of Hu'Xzoi,16916929,Cermet Alcove,,pending,,,
34,Grand Palace of Hu'Xzoi,16916930,Cermet Alcove,,pending,,,
34,Grand Palace of Hu'Xzoi,16916931,Cermet Alcove,,pending,,,
34,Grand Palace of Hu'Xzoi,16916941,Home Point #1,,pending,,,
35,The Garden of Ru'Hmet,16921027,???,,not_applicable,,,Unnamed placeholder or door; no NPC role label.
35,The Garden of Ru'Hmet,16921028,???,,not_applicable,,,Unnamed placeholder or door; no NPC role label.
35,The Garden of Ru'Hmet,16921029,???,,not_applicable,,,Unnamed placeholder or door; no NPC role label.
35,The Garden of Ru'Hmet,16921080,Ebon Panel,,pending,,,
35,The Garden of Ru'Hmet,16921081,Ebon Panel,,pending,,,
35,The Garden of Ru'Hmet,16921082,Ebon Panel,,pending,,,
35,The Garden of Ru'Hmet,16921083,Ebon Panel,,pending,,,
35,The Garden of Ru'Hmet,16921084,Quasilumin,,pending,,,
35,The Garden of Ru'Hmet,16921085,Quasilumin,,pending,,,
35,The Garden of Ru'Hmet,16921086,Quasilumin,,pending,,,
35,The Garden of Ru'Hmet,16921087,Quasilumin,,pending,,,
35,The Garden of Ru'Hmet,16921088,Quasilumin,,pending,,,
35,The Garden of Ru'Hmet,16921089,Quasilumin,,pending,,,
35,The Garden of Ru'Hmet,16921090,Quasilumin,,pending,,,
35,The Garden of Ru'Hmet,16921091,Quasilumin,,pending,,,
35,The Garden of Ru'Hmet,16921092,Quasilumin,,pending,,,
35,The Garden of Ru'Hmet,16921093,Quasilumin,,pending,,,
35,The Garden of Ru'Hmet,16921118,Goblin Footprint,,pending,,,
35,The Garden of Ru'Hmet,16921139,Home Point #1,,pending,,,
36,Empyreal Paradox,16924740,Transcendental Radiance,,pending,,,
36,Empyreal Paradox,16924751,Goblin Footprint,,pending,,,
36,Empyreal Paradox,16924791,???,,not_applicable,,,Unnamed placeholder or door; no NPC role label.
36,Empyreal Paradox,16924797,Dimensional Portal,,pending,,,
36,Empyreal Paradox,16924798,Resume Point,,pending,,,
36,Empyreal Paradox,16924815,Mystic Retriever,,pending,,,
37,Temenos,16929278,Matter Diffusion Module,,pending,,,
37,Temenos,16929279,Temenos Operator,,pending,,,
37,Temenos,16929280,Temenos Furnace,,pending,,,
37,Temenos,16929326,_j19,,pending,,,
37,Temenos,16929327,_j1a,,pending,,,
37,Temenos,16929328,_j1b,,pending,,,
37,Temenos,16929329,_j1c,,pending,,,
37,Temenos,16929330,_j1d,,pending,,,
37,Temenos,16929331,_j1e,,pending,,,
37,Temenos,16929336,Matter Diffusion Module,,pending,,,
37,Temenos,16929337,Matter Diffusion Module,,pending,,,
37,Temenos,16929338,Matter Diffusion Module,,pending,,,
37,Temenos,16929339,Matter Diffusion Module,,pending,,,
37,Temenos,16929340,Matter Diffusion Module,,pending,,,
37,Temenos,16929341,Matter Diffusion Module,,pending,,,
37,Temenos,16929342,Matter Diffusion Module,,pending,,,
37,Temenos,16929343,Matter Diffusion Module,,pending,,,
37,Temenos,16929344,Matter Diffusion Module,,pending,,,
37,Temenos,16929345,Matter Diffusion Module,,pending,,,
37,Temenos,16929346,Matter Diffusion Module,,pending,,,
37,Temenos,16929347,Matter Diffusion Module,,pending,,,
37,Temenos,16929348,Matter Diffusion Module,,pending,,,
37,Temenos,16929349,Matter Diffusion Module,,pending,,,
37,Temenos,16929350,Matter Diffusion Module,,pending,,,
37,Temenos,16929351,Matter Diffusion Module,,pending,,,
37,Temenos,16929352,Matter Diffusion Module,,pending,,,
37,Temenos,16929353,Matter Diffusion Module,,pending,,,
37,Temenos,16929354,Matter Diffusion Module,,pending,,,
37,Temenos,16929355,Matter Diffusion Module,,pending,,,
37,Temenos,16929356,Matter Diffusion Module,,pending,,,
37,Temenos,16929357,Matter Diffusion Module,,pending,,,
37,Temenos,16929358,Matter Diffusion Module,,pending,,,
37,Temenos,16929359,Matter Diffusion Module,,pending,,,
37,Temenos,16929360,Matter Diffusion Module,,pending,,,
37,Temenos,16929361,Matter Diffusion Module,,pending,,,
37,Temenos,16929362,Temenos Coffer #1,,pending,,,
37,Temenos,16929363,Temenos Coffer #2,,pending,,,
37,Temenos,16929364,Temenos Coffer #3,,pending,,,
37,Temenos,16929365,Temenos Coffer #4,,pending,,,
38,Apollyon,16933527,Radiant Aureole,,pending,,,
38,Apollyon,16933528,Radiant Aureole,,pending,,,
38,Apollyon,16933555,Swirling Vortex,,pending,,,
38,Apollyon,16933556,Swirling Vortex,,pending,,,
38,Apollyon,16933557,Swirling Vortex,,pending,,,
38,Apollyon,16933558,Swirling Vortex,,pending,,,
38,Apollyon,16933559,Swirling Vortex,,pending,,,
38,Apollyon,16933560,Swirling Vortex,,pending,,,
38,Apollyon,16933561,Swirling Vortex,,pending,,,
38,Apollyon,16933562,Exit,,pending,,,
38,Apollyon,16933563,Apollyon Coffer #1,,pending,,,
38,Apollyon,16933564,Apollyon Coffer #2,,pending,,,
38,Apollyon,16933565,Apollyon Coffer #3,,pending,,,
38,Apollyon,16933566,Apollyon Coffer #4,,pending,,,
38,Apollyon,16933567,Apollyon Operator,,pending,,,
38,Apollyon,16933568,Apollyon Operator,,pending,,,
38,Apollyon,16933569,Apollyon Furnace,,pending,,,
38,Apollyon,16933570,Apollyon Furnace,,pending,,,
39,Dynamis - Valkurm,16937585,Somnial Threshold,,pending,,,
39,Dynamis - Valkurm,16937586,???,,not_applicable,,,Unnamed placeholder or door; no NPC role label.
39,Dynamis - Valkurm,16937587,???,,not_applicable,,,Unnamed placeholder or door; no NPC role label.
39,Dynamis - Valkurm,16937588,???,,not_applicable,,,Unnamed placeholder or door; no NPC role label.
39,Dynamis - Valkurm,16937589,???,,not_applicable,,,Unnamed placeholder or door; no NPC role label.
40,Dynamis - Buburimu,16941676,Somnial Threshold,,pending,,,
40,Dynamis - Buburimu,16941677,???,,not_applicable,,,Unnamed placeholder or door; no NPC role label.
40,Dynamis - Buburimu,16941678,???,,not_applicable,,,Unnamed placeholder or door; no NPC role label.
40,Dynamis - Buburimu,16941679,???,,not_applicable,,,Unnamed placeholder or door; no NPC role label.
40,Dynamis - Buburimu,16941680,???,,not_applicable,,,Unnamed placeholder or door; no NPC role label.
40,Dynamis - Buburimu,16941681,???,,not_applicable,,,Unnamed placeholder or door; no NPC role label.
41,Dynamis - Qufim,16945638,Somnial Threshold,,pending,,,
41,Dynamis - Qufim,16945639,???,,not_applicable,,,Unnamed placeholder or door; no NPC role label.
41,Dynamis - Qufim,16945640,???,,not_applicable,,,Unnamed placeholder or door; no NPC role label.
41,Dynamis - Qufim,16945641,???,,not_applicable,,,Unnamed placeholder or door; no NPC role label.
41,Dynamis - Qufim,16945642,???,,not_applicable,,,Unnamed placeholder or door; no NPC role label.
42,Dynamis - Tavnazia,16949396,Somnial Threshold,,pending,,,
42,Dynamis - Tavnazia,16949397,???,,not_applicable,,,Unnamed placeholder or door; no NPC role label.
43,Diorama Abdhaljs-Ghelsba,16953362,Pursuivant,,pending,,,
43,Diorama Abdhaljs-Ghelsba,16953363,Pursuivant,,pending,,,
43,Diorama Abdhaljs-Ghelsba,16953364,Pursuivant,,pending,,,
43,Diorama Abdhaljs-Ghelsba,16953366,Herald,,pending,,,
44,Abdhaljs Isle-Purgonorgo,16957466,Herald,,pending,,,
44,Abdhaljs Isle-Purgonorgo,16957467,Pursuivant,,pending,,,
45,Abyssea - Tahrongi,16961954,???,,not_applicable,,,Unnamed placeholder or door; no NPC role label.
45,Abyssea - Tahrongi,16961955,???,,not_applicable,,,Unnamed placeholder or door; no NPC role label.
45,Abyssea - Tahrongi,16961956,???,,not_applicable,,,Unnamed placeholder or door; no NPC role label.
45,Abyssea - Tahrongi,16961957,???,,not_applicable,,,Unnamed placeholder or door; no NPC role label.
45,Abyssea - Tahrongi,16961958,???,,not_applicable,,,Unnamed placeholder or door; no NPC role label.
45,Abyssea - Tahrongi,16961959,???,,not_applicable,,,Unnamed placeholder or door; no NPC role label.
45,Abyssea - Tahrongi,16961960,???,,not_applicable,,,Unnamed placeholder or door; no NPC role label.
45,Abyssea - Tahrongi,16961961,???,,not_applicable,,,Unnamed placeholder or door; no NPC role label.
45,Abyssea - Tahrongi,16961962,???,,not_applicable,,,Unnamed placeholder or door; no NPC role label.
45,Abyssea - Tahrongi,16961963,???,,not_applicable,,,Unnamed placeholder or door; no NPC role label.
45,Abyssea - Tahrongi,16961964,???,,not_applicable,,,Unnamed placeholder or door; no NPC role label.
45,Abyssea - Tahrongi,16961965,???,,not_applicable,,,Unnamed placeholder or door; no NPC role label.
45,Abyssea - Tahrongi,16961966,???,,not_applicable,,,Unnamed placeholder or door; no NPC role label.
45,Abyssea - Tahrongi,16961967,???,,not_applicable,,,Unnamed placeholder or door; no NPC role label.
45,Abyssea - Tahrongi,16961968,???,,not_applicable,,,Unnamed placeholder or door; no NPC role label.
45,Abyssea - Tahrongi,16961969,???,,not_applicable,,,Unnamed placeholder or door; no NPC role label.
45,Abyssea - Tahrongi,16961970,???,,not_applicable,,,Unnamed placeholder or door; no NPC role label.
45,Abyssea - Tahrongi,16961971,???,,not_applicable,,,Unnamed placeholder or door; no NPC role label.
45,Abyssea - Tahrongi,16961972,???,,not_applicable,,,Unnamed placeholder or door; no NPC role label.
45,Abyssea - Tahrongi,16961973,???,,not_applicable,,,Unnamed placeholder or door; no NPC role label.
45,Abyssea - Tahrongi,16961974,???,,not_applicable,,,Unnamed placeholder or door; no NPC role label.
45,Abyssea - Tahrongi,16961982,Conflux Surveyor,,pending,,,
45,Abyssea - Tahrongi,16961983,Cruor Prospector,,pending,,,
45,Abyssea - Tahrongi,16961984,Atma Infusionist,,pending,,,
45,Abyssea - Tahrongi,16961985,Atma Fabricant,,pending,,,
45,Abyssea - Tahrongi,16961988,NPC[1c4],,pending,,,
45,Abyssea - Tahrongi,16961989,NPC[1c5],,pending,,,
45,Abyssea - Tahrongi,16961990,NPC[1c6],,pending,,,
45,Abyssea - Tahrongi,16961991,NPC[1c7],,pending,,,
45,Abyssea - Tahrongi,16962072,Veridical Conflux #01,,pending,,,
45,Abyssea - Tahrongi,16962073,Veridical Conflux #02,,pending,,,
45,Abyssea - Tahrongi,16962074,Veridical Conflux #03,,pending,,,
45,Abyssea - Tahrongi,16962075,Veridical Conflux #04,,pending,,,
45,Abyssea - Tahrongi,16962076,Veridical Conflux #05,,pending,,,
45,Abyssea - Tahrongi,16962077,Veridical Conflux #06,,pending,,,
45,Abyssea - Tahrongi,16962078,Veridical Conflux #07,,pending,,,
45,Abyssea - Tahrongi,16962079,Veridical Conflux #08,,pending,,,
45,Abyssea - Tahrongi,16962080,TR-01 Martello,,pending,,,
45,Abyssea - Tahrongi,16962081,TR-02 Martello,,pending,,,
45,Abyssea - Tahrongi,16962082,TR-03 Martello,,pending,,,
45,Abyssea - Tahrongi,16962083,TR-04 Martello,,pending,,,
45,Abyssea - Tahrongi,16962084,TR-05 Martello,,pending,,,
45,Abyssea - Tahrongi,16962085,TR-06 Martello,,pending,,,
45,Abyssea - Tahrongi,16962086,TR-07 Martello,,pending,,,
45,Abyssea - Tahrongi,16962087,TR-08 Martello,,pending,,,
45,Abyssea - Tahrongi,16962089,Cavernous Maw,,pending,,,
45,Abyssea - Tahrongi,16962090,Kupipi,,pending,,,
45,Abyssea - Tahrongi,16962091,Apururu,,pending,,,
45,Abyssea - Tahrongi,16962092,Hakkuru-Rinkuru,,pending,,,
45,Abyssea - Tahrongi,16962093,Kuroido-Moido,,pending,,,
45,Abyssea - Tahrongi,16962094,Ohruru,,pending,,,
45,Abyssea - Tahrongi,16962095,Janshura-Rashura,,pending,,,
45,Abyssea - Tahrongi,16962096,Zabirego-Hajigo,,pending,,,
45,Abyssea - Tahrongi,16962097,Piketo-Puketo,,pending,,,
45,Abyssea - Tahrongi,16962098,Kopuro-Popuro,,pending,,,
45,Abyssea - Tahrongi,16962099,Bottomless Box,,pending,,,
45,Abyssea - Tahrongi,16962100,Peshi Yohnts,,pending,,,
45,Abyssea - Tahrongi,16962101,Zahsa Syalmhaia,,pending,,,
45,Abyssea - Tahrongi,16962102,Ada,,pending,,,
45,Abyssea - Tahrongi,16962103,Ohbiru-Dohbiru,,pending,,,
45,Abyssea - Tahrongi,16962104,Kenapa-Keppa,,pending,,,
45,Abyssea - Tahrongi,16962105,Diegai,,pending,,,
45,Abyssea - Tahrongi,16962106,Mhabi Molkot,,pending,,,
45,Abyssea - Tahrongi,16962107,Erpolant,,pending,,,
45,Abyssea - Tahrongi,16962108,Fuepepe,,pending,,,
45,Abyssea - Tahrongi,16962109,Furakku-Norakku,,pending,,,
45,Abyssea - Tahrongi,16962110,Baha Mannohl,,pending,,,
45,Abyssea - Tahrongi,16962112,Rhy Epocan,,pending,,,
45,Abyssea - Tahrongi,16962113,Baladanzo,,pending,,,
45,Abyssea - Tahrongi,16962115,Bopa Greso,,pending,,,
45,Abyssea - Tahrongi,16962116,Cha Lebagta,,pending,,,
45,Abyssea - Tahrongi,16962117,Gnarled Root,,pending,,,
45,Abyssea - Tahrongi,16962118,Fragmented Nutshell,,pending,,,
45,Abyssea - Tahrongi,16962119,Lycopodium Rootprint,,pending,,,
45,Abyssea - Tahrongi,16962120,Tahrongi Cacti,,pending,,,
45,Abyssea - Tahrongi,16962121,Signpost,,pending,,,
45,Abyssea - Tahrongi,16962122,Signpost,,pending,,,
45,Abyssea - Tahrongi,16962123,Signpost,,pending,,,
45,Abyssea - Tahrongi,16962124,Signpost,,pending,,,
45,Abyssea - Tahrongi,16962125,0x0102D249,,pending,,,
45,Abyssea - Tahrongi,16962126,0x0102D24A,,pending,,,
45,Abyssea - Tahrongi,16962127,0x0102D24B,,pending,,,
45,Abyssea - Tahrongi,16962128,0x0102D24C,,pending,,,
45,Abyssea - Tahrongi,16962132,Five of Diamonds,,pending,,,
45,Abyssea - Tahrongi,16962136,Six of Diamonds,,pending,,,
45,Abyssea - Tahrongi,16962139,Four of Diamonds,,pending,,,
45,Abyssea - Tahrongi,16962141,Three of Diamonds,,pending,,,
45,Abyssea - Tahrongi,16962142,Two of Diamonds,,pending,,,
45,Abyssea - Tahrongi,16962144,Shaz Norem,,pending,,,
45,Abyssea - Tahrongi,16962146,Machine Outfitter,,pending,,,
45,Abyssea - Tahrongi,16962148,0x0102D263,,pending,,,
45,Abyssea - Tahrongi,16962150,0x0102D265,,pending,,,
45,Abyssea - Tahrongi,16962152,0x0102D267,,pending,,,
45,Abyssea - Tahrongi,16962154,0x0102D269,,pending,,,
45,Abyssea - Tahrongi,16962158,0x0102D26C,,pending,,,
45,Abyssea - Tahrongi,16962161,Excavation Point,,pending,,,
45,Abyssea - Tahrongi,16962162,Excavation Point,,pending,,,
45,Abyssea - Tahrongi,16962163,Excavation Point,,pending,,,
45,Abyssea - Tahrongi,16962164,Excavation Point,,pending,,,
45,Abyssea - Tahrongi,16962165,Excavation Point,,pending,,,
45,Abyssea - Tahrongi,16962166,Excavation Point,,pending,,,
46,Open sea route to Al Zahbi,16965669,blank,,not_applicable,,,Unnamed placeholder or door; no NPC role label.
46,Open sea route to Al Zahbi,16965670,Adeben,,pending,,,
46,Open sea route to Al Zahbi,16965671,Map,,pending,,,
46,Open sea route to Al Zahbi,16965678,Cehn Teyohngo,,pending,,,
47,Open sea route to Mhaura,16969766,Sheadon,,pending,,,
47,Open sea route to Mhaura,16969767,Map,,pending,,,
47,Open sea route to Mhaura,16969774,Pashi Maccaleh,,pending,,,
48,Al Zahbi,16974248,blank,,not_applicable,,,Unnamed placeholder or door; no NPC role label.
48,Al Zahbi,16974260,Shield_master,,pending,,,
48,Al Zahbi,16974269,Door,,pending,,,
48,Al Zahbi,16974302,Chayaya,,pending,,,
48,Al Zahbi,16974303,Allard,,pending,,,
48,Al Zahbi,16974304,Kahah Hobichai,,pending,,,
48,Al Zahbi,16974305,Zafif,,pending,,,
48,Al Zahbi,16974306,Numaaf,,pending,,,
48,Al Zahbi,16974307,Taten-Bilten,,pending,,,
48,Al Zahbi,16974308,Bornahn,,pending,,,
48,Al Zahbi,16974309,Ndego,,pending,,,
48,Al Zahbi,16974310,Dehbi Moshal,,pending,,,
48,Al Zahbi,16974311,Nudahaal,,pending,,,
48,Al Zahbi,16974312,Zwaluh,,pending,,,
48,Al Zahbi,16974313,Gidappa,,pending,,,
48,Al Zahbi,16974314,Rajaaha,,pending,,,
48,Al Zahbi,16974315,Macici,,pending,,,
48,Al Zahbi,16974316,Yudi Yolhbi,,pending,,,
48,Al Zahbi,16974317,Goyuyu,,pending,,,
48,Al Zahbi,16974318,Sojan-Tamjan,,pending,,,
48,Al Zahbi,16974319,Yando-Memondo,,pending,,,
48,Al Zahbi,16974320,Mabebe,,pending,,,
48,Al Zahbi,16974321,Opococo,,pending,,,
48,Al Zahbi,16974322,Djinabaha,,pending,,,
48,Al Zahbi,16974323,Dabigo,,pending,,,
48,Al Zahbi,16974324,Chochoroon,,pending,,,
48,Al Zahbi,16974325,Rughadjeen,,pending,,,
48,Al Zahbi,16974326,Gadalar,,pending,,,
48,Al Zahbi,16974327,Mihli Aliapoh,,pending,,,
48,Al Zahbi,16974328,Zazarg,,pending,,,
48,Al Zahbi,16974329,Najelith,,pending,,,
48,Al Zahbi,16974330,Yayaroon,,pending,,,
48,Al Zahbi,16974331,Dahaaba,,pending,,,
48,Al Zahbi,16974332,Chocobo,,pending,,,
48,Al Zahbi,16974333,Shihu-Danhu,,pending,,,
48,Al Zahbi,16974334,Suldiran,,pending,,,
48,Al Zahbi,16974335,Biyaada,,pending,,,
48,Al Zahbi,16974336,Shayadar,,pending,,,
48,Al Zahbi,16974337,Iphaaf,,pending,,,
48,Al Zahbi,16974338,Talhaal,,pending,,,
48,Al Zahbi,16974339,Gaweesh,,pending,,,
48,Al Zahbi,16974376,Goblin Footprint,,pending,,,
48,Al Zahbi,16974382,Krujaal,,pending,,,
48,Al Zahbi,16974383,Gajaad,,pending,,,
48,Al Zahbi,16974384,Falzuuk,,pending,,,
48,Al Zahbi,16974385,Famatar,,pending,,,
48,Al Zahbi,16974388,Gameem,,pending,,,
48,Al Zahbi,16974389,Salaifa,,pending,,,
48,Al Zahbi,16974390,Ugahar,,pending,,,
48,Al Zahbi,16974391,Eumoa-Tajimoa,,pending,,,
48,Al Zahbi,16974392,Truffle,,pending,,,
48,Al Zahbi,16974393,Najaaj,,pending,,,
48,Al Zahbi,16974394,Sujyahn,,pending,,,
48,Al Zahbi,16974395,Talruf,,pending,,,
48,Al Zahbi,16974396,Gadaana,,pending,,,
48,Al Zahbi,16974397,Hadibal,,pending,,,
48,Al Zahbi,16974398,Zwiyaam,,pending,,,
48,Al Zahbi,16974399,Danaaba,,pending,,,
48,Al Zahbi,16974400,Devonte,,pending,,,
48,Al Zahbi,16974401,Banjanu,,pending,,,
48,Al Zahbi,16974402,Bjibar,,pending,,,
48,Al Zahbi,16974403,Dahaeel,,pending,,,
48,Al Zahbi,16974404,blank,,not_applicable,,,Unnamed placeholder or door; no NPC role label.
48,Al Zahbi,16974406,Voidwatch Purveyor,,pending,,,
48,Al Zahbi,16974407,Voidwatch Purveyor,,pending,,,
50,Aht Urhgan Whitegate,16982032,Tazhaal,,pending,,,
50,Aht Urhgan Whitegate,16982033,Zarfhid,,pending,,,
50,Aht Urhgan Whitegate,16982034,Atiza,,pending,,,
50,Aht Urhgan Whitegate,16982035,Muyadah,,pending,,,
50,Aht Urhgan Whitegate,16982036,Burnished Bones,,pending,,,
50,Aht Urhgan Whitegate,16982037,Esoteric Hound,,pending,,,
50,Aht Urhgan Whitegate,16982038,Furious Boulder,,pending,,,
50,Aht Urhgan Whitegate,16982039,Somnolent Rooster,,pending,,,
50,Aht Urhgan Whitegate,16982040,Kuhn Tsahnpri,,pending,,,
50,Aht Urhgan Whitegate,16982041,Baya Hiramayuh,,pending,,,
50,Aht Urhgan Whitegate,16982042,Khoi Gamduhla,,pending,,,
50,Aht Urhgan Whitegate,16982043,Muji Tsalahn,,pending,,,
50,Aht Urhgan Whitegate,16982047,Zhamwaa,,pending,,,
50,Aht Urhgan Whitegate,16982054,Home Point #1,,pending,,,
50,Aht Urhgan Whitegate,16982055,Home Point #2,,pending,,,
50,Aht Urhgan Whitegate,16982056,Home Point #3,,pending,,,
50,Aht Urhgan Whitegate,16982057,Home Point #4,,pending,,,
50,Aht Urhgan Whitegate,16982059,Ironbound Gate,,pending,,,
50,Aht Urhgan Whitegate,16982060,Ironbound Gate,,pending,,,
50,Aht Urhgan Whitegate,16982069,Sharin-Garin,,pending,,,
50,Aht Urhgan Whitegate,16982071,Door: Kokba Hostel,,not_applicable,,,Unnamed placeholder or door; no NPC role label.
50,Aht Urhgan Whitegate,16982073,Door: Kokba Hostel,,not_applicable,,,Unnamed placeholder or door; no NPC role label.
50,Aht Urhgan Whitegate,16982076,Runic Portal,,pending,,,
50,Aht Urhgan Whitegate,16982081,Imperial Whitegate,,pending,,,
50,Aht Urhgan Whitegate,16982083,Gate: Chocobo Circuit,,pending,,,
50,Aht Urhgan Whitegate,16982084,Auction Counter,,pending,,,
50,Aht Urhgan Whitegate,16982085,Auction Counter,,pending,,,
50,Aht Urhgan Whitegate,16982086,Auction Counter,,pending,,,
50,Aht Urhgan Whitegate,16982087,Riyadahf,,pending,,,
50,Aht Urhgan Whitegate,16982088,Gavrie,,pending,,,
50,Aht Urhgan Whitegate,16982089,Malfud,,pending,,,
50,Aht Urhgan Whitegate,16982090,Rubahah,,pending,,,
50,Aht Urhgan Whitegate,16982091,Mulnith,,pending,,,
50,Aht Urhgan Whitegate,16982092,Saluhwa,,pending,,,
50,Aht Urhgan Whitegate,16982093,Dwago,,pending,,,
50,Aht Urhgan Whitegate,16982094,Kulh Amariyo,,pending,,,
50,Aht Urhgan Whitegate,16982095,Khaf Jhifanm,,pending,,,
50,Aht Urhgan Whitegate,16982096,Hagakoff,,pending,,,
50,Aht Urhgan Whitegate,16982097,Bajahb,,pending,,,
50,Aht Urhgan Whitegate,16982098,Mazween,,pending,,,
50,Aht Urhgan Whitegate,16982099,Fayeewah,,pending,,,
50,Aht Urhgan Whitegate,16982100,Yafaaf,,pending,,,
50,Aht Urhgan Whitegate,16982101,Wahnid,,pending,,,
50,Aht Urhgan Whitegate,16982102,Gathweeda,,pending,,,
50,Aht Urhgan Whitegate,16982103,Wahraga,,pending,,,
50,Aht Urhgan Whitegate,16982104,Maudaal,,pending,,,
50,Aht Urhgan Whitegate,16982105,Milazahn,,pending,,,
50,Aht Urhgan Whitegate,16982106,Musdahl,,pending,,,
50,Aht Urhgan Whitegate,16982107,Jumaaf,,pending,,,
50,Aht Urhgan Whitegate,16982108,Qahzwin,,pending,,,
50,Aht Urhgan Whitegate,16982109,Kabihyam,,pending,,,
50,Aht Urhgan Whitegate,16982110,Arzizah,,pending,,,
50,Aht Urhgan Whitegate,16982111,Mafwahb,,pending,,,
50,Aht Urhgan Whitegate,16982112,Kalimahf,,pending,,,
50,Aht Urhgan Whitegate,16982113,Eunheem,,pending,,,
50,Aht Urhgan Whitegate,16982114,Sajahb,,pending,,,
50,Aht Urhgan Whitegate,16982115,Zwinam,,pending,,,
50,Aht Urhgan Whitegate,16982117,Ugrihd,,pending,,,
50,Aht Urhgan Whitegate,16982118,Kaduru-Haiduru,,pending,,,
50,Aht Urhgan Whitegate,16982119,Sulbahn,,pending,,,
50,Aht Urhgan Whitegate,16982120,Hadayah,,pending,,,
50,Aht Urhgan Whitegate,16982121,Shahau,,pending,,,
50,Aht Urhgan Whitegate,16982122,Kemha Flasehp,,pending,,,
50,Aht Urhgan Whitegate,16982123,Koyol-Futenol,,pending,,,
50,Aht Urhgan Whitegate,16982124,Zyfhil,,pending,,,
50,Aht Urhgan Whitegate,16982125,Petrino,,pending,,,
50,Aht Urhgan Whitegate,16982126,Tafeesa,,pending,,,
50,Aht Urhgan Whitegate,16982127,Talwahn,,pending,,,
50,Aht Urhgan Whitegate,16982128,Hamnahb,,pending,,,
50,Aht Urhgan Whitegate,16982129,Bujahwa,,pending,,,
50,Aht Urhgan Whitegate,16982130,Galzweesh,,pending,,,
50,Aht Urhgan Whitegate,16982131,Shahbizu,,pending,,,
50,Aht Urhgan Whitegate,16982132,Nonoroon,,pending,,,
50,Aht Urhgan Whitegate,16982133,Nafiwaa,,pending,,,
50,Aht Urhgan Whitegate,16982134,Kubhe Ijyuhla,,pending,,,
50,Aht Urhgan Whitegate,16982135,Tohka Telposkha,,pending,,,
50,Aht Urhgan Whitegate,16982136,Gigirk,,pending,,,
50,Aht Urhgan Whitegate,16982137,Rodin-Comidin,,pending,,,
50,Aht Urhgan Whitegate,16982138,Hajaom,,pending,,,
50,Aht Urhgan Whitegate,16982139,Rujen-Gorgen,,pending,,,
50,Aht Urhgan Whitegate,16982140,Zaranf,,pending,,,
50,Aht Urhgan Whitegate,16982141,Kelsha-Melansha,,pending,,,
50,Aht Urhgan Whitegate,16982142,Halbeeya,,pending,,,
50,Aht Urhgan Whitegate,16982143,Teteroon,,pending,,,
50,Aht Urhgan Whitegate,16982144,Ubahrid,,pending,,,
50,Aht Urhgan Whitegate,16982145,Nijaom,,pending,,,
50,Aht Urhgan Whitegate,16982146,Zubyahn,,pending,,,
50,Aht Urhgan Whitegate,16982147,Amajal,,pending,,,
50,Aht Urhgan Whitegate,16982148,Hashayra,,pending,,,
50,Aht Urhgan Whitegate,16982149,Kamnahb,,pending,,,
50,Aht Urhgan Whitegate,16982150,Drahbah,,pending,,,
50,Aht Urhgan Whitegate,16982151,Kazween,,pending,,,
50,Aht Urhgan Whitegate,16982152,Mariyaam,,pending,,,
50,Aht Urhgan Whitegate,16982153,Shajaf,,pending,,,
50,Aht Urhgan Whitegate,16982154,Nadee Periyaha,,pending,,,
50,Aht Urhgan Whitegate,16982156,Naja Salaheem,,pending,,,
50,Aht Urhgan Whitegate,16982157,Abquhbah,,pending,,,
50,Aht Urhgan Whitegate,16982161,Ghatsad,,pending,,,
50,Aht Urhgan Whitegate,16982162,Abda-Lurabda,,pending,,,
50,Aht Urhgan Whitegate,16982163,Tateeya,,pending,,,
50,Aht Urhgan Whitegate,16982164,blank,,not_applicable,,,Unnamed placeholder or door; no NPC role label.
50,Aht Urhgan Whitegate,16982171,Rytaal,,pending,,,
50,Aht Urhgan Whitegate,16982172,Kantila,,pending,,,
50,Aht Urhgan Whitegate,16982173,Qulsun,,pending,,,
50,Aht Urhgan Whitegate,16982174,Yahsra,,pending,,,
50,Aht Urhgan Whitegate,16982175,Isdebaaq,,pending,,,
50,Aht Urhgan Whitegate,16982176,Famad,,pending,,,
50,Aht Urhgan Whitegate,16982177,Lageegee,,pending,,,
50,Aht Urhgan Whitegate,16982178,Bhoy Yhupplo,,pending,,,
50,Aht Urhgan Whitegate,16982179,Sorrowful Sage,,pending,,,
50,Aht Urhgan Whitegate,16982180,Berangere,,pending,,,
50,Aht Urhgan Whitegate,16982181,blank,,not_applicable,,,Unnamed placeholder or door; no NPC role label.
50,Aht Urhgan Whitegate,16982225,blank,,not_applicable,,,Unnamed placeholder or door; no NPC role label.
50,Aht Urhgan Whitegate,16982251,Cushion,,pending,,,
50,Aht Urhgan Whitegate,16982252,Cacaroon,,pending,,,
50,Aht Urhgan Whitegate,16982253,Giehnz,,pending,,,
50,Aht Urhgan Whitegate,16982254,Sashosho,,pending,,,
50,Aht Urhgan Whitegate,16982256,???,,not_applicable,,,Unnamed placeholder or door; no NPC role label.
50,Aht Urhgan Whitegate,16982257,Nadeey,,pending,,,
50,Aht Urhgan Whitegate,16982258,Kuhmden,,pending,,,
50,Aht Urhgan Whitegate,16982259,Ugahar,,pending,,,
50,Aht Urhgan Whitegate,16982260,Prillaure,,pending,,,
50,Aht Urhgan Whitegate,16982261,Ahaadah,,pending,,,
50,Aht Urhgan Whitegate,16982264,Ratihb,,pending,,,
50,Aht Urhgan Whitegate,16982270,Fochacha,,pending,,,
50,Aht Urhgan Whitegate,16982273,Qutiba,,pending,,,
50,Aht Urhgan Whitegate,16982274,Ulamaal,,pending,,,
50,Aht Urhgan Whitegate,16982275,Saliyahf,,pending,,,
50,Aht Urhgan Whitegate,16982276,Wazyih,,pending,,,
50,Aht Urhgan Whitegate,16982292,Dkhaaya,,pending,,,
50,Aht Urhgan Whitegate,16982293,Ahkk Jharcham,,pending,,,
50,Aht Urhgan Whitegate,16982297,Waoud,,pending,,,
50,Aht Urhgan Whitegate,16982302,Lathuya,,pending,,,
50,Aht Urhgan Whitegate,16982309,Zasshal,,pending,,,
50,Aht Urhgan Whitegate,16982312,Hadahda,,pending,,,
50,Aht Urhgan Whitegate,16982313,Mushayra,,pending,,,
50,Aht Urhgan Whitegate,16982314,Ekhu Pesshyadha,,pending,,,
50,Aht Urhgan Whitegate,16982315,Mathlouq,,pending,,,
50,Aht Urhgan Whitegate,16982316,Zabahf,,pending,,,
50,Aht Urhgan Whitegate,16982317,Mhasbaf,,pending,,,
50,Aht Urhgan Whitegate,16982318,Matifa,,pending,,,
50,Aht Urhgan Whitegate,16982319,Tehf Kimasnahya,,pending,,,
50,Aht Urhgan Whitegate,16982325,Iruki-Waraki,,pending,,,
50,Aht Urhgan Whitegate,16982331,Dhima Polevhia,,pending,,,
50,Aht Urhgan Whitegate,16982337,Balakaf,,pending,,,
50,Aht Urhgan Whitegate,16982338,Hishahma,,pending,,,
50,Aht Urhgan Whitegate,16982339,Dabhuh,,pending,,,
50,Aht Urhgan Whitegate,16982354,Ghanraam,,pending,,,
50,Aht Urhgan Whitegate,16982364,Fari-Wari,,pending,,,
50,Aht Urhgan Whitegate,16982446,Mishhar,,pending,,,
50,Aht Urhgan Whitegate,16982450,Attendant,,pending,,,
50,Aht Urhgan Whitegate,16982451,Attendant,,pending,,,
50,Aht Urhgan Whitegate,16982452,Attendant,,pending,,,
50,Aht Urhgan Whitegate,16982453,Attendant,,pending,,,
50,Aht Urhgan Whitegate,16982454,Ohsi Shomahl,,pending,,,
50,Aht Urhgan Whitegate,16982455,Fubruhn,,pending,,,
50,Aht Urhgan Whitegate,16982457,Asrahd,,pending,,,
50,Aht Urhgan Whitegate,16982459,Sajaaya,,pending,,,
50,Aht Urhgan Whitegate,16982460,Hajawaa,,pending,,,
50,Aht Urhgan Whitegate,16982461,Jarafah,,pending,,,
50,Aht Urhgan Whitegate,16982462,Pursuivant,,pending,,,
50,Aht Urhgan Whitegate,16982463,Tsih Kolgimih,,pending,,,
50,Aht Urhgan Whitegate,16982538,Hugo,,pending,,,
50,Aht Urhgan Whitegate,16982566,blank,,not_applicable,,,Unnamed placeholder or door; no NPC role label.
50,Aht Urhgan Whitegate,16982568,Sanraku,,pending,,,
50,Aht Urhgan Whitegate,16982569,Ryo,,pending,,,
50,Aht Urhgan Whitegate,16982607,Hunt Registry,,pending,,,
50,Aht Urhgan Whitegate,16982632,Porter Moogle,,pending,,,
50,Aht Urhgan Whitegate,16982634,Rendezvous Point,,pending,,,
50,Aht Urhgan Whitegate,16982636,Voidwatch Purveyor,,pending,,,
50,Aht Urhgan Whitegate,16982637,Mrohk Sahjuuli,,pending,,,
50,Aht Urhgan Whitegate,16982640,Wondrix,,pending,,,
50,Aht Urhgan Whitegate,16982641,Treasure Coffer,,pending,,,
50,Aht Urhgan Whitegate,16982643,Survival Guide,,pending,,,
50,Aht Urhgan Whitegate,16982644,Resume Point,,pending,,,
50,Aht Urhgan Whitegate,16982645,blank,,not_applicable,,,Unnamed placeholder or door; no NPC role label.
51,Wajaom Woodlands,16986621,???,,not_applicable,,,Unnamed placeholder or door; no NPC role label.
51,Wajaom Woodlands,16986622,???,,not_applicable,,,Unnamed placeholder or door; no NPC role label.
51,Wajaom Woodlands,16986623,???,,not_applicable,,,Unnamed placeholder or door; no NPC role label.
51,Wajaom Woodlands,16986624,???,,not_applicable,,,Unnamed placeholder or door; no NPC role label.
51,Wajaom Woodlands,16986625,Peculiar Footprints,,pending,,,
51,Wajaom Woodlands,16986648,qm8,,pending,,,
51,Wajaom Woodlands,16986655,???,,not_applicable,,,Unnamed placeholder or door; no NPC role label.
51,Wajaom Woodlands,16986656,???,,not_applicable,,,Unnamed placeholder or door; no NPC role label.
51,Wajaom Woodlands,16986670,Goblin Footprint,,pending,,,
51,Wajaom Woodlands,16986674,Leypoint,,pending,,,
51,Wajaom Woodlands,16986733,???,,not_applicable,,,Unnamed placeholder or door; no NPC role label.
51,Wajaom Woodlands,16986734,Pephredo Hive,,pending,,,
51,Wajaom Woodlands,16986735,Pephredo Hive,,pending,,,
51,Wajaom Woodlands,16986736,Pephredo Hive,,pending,,,
51,Wajaom Woodlands,16986737,Pephredo Hive,,pending,,,
51,Wajaom Woodlands,16986738,Pephredo Hive,,pending,,,
51,Wajaom Woodlands,16986739,Pephredo Hive,,pending,,,
51,Wajaom Woodlands,16986740,Pephredo Hive,,pending,,,
51,Wajaom Woodlands,16986741,Pephredo Hive,,pending,,,
51,Wajaom Woodlands,16986742,Pephredo Hive,,pending,,,
51,Wajaom Woodlands,16986743,Pephredo Hive,,pending,,,
51,Wajaom Woodlands,16986744,Pephredo Hive,,pending,,,
51,Wajaom Woodlands,16986745,Harvesting Point,,pending,,,
51,Wajaom Woodlands,16986746,Harvesting Point,,pending,,,
51,Wajaom Woodlands,16986747,Harvesting Point,,pending,,,
51,Wajaom Woodlands,16986748,Harvesting Point,,pending,,,
51,Wajaom Woodlands,16986749,Harvesting Point,,pending,,,
51,Wajaom Woodlands,16986750,Harvesting Point,,pending,,,
51,Wajaom Woodlands,16986753,Mythralline Wellspring,,pending,,,
51,Wajaom Woodlands,16986754,Mythralline Wellspring,,pending,,,
51,Wajaom Woodlands,16986755,Mythralline Wellspring,,pending,,,
51,Wajaom Woodlands,16986756,Mythralline Wellspring,,pending,,,
51,Wajaom Woodlands,16986764,Watisa,,pending,,,
51,Wajaom Woodlands,16986765,blank,,not_applicable,,,Unnamed placeholder or door; no NPC role label.
51,Wajaom Woodlands,16986766,Giwahb Watchtower,,pending,,,
51,Wajaom Woodlands,16986837,Camille,,pending,,,
51,Wajaom Woodlands,16986841,Atmacite Refiner,,pending,,,
51,Wajaom Woodlands,16986842,Survival Guide,,pending,,,
51,Wajaom Woodlands,16986843,Ethereal Junction,,pending,,,
51,Wajaom Woodlands,16986844,Ethereal Junction,,pending,,,
51,Wajaom Woodlands,16986845,Ethereal Junction,,pending,,,
51,Wajaom Woodlands,16986849,Savage Scars,,pending,,,
51,Wajaom Woodlands,16986854,Marolith,,pending,,,
52,Bhaflau Thickets,16990604,???,,not_applicable,,,Unnamed placeholder or door; no NPC role label.
52,Bhaflau Thickets,16990605,???,,not_applicable,,,Unnamed placeholder or door; no NPC role label.
52,Bhaflau Thickets,16990627,_1g2,,pending,,,
52,Bhaflau Thickets,16990632,Runic Portal,,pending,,,
52,Bhaflau Thickets,16990635,Kamih Mapokhalam,,pending,,,
52,Bhaflau Thickets,16990636,Hamta-Iramta,,pending,,,
52,Bhaflau Thickets,16990638,???,,not_applicable,,,Unnamed placeholder or door; no NPC role label.
52,Bhaflau Thickets,16990645,Daswil,,pending,,,
52,Bhaflau Thickets,16990647,Goblin Footprint,,pending,,,
52,Bhaflau Thickets,16990648,Ahmibi Watchtower,,pending,,,
52,Bhaflau Thickets,16990649,Harvesting Point,,pending,,,
52,Bhaflau Thickets,16990650,Harvesting Point,,pending,,,
52,Bhaflau Thickets,16990651,Harvesting Point,,pending,,,
52,Bhaflau Thickets,16990652,Harvesting Point,,pending,,,
52,Bhaflau Thickets,16990653,Harvesting Point,,pending,,,
52,Bhaflau Thickets,16990654,Harvesting Point,,pending,,,
52,Bhaflau Thickets,16990657,Mythralline Wellspring,,pending,,,
52,Bhaflau Thickets,16990658,???,,not_applicable,,,Unnamed placeholder or door; no NPC role label.
52,Bhaflau Thickets,16990660,Home Point #1,,pending,,,
53,Nashmau,16994320,Abihaal,,pending,,,
53,Nashmau,16994321,Sajhra,,pending,,,
53,Nashmau,16994322,Bellowing Scout,,pending,,,
53,Nashmau,16994323,Belligerent Sheep,,pending,,,
53,Nashmau,16994324,Yohj Dukonlhy,,pending,,,
53,Nashmau,16994325,Teco Chatpaya,,pending,,,
53,Nashmau,16994332,Home Point #1,,pending,,,
53,Nashmau,16994337,blank,,not_applicable,,,Unnamed placeholder or door; no NPC role label.
53,Nashmau,16994338,blank,,not_applicable,,,Unnamed placeholder or door; no NPC role label.
53,Nashmau,16994339,blank,,not_applicable,,,Unnamed placeholder or door; no NPC role label.
53,Nashmau,16994340,blank,,not_applicable,,,Unnamed placeholder or door; no NPC role label.
53,Nashmau,16994341,Jajaroon,,pending,,,
53,Nashmau,16994342,Jijiroon,,pending,,,
53,Nashmau,16994343,Viviroon,,pending,,,
53,Nashmau,16994344,Yoyoroon,,pending,,,
53,Nashmau,16994345,Tsetseroon,,pending,,,
53,Nashmau,16994346,Mamaroon,,pending,,,
53,Nashmau,16994347,Mimiroon,,pending,,,
53,Nashmau,16994348,Pipiroon,,pending,,,
53,Nashmau,16994349,Poporoon,,pending,,,
53,Nashmau,16994350,Wata Khamazom,,pending,,,
53,Nashmau,16994351,Guhyun,,pending,,,
53,Nashmau,16994352,Wafeeyah,,pending,,,
53,Nashmau,16994353,Fhe Maksojha,,pending,,,
53,Nashmau,16994354,Buburoon,,pending,,,
53,Nashmau,16994355,Zazaroon,,pending,,,
53,Nashmau,16994357,Mumuroon,,pending,,,
53,Nashmau,16994358,Kyokyoroon,,pending,,,
53,Nashmau,16994359,Leleroon,,pending,,,
53,Nashmau,16994360,Yuyuroon,,pending,,,
53,Nashmau,16994361,Chuchuroon,,pending,,,
53,Nashmau,16994362,Tsotsoroon,,pending,,,
53,Nashmau,16994363,Sisiroon,,pending,,,
53,Nashmau,16994364,Loloroon,,pending,,,
53,Nashmau,16994365,Tataroon,,pending,,,
53,Nashmau,16994366,Jojoroon,,pending,,,
53,Nashmau,16994367,Memeroon,,pending,,,
53,Nashmau,16994370,Tsutsuroon,,pending,,,
53,Nashmau,16994371,Habadim,,pending,,,
53,Nashmau,16994372,Pyopyoroon,,pending,,,
53,Nashmau,16994373,Chichiroon,,pending,,,
53,Nashmau,16994374,Rararoon,,pending,,,
53,Nashmau,16994375,Momoroon,,pending,,,
53,Nashmau,16994376,Pupuroon,,pending,,,
53,Nashmau,16994377,Nanaroon,,pending,,,
53,Nashmau,16994378,Neneroon,,pending,,,
53,Nashmau,16994379,Nomad Moogle,,pending,,,
53,Nashmau,16994380,Nomad Moogle,,pending,,,
53,Nashmau,16994381,Awaheen,,pending,,,
53,Nashmau,16994382,Ququroon,,pending,,,
53,Nashmau,16994384,Totoroon,,pending,,,
53,Nashmau,16994385,Gehuha,,pending,,,
53,Nashmau,16994397,Kilusha,,pending,,,
53,Nashmau,16994398,Paparoon,,pending,,,
53,Nashmau,16994399,???,,not_applicable,,,Unnamed placeholder or door; no NPC role label.
53,Nashmau,16994410,Nabihwah,,pending,,,
53,Nashmau,16994412,Dnegan,,pending,,,
53,Nashmau,16994427,Halshaob,,pending,,,
53,Nashmau,16994428,Game Table,,pending,,,
53,Nashmau,16994430,Kakkaroon,,pending,,,
53,Nashmau,16994435,Hunt Registry,,pending,,,
53,Nashmau,16994436,Porter Moogle,,pending,,,
53,Nashmau,16994438,Voidwatch Purveyor,,pending,,,
53,Nashmau,16994442,Survival Guide,,pending,,,
53,Nashmau,16994443,Shelu-Mapelu,,pending,,,
54,Arrapago Reef,16998898,???,,not_applicable,,,Unnamed placeholder or door; no NPC role label.
54,Arrapago Reef,16998899,???,,not_applicable,,,Unnamed placeholder or door; no NPC role label.
54,Arrapago Reef,16998900,???,,not_applicable,,,Unnamed placeholder or door; no NPC role label.
54,Arrapago Reef,16998901,???,,not_applicable,,,Unnamed placeholder or door; no NPC role label.
54,Arrapago Reef,16998902,Peculiar Footprints,,pending,,,
54,Arrapago Reef,16998991,Tidal Gate,,pending,,,
54,Arrapago Reef,16998997,Runic Portal,,pending,,,
54,Arrapago Reef,16998998,???,,not_applicable,,,Unnamed placeholder or door; no NPC role label.
54,Arrapago Reef,16999000,Goblin Footprint,,pending,,,
54,Arrapago Reef,16999019,???,,not_applicable,,,Unnamed placeholder or door; no NPC role label.
54,Arrapago Reef,16999047,Resume Point,,pending,,,
54,Arrapago Reef,16999048,Meyaada,,pending,,,
54,Arrapago Reef,16999051,???,,not_applicable,,,Unnamed placeholder or door; no NPC role label.
54,Arrapago Reef,16999052,???,,not_applicable,,,Unnamed placeholder or door; no NPC role label.
54,Arrapago Reef,16999054,Cutter,,pending,,,
54,Arrapago Reef,16999056,???,,not_applicable,,,Unnamed placeholder or door; no NPC role label.
54,Arrapago Reef,16999069,Planar Rift,,pending,,,
54,Arrapago Reef,16999070,Planar Rift,,pending,,,
54,Arrapago Reef,16999071,Planar Rift,,pending,,,
54,Arrapago Reef,16999075,blank,,not_applicable,,,Unnamed placeholder or door; no NPC role label.
54,Arrapago Reef,16999076,Survival Guide,,pending,,,
54,Arrapago Reef,16999081,Apkallu Guide,,pending,,,
54,Arrapago Reef,16999096,Camp Remnants,,pending,,,
57,Talacca Cove,17010908,blank,,not_applicable,,,Unnamed placeholder or door; no NPC role label.
57,Talacca Cove,17010912,blank,,not_applicable,,,Unnamed placeholder or door; no NPC role label.
57,Talacca Cove,17010913,blank,,not_applicable,,,Unnamed placeholder or door; no NPC role label.
57,Talacca Cove,17010914,blank,,not_applicable,,,Unnamed placeholder or door; no NPC role label.
57,Talacca Cove,17010915,blank,,not_applicable,,,Unnamed placeholder or door; no NPC role label.
57,Talacca Cove,17010916,blank,,not_applicable,,,Unnamed placeholder or door; no NPC role label.
57,Talacca Cove,17010917,blank,,not_applicable,,,Unnamed placeholder or door; no NPC role label.
57,Talacca Cove,17010918,???,,not_applicable,,,Unnamed placeholder or door; no NPC role label.
57,Talacca Cove,17010921,Goblin Footprint,,pending,,,
58,Silver Sea route to Nashmau,17014823,Qudamahf,,pending,,,
58,Silver Sea route to Nashmau,17014824,Map,,pending,,,
58,Silver Sea route to Nashmau,17014832,Jidwahn,,pending,,,
59,Silver Sea route to Al Zahbi,17018919,Shadeeu,,pending,,,
59,Silver Sea route to Al Zahbi,17018920,Map,,pending,,,
59,Silver Sea route to Al Zahbi,17018928,Yahliq,,pending,,,
60,The Ashu Talif,17023063,???,,not_applicable,,,Unnamed placeholder or door; no NPC role label.
61,Mount Zhayolm,17027515,???,,not_applicable,,,Unnamed placeholder or door; no NPC role label.
61,Mount Zhayolm,17027516,???,,not_applicable,,,Unnamed placeholder or door; no NPC role label.
61,Mount Zhayolm,17027517,???,,not_applicable,,,Unnamed placeholder or door; no NPC role label.
61,Mount Zhayolm,17027518,???,,not_applicable,,,Unnamed placeholder or door; no NPC role label.
61,Mount Zhayolm,17027519,???,,not_applicable,,,Unnamed placeholder or door; no NPC role label.
61,Mount Zhayolm,17027520,Peculiar Footprints,,pending,,,
61,Mount Zhayolm,17027542,Runic Portal,,pending,,,
61,Mount Zhayolm,17027546,Bapokk,,pending,,,
61,Mount Zhayolm,17027550,???,,not_applicable,,,Unnamed placeholder or door; no NPC role label.
61,Mount Zhayolm,17027551,Sprightly Footsteps,,pending,,,
61,Mount Zhayolm,17027552,Withered Petals,,pending,,,
61,Mount Zhayolm,17027553,???,,not_applicable,,,Unnamed placeholder or door; no NPC role label.
61,Mount Zhayolm,17027555,Goblin Footprint,,pending,,,
61,Mount Zhayolm,17027556,???,,not_applicable,,,Unnamed placeholder or door; no NPC role label.
61,Mount Zhayolm,17027558,blank11,,pending,,,
61,Mount Zhayolm,17027561,Waudeen,,pending,,,
61,Mount Zhayolm,17027562,Mining Point,,pending,,,
61,Mount Zhayolm,17027563,Mining Point,,pending,,,
61,Mount Zhayolm,17027564,Mining Point,,pending,,,
61,Mount Zhayolm,17027565,Mining Point,,pending,,,
61,Mount Zhayolm,17027566,Mining Point,,pending,,,
61,Mount Zhayolm,17027567,Mining Point,,pending,,,
61,Mount Zhayolm,17027569,???,,not_applicable,,,Unnamed placeholder or door; no NPC role label.
61,Mount Zhayolm,17027619,Acid-eaten Door,,pending,,,
61,Mount Zhayolm,17027622,Planar Rift,,pending,,,
61,Mount Zhayolm,17027623,Planar Rift,,pending,,,
61,Mount Zhayolm,17027624,Planar Rift,,pending,,,
61,Mount Zhayolm,17027628,Home Point #1,,pending,,,
61,Mount Zhayolm,17027633,Ethereal Junction,,pending,,,
61,Mount Zhayolm,17027634,Ethereal Junction,,pending,,,
61,Mount Zhayolm,17027635,Ethereal Junction,,pending,,,
62,Halvung,17031608,???,,not_applicable,,,Unnamed placeholder or door; no NPC role label.
62,Halvung,17031609,???,,not_applicable,,,Unnamed placeholder or door; no NPC role label.
62,Halvung,17031610,???,,not_applicable,,,Unnamed placeholder or door; no NPC role label.
62,Halvung,17031611,???,,not_applicable,,,Unnamed placeholder or door; no NPC role label.
62,Halvung,17031671,Operating Lever,,pending,,,
62,Halvung,17031672,Operating Lever,,pending,,,
62,Halvung,17031675,Operating Lever,,pending,,,
62,Halvung,17031676,Operating Lever,,pending,,,
62,Halvung,17031679,Operating Lever,,pending,,,
62,Halvung,17031680,Operating Lever,,pending,,,
62,Halvung,17031683,Operating Lever,,pending,,,
62,Halvung,17031684,Operating Lever,,pending,,,
62,Halvung,17031687,Operating Lever,,pending,,,
62,Halvung,17031688,Operating Lever,,pending,,,
62,Halvung,17031690,Decorative Bronze Gate,,pending,,,
62,Halvung,17031696,Allard,,pending,,,
62,Halvung,17031712,Decorative Bronze Gate,,pending,,,
62,Halvung,17031713,???,,not_applicable,,,Unnamed placeholder or door; no NPC role label.
62,Halvung,17031715,Goblin Footprint,,pending,,,
62,Halvung,17031716,Mining Point,,pending,,,
62,Halvung,17031717,Mining Point,,pending,,,
62,Halvung,17031718,Mining Point,,pending,,,
62,Halvung,17031719,Mining Point,,pending,,,
62,Halvung,17031720,Mining Point,,pending,,,
62,Halvung,17031721,Mining Point,,pending,,,
62,Halvung,17031723,???,,not_applicable,,,Unnamed placeholder or door; no NPC role label.
62,Halvung,17031724,???,,not_applicable,,,Unnamed placeholder or door; no NPC role label.
62,Halvung,17031737,???,,not_applicable,,,Unnamed placeholder or door; no NPC role label.
62,Halvung,17031741,Survival Guide,,pending,,,
64,Navukgo Execution Chamber,17039453,Goblin Footprint,,pending,,,
65,Mamook,17043917,???,,not_applicable,,,Unnamed placeholder or door; no NPC role label.
65,Mamook,17043918,???,,not_applicable,,,Unnamed placeholder or door; no NPC role label.
65,Mamook,17043943,Mahogany Door,,pending,,,
65,Mamook,17043990,Mahogany Door,,pending,,,
65,Mamook,17043991,???,,not_applicable,,,Unnamed placeholder or door; no NPC role label.
65,Mamook,17043993,Goblin Footprint,,pending,,,
65,Mamook,17043994,???,,not_applicable,,,Unnamed placeholder or door; no NPC role label.
65,Mamook,17044009,Viscous Liquid,,pending,,,
65,Mamook,17044010,Viscous Liquid,,pending,,,
65,Mamook,17044011,Viscous Liquid,,pending,,,
65,Mamook,17044012,Viscous Liquid,,pending,,,
65,Mamook,17044013,Viscous Liquid,,pending,,,
65,Mamook,17044014,Viscous Liquid,,pending,,,
65,Mamook,17044015,Logging Point,,pending,,,
65,Mamook,17044016,Logging Point,,pending,,,
65,Mamook,17044017,Logging Point,,pending,,,
65,Mamook,17044018,Logging Point,,pending,,,
65,Mamook,17044019,Logging Point,,pending,,,
65,Mamook,17044020,Logging Point,,pending,,,
65,Mamook,17044022,???,,not_applicable,,,Unnamed placeholder or door; no NPC role label.
65,Mamook,17044023,???,,not_applicable,,,Unnamed placeholder or door; no NPC role label.
65,Mamook,17044039,Toad's Footprint,,pending,,,
65,Mamook,17044040,Toad's Footprint,,pending,,,
65,Mamook,17044053,Planar Rift,,pending,,,
65,Mamook,17044054,Planar Rift,,pending,,,
65,Mamook,17044055,Planar Rift,,pending,,,
65,Mamook,17044059,Survival Guide,,pending,,,
67,Jade Sepulcher,17051856,Goblin Footprint,,pending,,,
67,Jade Sepulcher,17051932,blank,,not_applicable,,,Unnamed placeholder or door; no NPC role label.
68,Aydeewa Subterrane,17056368,Dampsoil,,pending,,,
68,Aydeewa Subterrane,17056369,???,,not_applicable,,,Unnamed placeholder or door; no NPC role label.
68,Aydeewa Subterrane,17056370,???,,not_applicable,,,Unnamed placeholder or door; no NPC role label.
68,Aydeewa Subterrane,17056372,???,,not_applicable,,,Unnamed placeholder or door; no NPC role label.
68,Aydeewa Subterrane,17056373,Peculiar Footprints,,pending,,,
68,Aydeewa Subterrane,17056392,???,,not_applicable,,,Unnamed placeholder or door; no NPC role label.
68,Aydeewa Subterrane,17056393,Excavation Site,,pending,,,
68,Aydeewa Subterrane,17056394,Excavation Site,,pending,,,
68,Aydeewa Subterrane,17056395,Excavation Site,,pending,,,
68,Aydeewa Subterrane,17056397,Goblin Footprint,,pending,,,
68,Aydeewa Subterrane,17056409,???,,not_applicable,,,Unnamed placeholder or door; no NPC role label.
68,Aydeewa Subterrane,17056411,blank_omens,,pending,,,
68,Aydeewa Subterrane,17056425,blank_toau20,,pending,,,
68,Aydeewa Subterrane,17056454,blank,,not_applicable,,,Unnamed placeholder or door; no NPC role label.
68,Aydeewa Subterrane,17056456,Mushroom Patch,,pending,,,
68,Aydeewa Subterrane,17056457,Mushroom Patch,,pending,,,
68,Aydeewa Subterrane,17056458,Mushroom Patch,,pending,,,
68,Aydeewa Subterrane,17056459,Mushroom Patch,,pending,,,
68,Aydeewa Subterrane,17056460,Mushroom Patch,,pending,,,
68,Aydeewa Subterrane,17056461,Mushroom Patch,,pending,,,
68,Aydeewa Subterrane,17056462,???,,not_applicable,,,Unnamed placeholder or door; no NPC role label.
68,Aydeewa Subterrane,17056475,Planar Rift,,pending,,,
68,Aydeewa Subterrane,17056476,Planar Rift,,pending,,,
68,Aydeewa Subterrane,17056477,Planar Rift,,pending,,,
68,Aydeewa Subterrane,17056481,Survival Guide,,pending,,,
68,Aydeewa Subterrane,17056482,Ethereal Junction,,pending,,,
68,Aydeewa Subterrane,17056483,Ethereal Junction,,pending,,,
68,Aydeewa Subterrane,17056484,Ethereal Junction,,pending,,,
68,Aydeewa Subterrane,17056490,Survey Point,,pending,,,
68,Aydeewa Subterrane,17056491,Survey Point,,pending,,,
68,Aydeewa Subterrane,17056492,Survey Point,,pending,,,
68,Aydeewa Subterrane,17056493,Final Survey Point,,pending,,,
70,Chocobo Circuit,17063941,Alangriche,,pending,,,
70,Chocobo Circuit,17063942,Lafaurelle,,pending,,,
70,Chocobo Circuit,17063943,Jazgeh,,pending,,,
70,Chocobo Circuit,17063944,Zagied,,pending,,,
70,Chocobo Circuit,17063945,Rungaga,,pending,,,
70,Chocobo Circuit,17063946,Chualulu,,pending,,,
70,Chocobo Circuit,17064038,Curtis,,pending,,,
70,Chocobo Circuit,17064039,Manfred,,pending,,,
70,Chocobo Circuit,17064040,Gustavo,,pending,,,
70,Chocobo Circuit,17064041,Russel,,pending,,,
70,Chocobo Circuit,17064042,Delaulne,,pending,,,
70,Chocobo Circuit,17064043,Fina,,pending,,,
70,Chocobo Circuit,17064044,Channon,,pending,,,
70,Chocobo Circuit,17064045,Mercedes,,pending,,,
70,Chocobo Circuit,17064046,Ilsoire,,pending,,,
70,Chocobo Circuit,17064047,Foulneporde,,pending,,,
70,Chocobo Circuit,17064048,Mulaitrand,,pending,,,
70,Chocobo Circuit,17064049,Saffaullette,,pending,,,
70,Chocobo Circuit,17064050,Boirie,,pending,,,
70,Chocobo Circuit,17064051,Azainnie,,pending,,,
70,Chocobo Circuit,17064052,Flige,,pending,,,
70,Chocobo Circuit,17064053,Perdric,,pending,,,
70,Chocobo Circuit,17064054,Odersille,,pending,,,
70,Chocobo Circuit,17064055,Couzanne,,pending,,,
70,Chocobo Circuit,17064056,Luca,,pending,,,
70,Chocobo Circuit,17064057,Khatri,,pending,,,
70,Chocobo Circuit,17064060,Karsten,,pending,,,
70,Chocobo Circuit,17064061,Jolande,,pending,,,
70,Chocobo Circuit,17064062,Rodrigo,,pending,,,
70,Chocobo Circuit,17064063,Lisette,,pending,,,
70,Chocobo Circuit,17064064,Timothy,,pending,,,
70,Chocobo Circuit,17064065,Magali,,pending,,,
70,Chocobo Circuit,17064066,Valerio,,pending,,,
70,Chocobo Circuit,17064067,Maxine,,pending,,,
70,Chocobo Circuit,17064068,Ove,,pending,,,
70,Chocobo Circuit,17064069,Raquel,,pending,,,
70,Chocobo Circuit,17064070,Laujaquetemps,,pending,,,
70,Chocobo Circuit,17064071,Cadwyn,,pending,,,
70,Chocobo Circuit,17064072,Fhaht Beablrucch,,pending,,,
70,Chocobo Circuit,17064073,Failene,,pending,,,
70,Chocobo Circuit,17064074,Giancario,,pending,,,
70,Chocobo Circuit,17064075,Pretervout,,pending,,,
70,Chocobo Circuit,17064076,Sudha Rhilimanyme,,pending,,,
70,Chocobo Circuit,17064077,Gozben,,pending,,,
70,Chocobo Circuit,17064078,Linus,,pending,,,
70,Chocobo Circuit,17064079,Olega,,pending,,,
70,Chocobo Circuit,17064080,Lengussant,,pending,,,
70,Chocobo Circuit,17064081,Cordaurie,,pending,,,
70,Chocobo Circuit,17064082,Roman,,pending,,,
70,Chocobo Circuit,17064083,Maleroune,,pending,,,
70,Chocobo Circuit,17064084,Rhap Talashpehn,,pending,,,
70,Chocobo Circuit,17064085,Gerlbotz,,pending,,,
70,Chocobo Circuit,17064086,Gadimo,,pending,,,
70,Chocobo Circuit,17064087,Piana,,pending,,,
70,Chocobo Circuit,17064088,Guillaulmilian,,pending,,,
70,Chocobo Circuit,17064089,Daipanne,,pending,,,
70,Chocobo Circuit,17064090,Olorinda,,pending,,,
70,Chocobo Circuit,17064091,Uhko Rolinzoh,,pending,,,
70,Chocobo Circuit,17064092,Jadamo,,pending,,,
70,Chocobo Circuit,17064093,Jaicedion,,pending,,,
70,Chocobo Circuit,17064094,Urbano,,pending,,,
70,Chocobo Circuit,17064095,Reinwald,,pending,,,
70,Chocobo Circuit,17064096,Palson,,pending,,,
70,Chocobo Circuit,17064105,Joilevin,,pending,,,
70,Chocobo Circuit,17064106,Pollante,,pending,,,
70,Chocobo Circuit,17064107,Chaquoillons,,pending,,,
70,Chocobo Circuit,17064108,Faboise,,pending,,,
70,Chocobo Circuit,17064109,Cyphaireau,,pending,,,
70,Chocobo Circuit,17064110,Amaduralle,,pending,,,
70,Chocobo Circuit,17064111,Mediverchanne,,pending,,,
70,Chocobo Circuit,17064112,Vaihilique,,pending,,,
70,Chocobo Circuit,17064113,???,,not_applicable,,,Unnamed placeholder or door; no NPC role label.
70,Chocobo Circuit,17064114,???,,not_applicable,,,Unnamed placeholder or door; no NPC role label.
70,Chocobo Circuit,17064115,blank,,not_applicable,,,Unnamed placeholder or door; no NPC role label.
70,Chocobo Circuit,17064116,blank,,not_applicable,,,Unnamed placeholder or door; no NPC role label.
70,Chocobo Circuit,17064117,Happo,,pending,,,
70,Chocobo Circuit,17064118,Eugenia,,pending,,,
70,Chocobo Circuit,17064119,Berthold,,pending,,,
70,Chocobo Circuit,17064120,Sigiswald,,pending,,,
70,Chocobo Circuit,17064121,Rhind Mhikkrol,,pending,,,
70,Chocobo Circuit,17064125,Phemille,,pending,,,
70,Chocobo Circuit,17064133,Dealer Moogle,,pending,,,
70,Chocobo Circuit,17064134,Dealer Moogle,,pending,,,
70,Chocobo Circuit,17064135,Gate: Chocobo Circuit,,pending,,,
70,Chocobo Circuit,17064136,Gate: Chocobo Circuit,,pending,,,
70,Chocobo Circuit,17064137,Gate: Chocobo Circuit,,pending,,,
70,Chocobo Circuit,17064138,Gate: Chocobo Circuit,,pending,,,
70,Chocobo Circuit,17064139,Gate: Chocobo Circuit,,pending,,,
70,Chocobo Circuit,17064140,Michaela,,pending,,,
70,Chocobo Circuit,17064141,Adrian,,pending,,,
70,Chocobo Circuit,17064142,Cyril,,pending,,,
70,Chocobo Circuit,17064143,Synergy Engineer,,pending,,,
70,Chocobo Circuit,17064144,Synergy Engineer,,pending,,,
70,Chocobo Circuit,17064145,Synergy Furnace,,pending,,,
70,Chocobo Circuit,17064146,Synergy Furnace,,pending,,,
70,Chocobo Circuit,17064147,Synergy Furnace,,pending,,,
70,Chocobo Circuit,17064148,Synergy Furnace,,pending,,,
70,Chocobo Circuit,17064149,Synergy Enthusiast,,pending,,,
70,Chocobo Circuit,17064155,Mandragora Assistant,,pending,,,
70,Chocobo Circuit,17064156,blank,,not_applicable,,,Unnamed placeholder or door; no NPC role label.
71,The Colosseum,17068442,Speaking Tubes,,pending,,,
71,The Colosseum,17068443,Speaking Tubes,,pending,,,
71,The Colosseum,17068444,Speaking Tubes,,pending,,,
71,The Colosseum,17068445,Speaking Tubes,,pending,,,
71,The Colosseum,17068446,Speaking Tubes,,pending,,,
71,The Colosseum,17068447,Speaking Tubes,,pending,,,
71,The Colosseum,17068448,Speaking Tubes,,pending,,,
71,The Colosseum,17068449,Speaking Tubes,,pending,,,
71,The Colosseum,17068450,Doel-Demiel,,pending,,,
71,The Colosseum,17068453,Juvenal,,pending,,,
71,The Colosseum,17068520,Gate: The Pit,,pending,,,
71,The Colosseum,17068521,Cage Fence,,pending,,,
71,The Colosseum,17068522,Cage Fence,,pending,,,
71,The Colosseum,17068523,Cage Fence,,pending,,,
71,The Colosseum,17068524,Cage Fence,,pending,,,
71,The Colosseum,17068528,Zandjarl,,pending,,,
71,The Colosseum,17068529,Walzharn,,pending,,,
71,The Colosseum,17068530,Hamgahn,,pending,,,
71,The Colosseum,17068531,Djiahlm,,pending,,,
71,The Colosseum,17068532,Wahrouzam,,pending,,,
71,The Colosseum,17068533,Zhayard,,pending,,,
71,The Colosseum,17068534,Sazahlam,,pending,,,
71,The Colosseum,17068535,Ghadjuyan,,pending,,,
71,The Colosseum,17068536,Habhayam,,pending,,,
71,The Colosseum,17068537,Garawham,,pending,,,
71,The Colosseum,17068538,Bebo Jhatabia,,pending,,,
71,The Colosseum,17068539,Ghasherd,,pending,,,
71,The Colosseum,17068540,Masya Rhaliduva,,pending,,,
71,The Colosseum,17068541,Rhamurya,,pending,,,
71,The Colosseum,17068542,Saco Alyahka,,pending,,,
71,The Colosseum,17068543,Yassham,,pending,,,
71,The Colosseum,17068544,Vyki Parabuji,,pending,,,
71,The Colosseum,17068545,Kanawawa,,pending,,,
71,The Colosseum,17068546,Kumumu,,pending,,,
71,The Colosseum,17068547,Nalpupu,,pending,,,
71,The Colosseum,17068548,Niwawa,,pending,,,
71,The Colosseum,17068550,Kaheema,,pending,,,
71,The Colosseum,17068551,Abhrem,,pending,,,
71,The Colosseum,17068552,Kadjayhal,,pending,,,
71,The Colosseum,17068554,Rayeewa,,pending,,,
71,The Colosseum,17068555,Idjham,,pending,,,
71,The Colosseum,17068556,Ghalizham,,pending,,,
71,The Colosseum,17068558,Tadeewa,,pending,,,
71,The Colosseum,17068559,Biwhal,,pending,,,
71,The Colosseum,17068560,Wharoub,,pending,,,
71,The Colosseum,17068562,Salyadh,,pending,,,
71,The Colosseum,17068563,Whashai,,pending,,,
71,The Colosseum,17068564,Zhashdi,,pending,,,
72,Alzadaal Undersea Ruins,17072279,???,,not_applicable,,,Unnamed placeholder or door; no NPC role label.
72,Alzadaal Undersea Ruins,17072280,???,,not_applicable,,,Unnamed placeholder or door; no NPC role label.
72,Alzadaal Undersea Ruins,17072281,???,,not_applicable,,,Unnamed placeholder or door; no NPC role label.
72,Alzadaal Undersea Ruins,17072282,???,,not_applicable,,,Unnamed placeholder or door; no NPC role label.
72,Alzadaal Undersea Ruins,17072334,Runic Portal,,pending,,,
72,Alzadaal Undersea Ruins,17072335,Runic Portal,,pending,,,
72,Alzadaal Undersea Ruins,17072361,_k5y,,pending,,,
72,Alzadaal Undersea Ruins,17072362,blank,,not_applicable,,,Unnamed placeholder or door; no NPC role label.
72,Alzadaal Undersea Ruins,17072365,blank,,not_applicable,,,Unnamed placeholder or door; no NPC role label.
72,Alzadaal Undersea Ruins,17072368,Goblin Footprint,,pending,,,
72,Alzadaal Undersea Ruins,17072369,blank_transformations,,pending,,,
72,Alzadaal Undersea Ruins,17072374,Shahayl,,pending,,,
72,Alzadaal Undersea Ruins,17072392,Ethereal Junction,,pending,,,
72,Alzadaal Undersea Ruins,17072393,Ethereal Junction,,pending,,,
72,Alzadaal Undersea Ruins,17072394,Ethereal Junction,,pending,,,
73,Zhayolm Remnants,17076579,Armoury Crate,,pending,,,
74,Arrapago Remnants,17080586,Armoury Crate,,pending,,,
74,Arrapago Remnants,17080996,NPC[29f],,pending,,,
75,Bhaflau Remnants,17084722,Armoury Crate,,pending,,,
75,Bhaflau Remnants,17084926,NPC[1f9],,pending,,,
76,Silver Sea Remnants,17088787,Armoury Crate,,pending,,,
76,Silver Sea Remnants,17089422,NPC[389],,pending,,,
77,Nyzul Isle,17092609,Armoury Crate,,pending,,,
77,Nyzul Isle,17092610,Armoury Crate,,pending,,,
77,Nyzul Isle,17092611,Armoury Crate,,pending,,,
77,Nyzul Isle,17092612,Armoury Crate,,pending,,,
77,Nyzul Isle,17092613,Armoury Crate,,pending,,,
77,Nyzul Isle,17092614,Armoury Crate,,pending,,,
77,Nyzul Isle,17092615,Armoury Crate,,pending,,,
77,Nyzul Isle,17093426,GOAL_SW,,pending,,,
77,Nyzul Isle,17093428,START_SW,,pending,,,
77,Nyzul Isle,17093430,Rune of Transfer,,pending,,,
77,Nyzul Isle,17093431,Vending Box,,pending,,,
77,Nyzul Isle,17093610,Armoury Crate,,pending,,,
77,Nyzul Isle,17093611,Armoury Crate,,pending,,,
77,Nyzul Isle,17093612,Armoury Crate,,pending,,,
78,Hazhalm Testing Grounds,17096705,Astral Glimmer,,pending,,,
78,Hazhalm Testing Grounds,17097354,Goblin Footprint,,pending,,,
78,Hazhalm Testing Grounds,17097389,???,,not_applicable,,,Unnamed placeholder or door; no NPC role label.
79,Caedarva Mire,17101288,Warhorse Hoofprint,,pending,,,
79,Caedarva Mire,17101289,Warhorse Hoofprint,,pending,,,
79,Caedarva Mire,17101290,Warhorse Hoofprint,,pending,,,
79,Caedarva Mire,17101292,???,,not_applicable,,,Unnamed placeholder or door; no NPC role label.
79,Caedarva Mire,17101293,???,,not_applicable,,,Unnamed placeholder or door; no NPC role label.
79,Caedarva Mire,17101294,???,,not_applicable,,,Unnamed placeholder or door; no NPC role label.
79,Caedarva Mire,17101295,???,,not_applicable,,,Unnamed placeholder or door; no NPC role label.
79,Caedarva Mire,17101296,Peculiar Footprints,,pending,,,
79,Caedarva Mire,17101319,Runic Portal,,pending,,,
79,Caedarva Mire,17101322,Runic Portal,,pending,,,
79,Caedarva Mire,17101327,Tyamah,,pending,,,
79,Caedarva Mire,17101328,Nasheefa,,pending,,,
79,Caedarva Mire,17101329,Nuimahn,,pending,,,
79,Caedarva Mire,17101330,Kwadaaf,,pending,,,
79,Caedarva Mire,17101334,???,,not_applicable,,,Unnamed placeholder or door; no NPC role label.
79,Caedarva Mire,17101336,Goblin Footprint,,pending,,,
79,Caedarva Mire,17101337,???,,not_applicable,,,Unnamed placeholder or door; no NPC role label.
79,Caedarva Mire,17101343,Jazaraat's Headstone,,pending,,,
79,Caedarva Mire,17101361,Seaprince's Tombstone,,pending,,,
79,Caedarva Mire,17101363,Nahshib,,pending,,,
79,Caedarva Mire,17101364,Nareema,,pending,,,
79,Caedarva Mire,17101365,???,,not_applicable,,,Unnamed placeholder or door; no NPC role label.
79,Caedarva Mire,17101366,Logging Point,,pending,,,
79,Caedarva Mire,17101367,Logging Point,,pending,,,
79,Caedarva Mire,17101368,Logging Point,,pending,,,
79,Caedarva Mire,17101369,Logging Point,,pending,,,
79,Caedarva Mire,17101370,Logging Point,,pending,,,
79,Caedarva Mire,17101371,Logging Point,,pending,,,
79,Caedarva Mire,17101373,???,,not_applicable,,,Unnamed placeholder or door; no NPC role label.
79,Caedarva Mire,17101374,???,,not_applicable,,,Unnamed placeholder or door; no NPC role label.
79,Caedarva Mire,17101379,???,,not_applicable,,,Unnamed placeholder or door; no NPC role label.
79,Caedarva Mire,17101384,???,,not_applicable,,,Unnamed placeholder or door; no NPC role label.
79,Caedarva Mire,17101393,Planar Rift,,pending,,,
79,Caedarva Mire,17101394,Planar Rift,,pending,,,
79,Caedarva Mire,17101395,Planar Rift,,pending,,,
79,Caedarva Mire,17101399,Home Point #1,,pending,,,
79,Caedarva Mire,17101404,Ethereal Junction,,pending,,,
79,Caedarva Mire,17101405,Ethereal Junction,,pending,,,
79,Caedarva Mire,17101406,Ethereal Junction,,pending,,,
79,Caedarva Mire,17101407,Survival Guide,,pending,,,
79,Caedarva Mire,17101414,Savage Scars,,pending,,,
79,Caedarva Mire,17101419,Vexing Sniffles,,pending,,,
80,Southern San d'Oria [S],17105266,Lurouillat,,pending,,,
80,Southern San d'Oria [S],17105290,Valaineral R Davilles,,pending,,,
80,Southern San d'Oria [S],17105291,Leonoyne,,pending,,,
80,Southern San d'Oria [S],17105292,Ashmea B Greinner,,pending,,,
80,Southern San d'Oria [S],17105293,Feldrautte I Rouhent,,pending,,,
80,Southern San d'Oria [S],17105295,Cerane I Virgaut,,pending,,,
80,Southern San d'Oria [S],17105298,Mieuseloir B Enchelles,,pending,,,
80,Southern San d'Oria [S],17105313,"Saphiriance, T.K.",,pending,,,
80,Southern San d'Oria [S],17105316,blank,,not_applicable,,,Unnamed placeholder or door; no NPC role label.
80,Southern San d'Oria [S],17105321,"Scarlette, C.A.",,pending,,,
80,Southern San d'Oria [S],17105322,Exoroche,,pending,,,
80,Southern San d'Oria [S],17105324,Thierride,,pending,,,
80,Southern San d'Oria [S],17105341,"Eauvague, T.K.",,pending,,,
80,Southern San d'Oria [S],17105363,Palardaifault V Draffles,,pending,,,
80,Southern San d'Oria [S],17105364,Rasdinice,,pending,,,
80,Southern San d'Oria [S],17105366,Fiaudie,,pending,,,
80,Southern San d'Oria [S],17105367,Quartermaster,,pending,,,
80,Southern San d'Oria [S],17105368,Adjutant,,pending,,,
80,Southern San d'Oria [S],17105375,Zidalf,,pending,,,
80,Southern San d'Oria [S],17105376,Home Point #1,,pending,,,
80,Southern San d'Oria [S],17105381,Nembet,,pending,,,
80,Southern San d'Oria [S],17105382,Wyatt,,pending,,,
80,Southern San d'Oria [S],17105383,Mainchelite,,pending,,,
80,Southern San d'Oria [S],17105384,Eumielle,,pending,,,
80,Southern San d'Oria [S],17105385,Coucheutand,,pending,,,
80,Southern San d'Oria [S],17105386,Remiotte,,pending,,,
80,Southern San d'Oria [S],17105387,Aurfet,,pending,,,
80,Southern San d'Oria [S],17105388,Andagge,,pending,,,
80,Southern San d'Oria [S],17105389,Rongelouts N Distaud,,pending,,,
80,Southern San d'Oria [S],17105390,Aissaville,,pending,,,
80,Southern San d'Oria [S],17105391,Raustigne,,pending,,,
80,Southern San d'Oria [S],17105392,Ysayle,,pending,,,
80,Southern San d'Oria [S],17105393,Vichauxdat,,pending,,,
80,Southern San d'Oria [S],17105394,Berengein,,pending,,,
80,Southern San d'Oria [S],17105395,Farouel,,pending,,,
80,Southern San d'Oria [S],17105396,Touttaures,,pending,,,
80,Southern San d'Oria [S],17105397,Sabiliont,,pending,,,
80,Southern San d'Oria [S],17105403,Orcish Captive,,pending,,,
80,Southern San d'Oria [S],17105404,Louxiard,,pending,,,
80,Southern San d'Oria [S],17105405,Corseihaut,,pending,,,
80,Southern San d'Oria [S],17105406,Autouria,,pending,,,
80,Southern San d'Oria [S],17105407,Contie,,pending,,,
80,Southern San d'Oria [S],17105408,Machionage,,pending,,,
80,Southern San d'Oria [S],17105409,Loillie,,pending,,,
80,Southern San d'Oria [S],17105410,Daigraffeaux,,pending,,,
80,Southern San d'Oria [S],17105411,Elnonde,,pending,,,
80,Southern San d'Oria [S],17105412,Illeuse,,pending,,,
80,Southern San d'Oria [S],17105413,Geltpix,,pending,,,
80,Southern San d'Oria [S],17105414,Tamba-Namba,,pending,,,
80,Southern San d'Oria [S],17105415,Rholont,,pending,,,
80,Southern San d'Oria [S],17105426,Riautte,,pending,,,
80,Southern San d'Oria [S],17105427,Piscariaux,,pending,,,
80,Southern San d'Oria [S],17105437,Tree Hollow,,pending,,,
80,Southern San d'Oria [S],17105438,Well,,pending,,,
80,Southern San d'Oria [S],17105465,??? Warmachine,,pending,,,
80,Southern San d'Oria [S],17105481,Houilloumie,,pending,,,
80,Southern San d'Oria [S],17105482,Chauxnatte,,pending,,,
80,Southern San d'Oria [S],17105484,Mailleronce,,pending,,,
80,Southern San d'Oria [S],17105488,Alfred,,pending,,,
80,Southern San d'Oria [S],17105496,blank_fork,,pending,,,
80,Southern San d'Oria [S],17105498,Door:House,,not_applicable,,,Unnamed placeholder or door; no NPC role label.
80,Southern San d'Oria [S],17105511,Hauberliond,,pending,,,
80,Southern San d'Oria [S],17105512,Voucheramme,,pending,,,
80,Southern San d'Oria [S],17105519,"Miliart, T.K.",,pending,,,
80,Southern San d'Oria [S],17105529,Crochepallade,,pending,,,
80,Southern San d'Oria [S],17105530,Dilgeur,,pending,,,
80,Southern San d'Oria [S],17105536,Renadile,,pending,,,
80,Southern San d'Oria [S],17105537,"Door:""Lion Springs""",,not_applicable,,,Unnamed placeholder or door; no NPC role label.
80,Southern San d'Oria [S],17105607,Nichais,,pending,,,
80,Southern San d'Oria [S],17105648,Thirkell,,pending,,,
80,Southern San d'Oria [S],17105694,Hunt Registry,,pending,,,
80,Southern San d'Oria [S],17105695,Atmacite Refiner,,pending,,,
80,Southern San d'Oria [S],17105696,Voidwatch Officer,,pending,,,
80,Southern San d'Oria [S],17105697,Voidwatch Purveyor,,pending,,,
80,Southern San d'Oria [S],17105698,Porter Moogle,,pending,,,
80,Southern San d'Oria [S],17105700,Survival Guide,,pending,,,
80,Southern San d'Oria [S],17105701,Cyranda,,pending,,,
80,Southern San d'Oria [S],17105705,Mystic Retriever,,pending,,,
81,East Ronfaure [S],17109723,???,,not_applicable,,,Unnamed placeholder or door; no NPC role label.
81,East Ronfaure [S],17109724,???,,not_applicable,,,Unnamed placeholder or door; no NPC role label.
81,East Ronfaure [S],17109767,Stone Monument,,pending,,,
81,East Ronfaure [S],17109768,"Arlayse, R.K.",,pending,,,
81,East Ronfaure [S],17109771,blank,,not_applicable,,,Unnamed placeholder or door; no NPC role label.
81,East Ronfaure [S],17109778,Cavernous Maw,,pending,,,
81,East Ronfaure [S],17109779,Allied Ensign,,pending,,,
81,East Ronfaure [S],17109781,Goblin Footprint,,pending,,,
81,East Ronfaure [S],17109783,Logging Point,,pending,,,
81,East Ronfaure [S],17109784,Logging Point,,pending,,,
81,East Ronfaure [S],17109785,Logging Point,,pending,,,
81,East Ronfaure [S],17109786,Logging Point,,pending,,,
81,East Ronfaure [S],17109787,Logging Point,,pending,,,
81,East Ronfaure [S],17109788,Logging Point,,pending,,,
81,East Ronfaure [S],17109791,???,,not_applicable,,,Unnamed placeholder or door; no NPC role label.
81,East Ronfaure [S],17109792,???,,not_applicable,,,Unnamed placeholder or door; no NPC role label.
81,East Ronfaure [S],17109793,???,,not_applicable,,,Unnamed placeholder or door; no NPC role label.
81,East Ronfaure [S],17109794,New-turned Earth,,pending,,,
81,East Ronfaure [S],17109795,Gate Sentry,,pending,,,
81,East Ronfaure [S],17109796,???,,not_applicable,,,Unnamed placeholder or door; no NPC role label.
81,East Ronfaure [S],17109800,???,,not_applicable,,,Unnamed placeholder or door; no NPC role label.
81,East Ronfaure [S],17109801,???,,not_applicable,,,Unnamed placeholder or door; no NPC role label.
81,East Ronfaure [S],17109802,???,,not_applicable,,,Unnamed placeholder or door; no NPC role label.
81,East Ronfaure [S],17109844,Shredded Label,,pending,,,
81,East Ronfaure [S],17109845,Watchful Pixie,,pending,,,
81,East Ronfaure [S],17109850,blank_cait,,pending,,,
81,East Ronfaure [S],17109851,Planar Rift,,pending,,,
81,East Ronfaure [S],17109852,Planar Rift,,pending,,,
81,East Ronfaure [S],17109853,Planar Rift,,pending,,,
81,East Ronfaure [S],17109857,Survival Guide,,pending,,,
82,Jugner Forest [S],17113831,???,,not_applicable,,,Unnamed placeholder or door; no NPC role label.
82,Jugner Forest [S],17113832,???,,not_applicable,,,Unnamed placeholder or door; no NPC role label.
82,Jugner Forest [S],17113833,???,,not_applicable,,,Unnamed placeholder or door; no NPC role label.
82,Jugner Forest [S],17113876,Telepoint,,pending,,,
82,Jugner Forest [S],17113885,Glowing Pebbles,,pending,,,
82,Jugner Forest [S],17113888,Stone Monument,,pending,,,
82,Jugner Forest [S],17113889,"Roiloux, R.K.",,pending,,,
82,Jugner Forest [S],17113892,blank,,not_applicable,,,Unnamed placeholder or door; no NPC role label.
82,Jugner Forest [S],17113897,Cavernous Maw,,pending,,,
82,Jugner Forest [S],17113899,???,,not_applicable,,,Unnamed placeholder or door; no NPC role label.
82,Jugner Forest [S],17113901,Goblin Footprint,,pending,,,
82,Jugner Forest [S],17113902,Logging Point,,pending,,,
82,Jugner Forest [S],17113903,Logging Point,,pending,,,
82,Jugner Forest [S],17113904,Logging Point,,pending,,,
82,Jugner Forest [S],17113905,Logging Point,,pending,,,
82,Jugner Forest [S],17113906,Logging Point,,pending,,,
82,Jugner Forest [S],17113907,Logging Point,,pending,,,
82,Jugner Forest [S],17113909,???,,not_applicable,,,Unnamed placeholder or door; no NPC role label.
82,Jugner Forest [S],17113910,New-turned Earth,,pending,,,
82,Jugner Forest [S],17113911,Landeric,,pending,,,
82,Jugner Forest [S],17113913,Gate Sentry,,pending,,,
82,Jugner Forest [S],17113914,???,,not_applicable,,,Unnamed placeholder or door; no NPC role label.
82,Jugner Forest [S],17113938,???,,not_applicable,,,Unnamed placeholder or door; no NPC role label.
82,Jugner Forest [S],17113972,Felled Trees,,pending,,,
82,Jugner Forest [S],17113973,Overgrown Mushrooms,,pending,,,
82,Jugner Forest [S],17114011,Helmyre,,pending,,,
82,Jugner Forest [S],17114013,Elegant Footprints,,pending,,,
82,Jugner Forest [S],17114014,Humus-rich Earth,,pending,,,
82,Jugner Forest [S],17114033,Mossy Stump,,pending,,,
82,Jugner Forest [S],17114034,Shredded Label,,pending,,,
82,Jugner Forest [S],17114035,Watchful Pixie,,pending,,,
82,Jugner Forest [S],17114040,blank_fork,,pending,,,
82,Jugner Forest [S],17114041,Planar Rift,,pending,,,
82,Jugner Forest [S],17114042,Planar Rift,,pending,,,
82,Jugner Forest [S],17114043,Planar Rift,,pending,,,
82,Jugner Forest [S],17114047,Survival Guide,,pending,,,
83,Vunkerl Inlet [S],17117896,???,,not_applicable,,,Unnamed placeholder or door; no NPC role label.
83,Vunkerl Inlet [S],17117897,???,,not_applicable,,,Unnamed placeholder or door; no NPC role label.
83,Vunkerl Inlet [S],17117941,Stone Monument,,pending,,,
83,Vunkerl Inlet [S],17117942,"Toulsard, R.K.",,pending,,,
83,Vunkerl Inlet [S],17117945,blank,,not_applicable,,,Unnamed placeholder or door; no NPC role label.
83,Vunkerl Inlet [S],17117954,Beastman Ensign,,pending,,,
83,Vunkerl Inlet [S],17117955,Leadavox,,pending,,,
83,Vunkerl Inlet [S],17117956,???,,not_applicable,,,Unnamed placeholder or door; no NPC role label.
83,Vunkerl Inlet [S],17117959,Goblin Footprint,,pending,,,
83,Vunkerl Inlet [S],17117960,Gate Sentry,,pending,,,
83,Vunkerl Inlet [S],17117961,???,,not_applicable,,,Unnamed placeholder or door; no NPC role label.
83,Vunkerl Inlet [S],17117984,???,,not_applicable,,,Unnamed placeholder or door; no NPC role label.
83,Vunkerl Inlet [S],17117987,???,,not_applicable,,,Unnamed placeholder or door; no NPC role label.
83,Vunkerl Inlet [S],17117988,Leafy Patch,,pending,,,
83,Vunkerl Inlet [S],17118006,Toppled Cresset,,pending,,,
83,Vunkerl Inlet [S],17118007,Toppled Cresset,,pending,,,
83,Vunkerl Inlet [S],17118008,Underbrush,,pending,,,
83,Vunkerl Inlet [S],17118009,Indescript Markings,,pending,,,
83,Vunkerl Inlet [S],17118011,???,,not_applicable,,,Unnamed placeholder or door; no NPC role label.
83,Vunkerl Inlet [S],17118037,Shredded Label,,pending,,,
83,Vunkerl Inlet [S],17118038,Watchful Pixie,,pending,,,
83,Vunkerl Inlet [S],17118043,Planar Rift,,pending,,,
83,Vunkerl Inlet [S],17118044,Planar Rift,,pending,,,
83,Vunkerl Inlet [S],17118045,Planar Rift,,pending,,,
83,Vunkerl Inlet [S],17118049,Survival Guide,,pending,,,
84,Batallia Downs [S],17122054,???,,not_applicable,,,Unnamed placeholder or door; no NPC role label.
84,Batallia Downs [S],17122055,???,,not_applicable,,,Unnamed placeholder or door; no NPC role label.
84,Batallia Downs [S],17122099,Stone Monument,,pending,,,
84,Batallia Downs [S],17122100,"Myllue, R.K.",,pending,,,
84,Batallia Downs [S],17122103,blank,,not_applicable,,,Unnamed placeholder or door; no NPC role label.
84,Batallia Downs [S],17122126,Eberhard,,pending,,,
84,Batallia Downs [S],17122127,Romualdo,,pending,,,
84,Batallia Downs [S],17122128,Bramwell,,pending,,,
84,Batallia Downs [S],17122129,Ellison,,pending,,,
84,Batallia Downs [S],17122130,Milburn,,pending,,,
84,Batallia Downs [S],17122131,Wilfred,,pending,,,
84,Batallia Downs [S],17122133,Cavernous Maw,,pending,,,
84,Batallia Downs [S],17122134,blank,,not_applicable,,,Unnamed placeholder or door; no NPC role label.
84,Batallia Downs [S],17122135,Lycopodium,,pending,,,
84,Batallia Downs [S],17122136,Fortilace,,pending,,,
84,Batallia Downs [S],17122137,Thorben,,pending,,,
84,Batallia Downs [S],17122140,Goblin Footprint,,pending,,,
84,Batallia Downs [S],17122144,Deumiot,,pending,,,
84,Batallia Downs [S],17122172,Gate Sentry,,pending,,,
84,Batallia Downs [S],17122173,???,,not_applicable,,,Unnamed placeholder or door; no NPC role label.
84,Batallia Downs [S],17122197,???,,not_applicable,,,Unnamed placeholder or door; no NPC role label.
84,Batallia Downs [S],17122256,Planar Rift,,pending,,,
84,Batallia Downs [S],17122257,Planar Rift,,pending,,,
84,Batallia Downs [S],17122258,Planar Rift,,pending,,,
84,Batallia Downs [S],17122262,Atmacite Refiner,,pending,,,
84,Batallia Downs [S],17122263,Voidwatch Officer,,pending,,,
84,Batallia Downs [S],17122264,Underpass Hatch,,pending,,,
84,Batallia Downs [S],17122265,Shredded Label,,pending,,,
84,Batallia Downs [S],17122266,Watchful Pixie,,pending,,,
84,Batallia Downs [S],17122284,Fresh Snowmelt,,pending,,,
84,Batallia Downs [S],17122285,???,,not_applicable,,,Unnamed placeholder or door; no NPC role label.
84,Batallia Downs [S],17122289,Shanene,,pending,,,
84,Batallia Downs [S],17122290,Survival Guide,,pending,,,
84,Batallia Downs [S],17122293,???,,not_applicable,,,Unnamed placeholder or door; no NPC role label.
84,Batallia Downs [S],17122294,Secret Entrance,,pending,,,
85,La Vaule [S],17126055,???,,not_applicable,,,Unnamed placeholder or door; no NPC role label.
85,La Vaule [S],17126056,???,,not_applicable,,,Unnamed placeholder or door; no NPC role label.
85,La Vaule [S],17126094,"Framaraix, T.K.",,pending,,,
85,La Vaule [S],17126097,blank,,not_applicable,,,Unnamed placeholder or door; no NPC role label.
85,La Vaule [S],17126115,New-turned Earth,,pending,,,
85,La Vaule [S],17126133,Goblin Footprint,,pending,,,
85,La Vaule [S],17126196,blank_fork,,pending,,,
86,Everbloom Hollow,17129724,???,,not_applicable,,,Unnamed placeholder or door; no NPC role label.
86,Everbloom Hollow,17129725,???,,not_applicable,,,Unnamed placeholder or door; no NPC role label.
86,Everbloom Hollow,17129726,???,,not_applicable,,,Unnamed placeholder or door; no NPC role label.
86,Everbloom Hollow,17129727,???,,not_applicable,,,Unnamed placeholder or door; no NPC role label.
86,Everbloom Hollow,17129728,???,,not_applicable,,,Unnamed placeholder or door; no NPC role label.
86,Everbloom Hollow,17129730,???,,not_applicable,,,Unnamed placeholder or door; no NPC role label.
86,Everbloom Hollow,17129731,???,,not_applicable,,,Unnamed placeholder or door; no NPC role label.
86,Everbloom Hollow,17129732,???,,not_applicable,,,Unnamed placeholder or door; no NPC role label.
86,Everbloom Hollow,17129733,???,,not_applicable,,,Unnamed placeholder or door; no NPC role label.
86,Everbloom Hollow,17129734,???,,not_applicable,,,Unnamed placeholder or door; no NPC role label.
86,Everbloom Hollow,17129735,???,,not_applicable,,,Unnamed placeholder or door; no NPC role label.
86,Everbloom Hollow,17129736,???,,not_applicable,,,Unnamed placeholder or door; no NPC role label.
86,Everbloom Hollow,17129737,???,,not_applicable,,,Unnamed placeholder or door; no NPC role label.
86,Everbloom Hollow,17129738,???,,not_applicable,,,Unnamed placeholder or door; no NPC role label.
86,Everbloom Hollow,17129739,???,,not_applicable,,,Unnamed placeholder or door; no NPC role label.
86,Everbloom Hollow,17129740,???,,not_applicable,,,Unnamed placeholder or door; no NPC role label.
86,Everbloom Hollow,17129741,???,,not_applicable,,,Unnamed placeholder or door; no NPC role label.
86,Everbloom Hollow,17129742,???,,not_applicable,,,Unnamed placeholder or door; no NPC role label.
86,Everbloom Hollow,17129743,???,,not_applicable,,,Unnamed placeholder or door; no NPC role label.
86,Everbloom Hollow,17129744,???,,not_applicable,,,Unnamed placeholder or door; no NPC role label.
86,Everbloom Hollow,17129745,???,,not_applicable,,,Unnamed placeholder or door; no NPC role label.
86,Everbloom Hollow,17129749,Switch,,pending,,,
86,Everbloom Hollow,17129750,Switch,,pending,,,
86,Everbloom Hollow,17129751,Switch,,pending,,,
86,Everbloom Hollow,17129752,blank,,not_applicable,,,Unnamed placeholder or door; no NPC role label.
86,Everbloom Hollow,17129753,blank,,not_applicable,,,Unnamed placeholder or door; no NPC role label.
86,Everbloom Hollow,17129754,blank,,not_applicable,,,Unnamed placeholder or door; no NPC role label.
86,Everbloom Hollow,17129755,blank,,not_applicable,,,Unnamed placeholder or door; no NPC role label.
86,Everbloom Hollow,17129756,blank,,not_applicable,,,Unnamed placeholder or door; no NPC role label.
86,Everbloom Hollow,17129757,blank,,not_applicable,,,Unnamed placeholder or door; no NPC role label.
86,Everbloom Hollow,17129758,blank,,not_applicable,,,Unnamed placeholder or door; no NPC role label.
86,Everbloom Hollow,17129759,blank,,not_applicable,,,Unnamed placeholder or door; no NPC role label.
86,Everbloom Hollow,17129760,blank,,not_applicable,,,Unnamed placeholder or door; no NPC role label.
86,Everbloom Hollow,17129761,blank,,not_applicable,,,Unnamed placeholder or door; no NPC role label.
86,Everbloom Hollow,17129762,blank,,not_applicable,,,Unnamed placeholder or door; no NPC role label.
86,Everbloom Hollow,17129763,blank,,not_applicable,,,Unnamed placeholder or door; no NPC role label.
86,Everbloom Hollow,17129764,blank,,not_applicable,,,Unnamed placeholder or door; no NPC role label.
86,Everbloom Hollow,17129765,blank,,not_applicable,,,Unnamed placeholder or door; no NPC role label.
86,Everbloom Hollow,17129766,blank,,not_applicable,,,Unnamed placeholder or door; no NPC role label.
86,Everbloom Hollow,17129767,blank,,not_applicable,,,Unnamed placeholder or door; no NPC role label.
86,Everbloom Hollow,17129768,???,,not_applicable,,,Unnamed placeholder or door; no NPC role label.
86,Everbloom Hollow,17129769,blank,,not_applicable,,,Unnamed placeholder or door; no NPC role label.
87,Bastok Markets [S],17133939,Kevan,,pending,,,
87,Bastok Markets [S],17133963,Bartholomaus Krueger,,pending,,,
87,Bastok Markets [S],17133964,Maximilian Berger,,pending,,,
87,Bastok Markets [S],17133965,Ludwig Eichberg,,pending,,,
87,Bastok Markets [S],17133966,Elivira Gogol,,pending,,,
87,Bastok Markets [S],17133971,Striking Bull,,pending,,,
87,Bastok Markets [S],17133987,"Waldemar, I.M.",,pending,,,
87,Bastok Markets [S],17133990,blank,,not_applicable,,,Unnamed placeholder or door; no NPC role label.
87,Bastok Markets [S],17133994,"Narkissa, C.A.",,pending,,,
87,Bastok Markets [S],17134022,Zazarg,,pending,,,
87,Bastok Markets [S],17134030,Angry Bull,,pending,,,
87,Bastok Markets [S],17134031,Adelbrecht,,pending,,,
87,Bastok Markets [S],17134032,Adelinde,,pending,,,
87,Bastok Markets [S],17134033,Engelhart,,pending,,,
87,Bastok Markets [S],17134034,Offa,,pending,,,
87,Bastok Markets [S],17134035,Matthias,,pending,,,
87,Bastok Markets [S],17134036,Pagdako,,pending,,,
87,Bastok Markets [S],17134037,Nudara,,pending,,,
87,Bastok Markets [S],17134038,Biggorf,,pending,,,
87,Bastok Markets [S],17134039,Gentle Tiger,,pending,,,
87,Bastok Markets [S],17134040,Raginmund,,pending,,,
87,Bastok Markets [S],17134041,Friedhold,,pending,,,
87,Bastok Markets [S],17134042,Drangord,,pending,,,
87,Bastok Markets [S],17134043,Bottomless Gorge,,pending,,,
87,Bastok Markets [S],17134046,Wilhelmina,,pending,,,
87,Bastok Markets [S],17134047,Scarred Shark,,pending,,,
87,Bastok Markets [S],17134050,Clemens,,pending,,,
87,Bastok Markets [S],17134051,Helmfried,,pending,,,
87,Bastok Markets [S],17134052,Kasper,,pending,,,
87,Bastok Markets [S],17134053,Eleonore,,pending,,,
87,Bastok Markets [S],17134054,Paul,,pending,,,
87,Bastok Markets [S],17134055,Benjamin,,pending,,,
87,Bastok Markets [S],17134056,Rolf,,pending,,,
87,Bastok Markets [S],17134057,Magdalena,,pending,,,
87,Bastok Markets [S],17134058,Christoph,,pending,,,
87,Bastok Markets [S],17134059,Dunbaff,,pending,,,
87,Bastok Markets [S],17134060,Rusted Musket,,pending,,,
87,Bastok Markets [S],17134061,Laurentia,,pending,,,
87,Bastok Markets [S],17134075,Red Canyon,,pending,,,
87,Bastok Markets [S],17134076,Blingbrix,,pending,,,
87,Bastok Markets [S],17134077,Heumila,,pending,,,
87,Bastok Markets [S],17134078,Home Point #1,,pending,,,
87,Bastok Markets [S],17134083,Weldon,,pending,,,
87,Bastok Markets [S],17134084,Karlotte,,pending,,,
87,Bastok Markets [S],17134085,Isabella,,pending,,,
87,Bastok Markets [S],17134087,Hieronymus,,pending,,,
87,Bastok Markets [S],17134088,Quartermaster,,pending,,,
87,Bastok Markets [S],17134090,Adjutant,,pending,,,
87,Bastok Markets [S],17134091,Aurelius,,pending,,,
87,Bastok Markets [S],17134098,Bhio Fehriata,,pending,,,
87,Bastok Markets [S],17134099,Moogle,,pending,,,
87,Bastok Markets [S],17134108,Fridolin,,pending,,,
87,Bastok Markets [S],17134109,Melina,,pending,,,
87,Bastok Markets [S],17134111,Minna,,pending,,,
87,Bastok Markets [S],17134112,Annabelle,,pending,,,
87,Bastok Markets [S],17134119,Loussaire,,pending,,,
87,Bastok Markets [S],17134131,"Millard, I.M.",,pending,,,
87,Bastok Markets [S],17134141,Hinrich,,pending,,,
87,Bastok Markets [S],17134142,Blatherix,,pending,,,
87,Bastok Markets [S],17134153,Silke,,pending,,,
87,Bastok Markets [S],17134154,Wahid,,pending,,,
87,Bastok Markets [S],17134158,Mariette,,pending,,,
87,Bastok Markets [S],17134159,Roaring Badger,,pending,,,
87,Bastok Markets [S],17134165,Jagaris,,pending,,,
87,Bastok Markets [S],17134243,Radford,,pending,,,
87,Bastok Markets [S],17134256,Keenan,,pending,,,
87,Bastok Markets [S],17134276,Hunt Registry,,pending,,,
87,Bastok Markets [S],17134277,Atmacite Refiner,,pending,,,
87,Bastok Markets [S],17134278,Voidwatch Officer,,pending,,,
87,Bastok Markets [S],17134279,Voidwatch Purveyor,,pending,,,
87,Bastok Markets [S],17134280,Porter Moogle,,pending,,,
87,Bastok Markets [S],17134282,Survival Guide,,pending,,,
87,Bastok Markets [S],17134283,Faltavie,,pending,,,
88,North Gustaberg [S],17138413,???,,not_applicable,,,Unnamed placeholder or door; no NPC role label.
88,North Gustaberg [S],17138414,???,,not_applicable,,,Unnamed placeholder or door; no NPC role label.
88,North Gustaberg [S],17138460,"Jagged Onyx, L.C.",,pending,,,
88,North Gustaberg [S],17138463,blank,,not_applicable,,,Unnamed placeholder or door; no NPC role label.
88,North Gustaberg [S],17138467,Cavernous Maw,,pending,,,
88,North Gustaberg [S],17138468,blank,,not_applicable,,,Unnamed placeholder or door; no NPC role label.
88,North Gustaberg [S],17138469,Lycopodium,,pending,,,
88,North Gustaberg [S],17138470,Allied Ensign,,pending,,,
88,North Gustaberg [S],17138471,Barricade,,pending,,,
88,North Gustaberg [S],17138473,Gebhardt,,pending,,,
88,North Gustaberg [S],17138474,Roderich,,pending,,,
88,North Gustaberg [S],17138486,Solitary Ant,,pending,,,
88,North Gustaberg [S],17138490,???,,not_applicable,,,Unnamed placeholder or door; no NPC role label.
88,North Gustaberg [S],17138496,Goblin Footprint,,pending,,,
88,North Gustaberg [S],17138497,???,,not_applicable,,,Unnamed placeholder or door; no NPC role label.
88,North Gustaberg [S],17138503,Peculiar Rootprints,,pending,,,
88,North Gustaberg [S],17138512,Mining Point,,pending,,,
88,North Gustaberg [S],17138513,Mining Point,,pending,,,
88,North Gustaberg [S],17138514,Mining Point,,pending,,,
88,North Gustaberg [S],17138515,Mining Point,,pending,,,
88,North Gustaberg [S],17138516,Mining Point,,pending,,,
88,North Gustaberg [S],17138517,Mining Point,,pending,,,
88,North Gustaberg [S],17138518,???,,not_applicable,,,Unnamed placeholder or door; no NPC role label.
88,North Gustaberg [S],17138519,???,,not_applicable,,,Unnamed placeholder or door; no NPC role label.
88,North Gustaberg [S],17138520,???,,not_applicable,,,Unnamed placeholder or door; no NPC role label.
88,North Gustaberg [S],17138522,Gate Sentry,,pending,,,
88,North Gustaberg [S],17138523,???,,not_applicable,,,Unnamed placeholder or door; no NPC role label.
88,North Gustaberg [S],17138547,Monument,,pending,,,
88,North Gustaberg [S],17138603,Stonehoused Adit,,pending,,,
88,North Gustaberg [S],17138604,Shredded Label,,pending,,,
88,North Gustaberg [S],17138605,Watchful Pixie,,pending,,,
88,North Gustaberg [S],17138607,Planar Rift,,pending,,,
88,North Gustaberg [S],17138608,Planar Rift,,pending,,,
88,North Gustaberg [S],17138609,Planar Rift,,pending,,,
88,North Gustaberg [S],17138613,Survival Guide,,pending,,,
89,Grauberg [S],17142455,???,,not_applicable,,,Unnamed placeholder or door; no NPC role label.
89,Grauberg [S],17142456,???,,not_applicable,,,Unnamed placeholder or door; no NPC role label.
89,Grauberg [S],17142460,Fay Spring,,pending,,,
89,Grauberg [S],17142500,Stone Monument,,pending,,,
89,Grauberg [S],17142502,"Polished Fang, L.C.",,pending,,,
89,Grauberg [S],17142505,blank,,not_applicable,,,Unnamed placeholder or door; no NPC role label.
89,Grauberg [S],17142512,Beastman Ensign,,pending,,,
89,Grauberg [S],17142514,Emmerich,,pending,,,
89,Grauberg [S],17142515,Vanja,,pending,,,
89,Grauberg [S],17142516,Childerich,,pending,,,
89,Grauberg [S],17142518,???,,not_applicable,,,Unnamed placeholder or door; no NPC role label.
89,Grauberg [S],17142521,???,,not_applicable,,,Unnamed placeholder or door; no NPC role label.
89,Grauberg [S],17142523,Goblin Footprint,,pending,,,
89,Grauberg [S],17142524,???,,not_applicable,,,Unnamed placeholder or door; no NPC role label.
89,Grauberg [S],17142531,Gate Sentry,,pending,,,
89,Grauberg [S],17142532,???,,not_applicable,,,Unnamed placeholder or door; no NPC role label.
89,Grauberg [S],17142546,Harvesting Point,,pending,,,
89,Grauberg [S],17142547,Harvesting Point,,pending,,,
89,Grauberg [S],17142548,Harvesting Point,,pending,,,
89,Grauberg [S],17142549,Harvesting Point,,pending,,,
89,Grauberg [S],17142550,Harvesting Point,,pending,,,
89,Grauberg [S],17142551,Harvesting Point,,pending,,,
89,Grauberg [S],17142561,???,,not_applicable,,,Unnamed placeholder or door; no NPC role label.
89,Grauberg [S],17142562,???,,not_applicable,,,Unnamed placeholder or door; no NPC role label.
89,Grauberg [S],17142569,Fey Blossoms,,pending,,,
89,Grauberg [S],17142570,Riverbed,,pending,,,
89,Grauberg [S],17142581,blank,,not_applicable,,,Unnamed placeholder or door; no NPC role label.
89,Grauberg [S],17142582,Indescript Markings,,pending,,,
89,Grauberg [S],17142587,Indescript Markings,,pending,,,
89,Grauberg [S],17142597,Timeworn Altar,,pending,,,
89,Grauberg [S],17142615,Shredded Label,,pending,,,
89,Grauberg [S],17142616,Watchful Pixie,,pending,,,
89,Grauberg [S],17142618,Callisto,,pending,,,
89,Grauberg [S],17142619,Planar Rift,,pending,,,
89,Grauberg [S],17142620,Planar Rift,,pending,,,
89,Grauberg [S],17142621,Planar Rift,,pending,,,
89,Grauberg [S],17142631,Veridical Conflux,,pending,,,
89,Grauberg [S],17142633,???,,not_applicable,,,Unnamed placeholder or door; no NPC role label.
89,Grauberg [S],17142636,Survival Guide,,pending,,,
89,Grauberg [S],17142638,???,,not_applicable,,,Unnamed placeholder or door; no NPC role label.
89,Grauberg [S],17142640,???,,not_applicable,,,Unnamed placeholder or door; no NPC role label.
90,Pashhow Marshlands [S],17146515,???,,not_applicable,,,Unnamed placeholder or door; no NPC role label.
90,Pashhow Marshlands [S],17146516,???,,not_applicable,,,Unnamed placeholder or door; no NPC role label.
90,Pashhow Marshlands [S],17146517,???,,not_applicable,,,Unnamed placeholder or door; no NPC role label.
90,Pashhow Marshlands [S],17146559,Stone Monument,,pending,,,
90,Pashhow Marshlands [S],17146561,"Stray Boar, L.C.",,pending,,,
90,Pashhow Marshlands [S],17146564,blank,,not_applicable,,,Unnamed placeholder or door; no NPC role label.
90,Pashhow Marshlands [S],17146568,Telepoint,,pending,,,
90,Pashhow Marshlands [S],17146576,Cavernous Maw,,pending,,,
90,Pashhow Marshlands [S],17146577,Gate Sentry,,pending,,,
90,Pashhow Marshlands [S],17146578,???,,not_applicable,,,Unnamed placeholder or door; no NPC role label.
90,Pashhow Marshlands [S],17146605,Corroded Door,,pending,,,
90,Pashhow Marshlands [S],17146621,Goblin Footprint,,pending,,,
90,Pashhow Marshlands [S],17146627,Indescript Markings,,pending,,,
90,Pashhow Marshlands [S],17146628,Indescript Markings,,pending,,,
90,Pashhow Marshlands [S],17146629,Indescript Markings,,pending,,,
90,Pashhow Marshlands [S],17146630,Milloure,,pending,,,
90,Pashhow Marshlands [S],17146633,Shimmering Pondweed,,pending,,,
90,Pashhow Marshlands [S],17146649,Shredded Label,,pending,,,
90,Pashhow Marshlands [S],17146650,Watchful Pixie,,pending,,,
90,Pashhow Marshlands [S],17146652,Planar Rift,,pending,,,
90,Pashhow Marshlands [S],17146653,Planar Rift,,pending,,,
90,Pashhow Marshlands [S],17146654,Planar Rift,,pending,,,
90,Pashhow Marshlands [S],17146658,Veridical Conflux,,pending,,,
90,Pashhow Marshlands [S],17146662,Survival Guide,,pending,,,
91,Rolanberry Fields [S],17150674,???,,not_applicable,,,Unnamed placeholder or door; no NPC role label.
91,Rolanberry Fields [S],17150675,???,,not_applicable,,,Unnamed placeholder or door; no NPC role label.
91,Rolanberry Fields [S],17150717,Stone Monument,,pending,,,
91,Rolanberry Fields [S],17150719,"Wayward Echo, L.C.",,pending,,,
91,Rolanberry Fields [S],17150722,blank,,not_applicable,,,Unnamed placeholder or door; no NPC role label.
91,Rolanberry Fields [S],17150737,Rakula-Motakula,,pending,,,
91,Rolanberry Fields [S],17150738,Merim-Kurim,,pending,,,
91,Rolanberry Fields [S],17150739,Fulei-Rolei,,pending,,,
91,Rolanberry Fields [S],17150740,Nonbo-Krunbo,,pending,,,
91,Rolanberry Fields [S],17150741,Poccho-Roccho,,pending,,,
91,Rolanberry Fields [S],17150742,Sandey-Lusondey,,pending,,,
91,Rolanberry Fields [S],17150745,Cavernous Maw,,pending,,,
91,Rolanberry Fields [S],17150746,Fortilace,,pending,,,
91,Rolanberry Fields [S],17150748,Goblin Footprint,,pending,,,
91,Rolanberry Fields [S],17150752,Vilmar,,pending,,,
91,Rolanberry Fields [S],17150797,Peculiar Rootprints,,pending,,,
91,Rolanberry Fields [S],17150806,Gate Sentry,,pending,,,
91,Rolanberry Fields [S],17150807,???,,not_applicable,,,Unnamed placeholder or door; no NPC role label.
91,Rolanberry Fields [S],17150834,Shredded Label,,pending,,,
91,Rolanberry Fields [S],17150835,Watchful Pixie,,pending,,,
91,Rolanberry Fields [S],17150837,Planar Rift,,pending,,,
91,Rolanberry Fields [S],17150838,Planar Rift,,pending,,,
91,Rolanberry Fields [S],17150839,Planar Rift,,pending,,,
91,Rolanberry Fields [S],17150843,Atmacite Refiner,,pending,,,
91,Rolanberry Fields [S],17150844,Voidwatch Officer,,pending,,,
91,Rolanberry Fields [S],17150845,???,,not_applicable,,,Unnamed placeholder or door; no NPC role label.
91,Rolanberry Fields [S],17150848,Survival Guide,,pending,,,
91,Rolanberry Fields [S],17150851,???,,not_applicable,,,Unnamed placeholder or door; no NPC role label.
92,Beadeaux [S],17154757,???,,not_applicable,,,Unnamed placeholder or door; no NPC role label.
92,Beadeaux [S],17154758,???,,not_applicable,,,Unnamed placeholder or door; no NPC role label.
92,Beadeaux [S],17154802,blank,,not_applicable,,,Unnamed placeholder or door; no NPC role label.
92,Beadeaux [S],17154803,"Thurlow, C.A.",,pending,,,
92,Beadeaux [S],17154843,Goblin Footprint,,pending,,,
94,Windurst Waters [S],17162628,Pogigi,,pending,,,
94,Windurst Waters [S],17162655,Lhu Mhakaracca,,pending,,,
94,Windurst Waters [S],17162659,Mikhe Aryohcha,,pending,,,
94,Windurst Waters [S],17162660,Vhino Delkahngo,,pending,,,
94,Windurst Waters [S],17162677,"Soimin-Oimin, C.C.",,pending,,,
94,Windurst Waters [S],17162680,blank,,not_applicable,,,Unnamed placeholder or door; no NPC role label.
94,Windurst Waters [S],17162683,"Wenonah, C.A.",,pending,,,
94,Windurst Waters [S],17162684,Hampu-Kampu,,pending,,,
94,Windurst Waters [S],17162685,Door:Acolyte hostel,,not_applicable,,,Unnamed placeholder or door; no NPC role label.
94,Windurst Waters [S],17162689,???,,not_applicable,,,Unnamed placeholder or door; no NPC role label.
94,Windurst Waters [S],17162690,Ponono,,pending,,,
94,Windurst Waters [S],17162702,Door:Optistery,,not_applicable,,,Unnamed placeholder or door; no NPC role label.
94,Windurst Waters [S],17162703,Door:Rhinostery,,not_applicable,,,Unnamed placeholder or door; no NPC role label.
94,Windurst Waters [S],17162704,Door:Rhinostery,,not_applicable,,,Unnamed placeholder or door; no NPC role label.
94,Windurst Waters [S],17162705,Door:Acolyte Hostel,,not_applicable,,,Unnamed placeholder or door; no NPC role label.
94,Windurst Waters [S],17162709,Home Point #1,,pending,,,
94,Windurst Waters [S],17162714,Chays-Ratays,,pending,,,
94,Windurst Waters [S],17162715,Koton-Llaton,,pending,,,
94,Windurst Waters [S],17162716,Kristen,,pending,,,
94,Windurst Waters [S],17162717,Pebul-Tabul,,pending,,,
94,Windurst Waters [S],17162718,Ranpi-Monpi,,pending,,,
94,Windurst Waters [S],17162721,Ekki-Mokki,,pending,,,
94,Windurst Waters [S],17162722,Aystise,,pending,,,
94,Windurst Waters [S],17162723,Rakh Mhappyoh,,pending,,,
94,Windurst Waters [S],17162724,Aihn Sowlmirih,,pending,,,
94,Windurst Waters [S],17162725,Chioh Remhrll,,pending,,,
94,Windurst Waters [S],17162726,Corbrere,,pending,,,
94,Windurst Waters [S],17162727,Rohn Ehlbalna,,pending,,,
94,Windurst Waters [S],17162728,Nhel Urhahn,,pending,,,
94,Windurst Waters [S],17162729,Sahnn Dhansett,,pending,,,
94,Windurst Waters [S],17162730,Mearuru,,pending,,,
94,Windurst Waters [S],17162731,Pelsey-Holsey,,pending,,,
94,Windurst Waters [S],17162732,Prucco-Lurucco,,pending,,,
94,Windurst Waters [S],17162733,Renten-Tonten,,pending,,,
94,Windurst Waters [S],17162734,Kopol-Rapol,,pending,,,
94,Windurst Waters [S],17162735,Ampiro-Mapiro,,pending,,,
94,Windurst Waters [S],17162736,Ranna-Brunna,,pending,,,
94,Windurst Waters [S],17162738,Pahpe Rauulih,,pending,,,
94,Windurst Waters [S],17162739,Khea Mhyyih,,pending,,,
94,Windurst Waters [S],17162740,Rakih Lyhall,,pending,,,
94,Windurst Waters [S],17162741,Tohs Jhannih,,pending,,,
94,Windurst Waters [S],17162742,Kleh Engyumoh,,pending,,,
94,Windurst Waters [S],17162743,Amfafa,,pending,,,
94,Windurst Waters [S],17162744,Churacoco,,pending,,,
94,Windurst Waters [S],17162745,Ruirara,,pending,,,
94,Windurst Waters [S],17162746,Parukoko,,pending,,,
94,Windurst Waters [S],17162747,Uricca-Koricca,,pending,,,
94,Windurst Waters [S],17162750,Miah Riyuh,,pending,,,
94,Windurst Waters [S],17162751,Dhea Prandoleh,,pending,,,
94,Windurst Waters [S],17162752,Kocco Ehllek,,pending,,,
94,Windurst Waters [S],17162760,Romaa Mihgo,,pending,,,
94,Windurst Waters [S],17162831,Yassi-Possi,,pending,,,
94,Windurst Waters [S],17162832,Pelftrix,,pending,,,
94,Windurst Waters [S],17162833,Kuron-Makaron,,pending,,,
94,Windurst Waters [S],17162835,Emhi Tchaoryo,,pending,,,
94,Windurst Waters [S],17162836,Kolin-Olin,,pending,,,
94,Windurst Waters [S],17162838,Adjutant,,pending,,,
94,Windurst Waters [S],17162839,Quartermaster,,pending,,,
94,Windurst Waters [S],17162846,Cattah Pamjah,,pending,,,
94,Windurst Waters [S],17162849,Mhoti Pyiahrs,,pending,,,
94,Windurst Waters [S],17162850,Yasmina,,pending,,,
94,Windurst Waters [S],17162852,Pettette,,pending,,,
94,Windurst Waters [S],17162853,Llewellyn,,pending,,,
94,Windurst Waters [S],17162860,Moogle,,pending,,,
94,Windurst Waters [S],17162866,"Mindala-Andola, C.C.",,pending,,,
94,Windurst Waters [S],17162876,Dallus-Mallus,,pending,,,
94,Windurst Waters [S],17162877,Ezura-Romazura,,pending,,,
94,Windurst Waters [S],17162878,Pelpopo,,pending,,,
94,Windurst Waters [S],17162879,Pukori-Totokori,,pending,,,
94,Windurst Waters [S],17162885,Pihra Rhebenslo,,pending,,,
94,Windurst Waters [S],17162914,Velda-Galda,,pending,,,
94,Windurst Waters [S],17162919,Scotwick,,pending,,,
94,Windurst Waters [S],17163018,Hunt Registry,,pending,,,
94,Windurst Waters [S],17163019,Atmacite Refiner,,pending,,,
94,Windurst Waters [S],17163020,Voidwatch Officer,,pending,,,
94,Windurst Waters [S],17163021,Voidwatch Purveyor,,pending,,,
94,Windurst Waters [S],17163022,Porter Moogle,,pending,,,
94,Windurst Waters [S],17163026,Survival Guide,,pending,,,
94,Windurst Waters [S],17163027,Jalah Mistani,,pending,,,
94,Windurst Waters [S],17163028,blank,,not_applicable,,,Unnamed placeholder or door; no NPC role label.
95,West Sarutabaruta [S],17167118,???,,not_applicable,,,Unnamed placeholder or door; no NPC role label.
95,West Sarutabaruta [S],17167119,???,,not_applicable,,,Unnamed placeholder or door; no NPC role label.
95,West Sarutabaruta [S],17167122,Poroggo Servant,,pending,,,
95,West Sarutabaruta [S],17167162,Stone Monument,,pending,,,
95,West Sarutabaruta [S],17167163,Harvesting Point,,pending,,,
95,West Sarutabaruta [S],17167164,Harvesting Point,,pending,,,
95,West Sarutabaruta [S],17167165,Harvesting Point,,pending,,,
95,West Sarutabaruta [S],17167166,Harvesting Point,,pending,,,
95,West Sarutabaruta [S],17167167,Harvesting Point,,pending,,,
95,West Sarutabaruta [S],17167168,Harvesting Point,,pending,,,
95,West Sarutabaruta [S],17167175,blank,,not_applicable,,,Unnamed placeholder or door; no NPC role label.
95,West Sarutabaruta [S],17167176,"Addison, C.A.",,pending,,,
95,West Sarutabaruta [S],17167178,Cavernous Maw,,pending,,,
95,West Sarutabaruta [S],17167179,Allied Ensign,,pending,,,
95,West Sarutabaruta [S],17167180,Sealed Entrance,,pending,,,
95,West Sarutabaruta [S],17167181,Sealed Entrance,,pending,,,
95,West Sarutabaruta [S],17167182,Sealed Entrance,,pending,,,
95,West Sarutabaruta [S],17167183,???,,not_applicable,,,Unnamed placeholder or door; no NPC role label.
95,West Sarutabaruta [S],17167196,???,,not_applicable,,,Unnamed placeholder or door; no NPC role label.
95,West Sarutabaruta [S],17167221,Goblin Footprint,,pending,,,
95,West Sarutabaruta [S],17167222,Shredded Label,,pending,,,
95,West Sarutabaruta [S],17167223,Watchful Pixie,,pending,,,
95,West Sarutabaruta [S],17167225,Windurstian Bulwark,,pending,,,
95,West Sarutabaruta [S],17167320,Planar Rift,,pending,,,
95,West Sarutabaruta [S],17167321,Planar Rift,,pending,,,
95,West Sarutabaruta [S],17167322,Planar Rift,,pending,,,
95,West Sarutabaruta [S],17167326,Survival Guide,,pending,,,
96,Fort Karugo-Narugo [S],17171009,???,,not_applicable,,,Unnamed placeholder or door; no NPC role label.
96,Fort Karugo-Narugo [S],17171010,???,,not_applicable,,,Unnamed placeholder or door; no NPC role label.
96,Fort Karugo-Narugo [S],17171052,Stone Monument,,pending,,,
96,Fort Karugo-Narugo [S],17171055,"Lamurara, C.C.",,pending,,,
96,Fort Karugo-Narugo [S],17171058,blank,,not_applicable,,,Unnamed placeholder or door; no NPC role label.
96,Fort Karugo-Narugo [S],17171113,Beastman Ensign,,pending,,,
96,Fort Karugo-Narugo [S],17171114,Spondulix,,pending,,,
96,Fort Karugo-Narugo [S],17171116,Goblin Footprint,,pending,,,
96,Fort Karugo-Narugo [S],17171118,Eirmomo,,pending,,,
96,Fort Karugo-Narugo [S],17171119,Quirro-Niiro,,pending,,,
96,Fort Karugo-Narugo [S],17171120,Aurhi Rhatelo,,pending,,,
96,Fort Karugo-Narugo [S],17171121,Kahs Dekahsell,,pending,,,
96,Fort Karugo-Narugo [S],17171122,Mhiu Raaghott,,pending,,,
96,Fort Karugo-Narugo [S],17171123,Mortimer,,pending,,,
96,Fort Karugo-Narugo [S],17171124,Fekko-Krakko,,pending,,,
96,Fort Karugo-Narugo [S],17171125,Porlco-Glaico,,pending,,,
96,Fort Karugo-Narugo [S],17171126,Piah Dnakkora,,pending,,,
96,Fort Karugo-Narugo [S],17171127,Rhant Tamhujya,,pending,,,
96,Fort Karugo-Narugo [S],17171129,Rootie-Mootie,,pending,,,
96,Fort Karugo-Narugo [S],17171130,Fului-Molai,,pending,,,
96,Fort Karugo-Narugo [S],17171131,Jedh Gibohah,,pending,,,
96,Fort Karugo-Narugo [S],17171132,Mhako Rakritteh,,pending,,,
96,Fort Karugo-Narugo [S],17171133,Rhin Prikohwan,,pending,,,
96,Fort Karugo-Narugo [S],17171134,Shehn Mahriorl,,pending,,,
96,Fort Karugo-Narugo [S],17171136,Sumah Sohlowyt,,pending,,,
96,Fort Karugo-Narugo [S],17171137,Purottoto,,pending,,,
96,Fort Karugo-Narugo [S],17171138,Galco-Ralico,,pending,,,
96,Fort Karugo-Narugo [S],17171139,Atokoko,,pending,,,
96,Fort Karugo-Narugo [S],17171140,Punacchi-Mocchi,,pending,,,
96,Fort Karugo-Narugo [S],17171141,Rormu-Rarlmu,,pending,,,
96,Fort Karugo-Narugo [S],17171142,Erpipi,,pending,,,
96,Fort Karugo-Narugo [S],17171143,Rhemi Miottih,,pending,,,
96,Fort Karugo-Narugo [S],17171144,Minchu-Rocchu,,pending,,,
96,Fort Karugo-Narugo [S],17171145,Pulkuku,,pending,,,
96,Fort Karugo-Narugo [S],17171146,Lynndi-Sarandi,,pending,,,
96,Fort Karugo-Narugo [S],17171147,Pioht Halchaih,,pending,,,
96,Fort Karugo-Narugo [S],17171148,Succulent Cactus,,pending,,,
96,Fort Karugo-Narugo [S],17171149,???,,not_applicable,,,Unnamed placeholder or door; no NPC role label.
96,Fort Karugo-Narugo [S],17171150,Rotih Moalghett,,pending,,,
96,Fort Karugo-Narugo [S],17171239,Oruchacha,,pending,,,
96,Fort Karugo-Narugo [S],17171240,Logging Point,,pending,,,
96,Fort Karugo-Narugo [S],17171241,Logging Point,,pending,,,
96,Fort Karugo-Narugo [S],17171242,Logging Point,,pending,,,
96,Fort Karugo-Narugo [S],17171243,Logging Point,,pending,,,
96,Fort Karugo-Narugo [S],17171244,Logging Point,,pending,,,
96,Fort Karugo-Narugo [S],17171245,Logging Point,,pending,,,
96,Fort Karugo-Narugo [S],17171246,Gate Sentry,,pending,,,
96,Fort Karugo-Narugo [S],17171247,???,,not_applicable,,,Unnamed placeholder or door; no NPC role label.
96,Fort Karugo-Narugo [S],17171270,Pecca-Pocca,,pending,,,
96,Fort Karugo-Narugo [S],17171271,Colorful Door,,pending,,,
96,Fort Karugo-Narugo [S],17171272,Sunken Hollow,,pending,,,
96,Fort Karugo-Narugo [S],17171273,Indescript Markings,,pending,,,
96,Fort Karugo-Narugo [S],17171277,Shredded Label,,pending,,,
96,Fort Karugo-Narugo [S],17171278,Warding Door,,pending,,,
96,Fort Karugo-Narugo [S],17171279,Watchful Pixie,,pending,,,
96,Fort Karugo-Narugo [S],17171281,Planar Rift,,pending,,,
96,Fort Karugo-Narugo [S],17171282,Planar Rift,,pending,,,
96,Fort Karugo-Narugo [S],17171283,Planar Rift,,pending,,,
96,Fort Karugo-Narugo [S],17171291,Survival Guide,,pending,,,
97,Meriphataud Mountains [S],17175254,???,,not_applicable,,,Unnamed placeholder or door; no NPC role label.
97,Meriphataud Mountains [S],17175255,???,,not_applicable,,,Unnamed placeholder or door; no NPC role label.
97,Meriphataud Mountains [S],17175256,???,,not_applicable,,,Unnamed placeholder or door; no NPC role label.
97,Meriphataud Mountains [S],17175299,Stone Monument,,pending,,,
97,Meriphataud Mountains [S],17175302,"Dhen Kwherri, M.C.",,pending,,,
97,Meriphataud Mountains [S],17175305,blank,,not_applicable,,,Unnamed placeholder or door; no NPC role label.
97,Meriphataud Mountains [S],17175308,Telepoint,,pending,,,
97,Meriphataud Mountains [S],17175316,Cavernous Maw,,pending,,,
97,Meriphataud Mountains [S],17175318,Gate Sentry,,pending,,,
97,Meriphataud Mountains [S],17175319,???,,not_applicable,,,Unnamed placeholder or door; no NPC role label.
97,Meriphataud Mountains [S],17175342,Mithran Bivouac,,pending,,,
97,Meriphataud Mountains [S],17175343,Indescript Markings,,pending,,,
97,Meriphataud Mountains [S],17175346,Peculiar Rootprints,,pending,,,
97,Meriphataud Mountains [S],17175355,Goblin Footprint,,pending,,,
97,Meriphataud Mountains [S],17175356,Lidaise,,pending,,,
97,Meriphataud Mountains [S],17175358,Shredded Label,,pending,,,
97,Meriphataud Mountains [S],17175359,Watchful Pixie,,pending,,,
97,Meriphataud Mountains [S],17175409,_2r9,,pending,,,
97,Meriphataud Mountains [S],17175423,Planar Rift,,pending,,,
97,Meriphataud Mountains [S],17175424,Planar Rift,,pending,,,
97,Meriphataud Mountains [S],17175425,Planar Rift,,pending,,,
97,Meriphataud Mountains [S],17175429,Survival Guide,,pending,,,
98,Sauromugue Champaign [S],17179267,???,,not_applicable,,,Unnamed placeholder or door; no NPC role label.
98,Sauromugue Champaign [S],17179268,???,,not_applicable,,,Unnamed placeholder or door; no NPC role label.
98,Sauromugue Champaign [S],17179271,Kagetora,,pending,,,
98,Sauromugue Champaign [S],17179312,Stone Monument,,pending,,,
98,Sauromugue Champaign [S],17179319,blank,,not_applicable,,,Unnamed placeholder or door; no NPC role label.
98,Sauromugue Champaign [S],17179320,"Marius, C.A.",,pending,,,
98,Sauromugue Champaign [S],17179329,Bulwark Gate,,pending,,,
98,Sauromugue Champaign [S],17179330,Mham Lahrih,,pending,,,
98,Sauromugue Champaign [S],17179342,Cavernous Maw,,pending,,,
98,Sauromugue Champaign [S],17179343,Fortilace,,pending,,,
98,Sauromugue Champaign [S],17179344,Abandoned Mineshaft,,pending,,,
98,Sauromugue Champaign [S],17179346,Goblin Footprint,,pending,,,
98,Sauromugue Champaign [S],17179350,Palli-Bulli,,pending,,,
98,Sauromugue Champaign [S],17179381,Indescript Markings,,pending,,,
98,Sauromugue Champaign [S],17179420,???,,not_applicable,,,Unnamed placeholder or door; no NPC role label.
98,Sauromugue Champaign [S],17179514,Shredded Label,,pending,,,
98,Sauromugue Champaign [S],17179515,Watchful Pixie,,pending,,,
98,Sauromugue Champaign [S],17179517,Planar Rift,,pending,,,
98,Sauromugue Champaign [S],17179518,Planar Rift,,pending,,,
98,Sauromugue Champaign [S],17179519,Planar Rift,,pending,,,
98,Sauromugue Champaign [S],17179523,Atmacite Refiner,,pending,,,
98,Sauromugue Champaign [S],17179524,Voidwatch Officer,,pending,,,
98,Sauromugue Champaign [S],17179532,Survival Guide,,pending,,,
98,Sauromugue Champaign [S],17179535,???,,not_applicable,,,Unnamed placeholder or door; no NPC role label.
99,Castle Oztroja [S],17183466,???,,not_applicable,,,Unnamed placeholder or door; no NPC role label.
99,Castle Oztroja [S],17183467,???,,not_applicable,,,Unnamed placeholder or door; no NPC role label.
99,Castle Oztroja [S],17183510,blank,,not_applicable,,,Unnamed placeholder or door; no NPC role label.
99,Castle Oztroja [S],17183511,"Ulmer, C.A.",,pending,,,
99,Castle Oztroja [S],17183548,Ethereal Spout,,pending,,,
99,Castle Oztroja [S],17183549,Ethereal Spout,,pending,,,
99,Castle Oztroja [S],17183550,Ethereal Spout,,pending,,,
99,Castle Oztroja [S],17183563,???,,not_applicable,,,Unnamed placeholder or door; no NPC role label.
99,Castle Oztroja [S],17183564,Writhing Flame,,pending,,,
99,Castle Oztroja [S],17183590,Goblin Footprint,,pending,,,
99,Castle Oztroja [S],17183620,Iron Grille,,pending,,,
99,Castle Oztroja [S],17183621,Iron Grille,,pending,,,
99,Castle Oztroja [S],17183622,Iron Grille,,pending,,,
99,Castle Oztroja [S],17183623,Iron Grille,,pending,,,
99,Castle Oztroja [S],17183624,Iron Grille,,pending,,,
99,Castle Oztroja [S],17183625,Iron Grille,,pending,,,
99,Castle Oztroja [S],17183626,Iron Grille,,pending,,,
99,Castle Oztroja [S],17183627,Iron Grille,,pending,,,
99,Castle Oztroja [S],17183628,Iron Grille,,pending,,,
99,Castle Oztroja [S],17183629,Iron Grille,,pending,,,
99,Castle Oztroja [S],17183630,Iron Grille,,pending,,,
99,Castle Oztroja [S],17183631,Iron Grille,,pending,,,
99,Castle Oztroja [S],17183632,Iron Grille,,pending,,,
99,Castle Oztroja [S],17183633,Iron Grille,,pending,,,
99,Castle Oztroja [S],17183634,Iron Grille,,pending,,,
99,Castle Oztroja [S],17183635,Iron Grille,,pending,,,
99,Castle Oztroja [S],17183636,Iron Grille,,pending,,,
99,Castle Oztroja [S],17183637,Iron Grille,,pending,,,
99,Castle Oztroja [S],17183638,Iron Grille,,pending,,,
100,West Ronfaure,17187490,Aaveleon,,pending,,,
100,West Ronfaure,17187491,Palcomondau,,pending,,,
100,West Ronfaure,17187492,Zovriace,,pending,,,
100,West Ronfaure,17187493,Esca,,pending,,,
100,West Ronfaure,17187494,Gachemage,,pending,,,
100,West Ronfaure,17187495,Adalefont,,pending,,,
100,West Ronfaure,17187496,Colmaie,,pending,,,
100,West Ronfaure,17187497,Laillera,,pending,,,
100,West Ronfaure,17187498,Chatarre,,pending,,,
100,West Ronfaure,17187499,Ramaufont,,pending,,,
100,West Ronfaure,17187500,Diadonour,,pending,,,
100,West Ronfaure,17187501,Cerite,,pending,,,
100,West Ronfaure,17187502,Laette,,pending,,,
100,West Ronfaure,17187503,Vilatroire,,pending,,,
100,West Ronfaure,17187504,Phairet,,pending,,,
100,West Ronfaure,17187505,Signpost,,pending,,,
100,West Ronfaure,17187506,Signpost,,pending,,,
100,West Ronfaure,17187507,Signpost,,pending,,,
100,West Ronfaure,17187508,Signpost,,pending,,,
100,West Ronfaure,17187509,Signpost,,pending,,,
100,West Ronfaure,17187510,???,,not_applicable,,,Unnamed placeholder or door; no NPC role label.
100,West Ronfaure,17187511,???,,not_applicable,,,Unnamed placeholder or door; no NPC role label.
100,West Ronfaure,17187512,???,,not_applicable,,,Unnamed placeholder or door; no NPC role label.
100,West Ronfaure,17187513,Stone Monument,,pending,,,
100,West Ronfaure,17187514,???,,not_applicable,,,Unnamed placeholder or door; no NPC role label.
100,West Ronfaure,17187515,Knightwell,,pending,,,
100,West Ronfaure,17187525,"Doladepaiton, R.K.",,pending,,,
100,West Ronfaure,17187528,Conquest_Banner,,pending,,,
100,West Ronfaure,17187532,"Ballie, R.K.",,pending,,,
100,West Ronfaure,17187535,Harvetour,,pending,,,
100,West Ronfaure,17187536,Conquest_Banner,,pending,,,
100,West Ronfaure,17187541,EFFECTER,,pending,,,
100,West Ronfaure,17187545,Goblin Footprint,,pending,,,
100,West Ronfaure,17187549,Field Manual,,pending,,,
100,West Ronfaure,17187550,Field Manual,,pending,,,
100,West Ronfaure,17187551,Field Parchment,,pending,,,
100,West Ronfaure,17187554,Planar Rift,,pending,,,
100,West Ronfaure,17187555,Planar Rift,,pending,,,
100,West Ronfaure,17187556,Planar Rift,,pending,,,
100,West Ronfaure,17187560,Geomagnetic Fount,,pending,,,
100,West Ronfaure,17187561,Survival Guide,,pending,,,
101,East Ronfaure,17191505,Andelain,,pending,,,
101,East Ronfaure,17191506,Croteillard,,pending,,,
101,East Ronfaure,17191507,Rayochindot,,pending,,,
101,East Ronfaure,17191508,Cheval River,,pending,,,
101,East Ronfaure,17191509,Signpost,,pending,,,
101,East Ronfaure,17191510,Signpost,,pending,,,
101,East Ronfaure,17191511,Signpost,,pending,,,
101,East Ronfaure,17191512,Signpost,,pending,,,
101,East Ronfaure,17191513,Signpost,,pending,,,
101,East Ronfaure,17191514,Signpost,,pending,,,
101,East Ronfaure,17191515,Signpost,,pending,,,
101,East Ronfaure,17191516,Signpost,,pending,,,
101,East Ronfaure,17191526,Stone Monument,,pending,,,
101,East Ronfaure,17191528,Cavernous Maw,,pending,,,
101,East Ronfaure,17191530,Logging Point,,pending,,,
101,East Ronfaure,17191531,Logging Point,,pending,,,
101,East Ronfaure,17191532,Logging Point,,pending,,,
101,East Ronfaure,17191533,Logging Point,,pending,,,
101,East Ronfaure,17191534,Logging Point,,pending,,,
101,East Ronfaure,17191535,Logging Point,,pending,,,
101,East Ronfaure,17191536,EFFECTER,,pending,,,
101,East Ronfaure,17191539,Field Manual,,pending,,,
101,East Ronfaure,17191540,Field Manual,,pending,,,
101,East Ronfaure,17191541,Field Parchment,,pending,,,
101,East Ronfaure,17191542,Ethereal Junction,,pending,,,
101,East Ronfaure,17191543,Ethereal Junction,,pending,,,
101,East Ronfaure,17191544,Ethereal Junction,,pending,,,
101,East Ronfaure,17191562,Stampeding Bison,,pending,,,
101,East Ronfaure,17191577,Planar Rift,,pending,,,
101,East Ronfaure,17191578,Planar Rift,,pending,,,
101,East Ronfaure,17191579,Planar Rift,,pending,,,
101,East Ronfaure,17191583,Geomantic Reservoir,,pending,,,
102,La Theine Plateau,17195581,???,,not_applicable,,,Unnamed placeholder or door; no NPC role label.
102,La Theine Plateau,17195582,Fallen Egg,,pending,,,
102,La Theine Plateau,17195608,Equesobillot,,pending,,,
102,La Theine Plateau,17195609,Deaufrain,,pending,,,
102,La Theine Plateau,17195610,Augevinne,,pending,,,
102,La Theine Plateau,17195611,Yaucevouchat,,pending,,,
102,La Theine Plateau,17195612,Tayula,,pending,,,
102,La Theine Plateau,17195613,Laurisse,,pending,,,
102,La Theine Plateau,17195614,Narvecaint,,pending,,,
102,La Theine Plateau,17195615,Galaihaurat,,pending,,,
102,La Theine Plateau,17195616,Vicorpasse,,pending,,,
102,La Theine Plateau,17195617,Faurbellant,,pending,,,
102,La Theine Plateau,17195618,Telepoint,,pending,,,
102,La Theine Plateau,17195619,Dimensional Portal,,pending,,,
102,La Theine Plateau,17195620,Shattered Telepoint,,pending,,,
102,La Theine Plateau,17195621,Stone Monument,,pending,,,
102,La Theine Plateau,17195640,???,,not_applicable,,,Unnamed placeholder or door; no NPC role label.
102,La Theine Plateau,17195643,Coumaine,,pending,,,
102,La Theine Plateau,17195644,blank,,not_applicable,,,Unnamed placeholder or door; no NPC role label.
102,La Theine Plateau,17195651,EFFECTER,,pending,,,
102,La Theine Plateau,17195653,???,,not_applicable,,,Unnamed placeholder or door; no NPC role label.
102,La Theine Plateau,17195655,Cermet Headstone,,pending,,,
102,La Theine Plateau,17195657,Goblin Footprint,,pending,,,
102,La Theine Plateau,17195667,Cavernous Maw,,pending,,,
102,La Theine Plateau,17195679,Chocobo Tracks,,pending,,,
102,La Theine Plateau,17195682,Field Manual,,pending,,,
102,La Theine Plateau,17195683,Field Manual,,pending,,,
102,La Theine Plateau,17195684,Field Parchment,,pending,,,
102,La Theine Plateau,17195685,Ethereal Junction,,pending,,,
102,La Theine Plateau,17195686,Ethereal Junction,,pending,,,
102,La Theine Plateau,17195687,Ethereal Junction,,pending,,,
102,La Theine Plateau,17195690,Planar Rift,,pending,,,
102,La Theine Plateau,17195691,Planar Rift,,pending,,,
102,La Theine Plateau,17195692,Planar Rift,,pending,,,
102,La Theine Plateau,17195704,Nickael,,pending,,,
102,La Theine Plateau,17195724,Geomagnetic Fount,,pending,,,
102,La Theine Plateau,17195725,Ergon Locus ???,,pending,,,
102,La Theine Plateau,17195726,Geomantic Reservoir,,pending,,,
102,La Theine Plateau,17195729,Geomantic Reservoir,,pending,,,
102,La Theine Plateau,17195732,Survival Guide,,pending,,,
102,La Theine Plateau,17195770,Moogle Meeting,,pending,,,
103,Valkurm Dunes,17199695,Song Runes,,pending,,,
103,Valkurm Dunes,17199698,Stone Monument,,pending,,,
103,Valkurm Dunes,17199710,"Tsunashige, I.M.",,pending,,,
103,Valkurm Dunes,17199713,Conquest_Banner,,pending,,,
103,Valkurm Dunes,17199717,"Fighting Ant, I.M.",,pending,,,
103,Valkurm Dunes,17199719,Medicine Axe,,pending,,,
103,Valkurm Dunes,17199721,Conquest_Banner,,pending,,,
103,Valkurm Dunes,17199725,Signpost,,pending,,,
103,Valkurm Dunes,17199726,Signpost,,pending,,,
103,Valkurm Dunes,17199728,EFFECTER,,pending,,,
103,Valkurm Dunes,17199731,???,,not_applicable,,,Unnamed placeholder or door; no NPC role label.
103,Valkurm Dunes,17199732,Beastmen's Banner,,pending,,,
103,Valkurm Dunes,17199734,Goblin Footprint,,pending,,,
103,Valkurm Dunes,17199735,Swirling Vortex,,pending,,,
103,Valkurm Dunes,17199736,blank,,not_applicable,,,Unnamed placeholder or door; no NPC role label.
103,Valkurm Dunes,17199740,???,,not_applicable,,,Unnamed placeholder or door; no NPC role label.
103,Valkurm Dunes,17199743,Hieroglyphics,,pending,,,
103,Valkurm Dunes,17199755,Field Manual,,pending,,,
103,Valkurm Dunes,17199756,Field Manual,,pending,,,
103,Valkurm Dunes,17199757,Field Manual,,pending,,,
103,Valkurm Dunes,17199758,Field Parchment,,pending,,,
103,Valkurm Dunes,17199759,Ethereal Junction,,pending,,,
103,Valkurm Dunes,17199760,Ethereal Junction,,pending,,,
103,Valkurm Dunes,17199761,Ethereal Junction,,pending,,,
103,Valkurm Dunes,17199764,Planar Rift,,pending,,,
103,Valkurm Dunes,17199765,Planar Rift,,pending,,,
103,Valkurm Dunes,17199766,Planar Rift,,pending,,,
103,Valkurm Dunes,17199772,Cavernous Maw,,pending,,,
103,Valkurm Dunes,17199773,Survival Guide,,pending,,,
104,Jugner Forest,17203809,Signpost,,pending,,,
104,Jugner Forest,17203810,Signpost,,pending,,,
104,Jugner Forest,17203811,Signpost,,pending,,,
104,Jugner Forest,17203812,Signpost,,pending,,,
104,Jugner Forest,17203813,Alexius,,pending,,,
104,Jugner Forest,17203814,Stone Monument,,pending,,,
104,Jugner Forest,17203815,Crystwater Spring,,pending,,,
104,Jugner Forest,17203824,???,,not_applicable,,,Unnamed placeholder or door; no NPC role label.
104,Jugner Forest,17203826,Herald,,pending,,,
104,Jugner Forest,17203827,Marshal,,pending,,,
104,Jugner Forest,17203831,Perevie,,pending,,,
104,Jugner Forest,17203854,Conquest_Banner,,pending,,,
104,Jugner Forest,17203862,Conquest_Banner,,pending,,,
104,Jugner Forest,17203864,Logging Point,,pending,,,
104,Jugner Forest,17203865,Logging Point,,pending,,,
104,Jugner Forest,17203866,Logging Point,,pending,,,
104,Jugner Forest,17203867,Logging Point,,pending,,,
104,Jugner Forest,17203868,Logging Point,,pending,,,
104,Jugner Forest,17203869,Logging Point,,pending,,,
104,Jugner Forest,17203872,???,,not_applicable,,,Unnamed placeholder or door; no NPC role label.
104,Jugner Forest,17203873,Beastmen's Banner,,pending,,,
104,Jugner Forest,17203874,EFFECTER,,pending,,,
104,Jugner Forest,17203878,Goblin Footprint,,pending,,,
104,Jugner Forest,17203880,???,,not_applicable,,,Unnamed placeholder or door; no NPC role label.
104,Jugner Forest,17203886,Cavernous Maw,,pending,,,
104,Jugner Forest,17203887,Field Manual,,pending,,,
104,Jugner Forest,17203888,Field Manual,,pending,,,
104,Jugner Forest,17203889,Humus-rich Earth,,pending,,,
104,Jugner Forest,17203895,Field Parchment,,pending,,,
104,Jugner Forest,17203896,Ethereal Junction,,pending,,,
104,Jugner Forest,17203897,Ethereal Junction,,pending,,,
104,Jugner Forest,17203898,Ethereal Junction,,pending,,,
104,Jugner Forest,17203923,Metallic Hodgepodge,,pending,,,
104,Jugner Forest,17203935,Cavernous Maw,,pending,,,
104,Jugner Forest,17203939,Planar Rift,,pending,,,
104,Jugner Forest,17203940,Planar Rift,,pending,,,
104,Jugner Forest,17203941,Planar Rift,,pending,,,
104,Jugner Forest,17203945,Ardrick,,pending,,,
104,Jugner Forest,17203946,Geomagnetic Fount,,pending,,,
104,Jugner Forest,17203947,Survival Guide,,pending,,,
105,Batallia Downs,17207797,???,,not_applicable,,,Unnamed placeholder or door; no NPC role label.
105,Batallia Downs,17207798,Peculiar Footprints,,pending,,,
105,Batallia Downs,17207823,Stone Monument,,pending,,,
105,Batallia Downs,17207824,???,,not_applicable,,,Unnamed placeholder or door; no NPC role label.
105,Batallia Downs,17207825,???,,not_applicable,,,Unnamed placeholder or door; no NPC role label.
105,Batallia Downs,17207826,???,,not_applicable,,,Unnamed placeholder or door; no NPC role label.
105,Batallia Downs,17207847,EFFECTER,,pending,,,
105,Batallia Downs,17207851,Goblin Footprint,,pending,,,
105,Batallia Downs,17207852,???,,not_applicable,,,Unnamed placeholder or door; no NPC role label.
105,Batallia Downs,17207855,Luck Rune,,pending,,,
105,Batallia Downs,17207856,Cavernous Maw,,pending,,,
105,Batallia Downs,17207857,Lyco_Sparkles,,pending,,,
105,Batallia Downs,17207875,Field Manual,,pending,,,
105,Batallia Downs,17207876,Field Manual,,pending,,,
105,Batallia Downs,17207877,Field Parchment,,pending,,,
105,Batallia Downs,17207878,Ethereal Junction,,pending,,,
105,Batallia Downs,17207879,Ethereal Junction,,pending,,,
105,Batallia Downs,17207880,Ethereal Junction,,pending,,,
105,Batallia Downs,17207897,Weathered Gravestone,,pending,,,
105,Batallia Downs,17207936,Planar Rift,,pending,,,
105,Batallia Downs,17207937,Planar Rift,,pending,,,
105,Batallia Downs,17207938,Planar Rift,,pending,,,
105,Batallia Downs,17207942,Atmacite Refiner,,pending,,,
105,Batallia Downs,17207943,Voidwatch Officer,,pending,,,
105,Batallia Downs,17207944,Wotark,,pending,,,
105,Batallia Downs,17207946,Burrow Researcher,,pending,,,
105,Batallia Downs,17207947,Dungeon_Entrance,,pending,,,
105,Batallia Downs,17207949,Sokrov,,pending,,,
105,Batallia Downs,17207958,Acacia,,pending,,,
105,Batallia Downs,17207970,Geomantic Reservoir,,pending,,,
105,Batallia Downs,17207973,Survival Guide,,pending,,,
105,Batallia Downs,17207976,???,,not_applicable,,,Unnamed placeholder or door; no NPC role label.
105,Batallia Downs,17207977,Resume Point,,pending,,,
105,Batallia Downs,17207978,Syrillia,,pending,,,
105,Batallia Downs,17207979,NPC[2ab],,pending,,,
105,Batallia Downs,17207980,NPC[2ac],,pending,,,
105,Batallia Downs,17207981,NPC[2ad],,pending,,,
105,Batallia Downs,17207982,NPC[2ae],,pending,,,
105,Batallia Downs,17207983,NPC[2af],,pending,,,
105,Batallia Downs,17207984,NPC[2b0],,pending,,,
105,Batallia Downs,17207985,NPC[2b1],,pending,,,
105,Batallia Downs,17207986,NPC[2b2],,pending,,,
105,Batallia Downs,17207987,Raptor's Food,,pending,,,
105,Batallia Downs,17207988,Raptor's Food,,pending,,,
105,Batallia Downs,17207989,Raptor's Food,,pending,,,
105,Batallia Downs,17207990,Raptor's Food,,pending,,,
105,Batallia Downs,17207991,Raptor's Food,,pending,,,
105,Batallia Downs,17207992,Raptor's Food,,pending,,,
105,Batallia Downs,17207993,Raptor's Food,,pending,,,
105,Batallia Downs,17207994,Raptor's Food,,pending,,,
105,Batallia Downs,17208001,Goblin Festival Site,,pending,,,
106,North Gustaberg,17212046,???,,not_applicable,,,Unnamed placeholder or door; no NPC role label.
106,North Gustaberg,17212047,Monument,,pending,,,
106,North Gustaberg,17212048,Waterfall Base,,pending,,,
106,North Gustaberg,17212049,Stone Monument,,pending,,,
106,North Gustaberg,17212050,Hunting Bear,,pending,,,
106,North Gustaberg,17212061,"Shigezane, I.M.",,pending,,,
106,North Gustaberg,17212064,Conquest_Banner,,pending,,,
106,North Gustaberg,17212068,"Heavy Fog, I.M.",,pending,,,
106,North Gustaberg,17212070,Kuleo,,pending,,,
106,North Gustaberg,17212072,Conquest_Banner,,pending,,,
106,North Gustaberg,17212075,???,,not_applicable,,,Unnamed placeholder or door; no NPC role label.
106,North Gustaberg,17212082,EFFECTER,,pending,,,
106,North Gustaberg,17212086,Goblin Footprint,,pending,,,
106,North Gustaberg,17212088,relic,,pending,,,
106,North Gustaberg,17212104,Cavernous Maw,,pending,,,
106,North Gustaberg,17212105,Lyco_Sparkles_0,,pending,,,
106,North Gustaberg,17212106,Lyco_Sparkles_1,,pending,,,
106,North Gustaberg,17212109,Cavernous Maw,,pending,,,
106,North Gustaberg,17212110,Field Manual,,pending,,,
106,North Gustaberg,17212111,Field Manual,,pending,,,
106,North Gustaberg,17212112,Field Manual,,pending,,,
106,North Gustaberg,17212113,Field Parchment,,pending,,,
106,North Gustaberg,17212116,Planar Rift,,pending,,,
106,North Gustaberg,17212117,Planar Rift,,pending,,,
106,North Gustaberg,17212118,Planar Rift,,pending,,,
106,North Gustaberg,17212122,Survival Guide,,pending,,,
106,North Gustaberg,17212148,Geomagnetic Fount,,pending,,,
107,South Gustaberg,17216172,???,,not_applicable,,,Unnamed placeholder or door; no NPC role label.
107,South Gustaberg,17216173,???,,not_applicable,,,Unnamed placeholder or door; no NPC role label.
107,South Gustaberg,17216174,Stone Monument,,pending,,,
107,South Gustaberg,17216177,EFFECTER,,pending,,,
107,South Gustaberg,17216181,Goblin Footprint,,pending,,,
107,South Gustaberg,17216186,Field Manual,,pending,,,
107,South Gustaberg,17216187,Field Manual,,pending,,,
107,South Gustaberg,17216188,Field Parchment,,pending,,,
107,South Gustaberg,17216189,Ethereal Junction,,pending,,,
107,South Gustaberg,17216190,Ethereal Junction,,pending,,,
107,South Gustaberg,17216191,Ethereal Junction,,pending,,,
107,South Gustaberg,17216194,Planar Rift,,pending,,,
107,South Gustaberg,17216195,Planar Rift,,pending,,,
107,South Gustaberg,17216196,Planar Rift,,pending,,,
107,South Gustaberg,17216200,Cavernous Maw,,pending,,,
107,South Gustaberg,17216217,Wandering Cloud,,pending,,,
108,Konschtat Highlands,17220107,???,,not_applicable,,,Unnamed placeholder or door; no NPC role label.
108,Konschtat Highlands,17220134,Signpost,,pending,,,
108,Konschtat Highlands,17220135,Signpost,,pending,,,
108,Konschtat Highlands,17220136,Signpost,,pending,,,
108,Konschtat Highlands,17220137,???,,not_applicable,,,Unnamed placeholder or door; no NPC role label.
108,Konschtat Highlands,17220138,Telepoint,,pending,,,
108,Konschtat Highlands,17220139,Dimensional Portal,,pending,,,
108,Konschtat Highlands,17220140,Shattered Telepoint,,pending,,,
108,Konschtat Highlands,17220150,Stone Monument,,pending,,,
108,Konschtat Highlands,17220152,Plaiaude,,pending,,,
108,Konschtat Highlands,17220153,blank,,not_applicable,,,Unnamed placeholder or door; no NPC role label.
108,Konschtat Highlands,17220154,Cavernous Maw,,pending,,,
108,Konschtat Highlands,17220155,EFFECTER,,pending,,,
108,Konschtat Highlands,17220158,???,,not_applicable,,,Unnamed placeholder or door; no NPC role label.
108,Konschtat Highlands,17220169,Goblin Footprint,,pending,,,
108,Konschtat Highlands,17220170,Field Manual,,pending,,,
108,Konschtat Highlands,17220171,Field Manual,,pending,,,
108,Konschtat Highlands,17220172,Field Parchment,,pending,,,
108,Konschtat Highlands,17220173,Ethereal Junction,,pending,,,
108,Konschtat Highlands,17220174,Ethereal Junction,,pending,,,
108,Konschtat Highlands,17220175,Ethereal Junction,,pending,,,
108,Konschtat Highlands,17220178,Planar Rift,,pending,,,
108,Konschtat Highlands,17220179,Planar Rift,,pending,,,
108,Konschtat Highlands,17220180,Planar Rift,,pending,,,
108,Konschtat Highlands,17220192,Clemaurent,,pending,,,
108,Konschtat Highlands,17220211,Geomagnetic Fount,,pending,,,
108,Konschtat Highlands,17220212,Ergon Locus ???,,pending,,,
108,Konschtat Highlands,17220213,Geomantic Reservoir,,pending,,,
108,Konschtat Highlands,17220216,Survival Guide,,pending,,,
109,Pashhow Marshlands,17224302,Stone Monument,,pending,,,
109,Pashhow Marshlands,17224305,Marshal,,pending,,,
109,Pashhow Marshlands,17224309,Meh Nbolo,,pending,,,
109,Pashhow Marshlands,17224328,"Mokto-Lankto, W.W.",,pending,,,
109,Pashhow Marshlands,17224331,Conquest_Banner,,pending,,,
109,Pashhow Marshlands,17224335,"Shikoko, W.W.",,pending,,,
109,Pashhow Marshlands,17224336,Tahmasp,,pending,,,
109,Pashhow Marshlands,17224339,Conquest_Banner,,pending,,,
109,Pashhow Marshlands,17224342,???,,not_applicable,,,Unnamed placeholder or door; no NPC role label.
109,Pashhow Marshlands,17224343,EFFECTER,,pending,,,
109,Pashhow Marshlands,17224346,Beastmen's Banner,,pending,,,
109,Pashhow Marshlands,17224348,Goblin Footprint,,pending,,,
109,Pashhow Marshlands,17224350,Outpost Gate,,pending,,,
109,Pashhow Marshlands,17224352,Luck Rune,,pending,,,
109,Pashhow Marshlands,17224354,Cavernous Maw,,pending,,,
109,Pashhow Marshlands,17224355,Field Manual,,pending,,,
109,Pashhow Marshlands,17224356,Field Manual,,pending,,,
109,Pashhow Marshlands,17224357,Field Parchment,,pending,,,
109,Pashhow Marshlands,17224358,Ethereal Junction,,pending,,,
109,Pashhow Marshlands,17224359,Ethereal Junction,,pending,,,
109,Pashhow Marshlands,17224360,Ethereal Junction,,pending,,,
109,Pashhow Marshlands,17224371,Planar Rift,,pending,,,
109,Pashhow Marshlands,17224372,Planar Rift,,pending,,,
109,Pashhow Marshlands,17224373,Planar Rift,,pending,,,
109,Pashhow Marshlands,17224377,Geomagnetic Fount,,pending,,,
109,Pashhow Marshlands,17224378,Suspicious Hume,,pending,,,
109,Pashhow Marshlands,17224380,Odyssean Passage,,pending,,,
109,Pashhow Marshlands,17224381,Survival Guide,,pending,,,
110,Rolanberry Fields,17228320,???,,not_applicable,,,Unnamed placeholder or door; no NPC role label.
110,Rolanberry Fields,17228345,Signpost,,pending,,,
110,Rolanberry Fields,17228346,Signpost,,pending,,,
110,Rolanberry Fields,17228356,Stone Monument,,pending,,,
110,Rolanberry Fields,17228359,EFFECTER,,pending,,,
110,Rolanberry Fields,17228364,Cavernous Maw,,pending,,,
110,Rolanberry Fields,17228381,Goblin Footprint,,pending,,,
110,Rolanberry Fields,17228382,Field Manual,,pending,,,
110,Rolanberry Fields,17228383,Field Manual,,pending,,,
110,Rolanberry Fields,17228384,Field Parchment,,pending,,,
110,Rolanberry Fields,17228385,Ethereal Junction,,pending,,,
110,Rolanberry Fields,17228386,Ethereal Junction,,pending,,,
110,Rolanberry Fields,17228387,Ethereal Junction,,pending,,,
110,Rolanberry Fields,17228390,Planar Rift,,pending,,,
110,Rolanberry Fields,17228391,Planar Rift,,pending,,,
110,Rolanberry Fields,17228392,Planar Rift,,pending,,,
110,Rolanberry Fields,17228396,Atmacite Refiner,,pending,,,
110,Rolanberry Fields,17228397,Voidwatch Officer,,pending,,,
110,Rolanberry Fields,17228398,Saarlan,,pending,,,
110,Rolanberry Fields,17228399,Legion Tome,,pending,,,
110,Rolanberry Fields,17228400,Mayuyu,,pending,,,
110,Rolanberry Fields,17228410,Marlena,,pending,,,
110,Rolanberry Fields,17228423,Geomantic Reservoir,,pending,,,
110,Rolanberry Fields,17228426,Survival Guide,,pending,,,
110,Rolanberry Fields,17228430,???,,not_applicable,,,Unnamed placeholder or door; no NPC role label.
110,Rolanberry Fields,17228431,Pellio,,pending,,,
111,Beaucedine Glacier,17232217,"Parledaire, R.K.",,pending,,,
111,Beaucedine Glacier,17232220,Conquest_Banner,,pending,,,
111,Beaucedine Glacier,17232224,"Leaufetie, R.K.",,pending,,,
111,Beaucedine Glacier,17232227,Gueriette,,pending,,,
111,Beaucedine Glacier,17232228,Conquest_Banner,,pending,,,
111,Beaucedine Glacier,17232233,Torino-Samarino,,pending,,,
111,Beaucedine Glacier,17232234,Potete,,pending,,,
111,Beaucedine Glacier,17232235,Leigon-Moigon,,pending,,,
111,Beaucedine Glacier,17232236,Beastmen's Banner,,pending,,,
111,Beaucedine Glacier,17232237,EFFECTER,,pending,,,
111,Beaucedine Glacier,17232241,Goblin Footprint,,pending,,,
111,Beaucedine Glacier,17232242,Trail Markings,,pending,,,
111,Beaucedine Glacier,17232254,relic,,pending,,,
111,Beaucedine Glacier,17232271,Iron Grate,,pending,,,
111,Beaucedine Glacier,17232272,Iron Grate,,pending,,,
111,Beaucedine Glacier,17232273,Iron Grate,,pending,,,
111,Beaucedine Glacier,17232274,Iron Grate,,pending,,,
111,Beaucedine Glacier,17232275,Iron Grate,,pending,,,
111,Beaucedine Glacier,17232276,Iron Grate,,pending,,,
111,Beaucedine Glacier,17232284,Luck Rune,,pending,,,
111,Beaucedine Glacier,17232287,Mirror Pond,,pending,,,
111,Beaucedine Glacier,17232291,Field Manual,,pending,,,
111,Beaucedine Glacier,17232292,Field Manual,,pending,,,
111,Beaucedine Glacier,17232293,Field Manual,,pending,,,
111,Beaucedine Glacier,17232294,Field Manual,,pending,,,
111,Beaucedine Glacier,17232295,Field Parchment,,pending,,,
111,Beaucedine Glacier,17232296,Ethereal Junction,,pending,,,
111,Beaucedine Glacier,17232297,Ethereal Junction,,pending,,,
111,Beaucedine Glacier,17232298,Ethereal Junction,,pending,,,
111,Beaucedine Glacier,17232303,Lonely Evergreen,,pending,,,
111,Beaucedine Glacier,17232304,blank,,not_applicable,,,Unnamed placeholder or door; no NPC role label.
111,Beaucedine Glacier,17232305,Goblin Grenadier,,pending,,,
111,Beaucedine Glacier,17232307,Northwestern Pip,,pending,,,
111,Beaucedine Glacier,17232308,Western Pip,,pending,,,
111,Beaucedine Glacier,17232309,Southwestern Pip,,pending,,,
111,Beaucedine Glacier,17232310,Northeastern Pip,,pending,,,
111,Beaucedine Glacier,17232311,Eastern Pip,,pending,,,
111,Beaucedine Glacier,17232312,Southeastern Pip,,pending,,,
111,Beaucedine Glacier,17232315,Planar Rift,,pending,,,
111,Beaucedine Glacier,17232316,Planar Rift,,pending,,,
111,Beaucedine Glacier,17232317,Planar Rift,,pending,,,
111,Beaucedine Glacier,17232321,Geomantic Reservoir,,pending,,,
111,Beaucedine Glacier,17232324,Geomantic Reservoir,,pending,,,
111,Beaucedine Glacier,17232327,Survival Guide,,pending,,,
111,Beaucedine Glacier,17232347,Ferric Stench,,pending,,,
111,Beaucedine Glacier,17232348,Point of Interest,,pending,,,
112,Xarcabard,17236256,Peculiar Footprints,,pending,,,
112,Xarcabard,17236283,???,,not_applicable,,,Unnamed placeholder or door; no NPC role label.
112,Xarcabard,17236296,"Magumo-Yagimo, W.W.",,pending,,,
112,Xarcabard,17236299,Conquest_Banner,,pending,,,
112,Xarcabard,17236303,"Tememe, W.W.",,pending,,,
112,Xarcabard,17236304,Pelogrant,,pending,,,
112,Xarcabard,17236307,Conquest_Banner,,pending,,,
112,Xarcabard,17236309,Telepoint,,pending,,,
112,Xarcabard,17236312,???,,not_applicable,,,Unnamed placeholder or door; no NPC role label.
112,Xarcabard,17236313,???,,not_applicable,,,Unnamed placeholder or door; no NPC role label.
112,Xarcabard,17236314,???,,not_applicable,,,Unnamed placeholder or door; no NPC role label.
112,Xarcabard,17236315,Perennial Snow,,pending,,,
112,Xarcabard,17236316,???,,not_applicable,,,Unnamed placeholder or door; no NPC role label.
112,Xarcabard,17236317,???,,not_applicable,,,Unnamed placeholder or door; no NPC role label.
112,Xarcabard,17236322,???,,not_applicable,,,Unnamed placeholder or door; no NPC role label.
112,Xarcabard,17236324,EFFECTER,,pending,,,
112,Xarcabard,17236327,Beastmen's Banner,,pending,,,
112,Xarcabard,17236329,Goblin Footprint,,pending,,,
112,Xarcabard,17236333,Trail Markings,,pending,,,
112,Xarcabard,17236346,Luck Rune,,pending,,,
112,Xarcabard,17236347,Cavernous Maw,,pending,,,
112,Xarcabard,17236353,Indescript Markings,,pending,,,
112,Xarcabard,17236354,Field Manual,,pending,,,
112,Xarcabard,17236355,Field Manual,,pending,,,
112,Xarcabard,17236356,Field Parchment,,pending,,,
112,Xarcabard,17236357,Ethereal Junction,,pending,,,
112,Xarcabard,17236358,Ethereal Junction,,pending,,,
112,Xarcabard,17236359,Ethereal Junction,,pending,,,
112,Xarcabard,17236363,Option One,,pending,,,
112,Xarcabard,17236364,Option Two,,pending,,,
112,Xarcabard,17236365,Option Three,,pending,,,
112,Xarcabard,17236371,Geomantic Reservoir,,pending,,,
112,Xarcabard,17236374,Survival Guide,,pending,,,
112,Xarcabard,17236376,Heroes' Gambit,,pending,,,
113,Cape Teriggan,17240443,???,,not_applicable,,,Unnamed placeholder or door; no NPC role label.
113,Cape Teriggan,17240470,EFFECTER,,pending,,,
113,Cape Teriggan,17240473,"Salimardi, R.K.",,pending,,,
113,Cape Teriggan,17240476,Conquest_Banner,,pending,,,
113,Cape Teriggan,17240480,"Paise, R.K.",,pending,,,
113,Cape Teriggan,17240483,Bright Moon,,pending,,,
113,Cape Teriggan,17240484,Conquest_Banner,,pending,,,
113,Cape Teriggan,17240498,Cermet Headstone,,pending,,,
113,Cape Teriggan,17240501,Beastmen's Banner,,pending,,,
113,Cape Teriggan,17240503,Goblin Footprint,,pending,,,
113,Cape Teriggan,17240504,relic,,pending,,,
113,Cape Teriggan,17240521,Field Manual,,pending,,,
113,Cape Teriggan,17240522,Field Manual,,pending,,,
113,Cape Teriggan,17240523,Field Parchment,,pending,,,
113,Cape Teriggan,17240524,Ethereal Junction,,pending,,,
113,Cape Teriggan,17240525,Ethereal Junction,,pending,,,
113,Cape Teriggan,17240526,Ethereal Junction,,pending,,,
113,Cape Teriggan,17240529,Survival Guide,,pending,,,
113,Cape Teriggan,17240530,Home Point #1,,pending,,,
114,Eastern Altepa Desert,17244619,Telepoint,,pending,,,
114,Eastern Altepa Desert,17244622,???,,not_applicable,,,Unnamed placeholder or door; no NPC role label.
114,Eastern Altepa Desert,17244623,EFFECTER,,pending,,,
114,Eastern Altepa Desert,17244627,"Eaulevisat, R.K.",,pending,,,
114,Eastern Altepa Desert,17244630,Conquest_Banner,,pending,,,
114,Eastern Altepa Desert,17244634,"Laimeve, R.K.",,pending,,,
114,Eastern Altepa Desert,17244637,Sowande,,pending,,,
114,Eastern Altepa Desert,17244638,Conquest_Banner,,pending,,,
114,Eastern Altepa Desert,17244651,???,,not_applicable,,,Unnamed placeholder or door; no NPC role label.
114,Eastern Altepa Desert,17244652,Beastmen's Banner,,pending,,,
114,Eastern Altepa Desert,17244654,Eulaclaire,,pending,,,
114,Eastern Altepa Desert,17244655,blank,,not_applicable,,,Unnamed placeholder or door; no NPC role label.
114,Eastern Altepa Desert,17244656,Lokpix,,pending,,,
114,Eastern Altepa Desert,17244657,Field Manual,,pending,,,
114,Eastern Altepa Desert,17244658,Field Manual,,pending,,,
114,Eastern Altepa Desert,17244659,Field Manual,,pending,,,
114,Eastern Altepa Desert,17244660,Field Parchment,,pending,,,
114,Eastern Altepa Desert,17244661,Ethereal Junction,,pending,,,
114,Eastern Altepa Desert,17244662,Ethereal Junction,,pending,,,
114,Eastern Altepa Desert,17244663,Ethereal Junction,,pending,,,
114,Eastern Altepa Desert,17244669,Survival Guide,,pending,,,
115,West Sarutabaruta,17248794,Ipupu,,pending,,,
115,West Sarutabaruta,17248795,Maata-Ulaata,,pending,,,
115,West Sarutabaruta,17248796,Fuahah,,pending,,,
115,West Sarutabaruta,17248797,Signpost,,pending,,,
115,West Sarutabaruta,17248798,Signpost,,pending,,,
115,West Sarutabaruta,17248799,Signpost,,pending,,,
115,West Sarutabaruta,17248800,Signpost,,pending,,,
115,West Sarutabaruta,17248801,Signpost,,pending,,,
115,West Sarutabaruta,17248802,Signpost,,pending,,,
115,West Sarutabaruta,17248803,Signpost,,pending,,,
115,West Sarutabaruta,17248804,Signpost,,pending,,,
115,West Sarutabaruta,17248805,Signpost,,pending,,,
115,West Sarutabaruta,17248806,Signpost,,pending,,,
115,West Sarutabaruta,17248807,Signpost,,pending,,,
115,West Sarutabaruta,17248808,Signpost,,pending,,,
115,West Sarutabaruta,17248809,Signpost,,pending,,,
115,West Sarutabaruta,17248810,Signpost,,pending,,,
115,West Sarutabaruta,17248811,Signpost,,pending,,,
115,West Sarutabaruta,17248812,Signpost,,pending,,,
115,West Sarutabaruta,17248813,Signpost,,pending,,,
115,West Sarutabaruta,17248814,Signpost,,pending,,,
115,West Sarutabaruta,17248815,Twinkle Tree,,pending,,,
115,West Sarutabaruta,17248816,Paore-Kuore,,pending,,,
115,West Sarutabaruta,17248817,Kolapo-Oilapo,,pending,,,
115,West Sarutabaruta,17248818,Stone Monument,,pending,,,
115,West Sarutabaruta,17248832,"Roshina-Kuleshuna, W.W.",,pending,,,
115,West Sarutabaruta,17248835,Conquest_Banner,,pending,,,
115,West Sarutabaruta,17248839,"Darumomo, W.W.",,pending,,,
115,West Sarutabaruta,17248840,Mahien-Uhien,,pending,,,
115,West Sarutabaruta,17248843,Conquest_Banner,,pending,,,
115,West Sarutabaruta,17248846,Harvesting Point,,pending,,,
115,West Sarutabaruta,17248847,Harvesting Point,,pending,,,
115,West Sarutabaruta,17248848,Harvesting Point,,pending,,,
115,West Sarutabaruta,17248849,Harvesting Point,,pending,,,
115,West Sarutabaruta,17248850,Harvesting Point,,pending,,,
115,West Sarutabaruta,17248851,Harvesting Point,,pending,,,
115,West Sarutabaruta,17248852,EFFECTER,,pending,,,
115,West Sarutabaruta,17248856,Cavernous Maw,,pending,,,
115,West Sarutabaruta,17248857,Field Manual,,pending,,,
115,West Sarutabaruta,17248858,Field Manual,,pending,,,
115,West Sarutabaruta,17248859,Field Manual,,pending,,,
115,West Sarutabaruta,17248860,Field Parchment,,pending,,,
115,West Sarutabaruta,17248864,Goblin Footprint,,pending,,,
115,West Sarutabaruta,17248914,Planar Rift,,pending,,,
115,West Sarutabaruta,17248915,Planar Rift,,pending,,,
115,West Sarutabaruta,17248916,Planar Rift,,pending,,,
115,West Sarutabaruta,17248920,Geomagnetic Fount,,pending,,,
115,West Sarutabaruta,17248921,Survival Guide,,pending,,,
115,West Sarutabaruta,17248941,Secluded Spot,,pending,,,
116,East Sarutabaruta,17253038,Quh Berhuja,,pending,,,
116,East Sarutabaruta,17253039,Pore-Ohre,,pending,,,
116,East Sarutabaruta,17253043,Sama Gohjima,,pending,,,
116,East Sarutabaruta,17253044,Signpost,,pending,,,
116,East Sarutabaruta,17253045,Signpost,,pending,,,
116,East Sarutabaruta,17253046,Signpost,,pending,,,
116,East Sarutabaruta,17253047,Signpost,,pending,,,
116,East Sarutabaruta,17253048,Signpost,,pending,,,
116,East Sarutabaruta,17253049,Signpost,,pending,,,
116,East Sarutabaruta,17253050,Signpost,,pending,,,
116,East Sarutabaruta,17253051,Signpost,,pending,,,
116,East Sarutabaruta,17253052,Signpost,,pending,,,
116,East Sarutabaruta,17253053,Signpost,,pending,,,
116,East Sarutabaruta,17253054,Signpost,,pending,,,
116,East Sarutabaruta,17253055,Signpost,,pending,,,
116,East Sarutabaruta,17253056,Signpost,,pending,,,
116,East Sarutabaruta,17253057,Signpost,,pending,,,
116,East Sarutabaruta,17253058,Signpost,,pending,,,
116,East Sarutabaruta,17253059,Signpost,,pending,,,
116,East Sarutabaruta,17253060,Signpost,,pending,,,
116,East Sarutabaruta,17253061,Signpost,,pending,,,
116,East Sarutabaruta,17253062,Taby Canatahey,,pending,,,
116,East Sarutabaruta,17253063,Heih Porhiaap,,pending,,,
116,East Sarutabaruta,17253064,Stone Monument,,pending,,,
116,East Sarutabaruta,17253066,EFFECTER,,pending,,,
116,East Sarutabaruta,17253070,Goblin Footprint,,pending,,,
116,East Sarutabaruta,17253071,Lake Tepokalipuka,,pending,,,
116,East Sarutabaruta,17253074,Field Manual,,pending,,,
116,East Sarutabaruta,17253075,Field Manual,,pending,,,
116,East Sarutabaruta,17253076,Field Manual,,pending,,,
116,East Sarutabaruta,17253077,Field Parchment,,pending,,,
116,East Sarutabaruta,17253078,Ethereal Junction,,pending,,,
116,East Sarutabaruta,17253079,Ethereal Junction,,pending,,,
116,East Sarutabaruta,17253080,Ethereal Junction,,pending,,,
116,East Sarutabaruta,17253091,Planar Rift,,pending,,,
116,East Sarutabaruta,17253092,Planar Rift,,pending,,,
116,East Sarutabaruta,17253093,Planar Rift,,pending,,,
116,East Sarutabaruta,17253113,Whispering Tortoise,,pending,,,
116,East Sarutabaruta,17253134,Disturbed Earth,,pending,,,
117,Tahrongi Canyon,17257005,???,,not_applicable,,,Unnamed placeholder or door; no NPC role label.
117,Tahrongi Canyon,17257006,???,,not_applicable,,,Unnamed placeholder or door; no NPC role label.
117,Tahrongi Canyon,17257032,Tahrongi Cacti,,pending,,,
117,Tahrongi Canyon,17257033,Signpost,,pending,,,
117,Tahrongi Canyon,17257034,Signpost,,pending,,,
117,Tahrongi Canyon,17257035,Signpost,,pending,,,
117,Tahrongi Canyon,17257036,Signpost,,pending,,,
117,Tahrongi Canyon,17257037,Signpost,,pending,,,
117,Tahrongi Canyon,17257038,Signpost,,pending,,,
117,Tahrongi Canyon,17257039,Signpost,,pending,,,
117,Tahrongi Canyon,17257040,Signpost,,pending,,,
117,Tahrongi Canyon,17257041,Telepoint,,pending,,,
117,Tahrongi Canyon,17257042,Dimensional Portal,,pending,,,
117,Tahrongi Canyon,17257043,Shattered Telepoint,,pending,,,
117,Tahrongi Canyon,17257053,Stone Monument,,pending,,,
117,Tahrongi Canyon,17257055,Excavation Point,,pending,,,
117,Tahrongi Canyon,17257056,Excavation Point,,pending,,,
117,Tahrongi Canyon,17257057,Excavation Point,,pending,,,
117,Tahrongi Canyon,17257058,Excavation Point,,pending,,,
117,Tahrongi Canyon,17257059,Excavation Point,,pending,,,
117,Tahrongi Canyon,17257060,Excavation Point,,pending,,,
117,Tahrongi Canyon,17257061,Pucotte,,pending,,,
117,Tahrongi Canyon,17257062,blank,,not_applicable,,,Unnamed placeholder or door; no NPC role label.
117,Tahrongi Canyon,17257063,EFFECTER,,pending,,,
117,Tahrongi Canyon,17257076,Goblin Footprint,,pending,,,
117,Tahrongi Canyon,17257077,Cavernous Maw,,pending,,,
117,Tahrongi Canyon,17257078,Luck Rune,,pending,,,
117,Tahrongi Canyon,17257079,Field Manual,,pending,,,
117,Tahrongi Canyon,17257080,Field Manual,,pending,,,
117,Tahrongi Canyon,17257081,Field Manual,,pending,,,
117,Tahrongi Canyon,17257082,Field Parchment,,pending,,,
117,Tahrongi Canyon,17257083,Ethereal Junction,,pending,,,
117,Tahrongi Canyon,17257084,Ethereal Junction,,pending,,,
117,Tahrongi Canyon,17257085,Ethereal Junction,,pending,,,
117,Tahrongi Canyon,17257088,Planar Rift,,pending,,,
117,Tahrongi Canyon,17257089,Planar Rift,,pending,,,
117,Tahrongi Canyon,17257090,Planar Rift,,pending,,,
117,Tahrongi Canyon,17257102,Yvantoine,,pending,,,
117,Tahrongi Canyon,17257121,Geomagnetic Fount,,pending,,,
117,Tahrongi Canyon,17257122,Ergon Locus ???,,pending,,,
117,Tahrongi Canyon,17257123,Geomantic Reservoir,,pending,,,
117,Tahrongi Canyon,17257126,Survival Guide,,pending,,,
118,Buburimu Peninsula,17261137,Song Runes,,pending,,,
118,Buburimu Peninsula,17261139,Five of Spades,,pending,,,
118,Buburimu Peninsula,17261140,Stone Monument,,pending,,,
118,Buburimu Peninsula,17261151,"Ishin, I.M.",,pending,,,
118,Buburimu Peninsula,17261154,Conquest_Banner,,pending,,,
118,Buburimu Peninsula,17261158,"Wise Turtle, I.M.",,pending,,,
118,Buburimu Peninsula,17261160,Lobho Ukipturi,,pending,,,
118,Buburimu Peninsula,17261162,Conquest_Banner,,pending,,,
118,Buburimu Peninsula,17261165,Signpost,,pending,,,
118,Buburimu Peninsula,17261166,Signpost,,pending,,,
118,Buburimu Peninsula,17261167,Signpost,,pending,,,
118,Buburimu Peninsula,17261168,Signpost,,pending,,,
118,Buburimu Peninsula,17261169,Signpost,,pending,,,
118,Buburimu Peninsula,17261170,Signpost,,pending,,,
118,Buburimu Peninsula,17261171,Signpost,,pending,,,
118,Buburimu Peninsula,17261175,Logging Point,,pending,,,
118,Buburimu Peninsula,17261176,Logging Point,,pending,,,
118,Buburimu Peninsula,17261177,Logging Point,,pending,,,
118,Buburimu Peninsula,17261178,Logging Point,,pending,,,
118,Buburimu Peninsula,17261179,Logging Point,,pending,,,
118,Buburimu Peninsula,17261180,Logging Point,,pending,,,
118,Buburimu Peninsula,17261181,EFFECTER,,pending,,,
118,Buburimu Peninsula,17261184,Beastmen's Banner,,pending,,,
118,Buburimu Peninsula,17261186,Goblin Footprint,,pending,,,
118,Buburimu Peninsula,17261187,???,,not_applicable,,,Unnamed placeholder or door; no NPC role label.
118,Buburimu Peninsula,17261191,Hieroglyphics,,pending,,,
118,Buburimu Peninsula,17261203,Field Manual,,pending,,,
118,Buburimu Peninsula,17261204,Field Manual,,pending,,,
118,Buburimu Peninsula,17261205,Field Parchment,,pending,,,
118,Buburimu Peninsula,17261206,Ethereal Junction,,pending,,,
118,Buburimu Peninsula,17261207,Ethereal Junction,,pending,,,
118,Buburimu Peninsula,17261208,Ethereal Junction,,pending,,,
118,Buburimu Peninsula,17261213,Cavernous Maw,,pending,,,
118,Buburimu Peninsula,17261219,Planar Rift,,pending,,,
118,Buburimu Peninsula,17261220,Planar Rift,,pending,,,
118,Buburimu Peninsula,17261221,Planar Rift,,pending,,,
118,Buburimu Peninsula,17261225,Survival Guide,,pending,,,
119,Meriphataud Mountains,17265242,Stone Monument,,pending,,,
119,Meriphataud Mountains,17265243,???,,not_applicable,,,Unnamed placeholder or door; no NPC role label.
119,Meriphataud Mountains,17265249,Herald,,pending,,,
119,Meriphataud Mountains,17265250,Marshal,,pending,,,
119,Meriphataud Mountains,17265254,Muzeze,,pending,,,
119,Meriphataud Mountains,17265272,"Akane, I.M.",,pending,,,
119,Meriphataud Mountains,17265275,Conquest_Banner,,pending,,,
119,Meriphataud Mountains,17265279,"Three Steps, I.M.",,pending,,,
119,Meriphataud Mountains,17265281,Mushosho,,pending,,,
119,Meriphataud Mountains,17265283,Conquest_Banner,,pending,,,
119,Meriphataud Mountains,17265287,Beastmen's Banner,,pending,,,
119,Meriphataud Mountains,17265288,EFFECTER,,pending,,,
119,Meriphataud Mountains,17265292,Goblin Footprint,,pending,,,
119,Meriphataud Mountains,17265294,Cavernous Maw,,pending,,,
119,Meriphataud Mountains,17265295,Field Manual,,pending,,,
119,Meriphataud Mountains,17265296,Field Manual,,pending,,,
119,Meriphataud Mountains,17265297,Field Manual,,pending,,,
119,Meriphataud Mountains,17265298,Field Parchment,,pending,,,
119,Meriphataud Mountains,17265299,Ethereal Junction,,pending,,,
119,Meriphataud Mountains,17265300,Ethereal Junction,,pending,,,
119,Meriphataud Mountains,17265301,Ethereal Junction,,pending,,,
119,Meriphataud Mountains,17265315,Planar Rift,,pending,,,
119,Meriphataud Mountains,17265316,Planar Rift,,pending,,,
119,Meriphataud Mountains,17265317,Planar Rift,,pending,,,
119,Meriphataud Mountains,17265321,Geomagnetic Fount,,pending,,,
119,Meriphataud Mountains,17265322,Survival Guide,,pending,,,
120,Sauromugue Champaign,17269191,???,,not_applicable,,,Unnamed placeholder or door; no NPC role label.
120,Sauromugue Champaign,17269225,Stone Monument,,pending,,,
120,Sauromugue Champaign,17269227,Tiger Bones,,pending,,,
120,Sauromugue Champaign,17269231,???,,not_applicable,,,Unnamed placeholder or door; no NPC role label.
120,Sauromugue Champaign,17269232,???,,not_applicable,,,Unnamed placeholder or door; no NPC role label.
120,Sauromugue Champaign,17269233,???,,not_applicable,,,Unnamed placeholder or door; no NPC role label.
120,Sauromugue Champaign,17269234,???,,not_applicable,,,Unnamed placeholder or door; no NPC role label.
120,Sauromugue Champaign,17269235,???,,not_applicable,,,Unnamed placeholder or door; no NPC role label.
120,Sauromugue Champaign,17269236,???,,not_applicable,,,Unnamed placeholder or door; no NPC role label.
120,Sauromugue Champaign,17269237,EFFECTER,,pending,,,
120,Sauromugue Champaign,17269241,Goblin Footprint,,pending,,,
120,Sauromugue Champaign,17269244,Cavernous Maw,,pending,,,
120,Sauromugue Champaign,17269245,Vrednev,,pending,,,
120,Sauromugue Champaign,17269248,Dungeon_Entrance,,pending,,,
120,Sauromugue Champaign,17269250,Burrow Researcher,,pending,,,
120,Sauromugue Champaign,17269251,Utrig,,pending,,,
120,Sauromugue Champaign,17269267,Field Manual,,pending,,,
120,Sauromugue Champaign,17269268,Field Manual,,pending,,,
120,Sauromugue Champaign,17269269,Field Parchment,,pending,,,
120,Sauromugue Champaign,17269270,Ethereal Junction,,pending,,,
120,Sauromugue Champaign,17269271,Ethereal Junction,,pending,,,
120,Sauromugue Champaign,17269272,Ethereal Junction,,pending,,,
120,Sauromugue Champaign,17269275,Planar Rift,,pending,,,
120,Sauromugue Champaign,17269276,Planar Rift,,pending,,,
120,Sauromugue Champaign,17269277,Planar Rift,,pending,,,
120,Sauromugue Champaign,17269281,Atmacite Refiner,,pending,,,
120,Sauromugue Champaign,17269282,Voidwatch Officer,,pending,,,
120,Sauromugue Champaign,17269291,Neriss,,pending,,,
120,Sauromugue Champaign,17269304,Geomantic Reservoir,,pending,,,
120,Sauromugue Champaign,17269307,Survival Guide,,pending,,,
120,Sauromugue Champaign,17269311,???,,not_applicable,,,Unnamed placeholder or door; no NPC role label.
121,The Sanctuary of Zi'Tah,17273334,???,,not_applicable,,,Unnamed placeholder or door; no NPC role label.
121,The Sanctuary of Zi'Tah,17273362,EFFECTER,,pending,,,
121,The Sanctuary of Zi'Tah,17273367,"Ajimo-Majimo, W.W.",,pending,,,
121,The Sanctuary of Zi'Tah,17273370,Conquest_Banner,,pending,,,
121,The Sanctuary of Zi'Tah,17273374,"Ochocho, W.W.",,pending,,,
121,The Sanctuary of Zi'Tah,17273375,Kasim,,pending,,,
121,The Sanctuary of Zi'Tah,17273378,Conquest_Banner,,pending,,,
121,The Sanctuary of Zi'Tah,17273390,Cermet Headstone,,pending,,,
121,The Sanctuary of Zi'Tah,17273394,???,,not_applicable,,,Unnamed placeholder or door; no NPC role label.
121,The Sanctuary of Zi'Tah,17273395,???,,not_applicable,,,Unnamed placeholder or door; no NPC role label.
121,The Sanctuary of Zi'Tah,17273396,???,,not_applicable,,,Unnamed placeholder or door; no NPC role label.
121,The Sanctuary of Zi'Tah,17273399,Beastmen's Banner,,pending,,,
121,The Sanctuary of Zi'Tah,17273401,Goblin Footprint,,pending,,,
121,The Sanctuary of Zi'Tah,17273402,relic_mandau,,pending,,,
121,The Sanctuary of Zi'Tah,17273418,relic_mjollnir,,pending,,,
121,The Sanctuary of Zi'Tah,17273421,Field Manual,,pending,,,
121,The Sanctuary of Zi'Tah,17273422,Field Manual,,pending,,,
121,The Sanctuary of Zi'Tah,17273423,Field Parchment,,pending,,,
121,The Sanctuary of Zi'Tah,17273424,Ethereal Junction,,pending,,,
121,The Sanctuary of Zi'Tah,17273425,Ethereal Junction,,pending,,,
121,The Sanctuary of Zi'Tah,17273426,Ethereal Junction,,pending,,,
121,The Sanctuary of Zi'Tah,17273429,Planar Rift,,pending,,,
121,The Sanctuary of Zi'Tah,17273430,Planar Rift,,pending,,,
121,The Sanctuary of Zi'Tah,17273431,Planar Rift,,pending,,,
121,The Sanctuary of Zi'Tah,17273435,Survival Guide,,pending,,,
122,Ro'Maeve,17277169,???,,not_applicable,,,Unnamed placeholder or door; no NPC role label.
122,Ro'Maeve,17277204,Qu'Hau Spring,,pending,,,
122,Ro'Maeve,17277208,???,,not_applicable,,,Unnamed placeholder or door; no NPC role label.
122,Ro'Maeve,17277209,???,,not_applicable,,,Unnamed placeholder or door; no NPC role label.
122,Ro'Maeve,17277210,Ensorcelled Door,,pending,,,
122,Ro'Maeve,17277222,Goblin Footprint,,pending,,,
122,Ro'Maeve,17277232,Field Manual,,pending,,,
122,Ro'Maeve,17277233,Field Manual,,pending,,,
122,Ro'Maeve,17277234,Field Parchment,,pending,,,
122,Ro'Maeve,17277235,Ethereal Junction,,pending,,,
122,Ro'Maeve,17277236,Ethereal Junction,,pending,,,
122,Ro'Maeve,17277237,Ethereal Junction,,pending,,,
122,Ro'Maeve,17277250,Planar Rift,,pending,,,
122,Ro'Maeve,17277251,Planar Rift,,pending,,,
122,Ro'Maeve,17277252,Planar Rift,,pending,,,
122,Ro'Maeve,17277256,Survival Guide,,pending,,,
123,Yuhtunga Jungle,17281582,Firebloom Tree Root,,pending,,,
123,Yuhtunga Jungle,17281583,Firebloom Tree Root,,pending,,,
123,Yuhtunga Jungle,17281584,Firebloom Tree Root,,pending,,,
123,Yuhtunga Jungle,17281585,Firebloom Tree Root,,pending,,,
123,Yuhtunga Jungle,17281586,Blue Rafflesia,,pending,,,
123,Yuhtunga Jungle,17281587,Blue Rafflesia,,pending,,,
123,Yuhtunga Jungle,17281588,Blue Rafflesia,,pending,,,
123,Yuhtunga Jungle,17281590,???,,not_applicable,,,Unnamed placeholder or door; no NPC role label.
123,Yuhtunga Jungle,17281597,EFFECTER,,pending,,,
123,Yuhtunga Jungle,17281601,"Mahol, I.M.",,pending,,,
123,Yuhtunga Jungle,17281604,Conquest_Banner,,pending,,,
123,Yuhtunga Jungle,17281608,"Bammiro, I.M.",,pending,,,
123,Yuhtunga Jungle,17281610,Robino-Mobino,,pending,,,
123,Yuhtunga Jungle,17281612,Conquest_Banner,,pending,,,
123,Yuhtunga Jungle,17281625,Cermet Headstone,,pending,,,
123,Yuhtunga Jungle,17281630,Logging Point,,pending,,,
123,Yuhtunga Jungle,17281631,Logging Point,,pending,,,
123,Yuhtunga Jungle,17281632,Logging Point,,pending,,,
123,Yuhtunga Jungle,17281633,Logging Point,,pending,,,
123,Yuhtunga Jungle,17281634,Logging Point,,pending,,,
123,Yuhtunga Jungle,17281635,Logging Point,,pending,,,
123,Yuhtunga Jungle,17281639,Beastmen's Banner,,pending,,,
123,Yuhtunga Jungle,17281652,Goblin Footprint,,pending,,,
123,Yuhtunga Jungle,17281656,LuckRune,,pending,,,
123,Yuhtunga Jungle,17281657,Field Manual,,pending,,,
123,Yuhtunga Jungle,17281658,Field Manual,,pending,,,
123,Yuhtunga Jungle,17281659,Field Manual,,pending,,,
123,Yuhtunga Jungle,17281660,Field Manual,,pending,,,
123,Yuhtunga Jungle,17281661,Field Parchment,,pending,,,
123,Yuhtunga Jungle,17281662,Ethereal Junction,,pending,,,
123,Yuhtunga Jungle,17281663,Ethereal Junction,,pending,,,
123,Yuhtunga Jungle,17281664,Ethereal Junction,,pending,,,
123,Yuhtunga Jungle,17281667,Planar Rift,,pending,,,
123,Yuhtunga Jungle,17281668,Planar Rift,,pending,,,
123,Yuhtunga Jungle,17281669,Planar Rift,,pending,,,
123,Yuhtunga Jungle,17281675,Survival Guide,,pending,,,
123,Yuhtunga Jungle,17281682,???,,not_applicable,,,Unnamed placeholder or door; no NPC role label.
123,Yuhtunga Jungle,17281683,???,,not_applicable,,,Unnamed placeholder or door; no NPC role label.
124,Yhoator Jungle,17285616,???,,not_applicable,,,Unnamed placeholder or door; no NPC role label.
124,Yhoator Jungle,17285643,EFFECTER,,pending,,,
124,Yhoator Jungle,17285646,???,,not_applicable,,,Unnamed placeholder or door; no NPC role label.
124,Yhoator Jungle,17285647,Telepoint,,pending,,,
124,Yhoator Jungle,17285651,"Mintoo, I.M.",,pending,,,
124,Yhoator Jungle,17285654,Conquest_Banner,,pending,,,
124,Yhoator Jungle,17285658,"Guddal, I.M.",,pending,,,
124,Yhoator Jungle,17285660,Mugha Dovajaiho,,pending,,,
124,Yhoator Jungle,17285662,Conquest_Banner,,pending,,,
124,Yhoator Jungle,17285675,Logging Point,,pending,,,
124,Yhoator Jungle,17285676,Logging Point,,pending,,,
124,Yhoator Jungle,17285677,Logging Point,,pending,,,
124,Yhoator Jungle,17285678,Logging Point,,pending,,,
124,Yhoator Jungle,17285679,Logging Point,,pending,,,
124,Yhoator Jungle,17285680,Logging Point,,pending,,,
124,Yhoator Jungle,17285684,???,,not_applicable,,,Unnamed placeholder or door; no NPC role label.
124,Yhoator Jungle,17285685,Beastmen's Banner,,pending,,,
124,Yhoator Jungle,17285700,Paurelde,,pending,,,
124,Yhoator Jungle,17285701,blank,,not_applicable,,,Unnamed placeholder or door; no NPC role label.
124,Yhoator Jungle,17285702,Field Manual,,pending,,,
124,Yhoator Jungle,17285703,Field Manual,,pending,,,
124,Yhoator Jungle,17285704,Field Manual,,pending,,,
124,Yhoator Jungle,17285705,Field Parchment,,pending,,,
124,Yhoator Jungle,17285706,Ethereal Junction,,pending,,,
124,Yhoator Jungle,17285707,Ethereal Junction,,pending,,,
124,Yhoator Jungle,17285708,Ethereal Junction,,pending,,,
124,Yhoator Jungle,17285713,Survival Guide,,pending,,,
125,Western Altepa Desert,17289719,???,,not_applicable,,,Unnamed placeholder or door; no NPC role label.
125,Western Altepa Desert,17289721,Peculiar Footprints,,pending,,,
125,Western Altepa Desert,17289756,EFFECTER,,pending,,,
125,Western Altepa Desert,17289759,Dreamrose,,pending,,,
125,Western Altepa Desert,17289760,???,,not_applicable,,,Unnamed placeholder or door; no NPC role label.
125,Western Altepa Desert,17289771,Cermet Headstone,,pending,,,
125,Western Altepa Desert,17289783,relic,,pending,,,
125,Western Altepa Desert,17289800,Goblin Footprint,,pending,,,
125,Western Altepa Desert,17289801,Field Manual,,pending,,,
125,Western Altepa Desert,17289802,Field Manual,,pending,,,
125,Western Altepa Desert,17289803,Field Manual,,pending,,,
125,Western Altepa Desert,17289804,Field Parchment,,pending,,,
125,Western Altepa Desert,17289805,Ethereal Junction,,pending,,,
125,Western Altepa Desert,17289806,Ethereal Junction,,pending,,,
125,Western Altepa Desert,17289807,Ethereal Junction,,pending,,,
125,Western Altepa Desert,17289810,Planar Rift,,pending,,,
125,Western Altepa Desert,17289811,Planar Rift,,pending,,,
125,Western Altepa Desert,17289812,Planar Rift,,pending,,,
125,Western Altepa Desert,17289819,Survival Guide,,pending,,,
126,Qufim Island,17293681,Peculiar Footprints,,pending,,,
126,Qufim Island,17293708,Nightflowers,,pending,,,
126,Qufim Island,17293711,Swirling Vortex,,pending,,,
126,Qufim Island,17293712,blank,,not_applicable,,,Unnamed placeholder or door; no NPC role label.
126,Qufim Island,17293728,Conquest_Banner,,pending,,,
126,Qufim Island,17293730,"Singing Blade, I.M.",,pending,,,
126,Qufim Island,17293734,Conquest_Banner,,pending,,,
126,Qufim Island,17293752,Beastmen's Banner,,pending,,,
126,Qufim Island,17293754,Goblin Footprint,,pending,,,
126,Qufim Island,17293755,Luck Rune,,pending,,,
126,Qufim Island,17293758,Giant Footprint,,pending,,,
126,Qufim Island,17293763,Hieroglyphics,,pending,,,
126,Qufim Island,17293775,Trodden Snow,,pending,,,
126,Qufim Island,17293787,Field Manual,,pending,,,
126,Qufim Island,17293788,Field Manual,,pending,,,
126,Qufim Island,17293789,Field Parchment,,pending,,,
126,Qufim Island,17293790,???,,not_applicable,,,Unnamed placeholder or door; no NPC role label.
126,Qufim Island,17293791,Ethereal Junction,,pending,,,
126,Qufim Island,17293792,Ethereal Junction,,pending,,,
126,Qufim Island,17293793,Ethereal Junction,,pending,,,
126,Qufim Island,17293808,Planar Rift,,pending,,,
126,Qufim Island,17293809,Planar Rift,,pending,,,
126,Qufim Island,17293810,Planar Rift,,pending,,,
126,Qufim Island,17293814,Atmacite Refiner,,pending,,,
126,Qufim Island,17293815,Voidwatch Officer,,pending,,,
126,Qufim Island,17293816,Transcendental Radiance,,pending,,,
126,Qufim Island,17293819,Geomantic Reservoir,,pending,,,
126,Qufim Island,17293822,Survival Guide,,pending,,,
126,Qufim Island,17293832,Undulating Confluence,,pending,,,
126,Qufim Island,17293833,Home Point #1,,pending,,,
126,Qufim Island,17293844,Before Delkfutt's Tower,,pending,,,
127,Behemoth's Dominion,17297459,???,,not_applicable,,,Unnamed placeholder or door; no NPC role label.
127,Behemoth's Dominion,17297484,???,,not_applicable,,,Unnamed placeholder or door; no NPC role label.
127,Behemoth's Dominion,17297494,Cermet Headstone,,pending,,,
127,Behemoth's Dominion,17297495,Field Manual,,pending,,,
127,Behemoth's Dominion,17297496,Field Parchment,,pending,,,
127,Behemoth's Dominion,17297497,Ethereal Junction,,pending,,,
127,Behemoth's Dominion,17297498,Ethereal Junction,,pending,,,
127,Behemoth's Dominion,17297499,Ethereal Junction,,pending,,,
127,Behemoth's Dominion,17297502,Planar Rift,,pending,,,
127,Behemoth's Dominion,17297503,Planar Rift,,pending,,,
127,Behemoth's Dominion,17297504,Planar Rift,,pending,,,
127,Behemoth's Dominion,17297508,Geomantic Reservoir,,pending,,,
127,Behemoth's Dominion,17297511,Survival Guide,,pending,,,
128,Valley of Sorrows,17301543,???,,not_applicable,,,Unnamed placeholder or door; no NPC role label.
128,Valley of Sorrows,17301568,???,,not_applicable,,,Unnamed placeholder or door; no NPC role label.
128,Valley of Sorrows,17301578,relic,,pending,,,
128,Valley of Sorrows,17301595,Goblin Footprint,,pending,,,
128,Valley of Sorrows,17301596,Field Manual,,pending,,,
128,Valley of Sorrows,17301597,Field Manual,,pending,,,
128,Valley of Sorrows,17301598,Field Parchment,,pending,,,
128,Valley of Sorrows,17301599,Ethereal Junction,,pending,,,
128,Valley of Sorrows,17301600,Ethereal Junction,,pending,,,
128,Valley of Sorrows,17301601,Ethereal Junction,,pending,,,
128,Valley of Sorrows,17301604,Survival Guide,,pending,,,
129,Ghoyu's Reverie,17305858,Republic Ensign II,,pending,,,
129,Ghoyu's Reverie,17305859,Republic Ensign III,,pending,,,
129,Ghoyu's Reverie,17305860,Republic Ensign IV,,pending,,,
129,Ghoyu's Reverie,17305861,Republic Ensign V,,pending,,,
129,Ghoyu's Reverie,17305862,Republic Ensign VI,,pending,,,
130,Ru'Aun Gardens,17310000,???,,not_applicable,,,Unnamed placeholder or door; no NPC role label.
130,Ru'Aun Gardens,17310001,???,,not_applicable,,,Unnamed placeholder or door; no NPC role label.
130,Ru'Aun Gardens,17310002,???,,not_applicable,,,Unnamed placeholder or door; no NPC role label.
130,Ru'Aun Gardens,17310003,???,,not_applicable,,,Unnamed placeholder or door; no NPC role label.
130,Ru'Aun Gardens,17310035,Pincerstone,,pending,,,
130,Ru'Aun Gardens,17310037,Pincerstone,,pending,,,
130,Ru'Aun Gardens,17310039,Pincerstone,,pending,,,
130,Ru'Aun Gardens,17310041,Pincerstone,,pending,,,
130,Ru'Aun Gardens,17310043,Pincerstone,,pending,,,
130,Ru'Aun Gardens,17310045,Pincerstone,,pending,,,
130,Ru'Aun Gardens,17310047,Pincerstone,,pending,,,
130,Ru'Aun Gardens,17310049,Pincerstone,,pending,,,
130,Ru'Aun Gardens,17310051,Pincerstone,,pending,,,
130,Ru'Aun Gardens,17310053,Pincerstone,,pending,,,
130,Ru'Aun Gardens,17310054,???,,not_applicable,,,Unnamed placeholder or door; no NPC role label.
130,Ru'Aun Gardens,17310055,???,,not_applicable,,,Unnamed placeholder or door; no NPC role label.
130,Ru'Aun Gardens,17310056,???,,not_applicable,,,Unnamed placeholder or door; no NPC role label.
130,Ru'Aun Gardens,17310057,???,,not_applicable,,,Unnamed placeholder or door; no NPC role label.
130,Ru'Aun Gardens,17310084,Conquest_Banner,,pending,,,
130,Ru'Aun Gardens,17310091,Goblin Footprint,,pending,,,
130,Ru'Aun Gardens,17310092,relic,,pending,,,
130,Ru'Aun Gardens,17310108,Field Manual,,pending,,,
130,Ru'Aun Gardens,17310109,Field Manual,,pending,,,
130,Ru'Aun Gardens,17310110,Field Manual,,pending,,,
130,Ru'Aun Gardens,17310111,Field Manual,,pending,,,
130,Ru'Aun Gardens,17310112,Field Manual,,pending,,,
130,Ru'Aun Gardens,17310113,Field Manual,,pending,,,
130,Ru'Aun Gardens,17310114,Field Parchment,,pending,,,
130,Ru'Aun Gardens,17310115,Planar Rift,,pending,,,
130,Ru'Aun Gardens,17310116,Planar Rift,,pending,,,
130,Ru'Aun Gardens,17310117,Planar Rift,,pending,,,
130,Ru'Aun Gardens,17310121,Home Point #1,,pending,,,
130,Ru'Aun Gardens,17310122,Home Point #2,,pending,,,
130,Ru'Aun Gardens,17310123,Home Point #3,,pending,,,
130,Ru'Aun Gardens,17310124,Home Point #4,,pending,,,
130,Ru'Aun Gardens,17310125,Home Point #5,,pending,,,
130,Ru'Aun Gardens,17310135,Survival Guide,,pending,,,
132,Abyssea - La Theine,17318473,???,,not_applicable,,,Unnamed placeholder or door; no NPC role label.
132,Abyssea - La Theine,17318474,???,,not_applicable,,,Unnamed placeholder or door; no NPC role label.
132,Abyssea - La Theine,17318475,???,,not_applicable,,,Unnamed placeholder or door; no NPC role label.
132,Abyssea - La Theine,17318476,???,,not_applicable,,,Unnamed placeholder or door; no NPC role label.
132,Abyssea - La Theine,17318477,???,,not_applicable,,,Unnamed placeholder or door; no NPC role label.
132,Abyssea - La Theine,17318478,???,,not_applicable,,,Unnamed placeholder or door; no NPC role label.
132,Abyssea - La Theine,17318479,???,,not_applicable,,,Unnamed placeholder or door; no NPC role label.
132,Abyssea - La Theine,17318480,???,,not_applicable,,,Unnamed placeholder or door; no NPC role label.
132,Abyssea - La Theine,17318481,???,,not_applicable,,,Unnamed placeholder or door; no NPC role label.
132,Abyssea - La Theine,17318482,???,,not_applicable,,,Unnamed placeholder or door; no NPC role label.
132,Abyssea - La Theine,17318483,???,,not_applicable,,,Unnamed placeholder or door; no NPC role label.
132,Abyssea - La Theine,17318484,???,,not_applicable,,,Unnamed placeholder or door; no NPC role label.
132,Abyssea - La Theine,17318485,???,,not_applicable,,,Unnamed placeholder or door; no NPC role label.
132,Abyssea - La Theine,17318486,???,,not_applicable,,,Unnamed placeholder or door; no NPC role label.
132,Abyssea - La Theine,17318487,???,,not_applicable,,,Unnamed placeholder or door; no NPC role label.
132,Abyssea - La Theine,17318488,???,,not_applicable,,,Unnamed placeholder or door; no NPC role label.
132,Abyssea - La Theine,17318489,???,,not_applicable,,,Unnamed placeholder or door; no NPC role label.
132,Abyssea - La Theine,17318490,???,,not_applicable,,,Unnamed placeholder or door; no NPC role label.
132,Abyssea - La Theine,17318491,???,,not_applicable,,,Unnamed placeholder or door; no NPC role label.
132,Abyssea - La Theine,17318492,???,,not_applicable,,,Unnamed placeholder or door; no NPC role label.
132,Abyssea - La Theine,17318493,???,,not_applicable,,,Unnamed placeholder or door; no NPC role label.
132,Abyssea - La Theine,17318502,Conflux Surveyor,,pending,,,
132,Abyssea - La Theine,17318503,Cruor Prospector,,pending,,,
132,Abyssea - La Theine,17318504,Atma Infusionist,,pending,,,
132,Abyssea - La Theine,17318505,Atma Fabricant,,pending,,,
132,Abyssea - La Theine,17318508,NPC[26c],,pending,,,
132,Abyssea - La Theine,17318509,NPC[26d],,pending,,,
132,Abyssea - La Theine,17318590,Veridical Conflux #01,,pending,,,
132,Abyssea - La Theine,17318591,Veridical Conflux #02,,pending,,,
132,Abyssea - La Theine,17318592,Veridical Conflux #03,,pending,,,
132,Abyssea - La Theine,17318593,Veridical Conflux #04,,pending,,,
132,Abyssea - La Theine,17318594,Veridical Conflux #05,,pending,,,
132,Abyssea - La Theine,17318595,Veridical Conflux #06,,pending,,,
132,Abyssea - La Theine,17318596,Veridical Conflux #07,,pending,,,
132,Abyssea - La Theine,17318597,Veridical Conflux #08,,pending,,,
132,Abyssea - La Theine,17318598,LT-01 Martello,,pending,,,
132,Abyssea - La Theine,17318599,LT-02 Martello,,pending,,,
132,Abyssea - La Theine,17318600,LT-03 Martello,,pending,,,
132,Abyssea - La Theine,17318601,LT-04 Martello,,pending,,,
132,Abyssea - La Theine,17318602,LT-05 Martello,,pending,,,
132,Abyssea - La Theine,17318603,LT-06 Martello,,pending,,,
132,Abyssea - La Theine,17318604,LT-07 Martello,,pending,,,
132,Abyssea - La Theine,17318605,LT-08 Martello,,pending,,,
132,Abyssea - La Theine,17318609,Cavernous Maw,,pending,,,
132,Abyssea - La Theine,17318610,blank,,not_applicable,,,Unnamed placeholder or door; no NPC role label.
132,Abyssea - La Theine,17318611,Namonutice,,pending,,,
132,Abyssea - La Theine,17318612,Regine,,pending,,,
132,Abyssea - La Theine,17318613,Secodiand,,pending,,,
132,Abyssea - La Theine,17318614,Curilla,,pending,,,
132,Abyssea - La Theine,17318615,Danngogg,,pending,,,
132,Abyssea - La Theine,17318616,Shomo Pochachilo,,pending,,,
132,Abyssea - La Theine,17318617,Nonterene,,pending,,,
132,Abyssea - La Theine,17318618,Simmie,,pending,,,
132,Abyssea - La Theine,17318619,Fulchia,,pending,,,
132,Abyssea - La Theine,17318620,Guilerme,,pending,,,
132,Abyssea - La Theine,17318621,Daveille,,pending,,,
132,Abyssea - La Theine,17318622,Louis,,pending,,,
132,Abyssea - La Theine,17318623,Callort,,pending,,,
132,Abyssea - La Theine,17318624,010842dc,,pending,,,
132,Abyssea - La Theine,17318625,Joulet,,pending,,,
132,Abyssea - La Theine,17318626,Ufanne,,pending,,,
132,Abyssea - La Theine,17318627,Fontoumant,,pending,,,
132,Abyssea - La Theine,17318628,Dark Fissure,,pending,,,
132,Abyssea - La Theine,17318629,0x010842E1,,pending,,,
132,Abyssea - La Theine,17318630,Dark Fissure,,pending,,,
132,Abyssea - La Theine,17318631,0x010842E3,,pending,,,
132,Abyssea - La Theine,17318632,Dark Fissure,,pending,,,
132,Abyssea - La Theine,17318633,010842e5,,pending,,,
132,Abyssea - La Theine,17318634,Exoroche,,pending,,,
132,Abyssea - La Theine,17318635,Rugiette,,pending,,,
132,Abyssea - La Theine,17318636,0x010842E8,,pending,,,
132,Abyssea - La Theine,17318637,Halver,,pending,,,
132,Abyssea - La Theine,17318638,Gallijaux,,pending,,,
132,Abyssea - La Theine,17318639,Miageau,,pending,,,
132,Abyssea - La Theine,17318640,Murky Pond,,pending,,,
132,Abyssea - La Theine,17318641,Murky Pond,,pending,,,
132,Abyssea - La Theine,17318642,Murky Pond,,pending,,,
132,Abyssea - La Theine,17318643,Murky Pond,,pending,,,
132,Abyssea - La Theine,17318644,Glenne,,pending,,,
132,Abyssea - La Theine,17318645,Aaveleon,,pending,,,
132,Abyssea - La Theine,17318646,Amaura,,pending,,,
132,Abyssea - La Theine,17318648,Jagged Cliff,,pending,,,
132,Abyssea - La Theine,17318649,???,,not_applicable,,,Unnamed placeholder or door; no NPC role label.
132,Abyssea - La Theine,17318650,Machine Outfitter,,pending,,,
132,Abyssea - La Theine,17318658,blank,,not_applicable,,,Unnamed placeholder or door; no NPC role label.
132,Abyssea - La Theine,17318659,0x010842FF,,pending,,,
132,Abyssea - La Theine,17318660,0x01084300,,pending,,,
132,Abyssea - La Theine,17318661,blank,,not_applicable,,,Unnamed placeholder or door; no NPC role label.
132,Abyssea - La Theine,17318662,blank,,not_applicable,,,Unnamed placeholder or door; no NPC role label.
132,Abyssea - La Theine,17318663,Repair Trunk,,pending,,,
132,Abyssea - La Theine,17318664,Repair Trunk,,pending,,,
132,Abyssea - La Theine,17318665,Repair Trunk,,pending,,,
132,Abyssea - La Theine,17318666,Repair Trunk,,pending,,,
132,Abyssea - La Theine,17318667,Repair Trunk,,pending,,,
132,Abyssea - La Theine,17318668,Repair Trunk,,pending,,,
132,Abyssea - La Theine,17318669,Repair Trunk,,pending,,,
132,Abyssea - La Theine,17318670,Repair Trunk,,pending,,,
132,Abyssea - La Theine,17318671,Repair Trunk,,pending,,,
132,Abyssea - La Theine,17318672,Logging Point,,pending,,,
132,Abyssea - La Theine,17318673,Logging Point,,pending,,,
132,Abyssea - La Theine,17318674,Logging Point,,pending,,,
132,Abyssea - La Theine,17318675,Logging Point,,pending,,,
132,Abyssea - La Theine,17318676,Logging Point,,pending,,,
132,Abyssea - La Theine,17318677,Logging Point,,pending,,,
134,Dynamis - Beaucedine,17326800,Somnial Threshold,,pending,,,
134,Dynamis - Beaucedine,17326801,???,,not_applicable,,,Unnamed placeholder or door; no NPC role label.
134,Dynamis - Beaucedine,17326802,???,,not_applicable,,,Unnamed placeholder or door; no NPC role label.
134,Dynamis - Beaucedine,17326803,???,,not_applicable,,,Unnamed placeholder or door; no NPC role label.
134,Dynamis - Beaucedine,17326804,???,,not_applicable,,,Unnamed placeholder or door; no NPC role label.
134,Dynamis - Beaucedine,17326805,???,,not_applicable,,,Unnamed placeholder or door; no NPC role label.
134,Dynamis - Beaucedine,17326806,???,,not_applicable,,,Unnamed placeholder or door; no NPC role label.
134,Dynamis - Beaucedine,17326807,???,,not_applicable,,,Unnamed placeholder or door; no NPC role label.
134,Dynamis - Beaucedine,17326808,???,,not_applicable,,,Unnamed placeholder or door; no NPC role label.
134,Dynamis - Beaucedine,17326809,???,,not_applicable,,,Unnamed placeholder or door; no NPC role label.
134,Dynamis - Beaucedine,17326810,???,,not_applicable,,,Unnamed placeholder or door; no NPC role label.
135,Dynamis - Xarcabard,17330780,Somnial Threshold,,pending,,,
135,Dynamis - Xarcabard,17330781,???,,not_applicable,,,Unnamed placeholder or door; no NPC role label.
135,Dynamis - Xarcabard,17330782,???,,not_applicable,,,Unnamed placeholder or door; no NPC role label.
135,Dynamis - Xarcabard,17330783,???,,not_applicable,,,Unnamed placeholder or door; no NPC role label.
135,Dynamis - Xarcabard,17330784,???,,not_applicable,,,Unnamed placeholder or door; no NPC role label.
135,Dynamis - Xarcabard,17330785,???,,not_applicable,,,Unnamed placeholder or door; no NPC role label.
135,Dynamis - Xarcabard,17330786,???,,not_applicable,,,Unnamed placeholder or door; no NPC role label.
135,Dynamis - Xarcabard,17330787,???,,not_applicable,,,Unnamed placeholder or door; no NPC role label.
135,Dynamis - Xarcabard,17330788,???,,not_applicable,,,Unnamed placeholder or door; no NPC role label.
135,Dynamis - Xarcabard,17330789,???,,not_applicable,,,Unnamed placeholder or door; no NPC role label.
135,Dynamis - Xarcabard,17330790,???,,not_applicable,,,Unnamed placeholder or door; no NPC role label.
135,Dynamis - Xarcabard,17330791,???,,not_applicable,,,Unnamed placeholder or door; no NPC role label.
135,Dynamis - Xarcabard,17330792,???,,not_applicable,,,Unnamed placeholder or door; no NPC role label.
135,Dynamis - Xarcabard,17330793,???,,not_applicable,,,Unnamed placeholder or door; no NPC role label.
135,Dynamis - Xarcabard,17330794,???,,not_applicable,,,Unnamed placeholder or door; no NPC role label.
135,Dynamis - Xarcabard,17330795,???,,not_applicable,,,Unnamed placeholder or door; no NPC role label.
135,Dynamis - Xarcabard,17330796,???,,not_applicable,,,Unnamed placeholder or door; no NPC role label.
135,Dynamis - Xarcabard,17330797,???,,not_applicable,,,Unnamed placeholder or door; no NPC role label.
135,Dynamis - Xarcabard,17330798,???,,not_applicable,,,Unnamed placeholder or door; no NPC role label.
135,Dynamis - Xarcabard,17330799,???,,not_applicable,,,Unnamed placeholder or door; no NPC role label.
135,Dynamis - Xarcabard,17330800,???,,not_applicable,,,Unnamed placeholder or door; no NPC role label.
135,Dynamis - Xarcabard,17330801,???,,not_applicable,,,Unnamed placeholder or door; no NPC role label.
135,Dynamis - Xarcabard,17330811,Twinkling Presence,,pending,,,
135,Dynamis - Xarcabard,17330812,Twinkling Presence,,pending,,,
135,Dynamis - Xarcabard,17330813,Twinkling Presence,,pending,,,
135,Dynamis - Xarcabard,17330814,Twinkling Presence,,pending,,,
135,Dynamis - Xarcabard,17330815,Before Castle Zvahl,,pending,,,
136,Beaucedine Glacier [S],17334923,???,,not_applicable,,,Unnamed placeholder or door; no NPC role label.
136,Beaucedine Glacier [S],17334924,???,,not_applicable,,,Unnamed placeholder or door; no NPC role label.
136,Beaucedine Glacier [S],17334929,???,,not_applicable,,,Unnamed placeholder or door; no NPC role label.
136,Beaucedine Glacier [S],17334968,"Disserond, R.K.",,pending,,,
136,Beaucedine Glacier [S],17334971,blank,,not_applicable,,,Unnamed placeholder or door; no NPC role label.
136,Beaucedine Glacier [S],17334987,Goblin Footprint,,pending,,,
136,Beaucedine Glacier [S],17334991,blank_fork,,pending,,,
136,Beaucedine Glacier [S],17335004,Hoarfang,,pending,,,
136,Beaucedine Glacier [S],17335112,Compressed Snow,,pending,,,
136,Beaucedine Glacier [S],17335113,Colossal Footprint,,pending,,,
136,Beaucedine Glacier [S],17335114,Charred Firewood,,pending,,,
136,Beaucedine Glacier [S],17335115,Rocky Perch,,pending,,,
136,Beaucedine Glacier [S],17335117,Regal Pawprints,,pending,,,
136,Beaucedine Glacier [S],17335118,Regal Pawprints,,pending,,,
136,Beaucedine Glacier [S],17335119,Regal Pawprints,,pending,,,
136,Beaucedine Glacier [S],17335120,Regal Pawprints,,pending,,,
136,Beaucedine Glacier [S],17335121,Regal Pawprints,,pending,,,
136,Beaucedine Glacier [S],17335122,Regal Pawprints,,pending,,,
136,Beaucedine Glacier [S],17335123,Regal Pawprints,,pending,,,
136,Beaucedine Glacier [S],17335153,Regal Pawprints,,pending,,,
136,Beaucedine Glacier [S],17335154,Regal Pawprints,,pending,,,
136,Beaucedine Glacier [S],17335155,Gate Sentry,,pending,,,
136,Beaucedine Glacier [S],17335156,???,,not_applicable,,,Unnamed placeholder or door; no NPC role label.
136,Beaucedine Glacier [S],17335166,Watchful Pixie,,pending,,,
136,Beaucedine Glacier [S],17335169,Survival Guide,,pending,,,
137,Xarcabard [S],17338968,???,,not_applicable,,,Unnamed placeholder or door; no NPC role label.
137,Xarcabard [S],17338969,???,,not_applicable,,,Unnamed placeholder or door; no NPC role label.
137,Xarcabard [S],17338974,???,,not_applicable,,,Unnamed placeholder or door; no NPC role label.
137,Xarcabard [S],17339017,blank,,not_applicable,,,Unnamed placeholder or door; no NPC role label.
137,Xarcabard [S],17339018,"Sleiney, C.A.",,pending,,,
137,Xarcabard [S],17339021,Forbidding Portal,,pending,,,
137,Xarcabard [S],17339031,Spell-worked Snow,,pending,,,
137,Xarcabard [S],17339032,Excavated Snow,,pending,,,
137,Xarcabard [S],17339034,Goblin Footprint,,pending,,,
137,Xarcabard [S],17339038,blank_fork,,pending,,,
137,Xarcabard [S],17339080,Backfilled Pit,,pending,,,
137,Xarcabard [S],17339081,Compact Footprint,,pending,,,
137,Xarcabard [S],17339082,Sunken Footprint,,pending,,,
137,Xarcabard [S],17339102,Animal Spoor,,pending,,,
137,Xarcabard [S],17339103,Wheel Rut,,pending,,,
137,Xarcabard [S],17339168,???,,not_applicable,,,Unnamed placeholder or door; no NPC role label.
137,Xarcabard [S],17339178,Watchful Pixie,,pending,,,
137,Xarcabard [S],17339219,Rally Point: Red,,pending,,,
137,Xarcabard [S],17339220,Rally Point: Blue,,pending,,,
137,Xarcabard [S],17339221,Rally Point: Green,,pending,,,
137,Xarcabard [S],17339257,Veridical Conflux,,pending,,,
137,Xarcabard [S],17339260,Home Point #1,,pending,,,
137,Xarcabard [S],17339265,Resume Point,,pending,,,
138,Castle Zvahl Baileys [S],17343083,???,,not_applicable,,,Unnamed placeholder or door; no NPC role label.
138,Castle Zvahl Baileys [S],17343084,???,,not_applicable,,,Unnamed placeholder or door; no NPC role label.
138,Castle Zvahl Baileys [S],17343126,blank,,not_applicable,,,Unnamed placeholder or door; no NPC role label.
138,Castle Zvahl Baileys [S],17343127,"Saunders, C.A.",,pending,,,
138,Castle Zvahl Baileys [S],17343148,Goblin Footprint,,pending,,,
138,Castle Zvahl Baileys [S],17343149,Ornate Block,,pending,,,
138,Castle Zvahl Baileys [S],17343243,Peculiar Glint,,pending,,,
138,Castle Zvahl Baileys [S],17343250,Survival Guide,,pending,,,
139,Horlais Peak,17347120,Burning Circle,,pending,,,
139,Horlais Peak,17347121,Burning Circle,,pending,,,
139,Horlais Peak,17347122,Burning Circle,,pending,,,
139,Horlais Peak,17347123,Burning Circle,,pending,,,
139,Horlais Peak,17347137,Hot Springs,,pending,,,
139,Horlais Peak,17347155,Goblin Footprint,,pending,,,
139,Horlais Peak,17347156,relic,,pending,,,
140,Ghelsba Outpost,17350951,Hut Door,,pending,,,
140,Ghelsba Outpost,17350952,Ropchop,,pending,,,
140,Ghelsba Outpost,17350975,Logging Point,,pending,,,
140,Ghelsba Outpost,17350976,Logging Point,,pending,,,
140,Ghelsba Outpost,17350977,Logging Point,,pending,,,
140,Ghelsba Outpost,17350978,Logging Point,,pending,,,
140,Ghelsba Outpost,17350985,Goblin Footprint,,pending,,,
140,Ghelsba Outpost,17351019,Clandestine Marking,,pending,,,
141,Fort Ghelsba,17355014,Survival Guide,,pending,,,
142,Yughott Grotto,17359054,Mining Point,,pending,,,
142,Yughott Grotto,17359055,Mining Point,,pending,,,
142,Yughott Grotto,17359056,Mining Point,,pending,,,
142,Yughott Grotto,17359057,Mining Point,,pending,,,
142,Yughott Grotto,17359058,Mining Point,,pending,,,
142,Yughott Grotto,17359059,Mining Point,,pending,,,
142,Yughott Grotto,17359090,Scrape Mark,,pending,,,
142,Yughott Grotto,17359093,Goblin Footprint,,pending,,,
142,Yughott Grotto,17359094,Geomagnetic Fount,,pending,,,
142,Yughott Grotto,17359095,Home Point #1,,pending,,,
142,Yughott Grotto,17359100,Resume Point,,pending,,,
143,Palborough Mines,17363348,Mythril Seam,,pending,,,
143,Palborough Mines,17363349,Mythril Seam,,pending,,,
143,Palborough Mines,17363350,Mythril Seam,,pending,,,
143,Palborough Mines,17363351,Mythril Seam,,pending,,,
143,Palborough Mines,17363352,Mythril Seam,,pending,,,
143,Palborough Mines,17363353,Mythril Seam,,pending,,,
143,Palborough Mines,17363354,Mythril Seam,,pending,,,
143,Palborough Mines,17363358,Old Toolbox,,pending,,,
143,Palborough Mines,17363369,Mining Point,,pending,,,
143,Palborough Mines,17363370,Mining Point,,pending,,,
143,Palborough Mines,17363371,Mining Point,,pending,,,
143,Palborough Mines,17363372,Mining Point,,pending,,,
143,Palborough Mines,17363373,Mining Point,,pending,,,
143,Palborough Mines,17363374,Mining Point,,pending,,,
143,Palborough Mines,17363376,???,,not_applicable,,,Unnamed placeholder or door; no NPC role label.
143,Palborough Mines,17363378,Goblin Footprint,,pending,,,
143,Palborough Mines,17363380,Geomagnetic Fount,,pending,,,
143,Palborough Mines,17363381,Home Point #1,,pending,,,
143,Palborough Mines,17363387,Peculiar Fissure,,pending,,,
143,Palborough Mines,17363404,Perversion's Refuge,,pending,,,
144,Waughroon Shrine,17367784,Burning Circle,,pending,,,
144,Waughroon Shrine,17367785,Burning Circle,,pending,,,
144,Waughroon Shrine,17367786,Burning Circle,,pending,,,
144,Waughroon Shrine,17367787,Burning Circle,,pending,,,
144,Waughroon Shrine,17367815,Goblin Footprint,,pending,,,
145,Giddeus,17371591,Laa Mozi,,pending,,,
145,Giddeus,17371592,Ghoo Pakya,,pending,,,
145,Giddeus,17371593,Uu Zhoumo,,pending,,,
145,Giddeus,17371594,Quu Bokye,,pending,,,
145,Giddeus,17371595,Altar of Offerings,,pending,,,
145,Giddeus,17371596,Giddeus Spring,,pending,,,
145,Giddeus,17371597,Giddeus Spring,,pending,,,
145,Giddeus,17371607,???,,not_applicable,,,Unnamed placeholder or door; no NPC role label.
145,Giddeus,17371610,Goblin Footprint,,pending,,,
145,Giddeus,17371613,Harvesting Point,,pending,,,
145,Giddeus,17371614,Harvesting Point,,pending,,,
145,Giddeus,17371615,Harvesting Point,,pending,,,
145,Giddeus,17371616,Harvesting Point,,pending,,,
145,Giddeus,17371617,Harvesting Point,,pending,,,
145,Giddeus,17371618,Harvesting Point,,pending,,,
145,Giddeus,17371620,Home Point #1,,pending,,,
145,Giddeus,17371629,Worn Chest,,pending,,,
146,Balga's Dais,17375822,Burning Circle,,pending,,,
146,Balga's Dais,17375823,Burning Circle,,pending,,,
146,Balga's Dais,17375824,Burning Circle,,pending,,,
146,Balga's Dais,17375825,Burning Circle,,pending,,,
146,Balga's Dais,17375848,Goblin Footprint,,pending,,,
147,Beadeaux,17379802,The Afflictor,,pending,,,
147,Beadeaux,17379803,The Afflictor,,pending,,,
147,Beadeaux,17379804,The Afflictor,,pending,,,
147,Beadeaux,17379805,The Afflictor,,pending,,,
147,Beadeaux,17379806,The Afflictor,,pending,,,
147,Beadeaux,17379807,The Afflictor,,pending,,,
147,Beadeaux,17379808,The Mute,,pending,,,
147,Beadeaux,17379809,The Mute,,pending,,,
147,Beadeaux,17379810,The Mute,,pending,,,
147,Beadeaux,17379811,The Mute,,pending,,,
147,Beadeaux,17379845,???,,not_applicable,,,Unnamed placeholder or door; no NPC role label.
147,Beadeaux,17379846,Haggleblix,,pending,,,
147,Beadeaux,17379848,Goblin Footprint,,pending,,,
147,Beadeaux,17379861,Ge'Fhu Yagudoeye,,pending,,,
147,Beadeaux,17379869,Geomagnetic Fount,,pending,,,
147,Beadeaux,17379870,Geomantic Reservoir,,pending,,,
147,Beadeaux,17379873,Survival Guide,,pending,,,
148,Qulun Dome,17383459,Magicite,,pending,,,
148,Qulun Dome,17383473,The Mute,,pending,,,
148,Qulun Dome,17383483,???,,not_applicable,,,Unnamed placeholder or door; no NPC role label.
148,Qulun Dome,17383485,Beastmen's Banner,,pending,,,
148,Qulun Dome,17383492,Goblin Footprint,,pending,,,
149,Davoi,17387988,Sedal-Godjal,,pending,,,
149,Davoi,17387990,Bernal,,pending,,,
149,Davoi,17387991,Quemaricond,,pending,,,
149,Davoi,17388006,Zantaviat,,pending,,,
149,Davoi,17388007,!,,pending,,,
149,Davoi,17388008,!,,pending,,,
149,Davoi,17388009,!,,pending,,,
149,Davoi,17388010,!,,pending,,,
149,Davoi,17388011,Disused Well,,pending,,,
149,Davoi,17388012,???,,not_applicable,,,Unnamed placeholder or door; no NPC role label.
149,Davoi,17388022,Jar,,pending,,,
149,Davoi,17388024,Hide Flap,,pending,,,
149,Davoi,17388025,Hide Flap,,pending,,,
149,Davoi,17388026,Storage Hole,,pending,,,
149,Davoi,17388027,Village Well,,pending,,,
149,Davoi,17388032,???,,not_applicable,,,Unnamed placeholder or door; no NPC role label.
149,Davoi,17388036,Lootblox,,pending,,,
149,Davoi,17388038,Goblin Footprint,,pending,,,
149,Davoi,17388052,Geomagnetic Fount,,pending,,,
149,Davoi,17388053,Geomantic Reservoir,,pending,,,
149,Davoi,17388056,Survival Guide,,pending,,,
150,Monastic Cavern,17391831,Magicite,,pending,,,
150,Monastic Cavern,17391834,blank,,not_applicable,,,Unnamed placeholder or door; no NPC role label.
150,Monastic Cavern,17391835,blank,,not_applicable,,,Unnamed placeholder or door; no NPC role label.
150,Monastic Cavern,17391836,blank,,not_applicable,,,Unnamed placeholder or door; no NPC role label.
150,Monastic Cavern,17391837,Altar,,pending,,,
150,Monastic Cavern,17391849,Francmage,,pending,,,
150,Monastic Cavern,17391850,Courisaille,,pending,,,
150,Monastic Cavern,17391852,???,,not_applicable,,,Unnamed placeholder or door; no NPC role label.
150,Monastic Cavern,17391854,Goblin Footprint,,pending,,,
150,Monastic Cavern,17391860,Cryptexphere,,pending,,,
150,Monastic Cavern,17391861,Geomagnetic Fount,,pending,,,
150,Monastic Cavern,17391862,Ritual Site,,pending,,,
151,Castle Oztroja,17396169,Brass Statue,,pending,,,
151,Castle Oztroja,17396174,Brass Statue,,pending,,,
151,Castle Oztroja,17396179,Brass Statue,,pending,,,
151,Castle Oztroja,17396193,Brass Statue,,pending,,,
151,Castle Oztroja,17396213,???,,not_applicable,,,Unnamed placeholder or door; no NPC role label.
151,Castle Oztroja,17396214,Kaa Toru the Just,,pending,,,
151,Castle Oztroja,17396215,Daa Bola the Seer,,pending,,,
151,Castle Oztroja,17396216,???,,not_applicable,,,Unnamed placeholder or door; no NPC role label.
151,Castle Oztroja,17396217,Antiqix,,pending,,,
151,Castle Oztroja,17396219,Goblin Footprint,,pending,,,
151,Castle Oztroja,17396220,relic,,pending,,,
151,Castle Oztroja,17396248,???,,not_applicable,,,Unnamed placeholder or door; no NPC role label.
151,Castle Oztroja,17396255,Geomagnetic Fount,,pending,,,
151,Castle Oztroja,17396268,Resume Point,,pending,,,
151,Castle Oztroja,17396269,Geomantic Reservoir,,pending,,,
151,Castle Oztroja,17396272,Survival Guide,,pending,,,
152,Altar Room,17399840,Magicite,,pending,,,
152,Altar Room,17399853,Goblin Footprint,,pending,,,
152,Altar Room,17399859,Stone Lid,,pending,,,
153,The Boyahda Tree,17404358,???,,not_applicable,,,Unnamed placeholder or door; no NPC role label.
153,The Boyahda Tree,17404384,Mandragora Warden,,pending,,,
153,The Boyahda Tree,17404385,Mandragora Warden,,pending,,,
153,The Boyahda Tree,17404386,Mandragora Warden,,pending,,,
153,The Boyahda Tree,17404387,???,,not_applicable,,,Unnamed placeholder or door; no NPC role label.
153,The Boyahda Tree,17404407,Goblin Footprint,,pending,,,
153,The Boyahda Tree,17404408,Planar Rift,,pending,,,
153,The Boyahda Tree,17404409,Planar Rift,,pending,,,
153,The Boyahda Tree,17404410,Planar Rift,,pending,,,
153,The Boyahda Tree,17404414,Grounds Tome,,pending,,,
153,The Boyahda Tree,17404415,Grounds Tome,,pending,,,
153,The Boyahda Tree,17404416,Grounds Tome,,pending,,,
153,The Boyahda Tree,17404417,Grounds Tome,,pending,,,
153,The Boyahda Tree,17404418,Geomagnetic Fount,,pending,,,
153,The Boyahda Tree,17404419,Home Point #1,,pending,,,
153,The Boyahda Tree,17404424,Ethereal Junction,,pending,,,
153,The Boyahda Tree,17404425,Ethereal Junction,,pending,,,
153,The Boyahda Tree,17404426,Ethereal Junction,,pending,,,
153,The Boyahda Tree,17404428,Muggy Air,,pending,,,
153,The Boyahda Tree,17404429,Muggy Air,,pending,,,
153,The Boyahda Tree,17404430,Muggy Air,,pending,,,
154,Dragon's Aery,17408033,???,,not_applicable,,,Unnamed placeholder or door; no NPC role label.
154,Dragon's Aery,17408052,relic,,pending,,,
154,Dragon's Aery,17408069,Goblin Footprint,,pending,,,
154,Dragon's Aery,17408070,Survival Guide,,pending,,,
155,Castle Zvahl Keep [S],17412645,???,,not_applicable,,,Unnamed placeholder or door; no NPC role label.
155,Castle Zvahl Keep [S],17412646,???,,not_applicable,,,Unnamed placeholder or door; no NPC role label.
155,Castle Zvahl Keep [S],17412688,blank,,not_applicable,,,Unnamed placeholder or door; no NPC role label.
155,Castle Zvahl Keep [S],17412689,"Barton, C.A.",,pending,,,
155,Castle Zvahl Keep [S],17412775,Rikke,,pending,,,
155,Castle Zvahl Keep [S],17412776,Rakke,,pending,,,
155,Castle Zvahl Keep [S],17412777,Rokke,,pending,,,
155,Castle Zvahl Keep [S],17412778,???,,not_applicable,,,Unnamed placeholder or door; no NPC role label.
155,Castle Zvahl Keep [S],17412779,Displaced Block,,pending,,,
155,Castle Zvahl Keep [S],17412799,Goblin Footprint,,pending,,,
155,Castle Zvahl Keep [S],17412804,Home Point #1,,pending,,,
156,Throne Room [S],17416294,Goblin Footprint,,pending,,,
156,Throne Room [S],17416317,blank_fork,,pending,,,
157,Middle Delkfutt's Tower,17420633,Seed Fragment,,pending,,,
157,Middle Delkfutt's Tower,17420634,Seed Afterglow,,pending,,,
157,Middle Delkfutt's Tower,17420635,Seed Afterglow,,pending,,,
157,Middle Delkfutt's Tower,17420636,Seed Afterglow,,pending,,,
157,Middle Delkfutt's Tower,17420637,Seed Afterglow,,pending,,,
157,Middle Delkfutt's Tower,17420638,Seed Afterglow,,pending,,,
157,Middle Delkfutt's Tower,17420639,Seed Afterglow,,pending,,,
157,Middle Delkfutt's Tower,17420664,???,,not_applicable,,,Unnamed placeholder or door; no NPC role label.
157,Middle Delkfutt's Tower,17420679,Goblin Footprint,,pending,,,
157,Middle Delkfutt's Tower,17420680,Grounds Tome,,pending,,,
157,Middle Delkfutt's Tower,17420681,Grounds Tome,,pending,,,
157,Middle Delkfutt's Tower,17420682,Grounds Tome,,pending,,,
157,Middle Delkfutt's Tower,17420683,Grounds Tome,,pending,,,
158,Upper Delkfutt's Tower,17424518,???,,not_applicable,,,Unnamed placeholder or door; no NPC role label.
158,Upper Delkfutt's Tower,17424519,???,,not_applicable,,,Unnamed placeholder or door; no NPC role label.
158,Upper Delkfutt's Tower,17424521,Seed Fragment,,pending,,,
158,Upper Delkfutt's Tower,17424522,Seed Afterglow,,pending,,,
158,Upper Delkfutt's Tower,17424523,Seed Afterglow,,pending,,,
158,Upper Delkfutt's Tower,17424524,Seed Afterglow,,pending,,,
158,Upper Delkfutt's Tower,17424550,???,,not_applicable,,,Unnamed placeholder or door; no NPC role label.
158,Upper Delkfutt's Tower,17424566,Grounds Tome,,pending,,,
158,Upper Delkfutt's Tower,17424567,Grounds Tome,,pending,,,
158,Upper Delkfutt's Tower,17424568,Grounds Tome,,pending,,,
158,Upper Delkfutt's Tower,17424569,Geomantic Reservoir,,pending,,,
158,Upper Delkfutt's Tower,17424572,Home Point #1,,pending,,,
159,Temple of Uggalepih,17428859,???,,not_applicable,,,Unnamed placeholder or door; no NPC role label.
159,Temple of Uggalepih,17428862,???,,not_applicable,,,Unnamed placeholder or door; no NPC role label.
159,Temple of Uggalepih,17428863,???,,not_applicable,,,Unnamed placeholder or door; no NPC role label.
159,Temple of Uggalepih,17428864,???,,not_applicable,,,Unnamed placeholder or door; no NPC role label.
159,Temple of Uggalepih,17428865,???,,not_applicable,,,Unnamed placeholder or door; no NPC role label.
159,Temple of Uggalepih,17428866,???,,not_applicable,,,Unnamed placeholder or door; no NPC role label.
159,Temple of Uggalepih,17428867,???,,not_applicable,,,Unnamed placeholder or door; no NPC role label.
159,Temple of Uggalepih,17428868,???,,not_applicable,,,Unnamed placeholder or door; no NPC role label.
159,Temple of Uggalepih,17428869,???,,not_applicable,,,Unnamed placeholder or door; no NPC role label.
159,Temple of Uggalepih,17428870,???,,not_applicable,,,Unnamed placeholder or door; no NPC role label.
159,Temple of Uggalepih,17428871,???,,not_applicable,,,Unnamed placeholder or door; no NPC role label.
159,Temple of Uggalepih,17428872,???,,not_applicable,,,Unnamed placeholder or door; no NPC role label.
159,Temple of Uggalepih,17428873,???,,not_applicable,,,Unnamed placeholder or door; no NPC role label.
159,Temple of Uggalepih,17428874,???,,not_applicable,,,Unnamed placeholder or door; no NPC role label.
159,Temple of Uggalepih,17428898,???,,not_applicable,,,Unnamed placeholder or door; no NPC role label.
159,Temple of Uggalepih,17428899,???,,not_applicable,,,Unnamed placeholder or door; no NPC role label.
159,Temple of Uggalepih,17428900,???,,not_applicable,,,Unnamed placeholder or door; no NPC role label.
159,Temple of Uggalepih,17428901,???,,not_applicable,,,Unnamed placeholder or door; no NPC role label.
159,Temple of Uggalepih,17428902,???,,not_applicable,,,Unnamed placeholder or door; no NPC role label.
159,Temple of Uggalepih,17428915,Tome of Magic,,pending,,,
159,Temple of Uggalepih,17428916,Tome of Magic,,pending,,,
159,Temple of Uggalepih,17428917,Tome of Magic,,pending,,,
159,Temple of Uggalepih,17428921,???,,not_applicable,,,Unnamed placeholder or door; no NPC role label.
159,Temple of Uggalepih,17428932,Chef Nonberry,,pending,,,
159,Temple of Uggalepih,17428933,Patissier Linberry,,pending,,,
159,Temple of Uggalepih,17428934,Plongeur Monberry,,pending,,,
159,Temple of Uggalepih,17428936,Tonberry Priest,,pending,,,
159,Temple of Uggalepih,17428937,Stone Picture Frame,,pending,,,
159,Temple of Uggalepih,17428938,Stone Picture Frame,,pending,,,
159,Temple of Uggalepih,17428973,Parchment,,pending,,,
159,Temple of Uggalepih,17428974,Worn Book,,pending,,,
159,Temple of Uggalepih,17428975,Worn Book,,pending,,,
159,Temple of Uggalepih,17428976,Worn Book,,pending,,,
159,Temple of Uggalepih,17428977,Old Casket,,pending,,,
159,Temple of Uggalepih,17428991,Stone Picture Frame,,pending,,,
159,Temple of Uggalepih,17428992,Stone Picture Frame,,pending,,,
159,Temple of Uggalepih,17428993,Stone Picture Frame,,pending,,,
159,Temple of Uggalepih,17428994,Stone Picture Frame,,pending,,,
159,Temple of Uggalepih,17428995,Stone Picture Frame,,pending,,,
159,Temple of Uggalepih,17428996,Stone Picture Frame,,pending,,,
159,Temple of Uggalepih,17429010,Goblin Footprint,,pending,,,
159,Temple of Uggalepih,17429023,Planar Rift,,pending,,,
159,Temple of Uggalepih,17429024,Planar Rift,,pending,,,
159,Temple of Uggalepih,17429025,Planar Rift,,pending,,,
159,Temple of Uggalepih,17429029,Grounds Tome,,pending,,,
159,Temple of Uggalepih,17429030,Grounds Tome,,pending,,,
159,Temple of Uggalepih,17429031,Grounds Tome,,pending,,,
159,Temple of Uggalepih,17429032,Grounds Tome,,pending,,,
159,Temple of Uggalepih,17429033,Grounds Tome,,pending,,,
159,Temple of Uggalepih,17429034,Geomagnetic Fount,,pending,,,
159,Temple of Uggalepih,17429035,Survival Guide,,pending,,,
159,Temple of Uggalepih,17429036,Ethereal Junction,,pending,,,
159,Temple of Uggalepih,17429037,Ethereal Junction,,pending,,,
159,Temple of Uggalepih,17429038,Ethereal Junction,,pending,,,
160,Den of Rancor,17433012,???,,not_applicable,,,Unnamed placeholder or door; no NPC role label.
160,Den of Rancor,17433013,???,,not_applicable,,,Unnamed placeholder or door; no NPC role label.
160,Den of Rancor,17433014,???,,not_applicable,,,Unnamed placeholder or door; no NPC role label.
160,Den of Rancor,17433015,???,,not_applicable,,,Unnamed placeholder or door; no NPC role label.
160,Den of Rancor,17433016,???,,not_applicable,,,Unnamed placeholder or door; no NPC role label.
160,Den of Rancor,17433017,???,,not_applicable,,,Unnamed placeholder or door; no NPC role label.
160,Den of Rancor,17433018,???,,not_applicable,,,Unnamed placeholder or door; no NPC role label.
160,Den of Rancor,17433019,???,,not_applicable,,,Unnamed placeholder or door; no NPC role label.
160,Den of Rancor,17433020,???,,not_applicable,,,Unnamed placeholder or door; no NPC role label.
160,Den of Rancor,17433021,???,,not_applicable,,,Unnamed placeholder or door; no NPC role label.
160,Den of Rancor,17433022,???,,not_applicable,,,Unnamed placeholder or door; no NPC role label.
160,Den of Rancor,17433023,???,,not_applicable,,,Unnamed placeholder or door; no NPC role label.
160,Den of Rancor,17433053,Switch,,pending,,,
160,Den of Rancor,17433091,Grounds Tome,,pending,,,
160,Den of Rancor,17433092,Grounds Tome,,pending,,,
160,Den of Rancor,17433093,Grounds Tome,,pending,,,
160,Den of Rancor,17433094,Grounds Tome,,pending,,,
160,Den of Rancor,17433095,Grounds Tome,,pending,,,
160,Den of Rancor,17433096,Grounds Tome,,pending,,,
160,Den of Rancor,17433097,Home Point #1,,pending,,,
160,Den of Rancor,17433098,Home Point #2,,pending,,,
160,Den of Rancor,17433102,Ethereal Junction,,pending,,,
160,Den of Rancor,17433103,Ethereal Junction,,pending,,,
160,Den of Rancor,17433104,Ethereal Junction,,pending,,,
161,Castle Zvahl Baileys,17436985,Torch,,pending,,,
161,Castle Zvahl Baileys,17436986,Torch,,pending,,,
161,Castle Zvahl Baileys,17436987,Torch,,pending,,,
161,Castle Zvahl Baileys,17436988,Torch,,pending,,,
161,Castle Zvahl Baileys,17437000,Switchstix,,pending,,,
161,Castle Zvahl Baileys,17437002,???,,not_applicable,,,Unnamed placeholder or door; no NPC role label.
161,Castle Zvahl Baileys,17437004,Goblin Footprint,,pending,,,
161,Castle Zvahl Baileys,17437016,Shadowy Pillar,,pending,,,
161,Castle Zvahl Baileys,17437017,Flame of Fate,,pending,,,
161,Castle Zvahl Baileys,17437018,Survival Guide,,pending,,,
162,Castle Zvahl Keep,17441090,Valhallan Rift,,pending,,,
162,Castle Zvahl Keep,17441093,Goblin Footprint,,pending,,,
162,Castle Zvahl Keep,17441094,Ominous Pillar,,pending,,,
162,Castle Zvahl Keep,17441095,Craggy Pillar,,pending,,,
162,Castle Zvahl Keep,17441096,Craggy Pillar,,pending,,,
162,Castle Zvahl Keep,17441097,Craggy Pillar,,pending,,,
162,Castle Zvahl Keep,17441098,Craggy Pillar,,pending,,,
162,Castle Zvahl Keep,17441104,Geomagnetic Fount,,pending,,,
162,Castle Zvahl Keep,17441105,Home Point #1,,pending,,,
163,Sacrificial Chamber,17445215,Goblin Footprint,,pending,,,
164,Garlaige Citadel [S],17449421,"Tomoa-Nomoa, C.C.",,pending,,,
164,Garlaige Citadel [S],17449424,blank,,not_applicable,,,Unnamed placeholder or door; no NPC role label.
164,Garlaige Citadel [S],17449487,Goblin Footprint,,pending,,,
164,Garlaige Citadel [S],17449491,Randecque,,pending,,,
164,Garlaige Citadel [S],17449492,Rarcasmeault,,pending,,,
164,Garlaige Citadel [S],17449493,???,,not_applicable,,,Unnamed placeholder or door; no NPC role label.
164,Garlaige Citadel [S],17449498,Diordinne,,pending,,,
164,Garlaige Citadel [S],17449518,Fondactiont,,pending,,,
164,Garlaige Citadel [S],17449519,blank,,not_applicable,,,Unnamed placeholder or door; no NPC role label.
164,Garlaige Citadel [S],17449520,Lycopodium,,pending,,,
164,Garlaige Citadel [S],17449562,Wooden Crates,,pending,,,
164,Garlaige Citadel [S],17449563,Shredded Label,,pending,,,
164,Garlaige Citadel [S],17449564,Planar Rift,,pending,,,
164,Garlaige Citadel [S],17449565,Planar Rift,,pending,,,
164,Garlaige Citadel [S],17449566,Planar Rift,,pending,,,
164,Garlaige Citadel [S],17449570,Survival Guide,,pending,,,
165,Throne Room,17453332,Goblin Footprint,,pending,,,
166,Ranguemont Pass,17457338,Myffore,,pending,,,
166,Ranguemont Pass,17457341,Stone Plat,,pending,,,
166,Ranguemont Pass,17457347,Waters of Oblivion,,pending,,,
166,Ranguemont Pass,17457359,Perchond,,pending,,,
166,Ranguemont Pass,17457365,Goblin Footprint,,pending,,,
166,Ranguemont Pass,17457378,???,,not_applicable,,,Unnamed placeholder or door; no NPC role label.
166,Ranguemont Pass,17457381,Grounds Tome,,pending,,,
166,Ranguemont Pass,17457382,Grounds Tome,,pending,,,
166,Ranguemont Pass,17457383,Grounds Tome,,pending,,,
166,Ranguemont Pass,17457384,Geomagnetic Fount,,pending,,,
166,Ranguemont Pass,17457389,Hazy Rune,,pending,,,
166,Ranguemont Pass,17457390,Survival Guide,,pending,,,
166,Ranguemont Pass,17457394,Vicious Claw Marks,,pending,,,
167,Bostaunieux Oubliette,17461487,???,,not_applicable,,,Unnamed placeholder or door; no NPC role label.
167,Bostaunieux Oubliette,17461511,Novalmauge,,pending,,,
167,Bostaunieux Oubliette,17461512,Chumia,,pending,,,
167,Bostaunieux Oubliette,17461515,Couchatorage,,pending,,,
167,Bostaunieux Oubliette,17461561,Jurgenclaus,,pending,,,
167,Bostaunieux Oubliette,17461573,Goblin Footprint,,pending,,,
167,Bostaunieux Oubliette,17461586,Grounds Tome,,pending,,,
167,Bostaunieux Oubliette,17461587,Grounds Tome,,pending,,,
167,Bostaunieux Oubliette,17461588,Grounds Tome,,pending,,,
167,Bostaunieux Oubliette,17461589,Geomantic Reservoir,,pending,,,
167,Bostaunieux Oubliette,17461592,Survival Guide,,pending,,,
167,Bostaunieux Oubliette,17461593,Ethereal Junction,,pending,,,
167,Bostaunieux Oubliette,17461594,Ethereal Junction,,pending,,,
167,Bostaunieux Oubliette,17461595,Ethereal Junction,,pending,,,
167,Bostaunieux Oubliette,17461598,Frigid Confluence,,pending,,,
168,Chamber of Oracles,17465524,Shimmering Circle,,pending,,,
168,Chamber of Oracles,17465525,Shimmering Circle,,pending,,,
168,Chamber of Oracles,17465526,Shimmering Circle,,pending,,,
168,Chamber of Oracles,17465527,Shimmering Circle,,pending,,,
168,Chamber of Oracles,17465545,Pedestal of Fire,,pending,,,
168,Chamber of Oracles,17465546,Pedestal of Earth,,pending,,,
168,Chamber of Oracles,17465547,Pedestal of Ice,,pending,,,
168,Chamber of Oracles,17465548,Pedestal of Wind,,pending,,,
168,Chamber of Oracles,17465549,Pedestal of Water,,pending,,,
168,Chamber of Oracles,17465550,Pedestal of Lightning,,pending,,,
168,Chamber of Oracles,17465551,Pedestal of Light,,pending,,,
168,Chamber of Oracles,17465552,Pedestal of Darkness,,pending,,,
168,Chamber of Oracles,17465593,Goblin Footprint,,pending,,,
169,Toraimarai Canal,17469764,???,,not_applicable,,,Unnamed placeholder or door; no NPC role label.
169,Toraimarai Canal,17469765,???,,not_applicable,,,Unnamed placeholder or door; no NPC role label.
169,Toraimarai Canal,17469766,???,,not_applicable,,,Unnamed placeholder or door; no NPC role label.
169,Toraimarai Canal,17469767,???,,not_applicable,,,Unnamed placeholder or door; no NPC role label.
169,Toraimarai Canal,17469768,???,,not_applicable,,,Unnamed placeholder or door; no NPC role label.
169,Toraimarai Canal,17469769,???,,not_applicable,,,Unnamed placeholder or door; no NPC role label.
169,Toraimarai Canal,17469770,???,,not_applicable,,,Unnamed placeholder or door; no NPC role label.
169,Toraimarai Canal,17469771,???,,not_applicable,,,Unnamed placeholder or door; no NPC role label.
169,Toraimarai Canal,17469816,???,,not_applicable,,,Unnamed placeholder or door; no NPC role label.
169,Toraimarai Canal,17469817,???,,not_applicable,,,Unnamed placeholder or door; no NPC role label.
169,Toraimarai Canal,17469818,???,,not_applicable,,,Unnamed placeholder or door; no NPC role label.
169,Toraimarai Canal,17469829,Tome of Magic,,pending,,,
169,Toraimarai Canal,17469830,Tome of Magic,,pending,,,
169,Toraimarai Canal,17469831,Tome of Magic,,pending,,,
169,Toraimarai Canal,17469832,Tome of Magic,,pending,,,
169,Toraimarai Canal,17469833,Tome of Magic,,pending,,,
169,Toraimarai Canal,17469834,Transporter,,pending,,,
169,Toraimarai Canal,17469838,Goblin Footprint,,pending,,,
169,Toraimarai Canal,17469851,Grounds Tome,,pending,,,
169,Toraimarai Canal,17469852,Grounds Tome,,pending,,,
169,Toraimarai Canal,17469853,Grounds Tome,,pending,,,
169,Toraimarai Canal,17469854,Grounds Tome,,pending,,,
169,Toraimarai Canal,17469855,Geomagnetic Fount,,pending,,,
169,Toraimarai Canal,17469856,Survival Guide,,pending,,,
169,Toraimarai Canal,17469857,Home Point #1,,pending,,,
170,Full Moon Fountain,17473679,Moon Spiral,,pending,,,
170,Full Moon Fountain,17473680,Moon Spiral,,pending,,,
170,Full Moon Fountain,17473681,Moon Spiral,,pending,,,
170,Full Moon Fountain,17473682,Moon Spiral,,pending,,,
170,Full Moon Fountain,17473752,???,,not_applicable,,,Unnamed placeholder or door; no NPC role label.
170,Full Moon Fountain,17473754,Goblin Footprint,,pending,,,
171,Crawlers' Nest [S],17478319,"Astrid, I.M.",,pending,,,
171,Crawlers' Nest [S],17478322,blank,,not_applicable,,,Unnamed placeholder or door; no NPC role label.
171,Crawlers' Nest [S],17478333,Lollyspox,,pending,,,
171,Crawlers' Nest [S],17478335,Goblin Footprint,,pending,,,
171,Crawlers' Nest [S],17478339,Kalsu-Kalasu,,pending,,,
171,Crawlers' Nest [S],17478340,Tucker,,pending,,,
171,Crawlers' Nest [S],17478341,Naiko-Paneiko,,pending,,,
171,Crawlers' Nest [S],17478342,Penqaqa,,pending,,,
171,Crawlers' Nest [S],17478343,Minea-Matea,,pending,,,
171,Crawlers' Nest [S],17478344,Yuilam-Kailam,,pending,,,
171,Crawlers' Nest [S],17478345,Herral-Droal,,pending,,,
171,Crawlers' Nest [S],17478346,Nalba-Dalaba,,pending,,,
171,Crawlers' Nest [S],17478347,Mukmimi,,pending,,,
171,Crawlers' Nest [S],17478348,Chodopopo,,pending,,,
171,Crawlers' Nest [S],17478358,Rodeupansat,,pending,,,
171,Crawlers' Nest [S],17478369,Shredded Label,,pending,,,
171,Crawlers' Nest [S],17478370,Planar Rift,,pending,,,
171,Crawlers' Nest [S],17478371,Planar Rift,,pending,,,
171,Crawlers' Nest [S],17478372,Planar Rift,,pending,,,
171,Crawlers' Nest [S],17478376,Survival Guide,,pending,,,
172,Zeruhn Mines,17481819,Lasthenes,,pending,,,
172,Zeruhn Mines,17481820,Alaric,,pending,,,
172,Zeruhn Mines,17481821,Rasmus,,pending,,,
172,Zeruhn Mines,17481822,Vorzill,,pending,,,
172,Zeruhn Mines,17481823,Drake Fang,,pending,,,
172,Zeruhn Mines,17481824,Gildge,,pending,,,
172,Zeruhn Mines,17481825,Balgamirob,,pending,,,
172,Zeruhn Mines,17481826,Dodoi,,pending,,,
172,Zeruhn Mines,17481827,Smoke Breath,,pending,,,
172,Zeruhn Mines,17481828,Makarim,,pending,,,
172,Zeruhn Mines,17481829,Ormr,,pending,,,
172,Zeruhn Mines,17481830,Subodh,,pending,,,
172,Zeruhn Mines,17481832,Zelman,,pending,,,
172,Zeruhn Mines,17481845,Mining Point,,pending,,,
172,Zeruhn Mines,17481846,Mining Point,,pending,,,
172,Zeruhn Mines,17481847,Mining Point,,pending,,,
172,Zeruhn Mines,17481848,Mining Point,,pending,,,
172,Zeruhn Mines,17481849,Mining Point,,pending,,,
172,Zeruhn Mines,17481850,Mining Point,,pending,,,
172,Zeruhn Mines,17481852,Gavergo,,pending,,,
172,Zeruhn Mines,17481854,Goblin Footprint,,pending,,,
172,Zeruhn Mines,17481855,Grounds Tome,,pending,,,
172,Zeruhn Mines,17481856,Survival Guide,,pending,,,
172,Zeruhn Mines,17481876,Disturbed Dirt,,pending,,,
172,Zeruhn Mines,17481877,Quadav Inquest,,pending,,,
173,Korroloka Tunnel,17486216,???,,not_applicable,,,Unnamed placeholder or door; no NPC role label.
173,Korroloka Tunnel,17486242,???,,not_applicable,,,Unnamed placeholder or door; no NPC role label.
173,Korroloka Tunnel,17486257,Excavation Point,,pending,,,
173,Korroloka Tunnel,17486258,Excavation Point,,pending,,,
173,Korroloka Tunnel,17486259,Excavation Point,,pending,,,
173,Korroloka Tunnel,17486260,Excavation Point,,pending,,,
173,Korroloka Tunnel,17486261,Excavation Point,,pending,,,
173,Korroloka Tunnel,17486262,Excavation Point,,pending,,,
173,Korroloka Tunnel,17486263,???,,not_applicable,,,Unnamed placeholder or door; no NPC role label.
173,Korroloka Tunnel,17486266,Goblin Footprint,,pending,,,
173,Korroloka Tunnel,17486267,Grounds Tome,,pending,,,
173,Korroloka Tunnel,17486268,Grounds Tome,,pending,,,
173,Korroloka Tunnel,17486269,Grounds Tome,,pending,,,
173,Korroloka Tunnel,17486270,Grounds Tome,,pending,,,
173,Korroloka Tunnel,17486271,Geomagnetic Fount,,pending,,,
173,Korroloka Tunnel,17486272,Survival Guide,,pending,,,
173,Korroloka Tunnel,17486281,Stalagmite,,pending,,,
174,Kuftal Tunnel,17490253,???,,not_applicable,,,Unnamed placeholder or door; no NPC role label.
174,Kuftal Tunnel,17490254,???,,not_applicable,,,Unnamed placeholder or door; no NPC role label.
174,Kuftal Tunnel,17490255,???,,not_applicable,,,Unnamed placeholder or door; no NPC role label.
174,Kuftal Tunnel,17490293,???,,not_applicable,,,Unnamed placeholder or door; no NPC role label.
174,Kuftal Tunnel,17490294,???,,not_applicable,,,Unnamed placeholder or door; no NPC role label.
174,Kuftal Tunnel,17490307,Goblin Footprint,,pending,,,
174,Kuftal Tunnel,17490320,Planar Rift,,pending,,,
174,Kuftal Tunnel,17490321,Planar Rift,,pending,,,
174,Kuftal Tunnel,17490322,Planar Rift,,pending,,,
174,Kuftal Tunnel,17490326,Grounds Tome,,pending,,,
174,Kuftal Tunnel,17490327,Grounds Tome,,pending,,,
174,Kuftal Tunnel,17490328,Grounds Tome,,pending,,,
174,Kuftal Tunnel,17490329,Grounds Tome,,pending,,,
174,Kuftal Tunnel,17490330,Survival Guide,,pending,,,
174,Kuftal Tunnel,17490331,Ethereal Junction,,pending,,,
174,Kuftal Tunnel,17490333,Ethereal Junction,,pending,,,
175,The Eldieme Necropolis [S],17494662,"Renvriche, T.K.",,pending,,,
175,The Eldieme Necropolis [S],17494665,blank,,not_applicable,,,Unnamed placeholder or door; no NPC role label.
175,The Eldieme Necropolis [S],17494720,Layton,,pending,,,
175,The Eldieme Necropolis [S],17494721,Erik,,pending,,,
175,The Eldieme Necropolis [S],17494722,Theodor,,pending,,,
175,The Eldieme Necropolis [S],17494723,Red Axe,,pending,,,
175,The Eldieme Necropolis [S],17494724,Gravestone,,pending,,,
175,The Eldieme Necropolis [S],17494725,Sarcophagus,,pending,,,
175,The Eldieme Necropolis [S],17494727,Goblin Footprint,,pending,,,
175,The Eldieme Necropolis [S],17494731,Turbulent Storm,,pending,,,
175,The Eldieme Necropolis [S],17494732,Erlene,,pending,,,
175,The Eldieme Necropolis [S],17494747,Lennart,,pending,,,
175,The Eldieme Necropolis [S],17494748,blank,,not_applicable,,,Unnamed placeholder or door; no NPC role label.
175,The Eldieme Necropolis [S],17494749,blank,,not_applicable,,,Unnamed placeholder or door; no NPC role label.
175,The Eldieme Necropolis [S],17494750,blank,,not_applicable,,,Unnamed placeholder or door; no NPC role label.
175,The Eldieme Necropolis [S],17494751,blank,,not_applicable,,,Unnamed placeholder or door; no NPC role label.
175,The Eldieme Necropolis [S],17494761,Sarcophagus,,pending,,,
175,The Eldieme Necropolis [S],17494773,Heptachiond,,pending,,,
175,The Eldieme Necropolis [S],17494784,Shredded Label,,pending,,,
175,The Eldieme Necropolis [S],17494789,Planar Rift,,pending,,,
175,The Eldieme Necropolis [S],17494790,Planar Rift,,pending,,,
175,The Eldieme Necropolis [S],17494791,Planar Rift,,pending,,,
175,The Eldieme Necropolis [S],17494795,Survival Guide,,pending,,,
175,The Eldieme Necropolis [S],17494812,Egg Discovery Site,,pending,,,
176,Sea Serpent Grotto,17498578,???,,not_applicable,,,Unnamed placeholder or door; no NPC role label.
176,Sea Serpent Grotto,17498603,Hurr the Betrayer,,pending,,,
176,Sea Serpent Grotto,17498604,Bou the Righteous,,pending,,,
176,Sea Serpent Grotto,17498628,???,,not_applicable,,,Unnamed placeholder or door; no NPC role label.
176,Sea Serpent Grotto,17498631,???,,not_applicable,,,Unnamed placeholder or door; no NPC role label.
176,Sea Serpent Grotto,17498633,Goblin Footprint,,pending,,,
176,Sea Serpent Grotto,17498634,relic,,pending,,,
176,Sea Serpent Grotto,17498654,???,,not_applicable,,,Unnamed placeholder or door; no NPC role label.
176,Sea Serpent Grotto,17498656,Shady Sconce,,pending,,,
176,Sea Serpent Grotto,17498657,Waterfall Basin,,pending,,,
176,Sea Serpent Grotto,17498663,Grounds Tome,,pending,,,
176,Sea Serpent Grotto,17498664,Grounds Tome,,pending,,,
176,Sea Serpent Grotto,17498665,Grounds Tome,,pending,,,
176,Sea Serpent Grotto,17498666,Grounds Tome,,pending,,,
176,Sea Serpent Grotto,17498667,Grounds Tome,,pending,,,
176,Sea Serpent Grotto,17498668,Geomagnetic Fount,,pending,,,
176,Sea Serpent Grotto,17498669,Survival Guide,,pending,,,
176,Sea Serpent Grotto,17498671,???,,not_applicable,,,Unnamed placeholder or door; no NPC role label.
176,Sea Serpent Grotto,17498679,Ethereal Junction,,pending,,,
176,Sea Serpent Grotto,17498680,Ethereal Junction,,pending,,,
176,Sea Serpent Grotto,17498681,Ethereal Junction,,pending,,,
177,Ve'Lugannon Palace,17502581,???,,not_applicable,,,Unnamed placeholder or door; no NPC role label.
177,Ve'Lugannon Palace,17502582,???,,not_applicable,,,Unnamed placeholder or door; no NPC role label.
177,Ve'Lugannon Palace,17502583,???,,not_applicable,,,Unnamed placeholder or door; no NPC role label.
177,Ve'Lugannon Palace,17502625,Monolith,,pending,,,
177,Ve'Lugannon Palace,17502627,Monolith,,pending,,,
177,Ve'Lugannon Palace,17502629,Monolith,,pending,,,
177,Ve'Lugannon Palace,17502631,Monolith,,pending,,,
177,Ve'Lugannon Palace,17502633,Monolith,,pending,,,
177,Ve'Lugannon Palace,17502635,Monolith,,pending,,,
177,Ve'Lugannon Palace,17502637,Monolith,,pending,,,
177,Ve'Lugannon Palace,17502639,Monolith,,pending,,,
177,Ve'Lugannon Palace,17502641,Monolith,,pending,,,
177,Ve'Lugannon Palace,17502643,Monolith,,pending,,,
177,Ve'Lugannon Palace,17502701,Planar Rift,,pending,,,
177,Ve'Lugannon Palace,17502702,Planar Rift,,pending,,,
177,Ve'Lugannon Palace,17502703,Planar Rift,,pending,,,
177,Ve'Lugannon Palace,17502707,Grounds Tome,,pending,,,
177,Ve'Lugannon Palace,17502708,Grounds Tome,,pending,,,
177,Ve'Lugannon Palace,17502709,Grounds Tome,,pending,,,
177,Ve'Lugannon Palace,17502710,Grounds Tome,,pending,,,
177,Ve'Lugannon Palace,17502711,Grounds Tome,,pending,,,
177,Ve'Lugannon Palace,17502712,Grounds Tome,,pending,,,
177,Ve'Lugannon Palace,17502713,Grounds Tome,,pending,,,
177,Ve'Lugannon Palace,17502714,Grounds Tome,,pending,,,
177,Ve'Lugannon Palace,17502715,Grounds Tome,,pending,,,
177,Ve'Lugannon Palace,17502716,Grounds Tome,,pending,,,
178,The Shrine of Ru'Avitau,17506692,???,,not_applicable,,,Unnamed placeholder or door; no NPC role label.
178,The Shrine of Ru'Avitau,17506693,???,,not_applicable,,,Unnamed placeholder or door; no NPC role label.
178,The Shrine of Ru'Avitau,17506694,???,,not_applicable,,,Unnamed placeholder or door; no NPC role label.
178,The Shrine of Ru'Avitau,17506742,Monolith,,pending,,,
178,The Shrine of Ru'Avitau,17506744,Monolith,,pending,,,
178,The Shrine of Ru'Avitau,17506746,Monolith,,pending,,,
178,The Shrine of Ru'Avitau,17506748,Monolith,,pending,,,
178,The Shrine of Ru'Avitau,17506750,Monolith,,pending,,,
178,The Shrine of Ru'Avitau,17506752,Monolith,,pending,,,
178,The Shrine of Ru'Avitau,17506754,Monolith,,pending,,,
178,The Shrine of Ru'Avitau,17506756,Monolith,,pending,,,
178,The Shrine of Ru'Avitau,17506758,Monolith,,pending,,,
178,The Shrine of Ru'Avitau,17506760,Monolith,,pending,,,
178,The Shrine of Ru'Avitau,17506762,Monolith,,pending,,,
178,The Shrine of Ru'Avitau,17506764,Monolith,,pending,,,
178,The Shrine of Ru'Avitau,17506766,Monolith,,pending,,,
178,The Shrine of Ru'Avitau,17506768,Monolith,,pending,,,
178,The Shrine of Ru'Avitau,17506770,Monolith,,pending,,,
178,The Shrine of Ru'Avitau,17506772,Monolith,,pending,,,
178,The Shrine of Ru'Avitau,17506774,Monolith,,pending,,,
178,The Shrine of Ru'Avitau,17506776,Monolith,,pending,,,
178,The Shrine of Ru'Avitau,17506778,Monolith,,pending,,,
178,The Shrine of Ru'Avitau,17506780,Monolith,,pending,,,
178,The Shrine of Ru'Avitau,17506816,Goblin Footprint,,pending,,,
178,The Shrine of Ru'Avitau,17506817,blank_divine_might,,pending,,,
178,The Shrine of Ru'Avitau,17506821,Planar Rift,,pending,,,
178,The Shrine of Ru'Avitau,17506822,Planar Rift,,pending,,,
178,The Shrine of Ru'Avitau,17506823,Planar Rift,,pending,,,
178,The Shrine of Ru'Avitau,17506827,Grounds Tome,,pending,,,
178,The Shrine of Ru'Avitau,17506828,Grounds Tome,,pending,,,
178,The Shrine of Ru'Avitau,17506829,Grounds Tome,,pending,,,
178,The Shrine of Ru'Avitau,17506830,Grounds Tome,,pending,,,
178,The Shrine of Ru'Avitau,17506831,Grounds Tome,,pending,,,
178,The Shrine of Ru'Avitau,17506832,Grounds Tome,,pending,,,
178,The Shrine of Ru'Avitau,17506833,Grounds Tome,,pending,,,
178,The Shrine of Ru'Avitau,17506834,Home Point #1,,pending,,,
179,Stellar Fulcrum,17510697,Seed Fragment,,pending,,,
179,Stellar Fulcrum,17510736,Goblin Footprint,,pending,,,
179,Stellar Fulcrum,17510789,???,,not_applicable,,,Unnamed placeholder or door; no NPC role label.
180,La'Loff Amphitheater,17514792,Shimmering Circle,,pending,,,
180,La'Loff Amphitheater,17514793,Shimmering Circle,,pending,,,
180,La'Loff Amphitheater,17514794,Shimmering Circle,,pending,,,
180,La'Loff Amphitheater,17514795,Shimmering Circle,,pending,,,
180,La'Loff Amphitheater,17514796,Shimmering Circle,,pending,,,
180,La'Loff Amphitheater,17514797,Shimmering Circle,,pending,,,
180,La'Loff Amphitheater,17514798,Shimmering Circle,,pending,,,
180,La'Loff Amphitheater,17514799,Shimmering Circle,,pending,,,
180,La'Loff Amphitheater,17514805,Shimmering Circle,,pending,,,
180,La'Loff Amphitheater,17514806,Shimmering Circle,,pending,,,
180,La'Loff Amphitheater,17514807,Shimmering Circle,,pending,,,
180,La'Loff Amphitheater,17514808,Shimmering Circle,,pending,,,
180,La'Loff Amphitheater,17514809,Shimmering Circle,,pending,,,
180,La'Loff Amphitheater,17514826,Goblin Footprint,,pending,,,
181,The Celestial Nexus,17518761,Goblin Footprint,,pending,,,
182,Walk of Echoes,17523238,Veridical Conflux,,pending,,,
182,Walk of Echoes,17523239,Veridical Conflux #01,,pending,,,
182,Walk of Echoes,17523240,Veridical Conflux #02,,pending,,,
182,Walk of Echoes,17523241,Veridical Conflux #03,,pending,,,
182,Walk of Echoes,17523242,Veridical Conflux #04,,pending,,,
182,Walk of Echoes,17523243,Veridical Conflux #05,,pending,,,
182,Walk of Echoes,17523244,Veridical Conflux #08,,pending,,,
182,Walk of Echoes,17523245,Veridical Conflux #06,,pending,,,
182,Walk of Echoes,17523246,Veridical Conflux #07,,pending,,,
182,Walk of Echoes,17523247,Veridical Conflux #09,,pending,,,
182,Walk of Echoes,17523248,Veridical Conflux #10,,pending,,,
182,Walk of Echoes,17523249,Veridical Conflux #11,,pending,,,
182,Walk of Echoes,17523250,Veridical Conflux #12,,pending,,,
182,Walk of Echoes,17523251,Veridical Conflux #13,,pending,,,
182,Walk of Echoes,17523252,Veridical Conflux #14,,pending,,,
182,Walk of Echoes,17523253,Veridical Conflux #15,,pending,,,
182,Walk of Echoes,17523254,Veridical Conflux #01,,pending,,,
182,Walk of Echoes,17523255,Veridical Conflux #02,,pending,,,
182,Walk of Echoes,17523256,Veridical Conflux #03,,pending,,,
182,Walk of Echoes,17523257,Veridical Conflux #04,,pending,,,
182,Walk of Echoes,17523258,Veridical Conflux #05,,pending,,,
182,Walk of Echoes,17523259,Veridical Conflux #08,,pending,,,
182,Walk of Echoes,17523260,Veridical Conflux #06,,pending,,,
182,Walk of Echoes,17523261,Veridical Conflux #07,,pending,,,
182,Walk of Echoes,17523262,Veridical Conflux #09,,pending,,,
182,Walk of Echoes,17523263,Veridical Conflux #10,,pending,,,
182,Walk of Echoes,17523264,Veridical Conflux #11,,pending,,,
182,Walk of Echoes,17523265,Veridical Conflux #12,,pending,,,
182,Walk of Echoes,17523266,Veridical Conflux #13,,pending,,,
182,Walk of Echoes,17523267,Veridical Conflux #14,,pending,,,
182,Walk of Echoes,17523268,Veridical Conflux #15,,pending,,,
182,Walk of Echoes,17523269,Echo Disseminator,,pending,,,
182,Walk of Echoes,17523319,Veridical Conflux,,pending,,,
182,Walk of Echoes,17523320,blank_fork,,pending,,,
182,Walk of Echoes,17523321,Regal Pawprints,,pending,,,
182,Walk of Echoes,17523340,Goblin Footprint,,pending,,,
182,Walk of Echoes,17523341,???,,not_applicable,,,Unnamed placeholder or door; no NPC role label.
182,Walk of Echoes,17523344,???,,not_applicable,,,Unnamed placeholder or door; no NPC role label.
182,Walk of Echoes,17523358,???,,not_applicable,,,Unnamed placeholder or door; no NPC role label.
183,Maquette Abdhaljs-Legion,17526917,Moogle,,pending,,,
183,Maquette Abdhaljs-Legion,17526918,Moogle,,pending,,,
183,Maquette Abdhaljs-Legion,17526919,Moogle,,pending,,,
183,Maquette Abdhaljs-Legion,17526920,Moogle,,pending,,,
184,Lower Delkfutt's Tower,17531130,Seed Fragment,,pending,,,
184,Lower Delkfutt's Tower,17531131,Seed Afterglow,,pending,,,
184,Lower Delkfutt's Tower,17531132,Seed Afterglow,,pending,,,
184,Lower Delkfutt's Tower,17531133,Seed Afterglow,,pending,,,
184,Lower Delkfutt's Tower,17531158,Cermet Door,,pending,,,
184,Lower Delkfutt's Tower,17531203,Goblin Footprint,,pending,,,
184,Lower Delkfutt's Tower,17531215,???,,not_applicable,,,Unnamed placeholder or door; no NPC role label.
184,Lower Delkfutt's Tower,17531223,???,,not_applicable,,,Unnamed placeholder or door; no NPC role label.
184,Lower Delkfutt's Tower,17531227,Planar Rift,,pending,,,
184,Lower Delkfutt's Tower,17531228,Planar Rift,,pending,,,
184,Lower Delkfutt's Tower,17531229,Planar Rift,,pending,,,
184,Lower Delkfutt's Tower,17531233,Grounds Tome,,pending,,,
184,Lower Delkfutt's Tower,17531234,Grounds Tome,,pending,,,
184,Lower Delkfutt's Tower,17531235,Grounds Tome,,pending,,,
184,Lower Delkfutt's Tower,17531236,Geomantic Reservoir,,pending,,,
184,Lower Delkfutt's Tower,17531239,Survival Guide,,pending,,,
184,Lower Delkfutt's Tower,17531244,blank,,not_applicable,,,Unnamed placeholder or door; no NPC role label.
184,Lower Delkfutt's Tower,17531245,Tales' Beginning,,pending,,,
185,Dynamis - San d'Oria,17535223,Somnial Threshold,,pending,,,
185,Dynamis - San d'Oria,17535224,???,,not_applicable,,,Unnamed placeholder or door; no NPC role label.
185,Dynamis - San d'Oria,17535225,???,,not_applicable,,,Unnamed placeholder or door; no NPC role label.
185,Dynamis - San d'Oria,17535226,???,,not_applicable,,,Unnamed placeholder or door; no NPC role label.
185,Dynamis - San d'Oria,17535227,???,,not_applicable,,,Unnamed placeholder or door; no NPC role label.
185,Dynamis - San d'Oria,17535228,???,,not_applicable,,,Unnamed placeholder or door; no NPC role label.
186,Dynamis - Bastok,17539322,Somnial Threshold,,pending,,,
186,Dynamis - Bastok,17539323,???,,not_applicable,,,Unnamed placeholder or door; no NPC role label.
186,Dynamis - Bastok,17539324,???,,not_applicable,,,Unnamed placeholder or door; no NPC role label.
186,Dynamis - Bastok,17539325,???,,not_applicable,,,Unnamed placeholder or door; no NPC role label.
186,Dynamis - Bastok,17539326,???,,not_applicable,,,Unnamed placeholder or door; no NPC role label.
186,Dynamis - Bastok,17539327,???,,not_applicable,,,Unnamed placeholder or door; no NPC role label.
187,Dynamis - Windurst,17543479,Somnial Threshold,,pending,,,
187,Dynamis - Windurst,17543480,???,,not_applicable,,,Unnamed placeholder or door; no NPC role label.
187,Dynamis - Windurst,17543481,???,,not_applicable,,,Unnamed placeholder or door; no NPC role label.
187,Dynamis - Windurst,17543482,???,,not_applicable,,,Unnamed placeholder or door; no NPC role label.
187,Dynamis - Windurst,17543483,???,,not_applicable,,,Unnamed placeholder or door; no NPC role label.
187,Dynamis - Windurst,17543484,???,,not_applicable,,,Unnamed placeholder or door; no NPC role label.
188,Dynamis - Jeuno,17547509,Somnial Threshold,,pending,,,
188,Dynamis - Jeuno,17547510,???,,not_applicable,,,Unnamed placeholder or door; no NPC role label.
188,Dynamis - Jeuno,17547511,???,,not_applicable,,,Unnamed placeholder or door; no NPC role label.
188,Dynamis - Jeuno,17547512,???,,not_applicable,,,Unnamed placeholder or door; no NPC role label.
188,Dynamis - Jeuno,17547513,???,,not_applicable,,,Unnamed placeholder or door; no NPC role label.
188,Dynamis - Jeuno,17547514,???,,not_applicable,,,Unnamed placeholder or door; no NPC role label.
190,King Ranperre's Tomb,17555989,Tombstone,,pending,,,
190,King Ranperre's Tomb,17555991,Tombstone,,pending,,,
190,King Ranperre's Tomb,17555994,Strange Apparatus,,pending,,,
190,King Ranperre's Tomb,17556004,???,,not_applicable,,,Unnamed placeholder or door; no NPC role label.
190,King Ranperre's Tomb,17556020,Goblin Footprint,,pending,,,
190,King Ranperre's Tomb,17556021,Planar Rift,,pending,,,
190,King Ranperre's Tomb,17556022,Planar Rift,,pending,,,
190,King Ranperre's Tomb,17556023,Planar Rift,,pending,,,
190,King Ranperre's Tomb,17556027,Grounds Tome,,pending,,,
190,King Ranperre's Tomb,17556028,Grounds Tome,,pending,,,
190,King Ranperre's Tomb,17556029,Grounds Tome,,pending,,,
190,King Ranperre's Tomb,17556030,Grounds Tome,,pending,,,
190,King Ranperre's Tomb,17556031,Geomagnetic Fount,,pending,,,
190,King Ranperre's Tomb,17556036,Hazy Rune,,pending,,,
190,King Ranperre's Tomb,17556037,Survival Guide,,pending,,,
191,Dangruf Wadi,17559876,???,,not_applicable,,,Unnamed placeholder or door; no NPC role label.
191,Dangruf Wadi,17559900,blank,,not_applicable,,,Unnamed placeholder or door; no NPC role label.
191,Dangruf Wadi,17559901,blank,,not_applicable,,,Unnamed placeholder or door; no NPC role label.
191,Dangruf Wadi,17559902,blank,,not_applicable,,,Unnamed placeholder or door; no NPC role label.
191,Dangruf Wadi,17559912,???,,not_applicable,,,Unnamed placeholder or door; no NPC role label.
191,Dangruf Wadi,17559913,blank,,not_applicable,,,Unnamed placeholder or door; no NPC role label.
191,Dangruf Wadi,17559914,blank,,not_applicable,,,Unnamed placeholder or door; no NPC role label.
191,Dangruf Wadi,17559915,blank,,not_applicable,,,Unnamed placeholder or door; no NPC role label.
191,Dangruf Wadi,17559918,???,,not_applicable,,,Unnamed placeholder or door; no NPC role label.
191,Dangruf Wadi,17559919,???,,not_applicable,,,Unnamed placeholder or door; no NPC role label.
191,Dangruf Wadi,17559920,???,,not_applicable,,,Unnamed placeholder or door; no NPC role label.
191,Dangruf Wadi,17559929,Goblin Footprint,,pending,,,
191,Dangruf Wadi,17559930,Planar Rift,,pending,,,
191,Dangruf Wadi,17559931,Planar Rift,,pending,,,
191,Dangruf Wadi,17559932,Planar Rift,,pending,,,
191,Dangruf Wadi,17559936,Grounds Tome,,pending,,,
191,Dangruf Wadi,17559937,Grounds Tome,,pending,,,
191,Dangruf Wadi,17559938,Geomagnetic Fount,,pending,,,
191,Dangruf Wadi,17559943,Hazy Rune,,pending,,,
191,Dangruf Wadi,17559944,Survival Guide,,pending,,,
192,Inner Horutoto Ruins,17563885,gohu,,pending,,,
192,Inner Horutoto Ruins,17563886,King of Wands,,pending,,,
192,Inner Horutoto Ruins,17563887,King of Batons,,pending,,,
192,Inner Horutoto Ruins,17563921,Goblin Footprint,,pending,,,
192,Inner Horutoto Ruins,17563924,Grounds Tome,,pending,,,
192,Inner Horutoto Ruins,17563925,Grounds Tome,,pending,,,
192,Inner Horutoto Ruins,17563926,Grounds Tome,,pending,,,
192,Inner Horutoto Ruins,17563927,Geomagnetic Fount,,pending,,,
192,Inner Horutoto Ruins,17563928,Survival Guide,,pending,,,
193,Ordelle's Caves,17568171,Ruillont,,pending,,,
193,Ordelle's Caves,17568172,???,,not_applicable,,,Unnamed placeholder or door; no NPC role label.
193,Ordelle's Caves,17568173,???,,not_applicable,,,Unnamed placeholder or door; no NPC role label.
193,Ordelle's Caves,17568176,Stalagmite,,pending,,,
193,Ordelle's Caves,17568177,???,,not_applicable,,,Unnamed placeholder or door; no NPC role label.
193,Ordelle's Caves,17568178,???,,not_applicable,,,Unnamed placeholder or door; no NPC role label.
193,Ordelle's Caves,17568179,???,,not_applicable,,,Unnamed placeholder or door; no NPC role label.
193,Ordelle's Caves,17568181,Rojaireaut,,pending,,,
193,Ordelle's Caves,17568182,???,,not_applicable,,,Unnamed placeholder or door; no NPC role label.
193,Ordelle's Caves,17568195,Goblin Footprint,,pending,,,
193,Ordelle's Caves,17568196,???,,not_applicable,,,Unnamed placeholder or door; no NPC role label.
193,Ordelle's Caves,17568199,Planar Rift,,pending,,,
193,Ordelle's Caves,17568200,Planar Rift,,pending,,,
193,Ordelle's Caves,17568201,Planar Rift,,pending,,,
193,Ordelle's Caves,17568205,Grounds Tome,,pending,,,
193,Ordelle's Caves,17568206,Grounds Tome,,pending,,,
193,Ordelle's Caves,17568207,Geomagnetic Fount,,pending,,,
193,Ordelle's Caves,17568212,Hazy Rune,,pending,,,
193,Ordelle's Caves,17568213,Survival Guide,,pending,,,
194,Outer Horutoto Ruins,17572302,Goblin Footprint,,pending,,,
194,Outer Horutoto Ruins,17572303,???,,not_applicable,,,Unnamed placeholder or door; no NPC role label.
194,Outer Horutoto Ruins,17572304,Planar Rift,,pending,,,
194,Outer Horutoto Ruins,17572305,Planar Rift,,pending,,,
194,Outer Horutoto Ruins,17572306,Planar Rift,,pending,,,
194,Outer Horutoto Ruins,17572310,Grounds Tome,,pending,,,
194,Outer Horutoto Ruins,17572311,Grounds Tome,,pending,,,
194,Outer Horutoto Ruins,17572312,Grounds Tome,,pending,,,
194,Outer Horutoto Ruins,17572313,Grounds Tome,,pending,,,
194,Outer Horutoto Ruins,17572314,Geomagnetic Fount,,pending,,,
194,Outer Horutoto Ruins,17572319,Hazy Rune,,pending,,,
195,The Eldieme Necropolis,17576306,NPC[172],,pending,,,
195,The Eldieme Necropolis,17576342,Hume Bones,,pending,,,
195,The Eldieme Necropolis,17576344,Brazier,,pending,,,
195,The Eldieme Necropolis,17576345,Brazier,,pending,,,
195,The Eldieme Necropolis,17576346,Brazier,,pending,,,
195,The Eldieme Necropolis,17576347,Brazier,,pending,,,
195,The Eldieme Necropolis,17576359,???,,not_applicable,,,Unnamed placeholder or door; no NPC role label.
195,The Eldieme Necropolis,17576395,Sarcophagus,,pending,,,
195,The Eldieme Necropolis,17576396,Sarcophagus,,pending,,,
195,The Eldieme Necropolis,17576397,Sarcophagus,,pending,,,
195,The Eldieme Necropolis,17576398,Sarcophagus,,pending,,,
195,The Eldieme Necropolis,17576399,Sarcophagus,,pending,,,
195,The Eldieme Necropolis,17576402,Gravestone,,pending,,,
195,The Eldieme Necropolis,17576403,Gravestone,,pending,,,
195,The Eldieme Necropolis,17576404,Gravestone,,pending,,,
195,The Eldieme Necropolis,17576405,Gravestone,,pending,,,
195,The Eldieme Necropolis,17576409,Goblin Footprint,,pending,,,
195,The Eldieme Necropolis,17576422,???,,not_applicable,,,Unnamed placeholder or door; no NPC role label.
195,The Eldieme Necropolis,17576427,???,,not_applicable,,,Unnamed placeholder or door; no NPC role label.
195,The Eldieme Necropolis,17576428,???,,not_applicable,,,Unnamed placeholder or door; no NPC role label.
195,The Eldieme Necropolis,17576429,???,,not_applicable,,,Unnamed placeholder or door; no NPC role label.
195,The Eldieme Necropolis,17576430,Grounds Tome,,pending,,,
195,The Eldieme Necropolis,17576431,Grounds Tome,,pending,,,
195,The Eldieme Necropolis,17576432,Grounds Tome,,pending,,,
195,The Eldieme Necropolis,17576433,Grounds Tome,,pending,,,
195,The Eldieme Necropolis,17576434,Planar Rift,,pending,,,
195,The Eldieme Necropolis,17576435,Planar Rift,,pending,,,
195,The Eldieme Necropolis,17576436,Planar Rift,,pending,,,
195,The Eldieme Necropolis,17576440,Geomagnetic Fount,,pending,,,
195,The Eldieme Necropolis,17576441,Geomantic Reservoir,,pending,,,
195,The Eldieme Necropolis,17576448,Hazy Rune,,pending,,,
195,The Eldieme Necropolis,17576449,Survival Guide,,pending,,,
196,Gusgen Mines,17580371,???,,not_applicable,,,Unnamed placeholder or door; no NPC role label.
196,Gusgen Mines,17580386,Clay,,pending,,,
196,Gusgen Mines,17580398,Mining Point,,pending,,,
196,Gusgen Mines,17580399,Mining Point,,pending,,,
196,Gusgen Mines,17580400,Mining Point,,pending,,,
196,Gusgen Mines,17580401,Mining Point,,pending,,,
196,Gusgen Mines,17580402,Mining Point,,pending,,,
196,Gusgen Mines,17580403,Mining Point,,pending,,,
196,Gusgen Mines,17580405,???,,not_applicable,,,Unnamed placeholder or door; no NPC role label.
196,Gusgen Mines,17580406,???,,not_applicable,,,Unnamed placeholder or door; no NPC role label.
196,Gusgen Mines,17580407,Degga,,pending,,,
196,Gusgen Mines,17580408,???,,not_applicable,,,Unnamed placeholder or door; no NPC role label.
196,Gusgen Mines,17580410,Goblin Footprint,,pending,,,
196,Gusgen Mines,17580411,Planar Rift,,pending,,,
196,Gusgen Mines,17580412,Planar Rift,,pending,,,
196,Gusgen Mines,17580413,Planar Rift,,pending,,,
196,Gusgen Mines,17580417,Grounds Tome,,pending,,,
196,Gusgen Mines,17580418,Grounds Tome,,pending,,,
196,Gusgen Mines,17580419,Grounds Tome,,pending,,,
196,Gusgen Mines,17580420,Geomagnetic Fount,,pending,,,
196,Gusgen Mines,17580421,Geomantic Reservoir,,pending,,,
196,Gusgen Mines,17580428,Hazy Rune,,pending,,,
196,Gusgen Mines,17580429,Survival Guide,,pending,,,
196,Gusgen Mines,17580431,Hedrov,,pending,,,
197,Crawlers' Nest,17584456,???,,not_applicable,,,Unnamed placeholder or door; no NPC role label.
197,Crawlers' Nest,17584457,???,,not_applicable,,,Unnamed placeholder or door; no NPC role label.
197,Crawlers' Nest,17584458,???,,not_applicable,,,Unnamed placeholder or door; no NPC role label.
197,Crawlers' Nest,17584459,???,,not_applicable,,,Unnamed placeholder or door; no NPC role label.
197,Crawlers' Nest,17584460,???,,not_applicable,,,Unnamed placeholder or door; no NPC role label.
197,Crawlers' Nest,17584461,???,,not_applicable,,,Unnamed placeholder or door; no NPC role label.
197,Crawlers' Nest,17584462,???,,not_applicable,,,Unnamed placeholder or door; no NPC role label.
197,Crawlers' Nest,17584465,???,,not_applicable,,,Unnamed placeholder or door; no NPC role label.
197,Crawlers' Nest,17584466,???,,not_applicable,,,Unnamed placeholder or door; no NPC role label.
197,Crawlers' Nest,17584481,Goblin Footprint,,pending,,,
197,Crawlers' Nest,17584482,???,,not_applicable,,,Unnamed placeholder or door; no NPC role label.
197,Crawlers' Nest,17584483,???,,not_applicable,,,Unnamed placeholder or door; no NPC role label.
197,Crawlers' Nest,17584484,???,,not_applicable,,,Unnamed placeholder or door; no NPC role label.
197,Crawlers' Nest,17584497,Grounds Tome,,pending,,,
197,Crawlers' Nest,17584498,Grounds Tome,,pending,,,
197,Crawlers' Nest,17584499,Planar Rift,,pending,,,
197,Crawlers' Nest,17584500,Planar Rift,,pending,,,
197,Crawlers' Nest,17584501,Planar Rift,,pending,,,
197,Crawlers' Nest,17584505,Geomagnetic Fount,,pending,,,
197,Crawlers' Nest,17584506,Geomantic Reservoir,,pending,,,
197,Crawlers' Nest,17584513,Hazy Rune,,pending,,,
197,Crawlers' Nest,17584514,Survival Guide,,pending,,,
198,Maze of Shakhrami,17588738,Fossil Rock,,pending,,,
198,Maze of Shakhrami,17588739,Fossil Rock,,pending,,,
198,Maze of Shakhrami,17588740,Fossil Rock,,pending,,,
198,Maze of Shakhrami,17588741,Fossil Rock,,pending,,,
198,Maze of Shakhrami,17588742,Fossil Rock,,pending,,,
198,Maze of Shakhrami,17588743,Fossil Rock,,pending,,,
198,Maze of Shakhrami,17588744,Fossil Rock,,pending,,,
198,Maze of Shakhrami,17588745,Fossil Rock,,pending,,,
198,Maze of Shakhrami,17588746,Fossil Rock,,pending,,,
198,Maze of Shakhrami,17588747,Fossil Rock,,pending,,,
198,Maze of Shakhrami,17588748,Fossil Rock,,pending,,,
198,Maze of Shakhrami,17588749,Fossil Rock,,pending,,,
198,Maze of Shakhrami,17588750,Fossil Rock,,pending,,,
198,Maze of Shakhrami,17588751,Fossil Rock,,pending,,,
198,Maze of Shakhrami,17588758,Rockwell,,pending,,,
198,Maze of Shakhrami,17588760,Ahko Mhalijikhari,,pending,,,
198,Maze of Shakhrami,17588761,???,,not_applicable,,,Unnamed placeholder or door; no NPC role label.
198,Maze of Shakhrami,17588775,Excavation Point,,pending,,,
198,Maze of Shakhrami,17588776,Excavation Point,,pending,,,
198,Maze of Shakhrami,17588777,Excavation Point,,pending,,,
198,Maze of Shakhrami,17588778,Excavation Point,,pending,,,
198,Maze of Shakhrami,17588779,Excavation Point,,pending,,,
198,Maze of Shakhrami,17588780,Excavation Point,,pending,,,
198,Maze of Shakhrami,17588782,Goblin Footprint,,pending,,,
198,Maze of Shakhrami,17588783,Planar Rift,,pending,,,
198,Maze of Shakhrami,17588784,Planar Rift,,pending,,,
198,Maze of Shakhrami,17588785,Planar Rift,,pending,,,
198,Maze of Shakhrami,17588789,Grounds Tome,,pending,,,
198,Maze of Shakhrami,17588790,Grounds Tome,,pending,,,
198,Maze of Shakhrami,17588791,Grounds Tome,,pending,,,
198,Maze of Shakhrami,17588792,Grounds Tome,,pending,,,
198,Maze of Shakhrami,17588793,Geomagnetic Fount,,pending,,,
198,Maze of Shakhrami,17588798,Hazy Rune,,pending,,,
198,Maze of Shakhrami,17588799,Survival Guide,,pending,,,
200,Garlaige Citadel,17596761,Mashira,,pending,,,
200,Garlaige Citadel,17596815,???,,not_applicable,,,Unnamed placeholder or door; no NPC role label.
200,Garlaige Citadel,17596816,Oaken Box,,pending,,,
200,Garlaige Citadel,17596818,???,,not_applicable,,,Unnamed placeholder or door; no NPC role label.
200,Garlaige Citadel,17596819,???,,not_applicable,,,Unnamed placeholder or door; no NPC role label.
200,Garlaige Citadel,17596820,???,,not_applicable,,,Unnamed placeholder or door; no NPC role label.
200,Garlaige Citadel,17596821,???,,not_applicable,,,Unnamed placeholder or door; no NPC role label.
200,Garlaige Citadel,17596822,???,,not_applicable,,,Unnamed placeholder or door; no NPC role label.
200,Garlaige Citadel,17596823,???,,not_applicable,,,Unnamed placeholder or door; no NPC role label.
200,Garlaige Citadel,17596824,???,,not_applicable,,,Unnamed placeholder or door; no NPC role label.
200,Garlaige Citadel,17596825,???,,not_applicable,,,Unnamed placeholder or door; no NPC role label.
200,Garlaige Citadel,17596826,???,,not_applicable,,,Unnamed placeholder or door; no NPC role label.
200,Garlaige Citadel,17596827,???,,not_applicable,,,Unnamed placeholder or door; no NPC role label.
200,Garlaige Citadel,17596828,???,,not_applicable,,,Unnamed placeholder or door; no NPC role label.
200,Garlaige Citadel,17596829,???,,not_applicable,,,Unnamed placeholder or door; no NPC role label.
200,Garlaige Citadel,17596830,???,,not_applicable,,,Unnamed placeholder or door; no NPC role label.
200,Garlaige Citadel,17596831,???,,not_applicable,,,Unnamed placeholder or door; no NPC role label.
200,Garlaige Citadel,17596832,???,,not_applicable,,,Unnamed placeholder or door; no NPC role label.
200,Garlaige Citadel,17596837,Goblin Footprint,,pending,,,
200,Garlaige Citadel,17596838,Lyco_Sparkles,,pending,,,
200,Garlaige Citadel,17596841,???,,not_applicable,,,Unnamed placeholder or door; no NPC role label.
200,Garlaige Citadel,17596842,???,,not_applicable,,,Unnamed placeholder or door; no NPC role label.
200,Garlaige Citadel,17596843,???,,not_applicable,,,Unnamed placeholder or door; no NPC role label.
200,Garlaige Citadel,17596844,???,,not_applicable,,,Unnamed placeholder or door; no NPC role label.
200,Garlaige Citadel,17596857,Grounds Tome,,pending,,,
200,Garlaige Citadel,17596858,Grounds Tome,,pending,,,
200,Garlaige Citadel,17596859,Grounds Tome,,pending,,,
200,Garlaige Citadel,17596860,Planar Rift,,pending,,,
200,Garlaige Citadel,17596861,Planar Rift,,pending,,,
200,Garlaige Citadel,17596862,Planar Rift,,pending,,,
200,Garlaige Citadel,17596866,Geomagnetic Fount,,pending,,,
200,Garlaige Citadel,17596867,Geomantic Reservoir,,pending,,,
200,Garlaige Citadel,17596874,Hazy Rune,,pending,,,
200,Garlaige Citadel,17596875,Survival Guide,,pending,,,
200,Garlaige Citadel,17596876,Ethereal Junction,,pending,,,
200,Garlaige Citadel,17596877,Ethereal Junction,,pending,,,
200,Garlaige Citadel,17596878,Ethereal Junction,,pending,,,
201,Cloister of Gales,17600562,Wind Protocrystal,,pending,,,
201,Cloister of Gales,17600563,Wind Protocrystal,,pending,,,
201,Cloister of Gales,17600564,Wind Protocrystal,,pending,,,
201,Cloister of Gales,17600565,Wind Protocrystal,,pending,,,
201,Cloister of Gales,17600587,Goblin Footprint,,pending,,,
201,Cloister of Gales,17600591,???,,not_applicable,,,Unnamed placeholder or door; no NPC role label.
202,Cloister of Storms,17604661,Lightning Protocrystal,,pending,,,
202,Cloister of Storms,17604662,Lightning Protocrystal,,pending,,,
202,Cloister of Storms,17604663,Lightning Protocrystal,,pending,,,
202,Cloister of Storms,17604664,Lightning Protocrystal,,pending,,,
202,Cloister of Storms,17604685,Goblin Footprint,,pending,,,
202,Cloister of Storms,17604689,???,,not_applicable,,,Unnamed placeholder or door; no NPC role label.
203,Cloister of Frost,17608769,Ice Protocrystal,,pending,,,
203,Cloister of Frost,17608770,Ice Protocrystal,,pending,,,
203,Cloister of Frost,17608771,Ice Protocrystal,,pending,,,
203,Cloister of Frost,17608772,Ice Protocrystal,,pending,,,
203,Cloister of Frost,17608788,Cermet Headstone,,pending,,,
203,Cloister of Frost,17608798,Goblin Footprint,,pending,,,
203,Cloister of Frost,17608802,???,,not_applicable,,,Unnamed placeholder or door; no NPC role label.
204,Fei'Yin,17613147,Seed Afterglow,,pending,,,
204,Fei'Yin,17613149,Seed Afterglow,,pending,,,
204,Fei'Yin,17613150,Seed Afterglow,,pending,,,
204,Fei'Yin,17613151,Seed Afterglow,,pending,,,
204,Fei'Yin,17613152,Seed Afterglow,,pending,,,
204,Fei'Yin,17613153,Seed Afterglow,,pending,,,
204,Fei'Yin,17613154,Seed Afterglow,,pending,,,
204,Fei'Yin,17613155,Seed Afterglow,,pending,,,
204,Fei'Yin,17613181,EventDirector,,pending,,,
204,Fei'Yin,17613240,Rukususu,,pending,,,
204,Fei'Yin,17613241,blank,,not_applicable,,,Unnamed placeholder or door; no NPC role label.
204,Fei'Yin,17613244,Dry Fountain,,pending,,,
204,Fei'Yin,17613246,???,,not_applicable,,,Unnamed placeholder or door; no NPC role label.
204,Fei'Yin,17613247,Underground Pool,,pending,,,
204,Fei'Yin,17613248,Underground Pool,,pending,,,
204,Fei'Yin,17613249,Underground Pool,,pending,,,
204,Fei'Yin,17613264,Goblin Footprint,,pending,,,
204,Fei'Yin,17613265,Strange Apparatus,,pending,,,
204,Fei'Yin,17613267,Grounds Tome,,pending,,,
204,Fei'Yin,17613268,Grounds Tome,,pending,,,
204,Fei'Yin,17613269,Geomantic Reservoir,,pending,,,
204,Fei'Yin,17613276,Hazy Rune,,pending,,,
204,Fei'Yin,17613277,Home Point #1,,pending,,,
204,Fei'Yin,17613278,Home Point #2,,pending,,,
204,Fei'Yin,17613282,Ethereal Junction,,pending,,,
204,Fei'Yin,17613283,Ethereal Junction,,pending,,,
204,Fei'Yin,17613284,Ethereal Junction,,pending,,,
204,Fei'Yin,17613287,Talos,,pending,,,
204,Fei'Yin,17613288,Talos,,pending,,,
205,Ifrit's Cauldron,17617179,???,,not_applicable,,,Unnamed placeholder or door; no NPC role label.
205,Ifrit's Cauldron,17617180,???,,not_applicable,,,Unnamed placeholder or door; no NPC role label.
205,Ifrit's Cauldron,17617181,???,,not_applicable,,,Unnamed placeholder or door; no NPC role label.
205,Ifrit's Cauldron,17617205,Flame Spout,,pending,,,
205,Ifrit's Cauldron,17617206,Flame Spout,,pending,,,
205,Ifrit's Cauldron,17617207,Flame Spout,,pending,,,
205,Ifrit's Cauldron,17617208,Flame Spout,,pending,,,
205,Ifrit's Cauldron,17617209,Altar of Ashes,,pending,,,
205,Ifrit's Cauldron,17617215,???,,not_applicable,,,Unnamed placeholder or door; no NPC role label.
205,Ifrit's Cauldron,17617226,Mining Point,,pending,,,
205,Ifrit's Cauldron,17617227,Mining Point,,pending,,,
205,Ifrit's Cauldron,17617228,Mining Point,,pending,,,
205,Ifrit's Cauldron,17617229,Mining Point,,pending,,,
205,Ifrit's Cauldron,17617230,Mining Point,,pending,,,
205,Ifrit's Cauldron,17617231,Mining Point,,pending,,,
205,Ifrit's Cauldron,17617232,relic,,pending,,,
205,Ifrit's Cauldron,17617249,Goblin Footprint,,pending,,,
205,Ifrit's Cauldron,17617262,Planar Rift,,pending,,,
205,Ifrit's Cauldron,17617263,Planar Rift,,pending,,,
205,Ifrit's Cauldron,17617264,Planar Rift,,pending,,,
205,Ifrit's Cauldron,17617268,Grounds Tome,,pending,,,
205,Ifrit's Cauldron,17617269,Grounds Tome,,pending,,,
205,Ifrit's Cauldron,17617270,Grounds Tome,,pending,,,
205,Ifrit's Cauldron,17617271,Grounds Tome,,pending,,,
205,Ifrit's Cauldron,17617272,Grounds Tome,,pending,,,
205,Ifrit's Cauldron,17617273,Grounds Tome,,pending,,,
205,Ifrit's Cauldron,17617274,Grounds Tome,,pending,,,
205,Ifrit's Cauldron,17617275,Grounds Tome,,pending,,,
205,Ifrit's Cauldron,17617276,Home Point #1,,pending,,,
205,Ifrit's Cauldron,17617281,Ethereal Junction,,pending,,,
205,Ifrit's Cauldron,17617282,Ethereal Junction,,pending,,,
205,Ifrit's Cauldron,17617283,Ethereal Junction,,pending,,,
205,Ifrit's Cauldron,17617284,Survival Guide,,pending,,,
205,Ifrit's Cauldron,17617286,Mining Point,,pending,,,
205,Ifrit's Cauldron,17617287,Mining Point,,pending,,,
205,Ifrit's Cauldron,17617288,Mining Point,,pending,,,
205,Ifrit's Cauldron,17617289,Mining Point,,pending,,,
205,Ifrit's Cauldron,17617290,Mining Point,,pending,,,
205,Ifrit's Cauldron,17617291,Mining Point,,pending,,,
206,Qu'Bia Arena,17621587,Burning Circle,,pending,,,
206,Qu'Bia Arena,17621588,Burning Circle,,pending,,,
206,Qu'Bia Arena,17621589,Burning Circle,,pending,,,
206,Qu'Bia Arena,17621590,Burning Circle,,pending,,,
206,Qu'Bia Arena,17621619,Goblin Footprint,,pending,,,
207,Cloister of Flames,17625135,Fire Protocrystal,,pending,,,
207,Cloister of Flames,17625136,Fire Protocrystal,,pending,,,
207,Cloister of Flames,17625137,Fire Protocrystal,,pending,,,
207,Cloister of Flames,17625138,Fire Protocrystal,,pending,,,
207,Cloister of Flames,17625156,Goblin Footprint,,pending,,,
207,Cloister of Flames,17625160,???,,not_applicable,,,Unnamed placeholder or door; no NPC role label.
208,Quicksand Caves,17629668,???,,not_applicable,,,Unnamed placeholder or door; no NPC role label.
208,Quicksand Caves,17629669,???,,not_applicable,,,Unnamed placeholder or door; no NPC role label.
208,Quicksand Caves,17629670,???,,not_applicable,,,Unnamed placeholder or door; no NPC role label.
208,Quicksand Caves,17629695,blank,,not_applicable,,,Unnamed placeholder or door; no NPC role label.
208,Quicksand Caves,17629697,blank,,not_applicable,,,Unnamed placeholder or door; no NPC role label.
208,Quicksand Caves,17629699,blank,,not_applicable,,,Unnamed placeholder or door; no NPC role label.
208,Quicksand Caves,17629701,blank,,not_applicable,,,Unnamed placeholder or door; no NPC role label.
208,Quicksand Caves,17629703,blank,,not_applicable,,,Unnamed placeholder or door; no NPC role label.
208,Quicksand Caves,17629705,blank,,not_applicable,,,Unnamed placeholder or door; no NPC role label.
208,Quicksand Caves,17629707,blank,,not_applicable,,,Unnamed placeholder or door; no NPC role label.
208,Quicksand Caves,17629709,blank,,not_applicable,,,Unnamed placeholder or door; no NPC role label.
208,Quicksand Caves,17629711,blank,,not_applicable,,,Unnamed placeholder or door; no NPC role label.
208,Quicksand Caves,17629713,blank,,not_applicable,,,Unnamed placeholder or door; no NPC role label.
208,Quicksand Caves,17629715,blank,,not_applicable,,,Unnamed placeholder or door; no NPC role label.
208,Quicksand Caves,17629717,blank,,not_applicable,,,Unnamed placeholder or door; no NPC role label.
208,Quicksand Caves,17629719,blank,,not_applicable,,,Unnamed placeholder or door; no NPC role label.
208,Quicksand Caves,17629733,???,,not_applicable,,,Unnamed placeholder or door; no NPC role label.
208,Quicksand Caves,17629735,Fountain of Kings,,pending,,,
208,Quicksand Caves,17629736,???,,not_applicable,,,Unnamed placeholder or door; no NPC role label.
208,Quicksand Caves,17629747,???,,not_applicable,,,Unnamed placeholder or door; no NPC role label.
208,Quicksand Caves,17629749,???,,not_applicable,,,Unnamed placeholder or door; no NPC role label.
208,Quicksand Caves,17629751,Goblin Footprint,,pending,,,
208,Quicksand Caves,17629752,Goblin Geologist,,pending,,,
208,Quicksand Caves,17629753,???,,not_applicable,,,Unnamed placeholder or door; no NPC role label.
208,Quicksand Caves,17629754,???,,not_applicable,,,Unnamed placeholder or door; no NPC role label.
208,Quicksand Caves,17629755,???,,not_applicable,,,Unnamed placeholder or door; no NPC role label.
208,Quicksand Caves,17629756,???,,not_applicable,,,Unnamed placeholder or door; no NPC role label.
208,Quicksand Caves,17629757,???,,not_applicable,,,Unnamed placeholder or door; no NPC role label.
208,Quicksand Caves,17629758,???,,not_applicable,,,Unnamed placeholder or door; no NPC role label.
208,Quicksand Caves,17629759,???,,not_applicable,,,Unnamed placeholder or door; no NPC role label.
208,Quicksand Caves,17629760,???,,not_applicable,,,Unnamed placeholder or door; no NPC role label.
208,Quicksand Caves,17629761,???,,not_applicable,,,Unnamed placeholder or door; no NPC role label.
208,Quicksand Caves,17629762,???,,not_applicable,,,Unnamed placeholder or door; no NPC role label.
208,Quicksand Caves,17629763,???,,not_applicable,,,Unnamed placeholder or door; no NPC role label.
208,Quicksand Caves,17629764,???,,not_applicable,,,Unnamed placeholder or door; no NPC role label.
208,Quicksand Caves,17629765,???,,not_applicable,,,Unnamed placeholder or door; no NPC role label.
208,Quicksand Caves,17629766,???,,not_applicable,,,Unnamed placeholder or door; no NPC role label.
208,Quicksand Caves,17629767,???,,not_applicable,,,Unnamed placeholder or door; no NPC role label.
208,Quicksand Caves,17629768,???,,not_applicable,,,Unnamed placeholder or door; no NPC role label.
208,Quicksand Caves,17629769,???,,not_applicable,,,Unnamed placeholder or door; no NPC role label.
208,Quicksand Caves,17629770,???,,not_applicable,,,Unnamed placeholder or door; no NPC role label.
208,Quicksand Caves,17629771,???,,not_applicable,,,Unnamed placeholder or door; no NPC role label.
208,Quicksand Caves,17629772,???,,not_applicable,,,Unnamed placeholder or door; no NPC role label.
208,Quicksand Caves,17629773,Planar Rift,,pending,,,
208,Quicksand Caves,17629774,Planar Rift,,pending,,,
208,Quicksand Caves,17629775,Planar Rift,,pending,,,
208,Quicksand Caves,17629779,Grounds Tome,,pending,,,
208,Quicksand Caves,17629780,Grounds Tome,,pending,,,
208,Quicksand Caves,17629781,Grounds Tome,,pending,,,
208,Quicksand Caves,17629782,Grounds Tome,,pending,,,
208,Quicksand Caves,17629783,Grounds Tome,,pending,,,
208,Quicksand Caves,17629784,Grounds Tome,,pending,,,
208,Quicksand Caves,17629785,Geomagnetic Fount,,pending,,,
208,Quicksand Caves,17629786,Home Point #1,,pending,,,
208,Quicksand Caves,17629787,Home Point #2,,pending,,,
208,Quicksand Caves,17629791,Ethereal Junction,,pending,,,
208,Quicksand Caves,17629792,Ethereal Junction,,pending,,,
208,Quicksand Caves,17629793,Ethereal Junction,,pending,,,
208,Quicksand Caves,17629810,???,,not_applicable,,,Unnamed placeholder or door; no NPC role label.
208,Quicksand Caves,17629811,Journey's End,,pending,,,
209,Cloister of Tremors,17633330,Earth Protocrystal,,pending,,,
209,Cloister of Tremors,17633331,Earth Protocrystal,,pending,,,
209,Cloister of Tremors,17633332,Earth Protocrystal,,pending,,,
209,Cloister of Tremors,17633333,Earth Protocrystal,,pending,,,
209,Cloister of Tremors,17633354,Goblin Footprint,,pending,,,
209,Cloister of Tremors,17633358,???,,not_applicable,,,Unnamed placeholder or door; no NPC role label.
211,Cloister of Tides,17641519,Water Protocrystal,,pending,,,
211,Cloister of Tides,17641520,Water Protocrystal,,pending,,,
211,Cloister of Tides,17641521,Water Protocrystal,,pending,,,
211,Cloister of Tides,17641522,Water Protocrystal,,pending,,,
211,Cloister of Tides,17641539,Goblin Footprint,,pending,,,
211,Cloister of Tides,17641543,???,,not_applicable,,,Unnamed placeholder or door; no NPC role label.
212,Gustav Tunnel,17645850,???,,not_applicable,,,Unnamed placeholder or door; no NPC role label.
212,Gustav Tunnel,17645885,???,,not_applicable,,,Unnamed placeholder or door; no NPC role label.
212,Gustav Tunnel,17645899,Goblin Footprint,,pending,,,
212,Gustav Tunnel,17645907,Outcropping,,pending,,,
212,Gustav Tunnel,17645908,Ethereal Junction,,pending,,,
212,Gustav Tunnel,17645909,Ethereal Junction,,pending,,,
212,Gustav Tunnel,17645910,Ethereal Junction,,pending,,,
212,Gustav Tunnel,17645911,Grounds Tome,,pending,,,
212,Gustav Tunnel,17645912,Grounds Tome,,pending,,,
212,Gustav Tunnel,17645913,Grounds Tome,,pending,,,
212,Gustav Tunnel,17645914,Grounds Tome,,pending,,,
212,Gustav Tunnel,17645915,Geomagnetic Fount,,pending,,,
212,Gustav Tunnel,17645916,Survival Guide,,pending,,,
213,Labyrinth of Onzozo,17649866,???,,not_applicable,,,Unnamed placeholder or door; no NPC role label.
213,Labyrinth of Onzozo,17649902,???,,not_applicable,,,Unnamed placeholder or door; no NPC role label.
213,Labyrinth of Onzozo,17649903,Grounds Tome,,pending,,,
213,Labyrinth of Onzozo,17649904,Grounds Tome,,pending,,,
213,Labyrinth of Onzozo,17649905,Grounds Tome,,pending,,,
213,Labyrinth of Onzozo,17649906,Geomagnetic Fount,,pending,,,
213,Labyrinth of Onzozo,17649907,Survival Guide,,pending,,,
213,Labyrinth of Onzozo,17649908,Ethereal Junction,,pending,,,
213,Labyrinth of Onzozo,17649909,Ethereal Junction,,pending,,,
213,Labyrinth of Onzozo,17649910,Ethereal Junction,,pending,,,
215,Abyssea - Attohwa,17658351,???,,not_applicable,,,Unnamed placeholder or door; no NPC role label.
215,Abyssea - Attohwa,17658352,???,,not_applicable,,,Unnamed placeholder or door; no NPC role label.
215,Abyssea - Attohwa,17658353,???,,not_applicable,,,Unnamed placeholder or door; no NPC role label.
215,Abyssea - Attohwa,17658354,???,,not_applicable,,,Unnamed placeholder or door; no NPC role label.
215,Abyssea - Attohwa,17658355,???,,not_applicable,,,Unnamed placeholder or door; no NPC role label.
215,Abyssea - Attohwa,17658356,???,,not_applicable,,,Unnamed placeholder or door; no NPC role label.
215,Abyssea - Attohwa,17658357,???,,not_applicable,,,Unnamed placeholder or door; no NPC role label.
215,Abyssea - Attohwa,17658358,???,,not_applicable,,,Unnamed placeholder or door; no NPC role label.
215,Abyssea - Attohwa,17658359,???,,not_applicable,,,Unnamed placeholder or door; no NPC role label.
215,Abyssea - Attohwa,17658360,???,,not_applicable,,,Unnamed placeholder or door; no NPC role label.
215,Abyssea - Attohwa,17658361,???,,not_applicable,,,Unnamed placeholder or door; no NPC role label.
215,Abyssea - Attohwa,17658362,???,,not_applicable,,,Unnamed placeholder or door; no NPC role label.
215,Abyssea - Attohwa,17658363,???,,not_applicable,,,Unnamed placeholder or door; no NPC role label.
215,Abyssea - Attohwa,17658364,???,,not_applicable,,,Unnamed placeholder or door; no NPC role label.
215,Abyssea - Attohwa,17658365,???,,not_applicable,,,Unnamed placeholder or door; no NPC role label.
215,Abyssea - Attohwa,17658366,???,,not_applicable,,,Unnamed placeholder or door; no NPC role label.
215,Abyssea - Attohwa,17658367,???,,not_applicable,,,Unnamed placeholder or door; no NPC role label.
215,Abyssea - Attohwa,17658368,???,,not_applicable,,,Unnamed placeholder or door; no NPC role label.
215,Abyssea - Attohwa,17658369,???,,not_applicable,,,Unnamed placeholder or door; no NPC role label.
215,Abyssea - Attohwa,17658370,???,,not_applicable,,,Unnamed placeholder or door; no NPC role label.
215,Abyssea - Attohwa,17658371,???,,not_applicable,,,Unnamed placeholder or door; no NPC role label.
215,Abyssea - Attohwa,17658372,???,,not_applicable,,,Unnamed placeholder or door; no NPC role label.
215,Abyssea - Attohwa,17658373,???,,not_applicable,,,Unnamed placeholder or door; no NPC role label.
215,Abyssea - Attohwa,17658374,???,,not_applicable,,,Unnamed placeholder or door; no NPC role label.
215,Abyssea - Attohwa,17658375,???,,not_applicable,,,Unnamed placeholder or door; no NPC role label.
215,Abyssea - Attohwa,17658383,Conflux Surveyor,,pending,,,
215,Abyssea - Attohwa,17658384,Cruor Prospector,,pending,,,
215,Abyssea - Attohwa,17658385,Atma Infusionist,,pending,,,
215,Abyssea - Attohwa,17658386,Atma Fabricant,,pending,,,
215,Abyssea - Attohwa,17658389,NPC[215],,pending,,,
215,Abyssea - Attohwa,17658390,NPC[216],,pending,,,
215,Abyssea - Attohwa,17658471,Veridical Conflux #01,,pending,,,
215,Abyssea - Attohwa,17658472,Veridical Conflux #02,,pending,,,
215,Abyssea - Attohwa,17658473,Veridical Conflux #03,,pending,,,
215,Abyssea - Attohwa,17658474,Veridical Conflux #04,,pending,,,
215,Abyssea - Attohwa,17658475,Veridical Conflux #05,,pending,,,
215,Abyssea - Attohwa,17658476,Veridical Conflux #06,,pending,,,
215,Abyssea - Attohwa,17658477,Veridical Conflux #07,,pending,,,
215,Abyssea - Attohwa,17658478,Veridical Conflux #08,,pending,,,
215,Abyssea - Attohwa,17658479,AT-01 Martello,,pending,,,
215,Abyssea - Attohwa,17658480,AT-02 Martello,,pending,,,
215,Abyssea - Attohwa,17658481,AT-03 Martello,,pending,,,
215,Abyssea - Attohwa,17658482,AT-04 Martello,,pending,,,
215,Abyssea - Attohwa,17658483,AT-05 Martello,,pending,,,
215,Abyssea - Attohwa,17658484,AT-06 Martello,,pending,,,
215,Abyssea - Attohwa,17658485,AT-07 Martello,,pending,,,
215,Abyssea - Attohwa,17658486,AT-08 Martello,,pending,,,
215,Abyssea - Attohwa,17658487,Bastion Prefect,,pending,,,
215,Abyssea - Attohwa,17658489,Resistance Sergeant,,pending,,,
215,Abyssea - Attohwa,17658490,Veridical Conflux #00,,pending,,,
215,Abyssea - Attohwa,17658499,Fore Trap,,pending,,,
215,Abyssea - Attohwa,17658500,Fore Trap,,pending,,,
215,Abyssea - Attohwa,17658501,Fore Trap,,pending,,,
215,Abyssea - Attohwa,17658502,Rear Trap,,pending,,,
215,Abyssea - Attohwa,17658503,Rear Trap,,pending,,,
215,Abyssea - Attohwa,17658504,Rear Trap,,pending,,,
215,Abyssea - Attohwa,17658507,Cavernous Maw,,pending,,,
215,Abyssea - Attohwa,17658539,Gasponia,,pending,,,
215,Abyssea - Attohwa,17658540,Gasponia,,pending,,,
215,Abyssea - Attohwa,17658541,Gasponia,,pending,,,
215,Abyssea - Attohwa,17658542,Gasponia,,pending,,,
215,Abyssea - Attohwa,17658543,Gasponia,,pending,,,
215,Abyssea - Attohwa,17658544,Gasponia,,pending,,,
215,Abyssea - Attohwa,17658545,Gasponia,,pending,,,
215,Abyssea - Attohwa,17658546,Gasponia,,pending,,,
215,Abyssea - Attohwa,17658547,Gasponia,,pending,,,
215,Abyssea - Attohwa,17658548,Gasponia,,pending,,,
215,Abyssea - Attohwa,17658549,Gasponia,,pending,,,
215,Abyssea - Attohwa,17658550,Gasponia,,pending,,,
215,Abyssea - Attohwa,17658551,Gasponia,,pending,,,
215,Abyssea - Attohwa,17658552,Gasponia,,pending,,,
215,Abyssea - Attohwa,17658553,Gasponia,,pending,,,
215,Abyssea - Attohwa,17658554,Gasponia,,pending,,,
215,Abyssea - Attohwa,17658555,Gasponia,,pending,,,
215,Abyssea - Attohwa,17658556,Gasponia,,pending,,,
215,Abyssea - Attohwa,17658557,Gasponia,,pending,,,
215,Abyssea - Attohwa,17658558,Gasponia,,pending,,,
215,Abyssea - Attohwa,17658559,Gasponia,,pending,,,
215,Abyssea - Attohwa,17658560,Gasponia,,pending,,,
215,Abyssea - Attohwa,17658561,Gasponia,,pending,,,
215,Abyssea - Attohwa,17658562,Gasponia,,pending,,,
215,Abyssea - Attohwa,17658563,Gasponia,,pending,,,
215,Abyssea - Attohwa,17658564,Gasponia,,pending,,,
215,Abyssea - Attohwa,17658565,Gasponia,,pending,,,
215,Abyssea - Attohwa,17658566,Gasponia,,pending,,,
215,Abyssea - Attohwa,17658567,Gasponia,,pending,,,
215,Abyssea - Attohwa,17658568,Gasponia,,pending,,,
215,Abyssea - Attohwa,17658592,Chapi Galepilai,,pending,,,
215,Abyssea - Attohwa,17658593,Morlepiche,,pending,,,
215,Abyssea - Attohwa,17658594,Supply Point,,pending,,,
215,Abyssea - Attohwa,17658595,Supply Point,,pending,,,
215,Abyssea - Attohwa,17658596,Supply Point,,pending,,,
215,Abyssea - Attohwa,17658597,Colti,,pending,,,
215,Abyssea - Attohwa,17658598,Resistance Fighter,,pending,,,
215,Abyssea - Attohwa,17658599,Resistance Fighter,,pending,,,
215,Abyssea - Attohwa,17658600,Resistance Fighter,,pending,,,
215,Abyssea - Attohwa,17658601,Resistance Fighter,,pending,,,
215,Abyssea - Attohwa,17658602,Resistance Fighter,,pending,,,
215,Abyssea - Attohwa,17658603,Brutus,,pending,,,
215,Abyssea - Attohwa,17658604,Chocobo Spoor,,pending,,,
215,Abyssea - Attohwa,17658605,Chocobo Spoor,,pending,,,
215,Abyssea - Attohwa,17658606,Chocobo Spoor,,pending,,,
215,Abyssea - Attohwa,17658613,Ponono,,pending,,,
215,Abyssea - Attohwa,17658614,Garnev,,pending,,,
215,Abyssea - Attohwa,17658615,Yoran-Oran,,pending,,,
215,Abyssea - Attohwa,17658616,Jakaka,,pending,,,
215,Abyssea - Attohwa,17658618,Harith,,pending,,,
215,Abyssea - Attohwa,17658619,Naruru,,pending,,,
215,Abyssea - Attohwa,17658621,Cargo Crate,,pending,,,
215,Abyssea - Attohwa,17658622,Mendi,,pending,,,
215,Abyssea - Attohwa,17658623,High Wind,,pending,,,
215,Abyssea - Attohwa,17658624,Navisse,,pending,,,
215,Abyssea - Attohwa,17658625,Mojuro-Nojuro,,pending,,,
215,Abyssea - Attohwa,17658626,Gottah Maporushanoh,,pending,,,
215,Abyssea - Attohwa,17658627,Soni-Muni,,pending,,,
215,Abyssea - Attohwa,17658628,Leepe-Hoppe,,pending,,,
215,Abyssea - Attohwa,17658629,Monberaux,,pending,,,
215,Abyssea - Attohwa,17658630,Alrauverat,,pending,,,
215,Abyssea - Attohwa,17658631,Red Ghost,,pending,,,
215,Abyssea - Attohwa,17658632,Gurdern,,pending,,,
215,Abyssea - Attohwa,17658633,Chocobo,,pending,,,
215,Abyssea - Attohwa,17658634,Chocobo,,pending,,,
215,Abyssea - Attohwa,17658635,Tsugumi,,pending,,,
215,Abyssea - Attohwa,17658636,Akta,,pending,,,
215,Abyssea - Attohwa,17658637,NPC[30d],,pending,,,
215,Abyssea - Attohwa,17658638,NPC[30e],,pending,,,
215,Abyssea - Attohwa,17658639,NPC[30f],,pending,,,
215,Abyssea - Attohwa,17658640,Rainhard,,pending,,,
215,Abyssea - Attohwa,17658641,Gabriele,,pending,,,
215,Abyssea - Attohwa,17658643,Chocobo Tamer,,pending,,,
215,Abyssea - Attohwa,17658647,Repair Trunk,,pending,,,
215,Abyssea - Attohwa,17658648,Repair Trunk,,pending,,,
215,Abyssea - Attohwa,17658649,Excavation Point,,pending,,,
215,Abyssea - Attohwa,17658650,Excavation Point,,pending,,,
215,Abyssea - Attohwa,17658651,Excavation Point,,pending,,,
215,Abyssea - Attohwa,17658652,Excavation Point,,pending,,,
215,Abyssea - Attohwa,17658653,Excavation Point,,pending,,,
215,Abyssea - Attohwa,17658654,Excavation Point,,pending,,,
215,Abyssea - Attohwa,17658655,Machine Outfitter,,pending,,,
215,Abyssea - Attohwa,17658656,Resistance Sapper,,pending,,,
215,Abyssea - Attohwa,17658657,Repair Trunk,,pending,,,
215,Abyssea - Attohwa,17658658,Repair Trunk,,pending,,,
215,Abyssea - Attohwa,17658659,010d731f,,pending,,,
215,Abyssea - Attohwa,17658660,010d7320,,pending,,,
216,Abyssea - Misareaux,17662556,???,,not_applicable,,,Unnamed placeholder or door; no NPC role label.
216,Abyssea - Misareaux,17662557,???,,not_applicable,,,Unnamed placeholder or door; no NPC role label.
216,Abyssea - Misareaux,17662558,???,,not_applicable,,,Unnamed placeholder or door; no NPC role label.
216,Abyssea - Misareaux,17662559,???,,not_applicable,,,Unnamed placeholder or door; no NPC role label.
216,Abyssea - Misareaux,17662560,???,,not_applicable,,,Unnamed placeholder or door; no NPC role label.
216,Abyssea - Misareaux,17662561,???,,not_applicable,,,Unnamed placeholder or door; no NPC role label.
216,Abyssea - Misareaux,17662562,???,,not_applicable,,,Unnamed placeholder or door; no NPC role label.
216,Abyssea - Misareaux,17662563,???,,not_applicable,,,Unnamed placeholder or door; no NPC role label.
216,Abyssea - Misareaux,17662564,???,,not_applicable,,,Unnamed placeholder or door; no NPC role label.
216,Abyssea - Misareaux,17662565,???,,not_applicable,,,Unnamed placeholder or door; no NPC role label.
216,Abyssea - Misareaux,17662566,???,,not_applicable,,,Unnamed placeholder or door; no NPC role label.
216,Abyssea - Misareaux,17662567,???,,not_applicable,,,Unnamed placeholder or door; no NPC role label.
216,Abyssea - Misareaux,17662568,???,,not_applicable,,,Unnamed placeholder or door; no NPC role label.
216,Abyssea - Misareaux,17662569,???,,not_applicable,,,Unnamed placeholder or door; no NPC role label.
216,Abyssea - Misareaux,17662570,???,,not_applicable,,,Unnamed placeholder or door; no NPC role label.
216,Abyssea - Misareaux,17662571,???,,not_applicable,,,Unnamed placeholder or door; no NPC role label.
216,Abyssea - Misareaux,17662572,???,,not_applicable,,,Unnamed placeholder or door; no NPC role label.
216,Abyssea - Misareaux,17662573,???,,not_applicable,,,Unnamed placeholder or door; no NPC role label.
216,Abyssea - Misareaux,17662574,???,,not_applicable,,,Unnamed placeholder or door; no NPC role label.
216,Abyssea - Misareaux,17662575,???,,not_applicable,,,Unnamed placeholder or door; no NPC role label.
216,Abyssea - Misareaux,17662576,???,,not_applicable,,,Unnamed placeholder or door; no NPC role label.
216,Abyssea - Misareaux,17662577,???,,not_applicable,,,Unnamed placeholder or door; no NPC role label.
216,Abyssea - Misareaux,17662578,???,,not_applicable,,,Unnamed placeholder or door; no NPC role label.
216,Abyssea - Misareaux,17662579,???,,not_applicable,,,Unnamed placeholder or door; no NPC role label.
216,Abyssea - Misareaux,17662588,Conflux Surveyor,,pending,,,
216,Abyssea - Misareaux,17662589,Cruor Prospector,,pending,,,
216,Abyssea - Misareaux,17662590,Atma Infusionist,,pending,,,
216,Abyssea - Misareaux,17662591,Atma Fabricant,,pending,,,
216,Abyssea - Misareaux,17662594,NPC[282],,pending,,,
216,Abyssea - Misareaux,17662595,NPC[283],,pending,,,
216,Abyssea - Misareaux,17662676,Veridical Conflux #01,,pending,,,
216,Abyssea - Misareaux,17662677,Veridical Conflux #02,,pending,,,
216,Abyssea - Misareaux,17662678,Veridical Conflux #03,,pending,,,
216,Abyssea - Misareaux,17662679,Veridical Conflux #04,,pending,,,
216,Abyssea - Misareaux,17662680,Veridical Conflux #05,,pending,,,
216,Abyssea - Misareaux,17662681,Veridical Conflux #06,,pending,,,
216,Abyssea - Misareaux,17662682,Veridical Conflux #07,,pending,,,
216,Abyssea - Misareaux,17662683,Veridical Conflux #08,,pending,,,
216,Abyssea - Misareaux,17662684,MS-01 Martello,,pending,,,
216,Abyssea - Misareaux,17662685,MS-02 Martello,,pending,,,
216,Abyssea - Misareaux,17662686,MS-03 Martello,,pending,,,
216,Abyssea - Misareaux,17662687,MS-04 Martello,,pending,,,
216,Abyssea - Misareaux,17662688,MS-05 Martello,,pending,,,
216,Abyssea - Misareaux,17662689,MS-06 Martello,,pending,,,
216,Abyssea - Misareaux,17662690,MS-07 Martello,,pending,,,
216,Abyssea - Misareaux,17662691,MS-08 Martello,,pending,,,
216,Abyssea - Misareaux,17662692,Bastion Prefect,,pending,,,
216,Abyssea - Misareaux,17662694,Resistance Sergeant,,pending,,,
216,Abyssea - Misareaux,17662695,Veridical Conflux #00,,pending,,,
216,Abyssea - Misareaux,17662704,Fore Trap,,pending,,,
216,Abyssea - Misareaux,17662705,Fore Trap,,pending,,,
216,Abyssea - Misareaux,17662706,Fore Trap,,pending,,,
216,Abyssea - Misareaux,17662707,Rear Trap,,pending,,,
216,Abyssea - Misareaux,17662708,Rear Trap,,pending,,,
216,Abyssea - Misareaux,17662709,Rear Trap,,pending,,,
216,Abyssea - Misareaux,17662717,Logging Point,,pending,,,
216,Abyssea - Misareaux,17662718,Logging Point,,pending,,,
216,Abyssea - Misareaux,17662719,Logging Point,,pending,,,
216,Abyssea - Misareaux,17662720,Logging Point,,pending,,,
216,Abyssea - Misareaux,17662721,Logging Point,,pending,,,
216,Abyssea - Misareaux,17662722,Logging Point,,pending,,,
216,Abyssea - Misareaux,17662723,Cavernous Maw,,pending,,,
216,Abyssea - Misareaux,17662725,Iron Eater,,pending,,,
216,Abyssea - Misareaux,17662726,Fariel,,pending,,,
216,Abyssea - Misareaux,17662727,Mathurin,,pending,,,
216,Abyssea - Misareaux,17662728,Quasim,,pending,,,
216,Abyssea - Misareaux,17662729,Goraow,,pending,,,
216,Abyssea - Misareaux,17662730,Grassy Mound,,pending,,,
216,Abyssea - Misareaux,17662731,Veit,,pending,,,
216,Abyssea - Misareaux,17662732,Sieglinde,,pending,,,
216,Abyssea - Misareaux,17662733,Yurim,,pending,,,
216,Abyssea - Misareaux,17662734,Jonette,,pending,,,
216,Abyssea - Misareaux,17662735,???,,not_applicable,,,Unnamed placeholder or door; no NPC role label.
216,Abyssea - Misareaux,17662736,Yasuji,,pending,,,
216,Abyssea - Misareaux,17662737,Hungry Wolf,,pending,,,
216,Abyssea - Misareaux,17662738,???,,not_applicable,,,Unnamed placeholder or door; no NPC role label.
216,Abyssea - Misareaux,17662739,Dilapidated Gate,,pending,,,
216,Abyssea - Misareaux,17662740,Dilapidated Gate,,pending,,,
216,Abyssea - Misareaux,17662741,Dilapidated Gate,,pending,,,
216,Abyssea - Misareaux,17662742,Dilapidated Gate,,pending,,,
216,Abyssea - Misareaux,17662743,Lame Deer,,pending,,,
216,Abyssea - Misareaux,17662744,Ferghus,,pending,,,
216,Abyssea - Misareaux,17662745,Hans,,pending,,,
216,Abyssea - Misareaux,17662746,Kurando,,pending,,,
216,Abyssea - Misareaux,17662747,Big Harvest,,pending,,,
216,Abyssea - Misareaux,17662748,Masis,,pending,,,
216,Abyssea - Misareaux,17662749,Geuselibel,,pending,,,
216,Abyssea - Misareaux,17662750,Zadant,,pending,,,
216,Abyssea - Misareaux,17662751,Bibokk-Molbukk,,pending,,,
216,Abyssea - Misareaux,17662752,Guda,,pending,,,
216,Abyssea - Misareaux,17662753,Izabele,,pending,,,
216,Abyssea - Misareaux,17662754,Ondieulix,,pending,,,
216,Abyssea - Misareaux,17662755,Leporaitceau,,pending,,,
216,Abyssea - Misareaux,17662756,Mengrenaux,,pending,,,
216,Abyssea - Misareaux,17662757,Nicadio,,pending,,,
216,Abyssea - Misareaux,17662758,Amar,,pending,,,
216,Abyssea - Misareaux,17662759,Anguysh,,pending,,,
216,Abyssea - Misareaux,17662760,Tancredi,,pending,,,
216,Abyssea - Misareaux,17662761,010d8325,,pending,,,
216,Abyssea - Misareaux,17662762,010d8326,,pending,,,
216,Abyssea - Misareaux,17662763,010d8327,,pending,,,
216,Abyssea - Misareaux,17662764,010d8328,,pending,,,
216,Abyssea - Misareaux,17662765,Repair Trunk,,pending,,,
216,Abyssea - Misareaux,17662766,Repair Trunk,,pending,,,
216,Abyssea - Misareaux,17662767,Repair Trunk,,pending,,,
216,Abyssea - Misareaux,17662768,Repair Trunk,,pending,,,
216,Abyssea - Misareaux,17662769,Repair Trunk,,pending,,,
216,Abyssea - Misareaux,17662770,Repair Trunk,,pending,,,
216,Abyssea - Misareaux,17662771,Repair Trunk,,pending,,,
216,Abyssea - Misareaux,17662772,Repair Trunk,,pending,,,
216,Abyssea - Misareaux,17662773,Repair Trunk,,pending,,,
216,Abyssea - Misareaux,17662774,Repair Trunk,,pending,,,
216,Abyssea - Misareaux,17662777,Panta-Putta,,pending,,,
216,Abyssea - Misareaux,17662778,Machine Outfitter,,pending,,,
216,Abyssea - Misareaux,17662779,Resistance Sapper,,pending,,,
216,Abyssea - Misareaux,17662780,Repair Trunk,,pending,,,
216,Abyssea - Misareaux,17662781,Repair Trunk,,pending,,,
216,Abyssea - Misareaux,17662782,Chocobo Tamer,,pending,,,
216,Abyssea - Misareaux,17662786,Repair Trunk,,pending,,,
216,Abyssea - Misareaux,17662787,Repair Trunk,,pending,,,
217,Abyssea - Vunkerl,17666576,???,,not_applicable,,,Unnamed placeholder or door; no NPC role label.
217,Abyssea - Vunkerl,17666577,???,,not_applicable,,,Unnamed placeholder or door; no NPC role label.
217,Abyssea - Vunkerl,17666578,???,,not_applicable,,,Unnamed placeholder or door; no NPC role label.
217,Abyssea - Vunkerl,17666579,???,,not_applicable,,,Unnamed placeholder or door; no NPC role label.
217,Abyssea - Vunkerl,17666580,???,,not_applicable,,,Unnamed placeholder or door; no NPC role label.
217,Abyssea - Vunkerl,17666581,???,,not_applicable,,,Unnamed placeholder or door; no NPC role label.
217,Abyssea - Vunkerl,17666582,???,,not_applicable,,,Unnamed placeholder or door; no NPC role label.
217,Abyssea - Vunkerl,17666583,???,,not_applicable,,,Unnamed placeholder or door; no NPC role label.
217,Abyssea - Vunkerl,17666584,???,,not_applicable,,,Unnamed placeholder or door; no NPC role label.
217,Abyssea - Vunkerl,17666585,???,,not_applicable,,,Unnamed placeholder or door; no NPC role label.
217,Abyssea - Vunkerl,17666586,???,,not_applicable,,,Unnamed placeholder or door; no NPC role label.
217,Abyssea - Vunkerl,17666587,???,,not_applicable,,,Unnamed placeholder or door; no NPC role label.
217,Abyssea - Vunkerl,17666588,???,,not_applicable,,,Unnamed placeholder or door; no NPC role label.
217,Abyssea - Vunkerl,17666589,???,,not_applicable,,,Unnamed placeholder or door; no NPC role label.
217,Abyssea - Vunkerl,17666590,???,,not_applicable,,,Unnamed placeholder or door; no NPC role label.
217,Abyssea - Vunkerl,17666591,???,,not_applicable,,,Unnamed placeholder or door; no NPC role label.
217,Abyssea - Vunkerl,17666592,???,,not_applicable,,,Unnamed placeholder or door; no NPC role label.
217,Abyssea - Vunkerl,17666593,???,,not_applicable,,,Unnamed placeholder or door; no NPC role label.
217,Abyssea - Vunkerl,17666594,???,,not_applicable,,,Unnamed placeholder or door; no NPC role label.
217,Abyssea - Vunkerl,17666595,???,,not_applicable,,,Unnamed placeholder or door; no NPC role label.
217,Abyssea - Vunkerl,17666596,???,,not_applicable,,,Unnamed placeholder or door; no NPC role label.
217,Abyssea - Vunkerl,17666597,???,,not_applicable,,,Unnamed placeholder or door; no NPC role label.
217,Abyssea - Vunkerl,17666598,???,,not_applicable,,,Unnamed placeholder or door; no NPC role label.
217,Abyssea - Vunkerl,17666599,???,,not_applicable,,,Unnamed placeholder or door; no NPC role label.
217,Abyssea - Vunkerl,17666608,Conflux Surveyor,,pending,,,
217,Abyssea - Vunkerl,17666609,Cruor Prospector,,pending,,,
217,Abyssea - Vunkerl,17666610,Atma Infusionist,,pending,,,
217,Abyssea - Vunkerl,17666611,Atma Fabricant,,pending,,,
217,Abyssea - Vunkerl,17666614,NPC[236],,pending,,,
217,Abyssea - Vunkerl,17666615,NPC[237],,pending,,,
217,Abyssea - Vunkerl,17666696,Veridical Conflux #01,,pending,,,
217,Abyssea - Vunkerl,17666697,Veridical Conflux #02,,pending,,,
217,Abyssea - Vunkerl,17666698,Veridical Conflux #03,,pending,,,
217,Abyssea - Vunkerl,17666699,Veridical Conflux #04,,pending,,,
217,Abyssea - Vunkerl,17666700,Veridical Conflux #05,,pending,,,
217,Abyssea - Vunkerl,17666701,Veridical Conflux #06,,pending,,,
217,Abyssea - Vunkerl,17666702,Veridical Conflux #07,,pending,,,
217,Abyssea - Vunkerl,17666703,Veridical Conflux #08,,pending,,,
217,Abyssea - Vunkerl,17666704,VK-01 Martello,,pending,,,
217,Abyssea - Vunkerl,17666705,VK-02 Martello,,pending,,,
217,Abyssea - Vunkerl,17666706,VK-03 Martello,,pending,,,
217,Abyssea - Vunkerl,17666707,VK-04 Martello,,pending,,,
217,Abyssea - Vunkerl,17666708,VK-05 Martello,,pending,,,
217,Abyssea - Vunkerl,17666709,VK-06 Martello,,pending,,,
217,Abyssea - Vunkerl,17666710,VK-07 Martello,,pending,,,
217,Abyssea - Vunkerl,17666711,VK-08 Martello,,pending,,,
217,Abyssea - Vunkerl,17666712,Bastion Prefect,,pending,,,
217,Abyssea - Vunkerl,17666714,Resistance Sergeant,,pending,,,
217,Abyssea - Vunkerl,17666715,Veridical Conflux #00,,pending,,,
217,Abyssea - Vunkerl,17666724,Fore Trap,,pending,,,
217,Abyssea - Vunkerl,17666725,Fore Trap,,pending,,,
217,Abyssea - Vunkerl,17666726,Fore Trap,,pending,,,
217,Abyssea - Vunkerl,17666727,Rear Trap,,pending,,,
217,Abyssea - Vunkerl,17666728,Rear Trap,,pending,,,
217,Abyssea - Vunkerl,17666729,Rear Trap,,pending,,,
217,Abyssea - Vunkerl,17666736,Cavernous Maw,,pending,,,
217,Abyssea - Vunkerl,17666738,Rahal,,pending,,,
217,Abyssea - Vunkerl,17666739,Milchupain,,pending,,,
217,Abyssea - Vunkerl,17666740,High Bear,,pending,,,
217,Abyssea - Vunkerl,17666741,Raifa,,pending,,,
217,Abyssea - Vunkerl,17666742,Watergrass,,pending,,,
217,Abyssea - Vunkerl,17666743,Watergrass,,pending,,,
217,Abyssea - Vunkerl,17666744,Watergrass,,pending,,,
217,Abyssea - Vunkerl,17666746,Cheupirudaux,,pending,,,
217,Abyssea - Vunkerl,17666747,Derelict Bridge,,pending,,,
217,Abyssea - Vunkerl,17666748,Derelict Bridge,,pending,,,
217,Abyssea - Vunkerl,17666749,Derelict Bridge,,pending,,,
217,Abyssea - Vunkerl,17666750,Derelict Bridge,,pending,,,
217,Abyssea - Vunkerl,17666751,Ferdechiond,,pending,,,
217,Abyssea - Vunkerl,17666752,???,,not_applicable,,,Unnamed placeholder or door; no NPC role label.
217,Abyssea - Vunkerl,17666753,???,,not_applicable,,,Unnamed placeholder or door; no NPC role label.
217,Abyssea - Vunkerl,17666754,???,,not_applicable,,,Unnamed placeholder or door; no NPC role label.
217,Abyssea - Vunkerl,17666755,Aladoverre,,pending,,,
217,Abyssea - Vunkerl,17666756,???,,not_applicable,,,Unnamed placeholder or door; no NPC role label.
217,Abyssea - Vunkerl,17666757,???,,not_applicable,,,Unnamed placeholder or door; no NPC role label.
217,Abyssea - Vunkerl,17666758,???,,not_applicable,,,Unnamed placeholder or door; no NPC role label.
217,Abyssea - Vunkerl,17666759,???,,not_applicable,,,Unnamed placeholder or door; no NPC role label.
217,Abyssea - Vunkerl,17666760,???,,not_applicable,,,Unnamed placeholder or door; no NPC role label.
217,Abyssea - Vunkerl,17666761,Belgidiveau,,pending,,,
217,Abyssea - Vunkerl,17666762,Deraquien,,pending,,,
217,Abyssea - Vunkerl,17666763,Elmemague,,pending,,,
217,Abyssea - Vunkerl,17666765,Teigero-Bangero,,pending,,,
217,Abyssea - Vunkerl,17666766,Vavegallet,,pending,,,
217,Abyssea - Vunkerl,17666767,Gulemont,,pending,,,
217,Abyssea - Vunkerl,17666768,Solgierte,,pending,,,
217,Abyssea - Vunkerl,17666769,Liloune,,pending,,,
217,Abyssea - Vunkerl,17666770,Parcarin,,pending,,,
217,Abyssea - Vunkerl,17666771,Machine Outfitter,,pending,,,
217,Abyssea - Vunkerl,17666772,Resistance Sapper,,pending,,,
217,Abyssea - Vunkerl,17666773,Repair Trunk,,pending,,,
217,Abyssea - Vunkerl,17666774,Repair Trunk,,pending,,,
217,Abyssea - Vunkerl,17666775,Chocobo Tamer,,pending,,,
217,Abyssea - Vunkerl,17666779,Repair Trunk,,pending,,,
217,Abyssea - Vunkerl,17666780,Repair Trunk,,pending,,,
217,Abyssea - Vunkerl,17666783,blank,,not_applicable,,,Unnamed placeholder or door; no NPC role label.
217,Abyssea - Vunkerl,17666784,blank,,not_applicable,,,Unnamed placeholder or door; no NPC role label.
217,Abyssea - Vunkerl,17666785,blank,,not_applicable,,,Unnamed placeholder or door; no NPC role label.
217,Abyssea - Vunkerl,17666786,blank,,not_applicable,,,Unnamed placeholder or door; no NPC role label.
217,Abyssea - Vunkerl,17666787,blank,,not_applicable,,,Unnamed placeholder or door; no NPC role label.
217,Abyssea - Vunkerl,17666788,blank,,not_applicable,,,Unnamed placeholder or door; no NPC role label.
217,Abyssea - Vunkerl,17666789,blank,,not_applicable,,,Unnamed placeholder or door; no NPC role label.
217,Abyssea - Vunkerl,17666791,blank,,not_applicable,,,Unnamed placeholder or door; no NPC role label.
217,Abyssea - Vunkerl,17666793,blank,,not_applicable,,,Unnamed placeholder or door; no NPC role label.
217,Abyssea - Vunkerl,17666794,blank,,not_applicable,,,Unnamed placeholder or door; no NPC role label.
217,Abyssea - Vunkerl,17666795,blank,,not_applicable,,,Unnamed placeholder or door; no NPC role label.
217,Abyssea - Vunkerl,17666796,blank,,not_applicable,,,Unnamed placeholder or door; no NPC role label.
218,Abyssea - Altepa,17670591,???,,not_applicable,,,Unnamed placeholder or door; no NPC role label.
218,Abyssea - Altepa,17670592,???,,not_applicable,,,Unnamed placeholder or door; no NPC role label.
218,Abyssea - Altepa,17670593,???,,not_applicable,,,Unnamed placeholder or door; no NPC role label.
218,Abyssea - Altepa,17670594,???,,not_applicable,,,Unnamed placeholder or door; no NPC role label.
218,Abyssea - Altepa,17670595,???,,not_applicable,,,Unnamed placeholder or door; no NPC role label.
218,Abyssea - Altepa,17670596,???,,not_applicable,,,Unnamed placeholder or door; no NPC role label.
218,Abyssea - Altepa,17670597,???,,not_applicable,,,Unnamed placeholder or door; no NPC role label.
218,Abyssea - Altepa,17670598,???,,not_applicable,,,Unnamed placeholder or door; no NPC role label.
218,Abyssea - Altepa,17670599,???,,not_applicable,,,Unnamed placeholder or door; no NPC role label.
218,Abyssea - Altepa,17670600,???,,not_applicable,,,Unnamed placeholder or door; no NPC role label.
218,Abyssea - Altepa,17670601,???,,not_applicable,,,Unnamed placeholder or door; no NPC role label.
218,Abyssea - Altepa,17670602,???,,not_applicable,,,Unnamed placeholder or door; no NPC role label.
218,Abyssea - Altepa,17670603,???,,not_applicable,,,Unnamed placeholder or door; no NPC role label.
218,Abyssea - Altepa,17670604,???,,not_applicable,,,Unnamed placeholder or door; no NPC role label.
218,Abyssea - Altepa,17670605,???,,not_applicable,,,Unnamed placeholder or door; no NPC role label.
218,Abyssea - Altepa,17670606,???,,not_applicable,,,Unnamed placeholder or door; no NPC role label.
218,Abyssea - Altepa,17670607,???,,not_applicable,,,Unnamed placeholder or door; no NPC role label.
218,Abyssea - Altepa,17670608,???,,not_applicable,,,Unnamed placeholder or door; no NPC role label.
218,Abyssea - Altepa,17670609,???,,not_applicable,,,Unnamed placeholder or door; no NPC role label.
218,Abyssea - Altepa,17670610,???,,not_applicable,,,Unnamed placeholder or door; no NPC role label.
218,Abyssea - Altepa,17670611,???,,not_applicable,,,Unnamed placeholder or door; no NPC role label.
218,Abyssea - Altepa,17670612,???,,not_applicable,,,Unnamed placeholder or door; no NPC role label.
218,Abyssea - Altepa,17670620,Conflux Surveyor,,pending,,,
218,Abyssea - Altepa,17670621,Cruor Prospector,,pending,,,
218,Abyssea - Altepa,17670622,Atma Infusionist,,pending,,,
218,Abyssea - Altepa,17670623,Atma Fabricant,,pending,,,
218,Abyssea - Altepa,17670626,NPC[1e2],,pending,,,
218,Abyssea - Altepa,17670627,NPC[1e3],,pending,,,
218,Abyssea - Altepa,17670708,Veridical Conflux #01,,pending,,,
218,Abyssea - Altepa,17670709,Veridical Conflux #02,,pending,,,
218,Abyssea - Altepa,17670710,Veridical Conflux #03,,pending,,,
218,Abyssea - Altepa,17670711,Veridical Conflux #04,,pending,,,
218,Abyssea - Altepa,17670712,Veridical Conflux #05,,pending,,,
218,Abyssea - Altepa,17670713,Veridical Conflux #06,,pending,,,
218,Abyssea - Altepa,17670714,Veridical Conflux #07,,pending,,,
218,Abyssea - Altepa,17670715,Veridical Conflux #08,,pending,,,
218,Abyssea - Altepa,17670716,AL-01 Martello,,pending,,,
218,Abyssea - Altepa,17670717,AL-02 Martello,,pending,,,
218,Abyssea - Altepa,17670718,AL-03 Martello,,pending,,,
218,Abyssea - Altepa,17670719,AL-04 Martello,,pending,,,
218,Abyssea - Altepa,17670720,AL-05 Martello,,pending,,,
218,Abyssea - Altepa,17670721,AL-06 Martello,,pending,,,
218,Abyssea - Altepa,17670722,AL-07 Martello,,pending,,,
218,Abyssea - Altepa,17670723,AL-08 Martello,,pending,,,
218,Abyssea - Altepa,17670724,Dominion Tactician,,pending,,,
218,Abyssea - Altepa,17670727,Cavernous Maw,,pending,,,
218,Abyssea - Altepa,17670728,010da244,,pending,,,
218,Abyssea - Altepa,17670729,010da245,,pending,,,
218,Abyssea - Altepa,17670730,010da246,,pending,,,
218,Abyssea - Altepa,17670731,blank,,not_applicable,,,Unnamed placeholder or door; no NPC role label.
218,Abyssea - Altepa,17670732,010da248,,pending,,,
218,Abyssea - Altepa,17670733,010da249,,pending,,,
218,Abyssea - Altepa,17670734,blank,,not_applicable,,,Unnamed placeholder or door; no NPC role label.
218,Abyssea - Altepa,17670735,blank,,not_applicable,,,Unnamed placeholder or door; no NPC role label.
218,Abyssea - Altepa,17670736,010da24c,,pending,,,
218,Abyssea - Altepa,17670737,010da24d,,pending,,,
218,Abyssea - Altepa,17670738,010da24e,,pending,,,
218,Abyssea - Altepa,17670739,010da24f,,pending,,,
218,Abyssea - Altepa,17670740,blank,,not_applicable,,,Unnamed placeholder or door; no NPC role label.
218,Abyssea - Altepa,17670741,010da251,,pending,,,
218,Abyssea - Altepa,17670743,Moreno-Toeno,,pending,,,
218,Abyssea - Altepa,17670744,Nogelle,,pending,,,
218,Abyssea - Altepa,17670745,Alisa,,pending,,,
218,Abyssea - Altepa,17670746,Malene,,pending,,,
218,Abyssea - Altepa,17670747,???,,not_applicable,,,Unnamed placeholder or door; no NPC role label.
218,Abyssea - Altepa,17670750,Titus,,pending,,,
218,Abyssea - Altepa,17670751,Chumimi,,pending,,,
218,Abyssea - Altepa,17670752,Oiheaurese,,pending,,,
218,Abyssea - Altepa,17670753,Morjean,,pending,,,
218,Abyssea - Altepa,17670754,Yachemidot,,pending,,,
218,Abyssea - Altepa,17670755,Brygid,,pending,,,
218,Abyssea - Altepa,17670756,Chemioue,,pending,,,
218,Abyssea - Altepa,17670757,Tapoh Lihzeh,,pending,,,
218,Abyssea - Altepa,17670758,Biggorf,,pending,,,
218,Abyssea - Altepa,17670759,Ken,,pending,,,
218,Abyssea - Altepa,17670760,Lined Casket,,pending,,,
218,Abyssea - Altepa,17670761,Lined Casket,,pending,,,
218,Abyssea - Altepa,17670762,Excenmille,,pending,,,
218,Abyssea - Altepa,17670763,Volker,,pending,,,
218,Abyssea - Altepa,17670764,Nanaa Mihgo,,pending,,,
218,Abyssea - Altepa,17670765,Ajido-Marujido,,pending,,,
218,Abyssea - Altepa,17670766,Honoi-Gomoi,,pending,,,
218,Abyssea - Altepa,17670767,Sola Jaab,,pending,,,
218,Abyssea - Altepa,17670768,Taraihi-Perunhi,,pending,,,
218,Abyssea - Altepa,17670769,Maunadolace,,pending,,,
218,Abyssea - Altepa,17670770,Bonarpant,,pending,,,
218,Abyssea - Altepa,17670771,Rielle,,pending,,,
218,Abyssea - Altepa,17670772,Yuhito-Kubhito,,pending,,,
218,Abyssea - Altepa,17670773,Hildith,,pending,,,
218,Abyssea - Altepa,17670774,Justinius,,pending,,,
218,Abyssea - Altepa,17670775,Ronta-Onta,,pending,,,
218,Abyssea - Altepa,17670776,Mheca Khetashipah,,pending,,,
218,Abyssea - Altepa,17670778,Dominion Sergeant,,pending,,,
218,Abyssea - Altepa,17670779,Dominion Sergeant,,pending,,,
218,Abyssea - Altepa,17670780,Dominion Sergeant,,pending,,,
218,Abyssea - Altepa,17670781,Machine Outfitter,,pending,,,
220,Ship bound for Selbina,17678361,Bhagirath,,pending,,,
220,Ship bound for Selbina,17678362,Maera,,pending,,,
220,Ship bound for Selbina,17678363,Rajmonda,,pending,,,
220,Ship bound for Selbina,17678365,Map,,pending,,,
221,Ship bound for Mhaura,17682456,Sahn,,pending,,,
221,Ship bound for Mhaura,17682457,Chhaya,,pending,,,
221,Ship bound for Mhaura,17682458,Lokhong,,pending,,,
221,Ship bound for Mhaura,17682460,Map,,pending,,,
222,Provenance,17686586,Provenance Crystal,,pending,,,
222,Provenance,17686587,Provenance Protocrystal,,pending,,,
222,Provenance,17686588,Provenance Crystal,,pending,,,
222,Provenance,17686589,Provenance Crystal,,pending,,,
222,Provenance,17686594,Provenance Protocrystal,,pending,,,
222,Provenance,17686608,blank,,not_applicable,,,Unnamed placeholder or door; no NPC role label.
222,Provenance,17686614,blank,,not_applicable,,,Unnamed placeholder or door; no NPC role label.
222,Provenance,17686621,Goblin Footprint,,pending,,,
222,Provenance,17686638,Glimmering Trove,,pending,,,
222,Provenance,17686639,Glimmering Trove,,pending,,,
222,Provenance,17686640,Glimmering Trove,,pending,,,
222,Provenance,17686641,Glimmering Trove,,pending,,,
222,Provenance,17686642,Regal Pawprints,,pending,,,
222,Provenance,17686643,Planar Rift,,pending,,,
223,San d'Oria-Jeuno Airship,17690625,Nigel,,pending,,,
223,San d'Oria-Jeuno Airship,17690626,Ricaldo,,pending,,,
224,Bastok-Jeuno Airship,17694721,Dereck,,pending,,,
224,Bastok-Jeuno Airship,17694722,Michele,,pending,,,
225,Windurst-Jeuno Airship,17698817,Mauricio,,pending,,,
225,Windurst-Jeuno Airship,17698818,Gabriele,,pending,,,
226,Kazham-Jeuno Airship,17702914,Joosef,,pending,,,
226,Kazham-Jeuno Airship,17702915,Oslam,,pending,,,
227,Ship bound for Selbina,17707037,Bhagirath,,pending,,,
227,Ship bound for Selbina,17707038,Maera,,pending,,,
227,Ship bound for Selbina,17707039,Rajmonda,,pending,,,
227,Ship bound for Selbina,17707041,Map,,pending,,,
228,Ship bound for Mhaura,17711132,Sahn,,pending,,,
228,Ship bound for Mhaura,17711133,Chhaya,,pending,,,
228,Ship bound for Mhaura,17711134,Lokhong,,pending,,,
228,Ship bound for Mhaura,17711136,Map,,pending,,,
230,Southern San d'Oria,17719297,Ceraule,,pending,,,
230,Southern San d'Oria,17719298,Aubejart,,pending,,,
230,Southern San d'Oria,17719299,Ephauge,,pending,,,
230,Southern San d'Oria,17719300,Cahaurme,,pending,,,
230,Southern San d'Oria,17719301,Baunise,,pending,,,
230,Southern San d'Oria,17719302,Coderiant,,pending,,,
230,Southern San d'Oria,17719303,Machielle,,pending,,,
230,Southern San d'Oria,17719304,Corua,,pending,,,
230,Southern San d'Oria,17719305,Phamelise,,pending,,,
230,Southern San d'Oria,17719306,Apairemant,,pending,,,
230,Southern San d'Oria,17719307,Violitte,,pending,,,
230,Southern San d'Oria,17719308,Andecia,,pending,,,
230,Southern San d'Oria,17719309,Well,,pending,,,
230,Southern San d'Oria,17719310,Well,,pending,,,
230,Southern San d'Oria,17719311,Well,,pending,,,
230,Southern San d'Oria,17719312,Well,,pending,,,
230,Southern San d'Oria,17719313,Well,,pending,,,
230,Southern San d'Oria,17719314,Raimbroy,,pending,,,
230,Southern San d'Oria,17719316,Leuveret,,pending,,,
230,Southern San d'Oria,17719317,Benaige,,pending,,,
230,Southern San d'Oria,17719318,Aveline,,pending,,,
230,Southern San d'Oria,17719319,Lotte,,pending,,,
230,Southern San d'Oria,17719320,Katharina,,pending,,,
230,Southern San d'Oria,17719321,Shilah,,pending,,,
230,Southern San d'Oria,17719322,Sobane,,pending,,,
230,Southern San d'Oria,17719323,Fulchia,,pending,,,
230,Southern San d'Oria,17719324,Nenne,,pending,,,
230,Southern San d'Oria,17719326,Raminel,,pending,,,
230,Southern San d'Oria,17719327,Amaura,,pending,,,
230,Southern San d'Oria,17719328,Glenne,,pending,,,
230,Southern San d'Oria,17719329,Luthiaque,,pending,,,
230,Southern San d'Oria,17719330,Deraquien,,pending,,,
230,Southern San d'Oria,17719331,Phillone,,pending,,,
230,Southern San d'Oria,17719337,Ferdoulemiont,,pending,,,
230,Southern San d'Oria,17719338,Chocobo,,pending,,,
230,Southern San d'Oria,17719339,Chocobo,,pending,,,
230,Southern San d'Oria,17719340,Chocobo,,pending,,,
230,Southern San d'Oria,17719343,Camereine,,pending,,,
230,Southern San d'Oria,17719344,Emoussine,,pending,,,
230,Southern San d'Oria,17719345,Meuneille,,pending,,,
230,Southern San d'Oria,17719346,Chocobo,,pending,,,
230,Southern San d'Oria,17719347,Chocobo,,pending,,,
230,Southern San d'Oria,17719348,Chocobo,,pending,,,
230,Southern San d'Oria,17719349,Taumila,,pending,,,
230,Southern San d'Oria,17719350,Lusiane,,pending,,,
230,Southern San d'Oria,17719351,Ostalie,,pending,,,
230,Southern San d'Oria,17719352,Capucine,,pending,,,
230,Southern San d'Oria,17719353,Helbort,,pending,,,
230,Southern San d'Oria,17719354,Ashene,,pending,,,
230,Southern San d'Oria,17719355,Thadiene,,pending,,,
230,Southern San d'Oria,17719356,Exoroche,,pending,,,
230,Southern San d'Oria,17719357,Authere,,pending,,,
230,Southern San d'Oria,17719358,Blendare,,pending,,,
230,Southern San d'Oria,17719359,Balasiel,,pending,,,
230,Southern San d'Oria,17719362,Chanpau,,pending,,,
230,Southern San d'Oria,17719372,Celyddon,,pending,,,
230,Southern San d'Oria,17719379,Faulpie,,pending,,,
230,Southern San d'Oria,17719380,Orechiniel,,pending,,,
230,Southern San d'Oria,17719381,Kipopo,,pending,,,
230,Southern San d'Oria,17719382,Tek Lengyon,,pending,,,
230,Southern San d'Oria,17719383,Cletae,,pending,,,
230,Southern San d'Oria,17719384,Kueh Igunahmori,,pending,,,
230,Southern San d'Oria,17719385,Hanaa Punaa,,pending,,,
230,Southern San d'Oria,17719386,Rosel,,pending,,,
230,Southern San d'Oria,17719387,Miogique,,pending,,,
230,Southern San d'Oria,17719388,Carautia,,pending,,,
230,Southern San d'Oria,17719389,Victoire,,pending,,,
230,Southern San d'Oria,17719391,Hinaree,,pending,,,
230,Southern San d'Oria,17719392,Varchet,,pending,,,
230,Southern San d'Oria,17719393,Endracion,,pending,,,
230,Southern San d'Oria,17719394,Ambrotien,,pending,,,
230,Southern San d'Oria,17719395,Malecharisant,,pending,,,
230,Southern San d'Oria,17719396,Anxaberoute,,pending,,,
230,Southern San d'Oria,17719397,"Aravoge, T.K.",,pending,,,
230,Southern San d'Oria,17719398,"Arpevion, T.K.",,pending,,,
230,Southern San d'Oria,17719408,Lanqueron,,pending,,,
230,Southern San d'Oria,17719409,Arpetion,,pending,,,
230,Southern San d'Oria,17719410,Vaquelage,,pending,,,
230,Southern San d'Oria,17719411,Auction Counter,,pending,,,
230,Southern San d'Oria,17719412,Auction Counter,,pending,,,
230,Southern San d'Oria,17719413,Auction Counter,,pending,,,
230,Southern San d'Oria,17719414,Auction Counter,,pending,,,
230,Southern San d'Oria,17719415,Simmie,,pending,,,
230,Southern San d'Oria,17719419,Clainomille,,pending,,,
230,Southern San d'Oria,17719422,Ailevia,,pending,,,
230,Southern San d'Oria,17719429,Maleme,,pending,,,
230,Southern San d'Oria,17719430,Diary,,pending,,,
230,Southern San d'Oria,17719431,Home Point #1,,pending,,,
230,Southern San d'Oria,17719432,Home Point #2,,pending,,,
230,Southern San d'Oria,17719433,Home Point #3,,pending,,,
230,Southern San d'Oria,17719434,Home Point #4,,pending,,,
230,Southern San d'Oria,17719436,Hae Jakhya,,pending,,,
230,Southern San d'Oria,17719486,Adaunel,,pending,,,
230,Southern San d'Oria,17719487,Guilboire,,pending,,,
230,Southern San d'Oria,17719488,Paunelie,,pending,,,
230,Southern San d'Oria,17719489,Maugie,,pending,,,
230,Southern San d'Oria,17719490,Foletta,,pending,,,
230,Southern San d'Oria,17719491,Femitte,,pending,,,
230,Southern San d'Oria,17719492,Rouva,,pending,,,
230,Southern San d'Oria,17719493,Pourette,,pending,,,
230,Southern San d'Oria,17719495,Parvipon,,pending,,,
230,Southern San d'Oria,17719496,Legata,,pending,,,
230,Southern San d'Oria,17719497,Paouala,,pending,,,
230,Southern San d'Oria,17719498,Moozo-Koozo,,pending,,,
230,Southern San d'Oria,17719499,Namonutice,,pending,,,
230,Southern San d'Oria,17719500,Sharzalion,,pending,,,
230,Southern San d'Oria,17719501,Valderotaux,,pending,,,
230,Southern San d'Oria,17719503,Daggao,,pending,,,
230,Southern San d'Oria,17719505,Vemalpeau,,pending,,,
230,Southern San d'Oria,17719506,???,,not_applicable,,,Unnamed placeholder or door; no NPC role label.
230,Southern San d'Oria,17719507,???,,not_applicable,,,Unnamed placeholder or door; no NPC role label.
230,Southern San d'Oria,17719508,???,,not_applicable,,,Unnamed placeholder or door; no NPC role label.
230,Southern San d'Oria,17719517,Ullasa,,pending,,,
230,Southern San d'Oria,17719518,Najjar,,pending,,,
230,Southern San d'Oria,17719532,Norejaie,,pending,,,
230,Southern San d'Oria,17719536,Trail Markings,,pending,,,
230,Southern San d'Oria,17719548,Alivatand,,pending,,,
230,Southern San d'Oria,17719549,Gizel,,pending,,,
230,Southern San d'Oria,17719552,Ophelia,,pending,,,
230,Southern San d'Oria,17719564,Poudoruchant,,pending,,,
230,Southern San d'Oria,17719569,Amutiyaal,,pending,,,
230,Southern San d'Oria,17719570,Hantileon,,pending,,,
230,Southern San d'Oria,17719599,Arvilauge,,pending,,,
230,Southern San d'Oria,17719601,Fonteloube,,pending,,,
230,Southern San d'Oria,17719603,Collione,,pending,,,
230,Southern San d'Oria,17719604,blank,,not_applicable,,,Unnamed placeholder or door; no NPC role label.
230,Southern San d'Oria,17719605,Rumoie,,pending,,,
230,Southern San d'Oria,17719606,Palabelle,,pending,,,
230,Southern San d'Oria,17719608,Game Table,,pending,,,
230,Southern San d'Oria,17719609,Gate: Chocobo Circuit,,pending,,,
230,Southern San d'Oria,17719610,Atelloune,,pending,,,
230,Southern San d'Oria,17719611,Esmallegue,,pending,,,
230,Southern San d'Oria,17719617,???,,not_applicable,,,Unnamed placeholder or door; no NPC role label.
230,Southern San d'Oria,17719618,Alaune,,pending,,,
230,Southern San d'Oria,17719625,Melledanne,,pending,,,
230,Southern San d'Oria,17719626,Synergy Engineer,,pending,,,
230,Southern San d'Oria,17719627,Synergy Engineer,,pending,,,
230,Southern San d'Oria,17719628,Synergy Furnace,,pending,,,
230,Southern San d'Oria,17719629,Synergy Furnace,,pending,,,
230,Southern San d'Oria,17719630,Synergy Furnace,,pending,,,
230,Southern San d'Oria,17719631,Synergy Furnace,,pending,,,
230,Southern San d'Oria,17719632,Synergy Enthusiast,,pending,,,
230,Southern San d'Oria,17719633,Artisan Moogle,,pending,,,
230,Southern San d'Oria,17719634,Atmacite Refiner,,pending,,,
230,Southern San d'Oria,17719635,Voidwatch Officer,,pending,,,
230,Southern San d'Oria,17719636,Voidwatch Purveyor,,pending,,,
230,Southern San d'Oria,17719637,Voidwatch Purveyor,,pending,,,
230,Southern San d'Oria,17719638,Rolandienne,,pending,,,
230,Southern San d'Oria,17719640,A.M.A.N. Reclaimer,,pending,,,
230,Southern San d'Oria,17719641,Mystrix,,pending,,,
230,Southern San d'Oria,17719642,Treasure Coffer,,pending,,,
230,Southern San d'Oria,17719643,Urbiolaine,,pending,,,
230,Southern San d'Oria,17719837,Mandragora Assistant,,pending,,,
230,Southern San d'Oria,17719838,blank,,not_applicable,,,Unnamed placeholder or door; no NPC role label.
230,Southern San d'Oria,17719985,Gondebaud,,pending,,,
230,Southern San d'Oria,17719986,Mystic Retriever,,pending,,,
230,Southern San d'Oria,17720012,Ephemeral Moogle,,pending,,,
230,Southern San d'Oria,17720013,Wolden-Bolden,,pending,,,
230,Southern San d'Oria,17720014,Enigmatic Footprints #1,,pending,,,
230,Southern San d'Oria,17720015,Enigmatic Footprints #2,,pending,,,
230,Southern San d'Oria,17720017,A.M.A.N. Validator,,pending,,,
230,Southern San d'Oria,17720018,A.M.A.N. Liaison,,pending,,,
230,Southern San d'Oria,17720019,Repairer Moogle,,pending,,,
230,Southern San d'Oria,17720020,blank,,not_applicable,,,Unnamed placeholder or door; no NPC role label.
230,Southern San d'Oria,17720021,Tales' Beginning,,pending,,,
231,Northern San d'Oria,17723393,Nonterene,,pending,,,
231,Northern San d'Oria,17723397,Guilerme,,pending,,,
231,Northern San d'Oria,17723398,Bacherume,,pending,,,
231,Northern San d'Oria,17723399,Phaviane,,pending,,,
231,Northern San d'Oria,17723400,Sochiene,,pending,,,
231,Northern San d'Oria,17723401,Ailbeche,,pending,,,
231,Northern San d'Oria,17723403,Elesca,,pending,,,
231,Northern San d'Oria,17723404,Miageau,,pending,,,
231,Northern San d'Oria,17723405,Nouveil,,pending,,,
231,Northern San d'Oria,17723406,Arnau,,pending,,,
231,Northern San d'Oria,17723409,Abioleget,,pending,,,
231,Northern San d'Oria,17723410,Fittesegat,,pending,,,
231,Northern San d'Oria,17723411,Prerivon,,pending,,,
231,Northern San d'Oria,17723412,Maurine,,pending,,,
231,Northern San d'Oria,17723413,Malfine,,pending,,,
231,Northern San d'Oria,17723414,Pellimie,,pending,,,
231,Northern San d'Oria,17723415,Coullene,,pending,,,
231,Northern San d'Oria,17723416,Chasalvige,,pending,,,
231,Northern San d'Oria,17723417,Halaviabeau,,pending,,,
231,Northern San d'Oria,17723418,Olbergieut,,pending,,,
231,Northern San d'Oria,17723419,Morjean,,pending,,,
231,Northern San d'Oria,17723424,Pagisalis,,pending,,,
231,Northern San d'Oria,17723425,Daveille,,pending,,,
231,Northern San d'Oria,17723426,Grilau,,pending,,,
231,Northern San d'Oria,17723427,Cheupirudaux,,pending,,,
231,Northern San d'Oria,17723428,Ulycille,,pending,,,
231,Northern San d'Oria,17723429,Amarefice,,pending,,,
231,Northern San d'Oria,17723430,Ramua,,pending,,,
231,Northern San d'Oria,17723431,Cauzeriste,,pending,,,
231,Northern San d'Oria,17723432,Chaupire,,pending,,,
231,Northern San d'Oria,17723433,Aurege,,pending,,,
231,Northern San d'Oria,17723434,Guilberdrier,,pending,,,
231,Northern San d'Oria,17723435,Mevreauche,,pending,,,
231,Northern San d'Oria,17723436,Greubaque,,pending,,,
231,Northern San d'Oria,17723437,Pinok-Morok,,pending,,,
231,Northern San d'Oria,17723438,Beadurinc,,pending,,,
231,Northern San d'Oria,17723439,Doggomehr,,pending,,,
231,Northern San d'Oria,17723440,Lucretia,,pending,,,
231,Northern San d'Oria,17723442,Miaux,,pending,,,
231,Northern San d'Oria,17723446,Arlenne,,pending,,,
231,Northern San d'Oria,17723447,Tavourine,,pending,,,
231,Northern San d'Oria,17723448,Galahad,,pending,,,
231,Northern San d'Oria,17723449,Ishwar,,pending,,,
231,Northern San d'Oria,17723450,Arienh,,pending,,,
231,Northern San d'Oria,17723451,Emilia,,pending,,,
231,Northern San d'Oria,17723452,Helaku,,pending,,,
231,Northern San d'Oria,17723453,Shakir,,pending,,,
231,Northern San d'Oria,17723454,Baraka,,pending,,,
231,Northern San d'Oria,17723455,Danngogg,,pending,,,
231,Northern San d'Oria,17723459,Kasaroro,,pending,,,
231,Northern San d'Oria,17723460,Pikiki,,pending,,,
231,Northern San d'Oria,17723461,Heruze-Moruze,,pending,,,
231,Northern San d'Oria,17723462,Pala Korin,,pending,,,
231,Northern San d'Oria,17723464,Abeaule,,pending,,,
231,Northern San d'Oria,17723465,Boncort,,pending,,,
231,Northern San d'Oria,17723467,Madaline,,pending,,,
231,Northern San d'Oria,17723468,Telmoda,,pending,,,
231,Northern San d'Oria,17723469,Pepigort,,pending,,,
231,Northern San d'Oria,17723470,Rodaillece,,pending,,,
231,Northern San d'Oria,17723471,"Achantere, T.K.",,pending,,,
231,Northern San d'Oria,17723472,Gilipese,,pending,,,
231,Northern San d'Oria,17723473,Maurinne,,pending,,,
231,Northern San d'Oria,17723474,Dapraugeant,,pending,,,
231,Northern San d'Oria,17723485,Justi,,pending,,,
231,Northern San d'Oria,17723486,Pirvidiauce,,pending,,,
231,Northern San d'Oria,17723487,Vichuel,,pending,,,
231,Northern San d'Oria,17723488,Aivedoir,,pending,,,
231,Northern San d'Oria,17723489,Capiria,,pending,,,
231,Northern San d'Oria,17723490,Bertenont,,pending,,,
231,Northern San d'Oria,17723491,Palguevion,,pending,,,
231,Northern San d'Oria,17723492,Antonian,,pending,,,
231,Northern San d'Oria,17723493,Eugballion,,pending,,,
231,Northern San d'Oria,17723494,Anilla,,pending,,,
231,Northern San d'Oria,17723495,Matildie,,pending,,,
231,Northern San d'Oria,17723496,Belgidiveau,,pending,,,
231,Northern San d'Oria,17723497,Attarena,,pending,,,
231,Northern San d'Oria,17723498,Millechuca,,pending,,,
231,Northern San d'Oria,17723499,Beriphaule,,pending,,,
231,Northern San d'Oria,17723502,Pulloie,,pending,,,
231,Northern San d'Oria,17723503,Kuu Mohzolhi,,pending,,,
231,Northern San d'Oria,17723504,Home Point #1,,pending,,,
231,Northern San d'Oria,17723505,Home Point #2,,pending,,,
231,Northern San d'Oria,17723506,Home Point #3,,pending,,,
231,Northern San d'Oria,17723507,Home Point #4,,pending,,,
231,Northern San d'Oria,17723509,Letterare,,pending,,,
231,Northern San d'Oria,17723510,Mevaloud,,pending,,,
231,Northern San d'Oria,17723511,Phairupegiont,,pending,,,
231,Northern San d'Oria,17723512,Anieuvansand,,pending,,,
231,Northern San d'Oria,17723513,Giaunne,,pending,,,
231,Northern San d'Oria,17723514,Narsaude,,pending,,,
231,Northern San d'Oria,17723515,Ronpaurege,,pending,,,
231,Northern San d'Oria,17723516,Esqualea,,pending,,,
231,Northern San d'Oria,17723517,Taurette,,pending,,,
231,Northern San d'Oria,17723518,Fantarviont,,pending,,,
231,Northern San d'Oria,17723519,Machella,,pending,,,
231,Northern San d'Oria,17723520,Vavegallet,,pending,,,
231,Northern San d'Oria,17723521,Icoua,,pending,,,
231,Northern San d'Oria,17723522,Shomo Pochachilo,,pending,,,
231,Northern San d'Oria,17723523,Morunaude,,pending,,,
231,Northern San d'Oria,17723524,Calovour,,pending,,,
231,Northern San d'Oria,17723525,Dauperiat,,pending,,,
231,Northern San d'Oria,17723526,Vamorcote,,pending,,,
231,Northern San d'Oria,17723527,Commojourt,,pending,,,
231,Northern San d'Oria,17723528,Lotine,,pending,,,
231,Northern San d'Oria,17723529,Mulaujeant,,pending,,,
231,Northern San d'Oria,17723550,Villion,,pending,,,
231,Northern San d'Oria,17723551,Maloquedil,,pending,,,
231,Northern San d'Oria,17723552,Secodiand,,pending,,,
231,Northern San d'Oria,17723553,Gaudylox,,pending,,,
231,Northern San d'Oria,17723554,"Yevgeny, I.M.",,pending,,,
231,Northern San d'Oria,17723555,"Chapal-Afal, W.W.",,pending,,,
231,Northern San d'Oria,17723566,Eperdur,,pending,,,
231,Northern San d'Oria,17723585,Narcheral,,pending,,,
231,Northern San d'Oria,17723587,Arachagnon,,pending,,,
231,Northern San d'Oria,17723591,Charlaimagnat,,pending,,,
231,Northern San d'Oria,17723592,Gulmama,,pending,,,
231,Northern San d'Oria,17723593,Castilchat,,pending,,,
231,Northern San d'Oria,17723597,Jeanvirgaud,,pending,,,
231,Northern San d'Oria,17723598,Pontaudarme,,pending,,,
231,Northern San d'Oria,17723601,Excenmille,,pending,,,
231,Northern San d'Oria,17723602,Alphollon C Meriard,,pending,,,
231,Northern San d'Oria,17723626,Rondipur,,pending,,,
231,Northern San d'Oria,17723627,Macuillie,,pending,,,
231,Northern San d'Oria,17723628,Andreas,,pending,,,
231,Northern San d'Oria,17723629,Emeige A.M.A.N.,,pending,,,
231,Northern San d'Oria,17723637,Pursuivant,,pending,,,
231,Northern San d'Oria,17723638,Wooden Shutter,,pending,,,
231,Northern San d'Oria,17723644,Jufaue,,pending,,,
231,Northern San d'Oria,17723650,Rendezvous Point,,pending,,,
231,Northern San d'Oria,17723655,Taulenne,,pending,,,
231,Northern San d'Oria,17723656,Game Table,,pending,,,
231,Northern San d'Oria,17723657,Durogg,,pending,,,
231,Northern San d'Oria,17723658,Hunt Registry,,pending,,,
231,Northern San d'Oria,17723659,Synergy Engineer,,pending,,,
231,Northern San d'Oria,17723660,Synergy Engineer,,pending,,,
231,Northern San d'Oria,17723661,Synergy Furnace,,pending,,,
231,Northern San d'Oria,17723662,Synergy Furnace,,pending,,,
231,Northern San d'Oria,17723663,Synergy Furnace,,pending,,,
231,Northern San d'Oria,17723664,Synergy Furnace,,pending,,,
231,Northern San d'Oria,17723665,Synergy Enthusiast,,pending,,,
231,Northern San d'Oria,17723669,Porter Moogle,,pending,,,
231,Northern San d'Oria,17723671,Voidwatch Purveyor,,pending,,,
231,Northern San d'Oria,17723714,Moogle,,pending,,,
231,Northern San d'Oria,17723817,Suspicious Elvaan,,pending,,,
231,Northern San d'Oria,17723818,Odyssean Passage,,pending,,,
231,Northern San d'Oria,17723819,Trisvain,,pending,,,
231,Northern San d'Oria,17723824,Survival Guide,,pending,,,
231,Northern San d'Oria,17723848,Ephemeral Moogle,,pending,,,
231,Northern San d'Oria,17723849,Ephemeral Moogle,,pending,,,
231,Northern San d'Oria,17723850,Luren,,pending,,,
231,Northern San d'Oria,17723851,Ore Guzzler,,pending,,,
231,Northern San d'Oria,17723852,A.M.A.N. Liaison,,pending,,,
231,Northern San d'Oria,17723853,Linkshell Concierge,,pending,,,
231,Northern San d'Oria,17723854,Chat Manual,,pending,,,
231,Northern San d'Oria,17723856,blank,,not_applicable,,,Unnamed placeholder or door; no NPC role label.
231,Northern San d'Oria,17723857,Tales' Beginning,,pending,,,
232,Port San d'Oria,17727492,Avandale,,pending,,,
232,Port San d'Oria,17727493,Callort,,pending,,,
232,Port San d'Oria,17727495,Miene,,pending,,,
232,Port San d'Oria,17727496,Altiret,,pending,,,
232,Port San d'Oria,17727498,Thierride,,pending,,,
232,Port San d'Oria,17727499,Gulemont,,pending,,,
232,Port San d'Oria,17727500,Ilgusin,,pending,,,
232,Port San d'Oria,17727501,Antreneau,,pending,,,
232,Port San d'Oria,17727502,Nogelle,,pending,,,
232,Port San d'Oria,17727503,Croumangue,,pending,,,
232,Port San d'Oria,17727504,Fontoumant,,pending,,,
232,Port San d'Oria,17727505,Portaure,,pending,,,
232,Port San d'Oria,17727507,Regine,,pending,,,
232,Port San d'Oria,17727508,Rugiette,,pending,,,
232,Port San d'Oria,17727510,Anton,,pending,,,
232,Port San d'Oria,17727511,Leonora,,pending,,,
232,Port San d'Oria,17727512,Anoki,,pending,,,
232,Port San d'Oria,17727513,Meta,,pending,,,
232,Port San d'Oria,17727514,Albinie,,pending,,,
232,Port San d'Oria,17727515,Apstaule,,pending,,,
232,Port San d'Oria,17727516,Comittie,,pending,,,
232,Port San d'Oria,17727517,Meinemelle,,pending,,,
232,Port San d'Oria,17727518,Gournaie,,pending,,,
232,Port San d'Oria,17727519,Auction Counter,,pending,,,
232,Port San d'Oria,17727520,Auction Counter,,pending,,,
232,Port San d'Oria,17727521,Auction Counter,,pending,,,
232,Port San d'Oria,17727522,Auction Counter,,pending,,,
232,Port San d'Oria,17727523,Coullave,,pending,,,
232,Port San d'Oria,17727524,Fiva,,pending,,,
232,Port San d'Oria,17727525,Milva,,pending,,,
232,Port San d'Oria,17727526,Vendavoq,,pending,,,
232,Port San d'Oria,17727527,Deguerendars,,pending,,,
232,Port San d'Oria,17727528,Nimia,,pending,,,
232,Port San d'Oria,17727529,Patolle,,pending,,,
232,Port San d'Oria,17727530,Bonmaurieut,,pending,,,
232,Port San d'Oria,17727531,Phersula,,pending,,,
232,Port San d'Oria,17727540,Laucimercen,,pending,,,
232,Port San d'Oria,17727541,Rielle,,pending,,,
232,Port San d'Oria,17727542,Coribalgeant,,pending,,,
232,Port San d'Oria,17727543,Noquerelle,,pending,,,
232,Port San d'Oria,17727544,Meuxtajean,,pending,,,
232,Port San d'Oria,17727545,Marquie,,pending,,,
232,Port San d'Oria,17727546,Crilde,,pending,,,
232,Port San d'Oria,17727547,Eaugouint,,pending,,,
232,Port San d'Oria,17727548,Liloune,,pending,,,
232,Port San d'Oria,17727549,Pomilla,,pending,,,
232,Port San d'Oria,17727550,Parcarin,,pending,,,
232,Port San d'Oria,17727551,Solgierte,,pending,,,
232,Port San d'Oria,17727552,Vounebariont,,pending,,,
232,Port San d'Oria,17727553,Bricorsant,,pending,,,
232,Port San d'Oria,17727554,Sheridan,,pending,,,
232,Port San d'Oria,17727555,Teilsa,,pending,,,
232,Port San d'Oria,17727556,Jaireto,,pending,,,
232,Port San d'Oria,17727557,Diraulate,,pending,,,
232,Port San d'Oria,17727558,Answald,,pending,,,
232,Port San d'Oria,17727559,Arminibit,,pending,,,
232,Port San d'Oria,17727560,Ceraulian,,pending,,,
232,Port San d'Oria,17727564,Artinien,,pending,,,
232,Port San d'Oria,17727565,Brifalien,,pending,,,
232,Port San d'Oria,17727566,Cherlodeau,,pending,,,
232,Port San d'Oria,17727567,Bellue,,pending,,,
232,Port San d'Oria,17727568,Bonarpant,,pending,,,
232,Port San d'Oria,17727569,Prietta,,pending,,,
232,Port San d'Oria,17727570,Auvare,,pending,,,
232,Port San d'Oria,17727571,Maunadolace,,pending,,,
232,Port San d'Oria,17727572,Chocobo,,pending,,,
232,Port San d'Oria,17727573,Ambleon,,pending,,,
232,Port San d'Oria,17727574,Home Point #1,,pending,,,
232,Port San d'Oria,17727575,Home Point #2,,pending,,,
232,Port San d'Oria,17727576,Home Point #3,,pending,,,
232,Port San d'Oria,17727596,Nazar,,pending,,,
232,Port San d'Oria,17727597,Louis,,pending,,,
232,Port San d'Oria,17727611,Gallijaux,,pending,,,
232,Port San d'Oria,17727612,Joulet,,pending,,,
232,Port San d'Oria,17727613,Ufanne,,pending,,,
232,Port San d'Oria,17727616,Dabbio,,pending,,,
232,Port San d'Oria,17727617,Eddy,,pending,,,
232,Port San d'Oria,17727620,Perdiouvilet,,pending,,,
232,Port San d'Oria,17727621,Raqtibahl,,pending,,,
232,Port San d'Oria,17727622,Festive Moogle,,pending,,,
232,Port San d'Oria,17727624,Bonanza Moogle,,pending,,,
232,Port San d'Oria,17727625,Dealer Moogle,,pending,,,
232,Port San d'Oria,17727626,Dealer Moogle,,pending,,,
232,Port San d'Oria,17727627,Synergy Engineer,,pending,,,
232,Port San d'Oria,17727628,Synergy Engineer,,pending,,,
232,Port San d'Oria,17727629,Synergy Furnace,,pending,,,
232,Port San d'Oria,17727630,Synergy Furnace,,pending,,,
232,Port San d'Oria,17727631,Synergy Furnace,,pending,,,
232,Port San d'Oria,17727632,Synergy Furnace,,pending,,,
232,Port San d'Oria,17727633,Synergy Enthusiast,,pending,,,
232,Port San d'Oria,17727634,Habitox,,pending,,,
232,Port San d'Oria,17727635,Treasure Coffer,,pending,,,
232,Port San d'Oria,17727653,Gilburt,,pending,,,
232,Port San d'Oria,17727654,Ivan,,pending,,,
232,Port San d'Oria,17727655,Greeter Moogle,,pending,,,
232,Port San d'Oria,17727656,Mog Dinghy,,pending,,,
232,Port San d'Oria,17727657,Skipper Moogle,,pending,,,
232,Port San d'Oria,17727683,Curio Vendor Moogle,,pending,,,
232,Port San d'Oria,17727684,A.M.A.N. Liaison,,pending,,,
232,Port San d'Oria,17727685,blank,,not_applicable,,,Unnamed placeholder or door; no NPC role label.
232,Port San d'Oria,17727686,Tales' Beginning,,pending,,,
232,Port San d'Oria,17727687,Ancestry Moogle,,pending,,,
233,Chateau d'Oraguille,17731587,Trion,,pending,,,
233,Chateau d'Oraguille,17731591,Halver,,pending,,,
233,Chateau d'Oraguille,17731592,Rahal,,pending,,,
233,Chateau d'Oraguille,17731594,Milchupain,,pending,,,
233,Chateau d'Oraguille,17731595,Aramaviont,,pending,,,
233,Chateau d'Oraguille,17731596,Curilla,,pending,,,
233,Chateau d'Oraguille,17731598,Chalvatot,,pending,,,
233,Chateau d'Oraguille,17731599,Tombstone,,pending,,,
233,Chateau d'Oraguille,17731600,Mistaravant,,pending,,,
233,Chateau d'Oraguille,17731601,Faurie,,pending,,,
233,Chateau d'Oraguille,17731602,Ferdechiond,,pending,,,
233,Chateau d'Oraguille,17731603,Chaphoire,,pending,,,
233,Chateau d'Oraguille,17731604,Arsha,,pending,,,
233,Chateau d'Oraguille,17731605,Chupaile,,pending,,,
233,Chateau d'Oraguille,17731606,Aladoverre,,pending,,,
233,Chateau d'Oraguille,17731607,Michilca,,pending,,,
233,Chateau d'Oraguille,17731608,Atoranne,,pending,,,
233,Chateau d'Oraguille,17731609,Cotelle,,pending,,,
233,Chateau d'Oraguille,17731610,Doumina,,pending,,,
233,Chateau d'Oraguille,17731611,Perfaumand,,pending,,,
233,Chateau d'Oraguille,17731612,Nachou,,pending,,,
233,Chateau d'Oraguille,17731613,blank,,not_applicable,,,Unnamed placeholder or door; no NPC role label.
233,Chateau d'Oraguille,17731617,blank,,not_applicable,,,Unnamed placeholder or door; no NPC role label.
233,Chateau d'Oraguille,17731618,blank,,not_applicable,,,Unnamed placeholder or door; no NPC role label.
233,Chateau d'Oraguille,17731619,blank,,not_applicable,,,Unnamed placeholder or door; no NPC role label.
233,Chateau d'Oraguille,17731620,blank,,not_applicable,,,Unnamed placeholder or door; no NPC role label.
233,Chateau d'Oraguille,17731621,blank,,not_applicable,,,Unnamed placeholder or door; no NPC role label.
233,Chateau d'Oraguille,17731622,blank,,not_applicable,,,Unnamed placeholder or door; no NPC role label.
233,Chateau d'Oraguille,17731623,blank,,not_applicable,,,Unnamed placeholder or door; no NPC role label.
233,Chateau d'Oraguille,17731668,Chaloutte,,pending,,,
233,Chateau d'Oraguille,17731673,Rembard,,pending,,,
233,Chateau d'Oraguille,17731674,Matrimonial Coffer,,pending,,,
233,Chateau d'Oraguille,17731675,Celebratory Chest,,pending,,,
233,Chateau d'Oraguille,17731706,Curator Moogle,,pending,,,
234,Bastok Mines,17735683,Deidogg,Quest Giver,verified,https://www.bg-wiki.com/ffxi/Bastok_Mines,2026-09-06,
234,Bastok Mines,17735684,Gumbah,Quest Giver,verified,https://www.bg-wiki.com/ffxi/Bastok_Mines,2026-09-06,
234,Bastok Mines,17735685,Echo Hawk,Quest Giver,verified,https://www.bg-wiki.com/ffxi/Bastok_Mines,2026-09-06,
234,Bastok Mines,17735686,Rashid,Mission Contact,verified,https://ffxiclopedia.fandom.com/wiki/Bastok_Mines,2026-09-06,
234,Bastok Mines,17735687,"Crying Wind, I.M.",Conquest & Signet,verified,https://ffxiclopedia.fandom.com/wiki/Bastok_Mines,2026-09-06,
234,Bastok Mines,17735688,Deadly Spider,Quest Giver,verified,https://ffxiclopedia.fandom.com/wiki/Bastok_Mines,2026-09-06,
234,Bastok Mines,17735689,Wyvern Tail,,pending,,,
234,Bastok Mines,17735690,Parraggoh,Quest Giver,verified,https://www.bg-wiki.com/ffxi/Bastok_Mines,2026-09-06,
234,Bastok Mines,17735691,Mydon,,pending,,,
234,Bastok Mines,17735692,Drangord,,pending,,,
234,Bastok Mines,17735693,Gerbaum,Quest Giver,verified,https://www.bg-wiki.com/ffxi/Bastok_Mines,2026-09-06,
234,Bastok Mines,17735694,Nangst,,pending,,,
234,Bastok Mines,17735695,Medicine Eagle,Mission Contact,verified,https://ffxiclopedia.fandom.com/wiki/Bastok_Mines,2026-09-06,
234,Bastok Mines,17735696,Dry Bone,,pending,,,
234,Bastok Mines,17735697,Gray Wolf,,pending,,,
234,Bastok Mines,17735698,Amar,,pending,,,
234,Bastok Mines,17735699,Wahid,Quest Giver,verified,https://www.bg-wiki.com/ffxi/Bastok_Mines,2026-09-06,
234,Bastok Mines,17735700,Roh Latteh,Quest Giver,verified,https://www.bg-wiki.com/ffxi/Bastok_Mines,2026-09-06,
234,Bastok Mines,17735702,Detzo,Quest Giver,verified,https://www.bg-wiki.com/ffxi/Bastok_Mines,2026-09-06,
234,Bastok Mines,17735703,Elki,Quest Giver,verified,https://www.bg-wiki.com/ffxi/Bastok_Mines,2026-09-06,
234,Bastok Mines,17735704,Auction Counter,,pending,,,
234,Bastok Mines,17735705,Auction Counter,,pending,,,
234,Bastok Mines,17735706,Auction Counter,,pending,,,
234,Bastok Mines,17735707,Auction Counter,,pending,,,
234,Bastok Mines,17735708,Auction Counter,,pending,,,
234,Bastok Mines,17735709,Valeri,Quest Giver,verified,https://www.bg-wiki.com/ffxi/Bastok_Mines,2026-09-06,
234,Bastok Mines,17735710,Abd-al-Raziq,Alchemy Guildmaster,verified,https://www.bg-wiki.com/ffxi/Alchemy,2026-09-06,
234,Bastok Mines,17735711,Azima,Advanced Alchemy Support,verified,https://www.bg-wiki.com/ffxi/Alchemy,2026-09-06,
234,Bastok Mines,17735712,Titus,Alchemy Support,verified,https://www.bg-wiki.com/ffxi/Alchemy,2026-09-06,
234,Bastok Mines,17735713,Sieglinde,Alchemy Support,verified,https://www.bg-wiki.com/ffxi/Alchemy,2026-09-06,
234,Bastok Mines,17735714,Maymunah,Alchemy Supplies,verified,https://www.bg-wiki.com/ffxi/Alchemy,2026-09-06,
234,Bastok Mines,17735715,Odoba,Alchemy Supplies,verified,https://www.bg-wiki.com/ffxi/Alchemy,2026-09-06,
234,Bastok Mines,17735716,Gawful,Delivery Service,verified,https://www.bg-wiki.com/ffxi/Bastok_Mines,2026-09-06,
234,Bastok Mines,17735717,Sodragamm,Delivery Service,verified,https://www.bg-wiki.com/ffxi/Bastok_Mines,2026-09-06,
234,Bastok Mines,17735718,Babenn,Quest Giver,verified,https://www.bg-wiki.com/ffxi/Bastok_Mines,2026-09-06,
234,Bastok Mines,17735720,Davyad,Mission Contact,verified,https://ffxiclopedia.fandom.com/wiki/Bastok_Mines,2026-09-06,
234,Bastok Mines,17735721,Tall Mountain,Quest Giver,verified,https://www.bg-wiki.com/ffxi/Bastok_Mines,2026-09-06,
234,Bastok Mines,17735722,Deegis,Merchant,verified,https://www.bg-wiki.com/ffxi/Bastok_Mines,2026-09-06,
234,Bastok Mines,17735723,Zemedars,Merchant,verified,https://www.bg-wiki.com/ffxi/Bastok_Mines,2026-09-06,
234,Bastok Mines,17735724,Boytz,Merchant,verified,https://www.bg-wiki.com/ffxi/Bastok_Mines,2026-09-06,
234,Bastok Mines,17735725,Gelzerio,Merchant,verified,https://www.bg-wiki.com/ffxi/Bastok_Mines,2026-09-06,
234,Bastok Mines,17735726,Griselda,Merchant,verified,https://www.bg-wiki.com/ffxi/Bastok_Mines,2026-09-06,
234,Bastok Mines,17735727,Chocobo,,pending,,,
234,Bastok Mines,17735728,Chocobo,,pending,,,
234,Bastok Mines,17735729,Chocobo,,pending,,,
234,Bastok Mines,17735730,Azette,Chocobo Rental,verified,https://www.bg-wiki.com/ffxi/Bastok_Mines,2026-09-06,
234,Bastok Mines,17735731,Eulaphe,Chocobo Rental,verified,https://www.bg-wiki.com/ffxi/Bastok_Mines,2026-09-06,
234,Bastok Mines,17735732,Quelle,Chocobo Rental,verified,https://www.bg-wiki.com/ffxi/Bastok_Mines,2026-09-06,
234,Bastok Mines,17735733,Neigepance,Merchant,verified,https://www.bg-wiki.com/ffxi/Bastok_Mines,2026-09-06,
234,Bastok Mines,17735734,Leonie,Mog House Reception,verified,https://ffxiclopedia.fandom.com/wiki/Bastok_Mines,2026-09-06,
234,Bastok Mines,17735735,Pavvke,Quest Giver,verified,https://www.bg-wiki.com/ffxi/Bastok_Mines,2026-09-06,
234,Bastok Mines,17735736,Ranpi-Pappi,,pending,,,
234,Bastok Mines,17735738,Mariadok,Weather Forecast,verified,https://www.bg-wiki.com/ffxi/Bastok_Mines,2026-09-06,
234,Bastok Mines,17735739,Black Mud,Quest Giver,verified,https://www.bg-wiki.com/ffxi/Bastok_Mines,2026-09-06,
234,Bastok Mines,17735740,Goraow,Quest Giver,verified,https://www.bg-wiki.com/ffxi/Bastok_Mines,2026-09-06,
234,Bastok Mines,17735742,Faustin,Regional Merchant,verified,https://www.bg-wiki.com/ffxi/Bastok_Mines,2026-09-06,
234,Bastok Mines,17735743,Rodellieux,Regional Merchant,verified,https://www.bg-wiki.com/ffxi/Bastok_Mines,2026-09-06,
234,Bastok Mines,17735744,Mille,Regional Merchant,verified,https://www.bg-wiki.com/ffxi/Bastok_Mines,2026-09-06,
234,Bastok Mines,17735745,Tibelda,Regional Merchant,verified,https://www.bg-wiki.com/ffxi/Bastok_Mines,2026-09-06,
234,Bastok Mines,17735746,Galdeo,Regional Merchant,verified,https://www.bg-wiki.com/ffxi/Bastok_Mines,2026-09-06,
234,Bastok Mines,17735747,Aulavia,Regional Merchant,verified,https://www.bg-wiki.com/ffxi/Bastok_Mines,2026-09-06,
234,Bastok Mines,17735748,Home Point #1,Home Point & Teleportation,verified,https://www.bg-wiki.com/ffxi/Home_Point,2026-09-06,
234,Bastok Mines,17735749,Home Point #2,Home Point & Teleportation,verified,https://www.bg-wiki.com/ffxi/Home_Point,2026-09-06,
234,Bastok Mines,17735750,Home Point #3,Home Point & Teleportation,verified,https://www.bg-wiki.com/ffxi/Home_Point,2026-09-06,
234,Bastok Mines,17735753,Arva,Quest & Tutorial Guide,verified,https://www.bg-wiki.com/ffxi/Category%3AQuest_Guide_NPCs,2026-09-06,
234,Bastok Mines,17735754,Tami,Quest Giver,verified,https://www.bg-wiki.com/ffxi/Bastok_Mines,2026-09-06,
234,Bastok Mines,17735755,Vaghron,,pending,,,
234,Bastok Mines,17735769,Hound Nose,Auction House Manager,verified,https://ffxiclopedia.fandom.com/wiki/Bastok_Mines,2026-09-06,
234,Bastok Mines,17735786,Virnage,Quest Giver,verified,https://www.bg-wiki.com/ffxi/Bastok_Mines,2026-09-06,
234,Bastok Mines,17735787,Phara,Quest Giver,verified,https://www.bg-wiki.com/ffxi/Bastok_Mines,2026-09-06,
234,Bastok Mines,17735794,Gorvik,,pending,,,
234,Bastok Mines,17735795,Proud Beard,Hume & Galka Starter Armor,verified,https://ffxiclopedia.fandom.com/wiki/Bastok_Mines,2026-09-06,
234,Bastok Mines,17735798,Trail Markings,Dynamis Entrance,verified,https://www.bg-wiki.com/ffxi/Dynamis_-_Bastok,2026-09-06,
234,Bastok Mines,17735810,Hemewmew,Alchemy Guild Points,verified,https://www.bg-wiki.com/ffxi/Alchemy,2026-09-06,
234,Bastok Mines,17735813,Wobke,Quest Giver,verified,https://www.bg-wiki.com/ffxi/Bastok_Mines,2026-09-06,
234,Bastok Mines,17735818,Emaliveulaux,Regional Merchant,verified,https://www.bg-wiki.com/ffxi/Bastok_Mines,2026-09-06,
234,Bastok Mines,17735821,Gregory,ENM Battlefields,verified,https://www.bg-wiki.com/ffxi/Bastok_Mines,2026-09-06,
234,Bastok Mines,17735824,Zopago,Chocobo Raising,verified,https://ffxiclopedia.fandom.com/wiki/Bastok_Mines,2026-09-06,
234,Bastok Mines,17735846,Gonija,,pending,,,
234,Bastok Mines,17735847,Door:House,,not_applicable,,,Unnamed placeholder or door; no NPC role label.
234,Bastok Mines,17735850,Gerahja,,pending,,,
234,Bastok Mines,17735852,Keturah,,pending,,,
234,Bastok Mines,17735853,blank,,not_applicable,,,Unnamed placeholder or door; no NPC role label.
234,Bastok Mines,17735854,Gavoroi,,pending,,,
234,Bastok Mines,17735858,Gate: Chocobo Circuit,,pending,,,
234,Bastok Mines,17735859,Conrad,Outpost Teleportation,verified,https://ffxiclopedia.fandom.com/wiki/Bastok_Mines,2026-09-06,
234,Bastok Mines,17735860,Hunt Registry,,pending,,,
234,Bastok Mines,17735861,Selliste,Portable Synergy Furnace,verified,https://www.bg-wiki.com/ffxi/Category%3ABastok_Quests,2026-09-06,
234,Bastok Mines,17735862,Synergy Furnace,,pending,,,
234,Bastok Mines,17735863,Synergy Furnace,,pending,,,
234,Bastok Mines,17735864,Synergy Engineer,,pending,,,
234,Bastok Mines,17735865,Synergy Engineer,,pending,,,
234,Bastok Mines,17735866,Synergy Furnace,,pending,,,
234,Bastok Mines,17735867,Synergy Furnace,,pending,,,
234,Bastok Mines,17735868,Synergy Furnace,,pending,,,
234,Bastok Mines,17735869,Synergy Furnace,,pending,,,
234,Bastok Mines,17735870,Synergy Enthusiast,,pending,,,
234,Bastok Mines,17735871,Voidwatch Purveyor,,pending,,,
234,Bastok Mines,17735872,Bountibox,,pending,,,
234,Bastok Mines,17735873,Treasure Coffer,,pending,,,
234,Bastok Mines,17735951,Mandragora Assistant,,pending,,,
234,Bastok Mines,17735952,blank,,not_applicable,,,Unnamed placeholder or door; no NPC role label.
234,Bastok Mines,17736037,Survival Guide,Teleportation,verified,https://www.bg-wiki.com/ffxi/Survival_Guide,2026-09-06,
234,Bastok Mines,17736061,Ephemeral Moogle,Crystal Storage,verified,https://www.bg-wiki.com/ffxi/Ephemeral_Moogle,2026-09-06,
234,Bastok Mines,17736062,Yek Falimeygo,Alchemy Crafter Points,verified,https://www.bg-wiki.com/ffxi/Alchemy,2026-09-06,
234,Bastok Mines,17736063,Enigmatic Footprints #1,,pending,,,
234,Bastok Mines,17736064,Enigmatic Footprints #2,,pending,,,
234,Bastok Mines,17736069,A.M.A.N. Liaison,,pending,,,
234,Bastok Mines,17736070,Linkshell Concierge,Linkshell Recruitment,verified,https://www.bg-wiki.com/ffxi/Linkshell_Concierge,2026-09-06,
234,Bastok Mines,17736071,Chat Manual,,pending,,,
234,Bastok Mines,17736072,blank,,not_applicable,,,Unnamed placeholder or door; no NPC role label.
234,Bastok Mines,17736073,Tales' Beginning,,pending,,,
235,Bastok Markets,17739778,Horatius,Quest Giver,verified,https://www.bg-wiki.com/ffxi/Bastok_Markets,2026-09-06,
235,Bastok Markets,17739779,Samia,,pending,,,
235,Bastok Markets,17739780,Malene,Quest Giver,verified,https://www.bg-wiki.com/ffxi/Bastok_Markets,2026-09-06,
235,Bastok Markets,17739781,Gwill,Quest Giver,verified,https://www.bg-wiki.com/ffxi/Bastok_Markets,2026-09-06,
235,Bastok Markets,17739782,Arawn,Quest Giver,verified,https://www.bg-wiki.com/ffxi/Bastok_Markets,2026-09-06,
235,Bastok Markets,17739783,Emrys,,pending,,,
235,Bastok Markets,17739784,Aquillina,Quest Giver,verified,https://www.bg-wiki.com/ffxi/Bastok_Markets,2026-09-06,
235,Bastok Markets,17739785,Domhnall,,pending,,,
235,Bastok Markets,17739788,Teerth,Goldsmithing Supplies,verified,https://www.bg-wiki.com/ffxi/Goldsmithing,2026-09-06,
235,Bastok Markets,17739789,Visala,Goldsmithing Supplies,verified,https://www.bg-wiki.com/ffxi/Goldsmithing,2026-09-06,
235,Bastok Markets,17739790,Reinberta,Goldsmithing Guildmaster,verified,https://www.bg-wiki.com/ffxi/Goldsmithing,2026-09-06,
235,Bastok Markets,17739791,Fatimah,Advanced Goldsmithing Support,verified,https://www.bg-wiki.com/ffxi/Goldsmithing,2026-09-06,
235,Bastok Markets,17739792,Wulfnoth,Goldsmithing Support,verified,https://www.bg-wiki.com/ffxi/Goldsmithing,2026-09-06,
235,Bastok Markets,17739793,Ulrike,Goldsmithing Support,verified,https://www.bg-wiki.com/ffxi/Goldsmithing,2026-09-06,
235,Bastok Markets,17739794,Ardea,,pending,,,
235,Bastok Markets,17739795,Nudara,,pending,,,
235,Bastok Markets,17739796,Khonzon,,pending,,,
235,Bastok Markets,17739797,Belizieg,Delivery Service,verified,https://www.bg-wiki.com/ffxi/Bastok_Markets,2026-09-06,
235,Bastok Markets,17739798,Zhikkom,,pending,,,
235,Bastok Markets,17739799,Ciqala,Weapon Merchant,verified,https://www.bg-wiki.com/ffxi/Bastok_Markets,2026-09-06,
235,Bastok Markets,17739800,Peritrage,,pending,,,
235,Bastok Markets,17739801,Brunhilde,Armor Merchant,verified,https://www.bg-wiki.com/ffxi/Bastok_Markets,2026-09-06,
235,Bastok Markets,17739802,Charging Chocobo,Armor Merchant,verified,https://www.bg-wiki.com/ffxi/Bastok_Markets,2026-09-06,
235,Bastok Markets,17739803,Balthilda,,pending,,,
235,Bastok Markets,17739804,Mjoll,,pending,,,
235,Bastok Markets,17739805,Olwyn,,pending,,,
235,Bastok Markets,17739806,Zaira,,pending,,,
235,Bastok Markets,17739807,Sororo,,pending,,,
235,Bastok Markets,17739808,Harmodios,,pending,,,
235,Bastok Markets,17739810,Carmelide,Item Merchant,verified,https://www.bg-wiki.com/ffxi/Bastok_Markets,2026-09-06,
235,Bastok Markets,17739811,Raghd,,pending,,,
235,Bastok Markets,17739812,Hortense,,pending,,,
235,Bastok Markets,17739813,Brygid,Fashion Quests,verified,https://www.bg-wiki.com/ffxi/Bastok_Markets,2026-09-06,
235,Bastok Markets,17739814,Tanguy,,pending,,,
235,Bastok Markets,17739815,Salimah,Quest Giver,verified,https://www.bg-wiki.com/ffxi/Bastok_Markets,2026-09-06,
235,Bastok Markets,17739816,Rothais,,pending,,,
235,Bastok Markets,17739817,Lavinia,,pending,,,
235,Bastok Markets,17739818,Offa,Quest Giver,verified,https://www.bg-wiki.com/ffxi/Category%3ABastok_Quests,2026-09-06,
235,Bastok Markets,17739819,Oggodett,,pending,,,
235,Bastok Markets,17739820,Michea,Quest Giver,verified,https://www.bg-wiki.com/ffxi/Bastok_Markets,2026-09-06,
235,Bastok Markets,17739821,Biggorf,Quest Contact,verified,https://www.bg-wiki.com/ffxi/Bastok_Markets,2026-09-06,
235,Bastok Markets,17739822,Somn-Paemn,,pending,,,
235,Bastok Markets,17739823,Yafafa,,pending,,,
235,Bastok Markets,17739824,Karine,,pending,,,
235,Bastok Markets,17739825,Svana,,pending,,,
235,Bastok Markets,17739826,Nbu Latteh,Quest Giver,verified,https://www.bg-wiki.com/ffxi/Bastok_Markets,2026-09-06,
235,Bastok Markets,17739827,Cleades,,pending,,,
235,Bastok Markets,17739828,"Rabid Wolf, I.M.",,pending,,,
235,Bastok Markets,17739829,Pavel,,pending,,,
235,Bastok Markets,17739830,Lame Deer,,pending,,,
235,Bastok Markets,17739831,Epione,,pending,,,
235,Bastok Markets,17739832,Alert Gaze,,pending,,,
235,Bastok Markets,17739833,Tancredi,,pending,,,
235,Bastok Markets,17739834,Loulia,,pending,,,
235,Bastok Markets,17739835,Hildith,,pending,,,
235,Bastok Markets,17739836,Reet,Quest & Tutorial Guide,verified,https://www.bg-wiki.com/ffxi/Category%3AQuest_Guide_NPCs,2026-09-06,
235,Bastok Markets,17739837,Red Canyon,,pending,,,
235,Bastok Markets,17739838,Big Harvest,,pending,,,
235,Bastok Markets,17739839,Anguysh,,pending,,,
235,Bastok Markets,17739840,Parnika,,pending,,,
235,Bastok Markets,17739841,Zon-Fobun,Quest Giver,verified,https://www.bg-wiki.com/ffxi/Bastok_Markets,2026-09-06,
235,Bastok Markets,17739842,Degenhard,Dangruf Wadi Map Quest,verified,https://www.bg-wiki.com/ffxi/Bastok_Markets,2026-09-06,
235,Bastok Markets,17739843,Foss,Quest Giver,verified,https://www.bg-wiki.com/ffxi/Bastok_Markets,2026-09-06,
235,Bastok Markets,17739844,Julio,,pending,,,
235,Bastok Markets,17739860,Home Point #1,Home Point & Teleportation,verified,https://www.bg-wiki.com/ffxi/Home_Point,2026-09-06,
235,Bastok Markets,17739861,Home Point #2,Home Point & Teleportation,verified,https://www.bg-wiki.com/ffxi/Home_Point,2026-09-06,
235,Bastok Markets,17739862,Home Point #3,Home Point & Teleportation,verified,https://www.bg-wiki.com/ffxi/Home_Point,2026-09-06,
235,Bastok Markets,17739863,Home Point #4,Home Point & Teleportation,verified,https://www.bg-wiki.com/ffxi/Home_Point,2026-09-06,
235,Bastok Markets,17739865,Auction Counter,,pending,,,
235,Bastok Markets,17739866,Auction Counter,,pending,,,
235,Bastok Markets,17739867,Auction Counter,,pending,,,
235,Bastok Markets,17739868,Auction Counter,,pending,,,
235,Bastok Markets,17739869,Auction Counter,,pending,,,
235,Bastok Markets,17739870,Rock Jaw,,pending,,,
235,Bastok Markets,17739872,Lamepaue,,pending,,,
235,Bastok Markets,17739889,Zacc,Quest Giver,verified,https://www.bg-wiki.com/ffxi/Bastok_Markets,2026-09-06,
235,Bastok Markets,17739890,Enu,,pending,,,
235,Bastok Markets,17739892,Marin,Quest Giver,verified,https://www.bg-wiki.com/ffxi/Bastok_Markets,2026-09-06,
235,Bastok Markets,17739893,Ken,,pending,,,
235,Bastok Markets,17739917,Ellard,Goldsmithing Guild Points,verified,https://www.bg-wiki.com/ffxi/Goldsmithing,2026-09-06,
235,Bastok Markets,17739920,Sinon,,pending,,,
235,Bastok Markets,17739922,Umberto,,pending,,,
235,Bastok Markets,17739925,Angelica,,pending,,,
235,Bastok Markets,17739926,Shamarhaan,Puppetmaster Unlock & Training,verified,https://www.bg-wiki.com/ffxi/Bastok_Markets,2026-09-06,
235,Bastok Markets,17739927,Valkeng,,pending,,,
235,Bastok Markets,17739933,Angry Bull,,pending,,,
235,Bastok Markets,17739938,Matthias,,pending,,,
235,Bastok Markets,17739939,Gulldago,,pending,,,
235,Bastok Markets,17739940,Synergy Engineer,,pending,,,
235,Bastok Markets,17739941,Synergy Engineer,,pending,,,
235,Bastok Markets,17739942,Synergy Furnace,,pending,,,
235,Bastok Markets,17739943,Synergy Furnace,,pending,,,
235,Bastok Markets,17739944,Synergy Furnace,,pending,,,
235,Bastok Markets,17739945,Synergy Furnace,,pending,,,
235,Bastok Markets,17739946,Synergy Enthusiast,,pending,,,
235,Bastok Markets,17739947,Artisan Moogle,,pending,,,
235,Bastok Markets,17739948,Porter Moogle,Equipment Storage,verified,https://www.bg-wiki.com/ffxi/Porter_Moogle,2026-09-06,
235,Bastok Markets,17739950,Atmacite Refiner,,pending,,,
235,Bastok Markets,17739951,Voidwatch Officer,,pending,,,
235,Bastok Markets,17739952,Voidwatch Purveyor,,pending,,,
235,Bastok Markets,17739953,Isakoth,Records of Eminence / Sparks,verified,https://www.bg-wiki.com/ffxi/Isakoth,2026-09-06,
235,Bastok Markets,17739955,A.M.A.N. Reclaimer,Equipment Reclamation,verified,https://www.bg-wiki.com/ffxi/Bastok_Markets,2026-09-06,
235,Bastok Markets,17739956,Specilox,,pending,,,
235,Bastok Markets,17739957,Treasure Coffer,,pending,,,
235,Bastok Markets,17739958,Igsli,Unity Concord,verified,https://www.bg-wiki.com/ffxi/Category%3AUnity_NPCs,2026-09-06,
235,Bastok Markets,17740209,Ephemeral Moogle,Crystal Storage,verified,https://www.bg-wiki.com/ffxi/Ephemeral_Moogle,2026-09-06,
235,Bastok Markets,17740210,Puyutete,Goldsmithing Crafter Points,verified,https://www.bg-wiki.com/ffxi/Goldsmithing,2026-09-06,
235,Bastok Markets,17740211,A.M.A.N. Validator,Monthly Objective Rewards,verified,https://www.bg-wiki.com/ffxi/Bastok_Markets,2026-09-06,
235,Bastok Markets,17740214,A.M.A.N. Liaison,,pending,,,
235,Bastok Markets,17740215,Repairer Moogle,,pending,,,
235,Bastok Markets,17740216,blank,,not_applicable,,,Unnamed placeholder or door; no NPC role label.
235,Bastok Markets,17740217,Tales' Beginning,,pending,,,
236,Port Bastok,17743873,Argus,Mission Contact,verified,https://ffxiclopedia.fandom.com/wiki/Port_Bastok,2026-09-06,
236,Port Bastok,17743875,Nicadio,,pending,,,
236,Port Bastok,17743877,"Flying Axe, I.M.",,pending,,,
236,Port Bastok,17743878,Tiger Tooth,,pending,,,
236,Port Bastok,17743879,Kagetora,Quest Contact,verified,https://ffxiclopedia.fandom.com/wiki/Port_Bastok,2026-09-06,
236,Port Bastok,17743880,Talib,Quest Giver,verified,https://ffxiclopedia.fandom.com/wiki/Port_Bastok,2026-09-06,
236,Port Bastok,17743881,Paujean,Quest Giver,verified,https://ffxiclopedia.fandom.com/wiki/Port_Bastok,2026-09-06,
236,Port Bastok,17743882,Jabbar,Tenshodo Merchant,verified,https://ffxiclopedia.fandom.com/wiki/Port_Bastok,2026-09-06,
236,Port Bastok,17743883,Silver Owl,Tenshodo Merchant,verified,https://ffxiclopedia.fandom.com/wiki/Port_Bastok,2026-09-06,
236,Port Bastok,17743884,Carmelo,Quest Giver,verified,https://www.bg-wiki.com/ffxi/Port_Bastok,2026-09-06,
236,Port Bastok,17743885,Otto,,pending,,,
236,Port Bastok,17743886,Powhatan,Quest Giver,verified,https://ffxiclopedia.fandom.com/wiki/Port_Bastok,2026-09-06,
236,Port Bastok,17743887,Sawyer,Merchant,verified,https://ffxiclopedia.fandom.com/wiki/Port_Bastok,2026-09-06,
236,Port Bastok,17743888,Melloa,Merchant,verified,https://ffxiclopedia.fandom.com/wiki/Port_Bastok,2026-09-06,
236,Port Bastok,17743889,Trilok,Quest Giver,verified,https://www.bg-wiki.com/ffxi/Port_Bastok,2026-09-06,
236,Port Bastok,17743890,Mustafa,,pending,,,
236,Port Bastok,17743891,Bartolomeo,Quest Contact,verified,https://ffxiclopedia.fandom.com/wiki/Port_Bastok,2026-09-06,
236,Port Bastok,17743892,Carey,,pending,,,
236,Port Bastok,17743893,Klaus,,pending,,,
236,Port Bastok,17743895,Bodaway,Airship Information,verified,https://ffxiclopedia.fandom.com/wiki/Port_Bastok,2026-09-06,
236,Port Bastok,17743896,Bruno,,pending,,,
236,Port Bastok,17743897,Latifah,Quest Contact,verified,https://ffxiclopedia.fandom.com/wiki/Port_Bastok,2026-09-06,
236,Port Bastok,17743898,Evelyn,,pending,,,
236,Port Bastok,17743899,Rex,Maps,verified,https://ffxiclopedia.fandom.com/wiki/Port_Bastok,2026-09-06,
236,Port Bastok,17743900,Ihsan,Adventurer Assistance,verified,https://ffxiclopedia.fandom.com/wiki/Port_Bastok,2026-09-06,
236,Port Bastok,17743901,Johanna,,pending,,,
236,Port Bastok,17743902,Agapito,Quest Giver,verified,https://ffxiclopedia.fandom.com/wiki/Port_Bastok,2026-09-06,
236,Port Bastok,17743903,Evi,,pending,,,
236,Port Bastok,17743904,Rafaela,,pending,,,
236,Port Bastok,17743905,Kurando,Quest Giver,verified,https://www.bg-wiki.com/ffxi/Port_Bastok,2026-09-06,
236,Port Bastok,17743906,Galvin,,pending,,,
236,Port Bastok,17743907,Numa,Merchant,verified,https://ffxiclopedia.fandom.com/wiki/Port_Bastok,2026-09-06,
236,Port Bastok,17743908,Belka,Regional Merchant,verified,https://ffxiclopedia.fandom.com/wiki/Port_Bastok,2026-09-06,
236,Port Bastok,17743909,Ensetsu,Ninja Unlock,verified,https://www.bg-wiki.com/ffxi/Port_Bastok,2026-09-06,
236,Port Bastok,17743910,Kaede,Quest Contact,verified,https://ffxiclopedia.fandom.com/wiki/Port_Bastok,2026-09-06,
236,Port Bastok,17743912,Steel Bones,Quest Contact,verified,https://ffxiclopedia.fandom.com/wiki/Port_Bastok,2026-09-06,
236,Port Bastok,17743914,Zeldaff,,pending,,,
236,Port Bastok,17743915,Gudav,Quest Giver,verified,https://www.bg-wiki.com/ffxi/Port_Bastok,2026-09-06,
236,Port Bastok,17743916,Qiji,Quest Giver,verified,https://www.bg-wiki.com/ffxi/Port_Bastok,2026-09-06,
236,Port Bastok,17743917,Romilda,Quest Giver,verified,https://ffxiclopedia.fandom.com/wiki/Port_Bastok,2026-09-06,
236,Port Bastok,17743918,Tete,Quest Contact,verified,https://ffxiclopedia.fandom.com/wiki/Port_Bastok,2026-09-06,
236,Port Bastok,17743919,Rin,,pending,,,
236,Port Bastok,17743920,Ronan,Quest Giver,verified,https://ffxiclopedia.fandom.com/wiki/Port_Bastok,2026-09-06,
236,Port Bastok,17743921,Corann,,pending,,,
236,Port Bastok,17743922,Lone Horn,,pending,,,
236,Port Bastok,17743923,Vattian,Regional Merchant,verified,https://ffxiclopedia.fandom.com/wiki/Port_Bastok,2026-09-06,
236,Port Bastok,17743924,Eburacon,,pending,,,
236,Port Bastok,17743925,Blayne,,pending,,,
236,Port Bastok,17743926,Mine Konte,Quest Contact,verified,https://ffxiclopedia.fandom.com/wiki/Port_Bastok,2026-09-06,
236,Port Bastok,17743927,Panana,Quest Contact,verified,https://ffxiclopedia.fandom.com/wiki/Port_Bastok,2026-09-06,
236,Port Bastok,17743928,Dehlner,,pending,,,
236,Port Bastok,17743929,Wurteh,Mog House Reception,verified,https://ffxiclopedia.fandom.com/wiki/Port_Bastok,2026-09-06,
236,Port Bastok,17743930,Benita,Quest Giver,verified,https://ffxiclopedia.fandom.com/wiki/Port_Bastok,2026-09-06,
236,Port Bastok,17743931,Mathurin,,pending,,,
236,Port Bastok,17743932,Tilian,Quest Contact,verified,https://ffxiclopedia.fandom.com/wiki/Port_Bastok,2026-09-06,
236,Port Bastok,17743933,Rosswald,Regional Merchant,verified,https://ffxiclopedia.fandom.com/wiki/Port_Bastok,2026-09-06,
236,Port Bastok,17743934,Kachada,World Passes,verified,https://ffxiclopedia.fandom.com/wiki/Port_Bastok,2026-09-06,
236,Port Bastok,17743935,Ehrhard,,pending,,,
236,Port Bastok,17743936,Hilda,Quest Giver,verified,https://ffxiclopedia.fandom.com/wiki/Port_Bastok,2026-09-06,
236,Port Bastok,17743937,Rajesh,,pending,,,
236,Port Bastok,17743938,Varden,,pending,,,
236,Port Bastok,17743939,Aishah,,pending,,,
236,Port Bastok,17743941,Fo Mocorho,,pending,,,
236,Port Bastok,17743942,Valah Molkot,Mog House Exit Quest,verified,https://www.bg-wiki.com/ffxi/Port_Bastok,2026-09-06,
236,Port Bastok,17743943,Dulsie,Quest & Tutorial Guide,verified,https://www.bg-wiki.com/ffxi/Category%3AQuest_Guide_NPCs,2026-09-06,
236,Port Bastok,17743944,Home Point #1,Home Point & Teleportation,verified,https://www.bg-wiki.com/ffxi/Home_Point,2026-09-06,
236,Port Bastok,17743945,Home Point #2,Home Point & Teleportation,verified,https://www.bg-wiki.com/ffxi/Home_Point,2026-09-06,
236,Port Bastok,17743946,Home Point #3,Home Point & Teleportation,verified,https://www.bg-wiki.com/ffxi/Home_Point,2026-09-06,
236,Port Bastok,17743966,Valeriano,Traveling Merchant,verified,https://ffxiclopedia.fandom.com/wiki/Port_Bastok,2026-09-06,
236,Port Bastok,17743967,Dahjal,,pending,,,
236,Port Bastok,17743968,Mokop-Sankop,,pending,,,
236,Port Bastok,17743969,Cheh Raihah,,pending,,,
236,Port Bastok,17743970,Nalta,,pending,,,
236,Port Bastok,17743974,Ilita,Linkshell Merchant,verified,https://ffxiclopedia.fandom.com/wiki/Port_Bastok,2026-09-06,
236,Port Bastok,17743975,Denvihr,,pending,,,
236,Port Bastok,17743976,Sugandhi,Merchant,verified,https://ffxiclopedia.fandom.com/wiki/Port_Bastok,2026-09-06,
236,Port Bastok,17743977,Yazan,Quest Giver,verified,https://www.bg-wiki.com/ffxi/Port_Bastok,2026-09-06,
236,Port Bastok,17743994,Styi Palneh,Title Changes,verified,https://ffxiclopedia.fandom.com/wiki/Port_Bastok,2026-09-06,
236,Port Bastok,17743995,Flaco,,pending,,,
236,Port Bastok,17743997,Oggbi,Quest Giver,verified,https://ffxiclopedia.fandom.com/wiki/Port_Bastok,2026-09-06,
236,Port Bastok,17744005,Zoby Quhyo,Regional Merchant,verified,https://ffxiclopedia.fandom.com/wiki/Port_Bastok,2026-09-06,
236,Port Bastok,17744006,Dhen Tevryukoh,,pending,,,
236,Port Bastok,17744007,Blabbivix,Merchant,verified,https://ffxiclopedia.fandom.com/wiki/Port_Bastok,2026-09-06,
236,Port Bastok,17744008,Juroro,Titan Summoning Trial,verified,https://www.bg-wiki.com/ffxi/Category%3ABastok_Quests,2026-09-06,
236,Port Bastok,17744009,Ferrol,Solo Titan Summoning Trial,verified,https://www.bg-wiki.com/ffxi/Category%3ABastok_Quests,2026-09-06,
236,Port Bastok,17744015,Ravorara,Quest Giver,verified,https://ffxiclopedia.fandom.com/wiki/Port_Bastok,2026-09-06,
236,Port Bastok,17744016,Dalba,,pending,,,
236,Port Bastok,17744018,Pelinvarde,,pending,,,
236,Port Bastok,17744020,Raifa,Quest Giver,verified,https://www.bg-wiki.com/ffxi/Port_Bastok,2026-09-06,
236,Port Bastok,17744021,Nokkhi Jinjahl,Traveling Merchant,verified,https://ffxiclopedia.fandom.com/wiki/Port_Bastok,2026-09-06,
236,Port Bastok,17744022,Ominous Cloud,Traveling Merchant,verified,https://ffxiclopedia.fandom.com/wiki/Port_Bastok,2026-09-06,
236,Port Bastok,17744023,Grin,Quest Giver,verified,https://www.bg-wiki.com/ffxi/Port_Bastok,2026-09-06,
236,Port Bastok,17744027,Pursuivant,,pending,,,
236,Port Bastok,17744032,Bagnobrok,Regional Merchant,verified,https://ffxiclopedia.fandom.com/wiki/Port_Bastok,2026-09-06,
236,Port Bastok,17744033,Patient Wheel,Quest Contact,verified,https://ffxiclopedia.fandom.com/wiki/Port_Bastok,2026-09-06,
236,Port Bastok,17744035,Brita,,pending,,,
236,Port Bastok,17744036,Rendezvous Point,,pending,,,
236,Port Bastok,17744038,Gallagher,,pending,,,
236,Port Bastok,17744039,Alib-Mufalib,,pending,,,
236,Port Bastok,17744040,Gwinar,Map Markers,verified,https://ffxiclopedia.fandom.com/wiki/Port_Bastok,2026-09-06,
236,Port Bastok,17744041,Game Table,,pending,,,
236,Port Bastok,17744042,Game Table,,pending,,,
236,Port Bastok,17744043,Festive Moogle,,pending,,,
236,Port Bastok,17744046,Dealer Moogle,,pending,,,
236,Port Bastok,17744047,Dealer Moogle,,pending,,,
236,Port Bastok,17744048,Synergy Engineer,,pending,,,
236,Port Bastok,17744049,Synergy Engineer,,pending,,,
236,Port Bastok,17744050,Synergy Furnace,,pending,,,
236,Port Bastok,17744051,Synergy Furnace,,pending,,,
236,Port Bastok,17744052,Synergy Furnace,,pending,,,
236,Port Bastok,17744053,Synergy Furnace,,pending,,,
236,Port Bastok,17744054,Synergy Enthusiast,,pending,,,
236,Port Bastok,17744055,Erich,Abyssea Services,verified,https://www.bg-wiki.com/ffxi/Port_Bastok,2026-09-06,
236,Port Bastok,17744056,Ernst,,pending,,,
236,Port Bastok,17744057,Voidwatch Purveyor,,pending,,,
236,Port Bastok,17744182,Suspicious Galka,,pending,,,
236,Port Bastok,17744183,Odyssean Passage,,pending,,,
236,Port Bastok,17744184,Raving Opossum,High-Tier Mission Battlefields,verified,https://www.bg-wiki.com/ffxi/Port_Bastok,2026-09-06,
236,Port Bastok,17744187,Mog Dinghy,,pending,,,
236,Port Bastok,17744188,Skipper Moogle,,pending,,,
236,Port Bastok,17744189,Clarion Star,Trust Magic,verified,https://www.bg-wiki.com/ffxi/Clarion_Star,2026-09-06,
236,Port Bastok,17744190,Mystic Retriever,,pending,,,
236,Port Bastok,17744216,Curio Vendor Moogle,Rhapsodies Supplies,verified,https://ffxiclopedia.fandom.com/wiki/Curio_Vendor_Moogle,2026-09-06,
236,Port Bastok,17744224,Ruenda,,pending,,,
236,Port Bastok,17744236,A.M.A.N. Liaison,,pending,,,
236,Port Bastok,17744237,blank,,not_applicable,,,Unnamed placeholder or door; no NPC role label.
236,Port Bastok,17744238,Tales' Beginning,,pending,,,
236,Port Bastok,17744239,Ancestry Moogle,,pending,,,
237,Metalworks,17747969,Vicious Eye,Smithing Supplies,verified,https://www.bg-wiki.com/ffxi/Smithing,2026-09-06,
237,Metalworks,17747970,Amulya,Smithing Supplies,verified,https://www.bg-wiki.com/ffxi/Smithing,2026-09-06,
237,Metalworks,17747971,Ghemp,Smithing Guildmaster,verified,https://www.bg-wiki.com/ffxi/Smithing,2026-09-06,
237,Metalworks,17747972,Wise Owl,Advanced Smithing Support,verified,https://www.bg-wiki.com/ffxi/Smithing,2026-09-06,
237,Metalworks,17747973,Hugues,Smithing Support,verified,https://www.bg-wiki.com/ffxi/Smithing,2026-09-06,
237,Metalworks,17747974,Romero,Smithing Support,verified,https://www.bg-wiki.com/ffxi/Smithing,2026-09-06,
237,Metalworks,17747975,Dark Clouds,,pending,,,
237,Metalworks,17747976,Olaf,Merchant,verified,https://ffxiclopedia.fandom.com/wiki/Metalworks,2026-09-06,
237,Metalworks,17747977,Nogga,Merchant,verified,https://ffxiclopedia.fandom.com/wiki/Metalworks,2026-09-06,
237,Metalworks,17747978,Veit,,pending,,,
237,Metalworks,17747979,Striking Snake,Quest Contact,verified,https://ffxiclopedia.fandom.com/wiki/Metalworks,2026-09-06,
237,Metalworks,17747980,Savae E Paleade,,pending,,,
237,Metalworks,17747981,Riault,,pending,,,
237,Metalworks,17747982,Lutia,,pending,,,
237,Metalworks,17747983,Chantain,Consular Representative,verified,https://ffxiclopedia.fandom.com/wiki/Metalworks,2026-09-06,
237,Metalworks,17747984,Patt-Pott,Consular Representative,verified,https://ffxiclopedia.fandom.com/wiki/Metalworks,2026-09-06,
237,Metalworks,17747985,Topuru-Kuperu,,pending,,,
237,Metalworks,17747986,Moyoyo,,pending,,,
237,Metalworks,17747987,Mih Ketto,,pending,,,
237,Metalworks,17747988,Zenobia,,pending,,,
237,Metalworks,17747989,Dietrich,,pending,,,
237,Metalworks,17747990,Hadelind,,pending,,,
237,Metalworks,17747991,Cerberus,,pending,,,
237,Metalworks,17747992,Lucius,Mission Contact,verified,https://ffxiclopedia.fandom.com/wiki/Metalworks,2026-09-06,
237,Metalworks,17747993,Hans,,pending,,,
237,Metalworks,17747994,Pius,Mission Contact,verified,https://ffxiclopedia.fandom.com/wiki/Metalworks,2026-09-06,
237,Metalworks,17747995,Kachina,,pending,,,
237,Metalworks,17747996,Mythily,Bastok Immigration,verified,https://ffxiclopedia.fandom.com/wiki/Metalworks,2026-09-06,
237,Metalworks,17747997,Alois,Quest Giver,verified,https://ffxiclopedia.fandom.com/wiki/Metalworks,2026-09-06,
237,Metalworks,17747998,Mukunda,,pending,,,
237,Metalworks,17747999,Salim,Quest Contact,verified,https://ffxiclopedia.fandom.com/wiki/Metalworks,2026-09-06,
237,Metalworks,17748000,Manilam,Quest Contact,verified,https://ffxiclopedia.fandom.com/wiki/Metalworks,2026-09-06,
237,Metalworks,17748001,Remus,,pending,,,
237,Metalworks,17748002,Helmut,Quest Contact,verified,https://ffxiclopedia.fandom.com/wiki/Metalworks,2026-09-06,
237,Metalworks,17748003,Folzen,Quest Contact,verified,https://ffxiclopedia.fandom.com/wiki/Metalworks,2026-09-06,
237,Metalworks,17748004,Franziska,,pending,,,
237,Metalworks,17748005,Tomasa,Merchant,verified,https://ffxiclopedia.fandom.com/wiki/Metalworks,2026-09-06,
237,Metalworks,17748006,Ferghus,Quest Giver,verified,https://www.bg-wiki.com/ffxi/Category%3ABastok_Quests,2026-09-06,
237,Metalworks,17748007,Hungry Wolf,Quest Giver,verified,https://ffxiclopedia.fandom.com/wiki/Metalworks,2026-09-06,
237,Metalworks,17748008,Grohm,Mission Contact,verified,https://ffxiclopedia.fandom.com/wiki/Metalworks,2026-09-06,
237,Metalworks,17748009,Galina,,pending,,,
237,Metalworks,17748010,Karst,President of Bastok,verified,https://ffxiclopedia.fandom.com/wiki/Metalworks,2026-09-06,
237,Metalworks,17748011,Cid,Quest Giver,verified,https://ffxiclopedia.fandom.com/wiki/Metalworks,2026-09-06,
237,Metalworks,17748012,Raibaht,Quest Giver,verified,https://ffxiclopedia.fandom.com/wiki/Metalworks,2026-09-06,
237,Metalworks,17748013,Naji,Mission Contact,verified,https://ffxiclopedia.fandom.com/wiki/Metalworks,2026-09-06,
237,Metalworks,17748015,Ayame,Quest Giver,verified,https://ffxiclopedia.fandom.com/wiki/Metalworks,2026-09-06,
237,Metalworks,17748016,Iron Eater,Quest Contact,verified,https://ffxiclopedia.fandom.com/wiki/Metalworks,2026-09-06,
237,Metalworks,17748017,Malduc,Bastok Missions,verified,https://ffxiclopedia.fandom.com/wiki/Metalworks,2026-09-06,
237,Metalworks,17748022,Romualdo,Quest Contact,verified,https://ffxiclopedia.fandom.com/wiki/Metalworks,2026-09-06,
237,Metalworks,17748023,Elayne,Quest Contact,verified,https://ffxiclopedia.fandom.com/wiki/Metalworks,2026-09-06,
237,Metalworks,17748024,Baldric,Quest Giver,verified,https://ffxiclopedia.fandom.com/wiki/Metalworks,2026-09-06,
237,Metalworks,17748025,Abbudin,,pending,,,
237,Metalworks,17748026,Mighty Fist,Quest Giver,verified,https://ffxiclopedia.fandom.com/wiki/Metalworks,2026-09-06,
237,Metalworks,17748027,Unlucky Rat,Quest Giver,verified,https://ffxiclopedia.fandom.com/wiki/Metalworks,2026-09-06,
237,Metalworks,17748028,Krieger,,pending,,,
237,Metalworks,17748029,Darha,Quest Contact,verified,https://ffxiclopedia.fandom.com/wiki/Metalworks,2026-09-06,
237,Metalworks,17748030,High Bear,Quest Giver,verified,https://ffxiclopedia.fandom.com/wiki/Metalworks,2026-09-06,
237,Metalworks,17748031,Patricius,,pending,,,
237,Metalworks,17748032,Indiran,,pending,,,
237,Metalworks,17748033,Fariel,,pending,,,
237,Metalworks,17748034,Kaela,Adventurer Assistance,verified,https://ffxiclopedia.fandom.com/wiki/Metalworks,2026-09-06,
237,Metalworks,17748062,Quasim,Adventurer Assistance,verified,https://ffxiclopedia.fandom.com/wiki/Metalworks,2026-09-06,
237,Metalworks,17748063,Izabele,Quest Giver,verified,https://ffxiclopedia.fandom.com/wiki/Metalworks,2026-09-06,
237,Metalworks,17748064,"Glarociquet, T.K.",San d'Oria Conquest Guard,verified,https://ffxiclopedia.fandom.com/wiki/Metalworks,2026-09-06,
237,Metalworks,17748065,"Lexun-Marixun, W.W.",Windurst Conquest Guard,verified,https://ffxiclopedia.fandom.com/wiki/Metalworks,2026-09-06,
237,Metalworks,17748082,Taulluque,Cutscene Replay,verified,https://ffxiclopedia.fandom.com/wiki/Metalworks,2026-09-06,
237,Metalworks,17748083,Givorj,,pending,,,
237,Metalworks,17748091,Lorena,Smithing Guild Points,verified,https://www.bg-wiki.com/ffxi/Smithing,2026-09-06,
237,Metalworks,17748094,Invincible Shield,Ballista Registration,verified,https://ffxiclopedia.fandom.com/wiki/Metalworks,2026-09-06,
237,Metalworks,17748095,Udine A.M.A.N.,,pending,,,
237,Metalworks,17748096,relic,,pending,,,
237,Metalworks,17748132,Vladinek,Quest Contact,verified,https://ffxiclopedia.fandom.com/wiki/Metalworks,2026-09-06,
237,Metalworks,17748139,Takiyah,Merchant,verified,https://ffxiclopedia.fandom.com/wiki/Metalworks,2026-09-06,
237,Metalworks,17748159,???,,not_applicable,,,Unnamed placeholder or door; no NPC role label.
237,Metalworks,17748160,Small Switch,,pending,,,
237,Metalworks,17748161,Medium Switch,,pending,,,
237,Metalworks,17748162,Large Switch,,pending,,,
237,Metalworks,17748165,Helga,,pending,,,
237,Metalworks,17748166,Leonhardt,,pending,,,
237,Metalworks,17748169,Hildolf,Synergy Training,verified,https://www.bg-wiki.com/ffxi/Category%3ABastok_Quests,2026-09-06,
237,Metalworks,17748170,Cloud Walker,Wedding Services,verified,https://www.bg-wiki.com/ffxi/Metalworks,2026-09-06,
237,Metalworks,17748171,Matrimonial Coffer,,pending,,,
237,Metalworks,17748172,Celebratory Chest,Wedding Items,verified,https://www.bg-wiki.com/ffxi/Metalworks,2026-09-06,
237,Metalworks,17748173,Synergy Furnace,,pending,,,
237,Metalworks,17748182,Home Point #1,Home Point & Teleportation,verified,https://www.bg-wiki.com/ffxi/Home_Point,2026-09-06,
237,Metalworks,17748183,Home Point #2,Home Point & Teleportation,verified,https://www.bg-wiki.com/ffxi/Home_Point,2026-09-06,
237,Metalworks,17748196,Esvin,Smithing Crafter Points,verified,https://www.bg-wiki.com/ffxi/Smithing,2026-09-06,
237,Metalworks,17748198,Smithy Moogle,,pending,,,
237,Metalworks,17748199,Curator Moogle,Past Event Reward Exchange,verified,https://www.bg-wiki.com/ffxi/Curator_Moogle,2026-09-06,
238,Windurst Waters,17752066,warp01,,pending,,,
238,Windurst Waters,17752067,warp02,,pending,,,
238,Windurst Waters,17752068,warp03,,pending,,,
238,Windurst Waters,17752069,warp04,,pending,,,
238,Windurst Waters,17752070,warp05,,pending,,,
238,Windurst Waters,17752071,warp06,,pending,,,
238,Windurst Waters,17752072,warp07,,pending,,,
238,Windurst Waters,17752076,Mokyokyo,,pending,,,
238,Windurst Waters,17752077,Panna-Donna,,pending,,,
238,Windurst Waters,17752078,Dagoza-Beruza,,pending,,,
238,Windurst Waters,17752079,Ten of Hearts,,pending,,,
238,Windurst Waters,17752080,Tosuka-Porika,,pending,,,
238,Windurst Waters,17752081,Furakku-Norakku,,pending,,,
238,Windurst Waters,17752082,Kotan-Moritan,,pending,,,
238,Windurst Waters,17752083,Aora-Uora,,pending,,,
238,Windurst Waters,17752084,Hariga-Origa,,pending,,,
238,Windurst Waters,17752085,Serukoko,,pending,,,
238,Windurst Waters,17752086,Sohdede,,pending,,,
238,Windurst Waters,17752087,Library book,,pending,,,
238,Windurst Waters,17752088,Library book,,pending,,,
238,Windurst Waters,17752089,Library book,,pending,,,
238,Windurst Waters,17752090,Ropunono,,pending,,,
238,Windurst Waters,17752091,Churano-Shurano,,pending,,,
238,Windurst Waters,17752092,Mejina-Monjina,,pending,,,
238,Windurst Waters,17752093,Lago-Charago,,pending,,,
238,Windurst Waters,17752094,Orez-Ebrez,,pending,,,
238,Windurst Waters,17752095,Shohrun-Tuhrun,,pending,,,
238,Windurst Waters,17752096,Hilkomu-Makimu,,pending,,,
238,Windurst Waters,17752097,Ensasa,,pending,,,
238,Windurst Waters,17752098,Upih Khachla,,pending,,,
238,Windurst Waters,17752099,Hobibi,,pending,,,
238,Windurst Waters,17752100,Taajiji,,pending,,,
238,Windurst Waters,17752101,Ness Rugetomal,,pending,,,
238,Windurst Waters,17752102,Maqu Molpih,,pending,,,
238,Windurst Waters,17752103,Ahyeekih,,pending,,,
238,Windurst Waters,17752104,Baehu-Faehu,,pending,,,
238,Windurst Waters,17752105,Fomina,,pending,,,
238,Windurst Waters,17752106,Otete,,pending,,,
238,Windurst Waters,17752107,Jourille,,pending,,,
238,Windurst Waters,17752108,Prestapiq,,pending,,,
238,Windurst Waters,17752109,Ohbiru-Dohbiru,,pending,,,
238,Windurst Waters,17752110,Kenapa-Keppa,,pending,,,
238,Windurst Waters,17752111,Kerutoto,,pending,,,
238,Windurst Waters,17752112,Leepe-Hoppe,,pending,,,
238,Windurst Waters,17752116,Pechiru-Mashiru,,pending,,,
238,Windurst Waters,17752117,Moreno-Toeno,,pending,,,
238,Windurst Waters,17752118,Fuepepe,,pending,,,
238,Windurst Waters,17752119,Tauwawa,,pending,,,
238,Windurst Waters,17752120,Mimomo,,pending,,,
238,Windurst Waters,17752121,Kirarara,,pending,,,
238,Windurst Waters,17752122,Rukuku,,pending,,,
238,Windurst Waters,17752123,Akkeke,,pending,,,
238,Windurst Waters,17752124,Koko Lihzeh,,pending,,,
238,Windurst Waters,17752125,Mashuu-Ajuu,,pending,,,
238,Windurst Waters,17752126,Foi-Mui,,pending,,,
238,Windurst Waters,17752127,Paku-Nakku,,pending,,,
238,Windurst Waters,17752128,Chomoro-Kyotoro,,pending,,,
238,Windurst Waters,17752129,Diroku-Oroku,,pending,,,
238,Windurst Waters,17752130,Pakesse-Myukesse,,pending,,,
238,Windurst Waters,17752131,Majiji,,pending,,,
238,Windurst Waters,17752132,Baren-Moren,,pending,,,
238,Windurst Waters,17752133,Bondada,,pending,,,
238,Windurst Waters,17752134,Piketo-Puketo,,pending,,,
238,Windurst Waters,17752135,Kipo-Opo,,pending,,,
238,Windurst Waters,17752136,Jacodaut,,pending,,,
238,Windurst Waters,17752137,Hakeem,,pending,,,
238,Windurst Waters,17752138,Ranpi-Monpi,,pending,,,
238,Windurst Waters,17752139,Maysoon,,pending,,,
238,Windurst Waters,17752140,Chomo Jinjahl,,pending,,,
238,Windurst Waters,17752141,Kopopo,,pending,,,
238,Windurst Waters,17752142,Aramu-Paramu,,pending,,,
238,Windurst Waters,17752143,Jatan-Paratan,,pending,,,
238,Windurst Waters,17752144,Yuli Yaam,,pending,,,
238,Windurst Waters,17752145,Yung Yaam,,pending,,,
238,Windurst Waters,17752146,Zabirego-Hajigo,,pending,,,
238,Windurst Waters,17752147,Kyume-Romeh,,pending,,,
238,Windurst Waters,17752148,Naiko-Paneiko,,pending,,,
238,Windurst Waters,17752149,Chyuk-Kochak,,pending,,,
238,Windurst Waters,17752150,Talking Doll,,pending,,,
238,Windurst Waters,17752151,Chamama,,pending,,,
238,Windurst Waters,17752152,Orn,,pending,,,
238,Windurst Waters,17752153,Angelica,,pending,,,
238,Windurst Waters,17752156,Honoi-Gomoi,,pending,,,
238,Windurst Waters,17752157,Temoe-Amoe,,pending,,,
238,Windurst Waters,17752158,Arukoko,,pending,,,
238,Windurst Waters,17752159,Gevirun-Gabirun,,pending,,,
238,Windurst Waters,17752160,Pulykiki,,pending,,,
238,Windurst Waters,17752161,Mashishi,,pending,,,
238,Windurst Waters,17752162,Moari-Kaaori,,pending,,,
238,Windurst Waters,17752163,Karuru,,pending,,,
238,Windurst Waters,17752164,Pojimo-Rojimo,,pending,,,
238,Windurst Waters,17752165,Shante-Fante,,pending,,,
238,Windurst Waters,17752166,Amagusa-Chigurusa,,pending,,,
238,Windurst Waters,17752167,Kobite-Mojite,,pending,,,
238,Windurst Waters,17752168,Moitoto,,pending,,,
238,Windurst Waters,17752169,Yohra-Ora,,pending,,,
238,Windurst Waters,17752170,Bulolo,,pending,,,
238,Windurst Waters,17752171,Janta-Jonta,,pending,,,
238,Windurst Waters,17752172,Rabiri-Tabiri,,pending,,,
238,Windurst Waters,17752173,Koowawa,,pending,,,
238,Windurst Waters,17752174,Hororo,,pending,,,
238,Windurst Waters,17752175,Porupen-Kyurupen,,pending,,,
238,Windurst Waters,17752176,Miriri,,pending,,,
238,Windurst Waters,17752177,Okaka,,pending,,,
238,Windurst Waters,17752178,Damami-Karumi,,pending,,,
238,Windurst Waters,17752179,Funpo-Shipo,,pending,,,
238,Windurst Waters,17752180,Shanana,,pending,,,
238,Windurst Waters,17752181,Tsuran-Botaran,,pending,,,
238,Windurst Waters,17752182,Yomotsutsu,,pending,,,
238,Windurst Waters,17752183,Myumimi,,pending,,,
238,Windurst Waters,17752184,Torikoko,,pending,,,
238,Windurst Waters,17752185,Queo-Paeo,,pending,,,
238,Windurst Waters,17752186,Ramasese,,pending,,,
238,Windurst Waters,17752187,Shataru-Potaru,,pending,,,
238,Windurst Waters,17752188,Kuesoso,,pending,,,
238,Windurst Waters,17752189,Khuta Colaara,,pending,,,
238,Windurst Waters,17752190,Panaa Fom,,pending,,,
238,Windurst Waters,17752191,Reh Hapli,,pending,,,
238,Windurst Waters,17752192,Buchi Kohmrijah,,pending,,,
238,Windurst Waters,17752193,Nasoh Joli,,pending,,,
238,Windurst Waters,17752194,Akee Yonji,,pending,,,
238,Windurst Waters,17752195,Sahgi Konchumih,,pending,,,
238,Windurst Waters,17752196,Caliburn,,pending,,,
238,Windurst Waters,17752197,Gordias,,pending,,,
238,Windurst Waters,17752198,Enrefort,,pending,,,
238,Windurst Waters,17752199,Clais,,pending,,,
238,Windurst Waters,17752200,Pia,,pending,,,
238,Windurst Waters,17752201,Kyokyo,,pending,,,
238,Windurst Waters,17752202,Shasha,,pending,,,
238,Windurst Waters,17752203,Npopo,,pending,,,
238,Windurst Waters,17752204,Ajen-Myoojen,,pending,,,
238,Windurst Waters,17752205,Shatoto,,pending,,,
238,Windurst Waters,17752206,Four of Hearts,,pending,,,
238,Windurst Waters,17752207,Six of Hearts,,pending,,,
238,Windurst Waters,17752208,Five of Hearts,,pending,,,
238,Windurst Waters,17752209,Seven of Hearts,,pending,,,
238,Windurst Waters,17752210,Eight of Hearts,,pending,,,
238,Windurst Waters,17752211,Nine of Hearts,,pending,,,
238,Windurst Waters,17752212,Jack of Hearts,,pending,,,
238,Windurst Waters,17752213,Anja-Enja,,pending,,,
238,Windurst Waters,17752214,Machitata,,pending,,,
238,Windurst Waters,17752215,blank,,not_applicable,,,Unnamed placeholder or door; no NPC role label.
238,Windurst Waters,17752216,Home Point #1,,pending,,,
238,Windurst Waters,17752217,Home Point #2,,pending,,,
238,Windurst Waters,17752218,Home Point #3,,pending,,,
238,Windurst Waters,17752219,Home Point #4,,pending,,,
238,Windurst Waters,17752221,Furan-Furin,,pending,,,
238,Windurst Waters,17752222,Tonana,,pending,,,
238,Windurst Waters,17752223,"Puroiko-Maiko, W.W.",,pending,,,
238,Windurst Waters,17752262,Gantineux,,pending,,,
238,Windurst Waters,17752263,Cochal-Monchal,,pending,,,
238,Windurst Waters,17752275,Door:Acolyte Hostel,,not_applicable,,,Unnamed placeholder or door; no NPC role label.
238,Windurst Waters,17752276,Door:Acolyte Hostel,,not_applicable,,,Unnamed placeholder or door; no NPC role label.
238,Windurst Waters,17752277,Door:Acolyte Hostel,,not_applicable,,,Unnamed placeholder or door; no NPC role label.
238,Windurst Waters,17752278,Door:Acolyte Hostel,,not_applicable,,,Unnamed placeholder or door; no NPC role label.
238,Windurst Waters,17752279,Door:Acolyte Hostel,,not_applicable,,,Unnamed placeholder or door; no NPC role label.
238,Windurst Waters,17752280,Door:Acolyte Hostel,,not_applicable,,,Unnamed placeholder or door; no NPC role label.
238,Windurst Waters,17752281,Door:Acolyte Hostel,,not_applicable,,,Unnamed placeholder or door; no NPC role label.
238,Windurst Waters,17752282,Door:Acolyte Hostel,,not_applicable,,,Unnamed placeholder or door; no NPC role label.
238,Windurst Waters,17752283,Door:Acolyte Hostel,,not_applicable,,,Unnamed placeholder or door; no NPC role label.
238,Windurst Waters,17752284,Door:Acolyte Hostel,,not_applicable,,,Unnamed placeholder or door; no NPC role label.
238,Windurst Waters,17752285,Door:Acolyte Hostel,,not_applicable,,,Unnamed placeholder or door; no NPC role label.
238,Windurst Waters,17752288,Dienger,,pending,,,
238,Windurst Waters,17752289,Lumomo,,pending,,,
238,Windurst Waters,17752313,Qhum Knaidjn,,pending,,,
238,Windurst Waters,17752314,Pursuivant,,pending,,,
238,Windurst Waters,17752322,Dabido-Sorobido,,pending,,,
238,Windurst Waters,17752323,Rendezvous Point,,pending,,,
238,Windurst Waters,17752325,Kogri-Nargri,,pending,,,
238,Windurst Waters,17752328,Olaky-Yayulaky,,pending,,,
238,Windurst Waters,17752333,Door:House,,not_applicable,,,Unnamed placeholder or door; no NPC role label.
238,Windurst Waters,17752335,Zelala,,pending,,,
238,Windurst Waters,17752336,Kayeel-Payeel,,pending,,,
238,Windurst Waters,17752341,Game Table,,pending,,,
238,Windurst Waters,17752345,Khoto Rokkorah,,pending,,,
238,Windurst Waters,17752363,Synergy Engineer,,pending,,,
238,Windurst Waters,17752364,Synergy Engineer,,pending,,,
238,Windurst Waters,17752365,Synergy Furnace,,pending,,,
238,Windurst Waters,17752366,Synergy Furnace,,pending,,,
238,Windurst Waters,17752367,Synergy Furnace,,pending,,,
238,Windurst Waters,17752368,Synergy Furnace,,pending,,,
238,Windurst Waters,17752369,Synergy Enthusiast,,pending,,,
238,Windurst Waters,17752373,Atmacite Refiner,,pending,,,
238,Windurst Waters,17752374,Voidwatch Officer,,pending,,,
238,Windurst Waters,17752375,Voidwatch Purveyor,,pending,,,
238,Windurst Waters,17752574,Ephemeral Moogle,,pending,,,
238,Windurst Waters,17752575,Isanie,,pending,,,
238,Windurst Waters,17752590,A.M.A.N. Liaison,,pending,,,
238,Windurst Waters,17752591,blank,,not_applicable,,,Unnamed placeholder or door; no NPC role label.
238,Windurst Waters,17752592,Tales' Beginning,,pending,,,
239,Windurst Walls,17756171,Zokima-Rokima,,pending,,,
239,Windurst Walls,17756172,Pakke-Pokke,,pending,,,
239,Windurst Walls,17756173,Keo-Koruo,,pending,,,
239,Windurst Walls,17756174,Chawo Shipeynyo,,pending,,,
239,Windurst Walls,17756186,Shantotto,,pending,,,
239,Windurst Walls,17756187,Hiwon-Biwon,,pending,,,
239,Windurst Walls,17756188,Yoran-Oran,,pending,,,
239,Windurst Walls,17756189,Ekamama,,pending,,,
239,Windurst Walls,17756190,Toi-Poi,,pending,,,
239,Windurst Walls,17756193,Koru-Moru,,pending,,,
239,Windurst Walls,17756194,Luuh Koplehn,,pending,,,
239,Windurst Walls,17756195,Maan-Pokuun,,pending,,,
239,Windurst Walls,17756196,Bonchacha,,pending,,,
239,Windurst Walls,17756197,Ambrosius,,pending,,,
239,Windurst Walls,17756198,Orudoba-Sondeba,,pending,,,
239,Windurst Walls,17756199,Tsuaora-Tsuora,,pending,,,
239,Windurst Walls,17756200,Selulu,,pending,,,
239,Windurst Walls,17756201,Kenono,,pending,,,
239,Windurst Walls,17756202,Auction Counter,,pending,,,
239,Windurst Walls,17756203,Auction Counter,,pending,,,
239,Windurst Walls,17756204,Auction Counter,,pending,,,
239,Windurst Walls,17756205,Auction Counter,,pending,,,
239,Windurst Walls,17756206,Esmeralda,,pending,,,
239,Windurst Walls,17756207,Keir,,pending,,,
239,Windurst Walls,17756208,Ran,,pending,,,
239,Windurst Walls,17756209,Ignaz,,pending,,,
239,Windurst Walls,17756210,Zayhi-Bauhi,,pending,,,
239,Windurst Walls,17756211,Rutango-Botango,,pending,,,
239,Windurst Walls,17756212,Kalupa-Tawalupa,,pending,,,
239,Windurst Walls,17756213,Raamimi,,pending,,,
239,Windurst Walls,17756214,Kohpo-Akuupo,,pending,,,
239,Windurst Walls,17756215,Nozaza,,pending,,,
239,Windurst Walls,17756216,Yanakiki,,pending,,,
239,Windurst Walls,17756217,Augu-Maugu,,pending,,,
239,Windurst Walls,17756218,Ten of Diamonds,,pending,,,
239,Windurst Walls,17756219,Nine of Diamonds,,pending,,,
239,Windurst Walls,17756220,Seven of Diamonds,,pending,,,
239,Windurst Walls,17756221,Six of Diamonds,,pending,,,
239,Windurst Walls,17756222,Five of Diamonds,,pending,,,
239,Windurst Walls,17756223,Four of Diamonds,,pending,,,
239,Windurst Walls,17756224,Jack of Diamonds,,pending,,,
239,Windurst Walls,17756225,Komomo,,pending,,,
239,Windurst Walls,17756226,Suhie-Kaihie,,pending,,,
239,Windurst Walls,17756227,Pakeke,,pending,,,
239,Windurst Walls,17756228,Aromu-Oromu,,pending,,,
239,Windurst Walls,17756229,Polink-Moink,,pending,,,
239,Windurst Walls,17756230,Moan-Maon,,pending,,,
239,Windurst Walls,17756231,Finene,,pending,,,
239,Windurst Walls,17756232,Purere,,pending,,,
239,Windurst Walls,17756233,Chomomo,,pending,,,
239,Windurst Walls,17756234,Gerun-Garun,,pending,,,
239,Windurst Walls,17756235,Yoriri,,pending,,,
239,Windurst Walls,17756236,Kimumu,,pending,,,
239,Windurst Walls,17756237,Mehruru,,pending,,,
239,Windurst Walls,17756238,Dabaide-Obaide,,pending,,,
239,Windurst Walls,17756239,Karija-Marija,,pending,,,
239,Windurst Walls,17756240,Purakoko,,pending,,,
239,Windurst Walls,17756241,Pakora-Makora,,pending,,,
239,Windurst Walls,17756242,Anini,,pending,,,
239,Windurst Walls,17756243,Polikal-Ramikal,,pending,,,
239,Windurst Walls,17756244,Mukuku,,pending,,,
239,Windurst Walls,17756245,Malmi-Monmi,,pending,,,
239,Windurst Walls,17756246,Pantsa-Karutsa,,pending,,,
239,Windurst Walls,17756247,Horuni-Mawoni,,pending,,,
239,Windurst Walls,17756248,Kaaya Majiad,,pending,,,
239,Windurst Walls,17756249,Migi Centa,,pending,,,
239,Windurst Walls,17756250,Juna Moshal,,pending,,,
239,Windurst Walls,17756251,Naih Arihmepp,,pending,,,
239,Windurst Walls,17756252,Lala Gohma,,pending,,,
239,Windurst Walls,17756253,Haah Chakaila,,pending,,,
239,Windurst Walls,17756254,Quentin,,pending,,,
239,Windurst Walls,17756255,Uwaine,,pending,,,
239,Windurst Walls,17756256,Takoda,,pending,,,
239,Windurst Walls,17756257,Florencia,,pending,,,
239,Windurst Walls,17756258,Karola,,pending,,,
239,Windurst Walls,17756259,Shinchai-Tocchai,,pending,,,
239,Windurst Walls,17756261,Ojha Rhawash,,pending,,,
239,Windurst Walls,17756262,Komulili,,pending,,,
239,Windurst Walls,17756263,Home Point #1,,pending,,,
239,Windurst Walls,17756264,Home Point #2,,pending,,,
239,Windurst Walls,17756265,Home Point #3,,pending,,,
239,Windurst Walls,17756291,Kobunono,,pending,,,
239,Windurst Walls,17756292,Burute-Sorute,,pending,,,
239,Windurst Walls,17756303,Juvillie,,pending,,,
239,Windurst Walls,17756304,Scavnix,,pending,,,
239,Windurst Walls,17756306,Trail Markings,,pending,,,
239,Windurst Walls,17756327,Festive Moogle,,pending,,,
239,Windurst Walls,17756344,Synergy Engineer,,pending,,,
239,Windurst Walls,17756345,Synergy Engineer,,pending,,,
239,Windurst Walls,17756346,Synergy Furnace,,pending,,,
239,Windurst Walls,17756347,Synergy Furnace,,pending,,,
239,Windurst Walls,17756348,Synergy Furnace,,pending,,,
239,Windurst Walls,17756349,Synergy Furnace,,pending,,,
239,Windurst Walls,17756350,Synergy Enthusiast,,pending,,,
239,Windurst Walls,17756351,Arbitrix,,pending,,,
239,Windurst Walls,17756352,Treasure Coffer,,pending,,,
239,Windurst Walls,17756387,Mandragora Assistant,,pending,,,
239,Windurst Walls,17756388,blank,,not_applicable,,,Unnamed placeholder or door; no NPC role label.
239,Windurst Walls,17756469,Greeter Moogle,,pending,,,
239,Windurst Walls,17756498,blank,,not_applicable,,,Unnamed placeholder or door; no NPC role label.
239,Windurst Walls,17756499,Enigmatic Footprints #1,,pending,,,
239,Windurst Walls,17756500,Enigmatic Footprints #2,,pending,,,
239,Windurst Walls,17756508,A.M.A.N. Liaison,,pending,,,
239,Windurst Walls,17756509,Linkshell Concierge,,pending,,,
239,Windurst Walls,17756510,Chat Manual,,pending,,,
239,Windurst Walls,17756511,blank,,not_applicable,,,Unnamed placeholder or door; no NPC role label.
239,Windurst Walls,17756512,Tales' Beginning,,pending,,,
239,Windurst Walls,17756513,Ancestry Moogle,,pending,,,
240,Port Windurst,17760258,warp01,,pending,,,
240,Port Windurst,17760259,warp02,,pending,,,
240,Port Windurst,17760260,warp03,,pending,,,
240,Port Windurst,17760261,warp04,,pending,,,
240,Port Windurst,17760262,warp05,,pending,,,
240,Port Windurst,17760263,warp06,,pending,,,
240,Port Windurst,17760264,warp07,,pending,,,
240,Port Windurst,17760269,Janshura-Rashura,,pending,,,
240,Port Windurst,17760270,Puo Rhen,,pending,,,
240,Port Windurst,17760271,Ten of Clubs,,pending,,,
240,Port Windurst,17760272,Nine of Clubs,,pending,,,
240,Port Windurst,17760273,Hakkuru-Rinkuru,,pending,,,
240,Port Windurst,17760274,Kuroido-Moido,,pending,,,
240,Port Windurst,17760275,Maabu-Sonbu,,pending,,,
240,Port Windurst,17760276,Kunchichi,,pending,,,
240,Port Windurst,17760277,Mojo-Pojo,,pending,,,
240,Port Windurst,17760278,Yaman-Hachuman,,pending,,,
240,Port Windurst,17760279,Goltata,,pending,,,
240,Port Windurst,17760280,Ohruru,,pending,,,
240,Port Windurst,17760284,Satata,,pending,,,
240,Port Windurst,17760285,Noragu-Meragu,,pending,,,
240,Port Windurst,17760286,Rachuchu,,pending,,,
240,Port Windurst,17760287,Yuhito-Kubhito,,pending,,,
240,Port Windurst,17760288,Blank Card,,pending,,,
240,Port Windurst,17760289,Blank Card,,pending,,,
240,Port Windurst,17760290,Blank Card,,pending,,,
240,Port Windurst,17760291,Blank Card,,pending,,,
240,Port Windurst,17760292,Blank Card,,pending,,,
240,Port Windurst,17760293,Blank Card,,pending,,,
240,Port Windurst,17760294,Blank Card,,pending,,,
240,Port Windurst,17760295,Blank Card,,pending,,,
240,Port Windurst,17760296,Blank Card,,pending,,,
240,Port Windurst,17760297,Melek,,pending,,,
240,Port Windurst,17760298,Gold Skull,,pending,,,
240,Port Windurst,17760299,Ada,,pending,,,
240,Port Windurst,17760300,Josef,,pending,,,
240,Port Windurst,17760301,Calixte,,pending,,,
240,Port Windurst,17760302,Thubu Parohren,,pending,,,
240,Port Windurst,17760303,Panja-Nanja,,pending,,,
240,Port Windurst,17760304,Erabu-Fumulubu,,pending,,,
240,Port Windurst,17760305,Degong,,pending,,,
240,Port Windurst,17760306,Babubu,,pending,,,
240,Port Windurst,17760307,Mhe Quryobhi,,pending,,,
240,Port Windurst,17760308,Tokaka,,pending,,,
240,Port Windurst,17760309,Chipmy-Popmy,,pending,,,
240,Port Windurst,17760310,Pattel-Bacchel,,pending,,,
240,Port Windurst,17760311,Kususu,,pending,,,
240,Port Windurst,17760312,Aroro,,pending,,,
240,Port Windurst,17760313,Hohbiba-Mubiba,,pending,,,
240,Port Windurst,17760314,Taniko-Maniko,,pending,,,
240,Port Windurst,17760315,Guruna-Maguruna,,pending,,,
240,Port Windurst,17760316,Kumama,,pending,,,
240,Port Windurst,17760317,Posso Ruhbini,,pending,,,
240,Port Windurst,17760318,Sheia Pohrichamaha,,pending,,,
240,Port Windurst,17760319,Zoreen,,pending,,,
240,Port Windurst,17760320,Alizabe,,pending,,,
240,Port Windurst,17760321,Mhoji Roccoruh,,pending,,,
240,Port Windurst,17760322,Eki Kamalabi,,pending,,,
240,Port Windurst,17760323,Khel Pahlhama,,pending,,,
240,Port Windurst,17760324,Rishi,,pending,,,
240,Port Windurst,17760325,Josefina,,pending,,,
240,Port Windurst,17760326,Newlyn,,pending,,,
240,Port Windurst,17760327,Aigneis,,pending,,,
240,Port Windurst,17760328,Kameel,,pending,,,
240,Port Windurst,17760329,Martin,,pending,,,
240,Port Windurst,17760330,Seburoa-Mabilua,,pending,,,
240,Port Windurst,17760331,Wau Kaatapoh,,pending,,,
240,Port Windurst,17760332,Honorio,,pending,,,
240,Port Windurst,17760333,Breanainn,,pending,,,
240,Port Windurst,17760336,Peepikiki,,pending,,,
240,Port Windurst,17760337,Uli Pehkowa,,pending,,,
240,Port Windurst,17760338,Kohlo-Lakolo,,pending,,,
240,Port Windurst,17760339,Papo-Hopo,,pending,,,
240,Port Windurst,17760340,Gomada-Vulmada,,pending,,,
240,Port Windurst,17760341,Pichichi,,pending,,,
240,Port Windurst,17760342,Yafa Yaa,,pending,,,
240,Port Windurst,17760343,Pyo Nzon,,pending,,,
240,Port Windurst,17760344,Shanruru,,pending,,,
240,Port Windurst,17760350,Paytah,,pending,,,
240,Port Windurst,17760351,Odilia,,pending,,,
240,Port Windurst,17760352,Machichi,,pending,,,
240,Port Windurst,17760353,Yapam-Alpam,,pending,,,
240,Port Windurst,17760354,Enjojo,,pending,,,
240,Port Windurst,17760355,Wanja-Daruja,,pending,,,
240,Port Windurst,17760356,Mosusu,,pending,,,
240,Port Windurst,17760357,Pateruru,,pending,,,
240,Port Windurst,17760358,Paruru,,pending,,,
240,Port Windurst,17760359,Skopopo,,pending,,,
240,Port Windurst,17760360,Remesasa,,pending,,,
240,Port Windurst,17760361,Reiso-Haroiso,,pending,,,
240,Port Windurst,17760362,Teruga-Boruga,,pending,,,
240,Port Windurst,17760363,Deeto-Yaato,,pending,,,
240,Port Windurst,17760364,Opabibi,,pending,,,
240,Port Windurst,17760365,Yujuju,,pending,,,
240,Port Windurst,17760366,Nbeh Dimehbariga,,pending,,,
240,Port Windurst,17760367,Snha Migashniohra,,pending,,,
240,Port Windurst,17760368,Hepo Pinulpe,,pending,,,
240,Port Windurst,17760369,Mov Lingyoh,,pending,,,
240,Port Windurst,17760370,Mefa Euron,,pending,,,
240,Port Windurst,17760371,Tun Habyryu,,pending,,,
240,Port Windurst,17760372,Eugie,,pending,,,
240,Port Windurst,17760373,Chakwaina,,pending,,,
240,Port Windurst,17760374,Griffyth,,pending,,,
240,Port Windurst,17760375,Sugn,,pending,,,
240,Port Windurst,17760376,Baladanzo,,pending,,,
240,Port Windurst,17760377,Diegai,,pending,,,
240,Port Windurst,17760378,Wynne,,pending,,,
240,Port Windurst,17760379,Sigismund,,pending,,,
240,Port Windurst,17760380,Tohopka,,pending,,,
240,Port Windurst,17760381,Pankii-Mankii,,pending,,,
240,Port Windurst,17760382,Tujaja,,pending,,,
240,Port Windurst,17760383,Jolwa-Moowa,,pending,,,
240,Port Windurst,17760384,Chapa-Cha,,pending,,,
240,Port Windurst,17760385,Pakku-Shakku,,pending,,,
240,Port Windurst,17760386,Ochacha,,pending,,,
240,Port Windurst,17760387,Choyi Totlihpa,,pending,,,
240,Port Windurst,17760388,Eight of Clubs,,pending,,,
240,Port Windurst,17760389,Five of Clubs,,pending,,,
240,Port Windurst,17760390,Four of Clubs,,pending,,,
240,Port Windurst,17760391,Seven of Clubs,,pending,,,
240,Port Windurst,17760392,Six of Clubs,,pending,,,
240,Port Windurst,17760393,Three of Clubs,,pending,,,
240,Port Windurst,17760394,Jack of Clubs,,pending,,,
240,Port Windurst,17760395,Boronene,,pending,,,
240,Port Windurst,17760396,Home Point #1,,pending,,,
240,Port Windurst,17760397,Home Point #2,,pending,,,
240,Port Windurst,17760398,Home Point #3,,pending,,,
240,Port Windurst,17760401,Eya Bhithroh,,pending,,,
240,Port Windurst,17760402,Machu-Kuchu,,pending,,,
240,Port Windurst,17760403,"Milma-Hapilma, W.W.",,pending,,,
240,Port Windurst,17760404,Ryan,,pending,,,
240,Port Windurst,17760405,Drozga,,pending,,,
240,Port Windurst,17760421,"Sachetan, I.M.",,pending,,,
240,Port Windurst,17760435,Lebondur,,pending,,,
240,Port Windurst,17760436,Sattsuh Ahkanpari,,pending,,,
240,Port Windurst,17760437,Tonule,,pending,,,
240,Port Windurst,17760438,Kucha Malkobhi,,pending,,,
240,Port Windurst,17760439,Rottata,,pending,,,
240,Port Windurst,17760440,Pherchabalet,,pending,,,
240,Port Windurst,17760441,Dehn Harzhapan,,pending,,,
240,Port Windurst,17760442,Pygmalion,,pending,,,
240,Port Windurst,17760444,Fennella,,pending,,,
240,Port Windurst,17760449,Laughing Lizard,,pending,,,
240,Port Windurst,17760454,Dealer Moogle,,pending,,,
240,Port Windurst,17760455,Dealer Moogle,,pending,,,
240,Port Windurst,17760456,Hunt Registry,,pending,,,
240,Port Windurst,17760457,Synergy Engineer,,pending,,,
240,Port Windurst,17760458,Synergy Engineer,,pending,,,
240,Port Windurst,17760459,Synergy Furnace,,pending,,,
240,Port Windurst,17760460,Synergy Furnace,,pending,,,
240,Port Windurst,17760461,Synergy Furnace,,pending,,,
240,Port Windurst,17760462,Synergy Furnace,,pending,,,
240,Port Windurst,17760463,Synergy Enthusiast,,pending,,,
240,Port Windurst,17760464,Fabricius,,pending,,,
240,Port Windurst,17760465,Willis,,pending,,,
240,Port Windurst,17760466,Porter Moogle,,pending,,,
240,Port Windurst,17760468,Voidwatch Purveyor,,pending,,,
240,Port Windurst,17760505,Suspicious Tarutaru,,pending,,,
240,Port Windurst,17760506,Odyssean Passage,,pending,,,
240,Port Windurst,17760507,Mimble-Pimble,,pending,,,
240,Port Windurst,17760509,Mog Dinghy,,pending,,,
240,Port Windurst,17760510,Skipper Moogle,,pending,,,
240,Port Windurst,17760513,Survival Guide,,pending,,,
240,Port Windurst,17760537,Curio Vendor Moogle,,pending,,,
240,Port Windurst,17760542,A.M.A.N. Liaison,,pending,,,
240,Port Windurst,17760543,blank,,not_applicable,,,Unnamed placeholder or door; no NPC role label.
240,Port Windurst,17760544,Tales' Beginning,,pending,,,
241,Windurst Woods,17764354,warp01,,pending,,,
241,Windurst Woods,17764355,warp02,,pending,,,
241,Windurst Woods,17764356,warp03,,pending,,,
241,Windurst Woods,17764357,warp04,,pending,,,
241,Windurst Woods,17764358,warp05,,pending,,,
241,Windurst Woods,17764359,warp06,,pending,,,
241,Windurst Woods,17764360,warp07,,pending,,,
241,Windurst Woods,17764361,warp08,,pending,,,
241,Windurst Woods,17764362,warp09,,pending,,,
241,Windurst Woods,17764368,Rakoh Buuma,,pending,,,
241,Windurst Woods,17764369,Tih Pikeh,,pending,,,
241,Windurst Woods,17764370,Sola Jaab,,pending,,,
241,Windurst Woods,17764371,Miiri-Wohri,,pending,,,
241,Windurst Woods,17764372,Apururu,,pending,,,
241,Windurst Woods,17764373,Boizo-Naizo,,pending,,,
241,Windurst Woods,17764374,Kopuro-Popuro,,pending,,,
241,Windurst Woods,17764375,Kororo,,pending,,,
241,Windurst Woods,17764379,Spare Zero,,pending,,,
241,Windurst Woods,17764380,Spare One,,pending,,,
241,Windurst Woods,17764381,Spare Two,,pending,,,
241,Windurst Woods,17764382,Spare Three,,pending,,,
241,Windurst Woods,17764383,Spare Four,,pending,,,
241,Windurst Woods,17764384,Spare Five,,pending,,,
241,Windurst Woods,17764385,Six of Spades,,pending,,,
241,Windurst Woods,17764386,Blank Card,,pending,,,
241,Windurst Woods,17764387,Blank Card,,pending,,,
241,Windurst Woods,17764388,Blank Card,,pending,,,
241,Windurst Woods,17764389,Mourices,,pending,,,
241,Windurst Woods,17764390,Catalia,,pending,,,
241,Windurst Woods,17764391,Forine,,pending,,,
241,Windurst Woods,17764392,Erpolant,,pending,,,
241,Windurst Woods,17764393,Ponono,,pending,,,
241,Windurst Woods,17764394,Terude-Harude,,pending,,,
241,Windurst Woods,17764395,Anillah,,pending,,,
241,Windurst Woods,17764396,Nikkoko,,pending,,,
241,Windurst Woods,17764397,Etsatsa,,pending,,,
241,Windurst Woods,17764398,Sorutoto,,pending,,,
241,Windurst Woods,17764399,Sunakku-Matakku,,pending,,,
241,Windurst Woods,17764400,Meriri,,pending,,,
241,Windurst Woods,17764401,Kuzah Hpirohpon,,pending,,,
241,Windurst Woods,17764402,Peshi Yohnts,,pending,,,
241,Windurst Woods,17764403,Lih Pituu,,pending,,,
241,Windurst Woods,17764404,Ronana,,pending,,,
241,Windurst Woods,17764405,Kyaa Taali,,pending,,,
241,Windurst Woods,17764406,Shih Tayuun,,pending,,,
241,Windurst Woods,17764407,Retto-Marutto,,pending,,,
241,Windurst Woods,17764408,Aja-Panja,,pending,,,
241,Windurst Woods,17764409,Orlaine,,pending,,,
241,Windurst Woods,17764410,Sariale,,pending,,,
241,Windurst Woods,17764411,Amimi,,pending,,,
241,Windurst Woods,17764412,Kuoh Rhel,,pending,,,
241,Windurst Woods,17764413,Matata,,pending,,,
241,Windurst Woods,17764414,Chocobo,,pending,,,
241,Windurst Woods,17764415,Chocobo,,pending,,,
241,Windurst Woods,17764416,Chocobo,,pending,,,
241,Windurst Woods,17764417,Chocobo,,pending,,,
241,Windurst Woods,17764418,Chocobo,,pending,,,
241,Windurst Woods,17764419,Pulonono,,pending,,,
241,Windurst Woods,17764441,Kiria-Romaria,,pending,,,
241,Windurst Woods,17764443,Shaty-Monty,,pending,,,
241,Windurst Woods,17764444,blank,,not_applicable,,,Unnamed placeholder or door; no NPC role label.
241,Windurst Woods,17764445,Hae Jakkya,,pending,,,
241,Windurst Woods,17764446,An Polaali,,pending,,,
241,Windurst Woods,17764447,An Shanaa,,pending,,,
241,Windurst Woods,17764448,Pew Sahbaraef,,pending,,,
241,Windurst Woods,17764449,Ju Kamja,,pending,,,
241,Windurst Woods,17764450,Auction Counter,,pending,,,
241,Windurst Woods,17764451,Auction Counter,,pending,,,
241,Windurst Woods,17764452,Auction Counter,,pending,,,
241,Windurst Woods,17764453,Auction Counter,,pending,,,
241,Windurst Woods,17764454,Quesse,,pending,,,
241,Windurst Woods,17764455,Mono Nchaa,,pending,,,
241,Windurst Woods,17764456,Manyny,,pending,,,
241,Windurst Woods,17764457,Roberta,,pending,,,
241,Windurst Woods,17764458,Tapoh Lihzeh,,pending,,,
241,Windurst Woods,17764459,Wije Tiren,,pending,,,
241,Windurst Woods,17764460,Nya Labiccio,,pending,,,
241,Windurst Woods,17764461,Bin Stejihna,,pending,,,
241,Windurst Woods,17764462,Taraihi-Perunhi,,pending,,,
241,Windurst Woods,17764463,Pehki Machumaht,,pending,,,
241,Windurst Woods,17764464,Nhobi Zalkia,,pending,,,
241,Windurst Woods,17764465,Millerovieunet,,pending,,,
241,Windurst Woods,17764466,Nanaa Mihgo,,pending,,,
241,Windurst Woods,17764467,Bopa Greso,,pending,,,
241,Windurst Woods,17764468,Cha Lebagta,,pending,,,
241,Windurst Woods,17764470,Perih Vashai,,pending,,,
241,Windurst Woods,17764471,Muhk Johldy,,pending,,,
241,Windurst Woods,17764472,Kapeh Myohrye,,pending,,,
241,Windurst Woods,17764473,Hohl Nhaesin,,pending,,,
241,Windurst Woods,17764474,Otte Burhiyu,,pending,,,
241,Windurst Woods,17764475,Baha Mannohl,,pending,,,
241,Windurst Woods,17764476,Phuz Mannohl,,pending,,,
241,Windurst Woods,17764480,Illu Bohjaa,,pending,,,
241,Windurst Woods,17764481,Dhahih,,pending,,,
241,Windurst Woods,17764482,Dhakih,,pending,,,
241,Windurst Woods,17764483,Dhahah,,pending,,,
241,Windurst Woods,17764484,Dhakoh,,pending,,,
241,Windurst Woods,17764485,Sunana,,pending,,,
241,Windurst Woods,17764486,Hakaru-Marikaru,,pending,,,
241,Windurst Woods,17764487,Orahi-Karapahi,,pending,,,
241,Windurst Woods,17764488,Kototo,,pending,,,
241,Windurst Woods,17764489,Umumu,,pending,,,
241,Windurst Woods,17764490,Tosh Hohnay,,pending,,,
241,Windurst Woods,17764491,Phub Bayzarahn,,pending,,,
241,Windurst Woods,17764492,Seno Zarhin,,pending,,,
241,Windurst Woods,17764493,Cocchi Ryojhbon,,pending,,,
241,Windurst Woods,17764494,Iya Rihyo,,pending,,,
241,Windurst Woods,17764495,Mheca Khetashipah,,pending,,,
241,Windurst Woods,17764496,Dazi Nosuk,,pending,,,
241,Windurst Woods,17764497,Chihpi Kapirapehro,,pending,,,
241,Windurst Woods,17764498,Etsa Rhuyuli,,pending,,,
241,Windurst Woods,17764499,Kohpe Takhabio,,pending,,,
241,Windurst Woods,17764500,Patsaa Maehoc,,pending,,,
241,Windurst Woods,17764501,Kuu Lohro,,pending,,,
241,Windurst Woods,17764502,Mul Betreh,,pending,,,
241,Windurst Woods,17764503,Tico Karimakiba,,pending,,,
241,Windurst Woods,17764504,Varun,,pending,,,
241,Windurst Woods,17764505,Femardaque,,pending,,,
241,Windurst Woods,17764506,Hlif,,pending,,,
241,Windurst Woods,17764507,Edmondo,,pending,,,
241,Windurst Woods,17764508,Mahoh Mahborogho,,pending,,,
241,Windurst Woods,17764509,Meh Kotomaihro,,pending,,,
241,Windurst Woods,17764510,Cayu Pensharhumi,,pending,,,
241,Windurst Woods,17764511,Ki Volep,,pending,,,
241,Windurst Woods,17764512,Dhiz Tomehrih,,pending,,,
241,Windurst Woods,17764513,Khomi Tibariah,,pending,,,
241,Windurst Woods,17764514,Hayah Dahbalesahma,,pending,,,
241,Windurst Woods,17764515,Mocchi Katsartbih,,pending,,,
241,Windurst Woods,17764516,Ten of Spades,,pending,,,
241,Windurst Woods,17764517,Nine of Spades,,pending,,,
241,Windurst Woods,17764518,Eight of Spades,,pending,,,
241,Windurst Woods,17764519,Seven of Spades,,pending,,,
241,Windurst Woods,17764520,Four of Spades,,pending,,,
241,Windurst Woods,17764521,Three of Spades,,pending,,,
241,Windurst Woods,17764522,Two of Spades,,pending,,,
241,Windurst Woods,17764523,Jack of Spades,,pending,,,
241,Windurst Woods,17764524,Uuroro,,pending,,,
241,Windurst Woods,17764530,Abby Jalunshi,,pending,,,
241,Windurst Woods,17764531,Soni-Muni,,pending,,,
241,Windurst Woods,17764532,Gottah Maporushanoh,,pending,,,
241,Windurst Woods,17764533,Gioh Ajihri,,pending,,,
241,Windurst Woods,17764534,Wani Casdohry,,pending,,,
241,Windurst Woods,17764536,Home Point #1,,pending,,,
241,Windurst Woods,17764537,Home Point #2,,pending,,,
241,Windurst Woods,17764538,Home Point #3,,pending,,,
241,Windurst Woods,17764539,Home Point #4,,pending,,,
241,Windurst Woods,17764540,Home Point #5,,pending,,,
241,Windurst Woods,17764541,Mushuhi-Metahi,,pending,,,
241,Windurst Woods,17764542,Pattsu-Yabittsu,,pending,,,
241,Windurst Woods,17764543,"Harara, W.W.",,pending,,,
241,Windurst Woods,17764561,"Panoquieur, T.K.",,pending,,,
241,Windurst Woods,17764572,Palyalya,,pending,,,
241,Windurst Woods,17764576,Gate of Darkness,,pending,,,
241,Windurst Woods,17764580,Bozack,,pending,,,
241,Windurst Woods,17764583,Samigo-Pormigo,,pending,,,
241,Windurst Woods,17764584,Hauh Colphioh,,pending,,,
241,Windurst Woods,17764585,Kopua-Mobua A.M.A.N.,,pending,,,
241,Windurst Woods,17764589,Tesch Garanjy,,pending,,,
241,Windurst Woods,17764590,Istvan,,pending,,,
241,Windurst Woods,17764591,Ibwam,,pending,,,
241,Windurst Woods,17764593,Bwi Kaghonsa,,pending,,,
241,Windurst Woods,17764594,blank,,not_applicable,,,Unnamed placeholder or door; no NPC role label.
241,Windurst Woods,17764595,Toppi-Meppi,,pending,,,
241,Windurst Woods,17764597,Game Table,,pending,,,
241,Windurst Woods,17764598,Gate: Chocobo Circuit,,pending,,,
241,Windurst Woods,17764599,Zahsa Syalmhaia,,pending,,,
241,Windurst Woods,17764600,Selele,,pending,,,
241,Windurst Woods,17764601,Artisan Moogle,,pending,,,
241,Windurst Woods,17764602,Voidwatch Purveyor,,pending,,,
241,Windurst Woods,17764603,Fhelm Jobeizat,,pending,,,
241,Windurst Woods,17764605,A.M.A.N. Reclaimer,,pending,,,
241,Windurst Woods,17764606,Funtrox,,pending,,,
241,Windurst Woods,17764607,Treasure Coffer,,pending,,,
241,Windurst Woods,17764608,Teldro-Kesdrodo,,pending,,,
241,Windurst Woods,17764609,Yonolala,,pending,,,
241,Windurst Woods,17764616,Sevah Kummekihn,,pending,,,
241,Windurst Woods,17764695,Moogle,,pending,,,
241,Windurst Woods,17764794,Wetata,,pending,,,
241,Windurst Woods,17764795,Mystic Retriever,,pending,,,
241,Windurst Woods,17764824,Ephemeral Moogle,,pending,,,
241,Windurst Woods,17764825,Ephemeral Moogle,,pending,,,
241,Windurst Woods,17764826,Julissois,,pending,,,
241,Windurst Woods,17764827,Tergil,,pending,,,
241,Windurst Woods,17764828,A.M.A.N. Validator,,pending,,,
241,Windurst Woods,17764830,A.M.A.N. Liaison,,pending,,,
241,Windurst Woods,17764831,Repairer Moogle,,pending,,,
241,Windurst Woods,17764832,blank,,not_applicable,,,Unnamed placeholder or door; no NPC role label.
241,Windurst Woods,17764833,Tales' Beginning,,pending,,,
242,Heavens Tower,17768450,warp01,,pending,,,
242,Heavens Tower,17768451,warp02,,pending,,,
242,Heavens Tower,17768452,warp03,,pending,,,
242,Heavens Tower,17768453,warp04,,pending,,,
242,Heavens Tower,17768454,warp05,,pending,,,
242,Heavens Tower,17768455,warp06,,pending,,,
242,Heavens Tower,17768456,warp07,,pending,,,
242,Heavens Tower,17768459,blank,,not_applicable,,,Unnamed placeholder or door; no NPC role label.
242,Heavens Tower,17768460,blank,,not_applicable,,,Unnamed placeholder or door; no NPC role label.
242,Heavens Tower,17768461,blank,,not_applicable,,,Unnamed placeholder or door; no NPC role label.
242,Heavens Tower,17768467,Kupipi,,pending,,,
242,Heavens Tower,17768468,Tayaya,,pending,,,
242,Heavens Tower,17768469,Urubero-Mohbero,,pending,,,
242,Heavens Tower,17768473,Gamimi,,pending,,,
242,Heavens Tower,17768474,Rakano-Marukano,,pending,,,
242,Heavens Tower,17768480,Foo Beibo,,pending,,,
242,Heavens Tower,17768481,Vahn Paineesha,,pending,,,
242,Heavens Tower,17768482,Shaz Norem,,pending,,,
242,Heavens Tower,17768483,Rhy Epocan,,pending,,,
242,Heavens Tower,17768484,Ufu Koromoa,,pending,,,
242,Heavens Tower,17768485,Transporter,,pending,,,
242,Heavens Tower,17768486,Zubaba,,pending,,,
242,Heavens Tower,17768487,Aeshushu,,pending,,,
242,Heavens Tower,17768488,Boycoco,,pending,,,
242,Heavens Tower,17768489,Churara,,pending,,,
242,Heavens Tower,17768490,Dattata,,pending,,,
242,Heavens Tower,17768491,Heruru,,pending,,,
242,Heavens Tower,17768492,Ikucheechee,,pending,,,
242,Heavens Tower,17768493,Nayutata,,pending,,,
242,Heavens Tower,17768494,Tsuryarya,,pending,,,
242,Heavens Tower,17768495,Utsuitsui,,pending,,,
242,Heavens Tower,17768496,Kinono,,pending,,,
242,Heavens Tower,17768497,Nebibi,,pending,,,
242,Heavens Tower,17768498,Kiwawa,,pending,,,
242,Heavens Tower,17768499,Ritoto,,pending,,,
242,Heavens Tower,17768500,Sheelala,,pending,,,
242,Heavens Tower,17768501,Parara,,pending,,,
242,Heavens Tower,17768502,Jatata,,pending,,,
242,Heavens Tower,17768503,Habida-Jubida,,pending,,,
242,Heavens Tower,17768504,Chuqui-Chanqui,,pending,,,
242,Heavens Tower,17768505,Lin Megomifu,,pending,,,
242,Heavens Tower,17768506,Zubu-Abibu,,pending,,,
242,Heavens Tower,17768507,Wabble-Mopple,,pending,,,
242,Heavens Tower,17768508,Tamil-Hamel,,pending,,,
242,Heavens Tower,17768509,Sassa-Kotassa,,pending,,,
242,Heavens Tower,17768510,Rayjin-Ojin,,pending,,,
242,Heavens Tower,17768511,Nului-Nlui,,pending,,,
242,Heavens Tower,17768512,Abobo,,pending,,,
242,Heavens Tower,17768513,Bebibi,,pending,,,
242,Heavens Tower,17768514,Damama,,pending,,,
242,Heavens Tower,17768515,Ewchichi,,pending,,,
242,Heavens Tower,17768516,Yakuku,,pending,,,
242,Heavens Tower,17768517,Hikkuku,,pending,,,
242,Heavens Tower,17768531,Chumimi,,pending,,,
242,Heavens Tower,17768544,Mashua,,pending,,,
242,Heavens Tower,17768552,Mhabi Molkot,,pending,,,
242,Heavens Tower,17768560,Pompi-Rompi,,pending,,,
242,Heavens Tower,17768561,Matrimonial Coffer,,pending,,,
242,Heavens Tower,17768562,Celebratory Chest,,pending,,,
242,Heavens Tower,17768567,Jerrett,,pending,,,
242,Heavens Tower,17768568,Kierron,,pending,,,
243,Ru'Lude Gardens,17772545,Nelcabrit,,pending,,,
243,Ru'Lude Gardens,17772547,Goggehn,,pending,,,
243,Ru'Lude Gardens,17772549,Pakh Jatalfih,,pending,,,
243,Ru'Lude Gardens,17772557,High Wind,,pending,,,
243,Ru'Lude Gardens,17772558,Rainhard,,pending,,,
243,Ru'Lude Gardens,17772559,Pherimociel,,pending,,,
243,Ru'Lude Gardens,17772560,Neraf-Najiruf,,pending,,,
243,Ru'Lude Gardens,17772561,Adolie,,pending,,,
243,Ru'Lude Gardens,17772562,Auchefort,,pending,,,
243,Ru'Lude Gardens,17772563,Chapi Galepilai,,pending,,,
243,Ru'Lude Gardens,17772564,Crooked Arrow,,pending,,,
243,Ru'Lude Gardens,17772565,Morlepiche,,pending,,,
243,Ru'Lude Gardens,17772566,Baran,,pending,,,
243,Ru'Lude Gardens,17772567,Petva,,pending,,,
243,Ru'Lude Gardens,17772568,Muhoho,,pending,,,
243,Ru'Lude Gardens,17772569,Colti,,pending,,,
243,Ru'Lude Gardens,17772570,Anoop,,pending,,,
243,Ru'Lude Gardens,17772571,Albiona,,pending,,,
243,Ru'Lude Gardens,17772572,Main-Harmain,,pending,,,
243,Ru'Lude Gardens,17772573,Yavoraile,,pending,,,
243,Ru'Lude Gardens,17772574,Leis,,pending,,,
243,Ru'Lude Gardens,17772575,Arenuel,,pending,,,
243,Ru'Lude Gardens,17772576,Falreze,,pending,,,
243,Ru'Lude Gardens,17772577,Radeivepart,,pending,,,
243,Ru'Lude Gardens,17772578,Kayle,,pending,,,
243,Ru'Lude Gardens,17772579,Dugga,,pending,,,
243,Ru'Lude Gardens,17772580,Ghye Dachanthu,,pending,,,
243,Ru'Lude Gardens,17772581,Auction Counter,,pending,,,
243,Ru'Lude Gardens,17772582,Auction Counter,,pending,,,
243,Ru'Lude Gardens,17772583,Auction Counter,,pending,,,
243,Ru'Lude Gardens,17772584,Auction Counter,,pending,,,
243,Ru'Lude Gardens,17772585,Elevator Button,,pending,,,
243,Ru'Lude Gardens,17772586,Perisa-Neburusa,,pending,,,
243,Ru'Lude Gardens,17772587,???,,not_applicable,,,Unnamed placeholder or door; no NPC role label.
243,Ru'Lude Gardens,17772588,blank,,not_applicable,,,Unnamed placeholder or door; no NPC role label.
243,Ru'Lude Gardens,17772589,Akta,,pending,,,
243,Ru'Lude Gardens,17772590,Pitenorelieu,,pending,,,
243,Ru'Lude Gardens,17772591,Sitting Ram,,pending,,,
243,Ru'Lude Gardens,17772592,Tsugumi,,pending,,,
243,Ru'Lude Gardens,17772593,Maat,,pending,,,
243,Ru'Lude Gardens,17772595,Harith,,pending,,,
243,Ru'Lude Gardens,17772596,Diradour,,pending,,,
243,Ru'Lude Gardens,17772597,Dabih Jajalioh,,pending,,,
243,Ru'Lude Gardens,17772598,Macchi Gazlitah,,pending,,,
243,Ru'Lude Gardens,17772628,Laityn,,pending,,,
243,Ru'Lude Gardens,17772629,Trail Markings,,pending,,,
243,Ru'Lude Gardens,17772641,relic,,pending,,,
243,Ru'Lude Gardens,17772657,Pursuivant,,pending,,,
243,Ru'Lude Gardens,17772658,Marshal,,pending,,,
243,Ru'Lude Gardens,17772659,Tillecoe,,pending,,,
243,Ru'Lude Gardens,17772661,Nomad Moogle,,pending,,,
243,Ru'Lude Gardens,17772665,Archanne,,pending,,,
243,Ru'Lude Gardens,17772707,Francmage,,pending,,,
243,Ru'Lude Gardens,17772708,Courisaille,,pending,,,
243,Ru'Lude Gardens,17772720,Taillegeas,,pending,,,
243,Ru'Lude Gardens,17772726,Venessa,,pending,,,
243,Ru'Lude Gardens,17772728,Rendezvous Point,,pending,,,
243,Ru'Lude Gardens,17772740,Nuria,,pending,,,
243,Ru'Lude Gardens,17772771,Ajahkeem,,pending,,,
243,Ru'Lude Gardens,17772773,Explorer Moogle,,pending,,,
243,Ru'Lude Gardens,17772774,Hunt Registry,,pending,,,
243,Ru'Lude Gardens,17772776,Assai Nybaem,,pending,,,
243,Ru'Lude Gardens,17772778,Magian Moogle,,pending,,,
243,Ru'Lude Gardens,17772780,Delivery Crate,,pending,,,
243,Ru'Lude Gardens,17772781,Splintery Chest,,pending,,,
243,Ru'Lude Gardens,17772782,Magian Moogle,,pending,,,
243,Ru'Lude Gardens,17772784,Magian Moogle,,pending,,,
243,Ru'Lude Gardens,17772789,Mandragora Assistant,,pending,,,
243,Ru'Lude Gardens,17772790,blank,,not_applicable,,,Unnamed placeholder or door; no NPC role label.
243,Ru'Lude Gardens,17772833,Artisan Moogle,,pending,,,
243,Ru'Lude Gardens,17772836,Fabien,,pending,,,
243,Ru'Lude Gardens,17772837,Vincent,,pending,,,
243,Ru'Lude Gardens,17772838,Voidwatch Purveyor,,pending,,,
243,Ru'Lude Gardens,17772843,Anastase,,pending,,,
243,Ru'Lude Gardens,17772844,Proto-Waypoint,,pending,,,
243,Ru'Lude Gardens,17772845,Home Point #1,,pending,,,
243,Ru'Lude Gardens,17772846,Home Point #2,,pending,,,
243,Ru'Lude Gardens,17772847,Home Point #3,,pending,,,
243,Ru'Lude Gardens,17772852,Jamal,,pending,,,
243,Ru'Lude Gardens,17772853,Marjory,,pending,,,
243,Ru'Lude Gardens,17772854,Syndella,,pending,,,
243,Ru'Lude Gardens,17772855,Survival Guide,,pending,,,
243,Ru'Lude Gardens,17772857,Resume Point,,pending,,,
243,Ru'Lude Gardens,17772864,Mystic Retriever,,pending,,,
243,Ru'Lude Gardens,17772865,???,,not_applicable,,,Unnamed placeholder or door; no NPC role label.
243,Ru'Lude Gardens,17772868,Enigmatic Footprints #1,,pending,,,
243,Ru'Lude Gardens,17772869,Enigmatic Footprints #2,,pending,,,
244,Upper Jeuno,17776641,Monberaux,,pending,,,
244,Upper Jeuno,17776642,Rosaline,,pending,,,
244,Upper Jeuno,17776643,Souren,,pending,,,
244,Upper Jeuno,17776644,Constance,,pending,,,
244,Upper Jeuno,17776649,Chocobo,,pending,,,
244,Upper Jeuno,17776650,Chocobo,,pending,,,
244,Upper Jeuno,17776651,Chocobo,,pending,,,
244,Upper Jeuno,17776652,Brutus,,pending,,,
244,Upper Jeuno,17776653,Osker,,pending,,,
244,Upper Jeuno,17776654,Shalott,,pending,,,
244,Upper Jeuno,17776656,Collet,,pending,,,
244,Upper Jeuno,17776659,Baudin,,pending,,,
244,Upper Jeuno,17776660,Audia,,pending,,,
244,Upper Jeuno,17776661,Mailloquetat,,pending,,,
244,Upper Jeuno,17776662,Rouliette,,pending,,,
244,Upper Jeuno,17776663,Chiphraix,,pending,,,
244,Upper Jeuno,17776664,Polly,,pending,,,
244,Upper Jeuno,17776667,Ilumida,,pending,,,
244,Upper Jeuno,17776671,Shiroro,,pending,,,
244,Upper Jeuno,17776672,Paya-Sabya,,pending,,,
244,Upper Jeuno,17776673,Geebeh,,pending,,,
244,Upper Jeuno,17776676,Zuber,,pending,,,
244,Upper Jeuno,17776677,Glyke,,pending,,,
244,Upper Jeuno,17776678,Artush,,pending,,,
244,Upper Jeuno,17776679,Kortso-Paratso,,pending,,,
244,Upper Jeuno,17776680,Taylen,,pending,,,
244,Upper Jeuno,17776681,Zelma,,pending,,,
244,Upper Jeuno,17776682,Mojuro-Nojuro,,pending,,,
244,Upper Jeuno,17776683,Hinda,,pending,,,
244,Upper Jeuno,17776684,Bozz,,pending,,,
244,Upper Jeuno,17776685,Tewo Rutuminpa,,pending,,,
244,Upper Jeuno,17776686,Bheem,,pending,,,
244,Upper Jeuno,17776687,Garadaut,,pending,,,
244,Upper Jeuno,17776688,Silver Tail,,pending,,,
244,Upper Jeuno,17776689,Nevela,,pending,,,
244,Upper Jeuno,17776690,Nekha Shachaba,,pending,,,
244,Upper Jeuno,17776691,Balkehr,,pending,,,
244,Upper Jeuno,17776692,Sibila-Mobla,,pending,,,
244,Upper Jeuno,17776693,Renik,,pending,,,
244,Upper Jeuno,17776694,Palarillont,,pending,,,
244,Upper Jeuno,17776695,Guslam,,pending,,,
244,Upper Jeuno,17776696,Deadly Minnow,,pending,,,
244,Upper Jeuno,17776708,Tinjue,,pending,,,
244,Upper Jeuno,17776709,Chocobo,,pending,,,
244,Upper Jeuno,17776710,Chocobo,,pending,,,
244,Upper Jeuno,17776711,Mejuone,,pending,,,
244,Upper Jeuno,17776712,Mairee,,pending,,,
244,Upper Jeuno,17776713,Couvoullie,,pending,,,
244,Upper Jeuno,17776714,Coumuna,,pending,,,
244,Upper Jeuno,17776715,Antonia,,pending,,,
244,Upper Jeuno,17776716,Khe Chalahko,,pending,,,
244,Upper Jeuno,17776717,Champalpieu,,pending,,,
244,Upper Jeuno,17776718,Areebah,,pending,,,
244,Upper Jeuno,17776719,Theraisie,,pending,,,
244,Upper Jeuno,17776720,Rusese,,pending,,,
244,Upper Jeuno,17776721,Leillaine,,pending,,,
244,Upper Jeuno,17776722,Edlina,,pending,,,
244,Upper Jeuno,17776723,Appollonia,,pending,,,
244,Upper Jeuno,17776724,Ratoto,,pending,,,
244,Upper Jeuno,17776725,Zekobi-Morokobi,,pending,,,
244,Upper Jeuno,17776726,Guide Stone,,pending,,,
244,Upper Jeuno,17776727,Home Point #1,,pending,,,
244,Upper Jeuno,17776728,Home Point #2,,pending,,,
244,Upper Jeuno,17776729,Home Point #3,,pending,,,
244,Upper Jeuno,17776732,Indika,,pending,,,
244,Upper Jeuno,17776733,Ulesa,,pending,,,
244,Upper Jeuno,17776734,Wise Wolf,,pending,,,
244,Upper Jeuno,17776735,Shama Pikholo,,pending,,,
244,Upper Jeuno,17776736,Kasra,,pending,,,
244,Upper Jeuno,17776737,Koriso-Manriso,,pending,,,
244,Upper Jeuno,17776738,Emitt,,pending,,,
244,Upper Jeuno,17776773,Migliorozz,,pending,,,
244,Upper Jeuno,17776778,Moritz,,pending,,,
244,Upper Jeuno,17776780,Luto Mewrilah,,pending,,,
244,Upper Jeuno,17776805,Afdeen,,pending,,,
244,Upper Jeuno,17776806,Marshal,,pending,,,
244,Upper Jeuno,17776815,Ajithaam,,pending,,,
244,Upper Jeuno,17776821,Finbarr,,pending,,,
244,Upper Jeuno,17776824,Game Table,,pending,,,
244,Upper Jeuno,17776826,Laila,,pending,,,
244,Upper Jeuno,17776827,Rhea Myuliah,,pending,,,
244,Upper Jeuno,17776828,Olgald,,pending,,,
244,Upper Jeuno,17776832,Turlough,,pending,,,
244,Upper Jeuno,17776833,Alfrieda,,pending,,,
244,Upper Jeuno,17776834,Finnela,,pending,,,
244,Upper Jeuno,17776858,Mhao Kehtsoruho,,pending,,,
244,Upper Jeuno,17776876,Burrow Investigator,,pending,,,
244,Upper Jeuno,17776877,Inconspicuous Door,,pending,,,
244,Upper Jeuno,17776885,Voidwatch Purveyor,,pending,,,
244,Upper Jeuno,17776886,Priztrix,,pending,,,
244,Upper Jeuno,17776887,Treasure Coffer,,pending,,,
244,Upper Jeuno,17776896,Mapitoto,,pending,,,
244,Upper Jeuno,17776902,Elijah,,pending,,,
245,Lower Jeuno,17780742,Ghebi Damomohe,,pending,,,
245,Lower Jeuno,17780743,Aldo,,pending,,,
245,Lower Jeuno,17780747,Garnev,,pending,,,
245,Lower Jeuno,17780748,Yin Pocanakhu,,pending,,,
245,Lower Jeuno,17780749,Harnek,,pending,,,
245,Lower Jeuno,17780750,Sattal-Mansal,,pending,,,
245,Lower Jeuno,17780753,Chocobo,,pending,,,
245,Lower Jeuno,17780754,Tovrutaux,,pending,,,
245,Lower Jeuno,17780755,Seyaya,,pending,,,
245,Lower Jeuno,17780756,Teigero-Bangero,,pending,,,
245,Lower Jeuno,17780757,Naruru,,pending,,,
245,Lower Jeuno,17780758,Panta-Putta,,pending,,,
245,Lower Jeuno,17780760,Pawkrix,,pending,,,
245,Lower Jeuno,17780761,Muckvix,,pending,,,
245,Lower Jeuno,17780762,Bluffnix,,pending,,,
245,Lower Jeuno,17780764,Mertaire,,pending,,,
245,Lower Jeuno,17780765,Mataligeat,,pending,,,
245,Lower Jeuno,17780766,Bki Tbujhja,,pending,,,
245,Lower Jeuno,17780768,Ruslan,,pending,,,
245,Lower Jeuno,17780769,Derrick,,pending,,,
245,Lower Jeuno,17780770,Kurou-Morou,,pending,,,
245,Lower Jeuno,17780771,Chululu,,pending,,,
245,Lower Jeuno,17780773,Sutarara,,pending,,,
245,Lower Jeuno,17780774,Joseph,,pending,,,
245,Lower Jeuno,17780775,Danzhor,,pending,,,
245,Lower Jeuno,17780776,Raji,,pending,,,
245,Lower Jeuno,17780777,Shomera,,pending,,,
245,Lower Jeuno,17780778,Crazy Wolf,,pending,,,
245,Lower Jeuno,17780779,Amhu Sabaroleka,,pending,,,
245,Lower Jeuno,17780780,Jazmin,,pending,,,
245,Lower Jeuno,17780781,Tawfeeq,,pending,,,
245,Lower Jeuno,17780782,Bogharg,,pending,,,
245,Lower Jeuno,17780783,Odasel,,pending,,,
245,Lower Jeuno,17780784,Kikilolo,,pending,,,
245,Lower Jeuno,17780785,Nakho Jawantal,,pending,,,
245,Lower Jeuno,17780786,Gurdern,,pending,,,
245,Lower Jeuno,17780787,Omer,,pending,,,
245,Lower Jeuno,17780788,Venika,,pending,,,
245,Lower Jeuno,17780789,Saprut,,pending,,,
245,Lower Jeuno,17780790,Kuah Dakonsa,,pending,,,
245,Lower Jeuno,17780791,Yamilla,,pending,,,
245,Lower Jeuno,17780792,Honorine,,pending,,,
245,Lower Jeuno,17780793,Momiji,,pending,,,
245,Lower Jeuno,17780794,Navisse,,pending,,,
245,Lower Jeuno,17780795,Vola,,pending,,,
245,Lower Jeuno,17780796,Mendi,,pending,,,
245,Lower Jeuno,17780798,Guttrix,,pending,,,
245,Lower Jeuno,17780802,Yatniel,,pending,,,
245,Lower Jeuno,17780807,Sniggnix,,pending,,,
245,Lower Jeuno,17780812,Vingijard,,pending,,,
245,Lower Jeuno,17780821,Geuhbe,,pending,,,
245,Lower Jeuno,17780841,Stinknix,,pending,,,
245,Lower Jeuno,17780842,Yoskolo,,pending,,,
245,Lower Jeuno,17780843,Tuh Almobankha,,pending,,,
245,Lower Jeuno,17780844,Biora,,pending,,,
245,Lower Jeuno,17780845,Subash,,pending,,,
245,Lower Jeuno,17780846,Mesukiki,,pending,,,
245,Lower Jeuno,17780847,Auction Counter,,pending,,,
245,Lower Jeuno,17780848,Auction Counter,,pending,,,
245,Lower Jeuno,17780849,Auction Counter,,pending,,,
245,Lower Jeuno,17780850,Auction Counter,,pending,,,
245,Lower Jeuno,17780851,Chocobo,,pending,,,
245,Lower Jeuno,17780852,Chocobo,,pending,,,
245,Lower Jeuno,17780853,Shashan-Mishan,,pending,,,
245,Lower Jeuno,17780854,rarabcaged,,pending,,,
245,Lower Jeuno,17780855,rarabcaged,,pending,,,
245,Lower Jeuno,17780856,Miladi-Nildi,,pending,,,
245,Lower Jeuno,17780857,Akamafula,,pending,,,
245,Lower Jeuno,17780858,Amalasanda,,pending,,,
245,Lower Jeuno,17780859,Creepstix,,pending,,,
245,Lower Jeuno,17780860,Promurouve,,pending,,,
245,Lower Jeuno,17780861,Adelflete,,pending,,,
245,Lower Jeuno,17780862,Morefie,,pending,,,
245,Lower Jeuno,17780863,Matoaka,,pending,,,
245,Lower Jeuno,17780864,Chetak,,pending,,,
245,Lower Jeuno,17780865,Chenokih,,pending,,,
245,Lower Jeuno,17780866,Hasim,,pending,,,
245,Lower Jeuno,17780867,Susu,,pending,,,
245,Lower Jeuno,17780868,Taza,,pending,,,
245,Lower Jeuno,17780869,Rhimonne,,pending,,,
245,Lower Jeuno,17780870,Audee,,pending,,,
245,Lower Jeuno,17780871,Fephita,,pending,,,
245,Lower Jeuno,17780872,Guide Stone,,pending,,,
245,Lower Jeuno,17780873,Home Point #1,,pending,,,
245,Lower Jeuno,17780874,Home Point #2,,pending,,,
245,Lower Jeuno,17780878,Alrauverat,,pending,,,
245,Lower Jeuno,17780879,Zauko,,pending,,,
245,Lower Jeuno,17780911,Parike-Poranke,,pending,,,
245,Lower Jeuno,17780912,Caruvinda,,pending,,,
245,Lower Jeuno,17780924,Faursel,,pending,,,
245,Lower Jeuno,17780925,Game Table,,pending,,,
245,Lower Jeuno,17780926,Game Table,,pending,,,
245,Lower Jeuno,17780927,Game Table,,pending,,,
245,Lower Jeuno,17780928,Rakuru-Rakoru,,pending,,,
245,Lower Jeuno,17780931,Zalsuhm,,pending,,,
245,Lower Jeuno,17780941,Liki Steligho,,pending,,,
245,Lower Jeuno,17780942,Treasure Coffer,,pending,,,
245,Lower Jeuno,17780943,Chatnachoq,,pending,,,
245,Lower Jeuno,17780944,Maze Mongers Shopfront,,pending,,,
245,Lower Jeuno,17780946,Goldagrik,,pending,,,
245,Lower Jeuno,17780947,Duplidoc,,pending,,,
245,Lower Jeuno,17780949,Duplidoc,,pending,,,
245,Lower Jeuno,17780950,Duplidoc,,pending,,,
245,Lower Jeuno,17780951,Duplidoc,,pending,,,
245,Lower Jeuno,17780952,Duplidoc,,pending,,,
245,Lower Jeuno,17780953,Duplidoc,,pending,,,
245,Lower Jeuno,17780954,Duplidoc,,pending,,,
245,Lower Jeuno,17780955,Duplidoc,,pending,,,
245,Lower Jeuno,17780956,Duplidoc,,pending,,,
245,Lower Jeuno,17780957,Duplidoc,,pending,,,
245,Lower Jeuno,17780958,Chimh Dlesbah,,pending,,,
245,Lower Jeuno,17780959,Darcia,,pending,,,
245,Lower Jeuno,17780960,Waypoint,,pending,,,
245,Lower Jeuno,17780963,Boisterous Jackal,,pending,,,
245,Lower Jeuno,17780978,Porter Moogle,,pending,,,
245,Lower Jeuno,17780980,Voidwatch Purveyor,,pending,,,
245,Lower Jeuno,17780981,Domenic,,pending,,,
245,Lower Jeuno,17780982,Nantoto,,pending,,,
245,Lower Jeuno,17780998,Sweepstox,,pending,,,
245,Lower Jeuno,17780999,Treasure Coffer,,pending,,,
245,Lower Jeuno,17781000,Greyson,,pending,,,
245,Lower Jeuno,17781071,blank,,not_applicable,,,Unnamed placeholder or door; no NPC role label.
245,Lower Jeuno,17781072,Tales' Beginning,,pending,,,
246,Port Jeuno,17784833,Rinzei,,pending,,,
246,Port Jeuno,17784834,Gekko,,pending,,,
246,Port Jeuno,17784835,Leyla,,pending,,,
246,Port Jeuno,17784836,Karl,,pending,,,
246,Port Jeuno,17784837,Buntz,,pending,,,
246,Port Jeuno,17784838,Jaha Amariyo,,pending,,,
246,Port Jeuno,17784839,Cumetouflaix,,pending,,,
246,Port Jeuno,17784840,Imasuke,,pending,,,
246,Port Jeuno,17784841,Yurugu-Homurugu,,pending,,,
246,Port Jeuno,17784842,Chudigrimane,,pending,,,
246,Port Jeuno,17784843,Haubijoux,,pending,,,
246,Port Jeuno,17784844,Roupatour,,pending,,,
246,Port Jeuno,17784845,Moulloie,,pending,,,
246,Port Jeuno,17784846,Purequane,,pending,,,
246,Port Jeuno,17784847,Naravime,,pending,,,
246,Port Jeuno,17784848,Ceno,,pending,,,
246,Port Jeuno,17784849,Asolmieu,,pending,,,
246,Port Jeuno,17784850,Phouminnet,,pending,,,
246,Port Jeuno,17784851,Avijit,,pending,,,
246,Port Jeuno,17784852,Gatita,,pending,,,
246,Port Jeuno,17784853,Zedduva,,pending,,,
246,Port Jeuno,17784854,Nikki,,pending,,,
246,Port Jeuno,17784855,White Beetle,,pending,,,
246,Port Jeuno,17784856,Raging Lion,,pending,,,
246,Port Jeuno,17784857,Inesh,,pending,,,
246,Port Jeuno,17784858,Anneliese,,pending,,,
246,Port Jeuno,17784859,Pranab,,pending,,,
246,Port Jeuno,17784860,Cheli,,pending,,,
246,Port Jeuno,17784861,Gaura,,pending,,,
246,Port Jeuno,17784862,Rachocho,,pending,,,
246,Port Jeuno,17784863,Omiro-Zamiro,,pending,,,
246,Port Jeuno,17784864,Funono,,pending,,,
246,Port Jeuno,17784865,Kuya-Moya,,pending,,,
246,Port Jeuno,17784866,Supiroro,,pending,,,
246,Port Jeuno,17784867,Puhn Dapojal,,pending,,,
246,Port Jeuno,17784868,Vikhu Nakuaino,,pending,,,
246,Port Jeuno,17784869,Yon Boskoti,,pending,,,
246,Port Jeuno,17784870,Dhaso Toehprin,,pending,,,
246,Port Jeuno,17784871,Najib,,pending,,,
246,Port Jeuno,17784872,Ramicharaux,,pending,,,
246,Port Jeuno,17784873,Silent Lynx,,pending,,,
246,Port Jeuno,17784874,Chaka Skitimah,,pending,,,
246,Port Jeuno,17784875,Jhuo Halmanzoh,,pending,,,
246,Port Jeuno,17784876,Daju,,pending,,,
246,Port Jeuno,17784877,Tautorie,,pending,,,
246,Port Jeuno,17784878,Illauvolahaut,,pending,,,
246,Port Jeuno,17784879,Dapol,,pending,,,
246,Port Jeuno,17784880,Saprut,,pending,,,
246,Port Jeuno,17784881,Gavin,,pending,,,
246,Port Jeuno,17784882,Tsolag,,pending,,,
246,Port Jeuno,17784883,Jaipal,,pending,,,
246,Port Jeuno,17784884,Chocobo,,pending,,,
246,Port Jeuno,17784885,Chocobo,,pending,,,
246,Port Jeuno,17784886,Challoux,,pending,,,
246,Port Jeuno,17784887,Caffie,,pending,,,
246,Port Jeuno,17784888,Narsha,,pending,,,
246,Port Jeuno,17784889,Home Point #1,,pending,,,
246,Port Jeuno,17784890,Home Point #2,,pending,,,
246,Port Jeuno,17784894,Leffquen,,pending,,,
246,Port Jeuno,17784895,Marnie,,pending,,,
246,Port Jeuno,17784896,Zona Shodhun,,pending,,,
246,Port Jeuno,17784897,Guide Stone,,pending,,,
246,Port Jeuno,17784898,Naurmaire,,pending,,,
246,Port Jeuno,17784899,Khumo Daramasteh,,pending,,,
246,Port Jeuno,17784900,Red Ghost,,pending,,,
246,Port Jeuno,17784901,Falak,,pending,,,
246,Port Jeuno,17784902,Pitantimand,,pending,,,
246,Port Jeuno,17784903,???,,not_applicable,,,Unnamed placeholder or door; no NPC role label.
246,Port Jeuno,17784905,Shami,,pending,,,
246,Port Jeuno,17784906,Basmus,,pending,,,
246,Port Jeuno,17784907,Kouang,,pending,,,
246,Port Jeuno,17784908,Rilve-Hitolve,,pending,,,
246,Port Jeuno,17784909,Sapladrepoin,,pending,,,
246,Port Jeuno,17784910,Digaga,,pending,,,
246,Port Jeuno,17784911,Veujaie,,pending,,,
246,Port Jeuno,17784912,Kochahy-Muwachahy,,pending,,,
246,Port Jeuno,17784913,Dohhel,,pending,,,
246,Port Jeuno,17784953,Guddal,,pending,,,
246,Port Jeuno,17784954,Sanosuke,,pending,,,
246,Port Jeuno,17784955,Garridan,,pending,,,
246,Port Jeuno,17784962,Sagheera,,pending,,,
246,Port Jeuno,17784963,Game Table,,pending,,,
246,Port Jeuno,17784964,blank,,not_applicable,,,Unnamed placeholder or door; no NPC role label.
246,Port Jeuno,17784965,Gate: Chocobo Circuit,,pending,,,
246,Port Jeuno,17784966,Squintrox Dryeyes,,pending,,,
246,Port Jeuno,17784967,Synergy Engineer,,pending,,,
246,Port Jeuno,17784968,Synergy Engineer,,pending,,,
246,Port Jeuno,17784969,Synergy Furnace,,pending,,,
246,Port Jeuno,17784970,Synergy Furnace,,pending,,,
246,Port Jeuno,17784971,Synergy Furnace,,pending,,,
246,Port Jeuno,17784972,Synergy Furnace,,pending,,,
246,Port Jeuno,17784973,Synergy Enthusiast,,pending,,,
246,Port Jeuno,17784979,Joachim,,pending,,,
246,Port Jeuno,17784980,Zuah Lepahnyu,,pending,,,
246,Port Jeuno,17784981,Horst,,pending,,,
246,Port Jeuno,17784982,Treasure Coffer,,pending,,,
246,Port Jeuno,17784983,Abyssea Campaign,,pending,,,
246,Port Jeuno,17784984,Kindlix,,pending,,,
246,Port Jeuno,17784985,Pyropox,,pending,,,
246,Port Jeuno,17784986,Voidwatch Purveyor,,pending,,,
246,Port Jeuno,17784987,Shemo,,pending,,,
246,Port Jeuno,17784988,Oboro,,pending,,,
246,Port Jeuno,17784989,Monisette,,pending,,,
246,Port Jeuno,17785002,Mystic Retriever,,pending,,,
246,Port Jeuno,17785003,Mewk Chorosap,,pending,,,
246,Port Jeuno,17785004,Synthesis Focuser II,,pending,,,
246,Port Jeuno,17785009,Munitions Moogle,,pending,,,
246,Port Jeuno,17785010,blank,,not_applicable,,,Unnamed placeholder or door; no NPC role label.
246,Port Jeuno,17785011,Tales' Beginning,,pending,,,
247,Rabao,17788930,Angry Goat,,pending,,,
247,Rabao,17788931,Maryoh Comyujah,,pending,,,
247,Rabao,17788932,Cothric,,pending,,,
247,Rabao,17788933,Chamaja-Tamaja,,pending,,,
247,Rabao,17788934,Skeea,,pending,,,
247,Rabao,17788935,Golden Condor,,pending,,,
247,Rabao,17788936,Edigey,,pending,,,
247,Rabao,17788937,Kedhareshvar,,pending,,,
247,Rabao,17788938,Alfesar,,pending,,,
247,Rabao,17788939,Bald Aurochs,,pending,,,
247,Rabao,17788940,Iron Muscles,,pending,,,
247,Rabao,17788941,Eflatun,,pending,,,
247,Rabao,17788942,Yabehbeh,,pending,,,
247,Rabao,17788943,Shiny Teeth,,pending,,,
247,Rabao,17788944,Brave Wolf,,pending,,,
247,Rabao,17788945,Brave Ox,,pending,,,
247,Rabao,17788946,Scamplix,,pending,,,
247,Rabao,17788947,Pakhi Churhebi,,pending,,,
247,Rabao,17788948,Spirit Singer,,pending,,,
247,Rabao,17788949,Cavalgrinne,,pending,,,
247,Rabao,17788950,Smiling Rat,,pending,,,
247,Rabao,17788951,Hyesun,,pending,,,
247,Rabao,17788952,Nomad Moogle,,pending,,,
247,Rabao,17788953,Nomad Moogle,,pending,,,
247,Rabao,17788954,Nomad Moogle,,pending,,,
247,Rabao,17788955,Home Point #1,,pending,,,
247,Rabao,17788956,Home Point #2,,pending,,,
247,Rabao,17788970,Ashu Bolkhomo,,pending,,,
247,Rabao,17788971,Amaja-Kumaja,,pending,,,
247,Rabao,17788972,Shupah Mujuuk,,pending,,,
247,Rabao,17788973,Waylea,,pending,,,
247,Rabao,17788974,Irmilant,,pending,,,
247,Rabao,17788975,Datta,,pending,,,
247,Rabao,17788976,Agado-Pugado,,pending,,,
247,Rabao,17788977,Rahi Fohlatti,,pending,,,
247,Rabao,17788981,Guinavie,,pending,,,
247,Rabao,17788982,blank,,not_applicable,,,Unnamed placeholder or door; no NPC role label.
247,Rabao,17788983,Leodarion,,pending,,,
247,Rabao,17788984,Generoit,,pending,,,
247,Rabao,17788987,Mileon,,pending,,,
247,Rabao,17788988,Zungutt,,pending,,,
247,Rabao,17788989,Dancing Wolf,,pending,,,
247,Rabao,17788995,Zoriboh,,pending,,,
247,Rabao,17788996,Rudolfo,,pending,,,
247,Rabao,17789001,Hunt Registry,,pending,,,
247,Rabao,17789009,Porter Moogle,,pending,,,
247,Rabao,17789012,Gushing Spring,,pending,,,
247,Rabao,17789016,Atmacite Refiner,,pending,,,
247,Rabao,17789017,Quwi Orihbhe,,pending,,,
247,Rabao,17789018,Proto-Waypoint,,pending,,,
247,Rabao,17789022,Jourdenaux,,pending,,,
247,Rabao,17789028,Mandragora Assistant,,pending,,,
247,Rabao,17789029,blank,,not_applicable,,,Unnamed placeholder or door; no NPC role label.
247,Rabao,17789075,Survival Guide,,pending,,,
247,Rabao,17789076,Veridical Conflux,,pending,,,
247,Rabao,17789079,???,,not_applicable,,,Unnamed placeholder or door; no NPC role label.
248,Selbina,17793026,Thunder Hawk,,pending,,,
248,Selbina,17793029,Manfried,,pending,,,
248,Selbina,17793030,Velema,,pending,,,
248,Selbina,17793031,Flandiace,,pending,,,
248,Selbina,17793032,Elfriede,,pending,,,
248,Selbina,17793033,Herminia,,pending,,,
248,Selbina,17793034,Pascaut,,pending,,,
248,Selbina,17793035,Valgeir,,pending,,,
248,Selbina,17793036,Torapiont,,pending,,,
248,Selbina,17793037,Mendoline,,pending,,,
248,Selbina,17793038,Graegham,,pending,,,
248,Selbina,17793039,Abelard,,pending,,,
248,Selbina,17793040,Naillina,,pending,,,
248,Selbina,17793041,Dohdjuma,,pending,,,
248,Selbina,17793042,Romeo,,pending,,,
248,Selbina,17793043,Oswald,,pending,,,
248,Selbina,17793044,Oleg,,pending,,,
248,Selbina,17793045,Jimaida,,pending,,,
248,Selbina,17793046,Yaya,,pending,,,
248,Selbina,17793047,Zaldon,,pending,,,
248,Selbina,17793048,Gabwaleid,,pending,,,
248,Selbina,17793049,Melyon,,pending,,,
248,Selbina,17793050,Ramona,,pending,,,
248,Selbina,17793051,Mathilde,,pending,,,
248,Selbina,17793053,Tilala,,pending,,,
248,Selbina,17793054,Gibol,,pending,,,
248,Selbina,17793055,Mee,,pending,,,
248,Selbina,17793056,Baa,,pending,,,
248,Selbina,17793057,Vuntar,,pending,,,
248,Selbina,17793058,Isacio,,pending,,,
248,Selbina,17793059,Devean,,pending,,,
248,Selbina,17793060,Pomulus,,pending,,,
248,Selbina,17793061,Moreche,,pending,,,
248,Selbina,17793062,Meldivon,,pending,,,
248,Selbina,17793063,Vobo,,pending,,,
248,Selbina,17793064,Orithyia,,pending,,,
248,Selbina,17793065,Wachiwi,,pending,,,
248,Selbina,17793066,Lombaria,,pending,,,
248,Selbina,17793067,Quelpia,,pending,,,
248,Selbina,17793068,Chutarmire,,pending,,,
248,Selbina,17793069,Home Point #1,,pending,,,
248,Selbina,17793078,Lucia,,pending,,,
248,Selbina,17793079,Catus,,pending,,,
248,Selbina,17793080,Aleria,,pending,,,
248,Selbina,17793081,Bretta,,pending,,,
248,Selbina,17793082,Raging Tiger,,pending,,,
248,Selbina,17793083,Sleeping Lizard,,pending,,,
248,Selbina,17793084,Humilitie,,pending,,,
248,Selbina,17793090,Yulon-Polon,,pending,,,
248,Selbina,17793106,Battal,,pending,,,
248,Selbina,17793121,Diederik,,pending,,,
248,Selbina,17793127,Wenzel,,pending,,,
248,Selbina,17793128,Boris,,pending,,,
248,Selbina,17793129,Nomad Moogle,,pending,,,
248,Selbina,17793130,Nomad Moogle,,pending,,,
248,Selbina,17793133,Falgima,,pending,,,
248,Selbina,17793134,Chenon,,pending,,,
248,Selbina,17793135,blank,,not_applicable,,,Unnamed placeholder or door; no NPC role label.
248,Selbina,17793136,Porter Moogle,,pending,,,
248,Selbina,17793138,Jillia,,pending,,,
248,Selbina,17793139,Proto-Waypoint,,pending,,,
248,Selbina,17793144,Helina,,pending,,,
248,Selbina,17793146,Esteban,,pending,,,
248,Selbina,17793149,Pacomart,,pending,,,
248,Selbina,17793150,Veridical Conflux,,pending,,,
249,Mhaura,17797122,Hyria,,pending,,,
249,Mhaura,17797123,Somo Aatsula,,pending,,,
249,Mhaura,17797124,Mauh Halaapah,,pending,,,
249,Mhaura,17797125,Maximin,,pending,,,
249,Mhaura,17797126,Zhon Kihshimo,,pending,,,
249,Mhaura,17797127,Runito-Monito,,pending,,,
249,Mhaura,17797128,Take,,pending,,,
249,Mhaura,17797129,Rycharde,,pending,,,
249,Mhaura,17797130,Graine,,pending,,,
249,Mhaura,17797131,Yabby Tanmikey,,pending,,,
249,Mhaura,17797132,Celestina,,pending,,,
249,Mhaura,17797134,Mololo,,pending,,,
249,Mhaura,17797135,Kamilah,,pending,,,
249,Mhaura,17797136,Ekokoko,,pending,,,
249,Mhaura,17797137,Numi Adaligo,,pending,,,
249,Mhaura,17797138,Pikini-Mikini,,pending,,,
249,Mhaura,17797139,Orlando,,pending,,,
249,Mhaura,17797140,blank,,not_applicable,,,Unnamed placeholder or door; no NPC role label.
249,Mhaura,17797141,blank,,not_applicable,,,Unnamed placeholder or door; no NPC role label.
249,Mhaura,17797142,blank,,not_applicable,,,Unnamed placeholder or door; no NPC role label.
249,Mhaura,17797143,blank,,not_applicable,,,Unnamed placeholder or door; no NPC role label.
249,Mhaura,17797144,Grimr,,pending,,,
249,Mhaura,17797145,Zexu,,pending,,,
249,Mhaura,17797146,Bihoro-Guhoro,,pending,,,
249,Mhaura,17797147,Kupupu,,pending,,,
249,Mhaura,17797148,Amalanbraux,,pending,,,
249,Mhaura,17797149,Galdo,,pending,,,
249,Mhaura,17797150,Lakom-Lukom,,pending,,,
249,Mhaura,17797151,Jikka-Abukka,,pending,,,
249,Mhaura,17797152,Itzha Delavhitta,,pending,,,
249,Mhaura,17797153,Blandine,,pending,,,
249,Mhaura,17797155,Nereus,,pending,,,
249,Mhaura,17797156,Vera,,pending,,,
249,Mhaura,17797157,Katsunaga,,pending,,,
249,Mhaura,17797158,Kotan-Purutan,,pending,,,
249,Mhaura,17797159,Pekuku,,pending,,,
249,Mhaura,17797160,Ludwig,,pending,,,
249,Mhaura,17797161,Home Point #1,,pending,,,
249,Mhaura,17797172,Felisa,,pending,,,
249,Mhaura,17797173,Albin,,pending,,,
249,Mhaura,17797174,Radhika,,pending,,,
249,Mhaura,17797175,Emyr,,pending,,,
249,Mhaura,17797176,Condor Eye,,pending,,,
249,Mhaura,17797177,Standing Bear,,pending,,,
249,Mhaura,17797178,Dieh Yamilsiah,,pending,,,
249,Mhaura,17797183,Laughing Bison,,pending,,,
249,Mhaura,17797184,blank,,not_applicable,,,Unnamed placeholder or door; no NPC role label.
249,Mhaura,17797195,Willah Maratahya,,pending,,,
249,Mhaura,17797196,Hagain,,pending,,,
249,Mhaura,17797197,Koh Lenbalalako,,pending,,,
249,Mhaura,17797224,Ripapa,,pending,,,
249,Mhaura,17797225,Lacia,,pending,,,
249,Mhaura,17797229,Phoochuchu,,pending,,,
249,Mhaura,17797230,Mathele,,pending,,,
249,Mhaura,17797231,Fyi Chalmwoh,,pending,,,
249,Mhaura,17797232,Keshab-Menjab,,pending,,,
249,Mhaura,17797245,Emila,,pending,,,
249,Mhaura,17797246,Wilhelm,,pending,,,
249,Mhaura,17797249,Mauriri,,pending,,,
249,Mhaura,17797250,Panoru-Kanoru,,pending,,,
249,Mhaura,17797251,Nomad Moogle,,pending,,,
249,Mhaura,17797252,Nomad Moogle,,pending,,,
249,Mhaura,17797255,Tya Padolih,,pending,,,
249,Mhaura,17797256,Porter Moogle,,pending,,,
249,Mhaura,17797258,Zurko-Bazurko,,pending,,,
249,Mhaura,17797259,Proto-Waypoint,,pending,,,
249,Mhaura,17797267,Marilionne,,pending,,,
249,Mhaura,17797270,Tonasav,,pending,,,
249,Mhaura,17797271,Ambuscade Tome,,pending,,,
249,Mhaura,17797274,Gorpa-Masorpa,,pending,,,
249,Mhaura,17797277,Mandragora Assistant,,pending,,,
249,Mhaura,17797278,blank,,not_applicable,,,Unnamed placeholder or door; no NPC role label.
250,Kazham,17801218,Khau Mahiyoeloh,,pending,,,
250,Kazham,17801219,Tsui Golalapahn,,pending,,,
250,Kazham,17801220,Haih Ahmpagako,,pending,,,
250,Kazham,17801221,Mijeh Sholpoilo,,pending,,,
250,Kazham,17801222,Pofhu Tendelicon,,pending,,,
250,Kazham,17801223,Kocho Phunakcham,,pending,,,
250,Kazham,17801224,Jakoh Wahcondalo,,pending,,,
250,Kazham,17801225,Etteh Sulaej,,pending,,,
250,Kazham,17801226,Balih Chavizaai,,pending,,,
250,Kazham,17801227,Cobbi Malgharam,,pending,,,
250,Kazham,17801229,Mitti Haplihza,,pending,,,
250,Kazham,17801230,Tsahbi Ifalombo,,pending,,,
250,Kazham,17801231,Bhi Telifahgo,,pending,,,
250,Kazham,17801232,Pula Rhatti,,pending,,,
250,Kazham,17801233,Coyah Neblahe,,pending,,,
250,Kazham,17801234,Nti Badolsoma,,pending,,,
250,Kazham,17801235,Hozie Naharaf,,pending,,,
250,Kazham,17801236,Ghosa Demuhzo,,pending,,,
250,Kazham,17801237,Thali Mhobrum,,pending,,,
250,Kazham,17801238,Tcinono,,pending,,,
250,Kazham,17801239,Vanono,,pending,,,
250,Kazham,17801240,Eron-Tomaron,,pending,,,
250,Kazham,17801241,Rauteinot,,pending,,,
250,Kazham,17801242,Qhio Plittibhi,,pending,,,
250,Kazham,17801243,Dakha Topsalwan,,pending,,,
250,Kazham,17801244,Bhoyu Halpatacco,,pending,,,
250,Kazham,17801245,Flame Walker,,pending,,,
250,Kazham,17801246,Shark Teeth,,pending,,,
250,Kazham,17801247,Bhukka Sahbeo,,pending,,,
250,Kazham,17801250,Majjih Bakrhamab,,pending,,,
250,Kazham,17801251,Shey Wayatih,,pending,,,
250,Kazham,17801252,Ney Hiparujah,,pending,,,
250,Kazham,17801253,Ghemi Sinterilo,,pending,,,
250,Kazham,17801254,Tahn Posbei,,pending,,,
250,Kazham,17801255,Cha Tigunalhgo,,pending,,,
250,Kazham,17801256,Khifo Ryuhkowa,,pending,,,
250,Kazham,17801257,Vah Keshura,,pending,,,
250,Kazham,17801258,Soun Abralah,,pending,,,
250,Kazham,17801259,Nomad Moogle,,pending,,,
250,Kazham,17801260,Nomad Moogle,,pending,,,
250,Kazham,17801261,Nuh Celodehki,,pending,,,
250,Kazham,17801262,Magriffon,,pending,,,
250,Kazham,17801273,Khaffi Salponoihz,,pending,,,
250,Kazham,17801274,Hari Pakhroib,,pending,,,
250,Kazham,17801275,Romaa Mihgo,,pending,,,
250,Kazham,17801276,Toeh Leddenbah,,pending,,,
250,Kazham,17801277,Kyun Magopiteh,,pending,,,
250,Kazham,17801278,Toji Mumosulah,,pending,,,
250,Kazham,17801279,Pahya Lolohoiv,,pending,,,
250,Kazham,17801280,Gatih Mijurabi,,pending,,,
250,Kazham,17801282,Mhebi Juhbily,,pending,,,
250,Kazham,17801283,blank,,not_applicable,,,Unnamed placeholder or door; no NPC role label.
250,Kazham,17801285,rarab_1,,pending,,,
250,Kazham,17801286,rarab_2,,pending,,,
250,Kazham,17801287,rarab_3,,pending,,,
250,Kazham,17801288,Lulupp,,pending,,,
250,Kazham,17801289,Kukupp,,pending,,,
250,Kazham,17801290,Mumupp,,pending,,,
250,Kazham,17801291,Roropp,,pending,,,
250,Kazham,17801292,Popopp,,pending,,,
250,Kazham,17801293,Bubupp,,pending,,,
250,Kazham,17801294,Tatapp,,pending,,,
250,Kazham,17801295,Kakapp,,pending,,,
250,Kazham,17801296,Lalapp,,pending,,,
250,Kazham,17801297,Nenepp,,pending,,,
250,Kazham,17801299,Dheo Nbolo,,pending,,,
250,Kazham,17801300,Cha Chalco,,pending,,,
250,Kazham,17801301,Cophi Ricuub,,pending,,,
250,Kazham,17801302,Sulo Mouzho,,pending,,,
250,Kazham,17801303,Kobhi Sarhigamya,,pending,,,
250,Kazham,17801304,Tio Moshroca,,pending,,,
250,Kazham,17801305,Home Point #1,,pending,,,
250,Kazham,17801322,Ronta-Onta,,pending,,,
250,Kazham,17801323,Dodmos,,pending,,,
250,Kazham,17801336,Tielleque,,pending,,,
250,Kazham,17801337,blank,,not_applicable,,,Unnamed placeholder or door; no NPC role label.
250,Kazham,17801338,Mamerie,,pending,,,
250,Kazham,17801339,Beyzen,,pending,,,
250,Kazham,17801340,Swift,,pending,,,
250,Kazham,17801342,Hunt Registry,,pending,,,
250,Kazham,17801350,Porter Moogle,,pending,,,
250,Kazham,17801352,Hildegard,,pending,,,
250,Kazham,17801354,Atmacite Refiner,,pending,,,
250,Kazham,17801358,Survival Guide,,pending,,,
251,Hall of the Gods,17805319,Shimmering Circle,,pending,,,
251,Hall of the Gods,17805320,Shimmering Circle,,pending,,,
251,Hall of the Gods,17805332,Goblin Footprint,,pending,,,
252,Norg,17809411,Gilgamesh,,pending,,,
252,Norg,17809412,Kamui,,pending,,,
252,Norg,17809415,blank,,not_applicable,,,Unnamed placeholder or door; no NPC role label.
252,Norg,17809416,Ramon,,pending,,,
252,Norg,17809417,Eunsoo,,pending,,,
252,Norg,17809418,Heillal,,pending,,,
252,Norg,17809419,Rafid,,pending,,,
252,Norg,17809420,Gottna,,pending,,,
252,Norg,17809421,Ranemaud,,pending,,,
252,Norg,17809422,Gimb,,pending,,,
252,Norg,17809423,Koetsu,,pending,,,
252,Norg,17809424,Jaucribaix,,pending,,,
252,Norg,17809425,Comitiolus,,pending,,,
252,Norg,17809426,Corlotte,,pending,,,
252,Norg,17809427,Aeka,,pending,,,
252,Norg,17809428,Enishi,,pending,,,
252,Norg,17809429,Gabide,,pending,,,
252,Norg,17809430,Ogugu,,pending,,,
252,Norg,17809431,Washu,,pending,,,
252,Norg,17809432,Muzaffar,,pending,,,
252,Norg,17809433,Ludiault,,pending,,,
252,Norg,17809434,Magephaud,,pending,,,
252,Norg,17809435,Laisrean,,pending,,,
252,Norg,17809436,Louartain,,pending,,,
252,Norg,17809437,Shivivi,,pending,,,
252,Norg,17809438,Deigoff,,pending,,,
252,Norg,17809439,Oruga,,pending,,,
252,Norg,17809440,Parlemaille,,pending,,,
252,Norg,17809441,Keal,,pending,,,
252,Norg,17809442,Paito-Maito,,pending,,,
252,Norg,17809443,Ailee,,pending,,,
252,Norg,17809444,Odilinia,,pending,,,
252,Norg,17809445,Vuliaie,,pending,,,
252,Norg,17809446,Jirokichi,,pending,,,
252,Norg,17809447,Achika,,pending,,,
252,Norg,17809448,Chiyo,,pending,,,
252,Norg,17809449,Spasija,,pending,,,
252,Norg,17809450,Paleille,,pending,,,
252,Norg,17809451,Zoldba,,pending,,,
252,Norg,17809452,Agatsum,,pending,,,
252,Norg,17809453,Gofufu,,pending,,,
252,Norg,17809454,Atrevaux,,pending,,,
252,Norg,17809455,Nomad Moogle,,pending,,,
252,Norg,17809456,Nomad Moogle,,pending,,,
252,Norg,17809457,Nomad Moogle,,pending,,,
252,Norg,17809460,Home Point #1,,pending,,,
252,Norg,17809461,Home Point #2,,pending,,,
252,Norg,17809466,Ryoma,,pending,,,
252,Norg,17809478,Shidzue,,pending,,,
252,Norg,17809479,Quntsu-Nointsu,,pending,,,
252,Norg,17809492,Vaultimand,,pending,,,
252,Norg,17809494,Heiji,,pending,,,
252,Norg,17809495,Heizo,,pending,,,
252,Norg,17809496,Fouvia,,pending,,,
252,Norg,17809497,Edal-Tahdal,,pending,,,
252,Norg,17809498,Verctissa,,pending,,,
252,Norg,17809502,Solby-Maholby,,pending,,,
252,Norg,17809503,Marilleune,,pending,,,
252,Norg,17809504,blank,,not_applicable,,,Unnamed placeholder or door; no NPC role label.
252,Norg,17809505,Repat,,pending,,,
252,Norg,17809506,Colleraie,,pending,,,
252,Norg,17809507,Mamaulabion,,pending,,,
252,Norg,17809510,Sohyon,,pending,,,
252,Norg,17809511,Hayris,,pending,,,
252,Norg,17809512,Vishwas,,pending,,,
252,Norg,17809515,Stray Cloud,,pending,,,
252,Norg,17809525,Hunt Registry,,pending,,,
252,Norg,17809526,Andrause,,pending,,,
252,Norg,17809527,Porter Moogle,,pending,,,
252,Norg,17809529,Kieran,,pending,,,
252,Norg,17809534,Atmacite Refiner,,pending,,,
252,Norg,17809535,Wistful Bison,,pending,,,
252,Norg,17809536,Proto-Waypoint,,pending,,,
252,Norg,17809540,Survival Guide,,pending,,,
252,Norg,17809550,Nolan,,pending,,,
252,Norg,17809551,Oseem,,pending,,,
252,Norg,17809552,Zurim,,pending,,,
252,Norg,17809553,blank,,not_applicable,,,Unnamed placeholder or door; no NPC role label.
252,Norg,17809554,Tales' Beginning,,pending,,,
253,Abyssea - Uleguerand,17813949,???,,not_applicable,,,Unnamed placeholder or door; no NPC role label.
253,Abyssea - Uleguerand,17813950,???,,not_applicable,,,Unnamed placeholder or door; no NPC role label.
253,Abyssea - Uleguerand,17813951,???,,not_applicable,,,Unnamed placeholder or door; no NPC role label.
253,Abyssea - Uleguerand,17813952,???,,not_applicable,,,Unnamed placeholder or door; no NPC role label.
253,Abyssea - Uleguerand,17813953,???,,not_applicable,,,Unnamed placeholder or door; no NPC role label.
253,Abyssea - Uleguerand,17813954,???,,not_applicable,,,Unnamed placeholder or door; no NPC role label.
253,Abyssea - Uleguerand,17813955,???,,not_applicable,,,Unnamed placeholder or door; no NPC role label.
253,Abyssea - Uleguerand,17813956,???,,not_applicable,,,Unnamed placeholder or door; no NPC role label.
253,Abyssea - Uleguerand,17813957,???,,not_applicable,,,Unnamed placeholder or door; no NPC role label.
253,Abyssea - Uleguerand,17813958,???,,not_applicable,,,Unnamed placeholder or door; no NPC role label.
253,Abyssea - Uleguerand,17813959,???,,not_applicable,,,Unnamed placeholder or door; no NPC role label.
253,Abyssea - Uleguerand,17813960,???,,not_applicable,,,Unnamed placeholder or door; no NPC role label.
253,Abyssea - Uleguerand,17813961,???,,not_applicable,,,Unnamed placeholder or door; no NPC role label.
253,Abyssea - Uleguerand,17813962,???,,not_applicable,,,Unnamed placeholder or door; no NPC role label.
253,Abyssea - Uleguerand,17813963,???,,not_applicable,,,Unnamed placeholder or door; no NPC role label.
253,Abyssea - Uleguerand,17813964,???,,not_applicable,,,Unnamed placeholder or door; no NPC role label.
253,Abyssea - Uleguerand,17813965,???,,not_applicable,,,Unnamed placeholder or door; no NPC role label.
253,Abyssea - Uleguerand,17813966,???,,not_applicable,,,Unnamed placeholder or door; no NPC role label.
253,Abyssea - Uleguerand,17813967,???,,not_applicable,,,Unnamed placeholder or door; no NPC role label.
253,Abyssea - Uleguerand,17813968,???,,not_applicable,,,Unnamed placeholder or door; no NPC role label.
253,Abyssea - Uleguerand,17813969,???,,not_applicable,,,Unnamed placeholder or door; no NPC role label.
253,Abyssea - Uleguerand,17813970,???,,not_applicable,,,Unnamed placeholder or door; no NPC role label.
253,Abyssea - Uleguerand,17813978,Conflux Surveyor,,pending,,,
253,Abyssea - Uleguerand,17813979,Cruor Prospector,,pending,,,
253,Abyssea - Uleguerand,17813980,Atma Infusionist,,pending,,,
253,Abyssea - Uleguerand,17813981,Atma Fabricant,,pending,,,
253,Abyssea - Uleguerand,17813984,NPC[1e0],,pending,,,
253,Abyssea - Uleguerand,17813985,NPC[1e1],,pending,,,
253,Abyssea - Uleguerand,17813986,NPC[1e2],,pending,,,
253,Abyssea - Uleguerand,17813987,NPC[1e3],,pending,,,
253,Abyssea - Uleguerand,17814068,Veridical Conflux #01,,pending,,,
253,Abyssea - Uleguerand,17814069,Veridical Conflux #02,,pending,,,
253,Abyssea - Uleguerand,17814070,Veridical Conflux #03,,pending,,,
253,Abyssea - Uleguerand,17814071,Veridical Conflux #04,,pending,,,
253,Abyssea - Uleguerand,17814072,Veridical Conflux #05,,pending,,,
253,Abyssea - Uleguerand,17814073,Veridical Conflux #06,,pending,,,
253,Abyssea - Uleguerand,17814074,Veridical Conflux #07,,pending,,,
253,Abyssea - Uleguerand,17814075,Veridical Conflux #08,,pending,,,
253,Abyssea - Uleguerand,17814076,UL-01 Martello,,pending,,,
253,Abyssea - Uleguerand,17814077,UL-02 Martello,,pending,,,
253,Abyssea - Uleguerand,17814078,UL-03 Martello,,pending,,,
253,Abyssea - Uleguerand,17814079,UL-04 Martello,,pending,,,
253,Abyssea - Uleguerand,17814080,UL-05 Martello,,pending,,,
253,Abyssea - Uleguerand,17814081,UL-06 Martello,,pending,,,
253,Abyssea - Uleguerand,17814082,UL-07 Martello,,pending,,,
253,Abyssea - Uleguerand,17814083,UL-08 Martello,,pending,,,
253,Abyssea - Uleguerand,17814084,Dominion Tactician,,pending,,,
253,Abyssea - Uleguerand,17814087,Cavernous Maw,,pending,,,
253,Abyssea - Uleguerand,17814088,Zauko,,pending,,,
253,Abyssea - Uleguerand,17814089,Coal Casket,,pending,,,
253,Abyssea - Uleguerand,17814090,Coal Casket,,pending,,,
253,Abyssea - Uleguerand,17814091,Coal Casket,,pending,,,
253,Abyssea - Uleguerand,17814092,Bogharg,,pending,,,
253,Abyssea - Uleguerand,17814093,Kuah Dakonsa,,pending,,,
253,Abyssea - Uleguerand,17814094,Baldric,,pending,,,
253,Abyssea - Uleguerand,17814095,Fresh Snowfall,,pending,,,
253,Abyssea - Uleguerand,17814096,Fresh Snowfall,,pending,,,
253,Abyssea - Uleguerand,17814097,Fresh Snowfall,,pending,,,
253,Abyssea - Uleguerand,17814098,Furan-Furin,,pending,,,
253,Abyssea - Uleguerand,17814099,Moogle,,pending,,,
253,Abyssea - Uleguerand,17814100,Lumber Chest,,pending,,,
253,Abyssea - Uleguerand,17814101,Fabric Chest,,pending,,,
253,Abyssea - Uleguerand,17814102,Tyamah,,pending,,,
253,Abyssea - Uleguerand,17814103,Purere,,pending,,,
253,Abyssea - Uleguerand,17814104,Latifah,,pending,,,
253,Abyssea - Uleguerand,17814105,Valderotaux,,pending,,,
253,Abyssea - Uleguerand,17814106,Polly,,pending,,,
253,Abyssea - Uleguerand,17814107,Gauger Trunk,,pending,,,
253,Abyssea - Uleguerand,17814108,Gauger Trunk,,pending,,,
253,Abyssea - Uleguerand,17814109,Oruga,,pending,,,
253,Abyssea - Uleguerand,17814110,Frostbloom,,pending,,,
253,Abyssea - Uleguerand,17814111,Frostbloom,,pending,,,
253,Abyssea - Uleguerand,17814112,Frostbloom,,pending,,,
253,Abyssea - Uleguerand,17814113,Zazarg,,pending,,,
253,Abyssea - Uleguerand,17814114,Rondipur,,pending,,,
253,Abyssea - Uleguerand,17814115,Cannau,,pending,,,
253,Abyssea - Uleguerand,17814116,Wanzo-Unzozo,,pending,,,
253,Abyssea - Uleguerand,17814117,Olavia,,pending,,,
253,Abyssea - Uleguerand,17814118,Strewn Carrion,,pending,,,
253,Abyssea - Uleguerand,17814119,Dheo Nbolo,,pending,,,
253,Abyssea - Uleguerand,17814120,Pakke-Pokke,,pending,,,
253,Abyssea - Uleguerand,17814121,Magriffon,,pending,,,
253,Abyssea - Uleguerand,17814122,Zoriboh,,pending,,,
253,Abyssea - Uleguerand,17814123,Aulavia,,pending,,,
253,Abyssea - Uleguerand,17814124,Polikal-Ramikal,,pending,,,
253,Abyssea - Uleguerand,17814125,Ardea,,pending,,,
253,Abyssea - Uleguerand,17814126,Trion,,pending,,,
253,Abyssea - Uleguerand,17814127,Maat,,pending,,,
253,Abyssea - Uleguerand,17814128,Romaa Mihgo,,pending,,,
253,Abyssea - Uleguerand,17814129,Phairupegiont,,pending,,,
253,Abyssea - Uleguerand,17814130,Chamama,,pending,,,
253,Abyssea - Uleguerand,17814131,Ehrhard,,pending,,,
253,Abyssea - Uleguerand,17814132,Tiger Tooth,,pending,,,
253,Abyssea - Uleguerand,17814133,Waylea,,pending,,,
253,Abyssea - Uleguerand,17814134,010fd272,,pending,,,
253,Abyssea - Uleguerand,17814135,010fd273,,pending,,,
253,Abyssea - Uleguerand,17814136,010fd274,,pending,,,
253,Abyssea - Uleguerand,17814137,010fd275,,pending,,,
253,Abyssea - Uleguerand,17814138,010fd276,,pending,,,
253,Abyssea - Uleguerand,17814139,010fd277,,pending,,,
253,Abyssea - Uleguerand,17814140,010fd278,,pending,,,
253,Abyssea - Uleguerand,17814141,010fd279,,pending,,,
253,Abyssea - Uleguerand,17814142,010fd27a,,pending,,,
253,Abyssea - Uleguerand,17814143,010fd27b,,pending,,,
253,Abyssea - Uleguerand,17814144,010fd27c,,pending,,,
253,Abyssea - Uleguerand,17814145,010fd27d,,pending,,,
253,Abyssea - Uleguerand,17814146,010fd27e,,pending,,,
253,Abyssea - Uleguerand,17814147,010fd27f,,pending,,,
253,Abyssea - Uleguerand,17814148,010fd280,,pending,,,
253,Abyssea - Uleguerand,17814149,010fd281,,pending,,,
253,Abyssea - Uleguerand,17814150,010fd282,,pending,,,
253,Abyssea - Uleguerand,17814151,010fd283,,pending,,,
253,Abyssea - Uleguerand,17814152,010fd284,,pending,,,
253,Abyssea - Uleguerand,17814153,010fd285,,pending,,,
253,Abyssea - Uleguerand,17814154,010fd286,,pending,,,
253,Abyssea - Uleguerand,17814155,010fd287,,pending,,,
253,Abyssea - Uleguerand,17814156,Guilboire,,pending,,,
253,Abyssea - Uleguerand,17814157,Impact Point,,pending,,,
253,Abyssea - Uleguerand,17814158,Michilca,,pending,,,
253,Abyssea - Uleguerand,17814159,Nachou,,pending,,,
253,Abyssea - Uleguerand,17814160,Perfaumand,,pending,,,
253,Abyssea - Uleguerand,17814175,Dominion Sergeant,,pending,,,
253,Abyssea - Uleguerand,17814176,Dominion Sergeant,,pending,,,
253,Abyssea - Uleguerand,17814177,Dominion Sergeant,,pending,,,
253,Abyssea - Uleguerand,17814178,Machine Outfitter,,pending,,,
254,Abyssea - Grauberg,17818081,???,,not_applicable,,,Unnamed placeholder or door; no NPC role label.
254,Abyssea - Grauberg,17818082,???,,not_applicable,,,Unnamed placeholder or door; no NPC role label.
254,Abyssea - Grauberg,17818083,???,,not_applicable,,,Unnamed placeholder or door; no NPC role label.
254,Abyssea - Grauberg,17818084,???,,not_applicable,,,Unnamed placeholder or door; no NPC role label.
254,Abyssea - Grauberg,17818085,???,,not_applicable,,,Unnamed placeholder or door; no NPC role label.
254,Abyssea - Grauberg,17818086,???,,not_applicable,,,Unnamed placeholder or door; no NPC role label.
254,Abyssea - Grauberg,17818087,???,,not_applicable,,,Unnamed placeholder or door; no NPC role label.
254,Abyssea - Grauberg,17818088,???,,not_applicable,,,Unnamed placeholder or door; no NPC role label.
254,Abyssea - Grauberg,17818089,???,,not_applicable,,,Unnamed placeholder or door; no NPC role label.
254,Abyssea - Grauberg,17818090,???,,not_applicable,,,Unnamed placeholder or door; no NPC role label.
254,Abyssea - Grauberg,17818091,???,,not_applicable,,,Unnamed placeholder or door; no NPC role label.
254,Abyssea - Grauberg,17818092,???,,not_applicable,,,Unnamed placeholder or door; no NPC role label.
254,Abyssea - Grauberg,17818093,???,,not_applicable,,,Unnamed placeholder or door; no NPC role label.
254,Abyssea - Grauberg,17818094,???,,not_applicable,,,Unnamed placeholder or door; no NPC role label.
254,Abyssea - Grauberg,17818095,???,,not_applicable,,,Unnamed placeholder or door; no NPC role label.
254,Abyssea - Grauberg,17818096,???,,not_applicable,,,Unnamed placeholder or door; no NPC role label.
254,Abyssea - Grauberg,17818097,???,,not_applicable,,,Unnamed placeholder or door; no NPC role label.
254,Abyssea - Grauberg,17818098,???,,not_applicable,,,Unnamed placeholder or door; no NPC role label.
254,Abyssea - Grauberg,17818099,???,,not_applicable,,,Unnamed placeholder or door; no NPC role label.
254,Abyssea - Grauberg,17818100,???,,not_applicable,,,Unnamed placeholder or door; no NPC role label.
254,Abyssea - Grauberg,17818101,???,,not_applicable,,,Unnamed placeholder or door; no NPC role label.
254,Abyssea - Grauberg,17818102,???,,not_applicable,,,Unnamed placeholder or door; no NPC role label.
254,Abyssea - Grauberg,17818110,Conflux Surveyor,,pending,,,
254,Abyssea - Grauberg,17818111,Cruor Prospector,,pending,,,
254,Abyssea - Grauberg,17818112,Atma Infusionist,,pending,,,
254,Abyssea - Grauberg,17818113,Atma Fabricant,,pending,,,
254,Abyssea - Grauberg,17818116,NPC[204],,pending,,,
254,Abyssea - Grauberg,17818117,NPC[205],,pending,,,
254,Abyssea - Grauberg,17818118,NPC[206],,pending,,,
254,Abyssea - Grauberg,17818119,NPC[207],,pending,,,
254,Abyssea - Grauberg,17818200,Veridical Conflux #01,,pending,,,
254,Abyssea - Grauberg,17818201,Veridical Conflux #02,,pending,,,
254,Abyssea - Grauberg,17818202,Veridical Conflux #03,,pending,,,
254,Abyssea - Grauberg,17818203,Veridical Conflux #04,,pending,,,
254,Abyssea - Grauberg,17818204,Veridical Conflux #05,,pending,,,
254,Abyssea - Grauberg,17818205,Veridical Conflux #06,,pending,,,
254,Abyssea - Grauberg,17818206,Veridical Conflux #07,,pending,,,
254,Abyssea - Grauberg,17818207,Veridical Conflux #08,,pending,,,
254,Abyssea - Grauberg,17818208,GR-01 Martello,,pending,,,
254,Abyssea - Grauberg,17818209,GR-02 Martello,,pending,,,
254,Abyssea - Grauberg,17818210,GR-03 Martello,,pending,,,
254,Abyssea - Grauberg,17818211,GR-04 Martello,,pending,,,
254,Abyssea - Grauberg,17818212,GR-05 Martello,,pending,,,
254,Abyssea - Grauberg,17818213,GR-06 Martello,,pending,,,
254,Abyssea - Grauberg,17818214,GR-07 Martello,,pending,,,
254,Abyssea - Grauberg,17818215,GR-08 Martello,,pending,,,
254,Abyssea - Grauberg,17818216,Dominion Tactician,,pending,,,
254,Abyssea - Grauberg,17818219,Cavernous Maw,,pending,,,
254,Abyssea - Grauberg,17818221,Harvesting Point,,pending,,,
254,Abyssea - Grauberg,17818222,Harvesting Point,,pending,,,
254,Abyssea - Grauberg,17818223,Harvesting Point,,pending,,,
254,Abyssea - Grauberg,17818224,Harvesting Point,,pending,,,
254,Abyssea - Grauberg,17818225,Harvesting Point,,pending,,,
254,Abyssea - Grauberg,17818226,Harvesting Point,,pending,,,
254,Abyssea - Grauberg,17818227,Eight of Hearts,,pending,,,
254,Abyssea - Grauberg,17818228,Kororo,,pending,,,
254,Abyssea - Grauberg,17818229,Eight of Clubs,,pending,,,
254,Abyssea - Grauberg,17818230,Faint Glister,,pending,,,
254,Abyssea - Grauberg,17818231,Ranpi-Monpi,,pending,,,
254,Abyssea - Grauberg,17818232,Earthy Mound,,pending,,,
254,Abyssea - Grauberg,17818233,Earthy Mound,,pending,,,
254,Abyssea - Grauberg,17818234,Earthy Mound,,pending,,,
254,Abyssea - Grauberg,17818235,Kuoh Rhel,,pending,,,
254,Abyssea - Grauberg,17818236,Chocobo,,pending,,,
254,Abyssea - Grauberg,17818237,Rukususu,,pending,,,
254,Abyssea - Grauberg,17818238,???,,not_applicable,,,Unnamed placeholder or door; no NPC role label.
254,Abyssea - Grauberg,17818239,Fay Pond,,pending,,,
254,Abyssea - Grauberg,17818241,Brugaire,,pending,,,
254,Abyssea - Grauberg,17818242,Kurou-Morou,,pending,,,
254,Abyssea - Grauberg,17818243,Scuff Mark,,pending,,,
254,Abyssea - Grauberg,17818244,Scuff Mark,,pending,,,
254,Abyssea - Grauberg,17818245,Scuff Mark,,pending,,,
254,Abyssea - Grauberg,17818247,Cornelia,,pending,,,
254,Abyssea - Grauberg,17818248,Lucius,,pending,,,
254,Abyssea - Grauberg,17818249,Wolfgang,,pending,,,
254,Abyssea - Grauberg,17818250,Pherimociel,,pending,,,
254,Abyssea - Grauberg,17818251,Tosuka-Porika,,pending,,,
254,Abyssea - Grauberg,17818252,Maabu-Sonbu,,pending,,,
254,Abyssea - Grauberg,17818253,Zeid,,pending,,,
254,Abyssea - Grauberg,17818254,Tancredi,,pending,,,
254,Abyssea - Grauberg,17818255,010fe28b,,pending,,,
254,Abyssea - Grauberg,17818256,blank,,not_applicable,,,Unnamed placeholder or door; no NPC role label.
254,Abyssea - Grauberg,17818257,010fe28d,,pending,,,
254,Abyssea - Grauberg,17818258,010fe28e,,pending,,,
254,Abyssea - Grauberg,17818259,Malduc,,pending,,,
254,Abyssea - Grauberg,17818260,Dulsie,,pending,,,
254,Abyssea - Grauberg,17818261,Parnika,,pending,,,
254,Abyssea - Grauberg,17818262,Deadly Spider,,pending,,,
254,Abyssea - Grauberg,17818263,Crying Wind,,pending,,,
254,Abyssea - Grauberg,17818264,010fe294,,pending,,,
254,Abyssea - Grauberg,17818265,blank,,not_applicable,,,Unnamed placeholder or door; no NPC role label.
254,Abyssea - Grauberg,17818266,010fe296,,pending,,,
254,Abyssea - Grauberg,17818267,010fe297,,pending,,,
254,Abyssea - Grauberg,17818268,010fe298,,pending,,,
254,Abyssea - Grauberg,17818269,010fe299,,pending,,,
254,Abyssea - Grauberg,17818270,010fe29a,,pending,,,
254,Abyssea - Grauberg,17818271,Dominion Sergeant,,pending,,,
254,Abyssea - Grauberg,17818272,Dominion Sergeant,,pending,,,
254,Abyssea - Grauberg,17818273,Dominion Sergeant,,pending,,,
254,Abyssea - Grauberg,17818274,Machine Outfitter,,pending,,,
255,Abyssea - Empyreal Paradox,17821710,Cruor Prospector,,pending,,,
255,Abyssea - Empyreal Paradox,17821711,Atma Infusionist,,pending,,,
255,Abyssea - Empyreal Paradox,17821713,Cavernous Maw,,pending,,,
255,Abyssea - Empyreal Paradox,17821714,Transcendental Radiance,,pending,,,
255,Abyssea - Empyreal Paradox,17821715,Transcendental Radiance,,pending,,,
255,Abyssea - Empyreal Paradox,17821716,Transcendental Radiance,,pending,,,
255,Abyssea - Empyreal Paradox,17821717,Transcendental Radiance,,pending,,,
255,Abyssea - Empyreal Paradox,17821723,Goblin Footprint,,pending,,,
255,Abyssea - Empyreal Paradox,17821725,Prishe,,pending,,,
256,Western Adoulin,17825848,Task Delegator,,pending,,,
256,Western Adoulin,17825849,Task Delegator,,pending,,,
256,Western Adoulin,17825850,Task Delegator,,pending,,,
256,Western Adoulin,17825851,Task Delegator,,pending,,,
256,Western Adoulin,17825852,Civil Registrar,,pending,,,
256,Western Adoulin,17825853,Civil Registrar,,pending,,,
256,Western Adoulin,17825854,Civil Registrar,,pending,,,
256,Western Adoulin,17825855,Civil Registrar,,pending,,,
256,Western Adoulin,17825897,Gehlvik,,pending,,,
256,Western Adoulin,17825898,Ivoh Haalameb,,pending,,,
256,Western Adoulin,17825908,Home Point #1,,pending,,,
256,Western Adoulin,17825909,Home Point #2,,pending,,,
256,Western Adoulin,17825913,Debadle-Levadle,,pending,,,
256,Western Adoulin,17825914,Auction Counter,,pending,,,
256,Western Adoulin,17825915,Auction Counter,,pending,,,
256,Western Adoulin,17825916,Auction Counter,,pending,,,
256,Western Adoulin,17825917,Auction Counter,,pending,,,
256,Western Adoulin,17825918,Auction Counter,,pending,,,
256,Western Adoulin,17825919,Auction Counter,,pending,,,
256,Western Adoulin,17825920,Gemmerick,,pending,,,
256,Western Adoulin,17825930,Sylvie,,pending,,,
256,Western Adoulin,17825936,Brenton,,pending,,,
256,Western Adoulin,17825937,Levil,,pending,,,
256,Western Adoulin,17825961,Fontis Xanira,,pending,,,
256,Western Adoulin,17825962,Sunrise Beacon,,pending,,,
256,Western Adoulin,17825965,Port Storage,,pending,,,
256,Western Adoulin,17825972,Alienor,,pending,,,
256,Western Adoulin,17825973,Waypoint,,pending,,,
256,Western Adoulin,17825974,Waypoint,,pending,,,
256,Western Adoulin,17825975,Waypoint,,pending,,,
256,Western Adoulin,17825976,Waypoint,,pending,,,
256,Western Adoulin,17825977,Waypoint,,pending,,,
256,Western Adoulin,17825978,Waypoint,,pending,,,
256,Western Adoulin,17825979,Waypoint,,pending,,,
256,Western Adoulin,17825980,Waypoint,,pending,,,
256,Western Adoulin,17825981,Waypoint,,pending,,,
256,Western Adoulin,17825982,Dewalt,,pending,,,
256,Western Adoulin,17825983,Barenngo,,pending,,,
256,Western Adoulin,17825987,Door:Svenja's Manor,,not_applicable,,,Unnamed placeholder or door; no NPC role label.
256,Western Adoulin,17825988,Door:Hospital,,not_applicable,,,Unnamed placeholder or door; no NPC role label.
256,Western Adoulin,17825991,Bilp,,pending,,,
256,Western Adoulin,17825992,Eamonn,,pending,,,
256,Western Adoulin,17825993,Pagnelle,,pending,,,
256,Western Adoulin,17825999,Gontrain,,pending,,,
256,Western Adoulin,17826008,Peladi Shalmohr,,pending,,,
256,Western Adoulin,17826009,Mischief Marker,,pending,,,
256,Western Adoulin,17826012,Minnifi Delqabba,,pending,,,
256,Western Adoulin,17826023,Door: Depository,,not_applicable,,,Unnamed placeholder or door; no NPC role label.
256,Western Adoulin,17826024,Sauce Barrel,,pending,,,
256,Western Adoulin,17826028,Amchuchu's Laboratory,,pending,,,
256,Western Adoulin,17826032,Contemplation Site,,pending,,,
256,Western Adoulin,17826042,Volgoi,,pending,,,
256,Western Adoulin,17826043,Rising Solstice,,pending,,,
256,Western Adoulin,17826044,Ruth,,pending,,,
256,Western Adoulin,17826045,Berstrogus,,pending,,,
256,Western Adoulin,17826046,Zaoso,,pending,,,
256,Western Adoulin,17826047,Nikkhail,,pending,,,
256,Western Adoulin,17826048,Oka Qhantari,,pending,,,
256,Western Adoulin,17826049,Orenna,,pending,,,
256,Western Adoulin,17826050,Mosil-Nosil,,pending,,,
256,Western Adoulin,17826051,Behff Oibbah,,pending,,,
256,Western Adoulin,17826052,Flapano,,pending,,,
256,Western Adoulin,17826053,Lollano,,pending,,,
256,Western Adoulin,17826054,Fervent Horizon,,pending,,,
256,Western Adoulin,17826055,Ribbolian,,pending,,,
256,Western Adoulin,17826056,Clemmar,,pending,,,
256,Western Adoulin,17826057,Vaulois,,pending,,,
256,Western Adoulin,17826058,Orfbis,,pending,,,
256,Western Adoulin,17826059,Mastan,,pending,,,
256,Western Adoulin,17826060,Shipilolo,,pending,,,
256,Western Adoulin,17826061,Chanteillie,,pending,,,
256,Western Adoulin,17826062,Terwok,,pending,,,
256,Western Adoulin,17826063,Nylene,,pending,,,
256,Western Adoulin,17826064,Quam Jitahr,,pending,,,
256,Western Adoulin,17826065,Charutata,,pending,,,
256,Western Adoulin,17826066,Phileem,,pending,,,
256,Western Adoulin,17826067,Marjoirelle,,pending,,,
256,Western Adoulin,17826068,Virsaint,,pending,,,
256,Western Adoulin,17826069,Grevan,,pending,,,
256,Western Adoulin,17826070,Gorad,,pending,,,
256,Western Adoulin,17826071,Merleg,,pending,,,
256,Western Adoulin,17826072,Noan,,pending,,,
256,Western Adoulin,17826073,Clautaire,,pending,,,
256,Western Adoulin,17826074,Dangueubert,,pending,,,
256,Western Adoulin,17826075,Defliaa,,pending,,,
256,Western Adoulin,17826076,Ansegusele,,pending,,,
256,Western Adoulin,17826077,Tevigogo,,pending,,,
256,Western Adoulin,17826078,Safrick,,pending,,,
256,Western Adoulin,17826079,Andrival,,pending,,,
256,Western Adoulin,17826080,Westerly Breeze,,pending,,,
256,Western Adoulin,17826081,Coltrone,,pending,,,
256,Western Adoulin,17826082,Neivaig,,pending,,,
256,Western Adoulin,17826083,Nargoht,,pending,,,
256,Western Adoulin,17826084,Kongramm,,pending,,,
256,Western Adoulin,17826085,Katya,,pending,,,
256,Western Adoulin,17826086,Jorin,,pending,,,
256,Western Adoulin,17826087,Ledericus,,pending,,,
256,Western Adoulin,17826088,Ishvad,,pending,,,
256,Western Adoulin,17826089,Eukalline,,pending,,,
256,Western Adoulin,17826090,Delionna,,pending,,,
256,Western Adoulin,17826091,Preterig,,pending,,,
256,Western Adoulin,17826092,Hujette,,pending,,,
256,Western Adoulin,17826093,Kanil,,pending,,,
256,Western Adoulin,17826094,Theophylacte,,pending,,,
256,Western Adoulin,17826095,Illi-Milli,,pending,,,
256,Western Adoulin,17826096,Aindemont,,pending,,,
256,Western Adoulin,17826097,Kipligg,,pending,,,
256,Western Adoulin,17826098,Herchambaut,,pending,,,
256,Western Adoulin,17826102,Berghent,,pending,,,
256,Western Adoulin,17826103,Wescolina,,pending,,,
256,Western Adoulin,17826104,Eternal Flame,,pending,,,
256,Western Adoulin,17826106,Duberasson,,pending,,,
256,Western Adoulin,17826111,Octavernost,,pending,,,
256,Western Adoulin,17826112,Runic Overflow,,pending,,,
256,Western Adoulin,17826113,Gaddiux,,pending,,,
256,Western Adoulin,17826114,Inconspicuous Barrel,,pending,,,
256,Western Adoulin,17826122,Polished Pebble,,pending,,,
256,Western Adoulin,17826123,Louisareaux,,pending,,,
256,Western Adoulin,17826129,Floralie,,pending,,,
256,Western Adoulin,17826130,Sebohl Reccohta,,pending,,,
256,Western Adoulin,17826131,Zenicca,,pending,,,
256,Western Adoulin,17826132,Kithvalio,,pending,,,
256,Western Adoulin,17826133,Auscanard,,pending,,,
256,Western Adoulin,17826134,Jausephiane,,pending,,,
256,Western Adoulin,17826135,Farso-Dafarso,,pending,,,
256,Western Adoulin,17826136,Rispa-Merispa,,pending,,,
256,Western Adoulin,17826137,Micah,,pending,,,
256,Western Adoulin,17826138,Cefantia,,pending,,,
256,Western Adoulin,17826139,Ugtoor,,pending,,,
256,Western Adoulin,17826140,Wortherton,,pending,,,
256,Western Adoulin,17826141,Ceciliotte,,pending,,,
256,Western Adoulin,17826142,Rienne,,pending,,,
256,Western Adoulin,17826143,Heemo-Weemo,,pending,,,
256,Western Adoulin,17826144,Divainy-Gamainy,,pending,,,
256,Western Adoulin,17826145,Benjamien,,pending,,,
256,Western Adoulin,17826146,Ornery Dhole,,pending,,,
256,Western Adoulin,17826147,Forri-Porri,,pending,,,
256,Western Adoulin,17826148,Detrovio,,pending,,,
256,Western Adoulin,17826149,Masad,,pending,,,
256,Western Adoulin,17826150,Kerney,,pending,,,
256,Western Adoulin,17826151,Bastingart,,pending,,,
256,Western Adoulin,17826152,Iscandelle,,pending,,,
256,Western Adoulin,17826153,Etienne,,pending,,,
256,Western Adoulin,17826154,blank,,not_applicable,,,Unnamed placeholder or door; no NPC role label.
256,Western Adoulin,17826155,Lalla-Dalla,,pending,,,
256,Western Adoulin,17826156,Olivaine,,pending,,,
256,Western Adoulin,17826157,Ravoignac,,pending,,,
256,Western Adoulin,17826164,Fleuricette,,pending,,,
256,Western Adoulin,17826165,NPC[175],,pending,,,
256,Western Adoulin,17826166,NPC[176],,pending,,,
256,Western Adoulin,17826167,NPC[177],,pending,,,
256,Western Adoulin,17826168,NPC[178],,pending,,,
256,Western Adoulin,17826169,NPC[179],,pending,,,
256,Western Adoulin,17826170,NPC[17a],,pending,,,
256,Western Adoulin,17826171,NPC[17b],,pending,,,
256,Western Adoulin,17826172,Porter Moogle,,pending,,,
256,Western Adoulin,17826174,Macera,,pending,,,
256,Western Adoulin,17826175,Delivery Specialist,,pending,,,
256,Western Adoulin,17826176,Prah Janimhar,,pending,,,
256,Western Adoulin,17826177,Rewardox,,pending,,,
256,Western Adoulin,17826179,Nunaarl Bthtrogg,,pending,,,
256,Western Adoulin,17826186,Repairer Moogle,,pending,,,
257,Eastern Adoulin,17829944,Task Delegator,,pending,,,
257,Eastern Adoulin,17829945,Task Delegator,,pending,,,
257,Eastern Adoulin,17829946,Civil Registrar,,pending,,,
257,Eastern Adoulin,17829947,Civil Registrar,,pending,,,
257,Eastern Adoulin,17829975,Maudilyonne,,pending,,,
257,Eastern Adoulin,17829976,Home Point #1,,pending,,,
257,Eastern Adoulin,17829977,Home Point #2,,pending,,,
257,Eastern Adoulin,17829990,Auction Counter,,pending,,,
257,Eastern Adoulin,17829991,Auction Counter,,pending,,,
257,Eastern Adoulin,17829992,Auction Counter,,pending,,,
257,Eastern Adoulin,17829993,Auction Counter,,pending,,,
257,Eastern Adoulin,17829994,Terianne,,pending,,,
257,Eastern Adoulin,17830004,Octavien,,pending,,,
257,Eastern Adoulin,17830005,Dimmian,,pending,,,
257,Eastern Adoulin,17830011,Sharuru,,pending,,,
257,Eastern Adoulin,17830012,Felmsy,,pending,,,
257,Eastern Adoulin,17830013,Pudith,,pending,,,
257,Eastern Adoulin,17830014,Yocile,,pending,,,
257,Eastern Adoulin,17830015,Waypoint,,pending,,,
257,Eastern Adoulin,17830016,Waypoint,,pending,,,
257,Eastern Adoulin,17830017,Waypoint,,pending,,,
257,Eastern Adoulin,17830018,Waypoint,,pending,,,
257,Eastern Adoulin,17830019,Waypoint,,pending,,,
257,Eastern Adoulin,17830020,Waypoint,,pending,,,
257,Eastern Adoulin,17830021,Waypoint,,pending,,,
257,Eastern Adoulin,17830022,Waypoint,,pending,,,
257,Eastern Adoulin,17830023,Waypoint,,pending,,,
257,Eastern Adoulin,17830028,Door: Boarding House,,not_applicable,,,Unnamed placeholder or door; no NPC role label.
257,Eastern Adoulin,17830029,Iyvah Halohm,,pending,,,
257,Eastern Adoulin,17830030,Ploh Trishbahk,,pending,,,
257,Eastern Adoulin,17830070,Audibert,,pending,,,
257,Eastern Adoulin,17830071,Corpo-Vorpo,,pending,,,
257,Eastern Adoulin,17830077,Door:Research Chamber,,not_applicable,,,Unnamed placeholder or door; no NPC role label.
257,Eastern Adoulin,17830083,Roskin,,pending,,,
257,Eastern Adoulin,17830086,Finnigor,,pending,,,
257,Eastern Adoulin,17830087,Wegellion,,pending,,,
257,Eastern Adoulin,17830088,Palomel,,pending,,,
257,Eastern Adoulin,17830089,???,,not_applicable,,,Unnamed placeholder or door; no NPC role label.
257,Eastern Adoulin,17830090,???,,not_applicable,,,Unnamed placeholder or door; no NPC role label.
257,Eastern Adoulin,17830092,Boffin,,pending,,,
257,Eastern Adoulin,17830093,Huss,,pending,,,
257,Eastern Adoulin,17830094,Vastran,,pending,,,
257,Eastern Adoulin,17830095,Irate Destrier,,pending,,,
257,Eastern Adoulin,17830096,Celine,,pending,,,
257,Eastern Adoulin,17830097,Alphonserme,,pending,,,
257,Eastern Adoulin,17830098,Ndah Tolohjin,,pending,,,
257,Eastern Adoulin,17830099,Jozhud,,pending,,,
257,Eastern Adoulin,17830100,Fostaig,,pending,,,
257,Eastern Adoulin,17830101,Garembert,,pending,,,
257,Eastern Adoulin,17830102,Eppel-Treppel,,pending,,,
257,Eastern Adoulin,17830103,Oscairn,,pending,,,
257,Eastern Adoulin,17830104,Cunegonde,,pending,,,
257,Eastern Adoulin,17830105,Risen Hackles,,pending,,,
257,Eastern Adoulin,17830106,Addled Fetters,,pending,,,
257,Eastern Adoulin,17830107,Ysadel,,pending,,,
257,Eastern Adoulin,17830108,Lamaron,,pending,,,
257,Eastern Adoulin,17830109,Tallula,,pending,,,
257,Eastern Adoulin,17830110,Jampiaire,,pending,,,
257,Eastern Adoulin,17830111,Stavalian,,pending,,,
257,Eastern Adoulin,17830112,Bernegeois,,pending,,,
257,Eastern Adoulin,17830113,Malgrom,,pending,,,
257,Eastern Adoulin,17830114,Melvort,,pending,,,
257,Eastern Adoulin,17830115,Uhlstar,,pending,,,
257,Eastern Adoulin,17830116,Penthus,,pending,,,
257,Eastern Adoulin,17830117,Erminold,,pending,,,
257,Eastern Adoulin,17830118,Glowing Hearth,,pending,,,
257,Eastern Adoulin,17830119,Krepol,,pending,,,
257,Eastern Adoulin,17830120,Nhili Uvolep,,pending,,,
257,Eastern Adoulin,17830121,Oingo-Zoingo,,pending,,,
257,Eastern Adoulin,17830122,Chumli-Mojumli,,pending,,,
257,Eastern Adoulin,17830123,Zalk,,pending,,,
257,Eastern Adoulin,17830124,Old Bellows,,pending,,,
257,Eastern Adoulin,17830125,Dalish,,pending,,,
257,Eastern Adoulin,17830126,Chelidoine,,pending,,,
257,Eastern Adoulin,17830127,Amaury,,pending,,,
257,Eastern Adoulin,17830128,Laetitia,,pending,,,
257,Eastern Adoulin,17830129,Neviyak,,pending,,,
257,Eastern Adoulin,17830130,Rigobertine,,pending,,,
257,Eastern Adoulin,17830131,Zaffeld,,pending,,,
257,Eastern Adoulin,17830132,Behsa Alehgo,,pending,,,
257,Eastern Adoulin,17830133,Adelise,,pending,,,
257,Eastern Adoulin,17830136,Lhaiso Neftereh,,pending,,,
257,Eastern Adoulin,17830143,Runje Desaali,,pending,,,
257,Eastern Adoulin,17830144,Geosuke,,pending,,,
257,Eastern Adoulin,17830149,Greebly,,pending,,,
257,Eastern Adoulin,17830151,Estelle,,pending,,,
257,Eastern Adoulin,17830156,???,,not_applicable,,,Unnamed placeholder or door; no NPC role label.
257,Eastern Adoulin,17830173,Malulu,,pending,,,
257,Eastern Adoulin,17830174,Jaded Hawk,,pending,,,
257,Eastern Adoulin,17830175,Vesca,,pending,,,
257,Eastern Adoulin,17830176,Craggy Bluff,,pending,,,
257,Eastern Adoulin,17830178,Ujlei Zelekko,,pending,,,
257,Eastern Adoulin,17830179,Sifa Alani,,pending,,,
257,Eastern Adoulin,17830180,Fariska Lokhmi,,pending,,,
257,Eastern Adoulin,17830181,Soppopo,,pending,,,
257,Eastern Adoulin,17830182,Chamulele,,pending,,,
257,Eastern Adoulin,17830183,Xavinien,,pending,,,
257,Eastern Adoulin,17830184,Patient Snake,,pending,,,
257,Eastern Adoulin,17830185,Inthius,,pending,,,
257,Eastern Adoulin,17830186,Quiri-Aliri,,pending,,,
257,Eastern Adoulin,17830187,Winrix,,pending,,,
257,Eastern Adoulin,17830189,Oston,,pending,,,
257,Eastern Adoulin,17830190,Lola,,pending,,,
257,Eastern Adoulin,17830191,Anomaly Expert,,pending,,,
257,Eastern Adoulin,17830192,Delivery Specialist,,pending,,,
257,Eastern Adoulin,17830193,Bheva Grantih,,pending,,,
257,Eastern Adoulin,17830195,Survival Guide,,pending,,,
257,Eastern Adoulin,17830197,Mandragora Assistant,,pending,,,
257,Eastern Adoulin,17830198,blank,,not_applicable,,,Unnamed placeholder or door; no NPC role label.
258,Rala Waterways,17834194,Peculiar Footprints,,pending,,,
258,Rala Waterways,17834269,Adrienaure,,pending,,,
258,Rala Waterways,17834270,Alluring Plant,,pending,,,
258,Rala Waterways,17834271,Alluring Plant,,pending,,,
258,Rala Waterways,17834272,Alluring Plant,,pending,,,
258,Rala Waterways,17834294,blank,,not_applicable,,,Unnamed placeholder or door; no NPC role label.
258,Rala Waterways,17834295,Augural Conveyor,,pending,,,
258,Rala Waterways,17834297,Entrance: Coliseum,,pending,,,
258,Rala Waterways,17834298,Antiquated Sluice Gate,,pending,,,
258,Rala Waterways,17834300,Mathais,,pending,,,
258,Rala Waterways,17834301,Lohvi Rashiibo,,pending,,,
258,Rala Waterways,17834302,Risto-Fristo,,pending,,,
258,Rala Waterways,17834303,Bezetep,,pending,,,
258,Rala Waterways,17834304,Chalvava,,pending,,,
258,Rala Waterways,17834305,Faomahd,,pending,,,
258,Rala Waterways,17834306,Trentain,,pending,,,
258,Rala Waterways,17834307,Sivalda,,pending,,,
258,Rala Waterways,17834308,Kyairah Mochaafa,,pending,,,
258,Rala Waterways,17834309,Obolt,,pending,,,
258,Rala Waterways,17834310,Jaroney-Baroney,,pending,,,
258,Rala Waterways,17834311,Relentless Storm,,pending,,,
258,Rala Waterways,17834312,Soltargan,,pending,,,
258,Rala Waterways,17834313,Yeggha Dolashi,,pending,,,
258,Rala Waterways,17834314,Sainene,,pending,,,
258,Rala Waterways,17834315,Stout Weir,,pending,,,
258,Rala Waterways,17834316,Waterways Overlook,,pending,,,
258,Rala Waterways,17834317,???,,not_applicable,,,Unnamed placeholder or door; no NPC role label.
258,Rala Waterways,17834318,Sluice Gate,,pending,,,
258,Rala Waterways,17834319,Sluice Gate,,pending,,,
258,Rala Waterways,17834320,Sluice Gate,,pending,,,
258,Rala Waterways,17834321,Sluice Gate,,pending,,,
258,Rala Waterways,17834322,Sluice Gate,,pending,,,
258,Rala Waterways,17834323,Saldinor,,pending,,,
258,Rala Waterways,17834325,Tomato Vantage Point,,pending,,,
258,Rala Waterways,17834329,???,,not_applicable,,,Unnamed placeholder or door; no NPC role label.
258,Rala Waterways,17834330,blank,,not_applicable,,,Unnamed placeholder or door; no NPC role label.
258,Rala Waterways,17834346,Sluice Gate,,pending,,,
258,Rala Waterways,17834347,Sluice Gate,,pending,,,
258,Rala Waterways,17834348,Storage Container,,pending,,,
258,Rala Waterways,17834371,Royal Sepulcher,,pending,,,
258,Rala Waterways,17834376,???,,not_applicable,,,Unnamed placeholder or door; no NPC role label.
258,Rala Waterways,17834377,Inconspicuous Barrel,,pending,,,
260,Yahse Hunting Grounds,17842621,NPC[1bd],,pending,,,
260,Yahse Hunting Grounds,17842622,NPC[1be],,pending,,,
260,Yahse Hunting Grounds,17842623,NPC[1bf],,pending,,,
260,Yahse Hunting Grounds,17842626,NPC[1c2],,pending,,,
260,Yahse Hunting Grounds,17842627,NPC[1c3],,pending,,,
260,Yahse Hunting Grounds,17842628,NPC[1c4],,pending,,,
260,Yahse Hunting Grounds,17842629,NPC[1c5],,pending,,,
260,Yahse Hunting Grounds,17842630,NPC[1c6],,pending,,,
260,Yahse Hunting Grounds,17842631,NPC[1c7],,pending,,,
260,Yahse Hunting Grounds,17842632,NPC[1c8],,pending,,,
260,Yahse Hunting Grounds,17842633,NPC[1c9],,pending,,,
260,Yahse Hunting Grounds,17842634,NPC[1ca],,pending,,,
260,Yahse Hunting Grounds,17842635,NPC[1cb],,pending,,,
260,Yahse Hunting Grounds,17842636,NPC[1cc],,pending,,,
260,Yahse Hunting Grounds,17842637,NPC[1cd],,pending,,,
260,Yahse Hunting Grounds,17842638,NPC[1ce],,pending,,,
260,Yahse Hunting Grounds,17842642,NPC[1d2],,pending,,,
260,Yahse Hunting Grounds,17842643,NPC[1d3],,pending,,,
260,Yahse Hunting Grounds,17842644,NPC[1d4],,pending,,,
260,Yahse Hunting Grounds,17842645,NPC[1d5],,pending,,,
260,Yahse Hunting Grounds,17842646,NPC[1d6],,pending,,,
260,Yahse Hunting Grounds,17842650,Logging Point,,pending,,,
260,Yahse Hunting Grounds,17842652,Logging Point,,pending,,,
260,Yahse Hunting Grounds,17842653,Logging Point,,pending,,,
260,Yahse Hunting Grounds,17842654,Logging Point,,pending,,,
260,Yahse Hunting Grounds,17842655,Logging Point,,pending,,,
260,Yahse Hunting Grounds,17842656,Logging Point,,pending,,,
260,Yahse Hunting Grounds,17842657,Logging Point,,pending,,,
260,Yahse Hunting Grounds,17842658,Logging Point,,pending,,,
260,Yahse Hunting Grounds,17842659,Logging Point,,pending,,,
260,Yahse Hunting Grounds,17842660,Logging Point,,pending,,,
260,Yahse Hunting Grounds,17842661,Harvesting Point,,pending,,,
260,Yahse Hunting Grounds,17842662,Harvesting Point,,pending,,,
260,Yahse Hunting Grounds,17842663,Harvesting Point,,pending,,,
260,Yahse Hunting Grounds,17842664,Harvesting Point,,pending,,,
260,Yahse Hunting Grounds,17842665,Harvesting Point,,pending,,,
260,Yahse Hunting Grounds,17842666,Harvesting Point,,pending,,,
260,Yahse Hunting Grounds,17842694,Waypoint,,pending,,,
260,Yahse Hunting Grounds,17842695,Waypoint,,pending,,,
260,Yahse Hunting Grounds,17842696,Waypoint,,pending,,,
260,Yahse Hunting Grounds,17842697,Waypoint,,pending,,,
260,Yahse Hunting Grounds,17842700,Yahse Wildflower,,pending,,,
260,Yahse Hunting Grounds,17842702,Goblin Footprint,,pending,,,
260,Yahse Hunting Grounds,17842703,Windblown Loam,,pending,,,
260,Yahse Hunting Grounds,17842706,Jumping Rabbit,,pending,,,
260,Yahse Hunting Grounds,17842707,Nunana,,pending,,,
260,Yahse Hunting Grounds,17842709,Oblor,,pending,,,
260,Yahse Hunting Grounds,17842710,Chya Mindorah,,pending,,,
260,Yahse Hunting Grounds,17842711,Leautiere,,pending,,,
260,Yahse Hunting Grounds,17842712,???,,not_applicable,,,Unnamed placeholder or door; no NPC role label.
260,Yahse Hunting Grounds,17842713,Shellfish,,pending,,,
260,Yahse Hunting Grounds,17842714,Shellfish,,pending,,,
260,Yahse Hunting Grounds,17842715,Shellfish,,pending,,,
260,Yahse Hunting Grounds,17842716,Shellfish,,pending,,,
260,Yahse Hunting Grounds,17842717,Shellfish,,pending,,,
260,Yahse Hunting Grounds,17842718,Shellfish,,pending,,,
260,Yahse Hunting Grounds,17842719,Shellfish,,pending,,,
260,Yahse Hunting Grounds,17842720,Shellfish,,pending,,,
260,Yahse Hunting Grounds,17842721,Shellfish,,pending,,,
260,Yahse Hunting Grounds,17842722,Shellfish,,pending,,,
260,Yahse Hunting Grounds,17842723,Pollinating Swarm,,pending,,,
260,Yahse Hunting Grounds,17842724,Rumin-Flumin,,pending,,,
260,Yahse Hunting Grounds,17842725,Pevovo,,pending,,,
260,Yahse Hunting Grounds,17842726,Hespik-Fespik,,pending,,,
260,Yahse Hunting Grounds,17842727,Eddarth,,pending,,,
260,Yahse Hunting Grounds,17842728,Gwenlyn,,pending,,,
260,Yahse Hunting Grounds,17842729,Javolio,,pending,,,
260,Yahse Hunting Grounds,17842730,Castoff Point,,pending,,,
260,Yahse Hunting Grounds,17842731,Castoff Point,,pending,,,
260,Yahse Hunting Grounds,17842733,Station Administrator,,pending,,,
260,Yahse Hunting Grounds,17842734,Bivouac#1 Administrator,,pending,,,
260,Yahse Hunting Grounds,17842735,Bivouac#2 Administrator,,pending,,,
260,Yahse Hunting Grounds,17842736,Bivouac#3 Administrator,,pending,,,
260,Yahse Hunting Grounds,17842739,Ergon Locus,,pending,,,
260,Yahse Hunting Grounds,17842740,Ergon Locus,,pending,,,
260,Yahse Hunting Grounds,17842743,Lost Article,,pending,,,
260,Yahse Hunting Grounds,17842745,Geomantic Reservoir,,pending,,,
260,Yahse Hunting Grounds,17842748,Delivery Specialist,,pending,,,
260,Yahse Hunting Grounds,17842758,NPC[246],,pending,,,
261,Ceizak Battlegrounds,17846699,NPC[1ab],,pending,,,
261,Ceizak Battlegrounds,17846700,NPC[1ac],,pending,,,
261,Ceizak Battlegrounds,17846701,NPC[1ad],,pending,,,
261,Ceizak Battlegrounds,17846704,NPC[1b0],,pending,,,
261,Ceizak Battlegrounds,17846705,NPC[1b1],,pending,,,
261,Ceizak Battlegrounds,17846706,NPC[1b2],,pending,,,
261,Ceizak Battlegrounds,17846707,NPC[1b3],,pending,,,
261,Ceizak Battlegrounds,17846708,NPC[1b4],,pending,,,
261,Ceizak Battlegrounds,17846709,NPC[1b5],,pending,,,
261,Ceizak Battlegrounds,17846710,NPC[1b6],,pending,,,
261,Ceizak Battlegrounds,17846711,NPC[1b7],,pending,,,
261,Ceizak Battlegrounds,17846712,NPC[1b8],,pending,,,
261,Ceizak Battlegrounds,17846713,NPC[1b9],,pending,,,
261,Ceizak Battlegrounds,17846714,NPC[1ba],,pending,,,
261,Ceizak Battlegrounds,17846715,NPC[1bb],,pending,,,
261,Ceizak Battlegrounds,17846720,NPC[1c0],,pending,,,
261,Ceizak Battlegrounds,17846721,NPC[1c1],,pending,,,
261,Ceizak Battlegrounds,17846722,NPC[1c2],,pending,,,
261,Ceizak Battlegrounds,17846723,NPC[1c3],,pending,,,
261,Ceizak Battlegrounds,17846724,NPC[1c4],,pending,,,
261,Ceizak Battlegrounds,17846727,Logging Point,,pending,,,
261,Ceizak Battlegrounds,17846728,Logging Point,,pending,,,
261,Ceizak Battlegrounds,17846729,Logging Point,,pending,,,
261,Ceizak Battlegrounds,17846730,Logging Point,,pending,,,
261,Ceizak Battlegrounds,17846731,Logging Point,,pending,,,
261,Ceizak Battlegrounds,17846732,Logging Point,,pending,,,
261,Ceizak Battlegrounds,17846733,Logging Point,,pending,,,
261,Ceizak Battlegrounds,17846734,Logging Point,,pending,,,
261,Ceizak Battlegrounds,17846735,Logging Point,,pending,,,
261,Ceizak Battlegrounds,17846736,Logging Point,,pending,,,
261,Ceizak Battlegrounds,17846737,Logging Point,,pending,,,
261,Ceizak Battlegrounds,17846738,Logging Point,,pending,,,
261,Ceizak Battlegrounds,17846739,Harvesting Point,,pending,,,
261,Ceizak Battlegrounds,17846740,Harvesting Point,,pending,,,
261,Ceizak Battlegrounds,17846741,Harvesting Point,,pending,,,
261,Ceizak Battlegrounds,17846743,Harvesting Point,,pending,,,
261,Ceizak Battlegrounds,17846744,Harvesting Point,,pending,,,
261,Ceizak Battlegrounds,17846770,???,,not_applicable,,,Unnamed placeholder or door; no NPC role label.
261,Ceizak Battlegrounds,17846771,???,,not_applicable,,,Unnamed placeholder or door; no NPC role label.
261,Ceizak Battlegrounds,17846775,Signs of a Struggle,,pending,,,
261,Ceizak Battlegrounds,17846795,Resume Point,,pending,,,
261,Ceizak Battlegrounds,17846797,Waypoint,,pending,,,
261,Ceizak Battlegrounds,17846798,Waypoint,,pending,,,
261,Ceizak Battlegrounds,17846799,Waypoint,,pending,,,
261,Ceizak Battlegrounds,17846800,Waypoint,,pending,,,
261,Ceizak Battlegrounds,17846802,Goblin Footprint,,pending,,,
261,Ceizak Battlegrounds,17846804,Gurren-Murren,,pending,,,
261,Ceizak Battlegrounds,17846805,Twinkling Tree,,pending,,,
261,Ceizak Battlegrounds,17846806,Lucretia,,pending,,,
261,Ceizak Battlegrounds,17846807,Claw Mark,,pending,,,
261,Ceizak Battlegrounds,17846808,Bataron,,pending,,,
261,Ceizak Battlegrounds,17846811,Earthen Mound,,pending,,,
261,Ceizak Battlegrounds,17846812,Elmric,,pending,,,
261,Ceizak Battlegrounds,17846813,Teleen,,pending,,,
261,Ceizak Battlegrounds,17846814,Muruk-Mojiruk,,pending,,,
261,Ceizak Battlegrounds,17846815,Anselme,,pending,,,
261,Ceizak Battlegrounds,17846816,Sandy Overlook,,pending,,,
261,Ceizak Battlegrounds,17846818,Mnemonic Pool,,pending,,,
261,Ceizak Battlegrounds,17846826,???,,not_applicable,,,Unnamed placeholder or door; no NPC role label.
261,Ceizak Battlegrounds,17846828,Veil,,pending,,,
261,Ceizak Battlegrounds,17846829,???,,not_applicable,,,Unnamed placeholder or door; no NPC role label.
261,Ceizak Battlegrounds,17846830,???,,not_applicable,,,Unnamed placeholder or door; no NPC role label.
261,Ceizak Battlegrounds,17846831,???,,not_applicable,,,Unnamed placeholder or door; no NPC role label.
261,Ceizak Battlegrounds,17846832,???,,not_applicable,,,Unnamed placeholder or door; no NPC role label.
261,Ceizak Battlegrounds,17846833,???,,not_applicable,,,Unnamed placeholder or door; no NPC role label.
261,Ceizak Battlegrounds,17846835,Station Administrator,,pending,,,
261,Ceizak Battlegrounds,17846836,Bivouac#1 Administrator,,pending,,,
261,Ceizak Battlegrounds,17846837,Bivouac#2 Administrator,,pending,,,
261,Ceizak Battlegrounds,17846838,Bivouac#3 Administrator,,pending,,,
261,Ceizak Battlegrounds,17846841,Ergon Locus,,pending,,,
261,Ceizak Battlegrounds,17846842,Ergon Locus,,pending,,,
261,Ceizak Battlegrounds,17846845,Lost Article,,pending,,,
261,Ceizak Battlegrounds,17846847,Geomantic Reservoir,,pending,,,
261,Ceizak Battlegrounds,17846850,Delivery Specialist,,pending,,,
261,Ceizak Battlegrounds,17846860,Home Point #1,,pending,,,
261,Ceizak Battlegrounds,17846866,???,,not_applicable,,,Unnamed placeholder or door; no NPC role label.
262,Foret de Hennetiel,17850827,NPC[1cb],,pending,,,
262,Foret de Hennetiel,17850828,NPC[1cc],,pending,,,
262,Foret de Hennetiel,17850829,NPC[1cd],,pending,,,
262,Foret de Hennetiel,17850830,NPC[1ce],,pending,,,
262,Foret de Hennetiel,17850832,NPC[1d0],,pending,,,
262,Foret de Hennetiel,17850833,NPC[1d1],,pending,,,
262,Foret de Hennetiel,17850834,NPC[1d2],,pending,,,
262,Foret de Hennetiel,17850835,NPC[1d3],,pending,,,
262,Foret de Hennetiel,17850836,NPC[1d4],,pending,,,
262,Foret de Hennetiel,17850837,NPC[1d5],,pending,,,
262,Foret de Hennetiel,17850838,NPC[1d6],,pending,,,
262,Foret de Hennetiel,17850839,NPC[1d7],,pending,,,
262,Foret de Hennetiel,17850840,NPC[1d8],,pending,,,
262,Foret de Hennetiel,17850841,NPC[1d9],,pending,,,
262,Foret de Hennetiel,17850842,NPC[1da],,pending,,,
262,Foret de Hennetiel,17850843,NPC[1db],,pending,,,
262,Foret de Hennetiel,17850844,NPC[1dc],,pending,,,
262,Foret de Hennetiel,17850845,NPC[1dd],,pending,,,
262,Foret de Hennetiel,17850846,NPC[1de],,pending,,,
262,Foret de Hennetiel,17850848,NPC[1e0],,pending,,,
262,Foret de Hennetiel,17850849,NPC[1e1],,pending,,,
262,Foret de Hennetiel,17850850,NPC[1e2],,pending,,,
262,Foret de Hennetiel,17850851,NPC[1e3],,pending,,,
262,Foret de Hennetiel,17850852,NPC[1e4],,pending,,,
262,Foret de Hennetiel,17850853,NPC[1e5],,pending,,,
262,Foret de Hennetiel,17850856,Harvesting Point,,pending,,,
262,Foret de Hennetiel,17850857,Harvesting Point,,pending,,,
262,Foret de Hennetiel,17850858,Harvesting Point,,pending,,,
262,Foret de Hennetiel,17850859,Harvesting Point,,pending,,,
262,Foret de Hennetiel,17850860,Harvesting Point,,pending,,,
262,Foret de Hennetiel,17850900,???,,not_applicable,,,Unnamed placeholder or door; no NPC role label.
262,Foret de Hennetiel,17850901,???,,not_applicable,,,Unnamed placeholder or door; no NPC role label.
262,Foret de Hennetiel,17850902,Waypoint,,pending,,,
262,Foret de Hennetiel,17850903,Waypoint,,pending,,,
262,Foret de Hennetiel,17850904,Waypoint,,pending,,,
262,Foret de Hennetiel,17850905,Waypoint,,pending,,,
262,Foret de Hennetiel,17850906,Waypoint,,pending,,,
262,Foret de Hennetiel,17850910,Runic Overflow,,pending,,,
262,Foret de Hennetiel,17850911,Bloodstained Glove,,pending,,,
262,Foret de Hennetiel,17850919,???,,not_applicable,,,Unnamed placeholder or door; no NPC role label.
262,Foret de Hennetiel,17850921,Fritha,,pending,,,
262,Foret de Hennetiel,17850922,Inmot-Pinmot,,pending,,,
262,Foret de Hennetiel,17850923,River Mouth,,pending,,,
262,Foret de Hennetiel,17850924,Fouled Sands,,pending,,,
262,Foret de Hennetiel,17850925,Fouled Sands,,pending,,,
262,Foret de Hennetiel,17850926,Choubollet,,pending,,,
262,Foret de Hennetiel,17850927,Nestroh,,pending,,,
262,Foret de Hennetiel,17850928,Deumagneot,,pending,,,
262,Foret de Hennetiel,17850929,Jeggim,,pending,,,
262,Foret de Hennetiel,17850930,Castoff Point,,pending,,,
262,Foret de Hennetiel,17850931,Castoff Point,,pending,,,
262,Foret de Hennetiel,17850932,Castoff Point,,pending,,,
262,Foret de Hennetiel,17850933,Castoff Point,,pending,,,
262,Foret de Hennetiel,17850934,Castoff Point,,pending,,,
262,Foret de Hennetiel,17850935,Castoff Point,,pending,,,
262,Foret de Hennetiel,17850936,Ukhu Sichahha,,pending,,,
262,Foret de Hennetiel,17850938,Veil,,pending,,,
262,Foret de Hennetiel,17850939,???,,not_applicable,,,Unnamed placeholder or door; no NPC role label.
262,Foret de Hennetiel,17850940,???,,not_applicable,,,Unnamed placeholder or door; no NPC role label.
262,Foret de Hennetiel,17850941,???,,not_applicable,,,Unnamed placeholder or door; no NPC role label.
262,Foret de Hennetiel,17850942,???,,not_applicable,,,Unnamed placeholder or door; no NPC role label.
262,Foret de Hennetiel,17850943,???,,not_applicable,,,Unnamed placeholder or door; no NPC role label.
262,Foret de Hennetiel,17850945,Station Administrator,,pending,,,
262,Foret de Hennetiel,17850946,Bivouac#1 Administrator,,pending,,,
262,Foret de Hennetiel,17850947,Bivouac#2 Administrator,,pending,,,
262,Foret de Hennetiel,17850948,Bivouac#3 Administrator,,pending,,,
262,Foret de Hennetiel,17850949,Bivouac#4 Administrator,,pending,,,
262,Foret de Hennetiel,17850951,Ergon Locus,,pending,,,
262,Foret de Hennetiel,17850952,Ergon Locus,,pending,,,
262,Foret de Hennetiel,17850953,Ergon Locus,,pending,,,
262,Foret de Hennetiel,17850954,Ergon Locus,,pending,,,
262,Foret de Hennetiel,17850955,Lost Article,,pending,,,
262,Foret de Hennetiel,17850957,Station Worker,,pending,,,
262,Foret de Hennetiel,17850958,Geomantic Reservoir,,pending,,,
262,Foret de Hennetiel,17850961,Delivery Specialist,,pending,,,
262,Foret de Hennetiel,17850972,Goblin Footprint,,pending,,,
262,Foret de Hennetiel,17850980,Home Point #1,,pending,,,
262,Foret de Hennetiel,17850989,Foreboding Vineprints,,pending,,,
262,Foret de Hennetiel,17850994,???,,not_applicable,,,Unnamed placeholder or door; no NPC role label.
263,Yorcia Weald,17854887,NPC[1a7],,pending,,,
263,Yorcia Weald,17854888,NPC[1a8],,pending,,,
263,Yorcia Weald,17854889,NPC[1a9],,pending,,,
263,Yorcia Weald,17854892,NPC[1ac],,pending,,,
263,Yorcia Weald,17854893,NPC[1ad],,pending,,,
263,Yorcia Weald,17854894,NPC[1ae],,pending,,,
263,Yorcia Weald,17854895,NPC[1af],,pending,,,
263,Yorcia Weald,17854896,NPC[1b0],,pending,,,
263,Yorcia Weald,17854897,NPC[1b1],,pending,,,
263,Yorcia Weald,17854898,NPC[1b2],,pending,,,
263,Yorcia Weald,17854899,NPC[1b3],,pending,,,
263,Yorcia Weald,17854900,NPC[1b4],,pending,,,
263,Yorcia Weald,17854901,NPC[1b5],,pending,,,
263,Yorcia Weald,17854902,NPC[1b6],,pending,,,
263,Yorcia Weald,17854903,NPC[1b7],,pending,,,
263,Yorcia Weald,17854910,NPC[1be],,pending,,,
263,Yorcia Weald,17854911,NPC[1bf],,pending,,,
263,Yorcia Weald,17854912,NPC[1c0],,pending,,,
263,Yorcia Weald,17854915,Logging Point,,pending,,,
263,Yorcia Weald,17854916,Logging Point,,pending,,,
263,Yorcia Weald,17854917,Logging Point,,pending,,,
263,Yorcia Weald,17854918,Logging Point,,pending,,,
263,Yorcia Weald,17854919,Logging Point,,pending,,,
263,Yorcia Weald,17854920,Logging Point,,pending,,,
263,Yorcia Weald,17854921,Harvesting Point,,pending,,,
263,Yorcia Weald,17854923,Harvesting Point,,pending,,,
263,Yorcia Weald,17854924,Harvesting Point,,pending,,,
263,Yorcia Weald,17854925,Harvesting Point,,pending,,,
263,Yorcia Weald,17854926,Harvesting Point,,pending,,,
263,Yorcia Weald,17854942,Suspicious Roots,,pending,,,
263,Yorcia Weald,17854996,_peh,,pending,,,
263,Yorcia Weald,17855006,blank,,not_applicable,,,Unnamed placeholder or door; no NPC role label.
263,Yorcia Weald,17855007,Augural Conveyor,,pending,,,
263,Yorcia Weald,17855009,Wavering Flux,,pending,,,
263,Yorcia Weald,17855010,blank,,not_applicable,,,Unnamed placeholder or door; no NPC role label.
263,Yorcia Weald,17855011,Station Administrator,,pending,,,
263,Yorcia Weald,17855012,Bivouac#1 Administrator,,pending,,,
263,Yorcia Weald,17855013,Bivouac#2 Administrator,,pending,,,
263,Yorcia Weald,17855014,Bivouac#3 Administrator,,pending,,,
263,Yorcia Weald,17855017,Ergon Locus,,pending,,,
263,Yorcia Weald,17855018,Ergon Locus,,pending,,,
263,Yorcia Weald,17855019,Ergon Locus,,pending,,,
263,Yorcia Weald,17855021,Lost Article,,pending,,,
263,Yorcia Weald,17855023,Station Worker,,pending,,,
263,Yorcia Weald,17855024,Delivery Specialist,,pending,,,
263,Yorcia Weald,17855026,Goblin Footprint,,pending,,,
263,Yorcia Weald,17855027,???,,not_applicable,,,Unnamed placeholder or door; no NPC role label.
263,Yorcia Weald,17855028,???,,not_applicable,,,Unnamed placeholder or door; no NPC role label.
263,Yorcia Weald,17855029,Waypoint,,pending,,,
263,Yorcia Weald,17855030,Waypoint,,pending,,,
263,Yorcia Weald,17855031,Waypoint,,pending,,,
263,Yorcia Weald,17855032,Waypoint,,pending,,,
263,Yorcia Weald,17855033,Occultist Footprints,,pending,,,
263,Yorcia Weald,17855040,Suspicious Place,,pending,,,
263,Yorcia Weald,17855041,Suspicious Place,,pending,,,
263,Yorcia Weald,17855042,Suspicious Place,,pending,,,
263,Yorcia Weald,17855056,Pellucid Afflusion,,pending,,,
263,Yorcia Weald,17855057,Ergon Locus ???,,pending,,,
263,Yorcia Weald,17855075,???,,not_applicable,,,Unnamed placeholder or door; no NPC role label.
263,Yorcia Weald,17855086,Mano-Amano,,pending,,,
263,Yorcia Weald,17855087,???,,not_applicable,,,Unnamed placeholder or door; no NPC role label.
263,Yorcia Weald,17855088,Emjook-Renook,,pending,,,
263,Yorcia Weald,17855091,Mnemonic Pool,,pending,,,
263,Yorcia Weald,17855100,Well-Kept Cache,,pending,,,
263,Yorcia Weald,17855102,Home Point #1,,pending,,,
263,Yorcia Weald,17855107,Veil,,pending,,,
263,Yorcia Weald,17855108,???,,not_applicable,,,Unnamed placeholder or door; no NPC role label.
263,Yorcia Weald,17855109,???,,not_applicable,,,Unnamed placeholder or door; no NPC role label.
263,Yorcia Weald,17855110,???,,not_applicable,,,Unnamed placeholder or door; no NPC role label.
263,Yorcia Weald,17855111,???,,not_applicable,,,Unnamed placeholder or door; no NPC role label.
263,Yorcia Weald,17855112,???,,not_applicable,,,Unnamed placeholder or door; no NPC role label.
263,Yorcia Weald,17855114,???,,not_applicable,,,Unnamed placeholder or door; no NPC role label.
263,Yorcia Weald,17855118,???,,not_applicable,,,Unnamed placeholder or door; no NPC role label.
265,Morimar Basalt Fields,17863319,NPC[297],,pending,,,
265,Morimar Basalt Fields,17863320,NPC[298],,pending,,,
265,Morimar Basalt Fields,17863321,NPC[299],,pending,,,
265,Morimar Basalt Fields,17863322,NPC[29a],,pending,,,
265,Morimar Basalt Fields,17863323,NPC[29b],,pending,,,
265,Morimar Basalt Fields,17863324,NPC[29c],,pending,,,
265,Morimar Basalt Fields,17863325,NPC[29d],,pending,,,
265,Morimar Basalt Fields,17863326,NPC[29e],,pending,,,
265,Morimar Basalt Fields,17863327,NPC[29f],,pending,,,
265,Morimar Basalt Fields,17863328,NPC[2a0],,pending,,,
265,Morimar Basalt Fields,17863329,NPC[2a1],,pending,,,
265,Morimar Basalt Fields,17863330,NPC[2a2],,pending,,,
265,Morimar Basalt Fields,17863331,NPC[2a3],,pending,,,
265,Morimar Basalt Fields,17863332,NPC[2a4],,pending,,,
265,Morimar Basalt Fields,17863333,NPC[2a5],,pending,,,
265,Morimar Basalt Fields,17863334,NPC[2a6],,pending,,,
265,Morimar Basalt Fields,17863335,NPC[2a7],,pending,,,
265,Morimar Basalt Fields,17863336,NPC[2a8],,pending,,,
265,Morimar Basalt Fields,17863337,NPC[2a9],,pending,,,
265,Morimar Basalt Fields,17863338,NPC[2aa],,pending,,,
265,Morimar Basalt Fields,17863339,NPC[2ab],,pending,,,
265,Morimar Basalt Fields,17863340,NPC[2ac],,pending,,,
265,Morimar Basalt Fields,17863341,NPC[2ad],,pending,,,
265,Morimar Basalt Fields,17863342,NPC[2ae],,pending,,,
265,Morimar Basalt Fields,17863343,NPC[2af],,pending,,,
265,Morimar Basalt Fields,17863344,NPC[2b0],,pending,,,
265,Morimar Basalt Fields,17863345,NPC[2b1],,pending,,,
265,Morimar Basalt Fields,17863346,NPC[2b2],,pending,,,
265,Morimar Basalt Fields,17863347,Mining Point,,pending,,,
265,Morimar Basalt Fields,17863348,Mining Point,,pending,,,
265,Morimar Basalt Fields,17863349,Mining Point,,pending,,,
265,Morimar Basalt Fields,17863350,Mining Point,,pending,,,
265,Morimar Basalt Fields,17863351,Mining Point,,pending,,,
265,Morimar Basalt Fields,17863352,Mining Point,,pending,,,
265,Morimar Basalt Fields,17863353,Mining Point,,pending,,,
265,Morimar Basalt Fields,17863355,Mining Point,,pending,,,
265,Morimar Basalt Fields,17863356,Mining Point,,pending,,,
265,Morimar Basalt Fields,17863357,Mining Point,,pending,,,
265,Morimar Basalt Fields,17863358,Mining Point,,pending,,,
265,Morimar Basalt Fields,17863391,???,,not_applicable,,,Unnamed placeholder or door; no NPC role label.
265,Morimar Basalt Fields,17863392,???,,not_applicable,,,Unnamed placeholder or door; no NPC role label.
265,Morimar Basalt Fields,17863393,Waypoint,,pending,,,
265,Morimar Basalt Fields,17863394,Waypoint,,pending,,,
265,Morimar Basalt Fields,17863395,Waypoint,,pending,,,
265,Morimar Basalt Fields,17863396,Waypoint,,pending,,,
265,Morimar Basalt Fields,17863397,Waypoint,,pending,,,
265,Morimar Basalt Fields,17863398,Waypoint,,pending,,,
265,Morimar Basalt Fields,17863401,Goblin Footprint,,pending,,,
265,Morimar Basalt Fields,17863402,Daunting Emanation,,pending,,,
265,Morimar Basalt Fields,17863405,Borghest,,pending,,,
265,Morimar Basalt Fields,17863411,Hegnor,,pending,,,
265,Morimar Basalt Fields,17863412,???,,not_applicable,,,Unnamed placeholder or door; no NPC role label.
265,Morimar Basalt Fields,17863413,Fallion,,pending,,,
265,Morimar Basalt Fields,17863414,Hot Spring,,pending,,,
265,Morimar Basalt Fields,17863415,Hot Spring,,pending,,,
265,Morimar Basalt Fields,17863416,Hot Spring,,pending,,,
265,Morimar Basalt Fields,17863417,Apolliane,,pending,,,
265,Morimar Basalt Fields,17863418,Silent Rooster,,pending,,,
265,Morimar Basalt Fields,17863419,Vestavius,,pending,,,
265,Morimar Basalt Fields,17863420,Castoff Point,,pending,,,
265,Morimar Basalt Fields,17863421,Castoff Point,,pending,,,
265,Morimar Basalt Fields,17863427,Dabnorrin,,pending,,,
265,Morimar Basalt Fields,17863432,Ergon Locus ???,,pending,,,
265,Morimar Basalt Fields,17863433,Orsa-Porsa,,pending,,,
265,Morimar Basalt Fields,17863436,Primordial Convergence,,pending,,,
265,Morimar Basalt Fields,17863437,Primordial Convergence,,pending,,,
265,Morimar Basalt Fields,17863439,???,,not_applicable,,,Unnamed placeholder or door; no NPC role label.
265,Morimar Basalt Fields,17863443,Veil,,pending,,,
265,Morimar Basalt Fields,17863444,???,,not_applicable,,,Unnamed placeholder or door; no NPC role label.
265,Morimar Basalt Fields,17863445,???,,not_applicable,,,Unnamed placeholder or door; no NPC role label.
265,Morimar Basalt Fields,17863446,???,,not_applicable,,,Unnamed placeholder or door; no NPC role label.
265,Morimar Basalt Fields,17863447,???,,not_applicable,,,Unnamed placeholder or door; no NPC role label.
265,Morimar Basalt Fields,17863448,???,,not_applicable,,,Unnamed placeholder or door; no NPC role label.
265,Morimar Basalt Fields,17863450,Station Administrator,,pending,,,
265,Morimar Basalt Fields,17863451,Bivouac#1 Administrator,,pending,,,
265,Morimar Basalt Fields,17863452,Bivouac#2 Administrator,,pending,,,
265,Morimar Basalt Fields,17863453,Bivouac#3 Administrator,,pending,,,
265,Morimar Basalt Fields,17863454,Bivouac#4 Administrator,,pending,,,
265,Morimar Basalt Fields,17863455,Bivouac#5 Administrator,,pending,,,
265,Morimar Basalt Fields,17863456,Ergon Locus,,pending,,,
265,Morimar Basalt Fields,17863457,Ergon Locus,,pending,,,
265,Morimar Basalt Fields,17863458,Ergon Locus,,pending,,,
265,Morimar Basalt Fields,17863460,Lost Article,,pending,,,
265,Morimar Basalt Fields,17863462,Station Worker,,pending,,,
265,Morimar Basalt Fields,17863463,Geomantic Reservoir,,pending,,,
265,Morimar Basalt Fields,17863466,Geomantic Reservoir,,pending,,,
265,Morimar Basalt Fields,17863469,Delivery Specialist,,pending,,,
265,Morimar Basalt Fields,17863479,Scalable Area,,pending,,,
265,Morimar Basalt Fields,17863480,Scalable Area,,pending,,,
265,Morimar Basalt Fields,17863481,Scalable Area,,pending,,,
265,Morimar Basalt Fields,17863482,Scalable Area,,pending,,,
265,Morimar Basalt Fields,17863483,Scalable Area,,pending,,,
265,Morimar Basalt Fields,17863484,Scalable Area,,pending,,,
265,Morimar Basalt Fields,17863485,Scalable Area,,pending,,,
265,Morimar Basalt Fields,17863486,Scalable Area,,pending,,,
265,Morimar Basalt Fields,17863487,Scalable Area,,pending,,,
265,Morimar Basalt Fields,17863488,Scalable Area,,pending,,,
265,Morimar Basalt Fields,17863489,Scalable Area,,pending,,,
265,Morimar Basalt Fields,17863490,Scalable Area,,pending,,,
265,Morimar Basalt Fields,17863491,Scalable Area,,pending,,,
265,Morimar Basalt Fields,17863492,Scalable Area,,pending,,,
265,Morimar Basalt Fields,17863493,Scalable Area,,pending,,,
265,Morimar Basalt Fields,17863494,Scalable Area,,pending,,,
265,Morimar Basalt Fields,17863495,Home Point #1,,pending,,,
265,Morimar Basalt Fields,17863501,???,,not_applicable,,,Unnamed placeholder or door; no NPC role label.
266,Marjami Ravine,17867089,NPC[151],,pending,,,
266,Marjami Ravine,17867090,NPC[152],,pending,,,
266,Marjami Ravine,17867091,NPC[153],,pending,,,
266,Marjami Ravine,17867092,NPC[154],,pending,,,
266,Marjami Ravine,17867094,NPC[156],,pending,,,
266,Marjami Ravine,17867095,NPC[157],,pending,,,
266,Marjami Ravine,17867096,NPC[158],,pending,,,
266,Marjami Ravine,17867097,NPC[159],,pending,,,
266,Marjami Ravine,17867098,NPC[15a],,pending,,,
266,Marjami Ravine,17867099,NPC[15b],,pending,,,
266,Marjami Ravine,17867100,NPC[15c],,pending,,,
266,Marjami Ravine,17867101,NPC[15d],,pending,,,
266,Marjami Ravine,17867102,NPC[15e],,pending,,,
266,Marjami Ravine,17867103,NPC[15f],,pending,,,
266,Marjami Ravine,17867104,NPC[160],,pending,,,
266,Marjami Ravine,17867105,NPC[161],,pending,,,
266,Marjami Ravine,17867106,NPC[162],,pending,,,
266,Marjami Ravine,17867107,NPC[163],,pending,,,
266,Marjami Ravine,17867112,NPC[168],,pending,,,
266,Marjami Ravine,17867113,NPC[169],,pending,,,
266,Marjami Ravine,17867114,NPC[16a],,pending,,,
266,Marjami Ravine,17867115,NPC[16b],,pending,,,
266,Marjami Ravine,17867117,Mining Point,,pending,,,
266,Marjami Ravine,17867119,Mining Point,,pending,,,
266,Marjami Ravine,17867120,Mining Point,,pending,,,
266,Marjami Ravine,17867121,Mining Point,,pending,,,
266,Marjami Ravine,17867122,Mining Point,,pending,,,
266,Marjami Ravine,17867146,Station Administrator,,pending,,,
266,Marjami Ravine,17867147,Bivouac#1 Administrator,,pending,,,
266,Marjami Ravine,17867148,Bivouac#2 Administrator,,pending,,,
266,Marjami Ravine,17867149,Bivouac#3 Administrator,,pending,,,
266,Marjami Ravine,17867150,Bivouac#4 Administrator,,pending,,,
266,Marjami Ravine,17867152,Ergon Locus,,pending,,,
266,Marjami Ravine,17867153,Ergon Locus,,pending,,,
266,Marjami Ravine,17867154,Ergon Locus,,pending,,,
266,Marjami Ravine,17867156,Lost Article,,pending,,,
266,Marjami Ravine,17867158,Station Worker,,pending,,,
266,Marjami Ravine,17867159,Delivery Specialist,,pending,,,
266,Marjami Ravine,17867169,???,,not_applicable,,,Unnamed placeholder or door; no NPC role label.
266,Marjami Ravine,17867170,???,,not_applicable,,,Unnamed placeholder or door; no NPC role label.
266,Marjami Ravine,17867171,Waypoint,,pending,,,
266,Marjami Ravine,17867172,Waypoint,,pending,,,
266,Marjami Ravine,17867173,Waypoint,,pending,,,
266,Marjami Ravine,17867174,Waypoint,,pending,,,
266,Marjami Ravine,17867175,Waypoint,,pending,,,
266,Marjami Ravine,17867177,Toppled Tree,,pending,,,
266,Marjami Ravine,17867178,Velkk Cache,,pending,,,
266,Marjami Ravine,17867179,Udip Ferawoh,,pending,,,
266,Marjami Ravine,17867181,Scalable Area,,pending,,,
266,Marjami Ravine,17867182,Scalable Area,,pending,,,
266,Marjami Ravine,17867183,Scalable Area,,pending,,,
266,Marjami Ravine,17867184,Scalable Area,,pending,,,
266,Marjami Ravine,17867185,Scalable Area,,pending,,,
266,Marjami Ravine,17867186,Scalable Area,,pending,,,
266,Marjami Ravine,17867187,Scalable Area,,pending,,,
266,Marjami Ravine,17867188,Scalable Area,,pending,,,
266,Marjami Ravine,17867189,Scalable Area,,pending,,,
266,Marjami Ravine,17867190,Scalable Area,,pending,,,
266,Marjami Ravine,17867191,Scalable Area,,pending,,,
266,Marjami Ravine,17867192,Scalable Area,,pending,,,
266,Marjami Ravine,17867193,Scalable Area,,pending,,,
266,Marjami Ravine,17867194,Scalable Area,,pending,,,
266,Marjami Ravine,17867195,Scalable Area,,pending,,,
266,Marjami Ravine,17867196,Scalable Area,,pending,,,
266,Marjami Ravine,17867197,Scalable Area,,pending,,,
266,Marjami Ravine,17867198,Scalable Area,,pending,,,
266,Marjami Ravine,17867199,Scalable Area,,pending,,,
266,Marjami Ravine,17867200,Scalable Area,,pending,,,
266,Marjami Ravine,17867201,Scalable Area,,pending,,,
266,Marjami Ravine,17867202,Scalable Area,,pending,,,
266,Marjami Ravine,17867203,Scalable Area,,pending,,,
266,Marjami Ravine,17867204,Scalable Area,,pending,,,
266,Marjami Ravine,17867205,Veldeth,,pending,,,
266,Marjami Ravine,17867206,Jhen Durheka,,pending,,,
266,Marjami Ravine,17867207,???,,not_applicable,,,Unnamed placeholder or door; no NPC role label.
266,Marjami Ravine,17867208,???,,not_applicable,,,Unnamed placeholder or door; no NPC role label.
266,Marjami Ravine,17867210,Goblin Footprint,,pending,,,
266,Marjami Ravine,17867213,Runic Overflow,,pending,,,
266,Marjami Ravine,17867214,???,,not_applicable,,,Unnamed placeholder or door; no NPC role label.
266,Marjami Ravine,17867226,Home Point #1,,pending,,,
266,Marjami Ravine,17867231,Hostage Tent,,pending,,,
266,Marjami Ravine,17867232,Seat of Gramk-Droog,,pending,,,
266,Marjami Ravine,17867250,Veil,,pending,,,
266,Marjami Ravine,17867251,???,,not_applicable,,,Unnamed placeholder or door; no NPC role label.
266,Marjami Ravine,17867252,???,,not_applicable,,,Unnamed placeholder or door; no NPC role label.
266,Marjami Ravine,17867253,???,,not_applicable,,,Unnamed placeholder or door; no NPC role label.
266,Marjami Ravine,17867254,???,,not_applicable,,,Unnamed placeholder or door; no NPC role label.
266,Marjami Ravine,17867255,???,,not_applicable,,,Unnamed placeholder or door; no NPC role label.
266,Marjami Ravine,17867256,Geomantic Reservoir,,pending,,,
266,Marjami Ravine,17867260,???,,not_applicable,,,Unnamed placeholder or door; no NPC role label.
266,Marjami Ravine,17867264,Weathered Canvas,,pending,,,
266,Marjami Ravine,17867265,Grrk-Frut the Charlatan,,pending,,,
266,Marjami Ravine,17867272,Bibliomaniac's Lair,,pending,,,
267,Kamihr Drifts,17871127,NPC[117],,pending,,,
267,Kamihr Drifts,17871128,NPC[118],,pending,,,
267,Kamihr Drifts,17871129,NPC[119],,pending,,,
267,Kamihr Drifts,17871130,NPC[11a],,pending,,,
267,Kamihr Drifts,17871132,NPC[11c],,pending,,,
267,Kamihr Drifts,17871133,NPC[11d],,pending,,,
267,Kamihr Drifts,17871134,NPC[11e],,pending,,,
267,Kamihr Drifts,17871135,NPC[11f],,pending,,,
267,Kamihr Drifts,17871136,NPC[120],,pending,,,
267,Kamihr Drifts,17871137,NPC[121],,pending,,,
267,Kamihr Drifts,17871148,NPC[12c],,pending,,,
267,Kamihr Drifts,17871149,NPC[12d],,pending,,,
267,Kamihr Drifts,17871150,NPC[12e],,pending,,,
267,Kamihr Drifts,17871151,NPC[12f],,pending,,,
267,Kamihr Drifts,17871152,NPC[130],,pending,,,
267,Kamihr Drifts,17871153,NPC[131],,pending,,,
267,Kamihr Drifts,17871155,Mining Point,,pending,,,
267,Kamihr Drifts,17871156,Mining Point,,pending,,,
267,Kamihr Drifts,17871157,Mining Point,,pending,,,
267,Kamihr Drifts,17871158,Mining Point,,pending,,,
267,Kamihr Drifts,17871159,Mining Point,,pending,,,
267,Kamihr Drifts,17871160,Mining Point,,pending,,,
267,Kamihr Drifts,17871168,Peculiar Footprints,,pending,,,
267,Kamihr Drifts,17871183,Liseran Door: Entrance,,pending,,,
267,Kamihr Drifts,17871185,Goblin Footprint,,pending,,,
267,Kamihr Drifts,17871186,Station Administrator,,pending,,,
267,Kamihr Drifts,17871187,Bivouac#1 Administrator,,pending,,,
267,Kamihr Drifts,17871188,Bivouac#2 Administrator,,pending,,,
267,Kamihr Drifts,17871189,Bivouac#3 Administrator,,pending,,,
267,Kamihr Drifts,17871190,Bivouac#4 Administrator,,pending,,,
267,Kamihr Drifts,17871192,Ergon Locus,,pending,,,
267,Kamihr Drifts,17871193,Ergon Locus,,pending,,,
267,Kamihr Drifts,17871194,Ergon Locus,,pending,,,
267,Kamihr Drifts,17871196,Lost Article,,pending,,,
267,Kamihr Drifts,17871198,Station Worker,,pending,,,
267,Kamihr Drifts,17871199,Delivery Specialist,,pending,,,
267,Kamihr Drifts,17871210,Traiffeaux,,pending,,,
267,Kamihr Drifts,17871211,Peppe-Aleppe,,pending,,,
267,Kamihr Drifts,17871213,???,,not_applicable,,,Unnamed placeholder or door; no NPC role label.
267,Kamihr Drifts,17871214,???,,not_applicable,,,Unnamed placeholder or door; no NPC role label.
267,Kamihr Drifts,17871215,Waypoint,,pending,,,
267,Kamihr Drifts,17871216,Waypoint,,pending,,,
267,Kamihr Drifts,17871217,Waypoint,,pending,,,
267,Kamihr Drifts,17871218,Waypoint,,pending,,,
267,Kamihr Drifts,17871219,Waypoint,,pending,,,
267,Kamihr Drifts,17871221,Home Point #1,,pending,,,
267,Kamihr Drifts,17871232,blank,,not_applicable,,,Unnamed placeholder or door; no NPC role label.
267,Kamihr Drifts,17871240,Crawling Cave,,pending,,,
267,Kamihr Drifts,17871241,Resume Point,,pending,,,
267,Kamihr Drifts,17871242,Alpine Trail,,pending,,,
267,Kamihr Drifts,17871243,Blockaded Path,,pending,,,
267,Kamihr Drifts,17871244,Hollowed Pathway,,pending,,,
267,Kamihr Drifts,17871250,Mnemonic Pool,,pending,,,
267,Kamihr Drifts,17871254,Veil,,pending,,,
267,Kamihr Drifts,17871255,???,,not_applicable,,,Unnamed placeholder or door; no NPC role label.
267,Kamihr Drifts,17871256,???,,not_applicable,,,Unnamed placeholder or door; no NPC role label.
267,Kamihr Drifts,17871257,???,,not_applicable,,,Unnamed placeholder or door; no NPC role label.
267,Kamihr Drifts,17871258,???,,not_applicable,,,Unnamed placeholder or door; no NPC role label.
267,Kamihr Drifts,17871259,???,,not_applicable,,,Unnamed placeholder or door; no NPC role label.
267,Kamihr Drifts,17871260,Diaphanous Transposer,,pending,,,
268,Sih Gates,17875283,Mining Point,,pending,,,
268,Sih Gates,17875284,Mining Point,,pending,,,
268,Sih Gates,17875285,Mining Point,,pending,,,
268,Sih Gates,17875286,Mining Point,,pending,,,
268,Sih Gates,17875287,Mining Point,,pending,,,
268,Sih Gates,17875288,Mining Point,,pending,,,
268,Sih Gates,17875289,Harvesting Point,,pending,,,
268,Sih Gates,17875290,Harvesting Point,,pending,,,
268,Sih Gates,17875291,Harvesting Point,,pending,,,
268,Sih Gates,17875292,Harvesting Point,,pending,,,
268,Sih Gates,17875293,Harvesting Point,,pending,,,
268,Sih Gates,17875294,Harvesting Point,,pending,,,
268,Sih Gates,17875305,???,,not_applicable,,,Unnamed placeholder or door; no NPC role label.
268,Sih Gates,17875315,Foreboding Presence,,pending,,,
268,Sih Gates,17875322,???,,not_applicable,,,Unnamed placeholder or door; no NPC role label.
268,Sih Gates,17875327,Goblin Footprint,,pending,,,
268,Sih Gates,17875328,Ergon Locus,,pending,,,
268,Sih Gates,17875329,Ergon Locus,,pending,,,
268,Sih Gates,17875332,Lost Article,,pending,,,
268,Sih Gates,17875335,Castoff Point,,pending,,,
268,Sih Gates,17875336,Castoff Point,,pending,,,
268,Sih Gates,17875356,Scalable Area,,pending,,,
268,Sih Gates,17875357,Scalable Area,,pending,,,
268,Sih Gates,17875358,Scalable Area,,pending,,,
268,Sih Gates,17875359,Scalable Area,,pending,,,
268,Sih Gates,17875360,???,,not_applicable,,,Unnamed placeholder or door; no NPC role label.
268,Sih Gates,17875361,???,,not_applicable,,,Unnamed placeholder or door; no NPC role label.
269,Moh Gates,17879373,Mining Point,,pending,,,
269,Moh Gates,17879374,Mining Point,,pending,,,
269,Moh Gates,17879375,Mining Point,,pending,,,
269,Moh Gates,17879376,Mining Point,,pending,,,
269,Moh Gates,17879377,Mining Point,,pending,,,
269,Moh Gates,17879378,Mining Point,,pending,,,
269,Moh Gates,17879389,???,,not_applicable,,,Unnamed placeholder or door; no NPC role label.
269,Moh Gates,17879400,Molten Rift,,pending,,,
269,Moh Gates,17879416,Magma Vein,,pending,,,
269,Moh Gates,17879417,Ergon Locus,,pending,,,
269,Moh Gates,17879418,Ergon Locus,,pending,,,
269,Moh Gates,17879421,Lost Article,,pending,,,
269,Moh Gates,17879432,Scalable Area,,pending,,,
269,Moh Gates,17879433,Scalable Area,,pending,,,
269,Moh Gates,17879434,Scalable Area,,pending,,,
269,Moh Gates,17879435,Scalable Area,,pending,,,
269,Moh Gates,17879437,Goblin Footprint,,pending,,,
269,Moh Gates,17879438,???,,not_applicable,,,Unnamed placeholder or door; no NPC role label.
269,Moh Gates,17879439,???,,not_applicable,,,Unnamed placeholder or door; no NPC role label.
270,Cirdas Caverns,17883799,Mining Point,,pending,,,
270,Cirdas Caverns,17883800,Mining Point,,pending,,,
270,Cirdas Caverns,17883801,Mining Point,,pending,,,
270,Cirdas Caverns,17883802,Mining Point,,pending,,,
270,Cirdas Caverns,17883803,Mining Point,,pending,,,
270,Cirdas Caverns,17883804,Mining Point,,pending,,,
270,Cirdas Caverns,17883805,Mining Point,,pending,,,
270,Cirdas Caverns,17883806,Mining Point,,pending,,,
270,Cirdas Caverns,17883807,Mining Point,,pending,,,
270,Cirdas Caverns,17883808,Mining Point,,pending,,,
270,Cirdas Caverns,17883809,Mining Point,,pending,,,
270,Cirdas Caverns,17883810,Mining Point,,pending,,,
270,Cirdas Caverns,17883821,???,,not_applicable,,,Unnamed placeholder or door; no NPC role label.
270,Cirdas Caverns,17883908,blank,,not_applicable,,,Unnamed placeholder or door; no NPC role label.
270,Cirdas Caverns,17883909,Augural Conveyor,,pending,,,
270,Cirdas Caverns,17883911,Wavering Flux,,pending,,,
270,Cirdas Caverns,17883913,Ergon Locus,,pending,,,
270,Cirdas Caverns,17883914,Ergon Locus,,pending,,,
270,Cirdas Caverns,17883917,Lost Article,,pending,,,
270,Cirdas Caverns,17883919,Castoff Point,,pending,,,
270,Cirdas Caverns,17883920,Castoff Point,,pending,,,
270,Cirdas Caverns,17883924,Overgrown Grave,,pending,,,
270,Cirdas Caverns,17883943,Resume Point,,pending,,,
270,Cirdas Caverns,17883945,Goblin Footprint,,pending,,,
270,Cirdas Caverns,17883946,Scalable Area,,pending,,,
270,Cirdas Caverns,17883947,Scalable Area,,pending,,,
270,Cirdas Caverns,17883948,Scalable Area,,pending,,,
270,Cirdas Caverns,17883949,Scalable Area,,pending,,,
270,Cirdas Caverns,17883950,Scalable Area,,pending,,,
270,Cirdas Caverns,17883951,Scalable Area,,pending,,,
270,Cirdas Caverns,17883952,Scalable Area,,pending,,,
270,Cirdas Caverns,17883953,Scalable Area,,pending,,,
270,Cirdas Caverns,17883954,Scalable Area,,pending,,,
270,Cirdas Caverns,17883955,Scalable Area,,pending,,,
270,Cirdas Caverns,17883960,Mnemonic Pool,,pending,,,
270,Cirdas Caverns,17883969,Congregation Site,,pending,,,
270,Cirdas Caverns,17883980,Hiding Place,,pending,,,
270,Cirdas Caverns,17883981,???,,not_applicable,,,Unnamed placeholder or door; no NPC role label.
270,Cirdas Caverns,17883982,???,,not_applicable,,,Unnamed placeholder or door; no NPC role label.
272,Dho Gates,17891678,Mining Point,,pending,,,
272,Dho Gates,17891679,Mining Point,,pending,,,
272,Dho Gates,17891680,Mining Point,,pending,,,
272,Dho Gates,17891681,Mining Point,,pending,,,
272,Dho Gates,17891682,Mining Point,,pending,,,
272,Dho Gates,17891683,Mining Point,,pending,,,
272,Dho Gates,17891694,???,,not_applicable,,,Unnamed placeholder or door; no NPC role label.
272,Dho Gates,17891704,Ergon Locus,,pending,,,
272,Dho Gates,17891705,Ergon Locus,,pending,,,
272,Dho Gates,17891708,Lost Article,,pending,,,
272,Dho Gates,17891720,Scalable Area,,pending,,,
272,Dho Gates,17891721,Scalable Area,,pending,,,
272,Dho Gates,17891722,Scalable Area,,pending,,,
272,Dho Gates,17891723,Scalable Area,,pending,,,
272,Dho Gates,17891724,???,,not_applicable,,,Unnamed placeholder or door; no NPC role label.
272,Dho Gates,17891726,Goblin Footprint,,pending,,,
272,Dho Gates,17891727,Rocky Outcrop,,pending,,,
272,Dho Gates,17891738,Inlet of Whispers,,pending,,,
272,Dho Gates,17891752,Water of Whispers,,pending,,,
272,Dho Gates,17891754,???,,not_applicable,,,Unnamed placeholder or door; no NPC role label.
272,Dho Gates,17891755,???,,not_applicable,,,Unnamed placeholder or door; no NPC role label.
273,Woh Gates,17895838,Mining Point,,pending,,,
273,Woh Gates,17895839,Mining Point,,pending,,,
273,Woh Gates,17895840,Mining Point,,pending,,,
273,Woh Gates,17895841,Mining Point,,pending,,,
273,Woh Gates,17895842,Mining Point,,pending,,,
273,Woh Gates,17895853,???,,not_applicable,,,Unnamed placeholder or door; no NPC role label.
273,Woh Gates,17895863,Ergon Locus,,pending,,,
273,Woh Gates,17895864,Ergon Locus,,pending,,,
273,Woh Gates,17895867,Lost Article,,pending,,,
273,Woh Gates,17895879,Scalable Area,,pending,,,
273,Woh Gates,17895880,Scalable Area,,pending,,,
273,Woh Gates,17895881,Liseran Door: Entrance,,pending,,,
273,Woh Gates,17895894,Large Animal Track,,pending,,,
273,Woh Gates,17895898,???,,not_applicable,,,Unnamed placeholder or door; no NPC role label.
273,Woh Gates,17895900,Goblin Footprint,,pending,,,
273,Woh Gates,17895901,Darkened Crevice,,pending,,,
273,Woh Gates,17895903,???,,not_applicable,,,Unnamed placeholder or door; no NPC role label.
273,Woh Gates,17895904,???,,not_applicable,,,Unnamed placeholder or door; no NPC role label.
274,Outer Ra'Kaznar,17899909,Mining Point,,pending,,,
274,Outer Ra'Kaznar,17899910,Mining Point,,pending,,,
274,Outer Ra'Kaznar,17899912,Mining Point,,pending,,,
274,Outer Ra'Kaznar,17899913,Mining Point,,pending,,,
274,Outer Ra'Kaznar,17899914,Mining Point,,pending,,,
274,Outer Ra'Kaznar,17899915,Mining Point,,pending,,,
274,Outer Ra'Kaznar,17899916,Mining Point,,pending,,,
274,Outer Ra'Kaznar,17899917,Mining Point,,pending,,,
274,Outer Ra'Kaznar,17899918,Mining Point,,pending,,,
274,Outer Ra'Kaznar,17899919,Mining Point,,pending,,,
274,Outer Ra'Kaznar,17899920,Mining Point,,pending,,,
274,Outer Ra'Kaznar,17900001,blank,,not_applicable,,,Unnamed placeholder or door; no NPC role label.
274,Outer Ra'Kaznar,17900002,Augural Conveyor,,pending,,,
274,Outer Ra'Kaznar,17900004,Duskbrood Gate,,pending,,,
274,Outer Ra'Kaznar,17900005,Brash Gate,,pending,,,
274,Outer Ra'Kaznar,17900006,Deathborne Gate,,pending,,,
274,Outer Ra'Kaznar,17900008,Goblin Footprint,,pending,,,
274,Outer Ra'Kaznar,17900010,Lerene,,pending,,,
274,Outer Ra'Kaznar,17900014,Entwined Roots,,pending,,,
274,Outer Ra'Kaznar,17900015,Entwined Roots,,pending,,,
274,Outer Ra'Kaznar,17900016,Entwined Roots,,pending,,,
274,Outer Ra'Kaznar,17900017,Entwined Roots,,pending,,,
274,Outer Ra'Kaznar,17900018,Entwined Roots,,pending,,,
274,Outer Ra'Kaznar,17900019,Entwined Roots,,pending,,,
274,Outer Ra'Kaznar,17900020,Vertical Transit Device,,pending,,,
274,Outer Ra'Kaznar,17900021,Vertical Transit Device,,pending,,,
274,Outer Ra'Kaznar,17900022,Vertical Transit Device,,pending,,,
274,Outer Ra'Kaznar,17900023,Vertical Transit Device,,pending,,,
274,Outer Ra'Kaznar,17900024,Vertical Transit Device,,pending,,,
274,Outer Ra'Kaznar,17900025,Vertical Transit Device,,pending,,,
274,Outer Ra'Kaznar,17900026,Vertical Transit Device,,pending,,,
274,Outer Ra'Kaznar,17900028,Geomantic Fumes,,pending,,,
274,Outer Ra'Kaznar,17900029,Meeting Point,,pending,,,
274,Outer Ra'Kaznar,17900036,Liseran Door: Exit,,pending,,,
274,Outer Ra'Kaznar,17900037,Liseran Door: Exit,,pending,,,
274,Outer Ra'Kaznar,17900038,blank,,not_applicable,,,Unnamed placeholder or door; no NPC role label.
274,Outer Ra'Kaznar,17900039,blank,,not_applicable,,,Unnamed placeholder or door; no NPC role label.
274,Outer Ra'Kaznar,17900040,blank,,not_applicable,,,Unnamed placeholder or door; no NPC role label.
274,Outer Ra'Kaznar,17900041,blank,,not_applicable,,,Unnamed placeholder or door; no NPC role label.
274,Outer Ra'Kaznar,17900043,Effigy of Sealing,,pending,,,
274,Outer Ra'Kaznar,17900044,Effigy of Sealing,,pending,,,
274,Outer Ra'Kaznar,17900047,Shrouded Workroom,,pending,,,
276,Ra'Kaznar Inner Court,17908256,Vertical Transit Device,,pending,,,
276,Ra'Kaznar Inner Court,17908257,Vertical Transit Device,,pending,,,
276,Ra'Kaznar Inner Court,17908258,???,,not_applicable,,,Unnamed placeholder or door; no NPC role label.
276,Ra'Kaznar Inner Court,17908259,???,,not_applicable,,,Unnamed placeholder or door; no NPC role label.
276,Ra'Kaznar Inner Court,17908260,???,,not_applicable,,,Unnamed placeholder or door; no NPC role label.
276,Ra'Kaznar Inner Court,17908261,???,,not_applicable,,,Unnamed placeholder or door; no NPC role label.
276,Ra'Kaznar Inner Court,17908262,???,,not_applicable,,,Unnamed placeholder or door; no NPC role label.
276,Ra'Kaznar Inner Court,17908263,Home Point #1,,pending,,,
276,Ra'Kaznar Inner Court,17908269,Goblin Footprint,,pending,,,
276,Ra'Kaznar Inner Court,17908274,Malobra,,pending,,,
276,Ra'Kaznar Inner Court,17908275,blank,,not_applicable,,,Unnamed placeholder or door; no NPC role label.
276,Ra'Kaznar Inner Court,17908276,Infernal Transposer,,pending,,,
277,Ra'Kaznar Turris,17912019,Resume Point,,pending,,,
277,Ra'Kaznar Turris,17912021,Goblin Footprint,,pending,,,
277,Ra'Kaznar Turris,17912022,Ominous Postern,,pending,,,
280,Mog Garden,17924125,Green Thumb Moogle,,pending,,,
280,Mog Garden,17924126,Mog Dinghy,,pending,,,
280,Mog Garden,17924127,Mog Dinghy,,pending,,,
280,Mog Garden,17924128,Garden Furrow,,pending,,,
280,Mog Garden,17924129,Garden Furrow #2,,pending,,,
280,Mog Garden,17924130,Garden Furrow #3,,pending,,,
280,Mog Garden,17924131,Arboreal Grove,,pending,,,
280,Mog Garden,17924132,Arboreal Grove,,pending,,,
280,Mog Garden,17924133,Arboreal Grove #2,,pending,,,
280,Mog Garden,17924134,Arboreal Grove #2,,pending,,,
280,Mog Garden,17924135,Arboreal Grove #3,,pending,,,
280,Mog Garden,17924136,Arboreal Grove #3,,pending,,,
280,Mog Garden,17924137,Arboreal Grove #4,,pending,,,
280,Mog Garden,17924138,Arboreal Grove #4,,pending,,,
280,Mog Garden,17924139,Mineral Vein,,pending,,,
280,Mog Garden,17924140,Mineral Vein,,pending,,,
280,Mog Garden,17924141,Mineral Vein #2,,pending,,,
280,Mog Garden,17924142,Mineral Vein #2,,pending,,,
280,Mog Garden,17924143,Mineral Vein #3,,pending,,,
280,Mog Garden,17924144,Mineral Vein #3,,pending,,,
280,Mog Garden,17924145,Mineral Vein #4,,pending,,,
280,Mog Garden,17924146,Mineral Vein #4,,pending,,,
280,Mog Garden,17924147,Pond Dredger,,pending,,,
280,Mog Garden,17924149,Coastal Fishing Net,,pending,,,
280,Mog Garden,17924150,Flotsam,,pending,,,
280,Mog Garden,17924183,Kuyin Hathdenna,,pending,,,
280,Mog Garden,17924184,Susuroon,,pending,,,
280,Mog Garden,17924185,Yeestog,,pending,,,
280,Mog Garden,17924202,Kuyin Hathdenna,,pending,,,
280,Mog Garden,17924203,Susuroon,,pending,,,
280,Mog Garden,17924204,Yeestog,,pending,,,
280,Mog Garden,17924206,Crabauble,,pending,,,
280,Mog Garden,17924208,Goblin Footprint,,pending,,,
280,Mog Garden,17924209,Crabauble,,pending,,,
280,Mog Garden,17924210,Garden Strongbox,,pending,,,
280,Mog Garden,17924211,Bulging Crate,,pending,,,
280,Mog Garden,17924221,Porter Moogle,,pending,,,
280,Mog Garden,17924224,blank,,not_applicable,,,Unnamed placeholder or door; no NPC role label.
280,Mog Garden,17924225,blank,,not_applicable,,,Unnamed placeholder or door; no NPC role label.
280,Mog Garden,17924226,blank,,not_applicable,,,Unnamed placeholder or door; no NPC role label.
280,Mog Garden,17924227,blank,,not_applicable,,,Unnamed placeholder or door; no NPC role label.
280,Mog Garden,17924228,blank,,not_applicable,,,Unnamed placeholder or door; no NPC role label.
280,Mog Garden,17924229,???,,not_applicable,,,Unnamed placeholder or door; no NPC role label.
280,Mog Garden,17924230,???,,not_applicable,,,Unnamed placeholder or door; no NPC role label.
280,Mog Garden,17924231,Chacharoon,,pending,,,
280,Mog Garden,17924232,Chacharoon,,pending,,,
280,Mog Garden,17924233,Breeding Monster,,pending,,,
280,Mog Garden,17924234,Breeding Monster01,,pending,,,
280,Mog Garden,17924235,Breeding Monster02,,pending,,,
280,Mog Garden,17924236,Breeding Monster03,,pending,,,
280,Mog Garden,17924237,Breeding Monster00,,pending,,,
280,Mog Garden,17924238,Ephemeral Moogle,,pending,,,
280,Mog Garden,17924240,Mandragora Assistant,,pending,,,
280,Mog Garden,17924241,blank,,not_applicable,,,Unnamed placeholder or door; no NPC role label.
281,Leafallia,17928208,Meandering Leafkin,,pending,,,
281,Leafallia,17928209,Meandering Leafkin,,pending,,,
281,Leafallia,17928210,Meandering Leafkin,,pending,,,
281,Leafallia,17928211,Meandering Leafkin,,pending,,,
281,Leafallia,17928212,Meandering Leafkin,,pending,,,
281,Leafallia,17928213,Meandering Leafkin,,pending,,,
281,Leafallia,17928214,Meandering Leafkin,,pending,,,
281,Leafallia,17928215,Meandering Leafkin,,pending,,,
281,Leafallia,17928216,Meandering Leafkin,,pending,,,
281,Leafallia,17928217,Meandering Leafkin,,pending,,,
281,Leafallia,17928218,Meandering Leafkin,,pending,,,
281,Leafallia,17928219,Meandering Leafkin,,pending,,,
281,Leafallia,17928225,Heroic Footprints,,pending,,,
281,Leafallia,17928246,Aged Stump,,pending,,,
281,Leafallia,17928253,Drifting Feather,,pending,,,
281,Leafallia,17928255,Soupox,,pending,,,
281,Leafallia,17928257,Goblin Footprint,,pending,,,
281,Leafallia,17928259,Home Point #1,,pending,,,
281,Leafallia,17928265,Odyssean Passage,,pending,,,
281,Leafallia,17928266,Ruspix,,pending,,,
281,Leafallia,17928276,Test of Talents,,pending,,,
284,Celennia Memorial Library,17940491,Jedelaih,,pending,,,
284,Celennia Memorial Library,17940495,Andreine,,pending,,,
284,Celennia Memorial Library,17940499,Makel-Pakel,,pending,,,
284,Celennia Memorial Library,17940500,Reja Ygridhi,,pending,,,
284,Celennia Memorial Library,17940501,Institutions,,pending,,,
284,Celennia Memorial Library,17940502,Personages,,pending,,,
284,Celennia Memorial Library,17940503,Geography,,pending,,,
284,Celennia Memorial Library,17940504,History,,pending,,,
284,Celennia Memorial Library,17940505,Bestiary,,pending,,,
284,Celennia Memorial Library,17940506,Vainrachault,,pending,,,
284,Celennia Memorial Library,17940507,Trystol,,pending,,,
284,Celennia Memorial Library,17940508,Door: Back to Town,,not_applicable,,,Unnamed placeholder or door; no NPC role label.
284,Celennia Memorial Library,17940510,Yefafa,,pending,,,
284,Celennia Memorial Library,17940523,Hestefa,,pending,,,
285,Feretory,17944588,Goblin Footprint,,pending,,,
285,Feretory,17944591,Odyssean Passage,,pending,,,
285,Feretory,17944592,Odyssean Passage,,pending,,,
285,Feretory,17944593,Maccus,,pending,,,
285,Feretory,17944594,Maccus,,pending,,,
285,Feretory,17944595,Teyrnon,,pending,,,
285,Feretory,17944596,Teyrnon,,pending,,,
285,Feretory,17944597,Suibhne,,pending,,,
285,Feretory,17944598,Suibhne,,pending,,,
285,Feretory,17944599,Aengus,,pending,,,
285,Feretory,17944600,Aengus,,pending,,,
288,Escha - Zi'Tah,17957420,Grimslight,,pending,,,
288,Escha - Zi'Tah,17957421,Grimslight,,pending,,,
288,Escha - Zi'Tah,17957422,Grimslight,,pending,,,
288,Escha - Zi'Tah,17957423,Grimslight,,pending,,,
288,Escha - Zi'Tah,17957424,Grimslight,,pending,,,
288,Escha - Zi'Tah,17957425,Grimslight,,pending,,,
288,Escha - Zi'Tah,17957426,Grimslight,,pending,,,
288,Escha - Zi'Tah,17957427,Grimslight,,pending,,,
288,Escha - Zi'Tah,17957428,Grimslight,,pending,,,
288,Escha - Zi'Tah,17957430,Goblin Footprint,,pending,,,
288,Escha - Zi'Tah,17957435,Undulating Confluence,,pending,,,
288,Escha - Zi'Tah,17957437,???,,not_applicable,,,Unnamed placeholder or door; no NPC role label.
288,Escha - Zi'Tah,17957438,???,,not_applicable,,,Unnamed placeholder or door; no NPC role label.
288,Escha - Zi'Tah,17957439,???,,not_applicable,,,Unnamed placeholder or door; no NPC role label.
288,Escha - Zi'Tah,17957440,???,,not_applicable,,,Unnamed placeholder or door; no NPC role label.
288,Escha - Zi'Tah,17957441,???,,not_applicable,,,Unnamed placeholder or door; no NPC role label.
288,Escha - Zi'Tah,17957442,???,,not_applicable,,,Unnamed placeholder or door; no NPC role label.
288,Escha - Zi'Tah,17957443,???,,not_applicable,,,Unnamed placeholder or door; no NPC role label.
288,Escha - Zi'Tah,17957444,???,,not_applicable,,,Unnamed placeholder or door; no NPC role label.
288,Escha - Zi'Tah,17957445,???,,not_applicable,,,Unnamed placeholder or door; no NPC role label.
288,Escha - Zi'Tah,17957446,???,,not_applicable,,,Unnamed placeholder or door; no NPC role label.
288,Escha - Zi'Tah,17957447,???,,not_applicable,,,Unnamed placeholder or door; no NPC role label.
288,Escha - Zi'Tah,17957448,???,,not_applicable,,,Unnamed placeholder or door; no NPC role label.
288,Escha - Zi'Tah,17957449,Affi,,pending,,,
288,Escha - Zi'Tah,17957450,Register of Deeds,,pending,,,
288,Escha - Zi'Tah,17957451,Eschan Portal #1,,pending,,,
288,Escha - Zi'Tah,17957452,Eschan Portal #2,,pending,,,
288,Escha - Zi'Tah,17957453,Eschan Portal #3,,pending,,,
288,Escha - Zi'Tah,17957454,Eschan Portal #4,,pending,,,
288,Escha - Zi'Tah,17957455,Eschan Portal #5,,pending,,,
288,Escha - Zi'Tah,17957456,Eschan Portal #6,,pending,,,
288,Escha - Zi'Tah,17957457,Eschan Portal #7,,pending,,,
288,Escha - Zi'Tah,17957458,Eschan Portal #8,,pending,,,
289,Escha - Ru'Aun,17961660,Grimslight,,pending,,,
289,Escha - Ru'Aun,17961661,Grimslight,,pending,,,
289,Escha - Ru'Aun,17961662,Grimslight,,pending,,,
289,Escha - Ru'Aun,17961663,Grimslight,,pending,,,
289,Escha - Ru'Aun,17961664,Grimslight,,pending,,,
289,Escha - Ru'Aun,17961665,Grimslight,,pending,,,
289,Escha - Ru'Aun,17961666,Grimslight,,pending,,,
289,Escha - Ru'Aun,17961667,Grimslight,,pending,,,
289,Escha - Ru'Aun,17961668,Grimslight,,pending,,,
289,Escha - Ru'Aun,17961680,Goblin Footprint,,pending,,,
289,Escha - Ru'Aun,17961682,???,,not_applicable,,,Unnamed placeholder or door; no NPC role label.
289,Escha - Ru'Aun,17961683,???,,not_applicable,,,Unnamed placeholder or door; no NPC role label.
289,Escha - Ru'Aun,17961698,Undulating Confluence,,pending,,,
289,Escha - Ru'Aun,17961699,???,,not_applicable,,,Unnamed placeholder or door; no NPC role label.
289,Escha - Ru'Aun,17961700,???,,not_applicable,,,Unnamed placeholder or door; no NPC role label.
289,Escha - Ru'Aun,17961701,???,,not_applicable,,,Unnamed placeholder or door; no NPC role label.
289,Escha - Ru'Aun,17961702,???,,not_applicable,,,Unnamed placeholder or door; no NPC role label.
289,Escha - Ru'Aun,17961703,???,,not_applicable,,,Unnamed placeholder or door; no NPC role label.
289,Escha - Ru'Aun,17961704,???,,not_applicable,,,Unnamed placeholder or door; no NPC role label.
289,Escha - Ru'Aun,17961705,???,,not_applicable,,,Unnamed placeholder or door; no NPC role label.
289,Escha - Ru'Aun,17961706,???,,not_applicable,,,Unnamed placeholder or door; no NPC role label.
289,Escha - Ru'Aun,17961707,???,,not_applicable,,,Unnamed placeholder or door; no NPC role label.
289,Escha - Ru'Aun,17961708,???,,not_applicable,,,Unnamed placeholder or door; no NPC role label.
289,Escha - Ru'Aun,17961709,???,,not_applicable,,,Unnamed placeholder or door; no NPC role label.
289,Escha - Ru'Aun,17961710,???,,not_applicable,,,Unnamed placeholder or door; no NPC role label.
289,Escha - Ru'Aun,17961711,Dremi,,pending,,,
289,Escha - Ru'Aun,17961712,Register of Deeds,,pending,,,
289,Escha - Ru'Aun,17961713,Eschan Portal #1,,pending,,,
289,Escha - Ru'Aun,17961714,Eschan Portal #2,,pending,,,
289,Escha - Ru'Aun,17961715,Eschan Portal #3,,pending,,,
289,Escha - Ru'Aun,17961716,Eschan Portal #4,,pending,,,
289,Escha - Ru'Aun,17961717,Eschan Portal #5,,pending,,,
289,Escha - Ru'Aun,17961718,Eschan Portal #6,,pending,,,
289,Escha - Ru'Aun,17961719,Eschan Portal #7,,pending,,,
289,Escha - Ru'Aun,17961720,Eschan Portal #8,,pending,,,
289,Escha - Ru'Aun,17961721,Eschan Portal #9,,pending,,,
289,Escha - Ru'Aun,17961722,Eschan Portal #10,,pending,,,
289,Escha - Ru'Aun,17961723,Eschan Portal #11,,pending,,,
289,Escha - Ru'Aun,17961724,Eschan Portal #12,,pending,,,
289,Escha - Ru'Aun,17961725,Eschan Portal #13,,pending,,,
289,Escha - Ru'Aun,17961726,Eschan Portal #14,,pending,,,
289,Escha - Ru'Aun,17961727,Eschan Portal #15,,pending,,,
289,Escha - Ru'Aun,17961728,???,,not_applicable,,,Unnamed placeholder or door; no NPC role label.
289,Escha - Ru'Aun,17961729,???,,not_applicable,,,Unnamed placeholder or door; no NPC role label.
289,Escha - Ru'Aun,17961730,???,,not_applicable,,,Unnamed placeholder or door; no NPC role label.
289,Escha - Ru'Aun,17961731,???,,not_applicable,,,Unnamed placeholder or door; no NPC role label.
289,Escha - Ru'Aun,17961732,???,,not_applicable,,,Unnamed placeholder or door; no NPC role label.
289,Escha - Ru'Aun,17961733,???,,not_applicable,,,Unnamed placeholder or door; no NPC role label.
289,Escha - Ru'Aun,17961734,???,,not_applicable,,,Unnamed placeholder or door; no NPC role label.
289,Escha - Ru'Aun,17961735,???,,not_applicable,,,Unnamed placeholder or door; no NPC role label.
289,Escha - Ru'Aun,17961736,???,,not_applicable,,,Unnamed placeholder or door; no NPC role label.
289,Escha - Ru'Aun,17961737,???,,not_applicable,,,Unnamed placeholder or door; no NPC role label.
289,Escha - Ru'Aun,17961738,???,,not_applicable,,,Unnamed placeholder or door; no NPC role label.
289,Escha - Ru'Aun,17961739,???,,not_applicable,,,Unnamed placeholder or door; no NPC role label.
289,Escha - Ru'Aun,17961740,???,,not_applicable,,,Unnamed placeholder or door; no NPC role label.
289,Escha - Ru'Aun,17961741,???,,not_applicable,,,Unnamed placeholder or door; no NPC role label.
289,Escha - Ru'Aun,17961742,???,,not_applicable,,,Unnamed placeholder or door; no NPC role label.
290,Desuetia - Empyreal Paradox,17965081,Cait Sith,,pending,,,
290,Desuetia - Empyreal Paradox,17965083,???,,not_applicable,,,Unnamed placeholder or door; no NPC role label.
290,Desuetia - Empyreal Paradox,17965085,Transcendental Radiance,,pending,,,
290,Desuetia - Empyreal Paradox,17965087,Goblin Footprint,,pending,,,
290,Desuetia - Empyreal Paradox,17965088,Dimensional Portal,,pending,,,
290,Desuetia - Empyreal Paradox,17965089,Transcendental Radiance,,pending,,,
290,Desuetia - Empyreal Paradox,17965090,Transcendental Radiance,,pending,,,
291,Reisenjima,17969882,Peculiar Footprints,,pending,,,
291,Reisenjima,17969893,Grimslight,,pending,,,
291,Reisenjima,17969894,Grimslight,,pending,,,
291,Reisenjima,17969895,Grimslight,,pending,,,
291,Reisenjima,17969896,Grimslight,,pending,,,
291,Reisenjima,17969897,Grimslight,,pending,,,
291,Reisenjima,17969898,Grimslight,,pending,,,
291,Reisenjima,17969899,Grimslight,,pending,,,
291,Reisenjima,17969900,Grimslight,,pending,,,
291,Reisenjima,17969901,Grimslight,,pending,,,
291,Reisenjima,17969913,Goblin Footprint,,pending,,,
291,Reisenjima,17969914,Etched Rock,,pending,,,
291,Reisenjima,17969915,???,,not_applicable,,,Unnamed placeholder or door; no NPC role label.
291,Reisenjima,17969916,Resume Point,,pending,,,
291,Reisenjima,17969917,Dimensional Portal,,pending,,,
291,Reisenjima,17969918,Mystic Retriever,,pending,,,
291,Reisenjima,17969965,???,,not_applicable,,,Unnamed placeholder or door; no NPC role label.
291,Reisenjima,17969966,???,,not_applicable,,,Unnamed placeholder or door; no NPC role label.
291,Reisenjima,17969967,???,,not_applicable,,,Unnamed placeholder or door; no NPC role label.
291,Reisenjima,17969968,???,,not_applicable,,,Unnamed placeholder or door; no NPC role label.
291,Reisenjima,17969969,???,,not_applicable,,,Unnamed placeholder or door; no NPC role label.
291,Reisenjima,17969970,???,,not_applicable,,,Unnamed placeholder or door; no NPC role label.
291,Reisenjima,17969971,???,,not_applicable,,,Unnamed placeholder or door; no NPC role label.
291,Reisenjima,17969972,???,,not_applicable,,,Unnamed placeholder or door; no NPC role label.
291,Reisenjima,17969973,???,,not_applicable,,,Unnamed placeholder or door; no NPC role label.
291,Reisenjima,17969974,???,,not_applicable,,,Unnamed placeholder or door; no NPC role label.
291,Reisenjima,17969975,???,,not_applicable,,,Unnamed placeholder or door; no NPC role label.
291,Reisenjima,17969976,???,,not_applicable,,,Unnamed placeholder or door; no NPC role label.
291,Reisenjima,17969977,Shiftrix,,pending,,,
291,Reisenjima,17969978,Register of Deeds,,pending,,,
291,Reisenjima,17969979,Ethereal Ingress #1,,pending,,,
291,Reisenjima,17969980,Ethereal Ingress #2,,pending,,,
291,Reisenjima,17969981,Ethereal Ingress #3,,pending,,,
291,Reisenjima,17969982,Ethereal Ingress #4,,pending,,,
291,Reisenjima,17969983,Ethereal Ingress #5,,pending,,,
291,Reisenjima,17969984,Ethereal Ingress #6,,pending,,,
291,Reisenjima,17969985,Ethereal Ingress #7,,pending,,,
291,Reisenjima,17969986,Ethereal Ingress #8,,pending,,,
291,Reisenjima,17969987,Ethereal Ingress #9,,pending,,,
291,Reisenjima,17969988,Ethereal Ingress #10,,pending,,,
291,Reisenjima,17969989,???,,not_applicable,,,Unnamed placeholder or door; no NPC role label.
291,Reisenjima,17969990,???,,not_applicable,,,Unnamed placeholder or door; no NPC role label.
291,Reisenjima,17969991,???,,not_applicable,,,Unnamed placeholder or door; no NPC role label.
291,Reisenjima,17969992,???,,not_applicable,,,Unnamed placeholder or door; no NPC role label.
291,Reisenjima,17969993,???,,not_applicable,,,Unnamed placeholder or door; no NPC role label.
291,Reisenjima,17970038,Temprix,,pending,,,
291,Reisenjima,17970039,Coelestrox,,pending,,,
291,Reisenjima,17970040,Emporox,,pending,,,
291,Reisenjima,17970042,Aspirants' Grounds,,pending,,,
291,Reisenjima,17970043,Babbling Brook,,pending,,,
291,Reisenjima,17970046,Incantrix,,pending,,,
291,Reisenjima,17970049,Reikuu,,pending,,,
291,Reisenjima,17970053,Suspicious Overgrowth,,pending,,,
291,Reisenjima,17970071,Babbling Brook,,pending,,,
291,Reisenjima,17970072,Aspirants' Grounds,,pending,,,
293,Reisenjima Sanctorium,17977345,TargetA,,pending,,,
293,Reisenjima Sanctorium,17977346,TargetB,,pending,,,
293,Reisenjima Sanctorium,17977347,TargetC,,pending,,,
293,Reisenjima Sanctorium,17977348,A00,,pending,,,
293,Reisenjima Sanctorium,17977349,A01,,pending,,,
293,Reisenjima Sanctorium,17977350,A02,,pending,,,
293,Reisenjima Sanctorium,17977351,A03,,pending,,,
293,Reisenjima Sanctorium,17977352,A04,,pending,,,
293,Reisenjima Sanctorium,17977353,A05,,pending,,,
293,Reisenjima Sanctorium,17977354,A06,,pending,,,
293,Reisenjima Sanctorium,17977355,A07,,pending,,,
293,Reisenjima Sanctorium,17977356,A08,,pending,,,
293,Reisenjima Sanctorium,17977357,A09,,pending,,,
293,Reisenjima Sanctorium,17977358,A10,,pending,,,
293,Reisenjima Sanctorium,17977359,A11,,pending,,,
293,Reisenjima Sanctorium,17977360,A12,,pending,,,
293,Reisenjima Sanctorium,17977362,A14,,pending,,,
293,Reisenjima Sanctorium,17977363,A15,,pending,,,
293,Reisenjima Sanctorium,17977364,B00,,pending,,,
293,Reisenjima Sanctorium,17977365,B01,,pending,,,
293,Reisenjima Sanctorium,17977366,B02,,pending,,,
293,Reisenjima Sanctorium,17977367,B03,,pending,,,
293,Reisenjima Sanctorium,17977368,B04,,pending,,,
293,Reisenjima Sanctorium,17977369,B05,,pending,,,
293,Reisenjima Sanctorium,17977370,B06,,pending,,,
293,Reisenjima Sanctorium,17977371,B07,,pending,,,
293,Reisenjima Sanctorium,17977372,B08,,pending,,,
293,Reisenjima Sanctorium,17977373,B09,,pending,,,
293,Reisenjima Sanctorium,17977374,B10,,pending,,,
293,Reisenjima Sanctorium,17977375,B11,,pending,,,
293,Reisenjima Sanctorium,17977376,B12,,pending,,,
293,Reisenjima Sanctorium,17977378,B14,,pending,,,
293,Reisenjima Sanctorium,17977379,B15,,pending,,,
293,Reisenjima Sanctorium,17977380,C00,,pending,,,
293,Reisenjima Sanctorium,17977381,C01,,pending,,,
293,Reisenjima Sanctorium,17977382,C02,,pending,,,
293,Reisenjima Sanctorium,17977383,C03,,pending,,,
293,Reisenjima Sanctorium,17977384,C04,,pending,,,
293,Reisenjima Sanctorium,17977385,C05,,pending,,,
293,Reisenjima Sanctorium,17977386,C06,,pending,,,
293,Reisenjima Sanctorium,17977387,C07,,pending,,,
293,Reisenjima Sanctorium,17977388,C08,,pending,,,
293,Reisenjima Sanctorium,17977389,C09,,pending,,,
293,Reisenjima Sanctorium,17977390,C10,,pending,,,
293,Reisenjima Sanctorium,17977391,C11,,pending,,,
293,Reisenjima Sanctorium,17977392,C12,,pending,,,
293,Reisenjima Sanctorium,17977394,C14,,pending,,,
293,Reisenjima Sanctorium,17977395,C15,,pending,,,
293,Reisenjima Sanctorium,17977508,Goblin Footprint,,pending,,,
293,Reisenjima Sanctorium,17977509,Etched Rock,,pending,,,
293,Reisenjima Sanctorium,17977510,Reisen Crystal,,pending,,,
293,Reisenjima Sanctorium,17977535,Mystic Retriever,,pending,,,
