zone_id,zone_name,kind,name,referenced_segments,type_hex,codec,width,height,blend_flags,flags2,sub_flag,object_name,note
5,Uleguerand Range,texture,model   ebi     ,8,0xA1,3TXD,128,256,,,,,
5,Uleguerand Range,texture,model   freez   ,2,0xA1,3TXD,128,128,,,,,
5,Uleguerand Range,texture,model   fusigi  ,1,0xA1,3TXD,64,64,,,,,
5,Uleguerand Range,texture,model   gar_w05c,2,0xA1,3TXD,256,128,,,,,
5,Uleguerand Range,texture,model   ice     ,3,0xA1,3TXD,128,128,,,,,
5,Uleguerand Range,texture,model   jyu     ,16,0xA1,3TXD,256,256,,,,,
5,Uleguerand Range,texture,model   lake    ,29,0xA1,3TXD,512,512,,,,,
5,Uleguerand Range,texture,model   xar_f2  ,51,0xA1,3TXD,512,512,,,,,
5,Uleguerand Range,texture,model   xar_frs1,160,0xA1,3TXD,512,256,,,,,
5,Uleguerand Range,texture,model   xar_wll1,103,0xA1,3TXD,512,256,,,,,
5,Uleguerand Range,texture,model   xar_wll2,5,0xA1,3TXD,128,256,,,,,
5,Uleguerand Range,texture,model   xar_wll3,43,0xA1,3TXD,512,256,,,,,
5,Uleguerand Range,texture,model   xar_ykk1,109,0xA1,3TXD,512,256,,,,,
5,Uleguerand Range,texture,model   zal_w01c,9,0xA1,3TXD,256,256,,,,,
5,Uleguerand Range,texture,model   zal_w02c,6,0xA1,3TXD,256,128,,,,,
5,Uleguerand Range,texture,model   zal_w03c,3,0xA1,3TXD,128,128,,,,,
5,Uleguerand Range,texture,effect  pika    ,0,0xA1,3TXD,64,64,,,,,unreferenced
5,Uleguerand Range,texture,effect  iice    ,0,0xA1,3TXD,64,64,,,,,unreferenced
5,Uleguerand Range,texture,effect  tatu    ,0,0xA1,3TXD,64,64,,,,,unreferenced
5,Uleguerand Range,texture,effect  kot2    ,1,0xA1,3TXD,64,64,,,,,
5,Uleguerand Range,texture,effect  kot1    ,1,0xA1,3TXD,64,64,,,,,
5,Uleguerand Range,texture,effect  yuka    ,0,0xA1,3TXD,64,64,,,,,unreferenced
5,Uleguerand Range,texture,effect  strm    ,0,0xA1,3TXD,128,128,,,,,unreferenced
5,Uleguerand Range,texture,effect  tama    ,0,0xA1,3TXD,32,32,,,,,unreferenced
5,Uleguerand Range,texture,effect  suit    ,0,0xA1,3TXD,32,32,,,,,unreferenced
5,Uleguerand Range,texture,effect  yuki    ,0,0xA1,3TXD,128,128,,,,,unreferenced
5,Uleguerand Range,texture,effect  yuk2    ,0,0xA1,3TXD,64,64,,,,,unreferenced
5,Uleguerand Range,texture,effect  hubu    ,0,0xA1,3TXD,64,64,,,,,unreferenced
5,Uleguerand Range,texture,effect  kem1    ,0,0xA1,3TXD,64,64,,,,,unreferenced
5,Uleguerand Range,texture,effect  fall    ,2,0xA1,3TXD,256,256,,,,,
5,Uleguerand Range,texture,clod    clod_a01,2,0xA1,3TXD,256,256,,,,,
5,Uleguerand Range,texture,lf03    lf03    ,0,0xB1,,128,256,,,,,unreferenced;leading_u32=0x00000002
5,Uleguerand Range,texture,mist    clod_a01,2,0xA1,3TXD,256,256,,,,,
5,Uleguerand Range,texture,lf03    lf03    ,0,0xB1,,128,256,,,,,unreferenced;leading_u32=0x00000002
5,Uleguerand Range,texture,snow    clod_b01,2,0xA1,3TXD,256,256,,,,,
5,Uleguerand Range,texture,lf08    lf08    ,0,0xB1,,128,256,,,,,unreferenced;leading_u32=0x00000002
5,Uleguerand Range,texture,smoke   smoke   ,0,0xA1,3TXD,64,64,,,,,unreferenced
5,Uleguerand Range,texture,fine    fine_a01,1,0xB1,,256,128,,,,,leading_u32=0x00000002
5,Uleguerand Range,texture,star_rivstar01  ,2,0xA1,3TXD,64,64,,,,,
5,Uleguerand Range,texture,star_rivstar02  ,2,0xA1,3TXD,128,128,,,,,
5,Uleguerand Range,texture,lf02    lf02    ,0,0xB1,,128,256,,,,,unreferenced;leading_u32=0x00000002
5,Uleguerand Range,texture,moon    moonshap,0,0xA1,3TXD,256,256,,,,,unreferenced
5,Uleguerand Range,texture,moon    kasa    ,0,0xA1,3TXD,128,128,,,,,unreferenced
5,Uleguerand Range,texture,bliz    smoke   ,1,0xA1,3TXD,64,64,,,,,
5,Uleguerand Range,texture,suny    suny_a01,2,0xA1,3TXD,256,256,,,,,
5,Uleguerand Range,texture,star_rivstar01  ,2,0xA1,3TXD,64,64,,,,,
5,Uleguerand Range,texture,star_rivstar02  ,2,0xA1,3TXD,128,128,,,,,
5,Uleguerand Range,texture,lf01    lf01    ,0,0xB1,,128,256,,,,,unreferenced;leading_u32=0x00000002
5,Uleguerand Range,texture,moon    moonshap,0,0xA1,3TXD,256,256,,,,,unreferenced
5,Uleguerand Range,texture,moon    kasa    ,0,0xA1,3TXD,128,128,,,,,unreferenced
5,Uleguerand Range,segment,model   gar_w05c,2,,,,,0x2000,0x0000,0x00000000,_gar_w13_h      ,blend-high
5,Uleguerand Range,segment,model   zal_w02c,6,,,,,0x2000,0x0000,0x00000000,_gar_w13_h      ,blend-high
5,Uleguerand Range,segment,model   gar_w05c,2,,,,,0x2000,0x0000,0x00000046,_gar_w13_m      ,blend-high
5,Uleguerand Range,segment,model   zal_w02c,6,,,,,0x2000,0x0000,0x00000046,_gar_w13_m      ,blend-high
5,Uleguerand Range,segment,model   zal_w01c,9,,,,,0x2000,0x0000,0x000001C8,_zal_w01c_h     ,blend-high
5,Uleguerand Range,segment,model   xar_frs1,160,,,,,0x2000,0x0000,0x000001C8,_zal_w01c_h     ,blend-high
5,Uleguerand Range,segment,model   zal_w01c,9,,,,,0x2000,0x0000,0x00000074,_zal_w01c_l     ,blend-high
5,Uleguerand Range,segment,model   zal_w02c,6,,,,,0x2000,0x0000,0x00000074,_zal_w01c_l     ,blend-high
5,Uleguerand Range,segment,model   xar_frs1,160,,,,,0x2000,0x0000,0x00000074,_zal_w01c_l     ,blend-high
5,Uleguerand Range,segment,model   xar_frs1,160,,,,,0x2000,0x0000,0x0000012C,_zal_w01c_m     ,blend-high
5,Uleguerand Range,segment,model   zal_w01c,9,,,,,0x2000,0x0000,0x0000012C,_zal_w01c_m     ,blend-high
5,Uleguerand Range,segment,model   xar_f2  ,51,,,,,0x0000,0x0000,0x000001B7,ice_a           ,surface-name
5,Uleguerand Range,segment,model   ice     ,3,,,,,0x0000,0x0000,0x000001B7,ice_a           ,surface-name
5,Uleguerand Range,segment,model   xar_f2  ,51,,,,,0x8000,0x0000,0x000001B7,ice_a           ,surface-name
5,Uleguerand Range,segment,model   ice     ,3,,,,,0x8000,0x0000,0x000001B7,ice_a           ,surface-name
5,Uleguerand Range,segment,model   ice     ,3,,,,,0x0000,0x0000,0x0000006E,ice_b           ,surface-name
5,Uleguerand Range,segment,model   lake    ,29,,,,,0x0000,0x0000,0x0000000F,icecube01       ,surface-name
5,Uleguerand Range,segment,model   lake    ,29,,,,,0x0000,0x0000,0x00000012,icecube02       ,surface-name
5,Uleguerand Range,segment,model   lake    ,29,,,,,0x0000,0x0000,0x00000018,icecube03       ,surface-name
5,Uleguerand Range,segment,model   lake    ,29,,,,,0x0000,0x0000,0x00000019,icecube04       ,surface-name
5,Uleguerand Range,segment,model   lake    ,29,,,,,0x0000,0x0000,0x0000000F,icecube05       ,surface-name
5,Uleguerand Range,segment,model   xar_frs1,160,,,,,0x0000,0x0000,0x00000079,lsl_stone01     ,surface-name
5,Uleguerand Range,segment,model   xar_ykk1,109,,,,,0x0000,0x0000,0x00000079,lsl_stone01     ,surface-name
5,Uleguerand Range,segment,model   lake    ,29,,,,,0x8000,0x0000,0x00000079,lsl_stone01     ,surface-name
5,Uleguerand Range,segment,model   xar_frs1,160,,,,,0x8000,0x0000,0x00000079,lsl_stone01     ,surface-name
5,Uleguerand Range,segment,model   xar_ykk1,109,,,,,0x8000,0x0000,0x00000079,lsl_stone01     ,surface-name
5,Uleguerand Range,segment,model   xar_frs1,160,,,,,0x0000,0x0000,0x0000006B,lsl_stone02     ,surface-name
5,Uleguerand Range,segment,model   xar_ykk1,109,,,,,0x0000,0x0000,0x0000006B,lsl_stone02     ,surface-name
5,Uleguerand Range,segment,model   xar_frs1,160,,,,,0x8000,0x0000,0x0000006B,lsl_stone02     ,surface-name
5,Uleguerand Range,segment,model   xar_ykk1,109,,,,,0x8000,0x0000,0x0000006B,lsl_stone02     ,surface-name
5,Uleguerand Range,segment,model   lake    ,29,,,,,0x8000,0x0000,0x0000006B,lsl_stone02     ,surface-name
5,Uleguerand Range,segment,model   zal_w01c,9,,,,,0x2000,0x0000,0x000000DE,zal_w01_h       ,blend-high
5,Uleguerand Range,segment,                ,17,,,,,0x2000,0x0000,0x000000DE,zal_w01_h       ,blend-high
5,Uleguerand Range,segment,model   xar_frs1,160,,,,,0xA000,0x0000,0x000000DE,zal_w01_h       ,blend-high
5,Uleguerand Range,segment,model   zal_w01c,9,,,,,0x2000,0x0000,0x00000026,zal_w01_l       ,blend-high
5,Uleguerand Range,segment,model   zal_w01c,9,,,,,0x2000,0x0000,0x0000008E,zal_w01_m       ,blend-high
5,Uleguerand Range,segment,model   zal_w01c,9,,,,,0x2000,0x0000,0x00000090,zal_w01b_h      ,blend-high
5,Uleguerand Range,segment,model   xar_frs1,160,,,,,0xA000,0x0000,0x00000090,zal_w01b_h      ,blend-high
5,Uleguerand Range,segment,model   zal_w01c,9,,,,,0x2000,0x0000,0x00000028,zal_w01b_l      ,blend-high
5,Uleguerand Range,segment,model   zal_w01c,9,,,,,0x2000,0x0000,0x00000084,zal_w01b_m      ,blend-high
5,Uleguerand Range,segment,snow    clod_b01,2,,,,,0x0000,0x0000,0x0000029C,clod_b01        ,surface-name
5,Uleguerand Range,segment,snow    clod_b01,2,,,,,0x8000,0x0000,0x0000029C,clod_b01        ,surface-name
5,Uleguerand Range,companion_group,yuk,,,,,,,,,,effect  yuka     | effect  yuki    
24,Lufaise Meadows,texture,model   fu_wbox ,4,0xA1,3TXD,128,128,,,,,
24,Lufaise Meadows,texture,model   fu_wtaru,2,0xA1,3TXD,64,32,,,,,
24,Lufaise Meadows,texture,model   jug_wk01,6,0xA1,3TXD,128,128,,,,,
24,Lufaise Meadows,texture,model   jug_wk02,8,0xA1,3TXD,64,64,,,,,
24,Lufaise Meadows,texture,model   jug_wk03,9,0xA1,3TXD,128,128,,,,,
24,Lufaise Meadows,texture,model   jug_wk04,4,0xA1,3TXD,64,64,,,,,
24,Lufaise Meadows,texture,model   jug_wk05,3,0xA1,3TXD,128,128,,,,,
24,Lufaise Meadows,texture,model   jug_wk06,7,0xA1,3TXD,64,64,,,,,
24,Lufaise Meadows,texture,model   lat_riv ,57,0xA1,3TXD,512,256,,,,,
24,Lufaise Meadows,texture,model   lat_ro  ,30,0xA1,3TXD,512,256,,,,,
24,Lufaise Meadows,texture,model   rat_w02c,31,0xA1,3TXD,256,128,,,,,
24,Lufaise Meadows,texture,model   rat_w08c,1,0xA1,3TXD,128,128,,,,,
24,Lufaise Meadows,texture,model   tab_has1,29,0xA1,3TXD,256,256,,,,,
24,Lufaise Meadows,texture,model   tab_ita1,9,0xA1,3TXD,128,128,,,,,
24,Lufaise Meadows,texture,model   tab_suna,26,0xA1,3TXD,128,128,,,,,
24,Lufaise Meadows,texture,model   tab_town,3,0xA1,3TXD,64,64,,,,,
24,Lufaise Meadows,texture,model   tab_wm01,4,0xA1,3TXD,128,64,,,,,
24,Lufaise Meadows,texture,model   tb_ha01 ,18,0xA1,3TXD,256,128,,,,,
24,Lufaise Meadows,texture,model   tb_ha02 ,8,0xA1,3TXD,256,128,,,,,
24,Lufaise Meadows,texture,model   tb_komo ,6,0xA1,3TXD,128,128,,,,,
24,Lufaise Meadows,texture,model   lat_wf  ,208,0xA1,3TXD,512,1024,,,,,
24,Lufaise Meadows,texture,clod    clod_a01,8,0xB1,,256,256,,,,,leading_u32=0x00000002
24,Lufaise Meadows,texture,clod    katn    ,2,0xA1,3TXD,64,64,,,,,
24,Lufaise Meadows,texture,clod    kumori  ,12,0xB1,,128,128,,,,,leading_u32=0x00000002
24,Lufaise Meadows,texture,ikec    ikkm    ,4,0xA1,3TXD,128,128,,,,,
24,Lufaise Meadows,texture,lf03    lf03    ,0,0xB1,,128,256,,,,,unreferenced;leading_u32=0x00000002
24,Lufaise Meadows,texture,mist    clod_a01,2,0xB1,,256,256,,,,,leading_u32=0x00000002
24,Lufaise Meadows,texture,lf03    lf03    ,0,0xB1,,128,256,,,,,unreferenced;leading_u32=0x00000002
24,Lufaise Meadows,texture,suny    suny_a01,4,0xB1,,256,256,,,,,leading_u32=0x00000002
24,Lufaise Meadows,texture,suny    kum1    ,1,0xB1,,256,256,,,,,leading_u32=0x00000002
24,Lufaise Meadows,texture,suny    yuhi    ,2,0xA1,3TXD,64,64,,,,,
24,Lufaise Meadows,texture,suny    kumori  ,6,0xB1,,128,128,,,,,leading_u32=0x00000002
24,Lufaise Meadows,texture,ikes    ikkm    ,2,0xA1,3TXD,128,128,,,,,
24,Lufaise Meadows,texture,star    star01  ,1,0xA1,3TXD,64,64,,,,,
24,Lufaise Meadows,texture,star    star02  ,1,0xA1,3TXD,128,128,,,,,
24,Lufaise Meadows,texture,lf01    lf01    ,0,0xB1,,128,256,,,,,unreferenced;leading_u32=0x00000002
24,Lufaise Meadows,texture,moon    moonshap,0,0xA1,3TXD,256,256,,,,,unreferenced
24,Lufaise Meadows,texture,moon    kasa    ,0,0xA1,3TXD,128,128,,,,,unreferenced
24,Lufaise Meadows,texture,thdr    clod_a01,4,0xB1,,256,256,,,,,leading_u32=0x00000002
24,Lufaise Meadows,texture,thdr    thunder1,1,0xA1,3TXD,128,64,,,,,
24,Lufaise Meadows,texture,thdr    thunder2,1,0xA1,3TXD,128,64,,,,,
24,Lufaise Meadows,texture,thdr    kumori  ,2,0xB1,,128,128,,,,,leading_u32=0x00000002
24,Lufaise Meadows,texture,kaminarikmi2    ,4,0xA1,3TXD,64,64,,,,,
24,Lufaise Meadows,texture,kaminarikumori  ,4,0xA1,3TXD,128,128,,,,,
24,Lufaise Meadows,texture,kaminarikmi1    ,4,0xA1,3TXD,128,128,,,,,
24,Lufaise Meadows,texture,kaminarikmi0    ,8,0xA1,3TXD,128,128,,,,,
24,Lufaise Meadows,texture,kaminarikmi2    ,4,0xA1,3TXD,64,64,,,,,
24,Lufaise Meadows,texture,kaminarikmi0    ,8,0xA1,3TXD,128,128,,,,,
24,Lufaise Meadows,texture,kaminarikmi1    ,4,0xA1,3TXD,128,128,,,,,
24,Lufaise Meadows,texture,kaminarikumori  ,4,0xA1,3TXD,128,128,,,,,
24,Lufaise Meadows,texture,clod    clod_a01,8,0xB1,,256,256,,,,,leading_u32=0x00000002
24,Lufaise Meadows,texture,clod    katn    ,2,0xA1,3TXD,64,64,,,,,
24,Lufaise Meadows,texture,clod    kumori  ,12,0xB1,,128,128,,,,,leading_u32=0x00000002
24,Lufaise Meadows,texture,wind    grass2  ,0,0xA1,3TXD,64,32,,,,,unreferenced
24,Lufaise Meadows,texture,ikec    ikkm    ,4,0xA1,3TXD,128,128,,,,,
24,Lufaise Meadows,texture,lf03    lf03    ,0,0xB1,,128,256,,,,,unreferenced;leading_u32=0x00000002
24,Lufaise Meadows,texture,fogd    clod_a01,2,0xB1,,256,256,,,,,leading_u32=0x00000002
24,Lufaise Meadows,texture,fogd    smoke   ,1,0xA1,3TXD,64,64,,,,,
24,Lufaise Meadows,texture,lf032   lf03    ,0,0xB1,,128,256,,,,,unreferenced;leading_u32=0x00000002
24,Lufaise Meadows,texture,effect  ptel    ,5,0xA1,3TXD,128,128,,,,,
24,Lufaise Meadows,texture,effect  awa1    ,2,0xA1,3TXD,64,32,,,,,
24,Lufaise Meadows,texture,effect  kamo    ,2,0xA1,3TXD,64,64,,,,,
24,Lufaise Meadows,texture,effect  umi3    ,3,0xA1,3TXD,128,128,,,,,
24,Lufaise Meadows,texture,effect  umi2    ,5,0xA1,3TXD,64,64,,,,,
24,Lufaise Meadows,texture,effect  kas1    ,3,0xA1,3TXD,128,128,,,,,
24,Lufaise Meadows,texture,effect  kaw1    ,8,0xA1,3TXD,128,128,,,,,
24,Lufaise Meadows,texture,effect  umi1    ,3,0xA1,3TXD,64,64,,,,,
24,Lufaise Meadows,texture,effect  nam1    ,6,0xA1,3TXD,128,64,,,,,
24,Lufaise Meadows,texture,effect  shir    ,1,0xA1,3TXD,128,128,,,,,
24,Lufaise Meadows,texture,effect  strm    ,4,0xA1,3TXD,128,128,,,,,
24,Lufaise Meadows,texture,effect  kem1    ,0,0xA1,3TXD,64,64,,,,,unreferenced
24,Lufaise Meadows,texture,effect  ikes    ,1,0xA1,3TXD,64,64,,,,,
24,Lufaise Meadows,texture,effect  tam3    ,1,0xA1,3TXD,64,64,,,,,
24,Lufaise Meadows,texture,effect  ikkm    ,0,0xA1,3TXD,128,128,,,,,unreferenced
24,Lufaise Meadows,texture,effect  uturo6  ,2,0xA1,3TXD,128,128,,,,,
24,Lufaise Meadows,texture,effect  light   ,0,0xA1,3TXD,128,128,,,,,unreferenced
24,Lufaise Meadows,texture,effect  bar1    ,0,0xA1,3TXD,128,64,,,,,unreferenced
24,Lufaise Meadows,segment,model   rat_w08c,1,,,,,0x2000,0x0000,0x00000000,_kusa_6p        ,surface-name+blend-high
24,Lufaise Meadows,segment,model   tb_ha01 ,18,,,,,0x2000,0x0000,0x00000070,_la_ha01        ,blend-high
24,Lufaise Meadows,segment,model   tb_ha01 ,18,,,,,0x2000,0x0000,0x00000070,_la_ha02        ,blend-high
24,Lufaise Meadows,segment,model   jug_wk03,9,,,,,0x2000,0x0000,0x0000024E,_rat_w05p_h     ,blend-high
24,Lufaise Meadows,segment,model   rat_w02c,31,,,,,0x2000,0x0000,0x0000024E,_rat_w05p_h     ,blend-high
24,Lufaise Meadows,segment,model   jug_wk04,4,,,,,0x2000,0x0000,0x0000024E,_rat_w05p_m     ,blend-high
24,Lufaise Meadows,segment,model   rat_w02c,31,,,,,0x2000,0x0000,0x0000024E,_rat_w05p_m     ,blend-high
24,Lufaise Meadows,segment,model   tb_ha01 ,18,,,,,0x2000,0x0000,0x00000000,_tab_hana_01    ,blend-high
24,Lufaise Meadows,segment,model   tb_ha02 ,8,,,,,0x2000,0x0000,0x00000000,_tab_hana_01    ,blend-high
24,Lufaise Meadows,segment,model   tb_ha01 ,18,,,,,0x2000,0x0000,0x00000000,_tab_hana_02    ,blend-high
24,Lufaise Meadows,segment,model   tb_ha02 ,8,,,,,0x2000,0x0000,0x00000000,_tab_hana_02    ,blend-high
24,Lufaise Meadows,segment,model   tb_ha01 ,18,,,,,0x2000,0x0000,0x00000000,_tab_hana_03    ,blend-high
24,Lufaise Meadows,segment,model   tb_ha02 ,8,,,,,0x2000,0x0000,0x00000000,_tab_hana_03    ,blend-high
24,Lufaise Meadows,segment,model   tb_ha01 ,18,,,,,0x2000,0x0000,0x00000000,_tab_hana_05    ,blend-high
24,Lufaise Meadows,segment,model   tb_ha02 ,8,,,,,0x2000,0x0000,0x00000000,_tab_hana_05    ,blend-high
24,Lufaise Meadows,segment,model   tb_ha01 ,18,,,,,0x2000,0x0000,0x00000000,_tab_hanab_8astj,blend-high
24,Lufaise Meadows,segment,model   tb_ha02 ,8,,,,,0x2000,0x0000,0x00000000,_tab_hanab_8astj,blend-high
24,Lufaise Meadows,segment,model   jug_wk02,8,,,,,0x2000,0x0000,0x00000012,_tab_w01_lw     ,blend-high
24,Lufaise Meadows,segment,model   jug_wk06,7,,,,,0x2000,0x0000,0x00000012,_tab_w01_lw     ,blend-high
24,Lufaise Meadows,segment,model   jug_wk02,8,,,,,0x2000,0x0000,0x0000005A,_tab_w01_lw_5p  ,blend-high
24,Lufaise Meadows,segment,model   jug_wk06,7,,,,,0x2000,0x0000,0x0000005A,_tab_w01_lw_5p  ,blend-high
24,Lufaise Meadows,segment,model   jug_wk06,7,,,,,0x2000,0x0000,0x00000022,_tab_w01_md     ,blend-high
24,Lufaise Meadows,segment,model   jug_wk02,8,,,,,0x2000,0x0000,0x00000022,_tab_w01_md     ,blend-high
24,Lufaise Meadows,segment,model   jug_wk06,7,,,,,0x2000,0x0000,0x000000AA,_tab_w01_md_5p  ,blend-high
24,Lufaise Meadows,segment,model   jug_wk02,8,,,,,0x2000,0x0000,0x000000AA,_tab_w01_md_5p  ,blend-high
24,Lufaise Meadows,segment,model   jug_wk06,7,,,,,0x2000,0x0000,0x00000022,_tab_w01_md2    ,blend-high
24,Lufaise Meadows,segment,model   jug_wk02,8,,,,,0x2000,0x0000,0x00000022,_tab_w01_md2    ,blend-high
24,Lufaise Meadows,segment,model   tb_ha01 ,18,,,,,0x2000,0x0000,0x00000000,_tb_hoso2       ,blend-high
24,Lufaise Meadows,segment,model   tb_ha01 ,18,,,,,0x2000,0x0000,0x00000000,_tb_hoso3       ,blend-high
24,Lufaise Meadows,segment,model   tb_ha01 ,18,,,,,0x2000,0x0000,0x00000000,_tb_kiro1       ,blend-high
24,Lufaise Meadows,segment,model   tb_ha01 ,18,,,,,0x2000,0x0000,0x00000000,_tb_lav1        ,blend-high
24,Lufaise Meadows,segment,model   rat_w02c,31,,,,,0x2000,0x0000,0x00000000,_tb_pap1        ,blend-high
24,Lufaise Meadows,segment,model   tb_ha01 ,18,,,,,0x2000,0x0000,0x00000000,_tb_siro1       ,blend-high
24,Lufaise Meadows,segment,model   fu_wbox ,4,,,,,0x2000,0x0000,0x00000014,fu_wbox_futa    ,blend-high
24,Lufaise Meadows,segment,model   fu_wbox ,4,,,,,0x2000,0x0000,0x0000004C,fu_wbox2        ,blend-high
24,Lufaise Meadows,segment,model   lat_wf  ,208,,,,,0x0000,0x0000,0x00000063,ken_lw_iwa01    ,surface-name
24,Lufaise Meadows,segment,model   lat_wf  ,208,,,,,0x8000,0x0000,0x00000063,ken_lw_iwa01    ,surface-name
24,Lufaise Meadows,segment,model   lat_wf  ,208,,,,,0x0000,0x0000,0x00000051,ken_lw_iwa02    ,surface-name
24,Lufaise Meadows,segment,model   lat_wf  ,208,,,,,0x8000,0x0000,0x00000051,ken_lw_iwa02    ,surface-name
24,Lufaise Meadows,segment,model   tb_komo ,6,,,,,0x2000,0x0000,0x000000A8,komo_lamp       ,blend-high
24,Lufaise Meadows,segment,model   jug_wk01,6,,,,,0x2000,0x0000,0x00000063,_bo_w02_h       ,blend-high
24,Lufaise Meadows,segment,model   rat_w02c,31,,,,,0x2000,0x0000,0x00000063,_bo_w02_h       ,blend-high
24,Lufaise Meadows,segment,model   tab_has1,29,,,,,0x2000,0x0000,0x00000385,koya_waku       ,blend-high
24,Lufaise Meadows,segment,model   rat_w02c,31,,,,,0x2000,0x0000,0x00000385,koya_waku       ,blend-high
24,Lufaise Meadows,segment,model   lat_riv ,57,,,,,0x0000,0x0000,0x00000024,ri_iwa1         ,surface-name
24,Lufaise Meadows,segment,model   jug_wk01,6,,,,,0x2000,0x0000,0x00000012,_bo_w01_h       ,blend-high
24,Lufaise Meadows,segment,model   rat_w02c,31,,,,,0x2000,0x0000,0x00000065,_bo_w03_h       ,blend-high
24,Lufaise Meadows,segment,model   jug_wk01,6,,,,,0x2000,0x0000,0x00000065,_bo_w03_h       ,blend-high
24,Lufaise Meadows,segment,model   jug_wk04,4,,,,,0x2000,0x0000,0x00000A6E,_la_wood        ,blend-high
24,Lufaise Meadows,segment,model   rat_w02c,31,,,,,0x2000,0x0000,0x00000A6E,_la_wood        ,blend-high
24,Lufaise Meadows,segment,model   jug_wk02,8,,,,,0x2000,0x0000,0x00000A6E,_la_wood        ,blend-high
24,Lufaise Meadows,segment,model   jug_wk06,7,,,,,0x2000,0x0000,0x00000A6E,_la_wood        ,blend-high
24,Lufaise Meadows,segment,model   rat_w02c,31,,,,,0x2000,0x0000,0x00000000,_rat_w04_h      ,blend-high
24,Lufaise Meadows,segment,model   jug_wk03,9,,,,,0x2000,0x0000,0x00000000,_rat_w04_h      ,blend-high
24,Lufaise Meadows,segment,model   jug_wk04,4,,,,,0x2000,0x0000,0x00000076,_rat_w04_m      ,blend-high
24,Lufaise Meadows,segment,model   rat_w02c,31,,,,,0x2000,0x0000,0x00000076,_rat_w04_m      ,blend-high
24,Lufaise Meadows,segment,model   rat_w02c,31,,,,,0x2000,0x0000,0x00000000,_rat_w05_h      ,blend-high
24,Lufaise Meadows,segment,model   jug_wk03,9,,,,,0x2000,0x0000,0x00000000,_rat_w05_h      ,blend-high
24,Lufaise Meadows,segment,model   rat_w02c,31,,,,,0x2000,0x0000,0x00000076,_rat_w05_m      ,blend-high
24,Lufaise Meadows,segment,model   jug_wk04,4,,,,,0x2000,0x0000,0x00000076,_rat_w05_m      ,blend-high
24,Lufaise Meadows,segment,model   rat_w02c,31,,,,,0x2000,0x0000,0x000000AA,_rat_w05r       ,blend-high
24,Lufaise Meadows,segment,model   jug_wk03,9,,,,,0x2000,0x0000,0x000000AA,_rat_w05r       ,blend-high
24,Lufaise Meadows,segment,model   jug_wk03,9,,,,,0x2000,0x0000,0x0000017A,_rat_w07_m      ,blend-high
24,Lufaise Meadows,segment,model   tb_ha01 ,18,,,,,0x2000,0x0000,0x00000000,_tab_hana_k02   ,blend-high
24,Lufaise Meadows,segment,model   tb_ha01 ,18,,,,,0x2000,0x0000,0x00000000,_tab_hana_k02b  ,blend-high
24,Lufaise Meadows,segment,model   tb_ha01 ,18,,,,,0x2000,0x0000,0x00000000,_tab_hanab_8ast2,blend-high
24,Lufaise Meadows,segment,model   tb_ha02 ,8,,,,,0x2000,0x0000,0x00000000,_tab_hanab_8ast2,blend-high
24,Lufaise Meadows,segment,model   tb_ha01 ,18,,,,,0x2000,0x0000,0x00000000,_tab_hanab_fl1  ,blend-high
24,Lufaise Meadows,segment,model   tb_ha02 ,8,,,,,0x2000,0x0000,0x00000000,_tab_hanab_fl1  ,blend-high
24,Lufaise Meadows,segment,model   rat_w02c,31,,,,,0x2000,0x0000,0x00000000,_tab_sugi1_h    ,blend-high
24,Lufaise Meadows,segment,model   jug_wk03,9,,,,,0x2000,0x0000,0x00000000,_tab_sugi1_h    ,blend-high
24,Lufaise Meadows,segment,                ,25,,,,,0x2000,0x0000,0x00000000,_tab_sugi1_h    ,blend-high
24,Lufaise Meadows,segment,model   rat_w02c,31,,,,,0x2000,0x0000,0x000001AB,_tab_sugi1r     ,blend-high
24,Lufaise Meadows,segment,model   jug_wk03,9,,,,,0x2000,0x0000,0x000001AB,_tab_sugi1r     ,blend-high
24,Lufaise Meadows,segment,                ,25,,,,,0x2000,0x0000,0x000001AB,_tab_sugi1r     ,blend-high
24,Lufaise Meadows,segment,model   rat_w02c,31,,,,,0x2000,0x0000,0x00000000,_tab_sugi2_h    ,blend-high
24,Lufaise Meadows,segment,model   jug_wk03,9,,,,,0x2000,0x0000,0x00000000,_tab_sugi2_h    ,blend-high
24,Lufaise Meadows,segment,                ,25,,,,,0x2000,0x0000,0x00000000,_tab_sugi2_h    ,blend-high
24,Lufaise Meadows,segment,model   rat_w02c,31,,,,,0x2000,0x0000,0x00000206,_tab_sugi2r     ,blend-high
24,Lufaise Meadows,segment,model   jug_wk03,9,,,,,0x2000,0x0000,0x00000206,_tab_sugi2r     ,blend-high
24,Lufaise Meadows,segment,                ,25,,,,,0x2000,0x0000,0x00000206,_tab_sugi2r     ,blend-high
24,Lufaise Meadows,segment,model   jug_wk06,7,,,,,0x2000,0x0000,0x000000AA,_tab_w01_md2_5p ,blend-high
24,Lufaise Meadows,segment,model   jug_wk02,8,,,,,0x2000,0x0000,0x000000AA,_tab_w01_md2_5p ,blend-high
24,Lufaise Meadows,segment,model   jug_wk01,6,,,,,0x2000,0x0000,0x00000038,_tab_w01_nr     ,blend-high
24,Lufaise Meadows,segment,model   jug_wk05,3,,,,,0x2000,0x0000,0x00000038,_tab_w01_nr     ,blend-high
24,Lufaise Meadows,segment,model   jug_wk01,6,,,,,0x2000,0x0000,0x00000000,_tab_w03        ,blend-high
24,Lufaise Meadows,segment,model   jug_wk05,3,,,,,0x2000,0x0000,0x00000000,_tab_w03        ,blend-high
24,Lufaise Meadows,segment,model   jug_wk01,6,,,,,0x2000,0x0000,0x00000038,_tab_w04        ,blend-high
24,Lufaise Meadows,segment,model   jug_wk05,3,,,,,0x2000,0x0000,0x00000038,_tab_w04        ,blend-high
24,Lufaise Meadows,segment,model   tb_komo ,6,,,,,0x2000,0x0000,0x00000002,komo_harigami01 ,blend-high
24,Lufaise Meadows,segment,model   tb_komo ,6,,,,,0x2000,0x0000,0x00000002,komo_harigami02 ,blend-high
24,Lufaise Meadows,segment,model   tab_has1,29,,,,,0x2000,0x0000,0x000007CF,miharidai       ,blend-high
24,Lufaise Meadows,segment,model   lat_wf  ,208,,,,,0x2000,0x0000,0x00000270,nr_16a_tu_st1   ,blend-high
24,Lufaise Meadows,segment,model   lat_wf  ,208,,,,,0xA000,0x0000,0x00000270,nr_16a_tu_st1   ,blend-high
24,Lufaise Meadows,segment,model   lat_riv ,57,,,,,0x0000,0x0000,0x00000186,nr_tnl_ed_iwa   ,surface-name
24,Lufaise Meadows,segment,model   lat_riv ,57,,,,,0x0000,0x0000,0x00000022,ri_iwa2         ,surface-name
24,Lufaise Meadows,segment,model   lat_riv ,57,,,,,0x0000,0x0000,0x0000004B,ri_iwa3         ,surface-name
24,Lufaise Meadows,segment,model   lat_wf  ,208,,,,,0x0000,0x0000,0x0000005A,se_lw_iwa1      ,surface-name
24,Lufaise Meadows,segment,model   lat_wf  ,208,,,,,0x0000,0x0000,0x00000063,se_lw_iwa2      ,surface-name
24,Lufaise Meadows,segment,model   lat_wf  ,208,,,,,0x0000,0x0000,0x00000089,se_lw_iwa3      ,surface-name
24,Lufaise Meadows,segment,model   lat_wf  ,208,,,,,0x0000,0x0000,0x0000004F,se_lw_iwa4      ,surface-name
25,Misareaux Coast,texture,model   ba_wal01,14,0xA1,3TXD,512,256,,,,,
25,Misareaux Coast,texture,model   fu_wbox ,4,0xA1,3TXD,128,128,,,,,
25,Misareaux Coast,texture,model   fu_wtaru,2,0xA1,3TXD,64,32,,,,,
25,Misareaux Coast,texture,model   jug_wk01,6,0xA1,3TXD,128,128,,,,,
25,Misareaux Coast,texture,model   jug_wk02,6,0xA1,3TXD,64,64,,,,,
25,Misareaux Coast,texture,model   jug_wk03,7,0xA1,3TXD,128,128,,,,,
25,Misareaux Coast,texture,model   jug_wk04,3,0xA1,3TXD,64,64,,,,,
25,Misareaux Coast,texture,model   jug_wk05,3,0xA1,3TXD,128,128,,,,,
25,Misareaux Coast,texture,model   jug_wk06,5,0xA1,3TXD,64,64,,,,,
25,Misareaux Coast,texture,model   kabe_01 ,10,0xA1,3TXD,512,512,,,,,
25,Misareaux Coast,texture,model   lat_riv ,64,0xA1,3TXD,512,256,,,,,
25,Misareaux Coast,texture,model   lat_ro  ,29,0xA1,3TXD,512,256,,,,,
25,Misareaux Coast,texture,model   lat_wf  ,188,0xA1,3TXD,512,1024,,,,,
25,Misareaux Coast,texture,model   rat_w02c,33,0xA1,3TXD,256,128,,,,,
25,Misareaux Coast,texture,model   rat_w08c,1,0xA1,3TXD,128,128,,,,,
25,Misareaux Coast,texture,model   shita1  ,3,0xA1,3TXD,128,256,,,,,
25,Misareaux Coast,texture,model   syokudai,1,0xA1,3TXD,128,128,,,,,
25,Misareaux Coast,texture,model   t_door01,2,0xA1,3TXD,256,256,,,,,
25,Misareaux Coast,texture,model   t_door02,5,0xA1,3TXD,128,128,,,,,
25,Misareaux Coast,texture,model   tab_has1,35,0xA1,3TXD,256,256,,,,,
25,Misareaux Coast,texture,model   tab_ita1,8,0xA1,3TXD,128,128,,,,,
25,Misareaux Coast,texture,model   tab_wm01,4,0xA1,3TXD,128,64,,,,,
25,Misareaux Coast,texture,model   tb_ha01 ,14,0xA1,3TXD,256,128,,,,,
25,Misareaux Coast,texture,model   tb_ha02 ,8,0xA1,3TXD,256,128,,,,,
25,Misareaux Coast,texture,model   tb_komo ,8,0xA1,3TXD,128,128,,,,,
25,Misareaux Coast,texture,model   ten     ,3,0xA1,3TXD,128,128,,,,,
25,Misareaux Coast,texture,clod    clod_a01,4,0xB1,,256,256,,,,,leading_u32=0x00000002
25,Misareaux Coast,texture,clod    kumori  ,6,0xB1,,128,128,,,,,leading_u32=0x00000002
25,Misareaux Coast,texture,clod    katn    ,1,0xA1,3TXD,64,64,,,,,
25,Misareaux Coast,texture,bahakumokum0    ,12,0xA1,3TXD,256,128,,,,,
25,Misareaux Coast,texture,bahakumokum1    ,12,0xA1,3TXD,256,256,,,,,
25,Misareaux Coast,texture,bahakumokum2    ,6,0xA1,3TXD,128,128,,,,,
25,Misareaux Coast,texture,lf03    lf03    ,0,0xB1,,128,256,,,,,unreferenced;leading_u32=0x00000002
25,Misareaux Coast,texture,mist    clod_a01,2,0xB1,,256,256,,,,,leading_u32=0x00000002
25,Misareaux Coast,texture,bahakumokum0    ,12,0xA1,3TXD,256,128,,,,,
25,Misareaux Coast,texture,bahakumokum1    ,12,0xA1,3TXD,256,256,,,,,
25,Misareaux Coast,texture,bahakumokum2    ,6,0xA1,3TXD,128,128,,,,,
25,Misareaux Coast,texture,lf03    lf03    ,0,0xB1,,128,256,,,,,unreferenced;leading_u32=0x00000002
25,Misareaux Coast,texture,suny    suny_a01,3,0xB1,,256,256,,,,,leading_u32=0x00000002
25,Misareaux Coast,texture,suny    yuhi    ,2,0xA1,3TXD,64,64,,,,,
25,Misareaux Coast,texture,suny    kumori  ,2,0xA1,3TXD,128,128,,,,,
25,Misareaux Coast,texture,niji    niji    ,1,0xA1,3TXD,32,32,,,,,
25,Misareaux Coast,texture,bahakumokum0    ,12,0xA1,3TXD,256,128,,,,,
25,Misareaux Coast,texture,bahakumokum1    ,12,0xA1,3TXD,256,256,,,,,
25,Misareaux Coast,texture,bahakumokum2    ,6,0xA1,3TXD,128,128,,,,,
25,Misareaux Coast,texture,yuhiumi yuh1    ,2,0xA1,3TXD,64,64,,,,,
25,Misareaux Coast,texture,star    star01  ,1,0xA1,3TXD,64,64,,,,,
25,Misareaux Coast,texture,star    star02  ,1,0xA1,3TXD,128,128,,,,,
25,Misareaux Coast,texture,lf01    lf01    ,0,0xB1,,128,256,,,,,unreferenced;leading_u32=0x00000002
25,Misareaux Coast,texture,moon    moonshap,0,0xA1,3TXD,256,256,,,,,unreferenced
25,Misareaux Coast,texture,moon    kasa    ,0,0xA1,3TXD,128,128,,,,,unreferenced
25,Misareaux Coast,texture,thdr    clod_a01,4,0xB1,,256,256,,,,,leading_u32=0x00000002
25,Misareaux Coast,texture,thdr    thunder1,1,0xA1,3TXD,128,64,,,,,
25,Misareaux Coast,texture,thdr    kumori  ,2,0xB1,,128,128,,,,,leading_u32=0x00000002
25,Misareaux Coast,texture,bahakumokum0    ,12,0xA1,3TXD,256,128,,,,,
25,Misareaux Coast,texture,bahakumokum1    ,12,0xA1,3TXD,256,256,,,,,
25,Misareaux Coast,texture,bahakumokum2    ,6,0xA1,3TXD,128,128,,,,,
25,Misareaux Coast,texture,kaminarikmi1    ,4,0xA1,3TXD,128,128,,,,,
25,Misareaux Coast,texture,kaminarikmi0    ,8,0xA1,3TXD,128,128,,,,,
25,Misareaux Coast,texture,kaminarikmi2    ,4,0xA1,3TXD,64,64,,,,,
25,Misareaux Coast,texture,kaminarikumori  ,4,0xA1,3TXD,128,128,,,,,
25,Misareaux Coast,texture,kaminarikmi2    ,4,0xA1,3TXD,64,64,,,,,
25,Misareaux Coast,texture,kaminarikmi1    ,4,0xA1,3TXD,128,128,,,,,
25,Misareaux Coast,texture,kaminarikmi0    ,8,0xA1,3TXD,128,128,,,,,
25,Misareaux Coast,texture,kaminarikumori  ,4,0xA1,3TXD,128,128,,,,,
25,Misareaux Coast,texture,wind    clod_a01,4,0xB1,,256,256,,,,,leading_u32=0x00000002
25,Misareaux Coast,texture,wind    grass2  ,0,0xA1,3TXD,64,32,,,,,unreferenced
25,Misareaux Coast,texture,wind    katn    ,1,0xA1,3TXD,64,64,,,,,
25,Misareaux Coast,texture,wind    kumori  ,6,0xB1,,128,128,,,,,leading_u32=0x00000002
25,Misareaux Coast,texture,bahakumokum0    ,12,0xA1,3TXD,256,128,,,,,
25,Misareaux Coast,texture,bahakumokum1    ,12,0xA1,3TXD,256,256,,,,,
25,Misareaux Coast,texture,bahakumokum2    ,6,0xA1,3TXD,128,128,,,,,
25,Misareaux Coast,texture,lf03    lf03    ,0,0xB1,,128,256,,,,,unreferenced;leading_u32=0x00000002
25,Misareaux Coast,texture,fogd    clod_a01,2,0xB1,,256,256,,,,,leading_u32=0x00000002
25,Misareaux Coast,texture,fogd    smoke   ,1,0xA1,3TXD,64,64,,,,,
25,Misareaux Coast,texture,bahakumokum1    ,12,0xA1,3TXD,256,256,,,,,
25,Misareaux Coast,texture,bahakumokum0    ,12,0xA1,3TXD,256,128,,,,,
25,Misareaux Coast,texture,bahakumokum2    ,6,0xA1,3TXD,128,128,,,,,
25,Misareaux Coast,texture,lf032   lf03    ,0,0xB1,,128,256,,,,,unreferenced;leading_u32=0x00000002
25,Misareaux Coast,texture,effect  hamo    ,1,0xA1,3TXD,64,64,,,,,
25,Misareaux Coast,texture,effect  kas1    ,3,0xA1,3TXD,128,128,,,,,
25,Misareaux Coast,texture,effect  kawa    ,8,0xB1,,64,64,,,,,leading_u32=0x00000001
25,Misareaux Coast,texture,effect  kem1    ,0,0xA1,3TXD,64,64,,,,,unreferenced
25,Misareaux Coast,texture,effect  niji    ,1,0xA1,3TXD,32,32,,,,,
25,Misareaux Coast,texture,effect  shir    ,2,0xA1,3TXD,128,128,,,,,
25,Misareaux Coast,texture,effect  strm    ,1,0xA1,3TXD,128,128,,,,,
25,Misareaux Coast,texture,effect  taki    ,9,0xA1,3TXD,256,256,,,,,
25,Misareaux Coast,texture,effect  umi1    ,0,0xA1,3TXD,128,128,,,,,unreferenced
25,Misareaux Coast,texture,effect  umi2    ,4,0xA1,3TXD,64,64,,,,,
25,Misareaux Coast,texture,effect  umi3    ,1,0xA1,3TXD,128,128,,,,,
25,Misareaux Coast,texture,effect  light   ,0,0xA1,3TXD,128,128,,,,,unreferenced
25,Misareaux Coast,texture,warp    sunao   ,1,0xA1,3TXD,64,64,,,,,
25,Misareaux Coast,texture,warp    3wplght ,4,0xA1,3TXD,64,64,,,,,
25,Misareaux Coast,texture,warp    1wplght ,1,0xA1,3TXD,64,64,,,,,
25,Misareaux Coast,texture,warp    4wplght ,2,0xA1,3TXD,64,64,,,,,
25,Misareaux Coast,segment,model   jug_wk01,6,,,,,0x2000,0x0000,0x00000063,_bo_w02_h       ,blend-high
25,Misareaux Coast,segment,model   rat_w02c,33,,,,,0x2000,0x0000,0x00000063,_bo_w02_h       ,blend-high
25,Misareaux Coast,segment,model   rat_w08c,1,,,,,0x2000,0x0000,0x00000000,_kusa_6p        ,surface-name+blend-high
25,Misareaux Coast,segment,model   jug_wk04,3,,,,,0x2000,0x0000,0x0000024E,_rat_w05p_m     ,blend-high
25,Misareaux Coast,segment,model   rat_w02c,33,,,,,0x2000,0x0000,0x0000024E,_rat_w05p_m     ,blend-high
25,Misareaux Coast,segment,model   tb_ha01 ,14,,,,,0x2000,0x0000,0x00000000,_tab_hana_01    ,blend-high
25,Misareaux Coast,segment,model   tb_ha02 ,8,,,,,0x2000,0x0000,0x00000000,_tab_hana_01    ,blend-high
25,Misareaux Coast,segment,model   tb_ha01 ,14,,,,,0x2000,0x0000,0x00000000,_tab_hanab_8astj,blend-high
25,Misareaux Coast,segment,model   tb_ha02 ,8,,,,,0x2000,0x0000,0x00000000,_tab_hanab_8astj,blend-high
25,Misareaux Coast,segment,model   rat_w02c,33,,,,,0x2000,0x0000,0x00000000,_tab_sugi2_h    ,blend-high
25,Misareaux Coast,segment,model   jug_wk03,7,,,,,0x2000,0x0000,0x00000000,_tab_sugi2_h    ,blend-high
25,Misareaux Coast,segment,                ,21,,,,,0x2000,0x0000,0x00000000,_tab_sugi2_h    ,blend-high
25,Misareaux Coast,segment,model   jug_wk02,6,,,,,0x2000,0x0000,0x0000005A,_tab_w01_lw_5p  ,blend-high
25,Misareaux Coast,segment,model   jug_wk06,5,,,,,0x2000,0x0000,0x0000005A,_tab_w01_lw_5p  ,blend-high
25,Misareaux Coast,segment,model   jug_wk06,5,,,,,0x2000,0x0000,0x00000022,_tab_w01_md     ,blend-high
25,Misareaux Coast,segment,model   jug_wk02,6,,,,,0x2000,0x0000,0x00000022,_tab_w01_md     ,blend-high
25,Misareaux Coast,segment,model   jug_wk06,5,,,,,0x2000,0x0000,0x000000AA,_tab_w01_md_5p  ,blend-high
25,Misareaux Coast,segment,model   jug_wk02,6,,,,,0x2000,0x0000,0x000000AA,_tab_w01_md_5p  ,blend-high
25,Misareaux Coast,segment,model   jug_wk06,5,,,,,0x2000,0x0000,0x00000022,_tab_w01_md2    ,blend-high
25,Misareaux Coast,segment,model   jug_wk02,6,,,,,0x2000,0x0000,0x00000022,_tab_w01_md2    ,blend-high
25,Misareaux Coast,segment,model   tb_ha01 ,14,,,,,0x2000,0x0000,0x00000000,_tb_hoso2       ,blend-high
25,Misareaux Coast,segment,model   tb_ha01 ,14,,,,,0x2000,0x0000,0x00000000,_tb_hoso3       ,blend-high
25,Misareaux Coast,segment,model   tb_ha01 ,14,,,,,0x2000,0x0000,0x00000000,_tb_kiro1       ,blend-high
25,Misareaux Coast,segment,model   tb_ha01 ,14,,,,,0x2000,0x0000,0x00000000,_tb_lav1        ,blend-high
25,Misareaux Coast,segment,model   rat_w02c,33,,,,,0x2000,0x0000,0x00000000,_tb_pap1        ,blend-high
25,Misareaux Coast,segment,model   tb_ha01 ,14,,,,,0x2000,0x0000,0x00000000,_tb_siro1       ,blend-high
25,Misareaux Coast,segment,model   fu_wbox ,4,,,,,0x2000,0x0000,0x00000014,fu_wbox_futa    ,blend-high
25,Misareaux Coast,segment,model   fu_wbox ,4,,,,,0x2000,0x0000,0x0000004C,fu_wbox2        ,blend-high
25,Misareaux Coast,segment,model   tb_komo ,8,,,,,0x2000,0x0000,0x00000002,komo_harigami01 ,blend-high
25,Misareaux Coast,segment,model   tb_komo ,8,,,,,0x2000,0x0000,0x00000002,komo_harigami02 ,blend-high
25,Misareaux Coast,segment,model   tb_komo ,8,,,,,0x2000,0x0000,0x000000A8,komo_lamp       ,blend-high
25,Misareaux Coast,segment,model   tab_has1,35,,,,,0x2000,0x0000,0x00000385,koya_waku       ,blend-high
25,Misareaux Coast,segment,model   rat_w02c,33,,,,,0x2000,0x0000,0x00000385,koya_waku       ,blend-high
25,Misareaux Coast,segment,model   rat_w02c,33,,,,,0x2000,0x0000,0x00000000,_rat_w04_h      ,blend-high
25,Misareaux Coast,segment,model   jug_wk03,7,,,,,0x2000,0x0000,0x00000000,_rat_w04_h      ,blend-high
25,Misareaux Coast,segment,model   jug_wk04,3,,,,,0x2000,0x0000,0x00000076,_rat_w04_m      ,blend-high
25,Misareaux Coast,segment,model   rat_w02c,33,,,,,0x2000,0x0000,0x00000076,_rat_w04_m      ,blend-high
25,Misareaux Coast,segment,model   rat_w02c,33,,,,,0x2000,0x0000,0x00000000,_rat_w05_h      ,blend-high
25,Misareaux Coast,segment,model   jug_wk03,7,,,,,0x2000,0x0000,0x00000000,_rat_w05_h      ,blend-high
25,Misareaux Coast,segment,model   rat_w02c,33,,,,,0x2000,0x0000,0x00000076,_rat_w05_m      ,blend-high
25,Misareaux Coast,segment,model   jug_wk04,3,,,,,0x2000,0x0000,0x00000076,_rat_w05_m      ,blend-high
25,Misareaux Coast,segment,model   tb_ha01 ,14,,,,,0x2000,0x0000,0x00000000,_tab_hana_k02   ,blend-high
25,Misareaux Coast,segment,model   tb_ha01 ,14,,,,,0x2000,0x0000,0x00000000,_tab_hana_k02b  ,blend-high
25,Misareaux Coast,segment,model   tb_ha01 ,14,,,,,0x2000,0x0000,0x00000000,_tab_hanab_8ast2,blend-high
25,Misareaux Coast,segment,model   tb_ha02 ,8,,,,,0x2000,0x0000,0x00000000,_tab_hanab_8ast2,blend-high
25,Misareaux Coast,segment,model   tb_ha01 ,14,,,,,0x2000,0x0000,0x00000000,_tab_hanab_fl1  ,blend-high
25,Misareaux Coast,segment,model   tb_ha02 ,8,,,,,0x2000,0x0000,0x00000000,_tab_hanab_fl1  ,blend-high
25,Misareaux Coast,segment,model   rat_w02c,33,,,,,0x2000,0x0000,0x00000000,_tab_sugi1_h    ,blend-high
25,Misareaux Coast,segment,model   jug_wk03,7,,,,,0x2000,0x0000,0x00000000,_tab_sugi1_h    ,blend-high
25,Misareaux Coast,segment,                ,21,,,,,0x2000,0x0000,0x00000000,_tab_sugi1_h    ,blend-high
25,Misareaux Coast,segment,model   jug_wk06,5,,,,,0x2000,0x0000,0x000000AA,_tab_w01_md2_5p ,blend-high
25,Misareaux Coast,segment,model   jug_wk02,6,,,,,0x2000,0x0000,0x000000AA,_tab_w01_md2_5p ,blend-high
25,Misareaux Coast,segment,model   jug_wk01,6,,,,,0x2000,0x0000,0x00000038,_tab_w01_nr     ,blend-high
25,Misareaux Coast,segment,model   jug_wk05,3,,,,,0x2000,0x0000,0x00000038,_tab_w01_nr     ,blend-high
25,Misareaux Coast,segment,model   jug_wk01,6,,,,,0x2000,0x0000,0x00000000,_tab_w03        ,blend-high
25,Misareaux Coast,segment,model   jug_wk05,3,,,,,0x2000,0x0000,0x00000000,_tab_w03        ,blend-high
25,Misareaux Coast,segment,model   jug_wk01,6,,,,,0x2000,0x0000,0x00000038,_tab_w04        ,blend-high
25,Misareaux Coast,segment,model   jug_wk05,3,,,,,0x2000,0x0000,0x00000038,_tab_w04        ,blend-high
25,Misareaux Coast,segment,model   lat_wf  ,188,,,,,0x0000,0x0000,0x00000063,se_lw_iwa2      ,surface-name
25,Misareaux Coast,segment,model   lat_riv ,64,,,,,0x0000,0x0000,0x00000186,nr_tnl_ed_iwa   ,surface-name
25,Misareaux Coast,segment,model   lat_wf  ,188,,,,,0x2000,0x0000,0x00000270,nr_16a_tu_st1   ,blend-high
25,Misareaux Coast,segment,model   lat_wf  ,188,,,,,0xA000,0x0000,0x00000270,nr_16a_tu_st1   ,blend-high
25,Misareaux Coast,segment,model   rat_w02c,33,,,,,0x2000,0x0000,0x00000065,_bo_w03_h       ,blend-high
25,Misareaux Coast,segment,model   jug_wk01,6,,,,,0x2000,0x0000,0x00000065,_bo_w03_h       ,blend-high
25,Misareaux Coast,segment,model   jug_wk01,6,,,,,0x2000,0x0000,0x00000012,_bo_w01_h       ,blend-high
25,Misareaux Coast,segment,model   jug_wk03,7,,,,,0x2000,0x0000,0x0000017A,_rat_w07_m      ,blend-high
25,Misareaux Coast,segment,model   tab_has1,35,,,,,0x2000,0x0000,0x000007CF,miharidai       ,blend-high
25,Misareaux Coast,segment,model   tb_ha01 ,14,,,,,0x2000,0x0000,0x00000000,_tab_hanab_fl2  ,blend-high
25,Misareaux Coast,segment,model   tb_ha02 ,8,,,,,0x2000,0x0000,0x00000000,_tab_hanab_fl2  ,blend-high
25,Misareaux Coast,segment,model   tb_ha02 ,8,,,,,0x2000,0x0000,0x00000000,_tb_hoso1       ,blend-high
25,Misareaux Coast,segment,model   tb_ha02 ,8,,,,,0x2000,0x0000,0x00000000,_tb_kiku1       ,blend-high
25,Misareaux Coast,segment,model   ba_wal01,14,,,,,0x0000,0x0000,0x00000180,bah_iwa2b_m     ,surface-name
25,Misareaux Coast,segment,model   lat_wf  ,188,,,,,0x0000,0x0000,0x00000134,bah_iwa3_m      ,surface-name
25,Misareaux Coast,segment,model   ba_wal01,14,,,,,0x0000,0x0000,0x00000134,bah_iwa3_m      ,surface-name
25,Misareaux Coast,segment,model   ba_wal01,14,,,,,0x0000,0x0000,0x00000060,bah_iwa4_m      ,surface-name
25,Misareaux Coast,segment,model   lat_riv ,64,,,,,0x0000,0x0000,0x0000003A,fa_iwa1d        ,surface-name
25,Misareaux Coast,segment,model   lat_riv ,64,,,,,0x0000,0x0000,0x0000003C,fa_iwa2d        ,surface-name
25,Misareaux Coast,segment,model   lat_riv ,64,,,,,0x0000,0x0000,0x00000059,fa_iwa1         ,surface-name
25,Misareaux Coast,segment,model   lat_riv ,64,,,,,0x8000,0x0000,0x00000059,fa_iwa1         ,surface-name
25,Misareaux Coast,segment,model   ba_wal01,14,,,,,0x0000,0x0000,0x000000B4,bah_iwa1b       ,surface-name
25,Misareaux Coast,segment,model   lat_wf  ,188,,,,,0x0000,0x0000,0x000000B4,bah_iwa1b       ,surface-name
25,Misareaux Coast,segment,model   lat_riv ,64,,,,,0x0000,0x0000,0x00000042,fa_iwa2         ,surface-name
25,Misareaux Coast,segment,model   lat_riv ,64,,,,,0x0000,0x0000,0x000000C4,fa_iwa3         ,surface-name
25,Misareaux Coast,segment,model   lat_wf  ,188,,,,,0x0000,0x0000,0x0000005A,se_lw_iwa1      ,surface-name
25,Misareaux Coast,segment,model   lat_wf  ,188,,,,,0x0000,0x0000,0x0000007D,se_lw_iwa5      ,surface-name
25,Misareaux Coast,segment,model   lat_wf  ,188,,,,,0x0000,0x0000,0x00000089,se_lw_iwa3      ,surface-name
25,Misareaux Coast,segment,model   lat_wf  ,188,,,,,0x0000,0x0000,0x0000004F,se_lw_iwa4      ,surface-name
25,Misareaux Coast,segment,model   rat_w02c,33,,,,,0x2000,0x0000,0x000000AA,_rat_w04r       ,blend-high
25,Misareaux Coast,segment,model   jug_wk03,7,,,,,0x2000,0x0000,0x000000AA,_rat_w04r       ,blend-high
25,Misareaux Coast,segment,model   rat_w02c,33,,,,,0x2000,0x0000,0x00000206,_tab_sugi2r     ,blend-high
25,Misareaux Coast,segment,model   jug_wk03,7,,,,,0x2000,0x0000,0x00000206,_tab_sugi2r     ,blend-high
25,Misareaux Coast,segment,                ,21,,,,,0x2000,0x0000,0x00000206,_tab_sugi2r     ,blend-high
39,Dynamis - Valkurm,texture,dark    clod_b01,2,0xA1,3TXD,256,256,,,,,
39,Dynamis - Valkurm,texture,lf04    lf03    ,0,0xB1,,128,256,,,,,unreferenced;leading_u32=0x00000002
39,Dynamis - Valkurm,texture,moon    moonshap,0,0xA1,3TXD,256,256,,,,,unreferenced
39,Dynamis - Valkurm,texture,moon    kasa    ,0,0xA1,3TXD,128,128,,,,,unreferenced
39,Dynamis - Valkurm,texture,effect  nam1    ,2,0xA1,3TXD,128,128,,,,,
39,Dynamis - Valkurm,texture,effect  uaw1    ,6,0xA1,3TXD,128,128,,,,,
39,Dynamis - Valkurm,texture,effect  umi0    ,6,0xA1,3TXD,128,128,,,,,
39,Dynamis - Valkurm,texture,effect  umi1    ,1,0xA1,3TXD,128,128,,,,,
39,Dynamis - Valkurm,texture,effect  umi2    ,1,0xA1,3TXD,64,64,,,,,
39,Dynamis - Valkurm,texture,effect  umi3    ,1,0xA1,3TXD,64,64,,,,,
39,Dynamis - Valkurm,texture,effect  koza    ,1,0xA1,3TXD,32,32,,,,,
39,Dynamis - Valkurm,texture,effect  fir3    ,0,0xB1,,32,32,,,,,unreferenced;leading_u32=0x00000001
39,Dynamis - Valkurm,texture,effect  fir0    ,0,0xB1,,64,64,,,,,unreferenced;leading_u32=0x00000001
39,Dynamis - Valkurm,texture,effect  fir2    ,0,0xB1,,32,32,,,,,unreferenced;leading_u32=0x00000001
39,Dynamis - Valkurm,texture,effect  fir1    ,0,0xB1,,64,64,,,,,unreferenced;leading_u32=0x00000001
39,Dynamis - Valkurm,texture,effect  fire3   ,0,0xB1,,32,32,,,,,unreferenced;leading_u32=0x00000001
39,Dynamis - Valkurm,texture,effect  kem1    ,0,0xA1,3TXD,64,64,,,,,unreferenced
39,Dynamis - Valkurm,texture,magic2  mab     ,0,0xA1,3TXD,128,128,,,,,unreferenced
39,Dynamis - Valkurm,texture,magic2  kem1    ,0,0xA1,3TXD,64,64,,,,,unreferenced
39,Dynamis - Valkurm,texture,model   guard_b ,8,0xA1,3TXD,128,128,,,,,
39,Dynamis - Valkurm,texture,model   guard_f ,1,0xA1,3TXD,128,128,,,,,
39,Dynamis - Valkurm,texture,model   guard_fl,4,0xA1,3TXD,128,128,,,,,
39,Dynamis - Valkurm,texture,model   guard_h ,2,0xA1,3TXD,256,128,,,,,
39,Dynamis - Valkurm,texture,model   guard_m ,1,0xA1,3TXD,128,128,,,,,
39,Dynamis - Valkurm,texture,model   guard_p ,4,0xA1,3TXD,128,128,,,,,
39,Dynamis - Valkurm,texture,model   guard_wl,4,0xA1,3TXD,128,128,,,,,
39,Dynamis - Valkurm,texture,model   kahi    ,8,0xA1,3TXD,128,256,,,,,
39,Dynamis - Valkurm,texture,model   ken_is1 ,8,0xA1,3TXD,256,256,,,,,
39,Dynamis - Valkurm,texture,model   ken_mon1,3,0xA1,3TXD,128,256,,,,,
39,Dynamis - Valkurm,texture,model   ken_mon2,5,0xA1,3TXD,128,256,,,,,
39,Dynamis - Valkurm,texture,model   ken_rg1 ,28,0xA1,3TXD,256,256,,,,,
39,Dynamis - Valkurm,texture,model   ken_rs1 ,21,0xA1,3TXD,512,256,,,,,
39,Dynamis - Valkurm,texture,model   ken_sg1 ,22,0xA1,3TXD,256,256,,,,,
39,Dynamis - Valkurm,texture,model   ken_sn1 ,132,0xA1,3TXD,512,512,,,,,
39,Dynamis - Valkurm,texture,model   kin_fg01,47,0xA1,3TXD,512,256,,,,,
39,Dynamis - Valkurm,texture,model   kin_fg02,5,0xA1,3TXD,512,256,,,,,
39,Dynamis - Valkurm,texture,model   kin_w01 ,70,0xA1,3TXD,512,512,,,,,
39,Dynamis - Valkurm,texture,model   kin_w01c,12,0xA1,3TXD,128,256,,,,,
39,Dynamis - Valkurm,texture,model   kin_w02c,12,0xA1,3TXD,128,128,,,,,
39,Dynamis - Valkurm,texture,model   kin_w03c,13,0xA1,3TXD,128,256,,,,,
39,Dynamis - Valkurm,texture,model   kin_w04c,4,0xA1,3TXD,128,128,,,,,
39,Dynamis - Valkurm,texture,model   kin_w05c,13,0xA1,3TXD,128,128,,,,,
39,Dynamis - Valkurm,texture,model   kin_w06c,7,0xA1,3TXD,128,256,,,,,
39,Dynamis - Valkurm,texture,model   kin_w07c,7,0xA1,3TXD,128,128,,,,,
39,Dynamis - Valkurm,texture,model   kin_w08c,24,0xA1,3TXD,256,128,,,,,
39,Dynamis - Valkurm,texture,model   kin_w09c,2,0xA1,3TXD,128,128,,,,,
39,Dynamis - Valkurm,texture,model   kin_ws01,84,0xA1,3TXD,512,128,,,,,
39,Dynamis - Valkurm,texture,model   sk_ki01c,2,0xA1,3TXD,128,128,,,,,
39,Dynamis - Valkurm,texture,model   tak_w01c,1,0xA1,3TXD,64,64,,,,,
39,Dynamis - Valkurm,texture,model   kin_ws02,2,0xA1,3TXD,64,64,,,,,
39,Dynamis - Valkurm,texture,model   ken_f2  ,8,0xA1,3TXD,128,256,,,,,
39,Dynamis - Valkurm,segment,model   kin_w02c,12,,,,,0x2000,0x0000,0x00000000,_kin_w01_h      ,blend-high
39,Dynamis - Valkurm,segment,model   kin_w02c,12,,,,,0x2000,0x0000,0x00000098,_kin_w01_m      ,blend-high
39,Dynamis - Valkurm,segment,model   kin_w02c,12,,,,,0x2000,0x0000,0x00000000,_kin_w01c_h     ,blend-high
39,Dynamis - Valkurm,segment,model   kin_w02c,12,,,,,0x2000,0x0000,0x00000090,_kin_w01c_m     ,blend-high
39,Dynamis - Valkurm,segment,model   kin_w01c,12,,,,,0x2000,0x0000,0x00000000,_kin_w02_h      ,blend-high
39,Dynamis - Valkurm,segment,model   kin_w01c,12,,,,,0x2000,0x0000,0x000000B6,_kin_w02_l      ,blend-high
39,Dynamis - Valkurm,segment,model   kin_w01c,12,,,,,0x2000,0x0000,0x000000FA,_kin_w02_m      ,blend-high
39,Dynamis - Valkurm,segment,model   kin_w01c,12,,,,,0x2000,0x0000,0x00000000,_kin_w02b_h     ,blend-high
39,Dynamis - Valkurm,segment,model   kin_w01c,12,,,,,0x2000,0x0000,0x00000116,_kin_w02b_l     ,blend-high
39,Dynamis - Valkurm,segment,model   kin_w01c,12,,,,,0x2000,0x0000,0x0000003E,_kin_w03_l      ,blend-high
39,Dynamis - Valkurm,segment,model   kin_w01c,12,,,,,0x2000,0x0000,0x00000000,_kin_w03_m      ,blend-high
39,Dynamis - Valkurm,segment,model   kin_w04c,4,,,,,0x2000,0x0000,0x00000020,_kin_w04_l      ,blend-high
39,Dynamis - Valkurm,segment,model   kin_w04c,4,,,,,0x2000,0x0000,0x00000000,_kin_w04_m      ,blend-high
39,Dynamis - Valkurm,segment,model   kin_w05c,13,,,,,0x2000,0x0000,0x00000100,_kin_w07_h      ,blend-high
39,Dynamis - Valkurm,segment,model   kin_w05c,13,,,,,0x2000,0x0000,0x0000008E,_kin_w07_l      ,blend-high
39,Dynamis - Valkurm,segment,model   kin_w05c,13,,,,,0x2000,0x0000,0x000000F8,_kin_w07_m      ,blend-high
39,Dynamis - Valkurm,segment,model   kin_w07c,7,,,,,0x2000,0x0000,0x000000A5,_kin_w07b_m     ,blend-high
39,Dynamis - Valkurm,segment,model   kin_w07c,7,,,,,0x2000,0x0000,0x000000BA,_kin_w07c_m     ,blend-high
39,Dynamis - Valkurm,segment,                ,12,,,,,0x2000,0x0000,0x000000BA,_kin_w07c_m     ,blend-high
39,Dynamis - Valkurm,segment,model   kin_w03c,13,,,,,0x2000,0x0000,0x00000000,_kin_w08_h      ,blend-high
39,Dynamis - Valkurm,segment,model   kin_w03c,13,,,,,0x2000,0x0000,0x00000000,_kin_w08b_h     ,blend-high
39,Dynamis - Valkurm,segment,model   kin_w04c,4,,,,,0x2000,0x0000,0x00000000,_kin_w09_h      ,blend-high
39,Dynamis - Valkurm,segment,model   kin_w07c,7,,,,,0x2000,0x0000,0x00000000,_kin_w10_h      ,blend-high
39,Dynamis - Valkurm,segment,model   kin_w07c,7,,,,,0x2000,0x0000,0x00000010,_kin_w10_m      ,blend-high
39,Dynamis - Valkurm,segment,model   kin_w08c,24,,,,,0x2000,0x0000,0x00000000,_kin_w12_h      ,blend-high
39,Dynamis - Valkurm,segment,model   kin_ws01,84,,,,,0xA000,0x0000,0x00000000,_kin_w12_h      ,blend-high
39,Dynamis - Valkurm,segment,model   kin_w08c,24,,,,,0x2000,0x0000,0x0000009B,_kin_w12_m      ,blend-high
39,Dynamis - Valkurm,segment,model   kin_w08c,24,,,,,0x2000,0x0000,0x00000000,_kin_w12b_h     ,blend-high
39,Dynamis - Valkurm,segment,model   kin_ws01,84,,,,,0xA000,0x0000,0x00000000,_kin_w12b_h     ,blend-high
39,Dynamis - Valkurm,segment,model   kin_w08c,24,,,,,0x2000,0x0000,0x0000009B,_kin_w12b_m     ,blend-high
39,Dynamis - Valkurm,segment,model   kin_w08c,24,,,,,0x2000,0x0000,0x00000000,_kin_w12c_h     ,blend-high
39,Dynamis - Valkurm,segment,model   kin_ws01,84,,,,,0xA000,0x0000,0x00000000,_kin_w12c_h     ,blend-high
39,Dynamis - Valkurm,segment,model   kin_w08c,24,,,,,0x2000,0x0000,0x0000009B,_kin_w12c_m     ,blend-high
39,Dynamis - Valkurm,segment,model   kin_w08c,24,,,,,0x2000,0x0000,0x00000000,_kin_w12d_h     ,blend-high
39,Dynamis - Valkurm,segment,model   kin_ws01,84,,,,,0xA000,0x0000,0x00000000,_kin_w12d_h     ,blend-high
39,Dynamis - Valkurm,segment,model   kin_w08c,24,,,,,0x2000,0x0000,0x0000009B,_kin_w12d_m     ,blend-high
39,Dynamis - Valkurm,segment,model   kin_w08c,24,,,,,0x2000,0x0000,0x00000018,_kin_w13_h      ,blend-high
39,Dynamis - Valkurm,segment,model   kin_w08c,24,,,,,0x2000,0x0000,0x00000004,_kin_w13_m      ,blend-high
39,Dynamis - Valkurm,segment,model   kin_w08c,24,,,,,0x2000,0x0000,0x00000018,_kin_w13b_h     ,blend-high
39,Dynamis - Valkurm,segment,model   kin_w08c,24,,,,,0x2000,0x0000,0x00000004,_kin_w13b_m     ,blend-high
39,Dynamis - Valkurm,segment,model   kin_w08c,24,,,,,0x2000,0x0000,0x00000018,_kin_w13c_h     ,blend-high
39,Dynamis - Valkurm,segment,model   kin_w08c,24,,,,,0x2000,0x0000,0x00000004,_kin_w13c_m     ,blend-high
39,Dynamis - Valkurm,segment,model   kin_w08c,24,,,,,0x2000,0x0000,0x00000018,_kin_w13d_h     ,blend-high
39,Dynamis - Valkurm,segment,model   kin_w08c,24,,,,,0x2000,0x0000,0x00000004,_kin_w13d_m     ,blend-high
39,Dynamis - Valkurm,segment,model   kin_w08c,24,,,,,0x2000,0x0000,0x0000000C,_kin_w13e_h     ,blend-high
39,Dynamis - Valkurm,segment,model   kin_w08c,24,,,,,0x2000,0x0000,0x00000004,_kin_w13e_m     ,blend-high
39,Dynamis - Valkurm,segment,model   kin_w08c,24,,,,,0x2000,0x0000,0x0000000C,_kin_w13f_h     ,blend-high
39,Dynamis - Valkurm,segment,model   kin_w08c,24,,,,,0x2000,0x0000,0x00000004,_kin_w13f_m     ,blend-high
39,Dynamis - Valkurm,segment,model   kin_w08c,24,,,,,0x2000,0x0000,0x0000000C,_kin_w13g_h     ,blend-high
39,Dynamis - Valkurm,segment,model   kin_w08c,24,,,,,0x2000,0x0000,0x00000004,_kin_w13g_m     ,blend-high
39,Dynamis - Valkurm,segment,model   kin_w08c,24,,,,,0x2000,0x0000,0x0000000C,_kin_w13h_h     ,blend-high
39,Dynamis - Valkurm,segment,model   kin_w08c,24,,,,,0x2000,0x0000,0x00000004,_kin_w13h_m     ,blend-high
39,Dynamis - Valkurm,segment,model   kin_w07c,7,,,,,0x2000,0x0000,0x00000000,_kin_w14_h      ,blend-high
39,Dynamis - Valkurm,segment,model   kin_w06c,7,,,,,0x2000,0x0000,0x00000000,_kin_w15_h      ,blend-high
39,Dynamis - Valkurm,segment,model   kin_w06c,7,,,,,0x2000,0x0000,0x00000042,_kin_w16_m      ,blend-high
39,Dynamis - Valkurm,segment,model   kin_w06c,7,,,,,0x2000,0x0000,0x00000039,_kin_w16b_m     ,blend-high
39,Dynamis - Valkurm,segment,model   kin_w09c,2,,,,,0x2000,0x0000,0x000000A0,_kin_w17_h      ,blend-high
39,Dynamis - Valkurm,segment,model   ken_sn1 ,132,,,,,0x2000,0x0000,0x000000A0,_kin_w17_h      ,blend-high
39,Dynamis - Valkurm,segment,model   kin_w09c,2,,,,,0x2000,0x0000,0x0000007A,_kin_w17b_h     ,blend-high
39,Dynamis - Valkurm,segment,model   ken_sn1 ,132,,,,,0x2000,0x0000,0x0000007A,_kin_w17b_h     ,blend-high
39,Dynamis - Valkurm,segment,model   kin_fg02,5,,,,,0x0000,0x0000,0x0000010D,ke_kusa01       ,surface-name
39,Dynamis - Valkurm,segment,model   ken_sg1 ,22,,,,,0x0000,0x0000,0x0000010D,ke_kusa01       ,surface-name
39,Dynamis - Valkurm,segment,model   ken_sn1 ,132,,,,,0x0000,0x0000,0x0000010D,ke_kusa01       ,surface-name
39,Dynamis - Valkurm,segment,model   kin_fg02,5,,,,,0x8000,0x0000,0x0000010D,ke_kusa01       ,surface-name
39,Dynamis - Valkurm,segment,model   ken_sn1 ,132,,,,,0x8000,0x0000,0x0000010D,ke_kusa01       ,surface-name
39,Dynamis - Valkurm,segment,model   ken_rg1 ,28,,,,,0x8000,0x0000,0x0000010D,ke_kusa01       ,surface-name
39,Dynamis - Valkurm,segment,model   ken_sn1 ,132,,,,,0x0000,0x0000,0x0000004C,ke_kusa02       ,surface-name
39,Dynamis - Valkurm,segment,model   ken_rs1 ,21,,,,,0x0000,0x0000,0x0000004C,ke_kusa02       ,surface-name
39,Dynamis - Valkurm,segment,model   kin_fg02,5,,,,,0x0000,0x0000,0x0000004C,ke_kusa02       ,surface-name
39,Dynamis - Valkurm,segment,model   ken_sn1 ,132,,,,,0x8000,0x0000,0x0000004C,ke_kusa02       ,surface-name
39,Dynamis - Valkurm,segment,model   kin_fg02,5,,,,,0x8000,0x0000,0x0000004C,ke_kusa02       ,surface-name
39,Dynamis - Valkurm,companion_group,guard,,,,,,,,,,model   guard_b  | model   guard_f  | model   guard_h  | model   guard_m  | model   guard_p 
39,Dynamis - Valkurm,companion_group,kinw01,,,,,,,,,,model   kin_w01  | model   kin_w01c
103,Valkurm Dunes,texture,effect  nam1    ,2,0xA1,3TXD,128,128,,,,,
103,Valkurm Dunes,texture,effect  uaw1    ,6,0xA1,3TXD,128,128,,,,,
103,Valkurm Dunes,texture,effect  umi0    ,6,0xA1,3TXD,128,128,,,,,
103,Valkurm Dunes,texture,effect  umi1    ,1,0xA1,3TXD,128,128,,,,,
103,Valkurm Dunes,texture,effect  umi2    ,1,0xA1,3TXD,64,64,,,,,
103,Valkurm Dunes,texture,effect  umi3    ,1,0xA1,3TXD,64,64,,,,,
103,Valkurm Dunes,texture,effect  koza    ,1,0xA1,3TXD,32,32,,,,,
103,Valkurm Dunes,texture,effect  sakb    ,3,0xA1,3TXD,128,64,,,,,
103,Valkurm Dunes,texture,effect  sakc    ,3,0xA1,3TXD,128,64,,,,,
103,Valkurm Dunes,texture,effect  saka    ,3,0xA1,3TXD,128,64,,,,,
103,Valkurm Dunes,texture,effect  fir3    ,0,0xB1,,32,32,,,,,unreferenced;leading_u32=0x00000001
103,Valkurm Dunes,texture,effect  fir0    ,0,0xB1,,64,64,,,,,unreferenced;leading_u32=0x00000001
103,Valkurm Dunes,texture,effect  fir2    ,0,0xB1,,32,32,,,,,unreferenced;leading_u32=0x00000001
103,Valkurm Dunes,texture,effect  fir1    ,0,0xB1,,64,64,,,,,unreferenced;leading_u32=0x00000001
103,Valkurm Dunes,texture,effect  fire3   ,0,0xB1,,32,32,,,,,unreferenced;leading_u32=0x00000001
103,Valkurm Dunes,texture,effect  kem1    ,0,0xA1,3TXD,64,64,,,,,unreferenced
103,Valkurm Dunes,texture,model   guard_b ,8,0xA1,3TXD,128,128,,,,,
103,Valkurm Dunes,texture,model   guard_f ,1,0xA1,3TXD,128,128,,,,,
103,Valkurm Dunes,texture,model   guard_fl,4,0xA1,3TXD,128,128,,,,,
103,Valkurm Dunes,texture,model   guard_h ,2,0xA1,3TXD,256,128,,,,,
103,Valkurm Dunes,texture,model   guard_m ,1,0xA1,3TXD,128,128,,,,,
103,Valkurm Dunes,texture,model   guard_p ,4,0xA1,3TXD,128,128,,,,,
103,Valkurm Dunes,texture,model   guard_wl,4,0xA1,3TXD,128,128,,,,,
103,Valkurm Dunes,texture,model   kahi    ,8,0xA1,3TXD,128,256,,,,,
103,Valkurm Dunes,texture,model   ken_is1 ,8,0xA1,3TXD,256,256,,,,,
103,Valkurm Dunes,texture,model   ken_mon1,3,0xA1,3TXD,128,256,,,,,
103,Valkurm Dunes,texture,model   ken_mon2,5,0xA1,3TXD,128,256,,,,,
103,Valkurm Dunes,texture,model   ken_rg1 ,28,0xA1,3TXD,256,256,,,,,
103,Valkurm Dunes,texture,model   ken_rs1 ,21,0xA1,3TXD,512,256,,,,,
103,Valkurm Dunes,texture,model   ken_sg1 ,22,0xA1,3TXD,256,256,,,,,
103,Valkurm Dunes,texture,model   ken_sn1 ,132,0xA1,3TXD,512,512,,,,,
103,Valkurm Dunes,texture,model   kin_fg01,47,0xA1,3TXD,512,256,,,,,
103,Valkurm Dunes,texture,model   kin_fg02,5,0xA1,3TXD,512,256,,,,,
103,Valkurm Dunes,texture,model   kin_w01 ,70,0xA1,3TXD,512,512,,,,,
103,Valkurm Dunes,texture,model   kin_w01c,12,0xA1,3TXD,128,256,,,,,
103,Valkurm Dunes,texture,model   kin_w02c,12,0xA1,3TXD,128,128,,,,,
103,Valkurm Dunes,texture,model   kin_w03c,13,0xA1,3TXD,128,256,,,,,
103,Valkurm Dunes,texture,model   kin_w04c,4,0xA1,3TXD,128,128,,,,,
103,Valkurm Dunes,texture,model   kin_w05c,13,0xA1,3TXD,128,128,,,,,
103,Valkurm Dunes,texture,model   kin_w06c,7,0xA1,3TXD,128,256,,,,,
103,Valkurm Dunes,texture,model   kin_w07c,7,0xA1,3TXD,128,128,,,,,
103,Valkurm Dunes,texture,model   kin_w08c,24,0xA1,3TXD,256,128,,,,,
103,Valkurm Dunes,texture,model   kin_w09c,2,0xA1,3TXD,128,128,,,,,
103,Valkurm Dunes,texture,model   kin_ws01,84,0xA1,3TXD,512,128,,,,,
103,Valkurm Dunes,texture,model   sk_ki01c,2,0xA1,3TXD,128,128,,,,,
103,Valkurm Dunes,texture,model   tak_w01c,1,0xA1,3TXD,64,64,,,,,
103,Valkurm Dunes,texture,model   kin_ws02,2,0xA1,3TXD,64,64,,,,,
103,Valkurm Dunes,texture,model   ken_f2  ,8,0xA1,3TXD,128,256,,,,,
103,Valkurm Dunes,texture,bird    kamome01,4,0xA1,3TXD,64,64,,,,,
103,Valkurm Dunes,texture,clod    clod_a01,2,0xA1,3TXD,256,256,,,,,
103,Valkurm Dunes,texture,lf03    lf03    ,0,0xB1,,128,256,,,,,unreferenced;leading_u32=0x00000002
103,Valkurm Dunes,texture,dryw    fine_a01,1,0xB1,,256,128,,,,,leading_u32=0x00000002
103,Valkurm Dunes,texture,star    star01  ,3,0xA1,3TXD,64,64,,,,,
103,Valkurm Dunes,texture,star    star02  ,3,0xA1,3TXD,128,128,,,,,
103,Valkurm Dunes,texture,moon    moonshap,0,0xA1,3TXD,256,256,,,,,unreferenced
103,Valkurm Dunes,texture,moon    kasa    ,0,0xA1,3TXD,128,128,,,,,unreferenced
103,Valkurm Dunes,texture,lf02    lf02    ,0,0xA1,3TXD,128,256,,,,,unreferenced
103,Valkurm Dunes,texture,dust    suny_c01,2,0xB1,,256,256,,,,,leading_u32=0x00000002
103,Valkurm Dunes,texture,dust    dust00  ,1,0xA1,3TXD,128,128,,,,,
103,Valkurm Dunes,texture,lf01    lf01    ,0,0xA1,3TXD,128,256,,,,,unreferenced
103,Valkurm Dunes,texture,fine    fine_a01,1,0xB1,,256,128,,,,,leading_u32=0x00000002
103,Valkurm Dunes,texture,moon    moonshap,0,0xA1,3TXD,256,256,,,,,unreferenced
103,Valkurm Dunes,texture,moon    kasa    ,0,0xA1,3TXD,128,128,,,,,unreferenced
103,Valkurm Dunes,texture,star    star01  ,3,0xA1,3TXD,64,64,,,,,
103,Valkurm Dunes,texture,star    star02  ,3,0xA1,3TXD,128,128,,,,,
103,Valkurm Dunes,texture,lf02    lf02    ,0,0xB1,,128,256,,,,,unreferenced;leading_u32=0x00000002
103,Valkurm Dunes,texture,mist    clod_a01,2,0xA1,3TXD,256,256,,,,,
103,Valkurm Dunes,texture,lf03    lf03    ,0,0xB1,,128,256,,,,,unreferenced;leading_u32=0x00000002
103,Valkurm Dunes,texture,suny    suny_a01,2,0xB1,,256,256,,,,,leading_u32=0x00000001
103,Valkurm Dunes,texture,star    star01  ,3,0xA1,3TXD,64,64,,,,,
103,Valkurm Dunes,texture,star    star02  ,3,0xA1,3TXD,128,128,,,,,
103,Valkurm Dunes,texture,moon    moonshap,0,0xA1,3TXD,256,256,,,,,unreferenced
103,Valkurm Dunes,texture,moon    kasa    ,0,0xA1,3TXD,128,128,,,,,unreferenced
103,Valkurm Dunes,texture,lf01    lf01    ,0,0xB1,,128,256,,,,,unreferenced;leading_u32=0x00000002
103,Valkurm Dunes,segment,model   kin_w02c,12,,,,,0x2000,0x0000,0x00000000,_kin_w01_h      ,blend-high
103,Valkurm Dunes,segment,model   kin_w02c,12,,,,,0x2000,0x0000,0x00000098,_kin_w01_m      ,blend-high
103,Valkurm Dunes,segment,model   kin_w02c,12,,,,,0x2000,0x0000,0x00000000,_kin_w01c_h     ,blend-high
103,Valkurm Dunes,segment,model   kin_w02c,12,,,,,0x2000,0x0000,0x00000090,_kin_w01c_m     ,blend-high
103,Valkurm Dunes,segment,model   kin_w01c,12,,,,,0x2000,0x0000,0x00000000,_kin_w02_h      ,blend-high
103,Valkurm Dunes,segment,model   kin_w01c,12,,,,,0x2000,0x0000,0x000000B6,_kin_w02_l      ,blend-high
103,Valkurm Dunes,segment,model   kin_w01c,12,,,,,0x2000,0x0000,0x000000FA,_kin_w02_m      ,blend-high
103,Valkurm Dunes,segment,model   kin_w01c,12,,,,,0x2000,0x0000,0x00000000,_kin_w02b_h     ,blend-high
103,Valkurm Dunes,segment,model   kin_w01c,12,,,,,0x2000,0x0000,0x00000116,_kin_w02b_l     ,blend-high
103,Valkurm Dunes,segment,model   kin_w01c,12,,,,,0x2000,0x0000,0x0000003E,_kin_w03_l      ,blend-high
103,Valkurm Dunes,segment,model   kin_w01c,12,,,,,0x2000,0x0000,0x00000000,_kin_w03_m      ,blend-high
103,Valkurm Dunes,segment,model   kin_w04c,4,,,,,0x2000,0x0000,0x00000020,_kin_w04_l      ,blend-high
103,Valkurm Dunes,segment,model   kin_w04c,4,,,,,0x2000,0x0000,0x00000000,_kin_w04_m      ,blend-high
103,Valkurm Dunes,segment,model   kin_w05c,13,,,,,0x2000,0x0000,0x00000100,_kin_w07_h      ,blend-high
103,Valkurm Dunes,segment,model   kin_w05c,13,,,,,0x2000,0x0000,0x0000008E,_kin_w07_l      ,blend-high
103,Valkurm Dunes,segment,model   kin_w05c,13,,,,,0x2000,0x0000,0x000000F8,_kin_w07_m      ,blend-high
103,Valkurm Dunes,segment,model   kin_w07c,7,,,,,0x2000,0x0000,0x000000A5,_kin_w07b_m     ,blend-high
103,Valkurm Dunes,segment,model   kin_w07c,7,,,,,0x2000,0x0000,0x000000BA,_kin_w07c_m     ,blend-high
103,Valkurm Dunes,segment,                ,20,,,,,0x2000,0x0000,0x000000BA,_kin_w07c_m     ,blend-high
103,Valkurm Dunes,segment,model   kin_w03c,13,,,,,0x2000,0x0000,0x00000000,_kin_w08_h      ,blend-high
103,Valkurm Dunes,segment,model   kin_w03c,13,,,,,0x2000,0x0000,0x00000000,_kin_w08b_h     ,blend-high
103,Valkurm Dunes,segment,model   kin_w04c,4,,,,,0x2000,0x0000,0x00000000,_kin_w09_h      ,blend-high
103,Valkurm Dunes,segment,model   kin_w07c,7,,,,,0x2000,0x0000,0x00000000,_kin_w10_h      ,blend-high
103,Valkurm Dunes,segment,model   kin_w07c,7,,,,,0x2000,0x0000,0x00000010,_kin_w10_m      ,blend-high
103,Valkurm Dunes,segment,model   kin_w08c,24,,,,,0x2000,0x0000,0x00000000,_kin_w12_h      ,blend-high
103,Valkurm Dunes,segment,model   kin_ws01,84,,,,,0xA000,0x0000,0x00000000,_kin_w12_h      ,blend-high
103,Valkurm Dunes,segment,model   kin_w08c,24,,,,,0x2000,0x0000,0x0000009B,_kin_w12_m      ,blend-high
103,Valkurm Dunes,segment,model   kin_w08c,24,,,,,0x2000,0x0000,0x00000000,_kin_w12b_h     ,blend-high
103,Valkurm Dunes,segment,model   kin_ws01,84,,,,,0xA000,0x0000,0x00000000,_kin_w12b_h     ,blend-high
103,Valkurm Dunes,segment,model   kin_w08c,24,,,,,0x2000,0x0000,0x0000009B,_kin_w12b_m     ,blend-high
103,Valkurm Dunes,segment,model   kin_w08c,24,,,,,0x2000,0x0000,0x00000000,_kin_w12c_h     ,blend-high
103,Valkurm Dunes,segment,model   kin_ws01,84,,,,,0xA000,0x0000,0x00000000,_kin_w12c_h     ,blend-high
103,Valkurm Dunes,segment,model   kin_w08c,24,,,,,0x2000,0x0000,0x0000009B,_kin_w12c_m     ,blend-high
103,Valkurm Dunes,segment,model   kin_w08c,24,,,,,0x2000,0x0000,0x00000000,_kin_w12d_h     ,blend-high
103,Valkurm Dunes,segment,model   kin_ws01,84,,,,,0xA000,0x0000,0x00000000,_kin_w12d_h     ,blend-high
103,Valkurm Dunes,segment,model   kin_w08c,24,,,,,0x2000,0x0000,0x0000009B,_kin_w12d_m     ,blend-high
103,Valkurm Dunes,segment,model   kin_w08c,24,,,,,0x2000,0x0000,0x00000018,_kin_w13_h      ,blend-high
103,Valkurm Dunes,segment,model   kin_w08c,24,,,,,0x2000,0x0000,0x00000004,_kin_w13_m      ,blend-high
103,Valkurm Dunes,segment,model   kin_w08c,24,,,,,0x2000,0x0000,0x00000018,_kin_w13b_h     ,blend-high
103,Valkurm Dunes,segment,model   kin_w08c,24,,,,,0x2000,0x0000,0x00000004,_kin_w13b_m     ,blend-high
103,Valkurm Dunes,segment,model   kin_w08c,24,,,,,0x2000,0x0000,0x00000018,_kin_w13c_h     ,blend-high
103,Valkurm Dunes,segment,model   kin_w08c,24,,,,,0x2000,0x0000,0x00000004,_kin_w13c_m     ,blend-high
103,Valkurm Dunes,segment,model   kin_w08c,24,,,,,0x2000,0x0000,0x00000018,_kin_w13d_h     ,blend-high
103,Valkurm Dunes,segment,model   kin_w08c,24,,,,,0x2000,0x0000,0x00000004,_kin_w13d_m     ,blend-high
103,Valkurm Dunes,segment,model   kin_w08c,24,,,,,0x2000,0x0000,0x0000000C,_kin_w13e_h     ,blend-high
103,Valkurm Dunes,segment,model   kin_w08c,24,,,,,0x2000,0x0000,0x00000004,_kin_w13e_m     ,blend-high
103,Valkurm Dunes,segment,model   kin_w08c,24,,,,,0x2000,0x0000,0x0000000C,_kin_w13f_h     ,blend-high
103,Valkurm Dunes,segment,model   kin_w08c,24,,,,,0x2000,0x0000,0x00000004,_kin_w13f_m     ,blend-high
103,Valkurm Dunes,segment,model   kin_w08c,24,,,,,0x2000,0x0000,0x0000000C,_kin_w13g_h     ,blend-high
103,Valkurm Dunes,segment,model   kin_w08c,24,,,,,0x2000,0x0000,0x00000004,_kin_w13g_m     ,blend-high
103,Valkurm Dunes,segment,model   kin_w08c,24,,,,,0x2000,0x0000,0x0000000C,_kin_w13h_h     ,blend-high
103,Valkurm Dunes,segment,model   kin_w08c,24,,,,,0x2000,0x0000,0x00000004,_kin_w13h_m     ,blend-high
103,Valkurm Dunes,segment,model   kin_w07c,7,,,,,0x2000,0x0000,0x00000000,_kin_w14_h      ,blend-high
103,Valkurm Dunes,segment,model   kin_w06c,7,,,,,0x2000,0x0000,0x00000000,_kin_w15_h      ,blend-high
103,Valkurm Dunes,segment,model   kin_w06c,7,,,,,0x2000,0x0000,0x00000042,_kin_w16_m      ,blend-high
103,Valkurm Dunes,segment,model   kin_w06c,7,,,,,0x2000,0x0000,0x00000039,_kin_w16b_m     ,blend-high
103,Valkurm Dunes,segment,model   kin_w09c,2,,,,,0x2000,0x0000,0x000000A0,_kin_w17_h      ,blend-high
103,Valkurm Dunes,segment,model   ken_sn1 ,132,,,,,0x2000,0x0000,0x000000A0,_kin_w17_h      ,blend-high
103,Valkurm Dunes,segment,model   kin_w09c,2,,,,,0x2000,0x0000,0x0000007A,_kin_w17b_h     ,blend-high
103,Valkurm Dunes,segment,model   ken_sn1 ,132,,,,,0x2000,0x0000,0x0000007A,_kin_w17b_h     ,blend-high
103,Valkurm Dunes,segment,model   kin_fg02,5,,,,,0x0000,0x0000,0x0000010D,ke_kusa01       ,surface-name
103,Valkurm Dunes,segment,model   ken_sg1 ,22,,,,,0x0000,0x0000,0x0000010D,ke_kusa01       ,surface-name
103,Valkurm Dunes,segment,model   ken_sn1 ,132,,,,,0x0000,0x0000,0x0000010D,ke_kusa01       ,surface-name
103,Valkurm Dunes,segment,model   kin_fg02,5,,,,,0x8000,0x0000,0x0000010D,ke_kusa01       ,surface-name
103,Valkurm Dunes,segment,model   ken_sn1 ,132,,,,,0x8000,0x0000,0x0000010D,ke_kusa01       ,surface-name
103,Valkurm Dunes,segment,model   ken_rg1 ,28,,,,,0x8000,0x0000,0x0000010D,ke_kusa01       ,surface-name
103,Valkurm Dunes,segment,model   ken_sn1 ,132,,,,,0x0000,0x0000,0x0000004C,ke_kusa02       ,surface-name
103,Valkurm Dunes,segment,model   ken_rs1 ,21,,,,,0x0000,0x0000,0x0000004C,ke_kusa02       ,surface-name
103,Valkurm Dunes,segment,model   kin_fg02,5,,,,,0x0000,0x0000,0x0000004C,ke_kusa02       ,surface-name
103,Valkurm Dunes,segment,model   ken_sn1 ,132,,,,,0x8000,0x0000,0x0000004C,ke_kusa02       ,surface-name
103,Valkurm Dunes,segment,model   kin_fg02,5,,,,,0x8000,0x0000,0x0000004C,ke_kusa02       ,surface-name
103,Valkurm Dunes,segment,bird    kamome01,4,,,,,0x2000,0x0000,0x0000001D,kamome01        ,blend-high
103,Valkurm Dunes,segment,bird    kamome01,4,,,,,0xA000,0x0000,0x0000001D,kamome01        ,blend-high
103,Valkurm Dunes,segment,bird    kamome01,4,,,,,0x2000,0x0000,0x0000001D,kamome02        ,blend-high
103,Valkurm Dunes,segment,bird    kamome01,4,,,,,0xA000,0x0000,0x0000001D,kamome02        ,blend-high
103,Valkurm Dunes,companion_group,sak,,,,,,,,,,effect  saka     | effect  sakb     | effect  sakc    
103,Valkurm Dunes,companion_group,guard,,,,,,,,,,model   guard_b  | model   guard_f  | model   guard_h  | model   guard_m  | model   guard_p 
103,Valkurm Dunes,companion_group,kinw01,,,,,,,,,,model   kin_w01  | model   kin_w01c
111,Beaucedine Glacier,texture,snow    clod_b01,2,0xA1,3TXD,256,256,,,,,
111,Beaucedine Glacier,texture,lf08    lf08    ,0,0xB1,,128,256,,,,,unreferenced;leading_u32=0x00000002
111,Beaucedine Glacier,texture,fogd    clod_a01,2,0xA1,3TXD,256,256,,,,,
111,Beaucedine Glacier,texture,fogd    smoke   ,1,0xA1,3TXD,64,64,,,,,
111,Beaucedine Glacier,texture,lf032   lf03    ,0,0xB1,,128,256,,,,,unreferenced;leading_u32=0x00000002
111,Beaucedine Glacier,texture,bliz    smoke   ,1,0xA1,3TXD,64,64,,,,,
111,Beaucedine Glacier,texture,clod    clod_a01,2,0xA1,3TXD,256,256,,,,,
111,Beaucedine Glacier,texture,lf03    lf03    ,0,0xB1,,128,256,,,,,unreferenced;leading_u32=0x00000002
111,Beaucedine Glacier,texture,mist    clod_a01,2,0xA1,3TXD,256,256,,,,,
111,Beaucedine Glacier,texture,lf03    lf03    ,0,0xB1,,128,256,,,,,unreferenced;leading_u32=0x00000002
111,Beaucedine Glacier,texture,model   gar_chr1,4,0xA1,3TXD,512,256,,,,,
111,Beaucedine Glacier,texture,model   gar_chr2,8,0xA1,3TXD,512,128,,,,,
111,Beaucedine Glacier,texture,model   gar_chr3,2,0xA1,3TXD,128,256,,,,,
111,Beaucedine Glacier,texture,model   gar_chr4,3,0xA1,3TXD,64,64,,,,,
111,Beaucedine Glacier,texture,model   gar_frs1,84,0xA1,3TXD,512,256,,,,,
111,Beaucedine Glacier,texture,model   gar_mad ,12,0xA1,3TXD,512,512,,,,,
111,Beaucedine Glacier,texture,model   gar_w02c,23,0xA1,3TXD,256,256,,,,,
111,Beaucedine Glacier,texture,model   gar_w04c,27,0xA1,3TXD,256,256,,,,,
111,Beaucedine Glacier,texture,model   gar_w05c,9,0xA1,3TXD,256,128,,,,,
111,Beaucedine Glacier,texture,model   gar_w06c,3,0xA1,3TXD,128,128,,,,,
111,Beaucedine Glacier,texture,model   gar_wll1,56,0xA1,3TXD,512,256,,,,,
111,Beaucedine Glacier,texture,model   gar_ykk1,64,0xA1,3TXD,512,256,,,,,
111,Beaucedine Glacier,texture,model   tet_01c ,1,0xA1,3TXD,128,64,,,,,
111,Beaucedine Glacier,texture,model   zil_1   ,19,0xA1,3TXD,512,256,,,,,
111,Beaucedine Glacier,texture,model   zil_2   ,22,0xA1,3TXD,512,256,,,,,
111,Beaucedine Glacier,texture,model   zil_3   ,7,0xA1,3TXD,512,256,,,,,
111,Beaucedine Glacier,texture,model   zil_4   ,11,0xA1,3TXD,256,256,,,,,
111,Beaucedine Glacier,texture,model   zil_5   ,16,0xA1,3TXD,256,256,,,,,
111,Beaucedine Glacier,texture,model   gar_ykk2,4,0xA1,3TXD,128,256,,,,,
111,Beaucedine Glacier,texture,effect  kmo2    ,5,0xA1,3TXD,128,128,,,,,
111,Beaucedine Glacier,texture,effect  kem1    ,0,0xA1,3TXD,64,64,,,,,unreferenced
111,Beaucedine Glacier,texture,effect  kmo1    ,1,0xA1,3TXD,128,128,,,,,
111,Beaucedine Glacier,texture,effect  yuk2    ,1,0xA1,3TXD,64,64,,,,,
111,Beaucedine Glacier,texture,effect  yuki    ,2,0xA1,3TXD,128,128,,,,,
111,Beaucedine Glacier,segment,snow    clod_b01,2,,,,,0x0000,0x0000,0x0000029C,clod_b01        ,surface-name
111,Beaucedine Glacier,segment,snow    clod_b01,2,,,,,0x8000,0x0000,0x0000029C,clod_b01        ,surface-name
111,Beaucedine Glacier,segment,model   gar_w04c,27,,,,,0x2000,0x0000,0x00000000,_gar_w06_h      ,blend-high
111,Beaucedine Glacier,segment,model   gar_w04c,27,,,,,0x2000,0x0000,0x00000000,_gar_w07_h      ,blend-high
111,Beaucedine Glacier,segment,model   gar_w04c,27,,,,,0x2000,0x0000,0x00000000,_gar_w10_h      ,blend-high
111,Beaucedine Glacier,segment,model   gar_w04c,27,,,,,0x2000,0x0000,0x00000056,_gar_w11_h      ,blend-high
111,Beaucedine Glacier,segment,model   gar_w05c,9,,,,,0x2000,0x0000,0x00000000,_gar_w12_h      ,blend-high
111,Beaucedine Glacier,segment,model   gar_w04c,27,,,,,0x2000,0x0000,0x00000000,_gar_w12_h      ,blend-high
111,Beaucedine Glacier,segment,model   gar_w04c,27,,,,,0x2000,0x0000,0x00000000,_gar_w13_h      ,blend-high
111,Beaucedine Glacier,segment,model   gar_w02c,23,,,,,0x2000,0x0000,0x00000000,_gar_w13_h      ,blend-high
111,Beaucedine Glacier,segment,model   gar_w05c,9,,,,,0x2000,0x0000,0x00000000,_gar_w13_h      ,blend-high
111,Beaucedine Glacier,segment,model   gar_w02c,23,,,,,0x2000,0x0000,0x00000046,_gar_w13_m      ,blend-high
111,Beaucedine Glacier,segment,model   gar_w05c,9,,,,,0x2000,0x0000,0x00000046,_gar_w13_m      ,blend-high
111,Beaucedine Glacier,segment,model   gar_w04c,27,,,,,0x2000,0x0000,0x00000000,_gar_w14_h      ,blend-high
111,Beaucedine Glacier,segment,model   gar_w02c,23,,,,,0x2000,0x0000,0x00000000,_gar_w14_h      ,blend-high
111,Beaucedine Glacier,segment,model   gar_w05c,9,,,,,0x2000,0x0000,0x00000000,_gar_w14_h      ,blend-high
111,Beaucedine Glacier,segment,model   gar_w02c,23,,,,,0x2000,0x0000,0x00000046,_gar_w14_m      ,blend-high
111,Beaucedine Glacier,segment,model   gar_w05c,9,,,,,0x2000,0x0000,0x00000046,_gar_w14_m      ,blend-high
111,Beaucedine Glacier,segment,model   gar_w05c,9,,,,,0x2000,0x0000,0x00000000,_gar_w16_m      ,blend-high
111,Beaucedine Glacier,segment,model   gar_w05c,9,,,,,0x2000,0x0000,0x00000000,_gar_w17_m      ,blend-high
111,Beaucedine Glacier,segment,model   gar_frs1,84,,,,,0x0000,0x0000,0x0000007B,gar_iwa01_m     ,surface-name
111,Beaucedine Glacier,segment,model   gar_wll1,56,,,,,0x0000,0x0000,0x0000007B,gar_iwa01_m     ,surface-name
111,Beaucedine Glacier,segment,model   gar_ykk1,64,,,,,0x0000,0x0000,0x0000007B,gar_iwa01_m     ,surface-name
111,Beaucedine Glacier,segment,model   gar_ykk1,64,,,,,0x8000,0x0000,0x0000007B,gar_iwa01_m     ,surface-name
111,Beaucedine Glacier,segment,model   gar_frs1,84,,,,,0x8000,0x0000,0x0000007B,gar_iwa01_m     ,surface-name
111,Beaucedine Glacier,segment,model   gar_frs1,84,,,,,0x0000,0x0000,0x0000004E,gar_iwa02_m     ,surface-name
111,Beaucedine Glacier,segment,model   gar_ykk1,64,,,,,0x0000,0x0000,0x0000004E,gar_iwa02_m     ,surface-name
111,Beaucedine Glacier,segment,model   gar_wll1,56,,,,,0x0000,0x0000,0x0000004E,gar_iwa02_m     ,surface-name
111,Beaucedine Glacier,segment,model   gar_frs1,84,,,,,0x8000,0x0000,0x0000004E,gar_iwa02_m     ,surface-name
111,Beaucedine Glacier,segment,model   gar_ykk1,64,,,,,0x8000,0x0000,0x0000004E,gar_iwa02_m     ,surface-name
111,Beaucedine Glacier,segment,model   gar_frs1,84,,,,,0x0000,0x0000,0x0000004A,gar_iwa03_m     ,surface-name
111,Beaucedine Glacier,segment,model   gar_ykk1,64,,,,,0x0000,0x0000,0x0000004A,gar_iwa03_m     ,surface-name
111,Beaucedine Glacier,segment,model   gar_wll1,56,,,,,0x0000,0x0000,0x0000004A,gar_iwa03_m     ,surface-name
111,Beaucedine Glacier,segment,model   gar_frs1,84,,,,,0x8000,0x0000,0x0000004A,gar_iwa03_m     ,surface-name
111,Beaucedine Glacier,segment,model   gar_w02c,23,,,,,0x2000,0x0000,0x000000F1,gar_w01_m       ,blend-high
111,Beaucedine Glacier,segment,model   gar_w04c,27,,,,,0x2000,0x0000,0x000000F1,gar_w01_m       ,blend-high
111,Beaucedine Glacier,segment,model   gar_w02c,23,,,,,0x2000,0x0000,0x0000009F,gar_w02_m       ,blend-high
111,Beaucedine Glacier,segment,model   gar_w04c,27,,,,,0x2000,0x0000,0x0000009F,gar_w02_m       ,blend-high
111,Beaucedine Glacier,segment,model   gar_w02c,23,,,,,0x2000,0x0000,0x00000067,gar_w03_m       ,blend-high
111,Beaucedine Glacier,segment,model   gar_w02c,23,,,,,0x2000,0x0000,0x0000005D,gar_w04_m       ,blend-high
111,Beaucedine Glacier,segment,model   gar_w04c,27,,,,,0x2000,0x0000,0x0000005D,gar_w04_m       ,blend-high
111,Beaucedine Glacier,segment,model   gar_w04c,27,,,,,0x2000,0x0000,0x00000040,gar_w05_m       ,blend-high
111,Beaucedine Glacier,segment,model   gar_w02c,23,,,,,0x2000,0x0000,0x00000040,gar_w05_m       ,blend-high
111,Beaucedine Glacier,segment,model   gar_w04c,27,,,,,0x2000,0x0000,0x00000000,gar_w08_h       ,blend-high
111,Beaucedine Glacier,segment,model   gar_w02c,23,,,,,0x2000,0x0000,0x0000006E,gar_w08_m       ,blend-high
111,Beaucedine Glacier,segment,model   gar_w04c,27,,,,,0x2000,0x0000,0x0000006E,gar_w08_m       ,blend-high
111,Beaucedine Glacier,segment,model   gar_w04c,27,,,,,0x2000,0x0000,0x00000000,gar_w09_h       ,blend-high
111,Beaucedine Glacier,segment,model   gar_w04c,27,,,,,0x2000,0x0000,0x0000002D,gar_w09_m       ,blend-high
111,Beaucedine Glacier,segment,model   gar_w02c,23,,,,,0x2000,0x0000,0x0000002D,gar_w09_m       ,blend-high
111,Beaucedine Glacier,segment,                ,9,,,,,0x2000,0x0000,0x0000002D,gar_w09_m       ,blend-high
111,Beaucedine Glacier,segment,model   zil_2   ,22,,,,,0x0000,0x0000,0x000000CA,zil_iwa_1_m     ,surface-name
111,Beaucedine Glacier,segment,model   zil_1   ,19,,,,,0x0000,0x0000,0x000000CA,zil_iwa_1_m     ,surface-name
111,Beaucedine Glacier,segment,model   zil_2   ,22,,,,,0x8000,0x0000,0x000000CA,zil_iwa_1_m     ,surface-name
111,Beaucedine Glacier,segment,model   zil_1   ,19,,,,,0x8000,0x0000,0x000000CA,zil_iwa_1_m     ,surface-name
112,Xarcabard,texture,snow    clod_b01,2,0xA1,3TXD,256,256,,,,,
112,Xarcabard,texture,smoke   smoke   ,0,0xA1,3TXD,64,64,,,,,unreferenced
112,Xarcabard,texture,lf08    lf08    ,0,0xB1,,128,256,,,,,unreferenced;leading_u32=0x00000002
112,Xarcabard,texture,fogd    clod_a01,2,0xA1,3TXD,256,256,,,,,
112,Xarcabard,texture,fogd    smoke   ,1,0xA1,3TXD,64,64,,,,,
112,Xarcabard,texture,lf032   lf03    ,0,0xA1,3TXD,128,256,,,,,unreferenced
112,Xarcabard,texture,dark    clod_b01,2,0xA1,3TXD,256,256,,,,,
112,Xarcabard,texture,moon    moonshap,0,0xA1,3TXD,256,256,,,,,unreferenced
112,Xarcabard,texture,moon    kasa    ,0,0xA1,3TXD,128,128,,,,,unreferenced
112,Xarcabard,texture,lf04    lf03    ,0,0xB1,,128,256,,,,,unreferenced;leading_u32=0x00000002
112,Xarcabard,texture,clod    clod_a01,2,0xA1,3TXD,256,256,,,,,
112,Xarcabard,texture,lf03    lf03    ,0,0xB1,,128,256,,,,,unreferenced;leading_u32=0x00000002
112,Xarcabard,texture,mist    clod_a01,2,0xA1,3TXD,256,256,,,,,
112,Xarcabard,texture,lf03    lf03    ,0,0xB1,,128,256,,,,,unreferenced;leading_u32=0x00000002
112,Xarcabard,texture,model   cl_k    ,2,0xA1,3TXD,512,256,,,,,
112,Xarcabard,texture,model   cl2     ,1,0xA1,3TXD,256,256,,,,,
112,Xarcabard,texture,model   xar_frs1,176,0xA1,3TXD,512,256,,,,,
112,Xarcabard,texture,model   xar_kab ,13,0xA1,3TXD,512,256,,,,,
112,Xarcabard,texture,model   xar_kab2,4,0xA1,3TXD,512,256,,,,,
112,Xarcabard,texture,model   xar_mark,2,0xA1,3TXD,128,256,,,,,
112,Xarcabard,texture,model   xar_wll1,116,0xA1,3TXD,512,256,,,,,
112,Xarcabard,texture,model   xar_ykk1,137,0xA1,3TXD,512,256,,,,,
112,Xarcabard,texture,model   xar_yuka,8,0xA1,3TXD,512,256,,,,,
112,Xarcabard,texture,model   zal_w01c,11,0xA1,3TXD,256,256,,,,,
112,Xarcabard,texture,model   zal_w02c,4,0xA1,3TXD,256,128,,,,,
112,Xarcabard,texture,model   zal_w03c,3,0xA1,3TXD,128,128,,,,,
112,Xarcabard,texture,model   xar_wll2,9,0xA1,3TXD,128,256,,,,,
112,Xarcabard,texture,effect  fire    ,0,0xB1,,128,128,,,,,unreferenced;leading_u32=0x00000001
112,Xarcabard,texture,effect  ligh    ,0,0xB1,,128,128,,,,,unreferenced;leading_u32=0x00000001
112,Xarcabard,texture,effect  ora1    ,11,0xB1,,128,128,,,,,leading_u32=0x00000001
112,Xarcabard,texture,effect  oram    ,0,0xB1,,128,128,,,,,unreferenced;leading_u32=0x00000001
112,Xarcabard,texture,effect  oran    ,0,0xB1,,64,64,,,,,unreferenced;leading_u32=0x00000001
112,Xarcabard,segment,snow    clod_b01,2,,,,,0x0000,0x0000,0x0000029C,clod_b01        ,surface-name
112,Xarcabard,segment,snow    clod_b01,2,,,,,0x8000,0x0000,0x0000029C,clod_b01        ,surface-name
112,Xarcabard,segment,model   zal_w01c,11,,,,,0x2000,0x0000,0x000001C8,_zal_w01c_h     ,blend-high
112,Xarcabard,segment,model   xar_frs1,176,,,,,0x2000,0x0000,0x000001C8,_zal_w01c_h     ,blend-high
112,Xarcabard,segment,model   zal_w01c,11,,,,,0x2000,0x0000,0x00000074,_zal_w01c_l     ,blend-high
112,Xarcabard,segment,model   zal_w02c,4,,,,,0x2000,0x0000,0x00000074,_zal_w01c_l     ,blend-high
112,Xarcabard,segment,model   xar_frs1,176,,,,,0x2000,0x0000,0x00000074,_zal_w01c_l     ,blend-high
112,Xarcabard,segment,model   xar_frs1,176,,,,,0x2000,0x0000,0x0000012C,_zal_w01c_m     ,blend-high
112,Xarcabard,segment,model   zal_w01c,11,,,,,0x2000,0x0000,0x0000012C,_zal_w01c_m     ,blend-high
112,Xarcabard,segment,model   xar_ykk1,137,,,,,0x0000,0x0000,0x000001BA,bougyo_rock01_m ,surface-name
112,Xarcabard,segment,model   xar_frs1,176,,,,,0x0000,0x0000,0x000001BA,bougyo_rock01_m ,surface-name
112,Xarcabard,segment,model   xar_wll1,116,,,,,0x0000,0x0000,0x000001BA,bougyo_rock01_m ,surface-name
112,Xarcabard,segment,                ,16,,,,,0x0000,0x0000,0x000001BA,bougyo_rock01_m ,surface-name
112,Xarcabard,segment,model   xar_ykk1,137,,,,,0x8000,0x0000,0x000001BA,bougyo_rock01_m ,surface-name
112,Xarcabard,segment,model   xar_frs1,176,,,,,0x8000,0x0000,0x000001BA,bougyo_rock01_m ,surface-name
112,Xarcabard,segment,model   xar_wll1,116,,,,,0x0000,0x0000,0x0000013B,bougyo_rock02_m ,surface-name
112,Xarcabard,segment,model   xar_ykk1,137,,,,,0x0000,0x0000,0x0000013B,bougyo_rock02_m ,surface-name
112,Xarcabard,segment,model   xar_frs1,176,,,,,0x0000,0x0000,0x0000013B,bougyo_rock02_m ,surface-name
112,Xarcabard,segment,model   xar_ykk1,137,,,,,0x8000,0x0000,0x0000013B,bougyo_rock02_m ,surface-name
112,Xarcabard,segment,model   xar_frs1,176,,,,,0x8000,0x0000,0x0000013B,bougyo_rock02_m ,surface-name
112,Xarcabard,segment,model   xar_wll1,116,,,,,0x8000,0x0000,0x0000013B,bougyo_rock02_m ,surface-name
112,Xarcabard,segment,model   xar_wll1,116,,,,,0x0000,0x0000,0x00000164,bougyo_rock03_m ,surface-name
112,Xarcabard,segment,model   xar_ykk1,137,,,,,0x0000,0x0000,0x00000164,bougyo_rock03_m ,surface-name
112,Xarcabard,segment,model   xar_frs1,176,,,,,0x0000,0x0000,0x00000164,bougyo_rock03_m ,surface-name
112,Xarcabard,segment,model   xar_ykk1,137,,,,,0x8000,0x0000,0x00000164,bougyo_rock03_m ,surface-name
112,Xarcabard,segment,model   xar_frs1,176,,,,,0x8000,0x0000,0x00000164,bougyo_rock03_m ,surface-name
112,Xarcabard,segment,model   xar_frs1,176,,,,,0x0000,0x0000,0x000000C7,bougyo_rock04_m ,surface-name
112,Xarcabard,segment,model   xar_wll1,116,,,,,0x0000,0x0000,0x000000C7,bougyo_rock04_m ,surface-name
112,Xarcabard,segment,model   xar_ykk1,137,,,,,0x0000,0x0000,0x000000C7,bougyo_rock04_m ,surface-name
112,Xarcabard,segment,                ,16,,,,,0x0000,0x0000,0x000000C7,bougyo_rock04_m ,surface-name
112,Xarcabard,segment,model   xar_frs1,176,,,,,0x8000,0x0000,0x000000C7,bougyo_rock04_m ,surface-name
112,Xarcabard,segment,model   xar_ykk1,137,,,,,0x8000,0x0000,0x000000C7,bougyo_rock04_m ,surface-name
112,Xarcabard,segment,model   xar_wll1,116,,,,,0x8000,0x0000,0x000000C7,bougyo_rock04_m ,surface-name
112,Xarcabard,segment,model   xar_ykk1,137,,,,,0x0000,0x0000,0x00000073,bougyo_rock05_m ,surface-name
112,Xarcabard,segment,model   xar_frs1,176,,,,,0x0000,0x0000,0x00000073,bougyo_rock05_m ,surface-name
112,Xarcabard,segment,model   xar_wll1,116,,,,,0x0000,0x0000,0x00000073,bougyo_rock05_m ,surface-name
112,Xarcabard,segment,model   xar_frs1,176,,,,,0x8000,0x0000,0x00000073,bougyo_rock05_m ,surface-name
112,Xarcabard,segment,model   xar_ykk1,137,,,,,0x8000,0x0000,0x00000073,bougyo_rock05_m ,surface-name
112,Xarcabard,segment,model   xar_wll1,116,,,,,0x8000,0x0000,0x00000073,bougyo_rock05_m ,surface-name
112,Xarcabard,segment,model   xar_frs1,176,,,,,0x0000,0x0000,0x000000E4,cry_snow01_m    ,surface-name
112,Xarcabard,segment,                ,16,,,,,0x2000,0x0000,0x00000005,hitwall_019     ,blend-high
112,Xarcabard,segment,model   zal_w01c,11,,,,,0x2000,0x0000,0x000000DE,zal_w01_h       ,blend-high
112,Xarcabard,segment,                ,16,,,,,0x2000,0x0000,0x000000DE,zal_w01_h       ,blend-high
112,Xarcabard,segment,model   xar_frs1,176,,,,,0xA000,0x0000,0x000000DE,zal_w01_h       ,blend-high
112,Xarcabard,segment,model   zal_w01c,11,,,,,0x2000,0x0000,0x00000026,zal_w01_l       ,blend-high
112,Xarcabard,segment,model   zal_w01c,11,,,,,0x2000,0x0000,0x0000008E,zal_w01_m       ,blend-high
112,Xarcabard,segment,model   zal_w01c,11,,,,,0x2000,0x0000,0x00000090,zal_w01b_h      ,blend-high
112,Xarcabard,segment,model   xar_frs1,176,,,,,0xA000,0x0000,0x00000090,zal_w01b_h      ,blend-high
112,Xarcabard,segment,model   zal_w01c,11,,,,,0x2000,0x0000,0x00000028,zal_w01b_l      ,blend-high
112,Xarcabard,segment,model   zal_w01c,11,,,,,0x2000,0x0000,0x00000084,zal_w01b_m      ,blend-high
112,Xarcabard,segment,model   xar_frs1,176,,,,,0x0000,0x0000,0x00000341,zav_moniwa01_m  ,surface-name
112,Xarcabard,segment,model   xar_wll1,116,,,,,0x0000,0x0000,0x00000341,zav_moniwa01_m  ,surface-name
112,Xarcabard,segment,model   xar_ykk1,137,,,,,0x0000,0x0000,0x00000341,zav_moniwa01_m  ,surface-name
112,Xarcabard,segment,model   xar_frs1,176,,,,,0x8000,0x0000,0x00000341,zav_moniwa01_m  ,surface-name
112,Xarcabard,segment,model   xar_wll1,116,,,,,0x8000,0x0000,0x00000341,zav_moniwa01_m  ,surface-name
112,Xarcabard,segment,model   xar_ykk1,137,,,,,0x8000,0x0000,0x00000341,zav_moniwa01_m  ,surface-name
112,Xarcabard,segment,model   xar_kab ,13,,,,,0x0000,0x0000,0x00000151,zva_iwa_a01     ,surface-name
112,Xarcabard,segment,model   xar_frs1,176,,,,,0x8000,0x0000,0x00000151,zva_iwa_a01     ,surface-name
112,Xarcabard,segment,model   xar_kab ,13,,,,,0x8000,0x0000,0x00000151,zva_iwa_a01     ,surface-name
112,Xarcabard,segment,model   xar_kab ,13,,,,,0x0000,0x0000,0x00000050,zva_iwa_b01     ,surface-name
112,Xarcabard,segment,model   xar_kab ,13,,,,,0x0000,0x0000,0x00000018,zva_iwa_c01     ,surface-name
112,Xarcabard,companion_group,ora,,,,,,,,,,effect  oram     | effect  oran    
134,Dynamis - Beaucedine,texture,effect  kmo2    ,5,0xA1,3TXD,128,128,,,,,
134,Dynamis - Beaucedine,texture,effect  kem1    ,0,0xA1,3TXD,64,64,,,,,unreferenced
134,Dynamis - Beaucedine,texture,effect  kmo1    ,1,0xA1,3TXD,128,128,,,,,
134,Dynamis - Beaucedine,texture,magic2  mab     ,4,0xA1,3TXD,128,128,,,,,
134,Dynamis - Beaucedine,texture,magic2  kem1    ,0,0xA1,3TXD,64,64,,,,,unreferenced
134,Dynamis - Beaucedine,texture,effect  yuk2    ,1,0xA1,3TXD,64,64,,,,,
134,Dynamis - Beaucedine,texture,effect  yuki    ,2,0xA1,3TXD,128,128,,,,,
134,Dynamis - Beaucedine,texture,model   gar_chr1,4,0xA1,3TXD,512,256,,,,,
134,Dynamis - Beaucedine,texture,model   gar_chr2,8,0xA1,3TXD,512,128,,,,,
134,Dynamis - Beaucedine,texture,model   gar_chr3,2,0xA1,3TXD,128,256,,,,,
134,Dynamis - Beaucedine,texture,model   gar_chr4,3,0xA1,3TXD,64,64,,,,,
134,Dynamis - Beaucedine,texture,model   gar_frs1,84,0xA1,3TXD,512,256,,,,,
134,Dynamis - Beaucedine,texture,model   gar_mad ,12,0xA1,3TXD,512,512,,,,,
134,Dynamis - Beaucedine,texture,model   gar_w02c,23,0xA1,3TXD,256,256,,,,,
134,Dynamis - Beaucedine,texture,model   gar_w04c,27,0xA1,3TXD,256,256,,,,,
134,Dynamis - Beaucedine,texture,model   gar_w05c,9,0xA1,3TXD,256,128,,,,,
134,Dynamis - Beaucedine,texture,model   gar_w06c,3,0xA1,3TXD,128,128,,,,,
134,Dynamis - Beaucedine,texture,model   gar_wll1,56,0xA1,3TXD,512,256,,,,,
134,Dynamis - Beaucedine,texture,model   gar_ykk1,64,0xA1,3TXD,512,256,,,,,
134,Dynamis - Beaucedine,texture,model   tet_01c ,1,0xA1,3TXD,128,64,,,,,
134,Dynamis - Beaucedine,texture,model   zil_1   ,19,0xA1,3TXD,512,256,,,,,
134,Dynamis - Beaucedine,texture,model   zil_2   ,22,0xA1,3TXD,512,256,,,,,
134,Dynamis - Beaucedine,texture,model   zil_3   ,7,0xA1,3TXD,512,256,,,,,
134,Dynamis - Beaucedine,texture,model   zil_4   ,11,0xA1,3TXD,256,256,,,,,
134,Dynamis - Beaucedine,texture,model   zil_5   ,16,0xA1,3TXD,256,256,,,,,
134,Dynamis - Beaucedine,texture,model   gar_ykk2,4,0xA1,3TXD,128,256,,,,,
134,Dynamis - Beaucedine,texture,dark    clod_b01,2,0xA1,3TXD,256,256,,,,,
134,Dynamis - Beaucedine,texture,lf04    lf03    ,0,0xB1,,128,256,,,,,unreferenced;leading_u32=0x00000002
134,Dynamis - Beaucedine,texture,moon    moonshap,0,0xA1,3TXD,256,256,,,,,unreferenced
134,Dynamis - Beaucedine,texture,moon    kasa    ,0,0xA1,3TXD,128,128,,,,,unreferenced
134,Dynamis - Beaucedine,segment,model   gar_w04c,27,,,,,0x2000,0x0000,0x00000000,_gar_w06_h      ,blend-high
134,Dynamis - Beaucedine,segment,model   gar_w04c,27,,,,,0x2000,0x0000,0x00000000,_gar_w07_h      ,blend-high
134,Dynamis - Beaucedine,segment,model   gar_w04c,27,,,,,0x2000,0x0000,0x00000000,_gar_w10_h      ,blend-high
134,Dynamis - Beaucedine,segment,model   gar_w04c,27,,,,,0x2000,0x0000,0x00000056,_gar_w11_h      ,blend-high
134,Dynamis - Beaucedine,segment,model   gar_w05c,9,,,,,0x2000,0x0000,0x00000000,_gar_w12_h      ,blend-high
134,Dynamis - Beaucedine,segment,model   gar_w04c,27,,,,,0x2000,0x0000,0x00000000,_gar_w12_h      ,blend-high
134,Dynamis - Beaucedine,segment,model   gar_w04c,27,,,,,0x2000,0x0000,0x00000000,_gar_w13_h      ,blend-high
134,Dynamis - Beaucedine,segment,model   gar_w02c,23,,,,,0x2000,0x0000,0x00000000,_gar_w13_h      ,blend-high
134,Dynamis - Beaucedine,segment,model   gar_w05c,9,,,,,0x2000,0x0000,0x00000000,_gar_w13_h      ,blend-high
134,Dynamis - Beaucedine,segment,model   gar_w02c,23,,,,,0x2000,0x0000,0x00000046,_gar_w13_m      ,blend-high
134,Dynamis - Beaucedine,segment,model   gar_w05c,9,,,,,0x2000,0x0000,0x00000046,_gar_w13_m      ,blend-high
134,Dynamis - Beaucedine,segment,model   gar_w04c,27,,,,,0x2000,0x0000,0x00000000,_gar_w14_h      ,blend-high
134,Dynamis - Beaucedine,segment,model   gar_w02c,23,,,,,0x2000,0x0000,0x00000000,_gar_w14_h      ,blend-high
134,Dynamis - Beaucedine,segment,model   gar_w05c,9,,,,,0x2000,0x0000,0x00000000,_gar_w14_h      ,blend-high
134,Dynamis - Beaucedine,segment,model   gar_w02c,23,,,,,0x2000,0x0000,0x00000046,_gar_w14_m      ,blend-high
134,Dynamis - Beaucedine,segment,model   gar_w05c,9,,,,,0x2000,0x0000,0x00000046,_gar_w14_m      ,blend-high
134,Dynamis - Beaucedine,segment,model   gar_w05c,9,,,,,0x2000,0x0000,0x00000000,_gar_w16_m      ,blend-high
134,Dynamis - Beaucedine,segment,model   gar_w05c,9,,,,,0x2000,0x0000,0x00000000,_gar_w17_m      ,blend-high
134,Dynamis - Beaucedine,segment,model   gar_frs1,84,,,,,0x0000,0x0000,0x0000007B,gar_iwa01_m     ,surface-name
134,Dynamis - Beaucedine,segment,model   gar_wll1,56,,,,,0x0000,0x0000,0x0000007B,gar_iwa01_m     ,surface-name
134,Dynamis - Beaucedine,segment,model   gar_ykk1,64,,,,,0x0000,0x0000,0x0000007B,gar_iwa01_m     ,surface-name
134,Dynamis - Beaucedine,segment,model   gar_ykk1,64,,,,,0x8000,0x0000,0x0000007B,gar_iwa01_m     ,surface-name
134,Dynamis - Beaucedine,segment,model   gar_frs1,84,,,,,0x8000,0x0000,0x0000007B,gar_iwa01_m     ,surface-name
134,Dynamis - Beaucedine,segment,model   gar_frs1,84,,,,,0x0000,0x0000,0x0000004E,gar_iwa02_m     ,surface-name
134,Dynamis - Beaucedine,segment,model   gar_ykk1,64,,,,,0x0000,0x0000,0x0000004E,gar_iwa02_m     ,surface-name
134,Dynamis - Beaucedine,segment,model   gar_wll1,56,,,,,0x0000,0x0000,0x0000004E,gar_iwa02_m     ,surface-name
134,Dynamis - Beaucedine,segment,model   gar_frs1,84,,,,,0x8000,0x0000,0x0000004E,gar_iwa02_m     ,surface-name
134,Dynamis - Beaucedine,segment,model   gar_ykk1,64,,,,,0x8000,0x0000,0x0000004E,gar_iwa02_m     ,surface-name
134,Dynamis - Beaucedine,segment,model   gar_frs1,84,,,,,0x0000,0x0000,0x0000004A,gar_iwa03_m     ,surface-name
134,Dynamis - Beaucedine,segment,model   gar_ykk1,64,,,,,0x0000,0x0000,0x0000004A,gar_iwa03_m     ,surface-name
134,Dynamis - Beaucedine,segment,model   gar_wll1,56,,,,,0x0000,0x0000,0x0000004A,gar_iwa03_m     ,surface-name
134,Dynamis - Beaucedine,segment,model   gar_frs1,84,,,,,0x8000,0x0000,0x0000004A,gar_iwa03_m     ,surface-name
134,Dynamis - Beaucedine,segment,model   gar_w02c,23,,,,,0x2000,0x0000,0x000000F1,gar_w01_m       ,blend-high
134,Dynamis - Beaucedine,segment,model   gar_w04c,27,,,,,0x2000,0x0000,0x000000F1,gar_w01_m       ,blend-high
134,Dynamis - Beaucedine,segment,model   gar_w02c,23,,,,,0x2000,0x0000,0x0000009F,gar_w02_m       ,blend-high
134,Dynamis - Beaucedine,segment,model   gar_w04c,27,,,,,0x2000,0x0000,0x0000009F,gar_w02_m       ,blend-high
134,Dynamis - Beaucedine,segment,model   gar_w02c,23,,,,,0x2000,0x0000,0x00000067,gar_w03_m       ,blend-high
134,Dynamis - Beaucedine,segment,model   gar_w02c,23,,,,,0x2000,0x0000,0x0000005D,gar_w04_m       ,blend-high
134,Dynamis - Beaucedine,segment,model   gar_w04c,27,,,,,0x2000,0x0000,0x0000005D,gar_w04_m       ,blend-high
134,Dynamis - Beaucedine,segment,model   gar_w04c,27,,,,,0x2000,0x0000,0x00000040,gar_w05_m       ,blend-high
134,Dynamis - Beaucedine,segment,model   gar_w02c,23,,,,,0x2000,0x0000,0x00000040,gar_w05_m       ,blend-high
134,Dynamis - Beaucedine,segment,model   gar_w04c,27,,,,,0x2000,0x0000,0x00000000,gar_w08_h       ,blend-high
134,Dynamis - Beaucedine,segment,model   gar_w02c,23,,,,,0x2000,0x0000,0x0000006E,gar_w08_m       ,blend-high
134,Dynamis - Beaucedine,segment,model   gar_w04c,27,,,,,0x2000,0x0000,0x0000006E,gar_w08_m       ,blend-high
134,Dynamis - Beaucedine,segment,model   gar_w04c,27,,,,,0x2000,0x0000,0x00000000,gar_w09_h       ,blend-high
134,Dynamis - Beaucedine,segment,model   gar_w04c,27,,,,,0x2000,0x0000,0x0000002D,gar_w09_m       ,blend-high
134,Dynamis - Beaucedine,segment,model   gar_w02c,23,,,,,0x2000,0x0000,0x0000002D,gar_w09_m       ,blend-high
134,Dynamis - Beaucedine,segment,                ,7,,,,,0x2000,0x0000,0x0000002D,gar_w09_m       ,blend-high
134,Dynamis - Beaucedine,segment,model   zil_2   ,22,,,,,0x0000,0x0000,0x000000CA,zil_iwa_1_m     ,surface-name
134,Dynamis - Beaucedine,segment,model   zil_1   ,19,,,,,0x0000,0x0000,0x000000CA,zil_iwa_1_m     ,surface-name
134,Dynamis - Beaucedine,segment,model   zil_2   ,22,,,,,0x8000,0x0000,0x000000CA,zil_iwa_1_m     ,surface-name
134,Dynamis - Beaucedine,segment,model   zil_1   ,19,,,,,0x8000,0x0000,0x000000CA,zil_iwa_1_m     ,surface-name
135,Dynamis - Xarcabard,texture,dark    clod_b01,2,0xA1,3TXD,256,256,,,,,
135,Dynamis - Xarcabard,texture,moon    moonshap,0,0xA1,3TXD,256,256,,,,,unreferenced
135,Dynamis - Xarcabard,texture,moon    kasa    ,0,0xA1,3TXD,128,128,,,,,unreferenced
135,Dynamis - Xarcabard,texture,lf04    lf03    ,0,0xB1,,128,256,,,,,unreferenced;leading_u32=0x00000002
135,Dynamis - Xarcabard,texture,model   cl_k    ,2,0xA1,3TXD,512,256,,,,,
135,Dynamis - Xarcabard,texture,model   cl2     ,1,0xA1,3TXD,256,256,,,,,
135,Dynamis - Xarcabard,texture,model   xar_frs1,176,0xA1,3TXD,512,256,,,,,
135,Dynamis - Xarcabard,texture,model   xar_kab ,13,0xA1,3TXD,512,256,,,,,
135,Dynamis - Xarcabard,texture,model   xar_kab2,4,0xA1,3TXD,512,256,,,,,
135,Dynamis - Xarcabard,texture,model   xar_mark,2,0xA1,3TXD,128,256,,,,,
135,Dynamis - Xarcabard,texture,model   xar_wll1,116,0xA1,3TXD,512,256,,,,,
135,Dynamis - Xarcabard,texture,model   xar_ykk1,137,0xA1,3TXD,512,256,,,,,
135,Dynamis - Xarcabard,texture,model   xar_yuka,8,0xA1,3TXD,512,256,,,,,
135,Dynamis - Xarcabard,texture,model   zal_w01c,11,0xA1,3TXD,256,256,,,,,
135,Dynamis - Xarcabard,texture,model   zal_w02c,4,0xA1,3TXD,256,128,,,,,
135,Dynamis - Xarcabard,texture,model   zal_w03c,3,0xA1,3TXD,128,128,,,,,
135,Dynamis - Xarcabard,texture,model   xar_wll2,9,0xA1,3TXD,128,256,,,,,
135,Dynamis - Xarcabard,texture,effect  fire    ,0,0xB1,,128,128,,,,,unreferenced;leading_u32=0x00000001
135,Dynamis - Xarcabard,texture,effect  ligh    ,0,0xB1,,128,128,,,,,unreferenced;leading_u32=0x00000001
135,Dynamis - Xarcabard,texture,effect  ora1    ,11,0xB1,,128,128,,,,,leading_u32=0x00000001
135,Dynamis - Xarcabard,texture,effect  oram    ,0,0xB1,,128,128,,,,,unreferenced;leading_u32=0x00000001
135,Dynamis - Xarcabard,texture,effect  oran    ,0,0xB1,,64,64,,,,,unreferenced;leading_u32=0x00000001
135,Dynamis - Xarcabard,texture,magic2  mab     ,4,0xA1,3TXD,128,128,,,,,
135,Dynamis - Xarcabard,texture,magic2  kem1    ,0,0xA1,3TXD,64,64,,,,,unreferenced
135,Dynamis - Xarcabard,segment,model   zal_w01c,11,,,,,0x2000,0x0000,0x000001C8,_zal_w01c_h     ,blend-high
135,Dynamis - Xarcabard,segment,model   xar_frs1,176,,,,,0x2000,0x0000,0x000001C8,_zal_w01c_h     ,blend-high
135,Dynamis - Xarcabard,segment,model   zal_w01c,11,,,,,0x2000,0x0000,0x00000074,_zal_w01c_l     ,blend-high
135,Dynamis - Xarcabard,segment,model   zal_w02c,4,,,,,0x2000,0x0000,0x00000074,_zal_w01c_l     ,blend-high
135,Dynamis - Xarcabard,segment,model   xar_frs1,176,,,,,0x2000,0x0000,0x00000074,_zal_w01c_l     ,blend-high
135,Dynamis - Xarcabard,segment,model   xar_frs1,176,,,,,0x2000,0x0000,0x0000012C,_zal_w01c_m     ,blend-high
135,Dynamis - Xarcabard,segment,model   zal_w01c,11,,,,,0x2000,0x0000,0x0000012C,_zal_w01c_m     ,blend-high
135,Dynamis - Xarcabard,segment,model   xar_ykk1,137,,,,,0x0000,0x0000,0x000001BA,bougyo_rock01_m ,surface-name
135,Dynamis - Xarcabard,segment,model   xar_frs1,176,,,,,0x0000,0x0000,0x000001BA,bougyo_rock01_m ,surface-name
135,Dynamis - Xarcabard,segment,model   xar_wll1,116,,,,,0x0000,0x0000,0x000001BA,bougyo_rock01_m ,surface-name
135,Dynamis - Xarcabard,segment,                ,13,,,,,0x0000,0x0000,0x000001BA,bougyo_rock01_m ,surface-name
135,Dynamis - Xarcabard,segment,model   xar_ykk1,137,,,,,0x8000,0x0000,0x000001BA,bougyo_rock01_m ,surface-name
135,Dynamis - Xarcabard,segment,model   xar_frs1,176,,,,,0x8000,0x0000,0x000001BA,bougyo_rock01_m ,surface-name
135,Dynamis - Xarcabard,segment,model   xar_wll1,116,,,,,0x0000,0x0000,0x0000013B,bougyo_rock02_m ,surface-name
135,Dynamis - Xarcabard,segment,model   xar_ykk1,137,,,,,0x0000,0x0000,0x0000013B,bougyo_rock02_m ,surface-name
135,Dynamis - Xarcabard,segment,model   xar_frs1,176,,,,,0x0000,0x0000,0x0000013B,bougyo_rock02_m ,surface-name
135,Dynamis - Xarcabard,segment,model   xar_ykk1,137,,,,,0x8000,0x0000,0x0000013B,bougyo_rock02_m ,surface-name
135,Dynamis - Xarcabard,segment,model   xar_frs1,176,,,,,0x8000,0x0000,0x0000013B,bougyo_rock02_m ,surface-name
135,Dynamis - Xarcabard,segment,model   xar_wll1,116,,,,,0x8000,0x0000,0x0000013B,bougyo_rock02_m ,surface-name
135,Dynamis - Xarcabard,segment,model   xar_wll1,116,,,,,0x0000,0x0000,0x00000164,bougyo_rock03_m ,surface-name
135,Dynamis - Xarcabard,segment,model   xar_ykk1,137,,,,,0x0000,0x0000,0x00000164,bougyo_rock03_m ,surface-name
135,Dynamis - Xarcabard,segment,model   xar_frs1,176,,,,,0x0000,0x0000,0x00000164,bougyo_rock03_m ,surface-name
135,Dynamis - Xarcabard,segment,model   xar_ykk1,137,,,,,0x8000,0x0000,0x00000164,bougyo_rock03_m ,surface-name
135,Dynamis - Xarcabard,segment,model   xar_frs1,176,,,,,0x8000,0x0000,0x00000164,bougyo_rock03_m ,surface-name
135,Dynamis - Xarcabard,segment,model   xar_frs1,176,,,,,0x0000,0x0000,0x000000C7,bougyo_rock04_m ,surface-name
135,Dynamis - Xarcabard,segment,model   xar_wll1,116,,,,,0x0000,0x0000,0x000000C7,bougyo_rock04_m ,surface-name
135,Dynamis - Xarcabard,segment,model   xar_ykk1,137,,,,,0x0000,0x0000,0x000000C7,bougyo_rock04_m ,surface-name
135,Dynamis - Xarcabard,segment,                ,13,,,,,0x0000,0x0000,0x000000C7,bougyo_rock04_m ,surface-name
135,Dynamis - Xarcabard,segment,model   xar_frs1,176,,,,,0x8000,0x0000,0x000000C7,bougyo_rock04_m ,surface-name
135,Dynamis - Xarcabard,segment,model   xar_ykk1,137,,,,,0x8000,0x0000,0x000000C7,bougyo_rock04_m ,surface-name
135,Dynamis - Xarcabard,segment,model   xar_wll1,116,,,,,0x8000,0x0000,0x000000C7,bougyo_rock04_m ,surface-name
135,Dynamis - Xarcabard,segment,model   xar_ykk1,137,,,,,0x0000,0x0000,0x00000073,bougyo_rock05_m ,surface-name
135,Dynamis - Xarcabard,segment,model   xar_frs1,176,,,,,0x0000,0x0000,0x00000073,bougyo_rock05_m ,surface-name
135,Dynamis - Xarcabard,segment,model   xar_wll1,116,,,,,0x0000,0x0000,0x00000073,bougyo_rock05_m ,surface-name
135,Dynamis - Xarcabard,segment,model   xar_frs1,176,,,,,0x8000,0x0000,0x00000073,bougyo_rock05_m ,surface-name
135,Dynamis - Xarcabard,segment,model   xar_ykk1,137,,,,,0x8000,0x0000,0x00000073,bougyo_rock05_m ,surface-name
135,Dynamis - Xarcabard,segment,model   xar_wll1,116,,,,,0x8000,0x0000,0x00000073,bougyo_rock05_m ,surface-name
135,Dynamis - Xarcabard,segment,model   xar_frs1,176,,,,,0x0000,0x0000,0x000000E4,cry_snow01_m    ,surface-name
135,Dynamis - Xarcabard,segment,                ,13,,,,,0x2000,0x0000,0x00000005,hitwall_019     ,blend-high
135,Dynamis - Xarcabard,segment,model   zal_w01c,11,,,,,0x2000,0x0000,0x000000DE,zal_w01_h       ,blend-high
135,Dynamis - Xarcabard,segment,                ,13,,,,,0x2000,0x0000,0x000000DE,zal_w01_h       ,blend-high
135,Dynamis - Xarcabard,segment,model   xar_frs1,176,,,,,0xA000,0x0000,0x000000DE,zal_w01_h       ,blend-high
135,Dynamis - Xarcabard,segment,model   zal_w01c,11,,,,,0x2000,0x0000,0x00000026,zal_w01_l       ,blend-high
135,Dynamis - Xarcabard,segment,model   zal_w01c,11,,,,,0x2000,0x0000,0x0000008E,zal_w01_m       ,blend-high
135,Dynamis - Xarcabard,segment,model   zal_w01c,11,,,,,0x2000,0x0000,0x00000090,zal_w01b_h      ,blend-high
135,Dynamis - Xarcabard,segment,model   xar_frs1,176,,,,,0xA000,0x0000,0x00000090,zal_w01b_h      ,blend-high
135,Dynamis - Xarcabard,segment,model   zal_w01c,11,,,,,0x2000,0x0000,0x00000028,zal_w01b_l      ,blend-high
135,Dynamis - Xarcabard,segment,model   zal_w01c,11,,,,,0x2000,0x0000,0x00000084,zal_w01b_m      ,blend-high
135,Dynamis - Xarcabard,segment,model   xar_frs1,176,,,,,0x0000,0x0000,0x00000341,zav_moniwa01_m  ,surface-name
135,Dynamis - Xarcabard,segment,model   xar_wll1,116,,,,,0x0000,0x0000,0x00000341,zav_moniwa01_m  ,surface-name
135,Dynamis - Xarcabard,segment,model   xar_ykk1,137,,,,,0x0000,0x0000,0x00000341,zav_moniwa01_m  ,surface-name
135,Dynamis - Xarcabard,segment,model   xar_frs1,176,,,,,0x8000,0x0000,0x00000341,zav_moniwa01_m  ,surface-name
135,Dynamis - Xarcabard,segment,model   xar_wll1,116,,,,,0x8000,0x0000,0x00000341,zav_moniwa01_m  ,surface-name
135,Dynamis - Xarcabard,segment,model   xar_ykk1,137,,,,,0x8000,0x0000,0x00000341,zav_moniwa01_m  ,surface-name
135,Dynamis - Xarcabard,segment,model   xar_kab ,13,,,,,0x0000,0x0000,0x00000151,zva_iwa_a01     ,surface-name
135,Dynamis - Xarcabard,segment,model   xar_frs1,176,,,,,0x8000,0x0000,0x00000151,zva_iwa_a01     ,surface-name
135,Dynamis - Xarcabard,segment,model   xar_kab ,13,,,,,0x8000,0x0000,0x00000151,zva_iwa_a01     ,surface-name
135,Dynamis - Xarcabard,segment,model   xar_kab ,13,,,,,0x0000,0x0000,0x00000050,zva_iwa_b01     ,surface-name
135,Dynamis - Xarcabard,segment,model   xar_kab ,13,,,,,0x0000,0x0000,0x00000018,zva_iwa_c01     ,surface-name
135,Dynamis - Xarcabard,companion_group,ora,,,,,,,,,,effect  oram     | effect  oran    
136,Beaucedine Glacier [S],texture,model   cryst_02,1,0xA1,3TXD,64,32,,,,,
136,Beaucedine Glacier [S],texture,model   asltdoor,2,0xA1,3TXD,128,128,,,,,
136,Beaucedine Glacier [S],texture,model   ga_door1,3,0xA1,3TXD,256,256,,,,,
136,Beaucedine Glacier [S],texture,model   gar_chr1,4,0xA1,3TXD,512,256,,,,,
136,Beaucedine Glacier [S],texture,model   gar_chr2,8,0xA1,3TXD,512,128,,,,,
136,Beaucedine Glacier [S],texture,model   gar_chr3,2,0xA1,3TXD,128,256,,,,,
136,Beaucedine Glacier [S],texture,model   gar_chr4,3,0xA1,3TXD,64,64,,,,,
136,Beaucedine Glacier [S],texture,model   gar_frs1,111,0xA1,3TXD,512,256,,,,,
136,Beaucedine Glacier [S],texture,model   gar_mad ,13,0xA1,3TXD,512,512,,,,,
136,Beaucedine Glacier [S],texture,model   gar_w02c,20,0xA1,3TXD,256,256,,,,,
136,Beaucedine Glacier [S],texture,model   gar_w04c,25,0xA1,3TXD,256,256,,,,,
136,Beaucedine Glacier [S],texture,model   gar_w05c,9,0xA1,3TXD,256,128,,,,,
136,Beaucedine Glacier [S],texture,model   gar_w06c,3,0xA1,3TXD,128,128,,,,,
136,Beaucedine Glacier [S],texture,model   gar_wll1,65,0xA1,3TXD,512,256,,,,,
136,Beaucedine Glacier [S],texture,model   gar_ykk1,71,0xA1,3TXD,512,256,,,,,
136,Beaucedine Glacier [S],texture,model   gar_ykk2,4,0xA1,3TXD,128,256,,,,,
136,Beaucedine Glacier [S],texture,model   xar_kab ,23,0xA1,3TXD,512,256,,,,,
136,Beaucedine Glacier [S],texture,effect  kmo2    ,5,0xA1,3TXD,128,128,,,,,
136,Beaucedine Glacier [S],texture,effect  kem1    ,0,0xA1,3TXD,64,64,,,,,unreferenced
136,Beaucedine Glacier [S],texture,effect  kmo1    ,1,0xA1,3TXD,128,128,,,,,
136,Beaucedine Glacier [S],texture,effect  tama    ,0,0xB1,,64,64,,,,,unreferenced;leading_u32=0x00000001
136,Beaucedine Glacier [S],texture,effect  fire1   ,0,0xA1,3TXD,128,128,,,,,unreferenced
136,Beaucedine Glacier [S],texture,effect  cry1    ,0,0xA1,3TXD,32,32,,,,,unreferenced
136,Beaucedine Glacier [S],texture,effect  tama    ,0,0xB1,,64,64,,,,,unreferenced;leading_u32=0x00000001
136,Beaucedine Glacier [S],texture,effect  yuk2    ,1,0xA1,3TXD,64,64,,,,,
136,Beaucedine Glacier [S],texture,effect  yuki    ,2,0xA1,3TXD,128,128,,,,,
136,Beaucedine Glacier [S],texture,snow    clod_b01,2,0xA1,3TXD,256,256,,,,,
136,Beaucedine Glacier [S],texture,lf08    lf08    ,0,0xB1,,128,256,,,,,unreferenced;leading_u32=0x00000002
136,Beaucedine Glacier [S],texture,smoke   smoke   ,0,0xA1,3TXD,64,64,,,,,unreferenced
136,Beaucedine Glacier [S],texture,lf032   lf03    ,0,0xA1,3TXD,128,256,,,,,unreferenced
136,Beaucedine Glacier [S],texture,bliz    smoke   ,1,0xA1,3TXD,64,64,,,,,
136,Beaucedine Glacier [S],texture,clod    clod_a01,2,0xA1,3TXD,256,256,,,,,
136,Beaucedine Glacier [S],texture,lf03    lf03    ,0,0xB1,,128,256,,,,,unreferenced;leading_u32=0x00000002
136,Beaucedine Glacier [S],texture,mist    clod_a01,2,0xA1,3TXD,256,256,,,,,
136,Beaucedine Glacier [S],texture,lf03    lf03    ,0,0xB1,,128,256,,,,,unreferenced;leading_u32=0x00000002
136,Beaucedine Glacier [S],segment,model   gar_w04c,25,,,,,0x2000,0x0000,0x00000000,_gar_w06_h      ,blend-high
136,Beaucedine Glacier [S],segment,model   gar_w04c,25,,,,,0x2000,0x0000,0x00000000,_gar_w07_h      ,blend-high
136,Beaucedine Glacier [S],segment,model   gar_w04c,25,,,,,0x2000,0x0000,0x00000000,_gar_w10_h      ,blend-high
136,Beaucedine Glacier [S],segment,model   gar_w04c,25,,,,,0x2000,0x0000,0x00000056,_gar_w11_h      ,blend-high
136,Beaucedine Glacier [S],segment,model   gar_w05c,9,,,,,0x2000,0x0000,0x00000000,_gar_w12_h      ,blend-high
136,Beaucedine Glacier [S],segment,model   gar_w04c,25,,,,,0x2000,0x0000,0x00000000,_gar_w12_h      ,blend-high
136,Beaucedine Glacier [S],segment,model   gar_w04c,25,,,,,0x2000,0x0000,0x00000000,_gar_w13_h      ,blend-high
136,Beaucedine Glacier [S],segment,model   gar_w02c,20,,,,,0x2000,0x0000,0x00000000,_gar_w13_h      ,blend-high
136,Beaucedine Glacier [S],segment,model   gar_w05c,9,,,,,0x2000,0x0000,0x00000000,_gar_w13_h      ,blend-high
136,Beaucedine Glacier [S],segment,model   gar_w02c,20,,,,,0x2000,0x0000,0x00000046,_gar_w13_m      ,blend-high
136,Beaucedine Glacier [S],segment,model   gar_w05c,9,,,,,0x2000,0x0000,0x00000046,_gar_w13_m      ,blend-high
136,Beaucedine Glacier [S],segment,model   gar_w04c,25,,,,,0x2000,0x0000,0x00000000,_gar_w14_h      ,blend-high
136,Beaucedine Glacier [S],segment,model   gar_w02c,20,,,,,0x2000,0x0000,0x00000000,_gar_w14_h      ,blend-high
136,Beaucedine Glacier [S],segment,model   gar_w05c,9,,,,,0x2000,0x0000,0x00000000,_gar_w14_h      ,blend-high
136,Beaucedine Glacier [S],segment,model   gar_w02c,20,,,,,0x2000,0x0000,0x00000046,_gar_w14_m      ,blend-high
136,Beaucedine Glacier [S],segment,model   gar_w05c,9,,,,,0x2000,0x0000,0x00000046,_gar_w14_m      ,blend-high
136,Beaucedine Glacier [S],segment,model   gar_w05c,9,,,,,0x2000,0x0000,0x00000000,_gar_w16_m      ,blend-high
136,Beaucedine Glacier [S],segment,model   gar_w05c,9,,,,,0x2000,0x0000,0x00000000,_gar_w17_m      ,blend-high
136,Beaucedine Glacier [S],segment,model   gar_frs1,111,,,,,0x2000,0x0000,0x00000463,ga_clrofl_jo1b_m,blend-high
136,Beaucedine Glacier [S],segment,model   gar_ykk1,71,,,,,0x2000,0x0000,0x00000463,ga_clrofl_jo1b_m,blend-high
136,Beaucedine Glacier [S],segment,model   gar_wll1,65,,,,,0x2000,0x0000,0x00000463,ga_clrofl_jo1b_m,blend-high
136,Beaucedine Glacier [S],segment,model   gar_frs1,111,,,,,0xA000,0x0000,0x00000463,ga_clrofl_jo1b_m,blend-high
136,Beaucedine Glacier [S],segment,model   gar_ykk1,71,,,,,0xA000,0x0000,0x00000463,ga_clrofl_jo1b_m,blend-high
136,Beaucedine Glacier [S],segment,model   gar_wll1,65,,,,,0xA000,0x0000,0x00000463,ga_clrofl_jo1b_m,blend-high
136,Beaucedine Glacier [S],segment,model   gar_frs1,111,,,,,0x0000,0x0000,0x0000007B,gar_iwa01_m     ,surface-name
136,Beaucedine Glacier [S],segment,model   gar_wll1,65,,,,,0x0000,0x0000,0x0000007B,gar_iwa01_m     ,surface-name
136,Beaucedine Glacier [S],segment,model   gar_ykk1,71,,,,,0x0000,0x0000,0x0000007B,gar_iwa01_m     ,surface-name
136,Beaucedine Glacier [S],segment,model   gar_ykk1,71,,,,,0x8000,0x0000,0x0000007B,gar_iwa01_m     ,surface-name
136,Beaucedine Glacier [S],segment,model   gar_frs1,111,,,,,0x8000,0x0000,0x0000007B,gar_iwa01_m     ,surface-name
136,Beaucedine Glacier [S],segment,model   gar_frs1,111,,,,,0x0000,0x0000,0x0000004C,gar_iwa02_m     ,surface-name
136,Beaucedine Glacier [S],segment,model   gar_ykk1,71,,,,,0x0000,0x0000,0x0000004C,gar_iwa02_m     ,surface-name
136,Beaucedine Glacier [S],segment,model   gar_wll1,65,,,,,0x0000,0x0000,0x0000004C,gar_iwa02_m     ,surface-name
136,Beaucedine Glacier [S],segment,model   gar_frs1,111,,,,,0x8000,0x0000,0x0000004C,gar_iwa02_m     ,surface-name
136,Beaucedine Glacier [S],segment,model   gar_ykk1,71,,,,,0x8000,0x0000,0x0000004C,gar_iwa02_m     ,surface-name
136,Beaucedine Glacier [S],segment,model   gar_frs1,111,,,,,0x0000,0x0000,0x0000004A,gar_iwa03_m     ,surface-name
136,Beaucedine Glacier [S],segment,model   gar_ykk1,71,,,,,0x0000,0x0000,0x0000004A,gar_iwa03_m     ,surface-name
136,Beaucedine Glacier [S],segment,model   gar_wll1,65,,,,,0x0000,0x0000,0x0000004A,gar_iwa03_m     ,surface-name
136,Beaucedine Glacier [S],segment,model   gar_frs1,111,,,,,0x8000,0x0000,0x0000004A,gar_iwa03_m     ,surface-name
136,Beaucedine Glacier [S],segment,model   gar_w02c,20,,,,,0x2000,0x0000,0x000000F1,gar_w01_m       ,blend-high
136,Beaucedine Glacier [S],segment,model   gar_w04c,25,,,,,0x2000,0x0000,0x000000F1,gar_w01_m       ,blend-high
136,Beaucedine Glacier [S],segment,model   gar_w02c,20,,,,,0x2000,0x0000,0x0000009F,gar_w02_m       ,blend-high
136,Beaucedine Glacier [S],segment,model   gar_w04c,25,,,,,0x2000,0x0000,0x0000009F,gar_w02_m       ,blend-high
136,Beaucedine Glacier [S],segment,model   gar_w02c,20,,,,,0x2000,0x0000,0x00000067,gar_w03_m       ,blend-high
136,Beaucedine Glacier [S],segment,model   gar_w04c,25,,,,,0x2000,0x0000,0x00000040,gar_w05_m       ,blend-high
136,Beaucedine Glacier [S],segment,model   gar_w02c,20,,,,,0x2000,0x0000,0x00000040,gar_w05_m       ,blend-high
136,Beaucedine Glacier [S],segment,model   gar_w04c,25,,,,,0x2000,0x0000,0x00000000,gar_w08_h       ,blend-high
136,Beaucedine Glacier [S],segment,model   gar_w02c,20,,,,,0x2000,0x0000,0x0000006E,gar_w08_m       ,blend-high
136,Beaucedine Glacier [S],segment,model   gar_w04c,25,,,,,0x2000,0x0000,0x0000006E,gar_w08_m       ,blend-high
136,Beaucedine Glacier [S],segment,model   gar_w04c,25,,,,,0x2000,0x0000,0x00000000,gar_w09_h       ,blend-high
136,Beaucedine Glacier [S],segment,model   gar_w04c,25,,,,,0x2000,0x0000,0x0000002C,gar_w09_m       ,blend-high
136,Beaucedine Glacier [S],segment,model   gar_w02c,20,,,,,0x2000,0x0000,0x0000002C,gar_w09_m       ,blend-high
136,Beaucedine Glacier [S],segment,snow    clod_b01,2,,,,,0x0000,0x0000,0x0000029C,clod_b01        ,surface-name
136,Beaucedine Glacier [S],segment,snow    clod_b01,2,,,,,0x8000,0x0000,0x0000029C,clod_b01        ,surface-name
137,Xarcabard [S],texture,model   asltdoor,2,0xA1,3TXD,128,128,,,,,
137,Xarcabard [S],texture,model   xar_wll2,9,0xA1,3TXD,128,256,,,,,
137,Xarcabard [S],texture,model   zal_w03c,3,0xA1,3TXD,128,128,,,,,
137,Xarcabard [S],texture,model   zal_w02c,4,0xA1,3TXD,256,128,,,,,
137,Xarcabard [S],texture,model   zal_w01c,11,0xA1,3TXD,256,256,,,,,
137,Xarcabard [S],texture,model   xar_yuka,6,0xA1,3TXD,512,256,,,,,
137,Xarcabard [S],texture,model   xar_ykk1,153,0xA1,3TXD,512,256,,,,,
137,Xarcabard [S],texture,model   xar_wll1,123,0xA1,3TXD,512,256,,,,,
137,Xarcabard [S],texture,model   xar_mark,2,0xA1,3TXD,128,256,,,,,
137,Xarcabard [S],texture,model   xar_kab2,6,0xA1,3TXD,512,256,,,,,
137,Xarcabard [S],texture,model   xar_kab ,37,0xA1,3TXD,512,256,,,,,
137,Xarcabard [S],texture,model   xar_frs1,207,0xA1,3TXD,512,256,,,,,
137,Xarcabard [S],texture,effect  fire    ,0,0xA1,3TXD,128,128,,,,,unreferenced
137,Xarcabard [S],texture,effect  ligh    ,0,0xB1,,128,128,,,,,unreferenced;leading_u32=0x00000001
137,Xarcabard [S],texture,effect  oram    ,0,0xB1,,128,128,,,,,unreferenced;leading_u32=0x00000001
137,Xarcabard [S],texture,effect  oran    ,0,0xB1,,64,64,,,,,unreferenced;leading_u32=0x00000001
137,Xarcabard [S],texture,effect  olra    ,0,0xA1,3TXD,128,64,,,,,unreferenced
137,Xarcabard [S],texture,fire    fire1   ,0,0xA1,3TXD,128,128,,,,,unreferenced
137,Xarcabard [S],texture,fire    lt      ,0,0xA1,3TXD,128,128,,,,,unreferenced
137,Xarcabard [S],texture,fire    fire1   ,0,0xA1,3TXD,128,128,,,,,unreferenced
137,Xarcabard [S],texture,fire    lt      ,0,0xA1,3TXD,128,128,,,,,unreferenced
137,Xarcabard [S],texture,snow    clod_b01,2,0xA1,3TXD,256,256,,,,,
137,Xarcabard [S],texture,lf08    lf08    ,0,0xB1,,128,256,,,,,unreferenced;leading_u32=0x00000002
137,Xarcabard [S],texture,smoke   smoke   ,0,0xA1,3TXD,64,64,,,,,unreferenced
137,Xarcabard [S],texture,lf032   lf03    ,0,0xA1,3TXD,128,256,,,,,unreferenced
137,Xarcabard [S],texture,dark    clod_b01,0,0xA1,3TXD,256,256,,,,,unreferenced
137,Xarcabard [S],texture,comet   comt    ,0,0xA1,3TXD,128,128,,,,,unreferenced
137,Xarcabard [S],texture,moon    moonshap,0,0xA1,3TXD,256,256,,,,,unreferenced
137,Xarcabard [S],texture,moon    kasa    ,0,0xA1,3TXD,128,128,,,,,unreferenced
137,Xarcabard [S],texture,lf04    lf03    ,0,0xB1,,128,256,,,,,unreferenced;leading_u32=0x00000002
137,Xarcabard [S],texture,clod    clod_a01,2,0xA1,3TXD,256,256,,,,,
137,Xarcabard [S],texture,lf03    lf03    ,0,0xB1,,128,256,,,,,unreferenced;leading_u32=0x00000002
137,Xarcabard [S],texture,mist    clod_a01,2,0xA1,3TXD,256,256,,,,,
137,Xarcabard [S],texture,lf03    lf03    ,0,0xB1,,128,256,,,,,unreferenced;leading_u32=0x00000002
137,Xarcabard [S],segment,model   xar_kab ,37,,,,,0x0000,0x0000,0x00000151,zva_iwa_a01     ,surface-name
137,Xarcabard [S],segment,model   xar_frs1,207,,,,,0x8000,0x0000,0x00000151,zva_iwa_a01     ,surface-name
137,Xarcabard [S],segment,model   xar_kab ,37,,,,,0x8000,0x0000,0x00000151,zva_iwa_a01     ,surface-name
137,Xarcabard [S],segment,model   xar_ykk1,153,,,,,0x0000,0x0000,0x00000073,bougyo_rock05_m ,surface-name
137,Xarcabard [S],segment,model   xar_frs1,207,,,,,0x0000,0x0000,0x00000073,bougyo_rock05_m ,surface-name
137,Xarcabard [S],segment,model   xar_wll1,123,,,,,0x0000,0x0000,0x00000073,bougyo_rock05_m ,surface-name
137,Xarcabard [S],segment,model   xar_frs1,207,,,,,0x8000,0x0000,0x00000073,bougyo_rock05_m ,surface-name
137,Xarcabard [S],segment,model   xar_ykk1,153,,,,,0x8000,0x0000,0x00000073,bougyo_rock05_m ,surface-name
137,Xarcabard [S],segment,model   xar_wll1,123,,,,,0x8000,0x0000,0x00000073,bougyo_rock05_m ,surface-name
137,Xarcabard [S],segment,model   xar_frs1,207,,,,,0x0000,0x0000,0x000000C7,bougyo_rock04_m ,surface-name
137,Xarcabard [S],segment,model   xar_wll1,123,,,,,0x0000,0x0000,0x000000C7,bougyo_rock04_m ,surface-name
137,Xarcabard [S],segment,model   xar_ykk1,153,,,,,0x0000,0x0000,0x000000C7,bougyo_rock04_m ,surface-name
137,Xarcabard [S],segment,model   xar_frs1,207,,,,,0x8000,0x0000,0x000000C7,bougyo_rock04_m ,surface-name
137,Xarcabard [S],segment,model   xar_ykk1,153,,,,,0x8000,0x0000,0x000000C7,bougyo_rock04_m ,surface-name
137,Xarcabard [S],segment,model   xar_wll1,123,,,,,0x8000,0x0000,0x000000C7,bougyo_rock04_m ,surface-name
137,Xarcabard [S],segment,model   xar_wll1,123,,,,,0x0000,0x0000,0x0000016C,bougyo_rock03b  ,surface-name
137,Xarcabard [S],segment,model   xar_frs1,207,,,,,0x0000,0x0000,0x0000016C,bougyo_rock03b  ,surface-name
137,Xarcabard [S],segment,model   xar_ykk1,153,,,,,0x0000,0x0000,0x0000016C,bougyo_rock03b  ,surface-name
137,Xarcabard [S],segment,model   xar_ykk1,153,,,,,0x8000,0x0000,0x0000016C,bougyo_rock03b  ,surface-name
137,Xarcabard [S],segment,model   xar_frs1,207,,,,,0x8000,0x0000,0x0000016C,bougyo_rock03b  ,surface-name
137,Xarcabard [S],segment,model   xar_wll1,123,,,,,0x0000,0x0000,0x00000157,bougyo_rock02b  ,surface-name
137,Xarcabard [S],segment,model   xar_ykk1,153,,,,,0x0000,0x0000,0x00000157,bougyo_rock02b  ,surface-name
137,Xarcabard [S],segment,model   xar_frs1,207,,,,,0x0000,0x0000,0x00000157,bougyo_rock02b  ,surface-name
137,Xarcabard [S],segment,model   xar_ykk1,153,,,,,0x8000,0x0000,0x00000157,bougyo_rock02b  ,surface-name
137,Xarcabard [S],segment,model   xar_frs1,207,,,,,0x8000,0x0000,0x00000157,bougyo_rock02b  ,surface-name
137,Xarcabard [S],segment,model   xar_wll1,123,,,,,0x8000,0x0000,0x00000157,bougyo_rock02b  ,surface-name
137,Xarcabard [S],segment,model   xar_ykk1,153,,,,,0x0000,0x0000,0x000001B5,bougyo_rock01b  ,surface-name
137,Xarcabard [S],segment,model   xar_wll1,123,,,,,0x0000,0x0000,0x000001B5,bougyo_rock01b  ,surface-name
137,Xarcabard [S],segment,model   xar_frs1,207,,,,,0x0000,0x0000,0x000001B5,bougyo_rock01b  ,surface-name
137,Xarcabard [S],segment,                ,14,,,,,0x0000,0x0000,0x000001B5,bougyo_rock01b  ,surface-name
137,Xarcabard [S],segment,model   xar_ykk1,153,,,,,0x8000,0x0000,0x000001B5,bougyo_rock01b  ,surface-name
137,Xarcabard [S],segment,model   xar_frs1,207,,,,,0x8000,0x0000,0x000001B5,bougyo_rock01b  ,surface-name
137,Xarcabard [S],segment,model   xar_kab ,37,,,,,0x0000,0x0000,0x00000018,zva_iwa_c01     ,surface-name
137,Xarcabard [S],segment,model   xar_kab ,37,,,,,0x0000,0x0000,0x00000050,zva_iwa_b01     ,surface-name
137,Xarcabard [S],segment,model   xar_frs1,207,,,,,0x0000,0x0000,0x00000341,zav_moniwa01_m  ,surface-name
137,Xarcabard [S],segment,model   xar_wll1,123,,,,,0x0000,0x0000,0x00000341,zav_moniwa01_m  ,surface-name
137,Xarcabard [S],segment,model   xar_ykk1,153,,,,,0x0000,0x0000,0x00000341,zav_moniwa01_m  ,surface-name
137,Xarcabard [S],segment,model   xar_frs1,207,,,,,0x8000,0x0000,0x00000341,zav_moniwa01_m  ,surface-name
137,Xarcabard [S],segment,model   xar_wll1,123,,,,,0x8000,0x0000,0x00000341,zav_moniwa01_m  ,surface-name
137,Xarcabard [S],segment,model   xar_ykk1,153,,,,,0x8000,0x0000,0x00000341,zav_moniwa01_m  ,surface-name
137,Xarcabard [S],segment,model   zal_w01c,11,,,,,0x2000,0x0000,0x00000084,zal_w01b_m      ,blend-high
137,Xarcabard [S],segment,model   zal_w01c,11,,,,,0x2000,0x0000,0x00000028,zal_w01b_l      ,blend-high
137,Xarcabard [S],segment,model   zal_w01c,11,,,,,0x2000,0x0000,0x000001C8,_zal_w01c_h     ,blend-high
137,Xarcabard [S],segment,model   xar_frs1,207,,,,,0x2000,0x0000,0x000001C8,_zal_w01c_h     ,blend-high
137,Xarcabard [S],segment,model   zal_w01c,11,,,,,0x2000,0x0000,0x00000090,zal_w01b_h      ,blend-high
137,Xarcabard [S],segment,model   xar_frs1,207,,,,,0xA000,0x0000,0x00000090,zal_w01b_h      ,blend-high
137,Xarcabard [S],segment,model   zal_w01c,11,,,,,0x2000,0x0000,0x0000008E,zal_w01_m       ,blend-high
137,Xarcabard [S],segment,model   zal_w01c,11,,,,,0x2000,0x0000,0x00000026,zal_w01_l       ,blend-high
137,Xarcabard [S],segment,model   zal_w01c,11,,,,,0x2000,0x0000,0x000000DC,zal_w01_h       ,blend-high
137,Xarcabard [S],segment,model   xar_frs1,207,,,,,0xA000,0x0000,0x000000DC,zal_w01_h       ,blend-high
137,Xarcabard [S],segment,                ,14,,,,,0x2000,0x0000,0x00000005,hitwall_019     ,blend-high
137,Xarcabard [S],segment,model   xar_frs1,207,,,,,0x2000,0x0000,0x0000012C,_zal_w01c_m     ,blend-high
137,Xarcabard [S],segment,model   zal_w01c,11,,,,,0x2000,0x0000,0x0000012C,_zal_w01c_m     ,blend-high
137,Xarcabard [S],segment,model   zal_w01c,11,,,,,0x2000,0x0000,0x00000074,_zal_w01c_l     ,blend-high
137,Xarcabard [S],segment,model   zal_w02c,4,,,,,0x2000,0x0000,0x00000074,_zal_w01c_l     ,blend-high
137,Xarcabard [S],segment,model   xar_frs1,207,,,,,0x2000,0x0000,0x00000074,_zal_w01c_l     ,blend-high
137,Xarcabard [S],segment,snow    clod_b01,2,,,,,0x0000,0x0000,0x0000029C,clod_b01        ,surface-name
137,Xarcabard [S],segment,snow    clod_b01,2,,,,,0x8000,0x0000,0x0000029C,clod_b01        ,surface-name
137,Xarcabard [S],companion_group,ora,,,,,,,,,,effect  oram     | effect  oran    
174,Kuftal Tunnel,texture,effect  sanp    ,1,0xB1,,128,128,,,,,leading_u32=0x00000002
174,Kuftal Tunnel,texture,effect  sand    ,6,0xB1,,128,128,,,,,leading_u32=0x00000002
174,Kuftal Tunnel,texture,effect  titans  ,1,0xB1,,128,256,,,,,leading_u32=0x00000002
174,Kuftal Tunnel,texture,effect  wave    ,6,0xB1,,128,256,,,,,leading_u32=0x00000002
174,Kuftal Tunnel,texture,chiteikonagare01,1,0xA1,3TXD,128,128,,,,,
174,Kuftal Tunnel,texture,model   col_bg1 ,55,0xA1,3TXD,512,1024,,,,,
174,Kuftal Tunnel,texture,model   nawa_sak,1,0xA1,3TXD,128,64,,,,,
174,Kuftal Tunnel,segment,effect  sand    ,6,,,,,0x8000,0x0000,0x0000012F,3mt3            ,surface-name
174,Kuftal Tunnel,segment,effect  wave    ,6,,,,,0x8000,0x0000,0x00000051,1wv1            ,surface-name
174,Kuftal Tunnel,segment,effect  sand    ,6,,,,,0x8000,0x0000,0x0000012B,3mt1            ,surface-name
174,Kuftal Tunnel,segment,effect  sand    ,6,,,,,0x8000,0x0000,0x00000051,1mt1            ,surface-name
174,Kuftal Tunnel,segment,effect  wave    ,6,,,,,0x8000,0x0000,0x0000012B,3wv1            ,surface-name
174,Kuftal Tunnel,segment,effect  wave    ,6,,,,,0x8000,0x0000,0x0000012F,3wv3            ,surface-name
174,Kuftal Tunnel,segment,effect  sand    ,6,,,,,0x8000,0x0000,0x000000AF,4mt1            ,surface-name
174,Kuftal Tunnel,segment,effect  wave    ,6,,,,,0x8000,0x0000,0x000000B0,4wv1            ,surface-name
174,Kuftal Tunnel,segment,effect  sand    ,6,,,,,0x8000,0x0000,0x00000057,mtsdc1          ,surface-name
174,Kuftal Tunnel,segment,effect  sand    ,6,,,,,0x8000,0x0000,0x00000010,tendw           ,surface-name
174,Kuftal Tunnel,segment,effect  wave    ,6,,,,,0x8000,0x0000,0x00000059,wrs2            ,surface-name
174,Kuftal Tunnel,segment,effect  wave    ,6,,,,,0x8000,0x0000,0x00000020,wrsd            ,surface-name
174,Kuftal Tunnel,segment,model   col_bg1 ,55,,,,,0x0000,0x0000,0x000000A1,co2_iwa1        ,surface-name
174,Kuftal Tunnel,segment,model   col_bg1 ,55,,,,,0x8000,0x0000,0x000000A1,co2_iwa1        ,surface-name
174,Kuftal Tunnel,segment,model   col_bg1 ,55,,,,,0x0000,0x0000,0x00000066,co2_iwa2        ,surface-name
174,Kuftal Tunnel,segment,model   col_bg1 ,55,,,,,0x8000,0x0000,0x00000066,co2_iwa2        ,surface-name
174,Kuftal Tunnel,companion_group,san,,,,,,,,,,effect  sand     | effect  sanp    
208,Quicksand Caves,texture,model   daiza   ,2,0xA1,3TXD,128,128,,,,,
208,Quicksand Caves,texture,model   doukutu0,57,0xA1,3TXD,256,256,,,,,
208,Quicksand Caves,texture,model   doukutu1,62,0xA1,3TXD,512,256,,,,,
208,Quicksand Caves,texture,model   hasira0 ,5,0xA1,3TXD,128,256,,,,,
208,Quicksand Caves,texture,model   hekiga0 ,6,0xA1,3TXD,256,512,,,,,
208,Quicksand Caves,texture,model   hekiga1 ,3,0xA1,3TXD,128,64,,,,,
208,Quicksand Caves,texture,model   itakabe ,0,0xA1,3TXD,128,128,,,,,unreferenced
208,Quicksand Caves,texture,model   iwa0    ,44,0xA1,3TXD,512,256,,,,,
208,Quicksand Caves,texture,model   iwa1    ,14,0xA1,3TXD,256,256,,,,,
208,Quicksand Caves,texture,model   iwa2    ,2,0xA1,3TXD,256,256,,,,,
208,Quicksand Caves,texture,model   kabe0   ,73,0xA1,3TXD,512,512,,,,,
208,Quicksand Caves,texture,model   kabe1   ,6,0xA1,3TXD,256,128,,,,,
208,Quicksand Caves,texture,model   kabe2   ,3,0xA1,3TXD,256,128,,,,,
208,Quicksand Caves,texture,model   kabe3   ,3,0xA1,3TXD,128,128,,,,,
208,Quicksand Caves,texture,model   kaidan  ,57,0xA1,3TXD,256,256,,,,,
208,Quicksand Caves,texture,model   kinone  ,10,0xA1,3TXD,256,256,,,,,
208,Quicksand Caves,texture,model   kinone1 ,3,0xA1,3TXD,128,128,,,,,
208,Quicksand Caves,texture,model   komono  ,21,0xA1,3TXD,512,256,,,,,
208,Quicksand Caves,texture,model   komono_2,1,0xA1,3TXD,128,64,,,,,
208,Quicksand Caves,texture,model   komono1 ,1,0xA1,3TXD,128,256,,,,,
208,Quicksand Caves,texture,model   mayu    ,2,0xA1,3TXD,128,128,,,,,
208,Quicksand Caves,texture,model   miira0  ,3,0xA1,3TXD,128,128,,,,,
208,Quicksand Caves,texture,model   miira1  ,10,0xA1,3TXD,128,128,,,,,
208,Quicksand Caves,texture,model   miira2  ,1,0xA1,3TXD,64,64,,,,,
208,Quicksand Caves,texture,model   miira3  ,2,0xA1,3TXD,128,128,,,,,
208,Quicksand Caves,texture,model   pal_waku,1,0xA1,3TXD,128,128,,,,,
208,Quicksand Caves,texture,model   parts_01,4,0xA1,3TXD,512,256,,,,,
208,Quicksand Caves,texture,model   suna    ,70,0xA1,3TXD,256,256,,,,,
208,Quicksand Caves,texture,model   tenjyou ,37,0xA1,3TXD,256,256,,,,,
208,Quicksand Caves,texture,model   uda_02  ,2,0xA1,3TXD,64,64,,,,,
208,Quicksand Caves,texture,model   yuka0   ,39,0xA1,3TXD,256,256,,,,,
208,Quicksand Caves,texture,model   yuka1   ,3,0xA1,3TXD,256,128,,,,,
208,Quicksand Caves,texture,effect  wave    ,3,0xB1,,128,256,,,,,leading_u32=0x00000002
208,Quicksand Caves,texture,effect  powdr   ,1,0xB1,,128,128,,,,,leading_u32=0x00000002
208,Quicksand Caves,texture,effect  titans  ,1,0xB1,,128,256,,,,,leading_u32=0x00000002
208,Quicksand Caves,texture,effect  emap    ,4,0xB1,,128,128,,,,,leading_u32=0x00000002
208,Quicksand Caves,texture,effect  fireman ,1,0xB1,,128,128,,,,,leading_u32=0x00000002
208,Quicksand Caves,texture,effect  arialt  ,1,0xB1,,64,64,,,,,leading_u32=0x00000002
208,Quicksand Caves,texture,effect  ballwave,0,0xB1,,128,256,,,,,unreferenced;leading_u32=0x00000002
208,Quicksand Caves,texture,effect  hotwave ,1,0xB1,,128,128,,,,,leading_u32=0x00000002
208,Quicksand Caves,texture,effect  rune    ,1,0xB1,,64,64,,,,,leading_u32=0x00000002
208,Quicksand Caves,texture,mizu    nagare01,1,0xB1,,64,64,,,,,leading_u32=0x00000002
208,Quicksand Caves,texture,mizu    kira    ,0,0xB1,,64,32,,,,,unreferenced;leading_u32=0x00000002
208,Quicksand Caves,texture,mizu    tare    ,0,0xB1,,64,64,,,,,unreferenced;leading_u32=0x00000002
208,Quicksand Caves,segment,model   iwa0    ,44,,,,,0x0000,0x0000,0x00000235,ari_co2         ,surface-name
208,Quicksand Caves,segment,model   iwa0    ,44,,,,,0x0000,0x0000,0x000002DC,ari_ana_tua1    ,surface-name
208,Quicksand Caves,segment,model   iwa0    ,44,,,,,0x0000,0x0000,0x000002F9,ari_ike_p01     ,surface-name
208,Quicksand Caves,segment,model   iwa0    ,44,,,,,0x8000,0x0000,0x000002F9,ari_ike_p01     ,surface-name
208,Quicksand Caves,segment,model   miira3  ,2,,,,,0x2000,0x0000,0x000002F9,ari_ike_p01     ,blend-high
208,Quicksand Caves,segment,model   iwa0    ,44,,,,,0x0000,0x0000,0x0000046E,ari_ike01       ,surface-name
208,Quicksand Caves,segment,model   iwa0    ,44,,,,,0x8000,0x0000,0x0000046E,ari_ike01       ,surface-name
208,Quicksand Caves,segment,model   mayu    ,2,,,,,0x2000,0x0000,0x00000078,ari_mayu02      ,blend-high
208,Quicksand Caves,segment,model   miira1  ,10,,,,,0x2000,0x0000,0x00000082,ari_niku01      ,blend-high
208,Quicksand Caves,segment,model   miira1  ,10,,,,,0x2000,0x0000,0x0000007E,ari_niku02      ,blend-high
208,Quicksand Caves,segment,model   miira1  ,10,,,,,0x2000,0x0000,0x0000006E,ari_niku03      ,blend-high
208,Quicksand Caves,segment,model   iwa0    ,44,,,,,0x0000,0x0000,0x00000344,ari_roa_ed2     ,surface-name
208,Quicksand Caves,segment,model   miira1  ,10,,,,,0x2000,0x0000,0x000001CE,ari_roa_p01     ,blend-high
208,Quicksand Caves,segment,model   iwa0    ,44,,,,,0x0000,0x0000,0x0000010D,ari_roa_p02     ,surface-name
208,Quicksand Caves,segment,model   iwa0    ,44,,,,,0x8000,0x0000,0x0000010D,ari_roa_p02     ,surface-name
208,Quicksand Caves,segment,model   iwa0    ,44,,,,,0x0000,0x0000,0x000001D3,ari_rob_coi1    ,surface-name
208,Quicksand Caves,segment,model   iwa0    ,44,,,,,0x0000,0x0000,0x0000014D,ari_rock_lt01   ,surface-name
208,Quicksand Caves,segment,model   suna    ,70,,,,,0x8000,0x0000,0x0000014D,ari_rock_lt01   ,surface-name
208,Quicksand Caves,segment,model   iwa0    ,44,,,,,0x8000,0x0000,0x0000014D,ari_rock_lt01   ,surface-name
208,Quicksand Caves,segment,model   iwa0    ,44,,,,,0x0000,0x0000,0x0000014A,ari_rock_lt02   ,surface-name
208,Quicksand Caves,segment,model   iwa0    ,44,,,,,0x8000,0x0000,0x0000014A,ari_rock_lt02   ,surface-name
208,Quicksand Caves,segment,model   suna    ,70,,,,,0x8000,0x0000,0x0000014A,ari_rock_lt02   ,surface-name
208,Quicksand Caves,segment,model   iwa0    ,44,,,,,0x0000,0x0000,0x00000114,ari_rock_mr01   ,surface-name
208,Quicksand Caves,segment,model   iwa2    ,2,,,,,0x8000,0x0000,0x00000114,ari_rock_mr01   ,surface-name
208,Quicksand Caves,segment,model   iwa0    ,44,,,,,0x0000,0x0000,0x00000078,ari_rock01      ,surface-name
208,Quicksand Caves,segment,model   suna    ,70,,,,,0x8000,0x0000,0x00000078,ari_rock01      ,surface-name
208,Quicksand Caves,segment,model   iwa0    ,44,,,,,0x8000,0x0000,0x00000078,ari_rock01      ,surface-name
208,Quicksand Caves,segment,model   iwa0    ,44,,,,,0x0000,0x0000,0x000000BA,ari_rock02      ,surface-name
208,Quicksand Caves,segment,model   suna    ,70,,,,,0x8000,0x0000,0x000000BA,ari_rock02      ,surface-name
208,Quicksand Caves,segment,model   iwa0    ,44,,,,,0x8000,0x0000,0x000000BA,ari_rock02      ,surface-name
208,Quicksand Caves,segment,model   iwa0    ,44,,,,,0x0000,0x0000,0x00000052,ari_rock03      ,surface-name
208,Quicksand Caves,segment,model   suna    ,70,,,,,0x8000,0x0000,0x00000052,ari_rock03      ,surface-name
208,Quicksand Caves,segment,model   iwa0    ,44,,,,,0x0000,0x0000,0x000000C6,ari_rock05      ,surface-name
208,Quicksand Caves,segment,model   iwa0    ,44,,,,,0x8000,0x0000,0x000000C6,ari_rock05      ,surface-name
208,Quicksand Caves,segment,model   iwa0    ,44,,,,,0x0000,0x0000,0x0000005A,ari_rock07      ,surface-name
208,Quicksand Caves,segment,model   suna    ,70,,,,,0x8000,0x0000,0x0000005A,ari_rock07      ,surface-name
208,Quicksand Caves,segment,model   iwa0    ,44,,,,,0x8000,0x0000,0x0000005A,ari_rock07      ,surface-name
208,Quicksand Caves,segment,model   iwa0    ,44,,,,,0x0000,0x0000,0x00000113,ari_rock08      ,surface-name
208,Quicksand Caves,segment,model   iwa0    ,44,,,,,0x8000,0x0000,0x00000113,ari_rock08      ,surface-name
208,Quicksand Caves,segment,model   iwa0    ,44,,,,,0x0000,0x0000,0x0000010B,ari_rock09      ,surface-name
208,Quicksand Caves,segment,model   iwa0    ,44,,,,,0x8000,0x0000,0x0000010B,ari_rock09      ,surface-name
208,Quicksand Caves,segment,model   iwa0    ,44,,,,,0x0000,0x0000,0x00000138,ari_rock10      ,surface-name
208,Quicksand Caves,segment,model   suna    ,70,,,,,0x8000,0x0000,0x00000138,ari_rock10      ,surface-name
208,Quicksand Caves,segment,model   iwa0    ,44,,,,,0x8000,0x0000,0x00000138,ari_rock10      ,surface-name
208,Quicksand Caves,segment,model   iwa0    ,44,,,,,0x0000,0x0000,0x0000012F,ari_rock11      ,surface-name
208,Quicksand Caves,segment,model   suna    ,70,,,,,0x8000,0x0000,0x0000012F,ari_rock11      ,surface-name
208,Quicksand Caves,segment,model   iwa0    ,44,,,,,0x8000,0x0000,0x0000012F,ari_rock11      ,surface-name
208,Quicksand Caves,segment,model   iwa0    ,44,,,,,0x0000,0x0000,0x000000C3,ari_rock13      ,surface-name
208,Quicksand Caves,segment,model   iwa0    ,44,,,,,0x0000,0x0000,0x000000C4,ari_rock14      ,surface-name
208,Quicksand Caves,segment,model   iwa0    ,44,,,,,0x0000,0x0000,0x00000247,ari_tua_st2     ,surface-name
208,Quicksand Caves,segment,model   iwa0    ,44,,,,,0x8000,0x0000,0x00000247,ari_tua_st2     ,surface-name
208,Quicksand Caves,segment,model   iwa0    ,44,,,,,0x0000,0x0000,0x00000317,boss_rob_coi1   ,surface-name
208,Quicksand Caves,segment,model   iwa0    ,44,,,,,0x8000,0x0000,0x00000317,boss_rob_coi1   ,surface-name
208,Quicksand Caves,segment,model   iwa0    ,44,,,,,0x0000,0x0000,0x0000044E,boss_rob_st1    ,surface-name
208,Quicksand Caves,segment,model   iwa0    ,44,,,,,0x8000,0x0000,0x0000044E,boss_rob_st1    ,surface-name
208,Quicksand Caves,segment,model   iwa0    ,44,,,,,0x0000,0x0000,0x0000037D,ekisu01         ,surface-name
208,Quicksand Caves,segment,model   iwa2    ,2,,,,,0x0000,0x0000,0x0000037D,ekisu01         ,surface-name
208,Quicksand Caves,segment,model   iwa0    ,44,,,,,0x8000,0x0000,0x0000037D,ekisu01         ,surface-name
208,Quicksand Caves,segment,model   iwa1    ,14,,,,,0x0000,0x0000,0x00000775,ga_bf_co1       ,surface-name
208,Quicksand Caves,segment,model   iwa1    ,14,,,,,0x0000,0x0000,0x00000165,gal_rob_coi_t3  ,surface-name
208,Quicksand Caves,segment,model   iwa1    ,14,,,,,0x8000,0x0000,0x00000165,gal_rob_coi_t3  ,surface-name
208,Quicksand Caves,segment,model   iwa1    ,14,,,,,0x0000,0x0000,0x000006B1,gal_robtua_coi1 ,surface-name
208,Quicksand Caves,segment,model   iwa0    ,44,,,,,0x0000,0x0000,0x0000037B,gal_tua_ed2     ,surface-name
208,Quicksand Caves,segment,model   iwa1    ,14,,,,,0x0000,0x0000,0x00000493,gal_tub_st3     ,surface-name
208,Quicksand Caves,segment,model   iwa1    ,14,,,,,0x8000,0x0000,0x00000493,gal_tub_st3     ,surface-name
208,Quicksand Caves,segment,model   iwa1    ,14,,,,,0x0000,0x0000,0x000006B8,hekiga03        ,surface-name
208,Quicksand Caves,segment,model   iwa1    ,14,,,,,0x8000,0x0000,0x000006B8,hekiga03        ,surface-name
208,Quicksand Caves,segment,model   iwa0    ,44,,,,,0x8000,0x0000,0x00000230,hekiga04        ,surface-name
208,Quicksand Caves,segment,model   iwa1    ,14,,,,,0x0000,0x0000,0x00000BFF,kiretsu01       ,surface-name
208,Quicksand Caves,segment,model   iwa1    ,14,,,,,0x8000,0x0000,0x00000BFF,kiretsu01       ,surface-name
208,Quicksand Caves,segment,model   iwa1    ,14,,,,,0x0000,0x0000,0x00000667,kiretsu02       ,surface-name
208,Quicksand Caves,segment,model   iwa1    ,14,,,,,0x8000,0x0000,0x00000667,kiretsu02       ,surface-name
208,Quicksand Caves,segment,model   iwa1    ,14,,,,,0x0000,0x0000,0x000002A7,t_flat02        ,surface-name
208,Quicksand Caves,segment,model   iwa1    ,14,,,,,0x8000,0x0000,0x000002A7,t_flat02        ,surface-name
208,Quicksand Caves,segment,model   kabe0   ,73,,,,,0x2000,0x0000,0x00000030,x_01            ,blend-high
208,Quicksand Caves,segment,model   kabe0   ,73,,,,,0x2000,0x0000,0x00000020,x_02            ,blend-high
208,Quicksand Caves,segment,model   kabe0   ,73,,,,,0x2000,0x0000,0x00000020,x_03            ,blend-high
208,Quicksand Caves,segment,effect  wave    ,3,,,,,0x8000,0x0000,0x00000140,1wvs            ,surface-name
208,Quicksand Caves,segment,effect  wave    ,3,,,,,0x8000,0x0000,0x00000140,2wvs            ,surface-name
208,Quicksand Caves,segment,effect  wave    ,3,,,,,0x8000,0x0000,0x00000018,hlmini          ,surface-name
208,Quicksand Caves,segment,effect  hotwave ,1,,,,,0x8000,0x0000,0x00000048,hitwave         ,surface-name
216,Abyssea - Misareaux,texture,dark    fine_a01,0,0xB1,,256,128,,,,,unreferenced;leading_u32=0x00000001
216,Abyssea - Misareaux,texture,dark    kum4    ,0,0xB1,,256,128,,,,,unreferenced;leading_u32=0x00000001
216,Abyssea - Misareaux,texture,dark    kumo    ,0,0xB1,,256,128,,,,,unreferenced;leading_u32=0x00000001
216,Abyssea - Misareaux,texture,bahakumokum0    ,2,0xA1,3TXD,256,128,,,,,
216,Abyssea - Misareaux,texture,bahakumokum1    ,2,0xA1,3TXD,256,256,,,,,
216,Abyssea - Misareaux,texture,moon    moonshap,0,0xA1,3TXD,256,256,,,,,unreferenced
216,Abyssea - Misareaux,texture,moon    kasa    ,0,0xA1,3TXD,128,128,,,,,unreferenced
216,Abyssea - Misareaux,texture,model   ba_wal01,14,0xA1,3TXD,512,256,,,,,
216,Abyssea - Misareaux,texture,model   tb_ha02 ,8,0xA1,3TXD,256,128,,,,,
216,Abyssea - Misareaux,texture,model   tb_ha01 ,14,0xA1,3TXD,256,128,,,,,
216,Abyssea - Misareaux,texture,model   tab_has1,12,0xA1,3TXD,256,256,,,,,
216,Abyssea - Misareaux,texture,model   t_door02,4,0xA1,3TXD,128,128,,,,,
216,Abyssea - Misareaux,texture,model   t_door01,1,0xA1,3TXD,256,256,,,,,
216,Abyssea - Misareaux,texture,model   syokudai,1,0xA1,3TXD,128,128,,,,,
216,Abyssea - Misareaux,texture,model   shita1  ,1,0xA1,3TXD,128,256,,,,,
216,Abyssea - Misareaux,texture,model   rat_w08c,1,0xA1,3TXD,128,128,,,,,
216,Abyssea - Misareaux,texture,model   rat_w02c,29,0xA1,3TXD,256,128,,,,,
216,Abyssea - Misareaux,texture,model   lat_wf  ,172,0xA1,3TXD,512,1024,,,,,
216,Abyssea - Misareaux,texture,model   lat_ro  ,29,0xA1,3TXD,512,256,,,,,
216,Abyssea - Misareaux,texture,model   lat_riv ,54,0xA1,3TXD,512,256,,,,,
216,Abyssea - Misareaux,texture,model   kabe_01 ,6,0xA1,3TXD,512,512,,,,,
216,Abyssea - Misareaux,texture,model   jug_wk06,5,0xA1,3TXD,64,64,,,,,
216,Abyssea - Misareaux,texture,model   jug_wk05,3,0xA1,3TXD,128,128,,,,,
216,Abyssea - Misareaux,texture,model   jug_wk04,3,0xA1,3TXD,64,64,,,,,
216,Abyssea - Misareaux,texture,model   jug_wk03,7,0xA1,3TXD,128,128,,,,,
216,Abyssea - Misareaux,texture,model   jug_wk02,6,0xA1,3TXD,64,64,,,,,
216,Abyssea - Misareaux,texture,model   jug_wk01,6,0xA1,3TXD,128,128,,,,,
216,Abyssea - Misareaux,texture,effect  hamo    ,1,0xA1,3TXD,64,64,,,,,
216,Abyssea - Misareaux,texture,effect  kas1    ,3,0xA1,3TXD,128,128,,,,,
216,Abyssea - Misareaux,texture,effect  kawa    ,8,0xB1,,64,64,,,,,leading_u32=0x00000001
216,Abyssea - Misareaux,texture,effect  kem1    ,0,0xA1,3TXD,64,64,,,,,unreferenced
216,Abyssea - Misareaux,texture,effect  niji    ,1,0xA1,3TXD,32,32,,,,,
216,Abyssea - Misareaux,texture,effect  shir    ,2,0xA1,3TXD,128,128,,,,,
216,Abyssea - Misareaux,texture,effect  strm    ,1,0xA1,3TXD,128,128,,,,,
216,Abyssea - Misareaux,texture,effect  taki    ,9,0xA1,3TXD,256,256,,,,,
216,Abyssea - Misareaux,texture,effect  umi1    ,0,0xA1,3TXD,128,128,,,,,unreferenced
216,Abyssea - Misareaux,texture,effect  umi2    ,4,0xA1,3TXD,64,64,,,,,
216,Abyssea - Misareaux,texture,effect  umi3    ,1,0xA1,3TXD,128,128,,,,,
216,Abyssea - Misareaux,texture,effect  light   ,0,0xA1,3TXD,128,128,,,,,unreferenced
216,Abyssea - Misareaux,segment,model   lat_riv ,54,,,,,0x0000,0x0000,0x000000C4,fa_iwa3         ,surface-name
216,Abyssea - Misareaux,segment,model   lat_riv ,54,,,,,0x0000,0x0000,0x0000003C,fa_iwa2d        ,surface-name
216,Abyssea - Misareaux,segment,model   lat_riv ,54,,,,,0x0000,0x0000,0x00000042,fa_iwa2         ,surface-name
216,Abyssea - Misareaux,segment,model   lat_riv ,54,,,,,0x0000,0x0000,0x0000003A,fa_iwa1d        ,surface-name
216,Abyssea - Misareaux,segment,model   lat_riv ,54,,,,,0x0000,0x0000,0x00000059,fa_iwa1         ,surface-name
216,Abyssea - Misareaux,segment,model   lat_riv ,54,,,,,0x8000,0x0000,0x00000059,fa_iwa1         ,surface-name
216,Abyssea - Misareaux,segment,model   ba_wal01,14,,,,,0x0000,0x0000,0x00000060,bah_iwa4_m      ,surface-name
216,Abyssea - Misareaux,segment,model   lat_wf  ,172,,,,,0x0000,0x0000,0x00000134,bah_iwa3_m      ,surface-name
216,Abyssea - Misareaux,segment,model   ba_wal01,14,,,,,0x0000,0x0000,0x00000134,bah_iwa3_m      ,surface-name
216,Abyssea - Misareaux,segment,model   ba_wal01,14,,,,,0x0000,0x0000,0x00000180,bah_iwa2b_m     ,surface-name
216,Abyssea - Misareaux,segment,model   ba_wal01,14,,,,,0x0000,0x0000,0x000000B4,bah_iwa1b       ,surface-name
216,Abyssea - Misareaux,segment,model   lat_wf  ,172,,,,,0x0000,0x0000,0x000000B4,bah_iwa1b       ,surface-name
216,Abyssea - Misareaux,segment,model   tb_ha01 ,14,,,,,0x2000,0x0000,0x00000000,_tb_siro1       ,blend-high
216,Abyssea - Misareaux,segment,model   rat_w02c,29,,,,,0x2000,0x0000,0x00000000,_tb_pap1        ,blend-high
216,Abyssea - Misareaux,segment,model   tb_ha01 ,14,,,,,0x2000,0x0000,0x00000000,_tb_lav1        ,blend-high
216,Abyssea - Misareaux,segment,model   tb_ha01 ,14,,,,,0x2000,0x0000,0x00000000,_tb_kiro1       ,blend-high
216,Abyssea - Misareaux,segment,model   tb_ha02 ,8,,,,,0x2000,0x0000,0x00000078,_tb_kiku1       ,blend-high
216,Abyssea - Misareaux,segment,model   tb_ha01 ,14,,,,,0x2000,0x0000,0x00000000,_tb_hoso3       ,blend-high
216,Abyssea - Misareaux,segment,model   tb_ha01 ,14,,,,,0x2000,0x0000,0x00000000,_tb_hoso2       ,blend-high
216,Abyssea - Misareaux,segment,model   tb_ha02 ,8,,,,,0x2000,0x0000,0x00000038,_tb_hoso1       ,blend-high
216,Abyssea - Misareaux,segment,model   jug_wk01,6,,,,,0x2000,0x0000,0x00000038,_tab_w04        ,blend-high
216,Abyssea - Misareaux,segment,model   jug_wk05,3,,,,,0x2000,0x0000,0x00000038,_tab_w04        ,blend-high
216,Abyssea - Misareaux,segment,model   jug_wk01,6,,,,,0x2000,0x0000,0x00000000,_tab_w03        ,blend-high
216,Abyssea - Misareaux,segment,model   jug_wk05,3,,,,,0x2000,0x0000,0x00000000,_tab_w03        ,blend-high
216,Abyssea - Misareaux,segment,model   jug_wk01,6,,,,,0x2000,0x0000,0x00000038,_tab_w01_nr     ,blend-high
216,Abyssea - Misareaux,segment,model   jug_wk05,3,,,,,0x2000,0x0000,0x00000038,_tab_w01_nr     ,blend-high
216,Abyssea - Misareaux,segment,model   jug_wk06,5,,,,,0x2000,0x0000,0x000000AA,_tab_w01_md_5p  ,blend-high
216,Abyssea - Misareaux,segment,model   jug_wk02,6,,,,,0x2000,0x0000,0x000000AA,_tab_w01_md_5p  ,blend-high
216,Abyssea - Misareaux,segment,model   jug_wk06,5,,,,,0x2000,0x0000,0x00000022,_tab_w01_md     ,blend-high
216,Abyssea - Misareaux,segment,model   jug_wk02,6,,,,,0x2000,0x0000,0x00000022,_tab_w01_md     ,blend-high
216,Abyssea - Misareaux,segment,model   jug_wk06,5,,,,,0x2000,0x0000,0x000000AA,_tab_w01_md2_5p ,blend-high
216,Abyssea - Misareaux,segment,model   jug_wk02,6,,,,,0x2000,0x0000,0x000000AA,_tab_w01_md2_5p ,blend-high
216,Abyssea - Misareaux,segment,model   jug_wk06,5,,,,,0x2000,0x0000,0x00000022,_tab_w01_md2    ,blend-high
216,Abyssea - Misareaux,segment,model   jug_wk02,6,,,,,0x2000,0x0000,0x00000022,_tab_w01_md2    ,blend-high
216,Abyssea - Misareaux,segment,model   jug_wk02,6,,,,,0x2000,0x0000,0x0000005A,_tab_w01_lw_5p  ,blend-high
216,Abyssea - Misareaux,segment,model   jug_wk06,5,,,,,0x2000,0x0000,0x0000005A,_tab_w01_lw_5p  ,blend-high
216,Abyssea - Misareaux,segment,model   rat_w02c,29,,,,,0x2000,0x0000,0x00000206,_tab_sugi2r     ,blend-high
216,Abyssea - Misareaux,segment,model   jug_wk03,7,,,,,0x2000,0x0000,0x00000206,_tab_sugi2r     ,blend-high
216,Abyssea - Misareaux,segment,                ,6,,,,,0x2000,0x0000,0x00000206,_tab_sugi2r     ,blend-high
216,Abyssea - Misareaux,segment,model   rat_w02c,29,,,,,0x2000,0x0000,0x00000000,_tab_sugi2_h    ,blend-high
216,Abyssea - Misareaux,segment,model   jug_wk03,7,,,,,0x2000,0x0000,0x00000000,_tab_sugi2_h    ,blend-high
216,Abyssea - Misareaux,segment,                ,6,,,,,0x2000,0x0000,0x00000000,_tab_sugi2_h    ,blend-high
216,Abyssea - Misareaux,segment,model   rat_w02c,29,,,,,0x2000,0x0000,0x00000000,_tab_sugi1_h    ,blend-high
216,Abyssea - Misareaux,segment,model   jug_wk03,7,,,,,0x2000,0x0000,0x00000000,_tab_sugi1_h    ,blend-high
216,Abyssea - Misareaux,segment,                ,6,,,,,0x2000,0x0000,0x00000000,_tab_sugi1_h    ,blend-high
216,Abyssea - Misareaux,segment,model   tb_ha01 ,14,,,,,0x2000,0x0000,0x00000270,_tab_hanab_fl2  ,blend-high
216,Abyssea - Misareaux,segment,model   tb_ha02 ,8,,,,,0x2000,0x0000,0x00000270,_tab_hanab_fl2  ,blend-high
216,Abyssea - Misareaux,segment,model   tb_ha01 ,14,,,,,0x2000,0x0000,0x00000000,_tab_hanab_fl1  ,blend-high
216,Abyssea - Misareaux,segment,model   tb_ha02 ,8,,,,,0x2000,0x0000,0x00000000,_tab_hanab_fl1  ,blend-high
216,Abyssea - Misareaux,segment,model   tb_ha01 ,14,,,,,0x2000,0x0000,0x00000000,_tab_hanab_8astj,blend-high
216,Abyssea - Misareaux,segment,model   tb_ha02 ,8,,,,,0x2000,0x0000,0x00000000,_tab_hanab_8astj,blend-high
216,Abyssea - Misareaux,segment,model   tb_ha01 ,14,,,,,0x2000,0x0000,0x00000000,_tab_hanab_8ast2,blend-high
216,Abyssea - Misareaux,segment,model   tb_ha02 ,8,,,,,0x2000,0x0000,0x00000000,_tab_hanab_8ast2,blend-high
216,Abyssea - Misareaux,segment,model   tb_ha01 ,14,,,,,0x2000,0x0000,0x00000000,_tab_hana_k02b  ,blend-high
216,Abyssea - Misareaux,segment,model   tb_ha01 ,14,,,,,0x2000,0x0000,0x00000000,_tab_hana_k02   ,blend-high
216,Abyssea - Misareaux,segment,model   tb_ha01 ,14,,,,,0x2000,0x0000,0x00000000,_tab_hana_01    ,blend-high
216,Abyssea - Misareaux,segment,model   tb_ha02 ,8,,,,,0x2000,0x0000,0x00000000,_tab_hana_01    ,blend-high
216,Abyssea - Misareaux,segment,model   jug_wk03,7,,,,,0x2000,0x0000,0x0000017A,_rat_w07_m      ,blend-high
216,Abyssea - Misareaux,segment,model   jug_wk04,3,,,,,0x2000,0x0000,0x0000024E,_rat_w05p_m     ,blend-high
216,Abyssea - Misareaux,segment,model   rat_w02c,29,,,,,0x2000,0x0000,0x0000024E,_rat_w05p_m     ,blend-high
216,Abyssea - Misareaux,segment,model   rat_w02c,29,,,,,0x2000,0x0000,0x00000076,_rat_w05_m      ,blend-high
216,Abyssea - Misareaux,segment,model   jug_wk04,3,,,,,0x2000,0x0000,0x00000076,_rat_w05_m      ,blend-high
216,Abyssea - Misareaux,segment,model   rat_w02c,29,,,,,0x2000,0x0000,0x00000000,_rat_w05_h      ,blend-high
216,Abyssea - Misareaux,segment,model   jug_wk03,7,,,,,0x2000,0x0000,0x00000000,_rat_w05_h      ,blend-high
216,Abyssea - Misareaux,segment,model   rat_w02c,29,,,,,0x2000,0x0000,0x000000AA,_rat_w04r       ,blend-high
216,Abyssea - Misareaux,segment,model   jug_wk03,7,,,,,0x2000,0x0000,0x000000AA,_rat_w04r       ,blend-high
216,Abyssea - Misareaux,segment,model   jug_wk04,3,,,,,0x2000,0x0000,0x00000076,_rat_w04_m      ,blend-high
216,Abyssea - Misareaux,segment,model   rat_w02c,29,,,,,0x2000,0x0000,0x00000076,_rat_w04_m      ,blend-high
216,Abyssea - Misareaux,segment,model   rat_w02c,29,,,,,0x2000,0x0000,0x00000000,_rat_w04_h      ,blend-high
216,Abyssea - Misareaux,segment,model   jug_wk03,7,,,,,0x2000,0x0000,0x00000000,_rat_w04_h      ,blend-high
216,Abyssea - Misareaux,segment,model   rat_w08c,1,,,,,0x2000,0x0000,0x00000000,_kusa_6p        ,surface-name+blend-high
216,Abyssea - Misareaux,segment,model   rat_w02c,29,,,,,0x2000,0x0000,0x00000065,_bo_w03_h       ,blend-high
216,Abyssea - Misareaux,segment,model   jug_wk01,6,,,,,0x2000,0x0000,0x00000065,_bo_w03_h       ,blend-high
216,Abyssea - Misareaux,segment,model   jug_wk01,6,,,,,0x2000,0x0000,0x00000063,_bo_w02_h       ,blend-high
216,Abyssea - Misareaux,segment,model   rat_w02c,29,,,,,0x2000,0x0000,0x00000063,_bo_w02_h       ,blend-high
216,Abyssea - Misareaux,segment,model   jug_wk01,6,,,,,0x2000,0x0000,0x00000012,_bo_w01_h       ,blend-high
216,Abyssea - Misareaux,segment,model   lat_wf  ,172,,,,,0x0000,0x0000,0x0000007D,se_lw_iwa5      ,surface-name
216,Abyssea - Misareaux,segment,model   lat_wf  ,172,,,,,0x0000,0x0000,0x0000004F,se_lw_iwa4      ,surface-name
216,Abyssea - Misareaux,segment,model   lat_wf  ,172,,,,,0x0000,0x0000,0x00000089,se_lw_iwa3      ,surface-name
216,Abyssea - Misareaux,segment,model   lat_wf  ,172,,,,,0x0000,0x0000,0x00000063,se_lw_iwa2      ,surface-name
216,Abyssea - Misareaux,segment,model   lat_wf  ,172,,,,,0x0000,0x0000,0x0000005A,se_lw_iwa1      ,surface-name
216,Abyssea - Misareaux,segment,model   lat_wf  ,172,,,,,0x2000,0x0000,0x00000270,nr_16a_tu_st1   ,blend-high
216,Abyssea - Misareaux,segment,model   lat_wf  ,172,,,,,0xA000,0x0000,0x00000270,nr_16a_tu_st1   ,blend-high
253,Abyssea - Uleguerand,texture,dark    kum4    ,0,0xB1,,256,128,,,,,unreferenced;leading_u32=0x00000001
253,Abyssea - Uleguerand,texture,dark    fine_a01,0,0xB1,,256,128,,,,,unreferenced;leading_u32=0x00000001
253,Abyssea - Uleguerand,texture,dark    kumo    ,0,0xB1,,256,128,,,,,unreferenced;leading_u32=0x00000001
253,Abyssea - Uleguerand,texture,moon    moonshap,0,0xA1,3TXD,256,256,,,,,unreferenced
253,Abyssea - Uleguerand,texture,moon    kasa    ,0,0xA1,3TXD,128,128,,,,,unreferenced
253,Abyssea - Uleguerand,texture,model   ebi     ,8,0xA1,3TXD,128,256,,,,,
253,Abyssea - Uleguerand,texture,model   fall    ,1,0xA1,3TXD,256,256,,,,,
253,Abyssea - Uleguerand,texture,model   freez   ,2,0xA1,3TXD,128,128,,,,,
253,Abyssea - Uleguerand,texture,model   fusigi  ,1,0xA1,3TXD,64,64,,,,,
253,Abyssea - Uleguerand,texture,model   gar_w05c,2,0xA1,3TXD,256,128,,,,,
253,Abyssea - Uleguerand,texture,model   ice     ,3,0xA1,3TXD,128,128,,,,,
253,Abyssea - Uleguerand,texture,model   jyu     ,16,0xA1,3TXD,256,256,,,,,
253,Abyssea - Uleguerand,texture,model   lake    ,29,0xA1,3TXD,512,512,,,,,
253,Abyssea - Uleguerand,texture,model   xar_f2  ,40,0xA1,3TXD,512,512,,,,,
253,Abyssea - Uleguerand,texture,model   xar_frs1,159,0xA1,3TXD,512,256,,,,,
253,Abyssea - Uleguerand,texture,model   xar_wll1,103,0xA1,3TXD,512,256,,,,,
253,Abyssea - Uleguerand,texture,model   xar_wll2,5,0xA1,3TXD,128,256,,,,,
253,Abyssea - Uleguerand,texture,model   xar_wll3,35,0xA1,3TXD,512,256,,,,,
253,Abyssea - Uleguerand,texture,model   xar_ykk1,109,0xA1,3TXD,512,256,,,,,
253,Abyssea - Uleguerand,texture,model   zal_w01c,9,0xA1,3TXD,256,256,,,,,
253,Abyssea - Uleguerand,texture,model   zal_w02c,6,0xA1,3TXD,256,128,,,,,
253,Abyssea - Uleguerand,texture,model   zal_w03c,3,0xA1,3TXD,128,128,,,,,
253,Abyssea - Uleguerand,texture,effect  pika    ,0,0xA1,3TXD,64,64,,,,,unreferenced
253,Abyssea - Uleguerand,texture,effect  iice    ,0,0xA1,3TXD,64,64,,,,,unreferenced
253,Abyssea - Uleguerand,texture,effect  kot2    ,1,0xA1,3TXD,64,64,,,,,
253,Abyssea - Uleguerand,texture,effect  kot1    ,1,0xA1,3TXD,64,64,,,,,
253,Abyssea - Uleguerand,texture,effect  yuka    ,0,0xA1,3TXD,64,64,,,,,unreferenced
253,Abyssea - Uleguerand,texture,effect  strm    ,0,0xA1,3TXD,128,128,,,,,unreferenced
253,Abyssea - Uleguerand,texture,effect  tama    ,0,0xA1,3TXD,32,32,,,,,unreferenced
253,Abyssea - Uleguerand,texture,effect  suit    ,0,0xA1,3TXD,32,32,,,,,unreferenced
253,Abyssea - Uleguerand,texture,effect  yuki    ,0,0xA1,3TXD,128,128,,,,,unreferenced
253,Abyssea - Uleguerand,texture,effect  yuk2    ,0,0xA1,3TXD,64,64,,,,,unreferenced
253,Abyssea - Uleguerand,texture,effect  hubu    ,0,0xA1,3TXD,64,64,,,,,unreferenced
253,Abyssea - Uleguerand,texture,effect  kem1    ,0,0xA1,3TXD,64,64,,,,,unreferenced
253,Abyssea - Uleguerand,texture,effect  fall    ,2,0xA1,3TXD,256,256,,,,,
253,Abyssea - Uleguerand,segment,model   xar_f2  ,40,,,,,0x0000,0x0000,0x000001B7,ice_a           ,surface-name
253,Abyssea - Uleguerand,segment,model   ice     ,3,,,,,0x0000,0x0000,0x000001B7,ice_a           ,surface-name
253,Abyssea - Uleguerand,segment,model   xar_f2  ,40,,,,,0x8000,0x0000,0x000001B7,ice_a           ,surface-name
253,Abyssea - Uleguerand,segment,model   ice     ,3,,,,,0x8000,0x0000,0x000001B7,ice_a           ,surface-name
253,Abyssea - Uleguerand,segment,model   ice     ,3,,,,,0x0000,0x0000,0x0000006E,ice_b           ,surface-name
253,Abyssea - Uleguerand,segment,model   lake    ,29,,,,,0x0000,0x0000,0x0000000F,icecube01       ,surface-name
253,Abyssea - Uleguerand,segment,model   lake    ,29,,,,,0x0000,0x0000,0x00000012,icecube02       ,surface-name
253,Abyssea - Uleguerand,segment,model   lake    ,29,,,,,0x0000,0x0000,0x00000018,icecube03       ,surface-name
253,Abyssea - Uleguerand,segment,model   lake    ,29,,,,,0x0000,0x0000,0x00000019,icecube04       ,surface-name
253,Abyssea - Uleguerand,segment,model   lake    ,29,,,,,0x0000,0x0000,0x0000000F,icecube05       ,surface-name
253,Abyssea - Uleguerand,segment,model   xar_frs1,159,,,,,0x0000,0x0000,0x00000079,lsl_stone01     ,surface-name
253,Abyssea - Uleguerand,segment,model   xar_ykk1,109,,,,,0x0000,0x0000,0x00000079,lsl_stone01     ,surface-name
253,Abyssea - Uleguerand,segment,model   lake    ,29,,,,,0x8000,0x0000,0x00000079,lsl_stone01     ,surface-name
253,Abyssea - Uleguerand,segment,model   xar_frs1,159,,,,,0x8000,0x0000,0x00000079,lsl_stone01     ,surface-name
253,Abyssea - Uleguerand,segment,model   xar_ykk1,109,,,,,0x8000,0x0000,0x00000079,lsl_stone01     ,surface-name
253,Abyssea - Uleguerand,segment,model   xar_frs1,159,,,,,0x0000,0x0000,0x0000006B,lsl_stone02     ,surface-name
253,Abyssea - Uleguerand,segment,model   xar_ykk1,109,,,,,0x0000,0x0000,0x0000006B,lsl_stone02     ,surface-name
253,Abyssea - Uleguerand,segment,model   xar_frs1,159,,,,,0x8000,0x0000,0x0000006B,lsl_stone02     ,surface-name
253,Abyssea - Uleguerand,segment,model   xar_ykk1,109,,,,,0x8000,0x0000,0x0000006B,lsl_stone02     ,surface-name
253,Abyssea - Uleguerand,segment,model   lake    ,29,,,,,0x8000,0x0000,0x0000006B,lsl_stone02     ,surface-name
253,Abyssea - Uleguerand,segment,model   zal_w01c,9,,,,,0x2000,0x0000,0x000000DE,zal_w01_h       ,blend-high
253,Abyssea - Uleguerand,segment,                ,3,,,,,0x2000,0x0000,0x000000DE,zal_w01_h       ,blend-high
253,Abyssea - Uleguerand,segment,model   xar_frs1,159,,,,,0xA000,0x0000,0x000000DE,zal_w01_h       ,blend-high
253,Abyssea - Uleguerand,segment,model   zal_w01c,9,,,,,0x2000,0x0000,0x00000026,zal_w01_l       ,blend-high
253,Abyssea - Uleguerand,segment,model   zal_w01c,9,,,,,0x2000,0x0000,0x0000008E,zal_w01_m       ,blend-high
253,Abyssea - Uleguerand,segment,model   zal_w01c,9,,,,,0x2000,0x0000,0x00000090,zal_w01b_h      ,blend-high
253,Abyssea - Uleguerand,segment,model   xar_frs1,159,,,,,0xA000,0x0000,0x00000090,zal_w01b_h      ,blend-high
253,Abyssea - Uleguerand,segment,model   zal_w01c,9,,,,,0x2000,0x0000,0x00000028,zal_w01b_l      ,blend-high
253,Abyssea - Uleguerand,segment,model   zal_w01c,9,,,,,0x2000,0x0000,0x00000084,zal_w01b_m      ,blend-high
253,Abyssea - Uleguerand,segment,model   gar_w05c,2,,,,,0x2000,0x0000,0x000000AA,_gar_w13_h      ,blend-high
253,Abyssea - Uleguerand,segment,model   zal_w02c,6,,,,,0x2000,0x0000,0x000000AA,_gar_w13_h      ,blend-high
253,Abyssea - Uleguerand,segment,model   gar_w05c,2,,,,,0x2000,0x0000,0x00000046,_gar_w13_m      ,blend-high
253,Abyssea - Uleguerand,segment,model   zal_w02c,6,,,,,0x2000,0x0000,0x00000046,_gar_w13_m      ,blend-high
253,Abyssea - Uleguerand,segment,model   zal_w01c,9,,,,,0x2000,0x0000,0x000001C8,_zal_w01c_h     ,blend-high
253,Abyssea - Uleguerand,segment,model   xar_frs1,159,,,,,0x2000,0x0000,0x000001C8,_zal_w01c_h     ,blend-high
253,Abyssea - Uleguerand,segment,model   zal_w01c,9,,,,,0x2000,0x0000,0x00000074,_zal_w01c_l     ,blend-high
253,Abyssea - Uleguerand,segment,model   zal_w02c,6,,,,,0x2000,0x0000,0x00000074,_zal_w01c_l     ,blend-high
253,Abyssea - Uleguerand,segment,model   xar_frs1,159,,,,,0x2000,0x0000,0x00000074,_zal_w01c_l     ,blend-high
253,Abyssea - Uleguerand,segment,model   xar_frs1,159,,,,,0x2000,0x0000,0x0000012C,_zal_w01c_m     ,blend-high
253,Abyssea - Uleguerand,segment,model   zal_w01c,9,,,,,0x2000,0x0000,0x0000012C,_zal_w01c_m     ,blend-high
253,Abyssea - Uleguerand,companion_group,fal,,,,,,,,,,effect  fall     | model   fall    
253,Abyssea - Uleguerand,companion_group,yuk,,,,,,,,,,effect  yuka     | effect  yuki    
256,Western Adoulin,texture,model   ad_fns1 ,1,0xA1,3TXD,128,128,,,,,
256,Western Adoulin,texture,model   ad_clg1 ,2,0xA1,3TXD,128,64,,,,,
256,Western Adoulin,texture,model   ad_grd5 ,53,0xA1,3TXD,128,128,,,,,
256,Western Adoulin,texture,model   ad_mrk1 ,12,0xA1,3TXD,128,128,,,,,
256,Western Adoulin,texture,model   ad_moku1,46,0xA1,3TXD,256,512,,,,,
256,Western Adoulin,texture,model   ad_stn1 ,23,0xA1,3TXD,128,128,,,,,
256,Western Adoulin,texture,model   ad_wal03,42,0xA1,3TXD,128,128,,,,,
256,Western Adoulin,texture,model   ad_bg1  ,22,0xA1,3TXD,128,128,,,,,
256,Western Adoulin,texture,model   ad_g_y1 ,51,0xA1,3TXD,128,128,,,,,
256,Western Adoulin,texture,model   ad_moku2,106,0xA1,3TXD,256,128,,,,,
256,Western Adoulin,texture,model   ad_rck1 ,25,0xA1,3TXD,128,128,,,,,
256,Western Adoulin,texture,model   ad_stn2 ,5,0xA1,3TXD,128,128,,,,,
256,Western Adoulin,texture,model   ad_far1 ,1,0xA1,3TXD,128,64,,,,,
256,Western Adoulin,texture,model   ad_bg2  ,14,0xA1,3TXD,64,64,,,,,
256,Western Adoulin,texture,model   ad_box  ,11,0xA1,3TXD,128,128,,,,,
256,Western Adoulin,texture,model   ad_drt1 ,2,0xA1,3TXD,128,64,,,,,
256,Western Adoulin,texture,model   ad_moku3,6,0xA1,3TXD,128,128,,,,,
256,Western Adoulin,texture,model   ad_path1,1,0xA1,3TXD,64,64,,,,,
256,Western Adoulin,texture,model   ad_dor1 ,41,0xA1,3TXD,256,256,,,,,
256,Western Adoulin,texture,model   ad_dor2 ,1,0xA1,3TXD,128,64,,,,,
256,Western Adoulin,texture,model   ad_umi  ,2,0xA1,3TXD,128,128,,,,,
256,Western Adoulin,texture,model   ad_w03  ,4,0xA1,3TXD,128,128,,,,,
256,Western Adoulin,texture,model   ad_edg1 ,76,0xA1,3TXD,256,256,,,,,
256,Western Adoulin,texture,model   ad_mon1 ,2,0xA1,3TXD,256,256,,,,,
256,Western Adoulin,texture,model   ad_prp5 ,6,0xA1,3TXD,128,64,,,,,
256,Western Adoulin,texture,model   ad_pil1 ,72,0xA1,3TXD,256,256,,,,,
256,Western Adoulin,texture,model   ad_ren1 ,73,0xA1,3TXD,256,128,,,,,
256,Western Adoulin,texture,model   ad_mon3 ,1,0xA1,3TXD,64,32,,,,,
256,Western Adoulin,texture,model   ad_w06  ,3,0xA1,3TXD,128,256,,,,,
256,Western Adoulin,texture,model   ad_mon4 ,1,0xA1,3TXD,128,64,,,,,
256,Western Adoulin,texture,model   ad_hata1,18,0xA1,3TXD,128,128,,,,,
256,Western Adoulin,texture,model   ad_mon5 ,2,0xA1,3TXD,64,32,,,,,
256,Western Adoulin,texture,model   ad_ren3 ,40,0xA1,3TXD,128,128,,,,,
256,Western Adoulin,texture,model   ad_grd1 ,64,0xA1,3TXD,256,512,,,,,
256,Western Adoulin,texture,model   ad_san1 ,23,0xA1,3TXD,128,64,,,,,
256,Western Adoulin,texture,model   ad_ten1 ,122,0xA1,3TXD,128,128,,,,,
256,Western Adoulin,texture,model   ad_twr1 ,6,0xA1,3TXD,128,128,,,,,
256,Western Adoulin,texture,model   ad_waku1,49,0xA1,3TXD,128,256,,,,,
256,Western Adoulin,texture,model   ad_kaa0 ,85,0xA1,3TXD,256,256,,,,,
256,Western Adoulin,texture,model   ad_turi1,4,0xA1,3TXD,256,128,,,,,
256,Western Adoulin,texture,model   ad_twr2 ,18,0xA1,3TXD,128,128,,,,,
256,Western Adoulin,texture,model   ad_kaa1 ,42,0xA1,3TXD,128,256,,,,,
256,Western Adoulin,texture,model   ad_sok1 ,2,0xA1,3TXD,128,256,,,,,
256,Western Adoulin,texture,model   ad1yuka ,1,0xA1,3TXD,128,128,,,,,
256,Western Adoulin,texture,model   ad_shp1 ,2,0xA1,3TXD,128,128,,,,,
256,Western Adoulin,texture,model   ad_prp4 ,92,0xA1,3TXD,256,256,,,,,
256,Western Adoulin,texture,model   ad_roof1,54,0xA1,3TXD,256,256,,,,,
256,Western Adoulin,texture,model   ad_clf1 ,22,0xA1,3TXD,256,128,,,,,
256,Western Adoulin,texture,model   ad_mrk0 ,14,0xA1,3TXD,128,128,,,,,
256,Western Adoulin,texture,model   ad_sok2 ,1,0xA1,3TXD,128,128,,,,,
256,Western Adoulin,texture,ligt    ligt    ,1,0xB1,,64,64,,,,,leading_u32=0x00000001
256,Western Adoulin,texture,ligt    lamp    ,1,0xB1,,64,64,,,,,leading_u32=0x00000001
256,Western Adoulin,texture,ligt    gail    ,6,0xA1,3TXD,64,64,,,,,
256,Western Adoulin,texture,ligt    gaib    ,1,0xA1,3TXD,64,32,,,,,
256,Western Adoulin,texture,ligt    window  ,2,0xB1,,64,64,,,,,leading_u32=0x00000001
256,Western Adoulin,texture,ligt    wint    ,2,0xB1,,64,64,,,,,leading_u32=0x00000001
256,Western Adoulin,texture,bird    kamo    ,2,0xA1,3TXD,64,64,,,,,
256,Western Adoulin,texture,funs    awaa    ,1,0xA1,3TXD,64,64,,,,,
256,Western Adoulin,texture,funs    sibk    ,1,0xB1,,64,64,,,,,leading_u32=0x00000001
256,Western Adoulin,texture,funs    miz0    ,2,0xA1,3TXD,64,64,,,,,
256,Western Adoulin,texture,funs    whit    ,1,0xA1,3TXD,16,16,,,,,
256,Western Adoulin,texture,funs    hmo2    ,4,0xA1,3TXD,128,128,,,,,
256,Western Adoulin,texture,kemr    ekm1    ,5,0xA1,3TXD,128,128,,,,,
256,Western Adoulin,texture,umi     seatex  ,2,0xA1,3TXD,128,256,,,,,
256,Western Adoulin,texture,umi     1wavtx  ,3,0xA1,3TXD,128,128,,,,,
256,Western Adoulin,texture,umi     whit    ,2,0xA1,3TXD,16,16,,,,,
256,Western Adoulin,texture,umi     kems    ,1,0xB1,,32,32,,,,,leading_u32=0x00000001
256,Western Adoulin,texture,fine    fine_a01,1,0xB1,,256,128,,,,,leading_u32=0x00000001
256,Western Adoulin,texture,ewindow lamp    ,3,0xB1,,64,64,,,,,leading_u32=0x00000001
256,Western Adoulin,texture,star    star01  ,2,0xA1,3TXD,64,64,,,,,
256,Western Adoulin,texture,star    star02  ,2,0xA1,3TXD,128,128,,,,,
256,Western Adoulin,texture,moon    moonshap,0,0xA1,3TXD,256,256,,,,,unreferenced
256,Western Adoulin,texture,moon    kasa    ,0,0xA1,3TXD,128,128,,,,,unreferenced
256,Western Adoulin,texture,lf02    lf02    ,0,0xB1,,128,256,,,,,unreferenced;leading_u32=0x00000002
256,Western Adoulin,texture,suny    suny_a01,2,0xB1,,256,256,,,,,leading_u32=0x00000001
256,Western Adoulin,texture,ewindow lamp    ,3,0xB1,,64,64,,,,,leading_u32=0x00000001
256,Western Adoulin,texture,star    star01  ,2,0xA1,3TXD,64,64,,,,,
256,Western Adoulin,texture,star    star02  ,2,0xA1,3TXD,128,128,,,,,
256,Western Adoulin,texture,lf01    lf01    ,0,0xB1,,128,256,,,,,unreferenced;leading_u32=0x00000002
256,Western Adoulin,texture,moon    moonshap,0,0xA1,3TXD,256,256,,,,,unreferenced
256,Western Adoulin,texture,moon    kasa    ,0,0xA1,3TXD,128,128,,,,,unreferenced
256,Western Adoulin,texture,mist    clod_a01,2,0xB1,,256,256,,,,,leading_u32=0x00000001
256,Western Adoulin,texture,lf03    lf03    ,0,0xB1,,128,256,,,,,unreferenced;leading_u32=0x00000002
256,Western Adoulin,texture,clod    clod_a01,2,0xB1,,256,256,,,,,leading_u32=0x00000001
256,Western Adoulin,texture,ewindow lamp    ,3,0xB1,,64,64,,,,,leading_u32=0x00000001
256,Western Adoulin,texture,lf03    lf03    ,0,0xB1,,128,256,,,,,unreferenced;leading_u32=0x00000002
256,Western Adoulin,texture,kemr    ekm1    ,5,0xA1,3TXD,128,128,,,,,
256,Western Adoulin,texture,kemr    ekm1    ,5,0xA1,3TXD,128,128,,,,,
256,Western Adoulin,texture,kemr    ekm1    ,5,0xA1,3TXD,128,128,,,,,
256,Western Adoulin,texture,kemr    ekm1    ,5,0xA1,3TXD,128,128,,,,,
256,Western Adoulin,texture,efdoor  win1    ,4,0xB1,,64,64,,,,,leading_u32=0x00000001
256,Western Adoulin,texture,efdoor  win1    ,4,0xB1,,64,64,,,,,leading_u32=0x00000001
256,Western Adoulin,texture,efdoor  win1    ,4,0xB1,,64,64,,,,,leading_u32=0x00000001
256,Western Adoulin,texture,efdoor  win1    ,4,0xB1,,64,64,,,,,leading_u32=0x00000001
256,Western Adoulin,segment,model   ad_rck1 ,25,,,,,0x0000,0x0000,0x0000007F,ado_rock01_st1  ,surface-name
256,Western Adoulin,segment,model   ad_clf1 ,22,,,,,0x0000,0x0000,0x0000007F,ado_rock01_st1  ,surface-name
256,Western Adoulin,segment,model   ad_rck1 ,25,,,,,0x8000,0x0000,0x0000007F,ado_rock01_st1  ,surface-name
256,Western Adoulin,segment,model   ad_w06  ,3,,,,,0x2000,0x0000,0x0000009C,_ad_palm01_h    ,blend-high
256,Western Adoulin,segment,model   ad_hata1,18,,,,,0x2000,0x0000,0x0000003A,_saku_stp       ,blend-high
256,Western Adoulin,segment,model   ad_clf1 ,22,,,,,0x0000,0x0000,0x0000005F,ado_rock01_st2  ,surface-name
256,Western Adoulin,segment,model   ad_rck1 ,25,,,,,0x0000,0x0000,0x0000005F,ado_rock01_st2  ,surface-name
256,Western Adoulin,segment,model   ad_rck1 ,25,,,,,0x8000,0x0000,0x0000005F,ado_rock01_st2  ,surface-name
256,Western Adoulin,segment,model   ad_hata1,18,,,,,0x2000,0x0000,0x00000076,_ado_tsuri2     ,blend-high
256,Western Adoulin,segment,model   ad_w06  ,3,,,,,0x2000,0x0000,0x00000038,_ado_w02        ,blend-high
256,Western Adoulin,segment,model   ad_prp4 ,92,,,,,0x0000,0x0000,0x00000116,ado_kusari01_h  ,surface-name
256,Western Adoulin,segment,model   ad_clf1 ,22,,,,,0x0000,0x0000,0x00000050,ado_rock01_co1  ,surface-name
256,Western Adoulin,segment,model   ad_rck1 ,25,,,,,0x0000,0x0000,0x00000050,ado_rock01_co1  ,surface-name
256,Western Adoulin,segment,model   ad_rck1 ,25,,,,,0x8000,0x0000,0x00000050,ado_rock01_co1  ,surface-name
256,Western Adoulin,segment,model   ad_clf1 ,22,,,,,0x0000,0x0000,0x00000044,iwa01           ,surface-name
256,Western Adoulin,segment,model   ad_clf1 ,22,,,,,0x0000,0x0000,0x00000044,iwa02           ,surface-name
256,Western Adoulin,segment,model   ad_w06  ,3,,,,,0x2000,0x0000,0x00000044,_ad_palm01_l    ,blend-high
256,Western Adoulin,segment,model   ad_prp4 ,92,,,,,0x2000,0x0000,0x0000000C,ado_rtnitem03   ,blend-high
256,Western Adoulin,segment,model   ad_prp4 ,92,,,,,0x2000,0x0000,0x00000010,ado_rtnitem04   ,blend-high
256,Western Adoulin,segment,model   ad_clf1 ,22,,,,,0x0000,0x0000,0x00000028,iwa03           ,surface-name
256,Western Adoulin,segment,model   ad_clf1 ,22,,,,,0x2000,0x0000,0x0000020E,ado_passage02c  ,blend-high
256,Western Adoulin,segment,model   ad_kaa1 ,42,,,,,0x2000,0x0000,0x0000020E,ado_passage02c  ,blend-high
256,Western Adoulin,segment,model   ad_waku1,49,,,,,0x2000,0x0000,0x0000020E,ado_passage02c  ,blend-high
256,Western Adoulin,segment,model   ad_rck1 ,25,,,,,0xA000,0x0000,0x0000020E,ado_passage02c  ,blend-high
256,Western Adoulin,segment,model   ad_san1 ,23,,,,,0x2000,0x0000,0x00000014,ado_rentes1     ,blend-high
256,Western Adoulin,segment,model   ad_hata1,18,,,,,0x2000,0x0000,0x000000EF,_ado_han04      ,blend-high
256,Western Adoulin,segment,model   ad_umi  ,2,,,,,0x0000,0x0000,0x00000020,water1          ,surface-name
256,Western Adoulin,segment,model   ad_moku2,106,,,,,0x2000,0x0000,0x000000A6,ado_kado06r2    ,blend-high
256,Western Adoulin,segment,model   ad_umi  ,2,,,,,0x0000,0x0000,0x00000008,water2          ,surface-name
256,Western Adoulin,segment,model   ad_pil1 ,72,,,,,0x2000,0x0000,0x000001DC,ado_gldwal1     ,blend-high
256,Western Adoulin,segment,model   ad_pil1 ,72,,,,,0x2000,0x0000,0x0000005F,ado_kd4s1       ,blend-high
256,Western Adoulin,segment,model   ad_shp1 ,2,,,,,0x2000,0x0000,0x0000011C,ado_roten02p1   ,blend-high
256,Western Adoulin,segment,model   ad_pil1 ,72,,,,,0x2000,0x0000,0x000000D3,ado_kado06p1    ,blend-high
256,Western Adoulin,segment,model   ad_shp1 ,2,,,,,0x2000,0x0000,0x000000C4,ado_roten01p1   ,blend-high
256,Western Adoulin,segment,bird    kamo    ,2,,,,,0x2000,0x0000,0x0000001D,kam0            ,blend-high
256,Western Adoulin,segment,bird    kamo    ,2,,,,,0xA000,0x0000,0x0000001D,kam0            ,blend-high
256,Western Adoulin,companion_group,ligtgai,,,,,,,,,,ligt    gaib     | ligt    gail    
257,Eastern Adoulin,texture,model   mhouse  ,21,0xA1,3TXD,128,128,,,,,
257,Eastern Adoulin,texture,model   ad_win1 ,1,0xA1,3TXD,64,64,,,,,
257,Eastern Adoulin,texture,model   ad_waku1,79,0xA1,3TXD,128,256,,,,,
257,Eastern Adoulin,texture,model   ad_umi  ,2,0xA1,3TXD,128,128,,,,,
257,Eastern Adoulin,texture,model   ad_twr2 ,7,0xA1,3TXD,128,128,,,,,
257,Eastern Adoulin,texture,model   ad_tua1 ,4,0xA1,3TXD,128,128,,,,,
257,Eastern Adoulin,texture,model   ad_tes1 ,27,0xA1,3TXD,128,64,,,,,
257,Eastern Adoulin,texture,model   ad_ten1 ,2,0xA1,3TXD,128,128,,,,,
257,Eastern Adoulin,texture,model   ad_stn3 ,90,0xA1,3TXD,256,256,,,,,
257,Eastern Adoulin,texture,model   ad_skaa0,13,0xA1,3TXD,128,128,,,,,
257,Eastern Adoulin,texture,model   ad_shp1 ,1,0xA1,3TXD,128,128,,,,,
257,Eastern Adoulin,texture,model   ad_roof3,38,0xA1,3TXD,128,256,,,,,
257,Eastern Adoulin,texture,model   ad_ren3 ,2,0xA1,3TXD,128,128,,,,,
257,Eastern Adoulin,texture,model   ad_ren1 ,2,0xA1,3TXD,256,128,,,,,
257,Eastern Adoulin,texture,model   ad_rck2 ,30,0xA1,3TXD,128,128,,,,,
257,Eastern Adoulin,texture,model   ad_rck1 ,34,0xA1,3TXD,128,128,,,,,
257,Eastern Adoulin,texture,model   ad_pil1 ,7,0xA1,3TXD,256,256,,,,,
257,Eastern Adoulin,texture,model   ad_mon2 ,1,0xA1,3TXD,64,64,,,,,
257,Eastern Adoulin,texture,model   ad_mon1 ,7,0xA1,3TXD,128,64,,,,,
257,Eastern Adoulin,texture,model   ad_moku3,4,0xA1,3TXD,128,128,,,,,
257,Eastern Adoulin,texture,model   ad_moku2,6,0xA1,3TXD,256,128,,,,,
257,Eastern Adoulin,texture,model   ad_kaa2 ,63,0xA1,3TXD,256,256,,,,,
257,Eastern Adoulin,texture,model   ad_kaa1 ,73,0xA1,3TXD,128,256,,,,,
257,Eastern Adoulin,texture,model   ad_hod1 ,12,0xA1,3TXD,128,256,,,,,
257,Eastern Adoulin,texture,model   ad_grd5 ,136,0xA1,3TXD,128,128,,,,,
257,Eastern Adoulin,texture,model   ad_grd1 ,103,0xA1,3TXD,256,512,,,,,
257,Eastern Adoulin,texture,model   ad_g_y1 ,8,0xA1,3TXD,128,128,,,,,
257,Eastern Adoulin,texture,model   ad_edg1 ,19,0xA1,3TXD,256,256,,,,,
257,Eastern Adoulin,texture,model   ad_duct ,24,0xA1,3TXD,128,256,,,,,
257,Eastern Adoulin,texture,model   ad_dor3 ,43,0xA1,3TXD,256,256,,,,,
257,Eastern Adoulin,texture,model   ad_clf1 ,29,0xA1,3TXD,256,128,,,,,
257,Eastern Adoulin,texture,model   ad1yuka ,1,0xA1,3TXD,128,128,,,,,
257,Eastern Adoulin,texture,model   a2_pla08,5,0xA1,3TXD,128,128,,,,,
257,Eastern Adoulin,texture,model   a2_pla06,2,0xA1,3TXD,128,64,,,,,
257,Eastern Adoulin,texture,model   a2_pla02,8,0xA1,3TXD,128,256,,,,,
257,Eastern Adoulin,texture,model   a2_pla01,7,0xA1,3TXD,128,128,,,,,
257,Eastern Adoulin,texture,model   a2_obj08,30,0xA1,3TXD,512,256,,,,,
257,Eastern Adoulin,texture,model   a2_obj04,22,0xA1,3TXD,256,256,,,,,
257,Eastern Adoulin,texture,model   a2_obj03,42,0xA1,3TXD,256,256,,,,,
257,Eastern Adoulin,texture,model   a2_obj02,7,0xA1,3TXD,256,256,,,,,
257,Eastern Adoulin,texture,model   a2_cstl1,2,0xA1,3TXD,128,128,,,,,
257,Eastern Adoulin,texture,clod    clod_a01,2,0xB1,,256,256,,,,,leading_u32=0x00000001
257,Eastern Adoulin,texture,enlight enlight ,3,0xB1,,64,64,,,,,leading_u32=0x00000001
257,Eastern Adoulin,texture,lf03    lf03    ,0,0xB1,,128,256,,,,,unreferenced;leading_u32=0x00000001
257,Eastern Adoulin,texture,mist    clod_a01,2,0xB1,,256,256,,,,,leading_u32=0x00000001
257,Eastern Adoulin,texture,lf03    lf03    ,0,0xB1,,128,256,,,,,unreferenced;leading_u32=0x00000001
257,Eastern Adoulin,texture,suny    suny_a01,2,0xB1,,256,256,,,,,leading_u32=0x00000001
257,Eastern Adoulin,texture,takikirapk32    ,0,0xA1,3TXD,32,32,,,,,unreferenced
257,Eastern Adoulin,texture,enlight enlight ,3,0xB1,,64,64,,,,,leading_u32=0x00000001
257,Eastern Adoulin,texture,star    star01  ,2,0xA1,3TXD,64,64,,,,,
257,Eastern Adoulin,texture,star    star02  ,2,0xA1,3TXD,128,128,,,,,
257,Eastern Adoulin,texture,lf01    lf01    ,0,0xB1,,128,256,,,,,unreferenced;leading_u32=0x00000001
257,Eastern Adoulin,texture,moon    moonshap,0,0xA1,3TXD,256,256,,,,,unreferenced
257,Eastern Adoulin,texture,moon    kasa    ,0,0xA1,3TXD,128,128,,,,,unreferenced
257,Eastern Adoulin,texture,fine    fine_a01,1,0xB1,,256,128,,,,,leading_u32=0x00000001
257,Eastern Adoulin,texture,takikirapk32    ,0,0xA1,3TXD,32,32,,,,,unreferenced
257,Eastern Adoulin,texture,enlight enlight ,3,0xB1,,64,64,,,,,leading_u32=0x00000001
257,Eastern Adoulin,texture,star    star01  ,2,0xA1,3TXD,64,64,,,,,
257,Eastern Adoulin,texture,star    star02  ,2,0xA1,3TXD,128,128,,,,,
257,Eastern Adoulin,texture,moon    moonshap,0,0xA1,3TXD,256,256,,,,,unreferenced
257,Eastern Adoulin,texture,moon    kasa    ,0,0xA1,3TXD,128,128,,,,,unreferenced
257,Eastern Adoulin,texture,lf02    lf02    ,0,0xB1,,128,256,,,,,unreferenced;leading_u32=0x00000001
257,Eastern Adoulin,texture,ligt    gaib    ,1,0xA1,3TXD,64,32,,,,,
257,Eastern Adoulin,texture,ligt    gail    ,4,0xA1,3TXD,64,64,,,,,
257,Eastern Adoulin,texture,ligt    lamp    ,2,0xB1,,64,64,,,,,leading_u32=0x00000001
257,Eastern Adoulin,texture,ligt    ligt    ,1,0xB1,,64,64,,,,,leading_u32=0x00000001
257,Eastern Adoulin,texture,ligt    win1    ,2,0xB1,,64,64,,,,,leading_u32=0x00000001
257,Eastern Adoulin,texture,ligt    window  ,3,0xA1,3TXD,64,64,,,,,
257,Eastern Adoulin,texture,ligt    winh    ,2,0xB1,,64,64,,,,,leading_u32=0x00000001
257,Eastern Adoulin,texture,ligt    wint    ,2,0xB1,,64,64,,,,,leading_u32=0x00000001
257,Eastern Adoulin,texture,taki    kem1    ,1,0xB1,,64,64,,,,,leading_u32=0x00000001
257,Eastern Adoulin,texture,taki    tak2    ,2,0xA1,3TXD,128,128,,,,,
257,Eastern Adoulin,texture,taki    kkem    ,1,0xA1,3TXD,64,64,,,,,
257,Eastern Adoulin,texture,suiro   miz0    ,6,0xB1,,128,128,,,,,leading_u32=0x00000001
257,Eastern Adoulin,texture,suiro   miz1    ,6,0xB1,,64,64,,,,,leading_u32=0x00000001
257,Eastern Adoulin,texture,umi     1wavtx  ,1,0xA1,3TXD,128,128,,,,,
257,Eastern Adoulin,texture,umi     whit    ,2,0xA1,3TXD,16,16,,,,,
257,Eastern Adoulin,texture,umi     seatex  ,2,0xA1,3TXD,128,256,,,,,
257,Eastern Adoulin,texture,bird    kamo    ,2,0xA1,3TXD,64,64,,,,,
257,Eastern Adoulin,texture,kemr    ekm1    ,3,0xA1,3TXD,128,128,,,,,
257,Eastern Adoulin,texture,ligt    lamp    ,2,0xB1,,64,64,,,,,leading_u32=0x00000001
257,Eastern Adoulin,texture,kemr    ekm1    ,3,0xA1,3TXD,128,128,,,,,
257,Eastern Adoulin,texture,efdoor  wint    ,4,0xA1,3TXD,64,64,,,,,
257,Eastern Adoulin,texture,kemr    ekm1    ,3,0xA1,3TXD,128,128,,,,,
257,Eastern Adoulin,texture,efdoor  wint    ,4,0xA1,3TXD,64,64,,,,,
257,Eastern Adoulin,segment,model   ad_dor3 ,43,,,,,0x2000,0x0000,0x0000000C,a2_rtnitem03    ,blend-high
257,Eastern Adoulin,segment,model   ad_shp1 ,1,,,,,0x2000,0x0000,0x000000C4,a2_roten01p1    ,blend-high
257,Eastern Adoulin,segment,model   a2_obj08,30,,,,,0x2000,0x0000,0x00000014,a2_rentes1      ,blend-high
257,Eastern Adoulin,segment,model   a2_obj08,30,,,,,0x2000,0x0000,0x000000CA,a2_kasa         ,blend-high
257,Eastern Adoulin,segment,model   ad_pil1 ,7,,,,,0x2000,0x0000,0x000001DC,a2_gldwal1      ,blend-high
257,Eastern Adoulin,segment,model   a2_pla06,2,,,,,0x2000,0x0000,0x000000A0,_flower_1       ,blend-high
257,Eastern Adoulin,segment,model   a2_pla02,8,,,,,0x2000,0x0000,0x00000038,_ado_w02        ,blend-high
257,Eastern Adoulin,segment,model   a2_pla08,5,,,,,0x2000,0x0000,0x00000108,_ad_palm02_h    ,blend-high
257,Eastern Adoulin,segment,model   a2_pla02,8,,,,,0x2000,0x0000,0x000000A0,_ad_palm01_m    ,blend-high
257,Eastern Adoulin,segment,model   a2_pla02,8,,,,,0x2000,0x0000,0x000000DC,_ad_palm01_h    ,blend-high
257,Eastern Adoulin,segment,model   a2_pla02,8,,,,,0x2000,0x0000,0x0000009C,_ad_kadan03     ,blend-high
257,Eastern Adoulin,segment,model   ad_tua1 ,4,,,,,0x2000,0x0000,0x0000009C,_ad_kadan03     ,blend-high
257,Eastern Adoulin,segment,model   a2_pla01,7,,,,,0x2000,0x0000,0x0000001C,_ad_flow03_h    ,blend-high
257,Eastern Adoulin,segment,model   a2_pla01,7,,,,,0x2000,0x0000,0x0000001C,_ad_flow02_h    ,blend-high
257,Eastern Adoulin,segment,model   a2_pla01,7,,,,,0x2000,0x0000,0x0000002C,_ad_flow01_h    ,blend-high
257,Eastern Adoulin,segment,model   a2_pla08,5,,,,,0x2000,0x0000,0x00000068,_ad_fern01_m    ,blend-high
257,Eastern Adoulin,segment,model   a2_pla08,5,,,,,0x2000,0x0000,0x00000090,_ad_fern01_h    ,blend-high
257,Eastern Adoulin,segment,model   a2_pla06,2,,,,,0x2000,0x0000,0x00000028,_a2_w11         ,blend-high
257,Eastern Adoulin,segment,model   ad_tua1 ,4,,,,,0x2000,0x0000,0x00000076,_a2_tsuta3      ,blend-high
257,Eastern Adoulin,segment,model   a2_pla02,8,,,,,0x2000,0x0000,0x00000076,_a2_tsuta3      ,blend-high
257,Eastern Adoulin,segment,model   ad_tua1 ,4,,,,,0x2000,0x0000,0x00000040,_a2_tsuta2      ,blend-high
257,Eastern Adoulin,segment,model   a2_pla02,8,,,,,0x2000,0x0000,0x00000040,_a2_tsuta2      ,blend-high
257,Eastern Adoulin,segment,model   ad_tua1 ,4,,,,,0x2000,0x0000,0x000000BA,_a2_tsuta1      ,blend-high
257,Eastern Adoulin,segment,model   a2_pla02,8,,,,,0x2000,0x0000,0x000000BA,_a2_tsuta1      ,blend-high
257,Eastern Adoulin,segment,model   a2_pla01,7,,,,,0x2000,0x0000,0x0000001C,_a2_kabin_w1    ,blend-high
257,Eastern Adoulin,segment,model   ad_umi  ,2,,,,,0x0000,0x0000,0x00000008,water2          ,surface-name
257,Eastern Adoulin,segment,model   ad_umi  ,2,,,,,0x0000,0x0000,0x00000020,water1          ,surface-name
257,Eastern Adoulin,segment,bird    kamo    ,2,,,,,0x2000,0x0000,0x0000001D,kam0            ,blend-high
257,Eastern Adoulin,segment,bird    kamo    ,2,,,,,0xA000,0x0000,0x0000001D,kam0            ,blend-high
257,Eastern Adoulin,companion_group,ligtgai,,,,,,,,,,ligt    gaib     | ligt    gail    
257,Eastern Adoulin,companion_group,ligtwin,,,,,,,,,,ligt    winh     | ligt    wint    
260,Yahse Hunting Grounds,texture,root    tbpk    ,0,0xA1,3TXD,64,64,,,,,unreferenced
260,Yahse Hunting Grounds,texture,root    pbwood  ,3,0xA1,3TXD,128,64,,,,,
260,Yahse Hunting Grounds,texture,model   go_kw01 ,1,0xA1,3TXD,256,128,,,,,
260,Yahse Hunting Grounds,texture,model   go_kw02 ,2,0xA1,3TXD,256,128,,,,,
260,Yahse Hunting Grounds,texture,model   go_kw04 ,4,0xA1,3TXD,256,128,,,,,
260,Yahse Hunting Grounds,texture,model   go_kw06 ,3,0xA1,3TXD,128,128,,,,,
260,Yahse Hunting Grounds,texture,model   kei_g01 ,31,0xA1,3TXD,256,256,,,,,
260,Yahse Hunting Grounds,texture,model   kei_g02 ,38,0xA1,3TXD,256,256,,,,,
260,Yahse Hunting Grounds,texture,model   kei_g03 ,17,0xA1,3TXD,512,256,,,,,
260,Yahse Hunting Grounds,texture,model   kei_iwa ,42,0xA1,3TXD,256,256,,,,,
260,Yahse Hunting Grounds,texture,model   kei_kab1,3,0xA1,3TXD,256,256,,,,,
260,Yahse Hunting Grounds,texture,model   kei_kusa,50,0xA1,3TXD,256,256,,,,,
260,Yahse Hunting Grounds,texture,model   kei_w01 ,5,0xA1,3TXD,128,128,,,,,
260,Yahse Hunting Grounds,texture,model   kei_w02 ,12,0xA1,3TXD,128,128,,,,,
260,Yahse Hunting Grounds,texture,model   kei_w03 ,7,0xA1,3TXD,128,128,,,,,
260,Yahse Hunting Grounds,texture,model   kei_w04 ,1,0xA1,3TXD,128,128,,,,,
260,Yahse Hunting Grounds,texture,model   kei_w05 ,8,0xA1,3TXD,128,256,,,,,
260,Yahse Hunting Grounds,texture,model   kei_w06 ,17,0xA1,3TXD,128,256,,,,,
260,Yahse Hunting Grounds,texture,model   kei_w08 ,3,0xA1,3TXD,256,256,,,,,
260,Yahse Hunting Grounds,texture,model   kei_w09 ,1,0xA1,3TXD,64,64,,,,,
260,Yahse Hunting Grounds,texture,model   kei_w10 ,1,0xA1,3TXD,256,128,,,,,
260,Yahse Hunting Grounds,texture,model   kei_w11 ,18,0xA1,3TXD,256,256,,,,,
260,Yahse Hunting Grounds,texture,model   kin_w02c,8,0xA1,3TXD,128,128,,,,,
260,Yahse Hunting Grounds,texture,model   kin_w04c,5,0xA1,3TXD,128,128,,,,,
260,Yahse Hunting Grounds,texture,model   kin_w07c,1,0xA1,3TXD,128,128,,,,,
260,Yahse Hunting Grounds,texture,model   kin_w08c,9,0xA1,3TXD,256,128,,,,,
260,Yahse Hunting Grounds,texture,model   par_w3  ,2,0xA1,3TXD,256,128,,,,,
260,Yahse Hunting Grounds,texture,model   sar_yuk3,2,0xA1,3TXD,256,256,,,,,
260,Yahse Hunting Grounds,texture,model   tenjo   ,4,0xA1,3TXD,256,256,,,,,
260,Yahse Hunting Grounds,texture,model   tent    ,1,0xA1,3TXD,256,256,,,,,
260,Yahse Hunting Grounds,texture,model   yu_w10c ,8,0xA1,3TXD,128,256,,,,,
260,Yahse Hunting Grounds,texture,model   yu_w11c ,22,0xA1,3TXD,128,128,,,,,
260,Yahse Hunting Grounds,texture,model   yut_ki2 ,1,0xA1,3TXD,128,256,,,,,
260,Yahse Hunting Grounds,texture,fish    koza    ,10,0xA1,3TXD,32,32,,,,,
260,Yahse Hunting Grounds,texture,fish    gya     ,5,0xA1,3TXD,128,64,,,,,
260,Yahse Hunting Grounds,texture,fish    gyb     ,5,0xA1,3TXD,128,64,,,,,
260,Yahse Hunting Grounds,texture,fish    gyc     ,5,0xA1,3TXD,128,64,,,,,
260,Yahse Hunting Grounds,texture,fish    tai     ,5,0xA1,3TXD,128,64,,,,,
260,Yahse Hunting Grounds,texture,fish    colba   ,5,0xA1,3TXD,32,32,,,,,
260,Yahse Hunting Grounds,texture,mosq    ka      ,0,0xA1,3TXD,128,64,,,,,unreferenced
260,Yahse Hunting Grounds,texture,lf03    lf03    ,0,0xB1,,128,256,,,,,unreferenced;leading_u32=0x00000002
260,Yahse Hunting Grounds,texture,fish    koza    ,10,0xA1,3TXD,32,32,,,,,
260,Yahse Hunting Grounds,texture,fish    gya     ,5,0xA1,3TXD,128,64,,,,,
260,Yahse Hunting Grounds,texture,fish    gyb     ,5,0xA1,3TXD,128,64,,,,,
260,Yahse Hunting Grounds,texture,fish    gyc     ,5,0xA1,3TXD,128,64,,,,,
260,Yahse Hunting Grounds,texture,fish    tai     ,5,0xA1,3TXD,128,64,,,,,
260,Yahse Hunting Grounds,texture,fish    colba   ,5,0xA1,3TXD,32,32,,,,,
260,Yahse Hunting Grounds,texture,star    star01  ,4,0xA1,3TXD,64,64,,,,,
260,Yahse Hunting Grounds,texture,star    star02  ,4,0xA1,3TXD,128,128,,,,,
260,Yahse Hunting Grounds,texture,moon    moonshap,0,0xA1,3TXD,256,256,,,,,unreferenced
260,Yahse Hunting Grounds,texture,moon    kasa    ,0,0xA1,3TXD,128,128,,,,,unreferenced
260,Yahse Hunting Grounds,texture,lf02    lf02    ,0,0xB1,,128,256,,,,,unreferenced;leading_u32=0x00000002
260,Yahse Hunting Grounds,texture,mist    clod_a01,2,0xB1,,256,256,,,,,leading_u32=0x00000001
260,Yahse Hunting Grounds,texture,fish    koza    ,10,0xA1,3TXD,32,32,,,,,
260,Yahse Hunting Grounds,texture,fish    gya     ,5,0xA1,3TXD,128,64,,,,,
260,Yahse Hunting Grounds,texture,fish    gyb     ,5,0xA1,3TXD,128,64,,,,,
260,Yahse Hunting Grounds,texture,fish    gyc     ,5,0xA1,3TXD,128,64,,,,,
260,Yahse Hunting Grounds,texture,fish    tai     ,5,0xA1,3TXD,128,64,,,,,
260,Yahse Hunting Grounds,texture,fish    colba   ,5,0xA1,3TXD,32,32,,,,,
260,Yahse Hunting Grounds,texture,lf03    lf03    ,0,0xB1,,128,256,,,,,unreferenced;leading_u32=0x00000002
260,Yahse Hunting Grounds,texture,suny    suny_a01,2,0xB1,,256,256,,,,,leading_u32=0x00000001
260,Yahse Hunting Grounds,texture,fish    koza    ,10,0xA1,3TXD,32,32,,,,,
260,Yahse Hunting Grounds,texture,fish    gya     ,5,0xA1,3TXD,128,64,,,,,
260,Yahse Hunting Grounds,texture,fish    gyb     ,5,0xA1,3TXD,128,64,,,,,
260,Yahse Hunting Grounds,texture,fish    gyc     ,5,0xA1,3TXD,128,64,,,,,
260,Yahse Hunting Grounds,texture,fish    tai     ,5,0xA1,3TXD,128,64,,,,,
260,Yahse Hunting Grounds,texture,fish    colba   ,5,0xA1,3TXD,32,32,,,,,
260,Yahse Hunting Grounds,texture,mosq    ka      ,0,0xA1,3TXD,128,64,,,,,unreferenced
260,Yahse Hunting Grounds,texture,star    star01  ,4,0xA1,3TXD,64,64,,,,,
260,Yahse Hunting Grounds,texture,star    star02  ,4,0xA1,3TXD,128,128,,,,,
260,Yahse Hunting Grounds,texture,moon    moonshap,0,0xA1,3TXD,256,256,,,,,unreferenced
260,Yahse Hunting Grounds,texture,moon    kasa    ,0,0xA1,3TXD,128,128,,,,,unreferenced
260,Yahse Hunting Grounds,texture,lf01    lf01    ,0,0xB1,,128,256,,,,,unreferenced;leading_u32=0x00000002
260,Yahse Hunting Grounds,texture,dryw    fine_a01,1,0xB1,,256,128,,,,,leading_u32=0x00000001
260,Yahse Hunting Grounds,texture,star    star01  ,4,0xA1,3TXD,64,64,,,,,
260,Yahse Hunting Grounds,texture,star    star02  ,4,0xA1,3TXD,128,128,,,,,
260,Yahse Hunting Grounds,texture,moon    moonshap,0,0xA1,3TXD,256,256,,,,,unreferenced
260,Yahse Hunting Grounds,texture,moon    kasa    ,0,0xA1,3TXD,128,128,,,,,unreferenced
260,Yahse Hunting Grounds,texture,lf02    lf02    ,0,0xB1,,128,256,,,,,unreferenced;leading_u32=0x00000002
260,Yahse Hunting Grounds,texture,wind    w_cloud ,2,0xB1,,256,256,,,,,leading_u32=0x00000001
260,Yahse Hunting Grounds,texture,wind    wsmk    ,0,0xB1,,64,64,,,,,unreferenced;leading_u32=0x00000002
260,Yahse Hunting Grounds,texture,fish    koza    ,10,0xA1,3TXD,32,32,,,,,
260,Yahse Hunting Grounds,texture,fish    gya     ,5,0xA1,3TXD,128,64,,,,,
260,Yahse Hunting Grounds,texture,fish    gyb     ,5,0xA1,3TXD,128,64,,,,,
260,Yahse Hunting Grounds,texture,fish    gyc     ,5,0xA1,3TXD,128,64,,,,,
260,Yahse Hunting Grounds,texture,fish    tai     ,5,0xA1,3TXD,128,64,,,,,
260,Yahse Hunting Grounds,texture,fish    colba   ,5,0xA1,3TXD,32,32,,,,,
260,Yahse Hunting Grounds,texture,jely    jel0    ,2,0xA1,3TXD,64,64,,,,,
260,Yahse Hunting Grounds,texture,star    star01  ,4,0xA1,3TXD,64,64,,,,,
260,Yahse Hunting Grounds,texture,star    star02  ,4,0xA1,3TXD,128,128,,,,,
260,Yahse Hunting Grounds,texture,moon    moonshap,0,0xA1,3TXD,256,256,,,,,unreferenced
260,Yahse Hunting Grounds,texture,moon    kasa    ,0,0xA1,3TXD,128,128,,,,,unreferenced
260,Yahse Hunting Grounds,texture,lf01    lf01    ,0,0xB1,,128,256,,,,,unreferenced;leading_u32=0x00000002
260,Yahse Hunting Grounds,texture,umi     abks    ,3,0xA1,3TXD,64,64,,,,,
260,Yahse Hunting Grounds,texture,umi     nam1    ,10,0xA1,3TXD,128,128,,,,,
260,Yahse Hunting Grounds,texture,umi     tayu    ,2,0xA1,3TXD,128,128,,,,,
260,Yahse Hunting Grounds,texture,umi     umi0    ,8,0xA1,3TXD,128,128,,,,,
260,Yahse Hunting Grounds,texture,umi     umi2    ,8,0xA1,3TXD,64,64,,,,,
260,Yahse Hunting Grounds,texture,umi     whit    ,8,0xA1,3TXD,16,16,,,,,
260,Yahse Hunting Grounds,segment,model   kei_w02 ,12,,,,,0x2000,0x0000,0x0000001E,_ke_wood05_l    ,blend-high
260,Yahse Hunting Grounds,segment,model   kei_w05 ,8,,,,,0x2000,0x0000,0x0000001E,_ke_wood05_l    ,blend-high
260,Yahse Hunting Grounds,segment,model   kei_w05 ,8,,,,,0x2000,0x0000,0x0000003A,_ke_wood05_m    ,blend-high
260,Yahse Hunting Grounds,segment,model   kei_w02 ,12,,,,,0x2000,0x0000,0x0000003A,_ke_wood05_m    ,blend-high
260,Yahse Hunting Grounds,segment,model   kei_kusa,50,,,,,0x0000,0x0000,0x00000166,ke_be_st_m      ,surface-name
260,Yahse Hunting Grounds,segment,model   kei_iwa ,42,,,,,0x0000,0x0000,0x00000166,ke_be_st_m      ,surface-name
260,Yahse Hunting Grounds,segment,model   kei_kusa,50,,,,,0x8000,0x0000,0x00000166,ke_be_st_m      ,surface-name
260,Yahse Hunting Grounds,segment,model   kei_kusa,50,,,,,0x0000,0x0000,0x00000261,ke_cave_en01_m  ,surface-name
260,Yahse Hunting Grounds,segment,model   kei_iwa ,42,,,,,0x0000,0x0000,0x00000261,ke_cave_en01_m  ,surface-name
260,Yahse Hunting Grounds,segment,model   kei_kusa,50,,,,,0x8000,0x0000,0x00000261,ke_cave_en01_m  ,surface-name
260,Yahse Hunting Grounds,segment,model   kei_iwa ,42,,,,,0x8000,0x0000,0x00000261,ke_cave_en01_m  ,surface-name
260,Yahse Hunting Grounds,segment,model   kei_iwa ,42,,,,,0x0000,0x0000,0x000000A3,ke_cave_en02_m  ,surface-name
260,Yahse Hunting Grounds,segment,model   kei_kusa,50,,,,,0x0000,0x0000,0x000001B1,ke_cl02_m       ,surface-name
260,Yahse Hunting Grounds,segment,model   kei_iwa ,42,,,,,0x0000,0x0000,0x000001B1,ke_cl02_m       ,surface-name
260,Yahse Hunting Grounds,segment,model   kei_kusa,50,,,,,0x8000,0x0000,0x000001B1,ke_cl02_m       ,surface-name
260,Yahse Hunting Grounds,segment,model   kei_iwa ,42,,,,,0x8000,0x0000,0x000001B1,ke_cl02_m       ,surface-name
260,Yahse Hunting Grounds,segment,model   kei_iwa ,42,,,,,0x0000,0x0000,0x0000017E,ke_cl03_m       ,surface-name
260,Yahse Hunting Grounds,segment,model   kei_kusa,50,,,,,0x0000,0x0000,0x0000017E,ke_cl03_m       ,surface-name
260,Yahse Hunting Grounds,segment,model   kei_kusa,50,,,,,0x8000,0x0000,0x0000017E,ke_cl03_m       ,surface-name
260,Yahse Hunting Grounds,segment,model   kei_iwa ,42,,,,,0x0000,0x0000,0x00000160,ke_cl04_m       ,surface-name
260,Yahse Hunting Grounds,segment,model   kei_kusa,50,,,,,0x0000,0x0000,0x00000160,ke_cl04_m       ,surface-name
260,Yahse Hunting Grounds,segment,model   kei_iwa ,42,,,,,0x8000,0x0000,0x00000160,ke_cl04_m       ,surface-name
260,Yahse Hunting Grounds,segment,model   kei_kusa,50,,,,,0x8000,0x0000,0x00000160,ke_cl04_m       ,surface-name
260,Yahse Hunting Grounds,segment,model   kei_iwa ,42,,,,,0x0000,0x0000,0x00000182,ke_cl05_m       ,surface-name
260,Yahse Hunting Grounds,segment,model   kei_kusa,50,,,,,0x0000,0x0000,0x00000182,ke_cl05_m       ,surface-name
260,Yahse Hunting Grounds,segment,model   kei_kusa,50,,,,,0x8000,0x0000,0x00000182,ke_cl05_m       ,surface-name
260,Yahse Hunting Grounds,segment,model   kei_kusa,50,,,,,0x0000,0x0000,0x00000170,ke_fl_m         ,surface-name
260,Yahse Hunting Grounds,segment,model   kei_kusa,50,,,,,0x8000,0x0000,0x00000170,ke_fl_m         ,surface-name
260,Yahse Hunting Grounds,segment,model   kei_kusa,50,,,,,0x0000,0x0000,0x000002F3,ke_ro_co_m      ,surface-name
260,Yahse Hunting Grounds,segment,model   kei_iwa ,42,,,,,0x0000,0x0000,0x000002F3,ke_ro_co_m      ,surface-name
260,Yahse Hunting Grounds,segment,model   kei_kusa,50,,,,,0x8000,0x0000,0x000002F3,ke_ro_co_m      ,surface-name
260,Yahse Hunting Grounds,segment,model   kei_iwa ,42,,,,,0x8000,0x0000,0x000002F3,ke_ro_co_m      ,surface-name
260,Yahse Hunting Grounds,segment,model   kei_kusa,50,,,,,0x0000,0x0000,0x00000224,ke_ro_en01_m    ,surface-name
260,Yahse Hunting Grounds,segment,model   kei_iwa ,42,,,,,0x0000,0x0000,0x00000224,ke_ro_en01_m    ,surface-name
260,Yahse Hunting Grounds,segment,model   kei_iwa ,42,,,,,0x8000,0x0000,0x00000224,ke_ro_en01_m    ,surface-name
260,Yahse Hunting Grounds,segment,model   kei_kusa,50,,,,,0x8000,0x0000,0x00000224,ke_ro_en01_m    ,surface-name
260,Yahse Hunting Grounds,segment,model   kei_kusa,50,,,,,0x0000,0x0000,0x0000023D,ke_ro_en02_m    ,surface-name
260,Yahse Hunting Grounds,segment,model   kei_iwa ,42,,,,,0x0000,0x0000,0x0000023D,ke_ro_en02_m    ,surface-name
260,Yahse Hunting Grounds,segment,model   kei_iwa ,42,,,,,0x8000,0x0000,0x0000023D,ke_ro_en02_m    ,surface-name
260,Yahse Hunting Grounds,segment,model   kei_kusa,50,,,,,0x8000,0x0000,0x0000023D,ke_ro_en02_m    ,surface-name
260,Yahse Hunting Grounds,segment,model   kei_kusa,50,,,,,0x0000,0x0000,0x0000023C,ke_ro_en03_m    ,surface-name
260,Yahse Hunting Grounds,segment,model   kei_iwa ,42,,,,,0x0000,0x0000,0x0000023C,ke_ro_en03_m    ,surface-name
260,Yahse Hunting Grounds,segment,model   kei_iwa ,42,,,,,0x8000,0x0000,0x0000023C,ke_ro_en03_m    ,surface-name
260,Yahse Hunting Grounds,segment,model   kei_kusa,50,,,,,0x8000,0x0000,0x0000023C,ke_ro_en03_m    ,surface-name
260,Yahse Hunting Grounds,segment,model   kei_kusa,50,,,,,0x0000,0x0000,0x000002B6,ke_ro_st01_m    ,surface-name
260,Yahse Hunting Grounds,segment,model   kei_iwa ,42,,,,,0x0000,0x0000,0x000002B6,ke_ro_st01_m    ,surface-name
260,Yahse Hunting Grounds,segment,model   kei_iwa ,42,,,,,0x8000,0x0000,0x000002B6,ke_ro_st01_m    ,surface-name
260,Yahse Hunting Grounds,segment,model   kei_kusa,50,,,,,0x8000,0x0000,0x000002B6,ke_ro_st01_m    ,surface-name
260,Yahse Hunting Grounds,segment,model   kei_kusa,50,,,,,0x0000,0x0000,0x0000029B,ke_ro_st02_m    ,surface-name
260,Yahse Hunting Grounds,segment,model   kei_iwa ,42,,,,,0x0000,0x0000,0x0000029B,ke_ro_st02_m    ,surface-name
260,Yahse Hunting Grounds,segment,model   kei_kusa,50,,,,,0x8000,0x0000,0x0000029B,ke_ro_st02_m    ,surface-name
260,Yahse Hunting Grounds,segment,model   kei_iwa ,42,,,,,0x8000,0x0000,0x0000029B,ke_ro_st02_m    ,surface-name
260,Yahse Hunting Grounds,segment,model   kei_kusa,50,,,,,0x0000,0x0000,0x00000340,ke_ro_tf_m      ,surface-name
260,Yahse Hunting Grounds,segment,model   kei_iwa ,42,,,,,0x0000,0x0000,0x00000340,ke_ro_tf_m      ,surface-name
260,Yahse Hunting Grounds,segment,model   kei_kusa,50,,,,,0x8000,0x0000,0x00000340,ke_ro_tf_m      ,surface-name
260,Yahse Hunting Grounds,segment,model   kei_iwa ,42,,,,,0x8000,0x0000,0x00000340,ke_ro_tf_m      ,surface-name
260,Yahse Hunting Grounds,segment,model   kei_iwa ,42,,,,,0x0000,0x0000,0x0000004E,ke_rock01_h     ,surface-name
260,Yahse Hunting Grounds,segment,model   kei_kusa,50,,,,,0x0000,0x0000,0x0000004E,ke_rock01_h     ,surface-name
260,Yahse Hunting Grounds,segment,model   kei_kusa,50,,,,,0x8000,0x0000,0x0000004E,ke_rock01_h     ,surface-name
260,Yahse Hunting Grounds,segment,model   kei_iwa ,42,,,,,0x0000,0x0000,0x00000083,ke_rock02_h     ,surface-name
260,Yahse Hunting Grounds,segment,model   kei_kusa,50,,,,,0x0000,0x0000,0x00000083,ke_rock02_h     ,surface-name
260,Yahse Hunting Grounds,segment,model   kei_kusa,50,,,,,0x8000,0x0000,0x00000083,ke_rock02_h     ,surface-name
260,Yahse Hunting Grounds,segment,model   kei_iwa ,42,,,,,0x0000,0x0000,0x0000005E,ke_rock03_h     ,surface-name
260,Yahse Hunting Grounds,segment,model   kei_kusa,50,,,,,0x0000,0x0000,0x0000005E,ke_rock03_h     ,surface-name
260,Yahse Hunting Grounds,segment,model   kei_kusa,50,,,,,0x8000,0x0000,0x0000005E,ke_rock03_h     ,surface-name
260,Yahse Hunting Grounds,segment,model   kei_iwa ,42,,,,,0x0000,0x0000,0x00000038,ke_stone05      ,surface-name
260,Yahse Hunting Grounds,segment,model   kei_kusa,50,,,,,0x0000,0x0000,0x00000038,ke_stone05      ,surface-name
260,Yahse Hunting Grounds,segment,model   kei_kusa,50,,,,,0x8000,0x0000,0x00000038,ke_stone05      ,surface-name
260,Yahse Hunting Grounds,segment,model   kei_iwa ,42,,,,,0x0000,0x0000,0x0000001F,ke_stone06      ,surface-name
260,Yahse Hunting Grounds,segment,model   kei_iwa ,42,,,,,0x0000,0x0000,0x00000017,ke_stone07      ,surface-name
260,Yahse Hunting Grounds,segment,model   kei_iwa ,42,,,,,0x0000,0x0000,0x00000011,ke_stone08      ,surface-name
260,Yahse Hunting Grounds,segment,model   kei_iwa ,42,,,,,0x0000,0x0000,0x00000020,ke_stone09      ,surface-name
260,Yahse Hunting Grounds,segment,model   kei_iwa ,42,,,,,0x0000,0x0000,0x00000030,ke_stone10      ,surface-name
260,Yahse Hunting Grounds,segment,model   kei_kusa,50,,,,,0x0000,0x0000,0x00000134,ke_trunk09      ,surface-name
260,Yahse Hunting Grounds,segment,model   kei_kusa,50,,,,,0x8000,0x0000,0x00000134,ke_trunk09      ,surface-name
260,Yahse Hunting Grounds,segment,model   kei_kusa,50,,,,,0x0000,0x0000,0x00000192,ke_wl_is_m      ,surface-name
260,Yahse Hunting Grounds,segment,model   kei_iwa ,42,,,,,0x0000,0x0000,0x00000192,ke_wl_is_m      ,surface-name
260,Yahse Hunting Grounds,segment,model   kei_kusa,50,,,,,0x8000,0x0000,0x00000192,ke_wl_is_m      ,surface-name
260,Yahse Hunting Grounds,segment,model   kei_iwa ,42,,,,,0x8000,0x0000,0x00000192,ke_wl_is_m      ,surface-name
260,Yahse Hunting Grounds,segment,model   kei_kusa,50,,,,,0x0000,0x0000,0x0000024D,ke_wl_os_m      ,surface-name
260,Yahse Hunting Grounds,segment,model   kei_iwa ,42,,,,,0x0000,0x0000,0x0000024D,ke_wl_os_m      ,surface-name
260,Yahse Hunting Grounds,segment,model   kei_kusa,50,,,,,0x8000,0x0000,0x0000024D,ke_wl_os_m      ,surface-name
260,Yahse Hunting Grounds,segment,model   kei_iwa ,42,,,,,0x8000,0x0000,0x0000024D,ke_wl_os_m      ,surface-name
260,Yahse Hunting Grounds,segment,model   kei_kusa,50,,,,,0x0000,0x0000,0x0000028C,ke_wl_ro_m      ,surface-name
260,Yahse Hunting Grounds,segment,model   kei_iwa ,42,,,,,0x0000,0x0000,0x0000028C,ke_wl_ro_m      ,surface-name
260,Yahse Hunting Grounds,segment,model   kei_kusa,50,,,,,0x8000,0x0000,0x0000028C,ke_wl_ro_m      ,surface-name
260,Yahse Hunting Grounds,segment,model   kei_iwa ,42,,,,,0x8000,0x0000,0x0000028C,ke_wl_ro_m      ,surface-name
260,Yahse Hunting Grounds,segment,model   kei_kusa,50,,,,,0x0000,0x0000,0x000001B3,ke_wl_st_m      ,surface-name
260,Yahse Hunting Grounds,segment,model   kei_iwa ,42,,,,,0x0000,0x0000,0x000001B3,ke_wl_st_m      ,surface-name
260,Yahse Hunting Grounds,segment,model   kei_kusa,50,,,,,0x8000,0x0000,0x000001B3,ke_wl_st_m      ,surface-name
260,Yahse Hunting Grounds,segment,model   kei_iwa ,42,,,,,0x8000,0x0000,0x000001B3,ke_wl_st_m      ,surface-name
260,Yahse Hunting Grounds,segment,model   kei_kusa,50,,,,,0x0000,0x0000,0x0000018D,yas_isl01       ,surface-name
260,Yahse Hunting Grounds,segment,model   kei_iwa ,42,,,,,0x0000,0x0000,0x0000018D,yas_isl01       ,surface-name
260,Yahse Hunting Grounds,segment,model   kei_kusa,50,,,,,0x8000,0x0000,0x0000018D,yas_isl01       ,surface-name
260,Yahse Hunting Grounds,segment,model   go_kw02 ,2,,,,,0x2000,0x0000,0x0000003F,_ke_bush01_h    ,blend-high
260,Yahse Hunting Grounds,segment,model   go_kw01 ,1,,,,,0x2000,0x0000,0x0000003F,_ke_bush01_h    ,blend-high
260,Yahse Hunting Grounds,segment,model   go_kw04 ,4,,,,,0x2000,0x0000,0x0000003F,_ke_bush01_h    ,blend-high
260,Yahse Hunting Grounds,segment,model   go_kw06 ,3,,,,,0x2000,0x0000,0x0000003F,_ke_bush01_h    ,blend-high
260,Yahse Hunting Grounds,segment,model   go_kw02 ,2,,,,,0x2000,0x0000,0x00000030,_ke_bush07_h    ,blend-high
260,Yahse Hunting Grounds,segment,model   go_kw06 ,3,,,,,0x2000,0x0000,0x00000020,_ke_bush08_h    ,blend-high
260,Yahse Hunting Grounds,segment,model   go_kw04 ,4,,,,,0x2000,0x0000,0x00000026,_ke_bush09_h    ,blend-high
260,Yahse Hunting Grounds,segment,model   go_kw04 ,4,,,,,0x2000,0x0000,0x0000001E,_ke_bush10_h    ,blend-high
260,Yahse Hunting Grounds,segment,model   go_kw06 ,3,,,,,0x2000,0x0000,0x0000002A,_ke_bush11_h    ,blend-high
260,Yahse Hunting Grounds,segment,model   go_kw04 ,4,,,,,0x2000,0x0000,0x0000000C,_ke_bush12_h    ,blend-high
260,Yahse Hunting Grounds,segment,model   yu_w10c ,8,,,,,0x2000,0x0000,0x000000A2,_ke_fern01_h    ,blend-high
260,Yahse Hunting Grounds,segment,model   yu_w10c ,8,,,,,0x2000,0x0000,0x000000AE,_ke_fern02_h    ,blend-high
260,Yahse Hunting Grounds,segment,model   yu_w10c ,8,,,,,0x2000,0x0000,0x000000AE,_ke_fern03_h    ,blend-high
260,Yahse Hunting Grounds,segment,model   kei_w06 ,17,,,,,0x2000,0x0000,0x00000030,_ke_fern04_h    ,blend-high
260,Yahse Hunting Grounds,segment,model   kei_w01 ,5,,,,,0x2000,0x0000,0x0000003E,_ke_flow01_l    ,blend-high
260,Yahse Hunting Grounds,segment,model   kei_w01 ,5,,,,,0x2000,0x0000,0x0000005C,_ke_flow01_m    ,blend-high
260,Yahse Hunting Grounds,segment,model   kin_w04c,5,,,,,0x2000,0x0000,0x00000020,_ke_flow02_l    ,blend-high
260,Yahse Hunting Grounds,segment,model   kin_w04c,5,,,,,0x2000,0x0000,0x00000028,_ke_flow02_m    ,blend-high
260,Yahse Hunting Grounds,segment,model   kin_w04c,5,,,,,0x2000,0x0000,0x00000067,_ke_flow03_h    ,blend-high
260,Yahse Hunting Grounds,segment,model   kin_w08c,9,,,,,0x2000,0x0000,0x0000023E,_ke_flow04_h    ,blend-high
260,Yahse Hunting Grounds,segment,model   kei_g03 ,17,,,,,0xA000,0x0000,0x0000023E,_ke_flow04_h    ,blend-high
260,Yahse Hunting Grounds,segment,model   kin_w08c,9,,,,,0x2000,0x0000,0x0000009B,_ke_flow04_m    ,blend-high
260,Yahse Hunting Grounds,segment,model   kin_w08c,9,,,,,0x2000,0x0000,0x0000023E,_ke_flow04b_h   ,blend-high
260,Yahse Hunting Grounds,segment,model   kei_g03 ,17,,,,,0xA000,0x0000,0x0000023E,_ke_flow04b_h   ,blend-high
260,Yahse Hunting Grounds,segment,model   kin_w08c,9,,,,,0x2000,0x0000,0x0000009B,_ke_flow04b_m   ,blend-high
260,Yahse Hunting Grounds,segment,model   kin_w08c,9,,,,,0x2000,0x0000,0x0000023E,_ke_flow04c_h   ,blend-high
260,Yahse Hunting Grounds,segment,model   kei_g03 ,17,,,,,0xA000,0x0000,0x0000023E,_ke_flow04c_h   ,blend-high
260,Yahse Hunting Grounds,segment,model   kin_w08c,9,,,,,0x2000,0x0000,0x0000009B,_ke_flow04c_m   ,blend-high
260,Yahse Hunting Grounds,segment,model   kin_w07c,1,,,,,0x2000,0x0000,0x00000042,_ke_flow05_h    ,blend-high
260,Yahse Hunting Grounds,segment,model   kei_kusa,50,,,,,0x8000,0x0000,0x000000E0,_ke_palm03_h    ,surface-name
260,Yahse Hunting Grounds,segment,model   kin_w02c,8,,,,,0x2000,0x0000,0x000000E0,_ke_palm03_h    ,blend-high
260,Yahse Hunting Grounds,segment,model   kin_w02c,8,,,,,0x2000,0x0000,0x00000098,_ke_palm03_m    ,blend-high
260,Yahse Hunting Grounds,segment,model   kei_kusa,50,,,,,0x8000,0x0000,0x000000E0,_ke_palm04_h    ,surface-name
260,Yahse Hunting Grounds,segment,model   kei_w06 ,17,,,,,0x2000,0x0000,0x0000009C,_ke_palm05_h    ,blend-high
260,Yahse Hunting Grounds,segment,model   kei_w03 ,7,,,,,0x2000,0x0000,0x0000009C,_ke_palm05_h    ,blend-high
260,Yahse Hunting Grounds,segment,model   kei_w05 ,8,,,,,0x2000,0x0000,0x00000030,_ke_wood04_h    ,blend-high
260,Yahse Hunting Grounds,segment,model   kei_w02 ,12,,,,,0x2000,0x0000,0x00000030,_ke_wood04_h    ,blend-high
260,Yahse Hunting Grounds,segment,model   kei_w02 ,12,,,,,0x2000,0x0000,0x0000001A,_ke_wood04_l    ,blend-high
260,Yahse Hunting Grounds,segment,model   kei_w05 ,8,,,,,0x2000,0x0000,0x0000001A,_ke_wood04_l    ,blend-high
260,Yahse Hunting Grounds,segment,model   kei_w02 ,12,,,,,0x2000,0x0000,0x00000026,_ke_wood04_m    ,blend-high
260,Yahse Hunting Grounds,segment,model   kei_w02 ,12,,,,,0x2000,0x0000,0x0000005D,_ke_wood05_h    ,blend-high
260,Yahse Hunting Grounds,companion_group,fishgy,,,,,,,,,,fish    gya      | fish    gyb      | fish    gyc     
261,Ceizak Battlegrounds,texture,model   kei_bos1,1,0xA1,3TXD,128,128,,,,,
261,Ceizak Battlegrounds,texture,model   kei_bos2,1,0xA1,3TXD,64,64,,,,,
261,Ceizak Battlegrounds,texture,model   kei_bos3,1,0xA1,3TXD,128,256,,,,,
261,Ceizak Battlegrounds,texture,model   kei_bos6,1,0xA1,3TXD,128,128,,,,,
261,Ceizak Battlegrounds,texture,model   kei_bos7,1,0xA1,3TXD,128,128,,,,,
261,Ceizak Battlegrounds,texture,model   kei_g01 ,36,0xA1,3TXD,256,256,,,,,
261,Ceizak Battlegrounds,texture,model   kei_g02 ,44,0xA1,3TXD,256,256,,,,,
261,Ceizak Battlegrounds,texture,model   kei_g03 ,19,0xA1,3TXD,512,256,,,,,
261,Ceizak Battlegrounds,texture,model   kei_gate,1,0xA1,3TXD,256,256,,,,,
261,Ceizak Battlegrounds,texture,model   kei_iwa ,48,0xA1,3TXD,256,256,,,,,
261,Ceizak Battlegrounds,texture,model   kei_kab1,3,0xA1,3TXD,256,256,,,,,
261,Ceizak Battlegrounds,texture,model   kei_kusa,59,0xA1,3TXD,256,256,,,,,
261,Ceizak Battlegrounds,texture,model   kei_w01 ,7,0xA1,3TXD,128,128,,,,,
261,Ceizak Battlegrounds,texture,model   kei_w02 ,12,0xA1,3TXD,128,128,,,,,
261,Ceizak Battlegrounds,texture,model   kei_w03 ,9,0xA1,3TXD,128,128,,,,,
261,Ceizak Battlegrounds,texture,model   kei_w04 ,2,0xA1,3TXD,128,128,,,,,
261,Ceizak Battlegrounds,texture,model   kei_w05 ,9,0xA1,3TXD,128,256,,,,,
261,Ceizak Battlegrounds,texture,model   kei_w06 ,21,0xA1,3TXD,128,256,,,,,
261,Ceizak Battlegrounds,texture,model   kei_w08 ,3,0xA1,3TXD,256,256,,,,,
261,Ceizak Battlegrounds,texture,model   kei_w09 ,1,0xA1,3TXD,64,64,,,,,
261,Ceizak Battlegrounds,texture,model   kei_w10 ,1,0xA1,3TXD,256,128,,,,,
261,Ceizak Battlegrounds,texture,model   kei_w11 ,24,0xA1,3TXD,256,256,,,,,
261,Ceizak Battlegrounds,texture,model   kin_w02c,8,0xA1,3TXD,128,128,,,,,
261,Ceizak Battlegrounds,texture,model   kin_w04c,5,0xA1,3TXD,128,128,,,,,
261,Ceizak Battlegrounds,texture,model   kin_w07c,1,0xA1,3TXD,128,128,,,,,
261,Ceizak Battlegrounds,texture,model   kin_w08c,9,0xA1,3TXD,256,128,,,,,
261,Ceizak Battlegrounds,texture,model   par_w3  ,2,0xA1,3TXD,256,128,,,,,
261,Ceizak Battlegrounds,texture,model   par_w4  ,1,0xA1,3TXD,128,128,,,,,
261,Ceizak Battlegrounds,texture,model   par_w6  ,1,0xA1,3TXD,128,128,,,,,
261,Ceizak Battlegrounds,texture,model   sar_yuk3,2,0xA1,3TXD,256,256,,,,,
261,Ceizak Battlegrounds,texture,model   tenjo   ,6,0xA1,3TXD,256,256,,,,,
261,Ceizak Battlegrounds,texture,model   tent    ,1,0xA1,3TXD,256,256,,,,,
261,Ceizak Battlegrounds,texture,model   tu_w04c ,2,0xA1,3TXD,128,128,,,,,
261,Ceizak Battlegrounds,texture,model   warp    ,1,0xA1,3TXD,128,256,,,,,
261,Ceizak Battlegrounds,texture,model   yu_w09c ,3,0xA1,3TXD,128,128,,,,,
261,Ceizak Battlegrounds,texture,model   yu_w10c ,8,0xA1,3TXD,128,256,,,,,
261,Ceizak Battlegrounds,texture,model   yu_w11c ,23,0xA1,3TXD,128,128,,,,,
261,Ceizak Battlegrounds,texture,model   yut_ki2 ,4,0xA1,3TXD,128,256,,,,,
261,Ceizak Battlegrounds,texture,model   ado_gate,1,0xA1,3TXD,128,128,,,,,
261,Ceizak Battlegrounds,texture,model   go_kw01 ,5,0xA1,3TXD,256,128,,,,,
261,Ceizak Battlegrounds,texture,model   go_kw02 ,3,0xA1,3TXD,256,128,,,,,
261,Ceizak Battlegrounds,texture,model   go_kw04 ,4,0xA1,3TXD,256,128,,,,,
261,Ceizak Battlegrounds,texture,model   go_kw05 ,1,0xA1,3TXD,128,128,,,,,
261,Ceizak Battlegrounds,texture,model   go_kw06 ,3,0xA1,3TXD,128,128,,,,,
261,Ceizak Battlegrounds,texture,model   kahi    ,4,0xA1,3TXD,128,256,,,,,
261,Ceizak Battlegrounds,texture,fish    koza    ,10,0xA1,3TXD,32,32,,,,,
261,Ceizak Battlegrounds,texture,fish    gya     ,5,0xA1,3TXD,128,64,,,,,
261,Ceizak Battlegrounds,texture,fish    gyb     ,5,0xA1,3TXD,128,64,,,,,
261,Ceizak Battlegrounds,texture,fish    gyc     ,5,0xA1,3TXD,128,64,,,,,
261,Ceizak Battlegrounds,texture,fish    tai     ,5,0xA1,3TXD,128,64,,,,,
261,Ceizak Battlegrounds,texture,fish    colba   ,5,0xA1,3TXD,32,32,,,,,
261,Ceizak Battlegrounds,texture,mosq    ka      ,0,0xA1,3TXD,128,64,,,,,unreferenced
261,Ceizak Battlegrounds,texture,lf03    lf03    ,0,0xB1,,128,256,,,,,unreferenced;leading_u32=0x00000002
261,Ceizak Battlegrounds,texture,fish    koza    ,10,0xA1,3TXD,32,32,,,,,
261,Ceizak Battlegrounds,texture,fish    gya     ,5,0xA1,3TXD,128,64,,,,,
261,Ceizak Battlegrounds,texture,fish    gyb     ,5,0xA1,3TXD,128,64,,,,,
261,Ceizak Battlegrounds,texture,fish    gyc     ,5,0xA1,3TXD,128,64,,,,,
261,Ceizak Battlegrounds,texture,fish    tai     ,5,0xA1,3TXD,128,64,,,,,
261,Ceizak Battlegrounds,texture,fish    colba   ,5,0xA1,3TXD,32,32,,,,,
261,Ceizak Battlegrounds,texture,star    star01  ,4,0xA1,3TXD,64,64,,,,,
261,Ceizak Battlegrounds,texture,star    star02  ,4,0xA1,3TXD,128,128,,,,,
261,Ceizak Battlegrounds,texture,moon    moonshap,0,0xA1,3TXD,256,256,,,,,unreferenced
261,Ceizak Battlegrounds,texture,moon    kasa    ,0,0xA1,3TXD,128,128,,,,,unreferenced
261,Ceizak Battlegrounds,texture,lf02    lf02    ,0,0xB1,,128,256,,,,,unreferenced;leading_u32=0x00000002
261,Ceizak Battlegrounds,texture,mist    clod_a01,2,0xB1,,256,256,,,,,leading_u32=0x00000001
261,Ceizak Battlegrounds,texture,fish    koza    ,10,0xA1,3TXD,32,32,,,,,
261,Ceizak Battlegrounds,texture,fish    gya     ,5,0xA1,3TXD,128,64,,,,,
261,Ceizak Battlegrounds,texture,fish    gyb     ,5,0xA1,3TXD,128,64,,,,,
261,Ceizak Battlegrounds,texture,fish    gyc     ,5,0xA1,3TXD,128,64,,,,,
261,Ceizak Battlegrounds,texture,fish    tai     ,5,0xA1,3TXD,128,64,,,,,
261,Ceizak Battlegrounds,texture,fish    colba   ,5,0xA1,3TXD,32,32,,,,,
261,Ceizak Battlegrounds,texture,lf03    lf03    ,0,0xB1,,128,256,,,,,unreferenced;leading_u32=0x00000002
261,Ceizak Battlegrounds,texture,suny    suny_a01,2,0xB1,,256,256,,,,,leading_u32=0x00000001
261,Ceizak Battlegrounds,texture,fish    koza    ,10,0xA1,3TXD,32,32,,,,,
261,Ceizak Battlegrounds,texture,fish    gya     ,5,0xA1,3TXD,128,64,,,,,
261,Ceizak Battlegrounds,texture,fish    gyb     ,5,0xA1,3TXD,128,64,,,,,
261,Ceizak Battlegrounds,texture,fish    gyc     ,5,0xA1,3TXD,128,64,,,,,
261,Ceizak Battlegrounds,texture,fish    tai     ,5,0xA1,3TXD,128,64,,,,,
261,Ceizak Battlegrounds,texture,fish    colba   ,5,0xA1,3TXD,32,32,,,,,
261,Ceizak Battlegrounds,texture,mosq    ka      ,0,0xA1,3TXD,128,64,,,,,unreferenced
261,Ceizak Battlegrounds,texture,star    star01  ,4,0xA1,3TXD,64,64,,,,,
261,Ceizak Battlegrounds,texture,star    star02  ,4,0xA1,3TXD,128,128,,,,,
261,Ceizak Battlegrounds,texture,moon    moonshap,0,0xA1,3TXD,256,256,,,,,unreferenced
261,Ceizak Battlegrounds,texture,moon    kasa    ,0,0xA1,3TXD,128,128,,,,,unreferenced
261,Ceizak Battlegrounds,texture,lf01    lf01    ,0,0xB1,,128,256,,,,,unreferenced;leading_u32=0x00000002
261,Ceizak Battlegrounds,texture,dryw    fine_a01,1,0xB1,,256,128,,,,,leading_u32=0x00000001
261,Ceizak Battlegrounds,texture,star    star01  ,4,0xA1,3TXD,64,64,,,,,
261,Ceizak Battlegrounds,texture,star    star02  ,4,0xA1,3TXD,128,128,,,,,
261,Ceizak Battlegrounds,texture,moon    moonshap,0,0xA1,3TXD,256,256,,,,,unreferenced
261,Ceizak Battlegrounds,texture,moon    kasa    ,0,0xA1,3TXD,128,128,,,,,unreferenced
261,Ceizak Battlegrounds,texture,lf02    lf02    ,0,0xB1,,128,256,,,,,unreferenced;leading_u32=0x00000002
261,Ceizak Battlegrounds,texture,wind    w_cloud ,2,0xB1,,256,256,,,,,leading_u32=0x00000001
261,Ceizak Battlegrounds,texture,wind    wsmk    ,0,0xB1,,64,64,,,,,unreferenced;leading_u32=0x00000001
261,Ceizak Battlegrounds,texture,fish    koza    ,10,0xA1,3TXD,32,32,,,,,
261,Ceizak Battlegrounds,texture,fish    gya     ,5,0xA1,3TXD,128,64,,,,,
261,Ceizak Battlegrounds,texture,fish    gyb     ,5,0xA1,3TXD,128,64,,,,,
261,Ceizak Battlegrounds,texture,fish    gyc     ,5,0xA1,3TXD,128,64,,,,,
261,Ceizak Battlegrounds,texture,fish    tai     ,5,0xA1,3TXD,128,64,,,,,
261,Ceizak Battlegrounds,texture,fish    colba   ,5,0xA1,3TXD,32,32,,,,,
261,Ceizak Battlegrounds,texture,jely    jel0    ,2,0xA1,3TXD,64,64,,,,,
261,Ceizak Battlegrounds,texture,star    star01  ,4,0xA1,3TXD,64,64,,,,,
261,Ceizak Battlegrounds,texture,star    star02  ,4,0xA1,3TXD,128,128,,,,,
261,Ceizak Battlegrounds,texture,moon    moonshap,0,0xA1,3TXD,256,256,,,,,unreferenced
261,Ceizak Battlegrounds,texture,moon    kasa    ,0,0xA1,3TXD,128,128,,,,,unreferenced
261,Ceizak Battlegrounds,texture,lf01    lf01    ,0,0xB1,,128,256,,,,,unreferenced;leading_u32=0x00000002
261,Ceizak Battlegrounds,texture,umi     nam1    ,7,0xA1,3TXD,128,128,,,,,
261,Ceizak Battlegrounds,texture,umi     tayu    ,2,0xA1,3TXD,128,128,,,,,
261,Ceizak Battlegrounds,texture,umi     umi0    ,8,0xA1,3TXD,128,128,,,,,
261,Ceizak Battlegrounds,texture,umi     umi2    ,4,0xA1,3TXD,64,64,,,,,
261,Ceizak Battlegrounds,texture,umi     whit    ,4,0xA1,3TXD,16,16,,,,,
261,Ceizak Battlegrounds,texture,umi     abks    ,3,0xA1,3TXD,64,64,,,,,
261,Ceizak Battlegrounds,texture,root    tbpk    ,0,0xA1,3TXD,64,64,,,,,unreferenced
261,Ceizak Battlegrounds,texture,root    pbwood  ,3,0xA1,3TXD,128,64,,,,,
261,Ceizak Battlegrounds,segment,model   kei_kusa,59,,,,,0x0000,0x0000,0x00000134,ke_trunk09      ,surface-name
261,Ceizak Battlegrounds,segment,model   kei_kusa,59,,,,,0x8000,0x0000,0x00000134,ke_trunk09      ,surface-name
261,Ceizak Battlegrounds,segment,model   kei_kusa,59,,,,,0x0000,0x0000,0x00000192,ke_wl_is_m      ,surface-name
261,Ceizak Battlegrounds,segment,model   kei_iwa ,48,,,,,0x0000,0x0000,0x00000192,ke_wl_is_m      ,surface-name
261,Ceizak Battlegrounds,segment,model   kei_kusa,59,,,,,0x8000,0x0000,0x00000192,ke_wl_is_m      ,surface-name
261,Ceizak Battlegrounds,segment,model   kei_iwa ,48,,,,,0x8000,0x0000,0x00000192,ke_wl_is_m      ,surface-name
261,Ceizak Battlegrounds,segment,model   kei_kusa,59,,,,,0x0000,0x0000,0x0000024D,ke_wl_os_m      ,surface-name
261,Ceizak Battlegrounds,segment,model   kei_iwa ,48,,,,,0x0000,0x0000,0x0000024D,ke_wl_os_m      ,surface-name
261,Ceizak Battlegrounds,segment,model   kei_kusa,59,,,,,0x8000,0x0000,0x0000024D,ke_wl_os_m      ,surface-name
261,Ceizak Battlegrounds,segment,model   kei_iwa ,48,,,,,0x8000,0x0000,0x0000024D,ke_wl_os_m      ,surface-name
261,Ceizak Battlegrounds,segment,model   kei_kusa,59,,,,,0x0000,0x0000,0x0000028C,ke_wl_ro_m      ,surface-name
261,Ceizak Battlegrounds,segment,model   kei_iwa ,48,,,,,0x0000,0x0000,0x0000028C,ke_wl_ro_m      ,surface-name
261,Ceizak Battlegrounds,segment,model   kei_kusa,59,,,,,0x8000,0x0000,0x0000028C,ke_wl_ro_m      ,surface-name
261,Ceizak Battlegrounds,segment,model   kei_iwa ,48,,,,,0x8000,0x0000,0x0000028C,ke_wl_ro_m      ,surface-name
261,Ceizak Battlegrounds,segment,model   kei_kusa,59,,,,,0x0000,0x0000,0x000001B3,ke_wl_st_m      ,surface-name
261,Ceizak Battlegrounds,segment,model   kei_iwa ,48,,,,,0x0000,0x0000,0x000001B3,ke_wl_st_m      ,surface-name
261,Ceizak Battlegrounds,segment,model   kei_kusa,59,,,,,0x8000,0x0000,0x000001B3,ke_wl_st_m      ,surface-name
261,Ceizak Battlegrounds,segment,model   kei_iwa ,48,,,,,0x8000,0x0000,0x000001B3,ke_wl_st_m      ,surface-name
261,Ceizak Battlegrounds,segment,model   kei_kusa,59,,,,,0x8000,0x0000,0x00000D1B,kei_boss        ,surface-name
261,Ceizak Battlegrounds,segment,model   kei_iwa ,48,,,,,0x0000,0x0000,0x00000318,kei_isl01       ,surface-name
261,Ceizak Battlegrounds,segment,model   kei_kusa,59,,,,,0x0000,0x0000,0x00000318,kei_isl01       ,surface-name
261,Ceizak Battlegrounds,segment,model   kei_kusa,59,,,,,0x8000,0x0000,0x00000318,kei_isl01       ,surface-name
261,Ceizak Battlegrounds,segment,model   go_kw02 ,3,,,,,0x2000,0x0000,0x0000003F,_ke_bush01_h    ,blend-high
261,Ceizak Battlegrounds,segment,model   go_kw01 ,5,,,,,0x2000,0x0000,0x0000003F,_ke_bush01_h    ,blend-high
261,Ceizak Battlegrounds,segment,model   go_kw04 ,4,,,,,0x2000,0x0000,0x0000003F,_ke_bush01_h    ,blend-high
261,Ceizak Battlegrounds,segment,model   go_kw06 ,3,,,,,0x2000,0x0000,0x0000003F,_ke_bush01_h    ,blend-high
261,Ceizak Battlegrounds,segment,model   go_kw05 ,1,,,,,0x2000,0x0000,0x00000022,_ke_bush02_h    ,blend-high
261,Ceizak Battlegrounds,segment,model   go_kw01 ,5,,,,,0x2000,0x0000,0x00000022,_ke_bush02_h    ,blend-high
261,Ceizak Battlegrounds,segment,model   go_kw02 ,3,,,,,0x2000,0x0000,0x00000014,_ke_bush03_h    ,blend-high
261,Ceizak Battlegrounds,segment,model   go_kw01 ,5,,,,,0x2000,0x0000,0x00000008,_ke_bush04_h    ,blend-high
261,Ceizak Battlegrounds,segment,model   go_kw01 ,5,,,,,0x2000,0x0000,0x0000000C,_ke_bush05_h    ,blend-high
261,Ceizak Battlegrounds,segment,model   go_kw01 ,5,,,,,0x2000,0x0000,0x00000008,_ke_bush06_h    ,blend-high
261,Ceizak Battlegrounds,segment,model   go_kw02 ,3,,,,,0x2000,0x0000,0x00000030,_ke_bush07_h    ,blend-high
261,Ceizak Battlegrounds,segment,model   go_kw06 ,3,,,,,0x2000,0x0000,0x00000020,_ke_bush08_h    ,blend-high
261,Ceizak Battlegrounds,segment,model   go_kw04 ,4,,,,,0x2000,0x0000,0x00000026,_ke_bush09_h    ,blend-high
261,Ceizak Battlegrounds,segment,model   go_kw04 ,4,,,,,0x2000,0x0000,0x0000001E,_ke_bush10_h    ,blend-high
261,Ceizak Battlegrounds,segment,model   go_kw06 ,3,,,,,0x2000,0x0000,0x0000002A,_ke_bush11_h    ,blend-high
261,Ceizak Battlegrounds,segment,model   go_kw04 ,4,,,,,0x2000,0x0000,0x0000000C,_ke_bush12_h    ,blend-high
261,Ceizak Battlegrounds,segment,model   yu_w10c ,8,,,,,0x2000,0x0000,0x000000A2,_ke_fern01_h    ,blend-high
261,Ceizak Battlegrounds,segment,model   yu_w10c ,8,,,,,0x2000,0x0000,0x000000AE,_ke_fern02_h    ,blend-high
261,Ceizak Battlegrounds,segment,model   yu_w10c ,8,,,,,0x2000,0x0000,0x000000AE,_ke_fern03_h    ,blend-high
261,Ceizak Battlegrounds,segment,model   kei_w06 ,21,,,,,0x2000,0x0000,0x00000030,_ke_fern04_h    ,blend-high
261,Ceizak Battlegrounds,segment,model   kei_w01 ,7,,,,,0x2000,0x0000,0x0000003E,_ke_flow01_l    ,blend-high
261,Ceizak Battlegrounds,segment,model   kei_w01 ,7,,,,,0x2000,0x0000,0x0000005C,_ke_flow01_m    ,blend-high
261,Ceizak Battlegrounds,segment,model   kin_w04c,5,,,,,0x2000,0x0000,0x00000020,_ke_flow02_l    ,blend-high
261,Ceizak Battlegrounds,segment,model   kin_w04c,5,,,,,0x2000,0x0000,0x00000028,_ke_flow02_m    ,blend-high
261,Ceizak Battlegrounds,segment,model   kin_w04c,5,,,,,0x2000,0x0000,0x00000067,_ke_flow03_h    ,blend-high
261,Ceizak Battlegrounds,segment,model   kin_w08c,9,,,,,0x2000,0x0000,0x0000023E,_ke_flow04_h    ,blend-high
261,Ceizak Battlegrounds,segment,model   kei_g03 ,19,,,,,0xA000,0x0000,0x0000023E,_ke_flow04_h    ,blend-high
261,Ceizak Battlegrounds,segment,model   kin_w08c,9,,,,,0x2000,0x0000,0x0000009B,_ke_flow04_m    ,blend-high
261,Ceizak Battlegrounds,segment,model   kin_w08c,9,,,,,0x2000,0x0000,0x0000023E,_ke_flow04b_h   ,blend-high
261,Ceizak Battlegrounds,segment,model   kei_g03 ,19,,,,,0xA000,0x0000,0x0000023E,_ke_flow04b_h   ,blend-high
261,Ceizak Battlegrounds,segment,model   kin_w08c,9,,,,,0x2000,0x0000,0x0000009B,_ke_flow04b_m   ,blend-high
261,Ceizak Battlegrounds,segment,model   kin_w08c,9,,,,,0x2000,0x0000,0x0000023E,_ke_flow04c_h   ,blend-high
261,Ceizak Battlegrounds,segment,model   kei_g03 ,19,,,,,0xA000,0x0000,0x0000023E,_ke_flow04c_h   ,blend-high
261,Ceizak Battlegrounds,segment,model   kin_w08c,9,,,,,0x2000,0x0000,0x0000009B,_ke_flow04c_m   ,blend-high
261,Ceizak Battlegrounds,segment,model   kin_w07c,1,,,,,0x2000,0x0000,0x00000042,_ke_flow05_h    ,blend-high
261,Ceizak Battlegrounds,segment,model   kei_w11 ,24,,,,,0x2000,0x0000,0x0000001C,_ke_palm01_h    ,blend-high
261,Ceizak Battlegrounds,segment,model   kei_w01 ,7,,,,,0x2000,0x0000,0x0000001C,_ke_palm01_h    ,blend-high
261,Ceizak Battlegrounds,segment,model   kei_w11 ,24,,,,,0x2000,0x0000,0x0000001C,_ke_palm02_h    ,blend-high
261,Ceizak Battlegrounds,segment,model   kei_w01 ,7,,,,,0x2000,0x0000,0x0000001C,_ke_palm02_h    ,blend-high
261,Ceizak Battlegrounds,segment,model   kei_kusa,59,,,,,0x8000,0x0000,0x000000E0,_ke_palm03_h    ,surface-name
261,Ceizak Battlegrounds,segment,model   kin_w02c,8,,,,,0x2000,0x0000,0x000000E0,_ke_palm03_h    ,blend-high
261,Ceizak Battlegrounds,segment,model   kin_w02c,8,,,,,0x2000,0x0000,0x00000098,_ke_palm03_m    ,blend-high
261,Ceizak Battlegrounds,segment,model   kei_kusa,59,,,,,0x8000,0x0000,0x000000E0,_ke_palm04_h    ,surface-name
261,Ceizak Battlegrounds,segment,model   kei_w06 ,21,,,,,0x2000,0x0000,0x0000009C,_ke_palm05_h    ,blend-high
261,Ceizak Battlegrounds,segment,model   kei_w03 ,9,,,,,0x2000,0x0000,0x0000009C,_ke_palm05_h    ,blend-high
261,Ceizak Battlegrounds,segment,model   par_w4  ,1,,,,,0x2000,0x0000,0x000000DA,_ke_thic05_h    ,blend-high
261,Ceizak Battlegrounds,segment,model   par_w6  ,1,,,,,0x2000,0x0000,0x000000DA,_ke_thic05_h    ,blend-high
261,Ceizak Battlegrounds,segment,model   kei_w05 ,9,,,,,0x2000,0x0000,0x00000030,_ke_wood04_h    ,blend-high
261,Ceizak Battlegrounds,segment,model   kei_w02 ,12,,,,,0x2000,0x0000,0x00000030,_ke_wood04_h    ,blend-high
261,Ceizak Battlegrounds,segment,model   kei_w02 ,12,,,,,0x2000,0x0000,0x0000001A,_ke_wood04_l    ,blend-high
261,Ceizak Battlegrounds,segment,model   kei_w05 ,9,,,,,0x2000,0x0000,0x0000001A,_ke_wood04_l    ,blend-high
261,Ceizak Battlegrounds,segment,model   kei_w02 ,12,,,,,0x2000,0x0000,0x00000026,_ke_wood04_m    ,blend-high
261,Ceizak Battlegrounds,segment,model   kei_w02 ,12,,,,,0x2000,0x0000,0x0000005D,_ke_wood05_h    ,blend-high
261,Ceizak Battlegrounds,segment,model   kei_w02 ,12,,,,,0x2000,0x0000,0x0000001E,_ke_wood05_l    ,blend-high
261,Ceizak Battlegrounds,segment,model   kei_w05 ,9,,,,,0x2000,0x0000,0x0000001E,_ke_wood05_l    ,blend-high
261,Ceizak Battlegrounds,segment,model   kei_w05 ,9,,,,,0x2000,0x0000,0x0000003A,_ke_wood05_m    ,blend-high
261,Ceizak Battlegrounds,segment,model   kei_w02 ,12,,,,,0x2000,0x0000,0x0000003A,_ke_wood05_m    ,blend-high
261,Ceizak Battlegrounds,segment,model   kei_kusa,59,,,,,0x0000,0x0000,0x00000166,ke_be_st_m      ,surface-name
261,Ceizak Battlegrounds,segment,model   kei_iwa ,48,,,,,0x0000,0x0000,0x00000166,ke_be_st_m      ,surface-name
261,Ceizak Battlegrounds,segment,model   kei_kusa,59,,,,,0x8000,0x0000,0x00000166,ke_be_st_m      ,surface-name
261,Ceizak Battlegrounds,segment,model   kei_kusa,59,,,,,0x0000,0x0000,0x00000261,ke_cave_en01_m  ,surface-name
261,Ceizak Battlegrounds,segment,model   kei_iwa ,48,,,,,0x0000,0x0000,0x00000261,ke_cave_en01_m  ,surface-name
261,Ceizak Battlegrounds,segment,model   kei_kusa,59,,,,,0x8000,0x0000,0x00000261,ke_cave_en01_m  ,surface-name
261,Ceizak Battlegrounds,segment,model   kei_iwa ,48,,,,,0x8000,0x0000,0x00000261,ke_cave_en01_m  ,surface-name
261,Ceizak Battlegrounds,segment,model   kei_iwa ,48,,,,,0x0000,0x0000,0x000000A3,ke_cave_en02_m  ,surface-name
261,Ceizak Battlegrounds,segment,model   kei_kusa,59,,,,,0x0000,0x0000,0x000001FB,ke_cl01_m       ,surface-name
261,Ceizak Battlegrounds,segment,model   kei_iwa ,48,,,,,0x0000,0x0000,0x000001FB,ke_cl01_m       ,surface-name
261,Ceizak Battlegrounds,segment,model   kei_kusa,59,,,,,0x8000,0x0000,0x000001FB,ke_cl01_m       ,surface-name
261,Ceizak Battlegrounds,segment,model   kei_iwa ,48,,,,,0x8000,0x0000,0x000001FB,ke_cl01_m       ,surface-name
261,Ceizak Battlegrounds,segment,model   kei_kusa,59,,,,,0x0000,0x0000,0x000001B1,ke_cl02_m       ,surface-name
261,Ceizak Battlegrounds,segment,model   kei_iwa ,48,,,,,0x0000,0x0000,0x000001B1,ke_cl02_m       ,surface-name
261,Ceizak Battlegrounds,segment,model   kei_kusa,59,,,,,0x8000,0x0000,0x000001B1,ke_cl02_m       ,surface-name
261,Ceizak Battlegrounds,segment,model   kei_iwa ,48,,,,,0x8000,0x0000,0x000001B1,ke_cl02_m       ,surface-name
261,Ceizak Battlegrounds,segment,model   kei_iwa ,48,,,,,0x0000,0x0000,0x0000017E,ke_cl03_m       ,surface-name
261,Ceizak Battlegrounds,segment,model   kei_kusa,59,,,,,0x0000,0x0000,0x0000017E,ke_cl03_m       ,surface-name
261,Ceizak Battlegrounds,segment,model   kei_kusa,59,,,,,0x8000,0x0000,0x0000017E,ke_cl03_m       ,surface-name
261,Ceizak Battlegrounds,segment,model   kei_iwa ,48,,,,,0x0000,0x0000,0x00000160,ke_cl04_m       ,surface-name
261,Ceizak Battlegrounds,segment,model   kei_kusa,59,,,,,0x0000,0x0000,0x00000160,ke_cl04_m       ,surface-name
261,Ceizak Battlegrounds,segment,model   kei_iwa ,48,,,,,0x8000,0x0000,0x00000160,ke_cl04_m       ,surface-name
261,Ceizak Battlegrounds,segment,model   kei_kusa,59,,,,,0x8000,0x0000,0x00000160,ke_cl04_m       ,surface-name
261,Ceizak Battlegrounds,segment,model   kei_iwa ,48,,,,,0x0000,0x0000,0x00000182,ke_cl05_m       ,surface-name
261,Ceizak Battlegrounds,segment,model   kei_kusa,59,,,,,0x0000,0x0000,0x00000182,ke_cl05_m       ,surface-name
261,Ceizak Battlegrounds,segment,model   kei_kusa,59,,,,,0x8000,0x0000,0x00000182,ke_cl05_m       ,surface-name
261,Ceizak Battlegrounds,segment,model   kei_kusa,59,,,,,0x0000,0x0000,0x00000170,ke_fl_m         ,surface-name
261,Ceizak Battlegrounds,segment,model   kei_kusa,59,,,,,0x8000,0x0000,0x00000170,ke_fl_m         ,surface-name
261,Ceizak Battlegrounds,segment,model   kei_kusa,59,,,,,0x0000,0x0000,0x000002F3,ke_ro_co_m      ,surface-name
261,Ceizak Battlegrounds,segment,model   kei_iwa ,48,,,,,0x0000,0x0000,0x000002F3,ke_ro_co_m      ,surface-name
261,Ceizak Battlegrounds,segment,model   kei_kusa,59,,,,,0x8000,0x0000,0x000002F3,ke_ro_co_m      ,surface-name
261,Ceizak Battlegrounds,segment,model   kei_iwa ,48,,,,,0x8000,0x0000,0x000002F3,ke_ro_co_m      ,surface-name
261,Ceizak Battlegrounds,segment,model   kei_kusa,59,,,,,0x0000,0x0000,0x00000272,ke_ro_cr_m      ,surface-name
261,Ceizak Battlegrounds,segment,model   kei_iwa ,48,,,,,0x0000,0x0000,0x00000272,ke_ro_cr_m      ,surface-name
261,Ceizak Battlegrounds,segment,model   kei_kusa,59,,,,,0x8000,0x0000,0x00000272,ke_ro_cr_m      ,surface-name
261,Ceizak Battlegrounds,segment,model   kei_iwa ,48,,,,,0x8000,0x0000,0x00000272,ke_ro_cr_m      ,surface-name
261,Ceizak Battlegrounds,segment,model   kei_kusa,59,,,,,0x0000,0x0000,0x00000224,ke_ro_en01_m    ,surface-name
261,Ceizak Battlegrounds,segment,model   kei_iwa ,48,,,,,0x0000,0x0000,0x00000224,ke_ro_en01_m    ,surface-name
261,Ceizak Battlegrounds,segment,model   kei_iwa ,48,,,,,0x8000,0x0000,0x00000224,ke_ro_en01_m    ,surface-name
261,Ceizak Battlegrounds,segment,model   kei_kusa,59,,,,,0x8000,0x0000,0x00000224,ke_ro_en01_m    ,surface-name
261,Ceizak Battlegrounds,segment,model   kei_kusa,59,,,,,0x0000,0x0000,0x0000023D,ke_ro_en02_m    ,surface-name
261,Ceizak Battlegrounds,segment,model   kei_iwa ,48,,,,,0x0000,0x0000,0x0000023D,ke_ro_en02_m    ,surface-name
261,Ceizak Battlegrounds,segment,model   kei_iwa ,48,,,,,0x8000,0x0000,0x0000023D,ke_ro_en02_m    ,surface-name
261,Ceizak Battlegrounds,segment,model   kei_kusa,59,,,,,0x8000,0x0000,0x0000023D,ke_ro_en02_m    ,surface-name
261,Ceizak Battlegrounds,segment,model   kei_kusa,59,,,,,0x0000,0x0000,0x0000023C,ke_ro_en03_m    ,surface-name
261,Ceizak Battlegrounds,segment,model   kei_iwa ,48,,,,,0x0000,0x0000,0x0000023C,ke_ro_en03_m    ,surface-name
261,Ceizak Battlegrounds,segment,model   kei_iwa ,48,,,,,0x8000,0x0000,0x0000023C,ke_ro_en03_m    ,surface-name
261,Ceizak Battlegrounds,segment,model   kei_kusa,59,,,,,0x8000,0x0000,0x0000023C,ke_ro_en03_m    ,surface-name
261,Ceizak Battlegrounds,segment,model   kei_kusa,59,,,,,0x0000,0x0000,0x000002B6,ke_ro_st01_m    ,surface-name
261,Ceizak Battlegrounds,segment,model   kei_iwa ,48,,,,,0x0000,0x0000,0x000002B6,ke_ro_st01_m    ,surface-name
261,Ceizak Battlegrounds,segment,model   kei_iwa ,48,,,,,0x8000,0x0000,0x000002B6,ke_ro_st01_m    ,surface-name
261,Ceizak Battlegrounds,segment,model   kei_kusa,59,,,,,0x8000,0x0000,0x000002B6,ke_ro_st01_m    ,surface-name
261,Ceizak Battlegrounds,segment,model   kei_kusa,59,,,,,0x0000,0x0000,0x0000029B,ke_ro_st02_m    ,surface-name
261,Ceizak Battlegrounds,segment,model   kei_iwa ,48,,,,,0x0000,0x0000,0x0000029B,ke_ro_st02_m    ,surface-name
261,Ceizak Battlegrounds,segment,model   kei_kusa,59,,,,,0x8000,0x0000,0x0000029B,ke_ro_st02_m    ,surface-name
261,Ceizak Battlegrounds,segment,model   kei_iwa ,48,,,,,0x8000,0x0000,0x0000029B,ke_ro_st02_m    ,surface-name
261,Ceizak Battlegrounds,segment,model   kei_kusa,59,,,,,0x0000,0x0000,0x00000340,ke_ro_tf_m      ,surface-name
261,Ceizak Battlegrounds,segment,model   kei_iwa ,48,,,,,0x0000,0x0000,0x00000340,ke_ro_tf_m      ,surface-name
261,Ceizak Battlegrounds,segment,model   kei_kusa,59,,,,,0x8000,0x0000,0x00000340,ke_ro_tf_m      ,surface-name
261,Ceizak Battlegrounds,segment,model   kei_iwa ,48,,,,,0x8000,0x0000,0x00000340,ke_ro_tf_m      ,surface-name
261,Ceizak Battlegrounds,segment,model   kei_iwa ,48,,,,,0x0000,0x0000,0x0000004E,ke_rock01_h     ,surface-name
261,Ceizak Battlegrounds,segment,model   kei_kusa,59,,,,,0x0000,0x0000,0x0000004E,ke_rock01_h     ,surface-name
261,Ceizak Battlegrounds,segment,model   kei_kusa,59,,,,,0x8000,0x0000,0x0000004E,ke_rock01_h     ,surface-name
261,Ceizak Battlegrounds,segment,model   kei_iwa ,48,,,,,0x0000,0x0000,0x00000083,ke_rock02_h     ,surface-name
261,Ceizak Battlegrounds,segment,model   kei_kusa,59,,,,,0x0000,0x0000,0x00000083,ke_rock02_h     ,surface-name
261,Ceizak Battlegrounds,segment,model   kei_kusa,59,,,,,0x8000,0x0000,0x00000083,ke_rock02_h     ,surface-name
261,Ceizak Battlegrounds,segment,model   kei_iwa ,48,,,,,0x0000,0x0000,0x0000005E,ke_rock03_h     ,surface-name
261,Ceizak Battlegrounds,segment,model   kei_kusa,59,,,,,0x0000,0x0000,0x0000005E,ke_rock03_h     ,surface-name
261,Ceizak Battlegrounds,segment,model   kei_kusa,59,,,,,0x8000,0x0000,0x0000005E,ke_rock03_h     ,surface-name
261,Ceizak Battlegrounds,segment,model   kei_iwa ,48,,,,,0x0000,0x0000,0x00000074,ke_rock04_h     ,surface-name
261,Ceizak Battlegrounds,segment,model   kei_kusa,59,,,,,0x0000,0x0000,0x00000074,ke_rock04_h     ,surface-name
261,Ceizak Battlegrounds,segment,model   kei_kusa,59,,,,,0x8000,0x0000,0x00000074,ke_rock04_h     ,surface-name
261,Ceizak Battlegrounds,segment,model   kei_iwa ,48,,,,,0x0000,0x0000,0x0000017B,ke_rock05_h     ,surface-name
261,Ceizak Battlegrounds,segment,model   kei_kusa,59,,,,,0x0000,0x0000,0x0000017B,ke_rock05_h     ,surface-name
261,Ceizak Battlegrounds,segment,model   kei_g03 ,19,,,,,0x8000,0x0000,0x0000017B,ke_rock05_h     ,surface-name
261,Ceizak Battlegrounds,segment,model   kei_iwa ,48,,,,,0x8000,0x0000,0x0000017B,ke_rock05_h     ,surface-name
261,Ceizak Battlegrounds,segment,model   kei_kusa,59,,,,,0x8000,0x0000,0x0000017B,ke_rock05_h     ,surface-name
261,Ceizak Battlegrounds,segment,model   kahi    ,4,,,,,0x0000,0x0000,0x00000041,ke_stone02      ,surface-name
261,Ceizak Battlegrounds,segment,model   kahi    ,4,,,,,0x8000,0x0000,0x00000041,ke_stone02      ,surface-name
261,Ceizak Battlegrounds,segment,model   kahi    ,4,,,,,0x0000,0x0000,0x00000035,ke_stone03      ,surface-name
261,Ceizak Battlegrounds,segment,model   kahi    ,4,,,,,0x8000,0x0000,0x00000035,ke_stone03      ,surface-name
261,Ceizak Battlegrounds,segment,model   kei_iwa ,48,,,,,0x0000,0x0000,0x00000038,ke_stone05      ,surface-name
261,Ceizak Battlegrounds,segment,model   kei_kusa,59,,,,,0x0000,0x0000,0x00000038,ke_stone05      ,surface-name
261,Ceizak Battlegrounds,segment,model   kei_kusa,59,,,,,0x8000,0x0000,0x00000038,ke_stone05      ,surface-name
261,Ceizak Battlegrounds,segment,model   kei_iwa ,48,,,,,0x0000,0x0000,0x0000001F,ke_stone06      ,surface-name
261,Ceizak Battlegrounds,segment,model   kei_iwa ,48,,,,,0x0000,0x0000,0x00000017,ke_stone07      ,surface-name
261,Ceizak Battlegrounds,segment,model   kei_iwa ,48,,,,,0x0000,0x0000,0x00000011,ke_stone08      ,surface-name
261,Ceizak Battlegrounds,segment,model   kei_iwa ,48,,,,,0x0000,0x0000,0x00000020,ke_stone09      ,surface-name
261,Ceizak Battlegrounds,companion_group,fishgy,,,,,,,,,,fish    gya      | fish    gyb      | fish    gyc     
265,Morimar Basalt Fields,texture,model   gar_w05c,4,0xA1,3TXD,256,128,,,,,
265,Morimar Basalt Fields,texture,model   gar_wll1,116,0xB1,,512,256,,,,,leading_u32=0x00000001
265,Morimar Basalt Fields,texture,model   kei_kab1,2,0xB1,,256,256,,,,,leading_u32=0x00000001
265,Morimar Basalt Fields,texture,model   mo_chr3 ,2,0xA1,3TXD,128,256,,,,,
265,Morimar Basalt Fields,texture,model   mo_entr ,3,0xA1,3TXD,128,128,,,,,
265,Morimar Basalt Fields,texture,model   mo_lav1 ,27,0xA1,3TXD,512,256,,,,,
265,Morimar Basalt Fields,texture,model   mo_tuta ,1,0xA1,3TXD,128,128,,,,,
265,Morimar Basalt Fields,texture,model   mo_yk0  ,138,0xB1,,256,256,,,,,leading_u32=0x00000001
265,Morimar Basalt Fields,texture,model   mo_yk1  ,52,0xA1,3TXD,256,256,,,,,
265,Morimar Basalt Fields,texture,model   mo_yk2  ,169,0xB1,,256,256,,,,,leading_u32=0x00000001
265,Morimar Basalt Fields,texture,model   mo_yk3  ,30,0xB1,,256,256,,,,,leading_u32=0x00000001
265,Morimar Basalt Fields,texture,model   mo_yk4  ,19,0xB1,,256,256,,,,,leading_u32=0x00000001
265,Morimar Basalt Fields,texture,model   sar_yuk3,2,0xB1,,256,256,,,,,leading_u32=0x00000001
265,Morimar Basalt Fields,texture,model   tent    ,1,0xA1,3TXD,256,256,,,,,
265,Morimar Basalt Fields,texture,model   tsuta01 ,4,0xB1,,128,128,,,,,leading_u32=0x00000001
265,Morimar Basalt Fields,texture,model   tsuta02 ,2,0xB1,,128,128,,,,,leading_u32=0x00000001
265,Morimar Basalt Fields,texture,model   warp    ,1,0xA1,3TXD,128,256,,,,,
265,Morimar Basalt Fields,texture,model   zal_w01c,7,0xA1,3TXD,256,256,,,,,
265,Morimar Basalt Fields,texture,clod    clod_a01,2,0xB1,,256,256,,,,,leading_u32=0x00000001
265,Morimar Basalt Fields,texture,lf03    lf03    ,0,0xB1,,128,256,,,,,unreferenced;leading_u32=0x00000001
265,Morimar Basalt Fields,texture,fine    fine_a01,1,0xB1,,256,128,,,,,leading_u32=0x00000001
265,Morimar Basalt Fields,texture,daiamondhexl    ,0,0xB1,,64,64,,,,,unreferenced;leading_u32=0x00000001
265,Morimar Basalt Fields,texture,daiamondflak    ,0,0xB1,,32,32,,,,,unreferenced;leading_u32=0x00000001
265,Morimar Basalt Fields,texture,star_rivstar01  ,2,0xA1,3TXD,64,64,,,,,
265,Morimar Basalt Fields,texture,star_rivstar02  ,2,0xA1,3TXD,128,128,,,,,
265,Morimar Basalt Fields,texture,lf02    lf02    ,0,0xB1,,128,256,,,,,unreferenced;leading_u32=0x00000001
265,Morimar Basalt Fields,texture,moon    moonshap,0,0xA1,3TXD,256,256,,,,,unreferenced
265,Morimar Basalt Fields,texture,moon    kasa    ,0,0xA1,3TXD,128,128,,,,,unreferenced
265,Morimar Basalt Fields,texture,mist    clod_a01,2,0xB1,,256,256,,,,,leading_u32=0x00000001
265,Morimar Basalt Fields,texture,lf03    lf03    ,0,0xB1,,128,256,,,,,unreferenced;leading_u32=0x00000001
265,Morimar Basalt Fields,texture,suny    suny_a01,2,0xB1,,256,256,,,,,leading_u32=0x00000001
265,Morimar Basalt Fields,texture,star_rivstar01  ,2,0xA1,3TXD,64,64,,,,,
265,Morimar Basalt Fields,texture,star_rivstar02  ,2,0xA1,3TXD,128,128,,,,,
265,Morimar Basalt Fields,texture,lf01    lf01    ,0,0xB1,,128,256,,,,,unreferenced;leading_u32=0x00000001
265,Morimar Basalt Fields,texture,moon    moonshap,0,0xA1,3TXD,256,256,,,,,unreferenced
265,Morimar Basalt Fields,texture,moon    kasa    ,0,0xA1,3TXD,128,128,,,,,unreferenced
265,Morimar Basalt Fields,texture,snow    clod_b01,2,0xA1,3TXD,256,256,,,,,
265,Morimar Basalt Fields,texture,lf08    lf08    ,0,0xB1,,128,256,,,,,unreferenced;leading_u32=0x00000002
265,Morimar Basalt Fields,texture,magu    mu01    ,2,0xA1,3TXD,128,128,,,,,
265,Morimar Basalt Fields,texture,magu    mt00    ,0,0xA1,3TXD,256,256,,,,,unreferenced
265,Morimar Basalt Fields,texture,otaki   sbk1    ,0,0xB1,,64,64,,,,,unreferenced;leading_u32=0x00000001
265,Morimar Basalt Fields,texture,otaki   wav9    ,12,0xA1,3TXD,256,128,,,,,
265,Morimar Basalt Fields,texture,joki    smk6    ,0,0xA1,3TXD,64,64,,,,,unreferenced
265,Morimar Basalt Fields,texture,otaki   bo16    ,1,0xB1,,16,16,,,,,leading_u32=0x00000001
265,Morimar Basalt Fields,texture,otaki   wave    ,4,0xA1,3TXD,256,128,,,,,
265,Morimar Basalt Fields,texture,hamon   hamo    ,0,0xA1,3TXD,64,64,,,,,unreferenced
265,Morimar Basalt Fields,texture,hamon   hamo    ,0,0xA1,3TXD,64,64,,,,,unreferenced
265,Morimar Basalt Fields,texture,wat0    wave    ,21,0xA1,3TXD,256,128,,,,,
265,Morimar Basalt Fields,texture,joki    smk6    ,0,0xA1,3TXD,64,64,,,,,unreferenced
265,Morimar Basalt Fields,texture,joki    smk6    ,0,0xA1,3TXD,64,64,,,,,unreferenced
265,Morimar Basalt Fields,texture,iwa0    mo_kai1 ,0,0xA1,3TXD,256,256,,,,,unreferenced
265,Morimar Basalt Fields,texture,iwa0    mt00    ,0,0xA1,3TXD,256,256,,,,,unreferenced
265,Morimar Basalt Fields,texture,iwa0    wmg4    ,0,0xA1,3TXD,64,64,,,,,unreferenced
265,Morimar Basalt Fields,texture,iwa0    mny0    ,0,0xA1,3TXD,64,64,,,,,unreferenced
265,Morimar Basalt Fields,texture,iwa0    smk7    ,0,0xA1,3TXD,64,64,,,,,unreferenced
265,Morimar Basalt Fields,texture,iwa0    mst2    ,0,0xA1,3TXD,64,64,,,,,unreferenced
265,Morimar Basalt Fields,texture,iwa0    mo_kbt1 ,1,0xA1,3TXD,128,128,,,,,
265,Morimar Basalt Fields,segment,model   mo_tuta ,1,,,,,0x2000,0x0000,0x00000094,_mo_kusa1       ,surface-name+blend-high
265,Morimar Basalt Fields,segment,model   zal_w01c,7,,,,,0x2000,0x0000,0x000000B2,_mo_tree2_h     ,blend-high
265,Morimar Basalt Fields,segment,model   gar_w05c,4,,,,,0x2000,0x0000,0x000000B2,_mo_tree2_h     ,blend-high
265,Morimar Basalt Fields,segment,model   mo_yk0  ,138,,,,,0xA000,0x0000,0x000000B2,_mo_tree2_h     ,blend-high
265,Morimar Basalt Fields,segment,model   zal_w01c,7,,,,,0x2000,0x0000,0x00000036,_mo_tree2_m     ,blend-high
265,Morimar Basalt Fields,segment,model   gar_w05c,4,,,,,0x2000,0x0000,0x00000036,_mo_tree2_m     ,blend-high
265,Morimar Basalt Fields,segment,model   gar_w05c,4,,,,,0x2000,0x0000,0x0000005C,_mo_tree3       ,blend-high
265,Morimar Basalt Fields,segment,model   gar_w05c,4,,,,,0x2000,0x0000,0x00000066,_mo_tree4       ,blend-high
265,Morimar Basalt Fields,segment,model   tsuta02 ,2,,,,,0x0000,0x0000,0x0000009B,ivyrock         ,surface-name
265,Morimar Basalt Fields,segment,model   tsuta02 ,2,,,,,0x8000,0x0000,0x0000009B,ivyrock         ,surface-name
265,Morimar Basalt Fields,segment,model   mo_entr ,3,,,,,0xA000,0x0000,0x000000B1,mo_entr01       ,blend-high
265,Morimar Basalt Fields,segment,model   gar_wll1,116,,,,,0x0000,0x0000,0x0000013C,mo_mid_iwa1_h   ,surface-name
265,Morimar Basalt Fields,segment,model   mo_yk2  ,169,,,,,0x0000,0x0000,0x0000013C,mo_mid_iwa1_h   ,surface-name
265,Morimar Basalt Fields,segment,model   mo_yk2  ,169,,,,,0x8000,0x0000,0x0000013C,mo_mid_iwa1_h   ,surface-name
265,Morimar Basalt Fields,segment,model   gar_wll1,116,,,,,0x0000,0x0000,0x000000A8,mo_mid_iwa2_h   ,surface-name
265,Morimar Basalt Fields,segment,model   mo_yk2  ,169,,,,,0x0000,0x0000,0x000000A8,mo_mid_iwa2_h   ,surface-name
265,Morimar Basalt Fields,segment,model   mo_yk2  ,169,,,,,0x8000,0x0000,0x000000A8,mo_mid_iwa2_h   ,surface-name
265,Morimar Basalt Fields,segment,model   zal_w01c,7,,,,,0x2000,0x0000,0x000000DE,mo_tree1a_h     ,blend-high
265,Morimar Basalt Fields,segment,                ,18,,,,,0x2000,0x0000,0x000000DE,mo_tree1a_h     ,blend-high
265,Morimar Basalt Fields,segment,model   mo_yk0  ,138,,,,,0xA000,0x0000,0x000000DE,mo_tree1a_h     ,blend-high
265,Morimar Basalt Fields,segment,model   zal_w01c,7,,,,,0x2000,0x0000,0x00000026,mo_tree1a_m     ,blend-high
265,Morimar Basalt Fields,segment,model   zal_w01c,7,,,,,0x2000,0x0000,0x00000090,mo_tree1b_h     ,blend-high
265,Morimar Basalt Fields,segment,model   mo_yk0  ,138,,,,,0xA000,0x0000,0x00000090,mo_tree1b_h     ,blend-high
265,Morimar Basalt Fields,segment,model   zal_w01c,7,,,,,0x2000,0x0000,0x00000028,mo_tree1b_m     ,blend-high
265,Morimar Basalt Fields,segment,snow    clod_b01,2,,,,,0x0000,0x0000,0x0000029C,clod_b01        ,surface-name
265,Morimar Basalt Fields,segment,snow    clod_b01,2,,,,,0x8000,0x0000,0x0000029C,clod_b01        ,surface-name
265,Morimar Basalt Fields,segment,otaki   wave    ,4,,,,,0x8000,0x0000,0x00000050,owz0            ,surface-name
265,Morimar Basalt Fields,segment,otaki   wave    ,4,,,,,0x8000,0x0000,0x00000050,wax0            ,surface-name
265,Morimar Basalt Fields,segment,otaki   wave    ,4,,,,,0x0000,0x0000,0x0000007A,owc5            ,surface-name
265,Morimar Basalt Fields,segment,otaki   wave    ,4,,,,,0x8000,0x0000,0x0000007A,owc5            ,surface-name
265,Morimar Basalt Fields,segment,wat0    wave    ,21,,,,,0x8000,0x0000,0x00000118,wax1            ,surface-name
265,Morimar Basalt Fields,segment,wat0    wave    ,21,,,,,0x0000,0x0000,0x000000FE,wab7            ,surface-name
265,Morimar Basalt Fields,segment,wat0    wave    ,21,,,,,0x8000,0x0000,0x000000FE,wab7            ,surface-name
265,Morimar Basalt Fields,segment,wat0    wave    ,21,,,,,0x0000,0x0000,0x0000003E,wap1            ,surface-name
265,Morimar Basalt Fields,segment,wat0    wave    ,21,,,,,0x8000,0x0000,0x0000003E,wap1            ,surface-name
265,Morimar Basalt Fields,segment,wat0    wave    ,21,,,,,0x0000,0x0000,0x00000154,wbx0            ,surface-name
265,Morimar Basalt Fields,segment,wat0    wave    ,21,,,,,0x8000,0x0000,0x00000154,wbx0            ,surface-name
265,Morimar Basalt Fields,segment,wat0    wave    ,21,,,,,0x0000,0x0000,0x000000D0,wae0            ,surface-name
265,Morimar Basalt Fields,segment,wat0    wave    ,21,,,,,0x8000,0x0000,0x000000D0,wae0            ,surface-name
265,Morimar Basalt Fields,segment,wat0    wave    ,21,,,,,0x0000,0x0000,0x00000120,wex1            ,surface-name
265,Morimar Basalt Fields,segment,wat0    wave    ,21,,,,,0x8000,0x0000,0x00000120,wex1            ,surface-name
265,Morimar Basalt Fields,segment,wat0    wave    ,21,,,,,0x0000,0x0000,0x00000042,wac1            ,surface-name
265,Morimar Basalt Fields,segment,wat0    wave    ,21,,,,,0x8000,0x0000,0x00000042,wac1            ,surface-name
265,Morimar Basalt Fields,segment,wat0    wave    ,21,,,,,0x0000,0x0000,0x000001FD,wdx1            ,surface-name
265,Morimar Basalt Fields,segment,wat0    wave    ,21,,,,,0x8000,0x0000,0x000001FD,wdx1            ,surface-name
265,Morimar Basalt Fields,segment,wat0    wave    ,21,,,,,0x0000,0x0000,0x0000012A,wbx1            ,surface-name
265,Morimar Basalt Fields,segment,wat0    wave    ,21,,,,,0x8000,0x0000,0x0000012A,wbx1            ,surface-name
265,Morimar Basalt Fields,segment,wat0    wave    ,21,,,,,0x0000,0x0000,0x00000208,wdx2            ,surface-name
265,Morimar Basalt Fields,segment,wat0    wave    ,21,,,,,0x8000,0x0000,0x00000208,wdx2            ,surface-name
265,Morimar Basalt Fields,segment,wat0    wave    ,21,,,,,0x0000,0x0000,0x0000025E,wfx1            ,surface-name
265,Morimar Basalt Fields,segment,wat0    wave    ,21,,,,,0x8000,0x0000,0x0000025E,wfx1            ,surface-name
265,Morimar Basalt Fields,segment,model   mo_kai1 ,1,,,,,0x0000,0x0000,0x000000E8,kaitaku_rock    ,surface-name
265,Morimar Basalt Fields,segment,iwa0    mo_kbt1 ,1,,,,,0x0000,0x0000,0x00000061,mo_kbtl4        ,surface-name
