"Race","Source","Dat","Chunk","ViewerName","ChunkIndex","Offset","Frames","Fps","Elements","Bones","Meaning"
"Elvaan Female","Skeleton + Base Tex","ROM/42/4.dat","mou4","mou","72","21504","31","15","1","63","unidentified"
"Elvaan Female","Skeleton + Base Tex","ROM/42/4.dat","eye3","eye","73","22112","5","15","2","59,60","unidentified"
"Elvaan Female","Skeleton + Base Tex","ROM/42/4.dat","wlk0","wlk","74","22480","17","15","16","0,1,2,3,4,5,6,7,8,9,10,11,12,13,14,15","walk (root/lower-body half)"
"Elvaan Female","Skeleton + Base Tex","ROM/42/4.dat","ded0","ded","75","26368","35","15","16","0,1,2,3,4,5,6,7,8,9,10,11,12,13,14,15","unidentified (root/lower-body half)"
"Elvaan Female","Skeleton + Base Tex","ROM/42/4.dat","idl0","idl","76","32928","33","7.5","16","0,1,2,3,4,5,6,7,8,9,10,11,12,13,14,15","idle (root/lower-body half)"
"Elvaan Female","Skeleton + Base Tex","ROM/42/4.dat","mvb0","mvb","77","37472","19","15","16","0,1,2,3,4,5,6,7,8,9,10,11,12,13,14,15","move backward (root/lower-body half)"
"Elvaan Female","Skeleton + Base Tex","ROM/42/4.dat","mvl0","mvl","78","41664","13","15","16","0,1,2,3,4,5,6,7,8,9,10,11,12,13,14,15","strafe/turn left (root/lower-body half)"
"Elvaan Female","Skeleton + Base Tex","ROM/42/4.dat","mvr0","mvr","79","44912","13","15","16","0,1,2,3,4,5,6,7,8,9,10,11,12,13,14,15","strafe/turn right (root/lower-body half)"
"Elvaan Female","Skeleton + Base Tex","ROM/42/4.dat","run0","run","80","48160","13","15","16","0,1,2,3,4,5,6,7,8,9,10,11,12,13,14,15","run (root/lower-body half)"
"Elvaan Female","Skeleton + Base Tex","ROM/42/4.dat","rx00","rx0","81","51408","14","15","16","0,1,2,3,4,5,6,7,8,9,10,11,12,13,14,15","unidentified (root/lower-body half)"
"Elvaan Female","Skeleton + Base Tex","ROM/42/4.dat","rx10","rx1","82","54752","13","9","16","0,1,2,3,4,5,6,7,8,9,10,11,12,13,14,15","unidentified (root/lower-body half)"
"Elvaan Female","Skeleton + Base Tex","ROM/42/4.dat","rx20","rx2","83","57584","15","15","16","0,1,2,3,4,5,6,7,8,9,10,11,12,13,14,15","unidentified (root/lower-body half)"
"Elvaan Female","Skeleton + Base Tex","ROM/42/4.dat","std0","std","84","61056","51","15","16","0,1,2,3,4,5,6,7,8,9,10,11,12,13,14,15","standard/standing cycle (root/lower-body half)"
"Elvaan Female","Skeleton + Base Tex","ROM/42/4.dat","cor0","cor","85","69168","2","30","16","0,1,2,3,4,5,6,7,8,9,10,11,12,13,14,15","unidentified (root/lower-body half)"
"Elvaan Female","Skeleton + Base Tex","ROM/42/4.dat","mw21","mw2","86","70544","13","9","73","26,27,28,29,30,31,32,33,34,35,36,37,38,39,40,41,42,43,44,45,46,47,48,49,50,51,52,53,54,55,56,57,58,59,60,61,62,63,64,65,66,67,68,69,70,71,72,73,74,75,76,77,78,79,80,81,82,83,84,85,86,87,88,89,90,91,92,93,94,95,96,97,98","unidentified (upper/body half)"
"Elvaan Female","Skeleton + Base Tex","ROM/42/4.dat","mb01","mb0","87","88048","13","15","73","26,27,28,29,30,31,32,33,34,35,36,37,38,39,40,41,42,43,44,45,46,47,48,49,50,51,52,53,54,55,56,57,58,59,60,61,62,63,64,65,66,67,68,69,70,71,72,73,74,75,76,77,78,79,80,81,82,83,84,85,86,87,88,89,90,91,92,93,94,95,96,97,98","unidentified (upper/body half)"
"Elvaan Female","Skeleton + Base Tex","ROM/42/4.dat","mb10","mb1","88","104464","31","30","16","0,1,2,3,4,5,6,7,8,9,10,11,12,13,14,15","unidentified (root/lower-body half)"
"Elvaan Female","Skeleton + Base Tex","ROM/42/4.dat","mb11","mb1","89","110432","31","30","73","26,27,28,29,30,31,32,33,34,35,36,37,38,39,40,41,42,43,44,45,46,47,48,49,50,51,52,53,54,55,56,57,58,59,60,61,62,63,64,65,66,67,68,69,70,71,72,73,74,75,76,77,78,79,80,81,82,83,84,85,86,87,88,89,90,91,92,93,94,95,96,97,98","unidentified (upper/body half)"
"Elvaan Female","Skeleton + Base Tex","ROM/42/4.dat","mb20","mb2","90","147344","13","15","16","0,1,2,3,4,5,6,7,8,9,10,11,12,13,14,15","unidentified (root/lower-body half)"
"Elvaan Female","Skeleton + Base Tex","ROM/42/4.dat","mb21","mb2","91","150544","13","15","73","26,27,28,29,30,31,32,33,34,35,36,37,38,39,40,41,42,43,44,45,46,47,48,49,50,51,52,53,54,55,56,57,58,59,60,61,62,63,64,65,66,67,68,69,70,71,72,73,74,75,76,77,78,79,80,81,82,83,84,85,86,87,88,89,90,91,92,93,94,95,96,97,98","unidentified (upper/body half)"
"Elvaan Female","Skeleton + Base Tex","ROM/42/4.dat","mw00","mw0","92","167728","13","9","16","0,1,2,3,4,5,6,7,8,9,10,11,12,13,14,15","unidentified (root/lower-body half)"
"Elvaan Female","Skeleton + Base Tex","ROM/42/4.dat","mw01","mw0","93","170608","13","9","73","26,27,28,29,30,31,32,33,34,35,36,37,38,39,40,41,42,43,44,45,46,47,48,49,50,51,52,53,54,55,56,57,58,59,60,61,62,63,64,65,66,67,68,69,70,71,72,73,74,75,76,77,78,79,80,81,82,83,84,85,86,87,88,89,90,91,92,93,94,95,96,97,98","unidentified (upper/body half)"
"Elvaan Female","Skeleton + Base Tex","ROM/42/4.dat","mw10","mw1","94","188896","16","15","16","0,1,2,3,4,5,6,7,8,9,10,11,12,13,14,15","unidentified (root/lower-body half)"
"Elvaan Female","Skeleton + Base Tex","ROM/42/4.dat","mw11","mw1","95","192576","16","15","73","26,27,28,29,30,31,32,33,34,35,36,37,38,39,40,41,42,43,44,45,46,47,48,49,50,51,52,53,54,55,56,57,58,59,60,61,62,63,64,65,66,67,68,69,70,71,72,73,74,75,76,77,78,79,80,81,82,83,84,85,86,87,88,89,90,91,92,93,94,95,96,97,98","unidentified (upper/body half)"
"Elvaan Female","Skeleton + Base Tex","ROM/42/4.dat","mw20","mw2","96","213520","13","9","16","0,1,2,3,4,5,6,7,8,9,10,11,12,13,14,15","unidentified (root/lower-body half)"
"Elvaan Female","Skeleton + Base Tex","ROM/42/4.dat","mb00","mb0","97","216816","13","15","16","0,1,2,3,4,5,6,7,8,9,10,11,12,13,14,15","unidentified (root/lower-body half)"
"Elvaan Female","Skeleton + Base Tex","ROM/42/4.dat","cm00","cm0","98","220016","16","15","16","0,1,2,3,4,5,6,7,8,9,10,11,12,13,14,15","combat/stance group 0 (root/lower-body half)"
"Elvaan Female","Skeleton + Base Tex","ROM/42/4.dat","cm01","cm0","99","223632","16","15","73","26,27,28,29,30,31,32,33,34,35,36,37,38,39,40,41,42,43,44,45,46,47,48,49,50,51,52,53,54,55,56,57,58,59,60,61,62,63,64,65,66,67,68,69,70,71,72,73,74,75,76,77,78,79,80,81,82,83,84,85,86,87,88,89,90,91,92,93,94,95,96,97,98","combat/stance group 0 (upper/body half)"
"Elvaan Female","Skeleton + Base Tex","ROM/42/4.dat","cm10","cm1","100","243552","13","7.5","16","0,1,2,3,4,5,6,7,8,9,10,11,12,13,14,15","combat/stance group 1 (root/lower-body half)"
"Elvaan Female","Skeleton + Base Tex","ROM/42/4.dat","cm11","cm1","101","246432","13","7.5","73","26,27,28,29,30,31,32,33,34,35,36,37,38,39,40,41,42,43,44,45,46,47,48,49,50,51,52,53,54,55,56,57,58,59,60,61,62,63,64,65,66,67,68,69,70,71,72,73,74,75,76,77,78,79,80,81,82,83,84,85,86,87,88,89,90,91,92,93,94,95,96,97,98","combat/stance group 1 (upper/body half)"
"Elvaan Female","Skeleton + Base Tex","ROM/42/4.dat","mi00","mi0","102","261232","8","15","16","0,1,2,3,4,5,6,7,8,9,10,11,12,13,14,15","unidentified (root/lower-body half)"
"Elvaan Female","Skeleton + Base Tex","ROM/42/4.dat","mi01","mi0","103","263728","8","15","73","26,27,28,29,30,31,32,33,34,35,36,37,38,39,40,41,42,43,44,45,46,47,48,49,50,51,52,53,54,55,56,57,58,59,60,61,62,63,64,65,66,67,68,69,70,71,72,73,74,75,76,77,78,79,80,81,82,83,84,85,86,87,88,89,90,91,92,93,94,95,96,97,98","unidentified (upper/body half)"
"Elvaan Female","Skeleton + Base Tex","ROM/42/4.dat","mi10","mi1","104","276608","13","7.5","16","0,1,2,3,4,5,6,7,8,9,10,11,12,13,14,15","unidentified (root/lower-body half)"
"Elvaan Female","Skeleton + Base Tex","ROM/42/4.dat","mi11","mi1","105","279696","13","7.5","73","26,27,28,29,30,31,32,33,34,35,36,37,38,39,40,41,42,43,44,45,46,47,48,49,50,51,52,53,54,55,56,57,58,59,60,61,62,63,64,65,66,67,68,69,70,71,72,73,74,75,76,77,78,79,80,81,82,83,84,85,86,87,88,89,90,91,92,93,94,95,96,97,98","unidentified (upper/body half)"
"Elvaan Female","Skeleton + Base Tex","ROM/42/4.dat","mi30","mi3","106","296464","13","7.5","16","0,1,2,3,4,5,6,7,8,9,10,11,12,13,14,15","unidentified (root/lower-body half)"
"Elvaan Female","Skeleton + Base Tex","ROM/42/4.dat","mi31","mi3","107","299552","13","7.5","73","26,27,28,29,30,31,32,33,34,35,36,37,38,39,40,41,42,43,44,45,46,47,48,49,50,51,52,53,54,55,56,57,58,59,60,61,62,63,64,65,66,67,68,69,70,71,72,73,74,75,76,77,78,79,80,81,82,83,84,85,86,87,88,89,90,91,92,93,94,95,96,97,98","unidentified (upper/body half)"
"Elvaan Female","Skeleton + Base Tex","ROM/42/4.dat","mi20","mi2","108","315856","12","15","16","0,1,2,3,4,5,6,7,8,9,10,11,12,13,14,15","unidentified (root/lower-body half)"
"Elvaan Female","Skeleton + Base Tex","ROM/42/4.dat","mi21","mi2","109","318816","12","15","73","26,27,28,29,30,31,32,33,34,35,36,37,38,39,40,41,42,43,44,45,46,47,48,49,50,51,52,53,54,55,56,57,58,59,60,61,62,63,64,65,66,67,68,69,70,71,72,73,74,75,76,77,78,79,80,81,82,83,84,85,86,87,88,89,90,91,92,93,94,95,96,97,98","unidentified (upper/body half)"
"Elvaan Female","Skeleton + Base Tex","ROM/42/4.dat","idl1","idl","110","335152","33","7.5","73","26,27,28,29,30,31,32,33,34,35,36,37,38,39,40,41,42,43,44,45,46,47,48,49,50,51,52,53,54,55,56,57,58,59,60,61,62,63,64,65,66,67,68,69,70,71,72,73,74,75,76,77,78,79,80,81,82,83,84,85,86,87,88,89,90,91,92,93,94,95,96,97,98","idle (upper/body half)"
"Elvaan Female","Skeleton + Base Tex","ROM/42/4.dat","ri00","ri0","111","365472","13","9","16","0,1,2,3,4,5,6,7,8,9,10,11,12,13,14,15","unidentified (root/lower-body half)"
"Elvaan Female","Skeleton + Base Tex","ROM/42/4.dat","std1","std","112","368304","51","15","73","26,27,28,29,30,31,32,33,34,35,36,37,38,39,40,41,42,43,44,45,46,47,48,49,50,51,52,53,54,55,56,57,58,59,60,61,62,63,64,65,66,67,68,69,70,71,72,73,74,75,76,77,78,79,80,81,82,83,84,85,86,87,88,89,90,91,92,93,94,95,96,97,98","standard/standing cycle (upper/body half)"
"Elvaan Female","Skeleton + Base Tex","ROM/42/4.dat","ded1","ded","113","423424","35","15","73","26,27,28,29,30,31,32,33,34,35,36,37,38,39,40,41,42,43,44,45,46,47,48,49,50,51,52,53,54,55,56,57,58,59,60,61,62,63,64,65,66,67,68,69,70,71,72,73,74,75,76,77,78,79,80,81,82,83,84,85,86,87,88,89,90,91,92,93,94,95,96,97,98","unidentified (upper/body half)"
"Elvaan Female","Skeleton + Base Tex","ROM/42/4.dat","rx01","rx0","114","461936","14","15","73","26,27,28,29,30,31,32,33,34,35,36,37,38,39,40,41,42,43,44,45,46,47,48,49,50,51,52,53,54,55,56,57,58,59,60,61,62,63,64,65,66,67,68,69,70,71,72,73,74,75,76,77,78,79,80,81,82,83,84,85,86,87,88,89,90,91,92,93,94,95,96,97,98","unidentified (upper/body half)"
"Elvaan Female","Skeleton + Base Tex","ROM/42/4.dat","rx11","rx1","115","481488","13","9","73","26,27,28,29,30,31,32,33,34,35,36,37,38,39,40,41,42,43,44,45,46,47,48,49,50,51,52,53,54,55,56,57,58,59,60,61,62,63,64,65,66,67,68,69,70,71,72,73,74,75,76,77,78,79,80,81,82,83,84,85,86,87,88,89,90,91,92,93,94,95,96,97,98","unidentified (upper/body half)"
"Elvaan Female","Skeleton + Base Tex","ROM/42/4.dat","cor1","cor","116","498784","2","30","73","26,27,28,29,30,31,32,33,34,35,36,37,38,39,40,41,42,43,44,45,46,47,48,49,50,51,52,53,54,55,56,57,58,59,60,61,62,63,64,65,66,67,68,69,70,71,72,73,74,75,76,77,78,79,80,81,82,83,84,85,86,87,88,89,90,91,92,93,94,95,96,97,98","unidentified (upper/body half)"
"Elvaan Female","Skeleton + Base Tex","ROM/42/4.dat","rx21","rx2","117","504944","15","15","73","26,27,28,29,30,31,32,33,34,35,36,37,38,39,40,41,42,43,44,45,46,47,48,49,50,51,52,53,54,55,56,57,58,59,60,61,62,63,64,65,66,67,68,69,70,71,72,73,74,75,76,77,78,79,80,81,82,83,84,85,86,87,88,89,90,91,92,93,94,95,96,97,98","unidentified (upper/body half)"
"Elvaan Female","Skeleton + Base Tex","ROM/42/4.dat","ri01","ri0","118","524976","13","9","73","26,27,28,29,30,31,32,33,34,35,36,37,38,39,40,41,42,43,44,45,46,47,48,49,50,51,52,53,54,55,56,57,58,59,60,61,62,63,64,65,66,67,68,69,70,71,72,73,74,75,76,77,78,79,80,81,82,83,84,85,86,87,88,89,90,91,92,93,94,95,96,97,98","unidentified (upper/body half)"
"Elvaan Female","Skeleton + Base Tex","ROM/42/4.dat","bf00","bf0","119","542848","2","30","16","0,1,2,3,4,5,6,7,8,9,10,11,12,13,14,15","unidentified (root/lower-body half)"
"Elvaan Female","Skeleton + Base Tex","ROM/42/4.dat","bb00","bb0","120","544224","2","30","16","0,1,2,3,4,5,6,7,8,9,10,11,12,13,14,15","unidentified (root/lower-body half)"
"Elvaan Female","Skeleton + Base Tex","ROM/42/4.dat","bb10","bb1","121","545600","10","15","16","0,1,2,3,4,5,6,7,8,9,10,11,12,13,14,15","unidentified (root/lower-body half)"
"Elvaan Female","Skeleton + Base Tex","ROM/42/4.dat","bf10","bf1","122","548304","10","15","16","0,1,2,3,4,5,6,7,8,9,10,11,12,13,14,15","unidentified (root/lower-body half)"
"Elvaan Female","Skeleton + Base Tex","ROM/42/4.dat","bb01","bb0","123","551008","2","30","73","26,27,28,29,30,31,32,33,34,35,36,37,38,39,40,41,42,43,44,45,46,47,48,49,50,51,52,53,54,55,56,57,58,59,60,61,62,63,64,65,66,67,68,69,70,71,72,73,74,75,76,77,78,79,80,81,82,83,84,85,86,87,88,89,90,91,92,93,94,95,96,97,98","unidentified (upper/body half)"
"Elvaan Female","Skeleton + Base Tex","ROM/42/4.dat","bf01","bf0","124","557168","2","30","73","26,27,28,29,30,31,32,33,34,35,36,37,38,39,40,41,42,43,44,45,46,47,48,49,50,51,52,53,54,55,56,57,58,59,60,61,62,63,64,65,66,67,68,69,70,71,72,73,74,75,76,77,78,79,80,81,82,83,84,85,86,87,88,89,90,91,92,93,94,95,96,97,98","unidentified (upper/body half)"
"Elvaan Female","Skeleton + Base Tex","ROM/42/4.dat","bb11","bb1","125","563328","10","15","73","26,27,28,29,30,31,32,33,34,35,36,37,38,39,40,41,42,43,44,45,46,47,48,49,50,51,52,53,54,55,56,57,58,59,60,61,62,63,64,65,66,67,68,69,70,71,72,73,74,75,76,77,78,79,80,81,82,83,84,85,86,87,88,89,90,91,92,93,94,95,96,97,98","unidentified (upper/body half)"
"Elvaan Female","Skeleton + Base Tex","ROM/42/4.dat","bf11","bf1","126","578128","10","15","73","26,27,28,29,30,31,32,33,34,35,36,37,38,39,40,41,42,43,44,45,46,47,48,49,50,51,52,53,54,55,56,57,58,59,60,61,62,63,64,65,66,67,68,69,70,71,72,73,74,75,76,77,78,79,80,81,82,83,84,85,86,87,88,89,90,91,92,93,94,95,96,97,98","unidentified (upper/body half)"
"Elvaan Female","Skeleton + Base Tex","ROM/42/4.dat","yu01","yu0","127","593376","28","15","73","26,27,28,29,30,31,32,33,34,35,36,37,38,39,40,41,42,43,44,45,46,47,48,49,50,51,52,53,54,55,56,57,58,59,60,61,62,63,64,65,66,67,68,69,70,71,72,73,74,75,76,77,78,79,80,81,82,83,84,85,86,87,88,89,90,91,92,93,94,95,96,97,98","unidentified (upper/body half)"
"Elvaan Female","Skeleton + Base Tex","ROM/42/4.dat","yu00","yu0","128","628992","28","15","16","0,1,2,3,4,5,6,7,8,9,10,11,12,13,14,15","unidentified (root/lower-body half)"
"Elvaan Female","Skeleton + Base Tex","ROM/42/4.dat","yu11","yu1","129","634288","16","7.5","73","26,27,28,29,30,31,32,33,34,35,36,37,38,39,40,41,42,43,44,45,46,47,48,49,50,51,52,53,54,55,56,57,58,59,60,61,62,63,64,65,66,67,68,69,70,71,72,73,74,75,76,77,78,79,80,81,82,83,84,85,86,87,88,89,90,91,92,93,94,95,96,97,98","unidentified (upper/body half)"
"Elvaan Female","Skeleton + Base Tex","ROM/42/4.dat","yu10","yu1","130","653888","16","7.5","16","0,1,2,3,4,5,6,7,8,9,10,11,12,13,14,15","unidentified (root/lower-body half)"
"Elvaan Female","Skeleton + Base Tex","ROM/42/4.dat","yu21","yu2","131","657376","44","30","73","26,27,28,29,30,31,32,33,34,35,36,37,38,39,40,41,42,43,44,45,46,47,48,49,50,51,52,53,54,55,56,57,58,59,60,61,62,63,64,65,66,67,68,69,70,71,72,73,74,75,76,77,78,79,80,81,82,83,84,85,86,87,88,89,90,91,92,93,94,95,96,97,98","unidentified (upper/body half)"
"Elvaan Female","Skeleton + Base Tex","ROM/42/4.dat","yu20","yu2","132","710000","44","30","16","0,1,2,3,4,5,6,7,8,9,10,11,12,13,14,15","unidentified (root/lower-body half)"
"Elvaan Female","Skeleton + Base Tex","ROM/42/4.dat","sf20","sf2","133","717184","16","9.574","16","0,1,2,3,4,5,6,7,8,9,10,11,12,13,14,15","unidentified (root/lower-body half)"
"Elvaan Female","Skeleton + Base Tex","ROM/42/4.dat","sf01","sf0","134","720672","16","15","73","26,27,28,29,30,31,32,33,34,35,36,37,38,39,40,41,42,43,44,45,46,47,48,49,50,51,52,53,54,55,56,57,58,59,60,61,62,63,64,65,66,67,68,69,70,71,72,73,74,75,76,77,78,79,80,81,82,83,84,85,86,87,88,89,90,91,92,93,94,95,96,97,98","unidentified (upper/body half)"
"Elvaan Female","Skeleton + Base Tex","ROM/42/4.dat","sf10","sf1","135","742768","21","15","16","0,1,2,3,4,5,6,7,8,9,10,11,12,13,14,15","unidentified (root/lower-body half)"
"Elvaan Female","Skeleton + Base Tex","ROM/42/4.dat","sf11","sf1","136","746912","21","15","73","26,27,28,29,30,31,32,33,34,35,36,37,38,39,40,41,42,43,44,45,46,47,48,49,50,51,52,53,54,55,56,57,58,59,60,61,62,63,64,65,66,67,68,69,70,71,72,73,74,75,76,77,78,79,80,81,82,83,84,85,86,87,88,89,90,91,92,93,94,95,96,97,98","unidentified (upper/body half)"
"Elvaan Female","Skeleton + Base Tex","ROM/42/4.dat","sf00","sf0","137","771216","16","15","16","0,1,2,3,4,5,6,7,8,9,10,11,12,13,14,15","unidentified (root/lower-body half)"
"Elvaan Female","Skeleton + Base Tex","ROM/42/4.dat","sf21","sf2","138","774704","16","9.574","73","26,27,28,29,30,31,32,33,34,35,36,37,38,39,40,41,42,43,44,45,46,47,48,49,50,51,52,53,54,55,56,57,58,59,60,61,62,63,64,65,66,67,68,69,70,71,72,73,74,75,76,77,78,79,80,81,82,83,84,85,86,87,88,89,90,91,92,93,94,95,96,97,98","unidentified (upper/body half)"
"Elvaan Female","Skeleton + Base Tex","ROM/42/4.dat","sh00","sh0","139","797120","16","15","16","0,1,2,3,4,5,6,7,8,9,10,11,12,13,14,15","unidentified (root/lower-body half)"
"Elvaan Female","Skeleton + Base Tex","ROM/42/4.dat","sh01","sh0","140","800608","16","15","73","26,27,28,29,30,31,32,33,34,35,36,37,38,39,40,41,42,43,44,45,46,47,48,49,50,51,52,53,54,55,56,57,58,59,60,61,62,63,64,65,66,67,68,69,70,71,72,73,74,75,76,77,78,79,80,81,82,83,84,85,86,87,88,89,90,91,92,93,94,95,96,97,98","unidentified (upper/body half)"
"Elvaan Female","Skeleton + Base Tex","ROM/42/4.dat","sh10","sh1","141","823216","21","10.5","16","0,1,2,3,4,5,6,7,8,9,10,11,12,13,14,15","unidentified (root/lower-body half)"
"Elvaan Female","Skeleton + Base Tex","ROM/42/4.dat","sh11","sh1","142","827360","21","10.5","73","26,27,28,29,30,31,32,33,34,35,36,37,38,39,40,41,42,43,44,45,46,47,48,49,50,51,52,53,54,55,56,57,58,59,60,61,62,63,64,65,66,67,68,69,70,71,72,73,74,75,76,77,78,79,80,81,82,83,84,85,86,87,88,89,90,91,92,93,94,95,96,97,98","unidentified (upper/body half)"
"Elvaan Female","Skeleton + Base Tex","ROM/42/4.dat","sk10","sk1","143","850656","16","7.5","16","0,1,2,3,4,5,6,7,8,9,10,11,12,13,14,15","unidentified (root/lower-body half)"
"Elvaan Female","Skeleton + Base Tex","ROM/42/4.dat","sh21","sh2","144","854144","16","9.574","73","26,27,28,29,30,31,32,33,34,35,36,37,38,39,40,41,42,43,44,45,46,47,48,49,50,51,52,53,54,55,56,57,58,59,60,61,62,63,64,65,66,67,68,69,70,71,72,73,74,75,76,77,78,79,80,81,82,83,84,85,86,87,88,89,90,91,92,93,94,95,96,97,98","unidentified (upper/body half)"
"Elvaan Female","Skeleton + Base Tex","ROM/42/4.dat","sh20","sh2","145","877328","16","9.574","16","0,1,2,3,4,5,6,7,8,9,10,11,12,13,14,15","unidentified (root/lower-body half)"
"Elvaan Female","Skeleton + Base Tex","ROM/42/4.dat","sk11","sk1","146","880816","16","7.5","73","26,27,28,29,30,31,32,33,34,35,36,37,38,39,40,41,42,43,44,45,46,47,48,49,50,51,52,53,54,55,56,57,58,59,60,61,62,63,64,65,66,67,68,69,70,71,72,73,74,75,76,77,78,79,80,81,82,83,84,85,86,87,88,89,90,91,92,93,94,95,96,97,98","unidentified (upper/body half)"
"Elvaan Female","Skeleton + Base Tex","ROM/42/4.dat","sk20","sk2","147","900800","48","30","16","0,1,2,3,4,5,6,7,8,9,10,11,12,13,14,15","unidentified (root/lower-body half)"
"Elvaan Female","Skeleton + Base Tex","ROM/42/4.dat","sk21","sk2","148","908512","48","30","73","26,27,28,29,30,31,32,33,34,35,36,37,38,39,40,41,42,43,44,45,46,47,48,49,50,51,52,53,54,55,56,57,58,59,60,61,62,63,64,65,66,67,68,69,70,71,72,73,74,75,76,77,78,79,80,81,82,83,84,85,86,87,88,89,90,91,92,93,94,95,96,97,98","unidentified (upper/body half)"
"Elvaan Female","Skeleton + Base Tex","ROM/42/4.dat","na30","na3","149","961328","31","30","16","0,1,2,3,4,5,6,7,8,9,10,11,12,13,14,15","unidentified (root/lower-body half)"
"Elvaan Female","Skeleton + Base Tex","ROM/42/4.dat","gu01","gu0","150","966800","16","15","73","26,27,28,29,30,31,32,33,34,35,36,37,38,39,40,41,42,43,44,45,46,47,48,49,50,51,52,53,54,55,56,57,58,59,60,61,62,63,64,65,66,67,68,69,70,71,72,73,74,75,76,77,78,79,80,81,82,83,84,85,86,87,88,89,90,91,92,93,94,95,96,97,98","unidentified (upper/body half)"
"Elvaan Female","Skeleton + Base Tex","ROM/42/4.dat","gu10","gu1","151","989280","16","7.5","16","0,1,2,3,4,5,6,7,8,9,10,11,12,13,14,15","unidentified (root/lower-body half)"
"Elvaan Female","Skeleton + Base Tex","ROM/42/4.dat","gu11","gu1","152","992768","16","7.5","73","26,27,28,29,30,31,32,33,34,35,36,37,38,39,40,41,42,43,44,45,46,47,48,49,50,51,52,53,54,55,56,57,58,59,60,61,62,63,64,65,66,67,68,69,70,71,72,73,74,75,76,77,78,79,80,81,82,83,84,85,86,87,88,89,90,91,92,93,94,95,96,97,98","unidentified (upper/body half)"
"Elvaan Female","Skeleton + Base Tex","ROM/42/4.dat","gu20","gu2","153","1012560","42","30","16","0,1,2,3,4,5,6,7,8,9,10,11,12,13,14,15","unidentified (root/lower-body half)"
"Elvaan Female","Skeleton + Base Tex","ROM/42/4.dat","gu21","gu2","154","1019488","42","30","73","26,27,28,29,30,31,32,33,34,35,36,37,38,39,40,41,42,43,44,45,46,47,48,49,50,51,52,53,54,55,56,57,58,59,60,61,62,63,64,65,66,67,68,69,70,71,72,73,74,75,76,77,78,79,80,81,82,83,84,85,86,87,88,89,90,91,92,93,94,95,96,97,98","unidentified (upper/body half)"
"Elvaan Female","Skeleton + Base Tex","ROM/42/4.dat","na00","na0","155","1068320","16","15","16","0,1,2,3,4,5,6,7,8,9,10,11,12,13,14,15","unidentified (root/lower-body half)"
"Elvaan Female","Skeleton + Base Tex","ROM/42/4.dat","na01","na0","156","1071808","16","15","73","26,27,28,29,30,31,32,33,34,35,36,37,38,39,40,41,42,43,44,45,46,47,48,49,50,51,52,53,54,55,56,57,58,59,60,61,62,63,64,65,66,67,68,69,70,71,72,73,74,75,76,77,78,79,80,81,82,83,84,85,86,87,88,89,90,91,92,93,94,95,96,97,98","unidentified (upper/body half)"
"Elvaan Female","Skeleton + Base Tex","ROM/42/4.dat","na10","na1","157","1092880","16","7.5","16","0,1,2,3,4,5,6,7,8,9,10,11,12,13,14,15","unidentified (root/lower-body half)"
"Elvaan Female","Skeleton + Base Tex","ROM/42/4.dat","na11","na1","158","1096368","16","7.5","73","26,27,28,29,30,31,32,33,34,35,36,37,38,39,40,41,42,43,44,45,46,47,48,49,50,51,52,53,54,55,56,57,58,59,60,61,62,63,64,65,66,67,68,69,70,71,72,73,74,75,76,77,78,79,80,81,82,83,84,85,86,87,88,89,90,91,92,93,94,95,96,97,98","unidentified (upper/body half)"
"Elvaan Female","Skeleton + Base Tex","ROM/42/4.dat","na20","na2","159","1116672","81","30","16","0,1,2,3,4,5,6,7,8,9,10,11,12,13,14,15","unidentified (root/lower-body half)"
"Elvaan Female","Skeleton + Base Tex","ROM/42/4.dat","na21","na2","160","1128736","81","30","73","26,27,28,29,30,31,32,33,34,35,36,37,38,39,40,41,42,43,44,45,46,47,48,49,50,51,52,53,54,55,56,57,58,59,60,61,62,63,64,65,66,67,68,69,70,71,72,73,74,75,76,77,78,79,80,81,82,83,84,85,86,87,88,89,90,91,92,93,94,95,96,97,98","unidentified (upper/body half)"
"Elvaan Female","Skeleton + Base Tex","ROM/42/4.dat","gu00","gu0","161","1210400","16","15","16","0,1,2,3,4,5,6,7,8,9,10,11,12,13,14,15","unidentified (root/lower-body half)"
"Elvaan Female","Skeleton + Base Tex","ROM/42/4.dat","na31","na3","162","1213888","31","30","73","26,27,28,29,30,31,32,33,34,35,36,37,38,39,40,41,42,43,44,45,46,47,48,49,50,51,52,53,54,55,56,57,58,59,60,61,62,63,64,65,66,67,68,69,70,71,72,73,74,75,76,77,78,79,80,81,82,83,84,85,86,87,88,89,90,91,92,93,94,95,96,97,98","unidentified (upper/body half)"
"Elvaan Female","Skeleton + Base Tex","ROM/42/4.dat","dbm1","dbm","163","1248080","2","30","73","26,27,28,29,30,31,32,33,34,35,36,37,38,39,40,41,42,43,44,45,46,47,48,49,50,51,52,53,54,55,56,57,58,59,60,61,62,63,64,65,66,67,68,69,70,71,72,73,74,75,76,77,78,79,80,81,82,83,84,85,86,87,88,89,90,91,92,93,94,95,96,97,98","unidentified (upper/body half)"
"Elvaan Female","Skeleton + Base Tex","ROM/42/4.dat","dfm1","dfm","164","1254240","2","30","73","26,27,28,29,30,31,32,33,34,35,36,37,38,39,40,41,42,43,44,45,46,47,48,49,50,51,52,53,54,55,56,57,58,59,60,61,62,63,64,65,66,67,68,69,70,71,72,73,74,75,76,77,78,79,80,81,82,83,84,85,86,87,88,89,90,91,92,93,94,95,96,97,98","unidentified (upper/body half)"
"Elvaan Female","Skeleton + Base Tex","ROM/42/4.dat","mn20","mn2","165","1260400","13","10.5","16","0,1,2,3,4,5,6,7,8,9,10,11,12,13,14,15","unidentified (root/lower-body half)"
"Elvaan Female","Skeleton + Base Tex","ROM/42/4.dat","mn01","mn0","166","1263488","13","7.5","73","26,27,28,29,30,31,32,33,34,35,36,37,38,39,40,41,42,43,44,45,46,47,48,49,50,51,52,53,54,55,56,57,58,59,60,61,62,63,64,65,66,67,68,69,70,71,72,73,74,75,76,77,78,79,80,81,82,83,84,85,86,87,88,89,90,91,92,93,94,95,96,97,98","unidentified (upper/body half)"
"Elvaan Female","Skeleton + Base Tex","ROM/42/4.dat","mn10","mn1","167","1275328","31","30","16","0,1,2,3,4,5,6,7,8,9,10,11,12,13,14,15","unidentified (root/lower-body half)"
"Elvaan Female","Skeleton + Base Tex","ROM/42/4.dat","mn11","mn1","168","1281040","31","30","73","26,27,28,29,30,31,32,33,34,35,36,37,38,39,40,41,42,43,44,45,46,47,48,49,50,51,52,53,54,55,56,57,58,59,60,61,62,63,64,65,66,67,68,69,70,71,72,73,74,75,76,77,78,79,80,81,82,83,84,85,86,87,88,89,90,91,92,93,94,95,96,97,98","unidentified (upper/body half)"
"Elvaan Female","Skeleton + Base Tex","ROM/42/4.dat","mn00","mn0","169","1313488","13","7.5","16","0,1,2,3,4,5,6,7,8,9,10,11,12,13,14,15","unidentified (root/lower-body half)"
"Elvaan Female","Skeleton + Base Tex","ROM/42/4.dat","mn21","mn2","170","1316368","13","10.5","73","26,27,28,29,30,31,32,33,34,35,36,37,38,39,40,41,42,43,44,45,46,47,48,49,50,51,52,53,54,55,56,57,58,59,60,61,62,63,64,65,66,67,68,69,70,71,72,73,74,75,76,77,78,79,80,81,82,83,84,85,86,87,88,89,90,91,92,93,94,95,96,97,98","unidentified (upper/body half)"
"Elvaan Female","Skeleton + Base Tex","ROM/42/4.dat","ms00","ms0","171","1332000","13","9","16","0,1,2,3,4,5,6,7,8,9,10,11,12,13,14,15","unidentified (root/lower-body half)"
"Elvaan Female","Skeleton + Base Tex","ROM/42/4.dat","ms01","ms0","172","1335088","13","9","73","26,27,28,29,30,31,32,33,34,35,36,37,38,39,40,41,42,43,44,45,46,47,48,49,50,51,52,53,54,55,56,57,58,59,60,61,62,63,64,65,66,67,68,69,70,71,72,73,74,75,76,77,78,79,80,81,82,83,84,85,86,87,88,89,90,91,92,93,94,95,96,97,98","unidentified (upper/body half)"
"Elvaan Female","Skeleton + Base Tex","ROM/42/4.dat","ms10","ms1","173","1351920","31","15","16","0,1,2,3,4,5,6,7,8,9,10,11,12,13,14,15","unidentified (root/lower-body half)"
"Elvaan Female","Skeleton + Base Tex","ROM/42/4.dat","ms11","ms1","174","1357632","31","15","73","26,27,28,29,30,31,32,33,34,35,36,37,38,39,40,41,42,43,44,45,46,47,48,49,50,51,52,53,54,55,56,57,58,59,60,61,62,63,64,65,66,67,68,69,70,71,72,73,74,75,76,77,78,79,80,81,82,83,84,85,86,87,88,89,90,91,92,93,94,95,96,97,98","unidentified (upper/body half)"
"Elvaan Female","Skeleton + Base Tex","ROM/42/4.dat","ms20","ms2","175","1393680","13","12","16","0,1,2,3,4,5,6,7,8,9,10,11,12,13,14,15","unidentified (root/lower-body half)"
"Elvaan Female","Skeleton + Base Tex","ROM/42/4.dat","ms21","ms2","176","1396560","13","12","73","26,27,28,29,30,31,32,33,34,35,36,37,38,39,40,41,42,43,44,45,46,47,48,49,50,51,52,53,54,55,56,57,58,59,60,61,62,63,64,65,66,67,68,69,70,71,72,73,74,75,76,77,78,79,80,81,82,83,84,85,86,87,88,89,90,91,92,93,94,95,96,97,98","unidentified (upper/body half)"
"Elvaan Female","Skeleton + Base Tex","ROM/42/4.dat","si00","si0","177","1412448","31","15","16","0,1,2,3,4,5,6,7,8,9,10,11,12,13,14,15","unidentified (root/lower-body half)"
"Elvaan Female","Skeleton + Base Tex","ROM/42/4.dat","si10","si1","178","1418416","31","15","16","0,1,2,3,4,5,6,7,8,9,10,11,12,13,14,15","unidentified (root/lower-body half)"
"Elvaan Female","Skeleton + Base Tex","ROM/42/4.dat","si20","si2","179","1423632","31","15","16","0,1,2,3,4,5,6,7,8,9,10,11,12,13,14,15","unidentified (root/lower-body half)"
"Elvaan Female","Skeleton + Base Tex","ROM/42/4.dat","si01","si0","180","1430096","31","15","73","26,27,28,29,30,31,32,33,34,35,36,37,38,39,40,41,42,43,44,45,46,47,48,49,50,51,52,53,54,55,56,57,58,59,60,61,62,63,64,65,66,67,68,69,70,71,72,73,74,75,76,77,78,79,80,81,82,83,84,85,86,87,88,89,90,91,92,93,94,95,96,97,98","unidentified (upper/body half)"
"Elvaan Female","Skeleton + Base Tex","ROM/42/4.dat","si11","si1","181","1466016","31","15","73","26,27,28,29,30,31,32,33,34,35,36,37,38,39,40,41,42,43,44,45,46,47,48,49,50,51,52,53,54,55,56,57,58,59,60,61,62,63,64,65,66,67,68,69,70,71,72,73,74,75,76,77,78,79,80,81,82,83,84,85,86,87,88,89,90,91,92,93,94,95,96,97,98","unidentified (upper/body half)"
"Elvaan Female","Skeleton + Base Tex","ROM/42/4.dat","si21","si2","182","1496112","31","15","73","26,27,28,29,30,31,32,33,34,35,36,37,38,39,40,41,42,43,44,45,46,47,48,49,50,51,52,53,54,55,56,57,58,59,60,61,62,63,64,65,66,67,68,69,70,71,72,73,74,75,76,77,78,79,80,81,82,83,84,85,86,87,88,89,90,91,92,93,94,95,96,97,98","unidentified (upper/body half)"
"Elvaan Female","Skeleton + Base Tex","ROM/42/4.dat","ma11","ma1","183","1532416","16","15","73","26,27,28,29,30,31,32,33,34,35,36,37,38,39,40,41,42,43,44,45,46,47,48,49,50,51,52,53,54,55,56,57,58,59,60,61,62,63,64,65,66,67,68,69,70,71,72,73,74,75,76,77,78,79,80,81,82,83,84,85,86,87,88,89,90,91,92,93,94,95,96,97,98","unidentified (upper/body half)"
"Elvaan Female","Skeleton + Base Tex","ROM/42/4.dat","ma01","ma0","184","1554832","15","10.5","73","26,27,28,29,30,31,32,33,34,35,36,37,38,39,40,41,42,43,44,45,46,47,48,49,50,51,52,53,54,55,56,57,58,59,60,61,62,63,64,65,66,67,68,69,70,71,72,73,74,75,76,77,78,79,80,81,82,83,84,85,86,87,88,89,90,91,92,93,94,95,96,97,98","unidentified (upper/body half)"
"Elvaan Female","Skeleton + Base Tex","ROM/42/4.dat","ma10","ma1","185","1573424","16","15","16","0,1,2,3,4,5,6,7,8,9,10,11,12,13,14,15","unidentified (root/lower-body half)"
"Elvaan Female","Skeleton + Base Tex","ROM/42/4.dat","ma00","ma0","186","1576912","15","10.5","16","0,1,2,3,4,5,6,7,8,9,10,11,12,13,14,15","unidentified (root/lower-body half)"
"Elvaan Female","Skeleton + Base Tex","ROM/42/4.dat","ma20","ma2","187","1580208","16","15","16","0,1,2,3,4,5,6,7,8,9,10,11,12,13,14,15","unidentified (root/lower-body half)"
"Elvaan Female","Skeleton + Base Tex","ROM/42/4.dat","ma21","ma2","188","1583696","16","15","73","26,27,28,29,30,31,32,33,34,35,36,37,38,39,40,41,42,43,44,45,46,47,48,49,50,51,52,53,54,55,56,57,58,59,60,61,62,63,64,65,66,67,68,69,70,71,72,73,74,75,76,77,78,79,80,81,82,83,84,85,86,87,88,89,90,91,92,93,94,95,96,97,98","unidentified (upper/body half)"
"Elvaan Female","Skeleton + Base Tex","ROM/42/4.dat","gh01","gh0","189","1600416","11","15","73","26,27,28,29,30,31,32,33,34,35,36,37,38,39,40,41,42,43,44,45,46,47,48,49,50,51,52,53,54,55,56,57,58,59,60,61,62,63,64,65,66,67,68,69,70,71,72,73,74,75,76,77,78,79,80,81,82,83,84,85,86,87,88,89,90,91,92,93,94,95,96,97,98","unidentified (upper/body half)"
"Elvaan Female","Skeleton + Base Tex","ROM/42/4.dat","gh10","gh1","190","1619568","18","15","16","0,1,2,3,4,5,6,7,8,9,10,11,12,13,14,15","unidentified (root/lower-body half)"
"Elvaan Female","Skeleton + Base Tex","ROM/42/4.dat","gh11","gh1","191","1623904","18","15","73","26,27,28,29,30,31,32,33,34,35,36,37,38,39,40,41,42,43,44,45,46,47,48,49,50,51,52,53,54,55,56,57,58,59,60,61,62,63,64,65,66,67,68,69,70,71,72,73,74,75,76,77,78,79,80,81,82,83,84,85,86,87,88,89,90,91,92,93,94,95,96,97,98","unidentified (upper/body half)"
"Elvaan Female","Skeleton + Base Tex","ROM/42/4.dat","gh20","gh2","192","1645616","38","15","16","0,1,2,3,4,5,6,7,8,9,10,11,12,13,14,15","unidentified (root/lower-body half)"
"Elvaan Female","Skeleton + Base Tex","ROM/42/4.dat","gh21","gh2","193","1653232","38","15","73","26,27,28,29,30,31,32,33,34,35,36,37,38,39,40,41,42,43,44,45,46,47,48,49,50,51,52,53,54,55,56,57,58,59,60,61,62,63,64,65,66,67,68,69,70,71,72,73,74,75,76,77,78,79,80,81,82,83,84,85,86,87,88,89,90,91,92,93,94,95,96,97,98","unidentified (upper/body half)"
"Elvaan Female","Skeleton + Base Tex","ROM/42/4.dat","gc00","gc0","194","1706816","11","15","16","0,1,2,3,4,5,6,7,8,9,10,11,12,13,14,15","unidentified (root/lower-body half)"
"Elvaan Female","Skeleton + Base Tex","ROM/42/4.dat","gc01","gc0","195","1710000","11","15","73","26,27,28,29,30,31,32,33,34,35,36,37,38,39,40,41,42,43,44,45,46,47,48,49,50,51,52,53,54,55,56,57,58,59,60,61,62,63,64,65,66,67,68,69,70,71,72,73,74,75,76,77,78,79,80,81,82,83,84,85,86,87,88,89,90,91,92,93,94,95,96,97,98","unidentified (upper/body half)"
"Elvaan Female","Skeleton + Base Tex","ROM/42/4.dat","gc10","gc1","196","1729104","18","15","16","0,1,2,3,4,5,6,7,8,9,10,11,12,13,14,15","unidentified (root/lower-body half)"
"Elvaan Female","Skeleton + Base Tex","ROM/42/4.dat","gc11","gc1","197","1733440","18","15","73","26,27,28,29,30,31,32,33,34,35,36,37,38,39,40,41,42,43,44,45,46,47,48,49,50,51,52,53,54,55,56,57,58,59,60,61,62,63,64,65,66,67,68,69,70,71,72,73,74,75,76,77,78,79,80,81,82,83,84,85,86,87,88,89,90,91,92,93,94,95,96,97,98","unidentified (upper/body half)"
"Elvaan Female","Skeleton + Base Tex","ROM/42/4.dat","gc20","gc2","198","1755296","38","15","16","0,1,2,3,4,5,6,7,8,9,10,11,12,13,14,15","unidentified (root/lower-body half)"
"Elvaan Female","Skeleton + Base Tex","ROM/42/4.dat","gc21","gc2","199","1762912","38","15","73","26,27,28,29,30,31,32,33,34,35,36,37,38,39,40,41,42,43,44,45,46,47,48,49,50,51,52,53,54,55,56,57,58,59,60,61,62,63,64,65,66,67,68,69,70,71,72,73,74,75,76,77,78,79,80,81,82,83,84,85,86,87,88,89,90,91,92,93,94,95,96,97,98","unidentified (upper/body half)"
"Elvaan Female","Skeleton + Base Tex","ROM/42/4.dat","gh00","gh0","200","1815888","11","15","16","0,1,2,3,4,5,6,7,8,9,10,11,12,13,14,15","unidentified (root/lower-body half)"
"Elvaan Female","Skeleton + Base Tex","ROM/42/4.dat","jmp0","jmp","201","1819072","12","15","16","0,1,2,3,4,5,6,7,8,9,10,11,12,13,14,15","unidentified (root/lower-body half)"
"Elvaan Female","Skeleton + Base Tex","ROM/42/4.dat","jmp1","jmp","202","1822176","12","15","73","26,27,28,29,30,31,32,33,34,35,36,37,38,39,40,41,42,43,44,45,46,47,48,49,50,51,52,53,54,55,56,57,58,59,60,61,62,63,64,65,66,67,68,69,70,71,72,73,74,75,76,77,78,79,80,81,82,83,84,85,86,87,88,89,90,91,92,93,94,95,96,97,98","unidentified (upper/body half)"
"Elvaan Female","Animation set 0","ROM/46/57.dat","amf1","amf","19","3744","37","30","73","26,27,28,29,30,31,32,33,34,35,36,37,38,39,40,41,42,43,44,45,46,47,48,49,50,51,52,53,54,55,56,57,58,59,60,61,62,63,64,65,66,67,68,69,70,71,72,73,74,75,76,77,78,79,80,81,82,83,84,85,86,87,88,89,90,91,92,93,94,95,96,97,98","unidentified (upper/body half)"
"Elvaan Female","Animation set 0","ROM/46/57.dat","aml1","aml","20","44240","37","30","73","26,27,28,29,30,31,32,33,34,35,36,37,38,39,40,41,42,43,44,45,46,47,48,49,50,51,52,53,54,55,56,57,58,59,60,61,62,63,64,65,66,67,68,69,70,71,72,73,74,75,76,77,78,79,80,81,82,83,84,85,86,87,88,89,90,91,92,93,94,95,96,97,98","unidentified (upper/body half)"
"Elvaan Female","Animation set 0","ROM/46/57.dat","amr1","amr","21","80160","37","30","73","26,27,28,29,30,31,32,33,34,35,36,37,38,39,40,41,42,43,44,45,46,47,48,49,50,51,52,53,54,55,56,57,58,59,60,61,62,63,64,65,66,67,68,69,70,71,72,73,74,75,76,77,78,79,80,81,82,83,84,85,86,87,88,89,90,91,92,93,94,95,96,97,98","unidentified (upper/body half)"
"Elvaan Female","Animation set 0","ROM/46/57.dat","btl0","btl","22","120224","17","7.5","16","0,1,2,3,4,5,6,7,8,9,10,11,12,13,14,15","battle stance (root/lower-body half)"
"Elvaan Female","Animation set 0","ROM/46/57.dat","btl1","btl","23","123840","17","7.5","73","26,27,28,29,30,31,32,33,34,35,36,37,38,39,40,41,42,43,44,45,46,47,48,49,50,51,52,53,54,55,56,57,58,59,60,61,62,63,64,65,66,67,68,69,70,71,72,73,74,75,76,77,78,79,80,81,82,83,84,85,86,87,88,89,90,91,92,93,94,95,96,97,98","battle stance (upper/body half)"
"Elvaan Female","Animation set 0","ROM/46/57.dat","mvb1","mvb","24","142112","19","15","73","26,27,28,29,30,31,32,33,34,35,36,37,38,39,40,41,42,43,44,45,46,47,48,49,50,51,52,53,54,55,56,57,58,59,60,61,62,63,64,65,66,67,68,69,70,71,72,73,74,75,76,77,78,79,80,81,82,83,84,85,86,87,88,89,90,91,92,93,94,95,96,97,98","move backward (upper/body half)"
"Elvaan Female","Animation set 0","ROM/46/57.dat","mvl1","mvl","25","162640","13","15","73","26,27,28,29,30,31,32,33,34,35,36,37,38,39,40,41,42,43,44,45,46,47,48,49,50,51,52,53,54,55,56,57,58,59,60,61,62,63,64,65,66,67,68,69,70,71,72,73,74,75,76,77,78,79,80,81,82,83,84,85,86,87,88,89,90,91,92,93,94,95,96,97,98","strafe/turn left (upper/body half)"
"Elvaan Female","Animation set 0","ROM/46/57.dat","mvr1","mvr","26","179680","13","15","73","26,27,28,29,30,31,32,33,34,35,36,37,38,39,40,41,42,43,44,45,46,47,48,49,50,51,52,53,54,55,56,57,58,59,60,61,62,63,64,65,66,67,68,69,70,71,72,73,74,75,76,77,78,79,80,81,82,83,84,85,86,87,88,89,90,91,92,93,94,95,96,97,98","strafe/turn right (upper/body half)"
"Elvaan Female","Animation set 0","ROM/46/57.dat","run1","run","27","197072","13","15","73","26,27,28,29,30,31,32,33,34,35,36,37,38,39,40,41,42,43,44,45,46,47,48,49,50,51,52,53,54,55,56,57,58,59,60,61,62,63,64,65,66,67,68,69,70,71,72,73,74,75,76,77,78,79,80,81,82,83,84,85,86,87,88,89,90,91,92,93,94,95,96,97,98","run (upper/body half)"
"Elvaan Female","Animation set 0","ROM/46/57.dat","wlk1","wlk","28","214416","17","15","73","26,27,28,29,30,31,32,33,34,35,36,37,38,39,40,41,42,43,44,45,46,47,48,49,50,51,52,53,54,55,56,57,58,59,60,61,62,63,64,65,66,67,68,69,70,71,72,73,74,75,76,77,78,79,80,81,82,83,84,85,86,87,88,89,90,91,92,93,94,95,96,97,98","walk (upper/body half)"
"Elvaan Female","Animation set 0","ROM/46/57.dat","ina1","ina","29","234320","19","15","73","26,27,28,29,30,31,32,33,34,35,36,37,38,39,40,41,42,43,44,45,46,47,48,49,50,51,52,53,54,55,56,57,58,59,60,61,62,63,64,65,66,67,68,69,70,71,72,73,74,75,76,77,78,79,80,81,82,83,84,85,86,87,88,89,90,91,92,93,94,95,96,97,98","unidentified (upper/body half)"
"Elvaan Female","Animation set 0","ROM/46/57.dat","ina0","ina","30","262064","19","15","16","0,1,2,3,4,5,6,7,8,9,10,11,12,13,14,15","unidentified (root/lower-body half)"
"Elvaan Female","Animation set 0","ROM/46/57.dat","ota1","ota","31","265952","19","15","73","26,27,28,29,30,31,32,33,34,35,36,37,38,39,40,41,42,43,44,45,46,47,48,49,50,51,52,53,54,55,56,57,58,59,60,61,62,63,64,65,66,67,68,69,70,71,72,73,74,75,76,77,78,79,80,81,82,83,84,85,86,87,88,89,90,91,92,93,94,95,96,97,98","unidentified (upper/body half)"
"Elvaan Female","Animation set 0","ROM/46/57.dat","ota0","ota","32","293328","19","15","16","0,1,2,3,4,5,6,7,8,9,10,11,12,13,14,15","unidentified (root/lower-body half)"
"Elvaan Female","Animation set 0","ROM/46/57.dat","inf1","inf","33","297216","19","15","73","26,27,28,29,30,31,32,33,34,35,36,37,38,39,40,41,42,43,44,45,46,47,48,49,50,51,52,53,54,55,56,57,58,59,60,61,62,63,64,65,66,67,68,69,70,71,72,73,74,75,76,77,78,79,80,81,82,83,84,85,86,87,88,89,90,91,92,93,94,95,96,97,98","unidentified (upper/body half)"
"Elvaan Female","Animation set 0","ROM/46/57.dat","inf0","inf","34","325872","19","15","16","0,1,2,3,4,5,6,7,8,9,10,11,12,13,14,15","unidentified (root/lower-body half)"
"Elvaan Female","Animation set 0","ROM/46/57.dat","otf1","otf","35","329760","19","15","73","26,27,28,29,30,31,32,33,34,35,36,37,38,39,40,41,42,43,44,45,46,47,48,49,50,51,52,53,54,55,56,57,58,59,60,61,62,63,64,65,66,67,68,69,70,71,72,73,74,75,76,77,78,79,80,81,82,83,84,85,86,87,88,89,90,91,92,93,94,95,96,97,98","unidentified (upper/body half)"
"Elvaan Female","Animation set 0","ROM/46/57.dat","otf0","otf","36","357440","19","15","16","0,1,2,3,4,5,6,7,8,9,10,11,12,13,14,15","unidentified (root/lower-body half)"
"Elvaan Female","Animation set 0","ROM/46/57.dat","cor1","cor","37","361328","2","30","73","26,27,28,29,30,31,32,33,34,35,36,37,38,39,40,41,42,43,44,45,46,47,48,49,50,51,52,53,54,55,56,57,58,59,60,61,62,63,64,65,66,67,68,69,70,71,72,73,74,75,76,77,78,79,80,81,82,83,84,85,86,87,88,89,90,91,92,93,94,95,96,97,98","unidentified (upper/body half)"
"Elvaan Female","Animation set 0","ROM/46/57.dat","ded1","ded","38","367488","35","15","73","26,27,28,29,30,31,32,33,34,35,36,37,38,39,40,41,42,43,44,45,46,47,48,49,50,51,52,53,54,55,56,57,58,59,60,61,62,63,64,65,66,67,68,69,70,71,72,73,74,75,76,77,78,79,80,81,82,83,84,85,86,87,88,89,90,91,92,93,94,95,96,97,98","unidentified (upper/body half)"
"Elvaan Female","Animation set 0","ROM/46/57.dat","at01","at0","39","406560","47","27","73","26,27,28,29,30,31,32,33,34,35,36,37,38,39,40,41,42,43,44,45,46,47,48,49,50,51,52,53,54,55,56,57,58,59,60,61,62,63,64,65,66,67,68,69,70,71,72,73,74,75,76,77,78,79,80,81,82,83,84,85,86,87,88,89,90,91,92,93,94,95,96,97,98","unidentified (upper/body half)"
"Elvaan Female","Animation set 0","ROM/46/57.dat","at00","at0","40","455024","47","27","16","0,1,2,3,4,5,6,7,8,9,10,11,12,13,14,15","unidentified (root/lower-body half)"
"Elvaan Female","Animation set 0","ROM/46/57.dat","bf11","bf1","41","463360","10","15","73","26,27,28,29,30,31,32,33,34,35,36,37,38,39,40,41,42,43,44,45,46,47,48,49,50,51,52,53,54,55,56,57,58,59,60,61,62,63,64,65,66,67,68,69,70,71,72,73,74,75,76,77,78,79,80,81,82,83,84,85,86,87,88,89,90,91,92,93,94,95,96,97,98","unidentified (upper/body half)"
"Elvaan Female","Animation set 0","ROM/46/57.dat","cm01","cm0","42","479280","16","15","73","26,27,28,29,30,31,32,33,34,35,36,37,38,39,40,41,42,43,44,45,46,47,48,49,50,51,52,53,54,55,56,57,58,59,60,61,62,63,64,65,66,67,68,69,70,71,72,73,74,75,76,77,78,79,80,81,82,83,84,85,86,87,88,89,90,91,92,93,94,95,96,97,98","combat/stance group 0 (upper/body half)"
"Elvaan Female","Animation set 0","ROM/46/57.dat","cm11","cm1","43","499200","13","7.5","73","26,27,28,29,30,31,32,33,34,35,36,37,38,39,40,41,42,43,44,45,46,47,48,49,50,51,52,53,54,55,56,57,58,59,60,61,62,63,64,65,66,67,68,69,70,71,72,73,74,75,76,77,78,79,80,81,82,83,84,85,86,87,88,89,90,91,92,93,94,95,96,97,98","combat/stance group 1 (upper/body half)"
"Elvaan Female","Animation set 0","ROM/46/57.dat","bf01","bf0","44","514512","2","30","73","26,27,28,29,30,31,32,33,34,35,36,37,38,39,40,41,42,43,44,45,46,47,48,49,50,51,52,53,54,55,56,57,58,59,60,61,62,63,64,65,66,67,68,69,70,71,72,73,74,75,76,77,78,79,80,81,82,83,84,85,86,87,88,89,90,91,92,93,94,95,96,97,98","unidentified (upper/body half)"
"Elvaan Female","Animation set 0","ROM/46/57.dat","at11","at1","45","520672","50","30","73","26,27,28,29,30,31,32,33,34,35,36,37,38,39,40,41,42,43,44,45,46,47,48,49,50,51,52,53,54,55,56,57,58,59,60,61,62,63,64,65,66,67,68,69,70,71,72,73,74,75,76,77,78,79,80,81,82,83,84,85,86,87,88,89,90,91,92,93,94,95,96,97,98","unidentified (upper/body half)"
"Elvaan Female","Animation set 0","ROM/46/57.dat","at10","at1","46","572432","50","30","16","0,1,2,3,4,5,6,7,8,9,10,11,12,13,14,15","unidentified (root/lower-body half)"
"Elvaan Female","Animation set 0","ROM/46/57.dat","pym1","pym","47","580816","2","30","73","26,27,28,29,30,31,32,33,34,35,36,37,38,39,40,41,42,43,44,45,46,47,48,49,50,51,52,53,54,55,56,57,58,59,60,61,62,63,64,65,66,67,68,69,70,71,72,73,74,75,76,77,78,79,80,81,82,83,84,85,86,87,88,89,90,91,92,93,94,95,96,97,98","unidentified (upper/body half)"
"Elvaan Female","Animation set 0","ROM/46/57.dat","bb11","bb1","48","586976","10","15","73","26,27,28,29,30,31,32,33,34,35,36,37,38,39,40,41,42,43,44,45,46,47,48,49,50,51,52,53,54,55,56,57,58,59,60,61,62,63,64,65,66,67,68,69,70,71,72,73,74,75,76,77,78,79,80,81,82,83,84,85,86,87,88,89,90,91,92,93,94,95,96,97,98","unidentified (upper/body half)"
"Elvaan Female","Animation set 0","ROM/46/57.dat","bb01","bb0","49","601904","2","30","73","26,27,28,29,30,31,32,33,34,35,36,37,38,39,40,41,42,43,44,45,46,47,48,49,50,51,52,53,54,55,56,57,58,59,60,61,62,63,64,65,66,67,68,69,70,71,72,73,74,75,76,77,78,79,80,81,82,83,84,85,86,87,88,89,90,91,92,93,94,95,96,97,98","unidentified (upper/body half)"
"Elvaan Female","Animation set 0","ROM/46/57.dat","dbm1","dbm","50","608064","2","30","73","26,27,28,29,30,31,32,33,34,35,36,37,38,39,40,41,42,43,44,45,46,47,48,49,50,51,52,53,54,55,56,57,58,59,60,61,62,63,64,65,66,67,68,69,70,71,72,73,74,75,76,77,78,79,80,81,82,83,84,85,86,87,88,89,90,91,92,93,94,95,96,97,98","unidentified (upper/body half)"
"Elvaan Female","Animation set 0","ROM/46/57.dat","dfm1","dfm","51","614224","2","30","73","26,27,28,29,30,31,32,33,34,35,36,37,38,39,40,41,42,43,44,45,46,47,48,49,50,51,52,53,54,55,56,57,58,59,60,61,62,63,64,65,66,67,68,69,70,71,72,73,74,75,76,77,78,79,80,81,82,83,84,85,86,87,88,89,90,91,92,93,94,95,96,97,98","unidentified (upper/body half)"
"Elvaan Female","Animation set 0","ROM/46/57.dat","gdm1","gdm","52","620384","2","30","73","26,27,28,29,30,31,32,33,34,35,36,37,38,39,40,41,42,43,44,45,46,47,48,49,50,51,52,53,54,55,56,57,58,59,60,61,62,63,64,65,66,67,68,69,70,71,72,73,74,75,76,77,78,79,80,81,82,83,84,85,86,87,88,89,90,91,92,93,94,95,96,97,98","unidentified (upper/body half)"
"Elvaan Female","Animation set 0","ROM/46/57.dat","at21","at2","53","626544","46","30","73","26,27,28,29,30,31,32,33,34,35,36,37,38,39,40,41,42,43,44,45,46,47,48,49,50,51,52,53,54,55,56,57,58,59,60,61,62,63,64,65,66,67,68,69,70,71,72,73,74,75,76,77,78,79,80,81,82,83,84,85,86,87,88,89,90,91,92,93,94,95,96,97,98","unidentified (upper/body half)"
"Elvaan Female","Animation set 0","ROM/46/57.dat","at20","at2","54","674848","46","30","16","0,1,2,3,4,5,6,7,8,9,10,11,12,13,14,15","unidentified (root/lower-body half)"
"Elvaan Female","Animation set 1","ROM/46/75.dat","bow1","bow","9","1312","39","15","73","26,27,28,29,30,31,32,33,34,35,36,37,38,39,40,41,42,43,44,45,46,47,48,49,50,51,52,53,54,55,56,57,58,59,60,61,62,63,64,65,66,67,68,69,70,71,72,73,74,75,76,77,78,79,80,81,82,83,84,85,86,87,88,89,90,91,92,93,94,95,96,97,98","unidentified (upper/body half)"
"Elvaan Female","Animation set 1","ROM/46/75.dat","bow0","bow","10","38208","39","15","16","0,1,2,3,4,5,6,7,8,9,10,11,12,13,14,15","unidentified (root/lower-body half)"
"Elvaan Female","Animation set 1","ROM/46/75.dat","poi1","poi","11","44736","31","15","73","26,27,28,29,30,31,32,33,34,35,36,37,38,39,40,41,42,43,44,45,46,47,48,49,50,51,52,53,54,55,56,57,58,59,60,61,62,63,64,65,66,67,68,69,70,71,72,73,74,75,76,77,78,79,80,81,82,83,84,85,86,87,88,89,90,91,92,93,94,95,96,97,98","unidentified (upper/body half)"
"Elvaan Female","Animation set 1","ROM/46/75.dat","poi0","poi","12","78176","31","15","16","0,1,2,3,4,5,6,7,8,9,10,11,12,13,14,15","unidentified (root/lower-body half)"
"Elvaan Female","Animation set 1","ROM/46/75.dat","sl11","sl1","13","83888","43","15","73","26,27,28,29,30,31,32,33,34,35,36,37,38,39,40,41,42,43,44,45,46,47,48,49,50,51,52,53,54,55,56,57,58,59,60,61,62,63,64,65,66,67,68,69,70,71,72,73,74,75,76,77,78,79,80,81,82,83,84,85,86,87,88,89,90,91,92,93,94,95,96,97,98","unidentified (upper/body half)"
"Elvaan Female","Animation set 1","ROM/46/75.dat","sl20","sl2","14","130128","41","15","16","0,1,2,3,4,5,6,7,8,9,10,11,12,13,14,15","unidentified (root/lower-body half)"
"Elvaan Female","Animation set 1","ROM/46/75.dat","sl10","sl1","15","136752","43","15","16","0,1,2,3,4,5,6,7,8,9,10,11,12,13,14,15","unidentified (root/lower-body half)"
"Elvaan Female","Animation set 1","ROM/46/75.dat","sl30","sl3","16","143808","47","15","16","0,1,2,3,4,5,6,7,8,9,10,11,12,13,14,15","unidentified (root/lower-body half)"
"Elvaan Female","Animation set 1","ROM/46/75.dat","sl31","sl3","17","151392","47","15","73","26,27,28,29,30,31,32,33,34,35,36,37,38,39,40,41,42,43,44,45,46,47,48,49,50,51,52,53,54,55,56,57,58,59,60,61,62,63,64,65,66,67,68,69,70,71,72,73,74,75,76,77,78,79,80,81,82,83,84,85,86,87,88,89,90,91,92,93,94,95,96,97,98","unidentified (upper/body half)"
"Elvaan Female","Animation set 1","ROM/46/75.dat","lau1","lau","18","203424","46","15","73","26,27,28,29,30,31,32,33,34,35,36,37,38,39,40,41,42,43,44,45,46,47,48,49,50,51,52,53,54,55,56,57,58,59,60,61,62,63,64,65,66,67,68,69,70,71,72,73,74,75,76,77,78,79,80,81,82,83,84,85,86,87,88,89,90,91,92,93,94,95,96,97,98","unidentified (upper/body half)"
"Elvaan Female","Animation set 1","ROM/46/75.dat","lau0","lau","19","252832","46","15","16","0,1,2,3,4,5,6,7,8,9,10,11,12,13,14,15","unidentified (root/lower-body half)"
"Elvaan Female","Animation set 1","ROM/46/75.dat","wee1","wee","20","260288","49","15","73","26,27,28,29,30,31,32,33,34,35,36,37,38,39,40,41,42,43,44,45,46,47,48,49,50,51,52,53,54,55,56,57,58,59,60,61,62,63,64,65,66,67,68,69,70,71,72,73,74,75,76,77,78,79,80,81,82,83,84,85,86,87,88,89,90,91,92,93,94,95,96,97,98","unidentified (upper/body half)"
"Elvaan Female","Animation set 1","ROM/46/75.dat","wee0","wee","21","310352","49","15","16","0,1,2,3,4,5,6,7,8,9,10,11,12,13,14,15","unidentified (root/lower-body half)"
"Elvaan Female","Animation set 1","ROM/46/75.dat","sl21","sl2","22","318000","41","15","73","26,27,28,29,30,31,32,33,34,35,36,37,38,39,40,41,42,43,44,45,46,47,48,49,50,51,52,53,54,55,56,57,58,59,60,61,62,63,64,65,66,67,68,69,70,71,72,73,74,75,76,77,78,79,80,81,82,83,84,85,86,87,88,89,90,91,92,93,94,95,96,97,98","unidentified (upper/body half)"
"Elvaan Female","Animation set 1","ROM/46/75.dat","kne0","kne","23","362864","66","15","16","0,1,2,3,4,5,6,7,8,9,10,11,12,13,14,15","unidentified (root/lower-body half)"
"Elvaan Female","Animation set 1","ROM/46/75.dat","kne1","kne","24","373488","66","15","73","26,27,28,29,30,31,32,33,34,35,36,37,38,39,40,41,42,43,44,45,46,47,48,49,50,51,52,53,54,55,56,57,58,59,60,61,62,63,64,65,66,67,68,69,70,71,72,73,74,75,76,77,78,79,80,81,82,83,84,85,86,87,88,89,90,91,92,93,94,95,96,97,98","unidentified (upper/body half)"
"Elvaan Male","Skeleton + Base Tex","ROM/37/31.dat","wlk0","wlk","72","21520","20","15","16","0,1,2,3,4,5,6,7,8,9,10,11,12,13,14,15","walk (root/lower-body half)"
"Elvaan Male","Skeleton + Base Tex","ROM/37/31.dat","ded0","ded","73","26656","44","30","16","0,1,2,3,4,5,6,7,8,9,10,11,12,13,14,15","unidentified (root/lower-body half)"
"Elvaan Male","Skeleton + Base Tex","ROM/37/31.dat","idl0","idl","74","36304","17","7.5","16","0,1,2,3,4,5,6,7,8,9,10,11,12,13,14,15","idle (root/lower-body half)"
"Elvaan Male","Skeleton + Base Tex","ROM/37/31.dat","mvb0","mvb","75","40336","17","15","16","0,1,2,3,4,5,6,7,8,9,10,11,12,13,14,15","move backward (root/lower-body half)"
"Elvaan Male","Skeleton + Base Tex","ROM/37/31.dat","mvl0","mvl","76","44640","13","15","16","0,1,2,3,4,5,6,7,8,9,10,11,12,13,14,15","strafe/turn left (root/lower-body half)"
"Elvaan Male","Skeleton + Base Tex","ROM/37/31.dat","mvr0","mvr","77","48256","13","15","16","0,1,2,3,4,5,6,7,8,9,10,11,12,13,14,15","strafe/turn right (root/lower-body half)"
"Elvaan Male","Skeleton + Base Tex","ROM/37/31.dat","run0","run","78","51872","11","15","16","0,1,2,3,4,5,6,7,8,9,10,11,12,13,14,15","run (root/lower-body half)"
"Elvaan Male","Skeleton + Base Tex","ROM/37/31.dat","rx00","rx0","79","55136","14","15","16","0,1,2,3,4,5,6,7,8,9,10,11,12,13,14,15","unidentified (root/lower-body half)"
"Elvaan Male","Skeleton + Base Tex","ROM/37/31.dat","rx10","rx1","80","58928","31","15","16","0,1,2,3,4,5,6,7,8,9,10,11,12,13,14,15","unidentified (root/lower-body half)"
"Elvaan Male","Skeleton + Base Tex","ROM/37/31.dat","rx20","rx2","81","65024","15","15","16","0,1,2,3,4,5,6,7,8,9,10,11,12,13,14,15","unidentified (root/lower-body half)"
"Elvaan Male","Skeleton + Base Tex","ROM/37/31.dat","std0","std","82","68976","51","30","16","0,1,2,3,4,5,6,7,8,9,10,11,12,13,14,15","standard/standing cycle (root/lower-body half)"
"Elvaan Male","Skeleton + Base Tex","ROM/37/31.dat","cor0","cor","83","78720","2","30","16","0,1,2,3,4,5,6,7,8,9,10,11,12,13,14,15","unidentified (root/lower-body half)"
"Elvaan Male","Skeleton + Base Tex","ROM/37/31.dat","cm00","cm0","84","80096","16","15","16","0,1,2,3,4,5,6,7,8,9,10,11,12,13,14,15","combat/stance group 0 (root/lower-body half)"
"Elvaan Male","Skeleton + Base Tex","ROM/37/31.dat","cm01","cm0","85","84096","16","15","73","26,27,28,29,30,31,32,33,34,35,36,37,38,39,40,41,42,43,44,45,46,47,48,49,50,51,52,53,54,55,56,57,58,59,60,61,62,63,64,65,66,67,68,69,70,71,72,73,74,75,76,77,78,79,80,81,82,83,84,85,86,87,88,89,90,91,92,93,94,95,96,97,98","combat/stance group 0 (upper/body half)"
"Elvaan Male","Skeleton + Base Tex","ROM/37/31.dat","cm10","cm1","86","103760","17","9","16","0,1,2,3,4,5,6,7,8,9,10,11,12,13,14,15","combat/stance group 1 (root/lower-body half)"
"Elvaan Male","Skeleton + Base Tex","ROM/37/31.dat","cm11","cm1","87","107648","17","9","73","26,27,28,29,30,31,32,33,34,35,36,37,38,39,40,41,42,43,44,45,46,47,48,49,50,51,52,53,54,55,56,57,58,59,60,61,62,63,64,65,66,67,68,69,70,71,72,73,74,75,76,77,78,79,80,81,82,83,84,85,86,87,88,89,90,91,92,93,94,95,96,97,98","combat/stance group 1 (upper/body half)"
"Elvaan Male","Skeleton + Base Tex","ROM/37/31.dat","mb00","mb0","88","126256","29","30","16","0,1,2,3,4,5,6,7,8,9,10,11,12,13,14,15","unidentified (root/lower-body half)"
"Elvaan Male","Skeleton + Base Tex","ROM/37/31.dat","mb01","mb0","89","132048","29","30","73","26,27,28,29,30,31,32,33,34,35,36,37,38,39,40,41,42,43,44,45,46,47,48,49,50,51,52,53,54,55,56,57,58,59,60,61,62,63,64,65,66,67,68,69,70,71,72,73,74,75,76,77,78,79,80,81,82,83,84,85,86,87,88,89,90,91,92,93,94,95,96,97,98","unidentified (upper/body half)"
"Elvaan Male","Skeleton + Base Tex","ROM/37/31.dat","mb10","mb1","90","161408","31","30","16","0,1,2,3,4,5,6,7,8,9,10,11,12,13,14,15","unidentified (root/lower-body half)"
"Elvaan Male","Skeleton + Base Tex","ROM/37/31.dat","mb11","mb1","91","168368","31","30","73","26,27,28,29,30,31,32,33,34,35,36,37,38,39,40,41,42,43,44,45,46,47,48,49,50,51,52,53,54,55,56,57,58,59,60,61,62,63,64,65,66,67,68,69,70,71,72,73,74,75,76,77,78,79,80,81,82,83,84,85,86,87,88,89,90,91,92,93,94,95,96,97,98","unidentified (upper/body half)"
"Elvaan Male","Skeleton + Base Tex","ROM/37/31.dat","mb20","mb2","92","204912","17","15","16","0,1,2,3,4,5,6,7,8,9,10,11,12,13,14,15","unidentified (root/lower-body half)"
"Elvaan Male","Skeleton + Base Tex","ROM/37/31.dat","mb21","mb2","93","208880","17","15","73","26,27,28,29,30,31,32,33,34,35,36,37,38,39,40,41,42,43,44,45,46,47,48,49,50,51,52,53,54,55,56,57,58,59,60,61,62,63,64,65,66,67,68,69,70,71,72,73,74,75,76,77,78,79,80,81,82,83,84,85,86,87,88,89,90,91,92,93,94,95,96,97,98","unidentified (upper/body half)"
"Elvaan Male","Skeleton + Base Tex","ROM/37/31.dat","mi00","mi0","94","227552","8","15","16","0,1,2,3,4,5,6,7,8,9,10,11,12,13,14,15","unidentified (root/lower-body half)"
"Elvaan Male","Skeleton + Base Tex","ROM/37/31.dat","mi01","mi0","95","230240","8","15","73","26,27,28,29,30,31,32,33,34,35,36,37,38,39,40,41,42,43,44,45,46,47,48,49,50,51,52,53,54,55,56,57,58,59,60,61,62,63,64,65,66,67,68,69,70,71,72,73,74,75,76,77,78,79,80,81,82,83,84,85,86,87,88,89,90,91,92,93,94,95,96,97,98","unidentified (upper/body half)"
"Elvaan Male","Skeleton + Base Tex","ROM/37/31.dat","mi10","mi1","96","243536","16","15","16","0,1,2,3,4,5,6,7,8,9,10,11,12,13,14,15","unidentified (root/lower-body half)"
"Elvaan Male","Skeleton + Base Tex","ROM/37/31.dat","mi11","mi1","97","247344","16","15","73","26,27,28,29,30,31,32,33,34,35,36,37,38,39,40,41,42,43,44,45,46,47,48,49,50,51,52,53,54,55,56,57,58,59,60,61,62,63,64,65,66,67,68,69,70,71,72,73,74,75,76,77,78,79,80,81,82,83,84,85,86,87,88,89,90,91,92,93,94,95,96,97,98","unidentified (upper/body half)"
"Elvaan Male","Skeleton + Base Tex","ROM/37/31.dat","mi20","mi2","98","265152","11","15","16","0,1,2,3,4,5,6,7,8,9,10,11,12,13,14,15","unidentified (root/lower-body half)"
"Elvaan Male","Skeleton + Base Tex","ROM/37/31.dat","mi21","mi2","99","268416","11","15","73","26,27,28,29,30,31,32,33,34,35,36,37,38,39,40,41,42,43,44,45,46,47,48,49,50,51,52,53,54,55,56,57,58,59,60,61,62,63,64,65,66,67,68,69,70,71,72,73,74,75,76,77,78,79,80,81,82,83,84,85,86,87,88,89,90,91,92,93,94,95,96,97,98","unidentified (upper/body half)"
"Elvaan Male","Skeleton + Base Tex","ROM/37/31.dat","mi30","mi3","100","284576","16","10.5","16","0,1,2,3,4,5,6,7,8,9,10,11,12,13,14,15","unidentified (root/lower-body half)"
"Elvaan Male","Skeleton + Base Tex","ROM/37/31.dat","mi31","mi3","101","288320","16","10.5","73","26,27,28,29,30,31,32,33,34,35,36,37,38,39,40,41,42,43,44,45,46,47,48,49,50,51,52,53,54,55,56,57,58,59,60,61,62,63,64,65,66,67,68,69,70,71,72,73,74,75,76,77,78,79,80,81,82,83,84,85,86,87,88,89,90,91,92,93,94,95,96,97,98","unidentified (upper/body half)"
"Elvaan Male","Skeleton + Base Tex","ROM/37/31.dat","mw00","mw0","102","307280","17","9","16","0,1,2,3,4,5,6,7,8,9,10,11,12,13,14,15","unidentified (root/lower-body half)"
"Elvaan Male","Skeleton + Base Tex","ROM/37/31.dat","mw01","mw0","103","311248","17","9","73","26,27,28,29,30,31,32,33,34,35,36,37,38,39,40,41,42,43,44,45,46,47,48,49,50,51,52,53,54,55,56,57,58,59,60,61,62,63,64,65,66,67,68,69,70,71,72,73,74,75,76,77,78,79,80,81,82,83,84,85,86,87,88,89,90,91,92,93,94,95,96,97,98","unidentified (upper/body half)"
"Elvaan Male","Skeleton + Base Tex","ROM/37/31.dat","mw10","mw1","104","331696","16","15","16","0,1,2,3,4,5,6,7,8,9,10,11,12,13,14,15","unidentified (root/lower-body half)"
"Elvaan Male","Skeleton + Base Tex","ROM/37/31.dat","mw11","mw1","105","335952","16","15","73","26,27,28,29,30,31,32,33,34,35,36,37,38,39,40,41,42,43,44,45,46,47,48,49,50,51,52,53,54,55,56,57,58,59,60,61,62,63,64,65,66,67,68,69,70,71,72,73,74,75,76,77,78,79,80,81,82,83,84,85,86,87,88,89,90,91,92,93,94,95,96,97,98","unidentified (upper/body half)"
"Elvaan Male","Skeleton + Base Tex","ROM/37/31.dat","mw20","mw2","106","358432","17","9","16","0,1,2,3,4,5,6,7,8,9,10,11,12,13,14,15","unidentified (root/lower-body half)"
"Elvaan Male","Skeleton + Base Tex","ROM/37/31.dat","mw21","mw2","107","362736","17","9","73","26,27,28,29,30,31,32,33,34,35,36,37,38,39,40,41,42,43,44,45,46,47,48,49,50,51,52,53,54,55,56,57,58,59,60,61,62,63,64,65,66,67,68,69,70,71,72,73,74,75,76,77,78,79,80,81,82,83,84,85,86,87,88,89,90,91,92,93,94,95,96,97,98","unidentified (upper/body half)"
"Elvaan Male","Skeleton + Base Tex","ROM/37/31.dat","mou4","mou","108","382768","31","15","1","34","unidentified"
"Elvaan Male","Skeleton + Base Tex","ROM/37/31.dat","eye3","eye","109","383136","6","30","2","33,42","unidentified"
"Elvaan Male","Skeleton + Base Tex","ROM/37/31.dat","bb10","bb1","110","383536","21","30","16","0,1,2,3,4,5,6,7,8,9,10,11,12,13,14,15","unidentified (root/lower-body half)"
"Elvaan Male","Skeleton + Base Tex","ROM/37/31.dat","bb00","bb0","111","388528","2","30","16","0,1,2,3,4,5,6,7,8,9,10,11,12,13,14,15","unidentified (root/lower-body half)"
"Elvaan Male","Skeleton + Base Tex","ROM/37/31.dat","bf00","bf0","112","389904","2","30","16","0,1,2,3,4,5,6,7,8,9,10,11,12,13,14,15","unidentified (root/lower-body half)"
"Elvaan Male","Skeleton + Base Tex","ROM/37/31.dat","bf10","bf1","113","391280","21","30","16","0,1,2,3,4,5,6,7,8,9,10,11,12,13,14,15","unidentified (root/lower-body half)"
"Elvaan Male","Skeleton + Base Tex","ROM/37/31.dat","bb11","bb1","114","396432","21","30","73","26,27,28,29,30,31,32,33,34,35,36,37,38,39,40,41,42,43,44,45,46,47,48,49,50,51,52,53,54,55,56,57,58,59,60,61,62,63,64,65,66,67,68,69,70,71,72,73,74,75,76,77,78,79,80,81,82,83,84,85,86,87,88,89,90,91,92,93,94,95,96,97,98","unidentified (upper/body half)"
"Elvaan Male","Skeleton + Base Tex","ROM/37/31.dat","bb01","bb0","115","418384","2","30","73","26,27,28,29,30,31,32,33,34,35,36,37,38,39,40,41,42,43,44,45,46,47,48,49,50,51,52,53,54,55,56,57,58,59,60,61,62,63,64,65,66,67,68,69,70,71,72,73,74,75,76,77,78,79,80,81,82,83,84,85,86,87,88,89,90,91,92,93,94,95,96,97,98","unidentified (upper/body half)"
"Elvaan Male","Skeleton + Base Tex","ROM/37/31.dat","bf01","bf0","116","424608","2","30","73","26,27,28,29,30,31,32,33,34,35,36,37,38,39,40,41,42,43,44,45,46,47,48,49,50,51,52,53,54,55,56,57,58,59,60,61,62,63,64,65,66,67,68,69,70,71,72,73,74,75,76,77,78,79,80,81,82,83,84,85,86,87,88,89,90,91,92,93,94,95,96,97,98","unidentified (upper/body half)"
"Elvaan Male","Skeleton + Base Tex","ROM/37/31.dat","bf11","bf1","117","430784","21","30","73","26,27,28,29,30,31,32,33,34,35,36,37,38,39,40,41,42,43,44,45,46,47,48,49,50,51,52,53,54,55,56,57,58,59,60,61,62,63,64,65,66,67,68,69,70,71,72,73,74,75,76,77,78,79,80,81,82,83,84,85,86,87,88,89,90,91,92,93,94,95,96,97,98","unidentified (upper/body half)"
"Elvaan Male","Skeleton + Base Tex","ROM/37/31.dat","cor1","cor","118","452320","2","30","73","26,27,28,29,30,31,32,33,34,35,36,37,38,39,40,41,42,43,44,45,46,47,48,49,50,51,52,53,54,55,56,57,58,59,60,61,62,63,64,65,66,67,68,69,70,71,72,73,74,75,76,77,78,79,80,81,82,83,84,85,86,87,88,89,90,91,92,93,94,95,96,97,98","unidentified (upper/body half)"
"Elvaan Male","Skeleton + Base Tex","ROM/37/31.dat","dbm1","dbm","119","458688","2","30","73","26,27,28,29,30,31,32,33,34,35,36,37,38,39,40,41,42,43,44,45,46,47,48,49,50,51,52,53,54,55,56,57,58,59,60,61,62,63,64,65,66,67,68,69,70,71,72,73,74,75,76,77,78,79,80,81,82,83,84,85,86,87,88,89,90,91,92,93,94,95,96,97,98","unidentified (upper/body half)"
"Elvaan Male","Skeleton + Base Tex","ROM/37/31.dat","ded1","ded","120","464896","44","30","73","26,27,28,29,30,31,32,33,34,35,36,37,38,39,40,41,42,43,44,45,46,47,48,49,50,51,52,53,54,55,56,57,58,59,60,61,62,63,64,65,66,67,68,69,70,71,72,73,74,75,76,77,78,79,80,81,82,83,84,85,86,87,88,89,90,91,92,93,94,95,96,97,98","unidentified (upper/body half)"
"Elvaan Male","Skeleton + Base Tex","ROM/37/31.dat","dfm1","dfm","121","510128","2","30","73","26,27,28,29,30,31,32,33,34,35,36,37,38,39,40,41,42,43,44,45,46,47,48,49,50,51,52,53,54,55,56,57,58,59,60,61,62,63,64,65,66,67,68,69,70,71,72,73,74,75,76,77,78,79,80,81,82,83,84,85,86,87,88,89,90,91,92,93,94,95,96,97,98","unidentified (upper/body half)"
"Elvaan Male","Skeleton + Base Tex","ROM/37/31.dat","rx01","rx0","122","516336","14","15","73","26,27,28,29,30,31,32,33,34,35,36,37,38,39,40,41,42,43,44,45,46,47,48,49,50,51,52,53,54,55,56,57,58,59,60,61,62,63,64,65,66,67,68,69,70,71,72,73,74,75,76,77,78,79,80,81,82,83,84,85,86,87,88,89,90,91,92,93,94,95,96,97,98","unidentified (upper/body half)"
"Elvaan Male","Skeleton + Base Tex","ROM/37/31.dat","rx11","rx1","123","535712","31","15","73","26,27,28,29,30,31,32,33,34,35,36,37,38,39,40,41,42,43,44,45,46,47,48,49,50,51,52,53,54,55,56,57,58,59,60,61,62,63,64,65,66,67,68,69,70,71,72,73,74,75,76,77,78,79,80,81,82,83,84,85,86,87,88,89,90,91,92,93,94,95,96,97,98","unidentified (upper/body half)"
"Elvaan Male","Skeleton + Base Tex","ROM/37/31.dat","rx21","rx2","124","566432","15","15","73","26,27,28,29,30,31,32,33,34,35,36,37,38,39,40,41,42,43,44,45,46,47,48,49,50,51,52,53,54,55,56,57,58,59,60,61,62,63,64,65,66,67,68,69,70,71,72,73,74,75,76,77,78,79,80,81,82,83,84,85,86,87,88,89,90,91,92,93,94,95,96,97,98","unidentified (upper/body half)"
"Elvaan Male","Skeleton + Base Tex","ROM/37/31.dat","std1","std","125","586640","51","30","73","26,27,28,29,30,31,32,33,34,35,36,37,38,39,40,41,42,43,44,45,46,47,48,49,50,51,52,53,54,55,56,57,58,59,60,61,62,63,64,65,66,67,68,69,70,71,72,73,74,75,76,77,78,79,80,81,82,83,84,85,86,87,88,89,90,91,92,93,94,95,96,97,98","standard/standing cycle (upper/body half)"
"Elvaan Male","Skeleton + Base Tex","ROM/37/31.dat","yu21","yu2","126","641760","44","30","73","26,27,28,29,30,31,32,33,34,35,36,37,38,39,40,41,42,43,44,45,46,47,48,49,50,51,52,53,54,55,56,57,58,59,60,61,62,63,64,65,66,67,68,69,70,71,72,73,74,75,76,77,78,79,80,81,82,83,84,85,86,87,88,89,90,91,92,93,94,95,96,97,98","unidentified (upper/body half)"
"Elvaan Male","Skeleton + Base Tex","ROM/37/31.dat","gu01","gu0","127","694560","16","15","73","26,27,28,29,30,31,32,33,34,35,36,37,38,39,40,41,42,43,44,45,46,47,48,49,50,51,52,53,54,55,56,57,58,59,60,61,62,63,64,65,66,67,68,69,70,71,72,73,74,75,76,77,78,79,80,81,82,83,84,85,86,87,88,89,90,91,92,93,94,95,96,97,98","unidentified (upper/body half)"
"Elvaan Male","Skeleton + Base Tex","ROM/37/31.dat","gu10","gu1","128","715824","17","7.5","16","0,1,2,3,4,5,6,7,8,9,10,11,12,13,14,15","unidentified (root/lower-body half)"
"Elvaan Male","Skeleton + Base Tex","ROM/37/31.dat","gu11","gu1","129","719712","17","15","73","26,27,28,29,30,31,32,33,34,35,36,37,38,39,40,41,42,43,44,45,46,47,48,49,50,51,52,53,54,55,56,57,58,59,60,61,62,63,64,65,66,67,68,69,70,71,72,73,74,75,76,77,78,79,80,81,82,83,84,85,86,87,88,89,90,91,92,93,94,95,96,97,98","unidentified (upper/body half)"
"Elvaan Male","Skeleton + Base Tex","ROM/37/31.dat","gu20","gu2","130","738592","43","30","16","0,1,2,3,4,5,6,7,8,9,10,11,12,13,14,15","unidentified (root/lower-body half)"
"Elvaan Male","Skeleton + Base Tex","ROM/37/31.dat","gu21","gu2","131","747024","43","30","73","26,27,28,29,30,31,32,33,34,35,36,37,38,39,40,41,42,43,44,45,46,47,48,49,50,51,52,53,54,55,56,57,58,59,60,61,62,63,64,65,66,67,68,69,70,71,72,73,74,75,76,77,78,79,80,81,82,83,84,85,86,87,88,89,90,91,92,93,94,95,96,97,98","unidentified (upper/body half)"
"Elvaan Male","Skeleton + Base Tex","ROM/37/31.dat","na00","na0","132","793264","16","15","16","0,1,2,3,4,5,6,7,8,9,10,11,12,13,14,15","unidentified (root/lower-body half)"
"Elvaan Male","Skeleton + Base Tex","ROM/37/31.dat","na01","na0","133","797264","16","15","73","26,27,28,29,30,31,32,33,34,35,36,37,38,39,40,41,42,43,44,45,46,47,48,49,50,51,52,53,54,55,56,57,58,59,60,61,62,63,64,65,66,67,68,69,70,71,72,73,74,75,76,77,78,79,80,81,82,83,84,85,86,87,88,89,90,91,92,93,94,95,96,97,98","unidentified (upper/body half)"
"Elvaan Male","Skeleton + Base Tex","ROM/37/31.dat","na10","na1","134","818400","17","7.5","16","0,1,2,3,4,5,6,7,8,9,10,11,12,13,14,15","unidentified (root/lower-body half)"
"Elvaan Male","Skeleton + Base Tex","ROM/37/31.dat","na11","na1","135","822368","17","7.5","73","26,27,28,29,30,31,32,33,34,35,36,37,38,39,40,41,42,43,44,45,46,47,48,49,50,51,52,53,54,55,56,57,58,59,60,61,62,63,64,65,66,67,68,69,70,71,72,73,74,75,76,77,78,79,80,81,82,83,84,85,86,87,88,89,90,91,92,93,94,95,96,97,98","unidentified (upper/body half)"
"Elvaan Male","Skeleton + Base Tex","ROM/37/31.dat","na20","na2","136","840224","86","30","16","0,1,2,3,4,5,6,7,8,9,10,11,12,13,14,15","unidentified (root/lower-body half)"
"Elvaan Male","Skeleton + Base Tex","ROM/37/31.dat","na21","na2","137","857088","86","30","73","26,27,28,29,30,31,32,33,34,35,36,37,38,39,40,41,42,43,44,45,46,47,48,49,50,51,52,53,54,55,56,57,58,59,60,61,62,63,64,65,66,67,68,69,70,71,72,73,74,75,76,77,78,79,80,81,82,83,84,85,86,87,88,89,90,91,92,93,94,95,96,97,98","unidentified (upper/body half)"
"Elvaan Male","Skeleton + Base Tex","ROM/37/31.dat","yu00","yu0","138","948912","28","15","16","0,1,2,3,4,5,6,7,8,9,10,11,12,13,14,15","unidentified (root/lower-body half)"
"Elvaan Male","Skeleton + Base Tex","ROM/37/31.dat","yu01","yu0","139","955104","28","15","73","26,27,28,29,30,31,32,33,34,35,36,37,38,39,40,41,42,43,44,45,46,47,48,49,50,51,52,53,54,55,56,57,58,59,60,61,62,63,64,65,66,67,68,69,70,71,72,73,74,75,76,77,78,79,80,81,82,83,84,85,86,87,88,89,90,91,92,93,94,95,96,97,98","unidentified (upper/body half)"
"Elvaan Male","Skeleton + Base Tex","ROM/37/31.dat","yu10","yu1","140","990048","17","7.5","16","0,1,2,3,4,5,6,7,8,9,10,11,12,13,14,15","unidentified (root/lower-body half)"
"Elvaan Male","Skeleton + Base Tex","ROM/37/31.dat","yu11","yu1","141","993936","17","15","73","26,27,28,29,30,31,32,33,34,35,36,37,38,39,40,41,42,43,44,45,46,47,48,49,50,51,52,53,54,55,56,57,58,59,60,61,62,63,64,65,66,67,68,69,70,71,72,73,74,75,76,77,78,79,80,81,82,83,84,85,86,87,88,89,90,91,92,93,94,95,96,97,98","unidentified (upper/body half)"
"Elvaan Male","Skeleton + Base Tex","ROM/37/31.dat","yu20","yu2","142","1011936","44","30","16","0,1,2,3,4,5,6,7,8,9,10,11,12,13,14,15","unidentified (root/lower-body half)"
"Elvaan Male","Skeleton + Base Tex","ROM/37/31.dat","gu00","gu0","143","1020528","16","15","16","0,1,2,3,4,5,6,7,8,9,10,11,12,13,14,15","unidentified (root/lower-body half)"
"Elvaan Male","Skeleton + Base Tex","ROM/37/31.dat","ri01","ri0","144","1024528","31","15","73","26,27,28,29,30,31,32,33,34,35,36,37,38,39,40,41,42,43,44,45,46,47,48,49,50,51,52,53,54,55,56,57,58,59,60,61,62,63,64,65,66,67,68,69,70,71,72,73,74,75,76,77,78,79,80,81,82,83,84,85,86,87,88,89,90,91,92,93,94,95,96,97,98","unidentified (upper/body half)"
"Elvaan Male","Skeleton + Base Tex","ROM/37/31.dat","ri00","ri0","145","1055248","31","15","16","0,1,2,3,4,5,6,7,8,9,10,11,12,13,14,15","unidentified (root/lower-body half)"
"Elvaan Male","Skeleton + Base Tex","ROM/37/31.dat","na31","na3","146","1061344","31","30","73","26,27,28,29,30,31,32,33,34,35,36,37,38,39,40,41,42,43,44,45,46,47,48,49,50,51,52,53,54,55,56,57,58,59,60,61,62,63,64,65,66,67,68,69,70,71,72,73,74,75,76,77,78,79,80,81,82,83,84,85,86,87,88,89,90,91,92,93,94,95,96,97,98","unidentified (upper/body half)"
"Elvaan Male","Skeleton + Base Tex","ROM/37/31.dat","na30","na3","147","1095664","31","30","16","0,1,2,3,4,5,6,7,8,9,10,11,12,13,14,15","unidentified (root/lower-body half)"
"Elvaan Male","Skeleton + Base Tex","ROM/37/31.dat","sh21","sh2","148","1102368","16","9.574","73","26,27,28,29,30,31,32,33,34,35,36,37,38,39,40,41,42,43,44,45,46,47,48,49,50,51,52,53,54,55,56,57,58,59,60,61,62,63,64,65,66,67,68,69,70,71,72,73,74,75,76,77,78,79,80,81,82,83,84,85,86,87,88,89,90,91,92,93,94,95,96,97,98","unidentified (upper/body half)"
"Elvaan Male","Skeleton + Base Tex","ROM/37/31.dat","sh01","sh0","149","1125232","16","15","73","26,27,28,29,30,31,32,33,34,35,36,37,38,39,40,41,42,43,44,45,46,47,48,49,50,51,52,53,54,55,56,57,58,59,60,61,62,63,64,65,66,67,68,69,70,71,72,73,74,75,76,77,78,79,80,81,82,83,84,85,86,87,88,89,90,91,92,93,94,95,96,97,98","unidentified (upper/body half)"
"Elvaan Male","Skeleton + Base Tex","ROM/37/31.dat","sh10","sh1","150","1148096","22","10.5","16","0,1,2,3,4,5,6,7,8,9,10,11,12,13,14,15","unidentified (root/lower-body half)"
"Elvaan Male","Skeleton + Base Tex","ROM/37/31.dat","sh11","sh1","151","1152912","22","10.5","73","26,27,28,29,30,31,32,33,34,35,36,37,38,39,40,41,42,43,44,45,46,47,48,49,50,51,52,53,54,55,56,57,58,59,60,61,62,63,64,65,66,67,68,69,70,71,72,73,74,75,76,77,78,79,80,81,82,83,84,85,86,87,88,89,90,91,92,93,94,95,96,97,98","unidentified (upper/body half)"
"Elvaan Male","Skeleton + Base Tex","ROM/37/31.dat","sh20","sh2","152","1177904","16","9.574","16","0,1,2,3,4,5,6,7,8,9,10,11,12,13,14,15","unidentified (root/lower-body half)"
"Elvaan Male","Skeleton + Base Tex","ROM/37/31.dat","sh00","sh0","153","1181904","21","15","16","0,1,2,3,4,5,6,7,8,9,10,11,12,13,14,15","unidentified (root/lower-body half)"
"Elvaan Male","Skeleton + Base Tex","ROM/37/31.dat","sf00","sf0","154","1186720","16","15","16","0,1,2,3,4,5,6,7,8,9,10,11,12,13,14,15","unidentified (root/lower-body half)"
"Elvaan Male","Skeleton + Base Tex","ROM/37/31.dat","sf01","sf0","155","1190720","16","15","73","26,27,28,29,30,31,32,33,34,35,36,37,38,39,40,41,42,43,44,45,46,47,48,49,50,51,52,53,54,55,56,57,58,59,60,61,62,63,64,65,66,67,68,69,70,71,72,73,74,75,76,77,78,79,80,81,82,83,84,85,86,87,88,89,90,91,92,93,94,95,96,97,98","unidentified (upper/body half)"
"Elvaan Male","Skeleton + Base Tex","ROM/37/31.dat","sf10","sf1","156","1213584","22","15","16","0,1,2,3,4,5,6,7,8,9,10,11,12,13,14,15","unidentified (root/lower-body half)"
"Elvaan Male","Skeleton + Base Tex","ROM/37/31.dat","sf11","sf1","157","1218400","22","15","73","26,27,28,29,30,31,32,33,34,35,36,37,38,39,40,41,42,43,44,45,46,47,48,49,50,51,52,53,54,55,56,57,58,59,60,61,62,63,64,65,66,67,68,69,70,71,72,73,74,75,76,77,78,79,80,81,82,83,84,85,86,87,88,89,90,91,92,93,94,95,96,97,98","unidentified (upper/body half)"
"Elvaan Male","Skeleton + Base Tex","ROM/37/31.dat","sf20","sf2","158","1243744","16","9.574","16","0,1,2,3,4,5,6,7,8,9,10,11,12,13,14,15","unidentified (root/lower-body half)"
"Elvaan Male","Skeleton + Base Tex","ROM/37/31.dat","sf21","sf2","159","1247744","16","9.574","73","26,27,28,29,30,31,32,33,34,35,36,37,38,39,40,41,42,43,44,45,46,47,48,49,50,51,52,53,54,55,56,57,58,59,60,61,62,63,64,65,66,67,68,69,70,71,72,73,74,75,76,77,78,79,80,81,82,83,84,85,86,87,88,89,90,91,92,93,94,95,96,97,98","unidentified (upper/body half)"
"Elvaan Male","Skeleton + Base Tex","ROM/37/31.dat","sk10","sk1","160","1270736","22","10.5","16","0,1,2,3,4,5,6,7,8,9,10,11,12,13,14,15","unidentified (root/lower-body half)"
"Elvaan Male","Skeleton + Base Tex","ROM/37/31.dat","sk11","sk1","161","1275552","22","10.5","73","26,27,28,29,30,31,32,33,34,35,36,37,38,39,40,41,42,43,44,45,46,47,48,49,50,51,52,53,54,55,56,57,58,59,60,61,62,63,64,65,66,67,68,69,70,71,72,73,74,75,76,77,78,79,80,81,82,83,84,85,86,87,88,89,90,91,92,93,94,95,96,97,98","unidentified (upper/body half)"
"Elvaan Male","Skeleton + Base Tex","ROM/37/31.dat","sk20","sk2","162","1298784","48","30","16","0,1,2,3,4,5,6,7,8,9,10,11,12,13,14,15","unidentified (root/lower-body half)"
"Elvaan Male","Skeleton + Base Tex","ROM/37/31.dat","sk21","sk2","163","1308032","48","30","73","26,27,28,29,30,31,32,33,34,35,36,37,38,39,40,41,42,43,44,45,46,47,48,49,50,51,52,53,54,55,56,57,58,59,60,61,62,63,64,65,66,67,68,69,70,71,72,73,74,75,76,77,78,79,80,81,82,83,84,85,86,87,88,89,90,91,92,93,94,95,96,97,98","unidentified (upper/body half)"
"Elvaan Male","Skeleton + Base Tex","ROM/37/31.dat","ms00","ms0","164","1364112","17","15","16","0,1,2,3,4,5,6,7,8,9,10,11,12,13,14,15","unidentified (root/lower-body half)"
"Elvaan Male","Skeleton + Base Tex","ROM/37/31.dat","mn01","mn0","165","1368544","17","15","73","26,27,28,29,30,31,32,33,34,35,36,37,38,39,40,41,42,43,44,45,46,47,48,49,50,51,52,53,54,55,56,57,58,59,60,61,62,63,64,65,66,67,68,69,70,71,72,73,74,75,76,77,78,79,80,81,82,83,84,85,86,87,88,89,90,91,92,93,94,95,96,97,98","unidentified (upper/body half)"
"Elvaan Male","Skeleton + Base Tex","ROM/37/31.dat","mn10","mn1","166","1388848","31","30","16","0,1,2,3,4,5,6,7,8,9,10,11,12,13,14,15","unidentified (root/lower-body half)"
"Elvaan Male","Skeleton + Base Tex","ROM/37/31.dat","mn11","mn1","167","1395808","31","30","73","26,27,28,29,30,31,32,33,34,35,36,37,38,39,40,41,42,43,44,45,46,47,48,49,50,51,52,53,54,55,56,57,58,59,60,61,62,63,64,65,66,67,68,69,70,71,72,73,74,75,76,77,78,79,80,81,82,83,84,85,86,87,88,89,90,91,92,93,94,95,96,97,98","unidentified (upper/body half)"
"Elvaan Male","Skeleton + Base Tex","ROM/37/31.dat","mn20","mn2","168","1430992","25","30","16","0,1,2,3,4,5,6,7,8,9,10,11,12,13,14,15","unidentified (root/lower-body half)"
"Elvaan Male","Skeleton + Base Tex","ROM/37/31.dat","mn21","mn2","169","1436272","25","30","73","26,27,28,29,30,31,32,33,34,35,36,37,38,39,40,41,42,43,44,45,46,47,48,49,50,51,52,53,54,55,56,57,58,59,60,61,62,63,64,65,66,67,68,69,70,71,72,73,74,75,76,77,78,79,80,81,82,83,84,85,86,87,88,89,90,91,92,93,94,95,96,97,98","unidentified (upper/body half)"
"Elvaan Male","Skeleton + Base Tex","ROM/37/31.dat","mn00","mn0","170","1461440","17","15","16","0,1,2,3,4,5,6,7,8,9,10,11,12,13,14,15","unidentified (root/lower-body half)"
"Elvaan Male","Skeleton + Base Tex","ROM/37/31.dat","ms01","ms0","171","1465744","17","15","73","26,27,28,29,30,31,32,33,34,35,36,37,38,39,40,41,42,43,44,45,46,47,48,49,50,51,52,53,54,55,56,57,58,59,60,61,62,63,64,65,66,67,68,69,70,71,72,73,74,75,76,77,78,79,80,81,82,83,84,85,86,87,88,89,90,91,92,93,94,95,96,97,98","unidentified (upper/body half)"
"Elvaan Male","Skeleton + Base Tex","ROM/37/31.dat","ms10","ms1","172","1486048","31","15","16","0,1,2,3,4,5,6,7,8,9,10,11,12,13,14,15","unidentified (root/lower-body half)"
"Elvaan Male","Skeleton + Base Tex","ROM/37/31.dat","ms11","ms1","173","1493248","31","15","73","26,27,28,29,30,31,32,33,34,35,36,37,38,39,40,41,42,43,44,45,46,47,48,49,50,51,52,53,54,55,56,57,58,59,60,61,62,63,64,65,66,67,68,69,70,71,72,73,74,75,76,77,78,79,80,81,82,83,84,85,86,87,88,89,90,91,92,93,94,95,96,97,98","unidentified (upper/body half)"
"Elvaan Male","Skeleton + Base Tex","ROM/37/31.dat","ms20","ms2","174","1529296","25","30","16","0,1,2,3,4,5,6,7,8,9,10,11,12,13,14,15","unidentified (root/lower-body half)"
"Elvaan Male","Skeleton + Base Tex","ROM/37/31.dat","ms21","ms2","175","1534576","25","30","73","26,27,28,29,30,31,32,33,34,35,36,37,38,39,40,41,42,43,44,45,46,47,48,49,50,51,52,53,54,55,56,57,58,59,60,61,62,63,64,65,66,67,68,69,70,71,72,73,74,75,76,77,78,79,80,81,82,83,84,85,86,87,88,89,90,91,92,93,94,95,96,97,98","unidentified (upper/body half)"
"Elvaan Male","Skeleton + Base Tex","ROM/37/31.dat","si20","si2","176","1559744","31","15","16","0,1,2,3,4,5,6,7,8,9,10,11,12,13,14,15","unidentified (root/lower-body half)"
"Elvaan Male","Skeleton + Base Tex","ROM/37/31.dat","si00","si0","177","1566448","31","15","16","0,1,2,3,4,5,6,7,8,9,10,11,12,13,14,15","unidentified (root/lower-body half)"
"Elvaan Male","Skeleton + Base Tex","ROM/37/31.dat","si10","si1","178","1573152","31","15","16","0,1,2,3,4,5,6,7,8,9,10,11,12,13,14,15","unidentified (root/lower-body half)"
"Elvaan Male","Skeleton + Base Tex","ROM/37/31.dat","si01","si0","179","1579120","31","15","73","26,27,28,29,30,31,32,33,34,35,36,37,38,39,40,41,42,43,44,45,46,47,48,49,50,51,52,53,54,55,56,57,58,59,60,61,62,63,64,65,66,67,68,69,70,71,72,73,74,75,76,77,78,79,80,81,82,83,84,85,86,87,88,89,90,91,92,93,94,95,96,97,98","unidentified (upper/body half)"
"Elvaan Male","Skeleton + Base Tex","ROM/37/31.dat","si11","si1","180","1615040","31","15","73","26,27,28,29,30,31,32,33,34,35,36,37,38,39,40,41,42,43,44,45,46,47,48,49,50,51,52,53,54,55,56,57,58,59,60,61,62,63,64,65,66,67,68,69,70,71,72,73,74,75,76,77,78,79,80,81,82,83,84,85,86,87,88,89,90,91,92,93,94,95,96,97,98","unidentified (upper/body half)"
"Elvaan Male","Skeleton + Base Tex","ROM/37/31.dat","si21","si2","181","1644768","31","15","73","26,27,28,29,30,31,32,33,34,35,36,37,38,39,40,41,42,43,44,45,46,47,48,49,50,51,52,53,54,55,56,57,58,59,60,61,62,63,64,65,66,67,68,69,70,71,72,73,74,75,76,77,78,79,80,81,82,83,84,85,86,87,88,89,90,91,92,93,94,95,96,97,98","unidentified (upper/body half)"
"Elvaan Male","Skeleton + Base Tex","ROM/37/31.dat","ma01","ma0","182","1681072","17","12","73","26,27,28,29,30,31,32,33,34,35,36,37,38,39,40,41,42,43,44,45,46,47,48,49,50,51,52,53,54,55,56,57,58,59,60,61,62,63,64,65,66,67,68,69,70,71,72,73,74,75,76,77,78,79,80,81,82,83,84,85,86,87,88,89,90,91,92,93,94,95,96,97,98","unidentified (upper/body half)"
"Elvaan Male","Skeleton + Base Tex","ROM/37/31.dat","ma00","ma0","183","1696016","17","12","16","0,1,2,3,4,5,6,7,8,9,10,11,12,13,14,15","unidentified (root/lower-body half)"
"Elvaan Male","Skeleton + Base Tex","ROM/37/31.dat","ma10","ma1","184","1699712","16","15","16","0,1,2,3,4,5,6,7,8,9,10,11,12,13,14,15","unidentified (root/lower-body half)"
"Elvaan Male","Skeleton + Base Tex","ROM/37/31.dat","ma11","ma1","185","1703584","16","15","73","26,27,28,29,30,31,32,33,34,35,36,37,38,39,40,41,42,43,44,45,46,47,48,49,50,51,52,53,54,55,56,57,58,59,60,61,62,63,64,65,66,67,68,69,70,71,72,73,74,75,76,77,78,79,80,81,82,83,84,85,86,87,88,89,90,91,92,93,94,95,96,97,98","unidentified (upper/body half)"
"Elvaan Male","Skeleton + Base Tex","ROM/37/31.dat","ma20","ma2","186","1726320","17","15","16","0,1,2,3,4,5,6,7,8,9,10,11,12,13,14,15","unidentified (root/lower-body half)"
"Elvaan Male","Skeleton + Base Tex","ROM/37/31.dat","ma21","ma2","187","1730352","17","15","73","26,27,28,29,30,31,32,33,34,35,36,37,38,39,40,41,42,43,44,45,46,47,48,49,50,51,52,53,54,55,56,57,58,59,60,61,62,63,64,65,66,67,68,69,70,71,72,73,74,75,76,77,78,79,80,81,82,83,84,85,86,87,88,89,90,91,92,93,94,95,96,97,98","unidentified (upper/body half)"
"Elvaan Male","Skeleton + Base Tex","ROM/37/31.dat","gc21","gc2","188","1751680","38","15","73","26,27,28,29,30,31,32,33,34,35,36,37,38,39,40,41,42,43,44,45,46,47,48,49,50,51,52,53,54,55,56,57,58,59,60,61,62,63,64,65,66,67,68,69,70,71,72,73,74,75,76,77,78,79,80,81,82,83,84,85,86,87,88,89,90,91,92,93,94,95,96,97,98","unidentified (upper/body half)"
"Elvaan Male","Skeleton + Base Tex","ROM/37/31.dat","gh00","gh0","189","1809824","11","15","16","0,1,2,3,4,5,6,7,8,9,10,11,12,13,14,15","unidentified (root/lower-body half)"
"Elvaan Male","Skeleton + Base Tex","ROM/37/31.dat","gh01","gh0","190","1813408","11","15","73","26,27,28,29,30,31,32,33,34,35,36,37,38,39,40,41,42,43,44,45,46,47,48,49,50,51,52,53,54,55,56,57,58,59,60,61,62,63,64,65,66,67,68,69,70,71,72,73,74,75,76,77,78,79,80,81,82,83,84,85,86,87,88,89,90,91,92,93,94,95,96,97,98","unidentified (upper/body half)"
"Elvaan Male","Skeleton + Base Tex","ROM/37/31.dat","gh10","gh1","191","1834880","18","15","16","0,1,2,3,4,5,6,7,8,9,10,11,12,13,14,15","unidentified (root/lower-body half)"
"Elvaan Male","Skeleton + Base Tex","ROM/37/31.dat","gh11","gh1","192","1839648","18","15","73","26,27,28,29,30,31,32,33,34,35,36,37,38,39,40,41,42,43,44,45,46,47,48,49,50,51,52,53,54,55,56,57,58,59,60,61,62,63,64,65,66,67,68,69,70,71,72,73,74,75,76,77,78,79,80,81,82,83,84,85,86,87,88,89,90,91,92,93,94,95,96,97,98","unidentified (upper/body half)"
"Elvaan Male","Skeleton + Base Tex","ROM/37/31.dat","gh20","gh2","193","1862880","38","15","16","0,1,2,3,4,5,6,7,8,9,10,11,12,13,14,15","unidentified (root/lower-body half)"
"Elvaan Male","Skeleton + Base Tex","ROM/37/31.dat","gh21","gh2","194","1871856","38","15","73","26,27,28,29,30,31,32,33,34,35,36,37,38,39,40,41,42,43,44,45,46,47,48,49,50,51,52,53,54,55,56,57,58,59,60,61,62,63,64,65,66,67,68,69,70,71,72,73,74,75,76,77,78,79,80,81,82,83,84,85,86,87,88,89,90,91,92,93,94,95,96,97,98","unidentified (upper/body half)"
"Elvaan Male","Skeleton + Base Tex","ROM/37/31.dat","gc00","gc0","195","1931984","11","15","16","0,1,2,3,4,5,6,7,8,9,10,11,12,13,14,15","unidentified (root/lower-body half)"
"Elvaan Male","Skeleton + Base Tex","ROM/37/31.dat","gc01","gc0","196","1935568","11","15","73","26,27,28,29,30,31,32,33,34,35,36,37,38,39,40,41,42,43,44,45,46,47,48,49,50,51,52,53,54,55,56,57,58,59,60,61,62,63,64,65,66,67,68,69,70,71,72,73,74,75,76,77,78,79,80,81,82,83,84,85,86,87,88,89,90,91,92,93,94,95,96,97,98","unidentified (upper/body half)"
"Elvaan Male","Skeleton + Base Tex","ROM/37/31.dat","gc10","gc1","197","1956608","18","15","16","0,1,2,3,4,5,6,7,8,9,10,11,12,13,14,15","unidentified (root/lower-body half)"
"Elvaan Male","Skeleton + Base Tex","ROM/37/31.dat","gc11","gc1","198","1961376","18","15","73","26,27,28,29,30,31,32,33,34,35,36,37,38,39,40,41,42,43,44,45,46,47,48,49,50,51,52,53,54,55,56,57,58,59,60,61,62,63,64,65,66,67,68,69,70,71,72,73,74,75,76,77,78,79,80,81,82,83,84,85,86,87,88,89,90,91,92,93,94,95,96,97,98","unidentified (upper/body half)"
"Elvaan Male","Skeleton + Base Tex","ROM/37/31.dat","gc20","gc2","199","1985248","38","15","16","0,1,2,3,4,5,6,7,8,9,10,11,12,13,14,15","unidentified (root/lower-body half)"
"Elvaan Male","Skeleton + Base Tex","ROM/37/31.dat","jmp0","jmp","200","1994224","12","15","16","0,1,2,3,4,5,6,7,8,9,10,11,12,13,14,15","unidentified (root/lower-body half)"
"Elvaan Male","Skeleton + Base Tex","ROM/37/31.dat","jmp1","jmp","201","1997808","12","15","73","26,27,28,29,30,31,32,33,34,35,36,37,38,39,40,41,42,43,44,45,46,47,48,49,50,51,52,53,54,55,56,57,58,59,60,61,62,63,64,65,66,67,68,69,70,71,72,73,74,75,76,77,78,79,80,81,82,83,84,85,86,87,88,89,90,91,92,93,94,95,96,97,98","unidentified (upper/body half)"
"Elvaan Male","Animation set 1","ROM/41/114.dat","bow1","bow","9","1312","39","15","73","26,27,28,29,30,31,32,33,34,35,36,37,38,39,40,41,42,43,44,45,46,47,48,49,50,51,52,53,54,55,56,57,58,59,60,61,62,63,64,65,66,67,68,69,70,71,72,73,74,75,76,77,78,79,80,81,82,83,84,85,86,87,88,89,90,91,92,93,94,95,96,97,98","unidentified (upper/body half)"
"Elvaan Male","Animation set 1","ROM/41/114.dat","bow0","bow","10","45232","39","15","16","0,1,2,3,4,5,6,7,8,9,10,11,12,13,14,15","unidentified (root/lower-body half)"
"Elvaan Male","Animation set 1","ROM/41/114.dat","poi1","poi","11","53632","30","15","73","26,27,28,29,30,31,32,33,34,35,36,37,38,39,40,41,42,43,44,45,46,47,48,49,50,51,52,53,54,55,56,57,58,59,60,61,62,63,64,65,66,67,68,69,70,71,72,73,74,75,76,77,78,79,80,81,82,83,84,85,86,87,88,89,90,91,92,93,94,95,96,97,98","unidentified (upper/body half)"
"Elvaan Male","Animation set 1","ROM/41/114.dat","poi0","poi","12","91712","30","15","16","0,1,2,3,4,5,6,7,8,9,10,11,12,13,14,15","unidentified (root/lower-body half)"
"Elvaan Male","Animation set 1","ROM/41/114.dat","sl20","sl2","13","99216","43","15","16","0,1,2,3,4,5,6,7,8,9,10,11,12,13,14,15","unidentified (root/lower-body half)"
"Elvaan Male","Animation set 1","ROM/41/114.dat","sl10","sl1","14","108336","43","15","16","0,1,2,3,4,5,6,7,8,9,10,11,12,13,14,15","unidentified (root/lower-body half)"
"Elvaan Male","Animation set 1","ROM/41/114.dat","sl30","sl3","15","117456","47","15","16","0,1,2,3,4,5,6,7,8,9,10,11,12,13,14,15","unidentified (root/lower-body half)"
"Elvaan Male","Animation set 1","ROM/41/114.dat","lau1","lau","16","127296","45","15","73","26,27,28,29,30,31,32,33,34,35,36,37,38,39,40,41,42,43,44,45,46,47,48,49,50,51,52,53,54,55,56,57,58,59,60,61,62,63,64,65,66,67,68,69,70,71,72,73,74,75,76,77,78,79,80,81,82,83,84,85,86,87,88,89,90,91,92,93,94,95,96,97,98","unidentified (upper/body half)"
"Elvaan Male","Animation set 1","ROM/41/114.dat","lau0","lau","17","179008","45","15","16","0,1,2,3,4,5,6,7,8,9,10,11,12,13,14,15","unidentified (root/lower-body half)"
"Elvaan Male","Animation set 1","ROM/41/114.dat","wee1","wee","18","188304","48","15","73","26,27,28,29,30,31,32,33,34,35,36,37,38,39,40,41,42,43,44,45,46,47,48,49,50,51,52,53,54,55,56,57,58,59,60,61,62,63,64,65,66,67,68,69,70,71,72,73,74,75,76,77,78,79,80,81,82,83,84,85,86,87,88,89,90,91,92,93,94,95,96,97,98","unidentified (upper/body half)"
"Elvaan Male","Animation set 1","ROM/41/114.dat","wee0","wee","19","242080","48","15","16","0,1,2,3,4,5,6,7,8,9,10,11,12,13,14,15","unidentified (root/lower-body half)"
"Elvaan Male","Animation set 1","ROM/41/114.dat","sl21","sl2","20","252096","40","15","73","26,27,28,29,30,31,32,33,34,35,36,37,38,39,40,41,42,43,44,45,46,47,48,49,50,51,52,53,54,55,56,57,58,59,60,61,62,63,64,65,66,67,68,69,70,71,72,73,74,75,76,77,78,79,80,81,82,83,84,85,86,87,88,89,90,91,92,93,94,95,96,97,98","unidentified (upper/body half)"
"Elvaan Male","Animation set 1","ROM/41/114.dat","sl11","sl1","21","295696","43","15","73","26,27,28,29,30,31,32,33,34,35,36,37,38,39,40,41,42,43,44,45,46,47,48,49,50,51,52,53,54,55,56,57,58,59,60,61,62,63,64,65,66,67,68,69,70,71,72,73,74,75,76,77,78,79,80,81,82,83,84,85,86,87,88,89,90,91,92,93,94,95,96,97,98","unidentified (upper/body half)"
"Elvaan Male","Animation set 1","ROM/41/114.dat","sl31","sl3","22","342288","47","15","73","26,27,28,29,30,31,32,33,34,35,36,37,38,39,40,41,42,43,44,45,46,47,48,49,50,51,52,53,54,55,56,57,58,59,60,61,62,63,64,65,66,67,68,69,70,71,72,73,74,75,76,77,78,79,80,81,82,83,84,85,86,87,88,89,90,91,92,93,94,95,96,97,98","unidentified (upper/body half)"
"Elvaan Male","Animation set 1","ROM/41/114.dat","kne1","kne","23","396768","66","15","73","26,27,28,29,30,31,32,33,34,35,36,37,38,39,40,41,42,43,44,45,46,47,48,49,50,51,52,53,54,55,56,57,58,59,60,61,62,63,64,65,66,67,68,69,70,71,72,73,74,75,76,77,78,79,80,81,82,83,84,85,86,87,88,89,90,91,92,93,94,95,96,97,98","unidentified (upper/body half)"
"Elvaan Male","Animation set 1","ROM/41/114.dat","kne0","kne","24","465232","66","15","16","0,1,2,3,4,5,6,7,8,9,10,11,12,13,14,15","unidentified (root/lower-body half)"
"Elvaan Male","Animation set 0","ROM/41/84.dat","ded1","ded","23","4640","44","30","73","26,27,28,29,30,31,32,33,34,35,36,37,38,39,40,41,42,43,44,45,46,47,48,49,50,51,52,53,54,55,56,57,58,59,60,61,62,63,64,65,66,67,68,69,70,71,72,73,74,75,76,77,78,79,80,81,82,83,84,85,86,87,88,89,90,91,92,93,94,95,96,97,98","unidentified (upper/body half)"
"Elvaan Male","Animation set 0","ROM/41/84.dat","cor1","cor","24","49872","2","30","73","26,27,28,29,30,31,32,33,34,35,36,37,38,39,40,41,42,43,44,45,46,47,48,49,50,51,52,53,54,55,56,57,58,59,60,61,62,63,64,65,66,67,68,69,70,71,72,73,74,75,76,77,78,79,80,81,82,83,84,85,86,87,88,89,90,91,92,93,94,95,96,97,98","unidentified (upper/body half)"
"Elvaan Male","Animation set 0","ROM/41/84.dat","wlk1","wlk","25","56624","20","15","73","26,27,28,29,30,31,32,33,34,35,36,37,38,39,40,41,42,43,44,45,46,47,48,49,50,51,52,53,54,55,56,57,58,59,60,61,62,63,64,65,66,67,68,69,70,71,72,73,74,75,76,77,78,79,80,81,82,83,84,85,86,87,88,89,90,91,92,93,94,95,96,97,98","walk (upper/body half)"
"Elvaan Male","Animation set 0","ROM/41/84.dat","amf1","amf","26","78464","51","30","73","26,27,28,29,30,31,32,33,34,35,36,37,38,39,40,41,42,43,44,45,46,47,48,49,50,51,52,53,54,55,56,57,58,59,60,61,62,63,64,65,66,67,68,69,70,71,72,73,74,75,76,77,78,79,80,81,82,83,84,85,86,87,88,89,90,91,92,93,94,95,96,97,98","unidentified (upper/body half)"
"Elvaan Male","Animation set 0","ROM/41/84.dat","aml1","aml","27","114000","51","30","73","26,27,28,29,30,31,32,33,34,35,36,37,38,39,40,41,42,43,44,45,46,47,48,49,50,51,52,53,54,55,56,57,58,59,60,61,62,63,64,65,66,67,68,69,70,71,72,73,74,75,76,77,78,79,80,81,82,83,84,85,86,87,88,89,90,91,92,93,94,95,96,97,98","unidentified (upper/body half)"
"Elvaan Male","Animation set 0","ROM/41/84.dat","amr1","amr","28","150560","51","30","73","26,27,28,29,30,31,32,33,34,35,36,37,38,39,40,41,42,43,44,45,46,47,48,49,50,51,52,53,54,55,56,57,58,59,60,61,62,63,64,65,66,67,68,69,70,71,72,73,74,75,76,77,78,79,80,81,82,83,84,85,86,87,88,89,90,91,92,93,94,95,96,97,98","unidentified (upper/body half)"
"Elvaan Male","Animation set 0","ROM/41/84.dat","at00","at0","29","186720","51","30","16","0,1,2,3,4,5,6,7,8,9,10,11,12,13,14,15","unidentified (root/lower-body half)"
"Elvaan Male","Animation set 0","ROM/41/84.dat","at01","at0","30","196048","51","30","73","26,27,28,29,30,31,32,33,34,35,36,37,38,39,40,41,42,43,44,45,46,47,48,49,50,51,52,53,54,55,56,57,58,59,60,61,62,63,64,65,66,67,68,69,70,71,72,73,74,75,76,77,78,79,80,81,82,83,84,85,86,87,88,89,90,91,92,93,94,95,96,97,98","unidentified (upper/body half)"
"Elvaan Male","Animation set 0","ROM/41/84.dat","at10","at1","31","244448","51","30","16","0,1,2,3,4,5,6,7,8,9,10,11,12,13,14,15","unidentified (root/lower-body half)"
"Elvaan Male","Animation set 0","ROM/41/84.dat","at11","at1","32","253776","51","30","73","26,27,28,29,30,31,32,33,34,35,36,37,38,39,40,41,42,43,44,45,46,47,48,49,50,51,52,53,54,55,56,57,58,59,60,61,62,63,64,65,66,67,68,69,70,71,72,73,74,75,76,77,78,79,80,81,82,83,84,85,86,87,88,89,90,91,92,93,94,95,96,97,98","unidentified (upper/body half)"
"Elvaan Male","Animation set 0","ROM/41/84.dat","btl0","btl","33","302784","17","7.5","16","0,1,2,3,4,5,6,7,8,9,10,11,12,13,14,15","battle stance (root/lower-body half)"
"Elvaan Male","Animation set 0","ROM/41/84.dat","btl1","btl","34","306816","17","7.5","73","26,27,28,29,30,31,32,33,34,35,36,37,38,39,40,41,42,43,44,45,46,47,48,49,50,51,52,53,54,55,56,57,58,59,60,61,62,63,64,65,66,67,68,69,70,71,72,73,74,75,76,77,78,79,80,81,82,83,84,85,86,87,88,89,90,91,92,93,94,95,96,97,98","battle stance (upper/body half)"
"Elvaan Male","Animation set 0","ROM/41/84.dat","mvb1","mvb","35","325296","17","15","73","26,27,28,29,30,31,32,33,34,35,36,37,38,39,40,41,42,43,44,45,46,47,48,49,50,51,52,53,54,55,56,57,58,59,60,61,62,63,64,65,66,67,68,69,70,71,72,73,74,75,76,77,78,79,80,81,82,83,84,85,86,87,88,89,90,91,92,93,94,95,96,97,98","move backward (upper/body half)"
"Elvaan Male","Animation set 0","ROM/41/84.dat","mvl1","mvl","36","344656","13","15","73","26,27,28,29,30,31,32,33,34,35,36,37,38,39,40,41,42,43,44,45,46,47,48,49,50,51,52,53,54,55,56,57,58,59,60,61,62,63,64,65,66,67,68,69,70,71,72,73,74,75,76,77,78,79,80,81,82,83,84,85,86,87,88,89,90,91,92,93,94,95,96,97,98","strafe/turn left (upper/body half)"
"Elvaan Male","Animation set 0","ROM/41/84.dat","mvr1","mvr","37","360656","13","15","73","26,27,28,29,30,31,32,33,34,35,36,37,38,39,40,41,42,43,44,45,46,47,48,49,50,51,52,53,54,55,56,57,58,59,60,61,62,63,64,65,66,67,68,69,70,71,72,73,74,75,76,77,78,79,80,81,82,83,84,85,86,87,88,89,90,91,92,93,94,95,96,97,98","strafe/turn right (upper/body half)"
"Elvaan Male","Animation set 0","ROM/41/84.dat","run1","run","38","376656","11","15","73","26,27,28,29,30,31,32,33,34,35,36,37,38,39,40,41,42,43,44,45,46,47,48,49,50,51,52,53,54,55,56,57,58,59,60,61,62,63,64,65,66,67,68,69,70,71,72,73,74,75,76,77,78,79,80,81,82,83,84,85,86,87,88,89,90,91,92,93,94,95,96,97,98","run (upper/body half)"
"Elvaan Male","Animation set 0","ROM/41/84.dat","amb1","amb","39","391312","51","30","73","26,27,28,29,30,31,32,33,34,35,36,37,38,39,40,41,42,43,44,45,46,47,48,49,50,51,52,53,54,55,56,57,58,59,60,61,62,63,64,65,66,67,68,69,70,71,72,73,74,75,76,77,78,79,80,81,82,83,84,85,86,87,88,89,90,91,92,93,94,95,96,97,98","unidentified (upper/body half)"
"Elvaan Male","Animation set 0","ROM/41/84.dat","ota0","ota","40","427472","19","15","16","0,1,2,3,4,5,6,7,8,9,10,11,12,13,14,15","unidentified (root/lower-body half)"
"Elvaan Male","Animation set 0","ROM/41/84.dat","ina0","ina","41","431968","19","15","16","0,1,2,3,4,5,6,7,8,9,10,11,12,13,14,15","unidentified (root/lower-body half)"
"Elvaan Male","Animation set 0","ROM/41/84.dat","ota1","ota","42","436464","19","15","73","26,27,28,29,30,31,32,33,34,35,36,37,38,39,40,41,42,43,44,45,46,47,48,49,50,51,52,53,54,55,56,57,58,59,60,61,62,63,64,65,66,67,68,69,70,71,72,73,74,75,76,77,78,79,80,81,82,83,84,85,86,87,88,89,90,91,92,93,94,95,96,97,98","unidentified (upper/body half)"
"Elvaan Male","Animation set 0","ROM/41/84.dat","ina1","ina","43","460640","19","15","73","26,27,28,29,30,31,32,33,34,35,36,37,38,39,40,41,42,43,44,45,46,47,48,49,50,51,52,53,54,55,56,57,58,59,60,61,62,63,64,65,66,67,68,69,70,71,72,73,74,75,76,77,78,79,80,81,82,83,84,85,86,87,88,89,90,91,92,93,94,95,96,97,98","unidentified (upper/body half)"
"Elvaan Male","Animation set 0","ROM/41/84.dat","at21","at2","44","484816","46","30","73","26,27,28,29,30,31,32,33,34,35,36,37,38,39,40,41,42,43,44,45,46,47,48,49,50,51,52,53,54,55,56,57,58,59,60,61,62,63,64,65,66,67,68,69,70,71,72,73,74,75,76,77,78,79,80,81,82,83,84,85,86,87,88,89,90,91,92,93,94,95,96,97,98","unidentified (upper/body half)"
"Elvaan Male","Animation set 0","ROM/41/84.dat","at20","at2","45","529984","46","30","16","0,1,2,3,4,5,6,7,8,9,10,11,12,13,14,15","unidentified (root/lower-body half)"
"Elvaan Male","Animation set 0","ROM/41/84.dat","at31","at3","46","538912","43","30","73","26,27,28,29,30,31,32,33,34,35,36,37,38,39,40,41,42,43,44,45,46,47,48,49,50,51,52,53,54,55,56,57,58,59,60,61,62,63,64,65,66,67,68,69,70,71,72,73,74,75,76,77,78,79,80,81,82,83,84,85,86,87,88,89,90,91,92,93,94,95,96,97,98","unidentified (upper/body half)"
"Elvaan Male","Animation set 0","ROM/41/84.dat","at30","at3","47","581200","43","30","16","0,1,2,3,4,5,6,7,8,9,10,11,12,13,14,15","unidentified (root/lower-body half)"
"Elvaan Male","Animation set 0","ROM/41/84.dat","bb11","bb1","48","589632","21","30","73","26,27,28,29,30,31,32,33,34,35,36,37,38,39,40,41,42,43,44,45,46,47,48,49,50,51,52,53,54,55,56,57,58,59,60,61,62,63,64,65,66,67,68,69,70,71,72,73,74,75,76,77,78,79,80,81,82,83,84,85,86,87,88,89,90,91,92,93,94,95,96,97,98","unidentified (upper/body half)"
"Elvaan Male","Animation set 0","ROM/41/84.dat","bf01","bf0","49","611584","2","30","73","26,27,28,29,30,31,32,33,34,35,36,37,38,39,40,41,42,43,44,45,46,47,48,49,50,51,52,53,54,55,56,57,58,59,60,61,62,63,64,65,66,67,68,69,70,71,72,73,74,75,76,77,78,79,80,81,82,83,84,85,86,87,88,89,90,91,92,93,94,95,96,97,98","unidentified (upper/body half)"
"Elvaan Male","Animation set 0","ROM/41/84.dat","bf11","bf1","50","618160","21","30","73","26,27,28,29,30,31,32,33,34,35,36,37,38,39,40,41,42,43,44,45,46,47,48,49,50,51,52,53,54,55,56,57,58,59,60,61,62,63,64,65,66,67,68,69,70,71,72,73,74,75,76,77,78,79,80,81,82,83,84,85,86,87,88,89,90,91,92,93,94,95,96,97,98","unidentified (upper/body half)"
"Elvaan Male","Animation set 0","ROM/41/84.dat","cm01","cm0","51","639696","16","15","73","26,27,28,29,30,31,32,33,34,35,36,37,38,39,40,41,42,43,44,45,46,47,48,49,50,51,52,53,54,55,56,57,58,59,60,61,62,63,64,65,66,67,68,69,70,71,72,73,74,75,76,77,78,79,80,81,82,83,84,85,86,87,88,89,90,91,92,93,94,95,96,97,98","combat/stance group 0 (upper/body half)"
"Elvaan Male","Animation set 0","ROM/41/84.dat","bb01","bb0","52","659360","2","30","73","26,27,28,29,30,31,32,33,34,35,36,37,38,39,40,41,42,43,44,45,46,47,48,49,50,51,52,53,54,55,56,57,58,59,60,61,62,63,64,65,66,67,68,69,70,71,72,73,74,75,76,77,78,79,80,81,82,83,84,85,86,87,88,89,90,91,92,93,94,95,96,97,98","unidentified (upper/body half)"
"Elvaan Male","Animation set 0","ROM/41/84.dat","dbm1","dbm","53","665536","2","30","73","26,27,28,29,30,31,32,33,34,35,36,37,38,39,40,41,42,43,44,45,46,47,48,49,50,51,52,53,54,55,56,57,58,59,60,61,62,63,64,65,66,67,68,69,70,71,72,73,74,75,76,77,78,79,80,81,82,83,84,85,86,87,88,89,90,91,92,93,94,95,96,97,98","unidentified (upper/body half)"
"Elvaan Male","Animation set 0","ROM/41/84.dat","dfm1","dfm","54","672272","2","30","73","26,27,28,29,30,31,32,33,34,35,36,37,38,39,40,41,42,43,44,45,46,47,48,49,50,51,52,53,54,55,56,57,58,59,60,61,62,63,64,65,66,67,68,69,70,71,72,73,74,75,76,77,78,79,80,81,82,83,84,85,86,87,88,89,90,91,92,93,94,95,96,97,98","unidentified (upper/body half)"
"Elvaan Male","Animation set 0","ROM/41/84.dat","cm11","cm1","55","678816","17","9","73","26,27,28,29,30,31,32,33,34,35,36,37,38,39,40,41,42,43,44,45,46,47,48,49,50,51,52,53,54,55,56,57,58,59,60,61,62,63,64,65,66,67,68,69,70,71,72,73,74,75,76,77,78,79,80,81,82,83,84,85,86,87,88,89,90,91,92,93,94,95,96,97,98","combat/stance group 1 (upper/body half)"
"Elvaan Male","Animation set 0","ROM/41/84.dat","pym1","pym","56","697696","2","30","73","26,27,28,29,30,31,32,33,34,35,36,37,38,39,40,41,42,43,44,45,46,47,48,49,50,51,52,53,54,55,56,57,58,59,60,61,62,63,64,65,66,67,68,69,70,71,72,73,74,75,76,77,78,79,80,81,82,83,84,85,86,87,88,89,90,91,92,93,94,95,96,97,98","unidentified (upper/body half)"
"Elvaan Male","Animation set 0","ROM/41/84.dat","gdm1","gdm","57","703952","2","30","73","26,27,28,29,30,31,32,33,34,35,36,37,38,39,40,41,42,43,44,45,46,47,48,49,50,51,52,53,54,55,56,57,58,59,60,61,62,63,64,65,66,67,68,69,70,71,72,73,74,75,76,77,78,79,80,81,82,83,84,85,86,87,88,89,90,91,92,93,94,95,96,97,98","unidentified (upper/body half)"
"Elvaan Male","Animation set 0","ROM/41/84.dat","ink1","ink","58","710224","19","15","73","26,27,28,29,30,31,32,33,34,35,36,37,38,39,40,41,42,43,44,45,46,47,48,49,50,51,52,53,54,55,56,57,58,59,60,61,62,63,64,65,66,67,68,69,70,71,72,73,74,75,76,77,78,79,80,81,82,83,84,85,86,87,88,89,90,91,92,93,94,95,96,97,98","unidentified (upper/body half)"
"Elvaan Male","Animation set 0","ROM/41/84.dat","ink0","ink","59","733712","19","15","16","0,1,2,3,4,5,6,7,8,9,10,11,12,13,14,15","unidentified (root/lower-body half)"
"Elvaan Male","Animation set 0","ROM/41/84.dat","otk0","otk","60","738208","19","15","16","0,1,2,3,4,5,6,7,8,9,10,11,12,13,14,15","unidentified (root/lower-body half)"
"Elvaan Male","Animation set 0","ROM/41/84.dat","otk1","otk","61","742704","19","15","73","26,27,28,29,30,31,32,33,34,35,36,37,38,39,40,41,42,43,44,45,46,47,48,49,50,51,52,53,54,55,56,57,58,59,60,61,62,63,64,65,66,67,68,69,70,71,72,73,74,75,76,77,78,79,80,81,82,83,84,85,86,87,88,89,90,91,92,93,94,95,96,97,98","unidentified (upper/body half)"
"Elvaan Male","Animation set 0","ROM/41/84.dat","at41","at4","62","766192","39","30","73","26,27,28,29,30,31,32,33,34,35,36,37,38,39,40,41,42,43,44,45,46,47,48,49,50,51,52,53,54,55,56,57,58,59,60,61,62,63,64,65,66,67,68,69,70,71,72,73,74,75,76,77,78,79,80,81,82,83,84,85,86,87,88,89,90,91,92,93,94,95,96,97,98","unidentified (upper/body half)"
"Elvaan Male","Animation set 0","ROM/41/84.dat","at40","at4","63","802304","39","30","16","0,1,2,3,4,5,6,7,8,9,10,11,12,13,14,15","unidentified (root/lower-body half)"
"Elvaan Male","Animation set 0","ROM/41/84.dat","wa41","wa4","64","810080","46","30","73","26,27,28,29,30,31,32,33,34,35,36,37,38,39,40,41,42,43,44,45,46,47,48,49,50,51,52,53,54,55,56,57,58,59,60,61,62,63,64,65,66,67,68,69,70,71,72,73,74,75,76,77,78,79,80,81,82,83,84,85,86,87,88,89,90,91,92,93,94,95,96,97,98","unidentified (upper/body half)"
"Elvaan Male","Animation set 0","ROM/41/84.dat","wa40","wa4","65","853040","46","30","16","0,1,2,3,4,5,6,7,8,9,10,11,12,13,14,15","unidentified (root/lower-body half)"
"Elvaan Male","Animation set 0","ROM/41/84.dat","wa50","wa5","66","862336","41","30","16","0,1,2,3,4,5,6,7,8,9,10,11,12,13,14,15","unidentified (root/lower-body half)"
"Elvaan Male","Animation set 0","ROM/41/84.dat","wa51","wa5","67","870768","41","30","73","26,27,28,29,30,31,32,33,34,35,36,37,38,39,40,41,42,43,44,45,46,47,48,49,50,51,52,53,54,55,56,57,58,59,60,61,62,63,64,65,66,67,68,69,70,71,72,73,74,75,76,77,78,79,80,81,82,83,84,85,86,87,88,89,90,91,92,93,94,95,96,97,98","unidentified (upper/body half)"
"Galka","Skeleton + Base Tex","ROM/56/59.dat","cor0","cor","72","21760","2","30","24","0,1,2,3,4,5,6,7,8,9,10,11,12,13,14,15,16,17,18,19,20,21,22,23","unidentified (root/lower-body half)"
"Galka","Skeleton + Base Tex","ROM/56/59.dat","ded0","ded","73","23824","31","15","24","0,1,2,3,4,5,6,7,8,9,10,11,12,13,14,15,16,17,18,19,20,21,22,23","unidentified (root/lower-body half)"
"Galka","Skeleton + Base Tex","ROM/56/59.dat","idl0","idl","74","35424","16","7.5","24","0,1,2,3,4,5,6,7,8,9,10,11,12,13,14,15,16,17,18,19,20,21,22,23","idle (root/lower-body half)"
"Galka","Skeleton + Base Tex","ROM/56/59.dat","mvb0","mvb","75","41504","23","15","24","0,1,2,3,4,5,6,7,8,9,10,11,12,13,14,15,16,17,18,19,20,21,22,23","move backward (root/lower-body half)"
"Galka","Skeleton + Base Tex","ROM/56/59.dat","mvl0","mvl","76","50176","15","15","24","0,1,2,3,4,5,6,7,8,9,10,11,12,13,14,15,16,17,18,19,20,21,22,23","strafe/turn left (root/lower-body half)"
"Galka","Skeleton + Base Tex","ROM/56/59.dat","mvr0","mvr","77","56784","15","15","24","0,1,2,3,4,5,6,7,8,9,10,11,12,13,14,15,16,17,18,19,20,21,22,23","strafe/turn right (root/lower-body half)"
"Galka","Skeleton + Base Tex","ROM/56/59.dat","run0","run","78","63280","15","15","24","0,1,2,3,4,5,6,7,8,9,10,11,12,13,14,15,16,17,18,19,20,21,22,23","run (root/lower-body half)"
"Galka","Skeleton + Base Tex","ROM/56/59.dat","rx00","rx0","79","69408","14","15","24","0,1,2,3,4,5,6,7,8,9,10,11,12,13,14,15,16,17,18,19,20,21,22,23","unidentified (root/lower-body half)"
"Galka","Skeleton + Base Tex","ROM/56/59.dat","rx10","rx1","80","75552","9","4.5","24","0,1,2,3,4,5,6,7,8,9,10,11,12,13,14,15,16,17,18,19,20,21,22,23","unidentified (root/lower-body half)"
"Galka","Skeleton + Base Tex","ROM/56/59.dat","rx20","rx2","81","79120","15","15","24","0,1,2,3,4,5,6,7,8,9,10,11,12,13,14,15,16,17,18,19,20,21,22,23","unidentified (root/lower-body half)"
"Galka","Skeleton + Base Tex","ROM/56/59.dat","std0","std","82","85552","51","15","24","0,1,2,3,4,5,6,7,8,9,10,11,12,13,14,15,16,17,18,19,20,21,22,23","standard/standing cycle (root/lower-body half)"
"Galka","Skeleton + Base Tex","ROM/56/59.dat","wlk0","wlk","83","102704","25","15","24","0,1,2,3,4,5,6,7,8,9,10,11,12,13,14,15,16,17,18,19,20,21,22,23","walk (root/lower-body half)"
"Galka","Skeleton + Base Tex","ROM/56/59.dat","cm00","cm0","84","111760","16","15","24","0,1,2,3,4,5,6,7,8,9,10,11,12,13,14,15,16,17,18,19,20,21,22,23","combat/stance group 0 (root/lower-body half)"
"Galka","Skeleton + Base Tex","ROM/56/59.dat","cm01","cm0","85","118480","16","15","71","36,37,38,39,40,41,42,43,44,45,46,47,48,49,50,51,52,53,54,55,56,57,58,59,60,61,62,63,64,65,66,67,68,69,70,71,72,73,74,75,76,77,78,79,80,81,82,83,84,85,86,87,88,89,90,91,92,93,94,95,96,97,98,99,100,101,102,103,104,105,106","combat/stance group 0 (upper/body half)"
"Galka","Skeleton + Base Tex","ROM/56/59.dat","cm10","cm1","86","138688","16","10.5","24","0,1,2,3,4,5,6,7,8,9,10,11,12,13,14,15,16,17,18,19,20,21,22,23","combat/stance group 1 (root/lower-body half)"
"Galka","Skeleton + Base Tex","ROM/56/59.dat","cm11","cm1","87","144576","16","10.5","71","36,37,38,39,40,41,42,43,44,45,46,47,48,49,50,51,52,53,54,55,56,57,58,59,60,61,62,63,64,65,66,67,68,69,70,71,72,73,74,75,76,77,78,79,80,81,82,83,84,85,86,87,88,89,90,91,92,93,94,95,96,97,98,99,100,101,102,103,104,105,106","combat/stance group 1 (upper/body half)"
"Galka","Skeleton + Base Tex","ROM/56/59.dat","mb00","mb0","88","161520","19","30","24","0,1,2,3,4,5,6,7,8,9,10,11,12,13,14,15,16,17,18,19,20,21,22,23","unidentified (root/lower-body half)"
"Galka","Skeleton + Base Tex","ROM/56/59.dat","mb01","mb0","89","167904","19","30","71","36,37,38,39,40,41,42,43,44,45,46,47,48,49,50,51,52,53,54,55,56,57,58,59,60,61,62,63,64,65,66,67,68,69,70,71,72,73,74,75,76,77,78,79,80,81,82,83,84,85,86,87,88,89,90,91,92,93,94,95,96,97,98,99,100,101,102,103,104,105,106","unidentified (upper/body half)"
"Galka","Skeleton + Base Tex","ROM/56/59.dat","mb10","mb1","90","187728","31","30","24","0,1,2,3,4,5,6,7,8,9,10,11,12,13,14,15,16,17,18,19,20,21,22,23","unidentified (root/lower-body half)"
"Galka","Skeleton + Base Tex","ROM/56/59.dat","mb11","mb1","91","198336","31","30","71","36,37,38,39,40,41,42,43,44,45,46,47,48,49,50,51,52,53,54,55,56,57,58,59,60,61,62,63,64,65,66,67,68,69,70,71,72,73,74,75,76,77,78,79,80,81,82,83,84,85,86,87,88,89,90,91,92,93,94,95,96,97,98,99,100,101,102,103,104,105,106","unidentified (upper/body half)"
"Galka","Skeleton + Base Tex","ROM/56/59.dat","mb20","mb2","92","234224","16","13.5","24","0,1,2,3,4,5,6,7,8,9,10,11,12,13,14,15,16,17,18,19,20,21,22,23","unidentified (root/lower-body half)"
"Galka","Skeleton + Base Tex","ROM/56/59.dat","mb21","mb2","93","240048","16","13.5","71","36,37,38,39,40,41,42,43,44,45,46,47,48,49,50,51,52,53,54,55,56,57,58,59,60,61,62,63,64,65,66,67,68,69,70,71,72,73,74,75,76,77,78,79,80,81,82,83,84,85,86,87,88,89,90,91,92,93,94,95,96,97,98,99,100,101,102,103,104,105,106","unidentified (upper/body half)"
"Galka","Skeleton + Base Tex","ROM/56/59.dat","mi00","mi0","94","258336","8","15","24","0,1,2,3,4,5,6,7,8,9,10,11,12,13,14,15,16,17,18,19,20,21,22,23","unidentified (root/lower-body half)"
"Galka","Skeleton + Base Tex","ROM/56/59.dat","mi01","mi0","95","262592","8","15","71","36,37,38,39,40,41,42,43,44,45,46,47,48,49,50,51,52,53,54,55,56,57,58,59,60,61,62,63,64,65,66,67,68,69,70,71,72,73,74,75,76,77,78,79,80,81,82,83,84,85,86,87,88,89,90,91,92,93,94,95,96,97,98,99,100,101,102,103,104,105,106","unidentified (upper/body half)"
"Galka","Skeleton + Base Tex","ROM/56/59.dat","mi10","mi1","96","275600","16","7.5","24","0,1,2,3,4,5,6,7,8,9,10,11,12,13,14,15,16,17,18,19,20,21,22,23","unidentified (root/lower-body half)"
"Galka","Skeleton + Base Tex","ROM/56/59.dat","mi11","mi1","97","282000","16","7.5","71","36,37,38,39,40,41,42,43,44,45,46,47,48,49,50,51,52,53,54,55,56,57,58,59,60,61,62,63,64,65,66,67,68,69,70,71,72,73,74,75,76,77,78,79,80,81,82,83,84,85,86,87,88,89,90,91,92,93,94,95,96,97,98,99,100,101,102,103,104,105,106","unidentified (upper/body half)"
"Galka","Skeleton + Base Tex","ROM/56/59.dat","mi20","mi2","98","300416","11","15","24","0,1,2,3,4,5,6,7,8,9,10,11,12,13,14,15,16,17,18,19,20,21,22,23","unidentified (root/lower-body half)"
"Galka","Skeleton + Base Tex","ROM/56/59.dat","mi21","mi2","99","305504","11","15","71","36,37,38,39,40,41,42,43,44,45,46,47,48,49,50,51,52,53,54,55,56,57,58,59,60,61,62,63,64,65,66,67,68,69,70,71,72,73,74,75,76,77,78,79,80,81,82,83,84,85,86,87,88,89,90,91,92,93,94,95,96,97,98,99,100,101,102,103,104,105,106","unidentified (upper/body half)"
"Galka","Skeleton + Base Tex","ROM/56/59.dat","mi30","mi3","100","321936","16","10.5","24","0,1,2,3,4,5,6,7,8,9,10,11,12,13,14,15,16,17,18,19,20,21,22,23","unidentified (root/lower-body half)"
"Galka","Skeleton + Base Tex","ROM/56/59.dat","mi31","mi3","101","327376","16","10.5","71","36,37,38,39,40,41,42,43,44,45,46,47,48,49,50,51,52,53,54,55,56,57,58,59,60,61,62,63,64,65,66,67,68,69,70,71,72,73,74,75,76,77,78,79,80,81,82,83,84,85,86,87,88,89,90,91,92,93,94,95,96,97,98,99,100,101,102,103,104,105,106","unidentified (upper/body half)"
"Galka","Skeleton + Base Tex","ROM/56/59.dat","mw00","mw0","102","341760","16","10.5","24","0,1,2,3,4,5,6,7,8,9,10,11,12,13,14,15,16,17,18,19,20,21,22,23","unidentified (root/lower-body half)"
"Galka","Skeleton + Base Tex","ROM/56/59.dat","mw01","mw0","103","346880","16","10.5","71","36,37,38,39,40,41,42,43,44,45,46,47,48,49,50,51,52,53,54,55,56,57,58,59,60,61,62,63,64,65,66,67,68,69,70,71,72,73,74,75,76,77,78,79,80,81,82,83,84,85,86,87,88,89,90,91,92,93,94,95,96,97,98,99,100,101,102,103,104,105,106","unidentified (upper/body half)"
"Galka","Skeleton + Base Tex","ROM/56/59.dat","mw10","mw1","104","360304","16","15","24","0,1,2,3,4,5,6,7,8,9,10,11,12,13,14,15,16,17,18,19,20,21,22,23","unidentified (root/lower-body half)"
"Galka","Skeleton + Base Tex","ROM/56/59.dat","mw11","mw1","105","366640","16","15","71","36,37,38,39,40,41,42,43,44,45,46,47,48,49,50,51,52,53,54,55,56,57,58,59,60,61,62,63,64,65,66,67,68,69,70,71,72,73,74,75,76,77,78,79,80,81,82,83,84,85,86,87,88,89,90,91,92,93,94,95,96,97,98,99,100,101,102,103,104,105,106","unidentified (upper/body half)"
"Galka","Skeleton + Base Tex","ROM/56/59.dat","mw20","mw2","106","388512","16","10.5","24","0,1,2,3,4,5,6,7,8,9,10,11,12,13,14,15,16,17,18,19,20,21,22,23","unidentified (root/lower-body half)"
"Galka","Skeleton + Base Tex","ROM/56/59.dat","mw21","mw2","107","394336","16","10.5","71","36,37,38,39,40,41,42,43,44,45,46,47,48,49,50,51,52,53,54,55,56,57,58,59,60,61,62,63,64,65,66,67,68,69,70,71,72,73,74,75,76,77,78,79,80,81,82,83,84,85,86,87,88,89,90,91,92,93,94,95,96,97,98,99,100,101,102,103,104,105,106","unidentified (upper/body half)"
"Galka","Skeleton + Base Tex","ROM/56/59.dat","mou4","mou","108","410384","31","15","1","44","unidentified"
"Galka","Skeleton + Base Tex","ROM/56/59.dat","eye3","eye","109","410992","4","15","2","42,43","unidentified"
"Galka","Skeleton + Base Tex","ROM/56/59.dat","bf01","bf0","110","411328","2","30","71","36,37,38,39,40,41,42,43,44,45,46,47,48,49,50,51,52,53,54,55,56,57,58,59,60,61,62,63,64,65,66,67,68,69,70,71,72,73,74,75,76,77,78,79,80,81,82,83,84,85,86,87,88,89,90,91,92,93,94,95,96,97,98,99,100,101,102,103,104,105,106","unidentified (upper/body half)"
"Galka","Skeleton + Base Tex","ROM/56/59.dat","bb11","bb1","111","417744","10","15","71","36,37,38,39,40,41,42,43,44,45,46,47,48,49,50,51,52,53,54,55,56,57,58,59,60,61,62,63,64,65,66,67,68,69,70,71,72,73,74,75,76,77,78,79,80,81,82,83,84,85,86,87,88,89,90,91,92,93,94,95,96,97,98,99,100,101,102,103,104,105,106","unidentified (upper/body half)"
"Galka","Skeleton + Base Tex","ROM/56/59.dat","bb01","bb0","112","432416","2","30","71","36,37,38,39,40,41,42,43,44,45,46,47,48,49,50,51,52,53,54,55,56,57,58,59,60,61,62,63,64,65,66,67,68,69,70,71,72,73,74,75,76,77,78,79,80,81,82,83,84,85,86,87,88,89,90,91,92,93,94,95,96,97,98,99,100,101,102,103,104,105,106","unidentified (upper/body half)"
"Galka","Skeleton + Base Tex","ROM/56/59.dat","bf11","bf1","113","438624","10","15","71","36,37,38,39,40,41,42,43,44,45,46,47,48,49,50,51,52,53,54,55,56,57,58,59,60,61,62,63,64,65,66,67,68,69,70,71,72,73,74,75,76,77,78,79,80,81,82,83,84,85,86,87,88,89,90,91,92,93,94,95,96,97,98,99,100,101,102,103,104,105,106","unidentified (upper/body half)"
"Galka","Skeleton + Base Tex","ROM/56/59.dat","cor1","cor","114","454464","2","30","71","36,37,38,39,40,41,42,43,44,45,46,47,48,49,50,51,52,53,54,55,56,57,58,59,60,61,62,63,64,65,66,67,68,69,70,71,72,73,74,75,76,77,78,79,80,81,82,83,84,85,86,87,88,89,90,91,92,93,94,95,96,97,98,99,100,101,102,103,104,105,106","unidentified (upper/body half)"
"Galka","Skeleton + Base Tex","ROM/56/59.dat","dbm1","dbm","115","460544","2","30","71","36,37,38,39,40,41,42,43,44,45,46,47,48,49,50,51,52,53,54,55,56,57,58,59,60,61,62,63,64,65,66,67,68,69,70,71,72,73,74,75,76,77,78,79,80,81,82,83,84,85,86,87,88,89,90,91,92,93,94,95,96,97,98,99,100,101,102,103,104,105,106","unidentified (upper/body half)"
"Galka","Skeleton + Base Tex","ROM/56/59.dat","ded1","ded","116","466896","31","15","71","36,37,38,39,40,41,42,43,44,45,46,47,48,49,50,51,52,53,54,55,56,57,58,59,60,61,62,63,64,65,66,67,68,69,70,71,72,73,74,75,76,77,78,79,80,81,82,83,84,85,86,87,88,89,90,91,92,93,94,95,96,97,98,99,100,101,102,103,104,105,106","unidentified (upper/body half)"
"Galka","Skeleton + Base Tex","ROM/56/59.dat","dfm1","dfm","117","503392","2","30","71","36,37,38,39,40,41,42,43,44,45,46,47,48,49,50,51,52,53,54,55,56,57,58,59,60,61,62,63,64,65,66,67,68,69,70,71,72,73,74,75,76,77,78,79,80,81,82,83,84,85,86,87,88,89,90,91,92,93,94,95,96,97,98,99,100,101,102,103,104,105,106","unidentified (upper/body half)"
"Galka","Skeleton + Base Tex","ROM/56/59.dat","rx01","rx0","118","509504","14","15","71","36,37,38,39,40,41,42,43,44,45,46,47,48,49,50,51,52,53,54,55,56,57,58,59,60,61,62,63,64,65,66,67,68,69,70,71,72,73,74,75,76,77,78,79,80,81,82,83,84,85,86,87,88,89,90,91,92,93,94,95,96,97,98,99,100,101,102,103,104,105,106","unidentified (upper/body half)"
"Galka","Skeleton + Base Tex","ROM/56/59.dat","rx11","rx1","119","531232","9","4.5","71","36,37,38,39,40,41,42,43,44,45,46,47,48,49,50,51,52,53,54,55,56,57,58,59,60,61,62,63,64,65,66,67,68,69,70,71,72,73,74,75,76,77,78,79,80,81,82,83,84,85,86,87,88,89,90,91,92,93,94,95,96,97,98,99,100,101,102,103,104,105,106","unidentified (upper/body half)"
"Galka","Skeleton + Base Tex","ROM/56/59.dat","rx21","rx2","120","545936","15","15","71","36,37,38,39,40,41,42,43,44,45,46,47,48,49,50,51,52,53,54,55,56,57,58,59,60,61,62,63,64,65,66,67,68,69,70,71,72,73,74,75,76,77,78,79,80,81,82,83,84,85,86,87,88,89,90,91,92,93,94,95,96,97,98,99,100,101,102,103,104,105,106","unidentified (upper/body half)"
"Galka","Skeleton + Base Tex","ROM/56/59.dat","std1","std","121","568848","51","15","71","36,37,38,39,40,41,42,43,44,45,46,47,48,49,50,51,52,53,54,55,56,57,58,59,60,61,62,63,64,65,66,67,68,69,70,71,72,73,74,75,76,77,78,79,80,81,82,83,84,85,86,87,88,89,90,91,92,93,94,95,96,97,98,99,100,101,102,103,104,105,106","standard/standing cycle (upper/body half)"
"Galka","Skeleton + Base Tex","ROM/56/59.dat","bf10","bf1","122","625440","10","15","24","0,1,2,3,4,5,6,7,8,9,10,11,12,13,14,15,16,17,18,19,20,21,22,23","unidentified (root/lower-body half)"
"Galka","Skeleton + Base Tex","ROM/56/59.dat","bb10","bb1","123","630496","10","15","24","0,1,2,3,4,5,6,7,8,9,10,11,12,13,14,15,16,17,18,19,20,21,22,23","unidentified (root/lower-body half)"
"Galka","Skeleton + Base Tex","ROM/56/59.dat","bf00","bf0","124","635504","2","30","24","0,1,2,3,4,5,6,7,8,9,10,11,12,13,14,15,16,17,18,19,20,21,22,23","unidentified (root/lower-body half)"
"Galka","Skeleton + Base Tex","ROM/56/59.dat","bb00","bb0","125","637568","2","30","24","0,1,2,3,4,5,6,7,8,9,10,11,12,13,14,15,16,17,18,19,20,21,22,23","unidentified (root/lower-body half)"
"Galka","Skeleton + Base Tex","ROM/56/59.dat","ri01","ri0","126","639632","19","30","71","36,37,38,39,40,41,42,43,44,45,46,47,48,49,50,51,52,53,54,55,56,57,58,59,60,61,62,63,64,65,66,67,68,69,70,71,72,73,74,75,76,77,78,79,80,81,82,83,84,85,86,87,88,89,90,91,92,93,94,95,96,97,98,99,100,101,102,103,104,105,106","unidentified (upper/body half)"
"Galka","Skeleton + Base Tex","ROM/56/59.dat","ri00","ri0","127","660976","19","30","24","0,1,2,3,4,5,6,7,8,9,10,11,12,13,14,15,16,17,18,19,20,21,22,23","unidentified (root/lower-body half)"
"Galka","Skeleton + Base Tex","ROM/56/59.dat","sh21","sh2","128","666672","16","9.574","71","36,37,38,39,40,41,42,43,44,45,46,47,48,49,50,51,52,53,54,55,56,57,58,59,60,61,62,63,64,65,66,67,68,69,70,71,72,73,74,75,76,77,78,79,80,81,82,83,84,85,86,87,88,89,90,91,92,93,94,95,96,97,98,99,100,101,102,103,104,105,106","unidentified (upper/body half)"
"Galka","Skeleton + Base Tex","ROM/56/59.dat","sf10","sf1","129","689184","21","15","24","0,1,2,3,4,5,6,7,8,9,10,11,12,13,14,15,16,17,18,19,20,21,22,23","unidentified (root/lower-body half)"
"Galka","Skeleton + Base Tex","ROM/56/59.dat","sf20","sf2","130","696448","18","10.851","24","0,1,2,3,4,5,6,7,8,9,10,11,12,13,14,15,16,17,18,19,20,21,22,23","unidentified (root/lower-body half)"
"Galka","Skeleton + Base Tex","ROM/56/59.dat","sh00","sh0","131","703616","16","15","24","0,1,2,3,4,5,6,7,8,9,10,11,12,13,14,15,16,17,18,19,20,21,22,23","unidentified (root/lower-body half)"
"Galka","Skeleton + Base Tex","ROM/56/59.dat","sh10","sh1","132","709824","21","10.5","24","0,1,2,3,4,5,6,7,8,9,10,11,12,13,14,15,16,17,18,19,20,21,22,23","unidentified (root/lower-body half)"
"Galka","Skeleton + Base Tex","ROM/56/59.dat","sh20","sh2","133","716912","16","9.574","24","0,1,2,3,4,5,6,7,8,9,10,11,12,13,14,15,16,17,18,19,20,21,22,23","unidentified (root/lower-body half)"
"Galka","Skeleton + Base Tex","ROM/56/59.dat","sk10","sk1","134","723376","16","10.5","24","0,1,2,3,4,5,6,7,8,9,10,11,12,13,14,15,16,17,18,19,20,21,22,23","unidentified (root/lower-body half)"
"Galka","Skeleton + Base Tex","ROM/56/59.dat","sk20","sk2","135","728496","48","30","24","0,1,2,3,4,5,6,7,8,9,10,11,12,13,14,15,16,17,18,19,20,21,22,23","unidentified (root/lower-body half)"
"Galka","Skeleton + Base Tex","ROM/56/59.dat","sf01","sf0","136","743408","16","15","71","36,37,38,39,40,41,42,43,44,45,46,47,48,49,50,51,52,53,54,55,56,57,58,59,60,61,62,63,64,65,66,67,68,69,70,71,72,73,74,75,76,77,78,79,80,81,82,83,84,85,86,87,88,89,90,91,92,93,94,95,96,97,98,99,100,101,102,103,104,105,106","unidentified (upper/body half)"
"Galka","Skeleton + Base Tex","ROM/56/59.dat","sf11","sf1","137","766496","21","15","71","36,37,38,39,40,41,42,43,44,45,46,47,48,49,50,51,52,53,54,55,56,57,58,59,60,61,62,63,64,65,66,67,68,69,70,71,72,73,74,75,76,77,78,79,80,81,82,83,84,85,86,87,88,89,90,91,92,93,94,95,96,97,98,99,100,101,102,103,104,105,106","unidentified (upper/body half)"
"Galka","Skeleton + Base Tex","ROM/56/59.dat","sf21","sf2","138","790224","18","10.851","71","36,37,38,39,40,41,42,43,44,45,46,47,48,49,50,51,52,53,54,55,56,57,58,59,60,61,62,63,64,65,66,67,68,69,70,71,72,73,74,75,76,77,78,79,80,81,82,83,84,85,86,87,88,89,90,91,92,93,94,95,96,97,98,99,100,101,102,103,104,105,106","unidentified (upper/body half)"
"Galka","Skeleton + Base Tex","ROM/56/59.dat","sh01","sh0","139","815520","16","15","71","36,37,38,39,40,41,42,43,44,45,46,47,48,49,50,51,52,53,54,55,56,57,58,59,60,61,62,63,64,65,66,67,68,69,70,71,72,73,74,75,76,77,78,79,80,81,82,83,84,85,86,87,88,89,90,91,92,93,94,95,96,97,98,99,100,101,102,103,104,105,106","unidentified (upper/body half)"
"Galka","Skeleton + Base Tex","ROM/56/59.dat","sh11","sh1","140","837712","21","10.5","71","36,37,38,39,40,41,42,43,44,45,46,47,48,49,50,51,52,53,54,55,56,57,58,59,60,61,62,63,64,65,66,67,68,69,70,71,72,73,74,75,76,77,78,79,80,81,82,83,84,85,86,87,88,89,90,91,92,93,94,95,96,97,98,99,100,101,102,103,104,105,106","unidentified (upper/body half)"
"Galka","Skeleton + Base Tex","ROM/56/59.dat","sf00","sf0","141","860672","16","15","24","0,1,2,3,4,5,6,7,8,9,10,11,12,13,14,15,16,17,18,19,20,21,22,23","unidentified (root/lower-body half)"
"Galka","Skeleton + Base Tex","ROM/56/59.dat","sk11","sk1","142","866752","16","10.5","71","36,37,38,39,40,41,42,43,44,45,46,47,48,49,50,51,52,53,54,55,56,57,58,59,60,61,62,63,64,65,66,67,68,69,70,71,72,73,74,75,76,77,78,79,80,81,82,83,84,85,86,87,88,89,90,91,92,93,94,95,96,97,98,99,100,101,102,103,104,105,106","unidentified (upper/body half)"
"Galka","Skeleton + Base Tex","ROM/56/59.dat","sk21","sk2","143","883120","48","30","71","36,37,38,39,40,41,42,43,44,45,46,47,48,49,50,51,52,53,54,55,56,57,58,59,60,61,62,63,64,65,66,67,68,69,70,71,72,73,74,75,76,77,78,79,80,81,82,83,84,85,86,87,88,89,90,91,92,93,94,95,96,97,98,99,100,101,102,103,104,105,106","unidentified (upper/body half)"
"Galka","Skeleton + Base Tex","ROM/56/59.dat","na31","na3","144","935584","31","30","71","36,37,38,39,40,41,42,43,44,45,46,47,48,49,50,51,52,53,54,55,56,57,58,59,60,61,62,63,64,65,66,67,68,69,70,71,72,73,74,75,76,77,78,79,80,81,82,83,84,85,86,87,88,89,90,91,92,93,94,95,96,97,98,99,100,101,102,103,104,105,106","unidentified (upper/body half)"
"Galka","Skeleton + Base Tex","ROM/56/59.dat","na30","na3","145","972336","31","30","24","0,1,2,3,4,5,6,7,8,9,10,11,12,13,14,15,16,17,18,19,20,21,22,23","unidentified (root/lower-body half)"
"Galka","Skeleton + Base Tex","ROM/56/59.dat","yu21","yu2","146","983312","44","30","71","36,37,38,39,40,41,42,43,44,45,46,47,48,49,50,51,52,53,54,55,56,57,58,59,60,61,62,63,64,65,66,67,68,69,70,71,72,73,74,75,76,77,78,79,80,81,82,83,84,85,86,87,88,89,90,91,92,93,94,95,96,97,98,99,100,101,102,103,104,105,106","unidentified (upper/body half)"
"Galka","Skeleton + Base Tex","ROM/56/59.dat","gu01","gu0","147","1036128","16","15","71","36,37,38,39,40,41,42,43,44,45,46,47,48,49,50,51,52,53,54,55,56,57,58,59,60,61,62,63,64,65,66,67,68,69,70,71,72,73,74,75,76,77,78,79,80,81,82,83,84,85,86,87,88,89,90,91,92,93,94,95,96,97,98,99,100,101,102,103,104,105,106","unidentified (upper/body half)"
"Galka","Skeleton + Base Tex","ROM/56/59.dat","gu10","gu1","148","1058640","16","7.5","24","0,1,2,3,4,5,6,7,8,9,10,11,12,13,14,15,16,17,18,19,20,21,22,23","unidentified (root/lower-body half)"
"Galka","Skeleton + Base Tex","ROM/56/59.dat","gu11","gu1","149","1064400","16","7.5","71","36,37,38,39,40,41,42,43,44,45,46,47,48,49,50,51,52,53,54,55,56,57,58,59,60,61,62,63,64,65,66,67,68,69,70,71,72,73,74,75,76,77,78,79,80,81,82,83,84,85,86,87,88,89,90,91,92,93,94,95,96,97,98,99,100,101,102,103,104,105,106","unidentified (upper/body half)"
"Galka","Skeleton + Base Tex","ROM/56/59.dat","gu20","gu2","150","1083264","43","30","24","0,1,2,3,4,5,6,7,8,9,10,11,12,13,14,15,16,17,18,19,20,21,22,23","unidentified (root/lower-body half)"
"Galka","Skeleton + Base Tex","ROM/56/59.dat","gu21","gu2","151","1098048","43","30","71","36,37,38,39,40,41,42,43,44,45,46,47,48,49,50,51,52,53,54,55,56,57,58,59,60,61,62,63,64,65,66,67,68,69,70,71,72,73,74,75,76,77,78,79,80,81,82,83,84,85,86,87,88,89,90,91,92,93,94,95,96,97,98,99,100,101,102,103,104,105,106","unidentified (upper/body half)"
"Galka","Skeleton + Base Tex","ROM/56/59.dat","na00","na0","152","1148944","16","15","24","0,1,2,3,4,5,6,7,8,9,10,11,12,13,14,15,16,17,18,19,20,21,22,23","unidentified (root/lower-body half)"
"Galka","Skeleton + Base Tex","ROM/56/59.dat","na01","na0","153","1155536","16","15","71","36,37,38,39,40,41,42,43,44,45,46,47,48,49,50,51,52,53,54,55,56,57,58,59,60,61,62,63,64,65,66,67,68,69,70,71,72,73,74,75,76,77,78,79,80,81,82,83,84,85,86,87,88,89,90,91,92,93,94,95,96,97,98,99,100,101,102,103,104,105,106","unidentified (upper/body half)"
"Galka","Skeleton + Base Tex","ROM/56/59.dat","na10","na1","154","1177792","16","7.5","24","0,1,2,3,4,5,6,7,8,9,10,11,12,13,14,15,16,17,18,19,20,21,22,23","unidentified (root/lower-body half)"
"Galka","Skeleton + Base Tex","ROM/56/59.dat","na11","na1","155","1183616","16","7.5","71","36,37,38,39,40,41,42,43,44,45,46,47,48,49,50,51,52,53,54,55,56,57,58,59,60,61,62,63,64,65,66,67,68,69,70,71,72,73,74,75,76,77,78,79,80,81,82,83,84,85,86,87,88,89,90,91,92,93,94,95,96,97,98,99,100,101,102,103,104,105,106","unidentified (upper/body half)"
"Galka","Skeleton + Base Tex","ROM/56/59.dat","na20","na2","156","1202352","81","30","24","0,1,2,3,4,5,6,7,8,9,10,11,12,13,14,15,16,17,18,19,20,21,22,23","unidentified (root/lower-body half)"
"Galka","Skeleton + Base Tex","ROM/56/59.dat","na21","na2","157","1228048","81","30","71","36,37,38,39,40,41,42,43,44,45,46,47,48,49,50,51,52,53,54,55,56,57,58,59,60,61,62,63,64,65,66,67,68,69,70,71,72,73,74,75,76,77,78,79,80,81,82,83,84,85,86,87,88,89,90,91,92,93,94,95,96,97,98,99,100,101,102,103,104,105,106","unidentified (upper/body half)"
"Galka","Skeleton + Base Tex","ROM/56/59.dat","yu00","yu0","158","1316336","28","15","24","0,1,2,3,4,5,6,7,8,9,10,11,12,13,14,15,16,17,18,19,20,21,22,23","unidentified (root/lower-body half)"
"Galka","Skeleton + Base Tex","ROM/56/59.dat","yu01","yu0","159","1326784","28","15","71","36,37,38,39,40,41,42,43,44,45,46,47,48,49,50,51,52,53,54,55,56,57,58,59,60,61,62,63,64,65,66,67,68,69,70,71,72,73,74,75,76,77,78,79,80,81,82,83,84,85,86,87,88,89,90,91,92,93,94,95,96,97,98,99,100,101,102,103,104,105,106","unidentified (upper/body half)"
"Galka","Skeleton + Base Tex","ROM/56/59.dat","yu10","yu1","160","1362464","16","6","24","0,1,2,3,4,5,6,7,8,9,10,11,12,13,14,15,16,17,18,19,20,21,22,23","unidentified (root/lower-body half)"
"Galka","Skeleton + Base Tex","ROM/56/59.dat","yu11","yu1","161","1369120","16","6","71","36,37,38,39,40,41,42,43,44,45,46,47,48,49,50,51,52,53,54,55,56,57,58,59,60,61,62,63,64,65,66,67,68,69,70,71,72,73,74,75,76,77,78,79,80,81,82,83,84,85,86,87,88,89,90,91,92,93,94,95,96,97,98,99,100,101,102,103,104,105,106","unidentified (upper/body half)"
"Galka","Skeleton + Base Tex","ROM/56/59.dat","yu20","yu2","162","1390160","44","30","24","0,1,2,3,4,5,6,7,8,9,10,11,12,13,14,15,16,17,18,19,20,21,22,23","unidentified (root/lower-body half)"
"Galka","Skeleton + Base Tex","ROM/56/59.dat","gu00","gu0","163","1405056","16","15","24","0,1,2,3,4,5,6,7,8,9,10,11,12,13,14,15,16,17,18,19,20,21,22,23","unidentified (root/lower-body half)"
"Galka","Skeleton + Base Tex","ROM/56/59.dat","ms00","ms0","164","1411712","16","7.5","24","0,1,2,3,4,5,6,7,8,9,10,11,12,13,14,15,16,17,18,19,20,21,22,23","unidentified (root/lower-body half)"
"Galka","Skeleton + Base Tex","ROM/56/59.dat","mn01","mn0","165","1416960","16","7.5","71","36,37,38,39,40,41,42,43,44,45,46,47,48,49,50,51,52,53,54,55,56,57,58,59,60,61,62,63,64,65,66,67,68,69,70,71,72,73,74,75,76,77,78,79,80,81,82,83,84,85,86,87,88,89,90,91,92,93,94,95,96,97,98,99,100,101,102,103,104,105,106","unidentified (upper/body half)"
"Galka","Skeleton + Base Tex","ROM/56/59.dat","mn10","mn1","166","1434032","31","30","24","0,1,2,3,4,5,6,7,8,9,10,11,12,13,14,15,16,17,18,19,20,21,22,23","unidentified (root/lower-body half)"
"Galka","Skeleton + Base Tex","ROM/56/59.dat","mn11","mn1","167","1444640","31","30","71","36,37,38,39,40,41,42,43,44,45,46,47,48,49,50,51,52,53,54,55,56,57,58,59,60,61,62,63,64,65,66,67,68,69,70,71,72,73,74,75,76,77,78,79,80,81,82,83,84,85,86,87,88,89,90,91,92,93,94,95,96,97,98,99,100,101,102,103,104,105,106","unidentified (upper/body half)"
"Galka","Skeleton + Base Tex","ROM/56/59.dat","mn20","mn2","168","1481760","16","9","24","0,1,2,3,4,5,6,7,8,9,10,11,12,13,14,15,16,17,18,19,20,21,22,23","unidentified (root/lower-body half)"
"Galka","Skeleton + Base Tex","ROM/56/59.dat","mn21","mn2","169","1487328","16","9","71","36,37,38,39,40,41,42,43,44,45,46,47,48,49,50,51,52,53,54,55,56,57,58,59,60,61,62,63,64,65,66,67,68,69,70,71,72,73,74,75,76,77,78,79,80,81,82,83,84,85,86,87,88,89,90,91,92,93,94,95,96,97,98,99,100,101,102,103,104,105,106","unidentified (upper/body half)"
"Galka","Skeleton + Base Tex","ROM/56/59.dat","mn00","mn0","170","1504720","16","7.5","24","0,1,2,3,4,5,6,7,8,9,10,11,12,13,14,15,16,17,18,19,20,21,22,23","unidentified (root/lower-body half)"
"Galka","Skeleton + Base Tex","ROM/56/59.dat","ms01","ms0","171","1510864","16","7.5","71","36,37,38,39,40,41,42,43,44,45,46,47,48,49,50,51,52,53,54,55,56,57,58,59,60,61,62,63,64,65,66,67,68,69,70,71,72,73,74,75,76,77,78,79,80,81,82,83,84,85,86,87,88,89,90,91,92,93,94,95,96,97,98,99,100,101,102,103,104,105,106","unidentified (upper/body half)"
"Galka","Skeleton + Base Tex","ROM/56/59.dat","ms10","ms1","172","1525824","31","15","24","0,1,2,3,4,5,6,7,8,9,10,11,12,13,14,15,16,17,18,19,20,21,22,23","unidentified (root/lower-body half)"
"Galka","Skeleton + Base Tex","ROM/56/59.dat","ms11","ms1","173","1536672","31","15","71","36,37,38,39,40,41,42,43,44,45,46,47,48,49,50,51,52,53,54,55,56,57,58,59,60,61,62,63,64,65,66,67,68,69,70,71,72,73,74,75,76,77,78,79,80,81,82,83,84,85,86,87,88,89,90,91,92,93,94,95,96,97,98,99,100,101,102,103,104,105,106","unidentified (upper/body half)"
"Galka","Skeleton + Base Tex","ROM/56/59.dat","ms20","ms2","174","1572928","16","9","24","0,1,2,3,4,5,6,7,8,9,10,11,12,13,14,15,16,17,18,19,20,21,22,23","unidentified (root/lower-body half)"
"Galka","Skeleton + Base Tex","ROM/56/59.dat","ms21","ms2","175","1578752","16","9","71","36,37,38,39,40,41,42,43,44,45,46,47,48,49,50,51,52,53,54,55,56,57,58,59,60,61,62,63,64,65,66,67,68,69,70,71,72,73,74,75,76,77,78,79,80,81,82,83,84,85,86,87,88,89,90,91,92,93,94,95,96,97,98,99,100,101,102,103,104,105,106","unidentified (upper/body half)"
"Galka","Skeleton + Base Tex","ROM/56/59.dat","si00","si0","176","1597168","31","15","24","0,1,2,3,4,5,6,7,8,9,10,11,12,13,14,15,16,17,18,19,20,21,22,23","unidentified (root/lower-body half)"
"Galka","Skeleton + Base Tex","ROM/56/59.dat","si10","si1","177","1606288","17","6","24","0,1,2,3,4,5,6,7,8,9,10,11,12,13,14,15,16,17,18,19,20,21,22,23","unidentified (root/lower-body half)"
"Galka","Skeleton + Base Tex","ROM/56/59.dat","si20","si2","178","1609696","31","15","24","0,1,2,3,4,5,6,7,8,9,10,11,12,13,14,15,16,17,18,19,20,21,22,23","unidentified (root/lower-body half)"
"Galka","Skeleton + Base Tex","ROM/56/59.dat","si01","si0","179","1619184","31","15","71","36,37,38,39,40,41,42,43,44,45,46,47,48,49,50,51,52,53,54,55,56,57,58,59,60,61,62,63,64,65,66,67,68,69,70,71,72,73,74,75,76,77,78,79,80,81,82,83,84,85,86,87,88,89,90,91,92,93,94,95,96,97,98,99,100,101,102,103,104,105,106","unidentified (upper/body half)"
"Galka","Skeleton + Base Tex","ROM/56/59.dat","si11","si1","180","1655680","17","6","71","36,37,38,39,40,41,42,43,44,45,46,47,48,49,50,51,52,53,54,55,56,57,58,59,60,61,62,63,64,65,66,67,68,69,70,71,72,73,74,75,76,77,78,79,80,81,82,83,84,85,86,87,88,89,90,91,92,93,94,95,96,97,98,99,100,101,102,103,104,105,106","unidentified (upper/body half)"
"Galka","Skeleton + Base Tex","ROM/56/59.dat","si21","si2","181","1669632","31","15","71","36,37,38,39,40,41,42,43,44,45,46,47,48,49,50,51,52,53,54,55,56,57,58,59,60,61,62,63,64,65,66,67,68,69,70,71,72,73,74,75,76,77,78,79,80,81,82,83,84,85,86,87,88,89,90,91,92,93,94,95,96,97,98,99,100,101,102,103,104,105,106","unidentified (upper/body half)"
"Galka","Skeleton + Base Tex","ROM/56/59.dat","ma10","ma1","182","1706128","16","15","24","0,1,2,3,4,5,6,7,8,9,10,11,12,13,14,15,16,17,18,19,20,21,22,23","unidentified (root/lower-body half)"
"Galka","Skeleton + Base Tex","ROM/56/59.dat","ma01","ma0","183","1711504","17","15","71","36,37,38,39,40,41,42,43,44,45,46,47,48,49,50,51,52,53,54,55,56,57,58,59,60,61,62,63,64,65,66,67,68,69,70,71,72,73,74,75,76,77,78,79,80,81,82,83,84,85,86,87,88,89,90,91,92,93,94,95,96,97,98,99,100,101,102,103,104,105,106","unidentified (upper/body half)"
"Galka","Skeleton + Base Tex","ROM/56/59.dat","ma00","ma0","184","1734160","17","15","24","0,1,2,3,4,5,6,7,8,9,10,11,12,13,14,15,16,17,18,19,20,21,22,23","unidentified (root/lower-body half)"
"Galka","Skeleton + Base Tex","ROM/56/59.dat","ma11","ma1","185","1739744","16","15","71","36,37,38,39,40,41,42,43,44,45,46,47,48,49,50,51,52,53,54,55,56,57,58,59,60,61,62,63,64,65,66,67,68,69,70,71,72,73,74,75,76,77,78,79,80,81,82,83,84,85,86,87,88,89,90,91,92,93,94,95,96,97,98,99,100,101,102,103,104,105,106","unidentified (upper/body half)"
"Galka","Skeleton + Base Tex","ROM/56/59.dat","ma20","ma2","186","1761936","17","15","24","0,1,2,3,4,5,6,7,8,9,10,11,12,13,14,15,16,17,18,19,20,21,22,23","unidentified (root/lower-body half)"
"Galka","Skeleton + Base Tex","ROM/56/59.dat","ma21","ma2","187","1767520","17","15","71","36,37,38,39,40,41,42,43,44,45,46,47,48,49,50,51,52,53,54,55,56,57,58,59,60,61,62,63,64,65,66,67,68,69,70,71,72,73,74,75,76,77,78,79,80,81,82,83,84,85,86,87,88,89,90,91,92,93,94,95,96,97,98,99,100,101,102,103,104,105,106","unidentified (upper/body half)"
"Galka","Skeleton + Base Tex","ROM/56/59.dat","gh00","gh0","188","1789568","11","15","24","0,1,2,3,4,5,6,7,8,9,10,11,12,13,14,15,16,17,18,19,20,21,22,23","unidentified (root/lower-body half)"
"Galka","Skeleton + Base Tex","ROM/56/59.dat","gh01","gh0","189","1794560","11","15","71","36,37,38,39,40,41,42,43,44,45,46,47,48,49,50,51,52,53,54,55,56,57,58,59,60,61,62,63,64,65,66,67,68,69,70,71,72,73,74,75,76,77,78,79,80,81,82,83,84,85,86,87,88,89,90,91,92,93,94,95,96,97,98,99,100,101,102,103,104,105,106","unidentified (upper/body half)"
"Galka","Skeleton + Base Tex","ROM/56/59.dat","gh10","gh1","190","1814240","18","15","24","0,1,2,3,4,5,6,7,8,9,10,11,12,13,14,15,16,17,18,19,20,21,22,23","unidentified (root/lower-body half)"
"Galka","Skeleton + Base Tex","ROM/56/59.dat","gh11","gh1","191","1821120","18","15","71","36,37,38,39,40,41,42,43,44,45,46,47,48,49,50,51,52,53,54,55,56,57,58,59,60,61,62,63,64,65,66,67,68,69,70,71,72,73,74,75,76,77,78,79,80,81,82,83,84,85,86,87,88,89,90,91,92,93,94,95,96,97,98,99,100,101,102,103,104,105,106","unidentified (upper/body half)"
"Galka","Skeleton + Base Tex","ROM/56/59.dat","gh20","gh2","192","1845472","38","15","24","0,1,2,3,4,5,6,7,8,9,10,11,12,13,14,15,16,17,18,19,20,21,22,23","unidentified (root/lower-body half)"
"Galka","Skeleton + Base Tex","ROM/56/59.dat","gh21","gh2","193","1857712","38","15","71","36,37,38,39,40,41,42,43,44,45,46,47,48,49,50,51,52,53,54,55,56,57,58,59,60,61,62,63,64,65,66,67,68,69,70,71,72,73,74,75,76,77,78,79,80,81,82,83,84,85,86,87,88,89,90,91,92,93,94,95,96,97,98,99,100,101,102,103,104,105,106","unidentified (upper/body half)"
"Galka","Skeleton + Base Tex","ROM/56/59.dat","gc00","gc0","194","1911136","11","15","24","0,1,2,3,4,5,6,7,8,9,10,11,12,13,14,15,16,17,18,19,20,21,22,23","unidentified (root/lower-body half)"
"Galka","Skeleton + Base Tex","ROM/56/59.dat","gc01","gc0","195","1916128","11","15","71","36,37,38,39,40,41,42,43,44,45,46,47,48,49,50,51,52,53,54,55,56,57,58,59,60,61,62,63,64,65,66,67,68,69,70,71,72,73,74,75,76,77,78,79,80,81,82,83,84,85,86,87,88,89,90,91,92,93,94,95,96,97,98,99,100,101,102,103,104,105,106","unidentified (upper/body half)"
"Galka","Skeleton + Base Tex","ROM/56/59.dat","gc10","gc1","196","1935856","18","15","24","0,1,2,3,4,5,6,7,8,9,10,11,12,13,14,15,16,17,18,19,20,21,22,23","unidentified (root/lower-body half)"
"Galka","Skeleton + Base Tex","ROM/56/59.dat","gc11","gc1","197","1942736","18","15","71","36,37,38,39,40,41,42,43,44,45,46,47,48,49,50,51,52,53,54,55,56,57,58,59,60,61,62,63,64,65,66,67,68,69,70,71,72,73,74,75,76,77,78,79,80,81,82,83,84,85,86,87,88,89,90,91,92,93,94,95,96,97,98,99,100,101,102,103,104,105,106","unidentified (upper/body half)"
"Galka","Skeleton + Base Tex","ROM/56/59.dat","gc20","gc2","198","1967600","38","15","24","0,1,2,3,4,5,6,7,8,9,10,11,12,13,14,15,16,17,18,19,20,21,22,23","unidentified (root/lower-body half)"
"Galka","Skeleton + Base Tex","ROM/56/59.dat","gc21","gc2","199","1979840","38","15","71","36,37,38,39,40,41,42,43,44,45,46,47,48,49,50,51,52,53,54,55,56,57,58,59,60,61,62,63,64,65,66,67,68,69,70,71,72,73,74,75,76,77,78,79,80,81,82,83,84,85,86,87,88,89,90,91,92,93,94,95,96,97,98,99,100,101,102,103,104,105,106","unidentified (upper/body half)"
"Galka","Skeleton + Base Tex","ROM/56/59.dat","jmp0","jmp","200","2033408","12","15","24","0,1,2,3,4,5,6,7,8,9,10,11,12,13,14,15,16,17,18,19,20,21,22,23","unidentified (root/lower-body half)"
"Galka","Skeleton + Base Tex","ROM/56/59.dat","jmp1","jmp","201","2038576","12","15","71","36,37,38,39,40,41,42,43,44,45,46,47,48,49,50,51,52,53,54,55,56,57,58,59,60,61,62,63,64,65,66,67,68,69,70,71,72,73,74,75,76,77,78,79,80,81,82,83,84,85,86,87,88,89,90,91,92,93,94,95,96,97,98,99,100,101,102,103,104,105,106","unidentified (upper/body half)"
"Galka","Animation set 0","ROM/60/112.dat","dfm1","dfm","23","4640","2","30","71","36,37,38,39,40,41,42,43,44,45,46,47,48,49,50,51,52,53,54,55,56,57,58,59,60,61,62,63,64,65,66,67,68,69,70,71,72,73,74,75,76,77,78,79,80,81,82,83,84,85,86,87,88,89,90,91,92,93,94,95,96,97,98,99,100,101,102,103,104,105,106","unidentified (upper/body half)"
"Galka","Animation set 0","ROM/60/112.dat","dbm1","dbm","24","11216","2","30","71","36,37,38,39,40,41,42,43,44,45,46,47,48,49,50,51,52,53,54,55,56,57,58,59,60,61,62,63,64,65,66,67,68,69,70,71,72,73,74,75,76,77,78,79,80,81,82,83,84,85,86,87,88,89,90,91,92,93,94,95,96,97,98,99,100,101,102,103,104,105,106","unidentified (upper/body half)"
"Galka","Animation set 0","ROM/60/112.dat","ded1","ded","25","18080","31","15","71","36,37,38,39,40,41,42,43,44,45,46,47,48,49,50,51,52,53,54,55,56,57,58,59,60,61,62,63,64,65,66,67,68,69,70,71,72,73,74,75,76,77,78,79,80,81,82,83,84,85,86,87,88,89,90,91,92,93,94,95,96,97,98,99,100,101,102,103,104,105,106","unidentified (upper/body half)"
"Galka","Animation set 0","ROM/60/112.dat","cor1","cor","26","52352","2","30","71","36,37,38,39,40,41,42,43,44,45,46,47,48,49,50,51,52,53,54,55,56,57,58,59,60,61,62,63,64,65,66,67,68,69,70,71,72,73,74,75,76,77,78,79,80,81,82,83,84,85,86,87,88,89,90,91,92,93,94,95,96,97,98,99,100,101,102,103,104,105,106","unidentified (upper/body half)"
"Galka","Animation set 0","ROM/60/112.dat","at01","at0","27","58624","48","30","71","36,37,38,39,40,41,42,43,44,45,46,47,48,49,50,51,52,53,54,55,56,57,58,59,60,61,62,63,64,65,66,67,68,69,70,71,72,73,74,75,76,77,78,79,80,81,82,83,84,85,86,87,88,89,90,91,92,93,94,95,96,97,98,99,100,101,102,103,104,105,106","unidentified (upper/body half)"
"Galka","Animation set 0","ROM/60/112.dat","aml1","aml","28","93616","46","30","71","36,37,38,39,40,41,42,43,44,45,46,47,48,49,50,51,52,53,54,55,56,57,58,59,60,61,62,63,64,65,66,67,68,69,70,71,72,73,74,75,76,77,78,79,80,81,82,83,84,85,86,87,88,89,90,91,92,93,94,95,96,97,98,99,100,101,102,103,104,105,106","unidentified (upper/body half)"
"Galka","Animation set 0","ROM/60/112.dat","amr1","amr","29","130160","46","30","71","36,37,38,39,40,41,42,43,44,45,46,47,48,49,50,51,52,53,54,55,56,57,58,59,60,61,62,63,64,65,66,67,68,69,70,71,72,73,74,75,76,77,78,79,80,81,82,83,84,85,86,87,88,89,90,91,92,93,94,95,96,97,98,99,100,101,102,103,104,105,106","unidentified (upper/body half)"
"Galka","Animation set 0","ROM/60/112.dat","at00","at0","30","167440","48","30","24","0,1,2,3,4,5,6,7,8,9,10,11,12,13,14,15,16,17,18,19,20,21,22,23","unidentified (root/lower-body half)"
"Galka","Animation set 0","ROM/60/112.dat","amf1","amf","31","183696","49","30","71","36,37,38,39,40,41,42,43,44,45,46,47,48,49,50,51,52,53,54,55,56,57,58,59,60,61,62,63,64,65,66,67,68,69,70,71,72,73,74,75,76,77,78,79,80,81,82,83,84,85,86,87,88,89,90,91,92,93,94,95,96,97,98,99,100,101,102,103,104,105,106","unidentified (upper/body half)"
"Galka","Animation set 0","ROM/60/112.dat","btl1","btl","32","222224","16","10.5","71","36,37,38,39,40,41,42,43,44,45,46,47,48,49,50,51,52,53,54,55,56,57,58,59,60,61,62,63,64,65,66,67,68,69,70,71,72,73,74,75,76,77,78,79,80,81,82,83,84,85,86,87,88,89,90,91,92,93,94,95,96,97,98,99,100,101,102,103,104,105,106","battle stance (upper/body half)"
"Galka","Animation set 0","ROM/60/112.dat","btl0","btl","33","235840","16","10.5","24","0,1,2,3,4,5,6,7,8,9,10,11,12,13,14,15,16,17,18,19,20,21,22,23","battle stance (root/lower-body half)"
"Galka","Animation set 0","ROM/60/112.dat","gdm1","gdm","34","242304","2","30","71","36,37,38,39,40,41,42,43,44,45,46,47,48,49,50,51,52,53,54,55,56,57,58,59,60,61,62,63,64,65,66,67,68,69,70,71,72,73,74,75,76,77,78,79,80,81,82,83,84,85,86,87,88,89,90,91,92,93,94,95,96,97,98,99,100,101,102,103,104,105,106","unidentified (upper/body half)"
"Galka","Animation set 0","ROM/60/112.dat","mvb1","mvb","35","248992","23","15","71","36,37,38,39,40,41,42,43,44,45,46,47,48,49,50,51,52,53,54,55,56,57,58,59,60,61,62,63,64,65,66,67,68,69,70,71,72,73,74,75,76,77,78,79,80,81,82,83,84,85,86,87,88,89,90,91,92,93,94,95,96,97,98,99,100,101,102,103,104,105,106","move backward (upper/body half)"
"Galka","Animation set 0","ROM/60/112.dat","mvl1","mvl","36","269808","15","15","71","36,37,38,39,40,41,42,43,44,45,46,47,48,49,50,51,52,53,54,55,56,57,58,59,60,61,62,63,64,65,66,67,68,69,70,71,72,73,74,75,76,77,78,79,80,81,82,83,84,85,86,87,88,89,90,91,92,93,94,95,96,97,98,99,100,101,102,103,104,105,106","strafe/turn left (upper/body half)"
"Galka","Animation set 0","ROM/60/112.dat","mvr1","mvr","37","285520","15","15","71","36,37,38,39,40,41,42,43,44,45,46,47,48,49,50,51,52,53,54,55,56,57,58,59,60,61,62,63,64,65,66,67,68,69,70,71,72,73,74,75,76,77,78,79,80,81,82,83,84,85,86,87,88,89,90,91,92,93,94,95,96,97,98,99,100,101,102,103,104,105,106","strafe/turn right (upper/body half)"
"Galka","Animation set 0","ROM/60/112.dat","run1","run","38","301184","15","15","71","36,37,38,39,40,41,42,43,44,45,46,47,48,49,50,51,52,53,54,55,56,57,58,59,60,61,62,63,64,65,66,67,68,69,70,71,72,73,74,75,76,77,78,79,80,81,82,83,84,85,86,87,88,89,90,91,92,93,94,95,96,97,98,99,100,101,102,103,104,105,106","run (upper/body half)"
"Galka","Animation set 0","ROM/60/112.dat","wlk1","wlk","39","316896","25","15","71","36,37,38,39,40,41,42,43,44,45,46,47,48,49,50,51,52,53,54,55,56,57,58,59,60,61,62,63,64,65,66,67,68,69,70,71,72,73,74,75,76,77,78,79,80,81,82,83,84,85,86,87,88,89,90,91,92,93,94,95,96,97,98,99,100,101,102,103,104,105,106","walk (upper/body half)"
"Galka","Animation set 0","ROM/60/112.dat","ina0","ina","40","339088","19","15","24","0,1,2,3,4,5,6,7,8,9,10,11,12,13,14,15,16,17,18,19,20,21,22,23","unidentified (root/lower-body half)"
"Galka","Animation set 0","ROM/60/112.dat","ota0","ota","41","346688","19","15","24","0,1,2,3,4,5,6,7,8,9,10,11,12,13,14,15,16,17,18,19,20,21,22,23","unidentified (root/lower-body half)"
"Galka","Animation set 0","ROM/60/112.dat","ota1","ota","42","354432","19","15","71","36,37,38,39,40,41,42,43,44,45,46,47,48,49,50,51,52,53,54,55,56,57,58,59,60,61,62,63,64,65,66,67,68,69,70,71,72,73,74,75,76,77,78,79,80,81,82,83,84,85,86,87,88,89,90,91,92,93,94,95,96,97,98,99,100,101,102,103,104,105,106","unidentified (upper/body half)"
"Galka","Animation set 0","ROM/60/112.dat","at10","at1","43","374416","47","30","24","0,1,2,3,4,5,6,7,8,9,10,11,12,13,14,15,16,17,18,19,20,21,22,23","unidentified (root/lower-body half)"
"Galka","Animation set 0","ROM/60/112.dat","at11","at1","44","390752","47","30","71","36,37,38,39,40,41,42,43,44,45,46,47,48,49,50,51,52,53,54,55,56,57,58,59,60,61,62,63,64,65,66,67,68,69,70,71,72,73,74,75,76,77,78,79,80,81,82,83,84,85,86,87,88,89,90,91,92,93,94,95,96,97,98,99,100,101,102,103,104,105,106","unidentified (upper/body half)"
"Galka","Animation set 0","ROM/60/112.dat","ina1","ina","45","425136","19","15","71","36,37,38,39,40,41,42,43,44,45,46,47,48,49,50,51,52,53,54,55,56,57,58,59,60,61,62,63,64,65,66,67,68,69,70,71,72,73,74,75,76,77,78,79,80,81,82,83,84,85,86,87,88,89,90,91,92,93,94,95,96,97,98,99,100,101,102,103,104,105,106","unidentified (upper/body half)"
"Galka","Animation set 0","ROM/60/112.dat","at21","at2","46","445120","44","30","71","36,37,38,39,40,41,42,43,44,45,46,47,48,49,50,51,52,53,54,55,56,57,58,59,60,61,62,63,64,65,66,67,68,69,70,71,72,73,74,75,76,77,78,79,80,81,82,83,84,85,86,87,88,89,90,91,92,93,94,95,96,97,98,99,100,101,102,103,104,105,106","unidentified (upper/body half)"
"Galka","Animation set 0","ROM/60/112.dat","at20","at2","47","476992","44","30","24","0,1,2,3,4,5,6,7,8,9,10,11,12,13,14,15,16,17,18,19,20,21,22,23","unidentified (root/lower-body half)"
"Galka","Animation set 0","ROM/60/112.dat","pym1","pym","48","492064","2","30","71","36,37,38,39,40,41,42,43,44,45,46,47,48,49,50,51,52,53,54,55,56,57,58,59,60,61,62,63,64,65,66,67,68,69,70,71,72,73,74,75,76,77,78,79,80,81,82,83,84,85,86,87,88,89,90,91,92,93,94,95,96,97,98,99,100,101,102,103,104,105,106","unidentified (upper/body half)"
"Galka","Animation set 0","ROM/60/112.dat","bf11","bf1","49","498064","10","15","71","36,37,38,39,40,41,42,43,44,45,46,47,48,49,50,51,52,53,54,55,56,57,58,59,60,61,62,63,64,65,66,67,68,69,70,71,72,73,74,75,76,77,78,79,80,81,82,83,84,85,86,87,88,89,90,91,92,93,94,95,96,97,98,99,100,101,102,103,104,105,106","unidentified (upper/body half)"
"Galka","Animation set 0","ROM/60/112.dat","bb11","bb1","50","513424","10","15","71","36,37,38,39,40,41,42,43,44,45,46,47,48,49,50,51,52,53,54,55,56,57,58,59,60,61,62,63,64,65,66,67,68,69,70,71,72,73,74,75,76,77,78,79,80,81,82,83,84,85,86,87,88,89,90,91,92,93,94,95,96,97,98,99,100,101,102,103,104,105,106","unidentified (upper/body half)"
"Galka","Animation set 0","ROM/60/112.dat","bf01","bf0","51","528576","2","30","71","36,37,38,39,40,41,42,43,44,45,46,47,48,49,50,51,52,53,54,55,56,57,58,59,60,61,62,63,64,65,66,67,68,69,70,71,72,73,74,75,76,77,78,79,80,81,82,83,84,85,86,87,88,89,90,91,92,93,94,95,96,97,98,99,100,101,102,103,104,105,106","unidentified (upper/body half)"
"Galka","Animation set 0","ROM/60/112.dat","bb01","bb0","52","535056","2","30","71","36,37,38,39,40,41,42,43,44,45,46,47,48,49,50,51,52,53,54,55,56,57,58,59,60,61,62,63,64,65,66,67,68,69,70,71,72,73,74,75,76,77,78,79,80,81,82,83,84,85,86,87,88,89,90,91,92,93,94,95,96,97,98,99,100,101,102,103,104,105,106","unidentified (upper/body half)"
"Galka","Animation set 0","ROM/60/112.dat","in01","in0","53","541904","19","15","71","36,37,38,39,40,41,42,43,44,45,46,47,48,49,50,51,52,53,54,55,56,57,58,59,60,61,62,63,64,65,66,67,68,69,70,71,72,73,74,75,76,77,78,79,80,81,82,83,84,85,86,87,88,89,90,91,92,93,94,95,96,97,98,99,100,101,102,103,104,105,106","unidentified (upper/body half)"
"Galka","Animation set 0","ROM/60/112.dat","in00","in0","54","560976","19","15","24","0,1,2,3,4,5,6,7,8,9,10,11,12,13,14,15,16,17,18,19,20,21,22,23","unidentified (root/lower-body half)"
"Galka","Animation set 0","ROM/60/112.dat","ot00","ot0","55","568416","19","15","24","0,1,2,3,4,5,6,7,8,9,10,11,12,13,14,15,16,17,18,19,20,21,22,23","unidentified (root/lower-body half)"
"Galka","Animation set 0","ROM/60/112.dat","ot01","ot0","56","575856","19","15","71","36,37,38,39,40,41,42,43,44,45,46,47,48,49,50,51,52,53,54,55,56,57,58,59,60,61,62,63,64,65,66,67,68,69,70,71,72,73,74,75,76,77,78,79,80,81,82,83,84,85,86,87,88,89,90,91,92,93,94,95,96,97,98,99,100,101,102,103,104,105,106","unidentified (upper/body half)"
"Galka","Animation set 0","ROM/60/112.dat","at31","at3","57","594928","28","30","71","36,37,38,39,40,41,42,43,44,45,46,47,48,49,50,51,52,53,54,55,56,57,58,59,60,61,62,63,64,65,66,67,68,69,70,71,72,73,74,75,76,77,78,79,80,81,82,83,84,85,86,87,88,89,90,91,92,93,94,95,96,97,98,99,100,101,102,103,104,105,106","unidentified (upper/body half)"
"Galka","Animation set 0","ROM/60/112.dat","at30","at3","58","617392","28","30","24","0,1,2,3,4,5,6,7,8,9,10,11,12,13,14,15,16,17,18,19,20,21,22,23","unidentified (root/lower-body half)"
"Galka","Animation set 0","ROM/60/112.dat","at40","at4","59","627280","54","30","24","0,1,2,3,4,5,6,7,8,9,10,11,12,13,14,15,16,17,18,19,20,21,22,23","unidentified (root/lower-body half)"
"Galka","Animation set 0","ROM/60/112.dat","at41","at4","60","645968","54","30","71","36,37,38,39,40,41,42,43,44,45,46,47,48,49,50,51,52,53,54,55,56,57,58,59,60,61,62,63,64,65,66,67,68,69,70,71,72,73,74,75,76,77,78,79,80,81,82,83,84,85,86,87,88,89,90,91,92,93,94,95,96,97,98,99,100,101,102,103,104,105,106","unidentified (upper/body half)"
"Galka","Animation set 0","ROM/60/112.dat","wa50","wa5","61","682640","41","30","24","0,1,2,3,4,5,6,7,8,9,10,11,12,13,14,15,16,17,18,19,20,21,22,23","unidentified (root/lower-body half)"
"Galka","Animation set 0","ROM/60/112.dat","wa41","wa4","62","696832","46","30","71","36,37,38,39,40,41,42,43,44,45,46,47,48,49,50,51,52,53,54,55,56,57,58,59,60,61,62,63,64,65,66,67,68,69,70,71,72,73,74,75,76,77,78,79,80,81,82,83,84,85,86,87,88,89,90,91,92,93,94,95,96,97,98,99,100,101,102,103,104,105,106","unidentified (upper/body half)"
"Galka","Animation set 0","ROM/60/112.dat","wa40","wa4","63","729872","46","30","24","0,1,2,3,4,5,6,7,8,9,10,11,12,13,14,15,16,17,18,19,20,21,22,23","unidentified (root/lower-body half)"
"Galka","Animation set 0","ROM/60/112.dat","wa51","wa5","64","745904","41","30","71","36,37,38,39,40,41,42,43,44,45,46,47,48,49,50,51,52,53,54,55,56,57,58,59,60,61,62,63,64,65,66,67,68,69,70,71,72,73,74,75,76,77,78,79,80,81,82,83,84,85,86,87,88,89,90,91,92,93,94,95,96,97,98,99,100,101,102,103,104,105,106","unidentified (upper/body half)"
"Galka","Animation set 1","ROM/61/8.dat","bow1","bow","9","1312","39","15","71","36,37,38,39,40,41,42,43,44,45,46,47,48,49,50,51,52,53,54,55,56,57,58,59,60,61,62,63,64,65,66,67,68,69,70,71,72,73,74,75,76,77,78,79,80,81,82,83,84,85,86,87,88,89,90,91,92,93,94,95,96,97,98,99,100,101,102,103,104,105,106","unidentified (upper/body half)"
"Galka","Animation set 1","ROM/61/8.dat","bow0","bow","10","41936","39","15","24","0,1,2,3,4,5,6,7,8,9,10,11,12,13,14,15,16,17,18,19,20,21,22,23","unidentified (root/lower-body half)"
"Galka","Animation set 1","ROM/61/8.dat","poi1","poi","11","52720","31","15","71","36,37,38,39,40,41,42,43,44,45,46,47,48,49,50,51,52,53,54,55,56,57,58,59,60,61,62,63,64,65,66,67,68,69,70,71,72,73,74,75,76,77,78,79,80,81,82,83,84,85,86,87,88,89,90,91,92,93,94,95,96,97,98,99,100,101,102,103,104,105,106","unidentified (upper/body half)"
"Galka","Animation set 1","ROM/61/8.dat","poi0","poi","12","86000","31","15","24","0,1,2,3,4,5,6,7,8,9,10,11,12,13,14,15,16,17,18,19,20,21,22,23","unidentified (root/lower-body half)"
"Galka","Animation set 1","ROM/61/8.dat","sl20","sl2","13","95616","41","15","24","0,1,2,3,4,5,6,7,8,9,10,11,12,13,14,15,16,17,18,19,20,21,22,23","unidentified (root/lower-body half)"
"Galka","Animation set 1","ROM/61/8.dat","sl10","sl1","14","107664","43","15","24","0,1,2,3,4,5,6,7,8,9,10,11,12,13,14,15,16,17,18,19,20,21,22,23","unidentified (root/lower-body half)"
"Galka","Animation set 1","ROM/61/8.dat","sl30","sl3","15","120720","47","15","24","0,1,2,3,4,5,6,7,8,9,10,11,12,13,14,15,16,17,18,19,20,21,22,23","unidentified (root/lower-body half)"
"Galka","Animation set 1","ROM/61/8.dat","lau1","lau","16","134048","46","15","71","36,37,38,39,40,41,42,43,44,45,46,47,48,49,50,51,52,53,54,55,56,57,58,59,60,61,62,63,64,65,66,67,68,69,70,71,72,73,74,75,76,77,78,79,80,81,82,83,84,85,86,87,88,89,90,91,92,93,94,95,96,97,98,99,100,101,102,103,104,105,106","unidentified (upper/body half)"
"Galka","Animation set 1","ROM/61/8.dat","lau0","lau","17","179424","46","15","24","0,1,2,3,4,5,6,7,8,9,10,11,12,13,14,15,16,17,18,19,20,21,22,23","unidentified (root/lower-body half)"
"Galka","Animation set 1","ROM/61/8.dat","wee1","wee","18","192512","49","15","71","36,37,38,39,40,41,42,43,44,45,46,47,48,49,50,51,52,53,54,55,56,57,58,59,60,61,62,63,64,65,66,67,68,69,70,71,72,73,74,75,76,77,78,79,80,81,82,83,84,85,86,87,88,89,90,91,92,93,94,95,96,97,98,99,100,101,102,103,104,105,106","unidentified (upper/body half)"
"Galka","Animation set 1","ROM/61/8.dat","wee0","wee","19","247120","49","15","24","0,1,2,3,4,5,6,7,8,9,10,11,12,13,14,15,16,17,18,19,20,21,22,23","unidentified (root/lower-body half)"
"Galka","Animation set 1","ROM/61/8.dat","sl21","sl2","20","260544","41","15","71","36,37,38,39,40,41,42,43,44,45,46,47,48,49,50,51,52,53,54,55,56,57,58,59,60,61,62,63,64,65,66,67,68,69,70,71,72,73,74,75,76,77,78,79,80,81,82,83,84,85,86,87,88,89,90,91,92,93,94,95,96,97,98,99,100,101,102,103,104,105,106","unidentified (upper/body half)"
"Galka","Animation set 1","ROM/61/8.dat","sl11","sl1","21","303280","43","15","71","36,37,38,39,40,41,42,43,44,45,46,47,48,49,50,51,52,53,54,55,56,57,58,59,60,61,62,63,64,65,66,67,68,69,70,71,72,73,74,75,76,77,78,79,80,81,82,83,84,85,86,87,88,89,90,91,92,93,94,95,96,97,98,99,100,101,102,103,104,105,106","unidentified (upper/body half)"
"Galka","Animation set 1","ROM/61/8.dat","sl31","sl3","22","350736","47","15","71","36,37,38,39,40,41,42,43,44,45,46,47,48,49,50,51,52,53,54,55,56,57,58,59,60,61,62,63,64,65,66,67,68,69,70,71,72,73,74,75,76,77,78,79,80,81,82,83,84,85,86,87,88,89,90,91,92,93,94,95,96,97,98,99,100,101,102,103,104,105,106","unidentified (upper/body half)"
"Galka","Animation set 1","ROM/61/8.dat","kne1","kne","23","402976","66","15","71","36,37,38,39,40,41,42,43,44,45,46,47,48,49,50,51,52,53,54,55,56,57,58,59,60,61,62,63,64,65,66,67,68,69,70,71,72,73,74,75,76,77,78,79,80,81,82,83,84,85,86,87,88,89,90,91,92,93,94,95,96,97,98,99,100,101,102,103,104,105,106","unidentified (upper/body half)"
"Galka","Animation set 1","ROM/61/8.dat","kne0","kne","24","473392","66","15","24","0,1,2,3,4,5,6,7,8,9,10,11,12,13,14,15,16,17,18,19,20,21,22,23","unidentified (root/lower-body half)"
"Hume Female","Skeleton + Base Tex","ROM/32/58.dat","cor0","cor","72","21472","2","30","16","0,1,2,3,6,7,8,9,10,11,12,13,14,15,16,17","unidentified (root/lower-body half)"
"Hume Female","Skeleton + Base Tex","ROM/32/58.dat","ded0","ded","73","22848","41","15","16","0,1,2,3,6,7,8,9,10,11,12,13,14,15,16,17","unidentified (root/lower-body half)"
"Hume Female","Skeleton + Base Tex","ROM/32/58.dat","idl0","idl","74","30288","13","6","16","0,1,2,3,6,7,8,9,10,11,12,13,14,15,16,17","idle (root/lower-body half)"
"Hume Female","Skeleton + Base Tex","ROM/32/58.dat","mvb0","mvb","75","33168","15","15","16","0,1,2,3,6,7,8,9,10,11,12,13,14,15,16,17","move backward (root/lower-body half)"
"Hume Female","Skeleton + Base Tex","ROM/32/58.dat","mvl0","mvl","76","36768","11","15","16","0,1,2,3,6,7,8,9,10,11,12,13,14,15,16,17","strafe/turn left (root/lower-body half)"
"Hume Female","Skeleton + Base Tex","ROM/32/58.dat","mvr0","mvr","77","39776","11","15","16","0,1,2,3,6,7,8,9,10,11,12,13,14,15,16,17","strafe/turn right (root/lower-body half)"
"Hume Female","Skeleton + Base Tex","ROM/32/58.dat","run0","run","78","42784","11","15","16","0,1,2,3,6,7,8,9,10,11,12,13,14,15,16,17","run (root/lower-body half)"
"Hume Female","Skeleton + Base Tex","ROM/32/58.dat","rx00","rx0","79","45792","14","15","16","0,1,2,3,6,7,8,9,10,11,12,13,14,15,16,17","unidentified (root/lower-body half)"
"Hume Female","Skeleton + Base Tex","ROM/32/58.dat","rx10","rx1","80","49136","9","6","16","0,1,2,3,6,7,8,9,10,11,12,13,14,15,16,17","unidentified (root/lower-body half)"
"Hume Female","Skeleton + Base Tex","ROM/32/58.dat","rx20","rx2","81","51696","15","15","16","0,1,2,3,6,7,8,9,10,11,12,13,14,15,16,17","unidentified (root/lower-body half)"
"Hume Female","Skeleton + Base Tex","ROM/32/58.dat","std0","std","82","55168","51","15","16","0,1,2,3,6,7,8,9,10,11,12,13,14,15,16,17","standard/standing cycle (root/lower-body half)"
"Hume Female","Skeleton + Base Tex","ROM/32/58.dat","wlk0","wlk","83","63280","15","15","16","0,1,2,3,6,7,8,9,10,11,12,13,14,15,16,17","walk (root/lower-body half)"
"Hume Female","Skeleton + Base Tex","ROM/32/58.dat","cm00","cm0","84","66880","16","15","16","0,1,2,3,6,7,8,9,10,11,12,13,14,15,16,17","combat/stance group 0 (root/lower-body half)"
"Hume Female","Skeleton + Base Tex","ROM/32/58.dat","cm10","cm1","85","70496","15","9","16","0,1,2,3,6,7,8,9,10,11,12,13,14,15,16,17","combat/stance group 1 (root/lower-body half)"
"Hume Female","Skeleton + Base Tex","ROM/32/58.dat","mb00","mb0","86","73616","15","30","16","0,1,2,3,6,7,8,9,10,11,12,13,14,15,16,17","unidentified (root/lower-body half)"
"Hume Female","Skeleton + Base Tex","ROM/32/58.dat","mb01","mb0","87","76736","15","30","71","26,27,28,29,30,31,32,33,34,35,36,37,38,39,40,41,42,43,44,45,46,47,48,49,50,51,52,53,54,55,56,57,58,59,60,61,62,63,64,65,66,67,68,69,70,71,72,73,74,75,76,77,78,79,80,81,82,83,84,85,86,87,88,89,90,91,92,93,94,95,96","unidentified (upper/body half)"
"Hume Female","Skeleton + Base Tex","ROM/32/58.dat","mb10","mb1","88","88080","16","15","16","0,1,2,3,6,7,8,9,10,11,12,13,14,15,16,17","unidentified (root/lower-body half)"
"Hume Female","Skeleton + Base Tex","ROM/32/58.dat","mb11","mb1","89","91824","16","15","71","26,27,28,29,30,31,32,33,34,35,36,37,38,39,40,41,42,43,44,45,46,47,48,49,50,51,52,53,54,55,56,57,58,59,60,61,62,63,64,65,66,67,68,69,70,71,72,73,74,75,76,77,78,79,80,81,82,83,84,85,86,87,88,89,90,91,92,93,94,95,96","unidentified (upper/body half)"
"Hume Female","Skeleton + Base Tex","ROM/32/58.dat","mb20","mb2","90","112992","17","15","16","0,1,2,3,6,7,8,9,10,11,12,13,14,15,16,17","unidentified (root/lower-body half)"
"Hume Female","Skeleton + Base Tex","ROM/32/58.dat","mb21","mb2","91","116272","17","15","71","26,27,28,29,30,31,32,33,34,35,36,37,38,39,40,41,42,43,44,45,46,47,48,49,50,51,52,53,54,55,56,57,58,59,60,61,62,63,64,65,66,67,68,69,70,71,72,73,74,75,76,77,78,79,80,81,82,83,84,85,86,87,88,89,90,91,92,93,94,95,96","unidentified (upper/body half)"
"Hume Female","Skeleton + Base Tex","ROM/32/58.dat","mw00","mw0","92","127776","13","15","16","0,1,2,3,6,7,8,9,10,11,12,13,14,15,16,17","unidentified (root/lower-body half)"
"Hume Female","Skeleton + Base Tex","ROM/32/58.dat","mw01","mw0","93","130864","13","15","71","26,27,28,29,30,31,32,33,34,35,36,37,38,39,40,41,42,43,44,45,46,47,48,49,50,51,52,53,54,55,56,57,58,59,60,61,62,63,64,65,66,67,68,69,70,71,72,73,74,75,76,77,78,79,80,81,82,83,84,85,86,87,88,89,90,91,92,93,94,95,96","unidentified (upper/body half)"
"Hume Female","Skeleton + Base Tex","ROM/32/58.dat","mw10","mw1","94","141648","16","15","16","0,1,2,3,6,7,8,9,10,11,12,13,14,15,16,17","unidentified (root/lower-body half)"
"Hume Female","Skeleton + Base Tex","ROM/32/58.dat","mw11","mw1","95","145392","16","15","71","26,27,28,29,30,31,32,33,34,35,36,37,38,39,40,41,42,43,44,45,46,47,48,49,50,51,52,53,54,55,56,57,58,59,60,61,62,63,64,65,66,67,68,69,70,71,72,73,74,75,76,77,78,79,80,81,82,83,84,85,86,87,88,89,90,91,92,93,94,95,96","unidentified (upper/body half)"
"Hume Female","Skeleton + Base Tex","ROM/32/58.dat","mw20","mw2","96","165536","17","15","16","0,1,2,3,6,7,8,9,10,11,12,13,14,15,16,17","unidentified (root/lower-body half)"
"Hume Female","Skeleton + Base Tex","ROM/32/58.dat","mw21","mw2","97","168880","17","15","71","26,27,28,29,30,31,32,33,34,35,36,37,38,39,40,41,42,43,44,45,46,47,48,49,50,51,52,53,54,55,56,57,58,59,60,61,62,63,64,65,66,67,68,69,70,71,72,73,74,75,76,77,78,79,80,81,82,83,84,85,86,87,88,89,90,91,92,93,94,95,96","unidentified (upper/body half)"
"Hume Female","Skeleton + Base Tex","ROM/32/58.dat","mi00","mi0","98","180928","8","15","16","0,1,2,3,6,7,8,9,10,11,12,13,14,15,16,17","unidentified (root/lower-body half)"
"Hume Female","Skeleton + Base Tex","ROM/32/58.dat","mi01","mi0","99","183424","8","15","71","26,27,28,29,30,31,32,33,34,35,36,37,38,39,40,41,42,43,44,45,46,47,48,49,50,51,52,53,54,55,56,57,58,59,60,61,62,63,64,65,66,67,68,69,70,71,72,73,74,75,76,77,78,79,80,81,82,83,84,85,86,87,88,89,90,91,92,93,94,95,96","unidentified (upper/body half)"
"Hume Female","Skeleton + Base Tex","ROM/32/58.dat","mi10","mi1","100","196688","15","9","16","0,1,2,3,6,7,8,9,10,11,12,13,14,15,16,17","unidentified (root/lower-body half)"
"Hume Female","Skeleton + Base Tex","ROM/32/58.dat","mi11","mi1","101","199808","15","9","71","26,27,28,29,30,31,32,33,34,35,36,37,38,39,40,41,42,43,44,45,46,47,48,49,50,51,52,53,54,55,56,57,58,59,60,61,62,63,64,65,66,67,68,69,70,71,72,73,74,75,76,77,78,79,80,81,82,83,84,85,86,87,88,89,90,91,92,93,94,95,96","unidentified (upper/body half)"
"Hume Female","Skeleton + Base Tex","ROM/32/58.dat","mi20","mi2","102","210368","11","15","16","0,1,2,3,6,7,8,9,10,11,12,13,14,15,16,17","unidentified (root/lower-body half)"
"Hume Female","Skeleton + Base Tex","ROM/32/58.dat","mi21","mi2","103","213376","11","15","71","26,27,28,29,30,31,32,33,34,35,36,37,38,39,40,41,42,43,44,45,46,47,48,49,50,51,52,53,54,55,56,57,58,59,60,61,62,63,64,65,66,67,68,69,70,71,72,73,74,75,76,77,78,79,80,81,82,83,84,85,86,87,88,89,90,91,92,93,94,95,96","unidentified (upper/body half)"
"Hume Female","Skeleton + Base Tex","ROM/32/58.dat","mi30","mi3","104","229456","15","9","16","0,1,2,3,6,7,8,9,10,11,12,13,14,15,16,17","unidentified (root/lower-body half)"
"Hume Female","Skeleton + Base Tex","ROM/32/58.dat","mi31","mi3","105","232576","15","9","71","26,27,28,29,30,31,32,33,34,35,36,37,38,39,40,41,42,43,44,45,46,47,48,49,50,51,52,53,54,55,56,57,58,59,60,61,62,63,64,65,66,67,68,69,70,71,72,73,74,75,76,77,78,79,80,81,82,83,84,85,86,87,88,89,90,91,92,93,94,95,96","unidentified (upper/body half)"
"Hume Female","Skeleton + Base Tex","ROM/32/58.dat","mou4","mou","106","242656","31","15","1","32","unidentified"
"Hume Female","Skeleton + Base Tex","ROM/32/58.dat","eye3","eye","107","243024","11","30","2","33,34","unidentified"
"Hume Female","Skeleton + Base Tex","ROM/32/58.dat","bb10","bb1","108","243840","10","15","16","0,1,2,3,6,7,8,9,10,11,12,13,14,15,16,17","unidentified (root/lower-body half)"
"Hume Female","Skeleton + Base Tex","ROM/32/58.dat","bb00","bb0","109","246704","2","30","16","0,1,2,3,6,7,8,9,10,11,12,13,14,15,16,17","unidentified (root/lower-body half)"
"Hume Female","Skeleton + Base Tex","ROM/32/58.dat","bf00","bf0","110","248080","2","30","16","0,1,2,3,6,7,8,9,10,11,12,13,14,15,16,17","unidentified (root/lower-body half)"
"Hume Female","Skeleton + Base Tex","ROM/32/58.dat","bf10","bf1","111","249456","10","15","16","0,1,2,3,6,7,8,9,10,11,12,13,14,15,16,17","unidentified (root/lower-body half)"
"Hume Female","Skeleton + Base Tex","ROM/32/58.dat","bb01","bb0","112","252400","2","30","71","26,27,28,29,30,31,32,33,34,35,36,37,38,39,40,41,42,43,44,45,46,47,48,49,50,51,52,53,54,55,56,57,58,59,60,61,62,63,64,65,66,67,68,69,70,71,72,73,74,75,76,77,78,79,80,81,82,83,84,85,86,87,88,89,90,91,92,93,94,95,96","unidentified (upper/body half)"
"Hume Female","Skeleton + Base Tex","ROM/32/58.dat","bb11","bb1","113","258432","10","15","71","26,27,28,29,30,31,32,33,34,35,36,37,38,39,40,41,42,43,44,45,46,47,48,49,50,51,52,53,54,55,56,57,58,59,60,61,62,63,64,65,66,67,68,69,70,71,72,73,74,75,76,77,78,79,80,81,82,83,84,85,86,87,88,89,90,91,92,93,94,95,96","unidentified (upper/body half)"
"Hume Female","Skeleton + Base Tex","ROM/32/58.dat","bf01","bf0","114","273984","2","30","71","26,27,28,29,30,31,32,33,34,35,36,37,38,39,40,41,42,43,44,45,46,47,48,49,50,51,52,53,54,55,56,57,58,59,60,61,62,63,64,65,66,67,68,69,70,71,72,73,74,75,76,77,78,79,80,81,82,83,84,85,86,87,88,89,90,91,92,93,94,95,96","unidentified (upper/body half)"
"Hume Female","Skeleton + Base Tex","ROM/32/58.dat","bf11","bf1","115","279984","10","15","71","26,27,28,29,30,31,32,33,34,35,36,37,38,39,40,41,42,43,44,45,46,47,48,49,50,51,52,53,54,55,56,57,58,59,60,61,62,63,64,65,66,67,68,69,70,71,72,73,74,75,76,77,78,79,80,81,82,83,84,85,86,87,88,89,90,91,92,93,94,95,96","unidentified (upper/body half)"
"Hume Female","Skeleton + Base Tex","ROM/32/58.dat","na00","na0","116","295344","14","15","16","0,1,2,3,6,7,8,9,10,11,12,13,14,15,16,17","unidentified (root/lower-body half)"
"Hume Female","Skeleton + Base Tex","ROM/32/58.dat","ri00","ri0","117","298688","9","6","16","0,1,2,3,6,7,8,9,10,11,12,13,14,15,16,17","unidentified (root/lower-body half)"
"Hume Female","Skeleton + Base Tex","ROM/32/58.dat","dbm1","dbm","118","301248","2","30","71","26,27,28,29,30,31,32,33,34,35,36,37,38,39,40,41,42,43,44,45,46,47,48,49,50,51,52,53,54,55,56,57,58,59,60,61,62,63,64,65,66,67,68,69,70,71,72,73,74,75,76,77,78,79,80,81,82,83,84,85,86,87,88,89,90,91,92,93,94,95,96","unidentified (upper/body half)"
"Hume Female","Skeleton + Base Tex","ROM/32/58.dat","cor1","cor","119","307344","2","30","71","26,27,28,29,30,31,32,33,34,35,36,37,38,39,40,41,42,43,44,45,46,47,48,49,50,51,52,53,54,55,56,57,58,59,60,61,62,63,64,65,66,67,68,69,70,71,72,73,74,75,76,77,78,79,80,81,82,83,84,85,86,87,88,89,90,91,92,93,94,95,96","unidentified (upper/body half)"
"Hume Female","Skeleton + Base Tex","ROM/32/58.dat","ded1","ded","120","313424","41","15","71","26,27,28,29,30,31,32,33,34,35,36,37,38,39,40,41,42,43,44,45,46,47,48,49,50,51,52,53,54,55,56,57,58,59,60,61,62,63,64,65,66,67,68,69,70,71,72,73,74,75,76,77,78,79,80,81,82,83,84,85,86,87,88,89,90,91,92,93,94,95,96","unidentified (upper/body half)"
"Hume Female","Skeleton + Base Tex","ROM/32/58.dat","dfm1","dfm","121","365184","2","30","71","26,27,28,29,30,31,32,33,34,35,36,37,38,39,40,41,42,43,44,45,46,47,48,49,50,51,52,53,54,55,56,57,58,59,60,61,62,63,64,65,66,67,68,69,70,71,72,73,74,75,76,77,78,79,80,81,82,83,84,85,86,87,88,89,90,91,92,93,94,95,96","unidentified (upper/body half)"
"Hume Female","Skeleton + Base Tex","ROM/32/58.dat","ri01","ri0","122","371184","9","6","71","26,27,28,29,30,31,32,33,34,35,36,37,38,39,40,41,42,43,44,45,46,47,48,49,50,51,52,53,54,55,56,57,58,59,60,61,62,63,64,65,66,67,68,69,70,71,72,73,74,75,76,77,78,79,80,81,82,83,84,85,86,87,88,89,90,91,92,93,94,95,96","unidentified (upper/body half)"
"Hume Female","Skeleton + Base Tex","ROM/32/58.dat","rx01","rx0","123","384736","14","15","71","26,27,28,29,30,31,32,33,34,35,36,37,38,39,40,41,42,43,44,45,46,47,48,49,50,51,52,53,54,55,56,57,58,59,60,61,62,63,64,65,66,67,68,69,70,71,72,73,74,75,76,77,78,79,80,81,82,83,84,85,86,87,88,89,90,91,92,93,94,95,96","unidentified (upper/body half)"
"Hume Female","Skeleton + Base Tex","ROM/32/58.dat","rx11","rx1","124","406016","9","6","71","26,27,28,29,30,31,32,33,34,35,36,37,38,39,40,41,42,43,44,45,46,47,48,49,50,51,52,53,54,55,56,57,58,59,60,61,62,63,64,65,66,67,68,69,70,71,72,73,74,75,76,77,78,79,80,81,82,83,84,85,86,87,88,89,90,91,92,93,94,95,96","unidentified (upper/body half)"
"Hume Female","Skeleton + Base Tex","ROM/32/58.dat","rx21","rx2","125","418240","15","15","71","26,27,28,29,30,31,32,33,34,35,36,37,38,39,40,41,42,43,44,45,46,47,48,49,50,51,52,53,54,55,56,57,58,59,60,61,62,63,64,65,66,67,68,69,70,71,72,73,74,75,76,77,78,79,80,81,82,83,84,85,86,87,88,89,90,91,92,93,94,95,96","unidentified (upper/body half)"
"Hume Female","Skeleton + Base Tex","ROM/32/58.dat","std1","std","126","440560","50","15","71","26,27,28,29,30,31,32,33,34,35,36,37,38,39,40,41,42,43,44,45,46,47,48,49,50,51,52,53,54,55,56,57,58,59,60,61,62,63,64,65,66,67,68,69,70,71,72,73,74,75,76,77,78,79,80,81,82,83,84,85,86,87,88,89,90,91,92,93,94,95,96","standard/standing cycle (upper/body half)"
"Hume Female","Skeleton + Base Tex","ROM/32/58.dat","yu20","yu2","127","499152","46","30","16","0,1,2,3,6,7,8,9,10,11,12,13,14,15,16,17","unidentified (root/lower-body half)"
"Hume Female","Skeleton + Base Tex","ROM/32/58.dat","gu01","gu0","128","506608","16","15","71","26,27,28,29,30,31,32,33,34,35,36,37,38,39,40,41,42,43,44,45,46,47,48,49,50,51,52,53,54,55,56,57,58,59,60,61,62,63,64,65,66,67,68,69,70,71,72,73,74,75,76,77,78,79,80,81,82,83,84,85,86,87,88,89,90,91,92,93,94,95,96","unidentified (upper/body half)"
"Hume Female","Skeleton + Base Tex","ROM/32/58.dat","gu10","gu1","129","528800","16","9","16","0,1,2,3,6,7,8,9,10,11,12,13,14,15,16,17","unidentified (root/lower-body half)"
"Hume Female","Skeleton + Base Tex","ROM/32/58.dat","gu11","gu1","130","532032","16","9","71","26,27,28,29,30,31,32,33,34,35,36,37,38,39,40,41,42,43,44,45,46,47,48,49,50,51,52,53,54,55,56,57,58,59,60,61,62,63,64,65,66,67,68,69,70,71,72,73,74,75,76,77,78,79,80,81,82,83,84,85,86,87,88,89,90,91,92,93,94,95,96","unidentified (upper/body half)"
"Hume Female","Skeleton + Base Tex","ROM/32/58.dat","gu20","gu2","131","543088","46","30","16","0,1,2,3,6,7,8,9,10,11,12,13,14,15,16,17","unidentified (root/lower-body half)"
"Hume Female","Skeleton + Base Tex","ROM/32/58.dat","gu21","gu2","132","550544","46","30","71","26,27,28,29,30,31,32,33,34,35,36,37,38,39,40,41,42,43,44,45,46,47,48,49,50,51,52,53,54,55,56,57,58,59,60,61,62,63,64,65,66,67,68,69,70,71,72,73,74,75,76,77,78,79,80,81,82,83,84,85,86,87,88,89,90,91,92,93,94,95,96","unidentified (upper/body half)"
"Hume Female","Skeleton + Base Tex","ROM/32/58.dat","yu00","yu0","133","604016","31","15","16","0,1,2,3,6,7,8,9,10,11,12,13,14,15,16,17","unidentified (root/lower-body half)"
"Hume Female","Skeleton + Base Tex","ROM/32/58.dat","yu01","yu0","134","609488","31","15","71","26,27,28,29,30,31,32,33,34,35,36,37,38,39,40,41,42,43,44,45,46,47,48,49,50,51,52,53,54,55,56,57,58,59,60,61,62,63,64,65,66,67,68,69,70,71,72,73,74,75,76,77,78,79,80,81,82,83,84,85,86,87,88,89,90,91,92,93,94,95,96","unidentified (upper/body half)"
"Hume Female","Skeleton + Base Tex","ROM/32/58.dat","yu10","yu1","135","647728","13","9","16","0,1,2,3,6,7,8,9,10,11,12,13,14,15,16,17","unidentified (root/lower-body half)"
"Hume Female","Skeleton + Base Tex","ROM/32/58.dat","yu11","yu1","136","650560","13","9","71","26,27,28,29,30,31,32,33,34,35,36,37,38,39,40,41,42,43,44,45,46,47,48,49,50,51,52,53,54,55,56,57,58,59,60,61,62,63,64,65,66,67,68,69,70,71,72,73,74,75,76,77,78,79,80,81,82,83,84,85,86,87,88,89,90,91,92,93,94,95,96","unidentified (upper/body half)"
"Hume Female","Skeleton + Base Tex","ROM/32/58.dat","gu00","gu0","137","660928","16","15","16","0,1,2,3,6,7,8,9,10,11,12,13,14,15,16,17","unidentified (root/lower-body half)"
"Hume Female","Skeleton + Base Tex","ROM/32/58.dat","yu21","yu2","138","664416","46","30","71","26,27,28,29,30,31,32,33,34,35,36,37,38,39,40,41,42,43,44,45,46,47,48,49,50,51,52,53,54,55,56,57,58,59,60,61,62,63,64,65,66,67,68,69,70,71,72,73,74,75,76,77,78,79,80,81,82,83,84,85,86,87,88,89,90,91,92,93,94,95,96","unidentified (upper/body half)"
"Hume Female","Skeleton + Base Tex","ROM/32/58.dat","sk21","sk2","139","718432","26","15","71","26,27,28,29,30,31,32,33,34,35,36,37,38,39,40,41,42,43,44,45,46,47,48,49,50,51,52,53,54,55,56,57,58,59,60,61,62,63,64,65,66,67,68,69,70,71,72,73,74,75,76,77,78,79,80,81,82,83,84,85,86,87,88,89,90,91,92,93,94,95,96","unidentified (upper/body half)"
"Hume Female","Skeleton + Base Tex","ROM/32/58.dat","cm01","cm0","140","748976","16","15","71","26,27,28,29,30,31,32,33,34,35,36,37,38,39,40,41,42,43,44,45,46,47,48,49,50,51,52,53,54,55,56,57,58,59,60,61,62,63,64,65,66,67,68,69,70,71,72,73,74,75,76,77,78,79,80,81,82,83,84,85,86,87,88,89,90,91,92,93,94,95,96","combat/stance group 0 (upper/body half)"
"Hume Female","Skeleton + Base Tex","ROM/32/58.dat","cm11","cm1","141","768992","15","9","71","26,27,28,29,30,31,32,33,34,35,36,37,38,39,40,41,42,43,44,45,46,47,48,49,50,51,52,53,54,55,56,57,58,59,60,61,62,63,64,65,66,67,68,69,70,71,72,73,74,75,76,77,78,79,80,81,82,83,84,85,86,87,88,89,90,91,92,93,94,95,96","combat/stance group 1 (upper/body half)"
"Hume Female","Skeleton + Base Tex","ROM/32/58.dat","sf00","sf0","142","780032","16","15","16","0,1,2,3,6,7,8,9,10,11,12,13,14,15,16,17","unidentified (root/lower-body half)"
"Hume Female","Skeleton + Base Tex","ROM/32/58.dat","sf01","sf0","143","783648","16","15","71","26,27,28,29,30,31,32,33,34,35,36,37,38,39,40,41,42,43,44,45,46,47,48,49,50,51,52,53,54,55,56,57,58,59,60,61,62,63,64,65,66,67,68,69,70,71,72,73,74,75,76,77,78,79,80,81,82,83,84,85,86,87,88,89,90,91,92,93,94,95,96","unidentified (upper/body half)"
"Hume Female","Skeleton + Base Tex","ROM/32/58.dat","sf10","sf1","144","805712","21","15","16","0,1,2,3,6,7,8,9,10,11,12,13,14,15,16,17","unidentified (root/lower-body half)"
"Hume Female","Skeleton + Base Tex","ROM/32/58.dat","sf11","sf1","145","810032","21","15","71","26,27,28,29,30,31,32,33,34,35,36,37,38,39,40,41,42,43,44,45,46,47,48,49,50,51,52,53,54,55,56,57,58,59,60,61,62,63,64,65,66,67,68,69,70,71,72,73,74,75,76,77,78,79,80,81,82,83,84,85,86,87,88,89,90,91,92,93,94,95,96","unidentified (upper/body half)"
"Hume Female","Skeleton + Base Tex","ROM/32/58.dat","sf20","sf2","146","832832","26","15","16","0,1,2,3,6,7,8,9,10,11,12,13,14,15,16,17","unidentified (root/lower-body half)"
"Hume Female","Skeleton + Base Tex","ROM/32/58.dat","sf21","sf2","147","837856","26","15","71","26,27,28,29,30,31,32,33,34,35,36,37,38,39,40,41,42,43,44,45,46,47,48,49,50,51,52,53,54,55,56,57,58,59,60,61,62,63,64,65,66,67,68,69,70,71,72,73,74,75,76,77,78,79,80,81,82,83,84,85,86,87,88,89,90,91,92,93,94,95,96","unidentified (upper/body half)"
"Hume Female","Skeleton + Base Tex","ROM/32/58.dat","sh00","sh0","148","869952","16","15","16","0,1,2,3,6,7,8,9,10,11,12,13,14,15,16,17","unidentified (root/lower-body half)"
"Hume Female","Skeleton + Base Tex","ROM/32/58.dat","sh01","sh0","149","873568","16","15","71","26,27,28,29,30,31,32,33,34,35,36,37,38,39,40,41,42,43,44,45,46,47,48,49,50,51,52,53,54,55,56,57,58,59,60,61,62,63,64,65,66,67,68,69,70,71,72,73,74,75,76,77,78,79,80,81,82,83,84,85,86,87,88,89,90,91,92,93,94,95,96","unidentified (upper/body half)"
"Hume Female","Skeleton + Base Tex","ROM/32/58.dat","sh10","sh1","150","895568","21","10.5","16","0,1,2,3,6,7,8,9,10,11,12,13,14,15,16,17","unidentified (root/lower-body half)"
"Hume Female","Skeleton + Base Tex","ROM/32/58.dat","sh11","sh1","151","899712","21","10.5","71","26,27,28,29,30,31,32,33,34,35,36,37,38,39,40,41,42,43,44,45,46,47,48,49,50,51,52,53,54,55,56,57,58,59,60,61,62,63,64,65,66,67,68,69,70,71,72,73,74,75,76,77,78,79,80,81,82,83,84,85,86,87,88,89,90,91,92,93,94,95,96","unidentified (upper/body half)"
"Hume Female","Skeleton + Base Tex","ROM/32/58.dat","sh20","sh2","152","922512","26","15","16","0,1,2,3,6,7,8,9,10,11,12,13,14,15,16,17","unidentified (root/lower-body half)"
"Hume Female","Skeleton + Base Tex","ROM/32/58.dat","sh21","sh2","153","927328","26","15","71","26,27,28,29,30,31,32,33,34,35,36,37,38,39,40,41,42,43,44,45,46,47,48,49,50,51,52,53,54,55,56,57,58,59,60,61,62,63,64,65,66,67,68,69,70,71,72,73,74,75,76,77,78,79,80,81,82,83,84,85,86,87,88,89,90,91,92,93,94,95,96","unidentified (upper/body half)"
"Hume Female","Skeleton + Base Tex","ROM/32/58.dat","sk10","sk1","154","959840","16","10.5","16","0,1,2,3,6,7,8,9,10,11,12,13,14,15,16,17","unidentified (root/lower-body half)"
"Hume Female","Skeleton + Base Tex","ROM/32/58.dat","sk11","sk1","155","963328","16","10.5","71","26,27,28,29,30,31,32,33,34,35,36,37,38,39,40,41,42,43,44,45,46,47,48,49,50,51,52,53,54,55,56,57,58,59,60,61,62,63,64,65,66,67,68,69,70,71,72,73,74,75,76,77,78,79,80,81,82,83,84,85,86,87,88,89,90,91,92,93,94,95,96","unidentified (upper/body half)"
"Hume Female","Skeleton + Base Tex","ROM/32/58.dat","sk20","sk2","156","983024","26","15","16","0,1,2,3,6,7,8,9,10,11,12,13,14,15,16,17","unidentified (root/lower-body half)"
"Hume Female","Skeleton + Base Tex","ROM/32/58.dat","na30","na3","157","987840","31","30","16","0,1,2,3,6,7,8,9,10,11,12,13,14,15,16,17","unidentified (root/lower-body half)"
"Hume Female","Skeleton + Base Tex","ROM/32/58.dat","na31","na3","158","993552","31","30","71","26,27,28,29,30,31,32,33,34,35,36,37,38,39,40,41,42,43,44,45,46,47,48,49,50,51,52,53,54,55,56,57,58,59,60,61,62,63,64,65,66,67,68,69,70,71,72,73,74,75,76,77,78,79,80,81,82,83,84,85,86,87,88,89,90,91,92,93,94,95,96","unidentified (upper/body half)"
"Hume Female","Skeleton + Base Tex","ROM/32/58.dat","na10","na1","159","1028816","16","15","16","0,1,2,3,6,7,8,9,10,11,12,13,14,15,16,17","unidentified (root/lower-body half)"
"Hume Female","Skeleton + Base Tex","ROM/32/58.dat","na20","na2","160","1031984","81","30","16","0,1,2,3,6,7,8,9,10,11,12,13,14,15,16,17","unidentified (root/lower-body half)"
"Hume Female","Skeleton + Base Tex","ROM/32/58.dat","na01","na0","161","1044704","14","15","71","26,27,28,29,30,31,32,33,34,35,36,37,38,39,40,41,42,43,44,45,46,47,48,49,50,51,52,53,54,55,56,57,58,59,60,61,62,63,64,65,66,67,68,69,70,71,72,73,74,75,76,77,78,79,80,81,82,83,84,85,86,87,88,89,90,91,92,93,94,95,96","unidentified (upper/body half)"
"Hume Female","Skeleton + Base Tex","ROM/32/58.dat","na11","na1","162","1063696","16","15","71","26,27,28,29,30,31,32,33,34,35,36,37,38,39,40,41,42,43,44,45,46,47,48,49,50,51,52,53,54,55,56,57,58,59,60,61,62,63,64,65,66,67,68,69,70,71,72,73,74,75,76,77,78,79,80,81,82,83,84,85,86,87,88,89,90,91,92,93,94,95,96","unidentified (upper/body half)"
"Hume Female","Skeleton + Base Tex","ROM/32/58.dat","na21","na2","163","1076096","81","30","71","26,27,28,29,30,31,32,33,34,35,36,37,38,39,40,41,42,43,44,45,46,47,48,49,50,51,52,53,54,55,56,57,58,59,60,61,62,63,64,65,66,67,68,69,70,71,72,73,74,75,76,77,78,79,80,81,82,83,84,85,86,87,88,89,90,91,92,93,94,95,96","unidentified (upper/body half)"
"Hume Female","Skeleton + Base Tex","ROM/32/58.dat","mn21","mn2","164","1160832","16","9","71","26,27,28,29,30,31,32,33,34,35,36,37,38,39,40,41,42,43,44,45,46,47,48,49,50,51,52,53,54,55,56,57,58,59,60,61,62,63,64,65,66,67,68,69,70,71,72,73,74,75,76,77,78,79,80,81,82,83,84,85,86,87,88,89,90,91,92,93,94,95,96","unidentified (upper/body half)"
"Hume Female","Skeleton + Base Tex","ROM/32/58.dat","mn01","mn0","165","1173040","16","9","71","26,27,28,29,30,31,32,33,34,35,36,37,38,39,40,41,42,43,44,45,46,47,48,49,50,51,52,53,54,55,56,57,58,59,60,61,62,63,64,65,66,67,68,69,70,71,72,73,74,75,76,77,78,79,80,81,82,83,84,85,86,87,88,89,90,91,92,93,94,95,96","unidentified (upper/body half)"
"Hume Female","Skeleton + Base Tex","ROM/32/58.dat","mn10","mn1","166","1183200","16","15","16","0,1,2,3,6,7,8,9,10,11,12,13,14,15,16,17","unidentified (root/lower-body half)"
"Hume Female","Skeleton + Base Tex","ROM/32/58.dat","mn11","mn1","167","1187136","16","15","71","26,27,28,29,30,31,32,33,34,35,36,37,38,39,40,41,42,43,44,45,46,47,48,49,50,51,52,53,54,55,56,57,58,59,60,61,62,63,64,65,66,67,68,69,70,71,72,73,74,75,76,77,78,79,80,81,82,83,84,85,86,87,88,89,90,91,92,93,94,95,96","unidentified (upper/body half)"
"Hume Female","Skeleton + Base Tex","ROM/32/58.dat","mn20","mn2","168","1207344","16","9","16","0,1,2,3,6,7,8,9,10,11,12,13,14,15,16,17","unidentified (root/lower-body half)"
"Hume Female","Skeleton + Base Tex","ROM/32/58.dat","mn00","mn0","169","1211024","16","9","16","0,1,2,3,6,7,8,9,10,11,12,13,14,15,16,17","unidentified (root/lower-body half)"
"Hume Female","Skeleton + Base Tex","ROM/32/58.dat","ms00","ms0","170","1214192","16","9","16","0,1,2,3,6,7,8,9,10,11,12,13,14,15,16,17","unidentified (root/lower-body half)"
"Hume Female","Skeleton + Base Tex","ROM/32/58.dat","ms01","ms0","171","1217360","16","9","71","26,27,28,29,30,31,32,33,34,35,36,37,38,39,40,41,42,43,44,45,46,47,48,49,50,51,52,53,54,55,56,57,58,59,60,61,62,63,64,65,66,67,68,69,70,71,72,73,74,75,76,77,78,79,80,81,82,83,84,85,86,87,88,89,90,91,92,93,94,95,96","unidentified (upper/body half)"
"Hume Female","Skeleton + Base Tex","ROM/32/58.dat","ms10","ms1","172","1227392","13","12","16","0,1,2,3,6,7,8,9,10,11,12,13,14,15,16,17","unidentified (root/lower-body half)"
"Hume Female","Skeleton + Base Tex","ROM/32/58.dat","ms11","ms1","173","1230480","13","12","71","26,27,28,29,30,31,32,33,34,35,36,37,38,39,40,41,42,43,44,45,46,47,48,49,50,51,52,53,54,55,56,57,58,59,60,61,62,63,64,65,66,67,68,69,70,71,72,73,74,75,76,77,78,79,80,81,82,83,84,85,86,87,88,89,90,91,92,93,94,95,96","unidentified (upper/body half)"
"Hume Female","Skeleton + Base Tex","ROM/32/58.dat","ms20","ms2","174","1249008","16","9","16","0,1,2,3,6,7,8,9,10,11,12,13,14,15,16,17","unidentified (root/lower-body half)"
"Hume Female","Skeleton + Base Tex","ROM/32/58.dat","ms21","ms2","175","1252240","16","9","71","26,27,28,29,30,31,32,33,34,35,36,37,38,39,40,41,42,43,44,45,46,47,48,49,50,51,52,53,54,55,56,57,58,59,60,61,62,63,64,65,66,67,68,69,70,71,72,73,74,75,76,77,78,79,80,81,82,83,84,85,86,87,88,89,90,91,92,93,94,95,96","unidentified (upper/body half)"
"Hume Female","Skeleton + Base Tex","ROM/32/58.dat","si11","si1","176","1262592","17","6","71","26,27,28,29,30,31,32,33,34,35,36,37,38,39,40,41,42,43,44,45,46,47,48,49,50,51,52,53,54,55,56,57,58,59,60,61,62,63,64,65,66,67,68,69,70,71,72,73,74,75,76,77,78,79,80,81,82,83,84,85,86,87,88,89,90,91,92,93,94,95,96","unidentified (upper/body half)"
"Hume Female","Skeleton + Base Tex","ROM/32/58.dat","si01","si0","177","1276064","31","15","71","26,27,28,29,30,31,32,33,34,35,36,37,38,39,40,41,42,43,44,45,46,47,48,49,50,51,52,53,54,55,56,57,58,59,60,61,62,63,64,65,66,67,68,69,70,71,72,73,74,75,76,77,78,79,80,81,82,83,84,85,86,87,88,89,90,91,92,93,94,95,96","unidentified (upper/body half)"
"Hume Female","Skeleton + Base Tex","ROM/32/58.dat","si21","si2","178","1311952","31","15","71","26,27,28,29,30,31,32,33,34,35,36,37,38,39,40,41,42,43,44,45,46,47,48,49,50,51,52,53,54,55,56,57,58,59,60,61,62,63,64,65,66,67,68,69,70,71,72,73,74,75,76,77,78,79,80,81,82,83,84,85,86,87,88,89,90,91,92,93,94,95,96","unidentified (upper/body half)"
"Hume Female","Skeleton + Base Tex","ROM/32/58.dat","si10","si1","179","1347840","17","6","16","0,1,2,3,6,7,8,9,10,11,12,13,14,15,16,17","unidentified (root/lower-body half)"
"Hume Female","Skeleton + Base Tex","ROM/32/58.dat","si00","si0","180","1351056","31","15","16","0,1,2,3,6,7,8,9,10,11,12,13,14,15,16,17","unidentified (root/lower-body half)"
"Hume Female","Skeleton + Base Tex","ROM/32/58.dat","si20","si2","181","1356768","31","15","16","0,1,2,3,6,7,8,9,10,11,12,13,14,15,16,17","unidentified (root/lower-body half)"
"Hume Female","Skeleton + Base Tex","ROM/32/58.dat","ma10","ma1","182","1362480","16","15","16","0,1,2,3,6,7,8,9,10,11,12,13,14,15,16,17","unidentified (root/lower-body half)"
"Hume Female","Skeleton + Base Tex","ROM/32/58.dat","ma01","ma0","183","1366224","17","12","71","26,27,28,29,30,31,32,33,34,35,36,37,38,39,40,41,42,43,44,45,46,47,48,49,50,51,52,53,54,55,56,57,58,59,60,61,62,63,64,65,66,67,68,69,70,71,72,73,74,75,76,77,78,79,80,81,82,83,84,85,86,87,88,89,90,91,92,93,94,95,96","unidentified (upper/body half)"
"Hume Female","Skeleton + Base Tex","ROM/32/58.dat","ma00","ma0","184","1384528","17","12","16","0,1,2,3,6,7,8,9,10,11,12,13,14,15,16,17","unidentified (root/lower-body half)"
"Hume Female","Skeleton + Base Tex","ROM/32/58.dat","ma11","ma1","185","1388144","16","15","71","26,27,28,29,30,31,32,33,34,35,36,37,38,39,40,41,42,43,44,45,46,47,48,49,50,51,52,53,54,55,56,57,58,59,60,61,62,63,64,65,66,67,68,69,70,71,72,73,74,75,76,77,78,79,80,81,82,83,84,85,86,87,88,89,90,91,92,93,94,95,96","unidentified (upper/body half)"
"Hume Female","Skeleton + Base Tex","ROM/32/58.dat","ma20","ma2","186","1410144","19","15","16","0,1,2,3,6,7,8,9,10,11,12,13,14,15,16,17","unidentified (root/lower-body half)"
"Hume Female","Skeleton + Base Tex","ROM/32/58.dat","ma21","ma2","187","1414032","19","15","71","26,27,28,29,30,31,32,33,34,35,36,37,38,39,40,41,42,43,44,45,46,47,48,49,50,51,52,53,54,55,56,57,58,59,60,61,62,63,64,65,66,67,68,69,70,71,72,73,74,75,76,77,78,79,80,81,82,83,84,85,86,87,88,89,90,91,92,93,94,95,96","unidentified (upper/body half)"
"Hume Female","Skeleton + Base Tex","ROM/32/58.dat","gc20","gc2","188","1434320","38","15","16","0,1,2,3,6,7,8,9,10,11,12,13,14,15,16,17","unidentified (root/lower-body half)"
"Hume Female","Skeleton + Base Tex","ROM/32/58.dat","gc21","gc2","189","1441936","38","15","71","26,27,28,29,30,31,32,33,34,35,36,37,38,39,40,41,42,43,44,45,46,47,48,49,50,51,52,53,54,55,56,57,58,59,60,61,62,63,64,65,66,67,68,69,70,71,72,73,74,75,76,77,78,79,80,81,82,83,84,85,86,87,88,89,90,91,92,93,94,95,96","unidentified (upper/body half)"
"Hume Female","Skeleton + Base Tex","ROM/32/58.dat","gh00","gh0","190","1494288","11","15","16","0,1,2,3,6,7,8,9,10,11,12,13,14,15,16,17","unidentified (root/lower-body half)"
"Hume Female","Skeleton + Base Tex","ROM/32/58.dat","gh01","gh0","191","1497472","11","15","71","26,27,28,29,30,31,32,33,34,35,36,37,38,39,40,41,42,43,44,45,46,47,48,49,50,51,52,53,54,55,56,57,58,59,60,61,62,63,64,65,66,67,68,69,70,71,72,73,74,75,76,77,78,79,80,81,82,83,84,85,86,87,88,89,90,91,92,93,94,95,96","unidentified (upper/body half)"
"Hume Female","Skeleton + Base Tex","ROM/32/58.dat","gh10","gh1","192","1517376","18","15","16","0,1,2,3,6,7,8,9,10,11,12,13,14,15,16,17","unidentified (root/lower-body half)"
"Hume Female","Skeleton + Base Tex","ROM/32/58.dat","gh11","gh1","193","1521712","18","15","71","26,27,28,29,30,31,32,33,34,35,36,37,38,39,40,41,42,43,44,45,46,47,48,49,50,51,52,53,54,55,56,57,58,59,60,61,62,63,64,65,66,67,68,69,70,71,72,73,74,75,76,77,78,79,80,81,82,83,84,85,86,87,88,89,90,91,92,93,94,95,96","unidentified (upper/body half)"
"Hume Female","Skeleton + Base Tex","ROM/32/58.dat","gh20","gh2","194","1545136","38","15","16","0,1,2,3,6,7,8,9,10,11,12,13,14,15,16,17","unidentified (root/lower-body half)"
"Hume Female","Skeleton + Base Tex","ROM/32/58.dat","gh21","gh2","195","1552752","38","15","71","26,27,28,29,30,31,32,33,34,35,36,37,38,39,40,41,42,43,44,45,46,47,48,49,50,51,52,53,54,55,56,57,58,59,60,61,62,63,64,65,66,67,68,69,70,71,72,73,74,75,76,77,78,79,80,81,82,83,84,85,86,87,88,89,90,91,92,93,94,95,96","unidentified (upper/body half)"
"Hume Female","Skeleton + Base Tex","ROM/32/58.dat","gc00","gc0","196","1606784","11","15","16","0,1,2,3,6,7,8,9,10,11,12,13,14,15,16,17","unidentified (root/lower-body half)"
"Hume Female","Skeleton + Base Tex","ROM/32/58.dat","gc01","gc0","197","1609968","11","15","71","26,27,28,29,30,31,32,33,34,35,36,37,38,39,40,41,42,43,44,45,46,47,48,49,50,51,52,53,54,55,56,57,58,59,60,61,62,63,64,65,66,67,68,69,70,71,72,73,74,75,76,77,78,79,80,81,82,83,84,85,86,87,88,89,90,91,92,93,94,95,96","unidentified (upper/body half)"
"Hume Female","Skeleton + Base Tex","ROM/32/58.dat","gc10","gc1","198","1629296","18","15","16","0,1,2,3,6,7,8,9,10,11,12,13,14,15,16,17","unidentified (root/lower-body half)"
"Hume Female","Skeleton + Base Tex","ROM/32/58.dat","gc11","gc1","199","1633632","18","15","71","26,27,28,29,30,31,32,33,34,35,36,37,38,39,40,41,42,43,44,45,46,47,48,49,50,51,52,53,54,55,56,57,58,59,60,61,62,63,64,65,66,67,68,69,70,71,72,73,74,75,76,77,78,79,80,81,82,83,84,85,86,87,88,89,90,91,92,93,94,95,96","unidentified (upper/body half)"
"Hume Female","Skeleton + Base Tex","ROM/32/58.dat","jmp0","jmp","200","1657120","12","15","16","0,1,2,3,6,7,8,9,10,11,12,13,14,15,16,17","unidentified (root/lower-body half)"
"Hume Female","Skeleton + Base Tex","ROM/32/58.dat","jmp1","jmp","201","1660224","12","15","71","26,27,28,29,30,31,32,33,34,35,36,37,38,39,40,41,42,43,44,45,46,47,48,49,50,51,52,53,54,55,56,57,58,59,60,61,62,63,64,65,66,67,68,69,70,71,72,73,74,75,76,77,78,79,80,81,82,83,84,85,86,87,88,89,90,91,92,93,94,95,96","unidentified (upper/body half)"
"Hume Female","Animation set 0","ROM/36/117.dat","ded1","ded","17","3328","41","15","71","26,27,28,29,30,31,32,33,34,35,36,37,38,39,40,41,42,43,44,45,46,47,48,49,50,51,52,53,54,55,56,57,58,59,60,61,62,63,64,65,66,67,68,69,70,71,72,73,74,75,76,77,78,79,80,81,82,83,84,85,86,87,88,89,90,91,92,93,94,95,96","unidentified (upper/body half)"
"Hume Female","Animation set 0","ROM/36/117.dat","dbm1","dbm","18","55408","2","30","71","26,27,28,29,30,31,32,33,34,35,36,37,38,39,40,41,42,43,44,45,46,47,48,49,50,51,52,53,54,55,56,57,58,59,60,61,62,63,64,65,66,67,68,69,70,71,72,73,74,75,76,77,78,79,80,81,82,83,84,85,86,87,88,89,90,91,92,93,94,95,96","unidentified (upper/body half)"
"Hume Female","Animation set 0","ROM/36/117.dat","dfm1","dfm","19","61776","2","30","71","26,27,28,29,30,31,32,33,34,35,36,37,38,39,40,41,42,43,44,45,46,47,48,49,50,51,52,53,54,55,56,57,58,59,60,61,62,63,64,65,66,67,68,69,70,71,72,73,74,75,76,77,78,79,80,81,82,83,84,85,86,87,88,89,90,91,92,93,94,95,96","unidentified (upper/body half)"
"Hume Female","Animation set 0","ROM/36/117.dat","cor1","cor","20","68096","2","30","71","26,27,28,29,30,31,32,33,34,35,36,37,38,39,40,41,42,43,44,45,46,47,48,49,50,51,52,53,54,55,56,57,58,59,60,61,62,63,64,65,66,67,68,69,70,71,72,73,74,75,76,77,78,79,80,81,82,83,84,85,86,87,88,89,90,91,92,93,94,95,96","unidentified (upper/body half)"
"Hume Female","Animation set 0","ROM/36/117.dat","wlk1","wlk","21","74224","15","15","71","26,27,28,29,30,31,32,33,34,35,36,37,38,39,40,41,42,43,44,45,46,47,48,49,50,51,52,53,54,55,56,57,58,59,60,61,62,63,64,65,66,67,68,69,70,71,72,73,74,75,76,77,78,79,80,81,82,83,84,85,86,87,88,89,90,91,92,93,94,95,96","walk (upper/body half)"
"Hume Female","Animation set 0","ROM/36/117.dat","run1","run","22","88384","11","15","71","26,27,28,29,30,31,32,33,34,35,36,37,38,39,40,41,42,43,44,45,46,47,48,49,50,51,52,53,54,55,56,57,58,59,60,61,62,63,64,65,66,67,68,69,70,71,72,73,74,75,76,77,78,79,80,81,82,83,84,85,86,87,88,89,90,91,92,93,94,95,96","run (upper/body half)"
"Hume Female","Animation set 0","ROM/36/117.dat","mvr1","mvr","23","101472","11","15","71","26,27,28,29,30,31,32,33,34,35,36,37,38,39,40,41,42,43,44,45,46,47,48,49,50,51,52,53,54,55,56,57,58,59,60,61,62,63,64,65,66,67,68,69,70,71,72,73,74,75,76,77,78,79,80,81,82,83,84,85,86,87,88,89,90,91,92,93,94,95,96","strafe/turn right (upper/body half)"
"Hume Female","Animation set 0","ROM/36/117.dat","mvl1","mvl","24","114160","11","15","71","26,27,28,29,30,31,32,33,34,35,36,37,38,39,40,41,42,43,44,45,46,47,48,49,50,51,52,53,54,55,56,57,58,59,60,61,62,63,64,65,66,67,68,69,70,71,72,73,74,75,76,77,78,79,80,81,82,83,84,85,86,87,88,89,90,91,92,93,94,95,96","strafe/turn left (upper/body half)"
"Hume Female","Animation set 0","ROM/36/117.dat","mvb1","mvb","25","127152","15","15","71","26,27,28,29,30,31,32,33,34,35,36,37,38,39,40,41,42,43,44,45,46,47,48,49,50,51,52,53,54,55,56,57,58,59,60,61,62,63,64,65,66,67,68,69,70,71,72,73,74,75,76,77,78,79,80,81,82,83,84,85,86,87,88,89,90,91,92,93,94,95,96","move backward (upper/body half)"
"Hume Female","Animation set 0","ROM/36/117.dat","btl0","btl","26","140944","9","7.5","16","0,1,2,3,6,7,8,9,10,11,12,13,14,15,16,17","battle stance (root/lower-body half)"
"Hume Female","Animation set 0","ROM/36/117.dat","btl1","btl","27","143360","9","7.5","71","26,27,28,29,30,31,32,33,34,35,36,37,38,39,40,41,42,43,44,45,46,47,48,49,50,51,52,53,54,55,56,57,58,59,60,61,62,63,64,65,66,67,68,69,70,71,72,73,74,75,76,77,78,79,80,81,82,83,84,85,86,87,88,89,90,91,92,93,94,95,96","battle stance (upper/body half)"
"Hume Female","Animation set 0","ROM/36/117.dat","amb1","amb","28","153824","30","30","71","26,27,28,29,30,31,32,33,34,35,36,37,38,39,40,41,42,43,44,45,46,47,48,49,50,51,52,53,54,55,56,57,58,59,60,61,62,63,64,65,66,67,68,69,70,71,72,73,74,75,76,77,78,79,80,81,82,83,84,85,86,87,88,89,90,91,92,93,94,95,96","unidentified (upper/body half)"
"Hume Female","Animation set 0","ROM/36/117.dat","amf1","amf","29","179744","30","30","71","26,27,28,29,30,31,32,33,34,35,36,37,38,39,40,41,42,43,44,45,46,47,48,49,50,51,52,53,54,55,56,57,58,59,60,61,62,63,64,65,66,67,68,69,70,71,72,73,74,75,76,77,78,79,80,81,82,83,84,85,86,87,88,89,90,91,92,93,94,95,96","unidentified (upper/body half)"
"Hume Female","Animation set 0","ROM/36/117.dat","aml1","aml","30","205664","30","30","71","26,27,28,29,30,31,32,33,34,35,36,37,38,39,40,41,42,43,44,45,46,47,48,49,50,51,52,53,54,55,56,57,58,59,60,61,62,63,64,65,66,67,68,69,70,71,72,73,74,75,76,77,78,79,80,81,82,83,84,85,86,87,88,89,90,91,92,93,94,95,96","unidentified (upper/body half)"
"Hume Female","Animation set 0","ROM/36/117.dat","amr1","amr","31","233024","30","30","71","26,27,28,29,30,31,32,33,34,35,36,37,38,39,40,41,42,43,44,45,46,47,48,49,50,51,52,53,54,55,56,57,58,59,60,61,62,63,64,65,66,67,68,69,70,71,72,73,74,75,76,77,78,79,80,81,82,83,84,85,86,87,88,89,90,91,92,93,94,95,96","unidentified (upper/body half)"
"Hume Female","Animation set 0","ROM/36/117.dat","at00","at0","32","260496","50","30","16","0,1,2,3,6,7,8,9,10,11,12,13,14,15,16,17","unidentified (root/lower-body half)"
"Hume Female","Animation set 0","ROM/36/117.dat","at01","at0","33","270080","50","30","71","26,27,28,29,30,31,32,33,34,35,36,37,38,39,40,41,42,43,44,45,46,47,48,49,50,51,52,53,54,55,56,57,58,59,60,61,62,63,64,65,66,67,68,69,70,71,72,73,74,75,76,77,78,79,80,81,82,83,84,85,86,87,88,89,90,91,92,93,94,95,96","unidentified (upper/body half)"
"Hume Female","Animation set 0","ROM/36/117.dat","gdm1","gdm","34","316672","2","30","71","26,27,28,29,30,31,32,33,34,35,36,37,38,39,40,41,42,43,44,45,46,47,48,49,50,51,52,53,54,55,56,57,58,59,60,61,62,63,64,65,66,67,68,69,70,71,72,73,74,75,76,77,78,79,80,81,82,83,84,85,86,87,88,89,90,91,92,93,94,95,96","unidentified (upper/body half)"
"Hume Female","Animation set 0","ROM/36/117.dat","ina0","ina","35","323040","19","15","16","0,1,2,3,6,7,8,9,10,11,12,13,14,15,16,17","unidentified (root/lower-body half)"
"Hume Female","Animation set 0","ROM/36/117.dat","ina1","ina","36","327376","19","15","71","26,27,28,29,30,31,32,33,34,35,36,37,38,39,40,41,42,43,44,45,46,47,48,49,50,51,52,53,54,55,56,57,58,59,60,61,62,63,64,65,66,67,68,69,70,71,72,73,74,75,76,77,78,79,80,81,82,83,84,85,86,87,88,89,90,91,92,93,94,95,96","unidentified (upper/body half)"
"Hume Female","Animation set 0","ROM/36/117.dat","ota0","ota","37","354656","19","15","16","0,1,2,3,6,7,8,9,10,11,12,13,14,15,16,17","unidentified (root/lower-body half)"
"Hume Female","Animation set 0","ROM/36/117.dat","ota1","ota","38","358992","19","15","71","26,27,28,29,30,31,32,33,34,35,36,37,38,39,40,41,42,43,44,45,46,47,48,49,50,51,52,53,54,55,56,57,58,59,60,61,62,63,64,65,66,67,68,69,70,71,72,73,74,75,76,77,78,79,80,81,82,83,84,85,86,87,88,89,90,91,92,93,94,95,96","unidentified (upper/body half)"
"Hume Female","Animation set 0","ROM/36/117.dat","at11","at1","39","385440","45","30","71","26,27,28,29,30,31,32,33,34,35,36,37,38,39,40,41,42,43,44,45,46,47,48,49,50,51,52,53,54,55,56,57,58,59,60,61,62,63,64,65,66,67,68,69,70,71,72,73,74,75,76,77,78,79,80,81,82,83,84,85,86,87,88,89,90,91,92,93,94,95,96","unidentified (upper/body half)"
"Hume Female","Animation set 0","ROM/36/117.dat","at10","at1","40","428160","45","30","16","0,1,2,3,6,7,8,9,10,11,12,13,14,15,16,17","unidentified (root/lower-body half)"
"Hume Female","Animation set 0","ROM/36/117.dat","at20","at2","41","436912","48","30","16","0,1,2,3,6,7,8,9,10,11,12,13,14,15,16,17","unidentified (root/lower-body half)"
"Hume Female","Animation set 0","ROM/36/117.dat","at21","at2","42","446160","48","30","71","26,27,28,29,30,31,32,33,34,35,36,37,38,39,40,41,42,43,44,45,46,47,48,49,50,51,52,53,54,55,56,57,58,59,60,61,62,63,64,65,66,67,68,69,70,71,72,73,74,75,76,77,78,79,80,81,82,83,84,85,86,87,88,89,90,91,92,93,94,95,96","unidentified (upper/body half)"
"Hume Female","Animation set 0","ROM/36/117.dat","pym1","pym","43","493056","2","30","71","26,27,28,29,30,31,32,33,34,35,36,37,38,39,40,41,42,43,44,45,46,47,48,49,50,51,52,53,54,55,56,57,58,59,60,61,62,63,64,65,66,67,68,69,70,71,72,73,74,75,76,77,78,79,80,81,82,83,84,85,86,87,88,89,90,91,92,93,94,95,96","unidentified (upper/body half)"
"Hume Female","Animation set 0","ROM/36/117.dat","cm11","cm1","44","499248","15","9","71","26,27,28,29,30,31,32,33,34,35,36,37,38,39,40,41,42,43,44,45,46,47,48,49,50,51,52,53,54,55,56,57,58,59,60,61,62,63,64,65,66,67,68,69,70,71,72,73,74,75,76,77,78,79,80,81,82,83,84,85,86,87,88,89,90,91,92,93,94,95,96","combat/stance group 1 (upper/body half)"
"Hume Female","Animation set 0","ROM/36/117.dat","bb11","bb1","45","514608","10","15","71","26,27,28,29,30,31,32,33,34,35,36,37,38,39,40,41,42,43,44,45,46,47,48,49,50,51,52,53,54,55,56,57,58,59,60,61,62,63,64,65,66,67,68,69,70,71,72,73,74,75,76,77,78,79,80,81,82,83,84,85,86,87,88,89,90,91,92,93,94,95,96","unidentified (upper/body half)"
"Hume Female","Animation set 0","ROM/36/117.dat","bf01","bf0","46","529328","2","30","71","26,27,28,29,30,31,32,33,34,35,36,37,38,39,40,41,42,43,44,45,46,47,48,49,50,51,52,53,54,55,56,57,58,59,60,61,62,63,64,65,66,67,68,69,70,71,72,73,74,75,76,77,78,79,80,81,82,83,84,85,86,87,88,89,90,91,92,93,94,95,96","unidentified (upper/body half)"
"Hume Female","Animation set 0","ROM/36/117.dat","bf11","bf1","47","535696","10","15","71","26,27,28,29,30,31,32,33,34,35,36,37,38,39,40,41,42,43,44,45,46,47,48,49,50,51,52,53,54,55,56,57,58,59,60,61,62,63,64,65,66,67,68,69,70,71,72,73,74,75,76,77,78,79,80,81,82,83,84,85,86,87,88,89,90,91,92,93,94,95,96","unidentified (upper/body half)"
"Hume Female","Animation set 0","ROM/36/117.dat","cm01","cm0","48","550576","16","15","71","26,27,28,29,30,31,32,33,34,35,36,37,38,39,40,41,42,43,44,45,46,47,48,49,50,51,52,53,54,55,56,57,58,59,60,61,62,63,64,65,66,67,68,69,70,71,72,73,74,75,76,77,78,79,80,81,82,83,84,85,86,87,88,89,90,91,92,93,94,95,96","combat/stance group 0 (upper/body half)"
"Hume Female","Animation set 0","ROM/36/117.dat","bb01","bb0","49","570592","2","30","71","26,27,28,29,30,31,32,33,34,35,36,37,38,39,40,41,42,43,44,45,46,47,48,49,50,51,52,53,54,55,56,57,58,59,60,61,62,63,64,65,66,67,68,69,70,71,72,73,74,75,76,77,78,79,80,81,82,83,84,85,86,87,88,89,90,91,92,93,94,95,96","unidentified (upper/body half)"
"Hume Female","Animation set 1","ROM/37/13.dat","bow1","bow","9","1312","38","15","71","26,27,28,29,30,31,32,33,34,35,36,37,38,39,40,41,42,43,44,45,46,47,48,49,50,51,52,53,54,55,56,57,58,59,60,61,62,63,64,65,66,67,68,69,70,71,72,73,74,75,76,77,78,79,80,81,82,83,84,85,86,87,88,89,90,91,92,93,94,95,96","unidentified (upper/body half)"
"Hume Female","Animation set 1","ROM/37/13.dat","bow0","bow","10","45008","38","15","16","0,1,2,3,6,7,8,9,10,11,12,13,14,15,16,17","unidentified (root/lower-body half)"
"Hume Female","Animation set 1","ROM/37/13.dat","poi1","poi","11","52016","29","15","71","26,27,28,29,30,31,32,33,34,35,36,37,38,39,40,41,42,43,44,45,46,47,48,49,50,51,52,53,54,55,56,57,58,59,60,61,62,63,64,65,66,67,68,69,70,71,72,73,74,75,76,77,78,79,80,81,82,83,84,85,86,87,88,89,90,91,92,93,94,95,96","unidentified (upper/body half)"
"Hume Female","Animation set 1","ROM/37/13.dat","poi0","poi","12","87936","29","15","16","0,1,2,3,6,7,8,9,10,11,12,13,14,15,16,17","unidentified (root/lower-body half)"
"Hume Female","Animation set 1","ROM/37/13.dat","sl11","sl1","13","94064","43","15","71","26,27,28,29,30,31,32,33,34,35,36,37,38,39,40,41,42,43,44,45,46,47,48,49,50,51,52,53,54,55,56,57,58,59,60,61,62,63,64,65,66,67,68,69,70,71,72,73,74,75,76,77,78,79,80,81,82,83,84,85,86,87,88,89,90,91,92,93,94,95,96","unidentified (upper/body half)"
"Hume Female","Animation set 1","ROM/37/13.dat","sl20","sl2","14","140304","40","15","16","0,1,2,3,6,7,8,9,10,11,12,13,14,15,16,17","unidentified (root/lower-body half)"
"Hume Female","Animation set 1","ROM/37/13.dat","sl10","sl1","15","146960","43","15","16","0,1,2,3,6,7,8,9,10,11,12,13,14,15,16,17","unidentified (root/lower-body half)"
"Hume Female","Animation set 1","ROM/37/13.dat","sl30","sl3","16","154016","44","15","16","0,1,2,3,6,7,8,9,10,11,12,13,14,15,16,17","unidentified (root/lower-body half)"
"Hume Female","Animation set 1","ROM/37/13.dat","sl31","sl3","17","161200","44","15","71","26,27,28,29,30,31,32,33,34,35,36,37,38,39,40,41,42,43,44,45,46,47,48,49,50,51,52,53,54,55,56,57,58,59,60,61,62,63,64,65,66,67,68,69,70,71,72,73,74,75,76,77,78,79,80,81,82,83,84,85,86,87,88,89,90,91,92,93,94,95,96","unidentified (upper/body half)"
"Hume Female","Animation set 1","ROM/37/13.dat","lau1","lau","18","212432","45","15","71","26,27,28,29,30,31,32,33,34,35,36,37,38,39,40,41,42,43,44,45,46,47,48,49,50,51,52,53,54,55,56,57,58,59,60,61,62,63,64,65,66,67,68,69,70,71,72,73,74,75,76,77,78,79,80,81,82,83,84,85,86,87,88,89,90,91,92,93,94,95,96","unidentified (upper/body half)"
"Hume Female","Animation set 1","ROM/37/13.dat","lau0","lau","19","261264","45","15","16","0,1,2,3,6,7,8,9,10,11,12,13,14,15,16,17","unidentified (root/lower-body half)"
"Hume Female","Animation set 1","ROM/37/13.dat","wee1","wee","20","269296","48","15","71","26,27,28,29,30,31,32,33,34,35,36,37,38,39,40,41,42,43,44,45,46,47,48,49,50,51,52,53,54,55,56,57,58,59,60,61,62,63,64,65,66,67,68,69,70,71,72,73,74,75,76,77,78,79,80,81,82,83,84,85,86,87,88,89,90,91,92,93,94,95,96","unidentified (upper/body half)"
"Hume Female","Animation set 1","ROM/37/13.dat","wee0","wee","21","322336","48","15","16","0,1,2,3,6,7,8,9,10,11,12,13,14,15,16,17","unidentified (root/lower-body half)"
"Hume Female","Animation set 1","ROM/37/13.dat","sl21","sl2","22","330048","40","15","71","26,27,28,29,30,31,32,33,34,35,36,37,38,39,40,41,42,43,44,45,46,47,48,49,50,51,52,53,54,55,56,57,58,59,60,61,62,63,64,65,66,67,68,69,70,71,72,73,74,75,76,77,78,79,80,81,82,83,84,85,86,87,88,89,90,91,92,93,94,95,96","unidentified (upper/body half)"
"Hume Female","Animation set 1","ROM/37/13.dat","kne1","kne","23","374768","66","15","71","26,27,28,29,30,31,32,33,34,35,36,37,38,39,40,41,42,43,44,45,46,47,48,49,50,51,52,53,54,55,56,57,58,59,60,61,62,63,64,65,66,67,68,69,70,71,72,73,74,75,76,77,78,79,80,81,82,83,84,85,86,87,88,89,90,91,92,93,94,95,96","unidentified (upper/body half)"
"Hume Female","Animation set 1","ROM/37/13.dat","kne0","kne","24","450720","66","15","16","0,1,2,3,6,7,8,9,10,11,12,13,14,15,16,17","unidentified (root/lower-body half)"
"Hume Male","Skeleton + Base Tex","ROM/27/82.dat","cm00","cm0","71","21216","16","15","16","0,1,2,25,26,27,28,29,30,31,32,33,34,35,36,37","combat/stance group 0 (root/lower-body half)"
"Hume Male","Skeleton + Base Tex","ROM/27/82.dat","cm01","cm0","72","24704","16","15","68","3,4,5,6,7,8,9,10,11,12,13,14,15,16,17,18,19,20,21,22,23,24,48,49,50,51,52,53,54,55,56,57,58,59,60,61,62,63,64,65,66,67,68,69,70,71,72,73,74,75,76,77,78,79,80,81,82,83,84,85,86,87,88,89,90,91,92,93","combat/stance group 0 (upper/body half)"
"Hume Male","Skeleton + Base Tex","ROM/27/82.dat","cm10","cm1","73","43056","16","7.5","16","0,1,2,25,26,27,28,29,30,31,32,33,34,35,36,37","combat/stance group 1 (root/lower-body half)"
"Hume Male","Skeleton + Base Tex","ROM/27/82.dat","cm11","cm1","74","46544","16","7.5","68","3,4,5,6,7,8,9,10,11,12,13,14,15,16,17,18,19,20,21,22,23,24,48,49,50,51,52,53,54,55,56,57,58,59,60,61,62,63,64,65,66,67,68,69,70,71,72,73,74,75,76,77,78,79,80,81,82,83,84,85,86,87,88,89,90,91,92,93","combat/stance group 1 (upper/body half)"
"Hume Male","Skeleton + Base Tex","ROM/27/82.dat","mb00","mb0","75","61120","15","30","16","0,1,2,25,26,27,28,29,30,31,32,33,34,35,36,37","unidentified (root/lower-body half)"
"Hume Male","Skeleton + Base Tex","ROM/27/82.dat","mb01","mb0","76","64480","15","30","68","3,4,5,6,7,8,9,10,11,12,13,14,15,16,17,18,19,20,21,22,23,24,48,49,50,51,52,53,54,55,56,57,58,59,60,61,62,63,64,65,66,67,68,69,70,71,72,73,74,75,76,77,78,79,80,81,82,83,84,85,86,87,88,89,90,91,92,93","unidentified (upper/body half)"
"Hume Male","Skeleton + Base Tex","ROM/27/82.dat","mb10","mb1","77","81440","31","30","16","0,1,2,25,26,27,28,29,30,31,32,33,34,35,36,37","unidentified (root/lower-body half)"
"Hume Male","Skeleton + Base Tex","ROM/27/82.dat","mb11","mb1","78","87152","31","30","68","3,4,5,6,7,8,9,10,11,12,13,14,15,16,17,18,19,20,21,22,23,24,48,49,50,51,52,53,54,55,56,57,58,59,60,61,62,63,64,65,66,67,68,69,70,71,72,73,74,75,76,77,78,79,80,81,82,83,84,85,86,87,88,89,90,91,92,93","unidentified (upper/body half)"
"Hume Male","Skeleton + Base Tex","ROM/27/82.dat","mb20","mb2","79","116704","16","15","16","0,1,2,25,26,27,28,29,30,31,32,33,34,35,36,37","unidentified (root/lower-body half)"
"Hume Male","Skeleton + Base Tex","ROM/27/82.dat","mb21","mb2","80","120192","16","15","68","3,4,5,6,7,8,9,10,11,12,13,14,15,16,17,18,19,20,21,22,23,24,48,49,50,51,52,53,54,55,56,57,58,59,60,61,62,63,64,65,66,67,68,69,70,71,72,73,74,75,76,77,78,79,80,81,82,83,84,85,86,87,88,89,90,91,92,93","unidentified (upper/body half)"
"Hume Male","Skeleton + Base Tex","ROM/27/82.dat","mi00","mi0","81","136048","8","15","16","0,1,2,25,26,27,28,29,30,31,32,33,34,35,36,37","unidentified (root/lower-body half)"
"Hume Male","Skeleton + Base Tex","ROM/27/82.dat","mi01","mi0","82","138480","8","15","68","3,4,5,6,7,8,9,10,11,12,13,14,15,16,17,18,19,20,21,22,23,24,48,49,50,51,52,53,54,55,56,57,58,59,60,61,62,63,64,65,66,67,68,69,70,71,72,73,74,75,76,77,78,79,80,81,82,83,84,85,86,87,88,89,90,91,92,93","unidentified (upper/body half)"
"Hume Male","Skeleton + Base Tex","ROM/27/82.dat","mi10","mi1","83","150240","16","9","16","0,1,2,25,26,27,28,29,30,31,32,33,34,35,36,37","unidentified (root/lower-body half)"
"Hume Male","Skeleton + Base Tex","ROM/27/82.dat","mi11","mi1","84","153728","16","7.5","68","3,4,5,6,7,8,9,10,11,12,13,14,15,16,17,18,19,20,21,22,23,24,48,49,50,51,52,53,54,55,56,57,58,59,60,61,62,63,64,65,66,67,68,69,70,71,72,73,74,75,76,77,78,79,80,81,82,83,84,85,86,87,88,89,90,91,92,93","unidentified (upper/body half)"
"Hume Male","Skeleton + Base Tex","ROM/27/82.dat","mi20","mi2","85","170096","11","15","16","0,1,2,25,26,27,28,29,30,31,32,33,34,35,36,37","unidentified (root/lower-body half)"
"Hume Male","Skeleton + Base Tex","ROM/27/82.dat","mi21","mi2","86","173008","11","15","68","3,4,5,6,7,8,9,10,11,12,13,14,15,16,17,18,19,20,21,22,23,24,48,49,50,51,52,53,54,55,56,57,58,59,60,61,62,63,64,65,66,67,68,69,70,71,72,73,74,75,76,77,78,79,80,81,82,83,84,85,86,87,88,89,90,91,92,93","unidentified (upper/body half)"
"Hume Male","Skeleton + Base Tex","ROM/27/82.dat","mi30","mi3","87","187296","16","9","16","0,1,2,25,26,27,28,29,30,31,32,33,34,35,36,37","unidentified (root/lower-body half)"
"Hume Male","Skeleton + Base Tex","ROM/27/82.dat","mi31","mi3","88","190784","16","7.5","68","3,4,5,6,7,8,9,10,11,12,13,14,15,16,17,18,19,20,21,22,23,24,48,49,50,51,52,53,54,55,56,57,58,59,60,61,62,63,64,65,66,67,68,69,70,71,72,73,74,75,76,77,78,79,80,81,82,83,84,85,86,87,88,89,90,91,92,93","unidentified (upper/body half)"
"Hume Male","Skeleton + Base Tex","ROM/27/82.dat","mw00","mw0","89","206256","15","9","16","0,1,2,25,26,27,28,29,30,31,32,33,34,35,36,37","unidentified (root/lower-body half)"
"Hume Male","Skeleton + Base Tex","ROM/27/82.dat","mw01","mw0","90","209376","15","9","68","3,4,5,6,7,8,9,10,11,12,13,14,15,16,17,18,19,20,21,22,23,24,48,49,50,51,52,53,54,55,56,57,58,59,60,61,62,63,64,65,66,67,68,69,70,71,72,73,74,75,76,77,78,79,80,81,82,83,84,85,86,87,88,89,90,91,92,93","unidentified (upper/body half)"
"Hume Male","Skeleton + Base Tex","ROM/27/82.dat","mw10","mw1","91","226464","16","15","16","0,1,2,25,26,27,28,29,30,31,32,33,34,35,36,37","unidentified (root/lower-body half)"
"Hume Male","Skeleton + Base Tex","ROM/27/82.dat","mw11","mw1","92","229952","16","15","68","3,4,5,6,7,8,9,10,11,12,13,14,15,16,17,18,19,20,21,22,23,24,48,49,50,51,52,53,54,55,56,57,58,59,60,61,62,63,64,65,66,67,68,69,70,71,72,73,74,75,76,77,78,79,80,81,82,83,84,85,86,87,88,89,90,91,92,93","unidentified (upper/body half)"
"Hume Male","Skeleton + Base Tex","ROM/27/82.dat","mw20","mw2","93","248240","16","15","16","0,1,2,25,26,27,28,29,30,31,32,33,34,35,36,37","unidentified (root/lower-body half)"
"Hume Male","Skeleton + Base Tex","ROM/27/82.dat","mw21","mw2","94","251728","16","15","68","3,4,5,6,7,8,9,10,11,12,13,14,15,16,17,18,19,20,21,22,23,24,48,49,50,51,52,53,54,55,56,57,58,59,60,61,62,63,64,65,66,67,68,69,70,71,72,73,74,75,76,77,78,79,80,81,82,83,84,85,86,87,88,89,90,91,92,93","unidentified (upper/body half)"
"Hume Male","Skeleton + Base Tex","ROM/27/82.dat","wlk0","wlk","95","266240","19","15","16","0,1,2,25,26,27,28,29,30,31,32,33,34,35,36,37","walk (root/lower-body half)"
"Hume Male","Skeleton + Base Tex","ROM/27/82.dat","ded0","ded","96","270432","30","15","16","0,1,2,25,26,27,28,29,30,31,32,33,34,35,36,37","unidentified (root/lower-body half)"
"Hume Male","Skeleton + Base Tex","ROM/27/82.dat","idl0","idl","97","276256","15","7.5","16","0,1,2,25,26,27,28,29,30,31,32,33,34,35,36,37","idle (root/lower-body half)"
"Hume Male","Skeleton + Base Tex","ROM/27/82.dat","mvb0","mvb","98","279136","21","15","16","0,1,2,25,26,27,28,29,30,31,32,33,34,35,36,37","move backward (root/lower-body half)"
"Hume Male","Skeleton + Base Tex","ROM/27/82.dat","mvl0","mvl","99","283616","13","15","16","0,1,2,25,26,27,28,29,30,31,32,33,34,35,36,37","strafe/turn left (root/lower-body half)"
"Hume Male","Skeleton + Base Tex","ROM/27/82.dat","mvr0","mvr","100","286912","13","15","16","0,1,2,25,26,27,28,29,30,31,32,33,34,35,36,37","strafe/turn right (root/lower-body half)"
"Hume Male","Skeleton + Base Tex","ROM/27/82.dat","run0","run","101","290208","11","15","16","0,1,2,25,26,27,28,29,30,31,32,33,34,35,36,37","run (root/lower-body half)"
"Hume Male","Skeleton + Base Tex","ROM/27/82.dat","rx00","rx0","102","293216","14","15","16","0,1,2,25,26,27,28,29,30,31,32,33,34,35,36,37","unidentified (root/lower-body half)"
"Hume Male","Skeleton + Base Tex","ROM/27/82.dat","rx10","rx1","103","296560","15","7.5","16","0,1,2,25,26,27,28,29,30,31,32,33,34,35,36,37","unidentified (root/lower-body half)"
"Hume Male","Skeleton + Base Tex","ROM/27/82.dat","rx20","rx2","104","299744","15","15","16","0,1,2,25,26,27,28,29,30,31,32,33,34,35,36,37","unidentified (root/lower-body half)"
"Hume Male","Skeleton + Base Tex","ROM/27/82.dat","std0","std","105","303216","51","15","16","0,1,2,25,26,27,28,29,30,31,32,33,34,35,36,37","standard/standing cycle (root/lower-body half)"
"Hume Male","Skeleton + Base Tex","ROM/27/82.dat","cor0","cor","106","312144","2","30","16","0,1,2,25,26,27,28,29,30,31,32,33,34,35,36,37","unidentified (root/lower-body half)"
"Hume Male","Skeleton + Base Tex","ROM/27/82.dat","mou4","mou","107","313520","31","15","1","54","unidentified"
"Hume Male","Skeleton + Base Tex","ROM/27/82.dat","eye3","eye","108","314128","10","30","2","58,59","unidentified"
"Hume Male","Skeleton + Base Tex","ROM/27/82.dat","bb00","bb0","109","314656","2","30","16","0,1,2,25,26,27,28,29,30,31,32,33,34,35,36,37","unidentified (root/lower-body half)"
"Hume Male","Skeleton + Base Tex","ROM/27/82.dat","bb10","bb1","110","316032","10","15","16","0,1,2,25,26,27,28,29,30,31,32,33,34,35,36,37","unidentified (root/lower-body half)"
"Hume Male","Skeleton + Base Tex","ROM/27/82.dat","bf00","bf0","111","318816","2","30","16","0,1,2,25,26,27,28,29,30,31,32,33,34,35,36,37","unidentified (root/lower-body half)"
"Hume Male","Skeleton + Base Tex","ROM/27/82.dat","bf10","bf1","112","320192","10","15","16","0,1,2,25,26,27,28,29,30,31,32,33,34,35,36,37","unidentified (root/lower-body half)"
"Hume Male","Skeleton + Base Tex","ROM/27/82.dat","bb01","bb0","113","323136","2","30","68","3,4,5,6,7,8,9,10,11,12,13,14,15,16,17,18,19,20,21,22,23,24,48,49,50,51,52,53,54,55,56,57,58,59,60,61,62,63,64,65,66,67,68,69,70,71,72,73,74,75,76,77,78,79,80,81,82,83,84,85,86,87,88,89,90,91,92,93","unidentified (upper/body half)"
"Hume Male","Skeleton + Base Tex","ROM/27/82.dat","bb11","bb1","114","328880","10","15","68","3,4,5,6,7,8,9,10,11,12,13,14,15,16,17,18,19,20,21,22,23,24,48,49,50,51,52,53,54,55,56,57,58,59,60,61,62,63,64,65,66,67,68,69,70,71,72,73,74,75,76,77,78,79,80,81,82,83,84,85,86,87,88,89,90,91,92,93","unidentified (upper/body half)"
"Hume Male","Skeleton + Base Tex","ROM/27/82.dat","bf01","bf0","115","341904","2","30","68","3,4,5,6,7,8,9,10,11,12,13,14,15,16,17,18,19,20,21,22,23,24,48,49,50,51,52,53,54,55,56,57,58,59,60,61,62,63,64,65,66,67,68,69,70,71,72,73,74,75,76,77,78,79,80,81,82,83,84,85,86,87,88,89,90,91,92,93","unidentified (upper/body half)"
"Hume Male","Skeleton + Base Tex","ROM/27/82.dat","bf11","bf1","116","347648","10","15","68","3,4,5,6,7,8,9,10,11,12,13,14,15,16,17,18,19,20,21,22,23,24,48,49,50,51,52,53,54,55,56,57,58,59,60,61,62,63,64,65,66,67,68,69,70,71,72,73,74,75,76,77,78,79,80,81,82,83,84,85,86,87,88,89,90,91,92,93","unidentified (upper/body half)"
"Hume Male","Skeleton + Base Tex","ROM/27/82.dat","cor1","cor","117","362032","2","30","68","3,4,5,6,7,8,9,10,11,12,13,14,15,16,17,18,19,20,21,22,23,24,48,49,50,51,52,53,54,55,56,57,58,59,60,61,62,63,64,65,66,67,68,69,70,71,72,73,74,75,76,77,78,79,80,81,82,83,84,85,86,87,88,89,90,91,92,93","unidentified (upper/body half)"
"Hume Male","Skeleton + Base Tex","ROM/27/82.dat","dbm1","dbm","118","367776","2","30","68","3,4,5,6,7,8,9,10,11,12,13,14,15,16,17,18,19,20,21,22,23,24,48,49,50,51,52,53,54,55,56,57,58,59,60,61,62,63,64,65,66,67,68,69,70,71,72,73,74,75,76,77,78,79,80,81,82,83,84,85,86,87,88,89,90,91,92,93","unidentified (upper/body half)"
"Hume Male","Skeleton + Base Tex","ROM/27/82.dat","ded1","ded","119","373520","30","15","68","3,4,5,6,7,8,9,10,11,12,13,14,15,16,17,18,19,20,21,22,23,24,48,49,50,51,52,53,54,55,56,57,58,59,60,61,62,63,64,65,66,67,68,69,70,71,72,73,74,75,76,77,78,79,80,81,82,83,84,85,86,87,88,89,90,91,92,93","unidentified (upper/body half)"
"Hume Male","Skeleton + Base Tex","ROM/27/82.dat","dfm1","dfm","120","402432","2","30","68","3,4,5,6,7,8,9,10,11,12,13,14,15,16,17,18,19,20,21,22,23,24,48,49,50,51,52,53,54,55,56,57,58,59,60,61,62,63,64,65,66,67,68,69,70,71,72,73,74,75,76,77,78,79,80,81,82,83,84,85,86,87,88,89,90,91,92,93","unidentified (upper/body half)"
"Hume Male","Skeleton + Base Tex","ROM/27/82.dat","ri01","ri0","121","408176","15","30","68","3,4,5,6,7,8,9,10,11,12,13,14,15,16,17,18,19,20,21,22,23,24,48,49,50,51,52,53,54,55,56,57,58,59,60,61,62,63,64,65,66,67,68,69,70,71,72,73,74,75,76,77,78,79,80,81,82,83,84,85,86,87,88,89,90,91,92,93","unidentified (upper/body half)"
"Hume Male","Skeleton + Base Tex","ROM/27/82.dat","rx01","rx0","122","417824","14","15","68","3,4,5,6,7,8,9,10,11,12,13,14,15,16,17,18,19,20,21,22,23,24,48,49,50,51,52,53,54,55,56,57,58,59,60,61,62,63,64,65,66,67,68,69,70,71,72,73,74,75,76,77,78,79,80,81,82,83,84,85,86,87,88,89,90,91,92,93","unidentified (upper/body half)"
"Hume Male","Skeleton + Base Tex","ROM/27/82.dat","rx11","rx1","123","435280","15","7.5","68","3,4,5,6,7,8,9,10,11,12,13,14,15,16,17,18,19,20,21,22,23,24,48,49,50,51,52,53,54,55,56,57,58,59,60,61,62,63,64,65,66,67,68,69,70,71,72,73,74,75,76,77,78,79,80,81,82,83,84,85,86,87,88,89,90,91,92,93","unidentified (upper/body half)"
"Hume Male","Skeleton + Base Tex","ROM/27/82.dat","rx21","rx2","124","449552","14","15","68","3,4,5,6,7,8,9,10,11,12,13,14,15,16,17,18,19,20,21,22,23,24,48,49,50,51,52,53,54,55,56,57,58,59,60,61,62,63,64,65,66,67,68,69,70,71,72,73,74,75,76,77,78,79,80,81,82,83,84,85,86,87,88,89,90,91,92,93","unidentified (upper/body half)"
"Hume Male","Skeleton + Base Tex","ROM/27/82.dat","std1","std","125","466560","51","15","68","3,4,5,6,7,8,9,10,11,12,13,14,15,16,17,18,19,20,21,22,23,24,48,49,50,51,52,53,54,55,56,57,58,59,60,61,62,63,64,65,66,67,68,69,70,71,72,73,74,75,76,77,78,79,80,81,82,83,84,85,86,87,88,89,90,91,92,93","standard/standing cycle (upper/body half)"
"Hume Male","Skeleton + Base Tex","ROM/27/82.dat","ri00","ri0","126","518000","15","30","16","0,1,2,25,26,27,28,29,30,31,32,33,34,35,36,37","unidentified (root/lower-body half)"
"Hume Male","Skeleton + Base Tex","ROM/27/82.dat","yu20","yu2","127","521056","44","30","16","0,1,2,25,26,27,28,29,30,31,32,33,34,35,36,37","unidentified (root/lower-body half)"
"Hume Male","Skeleton + Base Tex","ROM/27/82.dat","gu01","gu0","128","529648","15","15","68","3,4,5,6,7,8,9,10,11,12,13,14,15,16,17,18,19,20,21,22,23,24,48,49,50,51,52,53,54,55,56,57,58,59,60,61,62,63,64,65,66,67,68,69,70,71,72,73,74,75,76,77,78,79,80,81,82,83,84,85,86,87,88,89,90,91,92,93","unidentified (upper/body half)"
"Hume Male","Skeleton + Base Tex","ROM/27/82.dat","gu10","gu1","129","549680","16","10.5","16","0,1,2,25,26,27,28,29,30,31,32,33,34,35,36,37","unidentified (root/lower-body half)"
"Hume Male","Skeleton + Base Tex","ROM/27/82.dat","gu11","gu1","130","553168","16","10.5","68","3,4,5,6,7,8,9,10,11,12,13,14,15,16,17,18,19,20,21,22,23,24,48,49,50,51,52,53,54,55,56,57,58,59,60,61,62,63,64,65,66,67,68,69,70,71,72,73,74,75,76,77,78,79,80,81,82,83,84,85,86,87,88,89,90,91,92,93","unidentified (upper/body half)"
"Hume Male","Skeleton + Base Tex","ROM/27/82.dat","gu20","gu2","131","571392","43","30","16","0,1,2,25,26,27,28,29,30,31,32,33,34,35,36,37","unidentified (root/lower-body half)"
"Hume Male","Skeleton + Base Tex","ROM/27/82.dat","gu21","gu2","132","578448","43","30","68","3,4,5,6,7,8,9,10,11,12,13,14,15,16,17,18,19,20,21,22,23,24,48,49,50,51,52,53,54,55,56,57,58,59,60,61,62,63,64,65,66,67,68,69,70,71,72,73,74,75,76,77,78,79,80,81,82,83,84,85,86,87,88,89,90,91,92,93","unidentified (upper/body half)"
"Hume Male","Skeleton + Base Tex","ROM/27/82.dat","na00","na0","133","625472","15","15","16","0,1,2,25,26,27,28,29,30,31,32,33,34,35,36,37","unidentified (root/lower-body half)"
"Hume Male","Skeleton + Base Tex","ROM/27/82.dat","na01","na0","134","629184","15","15","68","3,4,5,6,7,8,9,10,11,12,13,14,15,16,17,18,19,20,21,22,23,24,48,49,50,51,52,53,54,55,56,57,58,59,60,61,62,63,64,65,66,67,68,69,70,71,72,73,74,75,76,77,78,79,80,81,82,83,84,85,86,87,88,89,90,91,92,93","unidentified (upper/body half)"
"Hume Male","Skeleton + Base Tex","ROM/27/82.dat","na10","na1","135","647232","16","10.5","16","0,1,2,25,26,27,28,29,30,31,32,33,34,35,36,37","unidentified (root/lower-body half)"
"Hume Male","Skeleton + Base Tex","ROM/27/82.dat","na11","na1","136","651104","16","10.5","68","3,4,5,6,7,8,9,10,11,12,13,14,15,16,17,18,19,20,21,22,23,24,48,49,50,51,52,53,54,55,56,57,58,59,60,61,62,63,64,65,66,67,68,69,70,71,72,73,74,75,76,77,78,79,80,81,82,83,84,85,86,87,88,89,90,91,92,93","unidentified (upper/body half)"
"Hume Male","Skeleton + Base Tex","ROM/27/82.dat","na20","na2","137","666896","81","30","16","0,1,2,25,26,27,28,29,30,31,32,33,34,35,36,37","unidentified (root/lower-body half)"
"Hume Male","Skeleton + Base Tex","ROM/27/82.dat","na21","na2","138","681552","81","30","68","3,4,5,6,7,8,9,10,11,12,13,14,15,16,17,18,19,20,21,22,23,24,48,49,50,51,52,53,54,55,56,57,58,59,60,61,62,63,64,65,66,67,68,69,70,71,72,73,74,75,76,77,78,79,80,81,82,83,84,85,86,87,88,89,90,91,92,93","unidentified (upper/body half)"
"Hume Male","Skeleton + Base Tex","ROM/27/82.dat","yu00","yu0","139","755664","30","15","16","0,1,2,25,26,27,28,29,30,31,32,33,34,35,36,37","unidentified (root/lower-body half)"
"Hume Male","Skeleton + Base Tex","ROM/27/82.dat","yu01","yu0","140","761968","30","15","68","3,4,5,6,7,8,9,10,11,12,13,14,15,16,17,18,19,20,21,22,23,24,48,49,50,51,52,53,54,55,56,57,58,59,60,61,62,63,64,65,66,67,68,69,70,71,72,73,74,75,76,77,78,79,80,81,82,83,84,85,86,87,88,89,90,91,92,93","unidentified (upper/body half)"
"Hume Male","Skeleton + Base Tex","ROM/27/82.dat","yu10","yu1","141","797232","16","10.5","16","0,1,2,25,26,27,28,29,30,31,32,33,34,35,36,37","unidentified (root/lower-body half)"
"Hume Male","Skeleton + Base Tex","ROM/27/82.dat","yu11","yu1","142","800976","16","10.5","68","3,4,5,6,7,8,9,10,11,12,13,14,15,16,17,18,19,20,21,22,23,24,48,49,50,51,52,53,54,55,56,57,58,59,60,61,62,63,64,65,66,67,68,69,70,71,72,73,74,75,76,77,78,79,80,81,82,83,84,85,86,87,88,89,90,91,92,93","unidentified (upper/body half)"
"Hume Male","Skeleton + Base Tex","ROM/27/82.dat","gu00","gu0","143","819392","15","15","16","0,1,2,25,26,27,28,29,30,31,32,33,34,35,36,37","unidentified (root/lower-body half)"
"Hume Male","Skeleton + Base Tex","ROM/27/82.dat","yu21","yu2","144","822752","44","30","68","3,4,5,6,7,8,9,10,11,12,13,14,15,16,17,18,19,20,21,22,23,24,48,49,50,51,52,53,54,55,56,57,58,59,60,61,62,63,64,65,66,67,68,69,70,71,72,73,74,75,76,77,78,79,80,81,82,83,84,85,86,87,88,89,90,91,92,93","unidentified (upper/body half)"
"Hume Male","Skeleton + Base Tex","ROM/27/82.dat","sh00","sh0","145","873200","16","15","16","0,1,2,25,26,27,28,29,30,31,32,33,34,35,36,37","unidentified (root/lower-body half)"
"Hume Male","Skeleton + Base Tex","ROM/27/82.dat","sf11","sf1","146","876688","21","15","68","3,4,5,6,7,8,9,10,11,12,13,14,15,16,17,18,19,20,21,22,23,24,48,49,50,51,52,53,54,55,56,57,58,59,60,61,62,63,64,65,66,67,68,69,70,71,72,73,74,75,76,77,78,79,80,81,82,83,84,85,86,87,88,89,90,91,92,93","unidentified (upper/body half)"
"Hume Male","Skeleton + Base Tex","ROM/27/82.dat","sh20","sh2","147","896800","16","9.184","16","0,1,2,25,26,27,28,29,30,31,32,33,34,35,36,37","unidentified (root/lower-body half)"
"Hume Male","Skeleton + Base Tex","ROM/27/82.dat","sh21","sh2","148","900288","16","9.184","68","3,4,5,6,7,8,9,10,11,12,13,14,15,16,17,18,19,20,21,22,23,24,48,49,50,51,52,53,54,55,56,57,58,59,60,61,62,63,64,65,66,67,68,69,70,71,72,73,74,75,76,77,78,79,80,81,82,83,84,85,86,87,88,89,90,91,92,93","unidentified (upper/body half)"
"Hume Male","Skeleton + Base Tex","ROM/27/82.dat","sf20","sf2","149","920496","20","11.633","16","0,1,2,25,26,27,28,29,30,31,32,33,34,35,36,37","unidentified (root/lower-body half)"
"Hume Male","Skeleton + Base Tex","ROM/27/82.dat","sf21","sf2","150","924512","20","11.633","68","3,4,5,6,7,8,9,10,11,12,13,14,15,16,17,18,19,20,21,22,23,24,48,49,50,51,52,53,54,55,56,57,58,59,60,61,62,63,64,65,66,67,68,69,70,71,72,73,74,75,76,77,78,79,80,81,82,83,84,85,86,87,88,89,90,91,92,93","unidentified (upper/body half)"
"Hume Male","Skeleton + Base Tex","ROM/27/82.dat","sf10","sf1","151","948416","21","15","16","0,1,2,25,26,27,28,29,30,31,32,33,34,35,36,37","unidentified (root/lower-body half)"
"Hume Male","Skeleton + Base Tex","ROM/27/82.dat","sh01","sh0","152","952224","16","15","68","3,4,5,6,7,8,9,10,11,12,13,14,15,16,17,18,19,20,21,22,23,24,48,49,50,51,52,53,54,55,56,57,58,59,60,61,62,63,64,65,66,67,68,69,70,71,72,73,74,75,76,77,78,79,80,81,82,83,84,85,86,87,88,89,90,91,92,93","unidentified (upper/body half)"
"Hume Male","Skeleton + Base Tex","ROM/27/82.dat","sf00","sf0","153","972944","16","15","16","0,1,2,25,26,27,28,29,30,31,32,33,34,35,36,37","unidentified (root/lower-body half)"
"Hume Male","Skeleton + Base Tex","ROM/27/82.dat","sf01","sf0","154","976432","16","15","68","3,4,5,6,7,8,9,10,11,12,13,14,15,16,17,18,19,20,21,22,23,24,48,49,50,51,52,53,54,55,56,57,58,59,60,61,62,63,64,65,66,67,68,69,70,71,72,73,74,75,76,77,78,79,80,81,82,83,84,85,86,87,88,89,90,91,92,93","unidentified (upper/body half)"
"Hume Male","Skeleton + Base Tex","ROM/27/82.dat","sh10","sh1","155","997152","21","15","16","0,1,2,25,26,27,28,29,30,31,32,33,34,35,36,37","unidentified (root/lower-body half)"
"Hume Male","Skeleton + Base Tex","ROM/27/82.dat","sh11","sh1","156","1000960","21","15","68","3,4,5,6,7,8,9,10,11,12,13,14,15,16,17,18,19,20,21,22,23,24,48,49,50,51,52,53,54,55,56,57,58,59,60,61,62,63,64,65,66,67,68,69,70,71,72,73,74,75,76,77,78,79,80,81,82,83,84,85,86,87,88,89,90,91,92,93","unidentified (upper/body half)"
"Hume Male","Skeleton + Base Tex","ROM/27/82.dat","sk10","sk1","157","1019312","21","10.5","16","0,1,2,25,26,27,28,29,30,31,32,33,34,35,36,37","unidentified (root/lower-body half)"
"Hume Male","Skeleton + Base Tex","ROM/27/82.dat","sk11","sk1","158","1023456","21","10.5","68","3,4,5,6,7,8,9,10,11,12,13,14,15,16,17,18,19,20,21,22,23,24,48,49,50,51,52,53,54,55,56,57,58,59,60,61,62,63,64,65,66,67,68,69,70,71,72,73,74,75,76,77,78,79,80,81,82,83,84,85,86,87,88,89,90,91,92,93","unidentified (upper/body half)"
"Hume Male","Skeleton + Base Tex","ROM/27/82.dat","sk20","sk2","159","1046080","53","30","16","0,1,2,25,26,27,28,29,30,31,32,33,34,35,36,37","unidentified (root/lower-body half)"
"Hume Male","Skeleton + Base Tex","ROM/27/82.dat","sk21","sk2","160","1054448","53","30","68","3,4,5,6,7,8,9,10,11,12,13,14,15,16,17,18,19,20,21,22,23,24,48,49,50,51,52,53,54,55,56,57,58,59,60,61,62,63,64,65,66,67,68,69,70,71,72,73,74,75,76,77,78,79,80,81,82,83,84,85,86,87,88,89,90,91,92,93","unidentified (upper/body half)"
"Hume Male","Skeleton + Base Tex","ROM/27/82.dat","na31","na3","161","1106192","31","30","68","3,4,5,6,7,8,9,10,11,12,13,14,15,16,17,18,19,20,21,22,23,24,48,49,50,51,52,53,54,55,56,57,58,59,60,61,62,63,64,65,66,67,68,69,70,71,72,73,74,75,76,77,78,79,80,81,82,83,84,85,86,87,88,89,90,91,92,93","unidentified (upper/body half)"
"Hume Male","Skeleton + Base Tex","ROM/27/82.dat","na30","na3","162","1138096","31","30","16","0,1,2,25,26,27,28,29,30,31,32,33,34,35,36,37","unidentified (root/lower-body half)"
"Hume Male","Skeleton + Base Tex","ROM/27/82.dat","mn10","mn1","163","1144560","31","30","16","0,1,2,25,26,27,28,29,30,31,32,33,34,35,36,37","unidentified (root/lower-body half)"
"Hume Male","Skeleton + Base Tex","ROM/27/82.dat","mn01","mn0","164","1150528","16","6","68","3,4,5,6,7,8,9,10,11,12,13,14,15,16,17,18,19,20,21,22,23,24,48,49,50,51,52,53,54,55,56,57,58,59,60,61,62,63,64,65,66,67,68,69,70,71,72,73,74,75,76,77,78,79,80,81,82,83,84,85,86,87,88,89,90,91,92,93","unidentified (upper/body half)"
"Hume Male","Skeleton + Base Tex","ROM/27/82.dat","mn00","mn0","165","1167792","16","6","16","0,1,2,25,26,27,28,29,30,31,32,33,34,35,36,37","unidentified (root/lower-body half)"
"Hume Male","Skeleton + Base Tex","ROM/27/82.dat","mn11","mn1","166","1171536","31","30","68","3,4,5,6,7,8,9,10,11,12,13,14,15,16,17,18,19,20,21,22,23,24,48,49,50,51,52,53,54,55,56,57,58,59,60,61,62,63,64,65,66,67,68,69,70,71,72,73,74,75,76,77,78,79,80,81,82,83,84,85,86,87,88,89,90,91,92,93","unidentified (upper/body half)"
"Hume Male","Skeleton + Base Tex","ROM/27/82.dat","mn20","mn2","167","1202208","16","9","16","0,1,2,25,26,27,28,29,30,31,32,33,34,35,36,37","unidentified (root/lower-body half)"
"Hume Male","Skeleton + Base Tex","ROM/27/82.dat","mn21","mn2","168","1205696","16","9","68","3,4,5,6,7,8,9,10,11,12,13,14,15,16,17,18,19,20,21,22,23,24,48,49,50,51,52,53,54,55,56,57,58,59,60,61,62,63,64,65,66,67,68,69,70,71,72,73,74,75,76,77,78,79,80,81,82,83,84,85,86,87,88,89,90,91,92,93","unidentified (upper/body half)"
"Hume Male","Skeleton + Base Tex","ROM/27/82.dat","ms20","ms2","169","1221168","16","6","16","0,1,2,25,26,27,28,29,30,31,32,33,34,35,36,37","unidentified (root/lower-body half)"
"Hume Male","Skeleton + Base Tex","ROM/27/82.dat","ms01","ms0","170","1224656","16","6","68","3,4,5,6,7,8,9,10,11,12,13,14,15,16,17,18,19,20,21,22,23,24,48,49,50,51,52,53,54,55,56,57,58,59,60,61,62,63,64,65,66,67,68,69,70,71,72,73,74,75,76,77,78,79,80,81,82,83,84,85,86,87,88,89,90,91,92,93","unidentified (upper/body half)"
"Hume Male","Skeleton + Base Tex","ROM/27/82.dat","ms10","ms1","171","1242560","31","15","16","0,1,2,25,26,27,28,29,30,31,32,33,34,35,36,37","unidentified (root/lower-body half)"
"Hume Male","Skeleton + Base Tex","ROM/27/82.dat","ms11","ms1","172","1248768","31","15","68","3,4,5,6,7,8,9,10,11,12,13,14,15,16,17,18,19,20,21,22,23,24,48,49,50,51,52,53,54,55,56,57,58,59,60,61,62,63,64,65,66,67,68,69,70,71,72,73,74,75,76,77,78,79,80,81,82,83,84,85,86,87,88,89,90,91,92,93","unidentified (upper/body half)"
"Hume Male","Skeleton + Base Tex","ROM/27/82.dat","ms00","ms0","173","1281792","16","6","16","0,1,2,25,26,27,28,29,30,31,32,33,34,35,36,37","unidentified (root/lower-body half)"
"Hume Male","Skeleton + Base Tex","ROM/27/82.dat","ms21","ms2","174","1285664","16","6","68","3,4,5,6,7,8,9,10,11,12,13,14,15,16,17,18,19,20,21,22,23,24,48,49,50,51,52,53,54,55,56,57,58,59,60,61,62,63,64,65,66,67,68,69,70,71,72,73,74,75,76,77,78,79,80,81,82,83,84,85,86,87,88,89,90,91,92,93","unidentified (upper/body half)"
"Hume Male","Skeleton + Base Tex","ROM/27/82.dat","si11","si1","175","1301264","16","6","68","3,4,5,6,7,8,9,10,11,12,13,14,15,16,17,18,19,20,21,22,23,24,48,49,50,51,52,53,54,55,56,57,58,59,60,61,62,63,64,65,66,67,68,69,70,71,72,73,74,75,76,77,78,79,80,81,82,83,84,85,86,87,88,89,90,91,92,93","unidentified (upper/body half)"
"Hume Male","Skeleton + Base Tex","ROM/27/82.dat","si01","si0","176","1311872","31","15","68","3,4,5,6,7,8,9,10,11,12,13,14,15,16,17,18,19,20,21,22,23,24,48,49,50,51,52,53,54,55,56,57,58,59,60,61,62,63,64,65,66,67,68,69,70,71,72,73,74,75,76,77,78,79,80,81,82,83,84,85,86,87,88,89,90,91,92,93","unidentified (upper/body half)"
"Hume Male","Skeleton + Base Tex","ROM/27/82.dat","si21","si2","177","1344272","31","15","68","3,4,5,6,7,8,9,10,11,12,13,14,15,16,17,18,19,20,21,22,23,24,48,49,50,51,52,53,54,55,56,57,58,59,60,61,62,63,64,65,66,67,68,69,70,71,72,73,74,75,76,77,78,79,80,81,82,83,84,85,86,87,88,89,90,91,92,93","unidentified (upper/body half)"
"Hume Male","Skeleton + Base Tex","ROM/27/82.dat","si10","si1","178","1376672","16","6","16","0,1,2,25,26,27,28,29,30,31,32,33,34,35,36,37","unidentified (root/lower-body half)"
"Hume Male","Skeleton + Base Tex","ROM/27/82.dat","si00","si0","179","1378304","31","15","16","0,1,2,25,26,27,28,29,30,31,32,33,34,35,36,37","unidentified (root/lower-body half)"
"Hume Male","Skeleton + Base Tex","ROM/27/82.dat","si20","si2","180","1384272","31","15","16","0,1,2,25,26,27,28,29,30,31,32,33,34,35,36,37","unidentified (root/lower-body half)"
"Hume Male","Skeleton + Base Tex","ROM/27/82.dat","ma11","ma1","181","1390240","16","15","68","3,4,5,6,7,8,9,10,11,12,13,14,15,16,17,18,19,20,21,22,23,24,48,49,50,51,52,53,54,55,56,57,58,59,60,61,62,63,64,65,66,67,68,69,70,71,72,73,74,75,76,77,78,79,80,81,82,83,84,85,86,87,88,89,90,91,92,93","unidentified (upper/body half)"
"Hume Male","Skeleton + Base Tex","ROM/27/82.dat","ma01","ma0","182","1410000","17","12","68","3,4,5,6,7,8,9,10,11,12,13,14,15,16,17,18,19,20,21,22,23,24,48,49,50,51,52,53,54,55,56,57,58,59,60,61,62,63,64,65,66,67,68,69,70,71,72,73,74,75,76,77,78,79,80,81,82,83,84,85,86,87,88,89,90,91,92,93","unidentified (upper/body half)"
"Hume Male","Skeleton + Base Tex","ROM/27/82.dat","ma10","ma1","183","1428800","16","15","16","0,1,2,25,26,27,28,29,30,31,32,33,34,35,36,37","unidentified (root/lower-body half)"
"Hume Male","Skeleton + Base Tex","ROM/27/82.dat","ma00","ma0","184","1432288","17","12","16","0,1,2,25,26,27,28,29,30,31,32,33,34,35,36,37","unidentified (root/lower-body half)"
"Hume Male","Skeleton + Base Tex","ROM/27/82.dat","ma20","ma2","185","1435776","17","15","16","0,1,2,25,26,27,28,29,30,31,32,33,34,35,36,37","unidentified (root/lower-body half)"
"Hume Male","Skeleton + Base Tex","ROM/27/82.dat","ma21","ma2","186","1439392","17","15","68","3,4,5,6,7,8,9,10,11,12,13,14,15,16,17,18,19,20,21,22,23,24,48,49,50,51,52,53,54,55,56,57,58,59,60,61,62,63,64,65,66,67,68,69,70,71,72,73,74,75,76,77,78,79,80,81,82,83,84,85,86,87,88,89,90,91,92,93","unidentified (upper/body half)"
"Hume Male","Skeleton + Base Tex","ROM/27/82.dat","gc20","gc2","187","1457984","38","15","16","0,1,2,25,26,27,28,29,30,31,32,33,34,35,36,37","unidentified (root/lower-body half)"
"Hume Male","Skeleton + Base Tex","ROM/27/82.dat","gc21","gc2","188","1465600","38","15","68","3,4,5,6,7,8,9,10,11,12,13,14,15,16,17,18,19,20,21,22,23,24,48,49,50,51,52,53,54,55,56,57,58,59,60,61,62,63,64,65,66,67,68,69,70,71,72,73,74,75,76,77,78,79,80,81,82,83,84,85,86,87,88,89,90,91,92,93","unidentified (upper/body half)"
"Hume Male","Skeleton + Base Tex","ROM/27/82.dat","gc00","gc0","189","1512688","11","15","16","0,1,2,25,26,27,28,29,30,31,32,33,34,35,36,37","unidentified (root/lower-body half)"
"Hume Male","Skeleton + Base Tex","ROM/27/82.dat","gc01","gc0","190","1515872","11","15","68","3,4,5,6,7,8,9,10,11,12,13,14,15,16,17,18,19,20,21,22,23,24,48,49,50,51,52,53,54,55,56,57,58,59,60,61,62,63,64,65,66,67,68,69,70,71,72,73,74,75,76,77,78,79,80,81,82,83,84,85,86,87,88,89,90,91,92,93","unidentified (upper/body half)"
"Hume Male","Skeleton + Base Tex","ROM/27/82.dat","gc10","gc1","191","1533184","18","15","16","0,1,2,25,26,27,28,29,30,31,32,33,34,35,36,37","unidentified (root/lower-body half)"
"Hume Male","Skeleton + Base Tex","ROM/27/82.dat","gc11","gc1","192","1537520","18","15","68","3,4,5,6,7,8,9,10,11,12,13,14,15,16,17,18,19,20,21,22,23,24,48,49,50,51,52,53,54,55,56,57,58,59,60,61,62,63,64,65,66,67,68,69,70,71,72,73,74,75,76,77,78,79,80,81,82,83,84,85,86,87,88,89,90,91,92,93","unidentified (upper/body half)"
"Hume Male","Skeleton + Base Tex","ROM/27/82.dat","gh00","gh0","193","1559248","11","15","16","0,1,2,25,26,27,28,29,30,31,32,33,34,35,36,37","unidentified (root/lower-body half)"
"Hume Male","Skeleton + Base Tex","ROM/27/82.dat","gh01","gh0","194","1562432","11","15","68","3,4,5,6,7,8,9,10,11,12,13,14,15,16,17,18,19,20,21,22,23,24,48,49,50,51,52,53,54,55,56,57,58,59,60,61,62,63,64,65,66,67,68,69,70,71,72,73,74,75,76,77,78,79,80,81,82,83,84,85,86,87,88,89,90,91,92,93","unidentified (upper/body half)"
"Hume Male","Skeleton + Base Tex","ROM/27/82.dat","gh10","gh1","195","1580720","18","15","16","0,1,2,25,26,27,28,29,30,31,32,33,34,35,36,37","unidentified (root/lower-body half)"
"Hume Male","Skeleton + Base Tex","ROM/27/82.dat","gh11","gh1","196","1585056","18","15","68","3,4,5,6,7,8,9,10,11,12,13,14,15,16,17,18,19,20,21,22,23,24,48,49,50,51,52,53,54,55,56,57,58,59,60,61,62,63,64,65,66,67,68,69,70,71,72,73,74,75,76,77,78,79,80,81,82,83,84,85,86,87,88,89,90,91,92,93","unidentified (upper/body half)"
"Hume Male","Skeleton + Base Tex","ROM/27/82.dat","gh20","gh2","197","1607296","38","15","16","0,1,2,25,26,27,28,29,30,31,32,33,34,35,36,37","unidentified (root/lower-body half)"
"Hume Male","Skeleton + Base Tex","ROM/27/82.dat","gh21","gh2","198","1614912","38","15","68","3,4,5,6,7,8,9,10,11,12,13,14,15,16,17,18,19,20,21,22,23,24,48,49,50,51,52,53,54,55,56,57,58,59,60,61,62,63,64,65,66,67,68,69,70,71,72,73,74,75,76,77,78,79,80,81,82,83,84,85,86,87,88,89,90,91,92,93","unidentified (upper/body half)"
"Hume Male","Skeleton + Base Tex","ROM/27/82.dat","jmp0","jmp","199","1665648","12","15","16","0,1,2,25,26,27,28,29,30,31,32,33,34,35,36,37","unidentified (root/lower-body half)"
"Hume Male","Skeleton + Base Tex","ROM/27/82.dat","jmp1","jmp","200","1668752","12","15","68","3,4,5,6,7,8,9,10,11,12,13,14,15,16,17,18,19,20,21,22,23,24,48,49,50,51,52,53,54,55,56,57,58,59,60,61,62,63,64,65,66,67,68,69,70,71,72,73,74,75,76,77,78,79,80,81,82,83,84,85,86,87,88,89,90,91,92,93","unidentified (upper/body half)"
"Hume Male","Animation set 0","ROM/32/13.dat","wlk1","wlk","19","3744","19","15","68","3,4,5,6,7,8,9,10,11,12,13,14,15,16,17,18,19,20,21,22,23,24,48,49,50,51,52,53,54,55,56,57,58,59,60,61,62,63,64,65,66,67,68,69,70,71,72,73,74,75,76,77,78,79,80,81,82,83,84,85,86,87,88,89,90,91,92,93","walk (upper/body half)"
"Hume Male","Animation set 0","ROM/32/13.dat","aml1","aml","20","23024","35","30","68","3,4,5,6,7,8,9,10,11,12,13,14,15,16,17,18,19,20,21,22,23,24,48,49,50,51,52,53,54,55,56,57,58,59,60,61,62,63,64,65,66,67,68,69,70,71,72,73,74,75,76,77,78,79,80,81,82,83,84,85,86,87,88,89,90,91,92,93","unidentified (upper/body half)"
"Hume Male","Animation set 0","ROM/32/13.dat","amr1","amr","21","49904","35","30","68","3,4,5,6,7,8,9,10,11,12,13,14,15,16,17,18,19,20,21,22,23,24,48,49,50,51,52,53,54,55,56,57,58,59,60,61,62,63,64,65,66,67,68,69,70,71,72,73,74,75,76,77,78,79,80,81,82,83,84,85,86,87,88,89,90,91,92,93","unidentified (upper/body half)"
"Hume Male","Animation set 0","ROM/32/13.dat","at00","at0","22","76784","50","30","16","0,1,2,25,26,27,28,29,30,31,32,33,34,35,36,37","unidentified (root/lower-body half)"
"Hume Male","Animation set 0","ROM/32/13.dat","at01","at0","23","85568","50","30","68","3,4,5,6,7,8,9,10,11,12,13,14,15,16,17,18,19,20,21,22,23,24,48,49,50,51,52,53,54,55,56,57,58,59,60,61,62,63,64,65,66,67,68,69,70,71,72,73,74,75,76,77,78,79,80,81,82,83,84,85,86,87,88,89,90,91,92,93","unidentified (upper/body half)"
"Hume Male","Animation set 0","ROM/32/13.dat","btl0","btl","24","131712","15","10.5","16","0,1,2,25,26,27,28,29,30,31,32,33,34,35,36,37","battle stance (root/lower-body half)"
"Hume Male","Animation set 0","ROM/32/13.dat","btl1","btl","25","135072","15","10.5","68","3,4,5,6,7,8,9,10,11,12,13,14,15,16,17,18,19,20,21,22,23,24,48,49,50,51,52,53,54,55,56,57,58,59,60,61,62,63,64,65,66,67,68,69,70,71,72,73,74,75,76,77,78,79,80,81,82,83,84,85,86,87,88,89,90,91,92,93","battle stance (upper/body half)"
"Hume Male","Animation set 0","ROM/32/13.dat","mvb1","mvb","26","149344","21","15","68","3,4,5,6,7,8,9,10,11,12,13,14,15,16,17,18,19,20,21,22,23,24,48,49,50,51,52,53,54,55,56,57,58,59,60,61,62,63,64,65,66,67,68,69,70,71,72,73,74,75,76,77,78,79,80,81,82,83,84,85,86,87,88,89,90,91,92,93","move backward (upper/body half)"
"Hume Male","Animation set 0","ROM/32/13.dat","mvl1","mvl","27","169200","13","15","68","3,4,5,6,7,8,9,10,11,12,13,14,15,16,17,18,19,20,21,22,23,24,48,49,50,51,52,53,54,55,56,57,58,59,60,61,62,63,64,65,66,67,68,69,70,71,72,73,74,75,76,77,78,79,80,81,82,83,84,85,86,87,88,89,90,91,92,93","strafe/turn left (upper/body half)"
"Hume Male","Animation set 0","ROM/32/13.dat","mvr1","mvr","28","183888","13","15","68","3,4,5,6,7,8,9,10,11,12,13,14,15,16,17,18,19,20,21,22,23,24,48,49,50,51,52,53,54,55,56,57,58,59,60,61,62,63,64,65,66,67,68,69,70,71,72,73,74,75,76,77,78,79,80,81,82,83,84,85,86,87,88,89,90,91,92,93","strafe/turn right (upper/body half)"
"Hume Male","Animation set 0","ROM/32/13.dat","run1","run","29","198576","11","15","68","3,4,5,6,7,8,9,10,11,12,13,14,15,16,17,18,19,20,21,22,23,24,48,49,50,51,52,53,54,55,56,57,58,59,60,61,62,63,64,65,66,67,68,69,70,71,72,73,74,75,76,77,78,79,80,81,82,83,84,85,86,87,88,89,90,91,92,93","run (upper/body half)"
"Hume Male","Animation set 0","ROM/32/13.dat","amf1","amf","30","212064","35","30","68","3,4,5,6,7,8,9,10,11,12,13,14,15,16,17,18,19,20,21,22,23,24,48,49,50,51,52,53,54,55,56,57,58,59,60,61,62,63,64,65,66,67,68,69,70,71,72,73,74,75,76,77,78,79,80,81,82,83,84,85,86,87,88,89,90,91,92,93","unidentified (upper/body half)"
"Hume Male","Animation set 0","ROM/32/13.dat","dfm1","dfm","31","238384","2","30","68","3,4,5,6,7,8,9,10,11,12,13,14,15,16,17,18,19,20,21,22,23,24,48,49,50,51,52,53,54,55,56,57,58,59,60,61,62,63,64,65,66,67,68,69,70,71,72,73,74,75,76,77,78,79,80,81,82,83,84,85,86,87,88,89,90,91,92,93","unidentified (upper/body half)"
"Hume Male","Animation set 0","ROM/32/13.dat","dbm1","dbm","32","244128","2","30","68","3,4,5,6,7,8,9,10,11,12,13,14,15,16,17,18,19,20,21,22,23,24,48,49,50,51,52,53,54,55,56,57,58,59,60,61,62,63,64,65,66,67,68,69,70,71,72,73,74,75,76,77,78,79,80,81,82,83,84,85,86,87,88,89,90,91,92,93","unidentified (upper/body half)"
"Hume Male","Animation set 0","ROM/32/13.dat","ded1","ded","33","249872","30","15","68","3,4,5,6,7,8,9,10,11,12,13,14,15,16,17,18,19,20,21,22,23,24,48,49,50,51,52,53,54,55,56,57,58,59,60,61,62,63,64,65,66,67,68,69,70,71,72,73,74,75,76,77,78,79,80,81,82,83,84,85,86,87,88,89,90,91,92,93","unidentified (upper/body half)"
"Hume Male","Animation set 0","ROM/32/13.dat","cor1","cor","34","279504","2","30","68","3,4,5,6,7,8,9,10,11,12,13,14,15,16,17,18,19,20,21,22,23,24,48,49,50,51,52,53,54,55,56,57,58,59,60,61,62,63,64,65,66,67,68,69,70,71,72,73,74,75,76,77,78,79,80,81,82,83,84,85,86,87,88,89,90,91,92,93","unidentified (upper/body half)"
"Hume Male","Animation set 0","ROM/32/13.dat","ind1","ind","35","285248","19","15","68","3,4,5,6,7,8,9,10,11,12,13,14,15,16,17,18,19,20,21,22,23,24,48,49,50,51,52,53,54,55,56,57,58,59,60,61,62,63,64,65,66,67,68,69,70,71,72,73,74,75,76,77,78,79,80,81,82,83,84,85,86,87,88,89,90,91,92,93","unidentified (upper/body half)"
"Hume Male","Animation set 0","ROM/32/13.dat","ind0","ind","36","310304","19","15","16","0,1,2,25,26,27,28,29,30,31,32,33,34,35,36,37","unidentified (root/lower-body half)"
"Hume Male","Animation set 0","ROM/32/13.dat","otd0","otd","37","314336","19","15","16","0,1,2,25,26,27,28,29,30,31,32,33,34,35,36,37","unidentified (root/lower-body half)"
"Hume Male","Animation set 0","ROM/32/13.dat","otd1","otd","38","318528","19","15","68","3,4,5,6,7,8,9,10,11,12,13,14,15,16,17,18,19,20,21,22,23,24,48,49,50,51,52,53,54,55,56,57,58,59,60,61,62,63,64,65,66,67,68,69,70,71,72,73,74,75,76,77,78,79,80,81,82,83,84,85,86,87,88,89,90,91,92,93","unidentified (upper/body half)"
"Hume Male","Animation set 0","ROM/32/13.dat","amb1","amb","39","343200","35","30","68","3,4,5,6,7,8,9,10,11,12,13,14,15,16,17,18,19,20,21,22,23,24,48,49,50,51,52,53,54,55,56,57,58,59,60,61,62,63,64,65,66,67,68,69,70,71,72,73,74,75,76,77,78,79,80,81,82,83,84,85,86,87,88,89,90,91,92,93","unidentified (upper/body half)"
"Hume Male","Animation set 0","ROM/32/13.dat","bb01","bb0","40","371072","2","30","68","3,4,5,6,7,8,9,10,11,12,13,14,15,16,17,18,19,20,21,22,23,24,48,49,50,51,52,53,54,55,56,57,58,59,60,61,62,63,64,65,66,67,68,69,70,71,72,73,74,75,76,77,78,79,80,81,82,83,84,85,86,87,88,89,90,91,92,93","unidentified (upper/body half)"
"Hume Male","Animation set 0","ROM/32/13.dat","bb11","bb1","41","376816","10","15","68","3,4,5,6,7,8,9,10,11,12,13,14,15,16,17,18,19,20,21,22,23,24,48,49,50,51,52,53,54,55,56,57,58,59,60,61,62,63,64,65,66,67,68,69,70,71,72,73,74,75,76,77,78,79,80,81,82,83,84,85,86,87,88,89,90,91,92,93","unidentified (upper/body half)"
"Hume Male","Animation set 0","ROM/32/13.dat","bf01","bf0","42","389520","2","30","68","3,4,5,6,7,8,9,10,11,12,13,14,15,16,17,18,19,20,21,22,23,24,48,49,50,51,52,53,54,55,56,57,58,59,60,61,62,63,64,65,66,67,68,69,70,71,72,73,74,75,76,77,78,79,80,81,82,83,84,85,86,87,88,89,90,91,92,93","unidentified (upper/body half)"
"Hume Male","Animation set 0","ROM/32/13.dat","bf11","bf1","43","395264","10","15","68","3,4,5,6,7,8,9,10,11,12,13,14,15,16,17,18,19,20,21,22,23,24,48,49,50,51,52,53,54,55,56,57,58,59,60,61,62,63,64,65,66,67,68,69,70,71,72,73,74,75,76,77,78,79,80,81,82,83,84,85,86,87,88,89,90,91,92,93","unidentified (upper/body half)"
"Hume Male","Animation set 0","ROM/32/13.dat","at10","at1","44","409008","50","30","16","0,1,2,25,26,27,28,29,30,31,32,33,34,35,36,37","unidentified (root/lower-body half)"
"Hume Male","Animation set 0","ROM/32/13.dat","at11","at1","45","418592","50","30","68","3,4,5,6,7,8,9,10,11,12,13,14,15,16,17,18,19,20,21,22,23,24,48,49,50,51,52,53,54,55,56,57,58,59,60,61,62,63,64,65,66,67,68,69,70,71,72,73,74,75,76,77,78,79,80,81,82,83,84,85,86,87,88,89,90,91,92,93","unidentified (upper/body half)"
"Hume Male","Animation set 0","ROM/32/13.dat","at20","at2","46","470336","48","30","16","0,1,2,25,26,27,28,29,30,31,32,33,34,35,36,37","unidentified (root/lower-body half)"
"Hume Male","Animation set 0","ROM/32/13.dat","at21","at2","47","479584","48","30","68","3,4,5,6,7,8,9,10,11,12,13,14,15,16,17,18,19,20,21,22,23,24,48,49,50,51,52,53,54,55,56,57,58,59,60,61,62,63,64,65,66,67,68,69,70,71,72,73,74,75,76,77,78,79,80,81,82,83,84,85,86,87,88,89,90,91,92,93","unidentified (upper/body half)"
"Hume Male","Animation set 0","ROM/32/13.dat","pym1","pym","48","526608","2","30","68","3,4,5,6,7,8,9,10,11,12,13,14,15,16,17,18,19,20,21,22,23,24,48,49,50,51,52,53,54,55,56,57,58,59,60,61,62,63,64,65,66,67,68,69,70,71,72,73,74,75,76,77,78,79,80,81,82,83,84,85,86,87,88,89,90,91,92,93","unidentified (upper/body half)"
"Hume Male","Animation set 0","ROM/32/13.dat","cm01","cm0","49","532352","16","15","68","3,4,5,6,7,8,9,10,11,12,13,14,15,16,17,18,19,20,21,22,23,24,48,49,50,51,52,53,54,55,56,57,58,59,60,61,62,63,64,65,66,67,68,69,70,71,72,73,74,75,76,77,78,79,80,81,82,83,84,85,86,87,88,89,90,91,92,93","combat/stance group 0 (upper/body half)"
"Hume Male","Animation set 0","ROM/32/13.dat","cm11","cm1","50","551216","16","7.5","68","3,4,5,6,7,8,9,10,11,12,13,14,15,16,17,18,19,20,21,22,23,24,48,49,50,51,52,53,54,55,56,57,58,59,60,61,62,63,64,65,66,67,68,69,70,71,72,73,74,75,76,77,78,79,80,81,82,83,84,85,86,87,88,89,90,91,92,93","combat/stance group 1 (upper/body half)"
"Hume Male","Animation set 0","ROM/32/13.dat","gdm1","gdm","51","566048","2","30","68","3,4,5,6,7,8,9,10,11,12,13,14,15,16,17,18,19,20,21,22,23,24,48,49,50,51,52,53,54,55,56,57,58,59,60,61,62,63,64,65,66,67,68,69,70,71,72,73,74,75,76,77,78,79,80,81,82,83,84,85,86,87,88,89,90,91,92,93","unidentified (upper/body half)"
"Hume Male","Animation set 0","ROM/32/13.dat","inb1","inb","52","571792","19","15","68","3,4,5,6,7,8,9,10,11,12,13,14,15,16,17,18,19,20,21,22,23,24,48,49,50,51,52,53,54,55,56,57,58,59,60,61,62,63,64,65,66,67,68,69,70,71,72,73,74,75,76,77,78,79,80,81,82,83,84,85,86,87,88,89,90,91,92,93","unidentified (upper/body half)"
"Hume Male","Animation set 0","ROM/32/13.dat","inb0","inb","53","597680","19","15","16","0,1,2,25,26,27,28,29,30,31,32,33,34,35,36,37","unidentified (root/lower-body half)"
"Hume Male","Animation set 0","ROM/32/13.dat","otb0","otb","54","601712","19","15","16","0,1,2,25,26,27,28,29,30,31,32,33,34,35,36,37","unidentified (root/lower-body half)"
"Hume Male","Animation set 0","ROM/32/13.dat","otb1","otb","55","605904","19","15","68","3,4,5,6,7,8,9,10,11,12,13,14,15,16,17,18,19,20,21,22,23,24,48,49,50,51,52,53,54,55,56,57,58,59,60,61,62,63,64,65,66,67,68,69,70,71,72,73,74,75,76,77,78,79,80,81,82,83,84,85,86,87,88,89,90,91,92,93","unidentified (upper/body half)"
"Hume Male","Animation set 1","ROM/32/40.dat","bow1","bow","9","1312","39","15","68","3,4,5,6,7,8,9,10,11,12,13,14,15,16,17,18,19,20,21,22,23,24,48,49,50,51,52,53,54,55,56,57,58,59,60,61,62,63,64,65,66,67,68,69,70,71,72,73,74,75,76,77,78,79,80,81,82,83,84,85,86,87,88,89,90,91,92,93","unidentified (upper/body half)"
"Hume Male","Animation set 1","ROM/32/40.dat","bow0","bow","10","38576","39","15","16","0,1,2,25,26,27,28,29,30,31,32,33,34,35,36,37","unidentified (root/lower-body half)"
"Hume Male","Animation set 1","ROM/32/40.dat","poi1","poi","11","44944","31","15","68","3,4,5,6,7,8,9,10,11,12,13,14,15,16,17,18,19,20,21,22,23,24,48,49,50,51,52,53,54,55,56,57,58,59,60,61,62,63,64,65,66,67,68,69,70,71,72,73,74,75,76,77,78,79,80,81,82,83,84,85,86,87,88,89,90,91,92,93","unidentified (upper/body half)"
"Hume Male","Animation set 1","ROM/32/40.dat","poi0","poi","12","73376","31","15","16","0,1,2,25,26,27,28,29,30,31,32,33,34,35,36,37","unidentified (root/lower-body half)"
"Hume Male","Animation set 1","ROM/32/40.dat","sl20","sl2","13","78720","41","15","16","0,1,2,25,26,27,28,29,30,31,32,33,34,35,36,37","unidentified (root/lower-body half)"
"Hume Male","Animation set 1","ROM/32/40.dat","sl10","sl1","14","85504","43","15","16","0,1,2,25,26,27,28,29,30,31,32,33,34,35,36,37","unidentified (root/lower-body half)"
"Hume Male","Animation set 1","ROM/32/40.dat","sl30","sl3","15","93248","47","15","16","0,1,2,25,26,27,28,29,30,31,32,33,34,35,36,37","unidentified (root/lower-body half)"
"Hume Male","Animation set 1","ROM/32/40.dat","lau1","lau","16","100832","46","15","68","3,4,5,6,7,8,9,10,11,12,13,14,15,16,17,18,19,20,21,22,23,24,48,49,50,51,52,53,54,55,56,57,58,59,60,61,62,63,64,65,66,67,68,69,70,71,72,73,74,75,76,77,78,79,80,81,82,83,84,85,86,87,88,89,90,91,92,93","unidentified (upper/body half)"
"Hume Male","Animation set 1","ROM/32/40.dat","lau0","lau","17","140432","46","15","16","0,1,2,25,26,27,28,29,30,31,32,33,34,35,36,37","unidentified (root/lower-body half)"
"Hume Male","Animation set 1","ROM/32/40.dat","wee1","wee","18","147888","49","15","68","3,4,5,6,7,8,9,10,11,12,13,14,15,16,17,18,19,20,21,22,23,24,48,49,50,51,52,53,54,55,56,57,58,59,60,61,62,63,64,65,66,67,68,69,70,71,72,73,74,75,76,77,78,79,80,81,82,83,84,85,86,87,88,89,90,91,92,93","unidentified (upper/body half)"
"Hume Male","Animation set 1","ROM/32/40.dat","wee0","wee","19","192048","49","15","16","0,1,2,25,26,27,28,29,30,31,32,33,34,35,36,37","unidentified (root/lower-body half)"
"Hume Male","Animation set 1","ROM/32/40.dat","sl21","sl2","20","199888","41","15","68","3,4,5,6,7,8,9,10,11,12,13,14,15,16,17,18,19,20,21,22,23,24,48,49,50,51,52,53,54,55,56,57,58,59,60,61,62,63,64,65,66,67,68,69,70,71,72,73,74,75,76,77,78,79,80,81,82,83,84,85,86,87,88,89,90,91,92,93","unidentified (upper/body half)"
"Hume Male","Animation set 1","ROM/32/40.dat","sl11","sl1","21","240736","43","15","68","3,4,5,6,7,8,9,10,11,12,13,14,15,16,17,18,19,20,21,22,23,24,48,49,50,51,52,53,54,55,56,57,58,59,60,61,62,63,64,65,66,67,68,69,70,71,72,73,74,75,76,77,78,79,80,81,82,83,84,85,86,87,88,89,90,91,92,93","unidentified (upper/body half)"
"Hume Male","Animation set 1","ROM/32/40.dat","sl31","sl3","22","283296","47","15","68","3,4,5,6,7,8,9,10,11,12,13,14,15,16,17,18,19,20,21,22,23,24,48,49,50,51,52,53,54,55,56,57,58,59,60,61,62,63,64,65,66,67,68,69,70,71,72,73,74,75,76,77,78,79,80,81,82,83,84,85,86,87,88,89,90,91,92,93","unidentified (upper/body half)"
"Hume Male","Animation set 1","ROM/32/40.dat","kne1","kne","23","331152","66","15","68","3,4,5,6,7,8,9,10,11,12,13,14,15,16,17,18,19,20,21,22,23,24,48,49,50,51,52,53,54,55,56,57,58,59,60,61,62,63,64,65,66,67,68,69,70,71,72,73,74,75,76,77,78,79,80,81,82,83,84,85,86,87,88,89,90,91,92,93","unidentified (upper/body half)"
"Hume Male","Animation set 1","ROM/32/40.dat","kne0","kne","24","390752","66","15","16","0,1,2,25,26,27,28,29,30,31,32,33,34,35,36,37","unidentified (root/lower-body half)"
"Mithra","Skeleton + Base Tex","ROM/51/89.dat","wlk0","wlk","72","21792","19","15","24","0,1,2,3,4,5,6,7,8,9,10,11,12,13,14,15,28,29,30,31,32,33,34,35","walk (root/lower-body half)"
"Mithra","Skeleton + Base Tex","ROM/51/89.dat","ded0","ded","73","28784","31","15","24","0,1,2,3,4,5,6,7,8,9,10,11,12,13,14,15,28,29,30,31,32,33,34,35","unidentified (root/lower-body half)"
"Mithra","Skeleton + Base Tex","ROM/51/89.dat","idl0","idl","74","38400","16","9","24","0,1,2,3,4,5,6,7,8,9,10,11,12,13,14,15,28,29,30,31,32,33,34,35","idle (root/lower-body half)"
"Mithra","Skeleton + Base Tex","ROM/51/89.dat","mvb0","mvb","75","44096","19","15","24","0,1,2,3,4,5,6,7,8,9,10,11,12,13,14,15,28,29,30,31,32,33,34,35","move backward (root/lower-body half)"
"Mithra","Skeleton + Base Tex","ROM/51/89.dat","mvl0","mvl","76","51088","13","15","24","0,1,2,3,4,5,6,7,8,9,10,11,12,13,14,15,28,29,30,31,32,33,34,35","strafe/turn left (root/lower-body half)"
"Mithra","Skeleton + Base Tex","ROM/51/89.dat","mvr0","mvr","77","56512","13","15","24","0,1,2,3,4,5,6,7,8,9,10,11,12,13,14,15,28,29,30,31,32,33,34,35","strafe/turn right (root/lower-body half)"
"Mithra","Skeleton + Base Tex","ROM/51/89.dat","run0","run","78","61936","11","15","24","0,1,2,3,4,5,6,7,8,9,10,11,12,13,14,15,28,29,30,31,32,33,34,35","run (root/lower-body half)"
"Mithra","Skeleton + Base Tex","ROM/51/89.dat","std0","std","79","66848","51","15","24","0,1,2,3,4,5,6,7,8,9,10,11,12,13,14,15,28,29,30,31,32,33,34,35","standard/standing cycle (root/lower-body half)"
"Mithra","Skeleton + Base Tex","ROM/51/89.dat","cor0","cor","80","81344","2","30","24","0,1,2,3,4,5,6,7,8,9,10,11,12,13,14,15,28,29,30,31,32,33,34,35","unidentified (root/lower-body half)"
"Mithra","Skeleton + Base Tex","ROM/51/89.dat","cm01","cm0","81","83392","16","15","72","36,37,38,39,40,41,42,43,44,45,46,47,48,49,50,51,52,53,54,55,56,57,58,59,60,61,62,63,64,65,66,67,68,69,70,71,72,73,74,75,76,77,78,79,80,81,82,83,84,85,86,87,88,89,90,91,92,93,94,95,96,97,98,99,100,101,102,103,104,105,106,107","combat/stance group 0 (upper/body half)"
"Mithra","Skeleton + Base Tex","ROM/51/89.dat","cm10","cm1","82","102720","16","15","24","0,1,2,3,4,5,6,7,8,9,10,11,12,13,14,15,28,29,30,31,32,33,34,35","combat/stance group 1 (root/lower-body half)"
"Mithra","Skeleton + Base Tex","ROM/51/89.dat","cm11","cm1","83","108416","16","15","72","36,37,38,39,40,41,42,43,44,45,46,47,48,49,50,51,52,53,54,55,56,57,58,59,60,61,62,63,64,65,66,67,68,69,70,71,72,73,74,75,76,77,78,79,80,81,82,83,84,85,86,87,88,89,90,91,92,93,94,95,96,97,98,99,100,101,102,103,104,105,106,107","combat/stance group 1 (upper/body half)"
"Mithra","Skeleton + Base Tex","ROM/51/89.dat","mi00","mi0","84","117184","8","15","24","0,1,2,3,4,5,6,7,8,9,10,11,12,13,14,15,28,29,30,31,32,33,34,35","unidentified (root/lower-body half)"
"Mithra","Skeleton + Base Tex","ROM/51/89.dat","mi01","mi0","85","121184","8","15","72","36,37,38,39,40,41,42,43,44,45,46,47,48,49,50,51,52,53,54,55,56,57,58,59,60,61,62,63,64,65,66,67,68,69,70,71,72,73,74,75,76,77,78,79,80,81,82,83,84,85,86,87,88,89,90,91,92,93,94,95,96,97,98,99,100,101,102,103,104,105,106,107","unidentified (upper/body half)"
"Mithra","Skeleton + Base Tex","ROM/51/89.dat","mi10","mi1","86","134336","16","9","24","0,1,2,3,4,5,6,7,8,9,10,11,12,13,14,15,28,29,30,31,32,33,34,35","unidentified (root/lower-body half)"
"Mithra","Skeleton + Base Tex","ROM/51/89.dat","mi11","mi1","87","140288","16","7.5","72","36,37,38,39,40,41,42,43,44,45,46,47,48,49,50,51,52,53,54,55,56,57,58,59,60,61,62,63,64,65,66,67,68,69,70,71,72,73,74,75,76,77,78,79,80,81,82,83,84,85,86,87,88,89,90,91,92,93,94,95,96,97,98,99,100,101,102,103,104,105,106,107","unidentified (upper/body half)"
"Mithra","Skeleton + Base Tex","ROM/51/89.dat","mi20","mi2","88","154048","11","15","24","0,1,2,3,4,5,6,7,8,9,10,11,12,13,14,15,28,29,30,31,32,33,34,35","unidentified (root/lower-body half)"
"Mithra","Skeleton + Base Tex","ROM/51/89.dat","mi21","mi2","89","158736","11","15","72","36,37,38,39,40,41,42,43,44,45,46,47,48,49,50,51,52,53,54,55,56,57,58,59,60,61,62,63,64,65,66,67,68,69,70,71,72,73,74,75,76,77,78,79,80,81,82,83,84,85,86,87,88,89,90,91,92,93,94,95,96,97,98,99,100,101,102,103,104,105,106,107","unidentified (upper/body half)"
"Mithra","Skeleton + Base Tex","ROM/51/89.dat","mi30","mi3","90","173792","16","9","24","0,1,2,3,4,5,6,7,8,9,10,11,12,13,14,15,28,29,30,31,32,33,34,35","unidentified (root/lower-body half)"
"Mithra","Skeleton + Base Tex","ROM/51/89.dat","mi31","mi3","91","179488","16","10.5","72","36,37,38,39,40,41,42,43,44,45,46,47,48,49,50,51,52,53,54,55,56,57,58,59,60,61,62,63,64,65,66,67,68,69,70,71,72,73,74,75,76,77,78,79,80,81,82,83,84,85,86,87,88,89,90,91,92,93,94,95,96,97,98,99,100,101,102,103,104,105,106,107","unidentified (upper/body half)"
"Mithra","Skeleton + Base Tex","ROM/51/89.dat","mw00","mw0","92","189664","16","9","24","0,1,2,3,4,5,6,7,8,9,10,11,12,13,14,15,28,29,30,31,32,33,34,35","unidentified (root/lower-body half)"
"Mithra","Skeleton + Base Tex","ROM/51/89.dat","mw01","mw0","93","195616","16","9","72","36,37,38,39,40,41,42,43,44,45,46,47,48,49,50,51,52,53,54,55,56,57,58,59,60,61,62,63,64,65,66,67,68,69,70,71,72,73,74,75,76,77,78,79,80,81,82,83,84,85,86,87,88,89,90,91,92,93,94,95,96,97,98,99,100,101,102,103,104,105,106,107","unidentified (upper/body half)"
"Mithra","Skeleton + Base Tex","ROM/51/89.dat","mw10","mw1","94","213344","16","15","24","0,1,2,3,4,5,6,7,8,9,10,11,12,13,14,15,28,29,30,31,32,33,34,35","unidentified (root/lower-body half)"
"Mithra","Skeleton + Base Tex","ROM/51/89.dat","mw11","mw1","95","219552","16","15","72","36,37,38,39,40,41,42,43,44,45,46,47,48,49,50,51,52,53,54,55,56,57,58,59,60,61,62,63,64,65,66,67,68,69,70,71,72,73,74,75,76,77,78,79,80,81,82,83,84,85,86,87,88,89,90,91,92,93,94,95,96,97,98,99,100,101,102,103,104,105,106,107","unidentified (upper/body half)"
"Mithra","Skeleton + Base Tex","ROM/51/89.dat","mw20","mw2","96","240608","16","9","24","0,1,2,3,4,5,6,7,8,9,10,11,12,13,14,15,28,29,30,31,32,33,34,35","unidentified (root/lower-body half)"
"Mithra","Skeleton + Base Tex","ROM/51/89.dat","cm00","cm0","97","246304","16","15","24","0,1,2,3,4,5,6,7,8,9,10,11,12,13,14,15,28,29,30,31,32,33,34,35","combat/stance group 0 (root/lower-body half)"
"Mithra","Skeleton + Base Tex","ROM/51/89.dat","mw21","mw2","98","252384","16","9","72","36,37,38,39,40,41,42,43,44,45,46,47,48,49,50,51,52,53,54,55,56,57,58,59,60,61,62,63,64,65,66,67,68,69,70,71,72,73,74,75,76,77,78,79,80,81,82,83,84,85,86,87,88,89,90,91,92,93,94,95,96,97,98,99,100,101,102,103,104,105,106,107","unidentified (upper/body half)"
"Mithra","Skeleton + Base Tex","ROM/51/89.dat","rx00","rx0","99","264928","14","15","24","0,1,2,3,4,5,6,7,8,9,10,11,12,13,14,15,28,29,30,31,32,33,34,35","unidentified (root/lower-body half)"
"Mithra","Skeleton + Base Tex","ROM/51/89.dat","rx10","rx1","100","270512","16","9","24","0,1,2,3,4,5,6,7,8,9,10,11,12,13,14,15,28,29,30,31,32,33,34,35","unidentified (root/lower-body half)"
"Mithra","Skeleton + Base Tex","ROM/51/89.dat","rx20","rx2","101","274416","15","15","24","0,1,2,3,4,5,6,7,8,9,10,11,12,13,14,15,28,29,30,31,32,33,34,35","unidentified (root/lower-body half)"
"Mithra","Skeleton + Base Tex","ROM/51/89.dat","mb01","mb0","102","280240","16","30","72","36,37,38,39,40,41,42,43,44,45,46,47,48,49,50,51,52,53,54,55,56,57,58,59,60,61,62,63,64,65,66,67,68,69,70,71,72,73,74,75,76,77,78,79,80,81,82,83,84,85,86,87,88,89,90,91,92,93,94,95,96,97,98,99,100,101,102,103,104,105,106,107","unidentified (upper/body half)"
"Mithra","Skeleton + Base Tex","ROM/51/89.dat","mb11","mb1","103","297904","31","30","72","36,37,38,39,40,41,42,43,44,45,46,47,48,49,50,51,52,53,54,55,56,57,58,59,60,61,62,63,64,65,66,67,68,69,70,71,72,73,74,75,76,77,78,79,80,81,82,83,84,85,86,87,88,89,90,91,92,93,94,95,96,97,98,99,100,101,102,103,104,105,106,107","unidentified (upper/body half)"
"Mithra","Skeleton + Base Tex","ROM/51/89.dat","mb21","mb2","104","333008","16","15","72","36,37,38,39,40,41,42,43,44,45,46,47,48,49,50,51,52,53,54,55,56,57,58,59,60,61,62,63,64,65,66,67,68,69,70,71,72,73,74,75,76,77,78,79,80,81,82,83,84,85,86,87,88,89,90,91,92,93,94,95,96,97,98,99,100,101,102,103,104,105,106,107","unidentified (upper/body half)"
"Mithra","Skeleton + Base Tex","ROM/51/89.dat","mou4","mou","105","349712","31","15","1","46","unidentified"
"Mithra","Skeleton + Base Tex","ROM/51/89.dat","eye3","eye","106","350080","7","30","2","42,43","unidentified"
"Mithra","Skeleton + Base Tex","ROM/51/89.dat","yu01","yu0","107","350512","31","15","72","36,37,38,39,40,41,42,43,44,45,46,47,48,49,50,51,52,53,54,55,56,57,58,59,60,61,62,63,64,65,66,67,68,69,70,71,72,73,74,75,76,77,78,79,80,81,82,83,84,85,86,87,88,89,90,91,92,93,94,95,96,97,98,99,100,101,102,103,104,105,106,107","unidentified (upper/body half)"
"Mithra","Skeleton + Base Tex","ROM/51/89.dat","yu10","yu1","108","389328","16","6","24","0,1,2,3,4,5,6,7,8,9,10,11,12,13,14,15,28,29,30,31,32,33,34,35","unidentified (root/lower-body half)"
"Mithra","Skeleton + Base Tex","ROM/51/89.dat","yu11","yu1","109","395024","16","6","72","36,37,38,39,40,41,42,43,44,45,46,47,48,49,50,51,52,53,54,55,56,57,58,59,60,61,62,63,64,65,66,67,68,69,70,71,72,73,74,75,76,77,78,79,80,81,82,83,84,85,86,87,88,89,90,91,92,93,94,95,96,97,98,99,100,101,102,103,104,105,106,107","unidentified (upper/body half)"
"Mithra","Skeleton + Base Tex","ROM/51/89.dat","yu20","yu2","110","408784","44","30","24","0,1,2,3,4,5,6,7,8,9,10,11,12,13,14,15,28,29,30,31,32,33,34,35","unidentified (root/lower-body half)"
"Mithra","Skeleton + Base Tex","ROM/51/89.dat","gu00","gu0","111","421568","16","15","24","0,1,2,3,4,5,6,7,8,9,10,11,12,13,14,15,28,29,30,31,32,33,34,35","unidentified (root/lower-body half)"
"Mithra","Skeleton + Base Tex","ROM/51/89.dat","gu01","gu0","112","427520","16","15","72","36,37,38,39,40,41,42,43,44,45,46,47,48,49,50,51,52,53,54,55,56,57,58,59,60,61,62,63,64,65,66,67,68,69,70,71,72,73,74,75,76,77,78,79,80,81,82,83,84,85,86,87,88,89,90,91,92,93,94,95,96,97,98,99,100,101,102,103,104,105,106,107","unidentified (upper/body half)"
"Mithra","Skeleton + Base Tex","ROM/51/89.dat","gu10","gu1","113","448960","16","7.5","24","0,1,2,3,4,5,6,7,8,9,10,11,12,13,14,15,28,29,30,31,32,33,34,35","unidentified (root/lower-body half)"
"Mithra","Skeleton + Base Tex","ROM/51/89.dat","gu11","gu1","114","454592","16","7.5","72","36,37,38,39,40,41,42,43,44,45,46,47,48,49,50,51,52,53,54,55,56,57,58,59,60,61,62,63,64,65,66,67,68,69,70,71,72,73,74,75,76,77,78,79,80,81,82,83,84,85,86,87,88,89,90,91,92,93,94,95,96,97,98,99,100,101,102,103,104,105,106,107","unidentified (upper/body half)"
"Mithra","Skeleton + Base Tex","ROM/51/89.dat","gu20","gu2","115","464832","43","30","24","0,1,2,3,4,5,6,7,8,9,10,11,12,13,14,15,28,29,30,31,32,33,34,35","unidentified (root/lower-body half)"
"Mithra","Skeleton + Base Tex","ROM/51/89.dat","gu21","gu2","116","477376","43","30","72","36,37,38,39,40,41,42,43,44,45,46,47,48,49,50,51,52,53,54,55,56,57,58,59,60,61,62,63,64,65,66,67,68,69,70,71,72,73,74,75,76,77,78,79,80,81,82,83,84,85,86,87,88,89,90,91,92,93,94,95,96,97,98,99,100,101,102,103,104,105,106,107","unidentified (upper/body half)"
"Mithra","Skeleton + Base Tex","ROM/51/89.dat","na20","na2","117","525776","81","30","24","0,1,2,3,4,5,6,7,8,9,10,11,12,13,14,15,28,29,30,31,32,33,34,35","unidentified (root/lower-body half)"
"Mithra","Skeleton + Base Tex","ROM/51/89.dat","na00","na0","118","547584","16","15","24","0,1,2,3,4,5,6,7,8,9,10,11,12,13,14,15,28,29,30,31,32,33,34,35","unidentified (root/lower-body half)"
"Mithra","Skeleton + Base Tex","ROM/51/89.dat","na10","na1","119","553536","16","7.5","24","0,1,2,3,4,5,6,7,8,9,10,11,12,13,14,15,28,29,30,31,32,33,34,35","unidentified (root/lower-body half)"
"Mithra","Skeleton + Base Tex","ROM/51/89.dat","na11","na1","120","559232","16","7.5","72","36,37,38,39,40,41,42,43,44,45,46,47,48,49,50,51,52,53,54,55,56,57,58,59,60,61,62,63,64,65,66,67,68,69,70,71,72,73,74,75,76,77,78,79,80,81,82,83,84,85,86,87,88,89,90,91,92,93,94,95,96,97,98,99,100,101,102,103,104,105,106,107","unidentified (upper/body half)"
"Mithra","Skeleton + Base Tex","ROM/51/89.dat","na01","na0","121","570368","16","15","72","36,37,38,39,40,41,42,43,44,45,46,47,48,49,50,51,52,53,54,55,56,57,58,59,60,61,62,63,64,65,66,67,68,69,70,71,72,73,74,75,76,77,78,79,80,81,82,83,84,85,86,87,88,89,90,91,92,93,94,95,96,97,98,99,100,101,102,103,104,105,106,107","unidentified (upper/body half)"
"Mithra","Skeleton + Base Tex","ROM/51/89.dat","na21","na2","122","592064","81","30","72","36,37,38,39,40,41,42,43,44,45,46,47,48,49,50,51,52,53,54,55,56,57,58,59,60,61,62,63,64,65,66,67,68,69,70,71,72,73,74,75,76,77,78,79,80,81,82,83,84,85,86,87,88,89,90,91,92,93,94,95,96,97,98,99,100,101,102,103,104,105,106,107","unidentified (upper/body half)"
"Mithra","Skeleton + Base Tex","ROM/51/89.dat","yu00","yu0","123","679792","31","15","24","0,1,2,3,4,5,6,7,8,9,10,11,12,13,14,15,28,29,30,31,32,33,34,35","unidentified (root/lower-body half)"
"Mithra","Skeleton + Base Tex","ROM/51/89.dat","yu21","yu2","124","689408","44","30","72","36,37,38,39,40,41,42,43,44,45,46,47,48,49,50,51,52,53,54,55,56,57,58,59,60,61,62,63,64,65,66,67,68,69,70,71,72,73,74,75,76,77,78,79,80,81,82,83,84,85,86,87,88,89,90,91,92,93,94,95,96,97,98,99,100,101,102,103,104,105,106,107","unidentified (upper/body half)"
"Mithra","Skeleton + Base Tex","ROM/51/89.dat","rx11","rx1","125","742656","16","9","72","36,37,38,39,40,41,42,43,44,45,46,47,48,49,50,51,52,53,54,55,56,57,58,59,60,61,62,63,64,65,66,67,68,69,70,71,72,73,74,75,76,77,78,79,80,81,82,83,84,85,86,87,88,89,90,91,92,93,94,95,96,97,98,99,100,101,102,103,104,105,106,107","unidentified (upper/body half)"
"Mithra","Skeleton + Base Tex","ROM/51/89.dat","dbm1","dbm","126","753856","2","30","72","36,37,38,39,40,41,42,43,44,45,46,47,48,49,50,51,52,53,54,55,56,57,58,59,60,61,62,63,64,65,66,67,68,69,70,71,72,73,74,75,76,77,78,79,80,81,82,83,84,85,86,87,88,89,90,91,92,93,94,95,96,97,98,99,100,101,102,103,104,105,106,107","unidentified (upper/body half)"
"Mithra","Skeleton + Base Tex","ROM/51/89.dat","ded1","ded","127","759936","31","15","72","36,37,38,39,40,41,42,43,44,45,46,47,48,49,50,51,52,53,54,55,56,57,58,59,60,61,62,63,64,65,66,67,68,69,70,71,72,73,74,75,76,77,78,79,80,81,82,83,84,85,86,87,88,89,90,91,92,93,94,95,96,97,98,99,100,101,102,103,104,105,106,107","unidentified (upper/body half)"
"Mithra","Skeleton + Base Tex","ROM/51/89.dat","dfm1","dfm","128","795776","2","30","72","36,37,38,39,40,41,42,43,44,45,46,47,48,49,50,51,52,53,54,55,56,57,58,59,60,61,62,63,64,65,66,67,68,69,70,71,72,73,74,75,76,77,78,79,80,81,82,83,84,85,86,87,88,89,90,91,92,93,94,95,96,97,98,99,100,101,102,103,104,105,106,107","unidentified (upper/body half)"
"Mithra","Skeleton + Base Tex","ROM/51/89.dat","ri01","ri0","129","801856","19","30","72","36,37,38,39,40,41,42,43,44,45,46,47,48,49,50,51,52,53,54,55,56,57,58,59,60,61,62,63,64,65,66,67,68,69,70,71,72,73,74,75,76,77,78,79,80,81,82,83,84,85,86,87,88,89,90,91,92,93,94,95,96,97,98,99,100,101,102,103,104,105,106,107","unidentified (upper/body half)"
"Mithra","Skeleton + Base Tex","ROM/51/89.dat","rx01","rx0","130","813936","14","15","72","36,37,38,39,40,41,42,43,44,45,46,47,48,49,50,51,52,53,54,55,56,57,58,59,60,61,62,63,64,65,66,67,68,69,70,71,72,73,74,75,76,77,78,79,80,81,82,83,84,85,86,87,88,89,90,91,92,93,94,95,96,97,98,99,100,101,102,103,104,105,106,107","unidentified (upper/body half)"
"Mithra","Skeleton + Base Tex","ROM/51/89.dat","cor1","cor","131","834864","2","30","72","36,37,38,39,40,41,42,43,44,45,46,47,48,49,50,51,52,53,54,55,56,57,58,59,60,61,62,63,64,65,66,67,68,69,70,71,72,73,74,75,76,77,78,79,80,81,82,83,84,85,86,87,88,89,90,91,92,93,94,95,96,97,98,99,100,101,102,103,104,105,106,107","unidentified (upper/body half)"
"Mithra","Skeleton + Base Tex","ROM/51/89.dat","rx21","rx2","132","840944","15","15","72","36,37,38,39,40,41,42,43,44,45,46,47,48,49,50,51,52,53,54,55,56,57,58,59,60,61,62,63,64,65,66,67,68,69,70,71,72,73,74,75,76,77,78,79,80,81,82,83,84,85,86,87,88,89,90,91,92,93,94,95,96,97,98,99,100,101,102,103,104,105,106,107","unidentified (upper/body half)"
"Mithra","Skeleton + Base Tex","ROM/51/89.dat","std1","std","133","862928","51","15","72","36,37,38,39,40,41,42,43,44,45,46,47,48,49,50,51,52,53,54,55,56,57,58,59,60,61,62,63,64,65,66,67,68,69,70,71,72,73,74,75,76,77,78,79,80,81,82,83,84,85,86,87,88,89,90,91,92,93,94,95,96,97,98,99,100,101,102,103,104,105,106,107","standard/standing cycle (upper/body half)"
"Mithra","Skeleton + Base Tex","ROM/51/89.dat","ri00","ri0","134","916336","19","30","24","0,1,2,3,4,5,6,7,8,9,10,11,12,13,14,15,28,29,30,31,32,33,34,35","unidentified (root/lower-body half)"
"Mithra","Skeleton + Base Tex","ROM/51/89.dat","bb10","bb1","135","920512","10","15","24","0,1,2,3,4,5,6,7,8,9,10,11,12,13,14,15,28,29,30,31,32,33,34,35","unidentified (root/lower-body half)"
"Mithra","Skeleton + Base Tex","ROM/51/89.dat","bb00","bb0","136","925008","2","30","24","0,1,2,3,4,5,6,7,8,9,10,11,12,13,14,15,28,29,30,31,32,33,34,35","unidentified (root/lower-body half)"
"Mithra","Skeleton + Base Tex","ROM/51/89.dat","bf00","bf0","137","927552","2","30","24","0,1,2,3,4,5,6,7,8,9,10,11,12,13,14,15,28,29,30,31,32,33,34,35","unidentified (root/lower-body half)"
"Mithra","Skeleton + Base Tex","ROM/51/89.dat","bf10","bf1","138","930096","10","15","24","0,1,2,3,4,5,6,7,8,9,10,11,12,13,14,15,28,29,30,31,32,33,34,35","unidentified (root/lower-body half)"
"Mithra","Skeleton + Base Tex","ROM/51/89.dat","bb11","bb1","139","934592","10","15","72","36,37,38,39,40,41,42,43,44,45,46,47,48,49,50,51,52,53,54,55,56,57,58,59,60,61,62,63,64,65,66,67,68,69,70,71,72,73,74,75,76,77,78,79,80,81,82,83,84,85,86,87,88,89,90,91,92,93,94,95,96,97,98,99,100,101,102,103,104,105,106,107","unidentified (upper/body half)"
"Mithra","Skeleton + Base Tex","ROM/51/89.dat","bb01","bb0","140","948832","2","30","72","36,37,38,39,40,41,42,43,44,45,46,47,48,49,50,51,52,53,54,55,56,57,58,59,60,61,62,63,64,65,66,67,68,69,70,71,72,73,74,75,76,77,78,79,80,81,82,83,84,85,86,87,88,89,90,91,92,93,94,95,96,97,98,99,100,101,102,103,104,105,106,107","unidentified (upper/body half)"
"Mithra","Skeleton + Base Tex","ROM/51/89.dat","bf01","bf0","141","956512","2","30","72","36,37,38,39,40,41,42,43,44,45,46,47,48,49,50,51,52,53,54,55,56,57,58,59,60,61,62,63,64,65,66,67,68,69,70,71,72,73,74,75,76,77,78,79,80,81,82,83,84,85,86,87,88,89,90,91,92,93,94,95,96,97,98,99,100,101,102,103,104,105,106,107","unidentified (upper/body half)"
"Mithra","Skeleton + Base Tex","ROM/51/89.dat","bf11","bf1","142","964224","10","15","72","36,37,38,39,40,41,42,43,44,45,46,47,48,49,50,51,52,53,54,55,56,57,58,59,60,61,62,63,64,65,66,67,68,69,70,71,72,73,74,75,76,77,78,79,80,81,82,83,84,85,86,87,88,89,90,91,92,93,94,95,96,97,98,99,100,101,102,103,104,105,106,107","unidentified (upper/body half)"
"Mithra","Skeleton + Base Tex","ROM/51/89.dat","mb00","mb0","143","978464","16","30","24","0,1,2,3,4,5,6,7,8,9,10,11,12,13,14,15,28,29,30,31,32,33,34,35","unidentified (root/lower-body half)"
"Mithra","Skeleton + Base Tex","ROM/51/89.dat","mb20","mb2","144","984416","16","15","24","0,1,2,3,4,5,6,7,8,9,10,11,12,13,14,15,28,29,30,31,32,33,34,35","unidentified (root/lower-body half)"
"Mithra","Skeleton + Base Tex","ROM/51/89.dat","mb10","mb1","145","990112","31","30","24","0,1,2,3,4,5,6,7,8,9,10,11,12,13,14,15,28,29,30,31,32,33,34,35","unidentified (root/lower-body half)"
"Mithra","Skeleton + Base Tex","ROM/51/89.dat","na31","na3","146","1000224","31","30","72","36,37,38,39,40,41,42,43,44,45,46,47,48,49,50,51,52,53,54,55,56,57,58,59,60,61,62,63,64,65,66,67,68,69,70,71,72,73,74,75,76,77,78,79,80,81,82,83,84,85,86,87,88,89,90,91,92,93,94,95,96,97,98,99,100,101,102,103,104,105,106,107","unidentified (upper/body half)"
"Mithra","Skeleton + Base Tex","ROM/51/89.dat","na30","na3","147","1036560","31","30","24","0,1,2,3,4,5,6,7,8,9,10,11,12,13,14,15,28,29,30,31,32,33,34,35","unidentified (root/lower-body half)"
"Mithra","Skeleton + Base Tex","ROM/51/89.dat","sf10","sf1","148","1046176","21","15","24","0,1,2,3,4,5,6,7,8,9,10,11,12,13,14,15,28,29,30,31,32,33,34,35","unidentified (root/lower-body half)"
"Mithra","Skeleton + Base Tex","ROM/51/89.dat","sf01","sf0","149","1052928","16","15","72","36,37,38,39,40,41,42,43,44,45,46,47,48,49,50,51,52,53,54,55,56,57,58,59,60,61,62,63,64,65,66,67,68,69,70,71,72,73,74,75,76,77,78,79,80,81,82,83,84,85,86,87,88,89,90,91,92,93,94,95,96,97,98,99,100,101,102,103,104,105,106,107","unidentified (upper/body half)"
"Mithra","Skeleton + Base Tex","ROM/51/89.dat","sf00","sf0","150","1075776","16","15","24","0,1,2,3,4,5,6,7,8,9,10,11,12,13,14,15,28,29,30,31,32,33,34,35","unidentified (root/lower-body half)"
"Mithra","Skeleton + Base Tex","ROM/51/89.dat","sf11","sf1","151","1081728","21","15","72","36,37,38,39,40,41,42,43,44,45,46,47,48,49,50,51,52,53,54,55,56,57,58,59,60,61,62,63,64,65,66,67,68,69,70,71,72,73,74,75,76,77,78,79,80,81,82,83,84,85,86,87,88,89,90,91,92,93,94,95,96,97,98,99,100,101,102,103,104,105,106,107","unidentified (upper/body half)"
"Mithra","Skeleton + Base Tex","ROM/51/89.dat","sf20","sf2","152","1098560","18","10.851","24","0,1,2,3,4,5,6,7,8,9,10,11,12,13,14,15,28,29,30,31,32,33,34,35","unidentified (root/lower-body half)"
"Mithra","Skeleton + Base Tex","ROM/51/89.dat","sf21","sf2","153","1105008","18","10.851","72","36,37,38,39,40,41,42,43,44,45,46,47,48,49,50,51,52,53,54,55,56,57,58,59,60,61,62,63,64,65,66,67,68,69,70,71,72,73,74,75,76,77,78,79,80,81,82,83,84,85,86,87,88,89,90,91,92,93,94,95,96,97,98,99,100,101,102,103,104,105,106,107","unidentified (upper/body half)"
"Mithra","Skeleton + Base Tex","ROM/51/89.dat","sk20","sk2","154","1129808","48","30","24","0,1,2,3,4,5,6,7,8,9,10,11,12,13,14,15,28,29,30,31,32,33,34,35","unidentified (root/lower-body half)"
"Mithra","Skeleton + Base Tex","ROM/51/89.dat","sk11","sk1","155","1143568","16","10.5","72","36,37,38,39,40,41,42,43,44,45,46,47,48,49,50,51,52,53,54,55,56,57,58,59,60,61,62,63,64,65,66,67,68,69,70,71,72,73,74,75,76,77,78,79,80,81,82,83,84,85,86,87,88,89,90,91,92,93,94,95,96,97,98,99,100,101,102,103,104,105,106,107","unidentified (upper/body half)"
"Mithra","Skeleton + Base Tex","ROM/51/89.dat","sk10","sk1","156","1156944","16","10.5","24","0,1,2,3,4,5,6,7,8,9,10,11,12,13,14,15,28,29,30,31,32,33,34,35","unidentified (root/lower-body half)"
"Mithra","Skeleton + Base Tex","ROM/51/89.dat","sk21","sk2","157","1162640","48","30","72","36,37,38,39,40,41,42,43,44,45,46,47,48,49,50,51,52,53,54,55,56,57,58,59,60,61,62,63,64,65,66,67,68,69,70,71,72,73,74,75,76,77,78,79,80,81,82,83,84,85,86,87,88,89,90,91,92,93,94,95,96,97,98,99,100,101,102,103,104,105,106,107","unidentified (upper/body half)"
"Mithra","Skeleton + Base Tex","ROM/51/89.dat","sh20","sh2","158","1216528","16","9.574","24","0,1,2,3,4,5,6,7,8,9,10,11,12,13,14,15,28,29,30,31,32,33,34,35","unidentified (root/lower-body half)"
"Mithra","Skeleton + Base Tex","ROM/51/89.dat","sh21","sh2","159","1222480","16","9.574","72","36,37,38,39,40,41,42,43,44,45,46,47,48,49,50,51,52,53,54,55,56,57,58,59,60,61,62,63,64,65,66,67,68,69,70,71,72,73,74,75,76,77,78,79,80,81,82,83,84,85,86,87,88,89,90,91,92,93,94,95,96,97,98,99,100,101,102,103,104,105,106,107","unidentified (upper/body half)"
"Mithra","Skeleton + Base Tex","ROM/51/89.dat","sh10","sh1","160","1244688","21","7.5","24","0,1,2,3,4,5,6,7,8,9,10,11,12,13,14,15,28,29,30,31,32,33,34,35","unidentified (root/lower-body half)"
"Mithra","Skeleton + Base Tex","ROM/51/89.dat","sh11","sh1","161","1251440","21","7.5","72","36,37,38,39,40,41,42,43,44,45,46,47,48,49,50,51,52,53,54,55,56,57,58,59,60,61,62,63,64,65,66,67,68,69,70,71,72,73,74,75,76,77,78,79,80,81,82,83,84,85,86,87,88,89,90,91,92,93,94,95,96,97,98,99,100,101,102,103,104,105,106,107","unidentified (upper/body half)"
"Mithra","Skeleton + Base Tex","ROM/51/89.dat","sh01","sh0","162","1267776","16","15","72","36,37,38,39,40,41,42,43,44,45,46,47,48,49,50,51,52,53,54,55,56,57,58,59,60,61,62,63,64,65,66,67,68,69,70,71,72,73,74,75,76,77,78,79,80,81,82,83,84,85,86,87,88,89,90,91,92,93,94,95,96,97,98,99,100,101,102,103,104,105,106,107","unidentified (upper/body half)"
"Mithra","Skeleton + Base Tex","ROM/51/89.dat","sh00","sh0","163","1290240","16","15","24","0,1,2,3,4,5,6,7,8,9,10,11,12,13,14,15,28,29,30,31,32,33,34,35","unidentified (root/lower-body half)"
"Mithra","Skeleton + Base Tex","ROM/51/89.dat","mn21","mn2","164","1296192","11","15","72","36,37,38,39,40,41,42,43,44,45,46,47,48,49,50,51,52,53,54,55,56,57,58,59,60,61,62,63,64,65,66,67,68,69,70,71,72,73,74,75,76,77,78,79,80,81,82,83,84,85,86,87,88,89,90,91,92,93,94,95,96,97,98,99,100,101,102,103,104,105,106,107","unidentified (upper/body half)"
"Mithra","Skeleton + Base Tex","ROM/51/89.dat","mn01","mn0","165","1306624","11","15","72","36,37,38,39,40,41,42,43,44,45,46,47,48,49,50,51,52,53,54,55,56,57,58,59,60,61,62,63,64,65,66,67,68,69,70,71,72,73,74,75,76,77,78,79,80,81,82,83,84,85,86,87,88,89,90,91,92,93,94,95,96,97,98,99,100,101,102,103,104,105,106,107","unidentified (upper/body half)"
"Mithra","Skeleton + Base Tex","ROM/51/89.dat","mn10","mn1","166","1316928","31","30","24","0,1,2,3,4,5,6,7,8,9,10,11,12,13,14,15,28,29,30,31,32,33,34,35","unidentified (root/lower-body half)"
"Mithra","Skeleton + Base Tex","ROM/51/89.dat","mn11","mn1","167","1326672","31","30","72","36,37,38,39,40,41,42,43,44,45,46,47,48,49,50,51,52,53,54,55,56,57,58,59,60,61,62,63,64,65,66,67,68,69,70,71,72,73,74,75,76,77,78,79,80,81,82,83,84,85,86,87,88,89,90,91,92,93,94,95,96,97,98,99,100,101,102,103,104,105,106,107","unidentified (upper/body half)"
"Mithra","Skeleton + Base Tex","ROM/51/89.dat","mn20","mn2","168","1360288","11","15","24","0,1,2,3,4,5,6,7,8,9,10,11,12,13,14,15,28,29,30,31,32,33,34,35","unidentified (root/lower-body half)"
"Mithra","Skeleton + Base Tex","ROM/51/89.dat","mn00","mn0","169","1364896","11","15","24","0,1,2,3,4,5,6,7,8,9,10,11,12,13,14,15,28,29,30,31,32,33,34,35","unidentified (root/lower-body half)"
"Mithra","Skeleton + Base Tex","ROM/51/89.dat","ms00","ms0","170","1369504","11","15","24","0,1,2,3,4,5,6,7,8,9,10,11,12,13,14,15,28,29,30,31,32,33,34,35","unidentified (root/lower-body half)"
"Mithra","Skeleton + Base Tex","ROM/51/89.dat","ms01","ms0","171","1374112","11","15","72","36,37,38,39,40,41,42,43,44,45,46,47,48,49,50,51,52,53,54,55,56,57,58,59,60,61,62,63,64,65,66,67,68,69,70,71,72,73,74,75,76,77,78,79,80,81,82,83,84,85,86,87,88,89,90,91,92,93,94,95,96,97,98,99,100,101,102,103,104,105,106,107","unidentified (upper/body half)"
"Mithra","Skeleton + Base Tex","ROM/51/89.dat","ms10","ms1","172","1384064","31","15","24","0,1,2,3,4,5,6,7,8,9,10,11,12,13,14,15,28,29,30,31,32,33,34,35","unidentified (root/lower-body half)"
"Mithra","Skeleton + Base Tex","ROM/51/89.dat","ms11","ms1","173","1393808","31","15","72","36,37,38,39,40,41,42,43,44,45,46,47,48,49,50,51,52,53,54,55,56,57,58,59,60,61,62,63,64,65,66,67,68,69,70,71,72,73,74,75,76,77,78,79,80,81,82,83,84,85,86,87,88,89,90,91,92,93,94,95,96,97,98,99,100,101,102,103,104,105,106,107","unidentified (upper/body half)"
"Mithra","Skeleton + Base Tex","ROM/51/89.dat","ms20","ms2","174","1427296","11","15","24","0,1,2,3,4,5,6,7,8,9,10,11,12,13,14,15,28,29,30,31,32,33,34,35","unidentified (root/lower-body half)"
"Mithra","Skeleton + Base Tex","ROM/51/89.dat","ms21","ms2","175","1431904","11","15","72","36,37,38,39,40,41,42,43,44,45,46,47,48,49,50,51,52,53,54,55,56,57,58,59,60,61,62,63,64,65,66,67,68,69,70,71,72,73,74,75,76,77,78,79,80,81,82,83,84,85,86,87,88,89,90,91,92,93,94,95,96,97,98,99,100,101,102,103,104,105,106,107","unidentified (upper/body half)"
"Mithra","Skeleton + Base Tex","ROM/51/89.dat","si11","si1","176","1441952","16","7.5","72","36,37,38,39,40,41,42,43,44,45,46,47,48,49,50,51,52,53,54,55,56,57,58,59,60,61,62,63,64,65,66,67,68,69,70,71,72,73,74,75,76,77,78,79,80,81,82,83,84,85,86,87,88,89,90,91,92,93,94,95,96,97,98,99,100,101,102,103,104,105,106,107","unidentified (upper/body half)"
"Mithra","Skeleton + Base Tex","ROM/51/89.dat","si01","si0","177","1453664","30","15","72","36,37,38,39,40,41,42,43,44,45,46,47,48,49,50,51,52,53,54,55,56,57,58,59,60,61,62,63,64,65,66,67,68,69,70,71,72,73,74,75,76,77,78,79,80,81,82,83,84,85,86,87,88,89,90,91,92,93,94,95,96,97,98,99,100,101,102,103,104,105,106,107","unidentified (upper/body half)"
"Mithra","Skeleton + Base Tex","ROM/51/89.dat","si21","si2","178","1492752","31","15","72","36,37,38,39,40,41,42,43,44,45,46,47,48,49,50,51,52,53,54,55,56,57,58,59,60,61,62,63,64,65,66,67,68,69,70,71,72,73,74,75,76,77,78,79,80,81,82,83,84,85,86,87,88,89,90,91,92,93,94,95,96,97,98,99,100,101,102,103,104,105,106,107","unidentified (upper/body half)"
"Mithra","Skeleton + Base Tex","ROM/51/89.dat","si10","si1","179","1531440","16","7.5","24","0,1,2,3,4,5,6,7,8,9,10,11,12,13,14,15,28,29,30,31,32,33,34,35","unidentified (root/lower-body half)"
"Mithra","Skeleton + Base Tex","ROM/51/89.dat","si00","si0","180","1536944","30","15","24","0,1,2,3,4,5,6,7,8,9,10,11,12,13,14,15,28,29,30,31,32,33,34,35","unidentified (root/lower-body half)"
"Mithra","Skeleton + Base Tex","ROM/51/89.dat","si20","si2","181","1546912","31","15","24","0,1,2,3,4,5,6,7,8,9,10,11,12,13,14,15,28,29,30,31,32,33,34,35","unidentified (root/lower-body half)"
"Mithra","Skeleton + Base Tex","ROM/51/89.dat","ma11","ma1","182","1556896","16","15","72","36,37,38,39,40,41,42,43,44,45,46,47,48,49,50,51,52,53,54,55,56,57,58,59,60,61,62,63,64,65,66,67,68,69,70,71,72,73,74,75,76,77,78,79,80,81,82,83,84,85,86,87,88,89,90,91,92,93,94,95,96,97,98,99,100,101,102,103,104,105,106,107","unidentified (upper/body half)"
"Mithra","Skeleton + Base Tex","ROM/51/89.dat","ma01","ma0","183","1581216","17","12","72","36,37,38,39,40,41,42,43,44,45,46,47,48,49,50,51,52,53,54,55,56,57,58,59,60,61,62,63,64,65,66,67,68,69,70,71,72,73,74,75,76,77,78,79,80,81,82,83,84,85,86,87,88,89,90,91,92,93,94,95,96,97,98,99,100,101,102,103,104,105,106,107","unidentified (upper/body half)"
"Mithra","Skeleton + Base Tex","ROM/51/89.dat","ma10","ma1","184","1603280","16","15","24","0,1,2,3,4,5,6,7,8,9,10,11,12,13,14,15,28,29,30,31,32,33,34,35","unidentified (root/lower-body half)"
"Mithra","Skeleton + Base Tex","ROM/51/89.dat","ma00","ma0","185","1609616","17","12","24","0,1,2,3,4,5,6,7,8,9,10,11,12,13,14,15,28,29,30,31,32,33,34,35","unidentified (root/lower-body half)"
"Mithra","Skeleton + Base Tex","ROM/51/89.dat","ma20","ma2","186","1616080","17","15","24","0,1,2,3,4,5,6,7,8,9,10,11,12,13,14,15,28,29,30,31,32,33,34,35","unidentified (root/lower-body half)"
"Mithra","Skeleton + Base Tex","ROM/51/89.dat","ma21","ma2","187","1622272","17","15","72","36,37,38,39,40,41,42,43,44,45,46,47,48,49,50,51,52,53,54,55,56,57,58,59,60,61,62,63,64,65,66,67,68,69,70,71,72,73,74,75,76,77,78,79,80,81,82,83,84,85,86,87,88,89,90,91,92,93,94,95,96,97,98,99,100,101,102,103,104,105,106,107","unidentified (upper/body half)"
"Mithra","Skeleton + Base Tex","ROM/51/89.dat","gc20","gc2","188","1644272","38","15","24","0,1,2,3,4,5,6,7,8,9,10,11,12,13,14,15,28,29,30,31,32,33,34,35","unidentified (root/lower-body half)"
"Mithra","Skeleton + Base Tex","ROM/51/89.dat","gc21","gc2","189","1656816","38","15","72","36,37,38,39,40,41,42,43,44,45,46,47,48,49,50,51,52,53,54,55,56,57,58,59,60,61,62,63,64,65,66,67,68,69,70,71,72,73,74,75,76,77,78,79,80,81,82,83,84,85,86,87,88,89,90,91,92,93,94,95,96,97,98,99,100,101,102,103,104,105,106,107","unidentified (upper/body half)"
"Mithra","Skeleton + Base Tex","ROM/51/89.dat","gh00","gh0","190","1713824","11","15","24","0,1,2,3,4,5,6,7,8,9,10,11,12,13,14,15,28,29,30,31,32,33,34,35","unidentified (root/lower-body half)"
"Mithra","Skeleton + Base Tex","ROM/51/89.dat","gh01","gh0","191","1718912","11","15","72","36,37,38,39,40,41,42,43,44,45,46,47,48,49,50,51,52,53,54,55,56,57,58,59,60,61,62,63,64,65,66,67,68,69,70,71,72,73,74,75,76,77,78,79,80,81,82,83,84,85,86,87,88,89,90,91,92,93,94,95,96,97,98,99,100,101,102,103,104,105,106,107","unidentified (upper/body half)"
"Mithra","Skeleton + Base Tex","ROM/51/89.dat","gh10","gh1","192","1739776","18","15","24","0,1,2,3,4,5,6,7,8,9,10,11,12,13,14,15,28,29,30,31,32,33,34,35","unidentified (root/lower-body half)"
"Mithra","Skeleton + Base Tex","ROM/51/89.dat","gh11","gh1","193","1746800","18","15","72","36,37,38,39,40,41,42,43,44,45,46,47,48,49,50,51,52,53,54,55,56,57,58,59,60,61,62,63,64,65,66,67,68,69,70,71,72,73,74,75,76,77,78,79,80,81,82,83,84,85,86,87,88,89,90,91,92,93,94,95,96,97,98,99,100,101,102,103,104,105,106,107","unidentified (upper/body half)"
"Mithra","Skeleton + Base Tex","ROM/51/89.dat","gh20","gh2","194","1770736","38","15","24","0,1,2,3,4,5,6,7,8,9,10,11,12,13,14,15,28,29,30,31,32,33,34,35","unidentified (root/lower-body half)"
"Mithra","Skeleton + Base Tex","ROM/51/89.dat","gh21","gh2","195","1783280","38","15","72","36,37,38,39,40,41,42,43,44,45,46,47,48,49,50,51,52,53,54,55,56,57,58,59,60,61,62,63,64,65,66,67,68,69,70,71,72,73,74,75,76,77,78,79,80,81,82,83,84,85,86,87,88,89,90,91,92,93,94,95,96,97,98,99,100,101,102,103,104,105,106,107","unidentified (upper/body half)"
"Mithra","Skeleton + Base Tex","ROM/51/89.dat","gc00","gc0","196","1841200","11","15","24","0,1,2,3,4,5,6,7,8,9,10,11,12,13,14,15,28,29,30,31,32,33,34,35","unidentified (root/lower-body half)"
"Mithra","Skeleton + Base Tex","ROM/51/89.dat","gc01","gc0","197","1846288","11","15","72","36,37,38,39,40,41,42,43,44,45,46,47,48,49,50,51,52,53,54,55,56,57,58,59,60,61,62,63,64,65,66,67,68,69,70,71,72,73,74,75,76,77,78,79,80,81,82,83,84,85,86,87,88,89,90,91,92,93,94,95,96,97,98,99,100,101,102,103,104,105,106,107","unidentified (upper/body half)"
"Mithra","Skeleton + Base Tex","ROM/51/89.dat","gc10","gc1","198","1867072","18","15","24","0,1,2,3,4,5,6,7,8,9,10,11,12,13,14,15,28,29,30,31,32,33,34,35","unidentified (root/lower-body half)"
"Mithra","Skeleton + Base Tex","ROM/51/89.dat","gc11","gc1","199","1874096","18","15","72","36,37,38,39,40,41,42,43,44,45,46,47,48,49,50,51,52,53,54,55,56,57,58,59,60,61,62,63,64,65,66,67,68,69,70,71,72,73,74,75,76,77,78,79,80,81,82,83,84,85,86,87,88,89,90,91,92,93,94,95,96,97,98,99,100,101,102,103,104,105,106,107","unidentified (upper/body half)"
"Mithra","Skeleton + Base Tex","ROM/51/89.dat","jmp0","jmp","200","1897456","12","15","24","0,1,2,3,4,5,6,7,8,9,10,11,12,13,14,15,28,29,30,31,32,33,34,35","unidentified (root/lower-body half)"
"Mithra","Skeleton + Base Tex","ROM/51/89.dat","jmp1","jmp","201","1902768","12","15","72","36,37,38,39,40,41,42,43,44,45,46,47,48,49,50,51,52,53,54,55,56,57,58,59,60,61,62,63,64,65,66,67,68,69,70,71,72,73,74,75,76,77,78,79,80,81,82,83,84,85,86,87,88,89,90,91,92,93,94,95,96,97,98,99,100,101,102,103,104,105,106,107","unidentified (upper/body half)"
"Mithra","Animation set 0","ROM/56/14.dat","wlk1","wlk","17","3328","19","15","72","36,37,38,39,40,41,42,43,44,45,46,47,48,49,50,51,52,53,54,55,56,57,58,59,60,61,62,63,64,65,66,67,68,69,70,71,72,73,74,75,76,77,78,79,80,81,82,83,84,85,86,87,88,89,90,91,92,93,94,95,96,97,98,99,100,101,102,103,104,105,106,107","walk (upper/body half)"
"Mithra","Animation set 0","ROM/56/14.dat","amf1","amf","18","19216","35","30","72","36,37,38,39,40,41,42,43,44,45,46,47,48,49,50,51,52,53,54,55,56,57,58,59,60,61,62,63,64,65,66,67,68,69,70,71,72,73,74,75,76,77,78,79,80,81,82,83,84,85,86,87,88,89,90,91,92,93,94,95,96,97,98,99,100,101,102,103,104,105,106,107","unidentified (upper/body half)"
"Mithra","Animation set 0","ROM/56/14.dat","aml1","aml","19","45600","38","30","72","36,37,38,39,40,41,42,43,44,45,46,47,48,49,50,51,52,53,54,55,56,57,58,59,60,61,62,63,64,65,66,67,68,69,70,71,72,73,74,75,76,77,78,79,80,81,82,83,84,85,86,87,88,89,90,91,92,93,94,95,96,97,98,99,100,101,102,103,104,105,106,107","unidentified (upper/body half)"
"Mithra","Animation set 0","ROM/56/14.dat","amr1","amr","20","72816","40","30","72","36,37,38,39,40,41,42,43,44,45,46,47,48,49,50,51,52,53,54,55,56,57,58,59,60,61,62,63,64,65,66,67,68,69,70,71,72,73,74,75,76,77,78,79,80,81,82,83,84,85,86,87,88,89,90,91,92,93,94,95,96,97,98,99,100,101,102,103,104,105,106,107","unidentified (upper/body half)"
"Mithra","Animation set 0","ROM/56/14.dat","at00","at0","21","100976","44","30","24","0,1,2,3,4,5,6,7,8,9,10,11,12,13,14,15,28,29,30,31,32,33,34,35","unidentified (root/lower-body half)"
"Mithra","Animation set 0","ROM/56/14.dat","at01","at0","22","113760","44","30","72","36,37,38,39,40,41,42,43,44,45,46,47,48,49,50,51,52,53,54,55,56,57,58,59,60,61,62,63,64,65,66,67,68,69,70,71,72,73,74,75,76,77,78,79,80,81,82,83,84,85,86,87,88,89,90,91,92,93,94,95,96,97,98,99,100,101,102,103,104,105,106,107","unidentified (upper/body half)"
"Mithra","Animation set 0","ROM/56/14.dat","btl0","btl","23","142544","16","9","24","0,1,2,3,4,5,6,7,8,9,10,11,12,13,14,15,28,29,30,31,32,33,34,35","battle stance (root/lower-body half)"
"Mithra","Animation set 0","ROM/56/14.dat","btl1","btl","24","148496","16","9","72","36,37,38,39,40,41,42,43,44,45,46,47,48,49,50,51,52,53,54,55,56,57,58,59,60,61,62,63,64,65,66,67,68,69,70,71,72,73,74,75,76,77,78,79,80,81,82,83,84,85,86,87,88,89,90,91,92,93,94,95,96,97,98,99,100,101,102,103,104,105,106,107","battle stance (upper/body half)"
"Mithra","Animation set 0","ROM/56/14.dat","mvb1","mvb","25","159440","19","15","72","36,37,38,39,40,41,42,43,44,45,46,47,48,49,50,51,52,53,54,55,56,57,58,59,60,61,62,63,64,65,66,67,68,69,70,71,72,73,74,75,76,77,78,79,80,81,82,83,84,85,86,87,88,89,90,91,92,93,94,95,96,97,98,99,100,101,102,103,104,105,106,107","move backward (upper/body half)"
"Mithra","Animation set 0","ROM/56/14.dat","mvl1","mvl","26","175936","13","15","72","36,37,38,39,40,41,42,43,44,45,46,47,48,49,50,51,52,53,54,55,56,57,58,59,60,61,62,63,64,65,66,67,68,69,70,71,72,73,74,75,76,77,78,79,80,81,82,83,84,85,86,87,88,89,90,91,92,93,94,95,96,97,98,99,100,101,102,103,104,105,106,107","strafe/turn left (upper/body half)"
"Mithra","Animation set 0","ROM/56/14.dat","mvr1","mvr","27","188928","13","15","72","36,37,38,39,40,41,42,43,44,45,46,47,48,49,50,51,52,53,54,55,56,57,58,59,60,61,62,63,64,65,66,67,68,69,70,71,72,73,74,75,76,77,78,79,80,81,82,83,84,85,86,87,88,89,90,91,92,93,94,95,96,97,98,99,100,101,102,103,104,105,106,107","strafe/turn right (upper/body half)"
"Mithra","Animation set 0","ROM/56/14.dat","run1","run","28","202128","11","15","72","36,37,38,39,40,41,42,43,44,45,46,47,48,49,50,51,52,53,54,55,56,57,58,59,60,61,62,63,64,65,66,67,68,69,70,71,72,73,74,75,76,77,78,79,80,81,82,83,84,85,86,87,88,89,90,91,92,93,94,95,96,97,98,99,100,101,102,103,104,105,106,107","run (upper/body half)"
"Mithra","Animation set 0","ROM/56/14.dat","amb1","amb","29","214544","35","30","72","36,37,38,39,40,41,42,43,44,45,46,47,48,49,50,51,52,53,54,55,56,57,58,59,60,61,62,63,64,65,66,67,68,69,70,71,72,73,74,75,76,77,78,79,80,81,82,83,84,85,86,87,88,89,90,91,92,93,94,95,96,97,98,99,100,101,102,103,104,105,106,107","unidentified (upper/body half)"
"Mithra","Animation set 0","ROM/56/14.dat","dfm1","dfm","30","242752","2","30","72","36,37,38,39,40,41,42,43,44,45,46,47,48,49,50,51,52,53,54,55,56,57,58,59,60,61,62,63,64,65,66,67,68,69,70,71,72,73,74,75,76,77,78,79,80,81,82,83,84,85,86,87,88,89,90,91,92,93,94,95,96,97,98,99,100,101,102,103,104,105,106,107","unidentified (upper/body half)"
"Mithra","Animation set 0","ROM/56/14.dat","dbm1","dbm","31","248832","2","30","72","36,37,38,39,40,41,42,43,44,45,46,47,48,49,50,51,52,53,54,55,56,57,58,59,60,61,62,63,64,65,66,67,68,69,70,71,72,73,74,75,76,77,78,79,80,81,82,83,84,85,86,87,88,89,90,91,92,93,94,95,96,97,98,99,100,101,102,103,104,105,106,107","unidentified (upper/body half)"
"Mithra","Animation set 0","ROM/56/14.dat","ded1","ded","32","255136","31","15","72","36,37,38,39,40,41,42,43,44,45,46,47,48,49,50,51,52,53,54,55,56,57,58,59,60,61,62,63,64,65,66,67,68,69,70,71,72,73,74,75,76,77,78,79,80,81,82,83,84,85,86,87,88,89,90,91,92,93,94,95,96,97,98,99,100,101,102,103,104,105,106,107","unidentified (upper/body half)"
"Mithra","Animation set 0","ROM/56/14.dat","cor1","cor","33","288496","2","30","72","36,37,38,39,40,41,42,43,44,45,46,47,48,49,50,51,52,53,54,55,56,57,58,59,60,61,62,63,64,65,66,67,68,69,70,71,72,73,74,75,76,77,78,79,80,81,82,83,84,85,86,87,88,89,90,91,92,93,94,95,96,97,98,99,100,101,102,103,104,105,106,107","unidentified (upper/body half)"
"Mithra","Animation set 0","ROM/56/14.dat","ina0","ina","34","294576","19","15","24","0,1,2,3,4,5,6,7,8,9,10,11,12,13,14,15,28,29,30,31,32,33,34,35","unidentified (root/lower-body half)"
"Mithra","Animation set 0","ROM/56/14.dat","ina1","ina","35","301408","19","15","72","36,37,38,39,40,41,42,43,44,45,46,47,48,49,50,51,52,53,54,55,56,57,58,59,60,61,62,63,64,65,66,67,68,69,70,71,72,73,74,75,76,77,78,79,80,81,82,83,84,85,86,87,88,89,90,91,92,93,94,95,96,97,98,99,100,101,102,103,104,105,106,107","unidentified (upper/body half)"
"Mithra","Animation set 0","ROM/56/14.dat","ota0","ota","36","329680","19","15","24","0,1,2,3,4,5,6,7,8,9,10,11,12,13,14,15,28,29,30,31,32,33,34,35","unidentified (root/lower-body half)"
"Mithra","Animation set 0","ROM/56/14.dat","ota1","ota","37","336512","19","15","72","36,37,38,39,40,41,42,43,44,45,46,47,48,49,50,51,52,53,54,55,56,57,58,59,60,61,62,63,64,65,66,67,68,69,70,71,72,73,74,75,76,77,78,79,80,81,82,83,84,85,86,87,88,89,90,91,92,93,94,95,96,97,98,99,100,101,102,103,104,105,106,107","unidentified (upper/body half)"
"Mithra","Animation set 0","ROM/56/14.dat","gdm1","gdm","38","355824","2","30","72","36,37,38,39,40,41,42,43,44,45,46,47,48,49,50,51,52,53,54,55,56,57,58,59,60,61,62,63,64,65,66,67,68,69,70,71,72,73,74,75,76,77,78,79,80,81,82,83,84,85,86,87,88,89,90,91,92,93,94,95,96,97,98,99,100,101,102,103,104,105,106,107","unidentified (upper/body half)"
"Mithra","Animation set 0","ROM/56/14.dat","at10","at1","39","361904","50","30","24","0,1,2,3,4,5,6,7,8,9,10,11,12,13,14,15,28,29,30,31,32,33,34,35","unidentified (root/lower-body half)"
"Mithra","Animation set 0","ROM/56/14.dat","at11","at1","40","376160","50","30","72","36,37,38,39,40,41,42,43,44,45,46,47,48,49,50,51,52,53,54,55,56,57,58,59,60,61,62,63,64,65,66,67,68,69,70,71,72,73,74,75,76,77,78,79,80,81,82,83,84,85,86,87,88,89,90,91,92,93,94,95,96,97,98,99,100,101,102,103,104,105,106,107","unidentified (upper/body half)"
"Mithra","Animation set 0","ROM/56/14.dat","at20","at2","41","411840","48","30","24","0,1,2,3,4,5,6,7,8,9,10,11,12,13,14,15,28,29,30,31,32,33,34,35","unidentified (root/lower-body half)"
"Mithra","Animation set 0","ROM/56/14.dat","at21","at2","42","425600","48","30","72","36,37,38,39,40,41,42,43,44,45,46,47,48,49,50,51,52,53,54,55,56,57,58,59,60,61,62,63,64,65,66,67,68,69,70,71,72,73,74,75,76,77,78,79,80,81,82,83,84,85,86,87,88,89,90,91,92,93,94,95,96,97,98,99,100,101,102,103,104,105,106,107","unidentified (upper/body half)"
"Mithra","Animation set 0","ROM/56/14.dat","pym1","pym","43","459328","2","30","72","36,37,38,39,40,41,42,43,44,45,46,47,48,49,50,51,52,53,54,55,56,57,58,59,60,61,62,63,64,65,66,67,68,69,70,71,72,73,74,75,76,77,78,79,80,81,82,83,84,85,86,87,88,89,90,91,92,93,94,95,96,97,98,99,100,101,102,103,104,105,106,107","unidentified (upper/body half)"
"Mithra","Animation set 0","ROM/56/14.dat","bf11","bf1","44","465408","10","15","72","36,37,38,39,40,41,42,43,44,45,46,47,48,49,50,51,52,53,54,55,56,57,58,59,60,61,62,63,64,65,66,67,68,69,70,71,72,73,74,75,76,77,78,79,80,81,82,83,84,85,86,87,88,89,90,91,92,93,94,95,96,97,98,99,100,101,102,103,104,105,106,107","unidentified (upper/body half)"
"Mithra","Animation set 0","ROM/56/14.dat","bb11","bb1","45","479648","10","15","72","36,37,38,39,40,41,42,43,44,45,46,47,48,49,50,51,52,53,54,55,56,57,58,59,60,61,62,63,64,65,66,67,68,69,70,71,72,73,74,75,76,77,78,79,80,81,82,83,84,85,86,87,88,89,90,91,92,93,94,95,96,97,98,99,100,101,102,103,104,105,106,107","unidentified (upper/body half)"
"Mithra","Animation set 0","ROM/56/14.dat","bf01","bf0","46","493888","2","30","72","36,37,38,39,40,41,42,43,44,45,46,47,48,49,50,51,52,53,54,55,56,57,58,59,60,61,62,63,64,65,66,67,68,69,70,71,72,73,74,75,76,77,78,79,80,81,82,83,84,85,86,87,88,89,90,91,92,93,94,95,96,97,98,99,100,101,102,103,104,105,106,107","unidentified (upper/body half)"
"Mithra","Animation set 0","ROM/56/14.dat","bb01","bb0","47","501600","2","30","72","36,37,38,39,40,41,42,43,44,45,46,47,48,49,50,51,52,53,54,55,56,57,58,59,60,61,62,63,64,65,66,67,68,69,70,71,72,73,74,75,76,77,78,79,80,81,82,83,84,85,86,87,88,89,90,91,92,93,94,95,96,97,98,99,100,101,102,103,104,105,106,107","unidentified (upper/body half)"
"Mithra","Animation set 0","ROM/56/14.dat","cm01","cm0","48","509280","16","15","72","36,37,38,39,40,41,42,43,44,45,46,47,48,49,50,51,52,53,54,55,56,57,58,59,60,61,62,63,64,65,66,67,68,69,70,71,72,73,74,75,76,77,78,79,80,81,82,83,84,85,86,87,88,89,90,91,92,93,94,95,96,97,98,99,100,101,102,103,104,105,106,107","combat/stance group 0 (upper/body half)"
"Mithra","Animation set 0","ROM/56/14.dat","cm11","cm1","49","528928","16","15","72","36,37,38,39,40,41,42,43,44,45,46,47,48,49,50,51,52,53,54,55,56,57,58,59,60,61,62,63,64,65,66,67,68,69,70,71,72,73,74,75,76,77,78,79,80,81,82,83,84,85,86,87,88,89,90,91,92,93,94,95,96,97,98,99,100,101,102,103,104,105,106,107","combat/stance group 1 (upper/body half)"
"Mithra","Animation set 1","ROM/56/41.dat","bow1","bow","9","1312","39","15","72","36,37,38,39,40,41,42,43,44,45,46,47,48,49,50,51,52,53,54,55,56,57,58,59,60,61,62,63,64,65,66,67,68,69,70,71,72,73,74,75,76,77,78,79,80,81,82,83,84,85,86,87,88,89,90,91,92,93,94,95,96,97,98,99,100,101,102,103,104,105,106,107","unidentified (upper/body half)"
"Mithra","Animation set 1","ROM/56/41.dat","bow0","bow","10","38912","39","15","24","0,1,2,3,4,5,6,7,8,9,10,11,12,13,14,15,28,29,30,31,32,33,34,35","unidentified (root/lower-body half)"
"Mithra","Animation set 1","ROM/56/41.dat","poi1","poi","11","50944","31","15","72","36,37,38,39,40,41,42,43,44,45,46,47,48,49,50,51,52,53,54,55,56,57,58,59,60,61,62,63,64,65,66,67,68,69,70,71,72,73,74,75,76,77,78,79,80,81,82,83,84,85,86,87,88,89,90,91,92,93,94,95,96,97,98,99,100,101,102,103,104,105,106,107","unidentified (upper/body half)"
"Mithra","Animation set 1","ROM/56/41.dat","poi0","poi","12","82576","31","15","24","0,1,2,3,4,5,6,7,8,9,10,11,12,13,14,15,28,29,30,31,32,33,34,35","unidentified (root/lower-body half)"
"Mithra","Animation set 1","ROM/56/41.dat","lau1","lau","13","92320","46","15","72","36,37,38,39,40,41,42,43,44,45,46,47,48,49,50,51,52,53,54,55,56,57,58,59,60,61,62,63,64,65,66,67,68,69,70,71,72,73,74,75,76,77,78,79,80,81,82,83,84,85,86,87,88,89,90,91,92,93,94,95,96,97,98,99,100,101,102,103,104,105,106,107","unidentified (upper/body half)"
"Mithra","Animation set 1","ROM/56/41.dat","lau0","lau","14","138880","46","15","24","0,1,2,3,4,5,6,7,8,9,10,11,12,13,14,15,28,29,30,31,32,33,34,35","unidentified (root/lower-body half)"
"Mithra","Animation set 1","ROM/56/41.dat","wee1","wee","15","152704","49","15","72","36,37,38,39,40,41,42,43,44,45,46,47,48,49,50,51,52,53,54,55,56,57,58,59,60,61,62,63,64,65,66,67,68,69,70,71,72,73,74,75,76,77,78,79,80,81,82,83,84,85,86,87,88,89,90,91,92,93,94,95,96,97,98,99,100,101,102,103,104,105,106,107","unidentified (upper/body half)"
"Mithra","Animation set 1","ROM/56/41.dat","wee0","wee","16","205040","49","15","24","0,1,2,3,4,5,6,7,8,9,10,11,12,13,14,15,28,29,30,31,32,33,34,35","unidentified (root/lower-body half)"
"Mithra","Animation set 1","ROM/56/41.dat","sl21","sl2","17","219248","41","15","72","36,37,38,39,40,41,42,43,44,45,46,47,48,49,50,51,52,53,54,55,56,57,58,59,60,61,62,63,64,65,66,67,68,69,70,71,72,73,74,75,76,77,78,79,80,81,82,83,84,85,86,87,88,89,90,91,92,93,94,95,96,97,98,99,100,101,102,103,104,105,106,107","unidentified (upper/body half)"
"Mithra","Animation set 1","ROM/56/41.dat","sl11","sl1","18","262400","43","15","72","36,37,38,39,40,41,42,43,44,45,46,47,48,49,50,51,52,53,54,55,56,57,58,59,60,61,62,63,64,65,66,67,68,69,70,71,72,73,74,75,76,77,78,79,80,81,82,83,84,85,86,87,88,89,90,91,92,93,94,95,96,97,98,99,100,101,102,103,104,105,106,107","unidentified (upper/body half)"
"Mithra","Animation set 1","ROM/56/41.dat","sl20","sl2","19","307360","41","15","24","0,1,2,3,4,5,6,7,8,9,10,11,12,13,14,15,28,29,30,31,32,33,34,35","unidentified (root/lower-body half)"
"Mithra","Animation set 1","ROM/56/41.dat","sl10","sl1","20","319584","43","15","24","0,1,2,3,4,5,6,7,8,9,10,11,12,13,14,15,28,29,30,31,32,33,34,35","unidentified (root/lower-body half)"
"Mithra","Animation set 1","ROM/56/41.dat","sl30","sl3","21","332304","47","15","24","0,1,2,3,4,5,6,7,8,9,10,11,12,13,14,15,28,29,30,31,32,33,34,35","unidentified (root/lower-body half)"
"Mithra","Animation set 1","ROM/56/41.dat","sl31","sl3","22","345824","47","15","72","36,37,38,39,40,41,42,43,44,45,46,47,48,49,50,51,52,53,54,55,56,57,58,59,60,61,62,63,64,65,66,67,68,69,70,71,72,73,74,75,76,77,78,79,80,81,82,83,84,85,86,87,88,89,90,91,92,93,94,95,96,97,98,99,100,101,102,103,104,105,106,107","unidentified (upper/body half)"
"Mithra","Animation set 1","ROM/56/41.dat","kne1","kne","23","394768","66","15","72","36,37,38,39,40,41,42,43,44,45,46,47,48,49,50,51,52,53,54,55,56,57,58,59,60,61,62,63,64,65,66,67,68,69,70,71,72,73,74,75,76,77,78,79,80,81,82,83,84,85,86,87,88,89,90,91,92,93,94,95,96,97,98,99,100,101,102,103,104,105,106,107","unidentified (upper/body half)"
"Mithra","Animation set 1","ROM/56/41.dat","kne0","kne","24","463952","66","15","24","0,1,2,3,4,5,6,7,8,9,10,11,12,13,14,15,28,29,30,31,32,33,34,35","unidentified (root/lower-body half)"
"Tarutaru Female","Skeleton + Base Tex","ROM/46/93.dat","wlk0","wlk","72","21344","11","15","14","0,1,2,72,73,74,75,76,77,78,79,80,81,82","walk (root/lower-body half)"
"Tarutaru Female","Skeleton + Base Tex","ROM/46/93.dat","ded0","ded","73","24096","18","15","14","0,1,2,72,73,74,75,76,77,78,79,80,81,82","unidentified (root/lower-body half)"
"Tarutaru Female","Skeleton + Base Tex","ROM/46/93.dat","idl0","idl","74","28192","16","7.5","14","0,1,2,72,73,74,75,76,77,78,79,80,81,82","idle (root/lower-body half)"
"Tarutaru Female","Skeleton + Base Tex","ROM/46/93.dat","mvb0","mvb","75","31648","11","15","14","0,1,2,72,73,74,75,76,77,78,79,80,81,82","move backward (root/lower-body half)"
"Tarutaru Female","Skeleton + Base Tex","ROM/46/93.dat","mvl0","mvl","76","34448","11","15","14","0,1,2,72,73,74,75,76,77,78,79,80,81,82","strafe/turn left (root/lower-body half)"
"Tarutaru Female","Skeleton + Base Tex","ROM/46/93.dat","mvr0","mvr","77","37280","11","15","14","0,1,2,72,73,74,75,76,77,78,79,80,81,82","strafe/turn right (root/lower-body half)"
"Tarutaru Female","Skeleton + Base Tex","ROM/46/93.dat","run0","run","78","40112","11","15","14","0,1,2,72,73,74,75,76,77,78,79,80,81,82","run (root/lower-body half)"
"Tarutaru Female","Skeleton + Base Tex","ROM/46/93.dat","rx00","rx0","79","42944","14","15","14","0,1,2,72,73,74,75,76,77,78,79,80,81,82","unidentified (root/lower-body half)"
"Tarutaru Female","Skeleton + Base Tex","ROM/46/93.dat","rx10","rx1","80","45952","30","15","14","0,1,2,72,73,74,75,76,77,78,79,80,81,82","unidentified (root/lower-body half)"
"Tarutaru Female","Skeleton + Base Tex","ROM/46/93.dat","rx20","rx2","81","50400","15","15","14","0,1,2,72,73,74,75,76,77,78,79,80,81,82","unidentified (root/lower-body half)"
"Tarutaru Female","Skeleton + Base Tex","ROM/46/93.dat","std0","std","82","53536","51","15","14","0,1,2,72,73,74,75,76,77,78,79,80,81,82","standard/standing cycle (root/lower-body half)"
"Tarutaru Female","Skeleton + Base Tex","ROM/46/93.dat","cor0","cor","83","61280","2","30","14","0,1,2,72,73,74,75,76,77,78,79,80,81,82","unidentified (root/lower-body half)"
"Tarutaru Female","Skeleton + Base Tex","ROM/46/93.dat","ms20","ms2","84","62496","17","15","14","0,1,2,72,73,74,75,76,77,78,79,80,81,82","unidentified (root/lower-body half)"
"Tarutaru Female","Skeleton + Base Tex","ROM/46/93.dat","cm01","cm0","85","66080","16","15","69","3,4,5,6,7,8,9,10,11,12,13,14,15,16,17,18,19,20,21,22,23,24,25,26,27,28,29,30,31,32,33,34,35,36,37,38,39,40,41,42,43,44,45,46,47,48,49,50,51,52,53,54,55,56,57,58,59,60,61,62,63,64,65,66,67,68,69,70,71","combat/stance group 0 (upper/body half)"
"Tarutaru Female","Skeleton + Base Tex","ROM/46/93.dat","cm10","cm1","86","86432","17","7.5","14","0,1,2,72,73,74,75,76,77,78,79,80,81,82","combat/stance group 1 (root/lower-body half)"
"Tarutaru Female","Skeleton + Base Tex","ROM/46/93.dat","cm11","cm1","87","89744","17","7.5","69","3,4,5,6,7,8,9,10,11,12,13,14,15,16,17,18,19,20,21,22,23,24,25,26,27,28,29,30,31,32,33,34,35,36,37,38,39,40,41,42,43,44,45,46,47,48,49,50,51,52,53,54,55,56,57,58,59,60,61,62,63,64,65,66,67,68,69,70,71","combat/stance group 1 (upper/body half)"
"Tarutaru Female","Skeleton + Base Tex","ROM/46/93.dat","mb00","mb0","88","107808","8","15","14","0,1,2,72,73,74,75,76,77,78,79,80,81,82","unidentified (root/lower-body half)"
"Tarutaru Female","Skeleton + Base Tex","ROM/46/93.dat","mb01","mb0","89","110016","8","15","69","3,4,5,6,7,8,9,10,11,12,13,14,15,16,17,18,19,20,21,22,23,24,25,26,27,28,29,30,31,32,33,34,35,36,37,38,39,40,41,42,43,44,45,46,47,48,49,50,51,52,53,54,55,56,57,58,59,60,61,62,63,64,65,66,67,68,69,70,71","unidentified (upper/body half)"
"Tarutaru Female","Skeleton + Base Tex","ROM/46/93.dat","mb10","mb1","90","121344","31","30","14","0,1,2,72,73,74,75,76,77,78,79,80,81,82","unidentified (root/lower-body half)"
"Tarutaru Female","Skeleton + Base Tex","ROM/46/93.dat","mb11","mb1","91","126896","31","30","69","3,4,5,6,7,8,9,10,11,12,13,14,15,16,17,18,19,20,21,22,23,24,25,26,27,28,29,30,31,32,33,34,35,36,37,38,39,40,41,42,43,44,45,46,47,48,49,50,51,52,53,54,55,56,57,58,59,60,61,62,63,64,65,66,67,68,69,70,71","unidentified (upper/body half)"
"Tarutaru Female","Skeleton + Base Tex","ROM/46/93.dat","mb20","mb2","92","160128","15","15","14","0,1,2,72,73,74,75,76,77,78,79,80,81,82","unidentified (root/lower-body half)"
"Tarutaru Female","Skeleton + Base Tex","ROM/46/93.dat","mb21","mb2","93","163200","15","15","69","3,4,5,6,7,8,9,10,11,12,13,14,15,16,17,18,19,20,21,22,23,24,25,26,27,28,29,30,31,32,33,34,35,36,37,38,39,40,41,42,43,44,45,46,47,48,49,50,51,52,53,54,55,56,57,58,59,60,61,62,63,64,65,66,67,68,69,70,71","unidentified (upper/body half)"
"Tarutaru Female","Skeleton + Base Tex","ROM/46/93.dat","mi00","mi0","94","178384","8","15","14","0,1,2,72,73,74,75,76,77,78,79,80,81,82","unidentified (root/lower-body half)"
"Tarutaru Female","Skeleton + Base Tex","ROM/46/93.dat","mi01","mi0","95","180624","8","15","69","3,4,5,6,7,8,9,10,11,12,13,14,15,16,17,18,19,20,21,22,23,24,25,26,27,28,29,30,31,32,33,34,35,36,37,38,39,40,41,42,43,44,45,46,47,48,49,50,51,52,53,54,55,56,57,58,59,60,61,62,63,64,65,66,67,68,69,70,71","unidentified (upper/body half)"
"Tarutaru Female","Skeleton + Base Tex","ROM/46/93.dat","mi10","mi1","96","192720","17","10.5","14","0,1,2,72,73,74,75,76,77,78,79,80,81,82","unidentified (root/lower-body half)"
"Tarutaru Female","Skeleton + Base Tex","ROM/46/93.dat","mi11","mi1","97","195904","17","10.5","69","3,4,5,6,7,8,9,10,11,12,13,14,15,16,17,18,19,20,21,22,23,24,25,26,27,28,29,30,31,32,33,34,35,36,37,38,39,40,41,42,43,44,45,46,47,48,49,50,51,52,53,54,55,56,57,58,59,60,61,62,63,64,65,66,67,68,69,70,71","unidentified (upper/body half)"
"Tarutaru Female","Skeleton + Base Tex","ROM/46/93.dat","mi20","mi2","98","211520","11","15","14","0,1,2,72,73,74,75,76,77,78,79,80,81,82","unidentified (root/lower-body half)"
"Tarutaru Female","Skeleton + Base Tex","ROM/46/93.dat","mi21","mi2","99","214144","11","15","69","3,4,5,6,7,8,9,10,11,12,13,14,15,16,17,18,19,20,21,22,23,24,25,26,27,28,29,30,31,32,33,34,35,36,37,38,39,40,41,42,43,44,45,46,47,48,49,50,51,52,53,54,55,56,57,58,59,60,61,62,63,64,65,66,67,68,69,70,71","unidentified (upper/body half)"
"Tarutaru Female","Skeleton + Base Tex","ROM/46/93.dat","mi30","mi3","100","228416","17","7.5","14","0,1,2,72,73,74,75,76,77,78,79,80,81,82","unidentified (root/lower-body half)"
"Tarutaru Female","Skeleton + Base Tex","ROM/46/93.dat","mi31","mi3","101","231872","17","7.5","69","3,4,5,6,7,8,9,10,11,12,13,14,15,16,17,18,19,20,21,22,23,24,25,26,27,28,29,30,31,32,33,34,35,36,37,38,39,40,41,42,43,44,45,46,47,48,49,50,51,52,53,54,55,56,57,58,59,60,61,62,63,64,65,66,67,68,69,70,71","unidentified (upper/body half)"
"Tarutaru Female","Skeleton + Base Tex","ROM/46/93.dat","mn00","mn0","102","248848","17","15","14","0,1,2,72,73,74,75,76,77,78,79,80,81,82","unidentified (root/lower-body half)"
"Tarutaru Female","Skeleton + Base Tex","ROM/46/93.dat","mn01","mn0","103","252096","17","15","69","3,4,5,6,7,8,9,10,11,12,13,14,15,16,17,18,19,20,21,22,23,24,25,26,27,28,29,30,31,32,33,34,35,36,37,38,39,40,41,42,43,44,45,46,47,48,49,50,51,52,53,54,55,56,57,58,59,60,61,62,63,64,65,66,67,68,69,70,71","unidentified (upper/body half)"
"Tarutaru Female","Skeleton + Base Tex","ROM/46/93.dat","mn10","mn1","104","267440","31","30","14","0,1,2,72,73,74,75,76,77,78,79,80,81,82","unidentified (root/lower-body half)"
"Tarutaru Female","Skeleton + Base Tex","ROM/46/93.dat","mn11","mn1","105","273120","31","30","69","3,4,5,6,7,8,9,10,11,12,13,14,15,16,17,18,19,20,21,22,23,24,25,26,27,28,29,30,31,32,33,34,35,36,37,38,39,40,41,42,43,44,45,46,47,48,49,50,51,52,53,54,55,56,57,58,59,60,61,62,63,64,65,66,67,68,69,70,71","unidentified (upper/body half)"
"Tarutaru Female","Skeleton + Base Tex","ROM/46/93.dat","mn20","mn2","106","305120","17","15","14","0,1,2,72,73,74,75,76,77,78,79,80,81,82","unidentified (root/lower-body half)"
"Tarutaru Female","Skeleton + Base Tex","ROM/46/93.dat","mn21","mn2","107","308096","17","15","69","3,4,5,6,7,8,9,10,11,12,13,14,15,16,17,18,19,20,21,22,23,24,25,26,27,28,29,30,31,32,33,34,35,36,37,38,39,40,41,42,43,44,45,46,47,48,49,50,51,52,53,54,55,56,57,58,59,60,61,62,63,64,65,66,67,68,69,70,71","unidentified (upper/body half)"
"Tarutaru Female","Skeleton + Base Tex","ROM/46/93.dat","ms00","ms0","108","323712","17","15","14","0,1,2,72,73,74,75,76,77,78,79,80,81,82","unidentified (root/lower-body half)"
"Tarutaru Female","Skeleton + Base Tex","ROM/46/93.dat","ms01","ms0","109","327104","17","15","69","3,4,5,6,7,8,9,10,11,12,13,14,15,16,17,18,19,20,21,22,23,24,25,26,27,28,29,30,31,32,33,34,35,36,37,38,39,40,41,42,43,44,45,46,47,48,49,50,51,52,53,54,55,56,57,58,59,60,61,62,63,64,65,66,67,68,69,70,71","unidentified (upper/body half)"
"Tarutaru Female","Skeleton + Base Tex","ROM/46/93.dat","ms10","ms1","110","344704","31","15","14","0,1,2,72,73,74,75,76,77,78,79,80,81,82","unidentified (root/lower-body half)"
"Tarutaru Female","Skeleton + Base Tex","ROM/46/93.dat","ms11","ms1","111","350384","31","15","69","3,4,5,6,7,8,9,10,11,12,13,14,15,16,17,18,19,20,21,22,23,24,25,26,27,28,29,30,31,32,33,34,35,36,37,38,39,40,41,42,43,44,45,46,47,48,49,50,51,52,53,54,55,56,57,58,59,60,61,62,63,64,65,66,67,68,69,70,71","unidentified (upper/body half)"
"Tarutaru Female","Skeleton + Base Tex","ROM/46/93.dat","cm00","cm0","112","385104","16","15","14","0,1,2,72,73,74,75,76,77,78,79,80,81,82","combat/stance group 0 (root/lower-body half)"
"Tarutaru Female","Skeleton + Base Tex","ROM/46/93.dat","ms21","ms2","113","388688","17","15","69","3,4,5,6,7,8,9,10,11,12,13,14,15,16,17,18,19,20,21,22,23,24,25,26,27,28,29,30,31,32,33,34,35,36,37,38,39,40,41,42,43,44,45,46,47,48,49,50,51,52,53,54,55,56,57,58,59,60,61,62,63,64,65,66,67,68,69,70,71","unidentified (upper/body half)"
"Tarutaru Female","Skeleton + Base Tex","ROM/46/93.dat","mw00","mw0","114","406480","17","15","14","0,1,2,72,73,74,75,76,77,78,79,80,81,82","unidentified (root/lower-body half)"
"Tarutaru Female","Skeleton + Base Tex","ROM/46/93.dat","mw01","mw0","115","409728","17","15","69","3,4,5,6,7,8,9,10,11,12,13,14,15,16,17,18,19,20,21,22,23,24,25,26,27,28,29,30,31,32,33,34,35,36,37,38,39,40,41,42,43,44,45,46,47,48,49,50,51,52,53,54,55,56,57,58,59,60,61,62,63,64,65,66,67,68,69,70,71","unidentified (upper/body half)"
"Tarutaru Female","Skeleton + Base Tex","ROM/46/93.dat","mw10","mw1","116","428608","16","15","14","0,1,2,72,73,74,75,76,77,78,79,80,81,82","unidentified (root/lower-body half)"
"Tarutaru Female","Skeleton + Base Tex","ROM/46/93.dat","mw11","mw1","117","432128","16","15","69","3,4,5,6,7,8,9,10,11,12,13,14,15,16,17,18,19,20,21,22,23,24,25,26,27,28,29,30,31,32,33,34,35,36,37,38,39,40,41,42,43,44,45,46,47,48,49,50,51,52,53,54,55,56,57,58,59,60,61,62,63,64,65,66,67,68,69,70,71","unidentified (upper/body half)"
"Tarutaru Female","Skeleton + Base Tex","ROM/46/93.dat","mw20","mw2","118","451776","17","15","14","0,1,2,72,73,74,75,76,77,78,79,80,81,82","unidentified (root/lower-body half)"
"Tarutaru Female","Skeleton + Base Tex","ROM/46/93.dat","mw21","mw2","119","455088","17","15","69","3,4,5,6,7,8,9,10,11,12,13,14,15,16,17,18,19,20,21,22,23,24,25,26,27,28,29,30,31,32,33,34,35,36,37,38,39,40,41,42,43,44,45,46,47,48,49,50,51,52,53,54,55,56,57,58,59,60,61,62,63,64,65,66,67,68,69,70,71","unidentified (upper/body half)"
"Tarutaru Female","Skeleton + Base Tex","ROM/46/93.dat","mou4","mou","120","472336","31","15","1","11","unidentified"
"Tarutaru Female","Skeleton + Base Tex","ROM/46/93.dat","eye3","eye","121","472944","5","15","4","14,15,16,17","unidentified"
"Tarutaru Female","Skeleton + Base Tex","ROM/46/93.dat","bf10","bf1","122","473632","10","15","14","0,1,2,72,73,74,75,76,77,78,79,80,81,82","unidentified (root/lower-body half)"
"Tarutaru Female","Skeleton + Base Tex","ROM/46/93.dat","bb10","bb1","123","476208","10","15","14","0,1,2,72,73,74,75,76,77,78,79,80,81,82","unidentified (root/lower-body half)"
"Tarutaru Female","Skeleton + Base Tex","ROM/46/93.dat","bf00","bf0","124","478656","2","30","14","0,1,2,72,73,74,75,76,77,78,79,80,81,82","unidentified (root/lower-body half)"
"Tarutaru Female","Skeleton + Base Tex","ROM/46/93.dat","bb00","bb0","125","480144","2","30","14","0,1,2,72,73,74,75,76,77,78,79,80,81,82","unidentified (root/lower-body half)"
"Tarutaru Female","Skeleton + Base Tex","ROM/46/93.dat","bf01","bf0","126","481600","2","30","69","3,4,5,6,7,8,9,10,11,12,13,14,15,16,17,18,19,20,21,22,23,24,25,26,27,28,29,30,31,32,33,34,35,36,37,38,39,40,41,42,43,44,45,46,47,48,49,50,51,52,53,54,55,56,57,58,59,60,61,62,63,64,65,66,67,68,69,70,71","unidentified (upper/body half)"
"Tarutaru Female","Skeleton + Base Tex","ROM/46/93.dat","bb11","bb1","127","488848","10","15","69","3,4,5,6,7,8,9,10,11,12,13,14,15,16,17,18,19,20,21,22,23,24,25,26,27,28,29,30,31,32,33,34,35,36,37,38,39,40,41,42,43,44,45,46,47,48,49,50,51,52,53,54,55,56,57,58,59,60,61,62,63,64,65,66,67,68,69,70,71","unidentified (upper/body half)"
"Tarutaru Female","Skeleton + Base Tex","ROM/46/93.dat","bb01","bb0","128","503232","2","30","69","3,4,5,6,7,8,9,10,11,12,13,14,15,16,17,18,19,20,21,22,23,24,25,26,27,28,29,30,31,32,33,34,35,36,37,38,39,40,41,42,43,44,45,46,47,48,49,50,51,52,53,54,55,56,57,58,59,60,61,62,63,64,65,66,67,68,69,70,71","unidentified (upper/body half)"
"Tarutaru Female","Skeleton + Base Tex","ROM/46/93.dat","bf11","bf1","129","510768","10","15","69","3,4,5,6,7,8,9,10,11,12,13,14,15,16,17,18,19,20,21,22,23,24,25,26,27,28,29,30,31,32,33,34,35,36,37,38,39,40,41,42,43,44,45,46,47,48,49,50,51,52,53,54,55,56,57,58,59,60,61,62,63,64,65,66,67,68,69,70,71","unidentified (upper/body half)"
"Tarutaru Female","Skeleton + Base Tex","ROM/46/93.dat","rx11","rx1","130","523840","30","15","69","3,4,5,6,7,8,9,10,11,12,13,14,15,16,17,18,19,20,21,22,23,24,25,26,27,28,29,30,31,32,33,34,35,36,37,38,39,40,41,42,43,44,45,46,47,48,49,50,51,52,53,54,55,56,57,58,59,60,61,62,63,64,65,66,67,68,69,70,71","unidentified (upper/body half)"
"Tarutaru Female","Skeleton + Base Tex","ROM/46/93.dat","dbm1","dbm","131","533504","2","30","69","3,4,5,6,7,8,9,10,11,12,13,14,15,16,17,18,19,20,21,22,23,24,25,26,27,28,29,30,31,32,33,34,35,36,37,38,39,40,41,42,43,44,45,46,47,48,49,50,51,52,53,54,55,56,57,58,59,60,61,62,63,64,65,66,67,68,69,70,71","unidentified (upper/body half)"
"Tarutaru Female","Skeleton + Base Tex","ROM/46/93.dat","ded1","ded","132","539536","18","15","69","3,4,5,6,7,8,9,10,11,12,13,14,15,16,17,18,19,20,21,22,23,24,25,26,27,28,29,30,31,32,33,34,35,36,37,38,39,40,41,42,43,44,45,46,47,48,49,50,51,52,53,54,55,56,57,58,59,60,61,62,63,64,65,66,67,68,69,70,71","unidentified (upper/body half)"
"Tarutaru Female","Skeleton + Base Tex","ROM/46/93.dat","dfm1","dfm","133","561344","2","30","69","3,4,5,6,7,8,9,10,11,12,13,14,15,16,17,18,19,20,21,22,23,24,25,26,27,28,29,30,31,32,33,34,35,36,37,38,39,40,41,42,43,44,45,46,47,48,49,50,51,52,53,54,55,56,57,58,59,60,61,62,63,64,65,66,67,68,69,70,71","unidentified (upper/body half)"
"Tarutaru Female","Skeleton + Base Tex","ROM/46/93.dat","ri01","ri0","134","567376","21","18","69","3,4,5,6,7,8,9,10,11,12,13,14,15,16,17,18,19,20,21,22,23,24,25,26,27,28,29,30,31,32,33,34,35,36,37,38,39,40,41,42,43,44,45,46,47,48,49,50,51,52,53,54,55,56,57,58,59,60,61,62,63,64,65,66,67,68,69,70,71","unidentified (upper/body half)"
"Tarutaru Female","Skeleton + Base Tex","ROM/46/93.dat","rx01","rx0","135","586816","14","15","69","3,4,5,6,7,8,9,10,11,12,13,14,15,16,17,18,19,20,21,22,23,24,25,26,27,28,29,30,31,32,33,34,35,36,37,38,39,40,41,42,43,44,45,46,47,48,49,50,51,52,53,54,55,56,57,58,59,60,61,62,63,64,65,66,67,68,69,70,71","unidentified (upper/body half)"
"Tarutaru Female","Skeleton + Base Tex","ROM/46/93.dat","rx21","rx2","136","605184","15","15","69","3,4,5,6,7,8,9,10,11,12,13,14,15,16,17,18,19,20,21,22,23,24,25,26,27,28,29,30,31,32,33,34,35,36,37,38,39,40,41,42,43,44,45,46,47,48,49,50,51,52,53,54,55,56,57,58,59,60,61,62,63,64,65,66,67,68,69,70,71","unidentified (upper/body half)"
"Tarutaru Female","Skeleton + Base Tex","ROM/46/93.dat","std1","std","137","624928","51","15","69","3,4,5,6,7,8,9,10,11,12,13,14,15,16,17,18,19,20,21,22,23,24,25,26,27,28,29,30,31,32,33,34,35,36,37,38,39,40,41,42,43,44,45,46,47,48,49,50,51,52,53,54,55,56,57,58,59,60,61,62,63,64,65,66,67,68,69,70,71","standard/standing cycle (upper/body half)"
"Tarutaru Female","Skeleton + Base Tex","ROM/46/93.dat","ri00","ri0","138","674416","21","18","14","0,1,2,72,73,74,75,76,77,78,79,80,81,82","unidentified (root/lower-body half)"
"Tarutaru Female","Skeleton + Base Tex","ROM/46/93.dat","yu21","yu2","139","677888","44","30","69","3,4,5,6,7,8,9,10,11,12,13,14,15,16,17,18,19,20,21,22,23,24,25,26,27,28,29,30,31,32,33,34,35,36,37,38,39,40,41,42,43,44,45,46,47,48,49,50,51,52,53,54,55,56,57,58,59,60,61,62,63,64,65,66,67,68,69,70,71","unidentified (upper/body half)"
"Tarutaru Female","Skeleton + Base Tex","ROM/46/93.dat","gu01","gu0","140","728592","16","15","69","3,4,5,6,7,8,9,10,11,12,13,14,15,16,17,18,19,20,21,22,23,24,25,26,27,28,29,30,31,32,33,34,35,36,37,38,39,40,41,42,43,44,45,46,47,48,49,50,51,52,53,54,55,56,57,58,59,60,61,62,63,64,65,66,67,68,69,70,71","unidentified (upper/body half)"
"Tarutaru Female","Skeleton + Base Tex","ROM/46/93.dat","gu10","gu1","141","749456","15","7.5","14","0,1,2,72,73,74,75,76,77,78,79,80,81,82","unidentified (root/lower-body half)"
"Tarutaru Female","Skeleton + Base Tex","ROM/46/93.dat","gu11","gu1","142","752592","15","7.5","69","3,4,5,6,7,8,9,10,11,12,13,14,15,16,17,18,19,20,21,22,23,24,25,26,27,28,29,30,31,32,33,34,35,36,37,38,39,40,41,42,43,44,45,46,47,48,49,50,51,52,53,54,55,56,57,58,59,60,61,62,63,64,65,66,67,68,69,70,71","unidentified (upper/body half)"
"Tarutaru Female","Skeleton + Base Tex","ROM/46/93.dat","gu20","gu2","143","768256","43","30","14","0,1,2,72,73,74,75,76,77,78,79,80,81,82","unidentified (root/lower-body half)"
"Tarutaru Female","Skeleton + Base Tex","ROM/46/93.dat","gu21","gu2","144","774976","43","30","69","3,4,5,6,7,8,9,10,11,12,13,14,15,16,17,18,19,20,21,22,23,24,25,26,27,28,29,30,31,32,33,34,35,36,37,38,39,40,41,42,43,44,45,46,47,48,49,50,51,52,53,54,55,56,57,58,59,60,61,62,63,64,65,66,67,68,69,70,71","unidentified (upper/body half)"
"Tarutaru Female","Skeleton + Base Tex","ROM/46/93.dat","na00","na0","145","824320","17","15","14","0,1,2,72,73,74,75,76,77,78,79,80,81,82","unidentified (root/lower-body half)"
"Tarutaru Female","Skeleton + Base Tex","ROM/46/93.dat","na01","na0","146","827712","17","15","69","3,4,5,6,7,8,9,10,11,12,13,14,15,16,17,18,19,20,21,22,23,24,25,26,27,28,29,30,31,32,33,34,35,36,37,38,39,40,41,42,43,44,45,46,47,48,49,50,51,52,53,54,55,56,57,58,59,60,61,62,63,64,65,66,67,68,69,70,71","unidentified (upper/body half)"
"Tarutaru Female","Skeleton + Base Tex","ROM/46/93.dat","na10","na1","147","848848","13","7.5","14","0,1,2,72,73,74,75,76,77,78,79,80,81,82","unidentified (root/lower-body half)"
"Tarutaru Female","Skeleton + Base Tex","ROM/46/93.dat","na11","na1","148","851728","13","7.5","69","3,4,5,6,7,8,9,10,11,12,13,14,15,16,17,18,19,20,21,22,23,24,25,26,27,28,29,30,31,32,33,34,35,36,37,38,39,40,41,42,43,44,45,46,47,48,49,50,51,52,53,54,55,56,57,58,59,60,61,62,63,64,65,66,67,68,69,70,71","unidentified (upper/body half)"
"Tarutaru Female","Skeleton + Base Tex","ROM/46/93.dat","na20","na2","149","866192","81","30","14","0,1,2,72,73,74,75,76,77,78,79,80,81,82","unidentified (root/lower-body half)"
"Tarutaru Female","Skeleton + Base Tex","ROM/46/93.dat","na21","na2","150","877776","81","30","69","3,4,5,6,7,8,9,10,11,12,13,14,15,16,17,18,19,20,21,22,23,24,25,26,27,28,29,30,31,32,33,34,35,36,37,38,39,40,41,42,43,44,45,46,47,48,49,50,51,52,53,54,55,56,57,58,59,60,61,62,63,64,65,66,67,68,69,70,71","unidentified (upper/body half)"
"Tarutaru Female","Skeleton + Base Tex","ROM/46/93.dat","yu00","yu0","151","961696","28","15","14","0,1,2,72,73,74,75,76,77,78,79,80,81,82","unidentified (root/lower-body half)"
"Tarutaru Female","Skeleton + Base Tex","ROM/46/93.dat","yu01","yu0","152","966496","28","15","69","3,4,5,6,7,8,9,10,11,12,13,14,15,16,17,18,19,20,21,22,23,24,25,26,27,28,29,30,31,32,33,34,35,36,37,38,39,40,41,42,43,44,45,46,47,48,49,50,51,52,53,54,55,56,57,58,59,60,61,62,63,64,65,66,67,68,69,70,71","unidentified (upper/body half)"
"Tarutaru Female","Skeleton + Base Tex","ROM/46/93.dat","yu10","yu1","153","999088","15","7.5","14","0,1,2,72,73,74,75,76,77,78,79,80,81,82","unidentified (root/lower-body half)"
"Tarutaru Female","Skeleton + Base Tex","ROM/46/93.dat","yu11","yu1","154","1002224","15","7.5","69","3,4,5,6,7,8,9,10,11,12,13,14,15,16,17,18,19,20,21,22,23,24,25,26,27,28,29,30,31,32,33,34,35,36,37,38,39,40,41,42,43,44,45,46,47,48,49,50,51,52,53,54,55,56,57,58,59,60,61,62,63,64,65,66,67,68,69,70,71","unidentified (upper/body half)"
"Tarutaru Female","Skeleton + Base Tex","ROM/46/93.dat","yu20","yu2","155","1018080","44","30","14","0,1,2,72,73,74,75,76,77,78,79,80,81,82","unidentified (root/lower-body half)"
"Tarutaru Female","Skeleton + Base Tex","ROM/46/93.dat","gu00","gu0","156","1024928","16","15","14","0,1,2,72,73,74,75,76,77,78,79,80,81,82","unidentified (root/lower-body half)"
"Tarutaru Female","Skeleton + Base Tex","ROM/46/93.dat","sh21","sh2","157","1028192","16","9.574","69","3,4,5,6,7,8,9,10,11,12,13,14,15,16,17,18,19,20,21,22,23,24,25,26,27,28,29,30,31,32,33,34,35,36,37,38,39,40,41,42,43,44,45,46,47,48,49,50,51,52,53,54,55,56,57,58,59,60,61,62,63,64,65,66,67,68,69,70,71","unidentified (upper/body half)"
"Tarutaru Female","Skeleton + Base Tex","ROM/46/93.dat","sf01","sf0","158","1049952","16","15","69","3,4,5,6,7,8,9,10,11,12,13,14,15,16,17,18,19,20,21,22,23,24,25,26,27,28,29,30,31,32,33,34,35,36,37,38,39,40,41,42,43,44,45,46,47,48,49,50,51,52,53,54,55,56,57,58,59,60,61,62,63,64,65,66,67,68,69,70,71","unidentified (upper/body half)"
"Tarutaru Female","Skeleton + Base Tex","ROM/46/93.dat","sf10","sf1","159","1071776","13","10.5","14","0,1,2,72,73,74,75,76,77,78,79,80,81,82","unidentified (root/lower-body half)"
"Tarutaru Female","Skeleton + Base Tex","ROM/46/93.dat","sf11","sf1","160","1074656","13","10.5","69","3,4,5,6,7,8,9,10,11,12,13,14,15,16,17,18,19,20,21,22,23,24,25,26,27,28,29,30,31,32,33,34,35,36,37,38,39,40,41,42,43,44,45,46,47,48,49,50,51,52,53,54,55,56,57,58,59,60,61,62,63,64,65,66,67,68,69,70,71","unidentified (upper/body half)"
"Tarutaru Female","Skeleton + Base Tex","ROM/46/93.dat","sf20","sf2","161","1090832","16","9.574","14","0,1,2,72,73,74,75,76,77,78,79,80,81,82","unidentified (root/lower-body half)"
"Tarutaru Female","Skeleton + Base Tex","ROM/46/93.dat","sf21","sf2","162","1094096","16","9.574","69","3,4,5,6,7,8,9,10,11,12,13,14,15,16,17,18,19,20,21,22,23,24,25,26,27,28,29,30,31,32,33,34,35,36,37,38,39,40,41,42,43,44,45,46,47,48,49,50,51,52,53,54,55,56,57,58,59,60,61,62,63,64,65,66,67,68,69,70,71","unidentified (upper/body half)"
"Tarutaru Female","Skeleton + Base Tex","ROM/46/93.dat","sh00","sh0","163","1116496","16","15","14","0,1,2,72,73,74,75,76,77,78,79,80,81,82","unidentified (root/lower-body half)"
"Tarutaru Female","Skeleton + Base Tex","ROM/46/93.dat","sh01","sh0","164","1119760","16","15","69","3,4,5,6,7,8,9,10,11,12,13,14,15,16,17,18,19,20,21,22,23,24,25,26,27,28,29,30,31,32,33,34,35,36,37,38,39,40,41,42,43,44,45,46,47,48,49,50,51,52,53,54,55,56,57,58,59,60,61,62,63,64,65,66,67,68,69,70,71","unidentified (upper/body half)"
"Tarutaru Female","Skeleton + Base Tex","ROM/46/93.dat","sh10","sh1","165","1141456","13","10.5","14","0,1,2,72,73,74,75,76,77,78,79,80,81,82","unidentified (root/lower-body half)"
"Tarutaru Female","Skeleton + Base Tex","ROM/46/93.dat","sh11","sh1","166","1144336","13","10.5","69","3,4,5,6,7,8,9,10,11,12,13,14,15,16,17,18,19,20,21,22,23,24,25,26,27,28,29,30,31,32,33,34,35,36,37,38,39,40,41,42,43,44,45,46,47,48,49,50,51,52,53,54,55,56,57,58,59,60,61,62,63,64,65,66,67,68,69,70,71","unidentified (upper/body half)"
"Tarutaru Female","Skeleton + Base Tex","ROM/46/93.dat","sh20","sh2","167","1159936","16","9.574","14","0,1,2,72,73,74,75,76,77,78,79,80,81,82","unidentified (root/lower-body half)"
"Tarutaru Female","Skeleton + Base Tex","ROM/46/93.dat","sf00","sf0","168","1163200","16","15","14","0,1,2,72,73,74,75,76,77,78,79,80,81,82","unidentified (root/lower-body half)"
"Tarutaru Female","Skeleton + Base Tex","ROM/46/93.dat","sk00","sk0","169","1166464","19","15","14","0,1,2,72,73,74,75,76,77,78,79,80,81,82","unidentified (root/lower-body half)"
"Tarutaru Female","Skeleton + Base Tex","ROM/46/93.dat","sk01","sk0","170","1170336","19","15","69","3,4,5,6,7,8,9,10,11,12,13,14,15,16,17,18,19,20,21,22,23,24,25,26,27,28,29,30,31,32,33,34,35,36,37,38,39,40,41,42,43,44,45,46,47,48,49,50,51,52,53,54,55,56,57,58,59,60,61,62,63,64,65,66,67,68,69,70,71","unidentified (upper/body half)"
"Tarutaru Female","Skeleton + Base Tex","ROM/46/93.dat","sk10","sk1","171","1194640","13","9","14","0,1,2,72,73,74,75,76,77,78,79,80,81,82","unidentified (root/lower-body half)"
"Tarutaru Female","Skeleton + Base Tex","ROM/46/93.dat","sk11","sk1","172","1197664","13","9","69","3,4,5,6,7,8,9,10,11,12,13,14,15,16,17,18,19,20,21,22,23,24,25,26,27,28,29,30,31,32,33,34,35,36,37,38,39,40,41,42,43,44,45,46,47,48,49,50,51,52,53,54,55,56,57,58,59,60,61,62,63,64,65,66,67,68,69,70,71","unidentified (upper/body half)"
"Tarutaru Female","Skeleton + Base Tex","ROM/46/93.dat","sk20","sk2","173","1213056","48","30","14","0,1,2,72,73,74,75,76,77,78,79,80,81,82","unidentified (root/lower-body half)"
"Tarutaru Female","Skeleton + Base Tex","ROM/46/93.dat","sk21","sk2","174","1220416","48","30","69","3,4,5,6,7,8,9,10,11,12,13,14,15,16,17,18,19,20,21,22,23,24,25,26,27,28,29,30,31,32,33,34,35,36,37,38,39,40,41,42,43,44,45,46,47,48,49,50,51,52,53,54,55,56,57,58,59,60,61,62,63,64,65,66,67,68,69,70,71","unidentified (upper/body half)"
"Tarutaru Female","Skeleton + Base Tex","ROM/46/93.dat","na31","na3","175","1273472","31","30","69","3,4,5,6,7,8,9,10,11,12,13,14,15,16,17,18,19,20,21,22,23,24,25,26,27,28,29,30,31,32,33,34,35,36,37,38,39,40,41,42,43,44,45,46,47,48,49,50,51,52,53,54,55,56,57,58,59,60,61,62,63,64,65,66,67,68,69,70,71","unidentified (upper/body half)"
"Tarutaru Female","Skeleton + Base Tex","ROM/46/93.dat","na30","na3","176","1303600","31","30","14","0,1,2,72,73,74,75,76,77,78,79,80,81,82","unidentified (root/lower-body half)"
"Tarutaru Female","Skeleton + Base Tex","ROM/46/93.dat","si21","si2","177","1308784","31","15","69","3,4,5,6,7,8,9,10,11,12,13,14,15,16,17,18,19,20,21,22,23,24,25,26,27,28,29,30,31,32,33,34,35,36,37,38,39,40,41,42,43,44,45,46,47,48,49,50,51,52,53,54,55,56,57,58,59,60,61,62,63,64,65,66,67,68,69,70,71","unidentified (upper/body half)"
"Tarutaru Female","Skeleton + Base Tex","ROM/46/93.dat","si01","si0","178","1341776","31","15","69","3,4,5,6,7,8,9,10,11,12,13,14,15,16,17,18,19,20,21,22,23,24,25,26,27,28,29,30,31,32,33,34,35,36,37,38,39,40,41,42,43,44,45,46,47,48,49,50,51,52,53,54,55,56,57,58,59,60,61,62,63,64,65,66,67,68,69,70,71","unidentified (upper/body half)"
"Tarutaru Female","Skeleton + Base Tex","ROM/46/93.dat","si11","si1","179","1374768","17","9","69","3,4,5,6,7,8,9,10,11,12,13,14,15,16,17,18,19,20,21,22,23,24,25,26,27,28,29,30,31,32,33,34,35,36,37,38,39,40,41,42,43,44,45,46,47,48,49,50,51,52,53,54,55,56,57,58,59,60,61,62,63,64,65,66,67,68,69,70,71","unidentified (upper/body half)"
"Tarutaru Female","Skeleton + Base Tex","ROM/46/93.dat","si00","si0","180","1385632","31","15","14","0,1,2,72,73,74,75,76,77,78,79,80,81,82","unidentified (root/lower-body half)"
"Tarutaru Female","Skeleton + Base Tex","ROM/46/93.dat","si10","si1","181","1390816","17","9","14","0,1,2,72,73,74,75,76,77,78,79,80,81,82","unidentified (root/lower-body half)"
"Tarutaru Female","Skeleton + Base Tex","ROM/46/93.dat","si20","si2","182","1393456","31","15","14","0,1,2,72,73,74,75,76,77,78,79,80,81,82","unidentified (root/lower-body half)"
"Tarutaru Female","Skeleton + Base Tex","ROM/46/93.dat","cor1","cor","183","1398752","2","30","69","3,4,5,6,7,8,9,10,11,12,13,14,15,16,17,18,19,20,21,22,23,24,25,26,27,28,29,30,31,32,33,34,35,36,37,38,39,40,41,42,43,44,45,46,47,48,49,50,51,52,53,54,55,56,57,58,59,60,61,62,63,64,65,66,67,68,69,70,71","unidentified (upper/body half)"
"Tarutaru Female","Skeleton + Base Tex","ROM/46/93.dat","ma10","ma1","184","1404624","16","15","14","0,1,2,72,73,74,75,76,77,78,79,80,81,82","unidentified (root/lower-body half)"
"Tarutaru Female","Skeleton + Base Tex","ROM/46/93.dat","ma01","ma0","185","1408144","17","15","69","3,4,5,6,7,8,9,10,11,12,13,14,15,16,17,18,19,20,21,22,23,24,25,26,27,28,29,30,31,32,33,34,35,36,37,38,39,40,41,42,43,44,45,46,47,48,49,50,51,52,53,54,55,56,57,58,59,60,61,62,63,64,65,66,67,68,69,70,71","unidentified (upper/body half)"
"Tarutaru Female","Skeleton + Base Tex","ROM/46/93.dat","ma00","ma0","186","1425936","17","15","14","0,1,2,72,73,74,75,76,77,78,79,80,81,82","unidentified (root/lower-body half)"
"Tarutaru Female","Skeleton + Base Tex","ROM/46/93.dat","ma11","ma1","187","1429600","16","15","69","3,4,5,6,7,8,9,10,11,12,13,14,15,16,17,18,19,20,21,22,23,24,25,26,27,28,29,30,31,32,33,34,35,36,37,38,39,40,41,42,43,44,45,46,47,48,49,50,51,52,53,54,55,56,57,58,59,60,61,62,63,64,65,66,67,68,69,70,71","unidentified (upper/body half)"
"Tarutaru Female","Skeleton + Base Tex","ROM/46/93.dat","ma20","ma2","188","1448480","17","15","14","0,1,2,72,73,74,75,76,77,78,79,80,81,82","unidentified (root/lower-body half)"
"Tarutaru Female","Skeleton + Base Tex","ROM/46/93.dat","ma21","ma2","189","1452000","17","15","69","3,4,5,6,7,8,9,10,11,12,13,14,15,16,17,18,19,20,21,22,23,24,25,26,27,28,29,30,31,32,33,34,35,36,37,38,39,40,41,42,43,44,45,46,47,48,49,50,51,52,53,54,55,56,57,58,59,60,61,62,63,64,65,66,67,68,69,70,71","unidentified (upper/body half)"
"Tarutaru Female","Skeleton + Base Tex","ROM/46/93.dat","gh01","gh0","190","1468304","11","15","69","3,4,5,6,7,8,9,10,11,12,13,14,15,16,17,18,19,20,21,22,23,24,25,26,27,28,29,30,31,32,33,34,35,36,37,38,39,40,41,42,43,44,45,46,47,48,49,50,51,52,53,54,55,56,57,58,59,60,61,62,63,64,65,66,67,68,69,70,71","unidentified (upper/body half)"
"Tarutaru Female","Skeleton + Base Tex","ROM/46/93.dat","gh10","gh1","191","1486592","18","15","14","0,1,2,72,73,74,75,76,77,78,79,80,81,82","unidentified (root/lower-body half)"
"Tarutaru Female","Skeleton + Base Tex","ROM/46/93.dat","gh11","gh1","192","1490832","18","15","69","3,4,5,6,7,8,9,10,11,12,13,14,15,16,17,18,19,20,21,22,23,24,25,26,27,28,29,30,31,32,33,34,35,36,37,38,39,40,41,42,43,44,45,46,47,48,49,50,51,52,53,54,55,56,57,58,59,60,61,62,63,64,65,66,67,68,69,70,71","unidentified (upper/body half)"
"Tarutaru Female","Skeleton + Base Tex","ROM/46/93.dat","gh20","gh2","193","1510768","38","15","14","0,1,2,72,73,74,75,76,77,78,79,80,81,82","unidentified (root/lower-body half)"
"Tarutaru Female","Skeleton + Base Tex","ROM/46/93.dat","gh21","gh2","194","1518512","38","15","69","3,4,5,6,7,8,9,10,11,12,13,14,15,16,17,18,19,20,21,22,23,24,25,26,27,28,29,30,31,32,33,34,35,36,37,38,39,40,41,42,43,44,45,46,47,48,49,50,51,52,53,54,55,56,57,58,59,60,61,62,63,64,65,66,67,68,69,70,71","unidentified (upper/body half)"
"Tarutaru Female","Skeleton + Base Tex","ROM/46/93.dat","gc00","gc0","195","1568272","11","15","14","0,1,2,72,73,74,75,76,77,78,79,80,81,82","unidentified (root/lower-body half)"
"Tarutaru Female","Skeleton + Base Tex","ROM/46/93.dat","gc01","gc0","196","1571376","11","15","69","3,4,5,6,7,8,9,10,11,12,13,14,15,16,17,18,19,20,21,22,23,24,25,26,27,28,29,30,31,32,33,34,35,36,37,38,39,40,41,42,43,44,45,46,47,48,49,50,51,52,53,54,55,56,57,58,59,60,61,62,63,64,65,66,67,68,69,70,71","unidentified (upper/body half)"
"Tarutaru Female","Skeleton + Base Tex","ROM/46/93.dat","gc10","gc1","197","1588688","18","15","14","0,1,2,72,73,74,75,76,77,78,79,80,81,82","unidentified (root/lower-body half)"
"Tarutaru Female","Skeleton + Base Tex","ROM/46/93.dat","gc11","gc1","198","1592992","18","15","69","3,4,5,6,7,8,9,10,11,12,13,14,15,16,17,18,19,20,21,22,23,24,25,26,27,28,29,30,31,32,33,34,35,36,37,38,39,40,41,42,43,44,45,46,47,48,49,50,51,52,53,54,55,56,57,58,59,60,61,62,63,64,65,66,67,68,69,70,71","unidentified (upper/body half)"
"Tarutaru Female","Skeleton + Base Tex","ROM/46/93.dat","gc20","gc2","199","1612352","38","15","14","0,1,2,72,73,74,75,76,77,78,79,80,81,82","unidentified (root/lower-body half)"
"Tarutaru Female","Skeleton + Base Tex","ROM/46/93.dat","gc21","gc2","200","1620096","38","15","69","3,4,5,6,7,8,9,10,11,12,13,14,15,16,17,18,19,20,21,22,23,24,25,26,27,28,29,30,31,32,33,34,35,36,37,38,39,40,41,42,43,44,45,46,47,48,49,50,51,52,53,54,55,56,57,58,59,60,61,62,63,64,65,66,67,68,69,70,71","unidentified (upper/body half)"
"Tarutaru Female","Skeleton + Base Tex","ROM/46/93.dat","gh00","gh0","201","1666208","11","15","14","0,1,2,72,73,74,75,76,77,78,79,80,81,82","unidentified (root/lower-body half)"
"Tarutaru Female","Skeleton + Base Tex","ROM/46/93.dat","jmp0","jmp","202","1669312","12","15","14","0,1,2,72,73,74,75,76,77,78,79,80,81,82","unidentified (root/lower-body half)"
"Tarutaru Female","Skeleton + Base Tex","ROM/46/93.dat","jmp1","jmp","203","1672352","12","15","69","3,4,5,6,7,8,9,10,11,12,13,14,15,16,17,18,19,20,21,22,23,24,25,26,27,28,29,30,31,32,33,34,35,36,37,38,39,40,41,42,43,44,45,46,47,48,49,50,51,52,53,54,55,56,57,58,59,60,61,62,63,64,65,66,67,68,69,70,71","unidentified (upper/body half)"
"Tarutaru Female","Animation set 0","ROM/51/19.dat","dfm1","dfm","23","4640","2","30","69","3,4,5,6,7,8,9,10,11,12,13,14,15,16,17,18,19,20,21,22,23,24,25,26,27,28,29,30,31,32,33,34,35,36,37,38,39,40,41,42,43,44,45,46,47,48,49,50,51,52,53,54,55,56,57,58,59,60,61,62,63,64,65,66,67,68,69,70,71","unidentified (upper/body half)"
"Tarutaru Female","Animation set 0","ROM/51/19.dat","dbm1","dbm","24","11584","2","30","69","3,4,5,6,7,8,9,10,11,12,13,14,15,16,17,18,19,20,21,22,23,24,25,26,27,28,29,30,31,32,33,34,35,36,37,38,39,40,41,42,43,44,45,46,47,48,49,50,51,52,53,54,55,56,57,58,59,60,61,62,63,64,65,66,67,68,69,70,71","unidentified (upper/body half)"
"Tarutaru Female","Animation set 0","ROM/51/19.dat","ded1","ded","25","17936","18","15","69","3,4,5,6,7,8,9,10,11,12,13,14,15,16,17,18,19,20,21,22,23,24,25,26,27,28,29,30,31,32,33,34,35,36,37,38,39,40,41,42,43,44,45,46,47,48,49,50,51,52,53,54,55,56,57,58,59,60,61,62,63,64,65,66,67,68,69,70,71","unidentified (upper/body half)"
"Tarutaru Female","Animation set 0","ROM/51/19.dat","cor1","cor","26","41264","2","30","69","3,4,5,6,7,8,9,10,11,12,13,14,15,16,17,18,19,20,21,22,23,24,25,26,27,28,29,30,31,32,33,34,35,36,37,38,39,40,41,42,43,44,45,46,47,48,49,50,51,52,53,54,55,56,57,58,59,60,61,62,63,64,65,66,67,68,69,70,71","unidentified (upper/body half)"
"Tarutaru Female","Animation set 0","ROM/51/19.dat","wlk1","wlk","27","47504","11","15","69","3,4,5,6,7,8,9,10,11,12,13,14,15,16,17,18,19,20,21,22,23,24,25,26,27,28,29,30,31,32,33,34,35,36,37,38,39,40,41,42,43,44,45,46,47,48,49,50,51,52,53,54,55,56,57,58,59,60,61,62,63,64,65,66,67,68,69,70,71","walk (upper/body half)"
"Tarutaru Female","Animation set 0","ROM/51/19.dat","amf1","amf","28","58304","30","30","69","3,4,5,6,7,8,9,10,11,12,13,14,15,16,17,18,19,20,21,22,23,24,25,26,27,28,29,30,31,32,33,34,35,36,37,38,39,40,41,42,43,44,45,46,47,48,49,50,51,52,53,54,55,56,57,58,59,60,61,62,63,64,65,66,67,68,69,70,71","unidentified (upper/body half)"
"Tarutaru Female","Animation set 0","ROM/51/19.dat","aml1","aml","29","76736","28","30","69","3,4,5,6,7,8,9,10,11,12,13,14,15,16,17,18,19,20,21,22,23,24,25,26,27,28,29,30,31,32,33,34,35,36,37,38,39,40,41,42,43,44,45,46,47,48,49,50,51,52,53,54,55,56,57,58,59,60,61,62,63,64,65,66,67,68,69,70,71","unidentified (upper/body half)"
"Tarutaru Female","Animation set 0","ROM/51/19.dat","amr1","amr","30","93984","28","30","69","3,4,5,6,7,8,9,10,11,12,13,14,15,16,17,18,19,20,21,22,23,24,25,26,27,28,29,30,31,32,33,34,35,36,37,38,39,40,41,42,43,44,45,46,47,48,49,50,51,52,53,54,55,56,57,58,59,60,61,62,63,64,65,66,67,68,69,70,71","unidentified (upper/body half)"
"Tarutaru Female","Animation set 0","ROM/51/19.dat","at00","at0","31","110784","43","30","14","0,1,2,72,73,74,75,76,77,78,79,80,81,82","unidentified (root/lower-body half)"
"Tarutaru Female","Animation set 0","ROM/51/19.dat","at01","at0","32","118192","43","30","69","3,4,5,6,7,8,9,10,11,12,13,14,15,16,17,18,19,20,21,22,23,24,25,26,27,28,29,30,31,32,33,34,35,36,37,38,39,40,41,42,43,44,45,46,47,48,49,50,51,52,53,54,55,56,57,58,59,60,61,62,63,64,65,66,67,68,69,70,71","unidentified (upper/body half)"
"Tarutaru Female","Animation set 0","ROM/51/19.dat","btl0","btl","33","143120","17","15","14","0,1,2,72,73,74,75,76,77,78,79,80,81,82","battle stance (root/lower-body half)"
"Tarutaru Female","Animation set 0","ROM/51/19.dat","btl1","btl","34","146512","17","15","69","3,4,5,6,7,8,9,10,11,12,13,14,15,16,17,18,19,20,21,22,23,24,25,26,27,28,29,30,31,32,33,34,35,36,37,38,39,40,41,42,43,44,45,46,47,48,49,50,51,52,53,54,55,56,57,58,59,60,61,62,63,64,65,66,67,68,69,70,71","battle stance (upper/body half)"
"Tarutaru Female","Animation set 0","ROM/51/19.dat","gdm1","gdm","35","164032","2","30","69","3,4,5,6,7,8,9,10,11,12,13,14,15,16,17,18,19,20,21,22,23,24,25,26,27,28,29,30,31,32,33,34,35,36,37,38,39,40,41,42,43,44,45,46,47,48,49,50,51,52,53,54,55,56,57,58,59,60,61,62,63,64,65,66,67,68,69,70,71","unidentified (upper/body half)"
"Tarutaru Female","Animation set 0","ROM/51/19.dat","mvb1","mvb","36","170960","11","15","69","3,4,5,6,7,8,9,10,11,12,13,14,15,16,17,18,19,20,21,22,23,24,25,26,27,28,29,30,31,32,33,34,35,36,37,38,39,40,41,42,43,44,45,46,47,48,49,50,51,52,53,54,55,56,57,58,59,60,61,62,63,64,65,66,67,68,69,70,71","move backward (upper/body half)"
"Tarutaru Female","Animation set 0","ROM/51/19.dat","mvl1","mvl","37","181408","11","15","69","3,4,5,6,7,8,9,10,11,12,13,14,15,16,17,18,19,20,21,22,23,24,25,26,27,28,29,30,31,32,33,34,35,36,37,38,39,40,41,42,43,44,45,46,47,48,49,50,51,52,53,54,55,56,57,58,59,60,61,62,63,64,65,66,67,68,69,70,71","strafe/turn left (upper/body half)"
"Tarutaru Female","Animation set 0","ROM/51/19.dat","mvr1","mvr","38","191104","11","15","69","3,4,5,6,7,8,9,10,11,12,13,14,15,16,17,18,19,20,21,22,23,24,25,26,27,28,29,30,31,32,33,34,35,36,37,38,39,40,41,42,43,44,45,46,47,48,49,50,51,52,53,54,55,56,57,58,59,60,61,62,63,64,65,66,67,68,69,70,71","strafe/turn right (upper/body half)"
"Tarutaru Female","Animation set 0","ROM/51/19.dat","run1","run","39","200768","11","15","69","3,4,5,6,7,8,9,10,11,12,13,14,15,16,17,18,19,20,21,22,23,24,25,26,27,28,29,30,31,32,33,34,35,36,37,38,39,40,41,42,43,44,45,46,47,48,49,50,51,52,53,54,55,56,57,58,59,60,61,62,63,64,65,66,67,68,69,70,71","run (upper/body half)"
"Tarutaru Female","Animation set 0","ROM/51/19.dat","amb1","amb","40","210640","30","30","69","3,4,5,6,7,8,9,10,11,12,13,14,15,16,17,18,19,20,21,22,23,24,25,26,27,28,29,30,31,32,33,34,35,36,37,38,39,40,41,42,43,44,45,46,47,48,49,50,51,52,53,54,55,56,57,58,59,60,61,62,63,64,65,66,67,68,69,70,71","unidentified (upper/body half)"
"Tarutaru Female","Animation set 0","ROM/51/19.dat","ota1","ota","41","229072","19","15","69","3,4,5,6,7,8,9,10,11,12,13,14,15,16,17,18,19,20,21,22,23,24,25,26,27,28,29,30,31,32,33,34,35,36,37,38,39,40,41,42,43,44,45,46,47,48,49,50,51,52,53,54,55,56,57,58,59,60,61,62,63,64,65,66,67,68,69,70,71","unidentified (upper/body half)"
"Tarutaru Female","Animation set 0","ROM/51/19.dat","ina1","ina","42","246224","19","15","69","3,4,5,6,7,8,9,10,11,12,13,14,15,16,17,18,19,20,21,22,23,24,25,26,27,28,29,30,31,32,33,34,35,36,37,38,39,40,41,42,43,44,45,46,47,48,49,50,51,52,53,54,55,56,57,58,59,60,61,62,63,64,65,66,67,68,69,70,71","unidentified (upper/body half)"
"Tarutaru Female","Animation set 0","ROM/51/19.dat","ota0","ota","43","263680","19","15","14","0,1,2,72,73,74,75,76,77,78,79,80,81,82","unidentified (root/lower-body half)"
"Tarutaru Female","Animation set 0","ROM/51/19.dat","ina0","ina","44","267328","19","15","14","0,1,2,72,73,74,75,76,77,78,79,80,81,82","unidentified (root/lower-body half)"
"Tarutaru Female","Animation set 0","ROM/51/19.dat","at11","at1","45","270976","43","30","69","3,4,5,6,7,8,9,10,11,12,13,14,15,16,17,18,19,20,21,22,23,24,25,26,27,28,29,30,31,32,33,34,35,36,37,38,39,40,41,42,43,44,45,46,47,48,49,50,51,52,53,54,55,56,57,58,59,60,61,62,63,64,65,66,67,68,69,70,71","unidentified (upper/body half)"
"Tarutaru Female","Animation set 0","ROM/51/19.dat","at10","at1","46","296752","43","30","14","0,1,2,72,73,74,75,76,77,78,79,80,81,82","unidentified (root/lower-body half)"
"Tarutaru Female","Animation set 0","ROM/51/19.dat","at21","at2","47","304160","42","30","69","3,4,5,6,7,8,9,10,11,12,13,14,15,16,17,18,19,20,21,22,23,24,25,26,27,28,29,30,31,32,33,34,35,36,37,38,39,40,41,42,43,44,45,46,47,48,49,50,51,52,53,54,55,56,57,58,59,60,61,62,63,64,65,66,67,68,69,70,71","unidentified (upper/body half)"
"Tarutaru Female","Animation set 0","ROM/51/19.dat","at20","at2","48","326960","42","30","14","0,1,2,72,73,74,75,76,77,78,79,80,81,82","unidentified (root/lower-body half)"
"Tarutaru Female","Animation set 0","ROM/51/19.dat","in01","in0","49","333888","19","15","69","3,4,5,6,7,8,9,10,11,12,13,14,15,16,17,18,19,20,21,22,23,24,25,26,27,28,29,30,31,32,33,34,35,36,37,38,39,40,41,42,43,44,45,46,47,48,49,50,51,52,53,54,55,56,57,58,59,60,61,62,63,64,65,66,67,68,69,70,71","unidentified (upper/body half)"
"Tarutaru Female","Animation set 0","ROM/51/19.dat","in00","in0","50","349072","19","15","14","0,1,2,72,73,74,75,76,77,78,79,80,81,82","unidentified (root/lower-body half)"
"Tarutaru Female","Animation set 0","ROM/51/19.dat","ot00","ot0","51","352720","19","15","14","0,1,2,72,73,74,75,76,77,78,79,80,81,82","unidentified (root/lower-body half)"
"Tarutaru Female","Animation set 0","ROM/51/19.dat","ot01","ot0","52","356368","19","15","69","3,4,5,6,7,8,9,10,11,12,13,14,15,16,17,18,19,20,21,22,23,24,25,26,27,28,29,30,31,32,33,34,35,36,37,38,39,40,41,42,43,44,45,46,47,48,49,50,51,52,53,54,55,56,57,58,59,60,61,62,63,64,65,66,67,68,69,70,71","unidentified (upper/body half)"
"Tarutaru Female","Animation set 0","ROM/51/19.dat","cm11","cm1","53","372528","17","7.5","69","3,4,5,6,7,8,9,10,11,12,13,14,15,16,17,18,19,20,21,22,23,24,25,26,27,28,29,30,31,32,33,34,35,36,37,38,39,40,41,42,43,44,45,46,47,48,49,50,51,52,53,54,55,56,57,58,59,60,61,62,63,64,65,66,67,68,69,70,71","combat/stance group 1 (upper/body half)"
"Tarutaru Female","Animation set 0","ROM/51/19.dat","cm01","cm0","54","390592","16","15","69","3,4,5,6,7,8,9,10,11,12,13,14,15,16,17,18,19,20,21,22,23,24,25,26,27,28,29,30,31,32,33,34,35,36,37,38,39,40,41,42,43,44,45,46,47,48,49,50,51,52,53,54,55,56,57,58,59,60,61,62,63,64,65,66,67,68,69,70,71","combat/stance group 0 (upper/body half)"
"Tarutaru Female","Animation set 0","ROM/51/19.dat","bb11","bb1","55","410944","10","15","69","3,4,5,6,7,8,9,10,11,12,13,14,15,16,17,18,19,20,21,22,23,24,25,26,27,28,29,30,31,32,33,34,35,36,37,38,39,40,41,42,43,44,45,46,47,48,49,50,51,52,53,54,55,56,57,58,59,60,61,62,63,64,65,66,67,68,69,70,71","unidentified (upper/body half)"
"Tarutaru Female","Animation set 0","ROM/51/19.dat","bb01","bb0","56","425456","2","30","69","3,4,5,6,7,8,9,10,11,12,13,14,15,16,17,18,19,20,21,22,23,24,25,26,27,28,29,30,31,32,33,34,35,36,37,38,39,40,41,42,43,44,45,46,47,48,49,50,51,52,53,54,55,56,57,58,59,60,61,62,63,64,65,66,67,68,69,70,71","unidentified (upper/body half)"
"Tarutaru Female","Animation set 0","ROM/51/19.dat","bf01","bf0","57","433024","2","30","69","3,4,5,6,7,8,9,10,11,12,13,14,15,16,17,18,19,20,21,22,23,24,25,26,27,28,29,30,31,32,33,34,35,36,37,38,39,40,41,42,43,44,45,46,47,48,49,50,51,52,53,54,55,56,57,58,59,60,61,62,63,64,65,66,67,68,69,70,71","unidentified (upper/body half)"
"Tarutaru Female","Animation set 0","ROM/51/19.dat","bf11","bf1","58","440336","10","15","69","3,4,5,6,7,8,9,10,11,12,13,14,15,16,17,18,19,20,21,22,23,24,25,26,27,28,29,30,31,32,33,34,35,36,37,38,39,40,41,42,43,44,45,46,47,48,49,50,51,52,53,54,55,56,57,58,59,60,61,62,63,64,65,66,67,68,69,70,71","unidentified (upper/body half)"
"Tarutaru Female","Animation set 0","ROM/51/19.dat","pym1","pym","59","453728","2","30","69","3,4,5,6,7,8,9,10,11,12,13,14,15,16,17,18,19,20,21,22,23,24,25,26,27,28,29,30,31,32,33,34,35,36,37,38,39,40,41,42,43,44,45,46,47,48,49,50,51,52,53,54,55,56,57,58,59,60,61,62,63,64,65,66,67,68,69,70,71","unidentified (upper/body half)"
"Tarutaru Female","Animation set 0","ROM/51/19.dat","pyi6","pyi","60","459696","2","30","93","0,1,2,3,4,5,6,7,8,9,10,11,12,13,14,15,16,17,18,19,20,21,22,23,24,25,26,27,28,29,30,31,32,33,34,35,36,37,38,39,40,41,42,43,44,45,46,47,48,49,50,51,52,53,54,55,56,57,58,59,60,61,62,63,64,65,66,67,68,69,70,71,72,73,74,75,76,77,78,79,80,81,82,83,84,85,86,87,88,89,90,91,92","unidentified"
"Tarutaru Female","Animation set 0","ROM/51/19.dat","at31","at3","61","467664","48","30","69","3,4,5,6,7,8,9,10,11,12,13,14,15,16,17,18,19,20,21,22,23,24,25,26,27,28,29,30,31,32,33,34,35,36,37,38,39,40,41,42,43,44,45,46,47,48,49,50,51,52,53,54,55,56,57,58,59,60,61,62,63,64,65,66,67,68,69,70,71","unidentified (upper/body half)"
"Tarutaru Female","Animation set 0","ROM/51/19.dat","at30","at3","62","507088","48","30","14","0,1,2,72,73,74,75,76,77,78,79,80,81,82","unidentified (root/lower-body half)"
"Tarutaru Female","Animation set 0","ROM/51/19.dat","at41","at4","63","514448","42","30","69","3,4,5,6,7,8,9,10,11,12,13,14,15,16,17,18,19,20,21,22,23,24,25,26,27,28,29,30,31,32,33,34,35,36,37,38,39,40,41,42,43,44,45,46,47,48,49,50,51,52,53,54,55,56,57,58,59,60,61,62,63,64,65,66,67,68,69,70,71","unidentified (upper/body half)"
"Tarutaru Female","Animation set 0","ROM/51/19.dat","at40","at4","64","549168","42","30","14","0,1,2,72,73,74,75,76,77,78,79,80,81,82","unidentified (root/lower-body half)"
"Tarutaru Female","Animation set 0","ROM/51/19.dat","wa41","wa4","65","556256","46","30","69","3,4,5,6,7,8,9,10,11,12,13,14,15,16,17,18,19,20,21,22,23,24,25,26,27,28,29,30,31,32,33,34,35,36,37,38,39,40,41,42,43,44,45,46,47,48,49,50,51,52,53,54,55,56,57,58,59,60,61,62,63,64,65,66,67,68,69,70,71","unidentified (upper/body half)"
"Tarutaru Female","Animation set 0","ROM/51/19.dat","wa50","wa5","66","594464","41","30","14","0,1,2,72,73,74,75,76,77,78,79,80,81,82","unidentified (root/lower-body half)"
"Tarutaru Female","Animation set 0","ROM/51/19.dat","wa40","wa4","67","600928","46","30","14","0,1,2,72,73,74,75,76,77,78,79,80,81,82","unidentified (root/lower-body half)"
"Tarutaru Female","Animation set 0","ROM/51/19.dat","wa51","wa5","68","608576","41","30","69","3,4,5,6,7,8,9,10,11,12,13,14,15,16,17,18,19,20,21,22,23,24,25,26,27,28,29,30,31,32,33,34,35,36,37,38,39,40,41,42,43,44,45,46,47,48,49,50,51,52,53,54,55,56,57,58,59,60,61,62,63,64,65,66,67,68,69,70,71","unidentified (upper/body half)"
"Tarutaru Female","Animation set 1","ROM/51/71.dat","bow1","bow","9","1312","38","15","69","3,4,5,6,7,8,9,10,11,12,13,14,15,16,17,18,19,20,21,22,23,24,25,26,27,28,29,30,31,32,33,34,35,36,37,38,39,40,41,42,43,44,45,46,47,48,49,50,51,52,53,54,55,56,57,58,59,60,61,62,63,64,65,66,67,68,69,70,71","unidentified (upper/body half)"
"Tarutaru Female","Animation set 1","ROM/51/71.dat","bow0","bow","10","39056","38","15","14","0,1,2,72,73,74,75,76,77,78,79,80,81,82","unidentified (root/lower-body half)"
"Tarutaru Female","Animation set 1","ROM/51/71.dat","poi1","poi","11","46496","29","15","69","3,4,5,6,7,8,9,10,11,12,13,14,15,16,17,18,19,20,21,22,23,24,25,26,27,28,29,30,31,32,33,34,35,36,37,38,39,40,41,42,43,44,45,46,47,48,49,50,51,52,53,54,55,56,57,58,59,60,61,62,63,64,65,66,67,68,69,70,71","unidentified (upper/body half)"
"Tarutaru Female","Animation set 1","ROM/51/71.dat","poi0","poi","12","77152","29","15","14","0,1,2,72,73,74,75,76,77,78,79,80,81,82","unidentified (root/lower-body half)"
"Tarutaru Female","Animation set 1","ROM/51/71.dat","sl20","sl2","13","82416","38","15","14","0,1,2,72,73,74,75,76,77,78,79,80,81,82","unidentified (root/lower-body half)"
"Tarutaru Female","Animation set 1","ROM/51/71.dat","sl30","sl3","14","88944","46","15","14","0,1,2,72,73,74,75,76,77,78,79,80,81,82","unidentified (root/lower-body half)"
"Tarutaru Female","Animation set 1","ROM/51/71.dat","lau1","lau","15","97328","45","15","69","3,4,5,6,7,8,9,10,11,12,13,14,15,16,17,18,19,20,21,22,23,24,25,26,27,28,29,30,31,32,33,34,35,36,37,38,39,40,41,42,43,44,45,46,47,48,49,50,51,52,53,54,55,56,57,58,59,60,61,62,63,64,65,66,67,68,69,70,71","unidentified (upper/body half)"
"Tarutaru Female","Animation set 1","ROM/51/71.dat","lau0","lau","16","146544","45","15","14","0,1,2,72,73,74,75,76,77,78,79,80,81,82","unidentified (root/lower-body half)"
"Tarutaru Female","Animation set 1","ROM/51/71.dat","wee1","wee","17","154416","49","15","69","3,4,5,6,7,8,9,10,11,12,13,14,15,16,17,18,19,20,21,22,23,24,25,26,27,28,29,30,31,32,33,34,35,36,37,38,39,40,41,42,43,44,45,46,47,48,49,50,51,52,53,54,55,56,57,58,59,60,61,62,63,64,65,66,67,68,69,70,71","unidentified (upper/body half)"
"Tarutaru Female","Animation set 1","ROM/51/71.dat","wee0","wee","18","201792","49","15","14","0,1,2,72,73,74,75,76,77,78,79,80,81,82","unidentified (root/lower-body half)"
"Tarutaru Female","Animation set 1","ROM/51/71.dat","sl21","sl2","19","210640","38","15","69","3,4,5,6,7,8,9,10,11,12,13,14,15,16,17,18,19,20,21,22,23,24,25,26,27,28,29,30,31,32,33,34,35,36,37,38,39,40,41,42,43,44,45,46,47,48,49,50,51,52,53,54,55,56,57,58,59,60,61,62,63,64,65,66,67,68,69,70,71","unidentified (upper/body half)"
"Tarutaru Female","Animation set 1","ROM/51/71.dat","sl31","sl3","20","248080","46","15","69","3,4,5,6,7,8,9,10,11,12,13,14,15,16,17,18,19,20,21,22,23,24,25,26,27,28,29,30,31,32,33,34,35,36,37,38,39,40,41,42,43,44,45,46,47,48,49,50,51,52,53,54,55,56,57,58,59,60,61,62,63,64,65,66,67,68,69,70,71","unidentified (upper/body half)"
"Tarutaru Female","Animation set 1","ROM/51/71.dat","kne1","kne","21","296960","65","15","69","3,4,5,6,7,8,9,10,11,12,13,14,15,16,17,18,19,20,21,22,23,24,25,26,27,28,29,30,31,32,33,34,35,36,37,38,39,40,41,42,43,44,45,46,47,48,49,50,51,52,53,54,55,56,57,58,59,60,61,62,63,64,65,66,67,68,69,70,71","unidentified (upper/body half)"
"Tarutaru Female","Animation set 1","ROM/51/71.dat","kne0","kne","22","358432","65","15","14","0,1,2,72,73,74,75,76,77,78,79,80,81,82","unidentified (root/lower-body half)"
"Tarutaru Female","Animation set 1","ROM/51/71.dat","sl10","sl1","23","368480","43","15","14","0,1,2,72,73,74,75,76,77,78,79,80,81,82","unidentified (root/lower-body half)"
"Tarutaru Female","Animation set 1","ROM/51/71.dat","sl11","sl1","24","376736","43","15","69","3,4,5,6,7,8,9,10,11,12,13,14,15,16,17,18,19,20,21,22,23,24,25,26,27,28,29,30,31,32,33,34,35,36,37,38,39,40,41,42,43,44,45,46,47,48,49,50,51,52,53,54,55,56,57,58,59,60,61,62,63,64,65,66,67,68,69,70,71","unidentified (upper/body half)"
"Tarutaru Male","Skeleton + Base Tex","ROM/46/93.dat","wlk0","wlk","72","21344","11","15","14","0,1,2,72,73,74,75,76,77,78,79,80,81,82","walk (root/lower-body half)"
"Tarutaru Male","Skeleton + Base Tex","ROM/46/93.dat","ded0","ded","73","24096","18","15","14","0,1,2,72,73,74,75,76,77,78,79,80,81,82","unidentified (root/lower-body half)"
"Tarutaru Male","Skeleton + Base Tex","ROM/46/93.dat","idl0","idl","74","28192","16","7.5","14","0,1,2,72,73,74,75,76,77,78,79,80,81,82","idle (root/lower-body half)"
"Tarutaru Male","Skeleton + Base Tex","ROM/46/93.dat","mvb0","mvb","75","31648","11","15","14","0,1,2,72,73,74,75,76,77,78,79,80,81,82","move backward (root/lower-body half)"
"Tarutaru Male","Skeleton + Base Tex","ROM/46/93.dat","mvl0","mvl","76","34448","11","15","14","0,1,2,72,73,74,75,76,77,78,79,80,81,82","strafe/turn left (root/lower-body half)"
"Tarutaru Male","Skeleton + Base Tex","ROM/46/93.dat","mvr0","mvr","77","37280","11","15","14","0,1,2,72,73,74,75,76,77,78,79,80,81,82","strafe/turn right (root/lower-body half)"
"Tarutaru Male","Skeleton + Base Tex","ROM/46/93.dat","run0","run","78","40112","11","15","14","0,1,2,72,73,74,75,76,77,78,79,80,81,82","run (root/lower-body half)"
"Tarutaru Male","Skeleton + Base Tex","ROM/46/93.dat","rx00","rx0","79","42944","14","15","14","0,1,2,72,73,74,75,76,77,78,79,80,81,82","unidentified (root/lower-body half)"
"Tarutaru Male","Skeleton + Base Tex","ROM/46/93.dat","rx10","rx1","80","45952","30","15","14","0,1,2,72,73,74,75,76,77,78,79,80,81,82","unidentified (root/lower-body half)"
"Tarutaru Male","Skeleton + Base Tex","ROM/46/93.dat","rx20","rx2","81","50400","15","15","14","0,1,2,72,73,74,75,76,77,78,79,80,81,82","unidentified (root/lower-body half)"
"Tarutaru Male","Skeleton + Base Tex","ROM/46/93.dat","std0","std","82","53536","51","15","14","0,1,2,72,73,74,75,76,77,78,79,80,81,82","standard/standing cycle (root/lower-body half)"
"Tarutaru Male","Skeleton + Base Tex","ROM/46/93.dat","cor0","cor","83","61280","2","30","14","0,1,2,72,73,74,75,76,77,78,79,80,81,82","unidentified (root/lower-body half)"
"Tarutaru Male","Skeleton + Base Tex","ROM/46/93.dat","ms20","ms2","84","62496","17","15","14","0,1,2,72,73,74,75,76,77,78,79,80,81,82","unidentified (root/lower-body half)"
"Tarutaru Male","Skeleton + Base Tex","ROM/46/93.dat","cm01","cm0","85","66080","16","15","69","3,4,5,6,7,8,9,10,11,12,13,14,15,16,17,18,19,20,21,22,23,24,25,26,27,28,29,30,31,32,33,34,35,36,37,38,39,40,41,42,43,44,45,46,47,48,49,50,51,52,53,54,55,56,57,58,59,60,61,62,63,64,65,66,67,68,69,70,71","combat/stance group 0 (upper/body half)"
"Tarutaru Male","Skeleton + Base Tex","ROM/46/93.dat","cm10","cm1","86","86432","17","7.5","14","0,1,2,72,73,74,75,76,77,78,79,80,81,82","combat/stance group 1 (root/lower-body half)"
"Tarutaru Male","Skeleton + Base Tex","ROM/46/93.dat","cm11","cm1","87","89744","17","7.5","69","3,4,5,6,7,8,9,10,11,12,13,14,15,16,17,18,19,20,21,22,23,24,25,26,27,28,29,30,31,32,33,34,35,36,37,38,39,40,41,42,43,44,45,46,47,48,49,50,51,52,53,54,55,56,57,58,59,60,61,62,63,64,65,66,67,68,69,70,71","combat/stance group 1 (upper/body half)"
"Tarutaru Male","Skeleton + Base Tex","ROM/46/93.dat","mb00","mb0","88","107808","8","15","14","0,1,2,72,73,74,75,76,77,78,79,80,81,82","unidentified (root/lower-body half)"
"Tarutaru Male","Skeleton + Base Tex","ROM/46/93.dat","mb01","mb0","89","110016","8","15","69","3,4,5,6,7,8,9,10,11,12,13,14,15,16,17,18,19,20,21,22,23,24,25,26,27,28,29,30,31,32,33,34,35,36,37,38,39,40,41,42,43,44,45,46,47,48,49,50,51,52,53,54,55,56,57,58,59,60,61,62,63,64,65,66,67,68,69,70,71","unidentified (upper/body half)"
"Tarutaru Male","Skeleton + Base Tex","ROM/46/93.dat","mb10","mb1","90","121344","31","30","14","0,1,2,72,73,74,75,76,77,78,79,80,81,82","unidentified (root/lower-body half)"
"Tarutaru Male","Skeleton + Base Tex","ROM/46/93.dat","mb11","mb1","91","126896","31","30","69","3,4,5,6,7,8,9,10,11,12,13,14,15,16,17,18,19,20,21,22,23,24,25,26,27,28,29,30,31,32,33,34,35,36,37,38,39,40,41,42,43,44,45,46,47,48,49,50,51,52,53,54,55,56,57,58,59,60,61,62,63,64,65,66,67,68,69,70,71","unidentified (upper/body half)"
"Tarutaru Male","Skeleton + Base Tex","ROM/46/93.dat","mb20","mb2","92","160128","15","15","14","0,1,2,72,73,74,75,76,77,78,79,80,81,82","unidentified (root/lower-body half)"
"Tarutaru Male","Skeleton + Base Tex","ROM/46/93.dat","mb21","mb2","93","163200","15","15","69","3,4,5,6,7,8,9,10,11,12,13,14,15,16,17,18,19,20,21,22,23,24,25,26,27,28,29,30,31,32,33,34,35,36,37,38,39,40,41,42,43,44,45,46,47,48,49,50,51,52,53,54,55,56,57,58,59,60,61,62,63,64,65,66,67,68,69,70,71","unidentified (upper/body half)"
"Tarutaru Male","Skeleton + Base Tex","ROM/46/93.dat","mi00","mi0","94","178384","8","15","14","0,1,2,72,73,74,75,76,77,78,79,80,81,82","unidentified (root/lower-body half)"
"Tarutaru Male","Skeleton + Base Tex","ROM/46/93.dat","mi01","mi0","95","180624","8","15","69","3,4,5,6,7,8,9,10,11,12,13,14,15,16,17,18,19,20,21,22,23,24,25,26,27,28,29,30,31,32,33,34,35,36,37,38,39,40,41,42,43,44,45,46,47,48,49,50,51,52,53,54,55,56,57,58,59,60,61,62,63,64,65,66,67,68,69,70,71","unidentified (upper/body half)"
"Tarutaru Male","Skeleton + Base Tex","ROM/46/93.dat","mi10","mi1","96","192720","17","10.5","14","0,1,2,72,73,74,75,76,77,78,79,80,81,82","unidentified (root/lower-body half)"
"Tarutaru Male","Skeleton + Base Tex","ROM/46/93.dat","mi11","mi1","97","195904","17","10.5","69","3,4,5,6,7,8,9,10,11,12,13,14,15,16,17,18,19,20,21,22,23,24,25,26,27,28,29,30,31,32,33,34,35,36,37,38,39,40,41,42,43,44,45,46,47,48,49,50,51,52,53,54,55,56,57,58,59,60,61,62,63,64,65,66,67,68,69,70,71","unidentified (upper/body half)"
"Tarutaru Male","Skeleton + Base Tex","ROM/46/93.dat","mi20","mi2","98","211520","11","15","14","0,1,2,72,73,74,75,76,77,78,79,80,81,82","unidentified (root/lower-body half)"
"Tarutaru Male","Skeleton + Base Tex","ROM/46/93.dat","mi21","mi2","99","214144","11","15","69","3,4,5,6,7,8,9,10,11,12,13,14,15,16,17,18,19,20,21,22,23,24,25,26,27,28,29,30,31,32,33,34,35,36,37,38,39,40,41,42,43,44,45,46,47,48,49,50,51,52,53,54,55,56,57,58,59,60,61,62,63,64,65,66,67,68,69,70,71","unidentified (upper/body half)"
"Tarutaru Male","Skeleton + Base Tex","ROM/46/93.dat","mi30","mi3","100","228416","17","7.5","14","0,1,2,72,73,74,75,76,77,78,79,80,81,82","unidentified (root/lower-body half)"
"Tarutaru Male","Skeleton + Base Tex","ROM/46/93.dat","mi31","mi3","101","231872","17","7.5","69","3,4,5,6,7,8,9,10,11,12,13,14,15,16,17,18,19,20,21,22,23,24,25,26,27,28,29,30,31,32,33,34,35,36,37,38,39,40,41,42,43,44,45,46,47,48,49,50,51,52,53,54,55,56,57,58,59,60,61,62,63,64,65,66,67,68,69,70,71","unidentified (upper/body half)"
"Tarutaru Male","Skeleton + Base Tex","ROM/46/93.dat","mn00","mn0","102","248848","17","15","14","0,1,2,72,73,74,75,76,77,78,79,80,81,82","unidentified (root/lower-body half)"
"Tarutaru Male","Skeleton + Base Tex","ROM/46/93.dat","mn01","mn0","103","252096","17","15","69","3,4,5,6,7,8,9,10,11,12,13,14,15,16,17,18,19,20,21,22,23,24,25,26,27,28,29,30,31,32,33,34,35,36,37,38,39,40,41,42,43,44,45,46,47,48,49,50,51,52,53,54,55,56,57,58,59,60,61,62,63,64,65,66,67,68,69,70,71","unidentified (upper/body half)"
"Tarutaru Male","Skeleton + Base Tex","ROM/46/93.dat","mn10","mn1","104","267440","31","30","14","0,1,2,72,73,74,75,76,77,78,79,80,81,82","unidentified (root/lower-body half)"
"Tarutaru Male","Skeleton + Base Tex","ROM/46/93.dat","mn11","mn1","105","273120","31","30","69","3,4,5,6,7,8,9,10,11,12,13,14,15,16,17,18,19,20,21,22,23,24,25,26,27,28,29,30,31,32,33,34,35,36,37,38,39,40,41,42,43,44,45,46,47,48,49,50,51,52,53,54,55,56,57,58,59,60,61,62,63,64,65,66,67,68,69,70,71","unidentified (upper/body half)"
"Tarutaru Male","Skeleton + Base Tex","ROM/46/93.dat","mn20","mn2","106","305120","17","15","14","0,1,2,72,73,74,75,76,77,78,79,80,81,82","unidentified (root/lower-body half)"
"Tarutaru Male","Skeleton + Base Tex","ROM/46/93.dat","mn21","mn2","107","308096","17","15","69","3,4,5,6,7,8,9,10,11,12,13,14,15,16,17,18,19,20,21,22,23,24,25,26,27,28,29,30,31,32,33,34,35,36,37,38,39,40,41,42,43,44,45,46,47,48,49,50,51,52,53,54,55,56,57,58,59,60,61,62,63,64,65,66,67,68,69,70,71","unidentified (upper/body half)"
"Tarutaru Male","Skeleton + Base Tex","ROM/46/93.dat","ms00","ms0","108","323712","17","15","14","0,1,2,72,73,74,75,76,77,78,79,80,81,82","unidentified (root/lower-body half)"
"Tarutaru Male","Skeleton + Base Tex","ROM/46/93.dat","ms01","ms0","109","327104","17","15","69","3,4,5,6,7,8,9,10,11,12,13,14,15,16,17,18,19,20,21,22,23,24,25,26,27,28,29,30,31,32,33,34,35,36,37,38,39,40,41,42,43,44,45,46,47,48,49,50,51,52,53,54,55,56,57,58,59,60,61,62,63,64,65,66,67,68,69,70,71","unidentified (upper/body half)"
"Tarutaru Male","Skeleton + Base Tex","ROM/46/93.dat","ms10","ms1","110","344704","31","15","14","0,1,2,72,73,74,75,76,77,78,79,80,81,82","unidentified (root/lower-body half)"
"Tarutaru Male","Skeleton + Base Tex","ROM/46/93.dat","ms11","ms1","111","350384","31","15","69","3,4,5,6,7,8,9,10,11,12,13,14,15,16,17,18,19,20,21,22,23,24,25,26,27,28,29,30,31,32,33,34,35,36,37,38,39,40,41,42,43,44,45,46,47,48,49,50,51,52,53,54,55,56,57,58,59,60,61,62,63,64,65,66,67,68,69,70,71","unidentified (upper/body half)"
"Tarutaru Male","Skeleton + Base Tex","ROM/46/93.dat","cm00","cm0","112","385104","16","15","14","0,1,2,72,73,74,75,76,77,78,79,80,81,82","combat/stance group 0 (root/lower-body half)"
"Tarutaru Male","Skeleton + Base Tex","ROM/46/93.dat","ms21","ms2","113","388688","17","15","69","3,4,5,6,7,8,9,10,11,12,13,14,15,16,17,18,19,20,21,22,23,24,25,26,27,28,29,30,31,32,33,34,35,36,37,38,39,40,41,42,43,44,45,46,47,48,49,50,51,52,53,54,55,56,57,58,59,60,61,62,63,64,65,66,67,68,69,70,71","unidentified (upper/body half)"
"Tarutaru Male","Skeleton + Base Tex","ROM/46/93.dat","mw00","mw0","114","406480","17","15","14","0,1,2,72,73,74,75,76,77,78,79,80,81,82","unidentified (root/lower-body half)"
"Tarutaru Male","Skeleton + Base Tex","ROM/46/93.dat","mw01","mw0","115","409728","17","15","69","3,4,5,6,7,8,9,10,11,12,13,14,15,16,17,18,19,20,21,22,23,24,25,26,27,28,29,30,31,32,33,34,35,36,37,38,39,40,41,42,43,44,45,46,47,48,49,50,51,52,53,54,55,56,57,58,59,60,61,62,63,64,65,66,67,68,69,70,71","unidentified (upper/body half)"
"Tarutaru Male","Skeleton + Base Tex","ROM/46/93.dat","mw10","mw1","116","428608","16","15","14","0,1,2,72,73,74,75,76,77,78,79,80,81,82","unidentified (root/lower-body half)"
"Tarutaru Male","Skeleton + Base Tex","ROM/46/93.dat","mw11","mw1","117","432128","16","15","69","3,4,5,6,7,8,9,10,11,12,13,14,15,16,17,18,19,20,21,22,23,24,25,26,27,28,29,30,31,32,33,34,35,36,37,38,39,40,41,42,43,44,45,46,47,48,49,50,51,52,53,54,55,56,57,58,59,60,61,62,63,64,65,66,67,68,69,70,71","unidentified (upper/body half)"
"Tarutaru Male","Skeleton + Base Tex","ROM/46/93.dat","mw20","mw2","118","451776","17","15","14","0,1,2,72,73,74,75,76,77,78,79,80,81,82","unidentified (root/lower-body half)"
"Tarutaru Male","Skeleton + Base Tex","ROM/46/93.dat","mw21","mw2","119","455088","17","15","69","3,4,5,6,7,8,9,10,11,12,13,14,15,16,17,18,19,20,21,22,23,24,25,26,27,28,29,30,31,32,33,34,35,36,37,38,39,40,41,42,43,44,45,46,47,48,49,50,51,52,53,54,55,56,57,58,59,60,61,62,63,64,65,66,67,68,69,70,71","unidentified (upper/body half)"
"Tarutaru Male","Skeleton + Base Tex","ROM/46/93.dat","mou4","mou","120","472336","31","15","1","11","unidentified"
"Tarutaru Male","Skeleton + Base Tex","ROM/46/93.dat","eye3","eye","121","472944","5","15","4","14,15,16,17","unidentified"
"Tarutaru Male","Skeleton + Base Tex","ROM/46/93.dat","bf10","bf1","122","473632","10","15","14","0,1,2,72,73,74,75,76,77,78,79,80,81,82","unidentified (root/lower-body half)"
"Tarutaru Male","Skeleton + Base Tex","ROM/46/93.dat","bb10","bb1","123","476208","10","15","14","0,1,2,72,73,74,75,76,77,78,79,80,81,82","unidentified (root/lower-body half)"
"Tarutaru Male","Skeleton + Base Tex","ROM/46/93.dat","bf00","bf0","124","478656","2","30","14","0,1,2,72,73,74,75,76,77,78,79,80,81,82","unidentified (root/lower-body half)"
"Tarutaru Male","Skeleton + Base Tex","ROM/46/93.dat","bb00","bb0","125","480144","2","30","14","0,1,2,72,73,74,75,76,77,78,79,80,81,82","unidentified (root/lower-body half)"
"Tarutaru Male","Skeleton + Base Tex","ROM/46/93.dat","bf01","bf0","126","481600","2","30","69","3,4,5,6,7,8,9,10,11,12,13,14,15,16,17,18,19,20,21,22,23,24,25,26,27,28,29,30,31,32,33,34,35,36,37,38,39,40,41,42,43,44,45,46,47,48,49,50,51,52,53,54,55,56,57,58,59,60,61,62,63,64,65,66,67,68,69,70,71","unidentified (upper/body half)"
"Tarutaru Male","Skeleton + Base Tex","ROM/46/93.dat","bb11","bb1","127","488848","10","15","69","3,4,5,6,7,8,9,10,11,12,13,14,15,16,17,18,19,20,21,22,23,24,25,26,27,28,29,30,31,32,33,34,35,36,37,38,39,40,41,42,43,44,45,46,47,48,49,50,51,52,53,54,55,56,57,58,59,60,61,62,63,64,65,66,67,68,69,70,71","unidentified (upper/body half)"
"Tarutaru Male","Skeleton + Base Tex","ROM/46/93.dat","bb01","bb0","128","503232","2","30","69","3,4,5,6,7,8,9,10,11,12,13,14,15,16,17,18,19,20,21,22,23,24,25,26,27,28,29,30,31,32,33,34,35,36,37,38,39,40,41,42,43,44,45,46,47,48,49,50,51,52,53,54,55,56,57,58,59,60,61,62,63,64,65,66,67,68,69,70,71","unidentified (upper/body half)"
"Tarutaru Male","Skeleton + Base Tex","ROM/46/93.dat","bf11","bf1","129","510768","10","15","69","3,4,5,6,7,8,9,10,11,12,13,14,15,16,17,18,19,20,21,22,23,24,25,26,27,28,29,30,31,32,33,34,35,36,37,38,39,40,41,42,43,44,45,46,47,48,49,50,51,52,53,54,55,56,57,58,59,60,61,62,63,64,65,66,67,68,69,70,71","unidentified (upper/body half)"
"Tarutaru Male","Skeleton + Base Tex","ROM/46/93.dat","rx11","rx1","130","523840","30","15","69","3,4,5,6,7,8,9,10,11,12,13,14,15,16,17,18,19,20,21,22,23,24,25,26,27,28,29,30,31,32,33,34,35,36,37,38,39,40,41,42,43,44,45,46,47,48,49,50,51,52,53,54,55,56,57,58,59,60,61,62,63,64,65,66,67,68,69,70,71","unidentified (upper/body half)"
"Tarutaru Male","Skeleton + Base Tex","ROM/46/93.dat","dbm1","dbm","131","533504","2","30","69","3,4,5,6,7,8,9,10,11,12,13,14,15,16,17,18,19,20,21,22,23,24,25,26,27,28,29,30,31,32,33,34,35,36,37,38,39,40,41,42,43,44,45,46,47,48,49,50,51,52,53,54,55,56,57,58,59,60,61,62,63,64,65,66,67,68,69,70,71","unidentified (upper/body half)"
"Tarutaru Male","Skeleton + Base Tex","ROM/46/93.dat","ded1","ded","132","539536","18","15","69","3,4,5,6,7,8,9,10,11,12,13,14,15,16,17,18,19,20,21,22,23,24,25,26,27,28,29,30,31,32,33,34,35,36,37,38,39,40,41,42,43,44,45,46,47,48,49,50,51,52,53,54,55,56,57,58,59,60,61,62,63,64,65,66,67,68,69,70,71","unidentified (upper/body half)"
"Tarutaru Male","Skeleton + Base Tex","ROM/46/93.dat","dfm1","dfm","133","561344","2","30","69","3,4,5,6,7,8,9,10,11,12,13,14,15,16,17,18,19,20,21,22,23,24,25,26,27,28,29,30,31,32,33,34,35,36,37,38,39,40,41,42,43,44,45,46,47,48,49,50,51,52,53,54,55,56,57,58,59,60,61,62,63,64,65,66,67,68,69,70,71","unidentified (upper/body half)"
"Tarutaru Male","Skeleton + Base Tex","ROM/46/93.dat","ri01","ri0","134","567376","21","18","69","3,4,5,6,7,8,9,10,11,12,13,14,15,16,17,18,19,20,21,22,23,24,25,26,27,28,29,30,31,32,33,34,35,36,37,38,39,40,41,42,43,44,45,46,47,48,49,50,51,52,53,54,55,56,57,58,59,60,61,62,63,64,65,66,67,68,69,70,71","unidentified (upper/body half)"
"Tarutaru Male","Skeleton + Base Tex","ROM/46/93.dat","rx01","rx0","135","586816","14","15","69","3,4,5,6,7,8,9,10,11,12,13,14,15,16,17,18,19,20,21,22,23,24,25,26,27,28,29,30,31,32,33,34,35,36,37,38,39,40,41,42,43,44,45,46,47,48,49,50,51,52,53,54,55,56,57,58,59,60,61,62,63,64,65,66,67,68,69,70,71","unidentified (upper/body half)"
"Tarutaru Male","Skeleton + Base Tex","ROM/46/93.dat","rx21","rx2","136","605184","15","15","69","3,4,5,6,7,8,9,10,11,12,13,14,15,16,17,18,19,20,21,22,23,24,25,26,27,28,29,30,31,32,33,34,35,36,37,38,39,40,41,42,43,44,45,46,47,48,49,50,51,52,53,54,55,56,57,58,59,60,61,62,63,64,65,66,67,68,69,70,71","unidentified (upper/body half)"
"Tarutaru Male","Skeleton + Base Tex","ROM/46/93.dat","std1","std","137","624928","51","15","69","3,4,5,6,7,8,9,10,11,12,13,14,15,16,17,18,19,20,21,22,23,24,25,26,27,28,29,30,31,32,33,34,35,36,37,38,39,40,41,42,43,44,45,46,47,48,49,50,51,52,53,54,55,56,57,58,59,60,61,62,63,64,65,66,67,68,69,70,71","standard/standing cycle (upper/body half)"
"Tarutaru Male","Skeleton + Base Tex","ROM/46/93.dat","ri00","ri0","138","674416","21","18","14","0,1,2,72,73,74,75,76,77,78,79,80,81,82","unidentified (root/lower-body half)"
"Tarutaru Male","Skeleton + Base Tex","ROM/46/93.dat","yu21","yu2","139","677888","44","30","69","3,4,5,6,7,8,9,10,11,12,13,14,15,16,17,18,19,20,21,22,23,24,25,26,27,28,29,30,31,32,33,34,35,36,37,38,39,40,41,42,43,44,45,46,47,48,49,50,51,52,53,54,55,56,57,58,59,60,61,62,63,64,65,66,67,68,69,70,71","unidentified (upper/body half)"
"Tarutaru Male","Skeleton + Base Tex","ROM/46/93.dat","gu01","gu0","140","728592","16","15","69","3,4,5,6,7,8,9,10,11,12,13,14,15,16,17,18,19,20,21,22,23,24,25,26,27,28,29,30,31,32,33,34,35,36,37,38,39,40,41,42,43,44,45,46,47,48,49,50,51,52,53,54,55,56,57,58,59,60,61,62,63,64,65,66,67,68,69,70,71","unidentified (upper/body half)"
"Tarutaru Male","Skeleton + Base Tex","ROM/46/93.dat","gu10","gu1","141","749456","15","7.5","14","0,1,2,72,73,74,75,76,77,78,79,80,81,82","unidentified (root/lower-body half)"
"Tarutaru Male","Skeleton + Base Tex","ROM/46/93.dat","gu11","gu1","142","752592","15","7.5","69","3,4,5,6,7,8,9,10,11,12,13,14,15,16,17,18,19,20,21,22,23,24,25,26,27,28,29,30,31,32,33,34,35,36,37,38,39,40,41,42,43,44,45,46,47,48,49,50,51,52,53,54,55,56,57,58,59,60,61,62,63,64,65,66,67,68,69,70,71","unidentified (upper/body half)"
"Tarutaru Male","Skeleton + Base Tex","ROM/46/93.dat","gu20","gu2","143","768256","43","30","14","0,1,2,72,73,74,75,76,77,78,79,80,81,82","unidentified (root/lower-body half)"
"Tarutaru Male","Skeleton + Base Tex","ROM/46/93.dat","gu21","gu2","144","774976","43","30","69","3,4,5,6,7,8,9,10,11,12,13,14,15,16,17,18,19,20,21,22,23,24,25,26,27,28,29,30,31,32,33,34,35,36,37,38,39,40,41,42,43,44,45,46,47,48,49,50,51,52,53,54,55,56,57,58,59,60,61,62,63,64,65,66,67,68,69,70,71","unidentified (upper/body half)"
"Tarutaru Male","Skeleton + Base Tex","ROM/46/93.dat","na00","na0","145","824320","17","15","14","0,1,2,72,73,74,75,76,77,78,79,80,81,82","unidentified (root/lower-body half)"
"Tarutaru Male","Skeleton + Base Tex","ROM/46/93.dat","na01","na0","146","827712","17","15","69","3,4,5,6,7,8,9,10,11,12,13,14,15,16,17,18,19,20,21,22,23,24,25,26,27,28,29,30,31,32,33,34,35,36,37,38,39,40,41,42,43,44,45,46,47,48,49,50,51,52,53,54,55,56,57,58,59,60,61,62,63,64,65,66,67,68,69,70,71","unidentified (upper/body half)"
"Tarutaru Male","Skeleton + Base Tex","ROM/46/93.dat","na10","na1","147","848848","13","7.5","14","0,1,2,72,73,74,75,76,77,78,79,80,81,82","unidentified (root/lower-body half)"
"Tarutaru Male","Skeleton + Base Tex","ROM/46/93.dat","na11","na1","148","851728","13","7.5","69","3,4,5,6,7,8,9,10,11,12,13,14,15,16,17,18,19,20,21,22,23,24,25,26,27,28,29,30,31,32,33,34,35,36,37,38,39,40,41,42,43,44,45,46,47,48,49,50,51,52,53,54,55,56,57,58,59,60,61,62,63,64,65,66,67,68,69,70,71","unidentified (upper/body half)"
"Tarutaru Male","Skeleton + Base Tex","ROM/46/93.dat","na20","na2","149","866192","81","30","14","0,1,2,72,73,74,75,76,77,78,79,80,81,82","unidentified (root/lower-body half)"
"Tarutaru Male","Skeleton + Base Tex","ROM/46/93.dat","na21","na2","150","877776","81","30","69","3,4,5,6,7,8,9,10,11,12,13,14,15,16,17,18,19,20,21,22,23,24,25,26,27,28,29,30,31,32,33,34,35,36,37,38,39,40,41,42,43,44,45,46,47,48,49,50,51,52,53,54,55,56,57,58,59,60,61,62,63,64,65,66,67,68,69,70,71","unidentified (upper/body half)"
"Tarutaru Male","Skeleton + Base Tex","ROM/46/93.dat","yu00","yu0","151","961696","28","15","14","0,1,2,72,73,74,75,76,77,78,79,80,81,82","unidentified (root/lower-body half)"
"Tarutaru Male","Skeleton + Base Tex","ROM/46/93.dat","yu01","yu0","152","966496","28","15","69","3,4,5,6,7,8,9,10,11,12,13,14,15,16,17,18,19,20,21,22,23,24,25,26,27,28,29,30,31,32,33,34,35,36,37,38,39,40,41,42,43,44,45,46,47,48,49,50,51,52,53,54,55,56,57,58,59,60,61,62,63,64,65,66,67,68,69,70,71","unidentified (upper/body half)"
"Tarutaru Male","Skeleton + Base Tex","ROM/46/93.dat","yu10","yu1","153","999088","15","7.5","14","0,1,2,72,73,74,75,76,77,78,79,80,81,82","unidentified (root/lower-body half)"
"Tarutaru Male","Skeleton + Base Tex","ROM/46/93.dat","yu11","yu1","154","1002224","15","7.5","69","3,4,5,6,7,8,9,10,11,12,13,14,15,16,17,18,19,20,21,22,23,24,25,26,27,28,29,30,31,32,33,34,35,36,37,38,39,40,41,42,43,44,45,46,47,48,49,50,51,52,53,54,55,56,57,58,59,60,61,62,63,64,65,66,67,68,69,70,71","unidentified (upper/body half)"
"Tarutaru Male","Skeleton + Base Tex","ROM/46/93.dat","yu20","yu2","155","1018080","44","30","14","0,1,2,72,73,74,75,76,77,78,79,80,81,82","unidentified (root/lower-body half)"
"Tarutaru Male","Skeleton + Base Tex","ROM/46/93.dat","gu00","gu0","156","1024928","16","15","14","0,1,2,72,73,74,75,76,77,78,79,80,81,82","unidentified (root/lower-body half)"
"Tarutaru Male","Skeleton + Base Tex","ROM/46/93.dat","sh21","sh2","157","1028192","16","9.574","69","3,4,5,6,7,8,9,10,11,12,13,14,15,16,17,18,19,20,21,22,23,24,25,26,27,28,29,30,31,32,33,34,35,36,37,38,39,40,41,42,43,44,45,46,47,48,49,50,51,52,53,54,55,56,57,58,59,60,61,62,63,64,65,66,67,68,69,70,71","unidentified (upper/body half)"
"Tarutaru Male","Skeleton + Base Tex","ROM/46/93.dat","sf01","sf0","158","1049952","16","15","69","3,4,5,6,7,8,9,10,11,12,13,14,15,16,17,18,19,20,21,22,23,24,25,26,27,28,29,30,31,32,33,34,35,36,37,38,39,40,41,42,43,44,45,46,47,48,49,50,51,52,53,54,55,56,57,58,59,60,61,62,63,64,65,66,67,68,69,70,71","unidentified (upper/body half)"
"Tarutaru Male","Skeleton + Base Tex","ROM/46/93.dat","sf10","sf1","159","1071776","13","10.5","14","0,1,2,72,73,74,75,76,77,78,79,80,81,82","unidentified (root/lower-body half)"
"Tarutaru Male","Skeleton + Base Tex","ROM/46/93.dat","sf11","sf1","160","1074656","13","10.5","69","3,4,5,6,7,8,9,10,11,12,13,14,15,16,17,18,19,20,21,22,23,24,25,26,27,28,29,30,31,32,33,34,35,36,37,38,39,40,41,42,43,44,45,46,47,48,49,50,51,52,53,54,55,56,57,58,59,60,61,62,63,64,65,66,67,68,69,70,71","unidentified (upper/body half)"
"Tarutaru Male","Skeleton + Base Tex","ROM/46/93.dat","sf20","sf2","161","1090832","16","9.574","14","0,1,2,72,73,74,75,76,77,78,79,80,81,82","unidentified (root/lower-body half)"
"Tarutaru Male","Skeleton + Base Tex","ROM/46/93.dat","sf21","sf2","162","1094096","16","9.574","69","3,4,5,6,7,8,9,10,11,12,13,14,15,16,17,18,19,20,21,22,23,24,25,26,27,28,29,30,31,32,33,34,35,36,37,38,39,40,41,42,43,44,45,46,47,48,49,50,51,52,53,54,55,56,57,58,59,60,61,62,63,64,65,66,67,68,69,70,71","unidentified (upper/body half)"
"Tarutaru Male","Skeleton + Base Tex","ROM/46/93.dat","sh00","sh0","163","1116496","16","15","14","0,1,2,72,73,74,75,76,77,78,79,80,81,82","unidentified (root/lower-body half)"
"Tarutaru Male","Skeleton + Base Tex","ROM/46/93.dat","sh01","sh0","164","1119760","16","15","69","3,4,5,6,7,8,9,10,11,12,13,14,15,16,17,18,19,20,21,22,23,24,25,26,27,28,29,30,31,32,33,34,35,36,37,38,39,40,41,42,43,44,45,46,47,48,49,50,51,52,53,54,55,56,57,58,59,60,61,62,63,64,65,66,67,68,69,70,71","unidentified (upper/body half)"
"Tarutaru Male","Skeleton + Base Tex","ROM/46/93.dat","sh10","sh1","165","1141456","13","10.5","14","0,1,2,72,73,74,75,76,77,78,79,80,81,82","unidentified (root/lower-body half)"
"Tarutaru Male","Skeleton + Base Tex","ROM/46/93.dat","sh11","sh1","166","1144336","13","10.5","69","3,4,5,6,7,8,9,10,11,12,13,14,15,16,17,18,19,20,21,22,23,24,25,26,27,28,29,30,31,32,33,34,35,36,37,38,39,40,41,42,43,44,45,46,47,48,49,50,51,52,53,54,55,56,57,58,59,60,61,62,63,64,65,66,67,68,69,70,71","unidentified (upper/body half)"
"Tarutaru Male","Skeleton + Base Tex","ROM/46/93.dat","sh20","sh2","167","1159936","16","9.574","14","0,1,2,72,73,74,75,76,77,78,79,80,81,82","unidentified (root/lower-body half)"
"Tarutaru Male","Skeleton + Base Tex","ROM/46/93.dat","sf00","sf0","168","1163200","16","15","14","0,1,2,72,73,74,75,76,77,78,79,80,81,82","unidentified (root/lower-body half)"
"Tarutaru Male","Skeleton + Base Tex","ROM/46/93.dat","sk00","sk0","169","1166464","19","15","14","0,1,2,72,73,74,75,76,77,78,79,80,81,82","unidentified (root/lower-body half)"
"Tarutaru Male","Skeleton + Base Tex","ROM/46/93.dat","sk01","sk0","170","1170336","19","15","69","3,4,5,6,7,8,9,10,11,12,13,14,15,16,17,18,19,20,21,22,23,24,25,26,27,28,29,30,31,32,33,34,35,36,37,38,39,40,41,42,43,44,45,46,47,48,49,50,51,52,53,54,55,56,57,58,59,60,61,62,63,64,65,66,67,68,69,70,71","unidentified (upper/body half)"
"Tarutaru Male","Skeleton + Base Tex","ROM/46/93.dat","sk10","sk1","171","1194640","13","9","14","0,1,2,72,73,74,75,76,77,78,79,80,81,82","unidentified (root/lower-body half)"
"Tarutaru Male","Skeleton + Base Tex","ROM/46/93.dat","sk11","sk1","172","1197664","13","9","69","3,4,5,6,7,8,9,10,11,12,13,14,15,16,17,18,19,20,21,22,23,24,25,26,27,28,29,30,31,32,33,34,35,36,37,38,39,40,41,42,43,44,45,46,47,48,49,50,51,52,53,54,55,56,57,58,59,60,61,62,63,64,65,66,67,68,69,70,71","unidentified (upper/body half)"
"Tarutaru Male","Skeleton + Base Tex","ROM/46/93.dat","sk20","sk2","173","1213056","48","30","14","0,1,2,72,73,74,75,76,77,78,79,80,81,82","unidentified (root/lower-body half)"
"Tarutaru Male","Skeleton + Base Tex","ROM/46/93.dat","sk21","sk2","174","1220416","48","30","69","3,4,5,6,7,8,9,10,11,12,13,14,15,16,17,18,19,20,21,22,23,24,25,26,27,28,29,30,31,32,33,34,35,36,37,38,39,40,41,42,43,44,45,46,47,48,49,50,51,52,53,54,55,56,57,58,59,60,61,62,63,64,65,66,67,68,69,70,71","unidentified (upper/body half)"
"Tarutaru Male","Skeleton + Base Tex","ROM/46/93.dat","na31","na3","175","1273472","31","30","69","3,4,5,6,7,8,9,10,11,12,13,14,15,16,17,18,19,20,21,22,23,24,25,26,27,28,29,30,31,32,33,34,35,36,37,38,39,40,41,42,43,44,45,46,47,48,49,50,51,52,53,54,55,56,57,58,59,60,61,62,63,64,65,66,67,68,69,70,71","unidentified (upper/body half)"
"Tarutaru Male","Skeleton + Base Tex","ROM/46/93.dat","na30","na3","176","1303600","31","30","14","0,1,2,72,73,74,75,76,77,78,79,80,81,82","unidentified (root/lower-body half)"
"Tarutaru Male","Skeleton + Base Tex","ROM/46/93.dat","si21","si2","177","1308784","31","15","69","3,4,5,6,7,8,9,10,11,12,13,14,15,16,17,18,19,20,21,22,23,24,25,26,27,28,29,30,31,32,33,34,35,36,37,38,39,40,41,42,43,44,45,46,47,48,49,50,51,52,53,54,55,56,57,58,59,60,61,62,63,64,65,66,67,68,69,70,71","unidentified (upper/body half)"
"Tarutaru Male","Skeleton + Base Tex","ROM/46/93.dat","si01","si0","178","1341776","31","15","69","3,4,5,6,7,8,9,10,11,12,13,14,15,16,17,18,19,20,21,22,23,24,25,26,27,28,29,30,31,32,33,34,35,36,37,38,39,40,41,42,43,44,45,46,47,48,49,50,51,52,53,54,55,56,57,58,59,60,61,62,63,64,65,66,67,68,69,70,71","unidentified (upper/body half)"
"Tarutaru Male","Skeleton + Base Tex","ROM/46/93.dat","si11","si1","179","1374768","17","9","69","3,4,5,6,7,8,9,10,11,12,13,14,15,16,17,18,19,20,21,22,23,24,25,26,27,28,29,30,31,32,33,34,35,36,37,38,39,40,41,42,43,44,45,46,47,48,49,50,51,52,53,54,55,56,57,58,59,60,61,62,63,64,65,66,67,68,69,70,71","unidentified (upper/body half)"
"Tarutaru Male","Skeleton + Base Tex","ROM/46/93.dat","si00","si0","180","1385632","31","15","14","0,1,2,72,73,74,75,76,77,78,79,80,81,82","unidentified (root/lower-body half)"
"Tarutaru Male","Skeleton + Base Tex","ROM/46/93.dat","si10","si1","181","1390816","17","9","14","0,1,2,72,73,74,75,76,77,78,79,80,81,82","unidentified (root/lower-body half)"
"Tarutaru Male","Skeleton + Base Tex","ROM/46/93.dat","si20","si2","182","1393456","31","15","14","0,1,2,72,73,74,75,76,77,78,79,80,81,82","unidentified (root/lower-body half)"
"Tarutaru Male","Skeleton + Base Tex","ROM/46/93.dat","cor1","cor","183","1398752","2","30","69","3,4,5,6,7,8,9,10,11,12,13,14,15,16,17,18,19,20,21,22,23,24,25,26,27,28,29,30,31,32,33,34,35,36,37,38,39,40,41,42,43,44,45,46,47,48,49,50,51,52,53,54,55,56,57,58,59,60,61,62,63,64,65,66,67,68,69,70,71","unidentified (upper/body half)"
"Tarutaru Male","Skeleton + Base Tex","ROM/46/93.dat","ma10","ma1","184","1404624","16","15","14","0,1,2,72,73,74,75,76,77,78,79,80,81,82","unidentified (root/lower-body half)"
"Tarutaru Male","Skeleton + Base Tex","ROM/46/93.dat","ma01","ma0","185","1408144","17","15","69","3,4,5,6,7,8,9,10,11,12,13,14,15,16,17,18,19,20,21,22,23,24,25,26,27,28,29,30,31,32,33,34,35,36,37,38,39,40,41,42,43,44,45,46,47,48,49,50,51,52,53,54,55,56,57,58,59,60,61,62,63,64,65,66,67,68,69,70,71","unidentified (upper/body half)"
"Tarutaru Male","Skeleton + Base Tex","ROM/46/93.dat","ma00","ma0","186","1425936","17","15","14","0,1,2,72,73,74,75,76,77,78,79,80,81,82","unidentified (root/lower-body half)"
"Tarutaru Male","Skeleton + Base Tex","ROM/46/93.dat","ma11","ma1","187","1429600","16","15","69","3,4,5,6,7,8,9,10,11,12,13,14,15,16,17,18,19,20,21,22,23,24,25,26,27,28,29,30,31,32,33,34,35,36,37,38,39,40,41,42,43,44,45,46,47,48,49,50,51,52,53,54,55,56,57,58,59,60,61,62,63,64,65,66,67,68,69,70,71","unidentified (upper/body half)"
"Tarutaru Male","Skeleton + Base Tex","ROM/46/93.dat","ma20","ma2","188","1448480","17","15","14","0,1,2,72,73,74,75,76,77,78,79,80,81,82","unidentified (root/lower-body half)"
"Tarutaru Male","Skeleton + Base Tex","ROM/46/93.dat","ma21","ma2","189","1452000","17","15","69","3,4,5,6,7,8,9,10,11,12,13,14,15,16,17,18,19,20,21,22,23,24,25,26,27,28,29,30,31,32,33,34,35,36,37,38,39,40,41,42,43,44,45,46,47,48,49,50,51,52,53,54,55,56,57,58,59,60,61,62,63,64,65,66,67,68,69,70,71","unidentified (upper/body half)"
"Tarutaru Male","Skeleton + Base Tex","ROM/46/93.dat","gh01","gh0","190","1468304","11","15","69","3,4,5,6,7,8,9,10,11,12,13,14,15,16,17,18,19,20,21,22,23,24,25,26,27,28,29,30,31,32,33,34,35,36,37,38,39,40,41,42,43,44,45,46,47,48,49,50,51,52,53,54,55,56,57,58,59,60,61,62,63,64,65,66,67,68,69,70,71","unidentified (upper/body half)"
"Tarutaru Male","Skeleton + Base Tex","ROM/46/93.dat","gh10","gh1","191","1486592","18","15","14","0,1,2,72,73,74,75,76,77,78,79,80,81,82","unidentified (root/lower-body half)"
"Tarutaru Male","Skeleton + Base Tex","ROM/46/93.dat","gh11","gh1","192","1490832","18","15","69","3,4,5,6,7,8,9,10,11,12,13,14,15,16,17,18,19,20,21,22,23,24,25,26,27,28,29,30,31,32,33,34,35,36,37,38,39,40,41,42,43,44,45,46,47,48,49,50,51,52,53,54,55,56,57,58,59,60,61,62,63,64,65,66,67,68,69,70,71","unidentified (upper/body half)"
"Tarutaru Male","Skeleton + Base Tex","ROM/46/93.dat","gh20","gh2","193","1510768","38","15","14","0,1,2,72,73,74,75,76,77,78,79,80,81,82","unidentified (root/lower-body half)"
"Tarutaru Male","Skeleton + Base Tex","ROM/46/93.dat","gh21","gh2","194","1518512","38","15","69","3,4,5,6,7,8,9,10,11,12,13,14,15,16,17,18,19,20,21,22,23,24,25,26,27,28,29,30,31,32,33,34,35,36,37,38,39,40,41,42,43,44,45,46,47,48,49,50,51,52,53,54,55,56,57,58,59,60,61,62,63,64,65,66,67,68,69,70,71","unidentified (upper/body half)"
"Tarutaru Male","Skeleton + Base Tex","ROM/46/93.dat","gc00","gc0","195","1568272","11","15","14","0,1,2,72,73,74,75,76,77,78,79,80,81,82","unidentified (root/lower-body half)"
"Tarutaru Male","Skeleton + Base Tex","ROM/46/93.dat","gc01","gc0","196","1571376","11","15","69","3,4,5,6,7,8,9,10,11,12,13,14,15,16,17,18,19,20,21,22,23,24,25,26,27,28,29,30,31,32,33,34,35,36,37,38,39,40,41,42,43,44,45,46,47,48,49,50,51,52,53,54,55,56,57,58,59,60,61,62,63,64,65,66,67,68,69,70,71","unidentified (upper/body half)"
"Tarutaru Male","Skeleton + Base Tex","ROM/46/93.dat","gc10","gc1","197","1588688","18","15","14","0,1,2,72,73,74,75,76,77,78,79,80,81,82","unidentified (root/lower-body half)"
"Tarutaru Male","Skeleton + Base Tex","ROM/46/93.dat","gc11","gc1","198","1592992","18","15","69","3,4,5,6,7,8,9,10,11,12,13,14,15,16,17,18,19,20,21,22,23,24,25,26,27,28,29,30,31,32,33,34,35,36,37,38,39,40,41,42,43,44,45,46,47,48,49,50,51,52,53,54,55,56,57,58,59,60,61,62,63,64,65,66,67,68,69,70,71","unidentified (upper/body half)"
"Tarutaru Male","Skeleton + Base Tex","ROM/46/93.dat","gc20","gc2","199","1612352","38","15","14","0,1,2,72,73,74,75,76,77,78,79,80,81,82","unidentified (root/lower-body half)"
"Tarutaru Male","Skeleton + Base Tex","ROM/46/93.dat","gc21","gc2","200","1620096","38","15","69","3,4,5,6,7,8,9,10,11,12,13,14,15,16,17,18,19,20,21,22,23,24,25,26,27,28,29,30,31,32,33,34,35,36,37,38,39,40,41,42,43,44,45,46,47,48,49,50,51,52,53,54,55,56,57,58,59,60,61,62,63,64,65,66,67,68,69,70,71","unidentified (upper/body half)"
"Tarutaru Male","Skeleton + Base Tex","ROM/46/93.dat","gh00","gh0","201","1666208","11","15","14","0,1,2,72,73,74,75,76,77,78,79,80,81,82","unidentified (root/lower-body half)"
"Tarutaru Male","Skeleton + Base Tex","ROM/46/93.dat","jmp0","jmp","202","1669312","12","15","14","0,1,2,72,73,74,75,76,77,78,79,80,81,82","unidentified (root/lower-body half)"
"Tarutaru Male","Skeleton + Base Tex","ROM/46/93.dat","jmp1","jmp","203","1672352","12","15","69","3,4,5,6,7,8,9,10,11,12,13,14,15,16,17,18,19,20,21,22,23,24,25,26,27,28,29,30,31,32,33,34,35,36,37,38,39,40,41,42,43,44,45,46,47,48,49,50,51,52,53,54,55,56,57,58,59,60,61,62,63,64,65,66,67,68,69,70,71","unidentified (upper/body half)"
"Tarutaru Male","Animation set 0","ROM/51/19.dat","dfm1","dfm","23","4640","2","30","69","3,4,5,6,7,8,9,10,11,12,13,14,15,16,17,18,19,20,21,22,23,24,25,26,27,28,29,30,31,32,33,34,35,36,37,38,39,40,41,42,43,44,45,46,47,48,49,50,51,52,53,54,55,56,57,58,59,60,61,62,63,64,65,66,67,68,69,70,71","unidentified (upper/body half)"
"Tarutaru Male","Animation set 0","ROM/51/19.dat","dbm1","dbm","24","11584","2","30","69","3,4,5,6,7,8,9,10,11,12,13,14,15,16,17,18,19,20,21,22,23,24,25,26,27,28,29,30,31,32,33,34,35,36,37,38,39,40,41,42,43,44,45,46,47,48,49,50,51,52,53,54,55,56,57,58,59,60,61,62,63,64,65,66,67,68,69,70,71","unidentified (upper/body half)"
"Tarutaru Male","Animation set 0","ROM/51/19.dat","ded1","ded","25","17936","18","15","69","3,4,5,6,7,8,9,10,11,12,13,14,15,16,17,18,19,20,21,22,23,24,25,26,27,28,29,30,31,32,33,34,35,36,37,38,39,40,41,42,43,44,45,46,47,48,49,50,51,52,53,54,55,56,57,58,59,60,61,62,63,64,65,66,67,68,69,70,71","unidentified (upper/body half)"
"Tarutaru Male","Animation set 0","ROM/51/19.dat","cor1","cor","26","41264","2","30","69","3,4,5,6,7,8,9,10,11,12,13,14,15,16,17,18,19,20,21,22,23,24,25,26,27,28,29,30,31,32,33,34,35,36,37,38,39,40,41,42,43,44,45,46,47,48,49,50,51,52,53,54,55,56,57,58,59,60,61,62,63,64,65,66,67,68,69,70,71","unidentified (upper/body half)"
"Tarutaru Male","Animation set 0","ROM/51/19.dat","wlk1","wlk","27","47504","11","15","69","3,4,5,6,7,8,9,10,11,12,13,14,15,16,17,18,19,20,21,22,23,24,25,26,27,28,29,30,31,32,33,34,35,36,37,38,39,40,41,42,43,44,45,46,47,48,49,50,51,52,53,54,55,56,57,58,59,60,61,62,63,64,65,66,67,68,69,70,71","walk (upper/body half)"
"Tarutaru Male","Animation set 0","ROM/51/19.dat","amf1","amf","28","58304","30","30","69","3,4,5,6,7,8,9,10,11,12,13,14,15,16,17,18,19,20,21,22,23,24,25,26,27,28,29,30,31,32,33,34,35,36,37,38,39,40,41,42,43,44,45,46,47,48,49,50,51,52,53,54,55,56,57,58,59,60,61,62,63,64,65,66,67,68,69,70,71","unidentified (upper/body half)"
"Tarutaru Male","Animation set 0","ROM/51/19.dat","aml1","aml","29","76736","28","30","69","3,4,5,6,7,8,9,10,11,12,13,14,15,16,17,18,19,20,21,22,23,24,25,26,27,28,29,30,31,32,33,34,35,36,37,38,39,40,41,42,43,44,45,46,47,48,49,50,51,52,53,54,55,56,57,58,59,60,61,62,63,64,65,66,67,68,69,70,71","unidentified (upper/body half)"
"Tarutaru Male","Animation set 0","ROM/51/19.dat","amr1","amr","30","93984","28","30","69","3,4,5,6,7,8,9,10,11,12,13,14,15,16,17,18,19,20,21,22,23,24,25,26,27,28,29,30,31,32,33,34,35,36,37,38,39,40,41,42,43,44,45,46,47,48,49,50,51,52,53,54,55,56,57,58,59,60,61,62,63,64,65,66,67,68,69,70,71","unidentified (upper/body half)"
"Tarutaru Male","Animation set 0","ROM/51/19.dat","at00","at0","31","110784","43","30","14","0,1,2,72,73,74,75,76,77,78,79,80,81,82","unidentified (root/lower-body half)"
"Tarutaru Male","Animation set 0","ROM/51/19.dat","at01","at0","32","118192","43","30","69","3,4,5,6,7,8,9,10,11,12,13,14,15,16,17,18,19,20,21,22,23,24,25,26,27,28,29,30,31,32,33,34,35,36,37,38,39,40,41,42,43,44,45,46,47,48,49,50,51,52,53,54,55,56,57,58,59,60,61,62,63,64,65,66,67,68,69,70,71","unidentified (upper/body half)"
"Tarutaru Male","Animation set 0","ROM/51/19.dat","btl0","btl","33","143120","17","15","14","0,1,2,72,73,74,75,76,77,78,79,80,81,82","battle stance (root/lower-body half)"
"Tarutaru Male","Animation set 0","ROM/51/19.dat","btl1","btl","34","146512","17","15","69","3,4,5,6,7,8,9,10,11,12,13,14,15,16,17,18,19,20,21,22,23,24,25,26,27,28,29,30,31,32,33,34,35,36,37,38,39,40,41,42,43,44,45,46,47,48,49,50,51,52,53,54,55,56,57,58,59,60,61,62,63,64,65,66,67,68,69,70,71","battle stance (upper/body half)"
"Tarutaru Male","Animation set 0","ROM/51/19.dat","gdm1","gdm","35","164032","2","30","69","3,4,5,6,7,8,9,10,11,12,13,14,15,16,17,18,19,20,21,22,23,24,25,26,27,28,29,30,31,32,33,34,35,36,37,38,39,40,41,42,43,44,45,46,47,48,49,50,51,52,53,54,55,56,57,58,59,60,61,62,63,64,65,66,67,68,69,70,71","unidentified (upper/body half)"
"Tarutaru Male","Animation set 0","ROM/51/19.dat","mvb1","mvb","36","170960","11","15","69","3,4,5,6,7,8,9,10,11,12,13,14,15,16,17,18,19,20,21,22,23,24,25,26,27,28,29,30,31,32,33,34,35,36,37,38,39,40,41,42,43,44,45,46,47,48,49,50,51,52,53,54,55,56,57,58,59,60,61,62,63,64,65,66,67,68,69,70,71","move backward (upper/body half)"
"Tarutaru Male","Animation set 0","ROM/51/19.dat","mvl1","mvl","37","181408","11","15","69","3,4,5,6,7,8,9,10,11,12,13,14,15,16,17,18,19,20,21,22,23,24,25,26,27,28,29,30,31,32,33,34,35,36,37,38,39,40,41,42,43,44,45,46,47,48,49,50,51,52,53,54,55,56,57,58,59,60,61,62,63,64,65,66,67,68,69,70,71","strafe/turn left (upper/body half)"
"Tarutaru Male","Animation set 0","ROM/51/19.dat","mvr1","mvr","38","191104","11","15","69","3,4,5,6,7,8,9,10,11,12,13,14,15,16,17,18,19,20,21,22,23,24,25,26,27,28,29,30,31,32,33,34,35,36,37,38,39,40,41,42,43,44,45,46,47,48,49,50,51,52,53,54,55,56,57,58,59,60,61,62,63,64,65,66,67,68,69,70,71","strafe/turn right (upper/body half)"
"Tarutaru Male","Animation set 0","ROM/51/19.dat","run1","run","39","200768","11","15","69","3,4,5,6,7,8,9,10,11,12,13,14,15,16,17,18,19,20,21,22,23,24,25,26,27,28,29,30,31,32,33,34,35,36,37,38,39,40,41,42,43,44,45,46,47,48,49,50,51,52,53,54,55,56,57,58,59,60,61,62,63,64,65,66,67,68,69,70,71","run (upper/body half)"
"Tarutaru Male","Animation set 0","ROM/51/19.dat","amb1","amb","40","210640","30","30","69","3,4,5,6,7,8,9,10,11,12,13,14,15,16,17,18,19,20,21,22,23,24,25,26,27,28,29,30,31,32,33,34,35,36,37,38,39,40,41,42,43,44,45,46,47,48,49,50,51,52,53,54,55,56,57,58,59,60,61,62,63,64,65,66,67,68,69,70,71","unidentified (upper/body half)"
"Tarutaru Male","Animation set 0","ROM/51/19.dat","ota1","ota","41","229072","19","15","69","3,4,5,6,7,8,9,10,11,12,13,14,15,16,17,18,19,20,21,22,23,24,25,26,27,28,29,30,31,32,33,34,35,36,37,38,39,40,41,42,43,44,45,46,47,48,49,50,51,52,53,54,55,56,57,58,59,60,61,62,63,64,65,66,67,68,69,70,71","unidentified (upper/body half)"
"Tarutaru Male","Animation set 0","ROM/51/19.dat","ina1","ina","42","246224","19","15","69","3,4,5,6,7,8,9,10,11,12,13,14,15,16,17,18,19,20,21,22,23,24,25,26,27,28,29,30,31,32,33,34,35,36,37,38,39,40,41,42,43,44,45,46,47,48,49,50,51,52,53,54,55,56,57,58,59,60,61,62,63,64,65,66,67,68,69,70,71","unidentified (upper/body half)"
"Tarutaru Male","Animation set 0","ROM/51/19.dat","ota0","ota","43","263680","19","15","14","0,1,2,72,73,74,75,76,77,78,79,80,81,82","unidentified (root/lower-body half)"
"Tarutaru Male","Animation set 0","ROM/51/19.dat","ina0","ina","44","267328","19","15","14","0,1,2,72,73,74,75,76,77,78,79,80,81,82","unidentified (root/lower-body half)"
"Tarutaru Male","Animation set 0","ROM/51/19.dat","at11","at1","45","270976","43","30","69","3,4,5,6,7,8,9,10,11,12,13,14,15,16,17,18,19,20,21,22,23,24,25,26,27,28,29,30,31,32,33,34,35,36,37,38,39,40,41,42,43,44,45,46,47,48,49,50,51,52,53,54,55,56,57,58,59,60,61,62,63,64,65,66,67,68,69,70,71","unidentified (upper/body half)"
"Tarutaru Male","Animation set 0","ROM/51/19.dat","at10","at1","46","296752","43","30","14","0,1,2,72,73,74,75,76,77,78,79,80,81,82","unidentified (root/lower-body half)"
"Tarutaru Male","Animation set 0","ROM/51/19.dat","at21","at2","47","304160","42","30","69","3,4,5,6,7,8,9,10,11,12,13,14,15,16,17,18,19,20,21,22,23,24,25,26,27,28,29,30,31,32,33,34,35,36,37,38,39,40,41,42,43,44,45,46,47,48,49,50,51,52,53,54,55,56,57,58,59,60,61,62,63,64,65,66,67,68,69,70,71","unidentified (upper/body half)"
"Tarutaru Male","Animation set 0","ROM/51/19.dat","at20","at2","48","326960","42","30","14","0,1,2,72,73,74,75,76,77,78,79,80,81,82","unidentified (root/lower-body half)"
"Tarutaru Male","Animation set 0","ROM/51/19.dat","in01","in0","49","333888","19","15","69","3,4,5,6,7,8,9,10,11,12,13,14,15,16,17,18,19,20,21,22,23,24,25,26,27,28,29,30,31,32,33,34,35,36,37,38,39,40,41,42,43,44,45,46,47,48,49,50,51,52,53,54,55,56,57,58,59,60,61,62,63,64,65,66,67,68,69,70,71","unidentified (upper/body half)"
"Tarutaru Male","Animation set 0","ROM/51/19.dat","in00","in0","50","349072","19","15","14","0,1,2,72,73,74,75,76,77,78,79,80,81,82","unidentified (root/lower-body half)"
"Tarutaru Male","Animation set 0","ROM/51/19.dat","ot00","ot0","51","352720","19","15","14","0,1,2,72,73,74,75,76,77,78,79,80,81,82","unidentified (root/lower-body half)"
"Tarutaru Male","Animation set 0","ROM/51/19.dat","ot01","ot0","52","356368","19","15","69","3,4,5,6,7,8,9,10,11,12,13,14,15,16,17,18,19,20,21,22,23,24,25,26,27,28,29,30,31,32,33,34,35,36,37,38,39,40,41,42,43,44,45,46,47,48,49,50,51,52,53,54,55,56,57,58,59,60,61,62,63,64,65,66,67,68,69,70,71","unidentified (upper/body half)"
"Tarutaru Male","Animation set 0","ROM/51/19.dat","cm11","cm1","53","372528","17","7.5","69","3,4,5,6,7,8,9,10,11,12,13,14,15,16,17,18,19,20,21,22,23,24,25,26,27,28,29,30,31,32,33,34,35,36,37,38,39,40,41,42,43,44,45,46,47,48,49,50,51,52,53,54,55,56,57,58,59,60,61,62,63,64,65,66,67,68,69,70,71","combat/stance group 1 (upper/body half)"
"Tarutaru Male","Animation set 0","ROM/51/19.dat","cm01","cm0","54","390592","16","15","69","3,4,5,6,7,8,9,10,11,12,13,14,15,16,17,18,19,20,21,22,23,24,25,26,27,28,29,30,31,32,33,34,35,36,37,38,39,40,41,42,43,44,45,46,47,48,49,50,51,52,53,54,55,56,57,58,59,60,61,62,63,64,65,66,67,68,69,70,71","combat/stance group 0 (upper/body half)"
"Tarutaru Male","Animation set 0","ROM/51/19.dat","bb11","bb1","55","410944","10","15","69","3,4,5,6,7,8,9,10,11,12,13,14,15,16,17,18,19,20,21,22,23,24,25,26,27,28,29,30,31,32,33,34,35,36,37,38,39,40,41,42,43,44,45,46,47,48,49,50,51,52,53,54,55,56,57,58,59,60,61,62,63,64,65,66,67,68,69,70,71","unidentified (upper/body half)"
"Tarutaru Male","Animation set 0","ROM/51/19.dat","bb01","bb0","56","425456","2","30","69","3,4,5,6,7,8,9,10,11,12,13,14,15,16,17,18,19,20,21,22,23,24,25,26,27,28,29,30,31,32,33,34,35,36,37,38,39,40,41,42,43,44,45,46,47,48,49,50,51,52,53,54,55,56,57,58,59,60,61,62,63,64,65,66,67,68,69,70,71","unidentified (upper/body half)"
"Tarutaru Male","Animation set 0","ROM/51/19.dat","bf01","bf0","57","433024","2","30","69","3,4,5,6,7,8,9,10,11,12,13,14,15,16,17,18,19,20,21,22,23,24,25,26,27,28,29,30,31,32,33,34,35,36,37,38,39,40,41,42,43,44,45,46,47,48,49,50,51,52,53,54,55,56,57,58,59,60,61,62,63,64,65,66,67,68,69,70,71","unidentified (upper/body half)"
"Tarutaru Male","Animation set 0","ROM/51/19.dat","bf11","bf1","58","440336","10","15","69","3,4,5,6,7,8,9,10,11,12,13,14,15,16,17,18,19,20,21,22,23,24,25,26,27,28,29,30,31,32,33,34,35,36,37,38,39,40,41,42,43,44,45,46,47,48,49,50,51,52,53,54,55,56,57,58,59,60,61,62,63,64,65,66,67,68,69,70,71","unidentified (upper/body half)"
"Tarutaru Male","Animation set 0","ROM/51/19.dat","pym1","pym","59","453728","2","30","69","3,4,5,6,7,8,9,10,11,12,13,14,15,16,17,18,19,20,21,22,23,24,25,26,27,28,29,30,31,32,33,34,35,36,37,38,39,40,41,42,43,44,45,46,47,48,49,50,51,52,53,54,55,56,57,58,59,60,61,62,63,64,65,66,67,68,69,70,71","unidentified (upper/body half)"
"Tarutaru Male","Animation set 0","ROM/51/19.dat","pyi6","pyi","60","459696","2","30","93","0,1,2,3,4,5,6,7,8,9,10,11,12,13,14,15,16,17,18,19,20,21,22,23,24,25,26,27,28,29,30,31,32,33,34,35,36,37,38,39,40,41,42,43,44,45,46,47,48,49,50,51,52,53,54,55,56,57,58,59,60,61,62,63,64,65,66,67,68,69,70,71,72,73,74,75,76,77,78,79,80,81,82,83,84,85,86,87,88,89,90,91,92","unidentified"
"Tarutaru Male","Animation set 0","ROM/51/19.dat","at31","at3","61","467664","48","30","69","3,4,5,6,7,8,9,10,11,12,13,14,15,16,17,18,19,20,21,22,23,24,25,26,27,28,29,30,31,32,33,34,35,36,37,38,39,40,41,42,43,44,45,46,47,48,49,50,51,52,53,54,55,56,57,58,59,60,61,62,63,64,65,66,67,68,69,70,71","unidentified (upper/body half)"
"Tarutaru Male","Animation set 0","ROM/51/19.dat","at30","at3","62","507088","48","30","14","0,1,2,72,73,74,75,76,77,78,79,80,81,82","unidentified (root/lower-body half)"
"Tarutaru Male","Animation set 0","ROM/51/19.dat","at41","at4","63","514448","42","30","69","3,4,5,6,7,8,9,10,11,12,13,14,15,16,17,18,19,20,21,22,23,24,25,26,27,28,29,30,31,32,33,34,35,36,37,38,39,40,41,42,43,44,45,46,47,48,49,50,51,52,53,54,55,56,57,58,59,60,61,62,63,64,65,66,67,68,69,70,71","unidentified (upper/body half)"
"Tarutaru Male","Animation set 0","ROM/51/19.dat","at40","at4","64","549168","42","30","14","0,1,2,72,73,74,75,76,77,78,79,80,81,82","unidentified (root/lower-body half)"
"Tarutaru Male","Animation set 0","ROM/51/19.dat","wa41","wa4","65","556256","46","30","69","3,4,5,6,7,8,9,10,11,12,13,14,15,16,17,18,19,20,21,22,23,24,25,26,27,28,29,30,31,32,33,34,35,36,37,38,39,40,41,42,43,44,45,46,47,48,49,50,51,52,53,54,55,56,57,58,59,60,61,62,63,64,65,66,67,68,69,70,71","unidentified (upper/body half)"
"Tarutaru Male","Animation set 0","ROM/51/19.dat","wa50","wa5","66","594464","41","30","14","0,1,2,72,73,74,75,76,77,78,79,80,81,82","unidentified (root/lower-body half)"
"Tarutaru Male","Animation set 0","ROM/51/19.dat","wa40","wa4","67","600928","46","30","14","0,1,2,72,73,74,75,76,77,78,79,80,81,82","unidentified (root/lower-body half)"
"Tarutaru Male","Animation set 0","ROM/51/19.dat","wa51","wa5","68","608576","41","30","69","3,4,5,6,7,8,9,10,11,12,13,14,15,16,17,18,19,20,21,22,23,24,25,26,27,28,29,30,31,32,33,34,35,36,37,38,39,40,41,42,43,44,45,46,47,48,49,50,51,52,53,54,55,56,57,58,59,60,61,62,63,64,65,66,67,68,69,70,71","unidentified (upper/body half)"
"Tarutaru Male","Animation set 1","ROM/51/37.dat","bow1","bow","9","1312","38","15","69","3,4,5,6,7,8,9,10,11,12,13,14,15,16,17,18,19,20,21,22,23,24,25,26,27,28,29,30,31,32,33,34,35,36,37,38,39,40,41,42,43,44,45,46,47,48,49,50,51,52,53,54,55,56,57,58,59,60,61,62,63,64,65,66,67,68,69,70,71","unidentified (upper/body half)"
"Tarutaru Male","Animation set 1","ROM/51/37.dat","bow0","bow","10","39664","38","15","14","0,1,2,72,73,74,75,76,77,78,79,80,81,82","unidentified (root/lower-body half)"
"Tarutaru Male","Animation set 1","ROM/51/37.dat","poi1","poi","11","47104","29","15","69","3,4,5,6,7,8,9,10,11,12,13,14,15,16,17,18,19,20,21,22,23,24,25,26,27,28,29,30,31,32,33,34,35,36,37,38,39,40,41,42,43,44,45,46,47,48,49,50,51,52,53,54,55,56,57,58,59,60,61,62,63,64,65,66,67,68,69,70,71","unidentified (upper/body half)"
"Tarutaru Male","Animation set 1","ROM/51/37.dat","poi0","poi","12","77760","29","15","14","0,1,2,72,73,74,75,76,77,78,79,80,81,82","unidentified (root/lower-body half)"
"Tarutaru Male","Animation set 1","ROM/51/37.dat","sl20","sl2","13","83024","38","15","14","0,1,2,72,73,74,75,76,77,78,79,80,81,82","unidentified (root/lower-body half)"
"Tarutaru Male","Animation set 1","ROM/51/37.dat","sl30","sl3","14","89552","46","15","14","0,1,2,72,73,74,75,76,77,78,79,80,81,82","unidentified (root/lower-body half)"
"Tarutaru Male","Animation set 1","ROM/51/37.dat","wee1","wee","15","97936","49","15","69","3,4,5,6,7,8,9,10,11,12,13,14,15,16,17,18,19,20,21,22,23,24,25,26,27,28,29,30,31,32,33,34,35,36,37,38,39,40,41,42,43,44,45,46,47,48,49,50,51,52,53,54,55,56,57,58,59,60,61,62,63,64,65,66,67,68,69,70,71","unidentified (upper/body half)"
"Tarutaru Male","Animation set 1","ROM/51/37.dat","wee0","wee","16","145312","49","15","14","0,1,2,72,73,74,75,76,77,78,79,80,81,82","unidentified (root/lower-body half)"
"Tarutaru Male","Animation set 1","ROM/51/37.dat","sl21","sl2","17","154160","38","15","69","3,4,5,6,7,8,9,10,11,12,13,14,15,16,17,18,19,20,21,22,23,24,25,26,27,28,29,30,31,32,33,34,35,36,37,38,39,40,41,42,43,44,45,46,47,48,49,50,51,52,53,54,55,56,57,58,59,60,61,62,63,64,65,66,67,68,69,70,71","unidentified (upper/body half)"
"Tarutaru Male","Animation set 1","ROM/51/37.dat","sl31","sl3","18","191600","46","15","69","3,4,5,6,7,8,9,10,11,12,13,14,15,16,17,18,19,20,21,22,23,24,25,26,27,28,29,30,31,32,33,34,35,36,37,38,39,40,41,42,43,44,45,46,47,48,49,50,51,52,53,54,55,56,57,58,59,60,61,62,63,64,65,66,67,68,69,70,71","unidentified (upper/body half)"
"Tarutaru Male","Animation set 1","ROM/51/37.dat","lau1","lau","19","240480","45","15","69","3,4,5,6,7,8,9,10,11,12,13,14,15,16,17,18,19,20,21,22,23,24,25,26,27,28,29,30,31,32,33,34,35,36,37,38,39,40,41,42,43,44,45,46,47,48,49,50,51,52,53,54,55,56,57,58,59,60,61,62,63,64,65,66,67,68,69,70,71","unidentified (upper/body half)"
"Tarutaru Male","Animation set 1","ROM/51/37.dat","lau0","lau","20","289696","45","15","14","0,1,2,72,73,74,75,76,77,78,79,80,81,82","unidentified (root/lower-body half)"
"Tarutaru Male","Animation set 1","ROM/51/37.dat","sl10","sl1","21","297568","43","15","14","0,1,2,72,73,74,75,76,77,78,79,80,81,82","unidentified (root/lower-body half)"
"Tarutaru Male","Animation set 1","ROM/51/37.dat","sl11","sl1","22","305824","43","15","69","3,4,5,6,7,8,9,10,11,12,13,14,15,16,17,18,19,20,21,22,23,24,25,26,27,28,29,30,31,32,33,34,35,36,37,38,39,40,41,42,43,44,45,46,47,48,49,50,51,52,53,54,55,56,57,58,59,60,61,62,63,64,65,66,67,68,69,70,71","unidentified (upper/body half)"
"Tarutaru Male","Animation set 1","ROM/51/37.dat","kne1","kne","23","348464","65","15","69","3,4,5,6,7,8,9,10,11,12,13,14,15,16,17,18,19,20,21,22,23,24,25,26,27,28,29,30,31,32,33,34,35,36,37,38,39,40,41,42,43,44,45,46,47,48,49,50,51,52,53,54,55,56,57,58,59,60,61,62,63,64,65,66,67,68,69,70,71","unidentified (upper/body half)"
"Tarutaru Male","Animation set 1","ROM/51/37.dat","kne0","kne","24","409936","65","15","14","0,1,2,72,73,74,75,76,77,78,79,80,81,82","unidentified (root/lower-body half)"
