"Dat","Bytes","Chunks","ScheduleCount","MotionChunkCount","MotionNameCount","Schedules","MotionNames","MotionChunks","MotionFrames"
"ROM/61/126.DAT","49616","342","170","0","0","s000,s001,s002,s003,s004,s005,s006,s007,s008,s009,s010,s011,s012,s013,s014,s015,s016,s017,s018,s019,s020,s021,s022,s023,s024,s025,s026,s027,s028,s029,s030,s031,s032,s033,s034,s035,s036,s037,s038,s039,s040,s041,s042,s043,s044,s045,s046,s047,s048,s049,s050,s051,s052,s053,s054,s055,s056,s057,s058,s059,s060,s061,s062,s063,s064,s065,s066,s067,s068,s069,s070,s071,s072,s073,s074,s075,s076,s077,s078,s079,s080,s081,s082,s083,s084,s085,s086,s087,s088,s089,s090,s091,s092,s093,s094,s095,s096,s097,s098,s099,s100,s101,s102,s103,s104,s105,s106,s107,s108,s109,s110,s111,s112,s113,s114,s115,s116,s117,s118,s119,s120,s121,s122,s123,s124,s125,s126,s127,s128,s129,s130,s131,s132,s133,s134,s135,s136,s137,s138,s139,s140,s141,s142,s143,s144,s145,s146,s147,s148,s149,s150,s151,s152,s153,s154,s155,s156,s157,s158,s159,s160,s161,s162,s163,s164,s165,s166,s167,s168,s169","","",""
"ROM/61/127.DAT","38512","268","134","0","0","nak2,s000,s001,s002,s003,s004,s005,s006,s007,s008,s009,s010,s011,s012,s013,s014,s015,s016,s017,s018,s019,s020,s021,s022,s023,s024,s025,s026,s027,s028,s029,s030,s031,s032,s033,s034,s035,s036,s037,s038,s039,s040,s041,s042,s043,s044,s045,s046,s047,s048,s049,s050,s051,s052,s053,s054,s055,s056,s057,s058,s059,s060,s061,s062,s063,s064,s065,s066,s067,s068,s069,s070,s071,s072,s073,s074,s075,s076,s077,s078,s079,s080,s081,s082,s083,s084,s085,s086,s087,s088,s089,s090,s091,s092,s093,s094,s095,s096,s097,s098,s099,s100,s101,s102,s103,s104,s105,s106,s107,s108,s109,s110,s111,s112,s113,s114,s115,s116,s117,s118,s119,s120,s121,s122,s123,s124,s125,s126,s127,s128,s129,s130,s131,s132","","",""
"ROM/46/93.DAT","1688832","206","68","132","71","@tl0,@tr0,cabk,cabl,cafa,cage,cait,calg,canj,casm,caso,cast,cawh,chit,corp,damg,dead,gur1,gurd,init,kf&h,lc00,lc01,lc02,lc03,lc04,lc05,lc06,lc10,lc11,ldam,lhit,ls00,ls01,ls02,ls03,ls04,ls05,ls06,ls10,ls11,pary,pop0,res0,res1,res2,shbk,shbl,shfa,shge,shit,shlg,shnj,shsm,shso,shwh,sit0,sit1,sit2,ssbk,ssbl,ssit,ssnj,sssm,ssso,sswh,stnd,sway","bb0,bb1,bf0,bf1,cm0,cm1,cor,dbm,ded,dfm,eye,gc0,gc1,gc2,gh0,gh1,gh2,gu0,gu1,gu2,idl,jmp,ma0,ma1,ma2,mb0,mb1,mb2,mi0,mi1,mi2,mi3,mn0,mn1,mn2,mou,ms0,ms1,ms2,mvb,mvl,mvr,mw0,mw1,mw2,na0,na1,na2,na3,ri0,run,rx0,rx1,rx2,sf0,sf1,sf2,sh0,sh1,sh2,si0,si1,si2,sk0,sk1,sk2,std,wlk,yu0,yu1,yu2","bb00,bb01,bb10,bb11,bf00,bf01,bf10,bf11,cm00,cm01,cm10,cm11,cor0,cor1,dbm1,ded0,ded1,dfm1,eye3,gc00,gc01,gc10,gc11,gc20,gc21,gh00,gh01,gh10,gh11,gh20,gh21,gu00,gu01,gu10,gu11,gu20,gu21,idl0,jmp0,jmp1,ma00,ma01,ma10,ma11,ma20,ma21,mb00,mb01,mb10,mb11,mb20,mb21,mi00,mi01,mi10,mi11,mi20,mi21,mi30,mi31,mn00,mn01,mn10,mn11,mn20,mn21,mou4,ms00,ms01,ms10,ms11,ms20,ms21,mvb0,mvl0,mvr0,mw00,mw01,mw10,mw11,mw20,mw21,na00,na01,na10,na11,na20,na21,na30,na31,ri00,ri01,run0,rx00,rx01,rx10,rx11,rx20,rx21,sf00,sf01,sf10,sf11,sf20,sf21,sh00,sh01,sh10,sh11,sh20,sh21,si00,si01,si10,si11,si20,si21,sk00,sk01,sk10,sk11,sk20,sk21,std0,std1,wlk0,yu00,yu01,yu10,yu11,yu20,yu21","bb00:2,bb01:2,bb10:10,bb11:10,bf00:2,bf01:2,bf10:10,bf11:10,cm00:16,cm01:16,cm10:17,cm11:17,cor0:2,cor1:2,dbm1:2,ded0:18,ded1:18,dfm1:2,eye3:5,gc00:11,gc01:11,gc10:18,gc11:18,gc20:38,gc21:38,gh00:11,gh01:11,gh10:18,gh11:18,gh20:38,gh21:38,gu00:16,gu01:16,gu10:15,gu11:15,gu20:43,gu21:43,idl0:16,jmp0:12,jmp1:12,ma00:17,ma01:17,ma10:16,ma11:16,ma20:17,ma21:17,mb00:8,mb01:8,mb10:31,mb11:31,mb20:15,mb21:15,mi00:8,mi01:8,mi10:17,mi11:17,mi20:11,mi21:11,mi30:17,mi31:17,mn00:17,mn01:17,mn10:31,mn11:31,mn20:17,mn21:17,mou4:31,ms00:17,ms01:17,ms10:31,ms11:31,ms20:17,ms21:17,mvb0:11,mvl0:11,mvr0:11,mw00:17,mw01:17,mw10:16,mw11:16,mw20:17,mw21:17,na00:17,na01:17,na10:13,na11:13,na20:81,na21:81,na30:31,na31:31,ri00:21,ri01:21,run0:11,rx00:14,rx01:14,rx10:30,rx11:30,rx20:15,rx21:15,sf00:16,sf01:16,sf10:13,sf11:13,sf20:16,sf21:16,sh00:16,sh01:16,sh10:13,sh11:13,sh20:16,sh21:16,si00:31,si01:31,si10:17,si11:17,si20:31,si21:31,sk00:19,sk01:19,sk10:13,sk11:13,sk20:48,sk21:48,std0:51,std1:51,wlk0:11,yu00:28,yu01:28,yu10:15,yu11:15,yu20:44,yu21:44"
"ROM/32/58.DAT","1678320","204","68","130","70","@tl0,@tr0,cabk,cabl,cafa,cage,cait,calg,canj,casm,caso,cast,cawh,chit,corp,damg,dead,gur1,gurd,init,kf&h,lc00,lc01,lc02,lc03,lc04,lc05,lc06,lc10,lc11,ldam,lhit,ls00,ls01,ls02,ls03,ls04,ls05,ls06,ls10,ls11,pary,pop0,res0,res1,res2,shbk,shbl,shfa,shge,shit,shlg,shnj,shsm,shso,shwh,sit0,sit1,sit2,ssbk,ssbl,ssit,ssnj,sssm,ssso,sswh,stnd,sway","bb0,bb1,bf0,bf1,cm0,cm1,cor,dbm,ded,dfm,eye,gc0,gc1,gc2,gh0,gh1,gh2,gu0,gu1,gu2,idl,jmp,ma0,ma1,ma2,mb0,mb1,mb2,mi0,mi1,mi2,mi3,mn0,mn1,mn2,mou,ms0,ms1,ms2,mvb,mvl,mvr,mw0,mw1,mw2,na0,na1,na2,na3,ri0,run,rx0,rx1,rx2,sf0,sf1,sf2,sh0,sh1,sh2,si0,si1,si2,sk1,sk2,std,wlk,yu0,yu1,yu2","bb00,bb01,bb10,bb11,bf00,bf01,bf10,bf11,cm00,cm01,cm10,cm11,cor0,cor1,dbm1,ded0,ded1,dfm1,eye3,gc00,gc01,gc10,gc11,gc20,gc21,gh00,gh01,gh10,gh11,gh20,gh21,gu00,gu01,gu10,gu11,gu20,gu21,idl0,jmp0,jmp1,ma00,ma01,ma10,ma11,ma20,ma21,mb00,mb01,mb10,mb11,mb20,mb21,mi00,mi01,mi10,mi11,mi20,mi21,mi30,mi31,mn00,mn01,mn10,mn11,mn20,mn21,mou4,ms00,ms01,ms10,ms11,ms20,ms21,mvb0,mvl0,mvr0,mw00,mw01,mw10,mw11,mw20,mw21,na00,na01,na10,na11,na20,na21,na30,na31,ri00,ri01,run0,rx00,rx01,rx10,rx11,rx20,rx21,sf00,sf01,sf10,sf11,sf20,sf21,sh00,sh01,sh10,sh11,sh20,sh21,si00,si01,si10,si11,si20,si21,sk10,sk11,sk20,sk21,std0,std1,wlk0,yu00,yu01,yu10,yu11,yu20,yu21","bb00:2,bb01:2,bb10:10,bb11:10,bf00:2,bf01:2,bf10:10,bf11:10,cm00:16,cm01:16,cm10:15,cm11:15,cor0:2,cor1:2,dbm1:2,ded0:41,ded1:41,dfm1:2,eye3:11,gc00:11,gc01:11,gc10:18,gc11:18,gc20:38,gc21:38,gh00:11,gh01:11,gh10:18,gh11:18,gh20:38,gh21:38,gu00:16,gu01:16,gu10:16,gu11:16,gu20:46,gu21:46,idl0:13,jmp0:12,jmp1:12,ma00:17,ma01:17,ma10:16,ma11:16,ma20:19,ma21:19,mb00:15,mb01:15,mb10:16,mb11:16,mb20:17,mb21:17,mi00:8,mi01:8,mi10:15,mi11:15,mi20:11,mi21:11,mi30:15,mi31:15,mn00:16,mn01:16,mn10:16,mn11:16,mn20:16,mn21:16,mou4:31,ms00:16,ms01:16,ms10:13,ms11:13,ms20:16,ms21:16,mvb0:15,mvl0:11,mvr0:11,mw00:13,mw01:13,mw10:16,mw11:16,mw20:17,mw21:17,na00:14,na01:14,na10:16,na11:16,na20:81,na21:81,na30:31,na31:31,ri00:9,ri01:9,run0:11,rx00:14,rx01:14,rx10:9,rx11:9,rx20:15,rx21:15,sf00:16,sf01:16,sf10:21,sf11:21,sf20:26,sf21:26,sh00:16,sh01:16,sh10:21,sh11:21,sh20:26,sh21:26,si00:31,si01:31,si10:17,si11:17,si20:31,si21:31,sk10:16,sk11:16,sk20:26,sk21:26,std0:51,std1:50,wlk0:15,yu00:31,yu01:31,yu10:13,yu11:13,yu20:46,yu21:46"
"ROM/37/31.DAT","2016880","204","68","130","70","@tl0,@tr0,cabk,cabl,cafa,cage,cait,calg,canj,casm,caso,cast,cawh,chit,corp,damg,dead,gur1,gurd,init,kf&h,lc00,lc01,lc02,lc03,lc04,lc05,lc06,lc10,lc11,ldam,lhit,ls00,ls01,ls02,ls03,ls04,ls05,ls06,ls10,ls11,pary,pop0,res0,res1,res2,shbk,shbl,shfa,shge,shit,shlg,shnj,shsm,shso,shwh,sit0,sit1,sit2,ssbk,ssbl,ssit,ssnj,sssm,ssso,sswh,stnd,sway","bb0,bb1,bf0,bf1,cm0,cm1,cor,dbm,ded,dfm,eye,gc0,gc1,gc2,gh0,gh1,gh2,gu0,gu1,gu2,idl,jmp,ma0,ma1,ma2,mb0,mb1,mb2,mi0,mi1,mi2,mi3,mn0,mn1,mn2,mou,ms0,ms1,ms2,mvb,mvl,mvr,mw0,mw1,mw2,na0,na1,na2,na3,ri0,run,rx0,rx1,rx2,sf0,sf1,sf2,sh0,sh1,sh2,si0,si1,si2,sk1,sk2,std,wlk,yu0,yu1,yu2","bb00,bb01,bb10,bb11,bf00,bf01,bf10,bf11,cm00,cm01,cm10,cm11,cor0,cor1,dbm1,ded0,ded1,dfm1,eye3,gc00,gc01,gc10,gc11,gc20,gc21,gh00,gh01,gh10,gh11,gh20,gh21,gu00,gu01,gu10,gu11,gu20,gu21,idl0,jmp0,jmp1,ma00,ma01,ma10,ma11,ma20,ma21,mb00,mb01,mb10,mb11,mb20,mb21,mi00,mi01,mi10,mi11,mi20,mi21,mi30,mi31,mn00,mn01,mn10,mn11,mn20,mn21,mou4,ms00,ms01,ms10,ms11,ms20,ms21,mvb0,mvl0,mvr0,mw00,mw01,mw10,mw11,mw20,mw21,na00,na01,na10,na11,na20,na21,na30,na31,ri00,ri01,run0,rx00,rx01,rx10,rx11,rx20,rx21,sf00,sf01,sf10,sf11,sf20,sf21,sh00,sh01,sh10,sh11,sh20,sh21,si00,si01,si10,si11,si20,si21,sk10,sk11,sk20,sk21,std0,std1,wlk0,yu00,yu01,yu10,yu11,yu20,yu21","bb00:2,bb01:2,bb10:21,bb11:21,bf00:2,bf01:2,bf10:21,bf11:21,cm00:16,cm01:16,cm10:17,cm11:17,cor0:2,cor1:2,dbm1:2,ded0:44,ded1:44,dfm1:2,eye3:6,gc00:11,gc01:11,gc10:18,gc11:18,gc20:38,gc21:38,gh00:11,gh01:11,gh10:18,gh11:18,gh20:38,gh21:38,gu00:16,gu01:16,gu10:17,gu11:17,gu20:43,gu21:43,idl0:17,jmp0:12,jmp1:12,ma00:17,ma01:17,ma10:16,ma11:16,ma20:17,ma21:17,mb00:29,mb01:29,mb10:31,mb11:31,mb20:17,mb21:17,mi00:8,mi01:8,mi10:16,mi11:16,mi20:11,mi21:11,mi30:16,mi31:16,mn00:17,mn01:17,mn10:31,mn11:31,mn20:25,mn21:25,mou4:31,ms00:17,ms01:17,ms10:31,ms11:31,ms20:25,ms21:25,mvb0:17,mvl0:13,mvr0:13,mw00:17,mw01:17,mw10:16,mw11:16,mw20:17,mw21:17,na00:16,na01:16,na10:17,na11:17,na20:86,na21:86,na30:31,na31:31,ri00:31,ri01:31,run0:11,rx00:14,rx01:14,rx10:31,rx11:31,rx20:15,rx21:15,sf00:16,sf01:16,sf10:22,sf11:22,sf20:16,sf21:16,sh00:21,sh01:16,sh10:22,sh11:22,sh20:16,sh21:16,si00:31,si01:31,si10:31,si11:31,si20:31,si21:31,sk10:22,sk11:22,sk20:48,sk21:48,std0:51,std1:51,wlk0:20,yu00:28,yu01:28,yu10:17,yu11:17,yu20:44,yu21:44"
"ROM/42/4.DAT","1841056","205","68","131","70","@tl0,@tr0,cabk,cabl,cafa,cage,cait,calg,canj,casm,caso,cast,cawh,chit,corp,damg,dead,gur1,gurd,init,kf&h,lc00,lc01,lc02,lc03,lc04,lc05,lc06,lc10,lc11,ldam,lhit,ls00,ls01,ls02,ls03,ls04,ls05,ls06,ls10,ls11,pary,pop0,res0,res1,res2,shbk,shbl,shfa,shge,shit,shlg,shnj,shsm,shso,shwh,sit0,sit1,sit2,ssbk,ssbl,ssit,ssnj,sssm,ssso,sswh,stnd,sway","bb0,bb1,bf0,bf1,cm0,cm1,cor,dbm,ded,dfm,eye,gc0,gc1,gc2,gh0,gh1,gh2,gu0,gu1,gu2,idl,jmp,ma0,ma1,ma2,mb0,mb1,mb2,mi0,mi1,mi2,mi3,mn0,mn1,mn2,mou,ms0,ms1,ms2,mvb,mvl,mvr,mw0,mw1,mw2,na0,na1,na2,na3,ri0,run,rx0,rx1,rx2,sf0,sf1,sf2,sh0,sh1,sh2,si0,si1,si2,sk1,sk2,std,wlk,yu0,yu1,yu2","bb00,bb01,bb10,bb11,bf00,bf01,bf10,bf11,cm00,cm01,cm10,cm11,cor0,cor1,dbm1,ded0,ded1,dfm1,eye3,gc00,gc01,gc10,gc11,gc20,gc21,gh00,gh01,gh10,gh11,gh20,gh21,gu00,gu01,gu10,gu11,gu20,gu21,idl0,idl1,jmp0,jmp1,ma00,ma01,ma10,ma11,ma20,ma21,mb00,mb01,mb10,mb11,mb20,mb21,mi00,mi01,mi10,mi11,mi20,mi21,mi30,mi31,mn00,mn01,mn10,mn11,mn20,mn21,mou4,ms00,ms01,ms10,ms11,ms20,ms21,mvb0,mvl0,mvr0,mw00,mw01,mw10,mw11,mw20,mw21,na00,na01,na10,na11,na20,na21,na30,na31,ri00,ri01,run0,rx00,rx01,rx10,rx11,rx20,rx21,sf00,sf01,sf10,sf11,sf20,sf21,sh00,sh01,sh10,sh11,sh20,sh21,si00,si01,si10,si11,si20,si21,sk10,sk11,sk20,sk21,std0,std1,wlk0,yu00,yu01,yu10,yu11,yu20,yu21","bb00:2,bb01:2,bb10:10,bb11:10,bf00:2,bf01:2,bf10:10,bf11:10,cm00:16,cm01:16,cm10:13,cm11:13,cor0:2,cor1:2,dbm1:2,ded0:35,ded1:35,dfm1:2,eye3:5,gc00:11,gc01:11,gc10:18,gc11:18,gc20:38,gc21:38,gh00:11,gh01:11,gh10:18,gh11:18,gh20:38,gh21:38,gu00:16,gu01:16,gu10:16,gu11:16,gu20:42,gu21:42,idl0:33,idl1:33,jmp0:12,jmp1:12,ma00:15,ma01:15,ma10:16,ma11:16,ma20:16,ma21:16,mb00:13,mb01:13,mb10:31,mb11:31,mb20:13,mb21:13,mi00:8,mi01:8,mi10:13,mi11:13,mi20:12,mi21:12,mi30:13,mi31:13,mn00:13,mn01:13,mn10:31,mn11:31,mn20:13,mn21:13,mou4:31,ms00:13,ms01:13,ms10:31,ms11:31,ms20:13,ms21:13,mvb0:19,mvl0:13,mvr0:13,mw00:13,mw01:13,mw10:16,mw11:16,mw20:13,mw21:13,na00:16,na01:16,na10:16,na11:16,na20:81,na21:81,na30:31,na31:31,ri00:13,ri01:13,run0:13,rx00:14,rx01:14,rx10:13,rx11:13,rx20:15,rx21:15,sf00:16,sf01:16,sf10:21,sf11:21,sf20:16,sf21:16,sh00:16,sh01:16,sh10:21,sh11:21,sh20:16,sh21:16,si00:31,si01:31,si10:31,si11:31,si20:31,si21:31,sk10:16,sk11:16,sk20:48,sk21:48,std0:51,std1:51,wlk0:17,yu00:28,yu01:28,yu10:16,yu11:16,yu20:44,yu21:44"
"ROM/51/89.DAT","1921856","204","68","130","70","@tl0,@tr0,cabk,cabl,cafa,cage,cait,calg,canj,casm,caso,cast,cawh,chit,corp,damg,dead,gur1,gurd,init,kf&h,lc00,lc01,lc02,lc03,lc04,lc05,lc06,lc10,lc11,ldam,lhit,ls00,ls01,ls02,ls03,ls04,ls05,ls06,ls10,ls11,pary,pop0,res0,res1,res2,shbk,shbl,shfa,shge,shit,shlg,shnj,shsm,shso,shwh,sit0,sit1,sit2,ssbk,ssbl,ssit,ssnj,sssm,ssso,sswh,stnd,sway","bb0,bb1,bf0,bf1,cm0,cm1,cor,dbm,ded,dfm,eye,gc0,gc1,gc2,gh0,gh1,gh2,gu0,gu1,gu2,idl,jmp,ma0,ma1,ma2,mb0,mb1,mb2,mi0,mi1,mi2,mi3,mn0,mn1,mn2,mou,ms0,ms1,ms2,mvb,mvl,mvr,mw0,mw1,mw2,na0,na1,na2,na3,ri0,run,rx0,rx1,rx2,sf0,sf1,sf2,sh0,sh1,sh2,si0,si1,si2,sk1,sk2,std,wlk,yu0,yu1,yu2","bb00,bb01,bb10,bb11,bf00,bf01,bf10,bf11,cm00,cm01,cm10,cm11,cor0,cor1,dbm1,ded0,ded1,dfm1,eye3,gc00,gc01,gc10,gc11,gc20,gc21,gh00,gh01,gh10,gh11,gh20,gh21,gu00,gu01,gu10,gu11,gu20,gu21,idl0,jmp0,jmp1,ma00,ma01,ma10,ma11,ma20,ma21,mb00,mb01,mb10,mb11,mb20,mb21,mi00,mi01,mi10,mi11,mi20,mi21,mi30,mi31,mn00,mn01,mn10,mn11,mn20,mn21,mou4,ms00,ms01,ms10,ms11,ms20,ms21,mvb0,mvl0,mvr0,mw00,mw01,mw10,mw11,mw20,mw21,na00,na01,na10,na11,na20,na21,na30,na31,ri00,ri01,run0,rx00,rx01,rx10,rx11,rx20,rx21,sf00,sf01,sf10,sf11,sf20,sf21,sh00,sh01,sh10,sh11,sh20,sh21,si00,si01,si10,si11,si20,si21,sk10,sk11,sk20,sk21,std0,std1,wlk0,yu00,yu01,yu10,yu11,yu20,yu21","bb00:2,bb01:2,bb10:10,bb11:10,bf00:2,bf01:2,bf10:10,bf11:10,cm00:16,cm01:16,cm10:16,cm11:16,cor0:2,cor1:2,dbm1:2,ded0:31,ded1:31,dfm1:2,eye3:7,gc00:11,gc01:11,gc10:18,gc11:18,gc20:38,gc21:38,gh00:11,gh01:11,gh10:18,gh11:18,gh20:38,gh21:38,gu00:16,gu01:16,gu10:16,gu11:16,gu20:43,gu21:43,idl0:16,jmp0:12,jmp1:12,ma00:17,ma01:17,ma10:16,ma11:16,ma20:17,ma21:17,mb00:16,mb01:16,mb10:31,mb11:31,mb20:16,mb21:16,mi00:8,mi01:8,mi10:16,mi11:16,mi20:11,mi21:11,mi30:16,mi31:16,mn00:11,mn01:11,mn10:31,mn11:31,mn20:11,mn21:11,mou4:31,ms00:11,ms01:11,ms10:31,ms11:31,ms20:11,ms21:11,mvb0:19,mvl0:13,mvr0:13,mw00:16,mw01:16,mw10:16,mw11:16,mw20:16,mw21:16,na00:16,na01:16,na10:16,na11:16,na20:81,na21:81,na30:31,na31:31,ri00:19,ri01:19,run0:11,rx00:14,rx01:14,rx10:16,rx11:16,rx20:15,rx21:15,sf00:16,sf01:16,sf10:21,sf11:21,sf20:18,sf21:18,sh00:16,sh01:16,sh10:21,sh11:21,sh20:16,sh21:16,si00:30,si01:30,si10:16,si11:16,si20:31,si21:31,sk10:16,sk11:16,sk20:48,sk21:48,std0:51,std1:51,wlk0:19,yu00:31,yu01:31,yu10:16,yu11:16,yu20:44,yu21:44"
"ROM/56/59.DAT","2059024","204","68","130","70","@tl0,@tr0,cabk,cabl,cafa,cage,cait,calg,canj,casm,caso,cast,cawh,chit,corp,damg,dead,gur1,gurd,init,kf&h,lc00,lc01,lc02,lc03,lc04,lc05,lc06,lc10,lc11,ldam,lhit,ls00,ls01,ls02,ls03,ls04,ls05,ls06,ls10,ls11,pary,pop0,res0,res1,res2,shbk,shbl,shfa,shge,shit,shlg,shnj,shsm,shso,shwh,sit0,sit1,sit2,ssbk,ssbl,ssit,ssnj,sssm,ssso,sswh,stnd,sway","bb0,bb1,bf0,bf1,cm0,cm1,cor,dbm,ded,dfm,eye,gc0,gc1,gc2,gh0,gh1,gh2,gu0,gu1,gu2,idl,jmp,ma0,ma1,ma2,mb0,mb1,mb2,mi0,mi1,mi2,mi3,mn0,mn1,mn2,mou,ms0,ms1,ms2,mvb,mvl,mvr,mw0,mw1,mw2,na0,na1,na2,na3,ri0,run,rx0,rx1,rx2,sf0,sf1,sf2,sh0,sh1,sh2,si0,si1,si2,sk1,sk2,std,wlk,yu0,yu1,yu2","bb00,bb01,bb10,bb11,bf00,bf01,bf10,bf11,cm00,cm01,cm10,cm11,cor0,cor1,dbm1,ded0,ded1,dfm1,eye3,gc00,gc01,gc10,gc11,gc20,gc21,gh00,gh01,gh10,gh11,gh20,gh21,gu00,gu01,gu10,gu11,gu20,gu21,idl0,jmp0,jmp1,ma00,ma01,ma10,ma11,ma20,ma21,mb00,mb01,mb10,mb11,mb20,mb21,mi00,mi01,mi10,mi11,mi20,mi21,mi30,mi31,mn00,mn01,mn10,mn11,mn20,mn21,mou4,ms00,ms01,ms10,ms11,ms20,ms21,mvb0,mvl0,mvr0,mw00,mw01,mw10,mw11,mw20,mw21,na00,na01,na10,na11,na20,na21,na30,na31,ri00,ri01,run0,rx00,rx01,rx10,rx11,rx20,rx21,sf00,sf01,sf10,sf11,sf20,sf21,sh00,sh01,sh10,sh11,sh20,sh21,si00,si01,si10,si11,si20,si21,sk10,sk11,sk20,sk21,std0,std1,wlk0,yu00,yu01,yu10,yu11,yu20,yu21","bb00:2,bb01:2,bb10:10,bb11:10,bf00:2,bf01:2,bf10:10,bf11:10,cm00:16,cm01:16,cm10:16,cm11:16,cor0:2,cor1:2,dbm1:2,ded0:31,ded1:31,dfm1:2,eye3:4,gc00:11,gc01:11,gc10:18,gc11:18,gc20:38,gc21:38,gh00:11,gh01:11,gh10:18,gh11:18,gh20:38,gh21:38,gu00:16,gu01:16,gu10:16,gu11:16,gu20:43,gu21:43,idl0:16,jmp0:12,jmp1:12,ma00:17,ma01:17,ma10:16,ma11:16,ma20:17,ma21:17,mb00:19,mb01:19,mb10:31,mb11:31,mb20:16,mb21:16,mi00:8,mi01:8,mi10:16,mi11:16,mi20:11,mi21:11,mi30:16,mi31:16,mn00:16,mn01:16,mn10:31,mn11:31,mn20:16,mn21:16,mou4:31,ms00:16,ms01:16,ms10:31,ms11:31,ms20:16,ms21:16,mvb0:23,mvl0:15,mvr0:15,mw00:16,mw01:16,mw10:16,mw11:16,mw20:16,mw21:16,na00:16,na01:16,na10:16,na11:16,na20:81,na21:81,na30:31,na31:31,ri00:19,ri01:19,run0:15,rx00:14,rx01:14,rx10:9,rx11:9,rx20:15,rx21:15,sf00:16,sf01:16,sf10:21,sf11:21,sf20:18,sf21:18,sh00:16,sh01:16,sh10:21,sh11:21,sh20:16,sh21:16,si00:31,si01:31,si10:17,si11:17,si20:31,si21:31,sk10:16,sk11:16,sk20:48,sk21:48,std0:51,std1:51,wlk0:25,yu00:28,yu01:28,yu10:16,yu11:16,yu20:44,yu21:44"
"ROM/27/82.DAT","1686976","203","67","130","70","@tl0,@tr0,cabk,cabl,cafa,cage,cait,calg,canj,casm,caso,cast,cawh,chit,corp,damg,dead,gur1,gurd,init,kf&h,lc00,lc01,lc02,lc03,lc04,lc05,lc06,lc10,lc11,ldam,lhit,ls00,ls01,ls02,ls03,ls04,ls05,ls06,ls10,ls11,pary,pop0,res0,res1,res2,shbk,shbl,shfa,shge,shit,shlg,shnj,shsm,shso,shwh,sit0,sit1,sit2,ssb1,ssbk,ssit,ssnj,sssm,sswh,stnd,sway","bb0,bb1,bf0,bf1,cm0,cm1,cor,dbm,ded,dfm,eye,gc0,gc1,gc2,gh0,gh1,gh2,gu0,gu1,gu2,idl,jmp,ma0,ma1,ma2,mb0,mb1,mb2,mi0,mi1,mi2,mi3,mn0,mn1,mn2,mou,ms0,ms1,ms2,mvb,mvl,mvr,mw0,mw1,mw2,na0,na1,na2,na3,ri0,run,rx0,rx1,rx2,sf0,sf1,sf2,sh0,sh1,sh2,si0,si1,si2,sk1,sk2,std,wlk,yu0,yu1,yu2","bb00,bb01,bb10,bb11,bf00,bf01,bf10,bf11,cm00,cm01,cm10,cm11,cor0,cor1,dbm1,ded0,ded1,dfm1,eye3,gc00,gc01,gc10,gc11,gc20,gc21,gh00,gh01,gh10,gh11,gh20,gh21,gu00,gu01,gu10,gu11,gu20,gu21,idl0,jmp0,jmp1,ma00,ma01,ma10,ma11,ma20,ma21,mb00,mb01,mb10,mb11,mb20,mb21,mi00,mi01,mi10,mi11,mi20,mi21,mi30,mi31,mn00,mn01,mn10,mn11,mn20,mn21,mou4,ms00,ms01,ms10,ms11,ms20,ms21,mvb0,mvl0,mvr0,mw00,mw01,mw10,mw11,mw20,mw21,na00,na01,na10,na11,na20,na21,na30,na31,ri00,ri01,run0,rx00,rx01,rx10,rx11,rx20,rx21,sf00,sf01,sf10,sf11,sf20,sf21,sh00,sh01,sh10,sh11,sh20,sh21,si00,si01,si10,si11,si20,si21,sk10,sk11,sk20,sk21,std0,std1,wlk0,yu00,yu01,yu10,yu11,yu20,yu21","bb00:2,bb01:2,bb10:10,bb11:10,bf00:2,bf01:2,bf10:10,bf11:10,cm00:16,cm01:16,cm10:16,cm11:16,cor0:2,cor1:2,dbm1:2,ded0:30,ded1:30,dfm1:2,eye3:10,gc00:11,gc01:11,gc10:18,gc11:18,gc20:38,gc21:38,gh00:11,gh01:11,gh10:18,gh11:18,gh20:38,gh21:38,gu00:15,gu01:15,gu10:16,gu11:16,gu20:43,gu21:43,idl0:15,jmp0:12,jmp1:12,ma00:17,ma01:17,ma10:16,ma11:16,ma20:17,ma21:17,mb00:15,mb01:15,mb10:31,mb11:31,mb20:16,mb21:16,mi00:8,mi01:8,mi10:16,mi11:16,mi20:11,mi21:11,mi30:16,mi31:16,mn00:16,mn01:16,mn10:31,mn11:31,mn20:16,mn21:16,mou4:31,ms00:16,ms01:16,ms10:31,ms11:31,ms20:16,ms21:16,mvb0:21,mvl0:13,mvr0:13,mw00:15,mw01:15,mw10:16,mw11:16,mw20:16,mw21:16,na00:15,na01:15,na10:16,na11:16,na20:81,na21:81,na30:31,na31:31,ri00:15,ri01:15,run0:11,rx00:14,rx01:14,rx10:15,rx11:15,rx20:15,rx21:14,sf00:16,sf01:16,sf10:21,sf11:21,sf20:20,sf21:20,sh00:16,sh01:16,sh10:21,sh11:21,sh20:16,sh21:16,si00:31,si01:31,si10:16,si11:16,si20:31,si21:31,sk10:21,sk11:21,sk20:53,sk21:53,std0:51,std1:51,wlk0:19,yu00:30,yu01:30,yu10:16,yu11:16,yu20:44,yu21:44"
"ROM/51/19.DAT","643936","70","22","46","34","atb0,atf0,ati0,ati1,ati2,atk0,atl0,atr0,bti0,bti1,cnb0,cnf0,cni0,cnl0,cnr0,cnt0,cti0,dti0,in 0,in 1,out0,out1","amb,amf,aml,amr,at0,at1,at2,at3,at4,bb0,bb1,bf0,bf1,btl,cm0,cm1,cor,dbm,ded,dfm,gdm,in0,ina,mvb,mvl,mvr,ot0,ota,pyi,pym,run,wa4,wa5,wlk","amb1,amf1,aml1,amr1,at00,at01,at10,at11,at20,at21,at30,at31,at40,at41,bb01,bb11,bf01,bf11,btl0,btl1,cm01,cm11,cor1,dbm1,ded1,dfm1,gdm1,in00,in01,ina0,ina1,mvb1,mvl1,mvr1,ot00,ot01,ota0,ota1,pyi6,pym1,run1,wa40,wa41,wa50,wa51,wlk1","amb1:30,amf1:30,aml1:28,amr1:28,at00:43,at01:43,at10:43,at11:43,at20:42,at21:42,at30:48,at31:48,at40:42,at41:42,bb01:2,bb11:10,bf01:2,bf11:10,btl0:17,btl1:17,cm01:16,cm11:17,cor1:2,dbm1:2,ded1:18,dfm1:2,gdm1:2,in00:19,in01:19,ina0:19,ina1:19,mvb1:11,mvl1:11,mvr1:11,ot00:19,ot01:19,ota0:19,ota1:19,pyi6:2,pym1:2,run1:11,wa40:46,wa41:46,wa50:41,wa51:41,wlk1:11"
"ROM/32/15.DAT","794208","69","22","45","33","atb0,atf0,ati0,ati1,ati2,atk0,atl0,atr0,bti0,bti1,cnb0,cnf0,cni0,cnl0,cnr0,cnt0,cti0,dti0,in 0,in 1,out0,out1","amb,amf,aml,amr,at0,at1,at2,at3,at4,bb0,bb1,bf0,bf1,btl,cm0,cm1,cor,dbm,ded,dfm,gdm,in0,ina,mvb,mvl,mvr,ot0,ota,pym,run,wa4,wa5,wlk","amb1,amf1,aml1,amr1,at00,at01,at10,at11,at20,at21,at30,at31,at40,at41,bb01,bb11,bf01,bf11,btl0,btl1,cm01,cm11,cor1,dbm1,ded1,dfm1,gdm1,in00,in01,ina0,ina1,mvb1,mvl1,mvr1,ot00,ot01,ota0,ota1,pym1,run1,wa40,wa41,wa50,wa51,wlk1","amb1:35,amf1:35,aml1:35,amr1:35,at00:50,at01:50,at10:43,at11:43,at20:26,at21:26,at30:47,at31:47,at40:44,at41:44,bb01:2,bb11:10,bf01:2,bf11:10,btl0:15,btl1:15,cm01:16,cm11:16,cor1:2,dbm1:2,ded1:30,dfm1:2,gdm1:2,in00:19,in01:19,ina0:19,ina1:19,mvb1:21,mvl1:13,mvr1:13,ot00:19,ot01:19,ota0:19,ota1:19,pym1:2,run1:11,wa40:46,wa41:46,wa50:41,wa51:41,wlk1:19"
"ROM/36/120.DAT","835872","69","22","45","33","atb0,atf0,ati0,ati1,ati2,atk0,atl0,atr0,bti0,bti1,cnb0,cnf0,cni0,cnl0,cnr0,cnt0,cti0,dti0,in 0,in 1,out0,out1","amb,amf,aml,amr,at0,at1,at2,at3,at4,bb0,bb1,bf0,bf1,btl,cm0,cm1,cor,dbm,ded,dfm,gdm,in0,ine,mvb,mvl,mvr,ot0,ote,pym,run,wa4,wa5,wlk","amb1,amf1,aml1,amr1,at00,at01,at10,at11,at20,at21,at30,at31,at40,at41,bb01,bb11,bf01,bf11,btl0,btl1,cm01,cm11,cor1,dbm1,ded1,dfm1,gdm1,in00,in01,ine0,ine1,mvb1,mvl1,mvr1,ot00,ot01,ote0,ote1,pym1,run1,wa40,wa41,wa50,wa51,wlk1","amb1:30,amf1:30,aml1:30,amr1:30,at00:50,at01:50,at10:44,at11:44,at20:44,at21:44,at30:46,at31:46,at40:51,at41:51,bb01:2,bb11:10,bf01:2,bf11:10,btl0:9,btl1:9,cm01:16,cm11:15,cor1:2,dbm1:2,ded1:41,dfm1:2,gdm1:2,in00:19,in01:19,ine0:19,ine1:19,mvb1:15,mvl1:11,mvr1:11,ot00:19,ot01:19,ote0:19,ote1:19,pym1:2,run1:11,wa40:46,wa41:46,wa50:41,wa51:41,wlk1:15"
"ROM/41/84.DAT","908928","69","22","45","33","atb0,atf0,ati0,ati1,ati2,atk0,atl0,atr0,bti0,bti1,cnb0,cnf0,cni0,cnl0,cnr0,cnt0,cti0,dti0,in 0,in 1,out0,out1","amb,amf,aml,amr,at0,at1,at2,at3,at4,bb0,bb1,bf0,bf1,btl,cm0,cm1,cor,dbm,ded,dfm,gdm,ina,ink,mvb,mvl,mvr,ota,otk,pym,run,wa4,wa5,wlk","amb1,amf1,aml1,amr1,at00,at01,at10,at11,at20,at21,at30,at31,at40,at41,bb01,bb11,bf01,bf11,btl0,btl1,cm01,cm11,cor1,dbm1,ded1,dfm1,gdm1,ina0,ina1,ink0,ink1,mvb1,mvl1,mvr1,ota0,ota1,otk0,otk1,pym1,run1,wa40,wa41,wa50,wa51,wlk1","amb1:51,amf1:51,aml1:51,amr1:51,at00:51,at01:51,at10:51,at11:51,at20:46,at21:46,at30:43,at31:43,at40:39,at41:39,bb01:2,bb11:21,bf01:2,bf11:21,btl0:17,btl1:17,cm01:16,cm11:17,cor1:2,dbm1:2,ded1:44,dfm1:2,gdm1:2,ina0:19,ina1:19,ink0:19,ink1:19,mvb1:17,mvl1:13,mvr1:13,ota0:19,ota1:19,otk0:19,otk1:19,pym1:2,run1:11,wa40:46,wa41:46,wa50:41,wa51:41,wlk1:20"
"ROM/51/21.DAT","581680","69","22","45","33","atb0,atf0,ati0,ati1,ati2,atk0,atl0,atr0,cnb0,cnf0,cni0,cnl0,cnr0,cnt0,in 0,in 1,in 2,in 3,out0,out1,out2,out3","amb,amf,aml,amr,at0,at1,at2,bb0,bb1,bf0,bf1,btl,cm0,cm1,cor,dbm,ded,dfm,ine,inf,ing,inh,mvb,mvl,mvr,ote,otf,otg,oth,pyi,pym,run,wlk","amb1,amf1,aml1,amr1,at00,at01,at10,at11,at20,at21,bb01,bb11,bf01,bf11,btl0,btl1,cm01,cm11,cor1,dbm1,ded1,dfm1,ine0,ine1,inf0,inf1,ing0,ing1,inh0,inh1,mvb1,mvl1,mvr1,ote0,ote1,otf0,otf1,otg0,otg1,oth0,oth1,pyi6,pym1,run1,wlk1","amb1:35,amf1:31,aml1:31,amr1:32,at00:53,at01:53,at10:51,at11:51,at20:50,at21:50,bb01:2,bb11:10,bf01:2,bf11:10,btl0:16,btl1:16,cm01:16,cm11:17,cor1:2,dbm1:2,ded1:18,dfm1:2,ine0:19,ine1:19,inf0:19,inf1:19,ing0:19,ing1:19,inh0:19,inh1:19,mvb1:11,mvl1:11,mvr1:11,ote0:19,ote1:19,otf0:19,otf1:19,otg0:19,otg1:19,oth0:19,oth1:19,pyi6:2,pym1:2,run1:11,wlk1:11"
"ROM/56/15.DAT","759616","69","22","45","33","atb0,atf0,ati0,ati1,ati2,atk0,atl0,atr0,bti0,bti1,cnb0,cnf0,cni0,cnl0,cnr0,cnt0,cti0,dti0,in 0,in 1,out0,out1","amb,amf,aml,amr,at0,at1,at2,at3,at4,bb0,bb1,bf0,bf1,btl,cm0,cm1,cor,dbm,ded,dfm,gdm,in0,inb,mvb,mvl,mvr,ot0,otb,pym,run,wa4,wa5,wlk","amb1,amf1,aml1,amr1,at00,at01,at10,at11,at20,at21,at30,at31,at40,at41,bb01,bb11,bf01,bf11,btl0,btl1,cm01,cm11,cor1,dbm1,ded1,dfm1,gdm1,in00,in01,inb0,inb1,mvb1,mvl1,mvr1,ot00,ot01,otb0,otb1,pym1,run1,wa40,wa41,wa50,wa51,wlk1","amb1:33,amf1:33,aml1:36,amr1:38,at00:42,at01:42,at10:47,at11:47,at20:44,at21:44,at30:41,at31:41,at40:31,at41:31,bb01:2,bb11:10,bf01:2,bf11:10,btl0:16,btl1:16,cm01:16,cm11:16,cor1:2,dbm1:2,ded1:31,dfm1:2,gdm1:2,in00:19,in01:19,inb0:19,inb1:19,mvb1:19,mvl1:13,mvr1:13,ot00:19,ot01:19,otb0:19,otb1:19,pym1:2,run1:11,wa40:46,wa41:46,wa50:41,wa51:41,wlk1:19"
"ROM/46/58.DAT","851232","68","22","44","32","atb0,atf0,ati0,ati1,ati2,atk0,atl0,atr0,bti0,bti1,cnb0,cnf0,cni0,cnl0,cnr0,cnt0,cti0,dti0,in 0,in 1,out0,out1","amf,aml,amr,at0,at1,at2,at3,at4,bb0,bb1,bf0,bf1,btl,cm0,cm1,cor,dbm,ded,dfm,gdm,in0,inb,mvb,mvl,mvr,ot0,otb,pym,run,wa4,wa5,wlk","amf1,aml1,amr1,at00,at01,at10,at11,at20,at21,at30,at31,at40,at41,bb01,bb11,bf01,bf11,btl0,btl1,cm01,cm11,cor1,dbm1,ded1,dfm1,gdm1,in00,in01,inb0,inb1,mvb1,mvl1,mvr1,ot00,ot01,otb0,otb1,pym1,run1,wa40,wa41,wa50,wa51,wlk1","amf1:37,aml1:37,amr1:37,at00:42,at01:42,at10:40,at11:40,at20:47,at21:47,at30:47,at31:47,at40:31,at41:31,bb01:2,bb11:10,bf01:2,bf11:10,btl0:17,btl1:17,cm01:16,cm11:13,cor1:2,dbm1:2,ded1:35,dfm1:2,gdm1:2,in00:19,in01:19,inb0:19,inb1:19,mvb1:19,mvl1:13,mvr1:13,ot00:19,ot01:19,otb0:19,otb1:19,pym1:2,run1:13,wa40:46,wa41:46,wa50:41,wa51:41,wlk1:17"
"ROM/60/112.DAT","774544","66","22","42","30","atb0,atf0,ati0,ati1,ati2,atk0,atl0,atr0,bti0,bti1,cnb0,cnf0,cni0,cnl0,cnr0,cnt0,cti0,dti0,in 0,in 1,out0,out1","amf,aml,amr,at0,at1,at2,at3,at4,bb0,bb1,bf0,bf1,btl,cor,dbm,ded,dfm,gdm,in0,ina,mvb,mvl,mvr,ot0,ota,pym,run,wa4,wa5,wlk","amf1,aml1,amr1,at00,at01,at10,at11,at20,at21,at30,at31,at40,at41,bb01,bb11,bf01,bf11,btl0,btl1,cor1,dbm1,ded1,dfm1,gdm1,in00,in01,ina0,ina1,mvb1,mvl1,mvr1,ot00,ot01,ota0,ota1,pym1,run1,wa40,wa41,wa50,wa51,wlk1","amf1:49,aml1:46,amr1:46,at00:48,at01:48,at10:47,at11:47,at20:44,at21:44,at30:28,at31:28,at40:54,at41:54,bb01:2,bb11:10,bf01:2,bf11:10,btl0:16,btl1:16,cor1:2,dbm1:2,ded1:31,dfm1:2,gdm1:2,in00:19,in01:19,ina0:19,ina1:19,mvb1:23,mvl1:15,mvr1:15,ot00:19,ot01:19,ota0:19,ota1:19,pym1:2,run1:15,wa40:46,wa41:46,wa50:41,wa51:41,wlk1:25"
"ROM/51/20.DAT","506784","64","20","42","32","atb0,atf0,ati0,ati1,ati2,atk0,atl0,atr0,cnb0,cnf0,cni0,cnl0,cnr0,cnt0,in 0,in 1,in 2,out0,out1,out2","amb,amf,aml,amr,at0,at1,at2,bb0,bb1,bf0,bf1,btl,cm0,cm1,cor,dbm,ded,dfm,gdm,inb,inc,ind,mvb,mvl,mvr,otb,otc,otd,pyi,pym,run,wlk","amb1,amf1,aml1,amr1,at00,at01,at10,at11,at20,at21,bb01,bb11,bf01,bf11,btl0,btl1,cm01,cm11,cor1,dbm1,ded1,dfm1,gdm1,inb0,inb1,inc0,inc1,ind0,ind1,mvb1,mvl1,mvr1,otb0,otb1,otc0,otc1,otd0,otd1,pyi6,pym1,run1,wlk1","amb1:28,amf1:27,aml1:28,amr1:29,at00:42,at01:42,at10:46,at11:46,at20:42,at21:42,bb01:2,bb11:10,bf01:2,bf11:10,btl0:17,btl1:17,cm01:16,cm11:17,cor1:2,dbm1:2,ded1:18,dfm1:2,gdm1:2,inb0:19,inb1:19,inc0:19,inc1:19,ind0:18,ind1:18,mvb1:11,mvl1:11,mvr1:11,otb0:19,otb1:19,otc0:19,otc1:19,otd0:19,otd1:19,pyi6:2,pym1:2,run1:11,wlk1:11"
"ROM/60/113.DAT","650864","60","20","38","28","atb0,atf0,ati0,ati1,ati2,atk0,atl0,atr0,cnb0,cnf0,cni0,cnl0,cnr0,cnt0,in 0,in 1,in 2,out0,out1,out2","amf,aml,amr,at0,at1,at2,bb0,bb1,bf0,bf1,btl,cor,dbm,ded,dfm,gdm,inb,inc,ind,mvb,mvl,mvr,otb,otc,otd,pym,run,wlk","amf1,aml1,amr1,at00,at01,at10,at11,at20,at21,bb01,bb11,bf01,bf11,btl0,btl1,cor1,dbm1,ded1,dfm1,gdm1,inb0,inb1,inc0,inc1,ind0,ind1,mvb1,mvl1,mvr1,otb0,otb1,otc0,otc1,otd0,otd1,pym1,run1,wlk1","amf1:43,aml1:43,amr1:43,at00:55,at01:55,at10:47,at11:47,at20:45,at21:45,bb01:2,bb11:10,bf01:2,bf11:10,btl0:16,btl1:16,cor1:2,dbm1:2,ded1:31,dfm1:2,gdm1:2,inb0:19,inb1:19,inc0:19,inc1:19,ind0:19,ind1:19,mvb1:23,mvl1:15,mvr1:15,otb0:19,otb1:19,otc0:19,otc1:19,otd0:19,otd1:19,pym1:2,run1:15,wlk1:25"
"ROM/51/24.DAT","416576","54","19","33","27","atb0,atf0,ati0,ati1,ati2,atk0,atl0,atr0,bti0,cnb0,cnf0,cni0,cnl0,cnr0,cnt0,in 0,in 1,out0,out1","amb,amf,aml,amr,at0,at1,at2,bb0,bb1,bf0,bf1,btl,cm0,cm1,cor,dbm,ded,dfm,ink,mvb,mvl,mvr,otk,pyi,pym,run,wlk","amb1,amf1,aml1,amr1,at00,at01,at10,at11,at20,at21,bb01,bb11,bf01,bf11,btl0,btl1,cm01,cm11,cor1,dbm1,ded1,dfm1,ink0,ink1,mvb1,mvl1,mvr1,otk0,otk1,pyi6,pym1,run1,wlk1","amb1:30,amf1:30,aml1:28,amr1:28,at00:43,at01:43,at10:43,at11:43,at20:42,at21:42,bb01:2,bb11:10,bf01:2,bf11:10,btl0:17,btl1:17,cm01:16,cm11:17,cor1:2,dbm1:2,ded1:18,dfm1:2,ink0:19,ink1:19,mvb1:19,mvl1:19,mvr1:19,otk0:19,otk1:19,pyi6:2,pym1:2,run1:11,wlk1:11"
"ROM/61/123.DAT","5712","40","19","0","0","a000,sg01,sg02,sg03,sg04,sg05,sg06,sg07,sg08,sg09,sg10,sg11,sg12,sg13,sg14,sg15,sg16,sg17,sg18","","",""
"ROM/32/13.DAT","631040","57","18","37","29","atb0,atf0,ati0,ati1,ati2,atk0,atl0,atr0,cnb0,cnf0,cni0,cnl0,cnr0,cnt0,in 0,in 1,out0,out1","amb,amf,aml,amr,at0,at1,at2,bb0,bb1,bf0,bf1,btl,cm0,cm1,cor,dbm,ded,dfm,gdm,inb,ind,mvb,mvl,mvr,otb,otd,pym,run,wlk","amb1,amf1,aml1,amr1,at00,at01,at10,at11,at20,at21,bb01,bb11,bf01,bf11,btl0,btl1,cm01,cm11,cor1,dbm1,ded1,dfm1,gdm1,inb0,inb1,ind0,ind1,mvb1,mvl1,mvr1,otb0,otb1,otd0,otd1,pym1,run1,wlk1","amb1:35,amf1:35,aml1:35,amr1:35,at00:50,at01:50,at10:50,at11:50,at20:48,at21:48,bb01:2,bb11:10,bf01:2,bf11:10,btl0:15,btl1:15,cm01:16,cm11:16,cor1:2,dbm1:2,ded1:30,dfm1:2,gdm1:2,inb0:19,inb1:19,ind0:19,ind1:19,mvb1:21,mvl1:13,mvr1:13,otb0:19,otb1:19,otd0:19,otd1:19,pym1:2,run1:11,wlk1:19"
"ROM/41/85.DAT","684144","57","18","37","29","atb0,atf0,ati0,ati1,ati2,atk0,atl0,atr0,cnb0,cnf0,cni0,cnl0,cnr0,cnt0,in 0,in 1,out0,out1","amb,amf,aml,amr,at0,at1,at2,bb0,bb1,bf0,bf1,btl,cm0,cm1,cor,dbm,ded,dfm,gdm,inb,inc,mvb,mvl,mvr,otb,otc,pym,run,wlk","amb1,amf1,aml1,amr1,at00,at01,at10,at11,at20,at21,bb01,bb11,bf01,bf11,btl0,btl1,cm01,cm11,cor1,dbm1,ded1,dfm1,gdm1,inb0,inb1,inc0,inc1,mvb1,mvl1,mvr1,otb0,otb1,otc0,otc1,pym1,run1,wlk1","amb1:37,amf1:37,aml1:37,amr1:37,at00:46,at01:46,at10:46,at11:46,at20:56,at21:56,bb01:2,bb11:21,bf01:2,bf11:21,btl0:17,btl1:17,cm01:16,cm11:17,cor1:2,dbm1:2,ded1:44,dfm1:2,gdm1:2,inb0:19,inb1:19,inc0:19,inc1:19,mvb1:17,mvl1:13,mvr1:13,otb0:19,otb1:19,otc0:19,otc1:19,pym1:2,run1:11,wlk1:20"
"ROM/41/86.DAT","683824","57","18","37","29","atb0,atf0,ati0,ati1,ati2,atk0,atl0,atr0,cnb0,cnf0,cni0,cnl0,cnr0,cnt0,in 0,in 1,out0,out1","amb,amf,aml,amr,at0,at1,at2,bb0,bb1,bf0,bf1,btl,cm0,cm1,cor,dbm,ded,dfm,gdm,inb,inc,mvb,mvl,mvr,otb,otc,pym,run,wlk","amb1,amf1,aml1,amr1,at00,at01,at10,at11,at20,at21,bb01,bb11,bf01,bf11,btl0,btl1,cm01,cm11,cor1,dbm1,ded1,dfm1,gdm1,inb0,inb1,inc0,inc1,mvb1,mvl1,mvr1,otb0,otb1,otc0,otc1,pym1,run1,wlk1","amb1:33,amf1:27,aml1:25,amr1:25,at00:56,at01:56,at10:51,at11:51,at20:56,at21:56,bb01:2,bb11:21,bf01:2,bf11:21,btl0:17,btl1:17,cm01:16,cm11:17,cor1:2,dbm1:2,ded1:44,dfm1:2,gdm1:2,inb0:19,inb1:19,inc0:19,inc1:19,mvb1:17,mvl1:13,mvr1:13,otb0:19,otb1:19,otc0:19,otc1:19,pym1:2,run1:11,wlk1:20"
"ROM/51/22.DAT","465840","57","18","37","29","atb0,atf0,ati0,ati1,ati2,atk0,atl0,atr0,cnb0,cnf0,cni0,cnl0,cnr0,cnt0,in 0,in 1,out0,out1","amb,amf,aml,amr,at0,at1,at2,bb0,bb1,bf0,bf1,btl,cm0,cm1,cor,dbm,ded,dfm,inb,ind,mvb,mvl,mvr,otb,otd,pyi,pym,run,wlk","amb1,amf1,aml1,amr1,at00,at01,at10,at11,at20,at21,bb01,bb11,bf01,bf11,btl0,btl1,cm01,cm11,cor1,dbm1,ded1,dfm1,inb0,inb1,ind0,ind1,mvb1,mvl1,mvr1,otb0,otb1,otd0,otd1,pyi6,pym1,run1,wlk1","amb1:28,amf1:27,aml1:28,amr1:29,at00:42,at01:42,at10:46,at11:46,at20:56,at21:56,bb01:2,bb11:10,bf01:2,bf11:10,btl0:17,btl1:17,cm01:16,cm11:17,cor1:2,dbm1:2,ded1:18,dfm1:2,inb0:19,inb1:19,ind0:18,ind1:18,mvb1:11,mvl1:11,mvr1:11,otb0:19,otb1:19,otd0:19,otd1:19,pyi6:2,pym1:2,run1:11,wlk1:11"
"ROM/51/23.DAT","508432","57","18","37","29","atb0,atf0,ati0,ati1,ati2,atk0,atl0,atr0,cnb0,cnf0,cni0,cnl0,cnr0,cnt0,in 0,in 1,out0,out1","amb,amf,aml,amr,at0,at1,at2,bb0,bb1,bf0,bf1,btl,cm0,cm1,cor,dbm,ded,dfm,inf,inh,mvb,mvl,mvr,otf,oth,pyi,pym,run,wlk","amb1,amf1,aml1,amr1,at00,at01,at10,at11,at20,at21,bb01,bb11,bf01,bf11,btl0,btl1,cm01,cm11,cor1,dbm1,ded1,dfm1,inf0,inf1,inh0,inh1,mvb1,mvl1,mvr1,otf0,otf1,oth0,oth1,pyi6,pym1,run1,wlk1","amb1:35,amf1:31,aml1:31,amr1:32,at00:65,at01:65,at10:51,at11:51,at20:48,at21:48,bb01:2,bb11:10,bf01:2,bf11:10,btl0:16,btl1:16,cm01:16,cm11:17,cor1:2,dbm1:2,ded1:18,dfm1:2,inf0:19,inf1:19,inh0:19,inh1:19,mvb1:11,mvl1:11,mvr1:11,otf0:19,otf1:19,oth0:19,oth1:19,pyi6:2,pym1:2,run1:11,wlk1:11"
"ROM/56/16.DAT","617216","57","18","37","29","atb0,atf0,ati0,ati1,ati2,atk0,atl0,atr0,cnb0,cnf0,cni0,cnl0,cnr0,cnt0,in 0,in 1,out0,out1","amb,amf,aml,amr,at0,at1,at2,bb0,bb1,bf0,bf1,btl,cm0,cm1,cor,dbm,ded,dfm,gdm,inc,ind,mvb,mvl,mvr,otc,otd,pym,run,wlk","amb1,amf1,aml1,amr1,at00,at01,at10,at11,at20,at21,bb01,bb11,bf01,bf11,btl0,btl1,cm01,cm11,cor1,dbm1,ded1,dfm1,gdm1,inc0,inc1,ind0,ind1,mvb1,mvl1,mvr1,otc0,otc1,otd0,otd1,pym1,run1,wlk1","amb1:35,amf1:35,aml1:38,amr1:40,at00:46,at01:46,at10:57,at11:57,at20:48,at21:48,bb01:2,bb11:10,bf01:2,bf11:10,btl0:16,btl1:16,cm01:16,cm11:16,cor1:2,dbm1:2,ded1:31,dfm1:2,gdm1:2,inc0:19,inc1:19,ind0:19,ind1:19,mvb1:19,mvl1:13,mvr1:13,otc0:19,otc1:19,otd0:19,otd1:19,pym1:2,run1:11,wlk1:19"
"ROM/56/17.DAT","604256","57","18","37","29","atb0,atf0,ati0,ati1,ati2,atk0,atl0,atr0,cnb0,cnf0,cni0,cnl0,cnr0,cnt0,in 0,in 1,out0,out1","amb,amf,aml,amr,at0,at1,at2,bb0,bb1,bf0,bf1,btl,cm0,cm1,cor,dbm,ded,dfm,gdm,inf,ing,mvb,mvl,mvr,otf,otg,pym,run,wlk","amb1,amf1,aml1,amr1,at00,at01,at10,at11,at20,at21,bb01,bb11,bf01,bf11,btl0,btl1,cm01,cm11,cor1,dbm1,ded1,dfm1,gdm1,inf0,inf1,ing0,ing1,mvb1,mvl1,mvr1,otf0,otf1,otg0,otg1,pym1,run1,wlk1","amb1:40,amf1:40,aml1:40,amr1:40,at00:44,at01:44,at10:61,at11:61,at20:56,at21:56,bb01:2,bb11:10,bf01:2,bf11:10,btl0:16,btl1:16,cm01:16,cm11:16,cor1:2,dbm1:2,ded1:31,dfm1:2,gdm1:2,inf0:19,inf1:19,ing0:19,ing1:19,mvb1:19,mvl1:13,mvr1:13,otf0:19,otf1:19,otg0:19,otg1:19,pym1:2,run1:11,wlk1:19"
"ROM/36/121.DAT","687952","56","18","36","28","atb0,atf0,ati0,ati1,ati2,atk0,atl0,atr0,cnb0,cnf0,cni0,cnl0,cnr0,cnt0,in 0,in 1,out0,out1","amb,amf,aml,amr,at0,at1,at2,bb0,bb1,bf0,bf1,btl,cm0,cm1,cor,dbm,ded,dfm,inf,ing,mvb,mvl,mvr,otf,otg,pym,run,wlk","amb1,amf1,aml1,amr1,at00,at01,at10,at11,at20,at21,bb01,bb11,bf01,bf11,btl0,btl1,cm01,cm11,cor1,dbm1,ded1,dfm1,inf0,inf1,ing0,ing1,mvb1,mvl1,mvr1,otf0,otf1,otg0,otg1,pym1,run1,wlk1","amb1:40,amf1:45,aml1:45,amr1:43,at00:50,at01:50,at10:65,at11:65,at20:56,at21:56,bb01:2,bb11:10,bf01:2,bf11:10,btl0:9,btl1:9,cm01:16,cm11:15,cor1:2,dbm1:2,ded1:41,dfm1:2,inf0:19,inf1:19,ing0:19,ing1:19,mvb1:15,mvl1:11,mvr1:11,otf0:19,otf1:19,otg0:19,otg1:19,pym1:2,run1:11,wlk1:15"
"ROM/46/57.DAT","682688","56","18","36","28","atb0,atf0,ati0,ati1,ati2,atk0,atl0,atr0,cnb0,cnf0,cni0,cnl0,cnr0,cnt0,in 0,in 1,out0,out1","amf,aml,amr,at0,at1,at2,bb0,bb1,bf0,bf1,btl,cm0,cm1,cor,dbm,ded,dfm,gdm,ina,inf,mvb,mvl,mvr,ota,otf,pym,run,wlk","amf1,aml1,amr1,at00,at01,at10,at11,at20,at21,bb01,bb11,bf01,bf11,btl0,btl1,cm01,cm11,cor1,dbm1,ded1,dfm1,gdm1,ina0,ina1,inf0,inf1,mvb1,mvl1,mvr1,ota0,ota1,otf0,otf1,pym1,run1,wlk1","amf1:37,aml1:37,amr1:37,at00:47,at01:47,at10:50,at11:50,at20:46,at21:46,bb01:2,bb11:10,bf01:2,bf11:10,btl0:17,btl1:17,cm01:16,cm11:13,cor1:2,dbm1:2,ded1:35,dfm1:2,gdm1:2,ina0:19,ina1:19,inf0:19,inf1:19,mvb1:19,mvl1:13,mvr1:13,ota0:19,ota1:19,otf0:19,otf1:19,pym1:2,run1:13,wlk1:17"
"ROM/46/59.DAT","714912","56","18","36","28","atb0,atf0,ati0,ati1,ati2,atk0,atl0,atr0,cnb0,cnf0,cni0,cnl0,cnr0,cnt0,in 0,in 1,out0,out1","amf,aml,amr,at0,at1,at2,bb0,bb1,bf0,bf1,btl,cm0,cm1,cor,dbm,ded,dfm,gdm,inc,inh,mvb,mvl,mvr,otc,oth,pym,run,wlk","amf1,aml1,amr1,at00,at01,at10,at11,at20,at21,bb01,bb11,bf01,bf11,btl0,btl1,cm01,cm11,cor1,dbm1,ded1,dfm1,gdm1,inc0,inc1,inh0,inh1,mvb1,mvl1,mvr1,otc0,otc1,oth0,oth1,pym1,run1,wlk1","amf1:41,aml1:41,amr1:41,at00:56,at01:56,at10:56,at11:56,at20:56,at21:56,bb01:2,bb11:10,bf01:2,bf11:10,btl0:17,btl1:17,cm01:16,cm11:13,cor1:2,dbm1:2,ded1:35,dfm1:2,gdm1:2,inc0:19,inc1:19,inh0:19,inh1:19,mvb1:19,mvl1:13,mvr1:13,otc0:19,otc1:19,oth0:19,oth1:19,pym1:2,run1:13,wlk1:17"
"ROM/60/115.DAT","654768","55","18","35","27","atb0,atf0,ati0,ati1,ati2,atk0,atl0,atr0,cnb0,cnf0,cni0,cnl0,cnr0,cnt0,in 0,in 1,out0,out1","amb,amf,aml,amr,at0,at1,at2,bb0,bb1,bf0,bf1,btl,cor,dbm,ded,dfm,gdm,inf,ing,mvb,mvl,mvr,otf,otg,pym,run,wlk","amb1,amf1,aml1,amr1,at00,at01,at10,at11,at20,at21,bb01,bb11,bf01,bf11,btl0,btl1,cor1,dbm1,ded1,dfm1,gdm1,inf0,inf1,ing0,ing1,mvb1,mvl1,mvr1,otf0,otf1,otg0,otg1,pym1,run1,wlk1","amb1:50,amf1:50,aml1:50,amr1:50,at00:58,at01:58,at10:56,at11:56,at20:61,at21:61,bb01:2,bb11:10,bf01:2,bf11:10,btl0:16,btl1:16,cor1:2,dbm1:2,ded1:31,dfm1:2,gdm1:2,inf0:19,inf1:19,ing0:19,ing1:19,mvb1:23,mvl1:15,mvr1:15,otf0:19,otf1:19,otg0:19,otg1:19,pym1:2,run1:15,wlk1:25"
"ROM/60/114.DAT","603472","54","18","34","26","atb0,atf0,ati0,ati1,ati2,atk0,atl0,atr0,cnb0,cnf0,cni0,cnl0,cnr0,cnt0,in 0,in 1,out0,out1","amf,aml,amr,at0,at1,at2,bb0,bb1,bf0,bf1,btl,cor,dbm,ded,dfm,gdm,inc,ind,mvb,mvl,mvr,otc,otd,pym,run,wlk","amf1,aml1,amr1,at00,at01,at10,at11,at20,at21,bb01,bb11,bf01,bf11,btl0,btl1,cor1,dbm1,ded1,dfm1,gdm1,inc0,inc1,ind0,ind1,mvb1,mvl1,mvr1,otc0,otc1,otd0,otd1,pym1,run1,wlk1","amf1:43,aml1:43,amr1:43,at00:55,at01:55,at10:47,at11:47,at20:57,at21:57,bb01:2,bb11:10,bf01:2,bf11:10,btl0:16,btl1:16,cor1:2,dbm1:2,ded1:31,dfm1:2,gdm1:2,inc0:19,inc1:19,ind0:19,ind1:19,mvb1:23,mvl1:15,mvr1:15,otc0:19,otc1:19,otd0:19,otd1:19,pym1:2,run1:15,wlk1:25"
"ROM/56/21.DAT","537232","52","17","33","27","atb0,atf0,ati0,ati1,ati2,atk0,atl0,atr0,cnb0,cnf0,cni0,cnl0,cnr0,cnt0,cont,in 0,out0","amb,amf,aml,amr,at0,at1,at2,bb0,bb1,bf0,bf1,btl,cm0,cm1,cor,dbm,ded,dfm,gdm,ina,mvb,mvl,mvr,ota,pym,run,wlk","amb1,amf1,aml1,amr1,at00,at01,at10,at11,at20,at21,bb01,bb11,bf01,bf11,btl0,btl1,cm01,cm11,cor1,dbm1,ded1,dfm1,gdm1,ina0,ina1,mvb1,mvl1,mvr1,ota0,ota1,pym1,run1,wlk1","amb1:35,amf1:35,aml1:38,amr1:40,at00:44,at01:44,at10:50,at11:50,at20:48,at21:48,bb01:2,bb11:10,bf01:2,bf11:10,btl0:16,btl1:16,cm01:16,cm11:16,cor1:2,dbm1:2,ded1:31,dfm1:2,gdm1:2,ina0:19,ina1:19,mvb1:19,mvl1:13,mvr1:13,ota0:19,ota1:19,pym1:2,run1:11,wlk1:19"
"ROM/32/14.DAT","557488","51","16","33","27","atb0,atf0,ati0,ati1,ati2,atk0,atl0,atr0,cnb0,cnf0,cni0,cnl0,cnr0,cnt0,in 0,out0","amb,amf,aml,amr,at0,at1,at2,bb0,bb1,bf0,bf1,btl,cm0,cm1,cor,dbm,ded,dfm,gdm,inb,mvb,mvl,mvr,otb,pym,run,wlk","amb1,amf1,aml1,amr1,at00,at01,at10,at11,at20,at21,bb01,bb11,bf01,bf11,btl0,btl1,cm01,cm11,cor1,dbm1,ded1,dfm1,gdm1,inb0,inb1,mvb1,mvl1,mvr1,otb0,otb1,pym1,run1,wlk1","amb1:35,amf1:35,aml1:35,amr1:35,at00:50,at01:50,at10:50,at11:50,at20:45,at21:45,bb01:2,bb11:10,bf01:2,bf11:10,btl0:15,btl1:15,cm01:16,cm11:16,cor1:2,dbm1:2,ded1:30,dfm1:2,gdm1:2,inb0:19,inb1:19,mvb1:21,mvl1:13,mvr1:13,otb0:19,otb1:19,pym1:2,run1:11,wlk1:19"
"ROM/32/16.DAT","566624","51","16","33","27","atb0,atf0,ati0,ati1,ati2,atk0,atl0,atr0,cnb0,cnf0,cni0,cnl0,cnr0,cnt0,in 0,out0","amb,amf,aml,amr,at0,at1,at2,bb0,bb1,bf0,bf1,btl,cm0,cm1,cor,dbm,ded,dfm,gdm,inc,mvb,mvl,mvr,otc,pym,run,wlk","amb1,amf1,aml1,amr1,at00,at01,at10,at11,at20,at21,bb01,bb11,bf01,bf11,btl0,btl1,cm01,cm11,cor1,dbm1,ded1,dfm1,gdm1,inc0,inc1,mvb1,mvl1,mvr1,otc0,otc1,pym1,run1,wlk1","amb1:35,amf1:35,aml1:35,amr1:35,at00:50,at01:50,at10:45,at11:42,at20:50,at21:50,bb01:2,bb11:10,bf01:2,bf11:10,btl0:15,btl1:15,cm01:16,cm11:16,cor1:2,dbm1:2,ded1:30,dfm1:2,gdm1:2,inc0:19,inc1:19,mvb1:21,mvl1:13,mvr1:13,otc0:19,otc1:19,pym1:2,run1:11,wlk1:19"
"ROM/32/17.DAT","579152","51","16","33","27","atb0,atf0,ati0,ati1,ati2,atk0,atl0,atr0,cnb0,cnf0,cni0,cnl0,cnr0,cnt0,in 0,out0","amb,amf,aml,amr,at0,at1,at2,bb0,bb1,bf0,bf1,btl,cm0,cm1,cor,dbm,ded,dfm,gdm,ine,mvb,mvl,mvr,ote,pym,run,wlk","amb1,amf1,aml1,amr1,at00,at01,at10,at11,at20,at21,bb01,bb11,bf01,bf11,btl0,btl1,cm01,cm11,cor1,dbm1,ded1,dfm1,gdm1,ine0,ine1,mvb1,mvl1,mvr1,ote0,ote1,pym1,run1,wlk1","amb1:40,amf1:40,aml1:40,amr1:40,at00:55,at01:55,at10:53,at11:53,at20:56,at21:56,bb01:2,bb11:10,bf01:2,bf11:10,btl0:15,btl1:15,cm01:16,cm11:16,cor1:2,dbm1:2,ded1:30,dfm1:2,gdm1:2,ine0:19,ine1:19,mvb1:21,mvl1:13,mvr1:13,ote0:19,ote1:19,pym1:2,run1:11,wlk1:19"
"ROM/32/18.DAT","591024","51","16","33","27","atb0,atf0,ati0,ati1,ati2,atk0,atl0,atr0,cnb0,cnf0,cni0,cnl0,cnr0,cnt0,in 0,out0","amb,amf,aml,amr,at0,at1,at2,bb0,bb1,bf0,bf1,btl,cm0,cm1,cor,dbm,ded,dfm,gdm,inf,mvb,mvl,mvr,otf,pym,run,wlk","amb1,amf1,aml1,amr1,at00,at01,at10,at11,at20,at21,bb01,bb11,bf01,bf11,btl0,btl1,cm01,cm11,cor1,dbm1,ded1,dfm1,gdm1,inf0,inf1,mvb1,mvl1,mvr1,otf0,otf1,pym1,run1,wlk1","amb1:40,amf1:40,aml1:40,amr1:40,at00:55,at01:55,at10:58,at11:58,at20:60,at21:60,bb01:2,bb11:10,bf01:2,bf11:10,btl0:15,btl1:15,cm01:16,cm11:16,cor1:2,dbm1:2,ded1:30,dfm1:2,gdm1:2,inf0:19,inf1:19,mvb1:21,mvl1:13,mvr1:13,otf0:19,otf1:19,pym1:2,run1:11,wlk1:19"
"ROM/32/19.DAT","551520","51","16","33","27","atb0,atf0,ati0,ati1,ati2,atk0,atl0,atr0,cnb0,cnf0,cni0,cnl0,cnr0,cnt0,in 0,out0","amb,amf,aml,amr,at0,at1,at2,bb0,bb1,bf0,bf1,btl,cm0,cm1,cor,dbm,ded,dfm,gdm,ing,mvb,mvl,mvr,otg,pym,run,wlk","amb1,amf1,aml1,amr1,at00,at01,at10,at11,at20,at21,bb01,bb11,bf01,bf11,btl0,btl1,cm01,cm11,cor1,dbm1,ded1,dfm1,gdm1,ing0,ing1,mvb1,mvl1,mvr1,otg0,otg1,pym1,run1,wlk1","amb1:40,amf1:40,aml1:40,amr1:40,at00:51,at01:51,at10:45,at11:45,at20:43,at21:43,bb01:2,bb11:10,bf01:2,bf11:10,btl0:15,btl1:15,cm01:16,cm11:16,cor1:2,dbm1:2,ded1:30,dfm1:2,gdm1:2,ing0:19,ing1:19,mvb1:21,mvl1:13,mvr1:13,otg0:19,otg1:19,pym1:2,run1:11,wlk1:19"
"ROM/32/20.DAT","574352","51","16","33","27","atb0,atf0,ati0,ati1,ati2,atk0,atl0,atr0,cnb0,cnf0,cni0,cnl0,cnr0,cnt0,in 0,out0","amb,amf,aml,amr,at0,at1,at2,bb0,bb1,bf0,bf1,btl,cm0,cm1,cor,dbm,ded,dfm,gdm,ini,mvb,mvl,mvr,oti,pym,run,wlk","amb1,amf1,aml1,amr1,at00,at01,at10,at11,at20,at21,bb01,bb11,bf01,bf11,btl0,btl1,cm01,cm11,cor1,dbm1,ded1,dfm1,gdm1,ini0,ini1,mvb1,mvl1,mvr1,oti0,oti1,pym1,run1,wlk1","amb1:40,amf1:40,aml1:40,amr1:40,at00:50,at01:50,at10:61,at11:61,at20:43,at21:43,bb01:2,bb11:10,bf01:2,bf11:10,btl0:15,btl1:15,cm01:16,cm11:16,cor1:2,dbm1:2,ded1:30,dfm1:2,gdm1:2,ini0:19,ini1:19,mvb1:21,mvl1:13,mvr1:13,oti0:19,oti1:19,pym1:2,run1:11,wlk1:19"
"ROM/36/117.DAT","576928","51","16","33","27","atb0,atf0,ati0,ati1,ati2,atk0,atl0,atr0,cnb0,cnf0,cni0,cnl0,cnr0,cnt0,in 0,out0","amb,amf,aml,amr,at0,at1,at2,bb0,bb1,bf0,bf1,btl,cm0,cm1,cor,dbm,ded,dfm,gdm,ina,mvb,mvl,mvr,ota,pym,run,wlk","amb1,amf1,aml1,amr1,at00,at01,at10,at11,at20,at21,bb01,bb11,bf01,bf11,btl0,btl1,cm01,cm11,cor1,dbm1,ded1,dfm1,gdm1,ina0,ina1,mvb1,mvl1,mvr1,ota0,ota1,pym1,run1,wlk1","amb1:30,amf1:30,aml1:30,amr1:30,at00:50,at01:50,at10:45,at11:45,at20:48,at21:48,bb01:2,bb11:10,bf01:2,bf11:10,btl0:9,btl1:9,cm01:16,cm11:15,cor1:2,dbm1:2,ded1:41,dfm1:2,gdm1:2,ina0:19,ina1:19,mvb1:15,mvl1:11,mvr1:11,ota0:19,ota1:19,pym1:2,run1:11,wlk1:15"
"ROM/36/118.DAT","596384","51","16","33","27","atb0,atf0,ati0,ati1,ati2,atk0,atl0,atr0,cnb0,cnf0,cni0,cnl0,cnr0,cnt0,in 0,out0","amb,amf,aml,amr,at0,at1,at2,bb0,bb1,bf0,bf1,btl,cm0,cm1,cor,dbm,ded,dfm,gdm,inb,mvb,mvl,mvr,otb,pym,run,wlk","amb1,amf1,aml1,amr1,at00,at01,at10,at11,at20,at21,bb01,bb11,bf01,bf11,btl0,btl1,cm01,cm11,cor1,dbm1,ded1,dfm1,gdm1,inb0,inb1,mvb1,mvl1,mvr1,otb0,otb1,pym1,run1,wlk1","amb1:30,amf1:30,aml1:30,amr1:30,at00:45,at01:45,at10:50,at11:50,at20:48,at21:48,bb01:2,bb11:10,bf01:2,bf11:10,btl0:9,btl1:9,cm01:16,cm11:15,cor1:2,dbm1:2,ded1:41,dfm1:2,gdm1:2,inb0:19,inb1:19,mvb1:15,mvl1:11,mvr1:11,otb0:19,otb1:19,pym1:2,run1:11,wlk1:15"
"ROM/36/119.DAT","576352","51","16","33","27","atb0,atf0,ati0,ati1,ati2,atk0,atl0,atr0,cnb0,cnf0,cni0,cnl0,cnr0,cnt0,in 0,out0","amb,amf,aml,amr,at0,at1,at2,bb0,bb1,bf0,bf1,btl,cm0,cm1,cor,dbm,ded,dfm,gdm,inc,mvb,mvl,mvr,otc,pym,run,wlk","amb1,amf1,aml1,amr1,at00,at01,at10,at11,at20,at21,bb01,bb11,bf01,bf11,btl0,btl1,cm01,cm11,cor1,dbm1,ded1,dfm1,gdm1,inc0,inc1,mvb1,mvl1,mvr1,otc0,otc1,pym1,run1,wlk1","amb1:30,amf1:30,aml1:30,amr1:30,at00:40,at01:40,at10:45,at11:45,at20:45,at21:45,bb01:2,bb11:10,bf01:2,bf11:10,btl0:9,btl1:9,cm01:16,cm11:15,cor1:2,dbm1:2,ded1:41,dfm1:2,gdm1:2,inc0:19,inc1:19,mvb1:15,mvl1:11,mvr1:11,otc0:19,otc1:19,pym1:2,run1:11,wlk1:15"
"ROM/41/87.DAT","703680","51","16","33","27","atb0,atf0,ati0,ati1,ati2,atk0,atl0,atr0,cnb0,cnf0,cni0,cnl0,cnr0,cnt0,in 0,out0","amb,amf,aml,amr,at0,at1,at2,bb0,bb1,bf0,bf1,btl,cm0,cm1,cor,dbm,ded,dfm,gdm,ine,mvb,mvl,mvr,ote,pym,run,wlk","amb1,amf1,aml1,amr1,at00,at01,at10,at11,at20,at21,bb01,bb11,bf01,bf11,btl0,btl1,cm01,cm11,cor1,dbm1,ded1,dfm1,gdm1,ine0,ine1,mvb1,mvl1,mvr1,ote0,ote1,pym1,run1,wlk1","amb1:57,amf1:57,aml1:57,amr1:57,at00:61,at01:61,at10:56,at11:56,at20:61,at21:61,bb01:2,bb11:21,bf01:2,bf11:21,btl0:17,btl1:17,cm01:16,cm11:17,cor1:2,dbm1:2,ded1:44,dfm1:2,gdm1:2,ine0:19,ine1:19,mvb1:17,mvl1:13,mvr1:13,ote0:19,ote1:19,pym1:2,run1:11,wlk1:20"
"ROM/41/88.DAT","716336","51","16","33","27","atb0,atf0,ati0,ati1,ati2,atk0,atl0,atr0,cnb0,cnf0,cni0,cnl0,cnr0,cnt0,in 0,out0","amb,amf,aml,amr,at0,at1,at2,bb0,bb1,bf0,bf1,btl,cm0,cm1,cor,dbm,ded,dfm,gdm,inf,mvb,mvl,mvr,otf,pym,run,wlk","amb1,amf1,aml1,amr1,at00,at01,at10,at11,at20,at21,bb01,bb11,bf01,bf11,btl0,btl1,cm01,cm11,cor1,dbm1,ded1,dfm1,gdm1,inf0,inf1,mvb1,mvl1,mvr1,otf0,otf1,pym1,run1,wlk1","amb1:49,amf1:49,aml1:52,amr1:52,at00:51,at01:51,at10:56,at11:56,at20:68,at21:68,bb01:2,bb11:21,bf01:2,bf11:21,btl0:17,btl1:17,cm01:16,cm11:17,cor1:2,dbm1:2,ded1:44,dfm1:2,gdm1:2,inf0:19,inf1:19,mvb1:17,mvl1:13,mvr1:13,otf0:19,otf1:19,pym1:2,run1:11,wlk1:20"
"ROM/41/89.DAT","657456","51","16","33","27","atb0,atf0,ati0,ati1,ati2,atk0,atl0,atr0,cnb0,cnf0,cni0,cnl0,cnr0,cnt0,in 0,out0","amb,amf,aml,amr,at0,at1,at2,bb0,bb1,bf0,bf1,btl,cm0,cm1,cor,dbm,ded,dfm,gdm,ing,mvb,mvl,mvr,otg,pym,run,wlk","amb1,amf1,aml1,amr1,at00,at01,at10,at11,at20,at21,bb01,bb11,bf01,bf11,btl0,btl1,cm01,cm11,cor1,dbm1,ded1,dfm1,gdm1,ing0,ing1,mvb1,mvl1,mvr1,otg0,otg1,pym1,run1,wlk1","amb1:27,amf1:25,aml1:57,amr1:57,at00:49,at01:49,at10:56,at11:56,at20:61,at21:61,bb01:2,bb11:21,bf01:2,bf11:21,btl0:17,btl1:17,cm01:16,cm11:17,cor1:2,dbm1:2,ded1:44,dfm1:2,gdm1:2,ing0:19,ing1:19,mvb1:17,mvl1:13,mvr1:13,otg0:19,otg1:19,pym1:2,run1:11,wlk1:20"
"ROM/41/90.DAT","730752","51","16","33","27","atb0,atf0,ati0,ati1,ati2,atk0,atl0,atr0,cnb0,cnf0,cni0,cnl0,cnr0,cnt0,in 0,out0","amb,amf,aml,amr,at0,at1,at2,bb0,bb1,bf0,bf1,btl,cm0,cm1,cor,dbm,ded,dfm,gdm,inh,mvb,mvl,mvr,oth,pym,run,wlk","amb1,amf1,aml1,amr1,at00,at01,at10,at11,at20,at21,bb01,bb11,bf01,bf11,btl0,btl1,cm01,cm11,cor1,dbm1,ded1,dfm1,gdm1,inh0,inh1,mvb1,mvl1,mvr1,oth0,oth1,pym1,run1,wlk1","amb1:49,amf1:49,aml1:52,amr1:52,at00:68,at01:68,at10:61,at11:61,at20:56,at21:56,bb01:2,bb11:21,bf01:2,bf11:21,btl0:17,btl1:17,cm01:16,cm11:17,cor1:2,dbm1:2,ded1:44,dfm1:2,gdm1:2,inh0:19,inh1:19,mvb1:17,mvl1:13,mvr1:13,oth0:19,oth1:19,pym1:2,run1:11,wlk1:20"
"ROM/41/91.DAT","709200","51","16","33","27","atb0,atf0,ati0,ati1,ati2,atk0,atl0,atr0,cnb0,cnf0,cni0,cnl0,cnr0,cnt0,in 0,out0","amb,amf,aml,amr,at0,at1,at2,bb0,bb1,bf0,bf1,btl,cm0,cm1,cor,dbm,ded,dfm,gdm,ini,mvb,mvl,mvr,oti,pym,run,wlk","amb1,amf1,aml1,amr1,at00,at01,at10,at11,at20,at21,bb01,bb11,bf01,bf11,btl0,btl1,cm01,cm11,cor1,dbm1,ded1,dfm1,gdm1,ini0,ini1,mvb1,mvl1,mvr1,oti0,oti1,pym1,run1,wlk1","amb1:49,amf1:49,aml1:52,amr1:52,at00:51,at01:51,at10:56,at11:68,at20:68,at21:56,bb01:2,bb11:21,bf01:2,bf11:21,btl0:17,btl1:17,cm01:16,cm11:17,cor1:2,dbm1:2,ded1:44,dfm1:2,gdm1:2,ini0:19,ini1:19,mvb1:17,mvl1:13,mvr1:13,oti0:19,oti1:19,pym1:2,run1:11,wlk1:20"
"ROM/41/92.DAT","613856","51","16","33","27","atb0,atf0,ati0,ati1,ati2,atk0,atl0,atr0,cnb0,cnf0,cni0,cnl0,cnr0,cnt0,in 0,out0","amb,amf,aml,amr,at0,at1,at2,bb0,bb1,bf0,bf1,btl,cm0,cm1,cor,dbm,ded,dfm,gdm,inj,mvb,mvl,mvr,otj,pym,run,wlk","amb1,amf1,aml1,amr1,at00,at01,at10,at11,at20,at21,bb01,bb11,bf01,bf11,btl0,btl1,cm01,cm11,cor1,dbm1,ded1,dfm1,gdm1,inj0,inj1,mvb1,mvl1,mvr1,otj0,otj1,pym1,run1,wlk1","amb1:33,amf1:27,aml1:25,amr1:25,at00:46,at01:46,at10:46,at11:46,at20:56,at21:56,bb01:2,bb11:21,bf01:2,bf11:21,btl0:17,btl1:17,cm01:16,cm11:17,cor1:2,dbm1:2,ded1:44,dfm1:2,gdm1:2,inj0:19,inj1:19,mvb1:17,mvl1:13,mvr1:13,otj0:19,otj1:19,pym1:2,run1:11,wlk1:20"
"ROM/41/93.DAT","657232","51","16","33","27","atb0,atf0,ati0,ati1,ati2,atk0,atl0,atr0,cnb0,cnf0,cni0,cnl0,cnr0,cnt0,in 0,out0","amb,amf,aml,amr,at0,at1,at2,bb0,bb1,bf0,bf1,btl,cm0,cm1,cor,dbm,ded,dfm,gdm,ink,mvb,mvl,mvr,otk,pym,run,wlk","amb1,amf1,aml1,amr1,at00,at01,at10,at11,at20,at21,bb01,bb11,bf01,bf11,btl0,btl1,cm01,cm11,cor1,dbm1,ded1,dfm1,gdm1,ink0,ink1,mvb1,mvl1,mvr1,otk0,otk1,pym1,run1,wlk1","amb1:51,amf1:51,aml1:51,amr1:51,at00:51,at01:51,at10:51,at11:51,at20:46,at21:46,bb01:2,bb11:21,bf01:2,bf11:21,btl0:17,btl1:17,cm01:16,cm11:17,cor1:2,dbm1:2,ded1:44,dfm1:2,gdm1:2,ink0:19,ink1:19,mvb1:17,mvl1:13,mvr1:13,otk0:19,otk1:19,pym1:2,run1:11,wlk1:20"
"ROM/56/14.DAT","537008","51","16","33","27","atb0,atf0,ati0,ati1,ati2,atk0,atl0,atr0,cnb0,cnf0,cni0,cnl0,cnr0,cnt0,in 0,out0","amb,amf,aml,amr,at0,at1,at2,bb0,bb1,bf0,bf1,btl,cm0,cm1,cor,dbm,ded,dfm,gdm,ina,mvb,mvl,mvr,ota,pym,run,wlk","amb1,amf1,aml1,amr1,at00,at01,at10,at11,at20,at21,bb01,bb11,bf01,bf11,btl0,btl1,cm01,cm11,cor1,dbm1,ded1,dfm1,gdm1,ina0,ina1,mvb1,mvl1,mvr1,ota0,ota1,pym1,run1,wlk1","amb1:35,amf1:35,aml1:38,amr1:40,at00:44,at01:44,at10:50,at11:50,at20:48,at21:48,bb01:2,bb11:10,bf01:2,bf11:10,btl0:16,btl1:16,cm01:16,cm11:16,cor1:2,dbm1:2,ded1:31,dfm1:2,gdm1:2,ina0:19,ina1:19,mvb1:19,mvl1:13,mvr1:13,ota0:19,ota1:19,pym1:2,run1:11,wlk1:19"
"ROM/56/18.DAT","603664","51","16","33","27","atb0,atf0,ati0,ati1,ati2,atk0,atl0,atr0,cnb0,cnf0,cni0,cnl0,cnr0,cnt0,in 0,out0","amb,amf,aml,amr,at0,at1,at2,bb0,bb1,bf0,bf1,btl,cm0,cm1,cor,dbm,ded,dfm,gdm,inh,mvb,mvl,mvr,oth,pym,run,wlk","amb1,amf1,aml1,amr1,at00,at01,at10,at11,at20,at21,bb01,bb11,bf01,bf11,btl0,btl1,cm01,cm11,cor1,dbm1,ded1,dfm1,gdm1,inh0,inh1,mvb1,mvl1,mvr1,oth0,oth1,pym1,run1,wlk1","amb1:55,amf1:55,aml1:55,amr1:55,at00:55,at01:55,at10:58,at11:58,at20:56,at21:56,bb01:2,bb11:10,bf01:2,bf11:10,btl0:16,btl1:16,cm01:16,cm11:16,cor1:2,dbm1:2,ded1:31,dfm1:2,gdm1:2,inh0:19,inh1:19,mvb1:19,mvl1:13,mvr1:13,oth0:19,oth1:19,pym1:2,run1:11,wlk1:19"
"ROM/56/19.DAT","565872","51","16","33","27","atb0,atf0,ati0,ati1,ati2,atk0,atl0,atr0,cnb0,cnf0,cni0,cnl0,cnr0,cnt0,in 0,out0","amb,amf,aml,amr,at0,at1,at2,bb0,bb1,bf0,bf1,btl,cm0,cm1,cor,dbm,ded,dfm,gdm,ini,mvb,mvl,mvr,oti,pym,run,wlk","amb1,amf1,aml1,amr1,at00,at01,at10,at11,at20,at21,bb01,bb11,bf01,bf11,btl0,btl1,cm01,cm11,cor1,dbm1,ded1,dfm1,gdm1,ini0,ini1,mvb1,mvl1,mvr1,oti0,oti1,pym1,run1,wlk1","amb1:44,amf1:44,aml1:44,amr1:44,at00:44,at01:44,at10:54,at11:54,at20:61,at21:61,bb01:2,bb11:10,bf01:2,bf11:10,btl0:16,btl1:16,cm01:16,cm11:16,cor1:2,dbm1:2,ded1:31,dfm1:2,gdm1:2,ini0:19,ini1:19,mvb1:19,mvl1:13,mvr1:13,oti0:19,oti1:19,pym1:2,run1:11,wlk1:19"
"ROM/56/20.DAT","603664","51","16","33","27","atb0,atf0,ati0,ati1,ati2,atk0,atl0,atr0,cnb0,cnf0,cni0,cnl0,cnr0,cnt0,in 0,out0","amb,amf,aml,amr,at0,at1,at2,bb0,bb1,bf0,bf1,btl,cm0,cm1,cor,dbm,ded,dfm,gdm,inj,mvb,mvl,mvr,otj,pym,run,wlk","amb1,amf1,aml1,amr1,at00,at01,at10,at11,at20,at21,bb01,bb11,bf01,bf11,btl0,btl1,cm01,cm11,cor1,dbm1,ded1,dfm1,gdm1,inj0,inj1,mvb1,mvl1,mvr1,otj0,otj1,pym1,run1,wlk1","amb1:55,amf1:55,aml1:55,amr1:55,at00:55,at01:55,at10:58,at11:58,at20:56,at21:56,bb01:2,bb11:10,bf01:2,bf11:10,btl0:16,btl1:16,cm01:16,cm11:16,cor1:2,dbm1:2,ded1:31,dfm1:2,gdm1:2,inj0:19,inj1:19,mvb1:19,mvl1:13,mvr1:13,otj0:19,otj1:19,pym1:2,run1:11,wlk1:19"
"ROM/36/122.DAT","614864","50","16","32","26","atb0,atf0,ati0,ati1,ati2,atk0,atl0,atr0,cnb0,cnf0,cni0,cnl0,cnr0,cnt0,in 0,out0","amb,amf,aml,amr,at0,at1,at2,bb0,bb1,bf0,bf1,btl,cm0,cm1,cor,dbm,ded,dfm,inh,mvb,mvl,mvr,oth,pym,run,wlk","amb1,amf1,aml1,amr1,at00,at01,at10,at11,at20,at21,bb01,bb11,bf01,bf11,btl0,btl1,cm01,cm11,cor1,dbm1,ded1,dfm1,inh0,inh1,mvb1,mvl1,mvr1,oth0,oth1,pym1,run1,wlk1","amb1:40,amf1:40,aml1:40,amr1:43,at00:50,at01:50,at10:68,at11:68,at20:58,at21:58,bb01:2,bb11:10,bf01:2,bf11:10,btl0:9,btl1:9,cm01:16,cm11:15,cor1:2,dbm1:2,ded1:41,dfm1:2,inh0:19,inh1:19,mvb1:15,mvl1:11,mvr1:11,oth0:19,oth1:19,pym1:2,run1:11,wlk1:15"
"ROM/36/123.DAT","592448","50","16","32","26","atb0,atf0,ati0,ati1,ati2,atk0,atl0,atr0,cnb0,cnf0,cni0,cnl0,cnr0,cnt0,in 0,out0","amb,amf,aml,amr,at0,at1,at2,bb0,bb1,bf0,bf1,btl,cm0,cm1,cor,dbm,ded,dfm,ini,mvb,mvl,mvr,oti,pym,run,wlk","amb1,amf1,aml1,amr1,at00,at01,at10,at11,at20,at21,bb01,bb11,bf01,bf11,btl0,btl1,cm01,cm11,cor1,dbm1,ded1,dfm1,ini0,ini1,mvb1,mvl1,mvr1,oti0,oti1,pym1,run1,wlk1","amb1:40,amf1:40,aml1:40,amr1:43,at00:50,at01:50,at10:56,at11:56,at20:50,at21:50,bb01:2,bb11:10,bf01:2,bf11:10,btl0:9,btl1:9,cm01:16,cm11:15,cor1:2,dbm1:2,ded1:41,dfm1:2,ini0:19,ini1:19,mvb1:15,mvl1:11,mvr1:11,oti0:19,oti1:19,pym1:2,run1:11,wlk1:15"
"ROM/46/60.DAT","632480","50","16","32","26","atb0,atf0,ati0,ati1,ati2,atk0,atl0,atr0,cnb0,cnf0,cni0,cnl0,cnr0,cnt0,in 0,out0","amf,aml,amr,at0,at1,at2,bb0,bb1,bf0,bf1,btl,cm0,cm1,cor,dbm,ded,dfm,gdm,ind,mvb,mvl,mvr,otd,pym,run,wlk","amf1,aml1,amr1,at00,at01,at10,at11,at20,at21,bb01,bb11,bf01,bf11,btl0,btl1,cm01,cm11,cor1,dbm1,ded1,dfm1,gdm1,ind0,ind1,mvb1,mvl1,mvr1,otd0,otd1,pym1,run1,wlk1","amf1:41,aml1:41,amr1:41,at00:45,at01:45,at10:51,at11:51,at20:48,at21:48,bb01:2,bb11:10,bf01:2,bf11:10,btl0:17,btl1:17,cm01:16,cm11:13,cor1:2,dbm1:2,ded1:35,dfm1:2,gdm1:2,ind0:19,ind1:19,mvb1:19,mvl1:13,mvr1:13,otd0:19,otd1:19,pym1:2,run1:13,wlk1:17"
"ROM/46/61.DAT","646320","50","16","32","26","atb0,atf0,ati0,ati1,ati2,atk0,atl0,atr0,cnb0,cnf0,cni0,cnl0,cnr0,cnt0,in 0,out0","amf,aml,amr,at0,at1,at2,bb0,bb1,bf0,bf1,btl,cm0,cm1,cor,dbm,ded,dfm,gdm,ing,mvb,mvl,mvr,otg,pym,run,wlk","amf1,aml1,amr1,at00,at01,at10,at11,at20,at21,bb01,bb11,bf01,bf11,btl0,btl1,cm01,cm11,cor1,dbm1,ded1,dfm1,gdm1,ing0,ing1,mvb1,mvl1,mvr1,otg0,otg1,pym1,run1,wlk1","amf1:41,aml1:41,amr1:41,at00:45,at01:45,at10:51,at11:51,at20:58,at21:58,bb01:2,bb11:10,bf01:2,bf11:10,btl0:17,btl1:17,cm01:16,cm11:13,cor1:2,dbm1:2,ded1:35,dfm1:2,gdm1:2,ing0:19,ing1:19,mvb1:19,mvl1:13,mvr1:13,otg0:19,otg1:19,pym1:2,run1:13,wlk1:17"
"ROM/60/116.DAT","562304","48","16","30","24","atb0,atf0,ati0,ati1,ati2,atk0,atl0,atr0,cnb0,cnf0,cni0,cnl0,cnr0,cnt0,in 0,out0","amf,aml,amr,at0,at1,at2,bb0,bb1,bf0,bf1,btl,cor,dbm,ded,dfm,gdm,inh,mvb,mvl,mvr,oth,pym,run,wlk","amf1,aml1,amr1,at00,at01,at10,at11,at20,at21,bb01,bb11,bf01,bf11,btl0,btl1,cor1,dbm1,ded1,dfm1,gdm1,inh0,inh1,mvb1,mvl1,mvr1,oth0,oth1,pym1,run1,wlk1","amf1:47,aml1:47,amr1:47,at00:57,at01:57,at10:50,at11:50,at20:61,at21:61,bb01:2,bb11:10,bf01:2,bf11:10,btl0:16,btl1:16,cor1:2,dbm1:2,ded1:31,dfm1:2,gdm1:2,inh0:19,inh1:19,mvb1:23,mvl1:15,mvr1:15,oth0:19,oth1:19,pym1:2,run1:15,wlk1:25"
"ROM/60/117.DAT","573104","48","16","30","24","atb0,atf0,ati0,ati1,ati2,atk0,atl0,atr0,cnb0,cnf0,cni0,cnl0,cnr0,cnt0,in 0,out0","amf,aml,amr,at0,at1,at2,bb0,bb1,bf0,bf1,btl,cor,dbm,ded,dfm,gdm,ini,mvb,mvl,mvr,oti,pym,run,wlk","amf1,aml1,amr1,at00,at01,at10,at11,at20,at21,bb01,bb11,bf01,bf11,btl0,btl1,cor1,dbm1,ded1,dfm1,gdm1,ini0,ini1,mvb1,mvl1,mvr1,oti0,oti1,pym1,run1,wlk1","amf1:47,aml1:47,amr1:47,at00:57,at01:57,at10:60,at11:60,at20:68,at21:68,bb01:2,bb11:10,bf01:2,bf11:10,btl0:16,btl1:16,cor1:2,dbm1:2,ded1:31,dfm1:2,gdm1:2,ini0:19,ini1:19,mvb1:23,mvl1:15,mvr1:15,oti0:19,oti1:19,pym1:2,run1:15,wlk1:25"
"ROM/60/118.DAT","578000","48","16","30","24","atb0,atf0,ati0,ati1,ati2,atk0,atl0,atr0,cnb0,cnf0,cni0,cnl0,cnr0,cnt0,in 0,out0","amf,aml,amr,at0,at1,at2,bb0,bb1,bf0,bf1,btl,cor,dbm,ded,dfm,gdm,ini,mvb,mvl,mvr,oti,pym,run,wlk","amf1,aml1,amr1,at00,at01,at10,at11,at20,at21,bb01,bb11,bf01,bf11,btl0,btl1,cor1,dbm1,ded1,dfm1,gdm1,ini0,ini1,mvb1,mvl1,mvr1,oti0,oti1,pym1,run1,wlk1","amf1:47,aml1:47,amr1:47,at00:57,at01:57,at10:68,at11:68,at20:60,at21:60,bb01:2,bb11:10,bf01:2,bf11:10,btl0:16,btl1:16,cor1:2,dbm1:2,ded1:31,dfm1:2,gdm1:2,ini0:19,ini1:19,mvb1:23,mvl1:15,mvr1:15,oti0:19,oti1:19,pym1:2,run1:15,wlk1:25"
"ROM/32/21.DAT","502688","48","15","31","26","atb0,atf0,ati0,ati1,atk0,atl0,atr0,cnb0,cnf0,cni0,cnl0,cnr0,cnt0,in 0,out0","amb,amf,aml,amr,at0,at1,bb0,bb1,bf0,bf1,btl,cm0,cm1,cor,dbm,ded,dfm,gdm,ink,mvb,mvl,mvr,otk,pym,run,wlk","amb1,amf1,aml1,amr1,at00,at01,at10,at11,bb01,bb11,bf01,bf11,btl0,btl1,cm01,cm11,cor1,dbm1,ded1,dfm1,gdm1,ink0,ink1,mvb1,mvl1,mvr1,otk0,otk1,pym1,run1,wlk1","amb1:35,amf1:35,aml1:35,amr1:35,at00:50,at01:50,at10:43,at11:43,bb01:2,bb11:10,bf01:2,bf11:10,btl0:15,btl1:15,cm01:16,cm11:16,cor1:2,dbm1:2,ded1:30,dfm1:2,gdm1:2,ink0:19,ink1:19,mvb1:21,mvl1:13,mvr1:13,otk0:19,otk1:19,pym1:2,run1:11,wlk1:19"
"ROM/36/124.DAT","518256","48","15","31","26","atb0,atf0,ati0,ati1,atk0,atl0,atr0,cnb0,cnf0,cni0,cnl0,cnr0,cnt0,in 0,out0","amb,amf,aml,amr,at0,at1,bb0,bb1,bf0,bf1,btl,cm0,cm1,cor,dbm,ded,dfm,gdm,ink,mvb,mvl,mvr,otk,pym,run,wlk","amb1,amf1,aml1,amr1,at00,at01,at10,at11,bb01,bb11,bf01,bf11,btl0,btl1,cm01,cm11,cor1,dbm1,ded1,dfm1,gdm1,ink0,ink1,mvb1,mvl1,mvr1,otk0,otk1,pym1,run1,wlk1","amb1:30,amf1:30,aml1:30,amr1:30,at00:50,at01:50,at10:44,at11:44,bb01:2,bb11:10,bf01:2,bf11:10,btl0:9,btl1:9,cm01:16,cm11:15,cor1:2,dbm1:2,ded1:41,dfm1:2,gdm1:2,ink0:19,ink1:19,mvb1:15,mvl1:11,mvr1:11,otk0:19,otk1:19,pym1:2,run1:11,wlk1:15"
"ROM/56/22.DAT","467504","48","15","31","26","atb0,atf0,ati0,ati1,atk0,atl0,atr0,cnb0,cnf0,cni0,cnl0,cnr0,cnt0,in 0,out0","amb,amf,aml,amr,at0,at1,bb0,bb1,bf0,bf1,btl,cm0,cm1,cor,dbm,ded,dfm,gdm,in0,mvb,mvl,mvr,ot0,pym,run,wlk","amb1,amf1,aml1,amr1,at00,at01,at10,at11,bb01,bb11,bf01,bf11,btl0,btl1,cm01,cm11,cor1,dbm1,ded1,dfm1,gdm1,in00,in01,mvb1,mvl1,mvr1,ot00,ot01,pym1,run1,wlk1","amb1:33,amf1:33,aml1:36,amr1:38,at00:42,at01:42,at10:47,at11:47,bb01:2,bb11:10,bf01:2,bf11:10,btl0:16,btl1:16,cm01:16,cm11:16,cor1:2,dbm1:2,ded1:31,dfm1:2,gdm1:2,in00:19,in01:19,mvb1:19,mvl1:13,mvr1:13,ot00:19,ot01:19,pym1:2,run1:11,wlk1:19"
"ROM/46/62.DAT","533744","46","15","29","24","atb0,atf0,ati0,ati1,atk0,atl0,atr0,cnb0,cnf0,cni0,cnl0,cnr0,cnt0,in 0,out0","amf,aml,amr,at0,at1,bb0,bb1,bf0,bf1,btl,cm0,cm1,cor,dbm,ded,dfm,gdm,ink,mvb,mvl,mvr,otk,run,wlk","amf1,aml1,amr1,at00,at01,at10,at11,bb01,bb11,bf01,bf11,btl0,btl1,cm01,cm11,cor1,dbm1,ded1,dfm1,gdm1,ink0,ink1,mvb1,mvl1,mvr1,otk0,otk1,run1,wlk1","amf1:37,aml1:37,amr1:37,at00:42,at01:42,at10:40,at11:40,bb01:2,bb11:10,bf01:2,bf11:10,btl0:17,btl1:17,cm01:16,cm11:13,cor1:2,dbm1:2,ded1:35,dfm1:2,gdm1:2,ink0:19,ink1:19,mvb1:19,mvl1:13,mvr1:13,otk0:19,otk1:19,run1:13,wlk1:17"
"ROM/60/119.DAT","480176","44","15","27","22","atb0,atf0,ati0,ati1,atk0,atl0,atr0,cnb0,cnf0,cni0,cnl0,cnr0,cnt0,in 0,out0","amf,aml,amr,at0,at1,bb0,bb1,bf0,bf1,btl,cor,dbm,ded,dfm,gdm,ink,mvb,mvl,mvr,otk,run,wlk","amf1,aml1,amr1,at00,at01,at10,at11,bb01,bb11,bf01,bf11,btl0,btl1,cor1,dbm1,ded1,dfm1,gdm1,ink0,ink1,mvb1,mvl1,mvr1,otk0,otk1,run1,wlk1","amf1:49,aml1:46,amr1:46,at00:52,at01:52,at10:49,at11:49,bb01:2,bb11:10,bf01:2,bf11:10,btl0:16,btl1:16,cor1:2,dbm1:2,ded1:31,dfm1:2,gdm1:2,ink0:19,ink1:19,mvb1:23,mvl1:15,mvr1:15,otk0:19,otk1:19,run1:15,wlk1:25"
"ROM/32/40.DAT","401392","26","8","16","8","em00,em01,em02,em03,em04,em05,em06,em07","bow,kne,lau,poi,sl1,sl2,sl3,wee","bow0,bow1,kne0,kne1,lau0,lau1,poi0,poi1,sl10,sl11,sl20,sl21,sl30,sl31,wee0,wee1","bow0:39,bow1:39,kne0:66,kne1:66,lau0:46,lau1:46,poi0:31,poi1:31,sl10:43,sl11:43,sl20:41,sl21:41,sl30:47,sl31:47,wee0:49,wee1:49"
"ROM/37/13.DAT","463728","26","8","16","8","em00,em01,em02,em03,em04,em05,em06,em07","bow,kne,lau,poi,sl1,sl2,sl3,wee","bow0,bow1,kne0,kne1,lau0,lau1,poi0,poi1,sl10,sl11,sl20,sl21,sl30,sl31,wee0,wee1","bow0:38,bow1:38,kne0:66,kne1:66,lau0:45,lau1:45,poi0:29,poi1:29,sl10:43,sl11:43,sl20:40,sl21:40,sl30:44,sl31:44,wee0:48,wee1:48"
"ROM/41/114.DAT","477984","26","8","16","8","em00,em01,em02,em03,em04,em05,em06,em07","bow,kne,lau,poi,sl1,sl2,sl3,wee","bow0,bow1,kne0,kne1,lau0,lau1,poi0,poi1,sl10,sl11,sl20,sl21,sl30,sl31,wee0,wee1","bow0:39,bow1:39,kne0:66,kne1:66,lau0:45,lau1:45,poi0:30,poi1:30,sl10:43,sl11:43,sl20:43,sl21:40,sl30:47,sl31:47,wee0:48,wee1:48"
"ROM/46/75.DAT","444880","26","8","16","8","em00,em01,em02,em03,em04,em05,em06,em07","bow,kne,lau,poi,sl1,sl2,sl3,wee","bow0,bow1,kne0,kne1,lau0,lau1,poi0,poi1,sl10,sl11,sl20,sl21,sl30,sl31,wee0,wee1","bow0:39,bow1:39,kne0:66,kne1:66,lau0:46,lau1:46,poi0:31,poi1:31,sl10:43,sl11:43,sl20:41,sl21:41,sl30:47,sl31:47,wee0:49,wee1:49"
"ROM/51/37.DAT","420000","26","8","16","8","em00,em01,em02,em03,em04,em05,em06,em07","bow,kne,lau,poi,sl1,sl2,sl3,wee","bow0,bow1,kne0,kne1,lau0,lau1,poi0,poi1,sl10,sl11,sl20,sl21,sl30,sl31,wee0,wee1","bow0:38,bow1:38,kne0:65,kne1:65,lau0:45,lau1:45,poi0:29,poi1:29,sl10:43,sl11:43,sl20:38,sl21:38,sl30:46,sl31:46,wee0:49,wee1:49"
"ROM/51/71.DAT","419392","26","8","16","8","em00,em01,em02,em03,em04,em05,em06,em07","bow,kne,lau,poi,sl1,sl2,sl3,wee","bow0,bow1,kne0,kne1,lau0,lau1,poi0,poi1,sl10,sl11,sl20,sl21,sl30,sl31,wee0,wee1","bow0:38,bow1:38,kne0:65,kne1:65,lau0:45,lau1:45,poi0:29,poi1:29,sl10:43,sl11:43,sl20:38,sl21:38,sl30:46,sl31:46,wee0:49,wee1:49"
"ROM/51/72.DAT","370288","27","8","16","8","em00,em01,em02,em03,em04,em05,em06,em07","che,clp,den,gla,nod,sl1,wav,wel","che0,che1,clp0,clp1,den0,den1,gla0,gla1,nod0,nod1,sl10,sl11,wav0,wav1,wel0,wel1","che0:46,che1:46,clp0:44,clp1:44,den0:22,den1:22,gla0:38,gla1:38,nod0:17,nod1:17,sl10:43,sl11:43,wav0:37,wav1:37,wel0:38,wel1:38"
"ROM/56/41.DAT","482912","26","8","16","8","em00,em01,em02,em03,em04,em05,em06,em07","bow,kne,lau,poi,sl1,sl2,sl3,wee","bow0,bow1,kne0,kne1,lau0,lau1,poi0,poi1,sl10,sl11,sl20,sl21,sl30,sl31,wee0,wee1","bow0:39,bow1:39,kne0:66,kne1:66,lau0:46,lau1:46,poi0:31,poi1:31,sl10:43,sl11:43,sl20:41,sl21:41,sl30:47,sl31:47,wee0:49,wee1:49"
"ROM/61/8.DAT","494736","26","8","16","8","em00,em01,em02,em03,em04,em05,em06,em07","bow,kne,lau,poi,sl1,sl2,sl3,wee","bow0,bow1,kne0,kne1,lau0,lau1,poi0,poi1,sl10,sl11,sl20,sl21,sl30,sl31,wee0,wee1","bow0:39,bow1:39,kne0:66,kne1:66,lau0:46,lau1:46,poi0:31,poi1:31,sl10:43,sl11:43,sl20:41,sl21:41,sl30:47,sl31:47,wee0:49,wee1:49"
"ROM/32/41.DAT","280784","25","8","14","7","em00,em01,em02,em03,em04,em05,em06,em07","che,clp,den,gla,nod,wav,wel","che0,che1,clp0,clp1,den0,den1,gla0,gla1,nod0,nod1,wav0,wav1,wel0,wel1","che0:47,che1:47,clp0:46,clp1:46,den0:23,den1:23,gla0:39,gla1:39,nod0:18,nod1:18,wav0:38,wav1:38,wel0:39,wel1:39"
"ROM/37/14.DAT","348208","25","8","14","7","em00,em01,em02,em03,em04,em05,em06,em07","che,clp,den,gla,nod,wav,wel","che0,che1,clp0,clp1,den0,den1,gla0,gla1,nod0,nod1,wav0,wav1,wel0,wel1","che0:46,che1:46,clp0:45,clp1:45,den0:23,den1:23,gla0:38,gla1:38,nod0:17,nod1:17,wav0:37,wav1:37,wel0:38,wel1:38"
"ROM/41/115.DAT","348192","25","8","14","7","em00,em01,em02,em03,em04,em05,em06,em07","che,clp,den,gla,nod,wav,wel","che0,che1,clp0,clp1,den0,den1,gla0,gla1,nod0,nod1,wav0,wav1,wel0,wel1","che0:46,che1:46,clp0:45,clp1:45,den0:23,den1:23,gla0:37,gla1:37,nod0:18,nod1:18,wav0:37,wav1:37,wel0:39,wel1:39"
"ROM/46/76.DAT","314080","25","8","14","7","em00,em01,em02,em03,em04,em05,em06,em07","che,clp,den,gla,nod,wav,wel","che0,che1,clp0,clp1,den0,den1,gla0,gla1,nod0,nod1,wav0,wav1,wel0,wel1","che0:46,che1:46,clp0:46,clp1:46,den0:23,den1:23,gla0:39,gla1:39,nod0:18,nod1:18,wav0:38,wav1:38,wel0:39,wel1:39"
"ROM/51/38.DAT","319392","25","8","14","7","em00,em01,em02,em03,em04,em05,em06,em07","che,clp,den,gla,nod,wav,wel","che0,che1,clp0,clp1,den0,den1,gla0,gla1,nod0,nod1,wav0,wav1,wel0,wel1","che0:46,che1:46,clp0:44,clp1:44,den0:22,den1:22,gla0:38,gla1:38,nod0:17,nod1:17,wav0:37,wav1:37,wel0:38,wel1:38"
"ROM/56/42.DAT","336000","25","8","14","7","em00,em01,em02,em03,em04,em05,em06,em07","che,clp,den,gla,nod,wav,wel","che0,che1,clp0,clp1,den0,den1,gla0,gla1,nod0,nod1,wav0,wav1,wel0,wel1","che0:46,che1:46,clp0:46,clp1:46,den0:23,den1:23,gla0:39,gla1:39,nod0:18,nod1:18,wav0:38,wav1:38,wel0:39,wel1:39"
"ROM/61/9.DAT","336240","25","8","14","7","em00,em01,em02,em03,em04,em05,em06,em07","che,clp,den,gla,nod,wav,wel","che0,che1,clp0,clp1,den0,den1,gla0,gla1,nod0,nod1,wav0,wav1,wel0,wel1","che0:46,che1:46,clp0:46,clp1:46,den0:23,den1:23,gla0:39,gla1:39,nod0:18,nod1:18,wav0:38,wav1:38,wel0:39,wel1:39"
"ROM/32/42.DAT","272784","23","8","12","6","em00,em01,em02,em03,em04,em05,em06,em07","clp,cmf,pok,sig,sta,sur","clp0,clp1,cmf0,cmf1,pok0,pok1,sig0,sig1,sta0,sta1,sur0,sur1","clp0:46,clp1:46,cmf0:41,cmf1:41,pok0:39,pok1:39,sig0:41,sig1:41,sta0:39,sta1:39,sur0:36,sur1:36"
"ROM/32/43.DAT","251280","22","8","12","6","em00,em01,em02,em03,em04,em05,em06,em07","ang,blu,nod,pan,ups,why","ang0,ang1,blu0,blu1,nod0,nod1,pan0,pan1,ups0,ups1,why0,why1","ang0:41,ang1:41,blu0:41,blu1:41,nod0:18,nod1:18,pan0:41,pan1:41,ups0:41,ups1:41,why0:41,why1:41"
"ROM/37/15.DAT","300352","23","8","12","6","em00,em01,em02,em03,em04,em05,em06,em07","clp,cmf,pok,sig,sta,sur","clp0,clp1,cmf0,cmf1,pok0,pok1,sig0,sig1,sta0,sta1,sur0,sur1","clp0:45,clp1:45,cmf0:41,cmf1:41,pok0:38,pok1:38,sig0:46,sig1:46,sta0:38,sta1:38,sur0:35,sur1:35"
"ROM/37/16.DAT","272800","22","8","12","6","em00,em01,em02,em03,em04,em05,em06,em07","ang,blu,nod,pan,ups,why","ang0,ang1,blu0,blu1,nod0,nod1,pan0,pan1,ups0,ups1,why0,why1","ang0:41,ang1:41,blu0:41,blu1:41,nod0:17,nod1:17,pan0:41,pan1:41,ups0:41,ups1:41,why0:41,why1:41"
"ROM/41/116.DAT","314640","23","8","12","6","em00,em01,em02,em03,em04,em05,em06,em07","clp,cmf,pok,sig,sta,sur","clp0,clp1,cmf0,cmf1,pok0,pok1,sig0,sig1,sta0,sta1,sur0,sur1","clp0:45,clp1:45,cmf0:39,cmf1:39,pok0:38,pok1:38,sig0:47,sig1:47,sta0:38,sta1:38,sur0:35,sur1:35"
"ROM/41/117.DAT","280784","22","8","12","6","em00,em01,em02,em03,em04,em05,em06,em07","ang,blu,nod,pan,ups,why","ang0,ang1,blu0,blu1,nod0,nod1,pan0,pan1,ups0,ups1,why0,why1","ang0:39,ang1:39,blu0:39,blu1:39,nod0:18,nod1:18,pan0:41,pan1:41,ups0:43,ups1:43,why0:39,why1:39"
"ROM/46/77.DAT","310016","23","8","12","6","em00,em01,em02,em03,em04,em05,em06,em07","clp,cmf,pok,sig,sta,sur","clp0,clp1,cmf0,cmf1,pok0,pok1,sig0,sig1,sta0,sta1,sur0,sur1","clp0:46,clp1:46,cmf0:41,cmf1:41,pok0:39,pok1:39,sig0:46,sig1:46,sta0:39,sta1:39,sur0:36,sur1:36"
"ROM/46/78.DAT","283168","22","8","12","6","em00,em01,em02,em03,em04,em05,em06,em07","ang,blu,nod,pan,ups,why","ang0,ang1,blu0,blu1,nod0,nod1,pan0,pan1,ups0,ups1,why0,why1","ang0:41,ang1:41,blu0:41,blu1:41,nod0:18,nod1:18,pan0:41,pan1:41,ups0:41,ups1:41,why0:41,why1:41"
"ROM/51/39.DAT","302544","23","8","12","6","em00,em01,em02,em03,em04,em05,em06,em07","clp,cmf,pok,sig,sta,sur","clp0,clp1,cmf0,cmf1,pok0,pok1,sig0,sig1,sta0,sta1,sur0,sur1","clp0:44,clp1:44,cmf0:41,cmf1:41,pok0:38,pok1:38,sig0:49,sig1:49,sta0:37,sta1:37,sur0:35,sur1:35"
"ROM/51/40.DAT","272032","22","8","12","6","em00,em01,em02,em03,em04,em05,em06,em07","ang,blu,nod,pan,ups,why","ang0,ang1,blu0,blu1,nod0,nod1,pan0,pan1,ups0,ups1,why0,why1","ang0:41,ang1:41,blu0:42,blu1:42,nod0:17,nod1:17,pan0:41,pan1:41,ups0:40,ups1:40,why0:41,why1:41"
"ROM/51/73.DAT","302544","23","8","12","6","em00,em01,em02,em03,em04,em05,em06,em07","clp,cmf,pok,sig,sta,sur","clp0,clp1,cmf0,cmf1,pok0,pok1,sig0,sig1,sta0,sta1,sur0,sur1","clp0:44,clp1:44,cmf0:41,cmf1:41,pok0:38,pok1:38,sig0:49,sig1:49,sta0:37,sta1:37,sur0:35,sur1:35"
"ROM/51/74.DAT","272000","22","8","12","6","em00,em01,em02,em03,em04,em05,em06,em07","ang,blu,nod,pan,ups,why","ang0,ang1,blu0,blu1,nod0,nod1,pan0,pan1,ups0,ups1,why0,why1","ang0:41,ang1:41,blu0:42,blu1:42,nod0:17,nod1:17,pan0:41,pan1:41,ups0:41,ups1:41,why0:41,why1:41"
"ROM/56/43.DAT","328720","23","8","12","6","em00,em01,em02,em03,em04,em05,em06,em07","clp,cmf,pok,sig,sta,sur","clp0,clp1,cmf0,cmf1,pok0,pok1,sig0,sig1,sta0,sta1,sur0,sur1","clp0:46,clp1:46,cmf0:39,cmf1:39,pok0:39,pok1:39,sig0:46,sig1:46,sta0:39,sta1:39,sur0:36,sur1:36"
"ROM/56/44.DAT","308256","22","8","12","6","em00,em01,em02,em03,em04,em05,em06,em07","ang,blu,nod,pan,ups,why","ang0,ang1,blu0,blu1,nod0,nod1,pan0,pan1,ups0,ups1,why0,why1","ang0:43,ang1:43,blu0:39,blu1:39,nod0:18,nod1:18,pan0:41,pan1:41,ups0:39,ups1:39,why0:39,why1:39"
"ROM/61/10.DAT","346304","23","8","12","6","em00,em01,em02,em03,em04,em05,em06,em07","clp,cmf,pok,sig,sta,sur","clp0,clp1,cmf0,cmf1,pok0,pok1,sig0,sig1,sta0,sta1,sur0,sur1","clp0:46,clp1:46,cmf0:41,cmf1:41,pok0:39,pok1:39,sig0:47,sig1:47,sta0:39,sta1:39,sur0:36,sur1:36"
"ROM/61/11.DAT","319840","22","8","12","6","em00,em01,em02,em03,em04,em05,em06,em07","ang,blu,nod,pan,ups,why","ang0,ang1,blu0,blu1,nod0,nod1,pan0,pan1,ups0,ups1,why0,why1","ang0:41,ang1:41,blu0:41,blu1:41,nod0:18,nod1:18,pan0:41,pan1:41,ups0:41,ups1:41,why0:41,why1:41"
"ROM/32/44.DAT","162000","18","8","8","4","em00,em01,em02,em03,em04,em05,em06,em07","fum,gut,rs0,thk","fum0,fum1,gut0,gut1,rs00,rs01,thk0,thk1","fum0:41,fum1:41,gut0:39,gut1:39,rs00:15,rs01:15,thk0:49,thk1:49"
"ROM/37/17.DAT","178224","18","8","8","4","em00,em01,em02,em03,em04,em05,em06,em07","fum,gut,rs0,thk","fum0,fum1,gut0,gut1,rs00,rs01,thk0,thk1","fum0:41,fum1:41,gut0:37,gut1:37,rs00:9,rs01:9,thk0:50,thk1:50"
"ROM/41/118.DAT","212576","18","8","8","4","em00,em01,em02,em03,em04,em05,em06,em07","fum,gut,rs0,thk","fum0,fum1,gut0,gut1,rs00,rs01,thk0,thk1","fum0:43,fum1:43,gut0:39,gut1:39,rs00:31,rs01:31,thk0:51,thk1:51"
"ROM/46/79.DAT","173104","18","8","8","4","em00,em01,em02,em03,em04,em05,em06,em07","fum,gut,rs0,thk","fum0,fum1,gut0,gut1,rs00,rs01,thk0,thk1","fum0:41,fum1:41,gut0:39,gut1:39,rs00:13,rs01:13,thk0:49,thk1:49"
"ROM/51/41.DAT","173088","18","8","8","4","em00,em01,em02,em03,em04,em05,em06,em07","fum,gut,rs0,thk","fum0,fum1,gut0,gut1,rs00,rs01,thk0,thk1","fum0:41,fum1:41,gut0:37,gut1:37,rs00:23,rs01:23,thk0:50,thk1:50"
"ROM/51/75.DAT","176368","18","8","8","4","em00,em01,em02,em03,em04,em05,em06,em07","fum,gut,rs0,thk","fum0,fum1,gut0,gut1,rs00,rs01,thk0,thk1","fum0:41,fum1:41,gut0:37,gut1:37,rs00:23,rs01:23,thk0:50,thk1:50"
"ROM/56/45.DAT","185504","18","8","8","4","em00,em01,em02,em03,em04,em05,em06,em07","fum,gut,rs0,thk","fum0,fum1,gut0,gut1,rs00,rs01,thk0,thk1","fum0:41,fum1:41,gut0:39,gut1:39,rs00:16,rs01:16,thk0:49,thk1:49"
"ROM/61/12.DAT","198464","18","8","8","4","em00,em01,em02,em03,em04,em05,em06,em07","fum,gut,rh0,thk","fum0,fum1,gut0,gut1,rh00,rh01,thk0,thk1","fum0:41,fum1:41,gut0:39,gut1:39,rh00:9,rh01:9,thk0:49,thk1:49"
"ROM/32/45.DAT","111536","17","8","2","1","em00,em01,em02,em03,em04,em05,em06,em07","def","def0,def1","def0:91,def1:91"
"ROM/37/18.DAT","123424","17","8","2","1","em00,em01,em02,em03,em04,em05,em06,em07","def","def0,def1","def0:91,def1:91"
"ROM/41/119.DAT","123968","17","8","2","1","em00,em01,em02,em03,em04,em05,em06,em07","def","def0,def1","def0:91,def1:91"
"ROM/46/80.DAT","124896","19","8","2","1","em00,em01,em02,em03,em04,em05,em06,em07","def","def0,def1","def0:91,def1:91"
"ROM/51/42.DAT","107088","17","8","2","1","em00,em01,em02,em03,em04,em05,em06,em07","def","def0,def1","def0:91,def1:91"
"ROM/51/76.DAT","107088","17","8","2","1","em00,em01,em02,em03,em04,em05,em06,em07","def","def0,def1","def0:91,def1:91"
"ROM/56/46.DAT","131104","17","8","2","1","em00,em01,em02,em03,em04,em05,em06,em07","def","def0,def1","def0:91,def1:91"
"ROM/61/13.DAT","134288","17","8","2","1","em00,em01,em02,em03,em04,em05,em06,em07","def","def0,def1","def0:91,def1:91"
"ROM/28/52.DAT","17456","11","7","0","0","@scd,l001,l003,l021,l023,m000,m002","","",""
"ROM/30/126.DAT","16304","18","7","0","0","ef h,se h,sinr,skaz,sotr,wpof,wpon","","",""
"ROM/61/111.DAT","1872","16","7","0","0","sg02,sg03,sg04,sg05,sg06,sg07,sg08","","",""
"ROM/61/122.DAT","1968","16","7","0","0","sg01,sg02,sg03,sg04,sg05,sg06,sg07","","",""
"ROM/27/100.DAT","31008","29","6","0","0","ksng,vatk,vdam,vded,vsng,vswy","","",""
"ROM/27/101.DAT","31984","28","6","0","0","ksng,vatk,vdam,vded,vsng,vswy","","",""
"ROM/27/102.DAT","31984","28","6","0","0","ksng,vatk,vdam,vded,vsng,vswy","","",""
"ROM/27/87.DAT","33008","28","6","0","0","ksng,vatk,vdam,vded,vsng,vswy","","",""
"ROM/27/88.DAT","33008","28","6","0","0","ksng,vatk,vdam,vded,vsng,vswy","","",""
"ROM/27/89.DAT","40448","28","6","0","0","ksng,vatk,vdam,vded,vsng,vswy","","",""
"ROM/27/90.DAT","40320","28","6","0","0","ksng,vatk,vdam,vded,vsng,vswy","","",""
"ROM/27/91.DAT","31904","28","6","0","0","ksng,vatk,vdam,vded,vsng,vswy","","",""
"ROM/27/92.DAT","31968","28","6","0","0","ksng,vatk,vdam,vded,vsng,vswy","","",""
"ROM/27/93.DAT","36640","29","6","0","0","ksng,vatk,vdam,vded,vsng,vswy","","",""
"ROM/27/94.DAT","36640","29","6","0","0","ksng,vatk,vdam,vded,vsng,vswy","","",""
"ROM/27/95.DAT","30000","28","6","0","0","ksng,vatk,vdam,vded,vsng,vswy","","",""
"ROM/27/96.DAT","30000","28","6","0","0","ksng,vatk,vdam,vded,vsng,vswy","","",""
"ROM/27/97.DAT","31552","28","6","0","0","ksng,vatk,vdam,vded,vsng,vswy","","",""
"ROM/27/98.DAT","31552","28","6","0","0","ksng,vatk,vdam,vded,vsng,vswy","","",""
"ROM/27/99.DAT","31008","29","6","0","0","ksng,vatk,vdam,vded,vsng,vswy","","",""
"ROM/31/25.DAT","16960","27","6","0","0","ef h,gm00,se h,sinr,skaz,sotr","","",""
"ROM/31/83.DAT","9328","18","6","0","0","chlg,eflg,kalg,lgin,lgot,selg","","",""
"ROM/31/84.DAT","9440","18","6","0","0","chlg,eflg,kalg,lgin,lgot,selg","","",""
"ROM/31/85.DAT","14672","18","6","0","0","chlg,eflg,kalg,lgin,lgot,selg","","",""
"ROM/31/86.DAT","14672","18","6","0","0","chlg,eflg,kalg,lgin,lgot,selg","","",""
"ROM/31/87.DAT","14672","18","6","0","0","chlg,eflg,kalg,lgin,lgot,selg","","",""
"ROM/32/63.DAT","33536","28","6","0","0","ksng,vatk,vdam,vded,vsng,vswy","","",""
"ROM/32/64.DAT","33536","28","6","0","0","ksng,vatk,vdam,vded,vsng,vswy","","",""
"ROM/32/65.DAT","42736","28","6","0","0","ksng,vatk,vdam,vded,vsng,vswy","","",""
"ROM/32/66.DAT","42736","28","6","0","0","ksng,vatk,vdam,vded,vsng,vswy","","",""
"ROM/32/67.DAT","41392","28","6","0","0","ksng,vatk,vdam,vded,vsng,vswy","","",""
"ROM/32/68.DAT","41392","28","6","0","0","ksng,vatk,vdam,vded,vsng,vswy","","",""
"ROM/32/69.DAT","40592","28","6","0","0","ksng,vatk,vdam,vded,vsng,vswy","","",""
"ROM/32/70.DAT","40656","28","6","0","0","ksng,vatk,vdam,vded,vsng,vswy","","",""
"ROM/32/71.DAT","39296","28","6","0","0","ksng,vatk,vdam,vded,vsng,vswy","","",""
"ROM/32/72.DAT","39296","28","6","0","0","ksng,vatk,vdam,vded,vsng,vswy","","",""
"ROM/32/73.DAT","38416","28","6","0","0","ksng,vatk,vdam,vded,vsng,vswy","","",""
"ROM/32/74.DAT","38416","28","6","0","0","ksng,vatk,vdam,vded,vsng,vswy","","",""
"ROM/32/75.DAT","30176","28","6","0","0","ksng,vatk,vdam,vded,vsng,vswy","","",""
"ROM/32/76.DAT","30176","28","6","0","0","ksng,vatk,vdam,vded,vsng,vswy","","",""
"ROM/32/77.DAT","33296","29","6","0","0","ksng,vatk,vdam,vded,vsng,vswy","","",""
"ROM/32/78.DAT","33296","29","6","0","0","ksng,vatk,vdam,vded,vsng,vswy","","",""
"ROM/36/1.DAT","16960","27","6","0","0","ef h,gm00,se h,sinr,skaz,sotr","","",""
"ROM/36/59.DAT","9328","18","6","0","0","chlg,eflg,kalg,lgin,lgot,selg","","",""
"ROM/36/60.DAT","9440","18","6","0","0","chlg,eflg,kalg,lgin,lgot,selg","","",""
"ROM/36/61.DAT","14672","18","6","0","0","chlg,eflg,kalg,lgin,lgot,selg","","",""
"ROM/36/62.DAT","14672","18","6","0","0","chlg,eflg,kalg,lgin,lgot,selg","","",""
"ROM/36/63.DAT","14672","18","6","0","0","chlg,eflg,kalg,lgin,lgot,selg","","",""
"ROM/37/36.DAT","33344","28","6","0","0","ksng,vatk,vdam,vded,vsng,vswy","","",""
"ROM/37/37.DAT","33280","28","6","0","0","ksng,vatk,vdam,vded,vsng,vswy","","",""
"ROM/37/38.DAT","33232","28","6","0","0","ksng,vatk,vdam,vded,vsng,vswy","","",""
"ROM/37/39.DAT","33232","28","6","0","0","ksng,vatk,vdam,vded,vsng,vswy","","",""
"ROM/37/40.DAT","32368","28","6","0","0","ksng,vatk,vdam,vded,vsng,vswy","","",""
"ROM/37/41.DAT","32368","28","6","0","0","ksng,vatk,vdam,vded,vsng,vswy","","",""
"ROM/37/42.DAT","32368","28","6","0","0","ksng,vatk,vdam,vded,vsng,vswy","","",""
"ROM/37/43.DAT","32368","28","6","0","0","ksng,vatk,vdam,vded,vsng,vswy","","",""
"ROM/37/44.DAT","32784","28","6","0","0","ksng,vatk,vdam,vded,vsng,vswy","","",""
"ROM/37/45.DAT","32784","28","6","0","0","ksng,vatk,vdam,vded,vsng,vswy","","",""
"ROM/37/46.DAT","32048","28","6","0","0","ksng,vatk,vdam,vded,vsng,vswy","","",""
"ROM/37/47.DAT","32048","28","6","0","0","ksng,vatk,vdam,vded,vsng,vswy","","",""
"ROM/37/48.DAT","36256","29","6","0","0","ksng,vatk,vdam,vded,vsng,vswy","","",""
"ROM/37/49.DAT","36256","29","6","0","0","ksng,vatk,vdam,vded,vsng,vswy","","",""
"ROM/37/50.DAT","32976","28","6","0","0","ksng,vatk,vdam,vded,vsng,vswy","","",""
"ROM/37/51.DAT","32976","28","6","0","0","ksng,vatk,vdam,vded,vsng,vswy","","",""
"ROM/41/26.DAT","9328","18","6","0","0","chlg,eflg,kalg,lgin,lgot,selg","","",""
"ROM/41/27.DAT","9440","18","6","0","0","chlg,eflg,kalg,lgin,lgot,selg","","",""
"ROM/41/28.DAT","14672","18","6","0","0","chlg,eflg,kalg,lgin,lgot,selg","","",""
"ROM/41/29.DAT","14672","18","6","0","0","chlg,eflg,kalg,lgin,lgot,selg","","",""
"ROM/41/30.DAT","14672","18","6","0","0","chlg,eflg,kalg,lgin,lgot,selg","","",""
"ROM/42/10.DAT","43696","28","6","0","0","ksng,vatk,vdam,vded,vsng,vswy","","",""
"ROM/42/11.DAT","33120","28","6","0","0","ksng,vatk,vdam,vded,vsng,vswy","","",""
"ROM/42/12.DAT","33120","28","6","0","0","ksng,vatk,vdam,vded,vsng,vswy","","",""
"ROM/42/13.DAT","45040","28","6","0","0","ksng,vatk,vdam,vded,vsng,vswy","","",""
"ROM/42/14.DAT","44768","28","6","0","0","ksng,vatk,vdam,vded,vsng,vswy","","",""
"ROM/42/15.DAT","32304","28","6","0","0","ksng,vatk,vdam,vded,vsng,vswy","","",""
"ROM/42/16.DAT","32176","28","6","0","0","ksng,vatk,vdam,vded,vsng,vswy","","",""
"ROM/42/17.DAT","32400","28","6","0","0","ksng,vatk,vdam,vded,vsng,vswy","","",""
"ROM/42/18.DAT","32400","28","6","0","0","ksng,vatk,vdam,vded,vsng,vswy","","",""
"ROM/42/19.DAT","33168","28","6","0","0","ksng,vatk,vdam,vded,vsng,vswy","","",""
"ROM/42/20.DAT","32976","28","6","0","0","ksng,vatk,vdam,vded,vsng,vswy","","",""
"ROM/42/21.DAT","31616","28","6","0","0","ksng,vatk,vdam,vded,vsng,vswy","","",""
"ROM/42/22.DAT","31616","28","6","0","0","ksng,vatk,vdam,vded,vsng,vswy","","",""
"ROM/42/23.DAT","41760","28","6","0","0","ksng,vatk,vdam,vded,vsng,vswy","","",""
"ROM/42/24.DAT","41824","28","6","0","0","ksng,vatk,vdam,vded,vsng,vswy","","",""
"ROM/42/9.DAT","43888","28","6","0","0","ksng,vatk,vdam,vded,vsng,vswy","","",""
"ROM/43/79.DAT","10096","15","6","0","0","ef h,se h,shit,sinr,skaz,sotr","","",""
"ROM/45/127.DAT","9328","18","6","0","0","chlg,eflg,kalg,lgin,lgot,selg","","",""
"ROM/46/0.DAT","9440","18","6","0","0","chlg,eflg,kalg,lgin,lgot,selg","","",""
"ROM/46/1.DAT","14672","18","6","0","0","chlg,eflg,kalg,lgin,lgot,selg","","",""
"ROM/46/100.DAT","41616","29","6","0","0","ksng,vatk,vdam,vded,vsng,vswy","","",""
"ROM/46/101.DAT","41616","29","6","0","0","ksng,vatk,vdam,vded,vsng,vswy","","",""
"ROM/46/102.DAT","40736","28","6","0","0","ksng,vatk,vdam,vded,vsng,vswy","","",""
"ROM/46/103.DAT","40736","28","6","0","0","ksng,vatk,vdam,vded,vsng,vswy","","",""
"ROM/46/104.DAT","41744","28","6","0","0","ksng,vatk,vdam,vded,vsng,vswy","","",""
"ROM/46/105.DAT","41744","28","6","0","0","ksng,vatk,vdam,vded,vsng,vswy","","",""
"ROM/46/106.DAT","39616","28","6","0","0","ksng,vatk,vdam,vded,vsng,vswy","","",""
"ROM/46/107.DAT","39616","28","6","0","0","ksng,vatk,vdam,vded,vsng,vswy","","",""
"ROM/46/108.DAT","42288","29","6","0","0","ksng,vatk,vdam,vded,vsng,vswy","","",""
"ROM/46/109.DAT","42288","29","6","0","0","ksng,vatk,vdam,vded,vsng,vswy","","",""
"ROM/46/110.DAT","40080","28","6","0","0","ksng,vatk,vdam,vded,vsng,vswy","","",""
"ROM/46/111.DAT","40080","28","6","0","0","ksng,vatk,vdam,vded,vsng,vswy","","",""
"ROM/46/112.DAT","41488","28","6","0","0","ksng,vatk,vdam,vded,vsng,vswy","","",""
"ROM/46/113.DAT","41488","28","6","0","0","ksng,vatk,vdam,vded,vsng,vswy","","",""
"ROM/46/2.DAT","14672","18","6","0","0","chlg,eflg,kalg,lgin,lgot,selg","","",""
"ROM/46/3.DAT","14672","18","6","0","0","chlg,eflg,kalg,lgin,lgot,selg","","",""
"ROM/46/98.DAT","40208","28","6","0","0","ksng,vatk,vdam,vded,vsng,vswy","","",""
"ROM/46/99.DAT","40208","28","6","0","0","ksng,vatk,vdam,vded,vsng,vswy","","",""
"ROM/50/89.DAT","9328","18","6","0","0","chlg,eflg,kalg,lgin,lgot,selg","","",""
"ROM/50/90.DAT","9440","18","6","0","0","chlg,eflg,kalg,lgin,lgot,selg","","",""
"ROM/50/91.DAT","14672","18","6","0","0","chlg,eflg,kalg,lgin,lgot,selg","","",""
"ROM/50/92.DAT","14672","18","6","0","0","chlg,eflg,kalg,lgin,lgot,selg","","",""
"ROM/50/93.DAT","14672","18","6","0","0","chlg,eflg,kalg,lgin,lgot,selg","","",""
"ROM/51/100.DAT","33392","28","6","0","0","ksng,vatk,vdam,vded,vsng,vswy","","",""
"ROM/51/101.DAT","33392","28","6","0","0","ksng,vatk,vdam,vded,vsng,vswy","","",""
"ROM/51/102.DAT","33536","28","6","0","0","ksng,vatk,vdam,vded,vsng,vswy","","",""
"ROM/51/103.DAT","33536","28","6","0","0","ksng,vatk,vdam,vded,vsng,vswy","","",""
"ROM/51/104.DAT","34912","29","6","0","0","ksng,vatk,vdam,vded,vsng,vswy","","",""
"ROM/51/105.DAT","34912","29","6","0","0","ksng,vatk,vdam,vded,vsng,vswy","","",""
"ROM/51/106.DAT","33920","28","6","0","0","ksng,vatk,vdam,vded,vsng,vswy","","",""
"ROM/51/107.DAT","33648","28","6","0","0","ksng,vatk,vdam,vded,vsng,vswy","","",""
"ROM/51/108.DAT","33424","28","6","0","0","ksng,vatk,vdam,vded,vsng,vswy","","",""
"ROM/51/109.DAT","33424","28","6","0","0","ksng,vatk,vdam,vded,vsng,vswy","","",""
"ROM/51/55.DAT","41408","28","6","0","0","ksng,vatk,vdam,vded,vsng,vswy","","",""
"ROM/51/56.DAT","41408","28","6","0","0","ksng,vatk,vdam,vded,vsng,vswy","","",""
"ROM/51/57.DAT","41952","28","6","0","0","ksng,vatk,vdam,vded,vsng,vswy","","",""
"ROM/51/58.DAT","41952","28","6","0","0","ksng,vatk,vdam,vded,vsng,vswy","","",""
"ROM/51/59.DAT","41472","28","6","0","0","ksng,vatk,vdam,vded,vsng,vswy","","",""
"ROM/51/60.DAT","41472","28","6","0","0","ksng,vatk,vdam,vded,vsng,vswy","","",""
"ROM/51/61.DAT","39792","28","6","0","0","ksng,vatk,vdam,vded,vsng,vswy","","",""
"ROM/51/62.DAT","39792","28","6","0","0","ksng,vatk,vdam,vded,vsng,vswy","","",""
"ROM/51/63.DAT","41952","28","6","0","0","ksng,vatk,vdam,vded,vsng,vswy","","",""
"ROM/51/64.DAT","41952","28","6","0","0","ksng,vatk,vdam,vded,vsng,vswy","","",""
"ROM/51/65.DAT","42032","28","6","0","0","ksng,vatk,vdam,vded,vsng,vswy","","",""
"ROM/51/66.DAT","42032","28","6","0","0","ksng,vatk,vdam,vded,vsng,vswy","","",""
"ROM/51/67.DAT","41488","28","6","0","0","ksng,vatk,vdam,vded,vsng,vswy","","",""
"ROM/51/68.DAT","41568","28","6","0","0","ksng,vatk,vdam,vded,vsng,vswy","","",""
"ROM/51/69.DAT","39360","28","6","0","0","ksng,vatk,vdam,vded,vsng,vswy","","",""
"ROM/51/70.DAT","39360","28","6","0","0","ksng,vatk,vdam,vded,vsng,vswy","","",""
"ROM/51/94.DAT","32208","28","6","0","0","ksng,vatk,vdam,vded,vsng,vswy","","",""
"ROM/51/95.DAT","32208","28","6","0","0","ksng,vatk,vdam,vded,vsng,vswy","","",""
"ROM/51/96.DAT","32720","28","6","0","0","ksng,vatk,vdam,vded,vsng,vswy","","",""
"ROM/51/97.DAT","32720","28","6","0","0","ksng,vatk,vdam,vded,vsng,vswy","","",""
"ROM/51/98.DAT","33072","28","6","0","0","ksng,vatk,vdam,vded,vsng,vswy","","",""
"ROM/51/99.DAT","33072","28","6","0","0","ksng,vatk,vdam,vded,vsng,vswy","","",""
"ROM/55/84.DAT","9328","18","6","0","0","chlg,eflg,kalg,lgin,lgot,selg","","",""
"ROM/55/85.DAT","9440","18","6","0","0","chlg,eflg,kalg,lgin,lgot,selg","","",""
"ROM/55/86.DAT","14672","18","6","0","0","chlg,eflg,kalg,lgin,lgot,selg","","",""
"ROM/55/87.DAT","14672","18","6","0","0","chlg,eflg,kalg,lgin,lgot,selg","","",""
"ROM/55/88.DAT","14672","18","6","0","0","chlg,eflg,kalg,lgin,lgot,selg","","",""
"ROM/56/64.DAT","30160","28","6","0","0","ksng,vatk,vdam,vded,vsng,vswy","","",""
"ROM/56/65.DAT","30160","28","6","0","0","ksng,vatk,vdam,vded,vsng,vswy","","",""
"ROM/56/66.DAT","29824","28","6","0","0","ksng,vatk,vdam,vded,vsng,vswy","","",""
"ROM/56/67.DAT","29824","28","6","0","0","ksng,vatk,vdam,vded,vsng,vswy","","",""
"ROM/56/68.DAT","29648","28","6","0","0","ksng,vatk,vdam,vded,vsng,vswy","","",""
"ROM/56/69.DAT","29648","28","6","0","0","ksng,vatk,vdam,vded,vsng,vswy","","",""
"ROM/56/70.DAT","28992","28","6","0","0","ksng,vatk,vdam,vded,vsng,vswy","","",""
"ROM/56/71.DAT","28992","28","6","0","0","ksng,vatk,vdam,vded,vsng,vswy","","",""
"ROM/56/72.DAT","30880","28","6","0","0","ksng,vatk,vdam,vded,vsng,vswy","","",""
"ROM/56/73.DAT","30880","28","6","0","0","ksng,vatk,vdam,vded,vsng,vswy","","",""
"ROM/56/74.DAT","31232","28","6","0","0","ksng,vatk,vdam,vded,vsng,vswy","","",""
"ROM/56/75.DAT","31232","28","6","0","0","ksng,vatk,vdam,vded,vsng,vswy","","",""
"ROM/56/76.DAT","29792","28","6","0","0","ksng,vatk,vdam,vded,vsng,vswy","","",""
"ROM/56/77.DAT","29792","28","6","0","0","ksng,vatk,vdam,vded,vsng,vswy","","",""
"ROM/56/78.DAT","29472","28","6","0","0","ksng,vatk,vdam,vded,vsng,vswy","","",""
"ROM/56/79.DAT","29472","28","6","0","0","ksng,vatk,vdam,vded,vsng,vswy","","",""
"ROM/60/54.DAT","9328","18","6","0","0","chlg,eflg,kalg,lgin,lgot,selg","","",""
"ROM/60/55.DAT","9440","18","6","0","0","chlg,eflg,kalg,lgin,lgot,selg","","",""
"ROM/60/56.DAT","14672","18","6","0","0","chlg,eflg,kalg,lgin,lgot,selg","","",""
"ROM/60/57.DAT","14672","18","6","0","0","chlg,eflg,kalg,lgin,lgot,selg","","",""
"ROM/60/58.DAT","14672","18","6","0","0","chlg,eflg,kalg,lgin,lgot,selg","","",""
"ROM/29/100.DAT","10832","16","5","0","0","ef h,se h,sinr,skaz,sotr","","",""
"ROM/29/101.DAT","10832","16","5","0","0","ef h,se h,sinr,skaz,sotr","","",""
"ROM/29/102.DAT","11424","16","5","0","0","ef h,se h,sinr,skaz,sotr","","",""
"ROM/29/103.DAT","11424","16","5","0","0","ef h,se h,sinr,skaz,sotr","","",""
"ROM/29/104.DAT","11424","16","5","0","0","ef h,se h,sinr,skaz,sotr","","",""
"ROM/29/105.DAT","11424","16","5","0","0","ef h,se h,sinr,skaz,sotr","","",""
"ROM/29/106.DAT","11424","16","5","0","0","ef h,se h,sinr,skaz,sotr","","",""
"ROM/29/107.DAT","12112","16","5","0","0","ef h,se h,sinr,skaz,sotr","","",""
"ROM/29/108.DAT","12112","16","5","0","0","ef h,se h,sinr,skaz,sotr","","",""
"ROM/29/109.DAT","12704","16","5","0","0","ef h,se h,sinr,skaz,sotr","","",""
"ROM/29/110.DAT","12704","16","5","0","0","ef h,se h,sinr,skaz,sotr","","",""
"ROM/29/111.DAT","12704","16","5","0","0","ef h,se h,sinr,skaz,sotr","","",""
"ROM/29/112.DAT","12704","16","5","0","0","ef h,se h,sinr,skaz,sotr","","",""
"ROM/29/113.DAT","13024","16","5","0","0","ef h,se h,sinr,skaz,sotr","","",""
"ROM/29/114.DAT","13024","16","5","0","0","ef h,se h,sinr,skaz,sotr","","",""
"ROM/29/115.DAT","13024","16","5","0","0","ef h,se h,sinr,skaz,sotr","","",""
"ROM/29/116.DAT","14128","16","5","0","0","ef h,se h,sinr,skaz,sotr","","",""
"ROM/29/117.DAT","11872","16","5","0","0","ef h,se h,sinr,skaz,sotr","","",""
"ROM/29/118.DAT","11872","16","5","0","0","ef h,se h,sinr,skaz,sotr","","",""
"ROM/29/119.DAT","11872","16","5","0","0","ef h,se h,sinr,skaz,sotr","","",""
"ROM/29/120.DAT","11872","16","5","0","0","ef h,se h,sinr,skaz,sotr","","",""
"ROM/29/121.DAT","9760","16","5","0","0","ef h,se h,sinr,skaz,sotr","","",""
"ROM/29/122.DAT","9760","16","5","0","0","ef h,se h,sinr,skaz,sotr","","",""
"ROM/29/123.DAT","13040","16","5","0","0","ef h,se h,sinr,skaz,sotr","","",""
"ROM/29/124.DAT","11920","16","5","0","0","ef h,se h,sinr,skaz,sotr","","",""
"ROM/29/125.DAT","11920","16","5","0","0","ef h,se h,sinr,skaz,sotr","","",""
"ROM/29/126.DAT","13568","16","5","0","0","ef h,se h,sinr,skaz,sotr","","",""
"ROM/29/127.DAT","13568","16","5","0","0","ef h,se h,sinr,skaz,sotr","","",""
"ROM/29/20.DAT","1616","13","5","0","0","ef h,se h,sinr,skaz,sotr","","",""
"ROM/29/21.DAT","11792","14","5","0","0","ef h,se h,sinr,skaz,sotr","","",""
"ROM/29/22.DAT","10352","14","5","0","0","ef h,se h,sinr,skaz,sotr","","",""
"ROM/29/23.DAT","9152","14","5","0","0","ef h,se h,sinr,skaz,sotr","","",""
"ROM/29/24.DAT","12240","16","5","0","0","ef h,se h,sinr,skaz,sotr","","",""
"ROM/29/25.DAT","12752","14","5","0","0","ef h,se h,sinr,skaz,sotr","","",""
"ROM/29/26.DAT","13072","14","5","0","0","ef h,se h,sinr,skaz,sotr","","",""
"ROM/29/27.DAT","14224","14","5","0","0","ef h,se h,sinr,skaz,sotr","","",""
"ROM/29/28.DAT","10928","14","5","0","0","ef h,se h,sinr,skaz,sotr","","",""
"ROM/29/29.DAT","13616","14","5","0","0","ef h,se h,sinr,skaz,sotr","","",""
"ROM/29/30.DAT","11504","14","5","0","0","ef h,se h,sinr,skaz,sotr","","",""
"ROM/29/31.DAT","10160","14","5","0","0","ef h,se h,sinr,skaz,sotr","","",""
"ROM/29/32.DAT","13152","14","5","0","0","ef h,se h,sinr,skaz,sotr","","",""
"ROM/29/33.DAT","10848","14","5","0","0","ef h,se h,sinr,skaz,sotr","","",""
"ROM/29/34.DAT","9952","14","5","0","0","ef h,se h,sinr,skaz,sotr","","",""
"ROM/29/35.DAT","1616","13","5","0","0","ef h,se h,sinr,skaz,sotr","","",""
"ROM/29/36.DAT","12688","16","5","0","0","ef h,se h,sinr,skaz,sotr","","",""
"ROM/29/37.DAT","12848","16","5","0","0","ef h,se h,sinr,skaz,sotr","","",""
"ROM/29/38.DAT","12848","16","5","0","0","ef h,se h,sinr,skaz,sotr","","",""
"ROM/29/39.DAT","12848","16","5","0","0","ef h,se h,sinr,skaz,sotr","","",""
"ROM/29/40.DAT","12848","16","5","0","0","ef h,se h,sinr,skaz,sotr","","",""
"ROM/29/41.DAT","14048","16","5","0","0","ef h,se h,sinr,skaz,sotr","","",""
"ROM/29/42.DAT","14912","16","5","0","0","ef h,se h,sinr,skaz,sotr","","",""
"ROM/29/43.DAT","14912","16","5","0","0","ef h,se h,sinr,skaz,sotr","","",""
"ROM/29/44.DAT","14912","16","5","0","0","ef h,se h,sinr,skaz,sotr","","",""
"ROM/29/45.DAT","14912","16","5","0","0","ef h,se h,sinr,skaz,sotr","","",""
"ROM/29/46.DAT","16688","16","5","0","0","ef h,se h,sinr,skaz,sotr","","",""
"ROM/29/47.DAT","16688","16","5","0","0","ef h,se h,sinr,skaz,sotr","","",""
"ROM/29/48.DAT","16688","16","5","0","0","ef h,se h,sinr,skaz,sotr","","",""
"ROM/29/49.DAT","13296","16","5","0","0","ef h,se h,sinr,skaz,sotr","","",""
"ROM/29/50.DAT","13072","16","5","0","0","ef h,se h,sinr,skaz,sotr","","",""
"ROM/29/51.DAT","13296","16","5","0","0","ef h,se h,sinr,skaz,sotr","","",""
"ROM/29/52.DAT","13296","16","5","0","0","ef h,se h,sinr,skaz,sotr","","",""
"ROM/29/53.DAT","13296","16","5","0","0","ef h,se h,sinr,skaz,sotr","","",""
"ROM/29/54.DAT","12368","16","5","0","0","ef h,se h,sinr,skaz,sotr","","",""
"ROM/29/55.DAT","12368","16","5","0","0","ef h,se h,sinr,skaz,sotr","","",""
"ROM/29/56.DAT","12368","16","5","0","0","ef h,se h,sinr,skaz,sotr","","",""
"ROM/29/57.DAT","14544","16","5","0","0","ef h,se h,sinr,skaz,sotr","","",""
"ROM/29/58.DAT","12288","16","5","0","0","ef h,se h,sinr,skaz,sotr","","",""
"ROM/29/59.DAT","12736","16","5","0","0","ef h,se h,sinr,skaz,sotr","","",""
"ROM/29/60.DAT","12736","16","5","0","0","ef h,se h,sinr,skaz,sotr","","",""
"ROM/29/61.DAT","12736","16","5","0","0","ef h,se h,sinr,skaz,sotr","","",""
"ROM/29/62.DAT","12736","16","5","0","0","ef h,se h,sinr,skaz,sotr","","",""
"ROM/29/63.DAT","12736","16","5","0","0","ef h,se h,sinr,skaz,sotr","","",""
"ROM/29/64.DAT","10896","16","5","0","0","ef h,se h,sinr,skaz,sotr","","",""
"ROM/29/65.DAT","14320","16","5","0","0","ef h,se h,sinr,skaz,sotr","","",""
"ROM/29/66.DAT","14320","16","5","0","0","ef h,se h,sinr,skaz,sotr","","",""
"ROM/29/67.DAT","14320","16","5","0","0","ef h,se h,sinr,skaz,sotr","","",""
"ROM/29/68.DAT","14320","16","5","0","0","ef h,se h,sinr,skaz,sotr","","",""
"ROM/29/69.DAT","16768","16","5","0","0","ef h,se h,sinr,skaz,sotr","","",""
"ROM/29/70.DAT","18080","16","5","0","0","ef h,se h,sinr,skaz,sotr","","",""
"ROM/29/71.DAT","18080","16","5","0","0","ef h,se h,sinr,skaz,sotr","","",""
"ROM/29/72.DAT","22064","16","5","0","0","ef h,se h,sinr,skaz,sotr","","",""
"ROM/29/73.DAT","11024","16","5","0","0","ef h,se h,sinr,skaz,sotr","","",""
"ROM/29/74.DAT","11024","16","5","0","0","ef h,se h,sinr,skaz,sotr","","",""
"ROM/29/75.DAT","12480","16","5","0","0","ef h,se h,sinr,skaz,sotr","","",""
"ROM/29/76.DAT","12480","16","5","0","0","ef h,se h,sinr,skaz,sotr","","",""
"ROM/29/77.DAT","12480","16","5","0","0","ef h,se h,sinr,skaz,sotr","","",""
"ROM/29/78.DAT","12480","16","5","0","0","ef h,se h,sinr,skaz,sotr","","",""
"ROM/29/79.DAT","12480","16","5","0","0","ef h,se h,sinr,skaz,sotr","","",""
"ROM/29/80.DAT","12480","16","5","0","0","ef h,se h,sinr,skaz,sotr","","",""
"ROM/29/81.DAT","10896","16","5","0","0","ef h,se h,sinr,skaz,sotr","","",""
"ROM/29/82.DAT","10896","16","5","0","0","ef h,se h,sinr,skaz,sotr","","",""
"ROM/29/83.DAT","12176","16","5","0","0","ef h,se h,sinr,skaz,sotr","","",""
"ROM/29/84.DAT","12176","16","5","0","0","ef h,se h,sinr,skaz,sotr","","",""
"ROM/29/85.DAT","16560","16","5","0","0","ef h,se h,sinr,skaz,sotr","","",""
"ROM/29/86.DAT","16560","16","5","0","0","ef h,se h,sinr,skaz,sotr","","",""
"ROM/29/87.DAT","16560","16","5","0","0","ef h,se h,sinr,skaz,sotr","","",""
"ROM/29/88.DAT","16560","16","5","0","0","ef h,se h,sinr,skaz,sotr","","",""
"ROM/29/89.DAT","16560","16","5","0","0","ef h,se h,sinr,skaz,sotr","","",""
"ROM/29/90.DAT","11888","16","5","0","0","ef h,se h,sinr,skaz,sotr","","",""
"ROM/29/91.DAT","11920","16","5","0","0","ef h,se h,sinr,skaz,sotr","","",""
"ROM/29/92.DAT","11920","16","5","0","0","ef h,se h,sinr,skaz,sotr","","",""
"ROM/29/93.DAT","11920","16","5","0","0","ef h,se h,sinr,skaz,sotr","","",""
"ROM/29/94.DAT","12288","16","5","0","0","ef h,se h,sinr,skaz,sotr","","",""
"ROM/29/95.DAT","12288","16","5","0","0","ef h,se h,sinr,skaz,sotr","","",""
"ROM/29/96.DAT","12288","16","5","0","0","ef h,se h,sinr,skaz,sotr","","",""
"ROM/29/97.DAT","12288","16","5","0","0","ef h,se h,sinr,skaz,sotr","","",""
"ROM/29/98.DAT","12288","16","5","0","0","ef h,se h,sinr,skaz,sotr","","",""
"ROM/29/99.DAT","10832","16","5","0","0","ef h,se h,sinr,skaz,sotr","","",""
"ROM/30/0.DAT","13568","16","5","0","0","ef h,se h,sinr,skaz,sotr","","",""
"ROM/30/1.DAT","13568","16","5","0","0","ef h,se h,sinr,skaz,sotr","","",""
"ROM/30/10.DAT","11152","16","5","0","0","ef h,se h,sinr,skaz,sotr","","",""
"ROM/30/100.DAT","11296","16","5","0","0","ef h,se h,sinr,skaz,sotr","","",""
"ROM/30/101.DAT","11296","16","5","0","0","ef h,se h,sinr,skaz,sotr","","",""
"ROM/30/102.DAT","11296","16","5","0","0","ef h,se h,sinr,skaz,sotr","","",""
"ROM/30/103.DAT","11296","16","5","0","0","ef h,se h,sinr,skaz,sotr","","",""
"ROM/30/104.DAT","13920","16","5","0","0","ef h,se h,sinr,skaz,sotr","","",""
"ROM/30/105.DAT","13920","16","5","0","0","ef h,se h,sinr,skaz,sotr","","",""
"ROM/30/106.DAT","13920","16","5","0","0","ef h,se h,sinr,skaz,sotr","","",""
"ROM/30/107.DAT","13920","16","5","0","0","ef h,se h,sinr,skaz,sotr","","",""
"ROM/30/108.DAT","13920","16","5","0","0","ef h,se h,sinr,skaz,sotr","","",""
"ROM/30/109.DAT","15072","16","5","0","0","ef h,se h,sinr,skaz,sotr","","",""
"ROM/30/11.DAT","11152","16","5","0","0","ef h,se h,sinr,skaz,sotr","","",""
"ROM/30/110.DAT","15072","16","5","0","0","ef h,se h,sinr,skaz,sotr","","",""
"ROM/30/111.DAT","15072","16","5","0","0","ef h,se h,sinr,skaz,sotr","","",""
"ROM/30/112.DAT","11840","16","5","0","0","ef h,se h,sinr,skaz,sotr","","",""
"ROM/30/113.DAT","566720","16","5","0","0","ef h,se h,sinr,skaz,sotr","","",""
"ROM/30/113_backup.DAT","11840","16","5","0","0","ef h,se h,sinr,skaz,sotr","","",""
"ROM/30/114.DAT","11840","16","5","0","0","ef h,se h,sinr,skaz,sotr","","",""
"ROM/30/115.DAT","11840","16","5","0","0","ef h,se h,sinr,skaz,sotr","","",""
"ROM/30/116.DAT","11840","16","5","0","0","ef h,se h,sinr,skaz,sotr","","",""
"ROM/30/117.DAT","13200","16","5","0","0","ef h,se h,sinr,skaz,sotr","","",""
"ROM/30/118.DAT","13200","16","5","0","0","ef h,se h,sinr,skaz,sotr","","",""
"ROM/30/119.DAT","14448","16","5","0","0","ef h,se h,sinr,skaz,sotr","","",""
"ROM/30/12.DAT","11152","16","5","0","0","ef h,se h,sinr,skaz,sotr","","",""
"ROM/30/120.DAT","14448","16","5","0","0","ef h,se h,sinr,skaz,sotr","","",""
"ROM/30/121.DAT","14448","16","5","0","0","ef h,se h,sinr,skaz,sotr","","",""
"ROM/30/122.DAT","14448","16","5","0","0","ef h,se h,sinr,skaz,sotr","","",""
"ROM/30/123.DAT","16032","16","5","0","0","ef h,se h,sinr,skaz,sotr","","",""
"ROM/30/124.DAT","16032","16","5","0","0","ef h,se h,sinr,skaz,sotr","","",""
"ROM/30/125.DAT","16032","16","5","0","0","ef h,se h,sinr,skaz,sotr","","",""
"ROM/30/127.DAT","15584","16","5","0","0","ef h,se h,sinr,skaz,sotr","","",""
"ROM/30/13.DAT","12768","16","5","0","0","ef h,se h,sinr,skaz,sotr","","",""
"ROM/30/14.DAT","12768","16","5","0","0","ef h,se h,sinr,skaz,sotr","","",""
"ROM/30/15.DAT","12768","16","5","0","0","ef h,se h,sinr,skaz,sotr","","",""
"ROM/30/16.DAT","13440","16","5","0","0","ef h,se h,sinr,skaz,sotr","","",""
"ROM/30/17.DAT","13440","16","5","0","0","ef h,se h,sinr,skaz,sotr","","",""
"ROM/30/18.DAT","13440","16","5","0","0","ef h,se h,sinr,skaz,sotr","","",""
"ROM/30/19.DAT","13440","16","5","0","0","ef h,se h,sinr,skaz,sotr","","",""
"ROM/30/2.DAT","10448","16","5","0","0","ef h,se h,sinr,skaz,sotr","","",""
"ROM/30/20.DAT","14752","16","5","0","0","ef h,se h,sinr,skaz,sotr","","",""
"ROM/30/21.DAT","14752","16","5","0","0","ef h,se h,sinr,skaz,sotr","","",""
"ROM/30/22.DAT","12624","16","5","0","0","ef h,se h,sinr,skaz,sotr","","",""
"ROM/30/23.DAT","12576","16","5","0","0","ef h,se h,sinr,skaz,sotr","","",""
"ROM/30/24.DAT","12960","16","5","0","0","ef h,se h,sinr,skaz,sotr","","",""
"ROM/30/25.DAT","10528","16","5","0","0","ef h,se h,sinr,skaz,sotr","","",""
"ROM/30/26.DAT","12160","16","5","0","0","ef h,se h,sinr,skaz,sotr","","",""
"ROM/30/27.DAT","11312","16","5","0","0","ef h,se h,sinr,skaz,sotr","","",""
"ROM/30/28.DAT","11312","16","5","0","0","ef h,se h,sinr,skaz,sotr","","",""
"ROM/30/29.DAT","11312","16","5","0","0","ef h,se h,sinr,skaz,sotr","","",""
"ROM/30/3.DAT","10448","16","5","0","0","ef h,se h,sinr,skaz,sotr","","",""
"ROM/30/30.DAT","12112","16","5","0","0","ef h,se h,sinr,skaz,sotr","","",""
"ROM/30/31.DAT","12112","16","5","0","0","ef h,se h,sinr,skaz,sotr","","",""
"ROM/30/32.DAT","12096","16","5","0","0","ef h,se h,sinr,skaz,sotr","","",""
"ROM/30/33.DAT","12096","16","5","0","0","ef h,se h,sinr,skaz,sotr","","",""
"ROM/30/34.DAT","12096","16","5","0","0","ef h,se h,sinr,skaz,sotr","","",""
"ROM/30/35.DAT","12560","16","5","0","0","ef h,se h,sinr,skaz,sotr","","",""
"ROM/30/36.DAT","12560","16","5","0","0","ef h,se h,sinr,skaz,sotr","","",""
"ROM/30/37.DAT","12560","16","5","0","0","ef h,se h,sinr,skaz,sotr","","",""
"ROM/30/38.DAT","12560","16","5","0","0","ef h,se h,sinr,skaz,sotr","","",""
"ROM/30/39.DAT","11120","16","5","0","0","ef h,se h,sinr,skaz,sotr","","",""
"ROM/30/4.DAT","10448","16","5","0","0","ef h,se h,sinr,skaz,sotr","","",""
"ROM/30/40.DAT","11040","16","5","0","0","ef h,se h,sinr,skaz,sotr","","",""
"ROM/30/41.DAT","11120","16","5","0","0","ef h,se h,sinr,skaz,sotr","","",""
"ROM/30/42.DAT","12944","16","5","0","0","ef h,se h,sinr,skaz,sotr","","",""
"ROM/30/43.DAT","12944","16","5","0","0","ef h,se h,sinr,skaz,sotr","","",""
"ROM/30/44.DAT","12944","16","5","0","0","ef h,se h,sinr,skaz,sotr","","",""
"ROM/30/45.DAT","12944","16","5","0","0","ef h,se h,sinr,skaz,sotr","","",""
"ROM/30/46.DAT","15888","16","5","0","0","ef h,se h,sinr,skaz,sotr","","",""
"ROM/30/47.DAT","13920","16","5","0","0","ef h,se h,sinr,skaz,sotr","","",""
"ROM/30/48.DAT","14688","16","5","0","0","ef h,se h,sinr,skaz,sotr","","",""
"ROM/30/49.DAT","14688","16","5","0","0","ef h,se h,sinr,skaz,sotr","","",""
"ROM/30/5.DAT","10448","16","5","0","0","ef h,se h,sinr,skaz,sotr","","",""
"ROM/30/50.DAT","14688","16","5","0","0","ef h,se h,sinr,skaz,sotr","","",""
"ROM/30/51.DAT","14688","16","5","0","0","ef h,se h,sinr,skaz,sotr","","",""
"ROM/30/52.DAT","14688","16","5","0","0","ef h,se h,sinr,skaz,sotr","","",""
"ROM/30/53.DAT","14688","16","5","0","0","ef h,se h,sinr,skaz,sotr","","",""
"ROM/30/54.DAT","14896","16","5","0","0","ef h,se h,sinr,skaz,sotr","","",""
"ROM/30/55.DAT","14896","16","5","0","0","ef h,se h,sinr,skaz,sotr","","",""
"ROM/30/56.DAT","14896","16","5","0","0","ef h,se h,sinr,skaz,sotr","","",""
"ROM/30/57.DAT","14320","16","5","0","0","ef h,se h,sinr,skaz,sotr","","",""
"ROM/30/58.DAT","14320","16","5","0","0","ef h,se h,sinr,skaz,sotr","","",""
"ROM/30/59.DAT","15280","16","5","0","0","ef h,se h,sinr,skaz,sotr","","",""
"ROM/30/6.DAT","10448","16","5","0","0","ef h,se h,sinr,skaz,sotr","","",""
"ROM/30/60.DAT","15280","16","5","0","0","ef h,se h,sinr,skaz,sotr","","",""
"ROM/30/61.DAT","15856","16","5","0","0","ef h,se h,sinr,skaz,sotr","","",""
"ROM/30/62.DAT","15056","16","5","0","0","ef h,se h,sinr,skaz,sotr","","",""
"ROM/30/63.DAT","13200","16","5","0","0","ef h,se h,sinr,skaz,sotr","","",""
"ROM/30/64.DAT","13200","16","5","0","0","ef h,se h,sinr,skaz,sotr","","",""
"ROM/30/65.DAT","13200","16","5","0","0","ef h,se h,sinr,skaz,sotr","","",""
"ROM/30/66.DAT","9088","16","5","0","0","ef h,se h,sinr,skaz,sotr","","",""
"ROM/30/67.DAT","13200","16","5","0","0","ef h,se h,sinr,skaz,sotr","","",""
"ROM/30/68.DAT","13200","16","5","0","0","ef h,se h,sinr,skaz,sotr","","",""
"ROM/30/69.DAT","13200","16","5","0","0","ef h,se h,sinr,skaz,sotr","","",""
"ROM/30/7.DAT","10448","16","5","0","0","ef h,se h,sinr,skaz,sotr","","",""
"ROM/30/70.DAT","11856","16","5","0","0","ef h,se h,sinr,skaz,sotr","","",""
"ROM/30/71.DAT","11856","16","5","0","0","ef h,se h,sinr,skaz,sotr","","",""
"ROM/30/72.DAT","11856","16","5","0","0","ef h,se h,sinr,skaz,sotr","","",""
"ROM/30/73.DAT","11856","16","5","0","0","ef h,se h,sinr,skaz,sotr","","",""
"ROM/30/74.DAT","11856","16","5","0","0","ef h,se h,sinr,skaz,sotr","","",""
"ROM/30/75.DAT","11856","16","5","0","0","ef h,se h,sinr,skaz,sotr","","",""
"ROM/30/76.DAT","11856","16","5","0","0","ef h,se h,sinr,skaz,sotr","","",""
"ROM/30/77.DAT","11856","16","5","0","0","ef h,se h,sinr,skaz,sotr","","",""
"ROM/30/78.DAT","13488","16","5","0","0","ef h,se h,sinr,skaz,sotr","","",""
"ROM/30/79.DAT","12608","16","5","0","0","ef h,se h,sinr,skaz,sotr","","",""
"ROM/30/8.DAT","11152","16","5","0","0","ef h,se h,sinr,skaz,sotr","","",""
"ROM/30/80.DAT","12608","16","5","0","0","ef h,se h,sinr,skaz,sotr","","",""
"ROM/30/81.DAT","12608","16","5","0","0","ef h,se h,sinr,skaz,sotr","","",""
"ROM/30/82.DAT","12608","16","5","0","0","ef h,se h,sinr,skaz,sotr","","",""
"ROM/30/83.DAT","12608","16","5","0","0","ef h,se h,sinr,skaz,sotr","","",""
"ROM/30/84.DAT","12608","16","5","0","0","ef h,se h,sinr,skaz,sotr","","",""
"ROM/30/85.DAT","11184","16","5","0","0","ef h,se h,sinr,skaz,sotr","","",""
"ROM/30/86.DAT","14352","16","5","0","0","ef h,se h,sinr,skaz,sotr","","",""
"ROM/30/87.DAT","14560","16","5","0","0","ef h,se h,sinr,skaz,sotr","","",""
"ROM/30/88.DAT","14560","16","5","0","0","ef h,se h,sinr,skaz,sotr","","",""
"ROM/30/89.DAT","14560","16","5","0","0","ef h,se h,sinr,skaz,sotr","","",""
"ROM/30/9.DAT","11152","16","5","0","0","ef h,se h,sinr,skaz,sotr","","",""
"ROM/30/90.DAT","14560","16","5","0","0","ef h,se h,sinr,skaz,sotr","","",""
"ROM/30/91.DAT","14560","16","5","0","0","ef h,se h,sinr,skaz,sotr","","",""
"ROM/30/92.DAT","14560","16","5","0","0","ef h,se h,sinr,skaz,sotr","","",""
"ROM/30/93.DAT","14560","16","5","0","0","ef h,se h,sinr,skaz,sotr","","",""
"ROM/30/94.DAT","12288","16","5","0","0","ef h,se h,sinr,skaz,sotr","","",""
"ROM/30/95.DAT","12288","16","5","0","0","ef h,se h,sinr,skaz,sotr","","",""
"ROM/30/96.DAT","12288","16","5","0","0","ef h,se h,sinr,skaz,sotr","","",""
"ROM/30/97.DAT","12288","16","5","0","0","ef h,se h,sinr,skaz,sotr","","",""
"ROM/30/98.DAT","12288","16","5","0","0","ef h,se h,sinr,skaz,sotr","","",""
"ROM/30/99.DAT","13776","16","5","0","0","ef h,se h,sinr,skaz,sotr","","",""
"ROM/31/0.DAT","12144","16","5","0","0","ef h,se h,sinr,skaz,sotr","","",""
"ROM/31/1.DAT","12144","16","5","0","0","ef h,se h,sinr,skaz,sotr","","",""
"ROM/31/10.DAT","11584","16","5","0","0","ef h,se h,sinr,skaz,sotr","","",""
"ROM/31/100.DAT","12704","17","5","0","0","eflg,kalg,lgin,lgot,selg","","",""
"ROM/31/101.DAT","12704","17","5","0","0","eflg,kalg,lgin,lgot,selg","","",""
"ROM/31/102.DAT","12704","17","5","0","0","eflg,kalg,lgin,lgot,selg","","",""
"ROM/31/103.DAT","12704","17","5","0","0","eflg,kalg,lgin,lgot,selg","","",""
"ROM/31/104.DAT","12704","17","5","0","0","eflg,kalg,lgin,lgot,selg","","",""
"ROM/31/105.DAT","12704","17","5","0","0","eflg,kalg,lgin,lgot,selg","","",""
"ROM/31/106.DAT","12704","17","5","0","0","eflg,kalg,lgin,lgot,selg","","",""
"ROM/31/107.DAT","12704","17","5","0","0","eflg,kalg,lgin,lgot,selg","","",""
"ROM/31/108.DAT","12704","17","5","0","0","eflg,kalg,lgin,lgot,selg","","",""
"ROM/31/109.DAT","12704","17","5","0","0","eflg,kalg,lgin,lgot,selg","","",""
"ROM/31/11.DAT","11584","16","5","0","0","ef h,se h,sinr,skaz,sotr","","",""
"ROM/31/110.DAT","20144","17","5","0","0","eflg,kalg,lgin,lgot,selg","","",""
"ROM/31/111.DAT","12752","17","5","0","0","eflg,kalg,lgin,lgot,selg","","",""
"ROM/31/112.DAT","12752","17","5","0","0","eflg,kalg,lgin,lgot,selg","","",""
"ROM/31/113.DAT","12752","17","5","0","0","eflg,kalg,lgin,lgot,selg","","",""
"ROM/31/114.DAT","12752","17","5","0","0","eflg,kalg,lgin,lgot,selg","","",""
"ROM/31/115.DAT","12752","17","5","0","0","eflg,kalg,lgin,lgot,selg","","",""
"ROM/31/116.DAT","13280","16","5","0","0","eflg,kalg,lgin,lgot,selg","","",""
"ROM/31/117.DAT","13232","16","5","0","0","eflg,kalg,lgin,lgot,selg","","",""
"ROM/31/118.DAT","13184","16","5","0","0","eflg,kalg,lgin,lgot,selg","","",""
"ROM/31/119.DAT","13136","16","5","0","0","eflg,kalg,lgin,lgot,selg","","",""
"ROM/31/12.DAT","11632","16","5","0","0","ef h,se h,sinr,skaz,sotr","","",""
"ROM/31/120.DAT","15104","16","5","0","0","eflg,kalg,lgin,lgot,selg","","",""
"ROM/31/121.DAT","16496","16","5","0","0","eflg,kalg,lgin,lgot,selg","","",""
"ROM/31/122.DAT","12352","16","5","0","0","eflg,kalg,lgin,lgot,selg","","",""
"ROM/31/123.DAT","9968","16","5","0","0","eflg,kalg,lgin,lgot,selg","","",""
"ROM/31/124.DAT","9968","16","5","0","0","eflg,kalg,lgin,lgot,selg","","",""
"ROM/31/125.DAT","9968","16","5","0","0","eflg,kalg,lgin,lgot,selg","","",""
"ROM/31/126.DAT","10016","16","5","0","0","eflg,kalg,lgin,lgot,selg","","",""
"ROM/31/127.DAT","10832","16","5","0","0","eflg,kalg,lgin,lgot,selg","","",""
"ROM/31/13.DAT","13392","16","5","0","0","ef h,se h,sinr,skaz,sotr","","",""
"ROM/31/14.DAT","13392","16","5","0","0","ef h,se h,sinr,skaz,sotr","","",""
"ROM/31/15.DAT","13072","16","5","0","0","ef h,se h,sinr,skaz,sotr","","",""
"ROM/31/16.DAT","13072","16","5","0","0","ef h,se h,sinr,skaz,sotr","","",""
"ROM/31/17.DAT","13072","16","5","0","0","ef h,se h,sinr,skaz,sotr","","",""
"ROM/31/18.DAT","13072","16","5","0","0","ef h,se h,sinr,skaz,sotr","","",""
"ROM/31/19.DAT","13072","16","5","0","0","ef h,se h,sinr,skaz,sotr","","",""
"ROM/31/2.DAT","12928","16","5","0","0","ef h,se h,sinr,skaz,sotr","","",""
"ROM/31/20.DAT","13072","16","5","0","0","ef h,se h,sinr,skaz,sotr","","",""
"ROM/31/21.DAT","13072","16","5","0","0","ef h,se h,sinr,skaz,sotr","","",""
"ROM/31/22.DAT","15264","16","5","0","0","ef h,se h,sinr,skaz,sotr","","",""
"ROM/31/23.DAT","16272","16","5","0","0","ef h,se h,sinr,skaz,sotr","","",""
"ROM/31/24.DAT","15024","16","5","0","0","ef h,se h,sinr,skaz,sotr","","",""
"ROM/31/3.DAT","14400","16","5","0","0","ef h,se h,sinr,skaz,sotr","","",""
"ROM/31/4.DAT","16704","16","5","0","0","ef h,se h,sinr,skaz,sotr","","",""
"ROM/31/5.DAT","17568","16","5","0","0","ef h,se h,sinr,skaz,sotr","","",""
"ROM/31/6.DAT","10640","16","5","0","0","ef h,se h,sinr,skaz,sotr","","",""
"ROM/31/7.DAT","10640","16","5","0","0","ef h,se h,sinr,skaz,sotr","","",""
"ROM/31/8.DAT","10640","16","5","0","0","ef h,se h,sinr,skaz,sotr","","",""
"ROM/31/81.DAT","1680","15","5","0","0","eflg,kalg,lgin,lgot,selg","","",""
"ROM/31/82.DAT","1680","15","5","0","0","eflg,kalg,lgin,lgot,selg","","",""
"ROM/31/88.DAT","10592","16","5","0","0","eflg,kalg,lgin,lgot,selg","","",""
"ROM/31/89.DAT","9328","16","5","0","0","eflg,kalg,lgin,lgot,selg","","",""
"ROM/31/9.DAT","10640","16","5","0","0","ef h,se h,sinr,skaz,sotr","","",""
"ROM/31/90.DAT","13728","17","5","0","0","eflg,kalg,lgin,lgot,selg","","",""
"ROM/31/91.DAT","17392","17","5","0","0","eflg,kalg,lgin,lgot,selg","","",""
"ROM/31/92.DAT","17392","17","5","0","0","eflg,kalg,lgin,lgot,selg","","",""
"ROM/31/93.DAT","17392","17","5","0","0","eflg,kalg,lgin,lgot,selg","","",""
"ROM/31/94.DAT","17392","17","5","0","0","eflg,kalg,lgin,lgot,selg","","",""
"ROM/31/95.DAT","17392","17","5","0","0","eflg,kalg,lgin,lgot,selg","","",""
"ROM/31/96.DAT","17392","17","5","0","0","eflg,kalg,lgin,lgot,selg","","",""
"ROM/31/97.DAT","12704","17","5","0","0","eflg,kalg,lgin,lgot,selg","","",""
"ROM/31/98.DAT","12704","17","5","0","0","eflg,kalg,lgin,lgot,selg","","",""
"ROM/31/99.DAT","12704","17","5","0","0","eflg,kalg,lgin,lgot,selg","","",""
"ROM/32/0.DAT","10832","16","5","0","0","eflg,kalg,lgin,lgot,selg","","",""
"ROM/32/1.DAT","10832","16","5","0","0","eflg,kalg,lgin,lgot,selg","","",""
"ROM/32/10.DAT","14368","16","5","0","0","eflg,kalg,lgin,lgot,selg","","",""
"ROM/32/11.DAT","14368","16","5","0","0","eflg,kalg,lgin,lgot,selg","","",""
"ROM/32/12.DAT","14368","16","5","0","0","eflg,kalg,lgin,lgot,selg","","",""
"ROM/32/2.DAT","10832","16","5","0","0","eflg,kalg,lgin,lgot,selg","","",""
"ROM/32/3.DAT","14368","16","5","0","0","eflg,kalg,lgin,lgot,selg","","",""
"ROM/32/4.DAT","14368","16","5","0","0","eflg,kalg,lgin,lgot,selg","","",""
"ROM/32/5.DAT","14368","16","5","0","0","eflg,kalg,lgin,lgot,selg","","",""
"ROM/32/6.DAT","14368","16","5","0","0","eflg,kalg,lgin,lgot,selg","","",""
"ROM/32/7.DAT","14368","16","5","0","0","eflg,kalg,lgin,lgot,selg","","",""
"ROM/32/8.DAT","14368","16","5","0","0","eflg,kalg,lgin,lgot,selg","","",""
"ROM/32/9.DAT","14368","16","5","0","0","eflg,kalg,lgin,lgot,selg","","",""
"ROM/33/124.DAT","1600","13","5","0","0","ef h,se h,sinr,skaz,sotr","","",""
"ROM/33/125.DAT","11792","14","5","0","0","ef h,se h,sinr,skaz,sotr","","",""
"ROM/33/126.DAT","10128","14","5","0","0","ef h,se h,sinr,skaz,sotr","","",""
"ROM/33/127.DAT","8800","14","5","0","0","ef h,se h,sinr,skaz,sotr","","",""
"ROM/34/0.DAT","11904","14","5","0","0","ef h,se h,sinr,skaz,sotr","","",""
"ROM/34/1.DAT","12464","14","5","0","0","ef h,se h,sinr,skaz,sotr","","",""
"ROM/34/100.DAT","11920","16","5","0","0","ef h,se h,sinr,skaz,sotr","","",""
"ROM/34/101.DAT","11920","16","5","0","0","ef h,se h,sinr,skaz,sotr","","",""
"ROM/34/102.DAT","13568","16","5","0","0","ef h,se h,sinr,skaz,sotr","","",""
"ROM/34/103.DAT","13568","16","5","0","0","ef h,se h,sinr,skaz,sotr","","",""
"ROM/34/104.DAT","13568","16","5","0","0","ef h,se h,sinr,skaz,sotr","","",""
"ROM/34/105.DAT","13568","16","5","0","0","ef h,se h,sinr,skaz,sotr","","",""
"ROM/34/106.DAT","10448","16","5","0","0","ef h,se h,sinr,skaz,sotr","","",""
"ROM/34/107.DAT","10448","16","5","0","0","ef h,se h,sinr,skaz,sotr","","",""
"ROM/34/108.DAT","10448","16","5","0","0","ef h,se h,sinr,skaz,sotr","","",""
"ROM/34/109.DAT","10448","16","5","0","0","ef h,se h,sinr,skaz,sotr","","",""
"ROM/34/11.DAT","1600","13","5","0","0","ef h,se h,sinr,skaz,sotr","","",""
"ROM/34/110.DAT","10448","16","5","0","0","ef h,se h,sinr,skaz,sotr","","",""
"ROM/34/111.DAT","10448","16","5","0","0","ef h,se h,sinr,skaz,sotr","","",""
"ROM/34/112.DAT","11152","16","5","0","0","ef h,se h,sinr,skaz,sotr","","",""
"ROM/34/113.DAT","11152","16","5","0","0","ef h,se h,sinr,skaz,sotr","","",""
"ROM/34/114.DAT","11152","16","5","0","0","ef h,se h,sinr,skaz,sotr","","",""
"ROM/34/115.DAT","11152","16","5","0","0","ef h,se h,sinr,skaz,sotr","","",""
"ROM/34/116.DAT","11152","16","5","0","0","ef h,se h,sinr,skaz,sotr","","",""
"ROM/34/117.DAT","12768","16","5","0","0","ef h,se h,sinr,skaz,sotr","","",""
"ROM/34/118.DAT","12768","16","5","0","0","ef h,se h,sinr,skaz,sotr","","",""
"ROM/34/119.DAT","12768","16","5","0","0","ef h,se h,sinr,skaz,sotr","","",""
"ROM/34/12.DAT","12688","16","5","0","0","ef h,se h,sinr,skaz,sotr","","",""
"ROM/34/120.DAT","13440","16","5","0","0","ef h,se h,sinr,skaz,sotr","","",""
"ROM/34/121.DAT","13440","16","5","0","0","ef h,se h,sinr,skaz,sotr","","",""
"ROM/34/122.DAT","13440","16","5","0","0","ef h,se h,sinr,skaz,sotr","","",""
"ROM/34/123.DAT","13440","16","5","0","0","ef h,se h,sinr,skaz,sotr","","",""
"ROM/34/124.DAT","14752","16","5","0","0","ef h,se h,sinr,skaz,sotr","","",""
"ROM/34/125.DAT","14752","16","5","0","0","ef h,se h,sinr,skaz,sotr","","",""
"ROM/34/126.DAT","12624","16","5","0","0","ef h,se h,sinr,skaz,sotr","","",""
"ROM/34/127.DAT","12576","16","5","0","0","ef h,se h,sinr,skaz,sotr","","",""
"ROM/34/13.DAT","12848","16","5","0","0","ef h,se h,sinr,skaz,sotr","","",""
"ROM/34/14.DAT","12848","16","5","0","0","ef h,se h,sinr,skaz,sotr","","",""
"ROM/34/15.DAT","12848","16","5","0","0","ef h,se h,sinr,skaz,sotr","","",""
"ROM/34/16.DAT","12848","16","5","0","0","ef h,se h,sinr,skaz,sotr","","",""
"ROM/34/17.DAT","14048","16","5","0","0","ef h,se h,sinr,skaz,sotr","","",""
"ROM/34/18.DAT","14912","16","5","0","0","ef h,se h,sinr,skaz,sotr","","",""
"ROM/34/19.DAT","14912","16","5","0","0","ef h,se h,sinr,skaz,sotr","","",""
"ROM/34/2.DAT","12320","14","5","0","0","ef h,se h,sinr,skaz,sotr","","",""
"ROM/34/20.DAT","14912","16","5","0","0","ef h,se h,sinr,skaz,sotr","","",""
"ROM/34/21.DAT","14912","16","5","0","0","ef h,se h,sinr,skaz,sotr","","",""
"ROM/34/22.DAT","16688","16","5","0","0","ef h,se h,sinr,skaz,sotr","","",""
"ROM/34/23.DAT","16688","16","5","0","0","ef h,se h,sinr,skaz,sotr","","",""
"ROM/34/24.DAT","16688","16","5","0","0","ef h,se h,sinr,skaz,sotr","","",""
"ROM/34/25.DAT","13296","16","5","0","0","ef h,se h,sinr,skaz,sotr","","",""
"ROM/34/26.DAT","13072","16","5","0","0","ef h,se h,sinr,skaz,sotr","","",""
"ROM/34/27.DAT","13296","16","5","0","0","ef h,se h,sinr,skaz,sotr","","",""
"ROM/34/28.DAT","13296","16","5","0","0","ef h,se h,sinr,skaz,sotr","","",""
"ROM/34/29.DAT","13296","16","5","0","0","ef h,se h,sinr,skaz,sotr","","",""
"ROM/34/3.DAT","13200","14","5","0","0","ef h,se h,sinr,skaz,sotr","","",""
"ROM/34/30.DAT","12368","16","5","0","0","ef h,se h,sinr,skaz,sotr","","",""
"ROM/34/31.DAT","12368","16","5","0","0","ef h,se h,sinr,skaz,sotr","","",""
"ROM/34/32.DAT","12368","16","5","0","0","ef h,se h,sinr,skaz,sotr","","",""
"ROM/34/33.DAT","14544","16","5","0","0","ef h,se h,sinr,skaz,sotr","","",""
"ROM/34/34.DAT","12288","16","5","0","0","ef h,se h,sinr,skaz,sotr","","",""
"ROM/34/35.DAT","12736","16","5","0","0","ef h,se h,sinr,skaz,sotr","","",""
"ROM/34/36.DAT","12736","16","5","0","0","ef h,se h,sinr,skaz,sotr","","",""
"ROM/34/37.DAT","12736","16","5","0","0","ef h,se h,sinr,skaz,sotr","","",""
"ROM/34/38.DAT","12736","16","5","0","0","ef h,se h,sinr,skaz,sotr","","",""
"ROM/34/39.DAT","12736","16","5","0","0","ef h,se h,sinr,skaz,sotr","","",""
"ROM/34/4.DAT","10688","14","5","0","0","ef h,se h,sinr,skaz,sotr","","",""
"ROM/34/40.DAT","10896","16","5","0","0","ef h,se h,sinr,skaz,sotr","","",""
"ROM/34/41.DAT","14320","16","5","0","0","ef h,se h,sinr,skaz,sotr","","",""
"ROM/34/42.DAT","14320","16","5","0","0","ef h,se h,sinr,skaz,sotr","","",""
"ROM/34/43.DAT","14320","16","5","0","0","ef h,se h,sinr,skaz,sotr","","",""
"ROM/34/44.DAT","14320","16","5","0","0","ef h,se h,sinr,skaz,sotr","","",""
"ROM/34/45.DAT","16768","16","5","0","0","ef h,se h,sinr,skaz,sotr","","",""
"ROM/34/46.DAT","18080","16","5","0","0","ef h,se h,sinr,skaz,sotr","","",""
"ROM/34/47.DAT","18080","16","5","0","0","ef h,se h,sinr,skaz,sotr","","",""
"ROM/34/48.DAT","22064","16","5","0","0","ef h,se h,sinr,skaz,sotr","","",""
"ROM/34/49.DAT","11024","16","5","0","0","ef h,se h,sinr,skaz,sotr","","",""
"ROM/34/5.DAT","13200","14","5","0","0","ef h,se h,sinr,skaz,sotr","","",""
"ROM/34/50.DAT","11024","16","5","0","0","ef h,se h,sinr,skaz,sotr","","",""
"ROM/34/51.DAT","12480","16","5","0","0","ef h,se h,sinr,skaz,sotr","","",""
"ROM/34/52.DAT","12480","16","5","0","0","ef h,se h,sinr,skaz,sotr","","",""
"ROM/34/53.DAT","12480","16","5","0","0","ef h,se h,sinr,skaz,sotr","","",""
"ROM/34/54.DAT","12480","16","5","0","0","ef h,se h,sinr,skaz,sotr","","",""
"ROM/34/55.DAT","12480","16","5","0","0","ef h,se h,sinr,skaz,sotr","","",""
"ROM/34/56.DAT","12480","16","5","0","0","ef h,se h,sinr,skaz,sotr","","",""
"ROM/34/57.DAT","10896","16","5","0","0","ef h,se h,sinr,skaz,sotr","","",""
"ROM/34/58.DAT","10896","16","5","0","0","ef h,se h,sinr,skaz,sotr","","",""
"ROM/34/59.DAT","12176","16","5","0","0","ef h,se h,sinr,skaz,sotr","","",""
"ROM/34/6.DAT","11200","14","5","0","0","ef h,se h,sinr,skaz,sotr","","",""
"ROM/34/60.DAT","12176","16","5","0","0","ef h,se h,sinr,skaz,sotr","","",""
"ROM/34/61.DAT","16560","16","5","0","0","ef h,se h,sinr,skaz,sotr","","",""
"ROM/34/62.DAT","16560","16","5","0","0","ef h,se h,sinr,skaz,sotr","","",""
"ROM/34/63.DAT","16560","16","5","0","0","ef h,se h,sinr,skaz,sotr","","",""
"ROM/34/64.DAT","16560","16","5","0","0","ef h,se h,sinr,skaz,sotr","","",""
"ROM/34/65.DAT","16560","16","5","0","0","ef h,se h,sinr,skaz,sotr","","",""
"ROM/34/66.DAT","11888","16","5","0","0","ef h,se h,sinr,skaz,sotr","","",""
"ROM/34/67.DAT","11920","16","5","0","0","ef h,se h,sinr,skaz,sotr","","",""
"ROM/34/68.DAT","11920","16","5","0","0","ef h,se h,sinr,skaz,sotr","","",""
"ROM/34/69.DAT","11920","16","5","0","0","ef h,se h,sinr,skaz,sotr","","",""
"ROM/34/7.DAT","9616","14","5","0","0","ef h,se h,sinr,skaz,sotr","","",""
"ROM/34/70.DAT","12288","16","5","0","0","ef h,se h,sinr,skaz,sotr","","",""
"ROM/34/71.DAT","12288","16","5","0","0","ef h,se h,sinr,skaz,sotr","","",""
"ROM/34/72.DAT","12288","16","5","0","0","ef h,se h,sinr,skaz,sotr","","",""
"ROM/34/73.DAT","12288","16","5","0","0","ef h,se h,sinr,skaz,sotr","","",""
"ROM/34/74.DAT","12288","16","5","0","0","ef h,se h,sinr,skaz,sotr","","",""
"ROM/34/75.DAT","10832","16","5","0","0","ef h,se h,sinr,skaz,sotr","","",""
"ROM/34/76.DAT","10832","16","5","0","0","ef h,se h,sinr,skaz,sotr","","",""
"ROM/34/77.DAT","10832","16","5","0","0","ef h,se h,sinr,skaz,sotr","","",""
"ROM/34/78.DAT","11424","16","5","0","0","ef h,se h,sinr,skaz,sotr","","",""
"ROM/34/79.DAT","11424","16","5","0","0","ef h,se h,sinr,skaz,sotr","","",""
"ROM/34/8.DAT","12880","14","5","0","0","ef h,se h,sinr,skaz,sotr","","",""
"ROM/34/80.DAT","11424","16","5","0","0","ef h,se h,sinr,skaz,sotr","","",""
"ROM/34/81.DAT","11424","16","5","0","0","ef h,se h,sinr,skaz,sotr","","",""
"ROM/34/82.DAT","11424","16","5","0","0","ef h,se h,sinr,skaz,sotr","","",""
"ROM/34/83.DAT","12112","16","5","0","0","ef h,se h,sinr,skaz,sotr","","",""
"ROM/34/84.DAT","12112","16","5","0","0","ef h,se h,sinr,skaz,sotr","","",""
"ROM/34/85.DAT","12704","16","5","0","0","ef h,se h,sinr,skaz,sotr","","",""
"ROM/34/86.DAT","12704","16","5","0","0","ef h,se h,sinr,skaz,sotr","","",""
"ROM/34/87.DAT","12704","16","5","0","0","ef h,se h,sinr,skaz,sotr","","",""
"ROM/34/88.DAT","12704","16","5","0","0","ef h,se h,sinr,skaz,sotr","","",""
"ROM/34/89.DAT","13024","16","5","0","0","ef h,se h,sinr,skaz,sotr","","",""
"ROM/34/9.DAT","10080","14","5","0","0","ef h,se h,sinr,skaz,sotr","","",""
"ROM/34/90.DAT","13024","16","5","0","0","ef h,se h,sinr,skaz,sotr","","",""
"ROM/34/91.DAT","13024","16","5","0","0","ef h,se h,sinr,skaz,sotr","","",""
"ROM/34/92.DAT","14128","16","5","0","0","ef h,se h,sinr,skaz,sotr","","",""
"ROM/34/93.DAT","11872","16","5","0","0","ef h,se h,sinr,skaz,sotr","","",""
"ROM/34/94.DAT","11872","16","5","0","0","ef h,se h,sinr,skaz,sotr","","",""
"ROM/34/95.DAT","11872","16","5","0","0","ef h,se h,sinr,skaz,sotr","","",""
"ROM/34/96.DAT","11872","16","5","0","0","ef h,se h,sinr,skaz,sotr","","",""
"ROM/34/97.DAT","9760","16","5","0","0","ef h,se h,sinr,skaz,sotr","","",""
"ROM/34/98.DAT","9760","16","5","0","0","ef h,se h,sinr,skaz,sotr","","",""
"ROM/34/99.DAT","13040","16","5","0","0","ef h,se h,sinr,skaz,sotr","","",""
"ROM/35/0.DAT","12960","16","5","0","0","ef h,se h,sinr,skaz,sotr","","",""
"ROM/35/1.DAT","10528","16","5","0","0","ef h,se h,sinr,skaz,sotr","","",""
"ROM/35/10.DAT","12096","16","5","0","0","ef h,se h,sinr,skaz,sotr","","",""
"ROM/35/100.DAT","16032","16","5","0","0","ef h,se h,sinr,skaz,sotr","","",""
"ROM/35/101.DAT","16032","16","5","0","0","ef h,se h,sinr,skaz,sotr","","",""
"ROM/35/102.DAT","16032","16","5","0","0","ef h,se h,sinr,skaz,sotr","","",""
"ROM/35/103.DAT","15584","16","5","0","0","ef h,se h,sinr,skaz,sotr","","",""
"ROM/35/104.DAT","12144","16","5","0","0","ef h,se h,sinr,skaz,sotr","","",""
"ROM/35/105.DAT","12144","16","5","0","0","ef h,se h,sinr,skaz,sotr","","",""
"ROM/35/106.DAT","12928","16","5","0","0","ef h,se h,sinr,skaz,sotr","","",""
"ROM/35/107.DAT","14400","16","5","0","0","ef h,se h,sinr,skaz,sotr","","",""
"ROM/35/108.DAT","16704","16","5","0","0","ef h,se h,sinr,skaz,sotr","","",""
"ROM/35/109.DAT","17568","16","5","0","0","ef h,se h,sinr,skaz,sotr","","",""
"ROM/35/11.DAT","12560","16","5","0","0","ef h,se h,sinr,skaz,sotr","","",""
"ROM/35/110.DAT","10640","16","5","0","0","ef h,se h,sinr,skaz,sotr","","",""
"ROM/35/111.DAT","10640","16","5","0","0","ef h,se h,sinr,skaz,sotr","","",""
"ROM/35/112.DAT","10640","16","5","0","0","ef h,se h,sinr,skaz,sotr","","",""
"ROM/35/113.DAT","10640","16","5","0","0","ef h,se h,sinr,skaz,sotr","","",""
"ROM/35/114.DAT","11584","16","5","0","0","ef h,se h,sinr,skaz,sotr","","",""
"ROM/35/115.DAT","11584","16","5","0","0","ef h,se h,sinr,skaz,sotr","","",""
"ROM/35/116.DAT","11632","16","5","0","0","ef h,se h,sinr,skaz,sotr","","",""
"ROM/35/117.DAT","13392","16","5","0","0","ef h,se h,sinr,skaz,sotr","","",""
"ROM/35/118.DAT","13392","16","5","0","0","ef h,se h,sinr,skaz,sotr","","",""
"ROM/35/119.DAT","13072","16","5","0","0","ef h,se h,sinr,skaz,sotr","","",""
"ROM/35/12.DAT","12560","16","5","0","0","ef h,se h,sinr,skaz,sotr","","",""
"ROM/35/120.DAT","13072","16","5","0","0","ef h,se h,sinr,skaz,sotr","","",""
"ROM/35/121.DAT","13072","16","5","0","0","ef h,se h,sinr,skaz,sotr","","",""
"ROM/35/122.DAT","13072","16","5","0","0","ef h,se h,sinr,skaz,sotr","","",""
"ROM/35/123.DAT","13072","16","5","0","0","ef h,se h,sinr,skaz,sotr","","",""
"ROM/35/124.DAT","13072","16","5","0","0","ef h,se h,sinr,skaz,sotr","","",""
"ROM/35/125.DAT","13072","16","5","0","0","ef h,se h,sinr,skaz,sotr","","",""
"ROM/35/126.DAT","15264","16","5","0","0","ef h,se h,sinr,skaz,sotr","","",""
"ROM/35/127.DAT","16272","16","5","0","0","ef h,se h,sinr,skaz,sotr","","",""
"ROM/35/13.DAT","12560","16","5","0","0","ef h,se h,sinr,skaz,sotr","","",""
"ROM/35/14.DAT","12560","16","5","0","0","ef h,se h,sinr,skaz,sotr","","",""
"ROM/35/15.DAT","11120","16","5","0","0","ef h,se h,sinr,skaz,sotr","","",""
"ROM/35/16.DAT","11040","16","5","0","0","ef h,se h,sinr,skaz,sotr","","",""
"ROM/35/17.DAT","11120","16","5","0","0","ef h,se h,sinr,skaz,sotr","","",""
"ROM/35/18.DAT","12944","16","5","0","0","ef h,se h,sinr,skaz,sotr","","",""
"ROM/35/19.DAT","12944","16","5","0","0","ef h,se h,sinr,skaz,sotr","","",""
"ROM/35/2.DAT","12160","16","5","0","0","ef h,se h,sinr,skaz,sotr","","",""
"ROM/35/20.DAT","12944","16","5","0","0","ef h,se h,sinr,skaz,sotr","","",""
"ROM/35/21.DAT","12944","16","5","0","0","ef h,se h,sinr,skaz,sotr","","",""
"ROM/35/22.DAT","15888","16","5","0","0","ef h,se h,sinr,skaz,sotr","","",""
"ROM/35/23.DAT","13920","16","5","0","0","ef h,se h,sinr,skaz,sotr","","",""
"ROM/35/24.DAT","14688","16","5","0","0","ef h,se h,sinr,skaz,sotr","","",""
"ROM/35/25.DAT","14688","16","5","0","0","ef h,se h,sinr,skaz,sotr","","",""
"ROM/35/26.DAT","14688","16","5","0","0","ef h,se h,sinr,skaz,sotr","","",""
"ROM/35/27.DAT","14688","16","5","0","0","ef h,se h,sinr,skaz,sotr","","",""
"ROM/35/28.DAT","14688","16","5","0","0","ef h,se h,sinr,skaz,sotr","","",""
"ROM/35/29.DAT","14688","16","5","0","0","ef h,se h,sinr,skaz,sotr","","",""
"ROM/35/3.DAT","11312","16","5","0","0","ef h,se h,sinr,skaz,sotr","","",""
"ROM/35/30.DAT","14896","16","5","0","0","ef h,se h,sinr,skaz,sotr","","",""
"ROM/35/31.DAT","14896","16","5","0","0","ef h,se h,sinr,skaz,sotr","","",""
"ROM/35/32.DAT","14896","16","5","0","0","ef h,se h,sinr,skaz,sotr","","",""
"ROM/35/33.DAT","14320","16","5","0","0","ef h,se h,sinr,skaz,sotr","","",""
"ROM/35/34.DAT","14320","16","5","0","0","ef h,se h,sinr,skaz,sotr","","",""
"ROM/35/35.DAT","15280","16","5","0","0","ef h,se h,sinr,skaz,sotr","","",""
"ROM/35/36.DAT","15280","16","5","0","0","ef h,se h,sinr,skaz,sotr","","",""
"ROM/35/37.DAT","15856","16","5","0","0","ef h,se h,sinr,skaz,sotr","","",""
"ROM/35/38.DAT","15056","16","5","0","0","ef h,se h,sinr,skaz,sotr","","",""
"ROM/35/39.DAT","13200","16","5","0","0","ef h,se h,sinr,skaz,sotr","","",""
"ROM/35/4.DAT","11312","16","5","0","0","ef h,se h,sinr,skaz,sotr","","",""
"ROM/35/40.DAT","13200","16","5","0","0","ef h,se h,sinr,skaz,sotr","","",""
"ROM/35/41.DAT","13200","16","5","0","0","ef h,se h,sinr,skaz,sotr","","",""
"ROM/35/42.DAT","13200","16","5","0","0","ef h,se h,sinr,skaz,sotr","","",""
"ROM/35/43.DAT","13200","16","5","0","0","ef h,se h,sinr,skaz,sotr","","",""
"ROM/35/44.DAT","13200","16","5","0","0","ef h,se h,sinr,skaz,sotr","","",""
"ROM/35/45.DAT","13200","16","5","0","0","ef h,se h,sinr,skaz,sotr","","",""
"ROM/35/46.DAT","11856","16","5","0","0","ef h,se h,sinr,skaz,sotr","","",""
"ROM/35/47.DAT","11856","16","5","0","0","ef h,se h,sinr,skaz,sotr","","",""
"ROM/35/48.DAT","11856","16","5","0","0","ef h,se h,sinr,skaz,sotr","","",""
"ROM/35/49.DAT","11856","16","5","0","0","ef h,se h,sinr,skaz,sotr","","",""
"ROM/35/5.DAT","11312","16","5","0","0","ef h,se h,sinr,skaz,sotr","","",""
"ROM/35/50.DAT","11856","16","5","0","0","ef h,se h,sinr,skaz,sotr","","",""
"ROM/35/51.DAT","11856","16","5","0","0","ef h,se h,sinr,skaz,sotr","","",""
"ROM/35/52.DAT","11856","16","5","0","0","ef h,se h,sinr,skaz,sotr","","",""
"ROM/35/53.DAT","11856","16","5","0","0","ef h,se h,sinr,skaz,sotr","","",""
"ROM/35/54.DAT","13488","16","5","0","0","ef h,se h,sinr,skaz,sotr","","",""
"ROM/35/55.DAT","12608","16","5","0","0","ef h,se h,sinr,skaz,sotr","","",""
"ROM/35/56.DAT","12608","16","5","0","0","ef h,se h,sinr,skaz,sotr","","",""
"ROM/35/57.DAT","12608","16","5","0","0","ef h,se h,sinr,skaz,sotr","","",""
"ROM/35/58.DAT","12608","16","5","0","0","ef h,se h,sinr,skaz,sotr","","",""
"ROM/35/59.DAT","12608","16","5","0","0","ef h,se h,sinr,skaz,sotr","","",""
"ROM/35/6.DAT","12112","16","5","0","0","ef h,se h,sinr,skaz,sotr","","",""
"ROM/35/60.DAT","12608","16","5","0","0","ef h,se h,sinr,skaz,sotr","","",""
"ROM/35/61.DAT","11184","16","5","0","0","ef h,se h,sinr,skaz,sotr","","",""
"ROM/35/62.DAT","14352","16","5","0","0","ef h,se h,sinr,skaz,sotr","","",""
"ROM/35/63.DAT","14560","16","5","0","0","ef h,se h,sinr,skaz,sotr","","",""
"ROM/35/64.DAT","14560","16","5","0","0","ef h,se h,sinr,skaz,sotr","","",""
"ROM/35/65.DAT","14560","16","5","0","0","ef h,se h,sinr,skaz,sotr","","",""
"ROM/35/66.DAT","14560","16","5","0","0","ef h,se h,sinr,skaz,sotr","","",""
"ROM/35/67.DAT","14560","16","5","0","0","ef h,se h,sinr,skaz,sotr","","",""
"ROM/35/68.DAT","14560","16","5","0","0","ef h,se h,sinr,skaz,sotr","","",""
"ROM/35/69.DAT","14560","16","5","0","0","ef h,se h,sinr,skaz,sotr","","",""
"ROM/35/7.DAT","12096","16","5","0","0","ef h,se h,sinr,skaz,sotr","","",""
"ROM/35/70.DAT","12288","16","5","0","0","ef h,se h,sinr,skaz,sotr","","",""
"ROM/35/71.DAT","12288","16","5","0","0","ef h,se h,sinr,skaz,sotr","","",""
"ROM/35/72.DAT","12288","16","5","0","0","ef h,se h,sinr,skaz,sotr","","",""
"ROM/35/73.DAT","12288","16","5","0","0","ef h,se h,sinr,skaz,sotr","","",""
"ROM/35/74.DAT","12288","16","5","0","0","ef h,se h,sinr,skaz,sotr","","",""
"ROM/35/75.DAT","13776","16","5","0","0","ef h,se h,sinr,skaz,sotr","","",""
"ROM/35/76.DAT","11296","16","5","0","0","ef h,se h,sinr,skaz,sotr","","",""
"ROM/35/77.DAT","11296","16","5","0","0","ef h,se h,sinr,skaz,sotr","","",""
"ROM/35/78.DAT","11296","16","5","0","0","ef h,se h,sinr,skaz,sotr","","",""
"ROM/35/79.DAT","11296","16","5","0","0","ef h,se h,sinr,skaz,sotr","","",""
"ROM/35/8.DAT","12096","16","5","0","0","ef h,se h,sinr,skaz,sotr","","",""
"ROM/35/80.DAT","13920","16","5","0","0","ef h,se h,sinr,skaz,sotr","","",""
"ROM/35/81.DAT","13920","16","5","0","0","ef h,se h,sinr,skaz,sotr","","",""
"ROM/35/82.DAT","13920","16","5","0","0","ef h,se h,sinr,skaz,sotr","","",""
"ROM/35/83.DAT","13920","16","5","0","0","ef h,se h,sinr,skaz,sotr","","",""
"ROM/35/84.DAT","13920","16","5","0","0","ef h,se h,sinr,skaz,sotr","","",""
"ROM/35/85.DAT","15072","16","5","0","0","ef h,se h,sinr,skaz,sotr","","",""
"ROM/35/86.DAT","15072","16","5","0","0","ef h,se h,sinr,skaz,sotr","","",""
"ROM/35/87.DAT","15072","16","5","0","0","ef h,se h,sinr,skaz,sotr","","",""
"ROM/35/88.DAT","11840","16","5","0","0","ef h,se h,sinr,skaz,sotr","","",""
"ROM/35/89.DAT","11840","16","5","0","0","ef h,se h,sinr,skaz,sotr","","",""
"ROM/35/9.DAT","12096","16","5","0","0","ef h,se h,sinr,skaz,sotr","","",""
"ROM/35/90.DAT","11840","16","5","0","0","ef h,se h,sinr,skaz,sotr","","",""
"ROM/35/91.DAT","11840","16","5","0","0","ef h,se h,sinr,skaz,sotr","","",""
"ROM/35/92.DAT","11840","16","5","0","0","ef h,se h,sinr,skaz,sotr","","",""
"ROM/35/93.DAT","13200","16","5","0","0","ef h,se h,sinr,skaz,sotr","","",""
"ROM/35/94.DAT","13200","16","5","0","0","ef h,se h,sinr,skaz,sotr","","",""
"ROM/35/95.DAT","14448","16","5","0","0","ef h,se h,sinr,skaz,sotr","","",""
"ROM/35/96.DAT","14448","16","5","0","0","ef h,se h,sinr,skaz,sotr","","",""
"ROM/35/97.DAT","14448","16","5","0","0","ef h,se h,sinr,skaz,sotr","","",""
"ROM/35/98.DAT","14448","16","5","0","0","ef h,se h,sinr,skaz,sotr","","",""
"ROM/35/99.DAT","16032","16","5","0","0","ef h,se h,sinr,skaz,sotr","","",""
"ROM/36/0.DAT","15024","16","5","0","0","ef h,se h,sinr,skaz,sotr","","",""
"ROM/36/100.DAT","9968","16","5","0","0","eflg,kalg,lgin,lgot,selg","","",""
"ROM/36/101.DAT","9968","16","5","0","0","eflg,kalg,lgin,lgot,selg","","",""
"ROM/36/102.DAT","10016","16","5","0","0","eflg,kalg,lgin,lgot,selg","","",""
"ROM/36/103.DAT","10832","16","5","0","0","eflg,kalg,lgin,lgot,selg","","",""
"ROM/36/104.DAT","10832","16","5","0","0","eflg,kalg,lgin,lgot,selg","","",""
"ROM/36/105.DAT","10832","16","5","0","0","eflg,kalg,lgin,lgot,selg","","",""
"ROM/36/106.DAT","10832","16","5","0","0","eflg,kalg,lgin,lgot,selg","","",""
"ROM/36/107.DAT","14368","16","5","0","0","eflg,kalg,lgin,lgot,selg","","",""
"ROM/36/108.DAT","14368","16","5","0","0","eflg,kalg,lgin,lgot,selg","","",""
"ROM/36/109.DAT","14368","16","5","0","0","eflg,kalg,lgin,lgot,selg","","",""
"ROM/36/110.DAT","14368","16","5","0","0","eflg,kalg,lgin,lgot,selg","","",""
"ROM/36/111.DAT","14368","16","5","0","0","eflg,kalg,lgin,lgot,selg","","",""
"ROM/36/112.DAT","14368","16","5","0","0","eflg,kalg,lgin,lgot,selg","","",""
"ROM/36/113.DAT","14368","16","5","0","0","eflg,kalg,lgin,lgot,selg","","",""
"ROM/36/114.DAT","14368","16","5","0","0","eflg,kalg,lgin,lgot,selg","","",""
"ROM/36/115.DAT","14368","16","5","0","0","eflg,kalg,lgin,lgot,selg","","",""
"ROM/36/116.DAT","14368","16","5","0","0","eflg,kalg,lgin,lgot,selg","","",""
"ROM/36/57.DAT","1680","15","5","0","0","eflg,kalg,lgin,lgot,selg","","",""
"ROM/36/58.DAT","1680","15","5","0","0","eflg,kalg,lgin,lgot,selg","","",""
"ROM/36/64.DAT","10592","16","5","0","0","eflg,kalg,lgin,lgot,selg","","",""
"ROM/36/65.DAT","9328","16","5","0","0","eflg,kalg,lgin,lgot,selg","","",""
"ROM/36/66.DAT","13728","17","5","0","0","eflg,kalg,lgin,lgot,selg","","",""
"ROM/36/67.DAT","17392","17","5","0","0","eflg,kalg,lgin,lgot,selg","","",""
"ROM/36/68.DAT","17392","17","5","0","0","eflg,kalg,lgin,lgot,selg","","",""
"ROM/36/69.DAT","17392","17","5","0","0","eflg,kalg,lgin,lgot,selg","","",""
"ROM/36/70.DAT","17392","17","5","0","0","eflg,kalg,lgin,lgot,selg","","",""
"ROM/36/71.DAT","17392","17","5","0","0","eflg,kalg,lgin,lgot,selg","","",""
"ROM/36/72.DAT","17392","17","5","0","0","eflg,kalg,lgin,lgot,selg","","",""
"ROM/36/73.DAT","12704","17","5","0","0","eflg,kalg,lgin,lgot,selg","","",""
"ROM/36/74.DAT","12704","17","5","0","0","eflg,kalg,lgin,lgot,selg","","",""
"ROM/36/75.DAT","12704","17","5","0","0","eflg,kalg,lgin,lgot,selg","","",""
"ROM/36/76.DAT","12704","17","5","0","0","eflg,kalg,lgin,lgot,selg","","",""
"ROM/36/77.DAT","12704","17","5","0","0","eflg,kalg,lgin,lgot,selg","","",""
"ROM/36/78.DAT","12704","17","5","0","0","eflg,kalg,lgin,lgot,selg","","",""
"ROM/36/79.DAT","12704","17","5","0","0","eflg,kalg,lgin,lgot,selg","","",""
"ROM/36/80.DAT","12704","17","5","0","0","eflg,kalg,lgin,lgot,selg","","",""
"ROM/36/81.DAT","12704","17","5","0","0","eflg,kalg,lgin,lgot,selg","","",""
"ROM/36/82.DAT","12704","17","5","0","0","eflg,kalg,lgin,lgot,selg","","",""
"ROM/36/83.DAT","12704","17","5","0","0","eflg,kalg,lgin,lgot,selg","","",""
"ROM/36/84.DAT","12704","17","5","0","0","eflg,kalg,lgin,lgot,selg","","",""
"ROM/36/85.DAT","12704","17","5","0","0","eflg,kalg,lgin,lgot,selg","","",""
"ROM/36/86.DAT","20144","17","5","0","0","eflg,kalg,lgin,lgot,selg","","",""
"ROM/36/87.DAT","12752","17","5","0","0","eflg,kalg,lgin,lgot,selg","","",""
"ROM/36/88.DAT","12752","17","5","0","0","eflg,kalg,lgin,lgot,selg","","",""
"ROM/36/89.DAT","12752","17","5","0","0","eflg,kalg,lgin,lgot,selg","","",""
"ROM/36/90.DAT","12752","17","5","0","0","eflg,kalg,lgin,lgot,selg","","",""
"ROM/36/91.DAT","12752","17","5","0","0","eflg,kalg,lgin,lgot,selg","","",""
"ROM/36/92.DAT","13280","16","5","0","0","eflg,kalg,lgin,lgot,selg","","",""
"ROM/36/93.DAT","13232","16","5","0","0","eflg,kalg,lgin,lgot,selg","","",""
"ROM/36/94.DAT","13184","16","5","0","0","eflg,kalg,lgin,lgot,selg","","",""
"ROM/36/95.DAT","13136","16","5","0","0","eflg,kalg,lgin,lgot,selg","","",""
"ROM/36/96.DAT","15104","16","5","0","0","eflg,kalg,lgin,lgot,selg","","",""
"ROM/36/97.DAT","16496","16","5","0","0","eflg,kalg,lgin,lgot,selg","","",""
"ROM/36/98.DAT","12336","16","5","0","0","eflg,kalg,lgin,lgot,selg","","",""
"ROM/36/99.DAT","9968","16","5","0","0","eflg,kalg,lgin,lgot,selg","","",""
"ROM/38/100.DAT","10928","14","5","0","0","ef h,se h,sinr,skaz,sotr","","",""
"ROM/38/101.DAT","13616","14","5","0","0","ef h,se h,sinr,skaz,sotr","","",""
"ROM/38/102.DAT","11504","14","5","0","0","ef h,se h,sinr,skaz,sotr","","",""
"ROM/38/103.DAT","10160","14","5","0","0","ef h,se h,sinr,skaz,sotr","","",""
"ROM/38/104.DAT","13152","14","5","0","0","ef h,se h,sinr,skaz,sotr","","",""
"ROM/38/105.DAT","10848","14","5","0","0","ef h,se h,sinr,skaz,sotr","","",""
"ROM/38/106.DAT","9952","14","5","0","0","ef h,se h,sinr,skaz,sotr","","",""
"ROM/38/107.DAT","1616","13","5","0","0","ef h,se h,sinr,skaz,sotr","","",""
"ROM/38/108.DAT","12688","16","5","0","0","ef h,se h,sinr,skaz,sotr","","",""
"ROM/38/109.DAT","12848","16","5","0","0","ef h,se h,sinr,skaz,sotr","","",""
"ROM/38/110.DAT","12848","16","5","0","0","ef h,se h,sinr,skaz,sotr","","",""
"ROM/38/111.DAT","12848","16","5","0","0","ef h,se h,sinr,skaz,sotr","","",""
"ROM/38/112.DAT","12848","16","5","0","0","ef h,se h,sinr,skaz,sotr","","",""
"ROM/38/113.DAT","14064","16","5","0","0","ef h,se h,sinr,skaz,sotr","","",""
"ROM/38/114.DAT","14912","16","5","0","0","ef h,se h,sinr,skaz,sotr","","",""
"ROM/38/115.DAT","14912","16","5","0","0","ef h,se h,sinr,skaz,sotr","","",""
"ROM/38/116.DAT","14912","16","5","0","0","ef h,se h,sinr,skaz,sotr","","",""
"ROM/38/117.DAT","14912","16","5","0","0","ef h,se h,sinr,skaz,sotr","","",""
"ROM/38/118.DAT","16688","16","5","0","0","ef h,se h,sinr,skaz,sotr","","",""
"ROM/38/119.DAT","16688","16","5","0","0","ef h,se h,sinr,skaz,sotr","","",""
"ROM/38/120.DAT","16688","16","5","0","0","ef h,se h,sinr,skaz,sotr","","",""
"ROM/38/121.DAT","13296","16","5","0","0","ef h,se h,sinr,skaz,sotr","","",""
"ROM/38/122.DAT","13072","16","5","0","0","ef h,se h,sinr,skaz,sotr","","",""
"ROM/38/123.DAT","13296","16","5","0","0","ef h,se h,sinr,skaz,sotr","","",""
"ROM/38/124.DAT","13296","16","5","0","0","ef h,se h,sinr,skaz,sotr","","",""
"ROM/38/125.DAT","13296","16","5","0","0","ef h,se h,sinr,skaz,sotr","","",""
"ROM/38/126.DAT","12368","16","5","0","0","ef h,se h,sinr,skaz,sotr","","",""
"ROM/38/127.DAT","12368","16","5","0","0","ef h,se h,sinr,skaz,sotr","","",""
"ROM/38/92.DAT","1616","13","5","0","0","ef h,se h,sinr,skaz,sotr","","",""
"ROM/38/93.DAT","11792","14","5","0","0","ef h,se h,sinr,skaz,sotr","","",""
"ROM/38/94.DAT","10352","14","5","0","0","ef h,se h,sinr,skaz,sotr","","",""
"ROM/38/95.DAT","9152","14","5","0","0","ef h,se h,sinr,skaz,sotr","","",""
"ROM/38/96.DAT","12192","14","5","0","0","ef h,se h,sinr,skaz,sotr","","",""
"ROM/38/97.DAT","12752","14","5","0","0","ef h,se h,sinr,skaz,sotr","","",""
"ROM/38/98.DAT","13072","14","5","0","0","ef h,se h,sinr,skaz,sotr","","",""
"ROM/38/99.DAT","14224","14","5","0","0","ef h,se h,sinr,skaz,sotr","","",""
"ROM/39/0.DAT","12368","16","5","0","0","ef h,se h,sinr,skaz,sotr","","",""
"ROM/39/1.DAT","14544","16","5","0","0","ef h,se h,sinr,skaz,sotr","","",""
"ROM/39/10.DAT","14320","16","5","0","0","ef h,se h,sinr,skaz,sotr","","",""
"ROM/39/100.DAT","11312","16","5","0","0","ef h,se h,sinr,skaz,sotr","","",""
"ROM/39/101.DAT","11312","16","5","0","0","ef h,se h,sinr,skaz,sotr","","",""
"ROM/39/102.DAT","12096","16","5","0","0","ef h,se h,sinr,skaz,sotr","","",""
"ROM/39/103.DAT","12112","16","5","0","0","ef h,se h,sinr,skaz,sotr","","",""
"ROM/39/104.DAT","12096","16","5","0","0","ef h,se h,sinr,skaz,sotr","","",""
"ROM/39/105.DAT","12096","16","5","0","0","ef h,se h,sinr,skaz,sotr","","",""
"ROM/39/106.DAT","12096","16","5","0","0","ef h,se h,sinr,skaz,sotr","","",""
"ROM/39/107.DAT","12560","16","5","0","0","ef h,se h,sinr,skaz,sotr","","",""
"ROM/39/108.DAT","12560","16","5","0","0","ef h,se h,sinr,skaz,sotr","","",""
"ROM/39/109.DAT","12560","16","5","0","0","ef h,se h,sinr,skaz,sotr","","",""
"ROM/39/11.DAT","14320","16","5","0","0","ef h,se h,sinr,skaz,sotr","","",""
"ROM/39/110.DAT","12560","16","5","0","0","ef h,se h,sinr,skaz,sotr","","",""
"ROM/39/111.DAT","11120","16","5","0","0","ef h,se h,sinr,skaz,sotr","","",""
"ROM/39/112.DAT","11040","16","5","0","0","ef h,se h,sinr,skaz,sotr","","",""
"ROM/39/113.DAT","11120","16","5","0","0","ef h,se h,sinr,skaz,sotr","","",""
"ROM/39/114.DAT","12944","16","5","0","0","ef h,se h,sinr,skaz,sotr","","",""
"ROM/39/115.DAT","12944","16","5","0","0","ef h,se h,sinr,skaz,sotr","","",""
"ROM/39/116.DAT","12944","16","5","0","0","ef h,se h,sinr,skaz,sotr","","",""
"ROM/39/117.DAT","12944","16","5","0","0","ef h,se h,sinr,skaz,sotr","","",""
"ROM/39/118.DAT","15888","16","5","0","0","ef h,se h,sinr,skaz,sotr","","",""
"ROM/39/119.DAT","13920","16","5","0","0","ef h,se h,sinr,skaz,sotr","","",""
"ROM/39/12.DAT","14320","16","5","0","0","ef h,se h,sinr,skaz,sotr","","",""
"ROM/39/120.DAT","14688","16","5","0","0","ef h,se h,sinr,skaz,sotr","","",""
"ROM/39/121.DAT","14688","16","5","0","0","ef h,se h,sinr,skaz,sotr","","",""
"ROM/39/122.DAT","14688","16","5","0","0","ef h,se h,sinr,skaz,sotr","","",""
"ROM/39/123.DAT","14688","16","5","0","0","ef h,se h,sinr,skaz,sotr","","",""
"ROM/39/124.DAT","14688","16","5","0","0","ef h,se h,sinr,skaz,sotr","","",""
"ROM/39/125.DAT","14688","16","5","0","0","ef h,se h,sinr,skaz,sotr","","",""
"ROM/39/126.DAT","14912","16","5","0","0","ef h,se h,sinr,skaz,sotr","","",""
"ROM/39/127.DAT","14896","16","5","0","0","ef h,se h,sinr,skaz,sotr","","",""
"ROM/39/13.DAT","16768","16","5","0","0","ef h,se h,sinr,skaz,sotr","","",""
"ROM/39/14.DAT","18080","16","5","0","0","ef h,se h,sinr,skaz,sotr","","",""
"ROM/39/15.DAT","18080","16","5","0","0","ef h,se h,sinr,skaz,sotr","","",""
"ROM/39/16.DAT","22064","16","5","0","0","ef h,se h,sinr,skaz,sotr","","",""
"ROM/39/17.DAT","11024","16","5","0","0","ef h,se h,sinr,skaz,sotr","","",""
"ROM/39/18.DAT","11024","16","5","0","0","ef h,se h,sinr,skaz,sotr","","",""
"ROM/39/19.DAT","12480","16","5","0","0","ef h,se h,sinr,skaz,sotr","","",""
"ROM/39/2.DAT","12288","16","5","0","0","ef h,se h,sinr,skaz,sotr","","",""
"ROM/39/20.DAT","12480","16","5","0","0","ef h,se h,sinr,skaz,sotr","","",""
"ROM/39/21.DAT","12480","16","5","0","0","ef h,se h,sinr,skaz,sotr","","",""
"ROM/39/22.DAT","12480","16","5","0","0","ef h,se h,sinr,skaz,sotr","","",""
"ROM/39/23.DAT","12480","16","5","0","0","ef h,se h,sinr,skaz,sotr","","",""
"ROM/39/24.DAT","12480","16","5","0","0","ef h,se h,sinr,skaz,sotr","","",""
"ROM/39/25.DAT","10896","16","5","0","0","ef h,se h,sinr,skaz,sotr","","",""
"ROM/39/26.DAT","10896","16","5","0","0","ef h,se h,sinr,skaz,sotr","","",""
"ROM/39/27.DAT","12176","16","5","0","0","ef h,se h,sinr,skaz,sotr","","",""
"ROM/39/28.DAT","12176","16","5","0","0","ef h,se h,sinr,skaz,sotr","","",""
"ROM/39/29.DAT","16560","16","5","0","0","ef h,se h,sinr,skaz,sotr","","",""
"ROM/39/3.DAT","12736","16","5","0","0","ef h,se h,sinr,skaz,sotr","","",""
"ROM/39/30.DAT","16560","16","5","0","0","ef h,se h,sinr,skaz,sotr","","",""
"ROM/39/31.DAT","16560","16","5","0","0","ef h,se h,sinr,skaz,sotr","","",""
"ROM/39/32.DAT","16560","16","5","0","0","ef h,se h,sinr,skaz,sotr","","",""
"ROM/39/33.DAT","16560","16","5","0","0","ef h,se h,sinr,skaz,sotr","","",""
"ROM/39/34.DAT","11888","16","5","0","0","ef h,se h,sinr,skaz,sotr","","",""
"ROM/39/35.DAT","11920","16","5","0","0","ef h,se h,sinr,skaz,sotr","","",""
"ROM/39/36.DAT","11920","16","5","0","0","ef h,se h,sinr,skaz,sotr","","",""
"ROM/39/37.DAT","11920","16","5","0","0","ef h,se h,sinr,skaz,sotr","","",""
"ROM/39/38.DAT","12288","16","5","0","0","ef h,se h,sinr,skaz,sotr","","",""
"ROM/39/39.DAT","12288","16","5","0","0","ef h,se h,sinr,skaz,sotr","","",""
"ROM/39/4.DAT","12736","16","5","0","0","ef h,se h,sinr,skaz,sotr","","",""
"ROM/39/40.DAT","12288","16","5","0","0","ef h,se h,sinr,skaz,sotr","","",""
"ROM/39/41.DAT","12288","16","5","0","0","ef h,se h,sinr,skaz,sotr","","",""
"ROM/39/42.DAT","12288","16","5","0","0","ef h,se h,sinr,skaz,sotr","","",""
"ROM/39/43.DAT","10832","16","5","0","0","ef h,se h,sinr,skaz,sotr","","",""
"ROM/39/44.DAT","10832","16","5","0","0","ef h,se h,sinr,skaz,sotr","","",""
"ROM/39/45.DAT","10832","16","5","0","0","ef h,se h,sinr,skaz,sotr","","",""
"ROM/39/46.DAT","11424","16","5","0","0","ef h,se h,sinr,skaz,sotr","","",""
"ROM/39/47.DAT","11424","16","5","0","0","ef h,se h,sinr,skaz,sotr","","",""
"ROM/39/48.DAT","11424","16","5","0","0","ef h,se h,sinr,skaz,sotr","","",""
"ROM/39/49.DAT","11424","16","5","0","0","ef h,se h,sinr,skaz,sotr","","",""
"ROM/39/5.DAT","12736","16","5","0","0","ef h,se h,sinr,skaz,sotr","","",""
"ROM/39/50.DAT","11424","16","5","0","0","ef h,se h,sinr,skaz,sotr","","",""
"ROM/39/51.DAT","12112","16","5","0","0","ef h,se h,sinr,skaz,sotr","","",""
"ROM/39/52.DAT","12112","16","5","0","0","ef h,se h,sinr,skaz,sotr","","",""
"ROM/39/53.DAT","12704","16","5","0","0","ef h,se h,sinr,skaz,sotr","","",""
"ROM/39/54.DAT","12704","16","5","0","0","ef h,se h,sinr,skaz,sotr","","",""
"ROM/39/55.DAT","12704","16","5","0","0","ef h,se h,sinr,skaz,sotr","","",""
"ROM/39/56.DAT","12704","16","5","0","0","ef h,se h,sinr,skaz,sotr","","",""
"ROM/39/57.DAT","13024","16","5","0","0","ef h,se h,sinr,skaz,sotr","","",""
"ROM/39/58.DAT","13024","16","5","0","0","ef h,se h,sinr,skaz,sotr","","",""
"ROM/39/59.DAT","13024","16","5","0","0","ef h,se h,sinr,skaz,sotr","","",""
"ROM/39/6.DAT","12736","16","5","0","0","ef h,se h,sinr,skaz,sotr","","",""
"ROM/39/60.DAT","14128","16","5","0","0","ef h,se h,sinr,skaz,sotr","","",""
"ROM/39/61.DAT","11872","16","5","0","0","ef h,se h,sinr,skaz,sotr","","",""
"ROM/39/62.DAT","11872","16","5","0","0","ef h,se h,sinr,skaz,sotr","","",""
"ROM/39/63.DAT","11872","16","5","0","0","ef h,se h,sinr,skaz,sotr","","",""
"ROM/39/64.DAT","11872","16","5","0","0","ef h,se h,sinr,skaz,sotr","","",""
"ROM/39/65.DAT","9760","16","5","0","0","ef h,se h,sinr,skaz,sotr","","",""
"ROM/39/66.DAT","9760","16","5","0","0","ef h,se h,sinr,skaz,sotr","","",""
"ROM/39/67.DAT","13008","16","5","0","0","ef h,se h,sinr,skaz,sotr","","",""
"ROM/39/68.DAT","11920","16","5","0","0","ef h,se h,sinr,skaz,sotr","","",""
"ROM/39/69.DAT","11920","16","5","0","0","ef h,se h,sinr,skaz,sotr","","",""
"ROM/39/7.DAT","12736","16","5","0","0","ef h,se h,sinr,skaz,sotr","","",""
"ROM/39/70.DAT","13568","16","5","0","0","ef h,se h,sinr,skaz,sotr","","",""
"ROM/39/71.DAT","13568","16","5","0","0","ef h,se h,sinr,skaz,sotr","","",""
"ROM/39/72.DAT","13568","16","5","0","0","ef h,se h,sinr,skaz,sotr","","",""
"ROM/39/73.DAT","13568","16","5","0","0","ef h,se h,sinr,skaz,sotr","","",""
"ROM/39/74.DAT","10448","16","5","0","0","ef h,se h,sinr,skaz,sotr","","",""
"ROM/39/75.DAT","10448","16","5","0","0","ef h,se h,sinr,skaz,sotr","","",""
"ROM/39/76.DAT","10448","16","5","0","0","ef h,se h,sinr,skaz,sotr","","",""
"ROM/39/77.DAT","10448","16","5","0","0","ef h,se h,sinr,skaz,sotr","","",""
"ROM/39/78.DAT","10448","16","5","0","0","ef h,se h,sinr,skaz,sotr","","",""
"ROM/39/79.DAT","10448","16","5","0","0","ef h,se h,sinr,skaz,sotr","","",""
"ROM/39/8.DAT","10896","16","5","0","0","ef h,se h,sinr,skaz,sotr","","",""
"ROM/39/80.DAT","11152","16","5","0","0","ef h,se h,sinr,skaz,sotr","","",""
"ROM/39/81.DAT","11152","16","5","0","0","ef h,se h,sinr,skaz,sotr","","",""
"ROM/39/82.DAT","11152","16","5","0","0","ef h,se h,sinr,skaz,sotr","","",""
"ROM/39/83.DAT","11152","16","5","0","0","ef h,se h,sinr,skaz,sotr","","",""
"ROM/39/84.DAT","11152","16","5","0","0","ef h,se h,sinr,skaz,sotr","","",""
"ROM/39/85.DAT","12768","16","5","0","0","ef h,se h,sinr,skaz,sotr","","",""
"ROM/39/86.DAT","12768","16","5","0","0","ef h,se h,sinr,skaz,sotr","","",""
"ROM/39/87.DAT","12768","16","5","0","0","ef h,se h,sinr,skaz,sotr","","",""
"ROM/39/88.DAT","13440","16","5","0","0","ef h,se h,sinr,skaz,sotr","","",""
"ROM/39/89.DAT","13440","16","5","0","0","ef h,se h,sinr,skaz,sotr","","",""
"ROM/39/9.DAT","14320","16","5","0","0","ef h,se h,sinr,skaz,sotr","","",""
"ROM/39/90.DAT","13440","16","5","0","0","ef h,se h,sinr,skaz,sotr","","",""
"ROM/39/91.DAT","13440","16","5","0","0","ef h,se h,sinr,skaz,sotr","","",""
"ROM/39/92.DAT","14752","16","5","0","0","ef h,se h,sinr,skaz,sotr","","",""
"ROM/39/93.DAT","14752","16","5","0","0","ef h,se h,sinr,skaz,sotr","","",""
"ROM/39/94.DAT","12624","16","5","0","0","ef h,se h,sinr,skaz,sotr","","",""
"ROM/39/95.DAT","12576","16","5","0","0","ef h,se h,sinr,skaz,sotr","","",""
"ROM/39/96.DAT","12960","16","5","0","0","ef h,se h,sinr,skaz,sotr","","",""
"ROM/39/97.DAT","10528","16","5","0","0","ef h,se h,sinr,skaz,sotr","","",""
"ROM/39/98.DAT","12160","16","5","0","0","ef h,se h,sinr,skaz,sotr","","",""
"ROM/39/99.DAT","11312","16","5","0","0","ef h,se h,sinr,skaz,sotr","","",""
"ROM/40/0.DAT","14896","16","5","0","0","ef h,se h,sinr,skaz,sotr","","",""
"ROM/40/1.DAT","14320","16","5","0","0","ef h,se h,sinr,skaz,sotr","","",""
"ROM/40/10.DAT","13200","16","5","0","0","ef h,se h,sinr,skaz,sotr","","",""
"ROM/40/11.DAT","13200","16","5","0","0","ef h,se h,sinr,skaz,sotr","","",""
"ROM/40/12.DAT","13200","16","5","0","0","ef h,se h,sinr,skaz,sotr","","",""
"ROM/40/13.DAT","13200","16","5","0","0","ef h,se h,sinr,skaz,sotr","","",""
"ROM/40/14.DAT","11856","16","5","0","0","ef h,se h,sinr,skaz,sotr","","",""
"ROM/40/15.DAT","11856","16","5","0","0","ef h,se h,sinr,skaz,sotr","","",""
"ROM/40/16.DAT","11856","16","5","0","0","ef h,se h,sinr,skaz,sotr","","",""
"ROM/40/17.DAT","11856","16","5","0","0","ef h,se h,sinr,skaz,sotr","","",""
"ROM/40/18.DAT","11856","16","5","0","0","ef h,se h,sinr,skaz,sotr","","",""
"ROM/40/19.DAT","11856","16","5","0","0","ef h,se h,sinr,skaz,sotr","","",""
"ROM/40/2.DAT","14320","16","5","0","0","ef h,se h,sinr,skaz,sotr","","",""
"ROM/40/20.DAT","11856","16","5","0","0","ef h,se h,sinr,skaz,sotr","","",""
"ROM/40/21.DAT","11856","16","5","0","0","ef h,se h,sinr,skaz,sotr","","",""
"ROM/40/22.DAT","13488","16","5","0","0","ef h,se h,sinr,skaz,sotr","","",""
"ROM/40/23.DAT","12608","16","5","0","0","ef h,se h,sinr,skaz,sotr","","",""
"ROM/40/24.DAT","12608","16","5","0","0","ef h,se h,sinr,skaz,sotr","","",""
"ROM/40/25.DAT","12608","16","5","0","0","ef h,se h,sinr,skaz,sotr","","",""
"ROM/40/26.DAT","12608","16","5","0","0","ef h,se h,sinr,skaz,sotr","","",""
"ROM/40/27.DAT","12608","16","5","0","0","ef h,se h,sinr,skaz,sotr","","",""
"ROM/40/28.DAT","12608","16","5","0","0","ef h,se h,sinr,skaz,sotr","","",""
"ROM/40/29.DAT","11184","16","5","0","0","ef h,se h,sinr,skaz,sotr","","",""
"ROM/40/3.DAT","15280","16","5","0","0","ef h,se h,sinr,skaz,sotr","","",""
"ROM/40/30.DAT","14352","16","5","0","0","ef h,se h,sinr,skaz,sotr","","",""
"ROM/40/31.DAT","14560","16","5","0","0","ef h,se h,sinr,skaz,sotr","","",""
"ROM/40/32.DAT","14560","16","5","0","0","ef h,se h,sinr,skaz,sotr","","",""
"ROM/40/33.DAT","14560","16","5","0","0","ef h,se h,sinr,skaz,sotr","","",""
"ROM/40/34.DAT","14560","16","5","0","0","ef h,se h,sinr,skaz,sotr","","",""
"ROM/40/35.DAT","14560","16","5","0","0","ef h,se h,sinr,skaz,sotr","","",""
"ROM/40/36.DAT","14560","16","5","0","0","ef h,se h,sinr,skaz,sotr","","",""
"ROM/40/37.DAT","14560","16","5","0","0","ef h,se h,sinr,skaz,sotr","","",""
"ROM/40/38.DAT","12288","16","5","0","0","ef h,se h,sinr,skaz,sotr","","",""
"ROM/40/39.DAT","12320","16","5","0","0","ef h,se h,sinr,skaz,sotr","","",""
"ROM/40/4.DAT","15280","16","5","0","0","ef h,se h,sinr,skaz,sotr","","",""
"ROM/40/40.DAT","12288","16","5","0","0","ef h,se h,sinr,skaz,sotr","","",""
"ROM/40/41.DAT","12288","16","5","0","0","ef h,se h,sinr,skaz,sotr","","",""
"ROM/40/42.DAT","12288","16","5","0","0","ef h,se h,sinr,skaz,sotr","","",""
"ROM/40/43.DAT","13776","16","5","0","0","ef h,se h,sinr,skaz,sotr","","",""
"ROM/40/44.DAT","11296","16","5","0","0","ef h,se h,sinr,skaz,sotr","","",""
"ROM/40/45.DAT","11296","16","5","0","0","ef h,se h,sinr,skaz,sotr","","",""
"ROM/40/46.DAT","11296","16","5","0","0","ef h,se h,sinr,skaz,sotr","","",""
"ROM/40/47.DAT","11296","16","5","0","0","ef h,se h,sinr,skaz,sotr","","",""
"ROM/40/48.DAT","13920","16","5","0","0","ef h,se h,sinr,skaz,sotr","","",""
"ROM/40/49.DAT","13920","16","5","0","0","ef h,se h,sinr,skaz,sotr","","",""
"ROM/40/5.DAT","15856","16","5","0","0","ef h,se h,sinr,skaz,sotr","","",""
"ROM/40/50.DAT","13920","16","5","0","0","ef h,se h,sinr,skaz,sotr","","",""
"ROM/40/51.DAT","13920","16","5","0","0","ef h,se h,sinr,skaz,sotr","","",""
"ROM/40/52.DAT","13920","16","5","0","0","ef h,se h,sinr,skaz,sotr","","",""
"ROM/40/53.DAT","15072","16","5","0","0","ef h,se h,sinr,skaz,sotr","","",""
"ROM/40/54.DAT","15072","16","5","0","0","ef h,se h,sinr,skaz,sotr","","",""
"ROM/40/55.DAT","15072","16","5","0","0","ef h,se h,sinr,skaz,sotr","","",""
"ROM/40/56.DAT","11840","16","5","0","0","ef h,se h,sinr,skaz,sotr","","",""
"ROM/40/57.DAT","11840","16","5","0","0","ef h,se h,sinr,skaz,sotr","","",""
"ROM/40/58.DAT","11840","16","5","0","0","ef h,se h,sinr,skaz,sotr","","",""
"ROM/40/59.DAT","11840","16","5","0","0","ef h,se h,sinr,skaz,sotr","","",""
"ROM/40/6.DAT","15056","16","5","0","0","ef h,se h,sinr,skaz,sotr","","",""
"ROM/40/60.DAT","11840","16","5","0","0","ef h,se h,sinr,skaz,sotr","","",""
"ROM/40/61.DAT","13200","16","5","0","0","ef h,se h,sinr,skaz,sotr","","",""
"ROM/40/62.DAT","13200","16","5","0","0","ef h,se h,sinr,skaz,sotr","","",""
"ROM/40/63.DAT","14448","16","5","0","0","ef h,se h,sinr,skaz,sotr","","",""
"ROM/40/64.DAT","14448","16","5","0","0","ef h,se h,sinr,skaz,sotr","","",""
"ROM/40/65.DAT","14448","16","5","0","0","ef h,se h,sinr,skaz,sotr","","",""
"ROM/40/66.DAT","14448","16","5","0","0","ef h,se h,sinr,skaz,sotr","","",""
"ROM/40/67.DAT","16048","16","5","0","0","ef h,se h,sinr,skaz,sotr","","",""
"ROM/40/68.DAT","16032","16","5","0","0","ef h,se h,sinr,skaz,sotr","","",""
"ROM/40/69.DAT","16048","16","5","0","0","ef h,se h,sinr,skaz,sotr","","",""
"ROM/40/7.DAT","13200","16","5","0","0","ef h,se h,sinr,skaz,sotr","","",""
"ROM/40/70.DAT","16032","16","5","0","0","ef h,se h,sinr,skaz,sotr","","",""
"ROM/40/71.DAT","15584","16","5","0","0","ef h,se h,sinr,skaz,sotr","","",""
"ROM/40/72.DAT","12144","16","5","0","0","ef h,se h,sinr,skaz,sotr","","",""
"ROM/40/73.DAT","12144","16","5","0","0","ef h,se h,sinr,skaz,sotr","","",""
"ROM/40/74.DAT","12928","16","5","0","0","ef h,se h,sinr,skaz,sotr","","",""
"ROM/40/75.DAT","14400","16","5","0","0","ef h,se h,sinr,skaz,sotr","","",""
"ROM/40/76.DAT","16704","16","5","0","0","ef h,se h,sinr,skaz,sotr","","",""
"ROM/40/77.DAT","17568","16","5","0","0","ef h,se h,sinr,skaz,sotr","","",""
"ROM/40/78.DAT","10640","16","5","0","0","ef h,se h,sinr,skaz,sotr","","",""
"ROM/40/79.DAT","10640","16","5","0","0","ef h,se h,sinr,skaz,sotr","","",""
"ROM/40/8.DAT","13200","16","5","0","0","ef h,se h,sinr,skaz,sotr","","",""
"ROM/40/80.DAT","10640","16","5","0","0","ef h,se h,sinr,skaz,sotr","","",""
"ROM/40/81.DAT","10640","16","5","0","0","ef h,se h,sinr,skaz,sotr","","",""
"ROM/40/82.DAT","11584","16","5","0","0","ef h,se h,sinr,skaz,sotr","","",""
"ROM/40/83.DAT","11584","16","5","0","0","ef h,se h,sinr,skaz,sotr","","",""
"ROM/40/84.DAT","11632","16","5","0","0","ef h,se h,sinr,skaz,sotr","","",""
"ROM/40/85.DAT","13392","16","5","0","0","ef h,se h,sinr,skaz,sotr","","",""
"ROM/40/86.DAT","13392","16","5","0","0","ef h,se h,sinr,skaz,sotr","","",""
"ROM/40/87.DAT","13072","16","5","0","0","ef h,se h,sinr,skaz,sotr","","",""
"ROM/40/88.DAT","13072","16","5","0","0","ef h,se h,sinr,skaz,sotr","","",""
"ROM/40/89.DAT","13072","16","5","0","0","ef h,se h,sinr,skaz,sotr","","",""
"ROM/40/9.DAT","13200","16","5","0","0","ef h,se h,sinr,skaz,sotr","","",""
"ROM/40/90.DAT","13072","16","5","0","0","ef h,se h,sinr,skaz,sotr","","",""
"ROM/40/91.DAT","13072","16","5","0","0","ef h,se h,sinr,skaz,sotr","","",""
"ROM/40/92.DAT","13072","16","5","0","0","ef h,se h,sinr,skaz,sotr","","",""
"ROM/40/93.DAT","13072","16","5","0","0","ef h,se h,sinr,skaz,sotr","","",""
"ROM/40/94.DAT","15264","16","5","0","0","ef h,se h,sinr,skaz,sotr","","",""
"ROM/40/95.DAT","16272","16","5","0","0","ef h,se h,sinr,skaz,sotr","","",""
"ROM/40/96.DAT","15024","16","5","0","0","ef h,se h,sinr,skaz,sotr","","",""
"ROM/41/24.DAT","1680","15","5","0","0","eflg,kalg,lgin,lgot,selg","","",""
"ROM/41/25.DAT","1680","15","5","0","0","eflg,kalg,lgin,lgot,selg","","",""
"ROM/41/31.DAT","10592","16","5","0","0","eflg,kalg,lgin,lgot,selg","","",""
"ROM/41/32.DAT","9328","16","5","0","0","eflg,kalg,lgin,lgot,selg","","",""
"ROM/41/33.DAT","14496","17","5","0","0","eflg,kalg,lgin,lgot,selg","","",""
"ROM/41/34.DAT","17392","17","5","0","0","eflg,kalg,lgin,lgot,selg","","",""
"ROM/41/35.DAT","17392","17","5","0","0","eflg,kalg,lgin,lgot,selg","","",""
"ROM/41/36.DAT","17392","17","5","0","0","eflg,kalg,lgin,lgot,selg","","",""
"ROM/41/37.DAT","17392","17","5","0","0","eflg,kalg,lgin,lgot,selg","","",""
"ROM/41/38.DAT","17392","17","5","0","0","eflg,kalg,lgin,lgot,selg","","",""
"ROM/41/39.DAT","17392","17","5","0","0","eflg,kalg,lgin,lgot,selg","","",""
"ROM/41/40.DAT","12704","17","5","0","0","eflg,kalg,lgin,lgot,selg","","",""
"ROM/41/41.DAT","12704","17","5","0","0","eflg,kalg,lgin,lgot,selg","","",""
"ROM/41/42.DAT","12704","17","5","0","0","eflg,kalg,lgin,lgot,selg","","",""
"ROM/41/43.DAT","12704","17","5","0","0","eflg,kalg,lgin,lgot,selg","","",""
"ROM/41/44.DAT","12704","17","5","0","0","eflg,kalg,lgin,lgot,selg","","",""
"ROM/41/45.DAT","12704","17","5","0","0","eflg,kalg,lgin,lgot,selg","","",""
"ROM/41/46.DAT","12704","17","5","0","0","eflg,kalg,lgin,lgot,selg","","",""
"ROM/41/47.DAT","12704","17","5","0","0","eflg,kalg,lgin,lgot,selg","","",""
"ROM/41/48.DAT","12704","17","5","0","0","eflg,kalg,lgin,lgot,selg","","",""
"ROM/41/49.DAT","12704","17","5","0","0","eflg,kalg,lgin,lgot,selg","","",""
"ROM/41/50.DAT","12704","17","5","0","0","eflg,kalg,lgin,lgot,selg","","",""
"ROM/41/51.DAT","12704","17","5","0","0","eflg,kalg,lgin,lgot,selg","","",""
"ROM/41/52.DAT","12704","17","5","0","0","eflg,kalg,lgin,lgot,selg","","",""
"ROM/41/53.DAT","20144","17","5","0","0","eflg,kalg,lgin,lgot,selg","","",""
"ROM/41/54.DAT","12752","17","5","0","0","eflg,kalg,lgin,lgot,selg","","",""
"ROM/41/55.DAT","12752","17","5","0","0","eflg,kalg,lgin,lgot,selg","","",""
"ROM/41/56.DAT","12752","17","5","0","0","eflg,kalg,lgin,lgot,selg","","",""
"ROM/41/57.DAT","12752","17","5","0","0","eflg,kalg,lgin,lgot,selg","","",""
"ROM/41/58.DAT","12752","17","5","0","0","eflg,kalg,lgin,lgot,selg","","",""
"ROM/41/59.DAT","13280","16","5","0","0","eflg,kalg,lgin,lgot,selg","","",""
"ROM/41/60.DAT","13232","16","5","0","0","eflg,kalg,lgin,lgot,selg","","",""
"ROM/41/61.DAT","13184","16","5","0","0","eflg,kalg,lgin,lgot,selg","","",""
"ROM/41/62.DAT","13136","16","5","0","0","eflg,kalg,lgin,lgot,selg","","",""
"ROM/41/63.DAT","15104","16","5","0","0","eflg,kalg,lgin,lgot,selg","","",""
"ROM/41/64.DAT","16496","16","5","0","0","eflg,kalg,lgin,lgot,selg","","",""
"ROM/41/65.DAT","12336","16","5","0","0","eflg,kalg,lgin,lgot,selg","","",""
"ROM/41/66.DAT","9968","16","5","0","0","eflg,kalg,lgin,lgot,selg","","",""
"ROM/41/67.DAT","9968","16","5","0","0","eflg,kalg,lgin,lgot,selg","","",""
"ROM/41/68.DAT","9968","16","5","0","0","eflg,kalg,lgin,lgot,selg","","",""
"ROM/41/69.DAT","10016","16","5","0","0","eflg,kalg,lgin,lgot,selg","","",""
"ROM/41/70.DAT","10832","16","5","0","0","eflg,kalg,lgin,lgot,selg","","",""
"ROM/41/71.DAT","10832","16","5","0","0","eflg,kalg,lgin,lgot,selg","","",""
"ROM/41/72.DAT","10832","16","5","0","0","eflg,kalg,lgin,lgot,selg","","",""
"ROM/41/73.DAT","10832","16","5","0","0","eflg,kalg,lgin,lgot,selg","","",""
"ROM/41/74.DAT","14368","16","5","0","0","eflg,kalg,lgin,lgot,selg","","",""
"ROM/41/75.DAT","14368","16","5","0","0","eflg,kalg,lgin,lgot,selg","","",""
"ROM/41/76.DAT","14368","16","5","0","0","eflg,kalg,lgin,lgot,selg","","",""
"ROM/41/77.DAT","14368","16","5","0","0","eflg,kalg,lgin,lgot,selg","","",""
"ROM/41/78.DAT","14368","16","5","0","0","eflg,kalg,lgin,lgot,selg","","",""
"ROM/41/79.DAT","14368","16","5","0","0","eflg,kalg,lgin,lgot,selg","","",""
"ROM/41/80.DAT","14368","16","5","0","0","eflg,kalg,lgin,lgot,selg","","",""
"ROM/41/81.DAT","14368","16","5","0","0","eflg,kalg,lgin,lgot,selg","","",""
"ROM/41/82.DAT","14368","16","5","0","0","eflg,kalg,lgin,lgot,selg","","",""
"ROM/41/83.DAT","14368","16","5","0","0","eflg,kalg,lgin,lgot,selg","","",""
"ROM/43/100.DAT","12368","16","5","0","0","ef h,se h,sinr,skaz,sotr","","",""
"ROM/43/101.DAT","12368","16","5","0","0","ef h,se h,sinr,skaz,sotr","","",""
"ROM/43/102.DAT","14544","16","5","0","0","ef h,se h,sinr,skaz,sotr","","",""
"ROM/43/103.DAT","12288","16","5","0","0","ef h,se h,sinr,skaz,sotr","","",""
"ROM/43/104.DAT","12736","16","5","0","0","ef h,se h,sinr,skaz,sotr","","",""
"ROM/43/105.DAT","12736","16","5","0","0","ef h,se h,sinr,skaz,sotr","","",""
"ROM/43/106.DAT","12736","16","5","0","0","ef h,se h,sinr,skaz,sotr","","",""
"ROM/43/107.DAT","12736","16","5","0","0","ef h,se h,sinr,skaz,sotr","","",""
"ROM/43/108.DAT","12736","16","5","0","0","ef h,se h,sinr,skaz,sotr","","",""
"ROM/43/109.DAT","10896","16","5","0","0","ef h,se h,sinr,skaz,sotr","","",""
"ROM/43/110.DAT","14320","16","5","0","0","ef h,se h,sinr,skaz,sotr","","",""
"ROM/43/111.DAT","14320","16","5","0","0","ef h,se h,sinr,skaz,sotr","","",""
"ROM/43/112.DAT","14320","16","5","0","0","ef h,se h,sinr,skaz,sotr","","",""
"ROM/43/113.DAT","14320","16","5","0","0","ef h,se h,sinr,skaz,sotr","","",""
"ROM/43/114.DAT","16768","16","5","0","0","ef h,se h,sinr,skaz,sotr","","",""
"ROM/43/115.DAT","18080","16","5","0","0","ef h,se h,sinr,skaz,sotr","","",""
"ROM/43/116.DAT","18080","16","5","0","0","ef h,se h,sinr,skaz,sotr","","",""
"ROM/43/117.DAT","22064","16","5","0","0","ef h,se h,sinr,skaz,sotr","","",""
"ROM/43/118.DAT","11024","16","5","0","0","ef h,se h,sinr,skaz,sotr","","",""
"ROM/43/119.DAT","11024","16","5","0","0","ef h,se h,sinr,skaz,sotr","","",""
"ROM/43/120.DAT","12480","16","5","0","0","ef h,se h,sinr,skaz,sotr","","",""
"ROM/43/121.DAT","12480","16","5","0","0","ef h,se h,sinr,skaz,sotr","","",""
"ROM/43/122.DAT","12480","16","5","0","0","ef h,se h,sinr,skaz,sotr","","",""
"ROM/43/123.DAT","12480","16","5","0","0","ef h,se h,sinr,skaz,sotr","","",""
"ROM/43/124.DAT","12480","16","5","0","0","ef h,se h,sinr,skaz,sotr","","",""
"ROM/43/125.DAT","12480","16","5","0","0","ef h,se h,sinr,skaz,sotr","","",""
"ROM/43/126.DAT","10896","16","5","0","0","ef h,se h,sinr,skaz,sotr","","",""
"ROM/43/127.DAT","10896","16","5","0","0","ef h,se h,sinr,skaz,sotr","","",""
"ROM/43/65.DAT","1616","13","5","0","0","ef h,se h,sinr,skaz,sotr","","",""
"ROM/43/66.DAT","11792","14","5","0","0","ef h,se h,sinr,skaz,sotr","","",""
"ROM/43/67.DAT","10352","14","5","0","0","ef h,se h,sinr,skaz,sotr","","",""
"ROM/43/68.DAT","9152","14","5","0","0","ef h,se h,sinr,skaz,sotr","","",""
"ROM/43/69.DAT","12192","14","5","0","0","ef h,se h,sinr,skaz,sotr","","",""
"ROM/43/70.DAT","12752","14","5","0","0","ef h,se h,sinr,skaz,sotr","","",""
"ROM/43/71.DAT","13072","14","5","0","0","ef h,se h,sinr,skaz,sotr","","",""
"ROM/43/72.DAT","14224","14","5","0","0","ef h,se h,sinr,skaz,sotr","","",""
"ROM/43/73.DAT","10928","14","5","0","0","ef h,se h,sinr,skaz,sotr","","",""
"ROM/43/74.DAT","13616","14","5","0","0","ef h,se h,sinr,skaz,sotr","","",""
"ROM/43/75.DAT","11504","14","5","0","0","ef h,se h,sinr,skaz,sotr","","",""
"ROM/43/76.DAT","10160","14","5","0","0","ef h,se h,sinr,skaz,sotr","","",""
"ROM/43/77.DAT","13152","14","5","0","0","ef h,se h,sinr,skaz,sotr","","",""
"ROM/43/78.DAT","10848","14","5","0","0","ef h,se h,sinr,skaz,sotr","","",""
"ROM/43/80.DAT","1616","13","5","0","0","ef h,se h,sinr,skaz,sotr","","",""
"ROM/43/81.DAT","12688","16","5","0","0","ef h,se h,sinr,skaz,sotr","","",""
"ROM/43/82.DAT","12848","16","5","0","0","ef h,se h,sinr,skaz,sotr","","",""
"ROM/43/83.DAT","12848","16","5","0","0","ef h,se h,sinr,skaz,sotr","","",""
"ROM/43/84.DAT","12848","16","5","0","0","ef h,se h,sinr,skaz,sotr","","",""
"ROM/43/85.DAT","12848","16","5","0","0","ef h,se h,sinr,skaz,sotr","","",""
"ROM/43/86.DAT","14048","16","5","0","0","ef h,se h,sinr,skaz,sotr","","",""
"ROM/43/87.DAT","14912","16","5","0","0","ef h,se h,sinr,skaz,sotr","","",""
"ROM/43/88.DAT","14912","16","5","0","0","ef h,se h,sinr,skaz,sotr","","",""
"ROM/43/89.DAT","14912","16","5","0","0","ef h,se h,sinr,skaz,sotr","","",""
"ROM/43/90.DAT","14912","16","5","0","0","ef h,se h,sinr,skaz,sotr","","",""
"ROM/43/91.DAT","16688","16","5","0","0","ef h,se h,sinr,skaz,sotr","","",""
"ROM/43/92.DAT","16688","16","5","0","0","ef h,se h,sinr,skaz,sotr","","",""
"ROM/43/93.DAT","16688","16","5","0","0","ef h,se h,sinr,skaz,sotr","","",""
"ROM/43/94.DAT","13296","16","5","0","0","ef h,se h,sinr,skaz,sotr","","",""
"ROM/43/95.DAT","13072","16","5","0","0","ef h,se h,sinr,skaz,sotr","","",""
"ROM/43/96.DAT","13296","16","5","0","0","ef h,se h,sinr,skaz,sotr","","",""
"ROM/43/97.DAT","13296","16","5","0","0","ef h,se h,sinr,skaz,sotr","","",""
"ROM/43/98.DAT","13296","16","5","0","0","ef h,se h,sinr,skaz,sotr","","",""
"ROM/43/99.DAT","12368","16","5","0","0","ef h,se h,sinr,skaz,sotr","","",""
"ROM/44/0.DAT","12176","16","5","0","0","ef h,se h,sinr,skaz,sotr","","",""
"ROM/44/1.DAT","12176","16","5","0","0","ef h,se h,sinr,skaz,sotr","","",""
"ROM/44/10.DAT","11920","16","5","0","0","ef h,se h,sinr,skaz,sotr","","",""
"ROM/44/100.DAT","14896","16","5","0","0","ef h,se h,sinr,skaz,sotr","","",""
"ROM/44/101.DAT","14896","16","5","0","0","ef h,se h,sinr,skaz,sotr","","",""
"ROM/44/102.DAT","14320","16","5","0","0","ef h,se h,sinr,skaz,sotr","","",""
"ROM/44/103.DAT","14320","16","5","0","0","ef h,se h,sinr,skaz,sotr","","",""
"ROM/44/104.DAT","15280","16","5","0","0","ef h,se h,sinr,skaz,sotr","","",""
"ROM/44/105.DAT","15280","16","5","0","0","ef h,se h,sinr,skaz,sotr","","",""
"ROM/44/106.DAT","15856","16","5","0","0","ef h,se h,sinr,skaz,sotr","","",""
"ROM/44/107.DAT","15056","16","5","0","0","ef h,se h,sinr,skaz,sotr","","",""
"ROM/44/108.DAT","13200","16","5","0","0","ef h,se h,sinr,skaz,sotr","","",""
"ROM/44/109.DAT","13200","16","5","0","0","ef h,se h,sinr,skaz,sotr","","",""
"ROM/44/11.DAT","12288","16","5","0","0","ef h,se h,sinr,skaz,sotr","","",""
"ROM/44/110.DAT","13200","16","5","0","0","ef h,se h,sinr,skaz,sotr","","",""
"ROM/44/111.DAT","13200","16","5","0","0","ef h,se h,sinr,skaz,sotr","","",""
"ROM/44/112.DAT","13200","16","5","0","0","ef h,se h,sinr,skaz,sotr","","",""
"ROM/44/113.DAT","13200","16","5","0","0","ef h,se h,sinr,skaz,sotr","","",""
"ROM/44/114.DAT","13200","16","5","0","0","ef h,se h,sinr,skaz,sotr","","",""
"ROM/44/115.DAT","11856","16","5","0","0","ef h,se h,sinr,skaz,sotr","","",""
"ROM/44/116.DAT","11856","16","5","0","0","ef h,se h,sinr,skaz,sotr","","",""
"ROM/44/117.DAT","11856","16","5","0","0","ef h,se h,sinr,skaz,sotr","","",""
"ROM/44/118.DAT","11856","16","5","0","0","ef h,se h,sinr,skaz,sotr","","",""
"ROM/44/119.DAT","11856","16","5","0","0","ef h,se h,sinr,skaz,sotr","","",""
"ROM/44/12.DAT","12288","16","5","0","0","ef h,se h,sinr,skaz,sotr","","",""
"ROM/44/120.DAT","11856","16","5","0","0","ef h,se h,sinr,skaz,sotr","","",""
"ROM/44/121.DAT","11856","16","5","0","0","ef h,se h,sinr,skaz,sotr","","",""
"ROM/44/122.DAT","11856","16","5","0","0","ef h,se h,sinr,skaz,sotr","","",""
"ROM/44/123.DAT","13488","16","5","0","0","ef h,se h,sinr,skaz,sotr","","",""
"ROM/44/124.DAT","12608","16","5","0","0","ef h,se h,sinr,skaz,sotr","","",""
"ROM/44/125.DAT","12608","16","5","0","0","ef h,se h,sinr,skaz,sotr","","",""
"ROM/44/126.DAT","12608","16","5","0","0","ef h,se h,sinr,skaz,sotr","","",""
"ROM/44/127.DAT","12608","16","5","0","0","ef h,se h,sinr,skaz,sotr","","",""
"ROM/44/13.DAT","12288","16","5","0","0","ef h,se h,sinr,skaz,sotr","","",""
"ROM/44/14.DAT","12288","16","5","0","0","ef h,se h,sinr,skaz,sotr","","",""
"ROM/44/15.DAT","12288","16","5","0","0","ef h,se h,sinr,skaz,sotr","","",""
"ROM/44/16.DAT","10832","16","5","0","0","ef h,se h,sinr,skaz,sotr","","",""
"ROM/44/17.DAT","10832","16","5","0","0","ef h,se h,sinr,skaz,sotr","","",""
"ROM/44/18.DAT","10832","16","5","0","0","ef h,se h,sinr,skaz,sotr","","",""
"ROM/44/19.DAT","11424","16","5","0","0","ef h,se h,sinr,skaz,sotr","","",""
"ROM/44/2.DAT","16560","16","5","0","0","ef h,se h,sinr,skaz,sotr","","",""
"ROM/44/20.DAT","11424","16","5","0","0","ef h,se h,sinr,skaz,sotr","","",""
"ROM/44/21.DAT","11424","16","5","0","0","ef h,se h,sinr,skaz,sotr","","",""
"ROM/44/22.DAT","11424","16","5","0","0","ef h,se h,sinr,skaz,sotr","","",""
"ROM/44/23.DAT","11424","16","5","0","0","ef h,se h,sinr,skaz,sotr","","",""
"ROM/44/24.DAT","12112","16","5","0","0","ef h,se h,sinr,skaz,sotr","","",""
"ROM/44/25.DAT","12112","16","5","0","0","ef h,se h,sinr,skaz,sotr","","",""
"ROM/44/26.DAT","12704","16","5","0","0","ef h,se h,sinr,skaz,sotr","","",""
"ROM/44/27.DAT","12704","16","5","0","0","ef h,se h,sinr,skaz,sotr","","",""
"ROM/44/28.DAT","12704","16","5","0","0","ef h,se h,sinr,skaz,sotr","","",""
"ROM/44/29.DAT","12704","16","5","0","0","ef h,se h,sinr,skaz,sotr","","",""
"ROM/44/3.DAT","16560","16","5","0","0","ef h,se h,sinr,skaz,sotr","","",""
"ROM/44/30.DAT","13024","16","5","0","0","ef h,se h,sinr,skaz,sotr","","",""
"ROM/44/31.DAT","13024","16","5","0","0","ef h,se h,sinr,skaz,sotr","","",""
"ROM/44/32.DAT","13024","16","5","0","0","ef h,se h,sinr,skaz,sotr","","",""
"ROM/44/33.DAT","14128","16","5","0","0","ef h,se h,sinr,skaz,sotr","","",""
"ROM/44/34.DAT","11872","16","5","0","0","ef h,se h,sinr,skaz,sotr","","",""
"ROM/44/35.DAT","11872","16","5","0","0","ef h,se h,sinr,skaz,sotr","","",""
"ROM/44/36.DAT","11872","16","5","0","0","ef h,se h,sinr,skaz,sotr","","",""
"ROM/44/37.DAT","11872","16","5","0","0","ef h,se h,sinr,skaz,sotr","","",""
"ROM/44/38.DAT","9760","16","5","0","0","ef h,se h,sinr,skaz,sotr","","",""
"ROM/44/39.DAT","9760","16","5","0","0","ef h,se h,sinr,skaz,sotr","","",""
"ROM/44/4.DAT","16560","16","5","0","0","ef h,se h,sinr,skaz,sotr","","",""
"ROM/44/40.DAT","13008","16","5","0","0","ef h,se h,sinr,skaz,sotr","","",""
"ROM/44/41.DAT","11920","16","5","0","0","ef h,se h,sinr,skaz,sotr","","",""
"ROM/44/42.DAT","11920","16","5","0","0","ef h,se h,sinr,skaz,sotr","","",""
"ROM/44/43.DAT","13568","16","5","0","0","ef h,se h,sinr,skaz,sotr","","",""
"ROM/44/44.DAT","13568","16","5","0","0","ef h,se h,sinr,skaz,sotr","","",""
"ROM/44/45.DAT","13568","16","5","0","0","ef h,se h,sinr,skaz,sotr","","",""
"ROM/44/46.DAT","13568","16","5","0","0","ef h,se h,sinr,skaz,sotr","","",""
"ROM/44/47.DAT","10448","16","5","0","0","ef h,se h,sinr,skaz,sotr","","",""
"ROM/44/48.DAT","10448","16","5","0","0","ef h,se h,sinr,skaz,sotr","","",""
"ROM/44/49.DAT","10448","16","5","0","0","ef h,se h,sinr,skaz,sotr","","",""
"ROM/44/5.DAT","16560","16","5","0","0","ef h,se h,sinr,skaz,sotr","","",""
"ROM/44/50.DAT","10448","16","5","0","0","ef h,se h,sinr,skaz,sotr","","",""
"ROM/44/51.DAT","10448","16","5","0","0","ef h,se h,sinr,skaz,sotr","","",""
"ROM/44/52.DAT","10448","16","5","0","0","ef h,se h,sinr,skaz,sotr","","",""
"ROM/44/53.DAT","11152","16","5","0","0","ef h,se h,sinr,skaz,sotr","","",""
"ROM/44/54.DAT","11152","16","5","0","0","ef h,se h,sinr,skaz,sotr","","",""
"ROM/44/55.DAT","11152","16","5","0","0","ef h,se h,sinr,skaz,sotr","","",""
"ROM/44/56.DAT","11152","16","5","0","0","ef h,se h,sinr,skaz,sotr","","",""
"ROM/44/57.DAT","11152","16","5","0","0","ef h,se h,sinr,skaz,sotr","","",""
"ROM/44/58.DAT","12768","16","5","0","0","ef h,se h,sinr,skaz,sotr","","",""
"ROM/44/59.DAT","12768","16","5","0","0","ef h,se h,sinr,skaz,sotr","","",""
"ROM/44/6.DAT","16560","16","5","0","0","ef h,se h,sinr,skaz,sotr","","",""
"ROM/44/60.DAT","12768","16","5","0","0","ef h,se h,sinr,skaz,sotr","","",""
"ROM/44/61.DAT","13440","16","5","0","0","ef h,se h,sinr,skaz,sotr","","",""
"ROM/44/62.DAT","13440","16","5","0","0","ef h,se h,sinr,skaz,sotr","","",""
"ROM/44/63.DAT","13440","16","5","0","0","ef h,se h,sinr,skaz,sotr","","",""
"ROM/44/64.DAT","13440","16","5","0","0","ef h,se h,sinr,skaz,sotr","","",""
"ROM/44/65.DAT","14752","16","5","0","0","ef h,se h,sinr,skaz,sotr","","",""
"ROM/44/66.DAT","14752","16","5","0","0","ef h,se h,sinr,skaz,sotr","","",""
"ROM/44/67.DAT","12624","16","5","0","0","ef h,se h,sinr,skaz,sotr","","",""
"ROM/44/68.DAT","12576","16","5","0","0","ef h,se h,sinr,skaz,sotr","","",""
"ROM/44/69.DAT","12960","16","5","0","0","ef h,se h,sinr,skaz,sotr","","",""
"ROM/44/7.DAT","11888","16","5","0","0","ef h,se h,sinr,skaz,sotr","","",""
"ROM/44/70.DAT","10528","16","5","0","0","ef h,se h,sinr,skaz,sotr","","",""
"ROM/44/71.DAT","12160","16","5","0","0","ef h,se h,sinr,skaz,sotr","","",""
"ROM/44/72.DAT","11312","16","5","0","0","ef h,se h,sinr,skaz,sotr","","",""
"ROM/44/73.DAT","11312","16","5","0","0","ef h,se h,sinr,skaz,sotr","","",""
"ROM/44/74.DAT","11312","16","5","0","0","ef h,se h,sinr,skaz,sotr","","",""
"ROM/44/75.DAT","12096","16","5","0","0","ef h,se h,sinr,skaz,sotr","","",""
"ROM/44/76.DAT","12096","16","5","0","0","ef h,se h,sinr,skaz,sotr","","",""
"ROM/44/77.DAT","12096","16","5","0","0","ef h,se h,sinr,skaz,sotr","","",""
"ROM/44/78.DAT","12096","16","5","0","0","ef h,se h,sinr,skaz,sotr","","",""
"ROM/44/79.DAT","12096","16","5","0","0","ef h,se h,sinr,skaz,sotr","","",""
"ROM/44/8.DAT","11920","16","5","0","0","ef h,se h,sinr,skaz,sotr","","",""
"ROM/44/80.DAT","12560","16","5","0","0","ef h,se h,sinr,skaz,sotr","","",""
"ROM/44/81.DAT","12560","16","5","0","0","ef h,se h,sinr,skaz,sotr","","",""
"ROM/44/82.DAT","12560","16","5","0","0","ef h,se h,sinr,skaz,sotr","","",""
"ROM/44/83.DAT","12560","16","5","0","0","ef h,se h,sinr,skaz,sotr","","",""
"ROM/44/84.DAT","11120","16","5","0","0","ef h,se h,sinr,skaz,sotr","","",""
"ROM/44/85.DAT","11040","16","5","0","0","ef h,se h,sinr,skaz,sotr","","",""
"ROM/44/86.DAT","11120","16","5","0","0","ef h,se h,sinr,skaz,sotr","","",""
"ROM/44/87.DAT","12944","16","5","0","0","ef h,se h,sinr,skaz,sotr","","",""
"ROM/44/88.DAT","12944","16","5","0","0","ef h,se h,sinr,skaz,sotr","","",""
"ROM/44/89.DAT","12944","16","5","0","0","ef h,se h,sinr,skaz,sotr","","",""
"ROM/44/9.DAT","11920","16","5","0","0","ef h,se h,sinr,skaz,sotr","","",""
"ROM/44/90.DAT","12944","16","5","0","0","ef h,se h,sinr,skaz,sotr","","",""
"ROM/44/91.DAT","15888","16","5","0","0","ef h,se h,sinr,skaz,sotr","","",""
"ROM/44/92.DAT","13920","16","5","0","0","ef h,se h,sinr,skaz,sotr","","",""
"ROM/44/93.DAT","14688","16","5","0","0","ef h,se h,sinr,skaz,sotr","","",""
"ROM/44/94.DAT","14688","16","5","0","0","ef h,se h,sinr,skaz,sotr","","",""
"ROM/44/95.DAT","14688","16","5","0","0","ef h,se h,sinr,skaz,sotr","","",""
"ROM/44/96.DAT","14688","16","5","0","0","ef h,se h,sinr,skaz,sotr","","",""
"ROM/44/97.DAT","14688","16","5","0","0","ef h,se h,sinr,skaz,sotr","","",""
"ROM/44/98.DAT","14688","16","5","0","0","ef h,se h,sinr,skaz,sotr","","",""
"ROM/44/99.DAT","14896","16","5","0","0","ef h,se h,sinr,skaz,sotr","","",""
"ROM/45/0.DAT","12608","16","5","0","0","ef h,se h,sinr,skaz,sotr","","",""
"ROM/45/1.DAT","12608","16","5","0","0","ef h,se h,sinr,skaz,sotr","","",""
"ROM/45/10.DAT","14560","16","5","0","0","ef h,se h,sinr,skaz,sotr","","",""
"ROM/45/11.DAT","12320","16","5","0","0","ef h,se h,sinr,skaz,sotr","","",""
"ROM/45/12.DAT","12288","16","5","0","0","ef h,se h,sinr,skaz,sotr","","",""
"ROM/45/125.DAT","1680","15","5","0","0","eflg,kalg,lgin,lgot,selg","","",""
"ROM/45/126.DAT","1680","15","5","0","0","eflg,kalg,lgin,lgot,selg","","",""
"ROM/45/13.DAT","12288","16","5","0","0","ef h,se h,sinr,skaz,sotr","","",""
"ROM/45/14.DAT","12288","16","5","0","0","ef h,se h,sinr,skaz,sotr","","",""
"ROM/45/15.DAT","12288","16","5","0","0","ef h,se h,sinr,skaz,sotr","","",""
"ROM/45/16.DAT","13776","16","5","0","0","ef h,se h,sinr,skaz,sotr","","",""
"ROM/45/17.DAT","11296","16","5","0","0","ef h,se h,sinr,skaz,sotr","","",""
"ROM/45/18.DAT","11296","16","5","0","0","ef h,se h,sinr,skaz,sotr","","",""
"ROM/45/19.DAT","11296","16","5","0","0","ef h,se h,sinr,skaz,sotr","","",""
"ROM/45/2.DAT","11184","16","5","0","0","ef h,se h,sinr,skaz,sotr","","",""
"ROM/45/20.DAT","11296","16","5","0","0","ef h,se h,sinr,skaz,sotr","","",""
"ROM/45/21.DAT","13920","16","5","0","0","ef h,se h,sinr,skaz,sotr","","",""
"ROM/45/22.DAT","13920","16","5","0","0","ef h,se h,sinr,skaz,sotr","","",""
"ROM/45/23.DAT","13920","16","5","0","0","ef h,se h,sinr,skaz,sotr","","",""
"ROM/45/24.DAT","13920","16","5","0","0","ef h,se h,sinr,skaz,sotr","","",""
"ROM/45/25.DAT","13920","16","5","0","0","ef h,se h,sinr,skaz,sotr","","",""
"ROM/45/26.DAT","15072","16","5","0","0","ef h,se h,sinr,skaz,sotr","","",""
"ROM/45/27.DAT","15072","16","5","0","0","ef h,se h,sinr,skaz,sotr","","",""
"ROM/45/28.DAT","15072","16","5","0","0","ef h,se h,sinr,skaz,sotr","","",""
"ROM/45/29.DAT","11840","16","5","0","0","ef h,se h,sinr,skaz,sotr","","",""
"ROM/45/3.DAT","14352","16","5","0","0","ef h,se h,sinr,skaz,sotr","","",""
"ROM/45/30.DAT","11840","16","5","0","0","ef h,se h,sinr,skaz,sotr","","",""
"ROM/45/31.DAT","11840","16","5","0","0","ef h,se h,sinr,skaz,sotr","","",""
"ROM/45/32.DAT","11840","16","5","0","0","ef h,se h,sinr,skaz,sotr","","",""
"ROM/45/33.DAT","11856","16","5","0","0","ef h,se h,sinr,skaz,sotr","","",""
"ROM/45/34.DAT","13200","16","5","0","0","ef h,se h,sinr,skaz,sotr","","",""
"ROM/45/35.DAT","13200","16","5","0","0","ef h,se h,sinr,skaz,sotr","","",""
"ROM/45/36.DAT","14448","16","5","0","0","ef h,se h,sinr,skaz,sotr","","",""
"ROM/45/37.DAT","14448","16","5","0","0","ef h,se h,sinr,skaz,sotr","","",""
"ROM/45/38.DAT","14448","16","5","0","0","ef h,se h,sinr,skaz,sotr","","",""
"ROM/45/39.DAT","14448","16","5","0","0","ef h,se h,sinr,skaz,sotr","","",""
"ROM/45/4.DAT","14560","16","5","0","0","ef h,se h,sinr,skaz,sotr","","",""
"ROM/45/40.DAT","16048","16","5","0","0","ef h,se h,sinr,skaz,sotr","","",""
"ROM/45/41.DAT","16032","16","5","0","0","ef h,se h,sinr,skaz,sotr","","",""
"ROM/45/42.DAT","16032","16","5","0","0","ef h,se h,sinr,skaz,sotr","","",""
"ROM/45/43.DAT","16032","16","5","0","0","ef h,se h,sinr,skaz,sotr","","",""
"ROM/45/44.DAT","15584","16","5","0","0","ef h,se h,sinr,skaz,sotr","","",""
"ROM/45/45.DAT","12144","16","5","0","0","ef h,se h,sinr,skaz,sotr","","",""
"ROM/45/46.DAT","12144","16","5","0","0","ef h,se h,sinr,skaz,sotr","","",""
"ROM/45/47.DAT","12928","16","5","0","0","ef h,se h,sinr,skaz,sotr","","",""
"ROM/45/48.DAT","14400","16","5","0","0","ef h,se h,sinr,skaz,sotr","","",""
"ROM/45/49.DAT","16704","16","5","0","0","ef h,se h,sinr,skaz,sotr","","",""
"ROM/45/5.DAT","14560","16","5","0","0","ef h,se h,sinr,skaz,sotr","","",""
"ROM/45/50.DAT","17568","16","5","0","0","ef h,se h,sinr,skaz,sotr","","",""
"ROM/45/51.DAT","10640","16","5","0","0","ef h,se h,sinr,skaz,sotr","","",""
"ROM/45/52.DAT","10640","16","5","0","0","ef h,se h,sinr,skaz,sotr","","",""
"ROM/45/53.DAT","10640","16","5","0","0","ef h,se h,sinr,skaz,sotr","","",""
"ROM/45/54.DAT","10640","16","5","0","0","ef h,se h,sinr,skaz,sotr","","",""
"ROM/45/55.DAT","11584","16","5","0","0","ef h,se h,sinr,skaz,sotr","","",""
"ROM/45/56.DAT","11584","16","5","0","0","ef h,se h,sinr,skaz,sotr","","",""
"ROM/45/57.DAT","11632","16","5","0","0","ef h,se h,sinr,skaz,sotr","","",""
"ROM/45/58.DAT","13392","16","5","0","0","ef h,se h,sinr,skaz,sotr","","",""
"ROM/45/59.DAT","13392","16","5","0","0","ef h,se h,sinr,skaz,sotr","","",""
"ROM/45/6.DAT","14560","16","5","0","0","ef h,se h,sinr,skaz,sotr","","",""
"ROM/45/60.DAT","13072","16","5","0","0","ef h,se h,sinr,skaz,sotr","","",""
"ROM/45/61.DAT","13072","16","5","0","0","ef h,se h,sinr,skaz,sotr","","",""
"ROM/45/62.DAT","13072","16","5","0","0","ef h,se h,sinr,skaz,sotr","","",""
"ROM/45/63.DAT","13072","16","5","0","0","ef h,se h,sinr,skaz,sotr","","",""
"ROM/45/64.DAT","13072","16","5","0","0","ef h,se h,sinr,skaz,sotr","","",""
"ROM/45/65.DAT","13072","16","5","0","0","ef h,se h,sinr,skaz,sotr","","",""
"ROM/45/66.DAT","13072","16","5","0","0","ef h,se h,sinr,skaz,sotr","","",""
"ROM/45/67.DAT","15264","16","5","0","0","ef h,se h,sinr,skaz,sotr","","",""
"ROM/45/68.DAT","16272","16","5","0","0","ef h,se h,sinr,skaz,sotr","","",""
"ROM/45/69.DAT","15024","16","5","0","0","ef h,se h,sinr,skaz,sotr","","",""
"ROM/45/7.DAT","14560","16","5","0","0","ef h,se h,sinr,skaz,sotr","","",""
"ROM/45/8.DAT","14560","16","5","0","0","ef h,se h,sinr,skaz,sotr","","",""
"ROM/45/9.DAT","14560","16","5","0","0","ef h,se h,sinr,skaz,sotr","","",""
"ROM/46/10.DAT","17392","17","5","0","0","eflg,kalg,lgin,lgot,selg","","",""
"ROM/46/11.DAT","17392","17","5","0","0","eflg,kalg,lgin,lgot,selg","","",""
"ROM/46/12.DAT","17392","17","5","0","0","eflg,kalg,lgin,lgot,selg","","",""
"ROM/46/13.DAT","12704","17","5","0","0","eflg,kalg,lgin,lgot,selg","","",""
"ROM/46/14.DAT","12704","17","5","0","0","eflg,kalg,lgin,lgot,selg","","",""
"ROM/46/15.DAT","12704","17","5","0","0","eflg,kalg,lgin,lgot,selg","","",""
"ROM/46/16.DAT","12704","17","5","0","0","eflg,kalg,lgin,lgot,selg","","",""
"ROM/46/17.DAT","12704","17","5","0","0","eflg,kalg,lgin,lgot,selg","","",""
"ROM/46/18.DAT","12704","17","5","0","0","eflg,kalg,lgin,lgot,selg","","",""
"ROM/46/19.DAT","12704","17","5","0","0","eflg,kalg,lgin,lgot,selg","","",""
"ROM/46/20.DAT","12704","17","5","0","0","eflg,kalg,lgin,lgot,selg","","",""
"ROM/46/21.DAT","12704","17","5","0","0","eflg,kalg,lgin,lgot,selg","","",""
"ROM/46/22.DAT","12704","17","5","0","0","eflg,kalg,lgin,lgot,selg","","",""
"ROM/46/23.DAT","12704","17","5","0","0","eflg,kalg,lgin,lgot,selg","","",""
"ROM/46/24.DAT","12704","17","5","0","0","eflg,kalg,lgin,lgot,selg","","",""
"ROM/46/25.DAT","12704","17","5","0","0","eflg,kalg,lgin,lgot,selg","","",""
"ROM/46/26.DAT","20144","17","5","0","0","eflg,kalg,lgin,lgot,selg","","",""
"ROM/46/27.DAT","12752","17","5","0","0","eflg,kalg,lgin,lgot,selg","","",""
"ROM/46/28.DAT","12752","17","5","0","0","eflg,kalg,lgin,lgot,selg","","",""
"ROM/46/29.DAT","12752","17","5","0","0","eflg,kalg,lgin,lgot,selg","","",""
"ROM/46/30.DAT","12752","17","5","0","0","eflg,kalg,lgin,lgot,selg","","",""
"ROM/46/31.DAT","12752","17","5","0","0","eflg,kalg,lgin,lgot,selg","","",""
"ROM/46/32.DAT","13280","16","5","0","0","eflg,kalg,lgin,lgot,selg","","",""
"ROM/46/33.DAT","13232","16","5","0","0","eflg,kalg,lgin,lgot,selg","","",""
"ROM/46/34.DAT","13184","16","5","0","0","eflg,kalg,lgin,lgot,selg","","",""
"ROM/46/35.DAT","13136","16","5","0","0","eflg,kalg,lgin,lgot,selg","","",""
"ROM/46/36.DAT","15104","16","5","0","0","eflg,kalg,lgin,lgot,selg","","",""
"ROM/46/37.DAT","16496","16","5","0","0","eflg,kalg,lgin,lgot,selg","","",""
"ROM/46/38.DAT","12336","16","5","0","0","eflg,kalg,lgin,lgot,selg","","",""
"ROM/46/39.DAT","9968","16","5","0","0","eflg,kalg,lgin,lgot,selg","","",""
"ROM/46/4.DAT","10592","16","5","0","0","eflg,kalg,lgin,lgot,selg","","",""
"ROM/46/40.DAT","9968","16","5","0","0","eflg,kalg,lgin,lgot,selg","","",""
"ROM/46/41.DAT","9968","16","5","0","0","eflg,kalg,lgin,lgot,selg","","",""
"ROM/46/42.DAT","10016","16","5","0","0","eflg,kalg,lgin,lgot,selg","","",""
"ROM/46/43.DAT","10832","16","5","0","0","eflg,kalg,lgin,lgot,selg","","",""
"ROM/46/44.DAT","10832","16","5","0","0","eflg,kalg,lgin,lgot,selg","","",""
"ROM/46/45.DAT","10832","16","5","0","0","eflg,kalg,lgin,lgot,selg","","",""
"ROM/46/46.DAT","10832","16","5","0","0","eflg,kalg,lgin,lgot,selg","","",""
"ROM/46/47.DAT","14368","16","5","0","0","eflg,kalg,lgin,lgot,selg","","",""
"ROM/46/48.DAT","14368","16","5","0","0","eflg,kalg,lgin,lgot,selg","","",""
"ROM/46/49.DAT","14368","16","5","0","0","eflg,kalg,lgin,lgot,selg","","",""
"ROM/46/5.DAT","9328","16","5","0","0","eflg,kalg,lgin,lgot,selg","","",""
"ROM/46/50.DAT","14368","16","5","0","0","eflg,kalg,lgin,lgot,selg","","",""
"ROM/46/51.DAT","14368","16","5","0","0","eflg,kalg,lgin,lgot,selg","","",""
"ROM/46/52.DAT","14368","16","5","0","0","eflg,kalg,lgin,lgot,selg","","",""
"ROM/46/53.DAT","14368","16","5","0","0","eflg,kalg,lgin,lgot,selg","","",""
"ROM/46/54.DAT","14368","16","5","0","0","eflg,kalg,lgin,lgot,selg","","",""
"ROM/46/55.DAT","14368","16","5","0","0","eflg,kalg,lgin,lgot,selg","","",""
"ROM/46/56.DAT","14368","16","5","0","0","eflg,kalg,lgin,lgot,selg","","",""
"ROM/46/6.DAT","12768","17","5","0","0","eflg,kalg,lgin,lgot,selg","","",""
"ROM/46/7.DAT","17392","17","5","0","0","eflg,kalg,lgin,lgot,selg","","",""
"ROM/46/8.DAT","17392","17","5","0","0","eflg,kalg,lgin,lgot,selg","","",""
"ROM/46/9.DAT","17392","17","5","0","0","eflg,kalg,lgin,lgot,selg","","",""
"ROM/48/100.DAT","12288","16","5","0","0","ef h,se h,sinr,skaz,sotr","","",""
"ROM/48/101.DAT","12288","16","5","0","0","ef h,se h,sinr,skaz,sotr","","",""
"ROM/48/102.DAT","12288","16","5","0","0","ef h,se h,sinr,skaz,sotr","","",""
"ROM/48/103.DAT","12288","16","5","0","0","ef h,se h,sinr,skaz,sotr","","",""
"ROM/48/104.DAT","12288","16","5","0","0","ef h,se h,sinr,skaz,sotr","","",""
"ROM/48/105.DAT","10832","16","5","0","0","ef h,se h,sinr,skaz,sotr","","",""
"ROM/48/106.DAT","10832","16","5","0","0","ef h,se h,sinr,skaz,sotr","","",""
"ROM/48/107.DAT","10832","16","5","0","0","ef h,se h,sinr,skaz,sotr","","",""
"ROM/48/108.DAT","11424","16","5","0","0","ef h,se h,sinr,skaz,sotr","","",""
"ROM/48/109.DAT","11424","16","5","0","0","ef h,se h,sinr,skaz,sotr","","",""
"ROM/48/110.DAT","11424","16","5","0","0","ef h,se h,sinr,skaz,sotr","","",""
"ROM/48/111.DAT","11424","16","5","0","0","ef h,se h,sinr,skaz,sotr","","",""
"ROM/48/112.DAT","11424","16","5","0","0","ef h,se h,sinr,skaz,sotr","","",""
"ROM/48/113.DAT","12112","16","5","0","0","ef h,se h,sinr,skaz,sotr","","",""
"ROM/48/114.DAT","12112","16","5","0","0","ef h,se h,sinr,skaz,sotr","","",""
"ROM/48/115.DAT","12704","16","5","0","0","ef h,se h,sinr,skaz,sotr","","",""
"ROM/48/116.DAT","12704","16","5","0","0","ef h,se h,sinr,skaz,sotr","","",""
"ROM/48/117.DAT","12704","16","5","0","0","ef h,se h,sinr,skaz,sotr","","",""
"ROM/48/118.DAT","12704","16","5","0","0","ef h,se h,sinr,skaz,sotr","","",""
"ROM/48/119.DAT","13024","16","5","0","0","ef h,se h,sinr,skaz,sotr","","",""
"ROM/48/120.DAT","13024","16","5","0","0","ef h,se h,sinr,skaz,sotr","","",""
"ROM/48/121.DAT","13024","16","5","0","0","ef h,se h,sinr,skaz,sotr","","",""
"ROM/48/122.DAT","14128","16","5","0","0","ef h,se h,sinr,skaz,sotr","","",""
"ROM/48/123.DAT","11872","16","5","0","0","ef h,se h,sinr,skaz,sotr","","",""
"ROM/48/124.DAT","11872","16","5","0","0","ef h,se h,sinr,skaz,sotr","","",""
"ROM/48/125.DAT","11872","16","5","0","0","ef h,se h,sinr,skaz,sotr","","",""
"ROM/48/126.DAT","11872","16","5","0","0","ef h,se h,sinr,skaz,sotr","","",""
"ROM/48/127.DAT","9760","16","5","0","0","ef h,se h,sinr,skaz,sotr","","",""
"ROM/48/26.DAT","1600","13","5","0","0","ef h,se h,sinr,skaz,sotr","","",""
"ROM/48/27.DAT","11792","14","5","0","0","ef h,se h,sinr,skaz,sotr","","",""
"ROM/48/28.DAT","10128","14","5","0","0","ef h,se h,sinr,skaz,sotr","","",""
"ROM/48/29.DAT","8800","14","5","0","0","ef h,se h,sinr,skaz,sotr","","",""
"ROM/48/30.DAT","11904","14","5","0","0","ef h,se h,sinr,skaz,sotr","","",""
"ROM/48/31.DAT","12464","14","5","0","0","ef h,se h,sinr,skaz,sotr","","",""
"ROM/48/32.DAT","12320","14","5","0","0","ef h,se h,sinr,skaz,sotr","","",""
"ROM/48/33.DAT","13200","14","5","0","0","ef h,se h,sinr,skaz,sotr","","",""
"ROM/48/34.DAT","10688","14","5","0","0","ef h,se h,sinr,skaz,sotr","","",""
"ROM/48/35.DAT","13200","14","5","0","0","ef h,se h,sinr,skaz,sotr","","",""
"ROM/48/36.DAT","11216","14","5","0","0","ef h,se h,sinr,skaz,sotr","","",""
"ROM/48/37.DAT","9616","14","5","0","0","ef h,se h,sinr,skaz,sotr","","",""
"ROM/48/38.DAT","12880","14","5","0","0","ef h,se h,sinr,skaz,sotr","","",""
"ROM/48/39.DAT","10080","14","5","0","0","ef h,se h,sinr,skaz,sotr","","",""
"ROM/48/40.DAT","9968","14","5","0","0","ef h,se h,sinr,skaz,sotr","","",""
"ROM/48/41.DAT","1600","13","5","0","0","ef h,se h,sinr,skaz,sotr","","",""
"ROM/48/42.DAT","12688","16","5","0","0","ef h,se h,sinr,skaz,sotr","","",""
"ROM/48/43.DAT","12848","16","5","0","0","ef h,se h,sinr,skaz,sotr","","",""
"ROM/48/44.DAT","12848","16","5","0","0","ef h,se h,sinr,skaz,sotr","","",""
"ROM/48/45.DAT","12848","16","5","0","0","ef h,se h,sinr,skaz,sotr","","",""
"ROM/48/46.DAT","12848","16","5","0","0","ef h,se h,sinr,skaz,sotr","","",""
"ROM/48/47.DAT","14048","16","5","0","0","ef h,se h,sinr,skaz,sotr","","",""
"ROM/48/48.DAT","14912","16","5","0","0","ef h,se h,sinr,skaz,sotr","","",""
"ROM/48/49.DAT","14912","16","5","0","0","ef h,se h,sinr,skaz,sotr","","",""
"ROM/48/50.DAT","14912","16","5","0","0","ef h,se h,sinr,skaz,sotr","","",""
"ROM/48/51.DAT","14912","16","5","0","0","ef h,se h,sinr,skaz,sotr","","",""
"ROM/48/52.DAT","16688","16","5","0","0","ef h,se h,sinr,skaz,sotr","","",""
"ROM/48/53.DAT","16688","16","5","0","0","ef h,se h,sinr,skaz,sotr","","",""
"ROM/48/54.DAT","16688","16","5","0","0","ef h,se h,sinr,skaz,sotr","","",""
"ROM/48/55.DAT","13296","16","5","0","0","ef h,se h,sinr,skaz,sotr","","",""
"ROM/48/56.DAT","13072","16","5","0","0","ef h,se h,sinr,skaz,sotr","","",""
"ROM/48/57.DAT","13296","16","5","0","0","ef h,se h,sinr,skaz,sotr","","",""
"ROM/48/58.DAT","13296","16","5","0","0","ef h,se h,sinr,skaz,sotr","","",""
"ROM/48/59.DAT","13296","16","5","0","0","ef h,se h,sinr,skaz,sotr","","",""
"ROM/48/60.DAT","12368","16","5","0","0","ef h,se h,sinr,skaz,sotr","","",""
"ROM/48/61.DAT","12368","16","5","0","0","ef h,se h,sinr,skaz,sotr","","",""
"ROM/48/62.DAT","12368","16","5","0","0","ef h,se h,sinr,skaz,sotr","","",""
"ROM/48/63.DAT","14544","16","5","0","0","ef h,se h,sinr,skaz,sotr","","",""
"ROM/48/64.DAT","12288","16","5","0","0","ef h,se h,sinr,skaz,sotr","","",""
"ROM/48/65.DAT","12736","16","5","0","0","ef h,se h,sinr,skaz,sotr","","",""
"ROM/48/66.DAT","12736","16","5","0","0","ef h,se h,sinr,skaz,sotr","","",""
"ROM/48/67.DAT","12736","16","5","0","0","ef h,se h,sinr,skaz,sotr","","",""
"ROM/48/68.DAT","12736","16","5","0","0","ef h,se h,sinr,skaz,sotr","","",""
"ROM/48/69.DAT","12736","16","5","0","0","ef h,se h,sinr,skaz,sotr","","",""
"ROM/48/70.DAT","10896","16","5","0","0","ef h,se h,sinr,skaz,sotr","","",""
"ROM/48/71.DAT","14320","16","5","0","0","ef h,se h,sinr,skaz,sotr","","",""
"ROM/48/72.DAT","14320","16","5","0","0","ef h,se h,sinr,skaz,sotr","","",""
"ROM/48/73.DAT","14320","16","5","0","0","ef h,se h,sinr,skaz,sotr","","",""
"ROM/48/74.DAT","14320","16","5","0","0","ef h,se h,sinr,skaz,sotr","","",""
"ROM/48/75.DAT","16768","16","5","0","0","ef h,se h,sinr,skaz,sotr","","",""
"ROM/48/76.DAT","18080","16","5","0","0","ef h,se h,sinr,skaz,sotr","","",""
"ROM/48/77.DAT","18080","16","5","0","0","ef h,se h,sinr,skaz,sotr","","",""
"ROM/48/78.DAT","22064","16","5","0","0","ef h,se h,sinr,skaz,sotr","","",""
"ROM/48/79.DAT","11024","16","5","0","0","ef h,se h,sinr,skaz,sotr","","",""
"ROM/48/80.DAT","11024","16","5","0","0","ef h,se h,sinr,skaz,sotr","","",""
"ROM/48/81.DAT","12480","16","5","0","0","ef h,se h,sinr,skaz,sotr","","",""
"ROM/48/82.DAT","12480","16","5","0","0","ef h,se h,sinr,skaz,sotr","","",""
"ROM/48/83.DAT","12480","16","5","0","0","ef h,se h,sinr,skaz,sotr","","",""
"ROM/48/84.DAT","12480","16","5","0","0","ef h,se h,sinr,skaz,sotr","","",""
"ROM/48/85.DAT","12480","16","5","0","0","ef h,se h,sinr,skaz,sotr","","",""
"ROM/48/86.DAT","12480","16","5","0","0","ef h,se h,sinr,skaz,sotr","","",""
"ROM/48/87.DAT","10896","16","5","0","0","ef h,se h,sinr,skaz,sotr","","",""
"ROM/48/88.DAT","10896","16","5","0","0","ef h,se h,sinr,skaz,sotr","","",""
"ROM/48/89.DAT","12176","16","5","0","0","ef h,se h,sinr,skaz,sotr","","",""
"ROM/48/90.DAT","12176","16","5","0","0","ef h,se h,sinr,skaz,sotr","","",""
"ROM/48/91.DAT","16560","16","5","0","0","ef h,se h,sinr,skaz,sotr","","",""
"ROM/48/92.DAT","16560","16","5","0","0","ef h,se h,sinr,skaz,sotr","","",""
"ROM/48/93.DAT","16560","16","5","0","0","ef h,se h,sinr,skaz,sotr","","",""
"ROM/48/94.DAT","16560","16","5","0","0","ef h,se h,sinr,skaz,sotr","","",""
"ROM/48/95.DAT","16560","16","5","0","0","ef h,se h,sinr,skaz,sotr","","",""
"ROM/48/96.DAT","11888","16","5","0","0","ef h,se h,sinr,skaz,sotr","","",""
"ROM/48/97.DAT","11920","16","5","0","0","ef h,se h,sinr,skaz,sotr","","",""
"ROM/48/98.DAT","11920","16","5","0","0","ef h,se h,sinr,skaz,sotr","","",""
"ROM/48/99.DAT","11920","16","5","0","0","ef h,se h,sinr,skaz,sotr","","",""
"ROM/49/0.DAT","9760","16","5","0","0","ef h,se h,sinr,skaz,sotr","","",""
"ROM/49/1.DAT","13008","16","5","0","0","ef h,se h,sinr,skaz,sotr","","",""
"ROM/49/10.DAT","10448","16","5","0","0","ef h,se h,sinr,skaz,sotr","","",""
"ROM/49/100.DAT","12288","16","5","0","0","ef h,se h,sinr,skaz,sotr","","",""
"ROM/49/101.DAT","12288","16","5","0","0","ef h,se h,sinr,skaz,sotr","","",""
"ROM/49/102.DAT","12288","16","5","0","0","ef h,se h,sinr,skaz,sotr","","",""
"ROM/49/103.DAT","12288","16","5","0","0","ef h,se h,sinr,skaz,sotr","","",""
"ROM/49/104.DAT","12288","16","5","0","0","ef h,se h,sinr,skaz,sotr","","",""
"ROM/49/105.DAT","13776","16","5","0","0","ef h,se h,sinr,skaz,sotr","","",""
"ROM/49/106.DAT","11296","16","5","0","0","ef h,se h,sinr,skaz,sotr","","",""
"ROM/49/107.DAT","11296","16","5","0","0","ef h,se h,sinr,skaz,sotr","","",""
"ROM/49/108.DAT","11296","16","5","0","0","ef h,se h,sinr,skaz,sotr","","",""
"ROM/49/109.DAT","11296","16","5","0","0","ef h,se h,sinr,skaz,sotr","","",""
"ROM/49/11.DAT","10448","16","5","0","0","ef h,se h,sinr,skaz,sotr","","",""
"ROM/49/110.DAT","13920","16","5","0","0","ef h,se h,sinr,skaz,sotr","","",""
"ROM/49/111.DAT","13920","16","5","0","0","ef h,se h,sinr,skaz,sotr","","",""
"ROM/49/112.DAT","13920","16","5","0","0","ef h,se h,sinr,skaz,sotr","","",""
"ROM/49/113.DAT","13920","16","5","0","0","ef h,se h,sinr,skaz,sotr","","",""
"ROM/49/114.DAT","13920","16","5","0","0","ef h,se h,sinr,skaz,sotr","","",""
"ROM/49/115.DAT","15072","16","5","0","0","ef h,se h,sinr,skaz,sotr","","",""
"ROM/49/116.DAT","15072","16","5","0","0","ef h,se h,sinr,skaz,sotr","","",""
"ROM/49/117.DAT","15072","16","5","0","0","ef h,se h,sinr,skaz,sotr","","",""
"ROM/49/118.DAT","11840","16","5","0","0","ef h,se h,sinr,skaz,sotr","","",""
"ROM/49/119.DAT","11840","16","5","0","0","ef h,se h,sinr,skaz,sotr","","",""
"ROM/49/12.DAT","10448","16","5","0","0","ef h,se h,sinr,skaz,sotr","","",""
"ROM/49/120.DAT","11840","16","5","0","0","ef h,se h,sinr,skaz,sotr","","",""
"ROM/49/121.DAT","11840","16","5","0","0","ef h,se h,sinr,skaz,sotr","","",""
"ROM/49/122.DAT","11840","16","5","0","0","ef h,se h,sinr,skaz,sotr","","",""
"ROM/49/123.DAT","13200","16","5","0","0","ef h,se h,sinr,skaz,sotr","","",""
"ROM/49/124.DAT","13200","16","5","0","0","ef h,se h,sinr,skaz,sotr","","",""
"ROM/49/125.DAT","14448","16","5","0","0","ef h,se h,sinr,skaz,sotr","","",""
"ROM/49/126.DAT","14448","16","5","0","0","ef h,se h,sinr,skaz,sotr","","",""
"ROM/49/127.DAT","14448","16","5","0","0","ef h,se h,sinr,skaz,sotr","","",""
"ROM/49/13.DAT","10448","16","5","0","0","ef h,se h,sinr,skaz,sotr","","",""
"ROM/49/14.DAT","11152","16","5","0","0","ef h,se h,sinr,skaz,sotr","","",""
"ROM/49/15.DAT","11152","16","5","0","0","ef h,se h,sinr,skaz,sotr","","",""
"ROM/49/16.DAT","11152","16","5","0","0","ef h,se h,sinr,skaz,sotr","","",""
"ROM/49/17.DAT","11152","16","5","0","0","ef h,se h,sinr,skaz,sotr","","",""
"ROM/49/18.DAT","11152","16","5","0","0","ef h,se h,sinr,skaz,sotr","","",""
"ROM/49/19.DAT","12768","16","5","0","0","ef h,se h,sinr,skaz,sotr","","",""
"ROM/49/2.DAT","11920","16","5","0","0","ef h,se h,sinr,skaz,sotr","","",""
"ROM/49/20.DAT","12768","16","5","0","0","ef h,se h,sinr,skaz,sotr","","",""
"ROM/49/21.DAT","12768","16","5","0","0","ef h,se h,sinr,skaz,sotr","","",""
"ROM/49/22.DAT","13440","16","5","0","0","ef h,se h,sinr,skaz,sotr","","",""
"ROM/49/23.DAT","13440","16","5","0","0","ef h,se h,sinr,skaz,sotr","","",""
"ROM/49/24.DAT","13440","16","5","0","0","ef h,se h,sinr,skaz,sotr","","",""
"ROM/49/25.DAT","13440","16","5","0","0","ef h,se h,sinr,skaz,sotr","","",""
"ROM/49/26.DAT","14752","16","5","0","0","ef h,se h,sinr,skaz,sotr","","",""
"ROM/49/27.DAT","14752","16","5","0","0","ef h,se h,sinr,skaz,sotr","","",""
"ROM/49/28.DAT","12624","16","5","0","0","ef h,se h,sinr,skaz,sotr","","",""
"ROM/49/29.DAT","12576","16","5","0","0","ef h,se h,sinr,skaz,sotr","","",""
"ROM/49/3.DAT","11920","16","5","0","0","ef h,se h,sinr,skaz,sotr","","",""
"ROM/49/30.DAT","12960","16","5","0","0","ef h,se h,sinr,skaz,sotr","","",""
"ROM/49/31.DAT","10528","16","5","0","0","ef h,se h,sinr,skaz,sotr","","",""
"ROM/49/32.DAT","12160","16","5","0","0","ef h,se h,sinr,skaz,sotr","","",""
"ROM/49/33.DAT","11312","16","5","0","0","ef h,se h,sinr,skaz,sotr","","",""
"ROM/49/34.DAT","11312","16","5","0","0","ef h,se h,sinr,skaz,sotr","","",""
"ROM/49/35.DAT","11312","16","5","0","0","ef h,se h,sinr,skaz,sotr","","",""
"ROM/49/36.DAT","12096","16","5","0","0","ef h,se h,sinr,skaz,sotr","","",""
"ROM/49/37.DAT","12096","16","5","0","0","ef h,se h,sinr,skaz,sotr","","",""
"ROM/49/38.DAT","12096","16","5","0","0","ef h,se h,sinr,skaz,sotr","","",""
"ROM/49/39.DAT","12096","16","5","0","0","ef h,se h,sinr,skaz,sotr","","",""
"ROM/49/4.DAT","13568","16","5","0","0","ef h,se h,sinr,skaz,sotr","","",""
"ROM/49/40.DAT","12096","16","5","0","0","ef h,se h,sinr,skaz,sotr","","",""
"ROM/49/41.DAT","12560","16","5","0","0","ef h,se h,sinr,skaz,sotr","","",""
"ROM/49/42.DAT","12560","16","5","0","0","ef h,se h,sinr,skaz,sotr","","",""
"ROM/49/43.DAT","12560","16","5","0","0","ef h,se h,sinr,skaz,sotr","","",""
"ROM/49/44.DAT","12560","16","5","0","0","ef h,se h,sinr,skaz,sotr","","",""
"ROM/49/45.DAT","11120","16","5","0","0","ef h,se h,sinr,skaz,sotr","","",""
"ROM/49/46.DAT","11040","16","5","0","0","ef h,se h,sinr,skaz,sotr","","",""
"ROM/49/47.DAT","11120","16","5","0","0","ef h,se h,sinr,skaz,sotr","","",""
"ROM/49/48.DAT","12944","16","5","0","0","ef h,se h,sinr,skaz,sotr","","",""
"ROM/49/49.DAT","12944","16","5","0","0","ef h,se h,sinr,skaz,sotr","","",""
"ROM/49/5.DAT","13568","16","5","0","0","ef h,se h,sinr,skaz,sotr","","",""
"ROM/49/50.DAT","12944","16","5","0","0","ef h,se h,sinr,skaz,sotr","","",""
"ROM/49/51.DAT","12944","16","5","0","0","ef h,se h,sinr,skaz,sotr","","",""
"ROM/49/52.DAT","15888","16","5","0","0","ef h,se h,sinr,skaz,sotr","","",""
"ROM/49/53.DAT","13920","16","5","0","0","ef h,se h,sinr,skaz,sotr","","",""
"ROM/49/54.DAT","14688","16","5","0","0","ef h,se h,sinr,skaz,sotr","","",""
"ROM/49/55.DAT","14688","16","5","0","0","ef h,se h,sinr,skaz,sotr","","",""
"ROM/49/56.DAT","14688","16","5","0","0","ef h,se h,sinr,skaz,sotr","","",""
"ROM/49/57.DAT","14688","16","5","0","0","ef h,se h,sinr,skaz,sotr","","",""
"ROM/49/58.DAT","14688","16","5","0","0","ef h,se h,sinr,skaz,sotr","","",""
"ROM/49/59.DAT","14688","16","5","0","0","ef h,se h,sinr,skaz,sotr","","",""
"ROM/49/6.DAT","13568","16","5","0","0","ef h,se h,sinr,skaz,sotr","","",""
"ROM/49/60.DAT","14896","16","5","0","0","ef h,se h,sinr,skaz,sotr","","",""
"ROM/49/61.DAT","14896","16","5","0","0","ef h,se h,sinr,skaz,sotr","","",""
"ROM/49/62.DAT","14896","16","5","0","0","ef h,se h,sinr,skaz,sotr","","",""
"ROM/49/63.DAT","14320","16","5","0","0","ef h,se h,sinr,skaz,sotr","","",""
"ROM/49/64.DAT","14320","16","5","0","0","ef h,se h,sinr,skaz,sotr","","",""
"ROM/49/65.DAT","15280","16","5","0","0","ef h,se h,sinr,skaz,sotr","","",""
"ROM/49/66.DAT","15280","16","5","0","0","ef h,se h,sinr,skaz,sotr","","",""
"ROM/49/67.DAT","15856","16","5","0","0","ef h,se h,sinr,skaz,sotr","","",""
"ROM/49/68.DAT","15056","16","5","0","0","ef h,se h,sinr,skaz,sotr","","",""
"ROM/49/69.DAT","13200","16","5","0","0","ef h,se h,sinr,skaz,sotr","","",""
"ROM/49/7.DAT","13568","16","5","0","0","ef h,se h,sinr,skaz,sotr","","",""
"ROM/49/70.DAT","13200","16","5","0","0","ef h,se h,sinr,skaz,sotr","","",""
"ROM/49/71.DAT","13200","16","5","0","0","ef h,se h,sinr,skaz,sotr","","",""
"ROM/49/72.DAT","13200","16","5","0","0","ef h,se h,sinr,skaz,sotr","","",""
"ROM/49/73.DAT","13200","16","5","0","0","ef h,se h,sinr,skaz,sotr","","",""
"ROM/49/74.DAT","13200","16","5","0","0","ef h,se h,sinr,skaz,sotr","","",""
"ROM/49/75.DAT","13200","16","5","0","0","ef h,se h,sinr,skaz,sotr","","",""
"ROM/49/76.DAT","11856","16","5","0","0","ef h,se h,sinr,skaz,sotr","","",""
"ROM/49/77.DAT","11856","16","5","0","0","ef h,se h,sinr,skaz,sotr","","",""
"ROM/49/78.DAT","11856","16","5","0","0","ef h,se h,sinr,skaz,sotr","","",""
"ROM/49/79.DAT","11856","16","5","0","0","ef h,se h,sinr,skaz,sotr","","",""
"ROM/49/8.DAT","10448","16","5","0","0","ef h,se h,sinr,skaz,sotr","","",""
"ROM/49/80.DAT","11856","16","5","0","0","ef h,se h,sinr,skaz,sotr","","",""
"ROM/49/81.DAT","11856","16","5","0","0","ef h,se h,sinr,skaz,sotr","","",""
"ROM/49/82.DAT","11856","16","5","0","0","ef h,se h,sinr,skaz,sotr","","",""
"ROM/49/83.DAT","11856","16","5","0","0","ef h,se h,sinr,skaz,sotr","","",""
"ROM/49/84.DAT","13488","16","5","0","0","ef h,se h,sinr,skaz,sotr","","",""
"ROM/49/85.DAT","12608","16","5","0","0","ef h,se h,sinr,skaz,sotr","","",""
"ROM/49/86.DAT","12608","16","5","0","0","ef h,se h,sinr,skaz,sotr","","",""
"ROM/49/87.DAT","12608","16","5","0","0","ef h,se h,sinr,skaz,sotr","","",""
"ROM/49/88.DAT","12608","16","5","0","0","ef h,se h,sinr,skaz,sotr","","",""
"ROM/49/89.DAT","12608","16","5","0","0","ef h,se h,sinr,skaz,sotr","","",""
"ROM/49/9.DAT","10448","16","5","0","0","ef h,se h,sinr,skaz,sotr","","",""
"ROM/49/90.DAT","12608","16","5","0","0","ef h,se h,sinr,skaz,sotr","","",""
"ROM/49/91.DAT","11184","16","5","0","0","ef h,se h,sinr,skaz,sotr","","",""
"ROM/49/92.DAT","14352","16","5","0","0","ef h,se h,sinr,skaz,sotr","","",""
"ROM/49/93.DAT","14560","16","5","0","0","ef h,se h,sinr,skaz,sotr","","",""
"ROM/49/94.DAT","14560","16","5","0","0","ef h,se h,sinr,skaz,sotr","","",""
"ROM/49/95.DAT","14560","16","5","0","0","ef h,se h,sinr,skaz,sotr","","",""
"ROM/49/96.DAT","14560","16","5","0","0","ef h,se h,sinr,skaz,sotr","","",""
"ROM/49/97.DAT","14560","16","5","0","0","ef h,se h,sinr,skaz,sotr","","",""
"ROM/49/98.DAT","14560","16","5","0","0","ef h,se h,sinr,skaz,sotr","","",""
"ROM/49/99.DAT","14560","16","5","0","0","ef h,se h,sinr,skaz,sotr","","",""
"ROM/50/0.DAT","14448","16","5","0","0","ef h,se h,sinr,skaz,sotr","","",""
"ROM/50/1.DAT","16032","16","5","0","0","ef h,se h,sinr,skaz,sotr","","",""
"ROM/50/10.DAT","16704","16","5","0","0","ef h,se h,sinr,skaz,sotr","","",""
"ROM/50/100.DAT","17392","17","5","0","0","eflg,kalg,lgin,lgot,selg","","",""
"ROM/50/101.DAT","17392","17","5","0","0","eflg,kalg,lgin,lgot,selg","","",""
"ROM/50/102.DAT","17392","17","5","0","0","eflg,kalg,lgin,lgot,selg","","",""
"ROM/50/103.DAT","12704","17","5","0","0","eflg,kalg,lgin,lgot,selg","","",""
"ROM/50/104.DAT","12704","17","5","0","0","eflg,kalg,lgin,lgot,selg","","",""
"ROM/50/105.DAT","12704","17","5","0","0","eflg,kalg,lgin,lgot,selg","","",""
"ROM/50/106.DAT","12704","17","5","0","0","eflg,kalg,lgin,lgot,selg","","",""
"ROM/50/107.DAT","12704","17","5","0","0","eflg,kalg,lgin,lgot,selg","","",""
"ROM/50/108.DAT","12704","17","5","0","0","eflg,kalg,lgin,lgot,selg","","",""
"ROM/50/109.DAT","12704","17","5","0","0","eflg,kalg,lgin,lgot,selg","","",""
"ROM/50/11.DAT","17568","16","5","0","0","ef h,se h,sinr,skaz,sotr","","",""
"ROM/50/110.DAT","12704","17","5","0","0","eflg,kalg,lgin,lgot,selg","","",""
"ROM/50/111.DAT","12704","17","5","0","0","eflg,kalg,lgin,lgot,selg","","",""
"ROM/50/112.DAT","12704","17","5","0","0","eflg,kalg,lgin,lgot,selg","","",""
"ROM/50/113.DAT","12704","17","5","0","0","eflg,kalg,lgin,lgot,selg","","",""
"ROM/50/114.DAT","12704","17","5","0","0","eflg,kalg,lgin,lgot,selg","","",""
"ROM/50/115.DAT","12704","17","5","0","0","eflg,kalg,lgin,lgot,selg","","",""
"ROM/50/116.DAT","20144","17","5","0","0","eflg,kalg,lgin,lgot,selg","","",""
"ROM/50/117.DAT","12752","17","5","0","0","eflg,kalg,lgin,lgot,selg","","",""
"ROM/50/118.DAT","12752","17","5","0","0","eflg,kalg,lgin,lgot,selg","","",""
"ROM/50/119.DAT","12752","17","5","0","0","eflg,kalg,lgin,lgot,selg","","",""
"ROM/50/12.DAT","10640","16","5","0","0","ef h,se h,sinr,skaz,sotr","","",""
"ROM/50/120.DAT","12752","17","5","0","0","eflg,kalg,lgin,lgot,selg","","",""
"ROM/50/121.DAT","12752","17","5","0","0","eflg,kalg,lgin,lgot,selg","","",""
"ROM/50/122.DAT","13280","16","5","0","0","eflg,kalg,lgin,lgot,selg","","",""
"ROM/50/123.DAT","13232","16","5","0","0","eflg,kalg,lgin,lgot,selg","","",""
"ROM/50/124.DAT","13184","16","5","0","0","eflg,kalg,lgin,lgot,selg","","",""
"ROM/50/125.DAT","13136","16","5","0","0","eflg,kalg,lgin,lgot,selg","","",""
"ROM/50/126.DAT","15104","16","5","0","0","eflg,kalg,lgin,lgot,selg","","",""
"ROM/50/127.DAT","16496","16","5","0","0","eflg,kalg,lgin,lgot,selg","","",""
"ROM/50/13.DAT","10640","16","5","0","0","ef h,se h,sinr,skaz,sotr","","",""
"ROM/50/14.DAT","10640","16","5","0","0","ef h,se h,sinr,skaz,sotr","","",""
"ROM/50/15.DAT","10640","16","5","0","0","ef h,se h,sinr,skaz,sotr","","",""
"ROM/50/16.DAT","11584","16","5","0","0","ef h,se h,sinr,skaz,sotr","","",""
"ROM/50/17.DAT","11584","16","5","0","0","ef h,se h,sinr,skaz,sotr","","",""
"ROM/50/18.DAT","11632","16","5","0","0","ef h,se h,sinr,skaz,sotr","","",""
"ROM/50/19.DAT","13392","16","5","0","0","ef h,se h,sinr,skaz,sotr","","",""
"ROM/50/2.DAT","16032","16","5","0","0","ef h,se h,sinr,skaz,sotr","","",""
"ROM/50/20.DAT","13392","16","5","0","0","ef h,se h,sinr,skaz,sotr","","",""
"ROM/50/21.DAT","13072","16","5","0","0","ef h,se h,sinr,skaz,sotr","","",""
"ROM/50/22.DAT","13072","16","5","0","0","ef h,se h,sinr,skaz,sotr","","",""
"ROM/50/23.DAT","13072","16","5","0","0","ef h,se h,sinr,skaz,sotr","","",""
"ROM/50/24.DAT","13072","16","5","0","0","ef h,se h,sinr,skaz,sotr","","",""
"ROM/50/25.DAT","13072","16","5","0","0","ef h,se h,sinr,skaz,sotr","","",""
"ROM/50/26.DAT","13072","16","5","0","0","ef h,se h,sinr,skaz,sotr","","",""
"ROM/50/27.DAT","13072","16","5","0","0","ef h,se h,sinr,skaz,sotr","","",""
"ROM/50/28.DAT","15264","16","5","0","0","ef h,se h,sinr,skaz,sotr","","",""
"ROM/50/29.DAT","16272","16","5","0","0","ef h,se h,sinr,skaz,sotr","","",""
"ROM/50/3.DAT","16032","16","5","0","0","ef h,se h,sinr,skaz,sotr","","",""
"ROM/50/30.DAT","15024","16","5","0","0","ef h,se h,sinr,skaz,sotr","","",""
"ROM/50/4.DAT","16032","16","5","0","0","ef h,se h,sinr,skaz,sotr","","",""
"ROM/50/5.DAT","15584","16","5","0","0","ef h,se h,sinr,skaz,sotr","","",""
"ROM/50/6.DAT","12144","16","5","0","0","ef h,se h,sinr,skaz,sotr","","",""
"ROM/50/7.DAT","12144","16","5","0","0","ef h,se h,sinr,skaz,sotr","","",""
"ROM/50/8.DAT","12928","16","5","0","0","ef h,se h,sinr,skaz,sotr","","",""
"ROM/50/87.DAT","1680","15","5","0","0","eflg,kalg,lgin,lgot,selg","","",""
"ROM/50/88.DAT","1680","15","5","0","0","eflg,kalg,lgin,lgot,selg","","",""
"ROM/50/9.DAT","14400","16","5","0","0","ef h,se h,sinr,skaz,sotr","","",""
"ROM/50/94.DAT","10592","16","5","0","0","eflg,kalg,lgin,lgot,selg","","",""
"ROM/50/95.DAT","9328","16","5","0","0","eflg,kalg,lgin,lgot,selg","","",""
"ROM/50/96.DAT","14496","17","5","0","0","eflg,kalg,lgin,lgot,selg","","",""
"ROM/50/97.DAT","17392","17","5","0","0","eflg,kalg,lgin,lgot,selg","","",""
"ROM/50/98.DAT","17392","17","5","0","0","eflg,kalg,lgin,lgot,selg","","",""
"ROM/50/99.DAT","17392","17","5","0","0","eflg,kalg,lgin,lgot,selg","","",""
"ROM/51/0.DAT","12336","16","5","0","0","eflg,kalg,lgin,lgot,selg","","",""
"ROM/51/1.DAT","9968","16","5","0","0","eflg,kalg,lgin,lgot,selg","","",""
"ROM/51/10.DAT","14368","16","5","0","0","eflg,kalg,lgin,lgot,selg","","",""
"ROM/51/11.DAT","14368","16","5","0","0","eflg,kalg,lgin,lgot,selg","","",""
"ROM/51/12.DAT","14368","16","5","0","0","eflg,kalg,lgin,lgot,selg","","",""
"ROM/51/13.DAT","14368","16","5","0","0","eflg,kalg,lgin,lgot,selg","","",""
"ROM/51/14.DAT","14368","16","5","0","0","eflg,kalg,lgin,lgot,selg","","",""
"ROM/51/15.DAT","14368","16","5","0","0","eflg,kalg,lgin,lgot,selg","","",""
"ROM/51/16.DAT","14368","16","5","0","0","eflg,kalg,lgin,lgot,selg","","",""
"ROM/51/17.DAT","14368","16","5","0","0","eflg,kalg,lgin,lgot,selg","","",""
"ROM/51/18.DAT","14368","16","5","0","0","eflg,kalg,lgin,lgot,selg","","",""
"ROM/51/2.DAT","9968","16","5","0","0","eflg,kalg,lgin,lgot,selg","","",""
"ROM/51/3.DAT","9968","16","5","0","0","eflg,kalg,lgin,lgot,selg","","",""
"ROM/51/4.DAT","10016","16","5","0","0","eflg,kalg,lgin,lgot,selg","","",""
"ROM/51/5.DAT","10832","16","5","0","0","eflg,kalg,lgin,lgot,selg","","",""
"ROM/51/6.DAT","10832","16","5","0","0","eflg,kalg,lgin,lgot,selg","","",""
"ROM/51/7.DAT","10832","16","5","0","0","eflg,kalg,lgin,lgot,selg","","",""
"ROM/51/8.DAT","10832","16","5","0","0","eflg,kalg,lgin,lgot,selg","","",""
"ROM/51/9.DAT","14368","16","5","0","0","eflg,kalg,lgin,lgot,selg","","",""
"ROM/53/100.DAT","12288","16","5","0","0","ef h,se h,sinr,skaz,sotr","","",""
"ROM/53/101.DAT","10832","16","5","0","0","ef h,se h,sinr,skaz,sotr","","",""
"ROM/53/102.DAT","10832","16","5","0","0","ef h,se h,sinr,skaz,sotr","","",""
"ROM/53/103.DAT","10832","16","5","0","0","ef h,se h,sinr,skaz,sotr","","",""
"ROM/53/104.DAT","11424","16","5","0","0","ef h,se h,sinr,skaz,sotr","","",""
"ROM/53/105.DAT","11424","16","5","0","0","ef h,se h,sinr,skaz,sotr","","",""
"ROM/53/106.DAT","11424","16","5","0","0","ef h,se h,sinr,skaz,sotr","","",""
"ROM/53/107.DAT","11424","16","5","0","0","ef h,se h,sinr,skaz,sotr","","",""
"ROM/53/108.DAT","11424","16","5","0","0","ef h,se h,sinr,skaz,sotr","","",""
"ROM/53/109.DAT","12112","16","5","0","0","ef h,se h,sinr,skaz,sotr","","",""
"ROM/53/110.DAT","12112","16","5","0","0","ef h,se h,sinr,skaz,sotr","","",""
"ROM/53/111.DAT","12704","16","5","0","0","ef h,se h,sinr,skaz,sotr","","",""
"ROM/53/112.DAT","12704","16","5","0","0","ef h,se h,sinr,skaz,sotr","","",""
"ROM/53/113.DAT","12704","16","5","0","0","ef h,se h,sinr,skaz,sotr","","",""
"ROM/53/114.DAT","12704","16","5","0","0","ef h,se h,sinr,skaz,sotr","","",""
"ROM/53/115.DAT","13024","16","5","0","0","ef h,se h,sinr,skaz,sotr","","",""
"ROM/53/116.DAT","13024","16","5","0","0","ef h,se h,sinr,skaz,sotr","","",""
"ROM/53/117.DAT","13024","16","5","0","0","ef h,se h,sinr,skaz,sotr","","",""
"ROM/53/118.DAT","14128","16","5","0","0","ef h,se h,sinr,skaz,sotr","","",""
"ROM/53/119.DAT","11872","16","5","0","0","ef h,se h,sinr,skaz,sotr","","",""
"ROM/53/120.DAT","11872","16","5","0","0","ef h,se h,sinr,skaz,sotr","","",""
"ROM/53/121.DAT","11872","16","5","0","0","ef h,se h,sinr,skaz,sotr","","",""
"ROM/53/122.DAT","11872","16","5","0","0","ef h,se h,sinr,skaz,sotr","","",""
"ROM/53/123.DAT","9760","16","5","0","0","ef h,se h,sinr,skaz,sotr","","",""
"ROM/53/124.DAT","9760","16","5","0","0","ef h,se h,sinr,skaz,sotr","","",""
"ROM/53/125.DAT","13008","16","5","0","0","ef h,se h,sinr,skaz,sotr","","",""
"ROM/53/126.DAT","11920","16","5","0","0","ef h,se h,sinr,skaz,sotr","","",""
"ROM/53/127.DAT","11920","16","5","0","0","ef h,se h,sinr,skaz,sotr","","",""
"ROM/53/22.DAT","1616","13","5","0","0","ef h,se h,sinr,skaz,sotr","","",""
"ROM/53/23.DAT","11792","14","5","0","0","ef h,se h,sinr,skaz,sotr","","",""
"ROM/53/24.DAT","10352","14","5","0","0","ef h,se h,sinr,skaz,sotr","","",""
"ROM/53/25.DAT","8800","14","5","0","0","ef h,se h,sinr,skaz,sotr","","",""
"ROM/53/26.DAT","12192","14","5","0","0","ef h,se h,sinr,skaz,sotr","","",""
"ROM/53/27.DAT","12464","14","5","0","0","ef h,se h,sinr,skaz,sotr","","",""
"ROM/53/28.DAT","12320","14","5","0","0","ef h,se h,sinr,skaz,sotr","","",""
"ROM/53/29.DAT","13200","14","5","0","0","ef h,se h,sinr,skaz,sotr","","",""
"ROM/53/30.DAT","10688","14","5","0","0","ef h,se h,sinr,skaz,sotr","","",""
"ROM/53/31.DAT","13200","14","5","0","0","ef h,se h,sinr,skaz,sotr","","",""
"ROM/53/32.DAT","11200","14","5","0","0","ef h,se h,sinr,skaz,sotr","","",""
"ROM/53/33.DAT","9616","14","5","0","0","ef h,se h,sinr,skaz,sotr","","",""
"ROM/53/34.DAT","12880","14","5","0","0","ef h,se h,sinr,skaz,sotr","","",""
"ROM/53/35.DAT","10080","14","5","0","0","ef h,se h,sinr,skaz,sotr","","",""
"ROM/53/36.DAT","9952","14","5","0","0","ef h,se h,sinr,skaz,sotr","","",""
"ROM/53/37.DAT","1616","13","5","0","0","ef h,se h,sinr,skaz,sotr","","",""
"ROM/53/38.DAT","12688","16","5","0","0","ef h,se h,sinr,skaz,sotr","","",""
"ROM/53/39.DAT","12848","16","5","0","0","ef h,se h,sinr,skaz,sotr","","",""
"ROM/53/40.DAT","12848","16","5","0","0","ef h,se h,sinr,skaz,sotr","","",""
"ROM/53/41.DAT","12848","16","5","0","0","ef h,se h,sinr,skaz,sotr","","",""
"ROM/53/42.DAT","12848","16","5","0","0","ef h,se h,sinr,skaz,sotr","","",""
"ROM/53/43.DAT","14048","16","5","0","0","ef h,se h,sinr,skaz,sotr","","",""
"ROM/53/44.DAT","14912","16","5","0","0","ef h,se h,sinr,skaz,sotr","","",""
"ROM/53/45.DAT","14912","16","5","0","0","ef h,se h,sinr,skaz,sotr","","",""
"ROM/53/46.DAT","14912","16","5","0","0","ef h,se h,sinr,skaz,sotr","","",""
"ROM/53/47.DAT","14912","16","5","0","0","ef h,se h,sinr,skaz,sotr","","",""
"ROM/53/48.DAT","16688","16","5","0","0","ef h,se h,sinr,skaz,sotr","","",""
"ROM/53/49.DAT","16688","16","5","0","0","ef h,se h,sinr,skaz,sotr","","",""
"ROM/53/50.DAT","16688","16","5","0","0","ef h,se h,sinr,skaz,sotr","","",""
"ROM/53/51.DAT","13296","16","5","0","0","ef h,se h,sinr,skaz,sotr","","",""
"ROM/53/52.DAT","13072","16","5","0","0","ef h,se h,sinr,skaz,sotr","","",""
"ROM/53/53.DAT","13296","16","5","0","0","ef h,se h,sinr,skaz,sotr","","",""
"ROM/53/54.DAT","13296","16","5","0","0","ef h,se h,sinr,skaz,sotr","","",""
"ROM/53/55.DAT","13296","16","5","0","0","ef h,se h,sinr,skaz,sotr","","",""
"ROM/53/56.DAT","12368","16","5","0","0","ef h,se h,sinr,skaz,sotr","","",""
"ROM/53/57.DAT","12368","16","5","0","0","ef h,se h,sinr,skaz,sotr","","",""
"ROM/53/58.DAT","12368","16","5","0","0","ef h,se h,sinr,skaz,sotr","","",""
"ROM/53/59.DAT","14544","16","5","0","0","ef h,se h,sinr,skaz,sotr","","",""
"ROM/53/60.DAT","12288","16","5","0","0","ef h,se h,sinr,skaz,sotr","","",""
"ROM/53/61.DAT","12736","16","5","0","0","ef h,se h,sinr,skaz,sotr","","",""
"ROM/53/62.DAT","12736","16","5","0","0","ef h,se h,sinr,skaz,sotr","","",""
"ROM/53/63.DAT","12736","16","5","0","0","ef h,se h,sinr,skaz,sotr","","",""
"ROM/53/64.DAT","12736","16","5","0","0","ef h,se h,sinr,skaz,sotr","","",""
"ROM/53/65.DAT","12736","16","5","0","0","ef h,se h,sinr,skaz,sotr","","",""
"ROM/53/66.DAT","10896","16","5","0","0","ef h,se h,sinr,skaz,sotr","","",""
"ROM/53/67.DAT","14320","16","5","0","0","ef h,se h,sinr,skaz,sotr","","",""
"ROM/53/68.DAT","14320","16","5","0","0","ef h,se h,sinr,skaz,sotr","","",""
"ROM/53/69.DAT","14320","16","5","0","0","ef h,se h,sinr,skaz,sotr","","",""
"ROM/53/70.DAT","14320","16","5","0","0","ef h,se h,sinr,skaz,sotr","","",""
"ROM/53/71.DAT","16768","16","5","0","0","ef h,se h,sinr,skaz,sotr","","",""
"ROM/53/72.DAT","18080","16","5","0","0","ef h,se h,sinr,skaz,sotr","","",""
"ROM/53/73.DAT","18080","16","5","0","0","ef h,se h,sinr,skaz,sotr","","",""
"ROM/53/74.DAT","22064","16","5","0","0","ef h,se h,sinr,skaz,sotr","","",""
"ROM/53/75.DAT","11024","16","5","0","0","ef h,se h,sinr,skaz,sotr","","",""
"ROM/53/76.DAT","11024","16","5","0","0","ef h,se h,sinr,skaz,sotr","","",""
"ROM/53/77.DAT","12480","16","5","0","0","ef h,se h,sinr,skaz,sotr","","",""
"ROM/53/78.DAT","12480","16","5","0","0","ef h,se h,sinr,skaz,sotr","","",""
"ROM/53/79.DAT","12480","16","5","0","0","ef h,se h,sinr,skaz,sotr","","",""
"ROM/53/80.DAT","12480","16","5","0","0","ef h,se h,sinr,skaz,sotr","","",""
"ROM/53/81.DAT","12480","16","5","0","0","ef h,se h,sinr,skaz,sotr","","",""
"ROM/53/82.DAT","12480","16","5","0","0","ef h,se h,sinr,skaz,sotr","","",""
"ROM/53/83.DAT","10896","16","5","0","0","ef h,se h,sinr,skaz,sotr","","",""
"ROM/53/84.DAT","10896","16","5","0","0","ef h,se h,sinr,skaz,sotr","","",""
"ROM/53/85.DAT","12176","16","5","0","0","ef h,se h,sinr,skaz,sotr","","",""
"ROM/53/86.DAT","12176","16","5","0","0","ef h,se h,sinr,skaz,sotr","","",""
"ROM/53/87.DAT","16560","16","5","0","0","ef h,se h,sinr,skaz,sotr","","",""
"ROM/53/88.DAT","16560","16","5","0","0","ef h,se h,sinr,skaz,sotr","","",""
"ROM/53/89.DAT","16560","16","5","0","0","ef h,se h,sinr,skaz,sotr","","",""
"ROM/53/90.DAT","16560","16","5","0","0","ef h,se h,sinr,skaz,sotr","","",""
"ROM/53/91.DAT","16560","16","5","0","0","ef h,se h,sinr,skaz,sotr","","",""
"ROM/53/92.DAT","11888","16","5","0","0","ef h,se h,sinr,skaz,sotr","","",""
"ROM/53/93.DAT","11920","16","5","0","0","ef h,se h,sinr,skaz,sotr","","",""
"ROM/53/94.DAT","11920","16","5","0","0","ef h,se h,sinr,skaz,sotr","","",""
"ROM/53/95.DAT","11920","16","5","0","0","ef h,se h,sinr,skaz,sotr","","",""
"ROM/53/96.DAT","12288","16","5","0","0","ef h,se h,sinr,skaz,sotr","","",""
"ROM/53/97.DAT","12288","16","5","0","0","ef h,se h,sinr,skaz,sotr","","",""
"ROM/53/98.DAT","12288","16","5","0","0","ef h,se h,sinr,skaz,sotr","","",""
"ROM/53/99.DAT","12288","16","5","0","0","ef h,se h,sinr,skaz,sotr","","",""
"ROM/54/0.DAT","13568","16","5","0","0","ef h,se h,sinr,skaz,sotr","","",""
"ROM/54/1.DAT","13568","16","5","0","0","ef h,se h,sinr,skaz,sotr","","",""
"ROM/54/10.DAT","11152","16","5","0","0","ef h,se h,sinr,skaz,sotr","","",""
"ROM/54/100.DAT","12288","16","5","0","0","ef h,se h,sinr,skaz,sotr","","",""
"ROM/54/101.DAT","13776","16","5","0","0","ef h,se h,sinr,skaz,sotr","","",""
"ROM/54/102.DAT","11296","16","5","0","0","ef h,se h,sinr,skaz,sotr","","",""
"ROM/54/103.DAT","11296","16","5","0","0","ef h,se h,sinr,skaz,sotr","","",""
"ROM/54/104.DAT","11296","16","5","0","0","ef h,se h,sinr,skaz,sotr","","",""
"ROM/54/105.DAT","11296","16","5","0","0","ef h,se h,sinr,skaz,sotr","","",""
"ROM/54/106.DAT","13920","16","5","0","0","ef h,se h,sinr,skaz,sotr","","",""
"ROM/54/107.DAT","13920","16","5","0","0","ef h,se h,sinr,skaz,sotr","","",""
"ROM/54/108.DAT","13920","16","5","0","0","ef h,se h,sinr,skaz,sotr","","",""
"ROM/54/109.DAT","13920","16","5","0","0","ef h,se h,sinr,skaz,sotr","","",""
"ROM/54/11.DAT","11152","16","5","0","0","ef h,se h,sinr,skaz,sotr","","",""
"ROM/54/110.DAT","13920","16","5","0","0","ef h,se h,sinr,skaz,sotr","","",""
"ROM/54/111.DAT","15072","16","5","0","0","ef h,se h,sinr,skaz,sotr","","",""
"ROM/54/112.DAT","15072","16","5","0","0","ef h,se h,sinr,skaz,sotr","","",""
"ROM/54/113.DAT","15072","16","5","0","0","ef h,se h,sinr,skaz,sotr","","",""
"ROM/54/114.DAT","11840","16","5","0","0","ef h,se h,sinr,skaz,sotr","","",""
"ROM/54/115.DAT","11840","16","5","0","0","ef h,se h,sinr,skaz,sotr","","",""
"ROM/54/116.DAT","11840","16","5","0","0","ef h,se h,sinr,skaz,sotr","","",""
"ROM/54/117.DAT","11840","16","5","0","0","ef h,se h,sinr,skaz,sotr","","",""
"ROM/54/118.DAT","11840","16","5","0","0","ef h,se h,sinr,skaz,sotr","","",""
"ROM/54/119.DAT","13200","16","5","0","0","ef h,se h,sinr,skaz,sotr","","",""
"ROM/54/12.DAT","11152","16","5","0","0","ef h,se h,sinr,skaz,sotr","","",""
"ROM/54/120.DAT","13200","16","5","0","0","ef h,se h,sinr,skaz,sotr","","",""
"ROM/54/121.DAT","14448","16","5","0","0","ef h,se h,sinr,skaz,sotr","","",""
"ROM/54/122.DAT","14448","16","5","0","0","ef h,se h,sinr,skaz,sotr","","",""
"ROM/54/123.DAT","14448","16","5","0","0","ef h,se h,sinr,skaz,sotr","","",""
"ROM/54/124.DAT","14448","16","5","0","0","ef h,se h,sinr,skaz,sotr","","",""
"ROM/54/125.DAT","16032","16","5","0","0","ef h,se h,sinr,skaz,sotr","","",""
"ROM/54/126.DAT","16032","16","5","0","0","ef h,se h,sinr,skaz,sotr","","",""
"ROM/54/127.DAT","16032","16","5","0","0","ef h,se h,sinr,skaz,sotr","","",""
"ROM/54/13.DAT","11152","16","5","0","0","ef h,se h,sinr,skaz,sotr","","",""
"ROM/54/14.DAT","11152","16","5","0","0","ef h,se h,sinr,skaz,sotr","","",""
"ROM/54/15.DAT","12768","16","5","0","0","ef h,se h,sinr,skaz,sotr","","",""
"ROM/54/16.DAT","12768","16","5","0","0","ef h,se h,sinr,skaz,sotr","","",""
"ROM/54/17.DAT","12768","16","5","0","0","ef h,se h,sinr,skaz,sotr","","",""
"ROM/54/18.DAT","13440","16","5","0","0","ef h,se h,sinr,skaz,sotr","","",""
"ROM/54/19.DAT","13440","16","5","0","0","ef h,se h,sinr,skaz,sotr","","",""
"ROM/54/2.DAT","13568","16","5","0","0","ef h,se h,sinr,skaz,sotr","","",""
"ROM/54/20.DAT","13440","16","5","0","0","ef h,se h,sinr,skaz,sotr","","",""
"ROM/54/21.DAT","13472","16","5","0","0","ef h,se h,sinr,skaz,sotr","","",""
"ROM/54/22.DAT","14752","16","5","0","0","ef h,se h,sinr,skaz,sotr","","",""
"ROM/54/23.DAT","14752","16","5","0","0","ef h,se h,sinr,skaz,sotr","","",""
"ROM/54/24.DAT","12624","16","5","0","0","ef h,se h,sinr,skaz,sotr","","",""
"ROM/54/25.DAT","12576","16","5","0","0","ef h,se h,sinr,skaz,sotr","","",""
"ROM/54/26.DAT","12960","16","5","0","0","ef h,se h,sinr,skaz,sotr","","",""
"ROM/54/27.DAT","10528","16","5","0","0","ef h,se h,sinr,skaz,sotr","","",""
"ROM/54/28.DAT","12160","16","5","0","0","ef h,se h,sinr,skaz,sotr","","",""
"ROM/54/29.DAT","11312","16","5","0","0","ef h,se h,sinr,skaz,sotr","","",""
"ROM/54/3.DAT","13568","16","5","0","0","ef h,se h,sinr,skaz,sotr","","",""
"ROM/54/30.DAT","11312","16","5","0","0","ef h,se h,sinr,skaz,sotr","","",""
"ROM/54/31.DAT","11312","16","5","0","0","ef h,se h,sinr,skaz,sotr","","",""
"ROM/54/32.DAT","12096","16","5","0","0","ef h,se h,sinr,skaz,sotr","","",""
"ROM/54/33.DAT","12096","16","5","0","0","ef h,se h,sinr,skaz,sotr","","",""
"ROM/54/34.DAT","12096","16","5","0","0","ef h,se h,sinr,skaz,sotr","","",""
"ROM/54/35.DAT","12096","16","5","0","0","ef h,se h,sinr,skaz,sotr","","",""
"ROM/54/36.DAT","12096","16","5","0","0","ef h,se h,sinr,skaz,sotr","","",""
"ROM/54/37.DAT","12560","16","5","0","0","ef h,se h,sinr,skaz,sotr","","",""
"ROM/54/38.DAT","12560","16","5","0","0","ef h,se h,sinr,skaz,sotr","","",""
"ROM/54/39.DAT","12560","16","5","0","0","ef h,se h,sinr,skaz,sotr","","",""
"ROM/54/4.DAT","10448","16","5","0","0","ef h,se h,sinr,skaz,sotr","","",""
"ROM/54/40.DAT","12560","16","5","0","0","ef h,se h,sinr,skaz,sotr","","",""
"ROM/54/41.DAT","11120","16","5","0","0","ef h,se h,sinr,skaz,sotr","","",""
"ROM/54/42.DAT","11040","16","5","0","0","ef h,se h,sinr,skaz,sotr","","",""
"ROM/54/43.DAT","11120","16","5","0","0","ef h,se h,sinr,skaz,sotr","","",""
"ROM/54/44.DAT","12944","16","5","0","0","ef h,se h,sinr,skaz,sotr","","",""
"ROM/54/45.DAT","12944","16","5","0","0","ef h,se h,sinr,skaz,sotr","","",""
"ROM/54/46.DAT","12944","16","5","0","0","ef h,se h,sinr,skaz,sotr","","",""
"ROM/54/47.DAT","12944","16","5","0","0","ef h,se h,sinr,skaz,sotr","","",""
"ROM/54/48.DAT","15888","16","5","0","0","ef h,se h,sinr,skaz,sotr","","",""
"ROM/54/49.DAT","13920","16","5","0","0","ef h,se h,sinr,skaz,sotr","","",""
"ROM/54/5.DAT","10448","16","5","0","0","ef h,se h,sinr,skaz,sotr","","",""
"ROM/54/50.DAT","14688","16","5","0","0","ef h,se h,sinr,skaz,sotr","","",""
"ROM/54/51.DAT","14688","16","5","0","0","ef h,se h,sinr,skaz,sotr","","",""
"ROM/54/52.DAT","14688","16","5","0","0","ef h,se h,sinr,skaz,sotr","","",""
"ROM/54/53.DAT","14688","16","5","0","0","ef h,se h,sinr,skaz,sotr","","",""
"ROM/54/54.DAT","14688","16","5","0","0","ef h,se h,sinr,skaz,sotr","","",""
"ROM/54/55.DAT","14688","16","5","0","0","ef h,se h,sinr,skaz,sotr","","",""
"ROM/54/56.DAT","14896","16","5","0","0","ef h,se h,sinr,skaz,sotr","","",""
"ROM/54/57.DAT","14896","16","5","0","0","ef h,se h,sinr,skaz,sotr","","",""
"ROM/54/58.DAT","14896","16","5","0","0","ef h,se h,sinr,skaz,sotr","","",""
"ROM/54/59.DAT","14320","16","5","0","0","ef h,se h,sinr,skaz,sotr","","",""
"ROM/54/6.DAT","10448","16","5","0","0","ef h,se h,sinr,skaz,sotr","","",""
"ROM/54/60.DAT","14320","16","5","0","0","ef h,se h,sinr,skaz,sotr","","",""
"ROM/54/61.DAT","15280","16","5","0","0","ef h,se h,sinr,skaz,sotr","","",""
"ROM/54/62.DAT","15280","16","5","0","0","ef h,se h,sinr,skaz,sotr","","",""
"ROM/54/63.DAT","15872","16","5","0","0","ef h,se h,sinr,skaz,sotr","","",""
"ROM/54/64.DAT","15056","16","5","0","0","ef h,se h,sinr,skaz,sotr","","",""
"ROM/54/65.DAT","13200","16","5","0","0","ef h,se h,sinr,skaz,sotr","","",""
"ROM/54/66.DAT","13200","16","5","0","0","ef h,se h,sinr,skaz,sotr","","",""
"ROM/54/67.DAT","13200","16","5","0","0","ef h,se h,sinr,skaz,sotr","","",""
"ROM/54/68.DAT","13200","16","5","0","0","ef h,se h,sinr,skaz,sotr","","",""
"ROM/54/69.DAT","13200","16","5","0","0","ef h,se h,sinr,skaz,sotr","","",""
"ROM/54/7.DAT","10448","16","5","0","0","ef h,se h,sinr,skaz,sotr","","",""
"ROM/54/70.DAT","13200","16","5","0","0","ef h,se h,sinr,skaz,sotr","","",""
"ROM/54/71.DAT","13200","16","5","0","0","ef h,se h,sinr,skaz,sotr","","",""
"ROM/54/72.DAT","11856","16","5","0","0","ef h,se h,sinr,skaz,sotr","","",""
"ROM/54/73.DAT","11856","16","5","0","0","ef h,se h,sinr,skaz,sotr","","",""
"ROM/54/74.DAT","11856","16","5","0","0","ef h,se h,sinr,skaz,sotr","","",""
"ROM/54/75.DAT","11856","16","5","0","0","ef h,se h,sinr,skaz,sotr","","",""
"ROM/54/76.DAT","11856","16","5","0","0","ef h,se h,sinr,skaz,sotr","","",""
"ROM/54/77.DAT","11856","16","5","0","0","ef h,se h,sinr,skaz,sotr","","",""
"ROM/54/78.DAT","11856","16","5","0","0","ef h,se h,sinr,skaz,sotr","","",""
"ROM/54/79.DAT","11856","16","5","0","0","ef h,se h,sinr,skaz,sotr","","",""
"ROM/54/8.DAT","10448","16","5","0","0","ef h,se h,sinr,skaz,sotr","","",""
"ROM/54/80.DAT","13488","16","5","0","0","ef h,se h,sinr,skaz,sotr","","",""
"ROM/54/81.DAT","12608","16","5","0","0","ef h,se h,sinr,skaz,sotr","","",""
"ROM/54/82.DAT","12608","16","5","0","0","ef h,se h,sinr,skaz,sotr","","",""
"ROM/54/83.DAT","12608","16","5","0","0","ef h,se h,sinr,skaz,sotr","","",""
"ROM/54/84.DAT","12608","16","5","0","0","ef h,se h,sinr,skaz,sotr","","",""
"ROM/54/85.DAT","12608","16","5","0","0","ef h,se h,sinr,skaz,sotr","","",""
"ROM/54/86.DAT","12608","16","5","0","0","ef h,se h,sinr,skaz,sotr","","",""
"ROM/54/87.DAT","11184","16","5","0","0","ef h,se h,sinr,skaz,sotr","","",""
"ROM/54/88.DAT","14352","16","5","0","0","ef h,se h,sinr,skaz,sotr","","",""
"ROM/54/89.DAT","14560","16","5","0","0","ef h,se h,sinr,skaz,sotr","","",""
"ROM/54/9.DAT","10448","16","5","0","0","ef h,se h,sinr,skaz,sotr","","",""
"ROM/54/90.DAT","14560","16","5","0","0","ef h,se h,sinr,skaz,sotr","","",""
"ROM/54/91.DAT","14560","16","5","0","0","ef h,se h,sinr,skaz,sotr","","",""
"ROM/54/92.DAT","14560","16","5","0","0","ef h,se h,sinr,skaz,sotr","","",""
"ROM/54/93.DAT","14560","16","5","0","0","ef h,se h,sinr,skaz,sotr","","",""
"ROM/54/94.DAT","14560","16","5","0","0","ef h,se h,sinr,skaz,sotr","","",""
"ROM/54/95.DAT","14560","16","5","0","0","ef h,se h,sinr,skaz,sotr","","",""
"ROM/54/96.DAT","12288","16","5","0","0","ef h,se h,sinr,skaz,sotr","","",""
"ROM/54/97.DAT","12288","16","5","0","0","ef h,se h,sinr,skaz,sotr","","",""
"ROM/54/98.DAT","12288","16","5","0","0","ef h,se h,sinr,skaz,sotr","","",""
"ROM/54/99.DAT","12288","16","5","0","0","ef h,se h,sinr,skaz,sotr","","",""
"ROM/55/0.DAT","16032","16","5","0","0","ef h,se h,sinr,skaz,sotr","","",""
"ROM/55/1.DAT","15584","16","5","0","0","ef h,se h,sinr,skaz,sotr","","",""
"ROM/55/10.DAT","10640","16","5","0","0","ef h,se h,sinr,skaz,sotr","","",""
"ROM/55/100.DAT","12704","17","5","0","0","eflg,kalg,lgin,lgot,selg","","",""
"ROM/55/101.DAT","12704","17","5","0","0","eflg,kalg,lgin,lgot,selg","","",""
"ROM/55/102.DAT","12704","17","5","0","0","eflg,kalg,lgin,lgot,selg","","",""
"ROM/55/103.DAT","12704","17","5","0","0","eflg,kalg,lgin,lgot,selg","","",""
"ROM/55/104.DAT","12704","17","5","0","0","eflg,kalg,lgin,lgot,selg","","",""
"ROM/55/105.DAT","12704","17","5","0","0","eflg,kalg,lgin,lgot,selg","","",""
"ROM/55/106.DAT","12704","17","5","0","0","eflg,kalg,lgin,lgot,selg","","",""
"ROM/55/107.DAT","12704","17","5","0","0","eflg,kalg,lgin,lgot,selg","","",""
"ROM/55/108.DAT","12704","17","5","0","0","eflg,kalg,lgin,lgot,selg","","",""
"ROM/55/109.DAT","12704","17","5","0","0","eflg,kalg,lgin,lgot,selg","","",""
"ROM/55/11.DAT","10640","16","5","0","0","ef h,se h,sinr,skaz,sotr","","",""
"ROM/55/110.DAT","12704","17","5","0","0","eflg,kalg,lgin,lgot,selg","","",""
"ROM/55/111.DAT","20144","17","5","0","0","eflg,kalg,lgin,lgot,selg","","",""
"ROM/55/112.DAT","12752","17","5","0","0","eflg,kalg,lgin,lgot,selg","","",""
"ROM/55/113.DAT","12752","17","5","0","0","eflg,kalg,lgin,lgot,selg","","",""
"ROM/55/114.DAT","12752","17","5","0","0","eflg,kalg,lgin,lgot,selg","","",""
"ROM/55/115.DAT","12752","17","5","0","0","eflg,kalg,lgin,lgot,selg","","",""
"ROM/55/116.DAT","12752","17","5","0","0","eflg,kalg,lgin,lgot,selg","","",""
"ROM/55/117.DAT","13280","16","5","0","0","eflg,kalg,lgin,lgot,selg","","",""
"ROM/55/118.DAT","13232","16","5","0","0","eflg,kalg,lgin,lgot,selg","","",""
"ROM/55/119.DAT","13184","16","5","0","0","eflg,kalg,lgin,lgot,selg","","",""
"ROM/55/12.DAT","11584","16","5","0","0","ef h,se h,sinr,skaz,sotr","","",""
"ROM/55/120.DAT","13136","16","5","0","0","eflg,kalg,lgin,lgot,selg","","",""
"ROM/55/121.DAT","15104","16","5","0","0","eflg,kalg,lgin,lgot,selg","","",""
"ROM/55/122.DAT","16496","16","5","0","0","eflg,kalg,lgin,lgot,selg","","",""
"ROM/55/123.DAT","12352","16","5","0","0","eflg,kalg,lgin,lgot,selg","","",""
"ROM/55/124.DAT","9968","16","5","0","0","eflg,kalg,lgin,lgot,selg","","",""
"ROM/55/125.DAT","9968","16","5","0","0","eflg,kalg,lgin,lgot,selg","","",""
"ROM/55/126.DAT","9968","16","5","0","0","eflg,kalg,lgin,lgot,selg","","",""
"ROM/55/127.DAT","10016","16","5","0","0","eflg,kalg,lgin,lgot,selg","","",""
"ROM/55/13.DAT","11584","16","5","0","0","ef h,se h,sinr,skaz,sotr","","",""
"ROM/55/14.DAT","11632","16","5","0","0","ef h,se h,sinr,skaz,sotr","","",""
"ROM/55/15.DAT","13392","16","5","0","0","ef h,se h,sinr,skaz,sotr","","",""
"ROM/55/16.DAT","13392","16","5","0","0","ef h,se h,sinr,skaz,sotr","","",""
"ROM/55/17.DAT","13072","16","5","0","0","ef h,se h,sinr,skaz,sotr","","",""
"ROM/55/18.DAT","13072","16","5","0","0","ef h,se h,sinr,skaz,sotr","","",""
"ROM/55/19.DAT","13072","16","5","0","0","ef h,se h,sinr,skaz,sotr","","",""
"ROM/55/2.DAT","12144","16","5","0","0","ef h,se h,sinr,skaz,sotr","","",""
"ROM/55/20.DAT","13072","16","5","0","0","ef h,se h,sinr,skaz,sotr","","",""
"ROM/55/21.DAT","13072","16","5","0","0","ef h,se h,sinr,skaz,sotr","","",""
"ROM/55/22.DAT","13072","16","5","0","0","ef h,se h,sinr,skaz,sotr","","",""
"ROM/55/23.DAT","13072","16","5","0","0","ef h,se h,sinr,skaz,sotr","","",""
"ROM/55/24.DAT","15264","16","5","0","0","ef h,se h,sinr,skaz,sotr","","",""
"ROM/55/25.DAT","16272","16","5","0","0","ef h,se h,sinr,skaz,sotr","","",""
"ROM/55/26.DAT","15024","16","5","0","0","ef h,se h,sinr,skaz,sotr","","",""
"ROM/55/3.DAT","12144","16","5","0","0","ef h,se h,sinr,skaz,sotr","","",""
"ROM/55/4.DAT","12928","16","5","0","0","ef h,se h,sinr,skaz,sotr","","",""
"ROM/55/5.DAT","14400","16","5","0","0","ef h,se h,sinr,skaz,sotr","","",""
"ROM/55/6.DAT","16704","16","5","0","0","ef h,se h,sinr,skaz,sotr","","",""
"ROM/55/7.DAT","17568","16","5","0","0","ef h,se h,sinr,skaz,sotr","","",""
"ROM/55/8.DAT","10640","16","5","0","0","ef h,se h,sinr,skaz,sotr","","",""
"ROM/55/82.DAT","1680","15","5","0","0","eflg,kalg,lgin,lgot,selg","","",""
"ROM/55/83.DAT","1680","15","5","0","0","eflg,kalg,lgin,lgot,selg","","",""
"ROM/55/89.DAT","10592","16","5","0","0","eflg,kalg,lgin,lgot,selg","","",""
"ROM/55/9.DAT","10640","16","5","0","0","ef h,se h,sinr,skaz,sotr","","",""
"ROM/55/90.DAT","9328","16","5","0","0","eflg,kalg,lgin,lgot,selg","","",""
"ROM/55/91.DAT","13728","17","5","0","0","eflg,kalg,lgin,lgot,selg","","",""
"ROM/55/92.DAT","17392","17","5","0","0","eflg,kalg,lgin,lgot,selg","","",""
"ROM/55/93.DAT","17392","17","5","0","0","eflg,kalg,lgin,lgot,selg","","",""
"ROM/55/94.DAT","17392","17","5","0","0","eflg,kalg,lgin,lgot,selg","","",""
"ROM/55/95.DAT","17392","17","5","0","0","eflg,kalg,lgin,lgot,selg","","",""
"ROM/55/96.DAT","17392","17","5","0","0","eflg,kalg,lgin,lgot,selg","","",""
"ROM/55/97.DAT","17392","17","5","0","0","eflg,kalg,lgin,lgot,selg","","",""
"ROM/55/98.DAT","12704","17","5","0","0","eflg,kalg,lgin,lgot,selg","","",""
"ROM/55/99.DAT","12704","17","5","0","0","eflg,kalg,lgin,lgot,selg","","",""
"ROM/56/0.DAT","10832","16","5","0","0","eflg,kalg,lgin,lgot,selg","","",""
"ROM/56/1.DAT","10832","16","5","0","0","eflg,kalg,lgin,lgot,selg","","",""
"ROM/56/10.DAT","14368","16","5","0","0","eflg,kalg,lgin,lgot,selg","","",""
"ROM/56/11.DAT","14368","16","5","0","0","eflg,kalg,lgin,lgot,selg","","",""
"ROM/56/12.DAT","14368","16","5","0","0","eflg,kalg,lgin,lgot,selg","","",""
"ROM/56/13.DAT","14368","16","5","0","0","eflg,kalg,lgin,lgot,selg","","",""
"ROM/56/2.DAT","10832","16","5","0","0","eflg,kalg,lgin,lgot,selg","","",""
"ROM/56/3.DAT","10832","16","5","0","0","eflg,kalg,lgin,lgot,selg","","",""
"ROM/56/4.DAT","14368","16","5","0","0","eflg,kalg,lgin,lgot,selg","","",""
"ROM/56/5.DAT","14368","16","5","0","0","eflg,kalg,lgin,lgot,selg","","",""
"ROM/56/6.DAT","14368","16","5","0","0","eflg,kalg,lgin,lgot,selg","","",""
"ROM/56/7.DAT","14368","16","5","0","0","eflg,kalg,lgin,lgot,selg","","",""
"ROM/56/8.DAT","14368","16","5","0","0","eflg,kalg,lgin,lgot,selg","","",""
"ROM/56/9.DAT","14368","16","5","0","0","eflg,kalg,lgin,lgot,selg","","",""
"ROM/57/120.DAT","1616","13","5","0","0","ef h,se h,sinr,skaz,sotr","","",""
"ROM/57/121.DAT","11792","14","5","0","0","ef h,se h,sinr,skaz,sotr","","",""
"ROM/57/122.DAT","10352","14","5","0","0","ef h,se h,sinr,skaz,sotr","","",""
"ROM/57/123.DAT","9152","14","5","0","0","ef h,se h,sinr,skaz,sotr","","",""
"ROM/57/124.DAT","12192","14","5","0","0","ef h,se h,sinr,skaz,sotr","","",""
"ROM/57/125.DAT","12752","14","5","0","0","ef h,se h,sinr,skaz,sotr","","",""
"ROM/57/126.DAT","13072","14","5","0","0","ef h,se h,sinr,skaz,sotr","","",""
"ROM/57/127.DAT","14224","14","5","0","0","ef h,se h,sinr,skaz,sotr","","",""
"ROM/58/0.DAT","10928","14","5","0","0","ef h,se h,sinr,skaz,sotr","","",""
"ROM/58/1.DAT","13616","14","5","0","0","ef h,se h,sinr,skaz,sotr","","",""
"ROM/58/10.DAT","12848","16","5","0","0","ef h,se h,sinr,skaz,sotr","","",""
"ROM/58/100.DAT","13568","16","5","0","0","ef h,se h,sinr,skaz,sotr","","",""
"ROM/58/101.DAT","13568","16","5","0","0","ef h,se h,sinr,skaz,sotr","","",""
"ROM/58/102.DAT","10448","16","5","0","0","ef h,se h,sinr,skaz,sotr","","",""
"ROM/58/103.DAT","10448","16","5","0","0","ef h,se h,sinr,skaz,sotr","","",""
"ROM/58/104.DAT","10448","16","5","0","0","ef h,se h,sinr,skaz,sotr","","",""
"ROM/58/105.DAT","10448","16","5","0","0","ef h,se h,sinr,skaz,sotr","","",""
"ROM/58/106.DAT","10448","16","5","0","0","ef h,se h,sinr,skaz,sotr","","",""
"ROM/58/107.DAT","10448","16","5","0","0","ef h,se h,sinr,skaz,sotr","","",""
"ROM/58/108.DAT","11152","16","5","0","0","ef h,se h,sinr,skaz,sotr","","",""
"ROM/58/109.DAT","11152","16","5","0","0","ef h,se h,sinr,skaz,sotr","","",""
"ROM/58/11.DAT","12848","16","5","0","0","ef h,se h,sinr,skaz,sotr","","",""
"ROM/58/110.DAT","11152","16","5","0","0","ef h,se h,sinr,skaz,sotr","","",""
"ROM/58/111.DAT","11152","16","5","0","0","ef h,se h,sinr,skaz,sotr","","",""
"ROM/58/112.DAT","11152","16","5","0","0","ef h,se h,sinr,skaz,sotr","","",""
"ROM/58/113.DAT","12784","16","5","0","0","ef h,se h,sinr,skaz,sotr","","",""
"ROM/58/114.DAT","12768","16","5","0","0","ef h,se h,sinr,skaz,sotr","","",""
"ROM/58/115.DAT","12768","16","5","0","0","ef h,se h,sinr,skaz,sotr","","",""
"ROM/58/116.DAT","13440","16","5","0","0","ef h,se h,sinr,skaz,sotr","","",""
"ROM/58/117.DAT","13440","16","5","0","0","ef h,se h,sinr,skaz,sotr","","",""
"ROM/58/118.DAT","13440","16","5","0","0","ef h,se h,sinr,skaz,sotr","","",""
"ROM/58/119.DAT","13440","16","5","0","0","ef h,se h,sinr,skaz,sotr","","",""
"ROM/58/12.DAT","12848","16","5","0","0","ef h,se h,sinr,skaz,sotr","","",""
"ROM/58/120.DAT","14752","16","5","0","0","ef h,se h,sinr,skaz,sotr","","",""
"ROM/58/121.DAT","14752","16","5","0","0","ef h,se h,sinr,skaz,sotr","","",""
"ROM/58/122.DAT","12624","16","5","0","0","ef h,se h,sinr,skaz,sotr","","",""
"ROM/58/123.DAT","12576","16","5","0","0","ef h,se h,sinr,skaz,sotr","","",""
"ROM/58/124.DAT","12960","16","5","0","0","ef h,se h,sinr,skaz,sotr","","",""
"ROM/58/125.DAT","10528","16","5","0","0","ef h,se h,sinr,skaz,sotr","","",""
"ROM/58/126.DAT","12160","16","5","0","0","ef h,se h,sinr,skaz,sotr","","",""
"ROM/58/127.DAT","11312","16","5","0","0","ef h,se h,sinr,skaz,sotr","","",""
"ROM/58/13.DAT","14048","16","5","0","0","ef h,se h,sinr,skaz,sotr","","",""
"ROM/58/14.DAT","14912","16","5","0","0","ef h,se h,sinr,skaz,sotr","","",""
"ROM/58/15.DAT","14912","16","5","0","0","ef h,se h,sinr,skaz,sotr","","",""
"ROM/58/16.DAT","14912","16","5","0","0","ef h,se h,sinr,skaz,sotr","","",""
"ROM/58/17.DAT","14912","16","5","0","0","ef h,se h,sinr,skaz,sotr","","",""
"ROM/58/18.DAT","16688","16","5","0","0","ef h,se h,sinr,skaz,sotr","","",""
"ROM/58/19.DAT","16688","16","5","0","0","ef h,se h,sinr,skaz,sotr","","",""
"ROM/58/2.DAT","11504","14","5","0","0","ef h,se h,sinr,skaz,sotr","","",""
"ROM/58/20.DAT","16688","16","5","0","0","ef h,se h,sinr,skaz,sotr","","",""
"ROM/58/21.DAT","13296","16","5","0","0","ef h,se h,sinr,skaz,sotr","","",""
"ROM/58/22.DAT","13072","16","5","0","0","ef h,se h,sinr,skaz,sotr","","",""
"ROM/58/23.DAT","13296","16","5","0","0","ef h,se h,sinr,skaz,sotr","","",""
"ROM/58/24.DAT","13296","16","5","0","0","ef h,se h,sinr,skaz,sotr","","",""
"ROM/58/25.DAT","13296","16","5","0","0","ef h,se h,sinr,skaz,sotr","","",""
"ROM/58/26.DAT","12368","16","5","0","0","ef h,se h,sinr,skaz,sotr","","",""
"ROM/58/27.DAT","12368","16","5","0","0","ef h,se h,sinr,skaz,sotr","","",""
"ROM/58/28.DAT","12368","16","5","0","0","ef h,se h,sinr,skaz,sotr","","",""
"ROM/58/29.DAT","14544","16","5","0","0","ef h,se h,sinr,skaz,sotr","","",""
"ROM/58/3.DAT","10160","14","5","0","0","ef h,se h,sinr,skaz,sotr","","",""
"ROM/58/30.DAT","12288","16","5","0","0","ef h,se h,sinr,skaz,sotr","","",""
"ROM/58/31.DAT","12736","16","5","0","0","ef h,se h,sinr,skaz,sotr","","",""
"ROM/58/32.DAT","12736","16","5","0","0","ef h,se h,sinr,skaz,sotr","","",""
"ROM/58/33.DAT","12736","16","5","0","0","ef h,se h,sinr,skaz,sotr","","",""
"ROM/58/34.DAT","12736","16","5","0","0","ef h,se h,sinr,skaz,sotr","","",""
"ROM/58/35.DAT","12736","16","5","0","0","ef h,se h,sinr,skaz,sotr","","",""
"ROM/58/36.DAT","10896","16","5","0","0","ef h,se h,sinr,skaz,sotr","","",""
"ROM/58/37.DAT","14336","16","5","0","0","ef h,se h,sinr,skaz,sotr","","",""
"ROM/58/38.DAT","14320","16","5","0","0","ef h,se h,sinr,skaz,sotr","","",""
"ROM/58/39.DAT","14336","16","5","0","0","ef h,se h,sinr,skaz,sotr","","",""
"ROM/58/4.DAT","13152","14","5","0","0","ef h,se h,sinr,skaz,sotr","","",""
"ROM/58/40.DAT","14320","16","5","0","0","ef h,se h,sinr,skaz,sotr","","",""
"ROM/58/41.DAT","16768","16","5","0","0","ef h,se h,sinr,skaz,sotr","","",""
"ROM/58/42.DAT","18080","16","5","0","0","ef h,se h,sinr,skaz,sotr","","",""
"ROM/58/43.DAT","18080","16","5","0","0","ef h,se h,sinr,skaz,sotr","","",""
"ROM/58/44.DAT","22064","16","5","0","0","ef h,se h,sinr,skaz,sotr","","",""
"ROM/58/45.DAT","11024","16","5","0","0","ef h,se h,sinr,skaz,sotr","","",""
"ROM/58/46.DAT","11024","16","5","0","0","ef h,se h,sinr,skaz,sotr","","",""
"ROM/58/47.DAT","12480","16","5","0","0","ef h,se h,sinr,skaz,sotr","","",""
"ROM/58/48.DAT","12480","16","5","0","0","ef h,se h,sinr,skaz,sotr","","",""
"ROM/58/49.DAT","12480","16","5","0","0","ef h,se h,sinr,skaz,sotr","","",""
"ROM/58/5.DAT","10848","14","5","0","0","ef h,se h,sinr,skaz,sotr","","",""
"ROM/58/50.DAT","12480","16","5","0","0","ef h,se h,sinr,skaz,sotr","","",""
"ROM/58/51.DAT","12480","16","5","0","0","ef h,se h,sinr,skaz,sotr","","",""
"ROM/58/52.DAT","12480","16","5","0","0","ef h,se h,sinr,skaz,sotr","","",""
"ROM/58/53.DAT","10896","16","5","0","0","ef h,se h,sinr,skaz,sotr","","",""
"ROM/58/54.DAT","10896","16","5","0","0","ef h,se h,sinr,skaz,sotr","","",""
"ROM/58/55.DAT","12176","16","5","0","0","ef h,se h,sinr,skaz,sotr","","",""
"ROM/58/56.DAT","12176","16","5","0","0","ef h,se h,sinr,skaz,sotr","","",""
"ROM/58/57.DAT","16560","16","5","0","0","ef h,se h,sinr,skaz,sotr","","",""
"ROM/58/58.DAT","16560","16","5","0","0","ef h,se h,sinr,skaz,sotr","","",""
"ROM/58/59.DAT","16560","16","5","0","0","ef h,se h,sinr,skaz,sotr","","",""
"ROM/58/6.DAT","9952","14","5","0","0","ef h,se h,sinr,skaz,sotr","","",""
"ROM/58/60.DAT","16560","16","5","0","0","ef h,se h,sinr,skaz,sotr","","",""
"ROM/58/61.DAT","16560","16","5","0","0","ef h,se h,sinr,skaz,sotr","","",""
"ROM/58/62.DAT","11888","16","5","0","0","ef h,se h,sinr,skaz,sotr","","",""
"ROM/58/63.DAT","11920","16","5","0","0","ef h,se h,sinr,skaz,sotr","","",""
"ROM/58/64.DAT","11920","16","5","0","0","ef h,se h,sinr,skaz,sotr","","",""
"ROM/58/65.DAT","11920","16","5","0","0","ef h,se h,sinr,skaz,sotr","","",""
"ROM/58/66.DAT","12288","16","5","0","0","ef h,se h,sinr,skaz,sotr","","",""
"ROM/58/67.DAT","12288","16","5","0","0","ef h,se h,sinr,skaz,sotr","","",""
"ROM/58/68.DAT","12288","16","5","0","0","ef h,se h,sinr,skaz,sotr","","",""
"ROM/58/69.DAT","12288","16","5","0","0","ef h,se h,sinr,skaz,sotr","","",""
"ROM/58/7.DAT","1616","13","5","0","0","ef h,se h,sinr,skaz,sotr","","",""
"ROM/58/70.DAT","12288","16","5","0","0","ef h,se h,sinr,skaz,sotr","","",""
"ROM/58/71.DAT","10832","16","5","0","0","ef h,se h,sinr,skaz,sotr","","",""
"ROM/58/72.DAT","10832","16","5","0","0","ef h,se h,sinr,skaz,sotr","","",""
"ROM/58/73.DAT","10832","16","5","0","0","ef h,se h,sinr,skaz,sotr","","",""
"ROM/58/74.DAT","11424","16","5","0","0","ef h,se h,sinr,skaz,sotr","","",""
"ROM/58/75.DAT","11424","16","5","0","0","ef h,se h,sinr,skaz,sotr","","",""
"ROM/58/76.DAT","11424","16","5","0","0","ef h,se h,sinr,skaz,sotr","","",""
"ROM/58/77.DAT","11424","16","5","0","0","ef h,se h,sinr,skaz,sotr","","",""
"ROM/58/78.DAT","11424","16","5","0","0","ef h,se h,sinr,skaz,sotr","","",""
"ROM/58/79.DAT","12112","16","5","0","0","ef h,se h,sinr,skaz,sotr","","",""
"ROM/58/8.DAT","12688","16","5","0","0","ef h,se h,sinr,skaz,sotr","","",""
"ROM/58/80.DAT","12112","16","5","0","0","ef h,se h,sinr,skaz,sotr","","",""
"ROM/58/81.DAT","12704","16","5","0","0","ef h,se h,sinr,skaz,sotr","","",""
"ROM/58/82.DAT","12704","16","5","0","0","ef h,se h,sinr,skaz,sotr","","",""
"ROM/58/83.DAT","12704","16","5","0","0","ef h,se h,sinr,skaz,sotr","","",""
"ROM/58/84.DAT","12704","16","5","0","0","ef h,se h,sinr,skaz,sotr","","",""
"ROM/58/85.DAT","13024","16","5","0","0","ef h,se h,sinr,skaz,sotr","","",""
"ROM/58/86.DAT","13024","16","5","0","0","ef h,se h,sinr,skaz,sotr","","",""
"ROM/58/87.DAT","13024","16","5","0","0","ef h,se h,sinr,skaz,sotr","","",""
"ROM/58/88.DAT","14128","16","5","0","0","ef h,se h,sinr,skaz,sotr","","",""
"ROM/58/89.DAT","11872","16","5","0","0","ef h,se h,sinr,skaz,sotr","","",""
"ROM/58/9.DAT","12848","16","5","0","0","ef h,se h,sinr,skaz,sotr","","",""
"ROM/58/90.DAT","11872","16","5","0","0","ef h,se h,sinr,skaz,sotr","","",""
"ROM/58/91.DAT","11872","16","5","0","0","ef h,se h,sinr,skaz,sotr","","",""
"ROM/58/92.DAT","11872","16","5","0","0","ef h,se h,sinr,skaz,sotr","","",""
"ROM/58/93.DAT","9760","16","5","0","0","ef h,se h,sinr,skaz,sotr","","",""
"ROM/58/94.DAT","9760","16","5","0","0","ef h,se h,sinr,skaz,sotr","","",""
"ROM/58/95.DAT","13008","16","5","0","0","ef h,se h,sinr,skaz,sotr","","",""
"ROM/58/96.DAT","11920","16","5","0","0","ef h,se h,sinr,skaz,sotr","","",""
"ROM/58/97.DAT","11920","16","5","0","0","ef h,se h,sinr,skaz,sotr","","",""
"ROM/58/98.DAT","13568","16","5","0","0","ef h,se h,sinr,skaz,sotr","","",""
"ROM/58/99.DAT","13568","16","5","0","0","ef h,se h,sinr,skaz,sotr","","",""
"ROM/59/0.DAT","11312","16","5","0","0","ef h,se h,sinr,skaz,sotr","","",""
"ROM/59/1.DAT","11312","16","5","0","0","ef h,se h,sinr,skaz,sotr","","",""
"ROM/59/10.DAT","12560","16","5","0","0","ef h,se h,sinr,skaz,sotr","","",""
"ROM/59/100.DAT","12144","16","5","0","0","ef h,se h,sinr,skaz,sotr","","",""
"ROM/59/101.DAT","12144","16","5","0","0","ef h,se h,sinr,skaz,sotr","","",""
"ROM/59/102.DAT","12928","16","5","0","0","ef h,se h,sinr,skaz,sotr","","",""
"ROM/59/103.DAT","14400","16","5","0","0","ef h,se h,sinr,skaz,sotr","","",""
"ROM/59/104.DAT","16704","16","5","0","0","ef h,se h,sinr,skaz,sotr","","",""
"ROM/59/105.DAT","17568","16","5","0","0","ef h,se h,sinr,skaz,sotr","","",""
"ROM/59/106.DAT","10640","16","5","0","0","ef h,se h,sinr,skaz,sotr","","",""
"ROM/59/107.DAT","10640","16","5","0","0","ef h,se h,sinr,skaz,sotr","","",""
"ROM/59/108.DAT","10640","16","5","0","0","ef h,se h,sinr,skaz,sotr","","",""
"ROM/59/109.DAT","10640","16","5","0","0","ef h,se h,sinr,skaz,sotr","","",""
"ROM/59/11.DAT","11120","16","5","0","0","ef h,se h,sinr,skaz,sotr","","",""
"ROM/59/110.DAT","11584","16","5","0","0","ef h,se h,sinr,skaz,sotr","","",""
"ROM/59/111.DAT","11584","16","5","0","0","ef h,se h,sinr,skaz,sotr","","",""
"ROM/59/112.DAT","11632","16","5","0","0","ef h,se h,sinr,skaz,sotr","","",""
"ROM/59/113.DAT","13392","16","5","0","0","ef h,se h,sinr,skaz,sotr","","",""
"ROM/59/114.DAT","13392","16","5","0","0","ef h,se h,sinr,skaz,sotr","","",""
"ROM/59/115.DAT","13072","16","5","0","0","ef h,se h,sinr,skaz,sotr","","",""
"ROM/59/116.DAT","13072","16","5","0","0","ef h,se h,sinr,skaz,sotr","","",""
"ROM/59/117.DAT","13072","16","5","0","0","ef h,se h,sinr,skaz,sotr","","",""
"ROM/59/118.DAT","13072","16","5","0","0","ef h,se h,sinr,skaz,sotr","","",""
"ROM/59/119.DAT","13072","16","5","0","0","ef h,se h,sinr,skaz,sotr","","",""
"ROM/59/12.DAT","11040","16","5","0","0","ef h,se h,sinr,skaz,sotr","","",""
"ROM/59/120.DAT","13072","16","5","0","0","ef h,se h,sinr,skaz,sotr","","",""
"ROM/59/121.DAT","13072","16","5","0","0","ef h,se h,sinr,skaz,sotr","","",""
"ROM/59/122.DAT","15264","16","5","0","0","ef h,se h,sinr,skaz,sotr","","",""
"ROM/59/123.DAT","16272","16","5","0","0","ef h,se h,sinr,skaz,sotr","","",""
"ROM/59/124.DAT","15024","16","5","0","0","ef h,se h,sinr,skaz,sotr","","",""
"ROM/59/13.DAT","11120","16","5","0","0","ef h,se h,sinr,skaz,sotr","","",""
"ROM/59/14.DAT","12944","16","5","0","0","ef h,se h,sinr,skaz,sotr","","",""
"ROM/59/15.DAT","12944","16","5","0","0","ef h,se h,sinr,skaz,sotr","","",""
"ROM/59/16.DAT","12944","16","5","0","0","ef h,se h,sinr,skaz,sotr","","",""
"ROM/59/17.DAT","12944","16","5","0","0","ef h,se h,sinr,skaz,sotr","","",""
"ROM/59/18.DAT","15888","16","5","0","0","ef h,se h,sinr,skaz,sotr","","",""
"ROM/59/19.DAT","13920","16","5","0","0","ef h,se h,sinr,skaz,sotr","","",""
"ROM/59/2.DAT","12096","16","5","0","0","ef h,se h,sinr,skaz,sotr","","",""
"ROM/59/20.DAT","14688","16","5","0","0","ef h,se h,sinr,skaz,sotr","","",""
"ROM/59/21.DAT","14688","16","5","0","0","ef h,se h,sinr,skaz,sotr","","",""
"ROM/59/22.DAT","14688","16","5","0","0","ef h,se h,sinr,skaz,sotr","","",""
"ROM/59/23.DAT","14688","16","5","0","0","ef h,se h,sinr,skaz,sotr","","",""
"ROM/59/24.DAT","14688","16","5","0","0","ef h,se h,sinr,skaz,sotr","","",""
"ROM/59/25.DAT","14688","16","5","0","0","ef h,se h,sinr,skaz,sotr","","",""
"ROM/59/26.DAT","14896","16","5","0","0","ef h,se h,sinr,skaz,sotr","","",""
"ROM/59/27.DAT","14896","16","5","0","0","ef h,se h,sinr,skaz,sotr","","",""
"ROM/59/28.DAT","14896","16","5","0","0","ef h,se h,sinr,skaz,sotr","","",""
"ROM/59/29.DAT","14320","16","5","0","0","ef h,se h,sinr,skaz,sotr","","",""
"ROM/59/3.DAT","12096","16","5","0","0","ef h,se h,sinr,skaz,sotr","","",""
"ROM/59/30.DAT","14320","16","5","0","0","ef h,se h,sinr,skaz,sotr","","",""
"ROM/59/31.DAT","15280","16","5","0","0","ef h,se h,sinr,skaz,sotr","","",""
"ROM/59/32.DAT","15280","16","5","0","0","ef h,se h,sinr,skaz,sotr","","",""
"ROM/59/33.DAT","15856","16","5","0","0","ef h,se h,sinr,skaz,sotr","","",""
"ROM/59/34.DAT","15056","16","5","0","0","ef h,se h,sinr,skaz,sotr","","",""
"ROM/59/35.DAT","13200","16","5","0","0","ef h,se h,sinr,skaz,sotr","","",""
"ROM/59/36.DAT","13200","16","5","0","0","ef h,se h,sinr,skaz,sotr","","",""
"ROM/59/37.DAT","13200","16","5","0","0","ef h,se h,sinr,skaz,sotr","","",""
"ROM/59/38.DAT","13200","16","5","0","0","ef h,se h,sinr,skaz,sotr","","",""
"ROM/59/39.DAT","13200","16","5","0","0","ef h,se h,sinr,skaz,sotr","","",""
"ROM/59/4.DAT","12096","16","5","0","0","ef h,se h,sinr,skaz,sotr","","",""
"ROM/59/40.DAT","13200","16","5","0","0","ef h,se h,sinr,skaz,sotr","","",""
"ROM/59/41.DAT","13200","16","5","0","0","ef h,se h,sinr,skaz,sotr","","",""
"ROM/59/42.DAT","11856","16","5","0","0","ef h,se h,sinr,skaz,sotr","","",""
"ROM/59/43.DAT","11856","16","5","0","0","ef h,se h,sinr,skaz,sotr","","",""
"ROM/59/44.DAT","11856","16","5","0","0","ef h,se h,sinr,skaz,sotr","","",""
"ROM/59/45.DAT","11856","16","5","0","0","ef h,se h,sinr,skaz,sotr","","",""
"ROM/59/46.DAT","11856","16","5","0","0","ef h,se h,sinr,skaz,sotr","","",""
"ROM/59/47.DAT","11856","16","5","0","0","ef h,se h,sinr,skaz,sotr","","",""
"ROM/59/48.DAT","11856","16","5","0","0","ef h,se h,sinr,skaz,sotr","","",""
"ROM/59/49.DAT","11856","16","5","0","0","ef h,se h,sinr,skaz,sotr","","",""
"ROM/59/5.DAT","12096","16","5","0","0","ef h,se h,sinr,skaz,sotr","","",""
"ROM/59/50.DAT","13488","16","5","0","0","ef h,se h,sinr,skaz,sotr","","",""
"ROM/59/51.DAT","12608","16","5","0","0","ef h,se h,sinr,skaz,sotr","","",""
"ROM/59/52.DAT","12608","16","5","0","0","ef h,se h,sinr,skaz,sotr","","",""
"ROM/59/53.DAT","12608","16","5","0","0","ef h,se h,sinr,skaz,sotr","","",""
"ROM/59/54.DAT","12608","16","5","0","0","ef h,se h,sinr,skaz,sotr","","",""
"ROM/59/55.DAT","12608","16","5","0","0","ef h,se h,sinr,skaz,sotr","","",""
"ROM/59/56.DAT","12608","16","5","0","0","ef h,se h,sinr,skaz,sotr","","",""
"ROM/59/57.DAT","11184","16","5","0","0","ef h,se h,sinr,skaz,sotr","","",""
"ROM/59/58.DAT","14352","16","5","0","0","ef h,se h,sinr,skaz,sotr","","",""
"ROM/59/59.DAT","14560","16","5","0","0","ef h,se h,sinr,skaz,sotr","","",""
"ROM/59/6.DAT","12096","16","5","0","0","ef h,se h,sinr,skaz,sotr","","",""
"ROM/59/60.DAT","14560","16","5","0","0","ef h,se h,sinr,skaz,sotr","","",""
"ROM/59/61.DAT","14560","16","5","0","0","ef h,se h,sinr,skaz,sotr","","",""
"ROM/59/62.DAT","14560","16","5","0","0","ef h,se h,sinr,skaz,sotr","","",""
"ROM/59/63.DAT","14560","16","5","0","0","ef h,se h,sinr,skaz,sotr","","",""
"ROM/59/64.DAT","14560","16","5","0","0","ef h,se h,sinr,skaz,sotr","","",""
"ROM/59/65.DAT","14560","16","5","0","0","ef h,se h,sinr,skaz,sotr","","",""
"ROM/59/66.DAT","12288","16","5","0","0","ef h,se h,sinr,skaz,sotr","","",""
"ROM/59/67.DAT","12288","16","5","0","0","ef h,se h,sinr,skaz,sotr","","",""
"ROM/59/68.DAT","12288","16","5","0","0","ef h,se h,sinr,skaz,sotr","","",""
"ROM/59/69.DAT","12288","16","5","0","0","ef h,se h,sinr,skaz,sotr","","",""
"ROM/59/7.DAT","12560","16","5","0","0","ef h,se h,sinr,skaz,sotr","","",""
"ROM/59/70.DAT","12288","16","5","0","0","ef h,se h,sinr,skaz,sotr","","",""
"ROM/59/71.DAT","13776","16","5","0","0","ef h,se h,sinr,skaz,sotr","","",""
"ROM/59/72.DAT","11296","16","5","0","0","ef h,se h,sinr,skaz,sotr","","",""
"ROM/59/73.DAT","11296","16","5","0","0","ef h,se h,sinr,skaz,sotr","","",""
"ROM/59/74.DAT","11296","16","5","0","0","ef h,se h,sinr,skaz,sotr","","",""
"ROM/59/75.DAT","11296","16","5","0","0","ef h,se h,sinr,skaz,sotr","","",""
"ROM/59/76.DAT","13920","16","5","0","0","ef h,se h,sinr,skaz,sotr","","",""
"ROM/59/77.DAT","13920","16","5","0","0","ef h,se h,sinr,skaz,sotr","","",""
"ROM/59/78.DAT","13920","16","5","0","0","ef h,se h,sinr,skaz,sotr","","",""
"ROM/59/79.DAT","13920","16","5","0","0","ef h,se h,sinr,skaz,sotr","","",""
"ROM/59/8.DAT","12560","16","5","0","0","ef h,se h,sinr,skaz,sotr","","",""
"ROM/59/80.DAT","13920","16","5","0","0","ef h,se h,sinr,skaz,sotr","","",""
"ROM/59/81.DAT","15072","16","5","0","0","ef h,se h,sinr,skaz,sotr","","",""
"ROM/59/82.DAT","15072","16","5","0","0","ef h,se h,sinr,skaz,sotr","","",""
"ROM/59/83.DAT","15072","16","5","0","0","ef h,se h,sinr,skaz,sotr","","",""
"ROM/59/84.DAT","11840","16","5","0","0","ef h,se h,sinr,skaz,sotr","","",""
"ROM/59/85.DAT","11840","16","5","0","0","ef h,se h,sinr,skaz,sotr","","",""
"ROM/59/86.DAT","11840","16","5","0","0","ef h,se h,sinr,skaz,sotr","","",""
"ROM/59/87.DAT","11856","16","5","0","0","ef h,se h,sinr,skaz,sotr","","",""
"ROM/59/88.DAT","11840","16","5","0","0","ef h,se h,sinr,skaz,sotr","","",""
"ROM/59/89.DAT","13200","16","5","0","0","ef h,se h,sinr,skaz,sotr","","",""
"ROM/59/9.DAT","12560","16","5","0","0","ef h,se h,sinr,skaz,sotr","","",""
"ROM/59/90.DAT","13200","16","5","0","0","ef h,se h,sinr,skaz,sotr","","",""
"ROM/59/91.DAT","14448","16","5","0","0","ef h,se h,sinr,skaz,sotr","","",""
"ROM/59/92.DAT","14448","16","5","0","0","ef h,se h,sinr,skaz,sotr","","",""
"ROM/59/93.DAT","14448","16","5","0","0","ef h,se h,sinr,skaz,sotr","","",""
"ROM/59/94.DAT","14448","16","5","0","0","ef h,se h,sinr,skaz,sotr","","",""
"ROM/59/95.DAT","16032","16","5","0","0","ef h,se h,sinr,skaz,sotr","","",""
"ROM/59/96.DAT","16032","16","5","0","0","ef h,se h,sinr,skaz,sotr","","",""
"ROM/59/97.DAT","16032","16","5","0","0","ef h,se h,sinr,skaz,sotr","","",""
"ROM/59/98.DAT","16032","16","5","0","0","ef h,se h,sinr,skaz,sotr","","",""
"ROM/59/99.DAT","15584","16","5","0","0","ef h,se h,sinr,skaz,sotr","","",""
"ROM/60/100.DAT","10832","16","5","0","0","eflg,kalg,lgin,lgot,selg","","",""
"ROM/60/101.DAT","10832","16","5","0","0","eflg,kalg,lgin,lgot,selg","","",""
"ROM/60/102.DAT","14368","16","5","0","0","eflg,kalg,lgin,lgot,selg","","",""
"ROM/60/103.DAT","14368","16","5","0","0","eflg,kalg,lgin,lgot,selg","","",""
"ROM/60/104.DAT","14368","16","5","0","0","eflg,kalg,lgin,lgot,selg","","",""
"ROM/60/105.DAT","14368","16","5","0","0","eflg,kalg,lgin,lgot,selg","","",""
"ROM/60/106.DAT","14368","16","5","0","0","eflg,kalg,lgin,lgot,selg","","",""
"ROM/60/107.DAT","14368","16","5","0","0","eflg,kalg,lgin,lgot,selg","","",""
"ROM/60/108.DAT","14368","16","5","0","0","eflg,kalg,lgin,lgot,selg","","",""
"ROM/60/109.DAT","14368","16","5","0","0","eflg,kalg,lgin,lgot,selg","","",""
"ROM/60/110.DAT","14368","16","5","0","0","eflg,kalg,lgin,lgot,selg","","",""
"ROM/60/111.DAT","14368","16","5","0","0","eflg,kalg,lgin,lgot,selg","","",""
"ROM/60/52.DAT","1680","15","5","0","0","eflg,kalg,lgin,lgot,selg","","",""
"ROM/60/53.DAT","1680","15","5","0","0","eflg,kalg,lgin,lgot,selg","","",""
"ROM/60/59.DAT","10592","16","5","0","0","eflg,kalg,lgin,lgot,selg","","",""
"ROM/60/60.DAT","9328","16","5","0","0","eflg,kalg,lgin,lgot,selg","","",""
"ROM/60/61.DAT","13728","17","5","0","0","eflg,kalg,lgin,lgot,selg","","",""
"ROM/60/62.DAT","17392","17","5","0","0","eflg,kalg,lgin,lgot,selg","","",""
"ROM/60/63.DAT","17392","17","5","0","0","eflg,kalg,lgin,lgot,selg","","",""
"ROM/60/64.DAT","17392","17","5","0","0","eflg,kalg,lgin,lgot,selg","","",""
"ROM/60/65.DAT","17392","17","5","0","0","eflg,kalg,lgin,lgot,selg","","",""
"ROM/60/66.DAT","17392","17","5","0","0","eflg,kalg,lgin,lgot,selg","","",""
"ROM/60/67.DAT","17392","17","5","0","0","eflg,kalg,lgin,lgot,selg","","",""
"ROM/60/68.DAT","12704","17","5","0","0","eflg,kalg,lgin,lgot,selg","","",""
"ROM/60/69.DAT","12704","17","5","0","0","eflg,kalg,lgin,lgot,selg","","",""
"ROM/60/70.DAT","12704","17","5","0","0","eflg,kalg,lgin,lgot,selg","","",""
"ROM/60/71.DAT","12704","17","5","0","0","eflg,kalg,lgin,lgot,selg","","",""
"ROM/60/72.DAT","12704","17","5","0","0","eflg,kalg,lgin,lgot,selg","","",""
"ROM/60/73.DAT","12704","17","5","0","0","eflg,kalg,lgin,lgot,selg","","",""
"ROM/60/74.DAT","12704","17","5","0","0","eflg,kalg,lgin,lgot,selg","","",""
"ROM/60/75.DAT","12704","17","5","0","0","eflg,kalg,lgin,lgot,selg","","",""
"ROM/60/76.DAT","12704","17","5","0","0","eflg,kalg,lgin,lgot,selg","","",""
"ROM/60/77.DAT","12704","17","5","0","0","eflg,kalg,lgin,lgot,selg","","",""
"ROM/60/78.DAT","12704","17","5","0","0","eflg,kalg,lgin,lgot,selg","","",""
"ROM/60/79.DAT","12704","17","5","0","0","eflg,kalg,lgin,lgot,selg","","",""
"ROM/60/80.DAT","12704","17","5","0","0","eflg,kalg,lgin,lgot,selg","","",""
"ROM/60/81.DAT","20144","17","5","0","0","eflg,kalg,lgin,lgot,selg","","",""
"ROM/60/82.DAT","12752","17","5","0","0","eflg,kalg,lgin,lgot,selg","","",""
"ROM/60/83.DAT","12752","17","5","0","0","eflg,kalg,lgin,lgot,selg","","",""
"ROM/60/84.DAT","12752","17","5","0","0","eflg,kalg,lgin,lgot,selg","","",""
"ROM/60/85.DAT","12752","17","5","0","0","eflg,kalg,lgin,lgot,selg","","",""
"ROM/60/86.DAT","12752","17","5","0","0","eflg,kalg,lgin,lgot,selg","","",""
"ROM/60/87.DAT","13280","16","5","0","0","eflg,kalg,lgin,lgot,selg","","",""
"ROM/60/88.DAT","13232","16","5","0","0","eflg,kalg,lgin,lgot,selg","","",""
"ROM/60/89.DAT","13184","16","5","0","0","eflg,kalg,lgin,lgot,selg","","",""
"ROM/60/90.DAT","13136","16","5","0","0","eflg,kalg,lgin,lgot,selg","","",""
"ROM/60/91.DAT","15104","16","5","0","0","eflg,kalg,lgin,lgot,selg","","",""
"ROM/60/92.DAT","16496","16","5","0","0","eflg,kalg,lgin,lgot,selg","","",""
"ROM/60/93.DAT","12336","16","5","0","0","eflg,kalg,lgin,lgot,selg","","",""
"ROM/60/94.DAT","9968","16","5","0","0","eflg,kalg,lgin,lgot,selg","","",""
"ROM/60/95.DAT","9968","16","5","0","0","eflg,kalg,lgin,lgot,selg","","",""
"ROM/60/96.DAT","9968","16","5","0","0","eflg,kalg,lgin,lgot,selg","","",""
"ROM/60/97.DAT","10016","16","5","0","0","eflg,kalg,lgin,lgot,selg","","",""
"ROM/60/98.DAT","10832","16","5","0","0","eflg,kalg,lgin,lgot,selg","","",""
"ROM/60/99.DAT","10832","16","5","0","0","eflg,kalg,lgin,lgot,selg","","",""
"ROM/61/120.DAT","1392","12","5","0","0","s000,s001,s002,s003,s004","","",""
"ROM/34/10.DAT","9680","12","3","0","0","ef h,se h,skaz","","",""
"ROM/61/110.DAT","69600","14","2","6","6","@tl0,@tr0","eye,id1,idl,mou,run,wlk","eye3,id10,idl0,mou4,run0,wlk0","eye3:5,id10:15,idl0:15,mou4:31,run0:9,wlk0:13"
"ROM/61/58.DAT","70192","14","2","6","6","@tl0,@tr0","eye,id1,idl,mou,run,wlk","eye3,id10,idl0,mou4,run0,wlk0","eye3:5,id10:15,idl0:15,mou4:31,run0:9,wlk0:13"
"ROM/61/85.DAT","91168","14","2","6","6","@tl0,@tr0","eye,id1,idl,mou,run,wlk","eye3,id10,idl0,mou4,run0,wlk0","eye3:5,id10:31,idl0:31,mou4:31,run0:9,wlk0:13"
"ROM/61/117.DAT","624","6","2","0","0","s000,s001","","",""
"ROM/28/10.DAT","70208","10","1","0","0","sdam","","",""
"ROM/28/11.DAT","58336","9","1","0","0","sdam","","",""
"ROM/28/12.DAT","54384","8","1","0","0","sdam","","",""
"ROM/28/13.DAT","54384","8","1","0","0","sdam","","",""
"ROM/28/14.DAT","54384","8","1","0","0","sdam","","",""
"ROM/28/15.DAT","54704","7","1","0","0","sdam","","",""
"ROM/28/16.DAT","59216","9","1","0","0","sdam","","",""
"ROM/28/17.DAT","70208","10","1","0","0","sdam","","",""
"ROM/28/18.DAT","69392","10","1","0","0","sdam","","",""
"ROM/28/19.DAT","55216","9","1","0","0","sdam","","",""
"ROM/28/20.DAT","55216","9","1","0","0","sdam","","",""
"ROM/28/21.DAT","56688","9","1","0","0","sdam","","",""
"ROM/28/22.DAT","56688","9","1","0","0","sdam","","",""
"ROM/28/24.DAT","59760","9","1","0","0","sdam","","",""
"ROM/28/25.DAT","56000","7","1","0","0","sdam","","",""
"ROM/28/26.DAT","56000","7","1","0","0","sdam","","",""
"ROM/28/27.DAT","56000","7","1","0","0","sdam","","",""
"ROM/28/28.DAT","58656","8","1","0","0","sdam","","",""
"ROM/28/29.DAT","62512","10","1","0","0","sdam","","",""
"ROM/28/30.DAT","65904","8","1","0","0","sdam","","",""
"ROM/28/31.DAT","66240","8","1","0","0","sdam","","",""
"ROM/28/32.DAT","62688","10","1","0","0","sdam","","",""
"ROM/28/33.DAT","55216","9","1","0","0","sdam","","",""
"ROM/28/34.DAT","55216","9","1","0","0","sdam","","",""
"ROM/28/35.DAT","55216","9","1","0","0","sdam","","",""
"ROM/28/36.DAT","57776","8","1","0","0","sdam","","",""
"ROM/28/37.DAT","62688","10","1","0","0","sdam","","",""
"ROM/28/38.DAT","54704","7","1","0","0","sdam","","",""
"ROM/28/39.DAT","57648","8","1","0","0","sdam","","",""
"ROM/28/40.DAT","54384","8","1","0","0","sdam","","",""
"ROM/28/41.DAT","55392","9","1","0","0","sdam","","",""
"ROM/28/42.DAT","55392","9","1","0","0","sdam","","",""
"ROM/28/43.DAT","62688","10","1","0","0","sdam","","",""
"ROM/28/44.DAT","58336","9","1","0","0","sdam","","",""
"ROM/28/45.DAT","66240","8","1","0","0","sdam","","",""
"ROM/28/46.DAT","66240","8","1","0","0","sdam","","",""
"ROM/28/47.DAT","55280","9","1","0","0","sdam","","",""
"ROM/28/48.DAT","55216","9","1","0","0","sdam","","",""
"ROM/28/49.DAT","59216","9","1","0","0","sdam","","",""
"ROM/28/50.DAT","58912","8","1","0","0","sdam","","",""
"ROM/28/51.DAT","58656","8","1","0","0","sdam","","",""
"ROM/28/7.DAT","51520","7","1","0","0","sdam","","",""
"ROM/28/8.DAT","54384","8","1","0","0","sdam","","",""
"ROM/28/9.DAT","57648","8","1","0","0","sdam","","",""
"ROM/31/29.DAT","14064","18","1","0","0","gm00","","",""
"ROM/32/111.DAT","54992","7","1","0","0","sdam","","",""
"ROM/32/112.DAT","53136","8","1","0","0","sdam","","",""
"ROM/32/113.DAT","56176","8","1","0","0","sdam","","",""
"ROM/32/114.DAT","71728","11","1","0","0","sdam","","",""
"ROM/32/115.DAT","63824","9","1","0","0","sdam","","",""
"ROM/32/116.DAT","53120","8","1","0","0","sdam","","",""
"ROM/32/117.DAT","53120","8","1","0","0","sdam","","",""
"ROM/32/118.DAT","53120","8","1","0","0","sdam","","",""
"ROM/32/119.DAT","54752","7","1","0","0","sdam","","",""
"ROM/32/120.DAT","63152","9","1","0","0","sdam","","",""
"ROM/32/121.DAT","71728","11","1","0","0","sdam","","",""
"ROM/32/122.DAT","71728","11","1","0","0","sdam","","",""
"ROM/32/123.DAT","57376","9","1","0","0","sdam","","",""
"ROM/32/124.DAT","57376","9","1","0","0","sdam","","",""
"ROM/32/125.DAT","55936","9","1","0","0","sdam","","",""
"ROM/32/126.DAT","55936","9","1","0","0","sdam","","",""
"ROM/32/127.DAT","55936","9","1","0","0","sdam","","",""
"ROM/33/0.DAT","64208","9","1","0","0","sdam","","",""
"ROM/33/1.DAT","57104","7","1","0","0","sdam","","",""
"ROM/33/10.DAT","57376","9","1","0","0","sdam","","",""
"ROM/33/11.DAT","57376","9","1","0","0","sdam","","",""
"ROM/33/12.DAT","56304","8","1","0","0","sdam","","",""
"ROM/33/13.DAT","61888","10","1","0","0","sdam","","",""
"ROM/33/14.DAT","54752","7","1","0","0","sdam","","",""
"ROM/33/15.DAT","56176","8","1","0","0","sdam","","",""
"ROM/33/16.DAT","53136","8","1","0","0","sdam","","",""
"ROM/33/17.DAT","54624","9","1","0","0","sdam","","",""
"ROM/33/18.DAT","54624","9","1","0","0","sdam","","",""
"ROM/33/19.DAT","61888","10","1","0","0","sdam","","",""
"ROM/33/2.DAT","57104","7","1","0","0","sdam","","",""
"ROM/33/20.DAT","63824","9","1","0","0","sdam","","",""
"ROM/33/21.DAT","66320","8","1","0","0","sdam","","",""
"ROM/33/22.DAT","66320","8","1","0","0","sdam","","",""
"ROM/33/23.DAT","56640","9","1","0","0","sdam","","",""
"ROM/33/24.DAT","57376","9","1","0","0","sdam","","",""
"ROM/33/25.DAT","63152","9","1","0","0","sdam","","",""
"ROM/33/26.DAT","61280","9","1","0","0","sdam","","",""
"ROM/33/27.DAT","61280","9","1","0","0","sdam","","",""
"ROM/33/3.DAT","57104","7","1","0","0","sdam","","",""
"ROM/33/4.DAT","61280","9","1","0","0","sdam","","",""
"ROM/33/5.DAT","61712","10","1","0","0","sdam","","",""
"ROM/33/6.DAT","66320","8","1","0","0","sdam","","",""
"ROM/33/7.DAT","66320","8","1","0","0","sdam","","",""
"ROM/33/8.DAT","61888","10","1","0","0","sdam","","",""
"ROM/33/9.DAT","57376","9","1","0","0","sdam","","",""
"ROM/36/5.DAT","14064","18","1","0","0","gm00","","",""
"ROM/37/100.DAT","67680","9","1","0","0","sdam","","",""
"ROM/37/101.DAT","59536","7","1","0","0","sdam","","",""
"ROM/37/102.DAT","59536","7","1","0","0","sdam","","",""
"ROM/37/103.DAT","59536","7","1","0","0","sdam","","",""
"ROM/37/104.DAT","62112","8","1","0","0","sdam","","",""
"ROM/37/105.DAT","64016","10","1","0","0","sdam","","",""
"ROM/37/106.DAT","69984","8","1","0","0","sdam","","",""
"ROM/37/107.DAT","69920","8","1","0","0","sdam","","",""
"ROM/37/109.DAT","58096","9","1","0","0","sdam","","",""
"ROM/37/110.DAT","58096","9","1","0","0","sdam","","",""
"ROM/37/111.DAT","58096","9","1","0","0","sdam","","",""
"ROM/37/112.DAT","58736","8","1","0","0","sdam","","",""
"ROM/37/113.DAT","57072","8","1","0","0","sdam","","",""
"ROM/37/114.DAT","58608","8","1","0","0","sdam","","",""
"ROM/37/115.DAT","55312","8","1","0","0","sdam","","",""
"ROM/37/116.DAT","57392","9","1","0","0","sdam","","",""
"ROM/37/117.DAT","57392","9","1","0","0","sdam","","",""
"ROM/37/118.DAT","64128","10","1","0","0","sdam","","",""
"ROM/37/119.DAT","65872","9","1","0","0","sdam","","",""
"ROM/37/120.DAT","69920","8","1","0","0","sdam","","",""
"ROM/37/121.DAT","69920","8","1","0","0","sdam","","",""
"ROM/37/122.DAT","58160","9","1","0","0","sdam","","",""
"ROM/37/123.DAT","58096","9","1","0","0","sdam","","",""
"ROM/37/124.DAT","65712","9","1","0","0","sdam","","",""
"ROM/37/125.DAT","62048","8","1","0","0","sdam","","",""
"ROM/37/126.DAT","62048","8","1","0","0","sdam","","",""
"ROM/37/83.DAT","57120","7","1","0","0","sdam","","",""
"ROM/37/84.DAT","55312","8","1","0","0","sdam","","",""
"ROM/37/85.DAT","58608","8","1","0","0","sdam","","",""
"ROM/37/86.DAT","70048","10","1","0","0","sdam","","",""
"ROM/37/87.DAT","65872","9","1","0","0","sdam","","",""
"ROM/37/88.DAT","55312","8","1","0","0","sdam","","",""
"ROM/37/89.DAT","55312","8","1","0","0","sdam","","",""
"ROM/37/90.DAT","55312","8","1","0","0","sdam","","",""
"ROM/37/91.DAT","57072","8","1","0","0","sdam","","",""
"ROM/37/92.DAT","65712","9","1","0","0","sdam","","",""
"ROM/37/93.DAT","70048","10","1","0","0","sdam","","",""
"ROM/37/94.DAT","70048","10","1","0","0","sdam","","",""
"ROM/37/95.DAT","58096","9","1","0","0","sdam","","",""
"ROM/37/96.DAT","58096","9","1","0","0","sdam","","",""
"ROM/37/97.DAT","57456","9","1","0","0","sdam","","",""
"ROM/37/98.DAT","57456","9","1","0","0","sdam","","",""
"ROM/37/99.DAT","57392","9","1","0","0","sdam","","",""
"ROM/40/100.DAT","14064","18","1","0","0","gm00","","",""
"ROM/42/56.DAT","57104","7","1","0","0","sdam","","",""
"ROM/42/57.DAT","53552","8","1","0","0","sdam","","",""
"ROM/42/58.DAT","57136","8","1","0","0","sdam","","",""
"ROM/42/59.DAT","71088","10","1","0","0","sdam","","",""
"ROM/42/60.DAT","68528","9","1","0","0","sdam","","",""
"ROM/42/61.DAT","53216","8","1","0","0","sdam","","",""
"ROM/42/62.DAT","53216","8","1","0","0","sdam","","",""
"ROM/42/63.DAT","53216","8","1","0","0","sdam","","",""
"ROM/42/64.DAT","55296","7","1","0","0","sdam","","",""
"ROM/42/65.DAT","68208","9","1","0","0","sdam","","",""
"ROM/42/66.DAT","71088","10","1","0","0","sdam","","",""
"ROM/42/67.DAT","71088","10","1","0","0","sdam","","",""
"ROM/42/68.DAT","58192","9","1","0","0","sdam","","",""
"ROM/42/69.DAT","58192","9","1","0","0","sdam","","",""
"ROM/42/70.DAT","56528","9","1","0","0","sdam","","",""
"ROM/42/71.DAT","56528","9","1","0","0","sdam","","",""
"ROM/42/72.DAT","55200","8","1","0","0","sdam","","",""
"ROM/42/73.DAT","68480","9","1","0","0","sdam","","",""
"ROM/42/74.DAT","59216","7","1","0","0","sdam","","",""
"ROM/42/75.DAT","59216","7","1","0","0","sdam","","",""
"ROM/42/76.DAT","59216","7","1","0","0","sdam","","",""
"ROM/42/77.DAT","62336","8","1","0","0","sdam","","",""
"ROM/42/78.DAT","63968","10","1","0","0","sdam","","",""
"ROM/42/79.DAT","67552","8","1","0","0","sdam","","",""
"ROM/42/80.DAT","67552","8","1","0","0","sdam","","",""
"ROM/42/81.DAT","64400","10","1","0","0","sdam","","",""
"ROM/42/82.DAT","58192","9","1","0","0","sdam","","",""
"ROM/42/83.DAT","58192","9","1","0","0","sdam","","",""
"ROM/42/84.DAT","58192","9","1","0","0","sdam","","",""
"ROM/42/85.DAT","57264","8","1","0","0","sdam","","",""
"ROM/42/86.DAT","55296","7","1","0","0","sdam","","",""
"ROM/42/87.DAT","57136","8","1","0","0","sdam","","",""
"ROM/42/88.DAT","53552","8","1","0","0","sdam","","",""
"ROM/42/89.DAT","53904","8","1","0","0","sdam","","",""
"ROM/42/90.DAT","55168","9","1","0","0","sdam","","",""
"ROM/42/91.DAT","64144","10","1","0","0","sdam","","",""
"ROM/42/92.DAT","68528","9","1","0","0","sdam","","",""
"ROM/42/93.DAT","67552","8","1","0","0","sdam","","",""
"ROM/42/94.DAT","67552","8","1","0","0","sdam","","",""
"ROM/42/95.DAT","57584","9","1","0","0","sdam","","",""
"ROM/42/96.DAT","58192","9","1","0","0","sdam","","",""
"ROM/42/97.DAT","68208","9","1","0","0","sdam","","",""
"ROM/42/98.DAT","62336","8","1","0","0","sdam","","",""
"ROM/42/99.DAT","62336","8","1","0","0","sdam","","",""
"ROM/45/73.DAT","14064","18","1","0","0","gm00","","",""
"ROM/47/17.DAT","36576","7","1","0","0","sdam","","",""
"ROM/47/18.DAT","33984","8","1","0","0","sdam","","",""
"ROM/47/19.DAT","36064","8","1","0","0","sdam","","",""
"ROM/47/20.DAT","45200","10","1","0","0","sdam","","",""
"ROM/47/21.DAT","44880","9","1","0","0","sdam","","",""
"ROM/47/22.DAT","34000","8","1","0","0","sdam","","",""
"ROM/47/23.DAT","33984","8","1","0","0","sdam","","",""
"ROM/47/24.DAT","33984","8","1","0","0","sdam","","",""
"ROM/47/25.DAT","36288","7","1","0","0","sdam","","",""
"ROM/47/26.DAT","45632","9","1","0","0","sdam","","",""
"ROM/47/27.DAT","45200","10","1","0","0","sdam","","",""
"ROM/47/28.DAT","45200","10","1","0","0","sdam","","",""
"ROM/47/29.DAT","37472","9","1","0","0","sdam","","",""
"ROM/47/30.DAT","37472","9","1","0","0","sdam","","",""
"ROM/47/31.DAT","34304","9","1","0","0","sdam","","",""
"ROM/47/32.DAT","34304","9","1","0","0","sdam","","",""
"ROM/47/33.DAT","34304","9","1","0","0","sdam","","",""
"ROM/47/34.DAT","45456","9","1","0","0","sdam","","",""
"ROM/47/35.DAT","37904","7","1","0","0","sdam","","",""
"ROM/47/36.DAT","37904","7","1","0","0","sdam","","",""
"ROM/47/37.DAT","37904","7","1","0","0","sdam","","",""
"ROM/47/38.DAT","37056","8","1","0","0","sdam","","",""
"ROM/47/39.DAT","41152","10","1","0","0","sdam","","",""
"ROM/47/40.DAT","45136","8","1","0","0","sdam","","",""
"ROM/47/41.DAT","45136","8","1","0","0","sdam","","",""
"ROM/47/42.DAT","41392","10","1","0","0","sdam","","",""
"ROM/47/43.DAT","37472","9","1","0","0","sdam","","",""
"ROM/47/44.DAT","37472","9","1","0","0","sdam","","",""
"ROM/47/45.DAT","37472","9","1","0","0","sdam","","",""
"ROM/47/46.DAT","36256","8","1","0","0","sdam","","",""
"ROM/47/47.DAT","36288","7","1","0","0","sdam","","",""
"ROM/47/48.DAT","36064","8","1","0","0","sdam","","",""
"ROM/47/49.DAT","34000","8","1","0","0","sdam","","",""
"ROM/47/50.DAT","34304","9","1","0","0","sdam","","",""
"ROM/47/51.DAT","34304","9","1","0","0","sdam","","",""
"ROM/47/52.DAT","41392","10","1","0","0","sdam","","",""
"ROM/47/53.DAT","44880","9","1","0","0","sdam","","",""
"ROM/47/54.DAT","45136","8","1","0","0","sdam","","",""
"ROM/47/55.DAT","45136","8","1","0","0","sdam","","",""
"ROM/47/56.DAT","37456","9","1","0","0","sdam","","",""
"ROM/47/57.DAT","37472","9","1","0","0","sdam","","",""
"ROM/47/58.DAT","45632","9","1","0","0","sdam","","",""
"ROM/47/59.DAT","37056","8","1","0","0","sdam","","",""
"ROM/47/60.DAT","37056","8","1","0","0","sdam","","",""
"ROM/50/34.DAT","14064","18","1","0","0","gm00","","",""
"ROM/52/13.DAT","52944","8","1","0","0","sdam","","",""
"ROM/52/14.DAT","53616","8","1","0","0","sdam","","",""
"ROM/52/15.DAT","57456","8","1","0","0","sdam","","",""
"ROM/52/16.DAT","73840","11","1","0","0","sdam","","",""
"ROM/52/17.DAT","65728","9","1","0","0","sdam","","",""
"ROM/52/18.DAT","53584","8","1","0","0","sdam","","",""
"ROM/52/19.DAT","53616","8","1","0","0","sdam","","",""
"ROM/52/20.DAT","54208","8","1","0","0","sdam","","",""
"ROM/52/21.DAT","60624","8","1","0","0","sdam","","",""
"ROM/52/22.DAT","66624","9","1","0","0","sdam","","",""
"ROM/52/23.DAT","73168","11","1","0","0","sdam","","",""
"ROM/52/24.DAT","73168","11","1","0","0","sdam","","",""
"ROM/52/25.DAT","59184","9","1","0","0","sdam","","",""
"ROM/52/26.DAT","59184","9","1","0","0","sdam","","",""
"ROM/52/27.DAT","57600","9","1","0","0","sdam","","",""
"ROM/52/28.DAT","57600","9","1","0","0","sdam","","",""
"ROM/52/29.DAT","57600","9","1","0","0","sdam","","",""
"ROM/52/30.DAT","64592","9","1","0","0","sdam","","",""
"ROM/52/31.DAT","59072","7","1","0","0","sdam","","",""
"ROM/52/32.DAT","59072","7","1","0","0","sdam","","",""
"ROM/52/33.DAT","59072","7","1","0","0","sdam","","",""
"ROM/52/34.DAT","63488","9","1","0","0","sdam","","",""
"ROM/52/35.DAT","63568","10","1","0","0","sdam","","",""
"ROM/52/36.DAT","70160","8","1","0","0","sdam","","",""
"ROM/52/37.DAT","70160","8","1","0","0","sdam","","",""
"ROM/52/38.DAT","63936","10","1","0","0","sdam","","",""
"ROM/52/39.DAT","59184","9","1","0","0","sdam","","",""
"ROM/52/40.DAT","59184","9","1","0","0","sdam","","",""
"ROM/52/41.DAT","59184","9","1","0","0","sdam","","",""
"ROM/52/42.DAT","57584","8","1","0","0","sdam","","",""
"ROM/52/43.DAT","60624","8","1","0","0","sdam","","",""
"ROM/52/44.DAT","57456","8","1","0","0","sdam","","",""
"ROM/52/45.DAT","53616","8","1","0","0","sdam","","",""
"ROM/52/46.DAT","56368","9","1","0","0","sdam","","",""
"ROM/52/47.DAT","56368","9","1","0","0","sdam","","",""
"ROM/52/48.DAT","63936","10","1","0","0","sdam","","",""
"ROM/52/49.DAT","65728","9","1","0","0","sdam","","",""
"ROM/52/50.DAT","70160","8","1","0","0","sdam","","",""
"ROM/52/51.DAT","70160","8","1","0","0","sdam","","",""
"ROM/52/52.DAT","58640","9","1","0","0","sdam","","",""
"ROM/52/53.DAT","59184","9","1","0","0","sdam","","",""
"ROM/52/54.DAT","66624","9","1","0","0","sdam","","",""
"ROM/52/55.DAT","63488","9","1","0","0","sdam","","",""
"ROM/52/56.DAT","63488","9","1","0","0","sdam","","",""
"ROM/55/30.DAT","14064","18","1","0","0","gm00","","",""
"ROM/56/111.DAT","62640","7","1","0","0","sdam","","",""
"ROM/56/112.DAT","57264","8","1","0","0","sdam","","",""
"ROM/56/113.DAT","59856","8","1","0","0","sdam","","",""
"ROM/56/114.DAT","74384","10","1","0","0","sdam","","",""
"ROM/56/115.DAT","70352","9","1","0","0","sdam","","",""
"ROM/56/116.DAT","57280","8","1","0","0","sdam","","",""
"ROM/56/117.DAT","57264","8","1","0","0","sdam","","",""
"ROM/56/118.DAT","57264","8","1","0","0","sdam","","",""
"ROM/56/119.DAT","58864","8","1","0","0","sdam","","",""
"ROM/56/120.DAT","69840","9","1","0","0","sdam","","",""
"ROM/56/121.DAT","74384","10","1","0","0","sdam","","",""
"ROM/56/122.DAT","74384","10","1","0","0","sdam","","",""
"ROM/56/123.DAT","61376","9","1","0","0","sdam","","",""
"ROM/56/124.DAT","61376","9","1","0","0","sdam","","",""
"ROM/56/125.DAT","58496","9","1","0","0","sdam","","",""
"ROM/56/126.DAT","58496","9","1","0","0","sdam","","",""
"ROM/56/127.DAT","58496","9","1","0","0","sdam","","",""
"ROM/57/0.DAT","70704","9","1","0","0","sdam","","",""
"ROM/57/1.DAT","62432","7","1","0","0","sdam","","",""
"ROM/57/10.DAT","61376","9","1","0","0","sdam","","",""
"ROM/57/11.DAT","61376","9","1","0","0","sdam","","",""
"ROM/57/12.DAT","60000","8","1","0","0","sdam","","",""
"ROM/57/13.DAT","58864","8","1","0","0","sdam","","",""
"ROM/57/14.DAT","59856","8","1","0","0","sdam","","",""
"ROM/57/15.DAT","57280","8","1","0","0","sdam","","",""
"ROM/57/16.DAT","58816","9","1","0","0","sdam","","",""
"ROM/57/17.DAT","58496","9","1","0","0","sdam","","",""
"ROM/57/18.DAT","66432","10","1","0","0","sdam","","",""
"ROM/57/19.DAT","70352","9","1","0","0","sdam","","",""
"ROM/57/2.DAT","62768","7","1","0","0","sdam","","",""
"ROM/57/20.DAT","69760","8","1","0","0","sdam","","",""
"ROM/57/21.DAT","69760","8","1","0","0","sdam","","",""
"ROM/57/22.DAT","61456","9","1","0","0","sdam","","",""
"ROM/57/23.DAT","61376","9","1","0","0","sdam","","",""
"ROM/57/24.DAT","69840","9","1","0","0","sdam","","",""
"ROM/57/25.DAT","65728","8","1","0","0","sdam","","",""
"ROM/57/26.DAT","65728","8","1","0","0","sdam","","",""
"ROM/57/3.DAT","62768","7","1","0","0","sdam","","",""
"ROM/57/4.DAT","65728","8","1","0","0","sdam","","",""
"ROM/57/5.DAT","66320","10","1","0","0","sdam","","",""
"ROM/57/6.DAT","69760","8","1","0","0","sdam","","",""
"ROM/57/7.DAT","69760","8","1","0","0","sdam","","",""
"ROM/57/8.DAT","66432","10","1","0","0","sdam","","",""
"ROM/57/9.DAT","61376","9","1","0","0","sdam","","",""
"ROM/60/0.DAT","14064","18","1","0","0","gm00","","",""
"ROM/46/96.DAT","278768","73","0","71","35","","bb,bf,cm,cor,dbi,dbm,ded,dfi,dfm,gc,gdi,gh,gu,idl,jmp,ma,mb,mi,mn,ms,mvb,mvl,mvr,mw,na,ri,run,rx,sf,sh,si,sk,std,wlk,yu","bb02,bb12,bf02,bf12,cm02,cm12,cor2,dbi6,dbm2,ded2,dfi6,dfm2,gc02,gc12,gc22,gdi6,gh02,gh12,gh22,gu02,gu12,gu22,idl2,jmp2,ma02,ma12,ma22,mb02,mb12,mb22,mi02,mi12,mi22,mn02,mn12,mn22,ms02,ms12,ms22,mvb2,mvl2,mvr2,mw02,mw12,mw22,na02,na12,na22,na32,ri02,run2,rx02,rx12,rx22,sf02,sf12,sf22,sh02,sh12,sh22,si02,si12,si22,sk02,sk12,sk22,std2,wlk2,yu02,yu12,yu22","bb02:2,bb12:10,bf02:2,bf12:10,cm02:16,cm12:17,cor2:2,dbi6:2,dbm2:2,ded2:18,dfi6:2,dfm2:2,gc02:11,gc12:18,gc22:38,gdi6:2,gh02:11,gh12:18,gh22:38,gu02:16,gu12:15,gu22:43,idl2:16,jmp2:12,ma02:17,ma12:16,ma22:17,mb02:8,mb12:31,mb22:15,mi02:8,mi12:17,mi22:11,mn02:17,mn12:31,mn22:17,ms02:17,ms12:31,ms22:17,mvb2:11,mvl2:11,mvr2:11,mw02:17,mw12:16,mw22:17,na02:17,na12:13,na22:81,na32:31,ri02:21,run2:11,rx02:14,rx12:30,rx22:15,sf02:16,sf12:13,sf22:16,sh02:16,sh12:13,sh22:16,si02:31,si12:17,si22:31,sk02:19,sk12:13,sk22:48,std2:51,wlk2:11,yu02:28,yu12:15,yu22:44"
"ROM/46/97.DAT","287920","74","0","72","35","","bb,bf,cm,cor,dbi,dbm,ded,dfi,dfm,gc,gdi,gh,gu,idl,jmp,ma,mb,mi,mn,ms,mvb,mvl,mvr,mw,na,ri,run,rx,sf,sh,si,sk,std,wlk,yu","bb02,bb12,bf02,bf12,cm02,cm12,cor2,dbi6,dbm2,ded2,dfi6,dfm2,gc02,gc12,gc22,gdi6,gh02,gh12,gh22,gu02,gu12,gu22,idl2,jmp2,ma02,ma12,ma22,mb02,mb12,mb22,mi02,mi12,mi22,mi32,mn02,mn12,mn22,ms02,ms12,ms22,mvb2,mvl2,mvr2,mw02,mw12,mw22,na02,na12,na22,na32,ri02,run2,rx02,rx12,rx22,sf02,sf12,sf22,sh02,sh12,sh22,si02,si12,si22,sk02,sk12,sk22,std2,wlk2,yu02,yu12,yu22","bb02:2,bb12:10,bf02:2,bf12:10,cm02:16,cm12:17,cor2:2,dbi6:2,dbm2:2,ded2:18,dfi6:2,dfm2:2,gc02:11,gc12:18,gc22:38,gdi6:2,gh02:11,gh12:18,gh22:38,gu02:16,gu12:15,gu22:43,idl2:16,jmp2:12,ma02:17,ma12:16,ma22:17,mb02:8,mb12:31,mb22:15,mi02:8,mi12:17,mi22:11,mi32:17,mn02:17,mn12:31,mn22:17,ms02:17,ms12:31,ms22:17,mvb2:11,mvl2:11,mvr2:11,mw02:17,mw12:16,mw22:17,na02:17,na12:13,na22:81,na32:31,ri02:21,run2:11,rx02:14,rx12:30,rx22:15,sf02:16,sf12:13,sf22:16,sh02:16,sh12:13,sh22:16,si02:31,si12:17,si22:31,sk02:19,sk12:13,sk22:48,std2:51,wlk2:11,yu02:28,yu12:15,yu22:44"
"ROM/51/93.DAT","394656","72","0","70","34","","bb,bf,cm,cor,dbi,ded,dfi,gc,gdi,gh,gu,idl,jmp,ma,mb,mi,mn,ms,mvb,mvl,mvr,mw,na,pyi,ri,run,rx,sf,sh,si,sk,std,wlk,yu","bb02,bb12,bf02,bf12,cm02,cm12,cor2,dbi6,ded2,dfi6,gc02,gc12,gc22,gdi6,gh02,gh12,gh22,gu02,gu12,gu22,idl2,jmp2,ma02,ma12,ma22,mb02,mb12,mb22,mi02,mi12,mi22,mi32,mn02,mn12,mn22,ms02,ms12,ms22,mvb2,mvl2,mvr2,mw02,mw12,mw22,na02,na12,na22,na32,pyi2,ri02,run2,rx02,rx12,rx22,sf02,sf12,sf22,sh02,sh12,sh22,si02,si12,si22,sk12,sk22,std2,wlk2,yu02,yu12,yu22","bb02:2,bb12:10,bf02:2,bf12:10,cm02:16,cm12:16,cor2:2,dbi6:2,ded2:31,dfi6:2,gc02:11,gc12:18,gc22:38,gdi6:2,gh02:11,gh12:18,gh22:38,gu02:16,gu12:16,gu22:43,idl2:16,jmp2:12,ma02:17,ma12:16,ma22:17,mb02:16,mb12:31,mb22:16,mi02:8,mi12:16,mi22:11,mi32:16,mn02:11,mn12:31,mn22:11,ms02:11,ms12:31,ms22:11,mvb2:19,mvl2:13,mvr2:13,mw02:16,mw12:16,mw22:16,na02:16,na12:16,na22:81,na32:31,pyi2:2,ri02:19,run2:11,rx02:14,rx12:16,rx22:15,sf02:16,sf12:21,sf22:18,sh02:16,sh12:21,sh22:16,si02:30,si12:16,si22:31,sk12:16,sk22:48,std2:51,wlk2:19,yu02:31,yu12:16,yu22:44"
"ROM/27/85.DAT","277088","71","0","69","33","","bb,bf,cm,cor,dbi,ded,dfi,gc,gdi,gh,gu,idl,jmp,ma,mb,mi,mn,ms,mvb,mvl,mvr,mw,na,ri,run,rx,sf,sh,si,sk,std,wlk,yu","bb02,bb12,bf02,bf12,cm02,cm12,cor2,dbi6,ded2,dfi6,gc02,gc12,gc22,gdi6,gh02,gh12,gh22,gu02,gu12,gu22,idl2,jmp2,ma02,ma12,ma22,mb02,mb12,mb22,mi02,mi12,mi22,mi32,mn02,mn12,mn22,ms02,ms12,ms22,mvb2,mvl2,mvr2,mw02,mw12,mw22,na02,na12,na22,na32,ri02,run2,rx02,rx12,rx22,sf02,sf12,sf22,sh02,sh12,sh22,si02,si12,si22,sk12,sk22,std2,wlk2,yu02,yu12,yu22","bb02:2,bb12:10,bf02:2,bf12:10,cm02:16,cm12:1,cor2:2,dbi6:2,ded2:30,dfi6:2,gc02:11,gc12:18,gc22:38,gdi6:2,gh02:11,gh12:18,gh22:38,gu02:15,gu12:16,gu22:43,idl2:15,jmp2:12,ma02:17,ma12:16,ma22:17,mb02:15,mb12:31,mb22:16,mi02:8,mi12:16,mi22:11,mi32:16,mn02:16,mn12:31,mn22:16,ms02:16,ms12:31,ms22:16,mvb2:21,mvl2:13,mvr2:13,mw02:15,mw12:16,mw22:16,na02:15,na12:16,na22:81,na32:31,ri02:15,run2:11,rx02:14,rx12:15,rx22:15,sf02:16,sf12:21,sf22:20,sh02:16,sh12:21,sh22:16,si02:31,si12:16,si22:31,sk12:21,sk22:53,std2:51,wlk2:19,yu02:30,yu12:16,yu22:44"
"ROM/27/86.DAT","239088","71","0","69","33","","bb,bf,cm,cor,dbi,ded,dfi,gc,gdi,gh,gu,idl,jmp,ma,mb,mi,mn,ms,mvb,mvl,mvr,mw,na,ri,run,rx,sf,sh,si,sk,std,wlk,yu","bb02,bb12,bf02,bf12,cm02,cm12,cor2,dbi6,ded2,dfi6,gc02,gc12,gc22,gdi6,gh02,gh12,gh22,gu02,gu12,gu22,idl2,jmp2,ma02,ma12,ma22,mb02,mb12,mb22,mi02,mi12,mi22,mi32,mn02,mn12,mn22,ms02,ms12,ms22,mvb2,mvl2,mvr2,mw02,mw12,mw22,na02,na12,na22,na32,ri02,run2,rx02,rx12,rx22,sf02,sf12,sf22,sh02,sh12,sh22,si02,si12,si22,sk12,sk22,std2,wlk2,yu02,yu12,yu22","bb02:2,bb12:10,bf02:2,bf12:10,cm02:16,cm12:16,cor2:2,dbi6:2,ded2:30,dfi6:2,gc02:11,gc12:18,gc22:38,gdi6:2,gh02:11,gh12:18,gh22:38,gu02:15,gu12:16,gu22:43,idl2:15,jmp2:12,ma02:17,ma12:16,ma22:17,mb02:15,mb12:31,mb22:16,mi02:8,mi12:16,mi22:11,mi32:16,mn02:16,mn12:31,mn22:16,ms02:16,ms12:31,ms22:16,mvb2:21,mvl2:13,mvr2:13,mw02:15,mw12:16,mw22:16,na02:15,na12:16,na22:81,na32:31,ri02:15,run2:11,rx02:14,rx12:15,rx22:15,sf02:16,sf12:21,sf22:20,sh02:16,sh12:21,sh22:16,si02:31,si12:16,si22:31,sk12:21,sk22:1,std2:51,wlk2:19,yu02:30,yu12:16,yu22:44"
"ROM/32/61.DAT","187408","71","0","69","33","","bb,bf,cm,cor,dbi,ded,dfi,gc,gdi,gh,gu,idl,jmp,ma,mb,mi,mn,ms,mvb,mvl,mvr,mw,na,ri,run,rx,sf,sh,si,sk,std,wlk,yu","bb02,bb12,bf02,bf12,cm02,cm12,cor2,dbi6,ded2,dfi6,gc02,gc12,gc22,gdi6,gh02,gh12,gh22,gu02,gu12,gu22,idl2,jmp2,ma02,ma12,ma22,mb02,mb12,mb22,mi02,mi12,mi22,mi32,mn02,mn12,mn22,ms02,ms12,ms22,mvb2,mvl2,mvr2,mw02,mw12,mw22,na02,na12,na22,na32,ri02,run2,rx02,rx12,rx22,sf02,sf12,sf22,sh02,sh12,sh22,si02,si12,si22,sk12,sk22,std2,wlk2,yu02,yu12,yu22","bb02:2,bb12:10,bf02:2,bf12:10,cm02:16,cm12:15,cor2:2,dbi6:2,ded2:41,dfi6:2,gc02:11,gc12:18,gc22:38,gdi6:2,gh02:11,gh12:18,gh22:38,gu02:16,gu12:16,gu22:46,idl2:13,jmp2:12,ma02:17,ma12:16,ma22:19,mb02:15,mb12:16,mb22:17,mi02:8,mi12:15,mi22:11,mi32:15,mn02:16,mn12:16,mn22:16,ms02:16,ms12:13,ms22:16,mvb2:15,mvl2:11,mvr2:11,mw02:13,mw12:16,mw22:17,na02:14,na12:16,na22:81,na32:31,ri02:9,run2:11,rx02:14,rx12:9,rx22:15,sf02:16,sf12:21,sf22:26,sh02:16,sh12:21,sh22:26,si02:31,si12:17,si22:31,sk12:16,sk22:26,std2:51,wlk2:15,yu02:31,yu12:13,yu22:46"
"ROM/32/62.DAT","336768","71","0","69","33","","bb,bf,cm,cor,dbi,ded,dfi,gc,gdi,gh,gu,idl,jmp,ma,mb,mi,mn,ms,mvb,mvl,mvr,mw,na,ri,run,rx,sf,sh,si,sk,std,wlk,yu","bb02,bb12,bf02,bf12,cm02,cm12,cor2,dbi6,ded2,dfi6,gc02,gc12,gc22,gdi6,gh02,gh12,gh22,gu02,gu12,gu22,idl2,jmp2,ma02,ma12,ma22,mb02,mb12,mb22,mi02,mi12,mi22,mi32,mn02,mn12,mn22,ms02,ms12,ms22,mvb2,mvl2,mvr2,mw02,mw12,mw22,na02,na12,na22,na32,ri02,run2,rx02,rx12,rx22,sf02,sf12,sf22,sh02,sh12,sh22,si02,si12,si22,sk12,sk22,std2,wlk2,yu02,yu12,yu22","bb02:2,bb12:10,bf02:2,bf12:10,cm02:16,cm12:15,cor2:2,dbi6:2,ded2:41,dfi6:2,gc02:11,gc12:18,gc22:38,gdi6:2,gh02:11,gh12:18,gh22:38,gu02:16,gu12:16,gu22:46,idl2:13,jmp2:12,ma02:17,ma12:16,ma22:19,mb02:15,mb12:16,mb22:17,mi02:8,mi12:15,mi22:11,mi32:15,mn02:16,mn12:16,mn22:16,ms02:16,ms12:13,ms22:16,mvb2:15,mvl2:11,mvr2:11,mw02:13,mw12:16,mw22:17,na02:14,na12:16,na22:81,na32:31,ri02:9,run2:11,rx02:14,rx12:9,rx22:15,sf02:16,sf12:21,sf22:26,sh02:16,sh12:21,sh22:26,si02:31,si12:17,si22:31,sk12:16,sk22:26,std2:51,wlk2:15,yu02:31,yu12:13,yu22:46"
"ROM/37/34.DAT","360576","71","0","69","33","","bb,bf,cm,cor,dbi,ded,dfi,gc,gdi,gh,gu,idl,jmp,ma,mb,mi,mn,ms,mvb,mvl,mvr,mw,na,ri,run,rx,sf,sh,si,sk,std,wlk,yu","bb02,bb12,bf02,bf12,cm02,cm12,cor2,dbi6,ded2,dfi6,gc02,gc12,gc22,gdi6,gh02,gh12,gh22,gu02,gu12,gu22,idl2,jmp2,ma02,ma12,ma22,mb02,mb12,mb22,mi02,mi12,mi22,mi32,mn02,mn12,mn22,ms02,ms12,ms22,mvb2,mvl2,mvr2,mw02,mw12,mw22,na02,na12,na22,na32,ri02,run2,rx02,rx12,rx22,sf02,sf12,sf22,sh02,sh12,sh22,si02,si12,si22,sk12,sk22,std2,wlk2,yu02,yu12,yu22","bb02:2,bb12:21,bf02:2,bf12:21,cm02:16,cm12:17,cor2:2,dbi6:2,ded2:44,dfi6:2,gc02:11,gc12:18,gc22:38,gdi6:2,gh02:11,gh12:18,gh22:38,gu02:16,gu12:17,gu22:43,idl2:17,jmp2:12,ma02:17,ma12:16,ma22:17,mb02:29,mb12:31,mb22:17,mi02:8,mi12:16,mi22:11,mi32:16,mn02:17,mn12:31,mn22:25,ms02:17,ms12:31,ms22:25,mvb2:17,mvl2:13,mvr2:13,mw02:17,mw12:16,mw22:17,na02:16,na12:17,na22:86,na32:31,ri02:31,run2:11,rx02:14,rx12:31,rx22:15,sf02:16,sf12:22,sf22:16,sh02:21,sh12:22,sh22:16,si02:31,si12:31,si22:31,sk12:22,sk22:48,std2:51,wlk2:20,yu02:28,yu12:17,yu22:44"
"ROM/37/35.DAT","293072","71","0","69","33","","bb,bf,cm,cor,dbi,ded,dfi,gc,gdi,gh,gu,idl,jmp,ma,mb,mi,mn,ms,mvb,mvl,mvr,mw,na,ri,run,rx,sf,sh,si,sk,std,wlk,yu","bb02,bb12,bf02,bf12,cm02,cm12,cor2,dbi6,ded2,dfi6,gc02,gc12,gc22,gdi6,gh02,gh12,gh22,gu02,gu12,gu22,idl2,jmp2,ma02,ma12,ma22,mb02,mb12,mb22,mi02,mi12,mi22,mi32,mn02,mn12,mn22,ms02,ms12,ms22,mvb2,mvl2,mvr2,mw02,mw12,mw22,na02,na12,na22,na32,ri02,run2,rx02,rx12,rx22,sf02,sf12,sf22,sh02,sh12,sh22,si02,si12,si22,sk12,sk22,std2,wlk2,yu02,yu12,yu22","bb02:2,bb12:21,bf02:2,bf12:21,cm02:16,cm12:17,cor2:2,dbi6:2,ded2:44,dfi6:2,gc02:11,gc12:18,gc22:38,gdi6:2,gh02:11,gh12:18,gh22:38,gu02:16,gu12:17,gu22:43,idl2:17,jmp2:12,ma02:17,ma12:16,ma22:17,mb02:29,mb12:31,mb22:17,mi02:8,mi12:16,mi22:11,mi32:16,mn02:17,mn12:31,mn22:25,ms02:17,ms12:31,ms22:25,mvb2:17,mvl2:13,mvr2:13,mw02:17,mw12:16,mw22:17,na02:16,na12:17,na22:86,na32:31,ri02:31,run2:11,rx02:14,rx12:31,rx22:15,sf02:16,sf12:22,sf22:16,sh02:21,sh12:22,sh22:16,si02:31,si12:31,si22:31,sk12:22,sk22:48,std2:51,wlk2:20,yu02:28,yu12:17,yu22:44"
"ROM/42/7.DAT","414592","71","0","69","33","","bb,bf,cm,cor,dbi,ded,dfi,gc,gdi,gh,gu,idl,jmp,ma,mb,mi,mn,ms,mvb,mvl,mvr,mw,na,ri,run,rx,sf,sh,si,sk,std,wlk,yu","bb02,bb12,bf02,bf12,cm02,cm12,cor2,dbi6,ded2,dfi6,gc02,gc12,gc22,gdi6,gh02,gh12,gh22,gu02,gu12,gu22,idl2,jmp2,ma02,ma12,ma22,mb02,mb12,mb22,mi02,mi12,mi22,mi32,mn02,mn12,mn22,ms02,ms12,ms22,mvb2,mvl2,mvr2,mw02,mw12,mw22,na02,na12,na22,na32,ri02,run2,rx02,rx12,rx22,sf02,sf12,sf22,sh02,sh12,sh22,si02,si12,si22,sk12,sk22,std2,wlk2,yu02,yu12,yu22","bb02:2,bb12:10,bf02:2,bf12:10,cm02:16,cm12:13,cor2:2,dbi6:2,ded2:35,dfi6:2,gc02:11,gc12:18,gc22:38,gdi6:2,gh02:11,gh12:18,gh22:38,gu02:16,gu12:16,gu22:42,idl2:33,jmp2:12,ma02:15,ma12:16,ma22:16,mb02:13,mb12:31,mb22:13,mi02:8,mi12:13,mi22:12,mi32:13,mn02:13,mn12:31,mn22:13,ms02:13,ms12:31,ms22:13,mvb2:19,mvl2:13,mvr2:13,mw02:13,mw12:16,mw22:13,na02:16,na12:16,na22:81,na32:31,ri02:13,run2:13,rx02:14,rx12:13,rx22:15,sf02:16,sf12:21,sf22:16,sh02:16,sh12:21,sh22:16,si02:31,si12:31,si22:31,sk12:16,sk22:48,std2:51,wlk2:17,yu02:28,yu12:16,yu22:44"
"ROM/42/8.DAT","407680","71","0","69","33","","bb,bf,cm,cor,dbi,ded,dfi,gc,gdi,gh,gu,idl,jmp,ma,mb,mi,mn,ms,mvb,mvl,mvr,mw,na,ri,run,rx,sf,sh,si,sk,std,wlk,yu","bb02,bb12,bf02,bf12,cm02,cm12,cor2,dbi6,ded2,dfi6,gc02,gc12,gc22,gdi6,gh02,gh12,gh22,gu02,gu12,gu22,idl2,jmp2,ma02,ma12,ma22,mb02,mb12,mb22,mi02,mi12,mi22,mi32,mn02,mn12,mn22,ms02,ms12,ms22,mvb2,mvl2,mvr2,mw02,mw12,mw22,na02,na12,na22,na32,ri02,run2,rx02,rx12,rx22,sf02,sf12,sf22,sh02,sh12,sh22,si02,si12,si22,sk12,sk22,std2,wlk2,yu02,yu12,yu22","bb02:2,bb12:10,bf02:2,bf12:10,cm02:16,cm12:13,cor2:2,dbi6:2,ded2:35,dfi6:2,gc02:11,gc12:18,gc22:38,gdi6:2,gh02:11,gh12:18,gh22:38,gu02:16,gu12:16,gu22:42,idl2:33,jmp2:12,ma02:15,ma12:16,ma22:16,mb02:13,mb12:31,mb22:13,mi02:8,mi12:13,mi22:12,mi32:13,mn02:13,mn12:31,mn22:13,ms02:13,ms12:31,ms22:13,mvb2:19,mvl2:13,mvr2:13,mw02:13,mw12:16,mw22:13,na02:16,na12:16,na22:81,na32:31,ri02:13,run2:13,rx02:14,rx12:13,rx22:15,sf02:16,sf12:21,sf22:16,sh02:16,sh12:21,sh22:16,si02:31,si12:31,si22:31,sk12:16,sk22:48,std2:51,wlk2:17,yu02:28,yu12:16,yu22:44"
"ROM/51/92.DAT","298688","69","0","67","33","","bb,bf,cm,cor,dbi,ded,dfi,gc,gdi,gh,gu,idl,jmp,ma,mi,mn,ms,mvb,mvl,mvr,mw,na,pyi,ri,run,rx,sf,sh,si,sk,std,wlk,yu","bb02,bb12,bf02,bf12,cm02,cm12,cor2,dbi6,ded2,dfi6,gc02,gc12,gc22,gdi6,gh02,gh12,gh22,gu02,gu12,gu22,idl2,jmp2,ma02,ma12,ma22,mi02,mi12,mi22,mi32,mn02,mn12,mn22,ms02,ms12,ms22,mvb2,mvl2,mvr2,mw02,mw12,mw22,na02,na12,na22,na32,pyi2,ri02,run2,rx02,rx12,rx22,sf02,sf12,sf22,sh02,sh12,sh22,si02,si12,si22,sk12,sk22,std2,wlk2,yu02,yu12,yu22","bb02:2,bb12:10,bf02:2,bf12:10,cm02:16,cm12:16,cor2:2,dbi6:2,ded2:31,dfi6:2,gc02:11,gc12:18,gc22:38,gdi6:2,gh02:11,gh12:18,gh22:38,gu02:16,gu12:16,gu22:43,idl2:16,jmp2:12,ma02:17,ma12:16,ma22:17,mi02:8,mi12:16,mi22:11,mi32:16,mn02:11,mn12:31,mn22:11,ms02:11,ms12:31,ms22:11,mvb2:19,mvl2:13,mvr2:13,mw02:16,mw12:16,mw22:16,na02:16,na12:16,na22:81,na32:31,pyi2:2,ri02:19,run2:11,rx02:14,rx12:16,rx22:15,sf02:16,sf12:21,sf22:18,sh02:16,sh12:21,sh22:16,si02:30,si12:16,si22:31,sk12:16,sk22:48,std2:51,wlk2:19,yu02:31,yu12:16,yu22:44"
"ROM/56/62.DAT","287680","71","0","69","33","","bb,bf,cm,cor,dbi,ded,dfi,gc,gdi,gh,gu,idl,jmp,ma,mb,mi,mn,ms,mvb,mvl,mvr,mw,na,ri,run,rx,sf,sh,si,sk,std,wlk,yu","bb02,bb12,bf02,bf12,cm02,cm12,cor2,dbi6,ded2,dfi6,gc02,gc12,gc22,gdi6,gh02,gh12,gh22,gu02,gu12,gu22,idl2,jmp2,ma02,ma12,ma22,mb02,mb12,mb22,mi02,mi12,mi22,mi32,mn02,mn12,mn22,ms02,ms12,ms22,mvb2,mvl2,mvr2,mw02,mw12,mw22,na02,na12,na22,na32,ri02,run2,rx02,rx12,rx22,sf02,sf12,sf22,sh02,sh12,sh22,si02,si12,si22,sk12,sk22,std2,wlk2,yu02,yu12,yu22","bb02:2,bb12:10,bf02:2,bf12:10,cm02:16,cm12:16,cor2:2,dbi6:2,ded2:31,dfi6:2,gc02:11,gc12:18,gc22:38,gdi6:2,gh02:11,gh12:18,gh22:38,gu02:16,gu12:16,gu22:43,idl2:16,jmp2:12,ma02:17,ma12:16,ma22:17,mb02:19,mb12:31,mb22:16,mi02:8,mi12:16,mi22:11,mi32:16,mn02:16,mn12:31,mn22:16,ms02:16,ms12:31,ms22:16,mvb2:23,mvl2:15,mvr2:15,mw02:16,mw12:16,mw22:16,na02:16,na12:16,na22:81,na32:31,ri02:19,run2:15,rx02:14,rx12:9,rx22:15,sf02:16,sf12:21,sf22:18,sh02:16,sh12:21,sh22:16,si02:31,si12:17,si22:31,sk12:16,sk22:48,std2:51,wlk2:25,yu02:28,yu12:16,yu22:44"
"ROM/56/63.DAT","338848","71","0","69","33","","bb,bf,cm,cor,dbi,ded,dfi,gc,gdi,gh,gu,idl,jmp,ma,mb,mi,mn,ms,mvb,mvl,mvr,mw,na,ri,run,rx,sf,sh,si,sk,std,wlk,yu","bb02,bb12,bf02,bf12,cm02,cm12,cor2,dbi6,ded2,dfi6,gc02,gc12,gc22,gdi6,gh02,gh12,gh22,gu02,gu12,gu22,idl2,jmp2,ma02,ma12,ma22,mb02,mb12,mb22,mi02,mi12,mi22,mi32,mn02,mn12,mn22,ms02,ms12,ms22,mvb2,mvl2,mvr2,mw02,mw12,mw22,na02,na12,na22,na32,ri02,run2,rx02,rx12,rx22,sf02,sf12,sf22,sh02,sh12,sh22,si02,si12,si22,sk12,sk22,std2,wlk2,yu02,yu12,yu22","bb02:2,bb12:10,bf02:2,bf12:10,cm02:16,cm12:16,cor2:2,dbi6:2,ded2:31,dfi6:2,gc02:11,gc12:18,gc22:38,gdi6:2,gh02:11,gh12:18,gh22:38,gu02:16,gu12:16,gu22:43,idl2:16,jmp2:12,ma02:17,ma12:16,ma22:17,mb02:19,mb12:31,mb22:16,mi02:8,mi12:16,mi22:11,mi32:16,mn02:16,mn12:31,mn22:16,ms02:16,ms12:31,ms22:16,mvb2:23,mvl2:15,mvr2:15,mw02:16,mw12:16,mw22:16,na02:16,na12:16,na22:81,na32:31,ri02:19,run2:15,rx02:14,rx12:9,rx22:15,sf02:16,sf12:21,sf22:18,sh02:16,sh12:21,sh22:16,si02:31,si12:17,si22:31,sk12:16,sk22:48,std2:51,wlk2:25,yu02:28,yu12:16,yu22:44"
"ROM/51/27.DAT","87104","17","0","15","13","","at,btl,dbi,dfi,gdi,ine,inf,ing,inh,ote,otf,otg,oth","at02,at12,at22,btl2,dbi6,dfi6,gdi6,ine2,inf2,ing2,inh2,ote2,otf2,otg2,oth2","at02:53,at12:51,at22:50,btl2:16,dbi6:2,dfi6:2,gdi6:2,ine2:19,inf2:19,ing2:19,inh2:19,ote2:19,otf2:19,otg2:19,oth2:19"
"ROM/51/33.DAT","87104","17","0","15","13","","at,btl,dbi,dfi,gdi,ine,inf,ing,inh,ote,otf,otg,oth","at02,at12,at22,btl2,dbi6,dfi6,gdi6,ine2,inf2,ing2,inh2,ote2,otf2,otg2,oth2","at02:53,at12:51,at22:50,btl2:16,dbi6:2,dfi6:2,gdi6:2,ine2:19,inf2:19,ing2:19,inh2:19,ote2:19,otf2:19,otg2:19,oth2:19"
"ROM/60/121.DAT","87472","16","0","14","12","","at,btl,dbi,dfi,gdi,inb,inc,ind,otb,otc,otd,pyi","at02,at12,at22,btl2,dbi6,dfi6,gdi6,inb2,inc2,ind2,otb2,otc2,otd2,pyi6","at02:55,at12:47,at22:45,btl2:16,dbi6:2,dfi6:2,gdi6:2,inb2:19,inc2:19,ind2:19,otb2:19,otc2:19,otd2:19,pyi6:2"
"ROM/61/1.DAT","102976","16","0","14","12","","at,btl,dbi,dfi,gdi,inb,inc,ind,otb,otc,otd,pyi","at02,at12,at22,btl2,dbi6,dfi6,gdi6,inb2,inc2,ind2,otb2,otc2,otd2,pyi6","at02:55,at12:47,at22:45,btl2:16,dbi6:2,dfi6:2,gdi6:2,inb2:19,inc2:19,ind2:19,otb2:19,otc2:19,otd2:19,pyi6:2"
"ROM/32/24.DAT","111344","18","0","16","11","","at,btl,dbi,dfi,gdi,in,ina,ot,ota,pyi,wa","at02,at12,at22,at32,at42,btl2,dbi6,dfi6,gdi6,in02,ina2,ot02,ota2,pyi6,wa42,wa52","at02:50,at12:43,at22:26,at32:47,at42:44,btl2:15,dbi6:2,dfi6:2,gdi6:2,in02:19,ina2:19,ot02:19,ota2:19,pyi6:2,wa42:46,wa52:41"
"ROM/32/33.DAT","104192","18","0","16","11","","at,btl,dbi,dfi,gdi,in,ina,ot,ota,pyi,wa","at02,at12,at22,at32,at42,btl2,dbi6,dfi6,gdi6,in02,ina2,ot02,ota2,pyi6,wa42,wa52","at02:50,at12:43,at22:26,at32:47,at42:44,btl2:15,dbi6:2,dfi6:2,gdi6:2,in02:19,ina2:19,ot02:19,ota2:19,pyi6:2,wa42:46,wa52:41"
"ROM/37/0.DAT","80064","18","0","16","11","","at,btl,dbi,dfi,gdi,in,ine,ot,ote,pyi,wa","at02,at12,at22,at32,at42,btl2,dbi6,dfi6,gdi6,in02,ine2,ot02,ote2,pyi6,wa42,wa52","at02:50,at12:44,at22:44,at32:46,at42:51,btl2:9,dbi6:2,dfi6:2,gdi6:2,in02:19,ine2:19,ot02:19,ote2:19,pyi6:2,wa42:46,wa52:41"
"ROM/37/8.DAT","147584","18","0","16","11","","at,btl,dbi,dfi,gdi,in,ine,ot,ote,pyi,wa","at02,at12,at22,at32,at42,btl2,dbi6,dfi6,gdi6,in02,ine2,ot02,ote2,pyi6,wa42,wa52","at02:50,at12:44,at22:44,at32:46,at42:51,btl2:9,dbi6:2,dfi6:2,gdi6:2,in02:19,ine2:19,ot02:19,ote2:19,pyi6:2,wa42:46,wa52:41"
"ROM/41/104.DAT","109888","18","0","16","11","","at,btl,dbi,dfi,gdi,ina,ink,ota,otk,pyi,wa","at02,at12,at22,at32,at42,btl2,dbi6,dfi6,gdi6,ina2,ink2,ota2,otk2,pyi6,wa42,wa52","at02:51,at12:51,at22:46,at32:43,at42:39,btl2:17,dbi6:2,dfi6:2,gdi6:2,ina2:19,ink2:19,ota2:19,otk2:19,pyi6:2,wa42:46,wa52:41"
"ROM/41/94.DAT","126208","18","0","16","11","","at,btl,dbi,dfi,gdi,ina,ink,ota,otk,pyi,wa","at02,at12,at22,at32,at42,btl2,dbi6,dfi6,gdi6,ina2,ink2,ota2,otk2,pyi6,wa42,wa52","at02:51,at12:51,at22:46,at32:43,at42:39,btl2:17,dbi6:2,dfi6:2,gdi6:2,ina2:19,ink2:19,ota2:19,otk2:19,pyi6:2,wa42:46,wa52:41"
"ROM/46/64.DAT","148160","18","0","16","11","","at,btl,dbi,dfi,gdi,in,inb,ot,otb,pyi,wa","at02,at12,at22,at32,at42,btl2,dbi6,dfi6,gdi6,in02,inb2,ot02,otb2,pyi6,wa42,wa52","at02:42,at12:40,at22:47,at32:47,at42:31,btl2:17,dbi6:2,dfi6:2,gdi6:2,in02:19,inb2:19,ot02:19,otb2:19,pyi6:2,wa42:46,wa52:41"
"ROM/46/70.DAT","145952","18","0","16","11","","at,btl,dbi,dfi,gdi,in,inb,ot,otb,pyi,wa","at02,at12,at22,at32,at42,btl2,dbi6,dfi6,gdi6,in02,inb2,ot02,otb2,pyi6,wa42,wa52","at02:42,at12:40,at22:47,at32:47,at42:31,btl2:17,dbi6:2,dfi6:2,gdi6:2,in02:19,inb2:19,ot02:19,otb2:19,pyi6:2,wa42:46,wa52:41"
"ROM/51/26.DAT","75440","15","0","13","11","","at,btl,dbi,dfi,gdi,inb,inc,ind,otb,otc,otd","at02,at12,at22,btl2,dbi6,dfi6,gdi6,inb2,inc2,ind2,otb2,otc2,otd2","at02:42,at12:46,at22:42,btl2:17,dbi6:2,dfi6:2,gdi6:2,inb2:19,inc2:19,ind2:19,otb2:19,otc2:19,otd2:19"
"ROM/51/32.DAT","75440","15","0","13","11","","at,btl,dbi,dfi,gdi,inb,inc,ind,otb,otc,otd","at02,at12,at22,btl2,dbi6,dfi6,gdi6,inb2,inc2,ind2,otb2,otc2,otd2","at02:42,at12:46,at22:42,btl2:17,dbi6:2,dfi6:2,gdi6:2,inb2:19,inc2:19,ind2:19,otb2:19,otc2:19,otd2:19"
"ROM/56/24.DAT","132176","18","0","16","11","","at,btl,dbi,dfi,gdi,in,inb,ot,otb,pyi,wa","at02,at12,at22,at32,at42,btl2,dbi6,dfi6,gdi6,in02,inb2,ot02,otb2,pyi6,wa42,wa52","at02:42,at12:47,at22:44,at32:41,at42:31,btl2:16,dbi6:2,dfi6:2,gdi6:2,in02:19,inb2:19,ot02:19,otb2:19,pyi6:2,wa42:46,wa52:41"
"ROM/60/120.DAT","106320","18","0","16","11","","at,btl,dbi,dfi,gdi,in,ina,ot,ota,pyi,wa","at02,at12,at22,at32,at42,btl2,dbi6,dfi6,gdi6,in02,ina2,ot02,ota2,pyi6,wa42,wa52","at02:48,at12:47,at22:44,at32:28,at42:54,btl2:16,dbi6:2,dfi6:2,gdi6:2,in02:19,ina2:19,ot02:19,ota2:19,pyi6:2,wa42:46,wa52:41"
"ROM/61/0.DAT","129888","18","0","16","11","","at,btl,dbi,dfi,gdi,in,ina,ot,ota,pyi,wa","at02,at12,at22,at32,at42,btl2,dbi6,dfi6,gdi6,in02,ina2,ot02,ota2,pyi6,wa42,wa52","at02:48,at12:47,at22:44,at32:28,at42:54,btl2:16,dbi6:2,dfi6:2,gdi6:2,in02:19,ina2:19,ot02:19,ota2:19,pyi6:2,wa42:46,wa52:41"
"ROM/32/22.DAT","80800","14","0","12","10","","at,btl,dbi,dfi,gdi,inb,ind,otb,otd,pyi","at02,at12,at22,btl2,dbi6,dfi6,gdi6,inb2,ind2,otb2,otd2,pyi6","at02:50,at12:50,at22:48,btl2:15,dbi6:2,dfi6:2,gdi6:2,inb2:19,ind2:19,otb2:19,otd2:19,pyi6:2"
"ROM/37/1.DAT","65296","14","0","12","10","","at,btl,dbi,dfi,gdi,inf,ing,otf,otg,pyi","at02,at12,at22,btl2,dbi6,dfi6,gdi6,inf2,ing2,otf2,otg2,pyi6","at02:50,at12:65,at22:56,btl2:9,dbi6:2,dfi6:2,gdi6:2,inf2:19,ing2:19,otf2:19,otg2:19,pyi6:2"
"ROM/37/9.DAT","104544","14","0","12","10","","at,btl,dbi,dfi,gdi,inf,ing,otf,otg,pyi","at02,at12,at22,btl2,dbi6,dfi6,gdi6,inf2,ing2,otf2,otg2,pyi6","at02:50,at12:65,at22:56,btl2:9,dbi6:2,dfi6:2,gdi6:2,inf2:19,ing2:19,otf2:19,otg2:19,pyi6:2"
"ROM/41/105.DAT","78720","14","0","12","10","","at,btl,dbi,dfi,gdi,inb,inc,otb,otc,pyi","at02,at12,at22,btl2,dbi6,dfi6,gdi6,inb2,inc2,otb2,otc2,pyi6","at02:46,at12:46,at22:56,btl2:17,dbi6:2,dfi6:2,gdi6:2,inb2:19,inc2:19,otb2:19,otc2:19,pyi6:2"
"ROM/41/106.DAT","79648","14","0","12","10","","at,btl,dbi,dfi,gdi,inb,inc,otb,otc,pyi","at02,at12,at22,btl2,dbi6,dfi6,gdi6,inb2,inc2,otb2,otc2,pyi6","at02:56,at12:51,at22:56,btl2:17,dbi6:2,dfi6:2,gdi6:2,inb2:19,inc2:19,otb2:19,otc2:19,pyi6:2"
"ROM/41/95.DAT","91168","14","0","12","10","","at,btl,dbi,dfi,gdi,inb,inc,otb,otc,pyi","at02,at12,at22,btl2,dbi6,dfi6,gdi6,inb2,inc2,otb2,otc2,pyi6","at02:46,at12:46,at22:56,btl2:17,dbi6:2,dfi6:2,gdi6:2,inb2:19,inc2:19,otb2:19,otc2:19,pyi6:2"
"ROM/41/96.DAT","91792","14","0","12","10","","at,btl,dbi,dfi,gdi,inb,inc,otb,otc,pyi","at02,at12,at22,btl2,dbi6,dfi6,gdi6,inb2,inc2,otb2,otc2,pyi6","at02:56,at12:51,at22:56,btl2:17,dbi6:2,dfi6:2,gdi6:2,inb2:19,inc2:19,otb2:19,otc2:19,pyi6:2"
"ROM/46/63.DAT","102832","14","0","12","10","","at,btl,dbi,dfi,gdi,ina,inf,ota,otf,pyi","at02,at12,at22,btl2,dbi6,dfi6,gdi6,ina2,inf2,ota2,otf2,pyi6","at02:47,at12:50,at22:46,btl2:17,dbi6:2,dfi6:2,gdi6:2,ina2:19,inf2:19,ota2:19,otf2:19,pyi6:2"
"ROM/46/65.DAT","109056","14","0","12","10","","at,btl,dbi,dfi,gdi,inc,inh,otc,oth,pyi","at02,at12,at22,btl2,dbi6,dfi6,gdi6,inc2,inh2,otc2,oth2,pyi6","at02:56,at12:56,at22:56,btl2:17,dbi6:2,dfi6:2,gdi6:2,inc2:19,inh2:19,otc2:19,oth2:19,pyi6:2"
"ROM/46/69.DAT","101760","14","0","12","10","","at,btl,dbi,dfi,gdi,ina,inf,ota,otf,pyi","at02,at12,at22,btl2,dbi6,dfi6,gdi6,ina2,inf2,ota2,otf2,pyi6","at02:47,at12:50,at22:46,btl2:17,dbi6:2,dfi6:2,gdi6:2,ina2:19,inf2:19,ota2:19,otf2:19,pyi6:2"
"ROM/46/71.DAT","108352","14","0","12","10","","at,btl,dbi,dfi,gdi,inc,inh,otc,oth,pyi","at02,at12,at22,btl2,dbi6,dfi6,gdi6,inc2,inh2,otc2,oth2,pyi6","at02:56,at12:56,at22:56,btl2:17,dbi6:2,dfi6:2,gdi6:2,inc2:19,inh2:19,otc2:19,oth2:19,pyi6:2"
"ROM/51/25.DAT","99504","17","0","15","10","","at,btl,dbi,dfi,gdi,in,ina,ot,ota,wa","at02,at12,at22,at32,at42,btl2,dbi6,dfi6,gdi6,in02,ina2,ot02,ota2,wa42,wa52","at02:43,at12:43,at22:42,at32:48,at42:42,btl2:17,dbi6:2,dfi6:2,gdi6:2,in02:19,ina2:19,ot02:19,ota2:19,wa42:46,wa52:41"
"ROM/51/31.DAT","99504","17","0","15","10","","at,btl,dbi,dfi,gdi,in,ina,ot,ota,wa","at02,at12,at22,at32,at42,btl2,dbi6,dfi6,gdi6,in02,ina2,ot02,ota2,wa42,wa52","at02:43,at12:43,at22:42,at32:48,at42:42,btl2:17,dbi6:2,dfi6:2,gdi6:2,in02:19,ina2:19,ot02:19,ota2:19,wa42:46,wa52:41"
"ROM/56/25.DAT","98800","14","0","12","10","","at,btl,dbi,dfi,gdi,inc,ind,otc,otd,pyi","at02,at12,at22,btl2,dbi6,dfi6,gdi6,inc2,ind2,otc2,otd2,pyi6","at02:46,at12:57,at22:48,btl2:16,dbi6:2,dfi6:2,gdi6:2,inc2:19,ind2:19,otc2:19,otd2:19,pyi6:2"
"ROM/56/26.DAT","104096","14","0","12","10","","at,btl,dbi,dfi,gdi,inf,ing,otf,otg,pyi","at02,at12,at22,btl2,dbi6,dfi6,gdi6,inf2,ing2,otf2,otg2,pyi6","at02:44,at12:61,at22:56,btl2:16,dbi6:2,dfi6:2,gdi6:2,inf2:19,ing2:19,otf2:19,otg2:19,pyi6:2"
"ROM/56/34.DAT","118480","14","0","12","10","","at,btl,dbi,dfi,gdi,inc,ind,otc,otd,pyi","at02,at12,at22,btl2,dbi6,dfi6,gdi6,inc2,ind2,otc2,otd2,pyi6","at02:46,at12:57,at22:48,btl2:16,dbi6:2,dfi6:2,gdi6:2,inc2:19,ind2:19,otc2:19,otd2:19,pyi6:2"
"ROM/56/35.DAT","121184","14","0","12","10","","at,btl,dbi,dfi,gdi,inf,ing,otf,otg,pyi","at02,at12,at22,btl2,dbi6,dfi6,gdi6,inf2,ing2,otf2,otg2,pyi6","at02:44,at12:61,at22:56,btl2:16,dbi6:2,dfi6:2,gdi6:2,inf2:19,ing2:19,otf2:19,otg2:19,pyi6:2"
"ROM/60/122.DAT","80432","14","0","12","10","","at,btl,dbi,dfi,gdi,inc,ind,otc,otd,pyi","at02,at12,at22,btl2,dbi6,dfi6,gdi6,inc2,ind2,otc2,otd2,pyi6","at02:55,at12:47,at22:57,btl2:16,dbi6:2,dfi6:2,gdi6:2,inc2:19,ind2:19,otc2:19,otd2:19,pyi6:2"
"ROM/60/123.DAT","82256","14","0","12","10","","at,btl,dbi,dfi,gdi,inf,ing,otf,otg,pyi","at02,at12,at22,btl2,dbi6,dfi6,gdi6,inf2,ing2,otf2,otg2,pyi6","at02:58,at12:56,at22:61,btl2:16,dbi6:2,dfi6:2,gdi6:2,inf2:19,ing2:19,otf2:19,otg2:19,pyi6:2"
"ROM/61/2.DAT","95648","14","0","12","10","","at,btl,dbi,dfi,gdi,inc,ind,otc,otd,pyi","at02,at12,at22,btl2,dbi6,dfi6,gdi6,inc2,ind2,otc2,otd2,pyi6","at02:55,at12:47,at22:57,btl2:16,dbi6:2,dfi6:2,gdi6:2,inc2:19,ind2:19,otc2:19,otd2:19,pyi6:2"
"ROM/61/3.DAT","99024","14","0","12","10","","at,btl,dbi,dfi,gdi,inf,ing,otf,otg,pyi","at02,at12,at22,btl2,dbi6,dfi6,gdi6,inf2,ing2,otf2,otg2,pyi6","at02:58,at12:56,at22:61,btl2:16,dbi6:2,dfi6:2,gdi6:2,inf2:19,ing2:19,otf2:19,otg2:19,pyi6:2"
"ROM/51/28.DAT","69840","13","0","11","9","","at,btl,dbi,dfi,gdi,inb,ind,otb,otd","at02,at12,at22,btl2,dbi6,dfi6,gdi6,inb2,ind2,otb2,otd2","at02:42,at12:46,at22:56,btl2:17,dbi6:2,dfi6:2,gdi6:2,inb2:19,ind2:19,otb2:19,otd2:19"
"ROM/51/29.DAT","73024","13","0","11","9","","at,btl,dbi,dfi,gdi,inf,inh,otf,oth","at02,at12,at22,btl2,dbi6,dfi6,gdi6,inf2,inh2,otf2,oth2","at02:65,at12:51,at22:48,btl2:16,dbi6:2,dfi6:2,gdi6:2,inf2:19,inh2:19,otf2:19,oth2:19"
"ROM/51/34.DAT","69840","13","0","11","9","","at,btl,dbi,dfi,gdi,inb,ind,otb,otd","at02,at12,at22,btl2,dbi6,dfi6,gdi6,inb2,ind2,otb2,otd2","at02:42,at12:46,at22:56,btl2:17,dbi6:2,dfi6:2,gdi6:2,inb2:19,ind2:19,otb2:19,otd2:19"
"ROM/51/35.DAT","73024","13","0","11","9","","at,btl,dbi,dfi,gdi,inf,inh,otf,oth","at02,at12,at22,btl2,dbi6,dfi6,gdi6,inf2,inh2,otf2,oth2","at02:65,at12:51,at22:48,btl2:16,dbi6:2,dfi6:2,gdi6:2,inf2:19,inh2:19,otf2:19,oth2:19"
"ROM/32/23.DAT","71536","12","0","10","8","","at,btl,dbi,dfi,gdi,inb,otb,pyi","at02,at12,at22,btl2,dbi6,dfi6,gdi6,inb2,otb2,pyi6","at02:50,at12:50,at22:45,btl2:15,dbi6:2,dfi6:2,gdi6:2,inb2:19,otb2:19,pyi6:2"
"ROM/32/25.DAT","71872","12","0","10","8","","at,btl,dbi,dfi,gdi,inc,otc,pyi","at02,at12,at22,btl2,dbi6,dfi6,gdi6,inc2,otc2,pyi6","at02:50,at12:45,at22:50,btl2:15,dbi6:2,dfi6:2,gdi6:2,inc2:19,otc2:19,pyi6:2"
"ROM/32/26.DAT","75584","12","0","10","8","","at,btl,dbi,dfi,gdi,ine,ote,pyi","at02,at12,at22,btl2,dbi6,dfi6,gdi6,ine2,ote2,pyi6","at02:55,at12:53,at22:56,btl2:15,dbi6:2,dfi6:2,gdi6:2,ine2:19,ote2:19,pyi6:2"
"ROM/32/27.DAT","73776","12","0","10","8","","at,btl,dbi,dfi,gdi,inf,otf,pyi","at02,at12,at22,btl2,dbi6,dfi6,gdi6,inf2,otf2,pyi6","at02:55,at12:58,at22:60,btl2:15,dbi6:2,dfi6:2,gdi6:2,inf2:19,otf2:19,pyi6:2"
"ROM/32/28.DAT","70272","12","0","10","8","","at,btl,dbi,dfi,gdi,ing,otg,pyi","at02,at12,at22,btl2,dbi6,dfi6,gdi6,ing2,otg2,pyi6","at02:51,at12:45,at22:43,btl2:15,dbi6:2,dfi6:2,gdi6:2,ing2:19,otg2:19,pyi6:2"
"ROM/32/29.DAT","71056","12","0","10","8","","at,btl,dbi,dfi,gdi,ini,oti,pyi","at02,at12,at22,btl2,dbi6,dfi6,gdi6,ini2,oti2,pyi6","at02:50,at12:61,at22:43,btl2:15,dbi6:2,dfi6:2,gdi6:2,ini2:19,oti2:19,pyi6:2"
"ROM/32/30.DAT","60944","11","0","9","8","","at,btl,dbi,dfi,gdi,ink,otk,pyi","at02,at12,btl2,dbi6,dfi6,gdi6,ink2,otk2,pyi6","at02:50,at12:43,btl2:15,dbi6:2,dfi6:2,gdi6:2,ink2:19,otk2:19,pyi6:2"
"ROM/32/31.DAT","67504","12","0","10","8","","at,btl,dbi,dfi,gdi,ind,otd,pyi","at02,at12,at22,btl2,dbi6,dfi6,gdi6,ind2,otd2,pyi6","at02:50,at12:50,at22:48,btl2:15,dbi6:2,dfi6:2,gdi6:2,ind2:19,otd2:19,pyi6:2"
"ROM/32/32.DAT","67696","12","0","10","8","","at,btl,dbi,dfi,gdi,inb,otb,pyi","at02,at12,at22,btl2,dbi6,dfi6,gdi6,inb2,otb2,pyi6","at02:50,at12:50,at22:45,btl2:15,dbi6:2,dfi6:2,gdi6:2,inb2:19,otb2:19,pyi6:2"
"ROM/32/34.DAT","67360","12","0","10","8","","at,btl,dbi,dfi,gdi,inc,otc,pyi","at02,at12,at22,btl2,dbi6,dfi6,gdi6,inc2,otc2,pyi6","at02:50,at12:45,at22:50,btl2:15,dbi6:2,dfi6:2,gdi6:2,inc2:19,otc2:19,pyi6:2"
"ROM/32/35.DAT","70768","12","0","10","8","","at,btl,dbi,dfi,gdi,ine,ote,pyi","at02,at12,at22,btl2,dbi6,dfi6,gdi6,ine2,ote2,pyi6","at02:55,at12:53,at22:56,btl2:15,dbi6:2,dfi6:2,gdi6:2,ine2:19,ote2:19,pyi6:2"
"ROM/32/36.DAT","67168","12","0","10","8","","at,btl,dbi,dfi,gdi,inf,otf,pyi","at02,at12,at22,btl2,dbi6,dfi6,gdi6,inf2,otf2,pyi6","at02:55,at12:58,at22:60,btl2:15,dbi6:2,dfi6:2,gdi6:2,inf2:19,otf2:19,pyi6:2"
"ROM/32/37.DAT","65104","12","0","10","8","","at,btl,dbi,dfi,gdi,ing,otg,pyi","at02,at12,at22,btl2,dbi6,dfi6,gdi6,ing2,otg2,pyi6","at02:51,at12:45,at22:43,btl2:15,dbi6:2,dfi6:2,gdi6:2,ing2:19,otg2:19,pyi6:2"
"ROM/32/38.DAT","64544","12","0","10","8","","at,btl,dbi,dfi,gdi,ini,oti,pyi","at02,at12,at22,btl2,dbi6,dfi6,gdi6,ini2,oti2,pyi6","at02:50,at12:61,at22:43,btl2:15,dbi6:2,dfi6:2,gdi6:2,ini2:19,oti2:19,pyi6:2"
"ROM/32/39.DAT","58736","11","0","9","8","","at,btl,dbi,dfi,gdi,ink,otk,pyi","at02,at12,btl2,dbi6,dfi6,gdi6,ink2,otk2,pyi6","at02:50,at12:43,btl2:15,dbi6:2,dfi6:2,gdi6:2,ink2:19,otk2:19,pyi6:2"
"ROM/36/125.DAT","54176","12","0","10","8","","at,btl,dbi,dfi,gdi,ina,ota,pyi","at02,at12,at22,btl2,dbi6,dfi6,gdi6,ina2,ota2,pyi6","at02:50,at12:45,at22:48,btl2:9,dbi6:2,dfi6:2,gdi6:2,ina2:19,ota2:19,pyi6:2"
"ROM/36/126.DAT","55520","12","0","10","8","","at,btl,dbi,dfi,gdi,inb,otb,pyi","at02,at12,at22,btl2,dbi6,dfi6,gdi6,inb2,otb2,pyi6","at02:45,at12:50,at22:48,btl2:9,dbi6:2,dfi6:2,gdi6:2,inb2:19,otb2:19,pyi6:2"
"ROM/36/127.DAT","54640","12","0","10","8","","at,btl,dbi,dfi,gdi,inc,otc,pyi","at02,at12,at22,btl2,dbi6,dfi6,gdi6,inc2,otc2,pyi6","at02:40,at12:45,at22:45,btl2:9,dbi6:2,dfi6:2,gdi6:2,inc2:19,otc2:19,pyi6:2"
"ROM/37/10.DAT","94704","12","0","10","8","","at,btl,dbi,dfi,gdi,inh,oth,pyi","at02,at12,at22,btl2,dbi6,dfi6,gdi6,inh2,oth2,pyi6","at02:50,at12:68,at22:58,btl2:9,dbi6:2,dfi6:2,gdi6:2,inh2:19,oth2:19,pyi6:2"
"ROM/37/11.DAT","89648","12","0","10","8","","at,btl,dbi,dfi,gdi,ini,oti,pyi","at02,at12,at22,btl2,dbi6,dfi6,gdi6,ini2,oti2,pyi6","at02:50,at12:56,at22:50,btl2:9,dbi6:2,dfi6:2,gdi6:2,ini2:19,oti2:19,pyi6:2"
"ROM/37/12.DAT","73072","11","0","9","8","","at,btl,dbi,dfi,gdi,ink,otk,pyi","at02,at12,btl2,dbi6,dfi6,gdi6,ink2,otk2,pyi6","at02:50,at12:44,btl2:9,dbi6:2,dfi6:2,gdi6:2,ink2:19,otk2:19,pyi6:2"
"ROM/37/2.DAT","57616","12","0","10","8","","at,btl,dbi,dfi,gdi,inh,oth,pyi","at02,at12,at22,btl2,dbi6,dfi6,gdi6,inh2,oth2,pyi6","at02:50,at12:68,at22:58,btl2:9,dbi6:2,dfi6:2,gdi6:2,inh2:19,oth2:19,pyi6:2"
"ROM/37/3.DAT","55872","12","0","10","8","","at,btl,dbi,dfi,gdi,ini,oti,pyi","at02,at12,at22,btl2,dbi6,dfi6,gdi6,ini2,oti2,pyi6","at02:50,at12:56,at22:50,btl2:9,dbi6:2,dfi6:2,gdi6:2,ini2:19,oti2:19,pyi6:2"
"ROM/37/4.DAT","49920","11","0","9","8","","at,btl,dbi,dfi,gdi,ink,otk,pyi","at02,at12,btl2,dbi6,dfi6,gdi6,ink2,otk2,pyi6","at02:50,at12:44,btl2:9,dbi6:2,dfi6:2,gdi6:2,ink2:19,otk2:19,pyi6:2"
"ROM/37/5.DAT","87136","12","0","10","8","","at,btl,dbi,dfi,gdi,ina,ota,pyi","at02,at12,at22,btl2,dbi6,dfi6,gdi6,ina2,ota2,pyi6","at02:50,at12:45,at22:48,btl2:9,dbi6:2,dfi6:2,gdi6:2,ina2:19,ota2:19,pyi6:2"
"ROM/37/6.DAT","86880","12","0","10","8","","at,btl,dbi,dfi,gdi,inb,otb,pyi","at02,at12,at22,btl2,dbi6,dfi6,gdi6,inb2,otb2,pyi6","at02:45,at12:50,at22:48,btl2:9,dbi6:2,dfi6:2,gdi6:2,inb2:19,otb2:19,pyi6:2"
"ROM/37/7.DAT","84160","12","0","10","8","","at,btl,dbi,dfi,gdi,inc,otc,pyi","at02,at12,at22,btl2,dbi6,dfi6,gdi6,inc2,otc2,pyi6","at02:40,at12:45,at22:45,btl2:9,dbi6:2,dfi6:2,gdi6:2,inc2:19,otc2:19,pyi6:2"
"ROM/41/100.DAT","88352","12","0","10","8","","at,btl,dbi,dfi,gdi,inh,oth,pyi","at02,at12,at22,btl2,dbi6,dfi6,gdi6,inh2,oth2,pyi6","at02:68,at12:61,at22:56,btl2:17,dbi6:2,dfi6:2,gdi6:2,inh2:19,oth2:19,pyi6:2"
"ROM/41/101.DAT","85488","12","0","10","8","","at,btl,dbi,dfi,gdi,ini,oti,pyi","at02,at12,at22,btl2,dbi6,dfi6,gdi6,ini2,oti2,pyi6","at02:51,at12:56,at22:68,btl2:17,dbi6:2,dfi6:2,gdi6:2,ini2:19,oti2:19,pyi6:2"
"ROM/41/102.DAT","80288","12","0","10","8","","at,btl,dbi,dfi,gdi,inj,otj,pyi","at02,at12,at22,btl2,dbi6,dfi6,gdi6,inj2,otj2,pyi6","at02:46,at12:46,at22:56,btl2:17,dbi6:2,dfi6:2,gdi6:2,inj2:19,otj2:19,pyi6:2"
"ROM/41/103.DAT","79568","12","0","10","8","","at,btl,dbi,dfi,gdi,ink,otk,pyi","at02,at12,at22,btl2,dbi6,dfi6,gdi6,ink2,otk2,pyi6","at02:51,at12:51,at22:46,btl2:17,dbi6:2,dfi6:2,gdi6:2,ink2:19,otk2:19,pyi6:2"
"ROM/41/107.DAT","78128","12","0","10","8","","at,btl,dbi,dfi,gdi,ine,ote,pyi","at02,at12,at22,btl2,dbi6,dfi6,gdi6,ine2,ote2,pyi6","at02:61,at12:56,at22:61,btl2:17,dbi6:2,dfi6:2,gdi6:2,ine2:19,ote2:19,pyi6:2"
"ROM/41/108.DAT","75856","12","0","10","8","","at,btl,dbi,dfi,gdi,inf,otf,pyi","at02,at12,at22,btl2,dbi6,dfi6,gdi6,inf2,otf2,pyi6","at02:51,at12:56,at22:68,btl2:17,dbi6:2,dfi6:2,gdi6:2,inf2:19,otf2:19,pyi6:2"
"ROM/41/109.DAT","75040","12","0","10","8","","at,btl,dbi,dfi,gdi,ing,otg,pyi","at02,at12,at22,btl2,dbi6,dfi6,gdi6,ing2,otg2,pyi6","at02:49,at12:56,at22:61,btl2:17,dbi6:2,dfi6:2,gdi6:2,ing2:19,otg2:19,pyi6:2"
"ROM/41/110.DAT","81360","12","0","10","8","","at,btl,dbi,dfi,gdi,inh,oth,pyi","at02,at12,at22,btl2,dbi6,dfi6,gdi6,inh2,oth2,pyi6","at02:68,at12:61,at22:56,btl2:17,dbi6:2,dfi6:2,gdi6:2,inh2:19,oth2:19,pyi6:2"
"ROM/41/111.DAT","75856","12","0","10","8","","at,btl,dbi,dfi,gdi,ini,oti,pyi","at02,at12,at22,btl2,dbi6,dfi6,gdi6,ini2,oti2,pyi6","at02:51,at12:56,at22:68,btl2:17,dbi6:2,dfi6:2,gdi6:2,ini2:19,oti2:19,pyi6:2"
"ROM/41/112.DAT","69792","12","0","10","8","","at,btl,dbi,dfi,gdi,inj,otj,pyi","at02,at12,at22,btl2,dbi6,dfi6,gdi6,inj2,otj2,pyi6","at02:46,at12:46,at22:56,btl2:17,dbi6:2,dfi6:2,gdi6:2,inj2:19,otj2:19,pyi6:2"
"ROM/41/113.DAT","71120","12","0","10","8","","at,btl,dbi,dfi,gdi,ink,otk,pyi","at02,at12,at22,btl2,dbi6,dfi6,gdi6,ink2,otk2,pyi6","at02:51,at12:51,at22:46,btl2:17,dbi6:2,dfi6:2,gdi6:2,ink2:19,otk2:19,pyi6:2"
"ROM/41/97.DAT","88720","12","0","10","8","","at,btl,dbi,dfi,gdi,ine,ote,pyi","at02,at12,at22,btl2,dbi6,dfi6,gdi6,ine2,ote2,pyi6","at02:61,at12:56,at22:61,btl2:17,dbi6:2,dfi6:2,gdi6:2,ine2:19,ote2:19,pyi6:2"
"ROM/41/98.DAT","84480","12","0","10","8","","at,btl,dbi,dfi,gdi,inf,otf,pyi","at02,at12,at22,btl2,dbi6,dfi6,gdi6,inf2,otf2,pyi6","at02:51,at12:56,at22:68,btl2:17,dbi6:2,dfi6:2,gdi6:2,inf2:19,otf2:19,pyi6:2"
"ROM/41/99.DAT","83856","12","0","10","8","","at,btl,dbi,dfi,gdi,ing,otg,pyi","at02,at12,at22,btl2,dbi6,dfi6,gdi6,ing2,otg2,pyi6","at02:49,at12:56,at22:61,btl2:17,dbi6:2,dfi6:2,gdi6:2,ing2:19,otg2:19,pyi6:2"
"ROM/46/66.DAT","91520","12","0","10","8","","at,btl,dbi,dfi,gdi,ind,otd,pyi","at02,at12,at22,btl2,dbi6,dfi6,gdi6,ind2,otd2,pyi6","at02:45,at12:51,at22:48,btl2:17,dbi6:2,dfi6:2,gdi6:2,ind2:19,otd2:19,pyi6:2"
"ROM/46/67.DAT","94496","12","0","10","8","","at,btl,dbi,dfi,gdi,ing,otg,pyi","at02,at12,at22,btl2,dbi6,dfi6,gdi6,ing2,otg2,pyi6","at02:45,at12:51,at22:58,btl2:17,dbi6:2,dfi6:2,gdi6:2,ing2:19,otg2:19,pyi6:2"
"ROM/46/72.DAT","89888","12","0","10","8","","at,btl,dbi,dfi,gdi,ind,otd,pyi","at02,at12,at22,btl2,dbi6,dfi6,gdi6,ind2,otd2,pyi6","at02:45,at12:51,at22:48,btl2:17,dbi6:2,dfi6:2,gdi6:2,ind2:19,otd2:19,pyi6:2"
"ROM/46/73.DAT","92752","12","0","10","8","","at,btl,dbi,dfi,gdi,ing,otg,pyi","at02,at12,at22,btl2,dbi6,dfi6,gdi6,ing2,otg2,pyi6","at02:45,at12:51,at22:58,btl2:17,dbi6:2,dfi6:2,gdi6:2,ing2:19,otg2:19,pyi6:2"
"ROM/56/23.DAT","88432","12","0","10","8","","at,btl,dbi,dfi,gdi,ina,ota,pyi","at02,at12,at22,btl2,dbi6,dfi6,gdi6,ina2,ota2,pyi6","at02:44,at12:50,at22:48,btl2:16,dbi6:2,dfi6:2,gdi6:2,ina2:19,ota2:19,pyi6:2"
"ROM/56/27.DAT","82880","12","0","10","8","","at,btl,dbi,dfi,gdi,inh,oth,pyi","at02,at12,at22,btl2,dbi6,dfi6,gdi6,inh2,oth2,pyi6","at02:55,at12:58,at22:56,btl2:16,dbi6:2,dfi6:2,gdi6:2,inh2:19,oth2:19,pyi6:2"
"ROM/56/28.DAT","81488","12","0","10","8","","at,btl,dbi,dfi,gdi,ini,oti,pyi","at02,at12,at22,btl2,dbi6,dfi6,gdi6,ini2,oti2,pyi6","at02:44,at12:54,at22:61,btl2:16,dbi6:2,dfi6:2,gdi6:2,ini2:19,oti2:19,pyi6:2"
"ROM/56/29.DAT","82880","12","0","10","8","","at,btl,dbi,dfi,gdi,inj,otj,pyi","at02,at12,at22,btl2,dbi6,dfi6,gdi6,inj2,otj2,pyi6","at02:55,at12:58,at22:56,btl2:16,dbi6:2,dfi6:2,gdi6:2,inj2:19,otj2:19,pyi6:2"
"ROM/56/30.DAT","88432","12","0","10","8","","at,btl,dbi,dfi,gdi,ina,ota,pyi","at02,at12,at22,btl2,dbi6,dfi6,gdi6,ina2,ota2,pyi6","at02:44,at12:50,at22:48,btl2:16,dbi6:2,dfi6:2,gdi6:2,ina2:19,ota2:19,pyi6:2"
"ROM/56/31.DAT","77616","11","0","9","8","","at,btl,dbi,dfi,gdi,in,ot,pyi","at02,at12,btl2,dbi6,dfi6,gdi6,in02,ot02,pyi6","at02:42,at12:47,btl2:16,dbi6:2,dfi6:2,gdi6:2,in02:19,ot02:19,pyi6:2"
"ROM/56/32.DAT","102816","12","0","10","8","","at,btl,dbi,dfi,gdi,ina,ota,pyi","at02,at12,at22,btl2,dbi6,dfi6,gdi6,ina2,ota2,pyi6","at02:44,at12:50,at22:48,btl2:16,dbi6:2,dfi6:2,gdi6:2,ina2:19,ota2:19,pyi6:2"
"ROM/56/33.DAT","130960","15","0","13","8","","at,btl,in,inb,ot,otb,pyi,wa","at02,at12,at22,at32,at42,btl2,in02,inb2,ot02,otb2,pyi6,wa42,wa52","at02:42,at12:47,at22:44,at32:41,at42:31,btl2:16,in02:19,inb2:19,ot02:19,otb2:19,pyi6:2,wa42:46,wa52:41"
"ROM/56/36.DAT","112080","12","0","10","8","","at,btl,dbi,dfi,gdi,inh,oth,pyi","at02,at12,at22,btl2,dbi6,dfi6,gdi6,inh2,oth2,pyi6","at02:55,at12:58,at22:56,btl2:16,dbi6:2,dfi6:2,gdi6:2,inh2:19,oth2:19,pyi6:2"
"ROM/56/37.DAT","107120","12","0","10","8","","at,btl,dbi,dfi,gdi,ini,oti,pyi","at02,at12,at22,btl2,dbi6,dfi6,gdi6,ini2,oti2,pyi6","at02:44,at12:54,at22:61,btl2:16,dbi6:2,dfi6:2,gdi6:2,ini2:19,oti2:19,pyi6:2"
"ROM/56/38.DAT","112080","12","0","10","8","","at,btl,dbi,dfi,gdi,inj,otj,pyi","at02,at12,at22,btl2,dbi6,dfi6,gdi6,inj2,otj2,pyi6","at02:55,at12:58,at22:56,btl2:16,dbi6:2,dfi6:2,gdi6:2,inj2:19,otj2:19,pyi6:2"
"ROM/56/39.DAT","102816","12","0","10","8","","at,btl,dbi,dfi,gdi,ina,ota,pyi","at02,at12,at22,btl2,dbi6,dfi6,gdi6,ina2,ota2,pyi6","at02:44,at12:50,at22:48,btl2:16,dbi6:2,dfi6:2,gdi6:2,ina2:19,ota2:19,pyi6:2"
"ROM/56/40.DAT","84512","11","0","9","8","","at,btl,dbi,dfi,gdi,in,ot,pyi","at02,at12,btl2,dbi6,dfi6,gdi6,in02,ot02,pyi6","at02:42,at12:47,btl2:16,dbi6:2,dfi6:2,gdi6:2,in02:19,ot02:19,pyi6:2"
"ROM/60/124.DAT","75536","12","0","10","8","","at,btl,dbi,dfi,gdi,inh,oth,pyi","at02,at12,at22,btl2,dbi6,dfi6,gdi6,inh2,oth2,pyi6","at02:57,at12:50,at22:61,btl2:16,dbi6:2,dfi6:2,gdi6:2,inh2:19,oth2:19,pyi6:2"
"ROM/60/125.DAT","81984","12","0","10","8","","at,btl,dbi,dfi,gdi,ini,oti,pyi","at02,at12,at22,btl2,dbi6,dfi6,gdi6,ini2,oti2,pyi6","at02:57,at12:60,at22:68,btl2:16,dbi6:2,dfi6:2,gdi6:2,ini2:19,oti2:19,pyi6:2"
"ROM/60/126.DAT","81984","12","0","10","8","","at,btl,dbi,dfi,gdi,ini,oti,pyi","at02,at12,at22,btl2,dbi6,dfi6,gdi6,ini2,oti2,pyi6","at02:57,at12:68,at22:60,btl2:16,dbi6:2,dfi6:2,gdi6:2,ini2:19,oti2:19,pyi6:2"
"ROM/60/127.DAT","64224","11","0","9","8","","at,btl,dbi,dfi,gdi,ink,otk,pyi","at02,at12,btl2,dbi6,dfi6,gdi6,ink2,otk2,pyi6","at02:52,at12:49,btl2:16,dbi6:2,dfi6:2,gdi6:2,ink2:19,otk2:19,pyi6:2"
"ROM/61/4.DAT","89408","12","0","10","8","","at,btl,dbi,dfi,gdi,inh,oth,pyi","at02,at12,at22,btl2,dbi6,dfi6,gdi6,inh2,oth2,pyi6","at02:57,at12:50,at22:61,btl2:16,dbi6:2,dfi6:2,gdi6:2,inh2:19,oth2:19,pyi6:2"
"ROM/61/5.DAT","89104","12","0","10","8","","at,btl,dbi,dfi,gdi,ini,oti,pyi","at02,at12,at22,btl2,dbi6,dfi6,gdi6,ini2,oti2,pyi6","at02:57,at12:60,at22:68,btl2:16,dbi6:2,dfi6:2,gdi6:2,ini2:19,oti2:19,pyi6:2"
"ROM/61/6.DAT","89104","12","0","10","8","","at,btl,dbi,dfi,gdi,ini,oti,pyi","at02,at12,at22,btl2,dbi6,dfi6,gdi6,ini2,oti2,pyi6","at02:57,at12:68,at22:60,btl2:16,dbi6:2,dfi6:2,gdi6:2,ini2:19,oti2:19,pyi6:2"
"ROM/61/7.DAT","72160","11","0","9","8","","at,btl,dbi,dfi,gdi,ink,otk,pyi","at02,at12,btl2,dbi6,dfi6,gdi6,ink2,otk2,pyi6","at02:52,at12:49,btl2:16,dbi6:2,dfi6:2,gdi6:2,ink2:19,otk2:19,pyi6:2"
"ROM/27/83.DAT","101024","9","0","7","7","","gdm,idl,mvb,mvl,mvr,run,wlk","gdm1,idl1,mvb1,mvl1,mvr1,run1,wlk1","gdm1:2,idl1:15,mvb1:21,mvl1:13,mvr1:13,run1:11,wlk1:19"
"ROM/27/84.DAT","101200","9","0","7","7","","gdm,idl,mvb,mvl,mvr,run,wlk","gdm1,idl1,mvb1,mvl1,mvr1,run1,wlk1","gdm1:2,idl1:15,mvb1:21,mvl1:13,mvr1:13,run1:11,wlk1:19"
"ROM/32/47.DAT","41760","9","0","7","7","","che,clp,den,gla,nod,wav,wel","che2,clp2,den2,gla2,nod2,wav2,wel2","che2:47,clp2:46,den2:23,gla2:39,nod2:18,wav2:38,wel2:39"
"ROM/32/53.DAT","40096","9","0","7","7","","che,clp,den,gla,nod,wav,wel","che2,clp2,den2,gla2,nod2,wav2,wel2","che2:47,clp2:46,den2:23,gla2:39,nod2:18,wav2:38,wel2:39"
"ROM/32/59.DAT","97168","9","0","7","7","","gdm,idl,mvb,mvl,mvr,run,wlk","gdm1,idl1,mvb1,mvl1,mvr1,run1,wlk1","gdm1:2,idl1:13,mvb1:15,mvl1:11,mvr1:11,run1:11,wlk1:15"
"ROM/32/60.DAT","98192","9","0","7","7","","gdm,idl,mvb,mvl,mvr,run,wlk","gdm1,idl1,mvb1,mvl1,mvr1,run1,wlk1","gdm1:2,idl1:13,mvb1:15,mvl1:11,mvr1:11,run1:11,wlk1:15"
"ROM/37/20.DAT","54384","9","0","7","7","","che,clp,den,gla,nod,wav,wel","che2,clp2,den2,gla2,nod2,wav2,wel2","che2:46,clp2:45,den2:23,gla2:38,nod2:17,wav2:37,wel2:38"
"ROM/37/26.DAT","60864","9","0","7","7","","che,clp,den,gla,nod,wav,wel","che2,clp2,den2,gla2,nod2,wav2,wel2","che2:46,clp2:45,den2:23,gla2:38,nod2:17,wav2:37,wel2:38"
"ROM/37/32.DAT","111952","9","0","7","7","","gdm,idl,mvb,mvl,mvr,run,wlk","gdm1,idl1,mvb1,mvl1,mvr1,run1,wlk1","gdm1:2,idl1:17,mvb1:17,mvl1:13,mvr1:13,run1:11,wlk1:20"
"ROM/37/33.DAT","112848","9","0","7","7","","gdm,idl,mvb,mvl,mvr,run,wlk","gdm1,idl1,mvb1,mvl1,mvr1,run1,wlk1","gdm1:2,idl1:17,mvb1:17,mvl1:13,mvr1:13,run1:11,wlk1:20"
"ROM/41/121.DAT","32864","9","0","7","7","","che,clp,den,gla,nod,wav,wel","che2,clp2,den2,gla2,nod2,wav2,wel2","che2:46,clp2:45,den2:23,gla2:37,nod2:18,wav2:37,wel2:39"
"ROM/41/127.DAT","20032","9","0","7","7","","che,clp,den,gla,nod,wav,wel","che2,clp2,den2,gla2,nod2,wav2,wel2","che2:46,clp2:45,den2:23,gla2:37,nod2:18,wav2:37,wel2:39"
"ROM/46/68.DAT","66064","10","0","8","7","","at,btl,dbi,dfi,gdi,ink,otk","at02,at12,btl2,dbi6,dfi6,gdi6,ink2,otk2","at02:42,at12:40,btl2:17,dbi6:2,dfi6:2,gdi6:2,ink2:19,otk2:19"
"ROM/46/74.DAT","64704","10","0","8","7","","at,btl,dbi,dfi,gdi,ink,otk","at02,at12,btl2,dbi6,dfi6,gdi6,ink2,otk2","at02:42,at12:40,btl2:17,dbi6:2,dfi6:2,gdi6:2,ink2:19,otk2:19"
"ROM/46/82.DAT","67744","9","0","7","7","","che,clp,den,gla,nod,wav,wel","che2,clp2,den2,gla2,nod2,wav2,wel2","che2:46,clp2:46,den2:23,gla2:39,nod2:18,wav2:38,wel2:39"
"ROM/46/88.DAT","66016","9","0","7","7","","che,clp,den,gla,nod,wav,wel","che2,clp2,den2,gla2,nod2,wav2,wel2","che2:46,clp2:46,den2:23,gla2:39,nod2:18,wav2:38,wel2:39"
"ROM/46/94.DAT","92384","9","0","7","7","","gdm,idl,mvb,mvl,mvr,run,wlk","gdm1,idl1,mvb1,mvl1,mvr1,run1,wlk1","gdm1:2,idl1:16,mvb1:11,mvl1:11,mvr1:11,run1:11,wlk1:11"
"ROM/46/95.DAT","93376","9","0","7","7","","gdm,idl,mvb,mvl,mvr,run,wlk","gdm1,idl1,mvb1,mvl1,mvr1,run1,wlk1","gdm1:2,idl1:16,mvb1:11,mvl1:11,mvr1:11,run1:11,wlk1:11"
"ROM/51/30.DAT","59504","11","0","9","7","","at,btl,dbi,dfi,gdi,ink,otk","at02,at12,at22,btl2,dbi6,dfi6,gdi6,ink2,otk2","at02:43,at12:43,at22:42,btl2:17,dbi6:2,dfi6:2,gdi6:2,ink2:19,otk2:19"
"ROM/51/36.DAT","59504","11","0","9","7","","at,btl,dbi,dfi,gdi,ink,otk","at02,at12,at22,btl2,dbi6,dfi6,gdi6,ink2,otk2","at02:43,at12:43,at22:42,btl2:17,dbi6:2,dfi6:2,gdi6:2,ink2:19,otk2:19"
"ROM/51/44.DAT","43648","9","0","7","7","","che,clp,den,gla,nod,wav,wel","che2,clp2,den2,gla2,nod2,wav2,wel2","che2:46,clp2:44,den2:22,gla2:38,nod2:17,wav2:37,wel2:38"
"ROM/51/50.DAT","44000","9","0","7","7","","che,clp,den,gla,nod,wav,wel","che2,clp2,den2,gla2,nod2,wav2,wel2","che2:46,clp2:44,den2:22,gla2:38,nod2:17,wav2:37,wel2:38"
"ROM/51/78.DAT","43648","9","0","7","7","","che,clp,den,gla,nod,wav,wel","che2,clp2,den2,gla2,nod2,wav2,wel2","che2:46,clp2:44,den2:22,gla2:38,nod2:17,wav2:37,wel2:38"
"ROM/51/84.DAT","44000","9","0","7","7","","che,clp,den,gla,nod,wav,wel","che2,clp2,den2,gla2,nod2,wav2,wel2","che2:46,clp2:44,den2:22,gla2:38,nod2:17,wav2:37,wel2:38"
"ROM/51/90.DAT","123744","9","0","7","7","","gdm,idl,mvb,mvl,mvr,run,wlk","gdm1,idl1,mvb1,mvl1,mvr1,run1,wlk1","gdm1:2,idl1:16,mvb1:19,mvl1:13,mvr1:13,run1:11,wlk1:19"
"ROM/51/91.DAT","118304","9","0","7","7","","gdm,idl,mvb,mvl,mvr,run,wlk","gdm2,idl1,mvb1,mvl1,mvr1,run1,wlk1","gdm2:2,idl1:16,mvb1:19,mvl1:13,mvr1:13,run1:11,wlk1:19"
"ROM/56/48.DAT","60656","9","0","7","7","","che,clp,den,gla,nod,wav,wel","che2,clp2,den2,gla2,nod2,wav2,wel2","che2:46,clp2:46,den2:23,gla2:39,nod2:18,wav2:38,wel2:39"
"ROM/56/54.DAT","59680","9","0","7","7","","che,clp,den,gla,nod,wav,wel","che2,clp2,den2,gla2,nod2,wav2,wel2","che2:46,clp2:46,den2:23,gla2:39,nod2:18,wav2:38,wel2:39"
"ROM/56/60.DAT","135584","9","0","7","7","","gdm,idl,mvb,mvl,mvr,run,wlk","gdm1,idl1,mvb1,mvl1,mvr1,run1,wlk1","gdm1:2,idl1:16,mvb1:23,mvl1:15,mvr1:15,run1:15,wlk1:25"
"ROM/56/61.DAT","135456","9","0","7","7","","gdm,idl,mvb,mvl,mvr,run,wlk","gdm1,idl1,mvb1,mvl1,mvr1,run1,wlk1","gdm1:2,idl1:16,mvb1:23,mvl1:15,mvr1:15,run1:15,wlk1:25"
"ROM/61/15.DAT","43680","9","0","7","7","","che,clp,den,gla,nod,wav,wel","che2,clp2,den2,gla2,nod2,wav2,wel2","che2:46,clp2:46,den2:23,gla2:39,nod2:18,wav2:38,wel2:39"
"ROM/61/21.DAT","42128","9","0","7","7","","che,clp,den,gla,nod,wav,wel","che2,clp2,den2,gla2,nod2,wav2,wel2","che2:46,clp2:46,den2:23,gla2:39,nod2:18,wav2:38,wel2:39"
"ROM/32/46.DAT","67216","10","0","8","6","","bow,kne,lau,poi,sl,wee","bow2,kne2,lau2,poi2,sl12,sl22,sl32,wee2","bow2:39,kne2:66,lau2:46,poi2:31,sl12:43,sl22:41,sl32:47,wee2:49"
"ROM/32/48.DAT","41808","8","0","6","6","","clp,cmf,pok,sig,sta,sur","clp2,cmf2,pok2,sig2,sta2,sur2","clp2:46,cmf2:41,pok2:39,sig2:41,sta2:39,sur2:36"
"ROM/32/49.DAT","37184","8","0","6","6","","ang,blu,nod,pan,ups,why","ang2,blu2,nod2,pan2,ups2,why2","ang2:41,blu2:41,nod2:18,pan2:41,ups2:41,why2:41"
"ROM/32/52.DAT","64080","10","0","8","6","","bow,kne,lau,poi,sl,wee","bow2,kne2,lau2,poi2,sl12,sl22,sl32,wee2","bow2:39,kne2:66,lau2:46,poi2:31,sl12:43,sl22:41,sl32:47,wee2:49"
"ROM/32/54.DAT","37936","8","0","6","6","","clp,cmf,pok,sig,sta,sur","clp2,cmf2,pok2,sig2,sta2,sur2","clp2:46,cmf2:41,pok2:39,sig2:41,sta2:39,sur2:36"
"ROM/32/55.DAT","28480","8","0","6","6","","ang,blu,nod,pan,ups,why","ang2,blu2,nod2,pan2,ups2,why2","ang2:41,blu2:41,nod2:18,pan2:41,ups2:41,why2:41"
"ROM/37/19.DAT","84480","10","0","8","6","","bow,kne,lau,poi,sl,wee","bow2,kne2,lau2,poi2,sl12,sl22,sl32,wee2","bow2:38,kne2:66,lau2:45,poi2:29,sl12:43,sl22:40,sl32:44,wee2:48"
"ROM/37/21.DAT","45584","8","0","6","6","","clp,cmf,pok,sig,sta,sur","clp2,cmf2,pok2,sig2,sta2,sur2","clp2:45,cmf2:41,pok2:38,sig2:46,sta2:38,sur2:35"
"ROM/37/22.DAT","24576","8","0","6","6","","ang,blu,nod,pan,ups,why","ang2,blu2,nod2,pan2,ups2,why2","ang2:41,blu2:41,nod2:17,pan2:41,ups2:41,why2:41"
"ROM/37/25.DAT","93920","10","0","8","6","","bow,kne,lau,poi,sl,wee","bow2,kne2,lau2,poi2,sl12,sl22,sl32,wee2","bow2:38,kne2:66,lau2:45,poi2:29,sl12:43,sl22:40,sl32:44,wee2:48"
"ROM/37/27.DAT","61920","8","0","6","6","","clp,cmf,pok,sig,sta,sur","clp2,cmf2,pok2,sig2,sta2,sur2","clp2:45,cmf2:41,pok2:38,sig2:46,sta2:38,sur2:35"
"ROM/37/28.DAT","53840","8","0","6","6","","ang,blu,nod,pan,ups,why","ang2,blu2,nod2,pan2,ups2,why2","ang2:41,blu2:41,nod2:17,pan2:41,ups2:41,why2:41"
"ROM/41/120.DAT","49504","10","0","8","6","","bow,kne,lau,poi,sl,wee","bow2,kne2,lau2,poi2,sl12,sl22,sl32,wee2","bow2:39,kne2:66,lau2:45,poi2:30,sl12:43,sl22:43,sl32:47,wee2:48"
"ROM/41/122.DAT","36384","8","0","6","6","","clp,cmf,pok,sig,sta,sur","clp2,cmf2,pok2,sig2,sta2,sur2","clp2:45,cmf2:39,pok2:38,sig2:47,sta2:38,sur2:35"
"ROM/41/123.DAT","35088","8","0","6","6","","ang,blu,nod,pan,ups,why","ang2,blu2,nod2,pan2,ups2,why2","ang2:39,blu2:39,nod2:18,pan2:41,ups2:43,why2:39"
"ROM/41/126.DAT","43376","10","0","8","6","","bow,kne,lau,poi,sl,wee","bow2,kne2,lau2,poi2,sl12,sl22,sl32,wee2","bow2:39,kne2:66,lau2:45,poi2:30,sl12:43,sl22:43,sl32:47,wee2:48"
"ROM/42/0.DAT","29360","8","0","6","6","","clp,cmf,pok,sig,sta,sur","clp2,cmf2,pok2,sig2,sta2,sur2","clp2:45,cmf2:39,pok2:38,sig2:47,sta2:38,sur2:35"
"ROM/42/1.DAT","23056","8","0","6","6","","ang,blu,nod,pan,ups,why","ang2,blu2,nod2,pan2,ups2,why2","ang2:39,blu2:39,nod2:18,pan2:41,ups2:43,why2:39"
"ROM/46/81.DAT","88688","9","0","7","6","","bow,kne,lau,poi,sl,wee","bow2,kne2,lau2,poi2,sl12,sl32,wee2","bow2:39,kne2:66,lau2:46,poi2:31,sl12:43,sl32:47,wee2:49"
"ROM/46/83.DAT","67088","8","0","6","6","","clp,cmf,pok,sig,sta,sur","clp2,cmf2,pok2,sig2,sta2,sur2","clp2:46,cmf2:41,pok2:39,sig2:46,sta2:39,sur2:36"
"ROM/46/84.DAT","61536","8","0","6","6","","ang,blu,nod,pan,ups,why","ang2,blu2,nod2,pan2,ups2,why2","ang2:41,blu2:41,nod2:18,pan2:41,ups2:41,why2:41"
"ROM/46/87.DAT","98224","10","0","8","6","","bow,kne,lau,poi,sl,wee","bow2,kne2,lau2,poi2,sl12,sl22,sl32,wee2","bow2:39,kne2:66,lau2:46,poi2:31,sl12:43,sl22:41,sl32:47,wee2:49"
"ROM/46/89.DAT","64896","8","0","6","6","","clp,cmf,pok,sig,sta,sur","clp2,cmf2,pok2,sig2,sta2,sur2","clp2:46,cmf2:41,pok2:39,sig2:46,sta2:39,sur2:36"
"ROM/46/90.DAT","60224","8","0","6","6","","ang,blu,nod,pan,ups,why","ang2,blu2,nod2,pan2,ups2,why2","ang2:41,blu2:41,nod2:18,pan2:41,ups2:41,why2:41"
"ROM/51/43.DAT","61856","10","0","8","6","","bow,kne,lau,poi,sl,wee","bow2,kne2,lau2,poi2,sl12,sl22,sl32,wee2","bow2:38,kne2:65,lau2:45,poi2:29,sl12:43,sl22:38,sl32:46,wee2:49"
"ROM/51/45.DAT","42960","8","0","6","6","","clp,cmf,pok,sig,sta,sur","clp2,cmf2,pok2,sig2,sta2,sur2","clp2:44,cmf2:41,pok2:38,sig2:49,sta2:37,sur2:35"
"ROM/51/46.DAT","39552","8","0","6","6","","ang,blu,nod,pan,ups,why","ang2,blu2,nod2,pan2,ups2,why2","ang2:41,blu2:42,nod2:17,pan2:41,ups2:40,why2:41"
"ROM/51/49.DAT","61856","10","0","8","6","","bow,kne,lau,poi,sl,wee","bow2,kne2,lau2,poi2,sl12,sl22,sl32,wee2","bow2:38,kne2:65,lau2:45,poi2:29,sl12:43,sl22:38,sl32:46,wee2:49"
"ROM/51/51.DAT","42848","8","0","6","6","","clp,cmf,pok,sig,sta,sur","clp2,cmf2,pok2,sig2,sta2,sur2","clp2:44,cmf2:41,pok2:38,sig2:49,sta2:37,sur2:35"
"ROM/51/52.DAT","39552","8","0","6","6","","ang,blu,nod,pan,ups,why","ang2,blu2,nod2,pan2,ups2,why2","ang2:41,blu2:42,nod2:17,pan2:41,ups2:40,why2:41"
"ROM/51/77.DAT","61696","10","0","8","6","","bow,kne,lau,poi,sl,wee","bow2,kne2,lau2,poi2,sl12,sl22,sl32,wee2","bow2:38,kne2:65,lau2:45,poi2:29,sl12:43,sl22:38,sl32:46,wee2:49"
"ROM/51/79.DAT","42960","8","0","6","6","","clp,cmf,pok,sig,sta,sur","clp2,cmf2,pok2,sig2,sta2,sur2","clp2:44,cmf2:41,pok2:38,sig2:49,sta2:37,sur2:35"
"ROM/51/80.DAT","40016","8","0","6","6","","ang,blu,nod,pan,ups,why","ang2,blu2,nod2,pan2,ups2,why2","ang2:41,blu2:42,nod2:17,pan2:41,ups2:41,why2:41"
"ROM/51/83.DAT","61696","10","0","8","6","","bow,kne,lau,poi,sl,wee","bow2,kne2,lau2,poi2,sl12,sl22,sl32,wee2","bow2:38,kne2:65,lau2:45,poi2:29,sl12:43,sl22:38,sl32:46,wee2:49"
"ROM/51/85.DAT","42848","8","0","6","6","","clp,cmf,pok,sig,sta,sur","clp2,cmf2,pok2,sig2,sta2,sur2","clp2:44,cmf2:41,pok2:38,sig2:49,sta2:37,sur2:35"
"ROM/51/86.DAT","40016","8","0","6","6","","ang,blu,nod,pan,ups,why","ang2,blu2,nod2,pan2,ups2,why2","ang2:41,blu2:42,nod2:17,pan2:41,ups2:41,why2:41"
"ROM/56/47.DAT","77712","10","0","8","6","","bow,kne,lau,poi,sl,wee","bow2,kne2,lau2,poi2,sl12,sl22,sl32,wee2","bow2:39,kne2:66,lau2:46,poi2:31,sl12:43,sl22:41,sl32:47,wee2:49"
"ROM/56/49.DAT","53328","8","0","6","6","","clp,cmf,pok,sig,sta,sur","clp2,cmf2,pok2,sig2,sta2,sur2","clp2:46,cmf2:39,pok2:39,sig2:46,sta2:39,sur2:36"
"ROM/56/50.DAT","48912","8","0","6","6","","ang,blu,nod,pan,ups,why","ang2,blu2,nod2,pan2,ups2,why2","ang2:43,blu2:39,nod2:18,pan2:41,ups2:39,why2:39"
"ROM/56/53.DAT","77504","10","0","8","6","","bow,kne,lau,poi,sl,wee","bow2,kne2,lau2,poi2,sl12,sl22,sl32,wee2","bow2:39,kne2:66,lau2:46,poi2:31,sl12:43,sl22:41,sl32:47,wee2:49"
"ROM/56/55.DAT","51792","8","0","6","6","","clp,cmf,pok,sig,sta,sur","clp2,cmf2,pok2,sig2,sta2,sur2","clp2:46,cmf2:39,pok2:39,sig2:46,sta2:39,sur2:36"
"ROM/56/56.DAT","48848","8","0","6","6","","ang,blu,nod,pan,ups,why","ang2,blu2,nod2,pan2,ups2,why2","ang2:43,blu2:39,nod2:18,pan2:41,ups2:39,why2:39"
"ROM/61/14.DAT","72512","10","0","8","6","","bow,kne,lau,poi,sl,wee","bow2,kne2,lau2,poi2,sl12,sl22,sl32,wee2","bow2:39,kne2:66,lau2:46,poi2:31,sl12:43,sl22:41,sl32:47,wee2:49"
"ROM/61/16.DAT","45136","8","0","6","6","","clp,cmf,pok,sig,sta,sur","clp2,cmf2,pok2,sig2,sta2,sur2","clp2:46,cmf2:41,pok2:39,sig2:47,sta2:39,sur2:36"
"ROM/61/17.DAT","32368","8","0","6","6","","ang,blu,nod,pan,ups,why","ang2,blu2,nod2,pan2,ups2,why2","ang2:41,blu2:41,nod2:18,pan2:41,ups2:41,why2:41"
"ROM/61/20.DAT","75792","10","0","8","6","","bow,kne,lau,poi,sl,wee","bow2,kne2,lau2,poi2,sl12,sl22,sl32,wee2","bow2:39,kne2:66,lau2:46,poi2:31,sl12:43,sl22:41,sl32:47,wee2:49"
"ROM/61/22.DAT","49168","8","0","6","6","","clp,cmf,pok,sig,sta,sur","clp2,cmf2,pok2,sig2,sta2,sur2","clp2:46,cmf2:41,pok2:39,sig2:47,sta2:39,sur2:36"
"ROM/61/23.DAT","45152","8","0","6","6","","ang,blu,nod,pan,ups,why","ang2,blu2,nod2,pan2,ups2,why2","ang2:41,blu2:41,nod2:18,pan2:41,ups2:41,why2:41"
"ROM/42/5.DAT","89072","7","0","5","5","","mvb,mvl,mvr,run,wlk","mvb1,mvl1,mvr1,run1,wlk1","mvb1:19,mvl1:13,mvr1:13,run1:13,wlk1:17"
"ROM/42/6.DAT","90160","7","0","5","5","","mvb,mvl,mvr,run,wlk","mvb1,mvl1,mvr1,run1,wlk1","mvb1:19,mvl1:13,mvr1:13,run1:13,wlk1:17"
"ROM/32/50.DAT","26544","6","0","4","4","","fum,gut,rs,thk","fum2,gut2,rs02,thk2","fum2:41,gut2:39,rs02:15,thk2:49"
"ROM/32/56.DAT","23616","6","0","4","4","","fum,gut,rs,thk","fum2,gut2,rs02,thk2","fum2:41,gut2:39,rs02:15,thk2:49"
"ROM/37/23.DAT","25056","6","0","4","4","","fum,gut,rs,thk","fum2,gut2,rs02,thk2","fum2:41,gut2:37,rs02:9,thk2:50"
"ROM/37/29.DAT","35360","6","0","4","4","","fum,gut,rs,thk","fum2,gut2,rs02,thk2","fum2:41,gut2:37,rs02:9,thk2:50"
"ROM/41/124.DAT","25664","6","0","4","4","","fum,gut,rs,thk","fum2,gut2,rs02,thk2","fum2:43,gut2:39,rs02:31,thk2:51"
"ROM/42/2.DAT","14928","6","0","4","4","","fum,gut,rs,thk","fum2,gut2,rs02,thk2","fum2:43,gut2:39,rs02:31,thk2:51"
"ROM/46/85.DAT","40000","6","0","4","4","","fum,gut,rs,thk","fum2,gut2,rs02,thk2","fum2:41,gut2:39,rs02:13,thk2:49"
"ROM/46/91.DAT","38272","6","0","4","4","","fum,gut,rs,thk","fum2,gut2,rs02,thk2","fum2:41,gut2:39,rs02:13,thk2:49"
"ROM/51/47.DAT","26320","6","0","4","4","","fum,gut,rs,thk","fum2,gut2,rs02,thk2","fum2:41,gut2:37,rs02:23,thk2:50"
"ROM/51/53.DAT","26320","6","0","4","4","","fum,gut,rs,thk","fum2,gut2,rs02,thk2","fum2:41,gut2:37,rs02:23,thk2:50"
"ROM/51/81.DAT","26320","6","0","4","4","","fum,gut,rs,thk","fum2,gut2,rs02,thk2","fum2:41,gut2:37,rs02:23,thk2:50"
"ROM/51/87.DAT","26320","6","0","4","4","","fum,gut,rs,thk","fum2,gut2,rs02,thk2","fum2:41,gut2:37,rs02:23,thk2:50"
"ROM/56/51.DAT","29552","6","0","4","4","","fum,gut,rs,thk","fum2,gut2,rs02,thk2","fum2:41,gut2:39,rs02:16,thk2:49"
"ROM/56/57.DAT","29872","6","0","4","4","","fum,gut,rs,thk","fum2,gut2,rs02,thk2","fum2:41,gut2:39,rs02:16,thk2:49"
"ROM/61/18.DAT","26576","6","0","4","4","","fum,gut,rs,thk","fum2,gut2,rs02,thk2","fum2:41,gut2:39,rs02:9,thk2:49"
"ROM/61/24.DAT","29376","6","0","4","4","","fum,gut,rs,thk","fum2,gut2,rs02,thk2","fum2:41,gut2:39,rs02:9,thk2:49"
"ROM/32/51.DAT","16576","3","0","1","1","","def","def2","def2:91"
"ROM/32/57.DAT","12928","3","0","1","1","","def","def2","def2:91"
"ROM/37/24.DAT","8208","3","0","1","1","","def","def2","def2:91"
"ROM/37/30.DAT","23120","3","0","1","1","","def","def2","def2:91"
"ROM/41/125.DAT","18400","3","0","1","1","","def","def2","def2:91"
"ROM/42/3.DAT","15488","3","0","1","1","","def","def2","def2:91"
"ROM/46/86.DAT","24576","3","0","1","1","","def","def2","def2:91"
"ROM/46/92.DAT","23856","3","0","1","1","","def","def2","def2:91"
"ROM/51/48.DAT","4192","3","0","1","1","","def","def2","def2:91"
"ROM/51/54.DAT","14032","3","0","1","1","","def","def2","def2:91"
"ROM/51/82.DAT","4192","3","0","1","1","","def","def2","def2:91"
"ROM/51/88.DAT","14032","3","0","1","1","","def","def2","def2:91"
"ROM/56/52.DAT","8368","3","0","1","1","","def","def2","def2:91"
"ROM/56/58.DAT","15648","3","0","1","1","","def","def2","def2:91"
"ROM/61/19.DAT","19648","3","0","1","1","","def","def2","def2:91"
"ROM/61/25.DAT","14192","3","0","1","1","","def","def2","def2:91"
