chunk_offset,chunk_size,object_name,super_index,sub_index,material,sub_flag,vert_stride,vert_count,index_count,blend_flags,flags2,alpha_min,alpha_max,alpha_unique,color_samples,uv_bounds,bounds
9895584,150464,_con_fu013_h    ,0,0,model   con_f01c,2266,36,3659,6855,0,0,255,255,1,"[(33, 33, 33, 255), (61, 61, 61, 255), (70, 70, 70, 255), (77, 77, 77, 255), (79, 79, 79, 255), (84, 84, 84, 255), (89, 89, 89, 255), (91, 91, 91, 255)]","(0.00390625, 0.00390625, 0.99609375, 1.25)","(-5.773439884185791, -15.429800033569336, -5.773439884185791, 5.773439884185791, -0.0, 5.773439884185791)"
9895584,150464,_con_fu013_h    ,0,1,model   con_f01c,2266,36,124,199,8192,0,255,255,1,"[(102, 102, 102, 255), (114, 114, 114, 255), (128, 128, 128, 255)]","(0.00390625, 0.12890625, 0.99609375, 1.0)","(0.6320840120315552, -11.953499794006348, -4.003640174865723, 5.662010192871094, -1.2456799745559692, 2.157550096511841)"
10046048,135952,_con_fu013_m    ,0,0,model   con_f01c,2034,36,3423,6293,0,0,255,255,1,"[(33, 33, 33, 255), (70, 70, 70, 255), (77, 77, 77, 255), (79, 79, 79, 255), (89, 89, 89, 255), (98, 98, 98, 255), (99, 99, 99, 255), (102, 102, 102, 255)]","(0.00390625, 0.00390625, 0.99609375, 1.25)","(-5.773439884185791, -15.429800033569336, -5.773439884185791, 5.773439884185791, -0.0, 5.773439884185791)"
10182000,1184,_con_hana_01_h  ,0,0,model   con_f01c,0,48,20,42,8192,0,255,255,1,"[(128, 128, 128, 255)]","(0.50390625, 0.50390625, 0.80859375, 0.99609375)","(-0.09988799691200256, -0.2581019997596741, -0.09988799691200256, 0.09988799691200256, -0.0, 0.11098500341176987)"
10183184,288,_con_hana_01_m  ,0,0,model   con_f01c,2,36,4,4,8192,0,255,255,1,"[(128, 128, 128, 255)]","(0.50390625, 0.50390625, 0.62109375, 0.62109375)","(-0.08092399686574936, -0.2581019997596741, -0.05046899989247322, 0.08092399686574936, -0.24681399762630463, 0.11098500341176987)"
10183472,1184,_con_hana_02_h  ,0,0,model   con_f01c,0,48,20,42,8192,0,255,255,1,"[(128, 128, 128, 255)]","(0.50390625, 0.75390625, 0.80859375, 0.99609375)","(-0.09988799691200256, -0.2581019997596741, -0.09988799691200256, 0.09988799691200256, -0.0, 0.11098500341176987)"
10184656,288,_con_hana_02_m  ,0,0,model   con_f01c,2,36,4,4,8192,0,255,255,1,"[(128, 128, 128, 255)]","(0.50390625, 0.75390625, 0.62109375, 0.87109375)","(-0.08092399686574936, -0.2581019997596741, -0.05046899989247322, 0.08092399686574936, -0.24681399762630463, 0.11098500341176987)"
10184944,1184,_con_hana_03_h  ,0,0,model   con_f01c,0,48,20,42,8192,0,255,255,1,"[(128, 128, 128, 255)]","(0.50390625, 0.62890625, 0.80859375, 0.99609375)","(-0.09988799691200256, -0.2581019997596741, -0.09988799691200256, 0.09988799691200256, -0.0, 0.11098500341176987)"
10186128,288,_con_hana_03_m  ,0,0,model   con_f01c,2,36,4,4,8192,0,255,255,1,"[(128, 128, 128, 255)]","(0.62890625, 0.62890625, 0.7265625, 0.74609375)","(-0.08092399686574936, -0.2581019997596741, -0.05046899989247322, 0.08092399686574936, -0.24681399762630463, 0.11098500341176987)"
10186416,1184,_con_hana_04_h  ,0,0,model   con_f01c,0,48,20,42,8192,0,255,255,1,"[(128, 128, 128, 255)]","(0.50390625, 0.5078125, 0.80859375, 0.99609375)","(-0.09988799691200256, -0.2581019997596741, -0.09988799691200256, 0.09988799691200256, -0.0, 0.11098500341176987)"
10187600,288,_con_hana_04_m  ,0,0,model   con_f01c,2,36,4,4,8192,0,255,255,1,"[(128, 128, 128, 255)]","(0.62890625, 0.5078125, 0.7265625, 0.62109375)","(-0.08092399686574936, -0.2581019997596741, -0.05046899989247322, 0.08092399686574936, -0.24681399762630463, 0.11098500341176987)"
10187888,1184,_con_hana_05_h  ,0,0,model   con_f01c,0,48,20,42,8192,0,255,255,1,"[(128, 128, 128, 255)]","(0.40625, 0.5703125, 0.80859375, 0.99609375)","(-0.09988799691200256, -0.2581019997596741, -0.09988799691200256, 0.09988799691200256, -0.0, 0.11098500341176987)"
10189072,288,_con_hana_05_m  ,0,0,model   con_f01c,2,36,4,4,8192,0,255,255,1,"[(128, 128, 128, 255)]","(0.40625, 0.5703125, 0.49609375, 0.68359375)","(-0.08092399686574936, -0.2581019997596741, -0.05046899989247322, 0.08092399686574936, -0.24681399762630463, 0.11098500341176987)"
10189360,1184,_con_hana_06_h  ,0,0,model   con_f01c,0,48,20,42,8192,0,255,255,1,"[(128, 128, 128, 255), (172, 51, 22, 255)]","(0.40625, 0.5703125, 0.80859375, 0.99609375)","(-0.09988799691200256, -0.2581019997596741, -0.09988799691200256, 0.09988799691200256, -0.0, 0.11098500341176987)"
10190544,288,_con_hana_06_m  ,0,0,model   con_f01c,2,36,4,4,8192,0,255,255,1,"[(163, 67, 48, 255)]","(0.40625, 0.5703125, 0.49609375, 0.68359375)","(-0.08092399686574936, -0.2581019997596741, -0.05046899989247322, 0.08092399686574936, -0.24681399762630463, 0.11098500341176987)"
10190832,29728,_con_w03_h      ,0,0,model   con_w03c,0,48,366,996,0,0,255,255,1,"[(79, 79, 79, 255), (84, 84, 84, 255), (98, 98, 98, 255), (104, 104, 104, 255), (105, 105, 105, 255), (112, 112, 112, 255), (118, 118, 118, 255), (128, 128, 128, 255)]","(0.50390625, 0.00390625, 0.99609375, 0.99609375)","(-3.0163700580596924, -12.307900428771973, -2.655980110168457, 2.3269500732421875, -0.0, 2.728950023651123)"
10190832,29728,_con_w03_h      ,0,1,model   con_w03c,0,48,196,294,8192,0,255,255,1,"[(73, 73, 73, 255), (128, 128, 128, 255), (135, 135, 135, 255), (142, 142, 142, 255), (172, 172, 172, 255)]","(0.00390625, 0.00390625, 0.4921875, 0.4921875)","(-6.841040134429932, -19.128299713134766, -7.491079807281494, 6.885590076446533, -4.35359001159668, 6.918610095977783)"
10220560,10544,_con_w03_l      ,0,0,model   con_w03c,145,36,266,411,8192,0,255,255,1,"[(73, 73, 73, 255), (79, 79, 79, 255), (84, 84, 84, 255), (128, 128, 128, 255), (135, 135, 135, 255), (142, 142, 142, 255), (172, 172, 172, 255)]","(0.00390625, 0.00390625, 0.99609375, 0.99609375)","(-6.841040134429932, -19.128299713134766, -7.491079807281494, 6.885590076446533, -0.0, 6.918610095977783)"
10231104,19312,_con_w03_m      ,0,0,model   con_w03c,321,36,292,499,0,0,255,255,1,"[(79, 79, 79, 255), (84, 84, 84, 255), (105, 105, 105, 255), (128, 128, 128, 255), (142, 142, 142, 255)]","(0.50390625, 0.00390625, 0.99609375, 0.99609375)","(-3.0163700580596924, -12.307900428771973, -2.655980110168457, 2.3269500732421875, -0.0, 2.728950023651123)"
10231104,19312,_con_w03_m      ,0,1,model   con_w03c,321,36,196,292,8192,0,255,255,1,"[(73, 73, 73, 255), (128, 128, 128, 255), (135, 135, 135, 255), (142, 142, 142, 255), (172, 172, 172, 255)]","(0.00390625, 0.00390625, 0.4921875, 0.4921875)","(-6.841040134429932, -19.128299713134766, -7.491079807281494, 6.885590076446533, -4.35359001159668, 6.918610095977783)"
10250416,9536,_con_w04_h      ,0,0,model   con_w03c,0,48,181,351,8192,0,255,255,1,"[(63, 63, 63, 255), (70, 70, 70, 255), (128, 128, 128, 255), (137, 137, 137, 255), (142, 142, 142, 255), (165, 165, 165, 255)]","(0.00390625, 0.00390625, 0.99609375, 0.99609375)","(-4.070670127868652, -14.33530044555664, -3.863100051879883, 3.5799999237060547, -0.0, 3.445859909057617)"
10259952,5216,_con_w04_m      ,0,0,model   con_w03c,72,36,129,211,8192,0,255,255,1,"[(63, 63, 63, 255), (70, 70, 70, 255), (128, 128, 128, 255), (137, 137, 137, 255), (142, 142, 142, 255), (165, 165, 165, 255)]","(0.00390625, 0.00390625, 0.99609375, 0.99609375)","(-4.070670127868652, -14.33530044555664, -3.863100051879883, 3.5799999237060547, -0.0, 3.445859909057617)"
10265168,34160,_con_w05_h      ,0,0,model   con_w03c,0,48,652,1359,8192,0,255,255,1,"[(47, 47, 47, 255), (63, 63, 63, 255), (73, 73, 73, 255), (79, 79, 79, 255), (86, 86, 86, 255), (92, 92, 92, 255), (98, 98, 98, 255), (99, 99, 99, 255)]","(0.00390625, 0.00390625, 0.99609375, 0.99609375)","(-6.9588398933410645, -26.316699981689453, -5.753180027008057, 6.178810119628906, -0.0, 6.773990154266357)"
10299328,15728,_con_w05_l      ,0,0,model   con_w03c,207,36,399,613,8192,0,255,255,1,"[(47, 47, 47, 255), (63, 63, 63, 255), (73, 73, 73, 255), (79, 79, 79, 255), (98, 98, 98, 255), (110, 110, 110, 255), (128, 128, 128, 255), (156, 172, 89, 255)]","(0.00390625, 0.00390625, 0.99609375, 0.99609375)","(-6.9588398933410645, -26.316699981689453, -5.753180027008057, 6.178810119628906, -0.0, 6.773990154266357)"
10315056,21248,_con_w05_m      ,0,0,model   con_w03c,321,36,540,833,8192,0,255,255,1,"[(47, 47, 47, 255), (63, 63, 63, 255), (73, 73, 73, 255), (79, 79, 79, 255), (98, 98, 98, 255), (110, 110, 110, 255), (128, 128, 128, 255), (156, 172, 89, 255)]","(0.00390625, 0.00390625, 0.99609375, 0.99609375)","(-6.9588398933410645, -26.316699981689453, -5.753180027008057, 6.178810119628906, -0.0, 6.773990154266357)"
10336304,20880,_con_w06_h      ,0,0,model   con_w03c,0,48,402,723,8192,0,255,255,1,"[(54, 54, 54, 255), (63, 63, 63, 255), (70, 70, 70, 255), (84, 84, 84, 255), (128, 128, 128, 255), (165, 165, 165, 255)]","(0.01171875, 0.00390625, 0.99609375, 0.99609375)","(-5.761899948120117, -10.137800216674805, -5.07790994644165, 5.796480178833008, -0.0, 5.096049785614014)"
10357184,9616,_con_w06_m      ,0,0,model   con_w03c,137,36,242,383,8192,0,255,255,1,"[(54, 54, 54, 255), (63, 63, 63, 255), (70, 70, 70, 255), (84, 84, 84, 255), (128, 128, 128, 255), (165, 165, 165, 255)]","(0.01171875, 0.00390625, 0.99609375, 0.99609375)","(-5.761899948120117, -10.137800216674805, -5.07790994644165, 5.796480178833008, -0.0, 5.096049785614014)"
10366800,10512,_con_w09_h      ,0,0,model   con_w03c,0,48,88,207,0,0,255,255,1,"[(64, 64, 64, 255), (84, 84, 84, 255), (128, 128, 128, 255)]","(0.50390625, 0.00390625, 0.99609375, 0.99609375)","(-0.7153970003128052, -2.4018099308013916, -0.3681670129299164, 0.7718070149421692, -0.0, 0.5937650203704834)"
10366800,10512,_con_w09_h      ,0,1,model   con_w03c,0,48,112,168,8192,0,255,255,1,"[(51, 51, 51, 255), (71, 110, 96, 255), (107, 117, 50, 255)]","(0.00390625, 0.00390625, 0.49609375, 0.49609375)","(-1.9917000532150269, -4.414629936218262, -1.9457600116729736, 2.120650053024292, -0.3911289870738983, 1.9551700353622437)"
10377312,5360,_con_w09_m      ,0,0,model   con_w03c,73,36,57,91,0,0,255,255,1,"[(63, 63, 63, 255), (128, 128, 128, 255)]","(0.50390625, 0.00390625, 0.9375, 0.99609375)","(-0.7153970003128052, -2.4018099308013916, -0.3681670129299164, 0.7718070149421692, -0.0, 0.5937650203704834)"
10377312,5360,_con_w09_m      ,0,1,model   con_w03c,73,36,76,112,8192,0,255,255,1,"[(51, 51, 51, 255), (70, 110, 96, 255), (107, 117, 49, 255)]","(0.00390625, 0.00390625, 0.49609375, 0.49609375)","(-1.9283299446105957, -4.414629936218262, -1.9457600116729736, 1.9485299587249756, -0.5082340240478516, 1.8801499605178833)"
10382672,20592,_h_roa_co1_m    ,0,0,model   con_h01c,270,36,523,811,0,0,255,255,1,"[(128, 128, 128, 255), (135, 108, 86, 255), (156, 87, 112, 255), (156, 115, 92, 255)]","(0.00390625, 0.0078125, 1.99609375, 1.9921875)","(-20.0, -0.75, -20.0, 20.0, 1.0, 20.0)"
10403264,20528,_h_roa_ed1_m    ,0,0,model   con_h01c,276,36,520,831,0,0,255,255,1,"[(68, 130, 128, 255), (86, 83, 130, 255), (97, 128, 128, 255), (122, 121, 122, 255), (128, 128, 128, 255)]","(0.00390625, 0.0078125, 1.24609375, 1.9921875)","(-20.0, -0.5, -20.0, 20.0, 1.5, 20.0)"
10423792,16736,_h_roa_st1_m    ,0,0,model   con_h01c,224,36,424,667,0,0,255,255,1,"[(52, 112, 142, 255), (68, 130, 128, 255), (82, 82, 128, 255), (86, 82, 130, 255), (128, 128, 128, 255), (156, 86, 112, 255), (156, 114, 91, 255)]","(0.0039059999398887157, 0.007812023162841797, 1.246093988418579, 1.9921879768371582)","(-20.0, -0.5, -20.0, 20.0, 2.125, 20.0)"
10440528,10640,_h_roasla_co1_m ,0,0,model   con_h01c,146,36,267,445,0,0,255,255,1,"[(128, 128, 128, 255)]","(0.00390625, 0.0078125, 1.24609375, 1.9921875)","(-20.0, -8.25, -20.0, 20.0, -0.0, 20.0)"
10451168,20528,_h_roasla_st1_m ,0,0,model   con_h01c,274,36,520,829,0,0,255,255,1,"[(53, 112, 143, 255), (68, 130, 128, 255), (70, 123, 128, 255), (128, 128, 128, 255)]","(0.00390625, 0.0078125, 1.24609375, 1.9921875)","(-20.0, -8.0, -20.0, 20.0, 0.5, 20.0)"
10471696,18736,_h_sla_coi1_m   ,0,0,model   con_h01c,248,36,475,743,0,0,255,255,1,"[(82, 83, 128, 255), (128, 128, 128, 255)]","(0.00390625, 0.0078125, 1.24609375, 1.9921875)","(-20.0, -8.0, -20.0, 20.0, 1.0, 20.0)"
10490432,14464,_h_sla_coo1_m   ,0,0,model   con_h01c,196,36,365,593,0,0,255,255,1,"[(68, 130, 128, 255), (82, 83, 128, 255), (128, 128, 128, 255), (135, 108, 86, 255)]","(0.00390625, 0.0078125, 1.24609375, 1.9921875)","(-20.0, -9.5, -20.0, 20.0, -5.5, 20.0)"
10504896,16704,_h_sla_do1_m    ,0,0,model   con_h01c,230,36,421,699,0,0,255,255,1,"[(53, 112, 143, 255), (68, 130, 128, 255), (70, 123, 128, 255), (82, 83, 128, 255), (128, 128, 128, 255), (135, 108, 86, 255), (156, 87, 112, 255), (156, 115, 92, 255)]","(0.00390625, 0.0078125, 1.24609375, 1.9921875)","(-20.0, -16.25, -20.0, 20.0, -4.5, 20.0)"
10521600,16368,_h_sla_st1_m    ,0,0,model   con_h01c,226,36,413,681,0,0,255,255,1,"[(82, 83, 128, 255), (128, 128, 128, 255)]","(0.00390625, 0.0078125, 1.24609375, 1.9921875)","(-20.0, -9.25, -20.0, 20.0, 1.0, 20.0)"
10537968,17520,_h_slab_joa1_m  ,0,0,model   con_h01c,236,36,443,711,0,0,255,255,1,"[(68, 130, 128, 255), (128, 128, 128, 255)]","(0.00390625, 0.0078125, 1.24609375, 1.9921875)","(-20.0, -13.5, -20.0, 20.0, 0.10000000149011612, 20.0)"
10555488,19952,_h_slab_job1_m  ,0,0,model   con_h01c,266,36,506,799,0,0,255,255,1,"[(53, 112, 143, 255), (70, 123, 128, 255), (82, 83, 128, 255), (128, 128, 128, 255), (132, 129, 179, 255), (135, 108, 86, 255), (156, 87, 112, 255)]","(0.00390625, 0.0078125, 1.24609375, 1.9921875)","(-20.0, -16.0, -20.0, 20.0, -4.050000190734863, 20.0)"
10575440,14144,_h_slab_joc1_m  ,0,0,model   con_h01c,180,36,359,538,0,0,255,255,1,"[(68, 130, 128, 255), (82, 83, 128, 255), (128, 128, 128, 255), (132, 129, 179, 255), (135, 108, 86, 255)]","(0.00390625, 0.0078125, 1.24609375, 1.9921875)","(-20.0, -16.5, -20.0, 20.0, -4.5, 20.0)"
10589584,14032,_h_slb_coi1_m   ,0,0,model   con_h01c,190,36,354,573,0,0,255,255,1,"[(128, 128, 128, 255), (132, 129, 179, 255), (135, 108, 86, 255), (156, 87, 112, 255)]","(0.00390625, 0.0078125, 1.24609375, 1.9921875)","(-20.0, -16.0, -12.5, 20.0, 0.6000000238418579, 20.0)"
10603616,32400,_h_slb_coo1_m   ,0,0,model   con_h01c,428,36,824,1295,0,0,255,255,1,"[(53, 112, 143, 255), (68, 130, 128, 255), (128, 128, 128, 255), (132, 129, 179, 255)]","(0.00390625, 0.0078125, 1.24609375, 1.9921875)","(-20.0, -17.75, -20.0, 20.0, -0.375, 20.0)"
10636016,24848,_h_slb_st1_m    ,0,0,model   con_h01c,336,36,630,1013,0,0,255,255,1,"[(82, 83, 128, 255), (128, 128, 128, 255), (135, 108, 86, 255), (156, 87, 112, 255)]","(0.00390625, 0.0078125, 1.24609375, 1.9921875)","(-20.0, -16.5, -20.0, 20.0, 0.30000001192092896, 20.0)"
10660864,3616,_kusa_01d       ,0,0,model   kusa_02c,0,48,68,102,8192,0,255,255,1,"[(102, 159, 128, 255), (128, 128, 128, 255)]","(0.203125, 0.0078125, 2.7421875, 0.9921875)","(-1.7350599765777588, -0.9223819971084595, -0.9050220251083374, 1.199049949645996, 0.16277700662612915, 1.5428600311279297)"
10664480,2176,_kusa_02d       ,0,0,model   kusa_02c,0,48,40,60,8192,0,255,255,1,"[(102, 159, 128, 255), (128, 128, 128, 255)]","(0.203125, 0.0078125, 2.7421875, 0.9921875)","(-1.2239400148391724, -0.7849969863891602, -0.6733130216598511, 0.8137360215187073, 0.16277700662612915, 0.597104012966156)"
10666656,1360,_kusa_03d       ,0,0,model   kusa_02c,0,48,24,36,8192,0,255,255,1,"[(102, 159, 128, 255), (128, 128, 128, 255)]","(0.203125, 0.0078125, 2.7421875, 0.9921875)","(-0.8445240259170532, -0.956466019153595, -0.2807439863681793, 0.7099779844284058, 0.16277700662612915, 0.6912959814071655)"
10668016,6080,con_baketu_m    ,0,0,model   komono_2,116,36,150,269,0,0,255,255,1,"[(128, 128, 128, 255)]","(0.0078125, 0.015625, 0.9921875, 0.53125)","(-0.2191919982433319, -0.44544199109077454, -0.23660199344158173, 0.23821599781513214, -0.0, 0.23660199344158173)"
10674096,10768,con_box_m       ,0,0,model   komono_2,140,36,272,413,0,0,255,255,1,"[(128, 128, 128, 255)]","(0.0078125, 0.0078125, 0.9921875, 0.984375)","(-0.4213150143623352, -0.574999988079071, -0.602895975112915, 0.4394780099391937, -0.0, 0.602895975112915)"
10684864,16720,con_ciwa_m      ,0,0,model   con_wi1 ,230,36,124,193,0,0,255,255,1,"[(128, 128, 128, 255)]","(0.001953125, 0.00390625, 0.998046875, 0.99609375)","(2.68887996673584, -9.25, 3.564500093460083, 16.98579978942871, -1.75, 20.62969970703125)"
10684864,16720,con_ciwa_m      ,0,1,model   con_wk1 ,230,36,134,231,0,0,255,255,1,"[(128, 128, 128, 255)]","(0.00390625, 0.00390625, 0.99609375, 0.99609375)","(-0.1603740006685257, -9.25, 1.6236499547958374, 20.0, 0.20000000298023224, 21.623600006103516)"
10684864,16720,con_ciwa_m      ,0,2,model   con_frg1,230,36,39,71,0,0,255,255,1,"[(128, 128, 128, 255)]","(0.001953125, 0.25, 0.873046875, 0.99609375)","(5.215779781341553, -9.25, 6.040860176086426, 20.0, 0.20000000298023224, 18.0403995513916)"
10684864,16720,con_ciwa_m      ,0,3,model   con_frg2,230,36,12,16,0,0,255,255,1,"[(128, 128, 128, 255)]","(0.0078125, 0.00390625, 0.9921875, 0.99609375)","(-0.16037499904632568, -9.0, 3.623660087585449, 13.539600372314453, -0.10000000149011612, 21.623600006103516)"
10684864,16720,con_ciwa_m      ,0,4,model   con_fsg1,230,36,4,4,0,0,255,255,1,"[(128, 128, 128, 255)]","(0.625, 0.001953125, 0.875, 0.125)","(-0.16037499904632568, -4.199999809265137, 5.623650074005127, 0.9017980098724365, -2.0, 9.906999588012695)"
10684864,16720,con_ciwa_m      ,0,5,model   con_wk1 ,230,36,11,13,32768,0,0,128,2,"[(128, 128, 128, 0), (128, 128, 128, 128)]","(0.25390625, 0.00390625, 0.99609375, 0.74609375)","(0.9017969965934753, -4.349999904632568, 3.0085599422454834, 6.325429916381836, -2.5999999046325684, 9.906999588012695)"
10684864,16720,con_ciwa_m      ,0,6,model   con_frg1,230,36,27,43,32768,0,0,128,3,"[(128, 128, 128, 0), (128, 128, 128, 126), (128, 128, 128, 128)]","(0.125, 0.2421875, 0.873046875, 0.75)","(5.215779781341553, -9.0, 5.790860176086426, 14.810500144958496, -3.5, 16.74049949645996)"
10684864,16720,con_ciwa_m      ,0,7,model   con_fgg1,230,36,31,61,32768,0,126,128,2,"[(128, 128, 128, 126), (128, 128, 128, 128)]","(0.00390625, 0.25, 1.5, 0.75)","(13.16349983215332, -4.25, 7.669139862060547, 18.772899627685547, -1.5, 17.736099243164062)"
10684864,16720,con_ciwa_m      ,0,8,model   con_wi1 ,230,36,35,52,32768,0,0,128,2,"[(128, 128, 128, 0), (128, 128, 128, 128)]","(0.126953125, 0.00390625, 0.748046875, 0.99609375)","(0.9017980098724365, -9.25, 4.525300025939941, 14.414999961853027, -2.200000047683716, 20.62969970703125)"
10701584,83952,con_fu02_h      ,0,0,model   par_cwa1,1098,36,1652,2476,0,0,255,255,1,"[(128, 128, 128, 255)]","(0.0078125, 0.0078125, 2.9921875, 0.6171875)","(-9.990699768066406, -9.990699768066406, -0.0, 9.990699768066406, 9.990699768066406, 2.4728400707244873)"
10701584,83952,con_fu02_h      ,0,1,model   con_ho01,1098,36,496,753,0,0,255,255,1,"[(128, 128, 128, 255)]","(0.0078125, 0.0078125, 0.9921875, 1.9921875)","(-9.856240272521973, -9.854909896850586, 1.6168099641799927, 9.854880332946777, 9.856149673461914, 2.5262200832366943)"
10785536,3344,con_hemp_m      ,0,0,model   komono_2,116,36,76,229,0,0,255,255,1,"[(77, 77, 77, 255), (128, 128, 128, 255)]","(0.4453125, 0.015625, 0.6796875, 0.734375)","(-0.45458200573921204, -0.3996959924697876, -0.639968991279602, 0.4360159933567047, 0.014624999836087227, 0.6535739898681641)"
10788880,9760,con_koiwa01_m   ,0,0,model   con_wi1 ,153,36,94,177,0,0,255,255,1,"[(128, 128, 128, 255)]","(0.001953125, 0.00390625, 0.75, 0.99609375)","(16.625200271606445, -7.0, -7.45265007019043, 25.073200225830078, -1.2999999523162842, 2.684950113296509)"
10788880,9760,con_koiwa01_m   ,0,1,model   con_frg1,153,36,12,19,0,0,255,255,1,"[(128, 128, 128, 255)]","(0.625, 0.25, 0.875, 0.74609375)","(20.0044002532959, -7.0, -8.642250061035156, 23.38360023498535, -2.0, -3.657520055770874)"
10788880,9760,con_koiwa01_m   ,0,2,model   con_wk1 ,153,36,55,95,0,0,255,255,1,"[(128, 128, 128, 255)]","(0.00390625, 0.5, 0.99609375, 0.99609375)","(16.0, -4.5, -9.573450088500977, 26.0044002532959, 0.800000011920929, 3.999959945678711)"
10788880,9760,con_koiwa01_m   ,0,3,model   con_fsg1,153,36,5,5,0,0,255,255,1,"[(128, 128, 128, 255)]","(0.876953125, 0.876953125, 0.998046875, 0.998046875)","(18.50349998474121, -6.25, -0.9822009801864624, 20.23699951171875, -5.050000190734863, 1.6931099891662598)"
10788880,9760,con_koiwa01_m   ,0,4,model   con_frg1,153,36,19,41,32768,0,0,128,4,"[(128, 128, 128, 0), (128, 128, 128, 63), (128, 128, 128, 126), (128, 128, 128, 128)]","(0.626953125, 0.25390625, 0.873046875, 0.74609375)","(16.8794002532959, -7.0, -8.642250061035156, 22.91230010986328, -0.0, 1.6931099891662598)"
10788880,9760,con_koiwa01_m   ,0,5,model   con_wi1 ,153,36,55,87,32768,0,0,128,3,"[(128, 128, 128, 0), (128, 128, 128, 126), (128, 128, 128, 128)]","(0.001953125, 0.25390625, 0.748046875, 0.99609375)","(16.8794002532959, -7.0, -7.45265007019043, 26.0044002532959, 0.5, 1.465999960899353)"
10798640,7968,con_koiwa02_m   ,0,0,model   con_frg1,133,36,31,73,0,0,255,255,1,"[(128, 128, 128, 255)]","(0.625, 0.25, 0.875, 0.74609375)","(3.8211300373077393, -7.0, -14.864100456237793, 10.20680046081543, -2.0, -7.1297101974487305)"
10798640,7968,con_koiwa02_m   ,0,1,model   con_frg2,133,36,10,17,0,0,255,255,1,"[(128, 128, 128, 255)]","(0.5078125, 0.50390625, 0.9921875, 0.99609375)","(8.123990058898926, -6.75, -13.591099739074707, 11.54259967803955, -5.75, -9.327400207519531)"
10798640,7968,con_koiwa02_m   ,0,2,model   con_wi1 ,133,36,73,141,0,0,255,255,1,"[(128, 128, 128, 255)]","(0.001953125, 0.00390625, 0.75, 0.75)","(3.412450075149536, -6.5, -16.512100219726562, 12.596500396728516, -1.5, -8.14391040802002)"
10798640,7968,con_koiwa02_m   ,0,3,model   con_wk1 ,133,36,39,71,0,0,255,255,1,"[(128, 128, 128, 255)]","(0.00390625, 0.5, 0.99609375, 0.99609375)","(1.9682199954986572, -2.5, -17.32159996032715, 13.713700294494629, 0.5, -6.260059833526611)"
10798640,7968,con_koiwa02_m   ,0,4,model   con_frg1,133,36,33,59,32768,0,0,128,3,"[(128, 128, 128, 0), (128, 128, 128, 126), (128, 128, 128, 128)]","(0.626953125, 0.25, 0.873046875, 0.99609375)","(3.991610050201416, -7.0, -15.45110034942627, 10.735300064086914, -3.75, -9.327400207519531)"
10798640,7968,con_koiwa02_m   ,0,5,model   con_wi1 ,133,36,7,9,32768,0,126,128,2,"[(128, 128, 128, 126), (128, 128, 128, 128)]","(0.001953125, 0.00390625, 0.248046875, 0.99609375)","(7.20773983001709, -6.25, -12.216300010681152, 12.100600242614746, -1.75, -7.608920097351074)"
10806608,15632,con_koya_m      ,0,0,model   komono_1,216,36,392,685,0,0,254,255,2,"[(77, 77, 77, 254), (77, 77, 77, 255), (102, 102, 102, 255), (128, 128, 128, 254), (128, 128, 128, 255)]","(0.0078125, 0.0078125, 0.6796875, 1.0)","(-0.7365779876708984, -2.11929988861084, -2.200000047683716, 1.0409899950027466, -0.0, 2.200000047683716)"
10822240,61344,con_mo_jo1_m    ,0,0,model   con_wi1 ,1042,36,695,1397,0,0,128,128,1,"[(105, 105, 105, 128), (119, 119, 119, 128), (128, 128, 128, 128), (136, 136, 136, 128), (148, 148, 148, 128)]","(0.001953125, 0.00390625, 1.748046875, 1.99609375)","(-20.0, -44.5, -60.0, 20.0, -0.5, 20.0)"
10822240,61344,con_mo_jo1_m    ,0,1,model   con_fsg1,1042,36,157,275,0,0,128,128,1,"[(105, 105, 105, 128), (119, 119, 119, 128), (128, 128, 128, 128), (136, 136, 136, 128), (148, 148, 148, 128)]","(0.001953125, 0.251953125, 0.998046875, 1.125)","(-20.0, -44.5, -46.5, 20.0, 0.15299999713897705, 20.0)"
10822240,61344,con_mo_jo1_m    ,0,2,model   con_frg1,1042,36,200,339,0,0,128,128,1,"[(105, 105, 105, 128), (119, 119, 119, 128), (128, 128, 128, 128), (136, 136, 136, 128)]","(0.001953125, 0.00390625, 1.125, 1.99609375)","(-20.0, -43.60100173950195, -52.680999755859375, 20.0, 0.25, -1.7250100374221802)"
10822240,61344,con_mo_jo1_m    ,0,3,model   con_wk1 ,1042,36,291,559,0,0,128,128,1,"[(105, 105, 105, 128), (119, 119, 119, 128), (128, 128, 128, 128), (136, 136, 136, 128), (148, 148, 148, 128)]","(0.00390625, 0.0, 1.99609375, 1.75)","(-20.0, -44.150001525878906, -60.0, 20.0, -0.47099998593330383, 8.0)"
10822240,61344,con_mo_jo1_m    ,0,4,model   con_wk2 ,1042,36,65,96,0,0,128,128,1,"[(105, 105, 105, 128), (119, 119, 119, 128), (128, 128, 128, 128), (136, 136, 136, 128), (148, 148, 148, 128)]","(0.00390625, 0.0078125, 0.99609375, 0.9921875)","(-20.0, -16.570999145507812, -47.5, 20.0, -0.5, -7.456999778747559)"
10822240,61344,con_mo_jo1_m    ,0,5,model   con_frg2,1042,36,49,85,0,0,128,128,1,"[(105, 105, 105, 128), (119, 119, 119, 128), (128, 128, 128, 128), (136, 136, 136, 128), (148, 148, 148, 128)]","(0.0078125, 0.00390625, 0.9921875, 0.99609375)","(-16.038000106811523, -40.0, -44.358001708984375, 20.0, -0.12300000339746475, 8.0)"
10822240,61344,con_mo_jo1_m    ,0,6,model   con_fgg1,1042,36,15,25,0,0,128,128,1,"[(128, 128, 128, 128)]","(0.25, 0.25, 1.5, 1.5)","(-8.0, -1.0299999713897705, -40.25, 8.0, 0.15299999713897705, -15.76200008392334)"
10822240,61344,con_mo_jo1_m    ,0,7,model   con_frg1,1042,36,9,12,32768,0,0,126,2,"[(119, 119, 119, 0), (128, 128, 128, 0), (128, 128, 128, 126)]","(0.001953125, 0.25, 0.373046875, 1.99609375)","(-16.038000106811523, -1.6330000162124634, -44.358001708984375, 4.0, -0.0, -20.0)"
10822240,61344,con_mo_jo1_m    ,0,8,model   con_fgg1,1042,36,21,33,32768,0,0,128,3,"[(105, 105, 105, 128), (121, 121, 121, 126), (128, 128, 128, 0), (128, 128, 128, 126), (128, 128, 128, 128), (150, 150, 150, 128)]","(0.00390625, 0.25, 1.5, 1.25)","(-8.0, -6.491000175476074, -46.209999084472656, 11.987000465393066, -0.5, -11.871999740600586)"
10822240,61344,con_mo_jo1_m    ,0,9,model   con_wi1 ,1042,36,18,29,32768,0,0,128,3,"[(119, 119, 119, 126), (119, 119, 119, 128), (128, 128, 128, 0), (128, 128, 128, 126), (128, 128, 128, 128), (136, 136, 136, 126), (136, 136, 136, 128)]","(0.001953125, 0.00390625, 1.25, 1.5)","(-5.149990081787109, -7.400000095367432, -32.95600128173828, 16.0, -0.5, -10.37399959564209)"
10822240,61344,con_mo_jo1_m    ,0,10,model   con_wk1 ,1042,36,5,5,32768,0,0,126,2,"[(119, 119, 119, 0), (128, 128, 128, 0), (128, 128, 128, 126), (136, 136, 136, 126)]","(1.00390625, 0.25390625, 1.49609375, 0.74609375)","(-8.0, -4.25, -47.18199920654297, -4.0, -1.5, -42.5)"
10822240,61344,con_mo_jo1_m    ,0,11,model   con_frg2,1042,36,8,10,32768,0,0,126,2,"[(119, 119, 119, 0), (128, 128, 128, 0), (128, 128, 128, 126)]","(0.0078125, 0.00390625, 0.9921875, 0.99609375)","(-8.0, -2.4189999103546143, -44.0, 7.980000019073486, -0.4569999873638153, -14.130999565124512)"
10883584,23568,con_neco_m      ,0,0,model   komono_1,458,36,536,847,0,0,255,255,1,"[(77, 77, 77, 255), (128, 128, 128, 255)]","(0.6953125, 0.0078125, 0.9921875, 0.9921875)","(-0.48307499289512634, -0.6780449748039246, -1.8300100564956665, 0.4040290117263794, 0.0037330000195652246, 0.38493800163269043)"
10883584,23568,con_neco_m      ,0,1,model   komono_1,458,36,62,91,32768,0,0,128,8,"[(77, 77, 77, 128), (128, 128, 128, 0), (128, 128, 128, 11), (128, 128, 128, 22), (128, 128, 128, 34), (128, 128, 128, 37), (128, 128, 128, 63), (128, 128, 128, 76)]","(0.6953125, 0.3203125, 0.9921875, 0.9921875)","(-0.43637600541114807, -0.6780449748039246, -1.3709499835968018, 0.35732999444007874, -0.06698399782180786, -0.257625013589859)"
10907152,29904,con_oiwa_m      ,0,0,model   con_wi1 ,427,36,303,515,0,0,128,255,2,"[(128, 128, 128, 128), (128, 128, 128, 255)]","(0.001953125, 0.00390625, 1.998046875, 1.99609375)","(-10.483499526977539, -19.200000762939453, -13.574799537658691, 15.05840015411377, -6.300000190734863, 11.555700302124023)"
10907152,29904,con_oiwa_m      ,0,1,model   con_fsg1,427,36,13,21,0,0,128,255,2,"[(128, 128, 128, 128), (128, 128, 128, 255)]","(0.626953125, 0.001953125, 0.998046875, 0.623046875)","(-5.782129764556885, -18.450000762939453, -11.6943998336792, 6.74753999710083, -7.75, 9.31956958770752)"
10907152,29904,con_oiwa_m      ,0,2,model   con_wk1 ,427,36,88,141,0,0,128,255,2,"[(128, 128, 128, 128), (128, 128, 128, 255)]","(0.00390625, 0.00390625, 1.74609375, 0.99609375)","(-9.411860466003418, -17.600000381469727, -14.35770034790039, 16.0, -4.25, 6.3683600425720215)"
10907152,29904,con_oiwa_m      ,0,3,model   con_frg1,427,36,159,271,0,0,128,255,2,"[(128, 128, 128, 128), (128, 128, 128, 255)]","(0.125, 0.00390625, 0.998046875, 1.75)","(-11.833800315856934, -19.200000762939453, -14.35770034790039, 16.0, -4.25, 10.58489990234375)"
10907152,29904,con_oiwa_m      ,0,4,model   con_frg2,427,36,53,95,0,0,128,255,2,"[(128, 128, 128, 128), (128, 128, 128, 255)]","(0.0078125, 0.00390625, 0.9921875, 0.99609375)","(-12.0, -13.949999809265137, -3.1038100719451904, 5.071990013122559, -6.0, 12.0)"
10907152,29904,con_oiwa_m      ,0,5,model   con_frg1,427,36,128,211,32768,0,63,128,3,"[(128, 128, 128, 63), (128, 128, 128, 126), (128, 128, 128, 128)]","(0.001953125, 0.00390625, 0.50390625, 1.74609375)","(-12.0, -17.450000762939453, -14.35770034790039, 10.180399894714355, -5.0, 12.0)"
10907152,29904,con_oiwa_m      ,0,6,model   con_wi1 ,427,36,8,11,32768,0,0,128,3,"[(128, 128, 128, 0), (128, 128, 128, 126), (128, 128, 128, 128)]","(0.001953125, 0.50390625, 0.373046875, 1.0)","(-10.483499526977539, -10.699999809265137, -13.203100204467773, 7.828279972076416, -8.449999809265137, 4.704400062561035)"
10937056,5968,con_oke_m       ,0,0,model   komono_2,96,36,150,214,0,0,255,255,1,"[(128, 128, 128, 255)]","(0.75, 0.125, 0.9921875, 0.984375)","(-0.4510380029678345, -0.3860720098018646, -0.44249001145362854, 0.4510380029678345, 0.10000000149011612, 0.44249001145362854)"
10943024,35184,con_ro_bra1_m   ,0,0,model   con_wi1 ,509,36,329,561,0,0,128,255,2,"[(119, 119, 119, 255), (128, 128, 128, 128), (128, 128, 128, 255), (136, 136, 136, 128), (136, 136, 136, 255), (148, 148, 148, 128), (148, 148, 148, 255)]","(0.001953125, 0.0, 1.748046875, 1.75)","(-20.0, -12.25, -20.0, 20.0, 6.349999904632568, 20.0)"
10943024,35184,con_ro_bra1_m   ,0,1,model   con_wk1 ,509,36,158,267,0,0,128,255,2,"[(119, 119, 119, 128), (119, 119, 119, 255), (128, 128, 128, 128), (128, 128, 128, 255), (136, 136, 136, 128), (136, 136, 136, 255), (148, 148, 148, 128), (148, 148, 148, 255)]","(0.00390625, 0.00390625, 1.99609375, 1.99609375)","(-20.0, -12.25, -20.0, 20.0, 7.5, 13.75)"
10943024,35184,con_ro_bra1_m   ,0,2,model   con_frg1,509,36,189,323,0,0,128,255,2,"[(119, 119, 119, 128), (119, 119, 119, 255), (128, 128, 128, 128), (128, 128, 128, 255), (136, 136, 136, 128), (148, 148, 148, 128)]","(0.001953125, 0.00390625, 1.125, 1.99609375)","(-20.0, -11.5, -20.0, 20.0, 8.25, 16.0)"
10943024,35184,con_ro_bra1_m   ,0,3,model   con_fgg1,509,36,16,23,0,0,128,255,2,"[(119, 119, 119, 255), (128, 128, 128, 128), (128, 128, 128, 255)]","(0.00390625, 0.00390625, 0.74609375, 0.49609375)","(-16.0, 3.5, -8.0, 8.0, 7.0, 4.0)"
10943024,35184,con_ro_bra1_m   ,0,4,model   con_wk2 ,509,36,43,67,0,0,255,255,1,"[(119, 119, 119, 255), (128, 128, 128, 255), (136, 136, 136, 255), (148, 148, 148, 255)]","(0.00390625, 0.0078125, 0.99609375, 0.9921875)","(-12.5, -10.5, -12.0, 18.0, 7.0, 11.350000381469727)"
10943024,35184,con_ro_bra1_m   ,0,5,model   con_frg2,509,36,34,63,0,0,128,255,2,"[(119, 119, 119, 255), (128, 128, 128, 128), (128, 128, 128, 255), (148, 148, 148, 128)]","(0.0078125, 0.00390625, 0.9921875, 0.99609375)","(-20.0, -11.25, -6.0, 20.0, 7.0, 20.0)"
10943024,35184,con_ro_bra1_m   ,0,6,model   con_fsg1,509,36,50,77,0,0,128,255,2,"[(119, 119, 119, 128), (119, 119, 119, 255), (128, 128, 128, 128), (128, 128, 128, 255), (136, 136, 136, 255), (148, 148, 148, 255)]","(0.001953125, 0.125, 0.998046875, 1.125)","(-20.0, -10.625, -20.0, 20.0, 7.5, 8.050000190734863)"
10943024,35184,con_ro_bra1_m   ,0,7,model   con_fgg1,509,36,10,15,32768,0,0,128,3,"[(119, 119, 119, 126), (128, 128, 128, 0), (128, 128, 128, 126), (128, 128, 128, 128)]","(0.00390625, 0.00390625, 0.99609375, 1.0)","(-16.0, 3.5999999046325684, -8.0, 12.0, 7.0, -4.0)"
10943024,35184,con_ro_bra1_m   ,0,8,model   con_fsg1,509,36,16,22,32768,0,0,126,2,"[(119, 119, 119, 0), (128, 128, 128, 0), (128, 128, 128, 126)]","(0.001953125, 0.001953125, 0.375, 0.75)","(8.0, 2.5, -4.199999809265137, 16.0, 5.199999809265137, 9.850000381469727)"
10943024,35184,con_ro_bra1_m   ,0,9,model   con_wi1 ,509,36,18,29,32768,0,0,128,3,"[(119, 119, 119, 0), (119, 119, 119, 126), (128, 128, 128, 0), (128, 128, 128, 126), (128, 128, 128, 128), (136, 136, 136, 0), (136, 136, 136, 126)]","(0.001953125, 0.00390625, 0.75, 1.0)","(-12.5, 0.75, -16.0, 0.0, 6.349999904632568, 7.099999904632568)"
10943024,35184,con_ro_bra1_m   ,0,10,model   con_frg1,509,36,21,31,32768,0,0,126,2,"[(119, 119, 119, 0), (119, 119, 119, 126), (128, 128, 128, 0), (128, 128, 128, 126), (136, 136, 136, 0)]","(0.001953125, 0.25, 0.8125, 1.75)","(-12.5, 2.9000000953674316, -12.0, 12.0, 7.0, 8.100000381469727)"
10978208,32720,con_ro_brb1_m   ,0,0,model   con_fsg1,493,36,99,144,0,0,255,255,1,"[(119, 119, 119, 255), (128, 128, 128, 255), (136, 136, 136, 255), (148, 148, 148, 255)]","(0.125, 0.001953125, 0.998046875, 1.123046875)","(-20.0, -11.75, -20.0, 20.0, 4.599999904632568, 20.0)"
10978208,32720,con_ro_brb1_m   ,0,1,model   con_frg1,493,36,297,485,0,0,255,255,1,"[(119, 119, 119, 255), (128, 128, 128, 255), (136, 136, 136, 255), (148, 148, 148, 255)]","(0.001953125, 0.00390625, 1.125, 1.99609375)","(-20.0, -11.875, -20.0, 20.0, 4.599999904632568, 20.0)"
10978208,32720,con_ro_brb1_m   ,0,2,model   con_wk2 ,493,36,48,70,0,0,255,255,1,"[(119, 119, 119, 255), (128, 128, 128, 255), (136, 136, 136, 255), (148, 148, 148, 255)]","(0.00390625, 0.0078125, 0.99609375, 0.9921875)","(-18.0, -10.0, -12.0, 12.0, 4.0, 20.0)"
10978208,32720,con_ro_brb1_m   ,0,3,model   con_wk1 ,493,36,56,89,0,0,255,255,1,"[(119, 119, 119, 255), (128, 128, 128, 255), (136, 136, 136, 255), (148, 148, 148, 255)]","(0.00390625, 0.00390625, 1.99609375, 1.75)","(-20.0, -10.0, -7.5, 16.0, 3.5999999046325684, 20.0)"
10978208,32720,con_ro_brb1_m   ,0,4,model   con_wi1 ,493,36,174,313,0,0,255,255,1,"[(119, 119, 119, 255), (128, 128, 128, 255), (136, 136, 136, 255), (148, 148, 148, 255)]","(0.25, 0.00390625, 1.25, 1.99609375)","(-20.0, -10.75, -20.0, 20.0, 3.5999999046325684, 20.0)"
10978208,32720,con_ro_brb1_m   ,0,5,model   con_fgg1,493,36,33,55,0,0,255,255,1,"[(119, 119, 119, 255), (128, 128, 128, 255), (136, 136, 136, 255), (148, 148, 148, 255)]","(0.00390625, 0.00390625, 0.99609375, 1.25)","(-16.0, -11.875, -16.0, 12.0, 4.599999904632568, 16.0)"
10978208,32720,con_ro_brb1_m   ,0,6,model   con_frg2,493,36,56,81,0,0,255,255,1,"[(119, 119, 119, 255), (128, 128, 128, 255), (136, 136, 136, 255), (148, 148, 148, 255)]","(0.0078125, 0.00390625, 0.9921875, 0.99609375)","(-20.0, -11.875, -20.0, 20.0, 4.5, 16.0)"
10978208,32720,con_ro_brb1_m   ,0,7,model   con_fsg1,493,36,23,33,32768,0,0,126,2,"[(119, 119, 119, 0), (128, 128, 128, 0), (128, 128, 128, 126)]","(0.001953125, 0.125, 0.498046875, 0.75)","(-8.0, -0.0, 4.0, 4.25, 3.5, 16.0)"
10978208,32720,con_ro_brb1_m   ,0,8,model   con_wk2 ,493,36,5,5,32768,0,0,126,2,"[(128, 128, 128, 0), (128, 128, 128, 126), (136, 136, 136, 0), (148, 148, 148, 0), (148, 148, 148, 126)]","(0.75390625, 0.0078125, 0.99609375, 0.9921875)","(8.399999618530273, -9.0, 9.25, 12.0, -4.25, 12.0)"
10978208,32720,con_ro_brb1_m   ,0,9,model   con_frg1,493,36,12,16,32768,0,0,126,2,"[(119, 119, 119, 0), (128, 128, 128, 0), (128, 128, 128, 126), (136, 136, 136, 0)]","(0.25, 0.00390625, 0.875, 1.49609375)","(0.0, 2.0, -4.25, 8.0, 4.0, 8.0)"
10978208,32720,con_ro_brb1_m   ,0,10,model   con_fgg1,493,36,16,22,32768,0,0,128,3,"[(119, 119, 119, 0), (119, 119, 119, 128), (128, 128, 128, 126), (128, 128, 128, 128)]","(0.00390625, 0.375, 0.99609375, 0.99609375)","(-16.0, -0.5, -5.5, 12.0, 4.5, 12.0)"
10978208,32720,con_ro_brb1_m   ,0,11,model   con_wk1 ,493,36,5,5,32768,0,0,126,2,"[(128, 128, 128, 0), (136, 136, 136, 0), (136, 136, 136, 126), (148, 148, 148, 126)]","(1.0, 0.00390625, 1.5, 0.5)","(-8.0, -3.0, -5.0, -4.0, 2.5999999046325684, -1.25)"
11010928,32272,con_ro_co1_m    ,0,0,model   con_frg1,513,36,289,521,0,0,255,255,1,"[(119, 119, 119, 255), (128, 128, 128, 255), (136, 136, 136, 255), (148, 148, 148, 255)]","(0.001953125, 0.00390625, 1.125, 1.99609375)","(-20.0, -13.300000190734863, -20.0, 20.0, 0.25, 20.0)"
11010928,32272,con_ro_co1_m    ,0,1,model   con_fsg1,513,36,44,73,0,0,255,255,1,"[(119, 119, 119, 255), (128, 128, 128, 255), (136, 136, 136, 255), (148, 148, 148, 255)]","(0.501953125, 0.875, 0.998046875, 1.123046875)","(-20.0, -10.75, -20.0, 20.0, 0.25, 12.0)"
11010928,32272,con_ro_co1_m    ,0,2,model   con_wk1 ,513,36,85,151,0,0,255,255,1,"[(119, 119, 119, 255), (128, 128, 128, 255), (136, 136, 136, 255), (148, 148, 148, 255)]","(0.25, 0.00390625, 1.74609375, 1.99609375)","(-20.0, -11.600000381469727, -20.0, 12.0, -0.0, 11.0)"
11010928,32272,con_ro_co1_m    ,0,3,model   con_wi1 ,513,36,220,401,0,0,255,255,1,"[(119, 119, 119, 255), (128, 128, 128, 255), (136, 136, 136, 255), (148, 148, 148, 255)]","(0.001953125, 0.00390625, 1.25, 1.99609375)","(-20.0, -13.300000190734863, -20.0, 20.0, -0.4000000059604645, 20.0)"
11010928,32272,con_ro_co1_m    ,0,4,model   con_fgg1,513,36,54,111,0,0,255,255,1,"[(119, 119, 119, 255), (128, 128, 128, 255), (136, 136, 136, 255), (148, 148, 148, 255)]","(0.00390625, 0.00390625, 1.25, 1.75)","(-8.0, -12.5, -4.0, 16.0, -0.20000000298023224, 16.0)"
11010928,32272,con_ro_co1_m    ,0,5,model   con_frg2,513,36,23,37,0,0,255,255,1,"[(119, 119, 119, 255), (128, 128, 128, 255), (136, 136, 136, 255), (148, 148, 148, 255)]","(0.0078125, 0.00390625, 0.9921875, 0.75)","(-20.0, -11.01200008392334, -20.0, 8.5, -0.0, 12.5)"
11010928,32272,con_ro_co1_m    ,0,6,model   con_wk2 ,513,36,58,95,0,0,255,255,1,"[(119, 119, 119, 255), (128, 128, 128, 255), (136, 136, 136, 255), (148, 148, 148, 255)]","(0.00390625, 0.0078125, 0.99609375, 0.9921875)","(-20.0, -11.199999809265137, -20.0, 10.25, -0.0, 10.0)"
11010928,32272,con_ro_co1_m    ,0,7,model   con_frg1,513,36,12,16,32768,0,0,126,2,"[(119, 119, 119, 0), (128, 128, 128, 0), (128, 128, 128, 126), (136, 136, 136, 0)]","(0.626953125, 0.25390625, 1.125, 1.74609375)","(-6.0, -4.199999809265137, -16.0, 10.0600004196167, -0.0, 4.25)"
11010928,32272,con_ro_co1_m    ,0,8,model   con_fsg1,513,36,4,4,32768,0,0,126,2,"[(119, 119, 119, 0), (128, 128, 128, 126)]","(0.75, 0.75, 0.998046875, 1.0)","(-16.0, -1.100000023841858, 2.5, -12.0, -0.0, 6.0)"
11010928,32272,con_ro_co1_m    ,0,9,model   con_wi1 ,513,36,8,10,32768,0,0,126,2,"[(128, 128, 128, 0), (128, 128, 128, 126), (136, 136, 136, 126), (148, 148, 148, 0), (148, 148, 148, 126)]","(0.001953125, 0.75, 1.25, 1.75)","(-8.5, -5.5, -8.0, 0.05000000074505806, -0.0, -4.0)"
11010928,32272,con_ro_co1_m    ,0,10,model   con_fgg1,513,36,9,12,32768,0,0,126,2,"[(119, 119, 119, 0), (119, 119, 119, 126), (128, 128, 128, 0), (128, 128, 128, 126)]","(0.25, 0.25, 1.0, 1.0)","(-4.0, -1.600000023841858, 4.195000171661377, 8.819000244140625, -1.399999976158142, 8.5)"
11043200,37584,con_ro_st1_m    ,0,0,model   con_wk1 ,568,36,126,233,0,0,255,255,1,"[(119, 119, 119, 255), (128, 128, 128, 255), (136, 136, 136, 255), (148, 148, 148, 255)]","(0.00390625, 0.00390625, 1.75, 1.75)","(-20.0, -14.0, -20.0, 17.5, -0.0, 20.0)"
11043200,37584,con_ro_st1_m    ,0,1,model   con_wi1 ,568,36,203,349,0,0,255,255,1,"[(119, 119, 119, 255), (128, 128, 128, 255), (136, 136, 136, 255), (148, 148, 148, 255)]","(0.001953125, 0.00390625, 1.248046875, 1.99609375)","(-16.0, -12.071999549865723, -20.0, 20.0, -0.5, 20.0)"
11043200,37584,con_ro_st1_m    ,0,2,model   con_fsg1,568,36,90,135,0,0,255,255,1,"[(119, 119, 119, 255), (128, 128, 128, 255), (136, 136, 136, 255), (148, 148, 148, 255)]","(0.001953125, 0.625, 0.998046875, 1.125)","(-20.0, -13.687999725341797, -20.0, 20.0, 0.5630000233650208, 20.0)"
11043200,37584,con_ro_st1_m    ,0,3,model   con_wk2 ,568,36,57,93,0,0,255,255,1,"[(119, 119, 119, 255), (128, 128, 128, 255), (136, 136, 136, 255)]","(0.00390625, 0.0078125, 0.99609375, 0.9921875)","(-11.0, -11.0, -16.0, 13.25, 0.25, 20.0)"
11043200,37584,con_ro_st1_m    ,0,4,model   con_frg1,568,36,342,567,0,0,255,255,1,"[(119, 119, 119, 255), (128, 128, 128, 255), (136, 136, 136, 255), (148, 148, 148, 255)]","(0.001953125, 0.00390625, 1.248046875, 1.99609375)","(-20.0, -14.125, -20.0, 20.0, 0.5630000233650208, 20.0)"
11043200,37584,con_ro_st1_m    ,0,5,model   con_frg2,568,36,58,95,0,0,255,255,1,"[(119, 119, 119, 255), (128, 128, 128, 255), (136, 136, 136, 255), (148, 148, 148, 255)]","(0.0078125, 0.00390625, 0.9921875, 0.99609375)","(-20.0, -13.25, -20.0, 20.0, 0.25, 20.0)"
11043200,37584,con_ro_st1_m    ,0,6,model   con_fgg1,568,36,13,23,0,0,255,255,1,"[(128, 128, 128, 255)]","(0.5, 0.25, 1.49609375, 0.75)","(3.625, -0.25, -0.0, 8.5, 0.5630000233650208, 16.0)"
11043200,37584,con_ro_st1_m    ,0,7,model   con_wi1 ,568,36,20,31,32768,0,0,128,3,"[(119, 119, 119, 126), (128, 128, 128, 0), (128, 128, 128, 126), (128, 128, 128, 128), (136, 136, 136, 0), (136, 136, 136, 126)]","(0.001953125, 0.00390625, 0.25, 1.0)","(-5.75, -9.75, -8.0, 12.75, 0.25, 16.0)"
11043200,37584,con_ro_st1_m    ,0,8,model   con_fsg1,568,36,8,10,32768,0,0,126,2,"[(128, 128, 128, 0), (128, 128, 128, 126)]","(0.501953125, 0.626953125, 0.873046875, 1.123046875)","(1.5, -1.0, -4.0, 6.5, 0.125, 4.0)"
11043200,37584,con_ro_st1_m    ,0,9,model   con_fgg1,568,36,20,33,32768,0,0,128,3,"[(119, 119, 119, 0), (128, 128, 128, 126), (128, 128, 128, 128)]","(0.00390625, 0.25, 1.25, 1.25)","(3.625, -1.0, -0.0, 10.0, 0.5630000233650208, 16.0)"
11043200,37584,con_ro_st1_m    ,0,10,model   con_frg1,568,36,8,10,32768,0,0,128,3,"[(128, 128, 128, 0), (128, 128, 128, 126), (128, 128, 128, 128)]","(0.001953125, 0.25390625, 0.25, 1.75)","(1.75, -0.375, -12.0, 6.5, 0.5630000233650208, 8.0)"
11080784,30512,con_rosla_coa1_m,0,0,model   con_wi1 ,484,36,521,933,0,0,128,128,1,"[(119, 119, 119, 128), (128, 128, 128, 128), (136, 136, 136, 128), (148, 148, 148, 128)]","(0.001953125, 0.00390625, 1.25, 1.99609375)","(-20.0, -12.0, -20.0, 20.0, 8.0, 20.0)"
11080784,30512,con_rosla_coa1_m,0,1,model   con_frg1,484,36,85,153,0,0,128,128,1,"[(119, 119, 119, 128), (128, 128, 128, 128)]","(0.375, 0.00390625, 1.125, 1.75)","(-20.0, 2.5, -20.0, 2.3929998874664307, 8.25, 4.98799991607666)"
11080784,30512,con_rosla_coa1_m,0,2,model   con_frg2,484,36,3,3,0,0,128,128,1,"[(128, 128, 128, 128)]","(0.5078125, 0.75390625, 0.9921875, 0.99609375)","(-18.0, 4.5, -6.0, -16.0, 4.5, -4.0)"
11080784,30512,con_rosla_coa1_m,0,3,model   con_fsg1,484,36,42,65,0,0,128,128,1,"[(119, 119, 119, 128), (128, 128, 128, 128), (136, 136, 136, 128)]","(0.501953125, 0.625, 0.998046875, 1.123046875)","(-20.0, 2.5, -20.0, 6.0, 8.25, 6.0)"
11080784,30512,con_rosla_coa1_m,0,4,model   con_wk1 ,484,36,51,81,0,0,128,128,1,"[(119, 119, 119, 128), (128, 128, 128, 128), (136, 136, 136, 128), (148, 148, 148, 128)]","(0.25, 0.00390625, 1.75, 0.75)","(-20.0, -8.475000381469727, -16.0, 9.083000183105469, 7.5, 7.900000095367432)"
11080784,30512,con_rosla_coa1_m,0,5,model   con_frg2,484,36,5,5,32768,0,0,126,2,"[(119, 119, 119, 0), (128, 128, 128, 0), (128, 128, 128, 126)]","(0.5078125, 0.25390625, 0.9921875, 0.74609375)","(-18.0, 3.5999999046325684, -8.0, -16.0, 4.5, -4.0)"
11080784,30512,con_rosla_coa1_m,0,6,model   con_wi1 ,484,36,50,89,32768,0,0,128,3,"[(119, 119, 119, 0), (119, 119, 119, 126), (119, 119, 119, 128), (128, 128, 128, 0), (128, 128, 128, 126), (128, 128, 128, 128), (136, 136, 136, 0), (136, 136, 136, 126)]","(0.001953125, 0.5, 0.875, 1.99609375)","(-16.0, 1.850000023841858, -16.0, 6.429999828338623, 8.25, 3.7769999504089355)"
11080784,30512,con_rosla_coa1_m,0,7,model   con_fsg1,484,36,7,11,32768,0,0,126,2,"[(119, 119, 119, 126), (128, 128, 128, 0), (128, 128, 128, 126)]","(0.751953125, 0.751953125, 0.998046875, 0.998046875)","(-9.25, 5.5, -20.0, -6.0, 7.5, -16.0)"
11111296,28160,con_rosla_cob1_m,0,0,model   con_wi1 ,414,36,302,521,0,0,128,255,2,"[(119, 119, 119, 128), (119, 119, 119, 255), (128, 128, 128, 128), (128, 128, 128, 255), (136, 136, 136, 128), (136, 136, 136, 255), (148, 148, 148, 128), (148, 148, 148, 255)]","(0.001953125, 0.00390625, 0.998046875, 1.99609375)","(-20.0, -12.0, -20.0, 20.0, 3.5999999046325684, 20.0)"
11111296,28160,con_rosla_cob1_m,0,1,model   con_frg1,414,36,181,311,0,0,128,255,2,"[(119, 119, 119, 128), (119, 119, 119, 255), (128, 128, 128, 128), (128, 128, 128, 255), (136, 136, 136, 255), (148, 148, 148, 255)]","(0.001953125, 0.00390625, 1.125, 1.75)","(-20.0, -7.5, -16.0, 16.0, 4.5, 20.0)"
11111296,28160,con_rosla_cob1_m,0,2,model   con_frg2,414,36,19,26,0,0,128,255,2,"[(119, 119, 119, 128), (128, 128, 128, 128), (128, 128, 128, 255)]","(0.0078125, 0.00390625, 0.9921875, 0.99609375)","(-20.0, -0.75, -20.0, 4.0, 4.5, 20.0)"
11111296,28160,con_rosla_cob1_m,0,3,model   con_wk1 ,414,36,55,91,0,0,128,255,2,"[(119, 119, 119, 128), (119, 119, 119, 255), (128, 128, 128, 128), (128, 128, 128, 255), (136, 136, 136, 128), (136, 136, 136, 255), (148, 148, 148, 128)]","(0.00390625, 0.00390625, 1.49609375, 1.0)","(-20.0, -10.5, -9.0, 11.0, 3.5999999046325684, 20.0)"
11111296,28160,con_rosla_cob1_m,0,4,model   con_fgg1,414,36,18,28,0,0,255,255,1,"[(128, 128, 128, 255), (136, 136, 136, 255), (148, 148, 148, 255)]","(0.00390625, 0.00390625, 1.74609375, 1.24609375)","(-12.0, -6.25, -16.0, 4.0, 4.0, 4.0)"
11111296,28160,con_rosla_cob1_m,0,5,model   con_fsg1,414,36,82,123,0,0,128,255,2,"[(119, 119, 119, 128), (119, 119, 119, 255), (128, 128, 128, 128), (128, 128, 128, 255), (136, 136, 136, 128), (136, 136, 136, 255), (148, 148, 148, 255)]","(0.001953125, 0.001953125, 0.998046875, 1.123046875)","(-20.0, -10.75, -20.0, 16.0, 4.5, 20.0)"
11111296,28160,con_rosla_cob1_m,0,6,model   con_wk2 ,414,36,14,18,0,0,128,255,2,"[(119, 119, 119, 128), (119, 119, 119, 255), (128, 128, 128, 128), (128, 128, 128, 255), (136, 136, 136, 128)]","(0.00390625, 0.0078125, 0.99609375, 0.9921875)","(-20.0, -5.051000118255615, -0.31700000166893005, 5.218999862670898, 2.5, 20.0)"
11111296,28160,con_rosla_cob1_m,0,7,model   con_fgg1,414,36,4,4,32768,0,126,128,2,"[(128, 128, 128, 126), (128, 128, 128, 128)]","(0.00390625, 0.5, 0.5, 0.99609375)","(-12.0, 3.25, -3.5, -8.0, 4.0, -0.0)"
11111296,28160,con_rosla_cob1_m,0,8,model   con_frg1,414,36,8,12,32768,0,0,126,2,"[(128, 128, 128, 0), (128, 128, 128, 126), (136, 136, 136, 0)]","(0.625, 0.25, 0.875, 0.75)","(-12.0, -1.0, 8.0, -8.0, 2.25, 12.0)"
11111296,28160,con_rosla_cob1_m,0,9,model   con_wi1 ,414,36,24,39,32768,0,0,128,3,"[(119, 119, 119, 126), (119, 119, 119, 128), (128, 128, 128, 0), (128, 128, 128, 126), (128, 128, 128, 128)]","(0.001953125, 0.63671875, 0.75, 1.75)","(-16.0, -0.5, -5.334000110626221, 6.0, 3.5, 16.0)"
11139456,31968,con_rosla_st1_m ,0,0,model   con_wi1 ,490,36,287,511,0,0,128,128,1,"[(119, 119, 119, 128), (128, 128, 128, 128), (136, 136, 136, 128), (148, 148, 148, 128)]","(0.001953125, 0.00390625, 1.998046875, 1.99609375)","(-20.0, -11.0, -20.0, 20.0, 7.5, 20.0)"
11139456,31968,con_rosla_st1_m ,0,1,model   con_fsg1,490,36,136,219,0,0,128,128,1,"[(119, 119, 119, 128), (128, 128, 128, 128), (136, 136, 136, 128), (148, 148, 148, 128)]","(0.001953125, 0.001953125, 0.998046875, 1.123046875)","(-16.0, -11.0, -20.0, 20.0, 8.25, 20.0)"
11139456,31968,con_rosla_st1_m ,0,2,model   con_frg1,490,36,149,229,0,0,128,128,1,"[(119, 119, 119, 128), (128, 128, 128, 128), (136, 136, 136, 128), (148, 148, 148, 128)]","(0.001953125, 0.00390625, 1.123046875, 1.99609375)","(-16.0, -11.0, -20.0, 20.0, 8.25, 20.0)"
11139456,31968,con_rosla_st1_m ,0,3,model   con_fgg1,490,36,13,18,0,0,128,128,1,"[(128, 128, 128, 128), (136, 136, 136, 128), (148, 148, 148, 128)]","(0.00390625, 0.00390625, 0.99609375, 0.75)","(-12.0, -4.855999946594238, -8.0, 4.5, 6.599999904632568, -4.0)"
11139456,31968,con_rosla_st1_m ,0,4,model   con_frg2,490,36,44,71,0,0,128,128,1,"[(119, 119, 119, 128), (128, 128, 128, 128), (136, 136, 136, 128), (148, 148, 148, 128)]","(0.0078125, 0.00390625, 0.9921875, 1.25)","(-12.0, -10.402999877929688, -20.0, 20.0, 7.5, 16.0)"
11139456,31968,con_rosla_st1_m ,0,5,model   con_wk2 ,490,36,29,40,0,0,128,128,1,"[(119, 119, 119, 128), (128, 128, 128, 128), (136, 136, 136, 128), (148, 148, 148, 128)]","(0.00390625, 0.0078125, 0.99609375, 0.9921875)","(-12.100000381469727, -9.199999809265137, -20.0, 11.0, 8.0, 20.0)"
11139456,31968,con_rosla_st1_m ,0,6,model   con_wk1 ,490,36,98,161,0,0,128,128,1,"[(119, 119, 119, 128), (128, 128, 128, 128), (136, 136, 136, 128), (148, 148, 148, 128)]","(0.00390625, 0.00390625, 1.99609375, 1.74609375)","(-11.0, -11.0, -20.0, 16.0, 7.5, 20.0)"
11139456,31968,con_rosla_st1_m ,0,7,model   con_wi1 ,490,36,26,41,32768,0,0,128,3,"[(119, 119, 119, 0), (119, 119, 119, 126), (119, 119, 119, 128), (128, 128, 128, 0), (128, 128, 128, 126), (128, 128, 128, 128)]","(0.001953125, 0.5, 0.5, 1.0)","(-9.199999809265137, -4.849999904632568, -18.0, 10.0, 8.25, 16.0)"
11139456,31968,con_rosla_st1_m ,0,8,model   con_frg1,490,36,13,18,32768,0,126,128,2,"[(119, 119, 119, 128), (128, 128, 128, 126), (128, 128, 128, 128)]","(0.126953125, 0.00390625, 0.498046875, 1.49609375)","(-4.5, -0.0, 4.0, 4.0, 4.0, 16.0)"
11139456,31968,con_rosla_st1_m ,0,9,model   con_fgg1,490,36,9,15,32768,0,126,128,2,"[(128, 128, 128, 126), (128, 128, 128, 128)]","(0.00390625, 0.25390625, 0.99609375, 0.74609375)","(-2.25, 4.75, -16.0, 2.5, 8.25, -0.0)"
11171424,8288,con_taru_m      ,0,0,model   komono_2,144,36,206,365,0,0,255,255,1,"[(128, 128, 128, 255)]","(0.0078125, 0.015625, 0.9921875, 0.609375)","(-0.651013970375061, -1.399999976158142, -0.6507869958877563, 0.651013970375061, -0.0, 0.6507869958877563)"
11179712,14144,con_w01_h       ,0,0,model   con_f01c,0,48,46,150,0,0,255,255,1,"[(128, 128, 128, 255)]","(0.8203125, 0.6328125, 0.9921875, 0.99609375)","(-0.22236000001430511, -3.278520107269287, -0.19257000088691711, 0.22236000001430511, -2.4145801067352295, 0.19257000088691711)"
11179712,14144,con_w01_h       ,0,1,model   con_f01c,0,48,213,624,8192,0,255,255,1,"[(128, 128, 128, 255)]","(0.63671875, 0.41015625, 0.98828125, 0.99609375)","(-0.6880019903182983, -3.130460023880005, -0.7107750177383423, 0.6977260112762451, -0.0, 0.6225370168685913)"
11193856,6736,con_w01_l       ,0,0,model   con_f01c,130,36,28,73,0,0,255,255,1,"[(128, 128, 128, 255)]","(0.8203125, 0.6328125, 0.99609375, 0.99609375)","(-0.22236000001430511, -3.278520107269287, -0.19257000088691711, 0.22236000001430511, -2.4145801067352295, 0.19257000088691711)"
11193856,6736,con_w01_l       ,0,1,model   con_f01c,130,36,135,277,8192,0,255,255,1,"[(128, 128, 128, 255)]","(0.63671875, 0.41015625, 0.98828125, 0.9921875)","(-0.6880019903182983, -3.278520107269287, -0.7107750177383423, 0.6977260112762451, -0.0, 0.6225370168685913)"
11200592,8448,con_w01_m       ,0,0,model   con_f01c,186,36,28,73,0,0,255,255,1,"[(128, 128, 128, 255)]","(0.8203125, 0.6328125, 0.99609375, 0.99609375)","(-0.22236000001430511, -3.278520107269287, -0.19257000088691711, 0.22236000001430511, -2.4145801067352295, 0.19257000088691711)"
11200592,8448,con_w01_m       ,0,1,model   con_f01c,186,36,175,415,8192,0,255,255,1,"[(128, 128, 128, 255)]","(0.63671875, 0.41015625, 0.98828125, 0.99609375)","(-0.6880019903182983, -3.278520107269287, -0.7107750177383423, 0.6977260112762451, -0.0, 0.6225370168685913)"
11209040,7072,con_w02_h       ,0,0,model   con_f01c,0,48,28,90,0,0,128,128,1,"[(128, 128, 128, 128)]","(0.83203125, 0.64453125, 0.97265625, 0.8828125)","(-0.09616000205278397, -1.3979400396347046, -0.08416400104761124, 0.09616000205278397, -1.1154799461364746, 0.08327700197696686)"
11209040,7072,con_w02_h       ,0,1,model   con_f01c,0,48,101,270,8192,0,128,128,1,"[(128, 128, 128, 128)]","(0.6328125, 0.421875, 0.98828125, 0.99609375)","(-0.27097201347351074, -1.2334200143814087, -0.21024799346923828, 0.1405930072069168, -0.0, 0.24276700615882874)"
11216112,3808,con_w02_l       ,0,0,model   con_f01c,59,36,24,57,0,0,255,255,1,"[(128, 128, 128, 255)]","(0.83203125, 0.6484375, 0.97265625, 0.875)","(-0.1056779995560646, -1.3979400396347046, -0.09633100032806396, 0.0984330028295517, -1.1154799461364746, 0.08043400198221207)"
11216112,3808,con_w02_l       ,0,1,model   con_f01c,59,36,68,106,8192,0,255,255,1,"[(128, 128, 128, 255)]","(0.6328125, 0.421875, 0.98828125, 0.9921875)","(-0.27097201347351074, -1.2334200143814087, -0.21024799346923828, 0.1405930072069168, -0.0, 0.24276700615882874)"
11219920,4912,con_w02_m       ,0,0,model   con_f01c,96,36,28,87,0,0,255,255,1,"[(128, 128, 128, 255)]","(0.83203125, 0.6484375, 0.97265625, 0.875)","(-0.09616000205278397, -1.3979400396347046, -0.08416400104761124, 0.09616000205278397, -1.1154799461364746, 0.08327700197696686)"
11219920,4912,con_w02_m       ,0,1,model   con_f01c,96,36,88,195,8192,0,255,255,1,"[(128, 128, 128, 255)]","(0.6328125, 0.421875, 0.98828125, 0.99609375)","(-0.27097201347351074, -1.2334200143814087, -0.21024799346923828, 0.1405930072069168, -0.0, 0.24276700615882874)"
11224832,7008,con_w07_h       ,0,0,model   con_f01c,0,48,25,60,0,0,255,255,1,"[(100, 105, 100, 255), (112, 163, 163, 255), (128, 128, 128, 255)]","(0.921875, 0.421875, 0.99609375, 0.60546875)","(-0.06886400282382965, -1.0124000310897827, -0.0516510009765625, 0.06176000088453293, -0.8164989948272705, 0.07897300273180008)"
11224832,7008,con_w07_h       ,0,1,model   con_f01c,0,48,103,288,8192,0,255,255,1,"[(112, 163, 163, 255), (128, 128, 128, 255)]","(0.63671875, 0.72265625, 0.80859375, 0.99609375)","(-0.6279270052909851, -0.95517498254776, -0.6531689763069153, 0.5653280019760132, -0.0, 0.5640770196914673)"
11231840,2864,con_w07_l       ,0,0,model   con_f01c,40,36,17,29,0,0,255,255,1,"[(100, 105, 100, 255), (112, 163, 163, 255), (128, 128, 128, 255)]","(0.921875, 0.421875, 0.99609375, 0.60546875)","(-0.06886400282382965, -1.0124000310897827, -0.0516510009765625, 0.06176000088453293, -0.8164989948272705, 0.07897300273180008)"
11231840,2864,con_w07_l       ,0,1,model   con_f01c,40,36,52,74,8192,0,255,255,1,"[(112, 163, 163, 255), (128, 128, 128, 255)]","(0.63671875, 0.72265625, 0.80859375, 0.9921875)","(-0.6279270052909851, -0.95517498254776, -0.6531689763069153, 0.5653280019760132, -0.0, 0.5640770196914673)"
11234704,3632,con_w07_m       ,0,0,model   con_f01c,60,36,17,29,0,0,255,255,1,"[(100, 105, 100, 255), (112, 163, 163, 255), (128, 128, 128, 255)]","(0.921875, 0.421875, 0.99609375, 0.60546875)","(-0.06886400282382965, -1.0124000310897827, -0.0516510009765625, 0.06176000088453293, -0.8164989948272705, 0.07897300273180008)"
11234704,3632,con_w07_m       ,0,1,model   con_f01c,60,36,72,103,8192,0,255,255,1,"[(112, 163, 163, 255), (128, 128, 128, 255)]","(0.63671875, 0.72265625, 0.80859375, 0.9921875)","(-0.6279270052909851, -0.95517498254776, -0.6531689763069153, 0.5653280019760132, -0.0, 0.5640770196914673)"
11238336,7008,con_w08_h       ,0,0,model   con_f01c,0,48,25,60,0,0,255,255,1,"[(100, 105, 100, 255), (112, 163, 163, 255), (128, 128, 128, 255)]","(0.921875, 0.421875, 0.99609375, 0.60546875)","(-0.039305999875068665, -0.5778539776802063, -0.02948099933564663, 0.03525099903345108, -0.4660390019416809, 0.045076001435518265)"
11238336,7008,con_w08_h       ,0,1,model   con_f01c,0,48,103,288,8192,0,255,255,1,"[(112, 163, 163, 255), (128, 128, 128, 255)]","(0.63671875, 0.72265625, 0.80859375, 0.99609375)","(-0.3584060072898865, -0.5451920032501221, -0.37281399965286255, 0.32267600297927856, -0.0, 0.32196199893951416)"
11245344,2864,con_w08_l       ,0,0,model   con_f01c,40,36,17,29,0,0,255,255,1,"[(100, 105, 100, 255), (112, 163, 163, 255), (128, 128, 128, 255)]","(0.921875, 0.421875, 0.99609375, 0.60546875)","(-0.039305999875068665, -0.5778539776802063, -0.02948099933564663, 0.03525099903345108, -0.4660390019416809, 0.045076001435518265)"
11245344,2864,con_w08_l       ,0,1,model   con_f01c,40,36,52,74,8192,0,255,255,1,"[(112, 163, 163, 255), (128, 128, 128, 255)]","(0.63671875, 0.72265625, 0.80859375, 0.9921875)","(-0.3584060072898865, -0.5451920032501221, -0.37281399965286255, 0.32267600297927856, -0.0, 0.32196199893951416)"
11248208,3632,con_w08_m       ,0,0,model   con_f01c,60,36,17,29,0,0,255,255,1,"[(100, 105, 100, 255), (112, 163, 163, 255), (128, 128, 128, 255)]","(0.921875, 0.421875, 0.99609375, 0.60546875)","(-0.039305999875068665, -0.5778539776802063, -0.02948099933564663, 0.03525099903345108, -0.4660390019416809, 0.045076001435518265)"
11248208,3632,con_w08_m       ,0,1,model   con_f01c,60,36,72,103,8192,0,255,255,1,"[(112, 163, 163, 255), (128, 128, 128, 255)]","(0.63671875, 0.72265625, 0.80859375, 0.9921875)","(-0.3584060072898865, -0.5451920032501221, -0.37281399965286255, 0.32267600297927856, -0.0, 0.32196199893951416)"
11251840,944,con_zai_m       ,0,0,model   komono_1,12,36,20,37,0,0,255,255,1,"[(128, 128, 128, 255)]","(0.0078125, 0.0078125, 0.1171875, 0.9921875)","(-0.20000000298023224, -0.10000000149011612, -2.0, 0.20000000298023224, -0.0, 2.0)"
11252784,296368,cry_line02_h    ,0,0,model   kon_zil3,5136,36,5321,9177,0,0,127,255,3,"[(102, 102, 102, 255), (153, 153, 153, 127), (153, 153, 153, 128), (153, 153, 153, 255)]","(0.498046875, 0.0, 0.998046875, 1.0)","(-6.884960174560547, -13.230999946594238, -20.0, 6.885039806365967, 27.83099937438965, 20.000099182128906)"
11252784,296368,cry_line02_h    ,0,1,model   cl      ,5136,36,1210,2239,0,0,255,255,1,"[(153, 153, 153, 255)]","(0.0, 0.0, 0.5, 1.0)","(-6.884960174560547, -13.189499855041504, -15.0, 6.885039806365967, 27.449800491333008, 15.000100135803223)"
11252784,296368,cry_line02_h    ,0,2,model   kon_zil ,5136,36,161,335,0,0,255,255,1,"[(153, 153, 153, 255)]","(0.0, 0.0, 0.75, 1.0)","(-6.884960174560547, -7.8196702003479, -15.0, 6.885039806365967, 25.622699737548828, 15.000100135803223)"
11252784,296368,cry_line02_h    ,0,3,model   kon_zil3,5136,36,255,489,32768,0,0,126,4,"[(102, 102, 102, 126), (128, 128, 128, 0), (128, 128, 128, 63), (128, 128, 128, 126), (153, 153, 153, 0), (153, 153, 153, 63), (153, 153, 153, 69), (153, 153, 153, 126)]","(0.203125, 0.0, 1.0, 1.03515625)","(-6.884960174560547, -12.826899528503418, -20.0, 3.4964098930358887, 27.83099937438965, 20.0)"
11252784,296368,cry_line02_h    ,0,4,model   kon_zil ,5136,36,538,1089,32768,0,0,126,14,"[(128, 128, 128, 63), (153, 153, 153, 0), (153, 153, 153, 63), (153, 153, 153, 69), (153, 153, 153, 75), (153, 153, 153, 86), (153, 153, 153, 96), (153, 153, 153, 98)]","(0.0, 0.0, 1.0, 1.00390625)","(-6.884960174560547, -12.826899528503418, -19.0, 6.885039806365967, 27.449800491333008, 19.000099182128906)"
11549152,72208,cry_line02_l    ,0,0,model   kon_zil3,1268,36,968,1685,0,0,255,255,1,"[(153, 153, 153, 255)]","(0.501953125, 0.0, 1.0, 1.0)","(-6.884960174560547, -13.230999946594238, -20.0, 6.885039806365967, 27.83099937438965, 20.000099182128906)"
11549152,72208,cry_line02_l    ,0,1,model   cl      ,1268,36,477,825,0,0,255,255,1,"[(153, 153, 153, 255)]","(0.0, 0.0, 0.5, 1.0)","(-6.884960174560547, -13.196499824523926, -15.0, 6.885039806365967, 27.43790054321289, 15.000100135803223)"
11549152,72208,cry_line02_l    ,0,2,model   kon_zil ,1268,36,88,211,0,0,255,255,1,"[(153, 153, 153, 255)]","(0.5, 0.0, 0.75, 1.0)","(-6.884960174560547, -7.826879978179932, -15.0, 6.885039806365967, 17.63089942932129, 15.000100135803223)"
11549152,72208,cry_line02_l    ,0,3,model   kon_zil3,1268,36,52,76,32768,0,0,126,3,"[(153, 153, 153, 0), (153, 153, 153, 124), (153, 153, 153, 126), (158, 158, 158, 126)]","(0.193359375, 0.0, 1.0, 1.25)","(-6.884960174560547, -10.708200454711914, -19.0, 2.9595799446105957, 25.58650016784668, 19.000099182128906)"
11549152,72208,cry_line02_l    ,0,4,model   kon_zil ,1268,36,234,443,32768,0,0,126,10,"[(128, 128, 128, 63), (148, 148, 148, 126), (153, 153, 153, 0), (153, 153, 153, 93), (153, 153, 153, 94), (153, 153, 153, 98), (153, 153, 153, 101), (153, 153, 153, 102)]","(0.0, 0.0, 1.0, 1.0078125)","(-6.884960174560547, -12.826899528503418, -19.0, 6.885039806365967, 27.43790054321289, 19.000099182128906)"
11621360,137632,cry_line02_m    ,0,0,model   kon_zil3,2286,36,2634,4563,0,0,255,255,1,"[(153, 153, 153, 255)]","(0.5, 0.0, 1.0, 1.0)","(-6.884960174560547, -13.230999946594238, -20.0, 6.885039806365967, 27.83099937438965, 20.000099182128906)"
11621360,137632,cry_line02_m    ,0,1,model   cl      ,2286,36,473,809,0,0,255,255,1,"[(153, 153, 153, 255)]","(0.0, 0.0, 0.5, 1.0)","(-6.884960174560547, -13.191300392150879, -15.0, 6.885039806365967, 27.43790054321289, 15.000100135803223)"
11621360,137632,cry_line02_m    ,0,2,model   kon_zil ,2286,36,86,205,0,0,255,255,1,"[(153, 153, 153, 255)]","(0.5, 0.0, 0.75, 1.0)","(-6.884960174560547, -7.8196702003479, -15.0, 6.885039806365967, 17.647300720214844, 15.000100135803223)"
11621360,137632,cry_line02_m    ,0,3,model   kon_zil3,2286,36,52,76,32768,0,0,126,3,"[(153, 153, 153, 0), (153, 153, 153, 124), (153, 153, 153, 126), (158, 158, 158, 126)]","(0.193359375, 0.0, 1.0, 1.25)","(-6.884960174560547, -10.701000213623047, -19.0, 2.9595799446105957, 25.611299514770508, 19.000099182128906)"
11621360,137632,cry_line02_m    ,0,4,model   kon_zil ,2286,36,233,439,32768,0,0,126,10,"[(128, 128, 128, 63), (148, 148, 148, 126), (153, 153, 153, 0), (153, 153, 153, 93), (153, 153, 153, 94), (153, 153, 153, 98), (153, 153, 153, 101), (153, 153, 153, 102)]","(0.0, 0.0, 1.0, 1.0078125)","(-6.884960174560547, -12.826899528503418, -19.0, 6.885039806365967, 27.43790054321289, 19.000099182128906)"
11758992,293296,cry_line03_h    ,0,0,model   kon_zil3,5192,36,5519,9121,0,0,128,255,2,"[(102, 102, 102, 128), (102, 102, 102, 255), (153, 153, 153, 128), (153, 153, 153, 255)]","(0.251953125, 0.0, 1.0, 1.0)","(-14.885000228881836, -13.230999946594238, -20.0, 6.885039806365967, 19.83099937438965, 20.000099182128906)"
11758992,293296,cry_line03_h    ,0,1,                ,5192,36,4,4,0,0,255,255,1,"[(153, 153, 153, 255)]","(0.0, 1.0, 0.0, 1.0)","(-1.2042700052261353, -6.355720043182373, 3.349980115890503, -0.7176060080528259, -6.010879993438721, 4.349979877471924)"
11758992,293296,cry_line03_h    ,0,2,model   cl      ,5192,36,1110,2207,0,0,128,255,2,"[(153, 153, 153, 128), (153, 153, 153, 255)]","(0.0, 0.0, 0.5, 1.0)","(-14.737199783325195, -13.230999946594238, -15.0, 6.843279838562012, 19.602699279785156, 15.000100135803223)"
11758992,293296,cry_line03_h    ,0,3,model   kon_zil ,5192,36,98,227,0,0,128,255,2,"[(153, 153, 153, 128), (153, 153, 153, 255)]","(0.0, 0.0, 0.75, 1.0)","(-6.589449882507324, -9.029190063476562, -4.399990081787109, 6.843279838562012, 9.795310020446777, 15.000100135803223)"
11758992,293296,cry_line03_h    ,0,4,model   kon_zil ,5192,36,528,1121,32768,0,0,128,7,"[(128, 128, 128, 63), (128, 128, 128, 126), (153, 153, 153, 0), (153, 153, 153, 94), (153, 153, 153, 96), (153, 153, 153, 126), (153, 153, 153, 127), (153, 153, 153, 128)]","(0.0, 0.0, 1.0625, 1.0)","(-14.54800033569336, -13.230999946594238, -19.0, 6.885039806365967, 16.947099685668945, 19.000099182128906)"
11758992,293296,cry_line03_h    ,0,5,model   kon_zil3,5192,36,157,347,32768,0,0,128,3,"[(128, 128, 128, 126), (153, 153, 153, 0), (153, 153, 153, 126), (153, 153, 153, 128)]","(0.140625, 0.0, 1.0, 1.00390625)","(-10.40310001373291, -9.66759967803955, -19.0, 4.757500171661377, 19.83099937438965, 19.000099182128906)"
12052288,65904,cry_line03_l    ,0,0,model   kon_zil ,1201,36,30,59,0,0,127,255,2,"[(153, 153, 153, 127), (153, 153, 153, 255)]","(0.3125, 0.0, 0.875, 1.0)","(-4.046879768371582, -12.826899528503418, -19.0, 6.850490093231201, 16.947099685668945, 19.000099182128906)"
12052288,65904,cry_line03_l    ,0,1,model   kon_zil3,1201,36,762,1399,0,0,255,255,1,"[(128, 128, 128, 255), (153, 153, 153, 255)]","(0.5, 0.0, 1.0, 1.0)","(-14.885000228881836, -13.230999946594238, -20.0, 6.885039806365967, 19.83099937438965, 20.000099182128906)"
12052288,65904,cry_line03_l    ,0,2,model   cl      ,1201,36,657,1173,0,0,255,255,1,"[(153, 153, 153, 255)]","(0.0, 0.0, 0.75, 1.0078125)","(-14.720800399780273, -13.230999946594238, -15.0, 6.850490093231201, 19.602699279785156, 15.000100135803223)"
12052288,65904,cry_line03_l    ,0,3,                ,1201,36,4,4,0,0,255,255,1,"[(153, 153, 153, 255)]","(0.0, 1.0, 0.0, 1.0)","(-7.319349765777588, 17.92840003967285, -20.0, -6.9693498611450195, 18.42840003967285, -19.899999618530273)"
12052288,65904,cry_line03_l    ,0,4,model   kon_zil ,1201,36,191,335,32768,0,0,126,6,"[(128, 128, 128, 63), (145, 145, 145, 0), (145, 145, 145, 126), (153, 153, 153, 78), (153, 153, 153, 94), (153, 153, 153, 96), (153, 153, 153, 126), (168, 168, 168, 126)]","(0.0, 0.0, 0.833984375, 1.015625)","(-14.885000228881836, -12.826899528503418, -19.0, 5.570119857788086, 16.947099685668945, 19.000099182128906)"
12052288,65904,cry_line03_l    ,0,5,model   kon_zil3,1201,36,13,19,32768,0,126,126,1,"[(153, 153, 153, 126)]","(0.3359375, 0.375, 0.5625, 0.8828125)","(-10.40310001373291, 14.449000358581543, -19.0, 2.2883899211883545, 19.131000518798828, 19.000099182128906)"
12118192,130096,cry_line03_m    ,0,0,model   kon_zil3,2219,36,2542,4333,0,0,128,255,2,"[(153, 153, 153, 128), (153, 153, 153, 255)]","(0.5, 0.0, 1.0, 1.0)","(-14.885000228881836, -13.230999946594238, -20.0, 6.885039806365967, 19.83099937438965, 20.000099182128906)"
12118192,130096,cry_line03_m    ,0,1,model   kon_zil ,2219,36,94,217,0,0,127,255,2,"[(153, 153, 153, 127), (153, 153, 153, 255)]","(0.3125, 0.0, 0.875, 1.0)","(-6.127970218658447, -12.826899528503418, -19.0, 6.843279838562012, 16.947099685668945, 19.000099182128906)"
12118192,130096,cry_line03_m    ,0,2,model   cl      ,2219,36,482,885,0,0,255,255,1,"[(153, 153, 153, 255)]","(0.0, 0.0, 0.5, 1.0)","(-14.737199783325195, -13.230999946594238, -15.0, 6.843279838562012, 19.602699279785156, 15.000100135803223)"
12118192,130096,cry_line03_m    ,0,3,model   kon_zil ,2219,36,156,307,32768,0,0,126,6,"[(128, 128, 128, 63), (145, 145, 145, 0), (145, 145, 145, 126), (153, 153, 153, 78), (153, 153, 153, 94), (153, 153, 153, 96), (153, 153, 153, 126), (168, 168, 168, 126)]","(0.0, 0.0, 0.8125, 1.0)","(-14.885000228881836, -12.826899528503418, -19.0, 5.570119857788086, 16.947099685668945, 19.000099182128906)"
12118192,130096,cry_line03_m    ,0,4,model   kon_zil3,2219,36,13,19,32768,0,126,126,1,"[(153, 153, 153, 126)]","(0.3359375, 0.375, 0.5625, 0.8828125)","(-10.40310001373291, 14.449000358581543, -19.0, 2.2883899211883545, 19.131000518798828, 19.000099182128906)"
12248768,29440,kabuse_m        ,0,0,model   con_wi1 ,626,36,348,775,0,0,128,255,2,"[(128, 128, 128, 128), (128, 128, 128, 255)]","(0.0, 0.0625, 1.1796875, 1.875)","(-46.733299255371094, -58.33330154418945, -50.53329849243164, 24.63330078125, -30.83329963684082, 26.5)"
12248768,29440,kabuse_m        ,0,1,model   con_wk1 ,626,36,117,247,0,0,128,255,2,"[(128, 128, 128, 128), (128, 128, 128, 255)]","(0.28515625, 0.01953125, 1.421875, 0.66015625)","(-46.733299255371094, -60.0, -52.20000076293945, 25.266700744628906, -30.83329963684082, 10.732600212097168)"
12248768,29440,kabuse_m        ,0,2,model   con_frg1,626,36,189,379,0,0,128,255,2,"[(128, 128, 128, 128), (128, 128, 128, 255)]","(0.55859375, 0.24609375, 0.919921875, 1.3125)","(-29.814899444580078, -61.66669845581055, -49.472599029541016, 22.24650001525879, -42.08330154418945, 23.349199295043945)"
12248768,29440,kabuse_m        ,0,3,model   con_fsg1,626,36,71,155,0,0,128,255,2,"[(128, 128, 128, 128), (128, 128, 128, 255)]","(0.375, 0.7578125, 0.97265625, 1.0)","(-21.3257999420166, -61.66669845581055, -24.135000228881836, 16.51569938659668, -55.0, 9.505669593811035)"
12278208,13312,pl_fla_1_m      ,0,0,model   con_fro1,200,36,70,107,0,0,128,128,1,"[(128, 128, 128, 128)]","(0.751953125, 0.00390625, 0.998046875, 0.99609375)","(-20.0, -0.0, -16.0, 20.0, 0.800000011920929, 20.0)"
12278208,13312,pl_fla_1_m      ,0,1,model   con_fsg1,200,36,82,130,0,0,128,128,1,"[(128, 128, 128, 128)]","(0.001953125, 0.876953125, 0.248046875, 1.123046875)","(-20.0, -0.20000000298023224, -20.0, 20.0, 1.0, 20.0)"
12278208,13312,pl_fla_1_m      ,0,2,model   con_frg1,200,36,178,297,0,0,128,128,1,"[(128, 128, 128, 128)]","(0.001953125, 0.00390625, 0.498046875, 1.99609375)","(-20.0, -0.20000000298023224, -20.0, 20.0, 1.0, 20.0)"
12278208,13312,pl_fla_1_m      ,0,3,model   con_fgg1,200,36,4,4,0,0,128,128,1,"[(128, 128, 128, 128)]","(0.5, 0.5, 0.99609375, 0.99609375)","(0.0, 0.4000000059604645, 8.0, 4.0, 0.800000011920929, 12.0)"
12291520,15616,pl_flb_1_m      ,0,0,model   con_fsg1,210,36,137,220,0,0,128,128,1,"[(128, 128, 128, 128)]","(0.001953125, 0.001953125, 0.373046875, 1.125)","(-20.0, -0.0, -20.0, 20.0, 1.0, 20.0)"
12291520,15616,pl_flb_1_m      ,0,1,model   con_fro1,210,36,44,64,0,0,128,128,1,"[(128, 128, 128, 128)]","(0.751953125, 0.00390625, 0.998046875, 0.99609375)","(-16.0, -0.0, -20.0, 20.0, 1.0, 20.0)"
12291520,15616,pl_flb_1_m      ,0,2,model   con_frg1,210,36,193,297,0,0,128,128,1,"[(128, 128, 128, 128)]","(0.001953125, 0.00390625, 1.123046875, 1.99609375)","(-20.0, -0.30000001192092896, -20.0, 20.0, 0.8500000238418579, 16.0)"
12291520,15616,pl_flb_1_m      ,0,3,model   con_fsg1,210,36,20,28,32768,0,0,126,2,"[(128, 128, 128, 0), (128, 128, 128, 126)]","(0.001953125, 0.126953125, 0.623046875, 0.748046875)","(-16.0, 0.10000000149011612, -4.0, -8.0, 0.800000011920929, 12.0)"
12307136,28768,pl_mob_coi1_m   ,0,0,model   con_wi1 ,463,36,385,747,0,0,255,255,1,"[(105, 105, 105, 255), (119, 119, 119, 255), (128, 128, 128, 255), (136, 136, 136, 255), (148, 148, 148, 255)]","(0.001953125, 0.00390625, 1.2578125, 1.99609375)","(-20.0, -46.5, -20.000200271606445, 20.0, -1.2000000476837158, 16.0)"
12307136,28768,pl_mob_coi1_m   ,0,1,model   con_fsg1,463,36,269,453,0,0,255,255,1,"[(105, 105, 105, 255), (119, 119, 119, 255), (128, 128, 128, 255), (136, 136, 136, 255), (148, 148, 148, 255)]","(0.25, 0.125, 1.0, 1.0)","(-20.0, -46.5, -20.0, 20.0, -2.799999952316284, 20.0)"
12307136,28768,pl_mob_coi1_m   ,0,2,model   con_frg1,463,36,9,21,0,0,128,128,1,"[(128, 128, 128, 128)]","(0.625, 0.25, 0.875, 0.75)","(-20.0, -1.25, -20.0, -15.5, -0.0, -16.0)"
12307136,28768,pl_mob_coi1_m   ,0,3,model   con_wk1 ,463,36,23,45,0,0,255,255,1,"[(105, 105, 105, 255), (119, 119, 119, 255), (128, 128, 128, 255), (136, 136, 136, 255), (148, 148, 148, 255)]","(0.2109375, 0.00390625, 1.51953125, 1.4921875)","(-16.092599868774414, -28.286399841308594, -20.0, -3.636660099029541, -5.505980014801025, -4.798220157623291)"
12307136,28768,pl_mob_coi1_m   ,0,4,model   con_wk2 ,463,36,9,25,0,0,255,255,1,"[(128, 128, 128, 255), (136, 136, 136, 255), (148, 148, 148, 255)]","(0.75390625, 0.0078125, 0.99609375, 0.5)","(-20.0, -44.150001525878906, 3.0309500694274902, -15.098400115966797, -37.72439956665039, 5.0)"
12307136,28768,pl_mob_coi1_m   ,0,5,model   con_wi1 ,463,36,22,47,32768,0,0,128,3,"[(119, 119, 119, 126), (119, 119, 119, 128), (128, 128, 128, 0), (128, 128, 128, 126), (128, 128, 128, 128)]","(0.0, 0.0, 0.248046875, 0.99609375)","(-20.0, -7.400000095367432, -18.0, -12.375, -1.2000000476837158, -9.800049781799316)"
12335904,23264,pl_mob_coi2_m   ,0,0,model   con_wi1 ,404,36,311,605,0,0,255,255,1,"[(128, 128, 128, 255)]","(0.0, 0.0, 1.318359375, 2.0)","(-20.0, -44.70000076293945, -20.0, 20.0, -0.5, 16.0)"
12335904,23264,pl_mob_coi2_m   ,0,1,model   con_fsg1,404,36,204,343,0,0,255,255,1,"[(128, 128, 128, 255)]","(0.25, 0.25, 1.0, 1.0)","(-20.0, -44.900001525878906, -20.0, 20.0, -1.2000000476837158, 20.0)"
12335904,23264,pl_mob_coi2_m   ,0,2,model   con_frg1,404,36,7,15,0,0,128,128,1,"[(128, 128, 128, 128)]","(0.625, 0.25, 0.875, 0.75)","(-20.0, -1.75, -20.0, -16.0, -0.0, -16.0)"
12335904,23264,pl_mob_coi2_m   ,0,3,model   con_wk1 ,404,36,33,75,0,0,255,255,1,"[(128, 128, 128, 255)]","(0.25390625, 0.01171875, 1.46875, 0.80078125)","(-16.0, -43.95000076293945, -4.271480083465576, 8.0, -17.02720069885254, 8.25)"
12335904,23264,pl_mob_coi2_m   ,0,4,model   con_wk2 ,404,36,11,17,0,0,255,255,1,"[(128, 128, 128, 255)]","(0.25, 0.0078125, 0.99609375, 0.5)","(-20.0, -44.150001525878906, -12.139100074768066, -11.699999809265137, -1.899999976158142, 5.0)"
12335904,23264,pl_mob_coi2_m   ,0,5,model   con_wi1 ,404,36,13,21,32768,0,0,128,3,"[(128, 128, 128, 0), (128, 128, 128, 126), (128, 128, 128, 128)]","(0.0, 0.00390625, 0.623046875, 1.5)","(-16.0, -8.45928955078125, -18.0, -7.509429931640625, -1.2000000476837158, -7.773890018463135)"
12359168,31424,pl_mob_coo1_m   ,0,0,model   con_wi1 ,516,36,544,1001,0,0,255,255,1,"[(105, 105, 105, 255), (119, 119, 119, 255), (128, 128, 128, 255), (136, 136, 136, 255), (148, 148, 148, 255)]","(0.001953125, 0.00390625, 1.998046875, 1.99609375)","(-20.0, -44.5, -16.25, 16.0, -0.05000000074505806, 20.0)"
12359168,31424,pl_mob_coo1_m   ,0,1,model   con_frg1,516,36,91,149,0,0,255,255,1,"[(128, 128, 128, 255)]","(0.001953125, 0.00390625, 1.125, 1.0)","(-20.0, -2.799999952316284, -20.0, 20.0, 1.0, 20.0)"
12359168,31424,pl_mob_coo1_m   ,0,2,model   con_fgg1,516,36,26,41,0,0,255,255,1,"[(128, 128, 128, 255)]","(0.00390625, 0.00390625, 1.0, 1.24609375)","(-4.0, -1.2000000476837158, -20.0, 20.0, 1.0, 4.0)"
12359168,31424,pl_mob_coo1_m   ,0,3,model   con_fsg1,516,36,80,161,0,0,255,255,1,"[(105, 105, 105, 255), (119, 119, 119, 255), (128, 128, 128, 255), (136, 136, 136, 255), (148, 148, 148, 255)]","(0.001953125, 0.666015625, 0.998046875, 1.123046875)","(-20.0, -44.5, -16.0, 12.0, 0.30000001192092896, 20.0)"
12359168,31424,pl_mob_coo1_m   ,0,4,model   con_frg2,516,36,8,10,0,0,255,255,1,"[(128, 128, 128, 255)]","(0.0078125, 0.25, 0.9921875, 1.99609375)","(0.0, -1.2031199932098389, -12.0, 12.0, -0.699999988079071, -0.0)"
12359168,31424,pl_mob_coo1_m   ,0,5,model   con_wi1 ,516,36,37,65,32768,0,0,128,3,"[(119, 119, 119, 126), (128, 128, 128, 0), (128, 128, 128, 126), (128, 128, 128, 128)]","(0.001953125, 0.00390625, 1.248046875, 1.99609375)","(-11.806099891662598, -7.400000095367432, -11.5, 12.0, -0.699999988079071, 20.0)"
12390592,32272,pl_mob_st1_m    ,0,0,model   con_frg1,523,36,60,91,0,0,128,255,2,"[(119, 119, 119, 128), (119, 119, 119, 255), (128, 128, 128, 128), (128, 128, 128, 255), (136, 136, 136, 128), (136, 136, 136, 255)]","(0.001953125, 0.00390625, 1.125, 1.75)","(-20.0, -3.5, -20.0, 20.0, 1.0, -11.631199836730957)"
12390592,32272,pl_mob_st1_m    ,0,1,model   con_frg2,523,36,4,4,0,0,128,128,1,"[(128, 128, 128, 128), (136, 136, 136, 128)]","(0.0078125, 0.25, 0.9921875, 0.75)","(12.0, -1.2000000476837158, -20.0, 16.0, 0.20000000298023224, -15.699999809265137)"
12390592,32272,pl_mob_st1_m    ,0,2,model   con_wk1 ,523,36,35,55,0,0,128,255,2,"[(105, 105, 105, 255), (119, 119, 119, 128), (119, 119, 119, 255), (128, 128, 128, 128), (128, 128, 128, 255), (136, 136, 136, 128), (136, 136, 136, 255), (148, 148, 148, 255)]","(0.00390625, 0.00390625, 1.0, 1.296875)","(-16.0, -29.81760025024414, -15.899999618530273, 8.20238971710205, 0.6499999761581421, -0.4457089900970459)"
12390592,32272,pl_mob_st1_m    ,0,3,model   con_wk2 ,523,36,21,39,0,0,128,255,2,"[(119, 119, 119, 128), (128, 128, 128, 128), (128, 128, 128, 255), (136, 136, 136, 128), (136, 136, 136, 255), (148, 148, 148, 255)]","(0.25, 0.015625, 0.984375, 0.9921875)","(-12.100000381469727, -41.45000076293945, -12.699999809265137, 4.922520160675049, -1.350000023841858, 4.5)"
12390592,32272,pl_mob_st1_m    ,0,4,model   con_fsg1,523,36,192,327,0,0,128,255,2,"[(105, 105, 105, 255), (119, 119, 119, 128), (119, 119, 119, 255), (128, 128, 128, 128), (128, 128, 128, 255), (136, 136, 136, 128), (136, 136, 136, 255), (148, 148, 148, 255)]","(0.25, 0.125, 1.0, 1.123046875)","(-20.0, -44.5, -16.0, 20.0, 0.20312300324440002, 20.0)"
12390592,32272,pl_mob_st1_m    ,0,5,model   con_wi1 ,523,36,448,905,0,0,128,255,2,"[(105, 105, 105, 128), (105, 105, 105, 255), (119, 119, 119, 128), (119, 119, 119, 255), (128, 128, 128, 128), (128, 128, 128, 255), (136, 136, 136, 128), (136, 136, 136, 255)]","(0.001953125, 0.00390625, 1.345703125, 2.0)","(-20.000099182128906, -44.5, -16.0, 20.0, -0.7495800256729126, 16.0)"
12390592,32272,pl_mob_st1_m    ,0,6,model   con_wi1 ,523,36,36,65,32768,0,0,128,3,"[(128, 128, 128, 0), (128, 128, 128, 126), (128, 128, 128, 128)]","(0.001953125, 0.00390625, 0.623046875, 0.99609375)","(-8.000029563903809, -19.861000061035156, -16.0, 20.0, -0.550000011920929, -0.8624879717826843)"
12390592,32272,pl_mob_st1_m    ,0,7,model   con_fgg1,523,36,4,4,32768,0,126,128,2,"[(128, 128, 128, 126), (128, 128, 128, 128)]","(0.00390625, 0.00390625, 0.49609375, 0.49609375)","(-4.419219970703125, -1.1830699443817139, -16.049999237060547, 0.0, 0.44999998807907104, -12.442299842834473)"
12390592,32272,pl_mob_st1_m    ,0,8,model   con_fsg1,523,36,4,4,32768,0,0,126,2,"[(128, 128, 128, 0), (128, 128, 128, 126)]","(0.751953125, 0.376953125, 0.998046875, 0.595489501953125)","(-20.0, -2.799999952316284, -16.0, -16.0, -1.2000000476837158, -12.0)"
12422864,31472,pl_mob_st2_m    ,0,0,model   con_frg1,515,36,48,70,0,0,128,255,2,"[(119, 119, 119, 128), (119, 119, 119, 255), (128, 128, 128, 128), (128, 128, 128, 255), (136, 136, 136, 128)]","(0.001953125, 0.00390625, 1.125, 1.99609375)","(-20.0, -3.5999999046325684, -20.0, 20.0, 1.0, -10.399999618530273)"
12422864,31472,pl_mob_st2_m    ,0,1,model   con_fgg1,515,36,6,11,0,0,128,128,1,"[(128, 128, 128, 128)]","(0.50390625, 0.50390625, 0.99609375, 1.49609375)","(-16.0, -2.799999952316284, -20.0, -12.0, 0.20000000298023224, -12.0)"
12422864,31472,pl_mob_st2_m    ,0,2,model   con_wi1 ,515,36,427,843,0,0,255,255,1,"[(105, 105, 105, 255), (119, 119, 119, 255), (128, 128, 128, 255), (136, 136, 136, 255), (148, 148, 148, 255)]","(0.001953125, 0.0, 1.5859375, 1.99609375)","(-20.0, -50.25, -16.0, 20.0, -0.30000001192092896, 9.049989700317383)"
12422864,31472,pl_mob_st2_m    ,0,3,model   con_fsg1,515,36,209,375,0,0,128,255,2,"[(105, 105, 105, 255), (119, 119, 119, 128), (119, 119, 119, 255), (128, 128, 128, 128), (128, 128, 128, 255), (136, 136, 136, 255), (148, 148, 148, 255)]","(0.25, 0.125, 1.0, 1.123046875)","(-20.0, -50.54999923706055, -16.049999237060547, 20.0, 0.25, 20.0)"
12422864,31472,pl_mob_st2_m    ,0,4,model   con_wk1 ,515,36,62,103,0,0,128,255,2,"[(105, 105, 105, 255), (119, 119, 119, 128), (119, 119, 119, 255), (128, 128, 128, 128), (128, 128, 128, 255), (136, 136, 136, 128), (136, 136, 136, 255), (148, 148, 148, 255)]","(0.00390625, 0.00390625, 1.99609375, 1.0)","(-18.0, -47.150001525878906, -15.899999618530273, 20.0, 0.6499999761581421, 8.450010299682617)"
12422864,31472,pl_mob_st2_m    ,0,5,model   con_wk2 ,515,36,4,4,0,0,128,128,1,"[(119, 119, 119, 128), (128, 128, 128, 128)]","(0.50390625, 0.5078125, 0.99609375, 0.9921875)","(7.949999809265137, -1.2671899795532227, -15.899999618530273, 12.050000190734863, 0.4531230032444, -14.149999618530273)"
12422864,31472,pl_mob_st2_m    ,0,6,model   con_frg2,515,36,8,10,0,0,128,255,2,"[(128, 128, 128, 128), (128, 128, 128, 255), (136, 136, 136, 128)]","(0.0078125, 0.25, 0.9921875, 1.25)","(-20.0, -2.799999952316284, -16.0, 4.0, 0.6499999761581421, -12.0)"
12422864,31472,pl_mob_st2_m    ,0,7,model   con_wi1 ,515,36,21,33,32768,0,126,128,2,"[(128, 128, 128, 126), (128, 128, 128, 128)]","(0.001953125, 0.00390625, 1.25, 0.99609375)","(-8.286979675292969, -7.400000095367432, -16.049999237060547, 20.0, 0.6499999761581421, -9.800000190734863)"
12454336,24928,pl_mobana_coo1_m,0,0,model   con_wk1 ,425,36,43,69,0,0,128,128,1,"[(105, 105, 105, 128), (119, 119, 119, 128), (128, 128, 128, 128), (136, 136, 136, 128), (148, 148, 148, 128)]","(0.5, 0.00390625, 1.79296875, 0.83984375)","(-20.0, -40.70000076293945, -20.0, -0.3130039870738983, -3.5999999046325684, 7.75)"
12454336,24928,pl_mobana_coo1_m,0,1,model   con_wi1 ,425,36,333,665,0,0,128,128,1,"[(105, 105, 105, 128), (119, 119, 119, 128), (128, 128, 128, 128), (136, 136, 136, 128), (148, 148, 148, 128)]","(0.126953125, 0.00390625, 1.248046875, 1.99609375)","(-20.0, -44.599998474121094, -20.0, 20.0, -1.2000000476837158, 20.0)"
12454336,24928,pl_mobana_coo1_m,0,2,model   con_fsg1,425,36,144,279,0,0,128,255,2,"[(105, 105, 105, 128), (119, 119, 119, 128), (119, 119, 119, 255), (128, 128, 128, 128), (128, 128, 128, 255), (136, 136, 136, 128), (148, 148, 148, 128), (148, 148, 148, 255)]","(0.251953125, 0.376953125, 0.998046875, 1.009765625)","(-20.0, -44.599998474121094, -20.0, 20.0, -2.799999952316284, 20.0)"
12454336,24928,pl_mobana_coo1_m,0,3,model   con_wk2 ,425,36,16,33,0,0,128,128,1,"[(105, 105, 105, 128), (119, 119, 119, 128), (128, 128, 128, 128), (136, 136, 136, 128), (148, 148, 148, 128)]","(0.5078125, 0.0078125, 0.9921875, 0.640625)","(-8.25, -40.349998474121094, -0.75, -1.0, -32.95000076293945, 5.5)"
12454336,24928,pl_mobana_coo1_m,0,4,model   con_frg1,425,36,5,5,0,0,128,128,1,"[(128, 128, 128, 128)]","(0.626953125, 0.25390625, 0.873046875, 0.74609375)","(-20.0, -1.2000000476837158, -20.0, -16.0, -0.0, -16.0)"
12454336,24928,pl_mobana_coo1_m,0,5,model   con_frg2,425,36,65,141,0,0,128,255,2,"[(105, 105, 105, 128), (119, 119, 119, 128), (119, 119, 119, 255), (128, 128, 128, 128), (128, 128, 128, 255), (136, 136, 136, 128), (148, 148, 148, 128), (148, 148, 148, 255)]","(0.5078125, 0.00390625, 0.9921875, 0.8984375)","(-20.0, -44.5, -12.5, 20.0, -37.75, 20.0)"
12454336,24928,pl_mobana_coo1_m,0,6,model   con_wi1 ,425,36,11,17,32768,0,0,128,2,"[(119, 119, 119, 0), (119, 119, 119, 128), (120, 120, 120, 0), (120, 120, 120, 128), (128, 128, 128, 0), (128, 128, 128, 128)]","(0.251953125, 0.5, 0.748046875, 1.74609375)","(-16.0, -10.350000381469727, -18.0, -7.25, -1.2000000476837158, -9.75)"
12479264,10512,pl_mobana_coo3_m,0,0,model   con_wi1 ,193,36,174,287,0,0,128,255,2,"[(0, 0, 0, 128), (0, 0, 0, 255), (15, 15, 15, 128), (15, 15, 15, 255), (30, 30, 30, 128), (30, 30, 30, 255), (40, 40, 40, 128), (40, 40, 40, 255)]","(0.0, 0.0, 1.125, 2.0)","(-14.0, -10.706000328063965, -15.670000076293945, 15.168000221252441, -3.5999999046325684, 1.3650100231170654)"
12479264,10512,pl_mobana_coo3_m,0,1,model   con_wk1 ,193,36,20,24,0,0,128,255,2,"[(15, 15, 15, 255), (30, 30, 30, 128), (30, 30, 30, 255), (40, 40, 40, 128), (40, 40, 40, 255), (64, 64, 64, 255)]","(0.75, 0.25, 1.25, 0.75)","(-4.808000087738037, -10.206000328063965, -8.20398998260498, 4.5279998779296875, -5.449999809265137, 0.9340059757232666)"
12479264,10512,pl_mobana_coo3_m,0,2,model   con_fsg1,193,36,30,55,0,0,128,128,1,"[(0, 0, 0, 128), (15, 15, 15, 128), (30, 30, 30, 128), (40, 40, 40, 128), (64, 64, 64, 128), (85, 85, 85, 128), (96, 96, 96, 128), (105, 105, 105, 128)]","(0.375, 0.376953125, 0.998046875, 1.0)","(-13.75, -6.050000190734863, -15.25, 14.586000442504883, -3.4230000972747803, 0.6580049991607666)"
12479264,10512,pl_mobana_coo3_m,0,3,model   con_frg2,193,36,10,17,0,0,128,128,1,"[(30, 30, 30, 128), (40, 40, 40, 128), (64, 64, 64, 128), (85, 85, 85, 128), (96, 96, 96, 128), (119, 119, 119, 128)]","(0.5, 0.00390625, 0.9921875, 0.99609375)","(-8.727999687194824, -5.849999904632568, -13.20300006866455, 5.860000133514404, -4.0, 0.24899299442768097)"
12479264,10512,pl_mobana_coo3_m,0,4,model   con_frg1,193,36,4,4,0,0,128,128,1,"[(64, 64, 64, 128), (85, 85, 85, 128), (96, 96, 96, 128)]","(0.625, 0.25, 0.875, 0.5)","(-5.84499979019165, -4.980000019073486, -10.425000190734863, -0.573989987373352, -4.084000110626221, -5.815989971160889)"
12479264,10512,pl_mobana_coo3_m,0,5,model   con_wi1 ,193,36,23,37,32768,0,0,128,2,"[(40, 40, 40, 128), (85, 85, 85, 0), (85, 85, 85, 128), (96, 96, 96, 128), (97, 97, 97, 0), (105, 105, 105, 0), (110, 110, 110, 128), (119, 119, 119, 0)]","(0.251953125, 0.00390625, 1.0, 1.5)","(-13.75, -10.706000328063965, -15.670000076293945, -5.723010063171387, -3.4230000972747803, -8.253009796142578)"
12489776,32448,pl_mobsla_coo1_m,0,0,model   con_wk1 ,482,36,87,155,0,0,255,255,1,"[(105, 105, 105, 255), (119, 119, 119, 255), (128, 128, 128, 255), (136, 136, 136, 255), (148, 148, 148, 255)]","(0.25390625, 0.00390625, 1.74609375, 0.84375)","(-9.800000190734863, -44.731998443603516, -20.0, 20.0, 1.4429999589920044, 9.800000190734863)"
12489776,32448,pl_mobsla_coo1_m,0,1,model   con_wi1 ,482,36,406,723,0,0,128,255,2,"[(105, 105, 105, 255), (119, 119, 119, 128), (119, 119, 119, 255), (128, 128, 128, 128), (128, 128, 128, 255), (136, 136, 136, 128), (136, 136, 136, 255), (148, 148, 148, 255)]","(0.001953125, 0.00390625, 1.748046875, 1.99609375)","(-16.0, -45.14540100097656, -20.0, 20.0, 4.449999809265137, 16.0)"
12489776,32448,pl_mobsla_coo1_m,0,2,model   con_frg1,482,36,122,187,0,0,128,255,2,"[(119, 119, 119, 128), (119, 119, 119, 255), (128, 128, 128, 128), (128, 128, 128, 255), (136, 136, 136, 128)]","(0.001953125, 0.00390625, 1.125, 1.99609375)","(-20.0, -1.2000000476837158, -16.0, 16.0, 8.0, 20.0)"
12489776,32448,pl_mobsla_coo1_m,0,3,model   con_fsg1,482,36,133,225,0,0,128,255,2,"[(105, 105, 105, 255), (119, 119, 119, 128), (119, 119, 119, 255), (128, 128, 128, 128), (128, 128, 128, 255), (136, 136, 136, 255), (148, 148, 148, 255)]","(0.125, 0.25, 1.0, 1.123046875)","(-20.0, -45.95000076293945, -20.0, 20.0, 5.400000095367432, 16.0)"
12489776,32448,pl_mobsla_coo1_m,0,4,model   con_frg2,482,36,4,4,0,0,128,128,1,"[(128, 128, 128, 128)]","(0.0078125, 0.00390625, 0.9921875, 0.5)","(16.0, -1.2000000476837158, 16.0, 20.0, -0.0, 20.0)"
12489776,32448,pl_mobsla_coo1_m,0,5,model   con_fgg1,482,36,4,4,0,0,128,128,1,"[(128, 128, 128, 128)]","(0.25390625, 0.75390625, 0.74609375, 1.24609375)","(-16.0, 3.75, -9.999999974752427e-07, -12.0, 4.75, 4.0)"
12489776,32448,pl_mobsla_coo1_m,0,6,model   con_wi1 ,482,36,59,105,32768,0,0,128,3,"[(119, 119, 119, 0), (119, 119, 119, 126), (119, 119, 119, 128), (128, 128, 128, 0), (128, 128, 128, 126), (128, 128, 128, 128), (136, 136, 136, 126), (136, 136, 136, 128)]","(0.001953125, 0.00390625, 1.248046875, 1.5)","(-16.0, -5.139190196990967, -16.0, 16.0, 3.25, 12.0)"
12522224,30000,pl_mobsla_st1_m ,0,0,model   con_fsg1,516,36,151,269,0,0,128,128,1,"[(105, 105, 105, 128), (119, 119, 119, 128), (128, 128, 128, 128), (136, 136, 136, 128), (148, 148, 148, 128)]","(0.25, 0.125, 1.0, 1.123046875)","(-20.0, -55.25, -20.0, 20.0, -1.5, 20.0)"
12522224,30000,pl_mobsla_st1_m ,0,1,model   con_frg1,516,36,41,69,0,0,128,128,1,"[(119, 119, 119, 128), (128, 128, 128, 128)]","(0.001953125, 0.00390625, 1.125, 1.74609375)","(-20.0, -9.199999809265137, -20.0, 20.0, -0.0, -11.598999977111816)"
12522224,30000,pl_mobsla_st1_m ,0,2,model   con_wi1 ,516,36,408,815,0,0,128,128,1,"[(105, 105, 105, 128), (119, 119, 119, 128), (128, 128, 128, 128), (136, 136, 136, 128), (148, 148, 148, 128)]","(0.001953125, 0.00390625, 1.244140625, 2.0)","(-20.0, -55.25, -16.0, 20.0, -1.2000000476837158, 16.0)"
12522224,30000,pl_mobsla_st1_m ,0,3,model   con_wk1 ,516,36,81,165,0,0,128,128,1,"[(105, 105, 105, 128), (119, 119, 119, 128), (128, 128, 128, 128), (136, 136, 136, 128), (148, 148, 148, 128)]","(0.25390625, 0.00390625, 1.92578125, 0.99609375)","(-20.0, -42.5, -12.0, 20.0, -4.300000190734863, 8.02301025390625)"
12522224,30000,pl_mobsla_st1_m ,0,4,model   con_fgg1,516,36,6,11,0,0,128,128,1,"[(119, 119, 119, 128), (128, 128, 128, 128)]","(0.25, 0.25, 1.25, 0.75)","(-8.0, -4.5, -20.0, 0.0, -1.75, -16.0)"
12522224,30000,pl_mobsla_st1_m ,0,5,model   con_wk2 ,516,36,28,49,0,0,128,128,1,"[(119, 119, 119, 128), (128, 128, 128, 128), (136, 136, 136, 128), (148, 148, 148, 128)]","(0.00390625, 0.0, 0.99609375, 0.9921875)","(-4.0, -55.25, -13.5, 16.0, -3.546999931335449, 16.159000396728516)"
12522224,30000,pl_mobsla_st1_m ,0,6,model   con_wi1 ,516,36,31,47,32768,0,0,128,3,"[(128, 128, 128, 0), (128, 128, 128, 126), (128, 128, 128, 128)]","(0.001953125, 0.00390625, 0.623046875, 0.99609375)","(-16.0, -15.399999618530273, -16.0, 20.0, -2.799999952316284, -5.139999866485596)"
12552224,20432,pl_roa_br1_m    ,0,0,model   con_frg1,293,36,217,353,0,0,128,255,2,"[(128, 128, 128, 128), (128, 128, 128, 255)]","(0.001953125, 0.00390625, 1.123046875, 1.99609375)","(-20.0, -0.25, -20.0, 20.0, 1.75, 20.0)"
12552224,20432,pl_roa_br1_m    ,0,1,model   con_fsg1,293,36,74,125,0,0,128,255,2,"[(128, 128, 128, 128), (128, 128, 128, 255)]","(0.001953125, 0.25, 0.998046875, 0.998046875)","(-4.5, 0.25, -20.0, 16.0, 2.75, 20.0)"
12552224,20432,pl_roa_br1_m    ,0,2,model   con_fro1,293,36,169,283,0,0,128,255,2,"[(128, 128, 128, 128), (128, 128, 128, 255)]","(0.001953125, 0.00390625, 0.998046875, 0.99609375)","(-16.0, -0.25, -20.0, 20.0, 3.0, 20.0)"
12552224,20432,pl_roa_br1_m    ,0,3,model   con_wi1 ,293,36,37,65,32768,0,126,128,2,"[(128, 128, 128, 126), (128, 128, 128, 128)]","(0.0, 0.00390625, 1.248046875, 0.99609375)","(-4.0, -0.0, -8.0, 12.0, 2.25, 12.0)"
12552224,20432,pl_roa_br1_m    ,0,4,model   con_fro1,293,36,8,10,32768,0,126,128,2,"[(128, 128, 128, 126), (128, 128, 128, 128)]","(0.001953125, 0.00390625, 0.248046875, 0.99609375)","(1.25, 2.25, -4.25, 5.25, 3.0, 4.0)"
12552224,20432,pl_roa_br1_m    ,0,5,model   con_frg1,293,36,8,10,32768,0,0,128,3,"[(128, 128, 128, 0), (128, 128, 128, 126), (128, 128, 128, 128)]","(0.251953125, 0.00390625, 0.498046875, 0.74609375)","(-16.0, 0.25, -8.0, 8.0, 2.25, -0.0)"
12572656,20896,pl_roa_co1_m    ,0,0,model   con_frg1,273,36,246,421,0,0,128,128,1,"[(128, 128, 128, 128)]","(0.001953125, 0.00390625, 1.498046875, 1.99609375)","(-20.0, -0.75, -20.0, 20.0, 2.0, 20.0)"
12572656,20896,pl_roa_co1_m    ,0,1,model   con_fgg1,273,36,40,58,0,0,128,128,1,"[(128, 128, 128, 128)]","(0.00390625, 0.00390625, 0.99609375, 0.99609375)","(-20.0, -0.25, -20.0, 20.0, 1.0, 20.0)"
12572656,20896,pl_roa_co1_m    ,0,2,model   con_fsg1,273,36,44,69,0,0,128,128,1,"[(128, 128, 128, 128)]","(0.001953125, 0.25, 0.75, 1.123046875)","(-20.0, -0.0, -20.0, 20.0, 2.5, 16.0)"
12572656,20896,pl_roa_co1_m    ,0,3,model   con_fro1,273,36,114,185,0,0,128,128,1,"[(128, 128, 128, 128)]","(0.001953125, 0.00390625, 0.998046875, 0.99609375)","(-20.0, -0.75, -20.0, 16.0, 2.75, 12.0)"
12572656,20896,pl_roa_co1_m    ,0,4,model   con_frg1,273,36,14,25,32768,0,0,128,3,"[(128, 128, 128, 0), (128, 128, 128, 126), (128, 128, 128, 128)]","(0.251953125, 0.00390625, 0.998046875, 0.99609375)","(-20.0, -0.0, -8.0, -12.0, 2.25, 16.0)"
12572656,20896,pl_roa_co1_m    ,0,5,model   con_fgg1,273,36,10,15,32768,0,126,128,2,"[(128, 128, 128, 126), (128, 128, 128, 128)]","(0.00390625, 0.25390625, 0.99609375, 0.99609375)","(-16.0, 0.75, -16.0, 4.0, 2.0, 4.0)"
12572656,20896,pl_roa_co1_m    ,0,6,model   con_fro1,273,36,22,45,32768,0,126,128,2,"[(128, 128, 128, 126), (128, 128, 128, 128)]","(0.001953125, 0.00390625, 0.623046875, 0.99609375)","(-8.0, 1.5, -12.0, -1.600000023841858, 2.75, -1.600000023841858)"
12572656,20896,pl_roa_co1_m    ,0,7,model   con_wi1 ,273,36,33,55,32768,0,126,128,2,"[(128, 128, 128, 126), (128, 128, 128, 128)]","(0.001953125, 0.00390625, 1.248046875, 0.99609375)","(-12.0, -0.0, -12.0, 4.0, 2.5, 0.30000001192092896)"
12593552,18928,pl_roa_ed1_m    ,0,0,model   con_frg1,259,36,160,255,0,0,128,128,1,"[(128, 128, 128, 128)]","(0.001953125, 0.00390625, 1.125, 1.99609375)","(-20.0, -0.5, -20.0, 20.0, 1.5, 20.0)"
12593552,18928,pl_roa_ed1_m    ,0,1,model   con_fgg1,259,36,88,130,0,0,128,128,1,"[(128, 128, 128, 128)]","(0.00390625, 0.00390625, 0.99609375, 0.99609375)","(-20.0, -0.10000000149011612, -20.0, 20.0, 1.5, 20.0)"
12593552,18928,pl_roa_ed1_m    ,0,2,model   con_fsg1,259,36,102,159,0,0,128,128,1,"[(128, 128, 128, 128)]","(0.001953125, 0.001953125, 0.998046875, 1.123046875)","(-16.0, -0.0, -20.0, 16.0, 2.25, 16.0)"
12593552,18928,pl_roa_ed1_m    ,0,3,model   con_fro1,259,36,68,121,0,0,128,128,1,"[(128, 128, 128, 128)]","(0.001953125, 0.00390625, 0.998046875, 0.99609375)","(-16.0, -0.5, -20.0, 16.0, 2.25, 16.0)"
12593552,18928,pl_roa_ed1_m    ,0,4,model   con_frg1,259,36,45,68,32768,0,0,128,4,"[(128, 128, 128, 0), (128, 128, 128, 54), (128, 128, 128, 126), (128, 128, 128, 128)]","(0.001953125, 0.00390625, 0.873046875, 1.99609375)","(-12.0, -0.5, -16.0, 16.0, 2.25, 16.0)"
12593552,18928,pl_roa_ed1_m    ,0,5,model   con_fsg1,259,36,6,6,32768,0,0,126,2,"[(128, 128, 128, 0), (128, 128, 128, 126)]","(0.501953125, 0.501953125, 0.748046875, 0.748046875)","(-4.0, 2.0, -4.0, 0.25, 2.25, -0.0)"
12593552,18928,pl_roa_ed1_m    ,0,6,model   con_wi1 ,259,36,7,9,32768,0,126,128,2,"[(128, 128, 128, 126), (128, 128, 128, 128)]","(0.001953125, 0.75, 0.25, 1.0)","(0.75, 0.5694900155067444, -12.0, 4.2567901611328125, 2.0, -8.0)"
12612480,18752,pl_roa_st1_m    ,0,0,model   con_frg1,257,36,146,233,0,0,128,128,1,"[(128, 128, 128, 128)]","(0.001953125, 0.00390625, 1.125, 1.99609375)","(-20.0, -0.5, -20.0, 20.0, 2.5, 20.0)"
12612480,18752,pl_roa_st1_m    ,0,1,model   con_fgg1,257,36,60,88,0,0,128,128,1,"[(128, 128, 128, 128)]","(0.00390625, 0.00390625, 0.99609375, 0.99609375)","(-20.0, -0.25, -20.0, 20.0, 1.5, 4.0)"
12612480,18752,pl_roa_st1_m    ,0,2,model   con_fro1,257,36,126,217,0,0,128,128,1,"[(128, 128, 128, 128)]","(0.001953125, 0.00390625, 0.998046875, 0.99609375)","(-16.0, -0.5, -20.0, 16.0, 3.25, 20.0)"
12612480,18752,pl_roa_st1_m    ,0,3,model   con_fsg1,257,36,114,181,0,0,128,128,1,"[(128, 128, 128, 128)]","(0.001953125, 0.001953125, 0.875, 1.123046875)","(-8.0, -0.25, -20.0, 20.0, 3.0, 20.0)"
12612480,18752,pl_roa_st1_m    ,0,4,model   con_frg1,257,36,26,41,32768,0,0,128,3,"[(128, 128, 128, 0), (128, 128, 128, 126), (128, 128, 128, 128)]","(0.001953125, 0.00390625, 0.998046875, 1.99609375)","(-12.0, -0.5, -16.0, 11.75, 2.0, 20.0)"
12631232,18960,pl_roasla_co1_m ,0,0,model   con_fro1,258,36,113,185,0,0,128,128,1,"[(128, 128, 128, 128)]","(0.001953125, 0.00390625, 0.998046875, 0.99609375)","(-20.0, -8.25, -20.0, 20.0, -0.0, 20.0)"
12631232,18960,pl_roasla_co1_m ,0,1,model   con_frg1,258,36,246,397,0,0,128,128,1,"[(128, 128, 128, 128)]","(0.001953125, 0.00390625, 1.125, 1.99609375)","(-20.0, -8.25, -20.0, 20.0, -0.0, 20.0)"
12631232,18960,pl_roasla_co1_m ,0,2,model   con_fsg1,258,36,54,83,0,0,128,128,1,"[(128, 128, 128, 128)]","(0.001953125, 0.251953125, 0.75, 1.123046875)","(-20.0, -8.0, -20.0, 20.0, -0.0, 20.0)"
12631232,18960,pl_roasla_co1_m ,0,3,model   con_fgg1,258,36,16,22,0,0,128,128,1,"[(128, 128, 128, 128)]","(0.25390625, 0.25390625, 0.99609375, 0.99609375)","(-20.0, -8.25, -20.0, 4.0, -5.5, 12.0)"
12631232,18960,pl_roasla_co1_m ,0,4,model   con_fro1,258,36,17,33,32768,0,126,128,2,"[(128, 128, 128, 126), (128, 128, 128, 128)]","(0.001953125, 0.00390625, 0.623046875, 0.49609375)","(-8.0, -6.25, -8.0, -1.600000023841858, -5.25, -1.600000023841858)"
12631232,18960,pl_roasla_co1_m ,0,5,model   con_wi1 ,258,36,27,43,32768,0,126,128,2,"[(128, 128, 128, 126), (128, 128, 128, 128)]","(0.001953125, 0.50390625, 0.248046875, 0.99609375)","(-12.0, -7.75, -12.0, 4.0, -5.5, 0.30000001192092896)"
12631232,18960,pl_roasla_co1_m ,0,6,model   con_frg1,258,36,3,3,32768,0,0,126,2,"[(128, 128, 128, 0), (128, 128, 128, 126)]","(0.126953125, 1.00390625, 0.373046875, 1.49609375)","(4.0, -5.5, 8.0, 8.0, -4.25, 12.0)"
12650192,20704,pl_roasla_st1_m ,0,0,model   con_fsg1,275,36,114,171,0,0,128,255,2,"[(128, 128, 128, 128), (128, 128, 128, 255)]","(0.001953125, 0.001953125, 1.248046875, 1.5)","(-20.0, -7.5, -20.0, 8.0, 2.0, 20.0)"
12650192,20704,pl_roasla_st1_m ,0,1,model   con_frg1,275,36,176,262,0,0,128,255,2,"[(128, 128, 128, 128), (128, 128, 128, 255)]","(0.001953125, 0.00390625, 1.373046875, 1.99609375)","(-20.0, -8.0, -20.0, 20.0, 1.5, 20.0)"
12650192,20704,pl_roasla_st1_m ,0,2,model   con_fgg1,275,36,52,76,0,0,128,255,2,"[(128, 128, 128, 128), (128, 128, 128, 255)]","(0.00390625, 0.00390625, 0.99609375, 0.99609375)","(-20.0, -8.0, -16.0, 16.0, 0.5, 20.0)"
12650192,20704,pl_roasla_st1_m ,0,3,model   con_fro1,275,36,134,221,0,0,128,255,2,"[(128, 128, 128, 128), (128, 128, 128, 255)]","(0.001953125, 0.00390625, 0.998046875, 0.99609375)","(-20.0, -8.0, -20.0, 20.0, 2.25, 20.0)"
12650192,20704,pl_roasla_st1_m ,0,4,model   con_frg1,275,36,28,40,32768,0,0,128,3,"[(128, 128, 128, 0), (128, 128, 128, 126), (128, 128, 128, 128)]","(0.001953125, 0.25, 1.123046875, 1.99609375)","(-16.0, -5.0, -20.0, 8.0, 1.5, 8.0)"
12650192,20704,pl_roasla_st1_m ,0,5,model   con_wi1 ,275,36,15,21,32768,0,126,128,2,"[(128, 128, 128, 126), (128, 128, 128, 128)]","(0.001953125, 0.50390625, 0.248046875, 0.99609375)","(-8.0, -7.0, -4.0, -3.75, -0.75, 12.0)"
12650192,20704,pl_roasla_st1_m ,0,6,model   con_fsg1,275,36,4,4,32768,0,126,128,2,"[(128, 128, 128, 126), (128, 128, 128, 128)]","(0.251953125, 0.501953125, 0.498046875, 0.748046875)","(1.0, -3.8476600646972656, -0.0, 4.0, -2.5, 4.0)"
12670896,16864,pl_sla_coi1_m   ,0,0,model   con_fsg1,217,36,114,172,0,0,128,128,1,"[(128, 128, 128, 128)]","(0.001953125, 0.001953125, 0.998046875, 1.123046875)","(-20.0, -8.0, -20.0, 20.0, 1.0, 20.0)"
12670896,16864,pl_sla_coi1_m   ,0,1,model   con_frg1,217,36,190,295,0,0,128,128,1,"[(128, 128, 128, 128)]","(0.001953125, 0.00390625, 1.125, 1.99609375)","(-20.0, -8.0, -20.0, 16.0, 1.0, 20.0)"
12670896,16864,pl_sla_coi1_m   ,0,2,model   con_fro1,217,36,48,70,0,0,128,128,1,"[(128, 128, 128, 128)]","(0.751953125, 0.00390625, 0.998046875, 0.99609375)","(-20.0, -8.0, -20.0, 20.0, 1.0, 20.0)"
12670896,16864,pl_sla_coi1_m   ,0,3,model   con_fgg1,217,36,40,58,0,0,128,128,1,"[(128, 128, 128, 128)]","(0.00390625, 0.00390625, 0.99609375, 0.99609375)","(-20.0, -6.0, -16.0, 20.0, 0.800000011920929, 16.0)"
12670896,16864,pl_sla_coi1_m   ,0,4,model   con_frg1,217,36,8,10,32768,0,0,126,2,"[(128, 128, 128, 0), (128, 128, 128, 126)]","(0.751953125, 1.25390625, 1.248046875, 1.74609375)","(-4.0, -2.75, -16.0, 4.0, 0.4000000059604645, 8.0)"
12670896,16864,pl_sla_coi1_m   ,0,5,model   con_fro1,217,36,10,12,32768,0,0,126,2,"[(128, 128, 128, 0), (128, 128, 128, 126)]","(0.751953125, 0.00390625, 0.998046875, 0.99609375)","(8.0, -1.5, -4.0, 16.0, 0.4000000059604645, 8.0)"
12670896,16864,pl_sla_coi1_m   ,0,6,model   con_fsg1,217,36,15,21,32768,0,0,126,2,"[(128, 128, 128, 0), (128, 128, 128, 126)]","(0.001953125, 0.001953125, 0.623046875, 0.998046875)","(0.0, -3.5, -0.0, 12.0, 0.20000000298023224, 16.0)"
12687760,17200,pl_sla_coo1_m   ,0,0,model   con_fsg1,219,36,74,113,0,0,128,128,1,"[(128, 128, 128, 128)]","(0.001953125, 0.001953125, 0.623046875, 1.123046875)","(-20.0, -8.600000381469727, -20.0, 20.0, -0.0, 20.0)"
12687760,17200,pl_sla_coo1_m   ,0,1,model   con_frg1,219,36,244,377,0,0,128,128,1,"[(128, 128, 128, 128)]","(0.001953125, 0.00390625, 1.498046875, 1.99609375)","(-20.0, -9.5, -20.0, 20.0, -1.5, 20.0)"
12687760,17200,pl_sla_coo1_m   ,0,2,model   con_fro1,219,36,55,82,0,0,128,128,1,"[(128, 128, 128, 128)]","(0.75, 0.00390625, 0.998046875, 0.99609375)","(-20.0, -9.5, -20.0, 20.0, -6.0, 20.0)"
12687760,17200,pl_sla_coo1_m   ,0,3,model   con_fgg1,219,36,24,34,0,0,128,128,1,"[(128, 128, 128, 128)]","(0.00390625, 0.00390625, 0.99609375, 0.99609375)","(-20.0, -9.25, 4.0, 20.0, -6.0, 16.0)"
12687760,17200,pl_sla_coo1_m   ,0,4,model   con_frg1,219,36,18,27,32768,0,0,128,3,"[(128, 128, 128, 0), (128, 128, 128, 126), (128, 128, 128, 128)]","(0.001953125, 0.00390625, 0.875, 1.75)","(-20.0, -8.75, -0.0, 4.0, -3.5, 8.0)"
12687760,17200,pl_sla_coo1_m   ,0,5,model   con_fro1,219,36,12,19,32768,0,0,126,2,"[(128, 128, 128, 0), (128, 128, 128, 126)]","(0.75, 0.00390625, 0.998046875, 0.99609375)","(-4.0, -8.0, 12.0, 4.0, -7.0, 20.0)"
12687760,17200,pl_sla_coo1_m   ,0,6,model   con_fsg1,219,36,6,9,32768,0,0,126,2,"[(128, 128, 128, 0), (128, 128, 128, 126)]","(0.001953125, 0.001953125, 0.623046875, 0.248046875)","(-16.0, -1.75, -16.0, -12.0, -0.0, -8.0)"
12704960,16288,pl_sla_do1_m    ,0,0,model   con_fsg1,216,36,67,100,0,0,128,128,1,"[(128, 128, 128, 128)]","(0.001953125, 0.001953125, 0.998046875, 1.123046875)","(-20.0, -16.25, -20.0, 20.0, -4.25, 20.0)"
12704960,16288,pl_sla_do1_m    ,0,1,model   con_frg1,216,36,225,355,0,0,128,128,1,"[(128, 128, 128, 128)]","(0.001953125, 0.00390625, 1.248046875, 1.99609375)","(-20.0, -16.25, -20.0, 20.0, -0.0, 20.0)"
12704960,16288,pl_sla_do1_m    ,0,2,model   con_fro1,216,36,65,100,0,0,128,128,1,"[(128, 128, 128, 128)]","(0.751953125, 0.00390625, 0.998046875, 0.99609375)","(-20.0, -16.25, -20.0, 20.0, -3.5, 20.0)"
12704960,16288,pl_sla_do1_m    ,0,3,model   con_fgg1,216,36,28,40,0,0,128,128,1,"[(128, 128, 128, 128)]","(0.00390625, 0.00390625, 0.99609375, 0.99609375)","(-20.0, -9.0, -20.0, 16.0, -4.5, 12.0)"
12704960,16288,pl_sla_do1_m    ,0,4,model   con_frg1,216,36,21,32,32768,0,0,128,3,"[(128, 128, 128, 0), (128, 128, 128, 126), (128, 128, 128, 128)]","(0.001953125, 0.25390625, 0.498046875, 1.99609375)","(-12.0, -12.5, -4.0, 4.0, -5.0, 20.0)"
12704960,16288,pl_sla_do1_m    ,0,5,model   con_fsg1,216,36,4,4,32768,0,0,126,2,"[(128, 128, 128, 0), (128, 128, 128, 126)]","(0.251953125, 0.5, 0.5, 0.748046875)","(-4.0, -9.0, -4.0, 0.0, -5.5, -0.0)"
12721248,15696,pl_sla_st1_m    ,0,0,model   con_fro1,205,36,71,106,0,0,128,128,1,"[(128, 128, 128, 128)]","(0.751953125, 0.00390625, 0.998046875, 0.99609375)","(-20.0, -9.25, -20.0, 20.0, 1.0, 20.0)"
12721248,15696,pl_sla_st1_m    ,0,1,model   con_fgg1,205,36,36,52,0,0,128,128,1,"[(128, 128, 128, 128)]","(0.00390625, 0.00390625, 0.99609375, 0.99609375)","(-20.0, -8.0, -20.0, 20.0, 1.0, 16.0)"
12721248,15696,pl_sla_st1_m    ,0,2,model   con_fsg1,205,36,80,124,0,0,128,128,1,"[(128, 128, 128, 128)]","(0.001953125, 0.001953125, 0.873046875, 1.123046875)","(-20.0, -9.25, -20.0, 20.0, 1.0, 20.0)"
12721248,15696,pl_sla_st1_m    ,0,3,model   con_frg1,205,36,197,307,0,0,128,128,1,"[(128, 128, 128, 128)]","(0.001953125, 0.00390625, 1.125, 1.99609375)","(-20.0, -9.25, -20.0, 20.0, 1.0, 20.0)"
12721248,15696,pl_sla_st1_m    ,0,4,model   con_frg1,205,36,8,10,32768,0,0,126,2,"[(128, 128, 128, 0), (128, 128, 128, 126)]","(0.501953125, 0.00390625, 0.748046875, 1.99609375)","(-12.0, -9.25, -0.0, 12.0, -6.0, 12.0)"
12721248,15696,pl_sla_st1_m    ,0,5,model   con_fsg1,205,36,3,3,32768,0,0,126,2,"[(128, 128, 128, 0), (128, 128, 128, 126)]","(0.001953125, 0.001953125, 0.248046875, 0.248046875)","(-8.0, -7.0, 4.0, -4.0, -6.25, 8.0)"
12736944,16496,pl_slab_joa1_m  ,0,0,model   con_fro1,217,36,32,46,0,0,128,128,1,"[(128, 128, 128, 128)]","(0.751953125, 0.00390625, 0.998046875, 0.99609375)","(-20.0, -16.0, -20.0, 20.0, 0.20000000298023224, 20.0)"
12736944,16496,pl_slab_joa1_m  ,0,1,model   con_frg1,217,36,256,405,0,0,128,128,1,"[(128, 128, 128, 128)]","(0.001953125, 0.00390625, 1.498046875, 1.99609375)","(-20.0, -16.0, -20.0, 20.0, 1.0, 20.0)"
12736944,16496,pl_slab_joa1_m  ,0,2,model   con_fgg1,217,36,68,100,0,0,128,128,1,"[(128, 128, 128, 128)]","(0.00390625, 0.00390625, 0.99609375, 0.99609375)","(-16.0, -13.5, -20.0, 16.0, 0.20000000298023224, 20.0)"
12736944,16496,pl_slab_joa1_m  ,0,3,model   con_fsg1,217,36,40,58,0,0,128,128,1,"[(128, 128, 128, 128)]","(0.001953125, 0.876953125, 1.248046875, 1.123046875)","(-20.0, -13.5, -20.0, 16.0, -0.0, 20.0)"
12736944,16496,pl_slab_joa1_m  ,0,4,model   con_frg1,217,36,20,28,32768,0,126,128,2,"[(128, 128, 128, 126), (128, 128, 128, 128)]","(0.001953125, 1.00390625, 0.498046875, 1.74609375)","(-16.0, -15.25, -20.0, 12.0, 1.0, 12.5)"
12753440,16512,pl_slab_job1_m  ,0,0,model   con_fsg1,217,36,40,58,0,0,128,128,1,"[(128, 128, 128, 128)]","(0.001953125, 0.876953125, 0.248046875, 1.123046875)","(-20.0, -16.0, -20.0, 20.0, -0.0, 20.0)"
12753440,16512,pl_slab_job1_m  ,0,1,model   con_fro1,217,36,36,52,0,0,128,128,1,"[(128, 128, 128, 128)]","(0.751953125, 0.00390625, 0.998046875, 0.99609375)","(-16.0, -16.0, -20.0, 16.0, -2.0, 20.0)"
12753440,16512,pl_slab_job1_m  ,0,2,model   con_fgg1,217,36,60,88,0,0,128,128,1,"[(128, 128, 128, 128)]","(0.00390625, 0.00390625, 0.99609375, 0.99609375)","(-20.0, -16.0, -20.0, 20.0, -5.5, 20.0)"
12753440,16512,pl_slab_job1_m  ,0,3,model   con_frg1,217,36,264,427,0,0,128,128,1,"[(128, 128, 128, 128)]","(0.001953125, 0.00390625, 1.125, 1.99609375)","(-20.0, -16.0, -20.0, 20.0, -0.0, 20.0)"
12753440,16512,pl_slab_job1_m  ,0,4,model   con_frg1,217,36,16,22,32768,0,126,128,2,"[(128, 128, 128, 126), (128, 128, 128, 128)]","(0.251953125, 1.00390625, 0.498046875, 1.74609375)","(-20.0, -12.5, -16.0, -4.0, -0.5, 2.25)"
12769952,17312,pl_slab_joc1_m  ,0,0,model   con_frg1,225,36,302,471,0,0,128,128,1,"[(128, 128, 128, 128)]","(0.001953125, 0.00390625, 1.498046875, 1.99609375)","(-20.0, -16.5, -20.0, 20.0, -0.0, 20.0)"
12769952,17312,pl_slab_joc1_m  ,0,1,model   con_fsg1,225,36,40,58,0,0,128,128,1,"[(128, 128, 128, 128)]","(0.001953125, 0.876953125, 1.248046875, 1.123046875)","(-20.0, -16.25, -20.0, 20.0, -0.0, 20.0)"
12769952,17312,pl_slab_joc1_m  ,0,2,model   con_fgg1,225,36,44,64,0,0,128,128,1,"[(128, 128, 128, 128)]","(0.00390625, 0.00390625, 0.99609375, 0.99609375)","(-20.0, -16.5, -20.0, 20.0, -4.5, 20.0)"
12769952,17312,pl_slab_joc1_m  ,0,3,model   con_fro1,225,36,23,34,0,0,128,128,1,"[(128, 128, 128, 128)]","(0.751953125, 0.00390625, 0.998046875, 0.99609375)","(-8.0, -16.5, -16.0, 16.0, -6.25, 16.0)"
12769952,17312,pl_slab_joc1_m  ,0,4,model   con_frg1,225,36,28,40,32768,0,0,128,3,"[(128, 128, 128, 0), (128, 128, 128, 126), (128, 128, 128, 128)]","(0.001953125, 1.00390625, 0.873046875, 1.74609375)","(-20.0, -14.0, -12.0, 16.0, -3.25, 9.0)"
12787264,19232,pl_slb_coi1_m   ,0,0,model   con_fsg1,250,36,63,94,0,0,128,128,1,"[(128, 128, 128, 128)]","(0.001953125, 0.001953125, 0.623046875, 1.123046875)","(-20.0, -16.0, -20.0, 20.0, 0.800000011920929, 20.0)"
12787264,19232,pl_slb_coi1_m   ,0,1,model   con_fro1,250,36,32,46,0,0,128,128,1,"[(128, 128, 128, 128)]","(0.751953125, 0.00390625, 0.998046875, 0.99609375)","(-20.0, -16.0, -20.0, 16.0, 1.0, 20.0)"
12787264,19232,pl_slb_coi1_m   ,0,2,model   con_frg1,250,36,284,461,0,0,128,128,1,"[(128, 128, 128, 128)]","(0.001953125, 0.00390625, 1.125, 1.99609375)","(-20.0, -15.25, -20.0, 20.0, 1.0, 20.0)"
12787264,19232,pl_slb_coi1_m   ,0,3,model   con_fgg1,250,36,32,46,0,0,128,128,1,"[(128, 128, 128, 128)]","(0.25390625, 0.00390625, 0.99609375, 0.99609375)","(-16.0, -16.0, -8.5, 16.0, -0.0, 16.0)"
12787264,19232,pl_slb_coi1_m   ,0,4,model   con_frg1,250,36,64,94,32768,0,0,128,3,"[(128, 128, 128, 0), (128, 128, 128, 126), (128, 128, 128, 128)]","(0.001953125, 0.00390625, 0.498046875, 1.74609375)","(-20.0, -11.0, -16.0, 20.0, 0.20000000298023224, 16.0)"
12787264,19232,pl_slb_coi1_m   ,0,5,model   con_fgg1,250,36,10,15,32768,0,126,128,2,"[(128, 128, 128, 126), (128, 128, 128, 128)]","(0.00390625, 0.50390625, 0.49609375, 0.99609375)","(-9.25, -12.5, 2.75, -2.75, -7.75, 8.5)"
12806496,17680,pl_slb_coo1_m   ,0,0,model   con_frg1,232,36,267,441,0,0,128,128,1,"[(128, 128, 128, 128)]","(0.001953125, 0.00390625, 1.25, 1.99609375)","(-20.0, -17.75, -20.0, 20.0, -0.0, 20.0)"
12806496,17680,pl_slb_coo1_m   ,0,1,model   con_fgg1,232,36,88,130,0,0,128,128,1,"[(128, 128, 128, 128)]","(0.00390625, 0.00390625, 0.99609375, 0.99609375)","(-20.0, -17.75, -20.0, 20.0, -7.25, 20.0)"
12806496,17680,pl_slb_coo1_m   ,0,2,model   con_fsg1,232,36,40,58,0,0,128,128,1,"[(128, 128, 128, 128)]","(0.001953125, 0.876953125, 1.248046875, 1.123046875)","(-16.0, -17.75, -20.0, 20.0, -0.5, 20.0)"
12806496,17680,pl_slb_coo1_m   ,0,3,model   con_fro1,232,36,40,58,0,0,128,128,1,"[(128, 128, 128, 128)]","(0.751953125, 0.00390625, 0.998046875, 0.99609375)","(-20.0, -17.75, -20.0, 20.0, -7.5, 16.0)"
12806496,17680,pl_slb_coo1_m   ,0,4,model   con_fgg1,232,36,6,9,32768,0,126,128,2,"[(128, 128, 128, 126), (128, 128, 128, 128)]","(0.00390625, 0.00390625, 0.49609375, 0.8515625)","(-1.5, -17.75, 5.625, 7.5, -12.75, 9.0)"
12806496,17680,pl_slb_coo1_m   ,0,5,model   con_frg1,232,36,4,4,32768,0,126,128,2,"[(128, 128, 128, 126), (128, 128, 128, 128)]","(0.251953125, 0.25390625, 0.498046875, 0.74609375)","(4.625, -17.75, 2.25, 9.0, -14.5, 7.5)"
12824176,17888,pl_slb_st1_m    ,0,0,model   con_frg1,242,36,288,473,0,0,128,128,1,"[(128, 128, 128, 128)]","(0.001953125, 0.00390625, 1.498046875, 1.99609375)","(-20.0, -16.5, -20.0, 20.0, 1.0, 20.0)"
12824176,17888,pl_slb_st1_m    ,0,1,model   con_fro1,242,36,43,64,0,0,128,128,1,"[(128, 128, 128, 128)]","(0.751953125, 0.00390625, 0.998046875, 0.99609375)","(-20.0, -16.5, -20.0, 20.0, 0.800000011920929, 20.0)"
12824176,17888,pl_slb_st1_m    ,0,2,model   con_fsg1,242,36,44,64,0,0,128,128,1,"[(128, 128, 128, 128)]","(0.001953125, 0.876953125, 0.248046875, 1.123046875)","(-20.0, -16.5, -20.0, 20.0, 0.20000000298023224, 20.0)"
12824176,17888,pl_slb_st1_m    ,0,3,model   con_fgg1,242,36,35,52,0,0,128,128,1,"[(128, 128, 128, 128)]","(0.00390625, 0.00390625, 0.99609375, 0.99609375)","(0.0, -16.25, -20.0, 20.0, 0.4000000059604645, 20.0)"
12824176,17888,pl_slb_st1_m    ,0,4,model   con_fro1,242,36,12,19,32768,0,0,126,2,"[(128, 128, 128, 0), (128, 128, 128, 126)]","(0.751953125, 0.00390625, 0.998046875, 0.99609375)","(-8.0, -14.75, 2.25, 8.0, -9.5, 11.25)"
12824176,17888,pl_slb_st1_m    ,0,5,model   con_frg1,242,36,28,40,32768,0,0,128,4,"[(128, 128, 128, 0), (128, 128, 128, 50), (128, 128, 128, 126), (128, 128, 128, 128)]","(0.001953125, 0.00390625, 1.123046875, 1.24609375)","(-20.0, -14.0, -12.5, 16.0, -2.75, 9.0)"
12842064,3328,ro_isu01_h      ,0,0,model   con_frg1,76,36,79,171,0,0,255,255,1,"[(128, 128, 128, 255)]","(0.5, 0.25, 0.75, 0.75)","(-0.8921859860420227, -0.6758720278739929, -0.5327200293540955, 0.8921859860420227, -0.0, 0.46549201011657715)"
12845392,3328,ro_isu02_h      ,0,0,model   con_frg1,68,36,79,173,0,0,255,255,1,"[(128, 128, 128, 255)]","(0.5, 0.25, 0.875, 1.0)","(-0.5830450057983398, -0.6403380036354065, -0.6159409880638123, 0.5793899893760681, -0.0, 0.5354329943656921)"
12848720,12000,sekihi_ko       ,0,0,model   con_fsg1,286,36,204,357,0,0,255,255,1,"[(20, 20, 20, 255), (33, 33, 33, 255), (38, 38, 38, 255)]","(0.376953125, 0.376953125, 0.998046875, 0.998046875)","(-1.5261399745941162, -2.8921899795532227, -1.0020999908447266, 1.6890300512313843, -0.0, 1.668660044670105)"
12848720,12000,sekihi_ko       ,0,1,model   sek_k01c,286,36,77,181,0,0,255,255,1,"[(20, 20, 20, 255), (33, 33, 33, 255), (38, 38, 38, 255), (77, 77, 77, 255)]","(0.0078125, 0.0078125, 0.9921875, 0.9921875)","(-1.3840700387954712, -2.7997500896453857, -0.908424973487854, 1.5327600240707397, -0.0, 1.503600001335144)"
12848720,12000,sekihi_ko       ,0,2,model   sek_k01c,286,36,15,33,32768,0,126,126,1,"[(33, 33, 33, 126), (38, 38, 38, 126), (77, 77, 77, 126)]","(0.0078125, 0.0078125, 0.4921875, 0.9921875)","(-0.7508419752120972, -2.7997500896453857, -0.525488018989563, 0.6704850196838379, -0.0, -0.525488018989563)"
12860720,4384,sirube_m        ,0,0,model   kon_dou1,52,36,44,73,0,0,255,255,1,"[(128, 128, 128, 255)]","(0.015625, 0.015625, 0.984375, 0.859375)","(-0.4599989950656891, -1.899999976158142, 0.10000599920749664, 0.4599989950656891, -1.2000000476837158, 0.2000119984149933)"
12860720,4384,sirube_m        ,0,1,model   par_cwa1,52,36,28,45,0,0,255,255,1,"[(128, 128, 128, 255)]","(0.0078125, 0.1328125, 1.1171875, 0.8671875)","(-0.12000299990177155, -2.200000047683716, -0.11999499797821045, 0.12000299990177155, -0.0, 0.11999499797821045)"
12860720,4384,sirube_m        ,0,2,model   sek_k01c,52,36,8,10,32768,0,126,128,2,"[(128, 128, 128, 126), (128, 128, 128, 128)]","(0.5078125, 0.5078125, 0.9921875, 0.9921875)","(-0.4599989950656891, -1.899999976158142, 0.2000119984149933, 0.4599989950656891, -1.2000000476837158, 0.2000119984149933)"
12860720,4384,sirube_m        ,0,3,model   kon_dou1,52,36,26,45,32768,0,126,128,2,"[(128, 128, 128, 126), (128, 128, 128, 128)]","(0.015625, 0.390625, 1.984375, 0.984375)","(-0.12000299990177155, -2.200000047683716, -0.11999499797821045, 0.12000299990177155, -0.0, 0.11999499797821045)"
12865104,13168,takibi_01       ,0,0,model   tak_w01c,196,36,325,593,0,0,128,128,1,"[(71, 71, 71, 128), (102, 102, 102, 128), (128, 128, 128, 128)]","(0.015625, 0.015625, 0.984375, 0.984375)","(-0.9429739713668823, -0.6515330076217651, -1.0414899587631226, 0.8190540075302124, 0.09438899904489517, 0.9939290285110474)"
12865104,13168,takibi_01       ,0,1,                ,196,36,3,3,0,0,128,128,1,"[(102, 102, 102, 128), (128, 128, 128, 128)]","(0.0, 0.5225352048873901, 0.6666666865348816, 0.5225352048873901)","(0.03577600046992302, -0.2955450117588043, -0.18618200719356537, 0.11763200163841248, -0.17228299379348755, -0.06726399809122086)"
12878272,85312,waku_m          ,0,0,model   par_cwa1,1108,36,2184,3274,0,0,255,255,1,"[(0, 0, 0, 255), (64, 64, 64, 255), (96, 96, 96, 255), (110, 110, 110, 255), (128, 128, 128, 255)]","(0.0078125, 0.0078125, 0.9921875, 0.9921875)","(-1.4415299892425537, -10.430000305175781, -12.342300415039062, 14.018799781799316, -4.185410022735596, 14.257100105285645)"
12963584,10816,zil_iwa_1_m     ,0,0,model   kon_zil ,258,36,114,217,0,0,255,255,1,"[(153, 153, 153, 255)]","(0.0, 0.0, 0.4375, 1.0)","(-1.8999600410461426, -16.049999237060547, -4.050000190734863, 1.8500399589538574, -4.0, 2.450000047683716)"
12963584,10816,zil_iwa_1_m     ,0,1,model   kon_zil2,258,36,53,117,0,0,255,255,1,"[(128, 128, 128, 255), (153, 153, 153, 255)]","(0.0, 0.00390625, 0.5, 1.0)","(-1.949970006942749, -8.0, -3.8499999046325684, 1.9500399827957153, -0.0, 2.1500000953674316)"
12963584,10816,zil_iwa_1_m     ,0,2,model   kon_zil ,258,36,98,207,32768,0,69,126,5,"[(128, 128, 128, 107), (128, 128, 128, 126), (153, 153, 153, 69), (153, 153, 153, 102), (153, 153, 153, 107), (153, 153, 153, 110), (153, 153, 153, 126)]","(0.0, 0.0, 0.75, 1.0)","(-1.8999600410461426, -16.049999237060547, -4.050000190734863, 1.9000200033187866, -2.0, 2.450000047683716)"
12974400,16928,zil_iwa_coa1_m  ,0,0,model   kon_zil ,486,36,250,501,0,0,255,255,1,"[(150, 150, 150, 255), (153, 153, 153, 255)]","(0.0, 0.0, 0.5, 1.0)","(-20.600000381469727, -49.100101470947266, -20.600000381469727, 20.0, -0.5, 20.0)"
12974400,16928,zil_iwa_coa1_m  ,0,1,model   kon_zil ,486,36,113,205,32768,0,63,126,2,"[(153, 153, 153, 63), (153, 153, 153, 126)]","(0.0, 0.5, 0.5, 1.0)","(-20.0, -30.927099227905273, -20.0, 20.0, -0.5, 20.0)"
12974400,16928,zil_iwa_coa1_m  ,0,2,model   kon_zil2,486,36,30,55,32768,0,63,126,2,"[(153, 153, 153, 63), (153, 153, 153, 126)]","(0.0, 0.0, 0.5, 0.25)","(-6.61529016494751, -16.68589973449707, -4.5, 2.174269914627075, -4.0, 20.0)"
12974400,16928,zil_iwa_coa1_m  ,0,3,model   kon_zil3,486,36,26,47,32768,0,63,126,2,"[(128, 128, 128, 63), (153, 153, 153, 126)]","(0.154296875, 0.69921875, 0.517578125, 1.0234375)","(-2.494539976119995, -35.388301849365234, -6.61529016494751, 16.0, -4.0, 8.0)"
12991328,39632,zil_iwa_cob1_m  ,0,0,model   cl      ,742,36,266,447,0,0,128,255,2,"[(128, 128, 128, 128), (128, 128, 128, 255), (153, 153, 153, 128), (153, 153, 153, 255)]","(0.0, 0.0, 1.0, 1.0)","(-6.008769989013672, -55.749298095703125, -6.097690105438232, 20.0, -4.0, 20.399999618530273)"
12991328,39632,zil_iwa_cob1_m  ,0,1,model   kon_zil ,742,36,128,265,0,0,128,255,2,"[(128, 128, 128, 128), (128, 128, 128, 255), (153, 153, 153, 255)]","(0.0, 0.0, 0.75, 1.0)","(-5.51678991317749, -55.749298095703125, -5.186870098114014, 20.399999618530273, -0.0, 20.0)"
12991328,39632,zil_iwa_cob1_m  ,0,2,model   con_fgg1,742,36,66,104,0,0,255,255,1,"[(128, 128, 128, 255)]","(0.0, 0.0, 1.0, 1.0)","(-20.0, -0.0, -20.0, 20.0, 1.0, 20.0)"
12991328,39632,zil_iwa_cob1_m  ,0,3,model   con_frg1,742,36,167,277,0,0,255,255,1,"[(128, 128, 128, 255)]","(0.0, 0.0, 1.0, 1.25)","(-20.0, -0.0, -20.0, 20.0, 0.8999999761581421, 20.0)"
12991328,39632,zil_iwa_cob1_m  ,0,4,model   kon_zil3,742,36,18,29,0,0,128,255,2,"[(128, 128, 128, 128), (128, 128, 128, 255)]","(0.001953125, 0.00390625, 0.498046875, 0.99609375)","(-4.0, -4.0, -4.600009918212891, 16.0, -0.0, 12.600000381469727)"
12991328,39632,zil_iwa_cob1_m  ,0,5,model   kon_zil2,742,36,6,6,0,0,255,255,1,"[(128, 128, 128, 255), (153, 153, 153, 255)]","(0.0, 0.00390625, 0.5, 0.5)","(-4.705949783325195, -8.0, -3.799999952316284, -3.799999952316284, -4.0, 4.105959892272949)"
12991328,39632,zil_iwa_cob1_m  ,0,6,model   kon_zil ,742,36,140,251,32768,0,46,126,4,"[(128, 128, 128, 117), (128, 128, 128, 126), (153, 153, 153, 46), (153, 153, 153, 72), (153, 153, 153, 117), (153, 153, 153, 126)]","(0.0, 0.0, 1.0, 1.0)","(-5.012310028076172, -55.117801666259766, -5.51678991317749, 20.399999618530273, -4.0, 20.0)"
12991328,39632,zil_iwa_cob1_m  ,0,7,model   con_frg1,742,36,42,64,32768,0,126,128,2,"[(128, 128, 128, 126), (128, 128, 128, 128)]","(0.0, 0.0, 0.498046875, 1.0)","(-12.0, -0.0, -12.0, 12.0, 0.800000011920929, 20.0)"
12991328,39632,zil_iwa_cob1_m  ,0,8,model   kon_zil3,742,36,48,77,32768,0,51,126,3,"[(128, 128, 128, 126), (153, 153, 153, 51), (153, 153, 153, 93), (153, 153, 153, 126)]","(0.0, 0.0, 0.75, 1.03515625)","(-8.0, -55.749298095703125, -5.769619941711426, 11.39900016784668, 0.4000000059604645, 11.398799896240234)"
12991328,39632,zil_iwa_cob1_m  ,0,9,model   con_fgg1,742,36,48,99,32768,0,0,128,4,"[(128, 128, 128, 0), (128, 128, 128, 63), (128, 128, 128, 126), (128, 128, 128, 128)]","(0.0, 0.0, 1.0, 1.0)","(-8.0, -4.0, -8.0, 16.0, 0.800000011920929, 16.0)"
12991328,39632,zil_iwa_cob1_m  ,0,10,model   kon_zil2,742,36,35,53,32768,0,46,126,4,"[(153, 153, 153, 46), (153, 153, 153, 75), (153, 153, 153, 117), (153, 153, 153, 126)]","(0.0, 0.0, 0.501953125, 1.36328125)","(-1.2067699432373047, -47.5, -5.51678991317749, 20.0, -8.0, 20.399999618530273)"
12991328,39632,zil_iwa_cob1_m  ,0,11,model   cl      ,742,36,29,55,32768,0,93,128,3,"[(128, 128, 128, 93), (128, 128, 128, 126), (128, 128, 128, 128), (153, 153, 153, 93), (153, 153, 153, 126)]","(0.001953125, 0.0, 0.935546875, 0.98046875)","(-5.51678991317749, -16.399999618530273, -4.0, 13.0, -4.0, 20.0)"
13030960,7168,zil_iwa_cob1b_m ,0,0,model   con_frg1,114,36,24,37,0,0,255,255,1,"[(128, 128, 128, 255)]","(0.375, 0.0, 1.0, 1.0)","(4.0, -0.0, 4.0, 20.0, -0.0, 20.0)"
13030960,7168,zil_iwa_cob1b_m ,0,1,model   cl      ,114,36,30,55,0,0,255,255,1,"[(128, 128, 128, 255), (153, 153, 153, 255)]","(0.0, 0.0, 0.5, 1.0)","(4.0, -8.600000381469727, 4.0, 20.0, -4.0, 20.0)"
13030960,7168,zil_iwa_cob1b_m ,0,2,model   kon_zil ,114,36,38,73,0,0,255,255,1,"[(128, 128, 128, 255), (153, 153, 153, 255)]","(0.0, 0.0, 0.5, 0.99609375)","(4.0, -8.300000190734863, 4.0, 20.0, -0.0, 20.0)"
13030960,7168,zil_iwa_cob1b_m ,0,3,model   con_fsg1,114,36,4,4,0,0,255,255,1,"[(128, 128, 128, 255)]","(0.625, 0.875, 0.875, 1.123046875)","(8.0, -0.0, 16.0, 12.0, -0.0, 20.0)"
13030960,7168,zil_iwa_cob1b_m ,0,4,model   kon_zil ,114,36,17,33,32768,0,126,126,1,"[(128, 128, 128, 126), (153, 153, 153, 126)]","(0.0, 0.0, 0.625, 1.0)","(4.0, -8.600000381469727, 4.0, 20.0, -4.0, 20.0)"
13030960,7168,zil_iwa_cob1b_m ,0,5,model   kon_zil2,114,36,17,41,32768,0,63,126,2,"[(128, 128, 128, 126), (153, 153, 153, 63), (153, 153, 153, 126)]","(0.0, 0.890625, 0.546875, 1.4921875)","(11.600000381469727, -8.0, 7.799990177154541, 20.0, -4.0, 20.0)"
13030960,7168,zil_iwa_cob1b_m ,0,6,model   kon_zil3,114,36,17,31,32768,0,126,126,1,"[(128, 128, 128, 126)]","(0.0, 0.0, 0.5, 1.0)","(7.800000190734863, -4.0, 7.799990177154541, 20.0, -0.0, 20.0)"
13030960,7168,zil_iwa_cob1b_m ,0,7,model   con_fgg1,114,36,21,34,32768,0,0,126,2,"[(128, 128, 128, 0), (128, 128, 128, 126)]","(0.0, 0.0, 1.0, 1.33984375)","(4.0, -4.0, 4.0, 20.0, -0.0, 20.0)"
13030960,7168,zil_iwa_cob1b_m ,0,8,model   cl      ,114,36,4,4,32768,0,126,126,1,"[(128, 128, 128, 126), (153, 153, 153, 126)]","(0.205078125, 0.25, 0.25, 0.5)","(11.800000190734863, -7.599999904632568, 4.0, 16.0, -4.0, 8.0)"
13038128,18128,zil_iwa_sta1_m  ,0,0,model   cl      ,524,36,236,507,0,0,255,255,1,"[(153, 153, 153, 255)]","(0.0625, 0.0, 0.375, 0.625)","(-20.0, -53.600101470947266, -20.0, 20.0, -0.5, 20.0)"
13038128,18128,zil_iwa_sta1_m  ,0,1,model   kon_zil ,524,36,20,39,0,0,255,255,1,"[(153, 153, 153, 255)]","(0.75, 0.0, 1.0, 0.25)","(-6.699999809265137, -27.272600173950195, -0.0, -3.0, -12.0, 12.0)"
13038128,18128,zil_iwa_sta1_m  ,0,2,model   kon_zil3,524,36,42,79,32768,0,63,126,2,"[(128, 128, 128, 63), (153, 153, 153, 126)]","(0.154296875, 0.7109375, 0.5, 1.125)","(-20.0, -16.0, -12.0, -5.400000095367432, -1.0, 5.268479824066162)"
13038128,18128,zil_iwa_sta1_m  ,0,3,model   kon_zil ,524,36,148,299,32768,0,48,128,4,"[(153, 153, 153, 48), (153, 153, 153, 63), (153, 153, 153, 126), (153, 153, 153, 128)]","(0.0, 0.0, 1.0, 1.0)","(-8.399999618530273, -53.100101470947266, -20.0, 20.0, -4.0, 20.0)"
13056256,14992,zil_iwa_sta2_m  ,0,0,model   kon_zil ,462,36,176,397,0,0,255,255,1,"[(153, 153, 153, 255)]","(0.0, 0.0, 0.501953125, 0.94921875)","(-20.0, -53.600101470947266, -20.0, 20.0, -0.5, 20.0)"
13056256,14992,zil_iwa_sta2_m  ,0,1,model   cl      ,462,36,36,68,0,0,255,255,1,"[(153, 153, 153, 255)]","(0.1875, 0.0, 0.5, 0.625)","(-1.0, -53.600101470947266, -20.0, 20.0, -30.92639923095703, -0.0)"
13056256,14992,zil_iwa_sta2_m  ,0,2,model   kon_zil2,462,36,12,18,0,0,255,255,1,"[(153, 153, 153, 255)]","(0.0, 0.00390625, 0.5, 0.25)","(-4.0, -31.132999420166016, -20.0, 0.9999989867210388, -21.169099807739258, -8.0)"
13056256,14992,zil_iwa_sta2_m  ,0,3,model   kon_zil ,462,36,112,249,32768,0,29,126,5,"[(153, 153, 153, 29), (153, 153, 153, 43), (153, 153, 153, 63), (153, 153, 153, 114), (153, 153, 153, 126)]","(0.0, 0.0, 0.75, 1.0)","(-12.0, -40.77000045776367, -20.0, 7.0, -0.5, 20.0)"
13056256,14992,zil_iwa_sta2_m  ,0,4,model   kon_zil2,462,36,30,51,32768,0,63,126,2,"[(153, 153, 153, 63), (153, 153, 153, 126)]","(0.0, 0.0, 0.544921875, 0.375)","(2.0, -49.35409927368164, -4.0, 16.0, -35.3911018371582, 20.0)"
13071248,73632,zil_iwa_stb1_m  ,0,0,model   kon_zil3,1203,36,1016,1671,0,0,128,128,1,"[(84, 84, 84, 128), (128, 128, 128, 128), (153, 153, 153, 128)]","(0.001953125, 0.0, 1.0, 1.0)","(-20.000099182128906, -13.654800415039062, -6.884970188140869, 12.0, 4.760049819946289, 6.885039806365967)"
13071248,73632,zil_iwa_stb1_m  ,0,1,model   cl      ,1203,36,320,577,0,0,128,128,1,"[(128, 128, 128, 128), (153, 153, 153, 128)]","(0.0, 0.0, 0.5, 1.0)","(-15.000100135803223, -27.231000900268555, -20.0, 20.0, 4.460050106048584, 20.0)"
13071248,73632,zil_iwa_stb1_m  ,0,2,model   kon_zil ,1203,36,31,45,0,0,128,128,1,"[(128, 128, 128, 128), (153, 153, 153, 128)]","(0.0, 0.5, 0.625, 1.0)","(-19.000099182128906, -4.0, -8.0, 16.0, 4.56374979019165, 8.0)"
13071248,73632,zil_iwa_stb1_m  ,0,3,model   con_frg1,1203,36,184,287,0,0,128,128,1,"[(128, 128, 128, 128)]","(0.0, 0.0, 1.0, 1.25)","(-20.0, -0.0, -20.0, 16.0, 0.800000011920929, 20.0)"
13071248,73632,zil_iwa_stb1_m  ,0,4,model   con_fgg1,1203,36,63,99,0,0,128,128,1,"[(128, 128, 128, 128)]","(0.0, 0.0, 1.0, 1.0)","(-20.0, -0.0, -20.0, 12.0, 0.20000000298023224, 20.0)"
13071248,73632,zil_iwa_stb1_m  ,0,5,model   kon_zil3,1203,36,44,71,32768,0,66,126,3,"[(128, 128, 128, 126), (153, 153, 153, 66), (153, 153, 153, 109), (153, 153, 153, 126)]","(0.0, 0.0, 0.619140625, 1.41015625)","(-20.0, -26.826900482177734, -3.1006999015808105, 20.0, -0.0, 16.0)"
13071248,73632,zil_iwa_stb1_m  ,0,6,model   kon_zil ,1203,36,113,247,32768,0,0,128,6,"[(128, 128, 128, 0), (128, 128, 128, 98), (128, 128, 128, 126), (153, 153, 153, 0), (153, 153, 153, 75), (153, 153, 153, 96), (153, 153, 153, 98), (153, 153, 153, 126)]","(0.0, 0.0, 0.75390625, 1.11328125)","(-19.000099182128906, -21.05419921875, -12.0, 16.5, 4.460050106048584, 16.0)"
13071248,73632,zil_iwa_stb1_m  ,0,7,model   kon_zil2,1203,36,26,50,32768,0,126,126,1,"[(128, 128, 128, 126), (153, 153, 153, 126)]","(0.0, 0.0, 0.5, 0.5)","(3.9999499320983887, -23.242700576782227, -20.0, 20.0, -11.155099868774414, 8.479999542236328)"
13071248,73632,zil_iwa_stb1_m  ,0,8,model   cl      ,1203,36,20,39,32768,0,85,126,2,"[(128, 128, 128, 85), (153, 153, 153, 85), (161, 161, 161, 126)]","(0.0, 0.5, 0.5, 1.0)","(-19.000099182128906, -13.65310001373291, -1.432770013809204, -11.20009994506836, -10.74269962310791, 1.4328500032424927)"
13071248,73632,zil_iwa_stb1_m  ,0,9,model   con_fgg1,1203,36,33,51,32768,0,63,126,2,"[(128, 128, 128, 63), (128, 128, 128, 126)]","(0.0, 0.0, 1.0, 1.0)","(-3.6000800132751465, -4.0, -8.0, 16.0, 2.342789888381958, 8.0)"
13071248,73632,zil_iwa_stb1_m  ,0,10,model   con_frg1,1203,36,9,14,32768,0,126,126,1,"[(128, 128, 128, 126)]","(0.0, 0.0, 0.5, 1.0)","(-20.0, -0.0, -16.0, -12.0, 0.4000000059604645, -8.0)"
13144880,5424,zil_iwa_stb1b_m ,0,0,model   cl      ,98,36,20,33,0,0,128,128,1,"[(128, 128, 128, 128), (153, 153, 153, 128)]","(0.125, 0.0, 0.5, 1.0)","(14.0, -8.0, -20.0, 20.0, -4.0, 20.0)"
13144880,5424,zil_iwa_stb1b_m ,0,1,model   con_frg1,98,36,18,22,0,0,128,128,1,"[(128, 128, 128, 128)]","(0.25, 0.0, 1.0, 1.0)","(16.0, -0.0, -20.0, 20.0, -0.0, 20.0)"
13144880,5424,zil_iwa_stb1b_m ,0,2,model   kon_zil ,98,36,29,40,0,0,128,128,1,"[(128, 128, 128, 128), (153, 153, 153, 128)]","(0.0, 0.00390625, 0.5, 0.99609375)","(16.0, -5.0, -20.0, 20.0, -0.0, 16.0)"
13144880,5424,zil_iwa_stb1b_m ,0,3,model   kon_zil3,98,36,8,10,0,0,128,128,1,"[(128, 128, 128, 128)]","(0.001953125, 0.00390625, 0.25, 0.5)","(20.0, -4.0, -16.0, 20.0, -0.0, 20.0)"
13144880,5424,zil_iwa_stb1b_m ,0,4,model   kon_zil ,98,36,37,73,32768,0,75,126,2,"[(128, 128, 128, 126), (153, 153, 153, 75), (153, 153, 153, 126)]","(0.0, 0.5, 0.75, 1.0)","(14.0, -8.0, -20.0, 20.0, -0.0, 20.0)"
13144880,5424,zil_iwa_stb1b_m ,0,5,model   con_fgg1,98,36,20,26,32768,0,126,126,1,"[(128, 128, 128, 126)]","(0.0, 0.5, 1.0, 1.0)","(16.0, -0.0, -20.0, 20.0, -0.0, 20.0)"
13150304,16256,zil_iwa_stb2_m  ,0,0,model   con_frg1,286,36,148,237,0,0,255,255,1,"[(128, 128, 128, 255)]","(0.0, 0.0, 1.0, 1.25)","(-20.0, -0.0, -20.0, 16.0, 0.800000011920929, 20.0)"
13150304,16256,zil_iwa_stb2_m  ,0,1,model   con_fgg1,286,36,85,141,0,0,255,255,1,"[(128, 128, 128, 255)]","(0.0, 0.0, 1.25, 1.25)","(-20.0, -0.0, -20.0, 12.0, 1.0, 16.0)"
13150304,16256,zil_iwa_stb2_m  ,0,2,model   kon_zil ,286,36,93,139,0,0,255,255,1,"[(128, 128, 128, 255), (153, 153, 153, 255)]","(0.0, 0.0, 0.5, 0.99609375)","(13.0, -17.700000762939453, -20.0, 20.0, -0.0, 20.0)"
13150304,16256,zil_iwa_stb2_m  ,0,3,model   kon_zil ,286,36,18,31,32768,0,0,126,2,"[(128, 128, 128, 0), (128, 128, 128, 126), (153, 153, 153, 126)]","(0.0, 0.28125, 0.53515625, 1.12109375)","(13.0, -8.0, -8.0, 16.0, -0.0, 8.0)"
13150304,16256,zil_iwa_stb2_m  ,0,4,model   con_frg1,286,36,10,12,32768,0,126,126,1,"[(128, 128, 128, 126)]","(0.0, 0.0, 0.5, 0.5)","(12.0, -0.0, -20.0, 16.0, -0.0, 12.0)"
13150304,16256,zil_iwa_stb2_m  ,0,5,model   con_fgg1,286,36,14,18,32768,0,126,126,1,"[(128, 128, 128, 126)]","(0.0, 0.5, 1.0, 1.0)","(12.0, -0.0, -8.0, 16.0, -0.0, 8.0)"
13150304,16256,zil_iwa_stb2_m  ,0,6,model   cl      ,286,36,14,23,32768,0,117,126,2,"[(153, 153, 153, 117), (153, 153, 153, 126)]","(0.0, 0.5, 0.5, 0.99609375)","(13.300000190734863, -17.0, 4.0, 16.5, -8.0, 16.0)"
13150304,16256,zil_iwa_stb2_m  ,0,7,model   kon_zil2,286,36,25,38,32768,0,74,126,2,"[(153, 153, 153, 74), (153, 153, 153, 126)]","(0.0, 0.0, 0.5, 0.48828125)","(13.0, -17.700000762939453, -20.0, 20.0, -8.0, -0.0)"
13166560,7216,zil_iwa_stb2b_m ,0,0,model   con_frg1,114,36,75,127,0,0,255,255,1,"[(128, 128, 128, 255)]","(0.0, 0.0, 1.0, 1.0)","(-16.0, -0.0, -20.0, 20.0, 1.0, 16.0)"
13166560,7216,zil_iwa_stb2b_m ,0,1,model   kon_zil ,114,36,44,65,0,0,128,255,2,"[(128, 128, 128, 128), (128, 128, 128, 255), (153, 153, 153, 255)]","(0.0, 0.0, 0.5, 0.99609375)","(14.0, -8.0, -20.0, 20.0, -0.0, 20.0)"
13166560,7216,zil_iwa_stb2b_m ,0,2,model   con_fgg1,114,36,3,3,0,0,255,255,1,"[(128, 128, 128, 255)]","(0.5, 0.0, 1.0, 0.5)","(-8.0, -0.0, 4.0, -3.9999899864196777, -0.0, 8.0)"
13166560,7216,zil_iwa_stb2b_m ,0,3,model   kon_zil3,114,36,10,12,0,0,255,255,1,"[(128, 128, 128, 255)]","(0.0, 0.00390625, 0.498046875, 0.99609375)","(16.0, -4.0, 12.0, 20.0, -0.0, 20.0)"
13166560,7216,zil_iwa_stb2b_m ,0,4,model   kon_zil ,114,36,26,53,32768,0,0,126,2,"[(128, 128, 128, 0), (128, 128, 128, 126), (153, 153, 153, 126)]","(0.0, 0.26953125, 0.4453125, 1.05859375)","(14.0, -8.0, -20.0, 20.0, -0.0, 20.0)"
13166560,7216,zil_iwa_stb2b_m ,0,5,model   con_fgg1,114,36,12,17,32768,0,126,126,1,"[(128, 128, 128, 126)]","(0.0, 0.5, 1.0, 1.0)","(16.0, -0.0, -20.0, 20.0, -0.0, 12.0)"
13166560,7216,zil_iwa_stb2b_m ,0,6,model   kon_zil3,114,36,6,11,32768,0,126,126,1,"[(128, 128, 128, 126)]","(0.25, 0.25, 0.5, 0.80859375)","(16.0, -4.0, 12.0, 20.0, -0.0, 16.0)"
13173776,22400,zil_iwa_stb3_m  ,0,0,model   con_frg1,372,36,183,291,0,0,255,255,1,"[(128, 128, 128, 255)]","(0.0, 0.0, 1.0, 1.25)","(-20.0, -0.20000000298023224, -20.0, 16.0, 1.0, 20.0)"
13173776,22400,zil_iwa_stb3_m  ,0,1,model   con_fgg1,372,36,126,219,0,0,255,255,1,"[(128, 128, 128, 255)]","(0.0, 0.0, 1.25, 1.5)","(-20.0, -0.0, -20.0, 16.0, 1.0, 20.0)"
13173776,22400,zil_iwa_stb3_m  ,0,2,model   cl      ,372,36,125,219,0,0,255,255,1,"[(153, 153, 153, 255)]","(0.0, 0.0, 0.5, 0.75)","(3.0, -30.5, -20.600000381469727, 20.0, -8.0, 20.0)"
13173776,22400,zil_iwa_stb3_m  ,0,3,model   kon_zil ,372,36,9,19,0,0,255,255,1,"[(153, 153, 153, 255)]","(0.0, 0.0, 0.375, 0.5)","(5.0, -25.0, -20.0, 12.0, -20.100000381469727, -8.0)"
13173776,22400,zil_iwa_stb3_m  ,0,4,model   con_frg1,372,36,37,56,32768,0,126,128,2,"[(128, 128, 128, 126), (128, 128, 128, 128)]","(0.0, 0.0, 0.5, 1.0)","(-20.0, -0.0, -16.0, 16.0, 1.0, 20.0)"
13173776,22400,zil_iwa_stb3_m  ,0,5,model   kon_zil ,372,36,33,63,32768,0,53,126,4,"[(153, 153, 153, 53), (153, 153, 153, 63), (153, 153, 153, 104), (153, 153, 153, 126)]","(0.0, 0.25, 0.71875, 1.0)","(3.0, -20.700000762939453, -20.0, 20.0, -8.0, 20.0)"
13173776,22400,zil_iwa_stb3_m  ,0,6,model   cl      ,372,36,14,31,32768,0,105,105,1,"[(153, 153, 153, 105)]","(0.0, 0.5, 0.5, 1.0)","(11.0, -20.0, -4.0, 20.0, -16.0, 8.0)"
13173776,22400,zil_iwa_stb3_m  ,0,7,model   kon_zil2,372,36,12,25,32768,0,126,126,1,"[(153, 153, 153, 126)]","(0.0, 0.0, 0.5, 0.375)","(7.0, -25.5, -19.600000381469727, 20.0, -21.0, -8.0)"
13173776,22400,zil_iwa_stb3_m  ,0,8,model   con_fgg1,372,36,8,10,32768,0,126,126,1,"[(128, 128, 128, 126)]","(0.0, 0.5, 0.5, 0.75)","(15.0, -0.0, 5.0, 16.0, -0.0, 15.0)"
13173776,22400,zil_iwa_stb3_m  ,0,9,model   kon_zil3,372,36,12,16,32768,0,126,126,1,"[(128, 128, 128, 126), (153, 153, 153, 126)]","(0.0, 0.5, 0.537109375, 1.11328125)","(11.0, -28.899999618530273, -20.600000381469727, 20.0, -0.0, -5.0)"
13196176,23136,zil_iwa_stb3b_m ,0,0,model   kon_zil ,449,36,167,357,0,0,255,255,1,"[(94, 94, 94, 255), (128, 128, 128, 255), (153, 153, 153, 255)]","(0.0, 0.0, 0.5, 1.0)","(10.5, -8.0, -20.0, 23.600000381469727, -0.0, 20.0)"
13196176,23136,zil_iwa_stb3b_m ,0,1,model   con_frg1,449,36,87,195,0,0,255,255,1,"[(128, 128, 128, 255)]","(0.0, 0.0, 1.0, 1.0)","(12.0, -0.20000000298023224, -20.0, 23.600000381469727, -0.0, 20.0)"
13196176,23136,zil_iwa_stb3b_m ,0,2,model   cl      ,449,36,53,89,0,0,255,255,1,"[(128, 128, 128, 255), (153, 153, 153, 255)]","(0.0, 0.0, 0.5, 1.0)","(4.5, -8.600000381469727, -20.0, 20.0, -4.0, 20.0)"
13196176,23136,zil_iwa_stb3b_m ,0,3,model   kon_zil3,449,36,21,37,0,0,255,255,1,"[(94, 94, 94, 255), (128, 128, 128, 255), (153, 153, 153, 255)]","(0.001953125, 0.00390625, 0.25, 0.5)","(16.0, -5.0, -8.0, 20.0, -0.0, 20.0)"
13196176,23136,zil_iwa_stb3b_m ,0,4,model   con_fgg1,449,36,9,12,0,0,255,255,1,"[(128, 128, 128, 255)]","(0.0, 0.0, 1.0, 1.0)","(8.0, -0.0, -20.0, 20.0, -0.0, -12.0)"
13196176,23136,zil_iwa_stb3b_m ,0,5,model   kon_zil ,449,36,106,235,32768,0,74,126,5,"[(94, 94, 94, 74), (94, 94, 94, 104), (94, 94, 94, 126), (128, 128, 128, 104), (128, 128, 128, 126), (153, 153, 153, 101), (153, 153, 153, 104), (153, 153, 153, 118)]","(0.0, 0.0, 0.75390625, 1.26171875)","(4.5, -8.600000381469727, -20.0, 23.600000381469727, -0.0, 20.0)"
13196176,23136,zil_iwa_stb3b_m ,0,6,model   con_fgg1,449,36,99,189,32768,0,0,126,3,"[(128, 128, 128, 0), (128, 128, 128, 63), (128, 128, 128, 126)]","(0.0, 0.0, 1.0, 1.0)","(12.0, -2.5, -16.399999618530273, 23.600000381469727, -0.0, 20.0)"
13196176,23136,zil_iwa_stb3b_m ,0,7,model   kon_zil3,449,36,16,20,32768,0,0,126,2,"[(128, 128, 128, 0), (128, 128, 128, 126)]","(0.0, 0.0, 0.5, 0.75)","(12.0, -2.5, -9.0, 15.0, -0.0, -3.0)"
13196176,23136,zil_iwa_stb3b_m ,0,8,model   kon_zil2,449,36,11,19,32768,0,0,126,2,"[(94, 94, 94, 0), (94, 94, 94, 126), (128, 128, 128, 0), (128, 128, 128, 126)]","(0.822265625, 0.0, 1.021484375, 1.0)","(17.0, -4.25, 8.0, 20.0, -0.0, 12.0)"
13219312,90640,zil_iwa_top_m   ,0,0,model   cl      ,2206,36,416,973,0,0,128,255,2,"[(128, 128, 128, 128), (153, 153, 153, 255)]","(0.0, 0.0, 0.8125, 1.0)","(-23.330699920654297, -85.10009765625, -21.496200561523438, 22.025400161743164, -5.099999904632568, 23.330699920654297)"
13219312,90640,zil_iwa_top_m   ,0,1,model   kon_zil ,2206,36,997,2069,0,0,128,255,2,"[(125, 125, 125, 128), (128, 128, 128, 128), (128, 128, 128, 255), (153, 153, 153, 255)]","(0.0, 0.0, 1.0, 1.0)","(-23.330699920654297, -84.10009765625, -23.330699920654297, 23.330699920654297, -7.099989891052246, 23.330699920654297)"
13219312,90640,zil_iwa_top_m   ,0,2,model   kon_zil2,2206,36,49,103,32768,0,0,126,3,"[(128, 128, 128, 63), (153, 153, 153, 0), (153, 153, 153, 126)]","(0.0, 0.0, 0.5, 0.46484375)","(-15.096799850463867, -79.10009765625, -6.608439922332764, 20.0, -5.099999904632568, 20.0)"
13219312,90640,zil_iwa_top_m   ,0,3,model   kon_zil ,2206,36,514,1131,32768,0,0,126,4,"[(125, 125, 125, 126), (128, 128, 128, 63), (128, 128, 128, 126), (135, 135, 135, 126), (153, 153, 153, 0), (153, 153, 153, 54), (153, 153, 153, 63), (153, 153, 153, 126)]","(0.0, 0.0, 1.0, 1.00390625)","(-23.330699920654297, -74.10009765625, -23.330699920654297, 23.330699920654297, -5.099999904632568, 23.330699920654297)"
13219312,90640,zil_iwa_top_m   ,0,4,model   kon_zil3,2206,36,266,563,32768,0,0,126,5,"[(122, 122, 122, 126), (128, 128, 128, 63), (128, 128, 128, 126), (130, 130, 130, 126), (133, 133, 133, 126), (135, 135, 135, 126), (138, 138, 138, 126), (140, 140, 140, 126)]","(0.1875, 0.6640625, 0.560546875, 1.125)","(-23.126100540161133, -84.10009765625, -23.330699920654297, 23.330699920654297, -7.099989891052246, 23.330699920654297)"
13309952,73904,zil_warp01_m    ,0,0,model   cl      ,1463,36,556,1077,0,0,128,255,2,"[(128, 128, 128, 255), (153, 153, 153, 128), (153, 153, 153, 255)]","(0.0, 0.0, 0.5, 1.0)","(-8.000009536743164, -6.800000190734863, -20.100000381469727, 7.999989986419678, 0.9999949932098389, 7.92549991607666)"
13309952,73904,zil_warp01_m    ,0,1,model   kon_zil ,1463,36,561,885,0,0,128,255,2,"[(117, 117, 117, 128), (117, 117, 117, 255), (128, 128, 128, 255), (153, 153, 153, 255)]","(0.0, 0.0, 0.5, 1.0)","(-6.0500102043151855, -5.5, -20.0, 6.049990177154541, 0.9999960064888, 6.050000190734863)"
13309952,73904,zil_warp01_m    ,0,2,model   kon_zil2,1463,36,298,603,0,0,128,255,2,"[(117, 117, 117, 128), (128, 128, 128, 128), (128, 128, 128, 255), (153, 153, 153, 255)]","(0.0, 0.00390625, 0.875, 1.125)","(-6.0500102043151855, -5.5, -20.5, 6.049990177154541, 1.0, 6.050000190734863)"
13309952,73904,zil_warp01_m    ,0,3,model   kon_zil ,1463,36,359,749,32768,0,42,126,18,"[(128, 128, 128, 51), (128, 128, 128, 70), (128, 128, 128, 102), (128, 128, 128, 126), (153, 153, 153, 42), (153, 153, 153, 45), (153, 153, 153, 51), (153, 153, 153, 52)]","(0.0, 0.0, 1.0, 1.0)","(-8.000009536743164, -6.800000190734863, -20.5, 7.999989986419678, -4.999999873689376e-06, 7.92549991607666)"
13309952,73904,zil_warp01_m    ,0,4,model   kon_zil2,1463,36,52,97,32768,0,0,126,2,"[(128, 128, 128, 0), (128, 128, 128, 126), (153, 153, 153, 0), (153, 153, 153, 126)]","(0.0, 0.0, 0.630859375, 1.0)","(-6.149829864501953, -4.75, -20.200000762939453, 3.9999899864196777, 0.9999949932098389, 7.999999979801942e-06)"
13309952,73904,zil_warp01_m    ,0,5,model   con_frg1,1463,36,27,49,32768,0,0,126,4,"[(128, 128, 128, 0), (128, 128, 128, 80), (128, 128, 128, 82), (128, 128, 128, 126)]","(0.125, 0.625, 0.5, 1.0)","(-4.5, -1.0000100135803223, -20.5, 3.9999899864196777, 1.0, -13.999899864196777)"
13383856,13280,zil_warp02_m    ,0,0,model   cl      ,267,36,67,123,0,0,255,255,1,"[(153, 153, 153, 255)]","(0.0, 0.0, 0.5, 0.5625)","(-1.7919600009918213, -8.0, -4.049990177154541, 1.7920399904251099, -4.0, 5.0)"
13383856,13280,zil_warp02_m    ,0,1,model   kon_zil ,267,36,122,227,0,0,255,255,1,"[(153, 153, 153, 255)]","(0.0, 0.0, 1.0, 1.0)","(-1.7919600009918213, -16.049999237060547, -3.8499999046325684, 1.7920399904251099, -3.0, 5.0)"
13383856,13280,zil_warp02_m    ,0,2,model   kon_zil2,267,36,58,111,0,0,255,255,1,"[(128, 128, 128, 255), (153, 153, 153, 255)]","(0.0, 0.25, 0.5, 1.0)","(-1.7919600009918213, -6.0, -3.799989938735962, 1.7891700267791748, -0.0, 4.700009822845459)"
13383856,13280,zil_warp02_m    ,0,3,model   kon_zil2,267,36,16,39,32768,0,126,126,1,"[(153, 153, 153, 126)]","(0.0, 0.0, 0.5, 0.55859375)","(-1.7919600009918213, -8.0, -1.899999976158142, 0.542527973651886, -4.0, 2.950010061264038)"
13383856,13280,zil_warp02_m    ,0,4,model   kon_zil ,267,36,57,103,32768,0,10,126,3,"[(128, 128, 128, 63), (128, 128, 128, 126), (153, 153, 153, 10), (153, 153, 153, 63), (153, 153, 153, 126)]","(0.0, 0.0, 1.0, 1.0)","(-1.7919600009918213, -12.0, -3.8499999046325684, 1.7920399904251099, -2.0, 3.325010061264038)"
13383856,13280,zil_warp02_m    ,0,5,model   kon_zil3,267,36,7,11,32768,0,70,126,2,"[(128, 128, 128, 70), (128, 128, 128, 126), (153, 153, 153, 126)]","(0.17578125, 0.765625, 0.52734375, 1.07421875)","(0.5000380277633667, -15.800000190734863, -0.9000020027160645, 0.9240419864654541, -14.0, 2.4000000953674316)"
13419856,5184,tobi1           ,0,0,bird    tobi01  ,132,36,123,303,8192,0,128,128,1,"[(128, 128, 128, 128)]","(0.0, 0.03125, 1.0, 0.984375)","(-0.47716400027275085, -0.5611469745635986, -1.0341800451278687, 0.3699199855327606, -0.34048300981521606, 1.0341800451278687)"
13425040,5216,tobi2           ,0,0,bird    tobi01  ,132,36,124,303,8192,0,128,128,1,"[(128, 128, 128, 128)]","(0.0, 0.03125, 1.0, 0.984375)","(-0.47716400027275085, -1.2900099754333496, -0.8341799974441528, 0.3699199855327606, -0.3245309889316559, 0.8341799974441528)"
13434160,624,_tyo01b_m       ,0,0,ageha   tyo_01c ,8,36,12,25,8192,0,255,255,1,"[(128, 128, 128, 255)]","(0.03125, 1.0, 1.0, 2.0)","(-0.09700500220060349, -0.0, -0.10289400070905685, 0.1365949958562851, 0.09679300338029861, 0.10289400070905685)"
13434784,624,_tyo01a_m       ,0,0,ageha   tyo_01c ,8,36,12,25,8192,0,255,255,1,"[(128, 128, 128, 255)]","(0.03125, 1.0, 1.0, 2.0)","(-0.10850699990987778, -0.1758359968662262, -0.10289400070905685, 0.10159499943256378, -0.04737100005149841, 0.10289400070905685)"
13446880,4192,_bat01          ,0,0,batta   bat01c  ,72,36,20,39,0,0,255,255,1,"[(128, 128, 128, 255)]","(0.0546875, 0.015625, 0.9921875, 0.296875)","(-0.12421099841594696, -0.025590000674128532, -0.017728999257087708, 0.07981300354003906, 0.013744999654591084, 0.01498899981379509)"
13446880,4192,_bat01          ,0,1,batta   bat01c  ,72,36,82,135,8192,0,255,255,1,"[(128, 128, 128, 255)]","(0.0078125, 0.015625, 0.9921875, 1.0)","(-0.12421099841594696, -0.05940600112080574, -0.06268499791622162, 0.1022379994392395, 0.014469999819993973, 0.06268499791622162)"
13456192,624,_tyo02b_m       ,0,0,cyo     tyo_02c ,8,36,12,25,8192,0,255,255,1,"[(128, 128, 128, 255)]","(0.03125, 1.0, 1.0, 2.0)","(-0.05708799883723259, -0.0, -0.08044099807739258, 0.0687130019068718, 0.0751900002360344, 0.08044099807739258)"
13456816,624,_tyo02a_m       ,0,0,cyo     tyo_02c ,8,36,12,25,8192,0,255,255,1,"[(128, 128, 128, 255)]","(0.03125, 1.0, 1.0, 2.0)","(-0.07208800315856934, -0.11411499977111816, -0.08044099807739258, 0.05103699862957001, -0.028617000207304955, 0.08044099807739258)"
13543728,496,warp            ,0,0,warp    zil_tele,8,36,9,14,0,0,128,128,1,"[(128, 128, 128, 128)]","(0.0, 0.0, 1.0, 1.0)","(-4.0, -0.0, -4.0, 4.0, -0.0, 4.0)"
13665680,24032,clod_a01        ,0,0,thdr    clod_a01,668,36,98,178,0,0,128,128,1,"[(128, 128, 128, 128)]","(0.0, 0.0, 1.0, 1.0)","(-57.97869873046875, -34.38290023803711, -70.77739715576172, 70.98619842529297, -23.802400588989258, 57.95000076293945)"
13665680,24032,clod_a01        ,0,1,thdr    clod_a01,668,36,500,991,32768,0,0,128,23,"[(128, 128, 128, 0), (128, 128, 128, 30), (128, 128, 128, 53), (128, 128, 128, 70), (128, 128, 128, 72), (128, 128, 128, 75), (128, 128, 128, 77), (128, 128, 128, 80)]","(0.0, 0.0, 1.0, 1.0)","(-120.4260025024414, -31.448699951171875, -120.24700164794922, 120.4260025024414, 0.012745000422000885, 120.24700164794922)"
13689712,4160,light01         ,0,0,thdr    clod_a01,112,36,16,22,0,0,129,129,1,"[(128, 128, 128, 129)]","(0.0, 0.0, 1.0, 1.0)","(-4.0, 1.8103300333023071, -4.0, 4.0, 2.0, 4.0)"
13689712,4160,light01         ,0,1,thdr    clod_a01,112,36,84,173,32768,0,2,129,5,"[(128, 128, 128, 2), (128, 128, 128, 41), (128, 128, 128, 89), (128, 128, 128, 111), (128, 128, 128, 129)]","(0.0, 0.0, 1.0, 1.0)","(-16.0, -9.999999974752427e-07, -16.0, 16.0, 1.9151999950408936, 16.0)"
13693872,368,thunder1        ,0,0,thdr    thunder1,4,36,6,6,0,0,255,255,1,"[(178, 178, 178, 255)]","(0.0, 0.0, 1.0, 1.0)","(-2.0, -4.0, -0.0, 2.0, 4.0, -0.0)"
13694240,368,thunder2        ,0,0,thdr    thunder2,4,36,6,6,0,0,255,255,1,"[(178, 178, 178, 255)]","(0.0, 0.0, 1.0, 1.0)","(-2.0, -4.0, -0.0, 2.0, 4.0, -0.0)"
13694608,3424,sunsphere       ,0,0,                ,144,36,81,186,0,0,0,128,5,"[(128, 128, 128, 0), (128, 128, 128, 32), (128, 128, 128, 64), (128, 128, 128, 96), (128, 128, 128, 128)]","(0.0, 1.0, 0.0, 1.0)","(0.0, -24.974899291992188, -24.759599685668945, 11.35420036315918, 24.974899291992188, 24.759599685668945)"
13786832,3424,sunsphere       ,0,0,                ,144,36,81,186,0,0,0,128,5,"[(128, 128, 128, 0), (128, 128, 128, 32), (128, 128, 128, 64), (128, 128, 128, 96), (128, 128, 128, 128)]","(0.0, 1.0, 0.0, 1.0)","(0.0, -21.828031539916992, -21.63985824584961, 16.35417366027832, 21.828041076660156, 21.639860153198242)"
13790256,24496,suny_c01        ,0,0,dust    suny_c01,668,36,117,211,0,0,128,128,1,"[(128, 128, 128, 128)]","(0.0, 0.0, 1.0, 1.0)","(-70.98619842529297, -34.38290023803711, -70.77739715576172, 70.98619842529297, -23.802400588989258, 70.93409729003906)"
13790256,24496,suny_c01        ,0,1,dust    suny_c01,668,36,493,975,32768,0,0,128,8,"[(128, 128, 128, 0), (128, 128, 128, 48), (128, 128, 128, 64), (128, 128, 128, 80), (128, 128, 128, 100), (128, 128, 128, 110), (128, 128, 128, 120), (128, 128, 128, 128)]","(0.0, 0.0, 1.0, 1.0)","(-120.4260025024414, -31.448699951171875, -120.24700164794922, 120.4260025024414, 0.012745000422000885, 120.24700164794922)"
13814752,3888,dust00          ,0,0,dust    dust00  ,48,36,96,142,32768,0,0,128,4,"[(128, 128, 128, 0), (128, 128, 128, 78), (128, 128, 128, 101), (128, 128, 128, 128)]","(0.0, 0.0, 1.0, 1.0)","(-15.0, -8.0, -0.0, 16.0, 8.0, -0.0)"
13909696,2224,moonsphere      ,0,0,                ,80,36,49,157,0,0,0,128,3,"[(128, 128, 128, 0), (128, 128, 128, 72), (136, 136, 136, 72), (153, 153, 153, 72), (170, 170, 170, 72), (187, 187, 187, 128)]","(0.0, 1.0, 0.0, 1.0)","(0.0, -8.189419746398926, -8.189419746398926, 0.830780029296875, 8.189430236816406, 8.189430236816406)"
14016832,24032,clod_a01        ,0,0,clod    clod_a01,668,36,98,178,0,0,128,128,1,"[(128, 128, 128, 128)]","(0.0, 0.0, 1.0, 1.0)","(-57.97869873046875, -34.38290023803711, -70.77739715576172, 70.98619842529297, -23.802400588989258, 57.95000076293945)"
14016832,24032,clod_a01        ,0,1,clod    clod_a01,668,36,500,991,32768,0,0,128,23,"[(128, 128, 128, 0), (128, 128, 128, 30), (128, 128, 128, 53), (128, 128, 128, 70), (128, 128, 128, 72), (128, 128, 128, 75), (128, 128, 128, 77), (128, 128, 128, 80)]","(0.0, 0.0, 1.0, 1.0)","(-120.4260025024414, -31.448699951171875, -120.24700164794922, 120.4260025024414, 0.012745000422000885, 120.24700164794922)"
14040864,3424,sunsphere       ,0,0,                ,144,36,81,186,0,0,0,128,5,"[(128, 128, 128, 0), (128, 128, 128, 32), (128, 128, 128, 64), (128, 128, 128, 96), (128, 128, 128, 128)]","(0.0, 1.0, 0.0, 1.0)","(0.0, -24.974899291992188, -24.759599685668945, 11.35420036315918, 24.974899291992188, 24.759599685668945)"
14123472,4352,cld_fine_a01    ,0,0,fine    fine_a01,128,36,108,158,0,0,128,128,1,"[(178, 178, 178, 128)]","(0.0, 0.0, 1.0, 1.0)","(-40.0, -16.327999114990234, -39.91550064086914, 40.0, 0.002689999993890524, 39.98569869995117)"
14127824,3424,sunsphere       ,0,0,                ,144,36,81,186,0,0,0,128,5,"[(128, 128, 128, 0), (128, 128, 128, 32), (128, 128, 128, 64), (128, 128, 128, 96), (128, 128, 128, 128)]","(0.0, 1.0, 0.0, 1.0)","(0.0, -24.97486114501953, -24.75956153869629, 11.354174613952637, 24.974870681762695, 24.759563446044922)"
14221584,2224,moonsphere      ,0,0,                ,80,36,49,157,0,0,0,128,3,"[(128, 128, 128, 0), (128, 128, 128, 72), (136, 136, 136, 72), (153, 153, 153, 72), (170, 170, 170, 72), (187, 187, 187, 128)]","(0.0, 1.0, 0.0, 1.0)","(0.0, -8.189419746398926, -8.189419746398926, 0.830780029296875, 8.189430236816406, 8.189430236816406)"
14283328,20784,star            ,0,0,star    star01  ,172,36,516,1029,0,0,128,255,2,"[(0, 0, 255, 128), (0, 99, 255, 128), (0, 140, 217, 128), (0, 163, 194, 128), (61, 255, 57, 128), (90, 90, 90, 128), (121, 0, 191, 128), (121, 118, 223, 128)]","(0.0, 0.0, 1.0, 1.0)","(-109.69400024414062, -33.714500427246094, -111.71299743652344, 108.88299560546875, -0.06890899688005447, 120.697998046875)"
14304112,24768,stardust02      ,0,0,star    star02  ,330,36,613,1275,0,0,128,128,1,"[(0, 0, 0, 128), (16, 108, 108, 128), (29, 156, 204, 128), (40, 40, 40, 128), (50, 50, 50, 128), (60, 60, 60, 128), (83, 83, 182, 128), (90, 90, 90, 128)]","(0.0, 0.0, 4.0, 4.0)","(-120.4260025024414, -34.38290023803711, -120.13400268554688, 120.4260025024414, 0.012745000422000885, 120.24700164794922)"
14396240,24496,clod_a01        ,0,0,mist    clod_a01,668,36,117,211,0,0,128,128,1,"[(128, 128, 128, 128)]","(0.0, 0.0, 1.0, 1.0)","(-70.98619842529297, -34.38290023803711, -70.77739715576172, 70.98619842529297, -23.802400588989258, 70.93409729003906)"
14396240,24496,clod_a01        ,0,1,mist    clod_a01,668,36,493,975,32768,0,0,128,8,"[(128, 128, 128, 0), (128, 128, 128, 48), (128, 128, 128, 64), (128, 128, 128, 80), (128, 128, 128, 100), (128, 128, 128, 110), (128, 128, 128, 120), (128, 128, 128, 128)]","(0.0, 0.0, 1.0, 1.0)","(-120.4260025024414, -31.448699951171875, -120.24700164794922, 120.4260025024414, 0.012745000422000885, 120.24700164794922)"
14420736,3424,sunsphere       ,0,0,                ,144,36,81,186,0,0,0,128,5,"[(128, 128, 128, 0), (128, 128, 128, 32), (128, 128, 128, 64), (128, 128, 128, 96), (128, 128, 128, 128)]","(0.0, 1.0, 0.0, 1.0)","(0.0, -24.974899291992188, -24.759599685668945, 11.35420036315918, 24.974899291992188, 24.759599685668945)"
14534736,3424,sunsphere       ,0,0,                ,144,36,81,186,0,0,0,128,5,"[(128, 128, 128, 0), (128, 128, 128, 32), (128, 128, 128, 64), (128, 128, 128, 96), (128, 128, 128, 128)]","(0.0, 1.0, 0.0, 1.0)","(0.0, -21.828031539916992, -21.63985824584961, 16.35417366027832, 21.828041076660156, 21.639860153198242)"
14538160,24496,suny_a01        ,0,0,suny    suny_a01,668,36,117,211,0,0,128,128,1,"[(128, 128, 128, 128)]","(0.0, 0.0, 1.0, 1.0)","(-70.98619842529297, -34.38290023803711, -70.77739715576172, 70.98619842529297, -23.802400588989258, 70.93409729003906)"
14538160,24496,suny_a01        ,0,1,suny    suny_a01,668,36,493,975,32768,0,0,128,8,"[(128, 128, 128, 0), (128, 128, 128, 48), (128, 128, 128, 64), (128, 128, 128, 80), (128, 128, 128, 100), (128, 128, 128, 110), (128, 128, 128, 120), (128, 128, 128, 128)]","(0.0, 0.0, 1.0, 1.0)","(-120.4260025024414, -31.448699951171875, -120.24700164794922, 120.4260025024414, 0.012745000422000885, 120.24700164794922)"
14690400,2224,moonsphere      ,0,0,                ,80,36,49,157,0,0,0,128,3,"[(128, 128, 128, 0), (128, 128, 128, 72), (136, 136, 136, 72), (153, 153, 153, 72), (170, 170, 170, 72), (187, 187, 187, 128)]","(0.0, 1.0, 0.0, 1.0)","(0.0, -8.189419746398926, -8.189419746398926, 0.830780029296875, 8.189430236816406, 8.189430236816406)"
14714768,20784,star            ,0,0,star    star01  ,172,36,516,1029,0,0,128,255,2,"[(0, 0, 255, 128), (0, 99, 255, 128), (0, 140, 217, 128), (0, 163, 194, 128), (61, 255, 57, 128), (90, 90, 90, 128), (121, 0, 191, 128), (121, 118, 223, 128)]","(0.0, 0.0, 1.0, 1.0)","(-109.69400024414062, -33.714500427246094, -111.71299743652344, 108.88299560546875, -0.06890899688005447, 120.697998046875)"
14735552,24768,stardust02      ,0,0,star    star02  ,330,36,613,1275,0,0,128,128,1,"[(0, 0, 0, 128), (16, 108, 108, 128), (29, 156, 204, 128), (40, 40, 40, 128), (50, 50, 50, 128), (60, 60, 60, 128), (83, 83, 182, 128), (90, 90, 90, 128)]","(0.0, 0.0, 4.0, 4.0)","(-120.4260025024414, -34.38290023803711, -120.13400268554688, 120.4260025024414, 0.012745000422000885, 120.24700164794922)"
