chunk_offset,chunk_size,object_name,super_index,sub_index,material,sub_flag,vert_stride,vert_count,index_count,blend_flags,flags2,alpha_min,alpha_max,alpha_unique,color_samples,uv_bounds,bounds
18304,912,window          ,0,0,                ,22,36,19,43,0,0,0,128,6,"[(128, 128, 128, 0), (128, 128, 128, 43), (128, 128, 128, 53), (128, 128, 128, 81), (128, 128, 128, 98), (128, 128, 128, 128)]","(0.0, 1.0, 0.0, 1.0)","(-0.12911300361156464, 3.000000106112566e-06, -0.0, 0.46430501341819763, 1.0728130340576172, 0.8315349817276001)"
124320,141536,sea01           ,0,0,sea     sea01   ,2512,36,3638,5213,32768,0,0,128,40,"[(128, 128, 128, 0), (128, 128, 128, 32), (128, 128, 128, 45), (128, 128, 128, 46), (128, 128, 128, 48), (128, 128, 128, 53), (128, 128, 128, 55), (128, 128, 128, 59)]","(0.0, 0.0, 1.0, 1.0)","(-40.0, -0.0, -49.599998474121094, 40.0, -0.0, -2.0)"
265856,22160,sea_col         ,0,0,                ,983,36,530,1465,0,0,0,112,16,"[(128, 128, 128, 0), (128, 128, 128, 16), (128, 128, 128, 24), (128, 128, 128, 32), (128, 128, 128, 47), (128, 128, 128, 49), (128, 128, 128, 55), (128, 128, 128, 64)]","(0.0, 1.0, 0.0, 1.0)","(-38.400001525878906, -0.0, -49.400001525878906, 38.400001525878906, -0.0, -2.2999989986419678)"
288016,141536,sea02           ,0,0,sea     sea02   ,2512,36,3638,5213,32768,0,0,128,40,"[(128, 128, 128, 0), (128, 128, 128, 32), (128, 128, 128, 45), (128, 128, 128, 46), (128, 128, 128, 48), (128, 128, 128, 53), (128, 128, 128, 55), (128, 128, 128, 59)]","(0.0, 0.0, 1.0, 1.0)","(-40.0, -0.0, -49.599998474121094, 40.0, -0.0, -2.0)"
469360,1920,kamome01        ,0,0,bird    kamome01,29,36,25,53,8192,0,127,128,2,"[(128, 128, 128, 127), (128, 128, 128, 128)]","(0.0, 0.265625, 0.984375, 0.984375)","(-0.375, -0.79373699426651, -0.1095070019364357, 0.3020550012588501, -0.5754259824752808, 0.10950399935245514)"
469360,1920,kamome01        ,0,1,bird    kamome01,29,36,19,27,40960,0,125,128,3,"[(128, 128, 128, 125), (128, 128, 128, 127), (128, 128, 128, 128)]","(0.015625, 0.0, 1.0, 0.796875)","(-0.4181379973888397, -1.1758899688720703, -0.5234479904174805, 0.1143999993801117, -0.5711960196495056, 0.5234429836273193)"
471280,1920,kamome02        ,0,0,bird    kamome01,29,36,25,53,8192,0,127,128,2,"[(128, 128, 128, 127), (128, 128, 128, 128)]","(0.0, 0.265625, 0.984375, 0.984375)","(-0.375, -0.749987006187439, -0.12200599908828735, 0.3020550012588501, -0.5754259824752808, 0.12200400233268738)"
471280,1920,kamome02        ,0,1,bird    kamome01,29,36,19,27,40960,0,125,128,3,"[(128, 128, 128, 125), (128, 128, 128, 127), (128, 128, 128, 128)]","(0.015625, 0.0, 1.0, 0.796875)","(-0.4181379973888397, -0.749987006187439, -0.5984479784965515, 0.059849999845027924, -0.5248469710350037, 0.5984429717063904)"
3406304,2304,himono02        ,0,0,model   sel_kmn3,48,36,54,109,0,0,255,255,1,"[(77, 77, 77, 255), (89, 89, 89, 255), (115, 115, 115, 255)]","(0.72265625, 0.00390625, 0.74609375, 0.49609375)","(-0.014142000116407871, -0.014142000116407871, -3.964060068130493, 0.014142000116407871, 0.0990620031952858, 0.5)"
3408608,12816,_ami01          ,0,0,model   sel_kmn3,368,36,231,469,0,0,255,255,1,"[(59, 59, 59, 255), (64, 64, 64, 255), (89, 89, 89, 255), (102, 102, 102, 255), (128, 128, 128, 255)]","(0.00390625, 0.19140625, 0.49609375, 0.99609375)","(-1.3310699462890625, -2.680030107498169, -2.6784300804138184, 1.0181200504302979, -2.547300100326538, -0.27240800857543945)"
3408608,12816,_ami01          ,0,1,model   sel_kmn4,368,36,82,217,32768,0,126,126,1,"[(59, 59, 59, 126), (64, 64, 64, 126), (89, 89, 89, 126), (102, 102, 102, 126)]","(0.0078125, 0.0078125, 0.9921875, 0.9921875)","(-1.3310699462890625, -2.680030107498169, -2.6784300804138184, 1.0181200504302979, -2.547300100326538, -0.47202199697494507)"
3421424,12768,_ami02          ,0,0,model   sel_kmn3,368,36,230,465,0,0,255,255,1,"[(89, 89, 89, 255), (102, 102, 102, 255), (128, 128, 128, 255)]","(0.00390625, 0.19140625, 0.49609375, 0.99609375)","(-1.3310699462890625, -2.680030107498169, -2.6078999042510986, 0.9974049925804138, -2.490950107574463, -0.27240800857543945)"
3421424,12768,_ami02          ,0,1,model   sel_kmn4,368,36,82,217,32768,0,126,126,1,"[(89, 89, 89, 126), (102, 102, 102, 126), (128, 128, 128, 126)]","(0.0078125, 0.0078125, 0.9921875, 0.9921875)","(-1.3310699462890625, -2.680030107498169, -2.6078999042510986, 0.9974049925804138, -2.490950107574463, -0.47202199697494507)"
3434192,12784,_ami03          ,0,0,model   sel_kmn3,368,36,229,465,0,0,255,255,1,"[(89, 89, 89, 255), (102, 102, 102, 255), (128, 128, 128, 255)]","(0.00390625, 0.19140625, 0.49609375, 0.99609375)","(-1.3310699462890625, -2.680030107498169, -2.577699899673462, 0.9974049925804138, -2.4317800998687744, -0.27240800857543945)"
3434192,12784,_ami03          ,0,1,model   sel_kmn4,368,36,83,223,32768,0,126,126,1,"[(89, 89, 89, 126), (102, 102, 102, 126), (128, 128, 128, 126)]","(0.0078125, 0.0078125, 0.9921875, 0.9921875)","(-1.3310699462890625, -2.680030107498169, -2.577699899673462, 0.9974049925804138, -2.4317800998687744, -0.47202199697494507)"
3446976,624,_himono03       ,0,0,model   sel_kmn2,8,36,12,25,0,0,255,255,1,"[(77, 77, 77, 255), (102, 102, 102, 255), (128, 128, 128, 255)]","(0.732421875, 0.625, 0.9296875, 0.9765625)","(-0.001500000013038516, -0.4726240038871765, -0.1998089998960495, 0.001500000013038516, 0.4726240038871765, 0.1998089998960495)"
3447600,448,_himono04       ,0,0,model   sel_kmn2,4,36,8,10,0,0,128,255,2,"[(128, 128, 128, 128), (128, 128, 128, 255)]","(0.8203125, 0.26171875, 0.998046875, 0.61328125)","(-0.1748650074005127, -0.5487430095672607, -0.0020000000949949026, 0.1748650074005127, -0.0, -0.0)"
3448048,448,_himono04shadow ,0,0,model   sel_kmn2,4,36,8,10,0,0,255,255,1,"[(77, 77, 77, 255), (102, 102, 102, 255)]","(0.8203125, 0.26171875, 0.998046875, 0.61328125)","(-0.1748650074005127, -0.5487430095672607, -0.0020000000949949026, 0.1748650074005127, -0.0, -0.0)"
3448496,7360,_himonodai      ,0,0,model   sel_kmn3,128,36,182,333,0,0,128,255,2,"[(77, 77, 77, 255), (102, 102, 102, 255), (128, 128, 128, 255), (153, 153, 153, 128), (181, 181, 181, 128), (181, 181, 181, 255)]","(0.00390625, 0.00390625, 0.90234375, 0.99609375)","(-0.75, -1.1319799423217773, -0.8637940287590027, 0.75, -0.0, 0.9566239714622498)"
3455856,7568,_himonodaishadow,0,0,model   sel_kmn3,128,36,186,361,0,0,255,255,1,"[(64, 64, 64, 255), (77, 77, 77, 255), (89, 89, 89, 255), (102, 102, 102, 255)]","(0.00390625, 0.00390625, 0.90234375, 0.99609375)","(-0.75, -1.1319799423217773, -0.8637940287590027, 0.75, -0.0, 0.9566239714622498)"
3463424,2016,_mixmdl_000     ,0,0,model   sel_kmn2,24,36,48,70,0,0,128,255,2,"[(128, 128, 128, 128), (128, 128, 128, 255)]","(0.8203125, 0.26171875, 0.998046875, 0.61328125)","(-0.22758300602436066, -0.16834500432014465, -0.6884379982948303, 0.9648669958114624, 0.2172970026731491, 0.5268489718437195)"
3465440,9504,_mixmdl_001     ,0,0,model   sel_kmn2,120,36,240,358,0,0,255,255,1,"[(77, 77, 77, 255), (102, 102, 102, 255)]","(0.8203125, 0.26171875, 0.998046875, 0.61328125)","(-8.489299774169922, -0.17362000048160553, -0.781915009021759, 1.0440700054168701, 0.2719539999961853, 0.9502890110015869)"
3474944,9504,_mixmdl_002     ,0,0,model   sel_kmn2,120,36,240,358,0,0,255,255,1,"[(77, 77, 77, 255), (102, 102, 102, 255)]","(0.8203125, 0.26171875, 0.998046875, 0.61328125)","(-9.420740127563477, -0.16228200495243073, -1.3331799507141113, 0.2015170007944107, 0.2832930088043213, 0.5330449938774109)"
3484448,5760,_mixmdl_003     ,0,0,model   sel_kmn2,72,36,144,214,0,0,128,255,2,"[(128, 128, 128, 128), (128, 128, 128, 255)]","(0.8203125, 0.26171875, 0.998046875, 0.61328125)","(-3.9133400917053223, -0.20641399919986725, -0.6751139760017395, 1.013659954071045, 0.23467600345611572, 1.0777100324630737)"
3490208,3888,_mixmdl_004     ,0,0,model   sel_kmn2,48,36,96,142,0,0,128,255,2,"[(128, 128, 128, 128), (128, 128, 128, 255)]","(0.8203125, 0.26171875, 0.998046875, 0.61328125)","(-1.9867199659347534, -0.23088300228118896, -0.5940369963645935, 0.9719089865684509, 0.20253799855709076, 0.8334670066833496)"
3494096,9504,_mixmdl_005     ,0,0,model   sel_kmn2,120,36,240,358,0,0,128,255,2,"[(128, 128, 128, 128), (128, 128, 128, 255)]","(0.8203125, 0.26171875, 0.998046875, 0.61328125)","(-1.683609962463379, -0.20543000102043152, -1.993499994277954, 5.04502010345459, 0.2401459962129593, 5.286489963531494)"
3503600,6976,_mixmdl_006     ,0,0,model   sel_kmn2,112,36,168,389,0,0,255,255,1,"[(77, 77, 77, 255), (102, 102, 102, 255), (128, 128, 128, 255)]","(0.732421875, 0.625, 0.9296875, 0.9765625)","(-0.0014991799835115671, -0.5611730217933655, -1.4622999429702759, 0.0014991799835115671, 0.4726240038871765, 7.215060234069824)"
3510576,3552,_mixmdl_007     ,0,0,model   sel_kmn2,56,36,84,193,0,0,255,255,1,"[(77, 77, 77, 255), (102, 102, 102, 255), (128, 128, 128, 255)]","(0.732421875, 0.625, 0.9296875, 0.9765625)","(-0.1998089998960495, -0.4726240038871765, -0.0015001300489529967, 3.8963000774383545, 0.5611730217933655, 0.0015001300489529967)"
3514128,3552,_mixmdl_008     ,0,0,model   sel_kmn2,56,36,84,193,0,0,255,255,1,"[(77, 77, 77, 255), (102, 102, 102, 255), (128, 128, 128, 255)]","(0.732421875, 0.625, 0.9296875, 0.9765625)","(-0.0015001300489529967, -0.5295490026473999, -3.301270008087158, 0.0015001300489529967, 0.5042489767074585, 0.7948409914970398)"
3517680,3552,_mixmdl_009     ,0,0,model   sel_kmn2,56,36,84,193,0,0,255,255,1,"[(77, 77, 77, 255), (102, 102, 102, 255), (128, 128, 128, 255)]","(0.732421875, 0.625, 0.9296875, 0.9765625)","(-0.0015001300489529967, -0.4726240038871765, -3.8963000774383545, 0.0015001300489529967, 0.5611730217933655, 0.1998089998960495)"
3521232,10384,_mixmdl_010     ,0,0,model   sel_kmn2,168,36,252,585,0,0,255,255,1,"[(77, 77, 77, 255), (102, 102, 102, 255), (128, 128, 128, 255)]","(0.732421875, 0.625, 0.9296875, 0.9765625)","(-0.0014991799835115671, -0.4726240038871765, -3.8963000774383545, 0.0014991799835115671, 0.5611730217933655, 9.362319946289062)"
3531616,256752,_mixmdl_011     ,0,0,model   sel_kmn3,7968,36,5876,12301,0,0,128,255,2,"[(59, 59, 59, 128), (59, 59, 59, 255), (64, 64, 64, 128), (64, 64, 64, 255), (77, 77, 77, 128), (77, 77, 77, 255), (89, 89, 89, 255), (102, 102, 102, 128)]","(0.00390625, 0.00390625, 0.90234375, 0.99609375)","(-5.129799842834473, -0.2199999988079071, -5.042270183563232, 1.1431000232696533, 0.9837610125541687, 0.5945720076560974)"
3531616,256752,_mixmdl_011     ,0,1,model   sel_kmn4,7968,36,494,1329,32768,0,126,126,1,"[(59, 59, 59, 126), (64, 64, 64, 126), (89, 89, 89, 126), (102, 102, 102, 126), (128, 128, 128, 126)]","(0.0078125, 0.0078125, 0.9921875, 0.9921875)","(-3.931459903717041, 0.5688300132751465, -5.042270183563232, 1.1431000232696533, 0.9589589834213257, -1.0468800067901611)"
3788368,8032,_sel_w01_m      ,0,0,model   kin_w02c,164,36,91,163,0,0,255,255,1,"[(79, 79, 79, 255), (102, 102, 102, 255), (128, 128, 128, 255)]","(0.5078125, 0.0078125, 0.9921875, 1.9921875)","(-0.4574359953403473, -14.487199783325195, -0.4574359953403473, 0.4574359953403473, -0.0, 0.4574359953403473)"
3788368,8032,_sel_w01_m      ,0,1,model   kin_w02c,164,36,108,190,8192,0,255,255,1,"[(102, 102, 102, 255), (128, 128, 128, 255)]","(0.0078125, 0.0078125, 0.4921875, 0.9921875)","(-2.5754001140594482, -17.177799224853516, -2.7716801166534424, 2.8016700744628906, -11.51550006866455, 2.5910398960113525)"
3796400,8016,_sel_w01b_m     ,0,0,model   kin_w02c,164,36,199,355,0,0,255,255,1,"[(77, 77, 77, 255), (79, 79, 79, 255), (115, 115, 115, 255), (128, 128, 128, 255)]","(0.0078125, 0.0078125, 0.9921875, 0.9921875)","(-0.4574359953403473, -17.093599319458008, -3.2257299423217773, 7.492599964141846, -0.0, 2.1176700592041016)"
3804416,2944,_sel_w04_m      ,0,0,model   kin_w04c,40,36,72,102,8192,0,255,255,1,"[(115, 115, 115, 255), (128, 128, 128, 255)]","(0.5078125, 0.0078125, 0.9921875, 0.9921875)","(-0.5401920080184937, -1.0420199632644653, -0.5074340105056763, 0.5596050024032593, 0.0709260031580925, 0.5493749976158142)"
3807360,24064,_sel_w05_h      ,0,0,model   kin_w03c,484,36,586,1409,0,0,255,255,1,"[(64, 64, 64, 255), (128, 128, 128, 255), (181, 181, 181, 255)]","(0.0078125, 0.00390625, 0.9921875, 0.99609375)","(-2.8434700965881348, -14.79419994354248, -2.2587599754333496, 2.7298800945281982, -0.0, 6.226990222930908)"
3831424,8144,_sel_w08_h      ,0,0,model   kin_w03c,113,36,155,261,0,0,255,255,1,"[(89, 89, 89, 255), (115, 115, 115, 255), (128, 128, 128, 255)]","(0.5078125, 0.50390625, 0.9921875, 0.99609375)","(-0.20111499726772308, -1.3235399723052979, -0.1318890005350113, 0.21157200634479523, 0.006275999825447798, 0.13809700310230255)"
3831424,8144,_sel_w08_h      ,0,1,model   kin_w03c,113,36,48,70,8192,0,255,255,1,"[(115, 115, 115, 255), (128, 128, 128, 255)]","(0.7578125, 0.53515625, 0.9296875, 0.74609375)","(0.005266999825835228, -1.675719976425171, -0.09762600064277649, 0.41063499450683594, -1.223829984664917, 0.14339999854564667)"
3839568,7280,_sel_w08b_h     ,0,0,model   kin_w03c,94,36,158,249,0,0,255,255,1,"[(89, 89, 89, 255), (115, 115, 115, 255), (128, 128, 128, 255)]","(0.5078125, 0.50390625, 0.9921875, 0.99609375)","(-0.1565520018339157, -0.950190007686615, -0.09443700313568115, 0.21281400322914124, 0.016735000535845757, 0.0989070013165474)"
3839568,7280,_sel_w08b_h     ,0,1,model   kin_w03c,94,36,24,34,8192,0,255,255,1,"[(115, 115, 115, 255), (128, 128, 128, 255)]","(0.7578125, 0.53515625, 0.9296875, 0.74609375)","(0.023687999695539474, -1.1769700050354004, -0.06911200284957886, 0.1709810048341751, -0.9235889911651611, 0.0478300005197525)"
3846848,14048,_umisaku-ami    ,0,0,model   sel_kmn2,180,36,351,637,0,0,128,128,1,"[(89, 89, 89, 128), (128, 128, 128, 128)]","(0.283203125, 0.59375, 0.625, 0.96484375)","(-2.86722993850708, -4.568160057067871, -0.0742110013961792, 2.86722993850708, -1.0321400165557861, 0.07421500235795975)"
3860896,544,_wakame         ,0,0,model   sel_kmn2,6,36,10,17,0,0,128,128,1,"[(128, 128, 128, 128)]","(0.390625, 0.5703125, 0.46875, 0.7421875)","(-0.26614001393318176, -0.5, -0.09680599719285965, 0.26614001393318176, 0.8312519788742065, 0.09680599719285965)"
3861440,11008,ami2            ,0,0,model   sel_kmn3,408,36,266,641,0,0,128,255,2,"[(59, 59, 59, 128), (59, 59, 59, 255), (64, 64, 64, 128), (64, 64, 64, 255), (77, 77, 77, 128), (77, 77, 77, 255), (89, 89, 89, 255), (102, 102, 102, 255)]","(0.72265625, 0.00390625, 0.77734375, 0.49609375)","(0.2690050005912781, -3.5240399837493896, -0.41019898653030396, 1.2085200548171997, -2.6009199619293213, 0.7119420170783997)"
3872448,5856,ami3            ,0,0,model   sel_kmn3,172,36,143,285,0,0,128,255,2,"[(64, 64, 64, 128), (77, 77, 77, 255), (89, 89, 89, 255), (102, 102, 102, 128), (102, 102, 102, 255)]","(0.53515625, 0.37890625, 0.90234375, 0.99609375)","(-0.2199999988079071, -0.2199999988079071, -0.0714770033955574, 0.2199999988079071, 0.2199999988079071, 0.4577670097351074)"
3878304,4688,baketu          ,0,0,model   sel_kmn3,92,36,115,201,0,0,255,255,1,"[(128, 128, 128, 255)]","(0.25390625, 0.00390625, 0.68359375, 0.41015625)","(-0.30000001192092896, -0.7762560248374939, -0.2772600054740906, 0.30000001192092896, -0.0, 0.27264800667762756)"
3882992,14160,d_x00z02        ,0,0,model   sel_wl2 ,294,36,140,241,0,0,128,128,1,"[(115, 115, 115, 128), (128, 128, 128, 128)]","(0.0, 0.00390625, 1.875, 0.99609375)","(-20.0, -16.56599998474121, -1.9537099599838257, 20.0, -10.651599884033203, 16.0)"
3882992,14160,d_x00z02        ,0,1,model   sel_wl1 ,294,36,102,179,0,0,128,128,1,"[(115, 115, 115, 128), (128, 128, 128, 128)]","(0.0, 0.0, 1.875, 1.0)","(-20.0, -13.239899635314941, -13.434100151062012, 20.0, 1.0414199829101562, -0.17491300404071808)"
3882992,14160,d_x00z02        ,0,2,model   sel_wl2 ,294,36,71,102,32768,0,126,126,1,"[(115, 115, 115, 126), (128, 128, 128, 126)]","(0.001953125, 0.00390625, 1.75, 0.75)","(-16.0, -15.797900199890137, -13.434100151062012, 20.0, 1.0414199829101562, 5.402369976043701)"
3882992,14160,d_x00z02        ,0,3,model   sel_wl1 ,294,36,42,56,32768,0,126,126,1,"[(115, 115, 115, 126)]","(0.001953125, 0.00390625, 0.998046875, 0.99609375)","(-16.0, -9.837750434875488, -13.434100151062012, 20.0, 1.0414199829101562, -3.723639965057373)"
3897152,13216,d_x01z02        ,0,0,model   sel_wl2 ,284,36,152,255,0,0,128,128,1,"[(128, 128, 128, 128)]","(0.0, 0.00390625, 1.25, 1.0)","(-20.0, -16.56599998474121, -3.019740104675293, 20.66189956665039, -11.807299613952637, 16.0)"
3897152,13216,d_x01z02        ,0,1,model   sel_wl1 ,284,36,74,161,0,0,128,128,1,"[(115, 115, 115, 128), (128, 128, 128, 128)]","(0.0, 0.0, 0.625, 1.0)","(-20.0, -13.239899635314941, -13.467599868774414, 20.0, 1.0414199829101562, -1.0218900442123413)"
3897152,13216,d_x01z02        ,0,2,model   sel_wl2 ,284,36,73,121,32768,0,126,126,1,"[(115, 115, 115, 126), (128, 128, 128, 126)]","(0.001953125, 0.00390625, 1.0, 0.75)","(-20.0, -15.464300155639648, -8.73723030090332, 16.0, -7.165649890899658, 4.013899803161621)"
3897152,13216,d_x01z02        ,0,3,model   sel_wl1 ,284,36,30,40,32768,0,126,126,1,"[(115, 115, 115, 126), (128, 128, 128, 126)]","(0.251953125, 0.25390625, 1.748046875, 0.99609375)","(-8.0, -10.558600425720215, -13.329500198364258, 18.90760040283203, 1.0414199829101562, -3.5384700298309326)"
3910368,14784,d_x02z02        ,0,0,model   sel_wl2 ,310,36,72,141,0,0,128,128,1,"[(115, 115, 115, 128), (128, 128, 128, 128)]","(0.0, 0.00390625, 0.875, 0.99609375)","(-23.736799240112305, -16.56599998474121, -3.511509895324707, -8.109399795532227, -10.304200172424316, 16.0)"
3910368,14784,d_x02z02        ,0,1,model   sel_kai ,310,36,14,37,0,0,128,128,1,"[(115, 115, 115, 128), (128, 128, 128, 128)]","(0.0, 0.00390625, 1.0, 0.49609375)","(0.5684850215911865, -0.9585760235786438, 12.0, 8.0, -0.6769350171089172, 16.0)"
3910368,14784,d_x02z02        ,0,2,model   sel_fg1 ,310,36,4,4,0,0,128,128,1,"[(128, 128, 128, 128)]","(0.25, 0.25, 0.5, 0.75)","(8.0, -0.9585760235786438, 13.371399879455566, 11.867400169372559, -0.6769350171089172, 16.194799423217773)"
3910368,14784,d_x02z02        ,0,3,model   sel_wl1 ,310,36,138,255,0,0,128,128,1,"[(115, 115, 115, 128), (128, 128, 128, 128)]","(0.0, 0.0, 1.375, 1.0)","(-23.771499633789062, -11.992500305175781, -11.203900337219238, 12.491399765014648, 1.0414199829101562, 16.194799423217773)"
3910368,14784,d_x02z02        ,0,4,model   sel_fg1 ,310,36,14,33,32768,0,126,126,1,"[(115, 115, 115, 126), (128, 128, 128, 126)]","(0.25, 0.0, 0.5, 1.0)","(0.5684850215911865, -0.9585760235786438, 12.518199920654297, 8.0, -0.6769350171089172, 16.0)"
3910368,14784,d_x02z02        ,0,5,model   sel_kai ,310,36,32,59,32768,0,126,126,1,"[(115, 115, 115, 126), (128, 128, 128, 126)]","(0.0, 0.00390625, 1.0, 0.46484375)","(-1.2900899648666382, -2.558579921722412, 10.767006874084473, 12.491399765014648, 1.0414199829101562, 16.194799423217773)"
3910368,14784,d_x02z02        ,0,6,model   sel_wl1 ,310,36,79,133,32768,0,126,126,1,"[(115, 115, 115, 126), (128, 128, 128, 126)]","(0.251953125, 0.00390625, 1.0, 1.0)","(-23.771499633789062, -13.827500343322754, -5.431379795074463, 1.3044899702072144, 1.0414199829101562, 16.0)"
3910368,14784,d_x02z02        ,0,7,model   sel_wl2 ,310,36,11,14,32768,0,126,126,1,"[(115, 115, 115, 126), (128, 128, 128, 126)]","(0.001953125, 0.50390625, 0.25, 0.75)","(-10.978699684143066, -12.871500015258789, 4.0, -6.979750156402588, -9.88772964477539, 12.0)"
3925152,91424,d_x02z03        ,0,0,model   sel_wl2 ,1587,36,162,305,0,0,128,128,1,"[(77, 77, 77, 128), (102, 102, 102, 128), (115, 115, 115, 128), (128, 128, 128, 128)]","(0.0, 0.0, 1.125, 1.0)","(-29.14419937133789, -20.42169952392578, -24.0, 19.162599563598633, -6.3957200050354, 20.0)"
3925152,91424,d_x02z03        ,0,1,model   sel_fg1 ,1587,36,191,385,0,0,128,128,1,"[(51, 51, 51, 128), (64, 64, 64, 128), (77, 77, 77, 128), (89, 89, 89, 128), (102, 102, 102, 128), (115, 115, 115, 128), (128, 128, 128, 128)]","(0.0, 0.0, 0.998046875, 1.5)","(-16.991600036621094, -10.881400108337402, -24.0, 20.0, -0.6585850119590759, 20.0)"
3925152,91424,d_x02z03        ,0,2,model   sel_kai ,1587,36,116,215,0,0,128,128,1,"[(51, 51, 51, 128), (64, 64, 64, 128), (77, 77, 77, 128), (89, 89, 89, 128), (102, 102, 102, 128), (115, 115, 115, 128), (128, 128, 128, 128)]","(0.0, 0.00390625, 1.0, 0.99609375)","(-8.0, -11.362299919128418, -23.805200576782227, 20.0, -0.5177339911460876, 20.0)"
3925152,91424,d_x02z03        ,0,3,model   sel_wl1 ,1587,36,531,997,0,0,128,128,1,"[(64, 64, 64, 128), (77, 77, 77, 128), (89, 89, 89, 128), (102, 102, 102, 128), (115, 115, 115, 128), (128, 128, 128, 128)]","(0.0, 0.0, 1.0, 1.0)","(-22.218799591064453, -18.32819938659668, -24.423999786376953, 20.40690040588379, 1.0414199829101562, 20.0)"
3925152,91424,d_x02z03        ,0,4,model   sel_hus1,1587,36,420,729,0,0,128,128,1,"[(77, 77, 77, 128), (89, 89, 89, 128), (102, 102, 102, 128), (115, 115, 115, 128), (128, 128, 128, 128)]","(0.0, 0.0, 0.875, 1.0)","(-1.8460400104522705, -7.412330150604248, -11.265899658203125, 3.1273000240325928, -2.54475998878479, -6.292610168457031)"
3925152,91424,d_x02z03        ,0,5,model   sel_kmn1,1587,36,12,29,0,0,128,128,1,"[(89, 89, 89, 128), (102, 102, 102, 128), (128, 128, 128, 128)]","(0.0078125, 0.50390625, 0.75, 0.87109375)","(-1.0059599876403809, -5.32004976272583, -8.895770072937012, 0.7618060111999512, -2.550640106201172, -7.128009796142578)"
3925152,91424,d_x02z03        ,0,6,model   sel_kmn3,1587,36,8,10,0,0,128,128,1,"[(128, 128, 128, 128)]","(0.90625, 0.625, 1.0, 0.6875)","(-0.6351169943809509, -3.832859992980957, -8.50259017944336, 0.36861398816108704, -3.632859945297241, -7.498849868774414)"
3925152,91424,d_x02z03        ,0,7,model   sel_kmn2,1587,36,58,117,0,0,128,128,1,"[(89, 89, 89, 128), (128, 128, 128, 128)]","(0.6015625, 0.046875, 0.75, 0.25)","(-0.49024200439453125, -3.739229917526245, -8.385629653930664, 0.28316500782966614, -3.5769400596618652, -7.61221981048584)"
3925152,91424,d_x02z03        ,0,8,model   sel_kai ,1587,36,178,335,32768,0,126,126,1,"[(51, 51, 51, 126), (64, 64, 64, 126), (77, 77, 77, 126), (89, 89, 89, 126), (102, 102, 102, 126), (115, 115, 115, 126), (128, 128, 128, 126)]","(0.0, 0.0, 1.0, 0.875)","(-10.0, -12.740699768066406, -24.423999786376953, 20.40690040588379, 1.0414199829101562, 16.29840087890625)"
3925152,91424,d_x02z03        ,0,9,model   sel_fg1 ,1587,36,291,521,32768,0,126,126,1,"[(51, 51, 51, 126), (64, 64, 64, 126), (77, 77, 77, 126), (89, 89, 89, 126), (102, 102, 102, 126), (115, 115, 115, 126), (128, 128, 128, 126)]","(0.0, 0.0, 1.0, 2.0)","(-18.0, -12.917499542236328, -24.0, 20.0, -0.5177339911460876, 20.0)"
3925152,91424,d_x02z03        ,0,10,model   sel_wl1 ,1587,36,109,173,32768,0,126,126,1,"[(64, 64, 64, 126), (77, 77, 77, 126), (89, 89, 89, 126), (102, 102, 102, 126), (115, 115, 115, 126), (128, 128, 128, 126)]","(0.25, 0.0, 0.998046875, 1.0)","(-21.44729995727539, -16.699499130249023, -24.0, 20.0, -0.9585760235786438, 20.0)"
3925152,91424,d_x02z03        ,0,11,model   sel_wl2 ,1587,36,211,381,32768,0,126,126,1,"[(51, 51, 51, 126), (64, 64, 64, 126), (77, 77, 77, 126), (89, 89, 89, 126), (102, 102, 102, 126), (115, 115, 115, 126), (128, 128, 128, 126)]","(0.0, 0.0, 1.0, 1.75)","(-24.48430061340332, -19.830299377441406, -24.0, 17.86240005493164, -4.558579921722412, 16.0)"
3925152,91424,d_x02z03        ,0,12,model   sel_hus1,1587,36,6,11,32768,0,126,126,1,"[(128, 128, 128, 126)]","(0.0, 0.84375, 0.25, 1.05859375)","(-1.6818100214004517, -6.680759906768799, -11.265899658203125, 3.1273000240325928, -5.974289894104004, -6.456830024719238)"
4016576,1312,d_x02z03p       ,0,0,model   sel_fg1 ,15,36,17,24,0,0,128,128,1,"[(51, 51, 51, 128), (77, 77, 77, 128), (89, 89, 89, 128), (128, 128, 128, 128)]","(0.25, 0.00390625, 0.75, 1.0)","(-8.0, -10.558600425720215, 16.0, 8.0, -10.558600425720215, 20.0)"
4016576,1312,d_x02z03p       ,0,1,model   sel_kai ,15,36,4,4,32768,0,126,126,1,"[(51, 51, 51, 126)]","(0.5, 0.00390625, 1.0, 0.453125)","(-8.0, -10.558600425720215, 16.0, -4.0, -10.558600425720215, 20.0)"
4016576,1312,d_x02z03p       ,0,2,model   sel_fg1 ,15,36,8,10,32768,0,126,126,1,"[(51, 51, 51, 126), (77, 77, 77, 126)]","(0.251953125, 0.0, 1.0, 0.5)","(-4.0, -10.558600425720215, 16.0, 4.0, -10.558600425720215, 20.0)"
4017888,47680,d_x02z04        ,0,0,model   sel_fg1 ,978,36,57,121,0,0,128,128,1,"[(51, 51, 51, 128), (77, 77, 77, 128), (89, 89, 89, 128), (102, 102, 102, 128), (115, 115, 115, 128), (128, 128, 128, 128)]","(0.0, 0.0, 1.0, 1.0)","(-16.991600036621094, -10.832599639892578, -20.0, 16.0, -10.195799827575684, -1.1974400281906128)"
4017888,47680,d_x02z04        ,0,1,model   sel_kai ,978,36,101,185,0,0,128,128,1,"[(102, 102, 102, 128), (115, 115, 115, 128), (128, 128, 128, 128)]","(0.0, 0.00390625, 1.0, 0.99609375)","(8.0, -10.70680046081543, -20.0, 20.0, -7.891910076141357, -8.0)"
4017888,47680,d_x02z04        ,0,2,model   sel_wl2 ,978,36,264,461,0,0,128,128,1,"[(128, 128, 128, 128)]","(0.001953125, 0.00390625, 1.25, 0.75)","(-29.14419937133789, -22.5585994720459, -20.0, 20.0, -13.380399703979492, 23.519100189208984)"
4017888,47680,d_x02z04        ,0,3,model   sel_wl1 ,978,36,338,707,0,0,128,128,1,"[(89, 89, 89, 128), (102, 102, 102, 128), (115, 115, 115, 128), (128, 128, 128, 128)]","(0.0, 0.0, 1.0, 1.125)","(-23.264799118041992, -21.183799743652344, -20.0, 20.0, -7.891910076141357, 10.60260009765625)"
4017888,47680,d_x02z04        ,0,4,model   sel_fg1 ,978,36,91,171,32768,0,126,126,1,"[(51, 51, 51, 126), (77, 77, 77, 126), (89, 89, 89, 126), (102, 102, 102, 126), (115, 115, 115, 126), (128, 128, 128, 126)]","(0.0, 0.0, 1.0, 2.0)","(-18.0, -12.558600425720215, -20.0, 20.0, -8.425239562988281, -4.0)"
4017888,47680,d_x02z04        ,0,5,model   sel_wl2 ,978,36,148,285,32768,0,126,126,1,"[(115, 115, 115, 126), (128, 128, 128, 126)]","(0.0, 0.00390625, 1.0, 0.99609375)","(-23.633100509643555, -21.576400756835938, -20.0, 20.0, -12.085599899291992, 9.758520126342773)"
4017888,47680,d_x02z04        ,0,6,model   sel_wl1 ,978,36,118,229,32768,0,126,126,1,"[(102, 102, 102, 126), (115, 115, 115, 126), (128, 128, 128, 126)]","(0.25, 0.0, 0.998046875, 1.0)","(-21.44729995727539, -20.2677001953125, -18.0, 20.0, -10.558600425720215, 10.60260009765625)"
4017888,47680,d_x02z04        ,0,7,model   sel_kai ,978,36,71,137,32768,0,0,126,2,"[(102, 102, 102, 126), (115, 115, 115, 0), (115, 115, 115, 126), (128, 128, 128, 0), (128, 128, 128, 126)]","(0.0, 0.00390625, 1.0, 0.6875)","(-4.0, -10.634599685668945, -18.29509925842285, 19.73819923400879, -8.158570289611816, -4.214990139007568)"
4065568,2928,d_x02z04p       ,0,0,model   sel_fg1 ,43,36,33,55,0,0,128,128,1,"[(51, 51, 51, 128), (77, 77, 77, 128), (89, 89, 89, 128), (102, 102, 102, 128), (115, 115, 115, 128), (128, 128, 128, 128)]","(0.0, 0.00390625, 0.998046875, 1.0)","(-8.0, -10.789600372314453, -20.0, 8.0, -10.558600425720215, -8.0)"
4065568,2928,d_x02z04p       ,0,1,model   sel_kai ,43,36,8,10,0,0,128,128,1,"[(51, 51, 51, 128), (77, 77, 77, 128), (102, 102, 102, 128), (128, 128, 128, 128)]","(0.0, 0.00390625, 1.0, 0.49609375)","(-4.0, -10.558600425720215, -20.0, 4.0, -10.558600425720215, -16.0)"
4065568,2928,d_x02z04p       ,0,2,model   sel_fg1 ,43,36,17,24,32768,0,126,126,1,"[(51, 51, 51, 126), (77, 77, 77, 126), (89, 89, 89, 126), (102, 102, 102, 126), (115, 115, 115, 126), (128, 128, 128, 126)]","(0.0, 0.0, 0.5, 0.5)","(-8.0, -10.785200119018555, -20.0, 4.0, -10.558600425720215, -8.0)"
4065568,2928,d_x02z04p       ,0,3,model   sel_kai ,43,36,6,6,32768,0,126,126,1,"[(51, 51, 51, 126), (89, 89, 89, 126), (102, 102, 102, 126), (128, 128, 128, 126)]","(0.0, 0.00390625, 1.0, 0.453125)","(-4.0, -10.558600425720215, -16.0, 4.0, -10.558600425720215, -12.0)"
4065568,2928,d_x02z04p       ,0,4,model   sel_wl1 ,43,36,5,5,32768,0,126,126,1,"[(115, 115, 115, 126), (128, 128, 128, 126)]","(0.25, 0.04296875, 0.5, 0.49609375)","(4.0, -10.789600372314453, -12.0, 8.0, -10.558600425720215, -8.0)"
4068496,63968,d_x03z03        ,0,0,model   sel_kai ,1219,36,278,463,0,0,128,128,1,"[(51, 51, 51, 128), (64, 64, 64, 128), (77, 77, 77, 128), (89, 89, 89, 128), (102, 102, 102, 128), (115, 115, 115, 128), (128, 128, 128, 128)]","(0.0, 0.00390625, 1.5, 0.99609375)","(-24.0, -10.212200164794922, -12.0, 20.0, -0.5750060081481934, 20.0)"
4068496,63968,d_x03z03        ,0,1,model   sel_fg1 ,1219,36,237,449,0,0,128,128,1,"[(51, 51, 51, 128), (64, 64, 64, 128), (77, 77, 77, 128), (89, 89, 89, 128), (102, 102, 102, 128), (115, 115, 115, 128), (128, 128, 128, 128)]","(0.0, 0.0, 1.0, 1.0)","(-24.858800888061523, -6.558579921722412, -15.789400100708008, 20.0, -0.5177339911460876, 20.0)"
4068496,63968,d_x03z03        ,0,2,model   sel_wl1 ,1219,36,361,769,0,0,128,128,1,"[(77, 77, 77, 128), (89, 89, 89, 128), (102, 102, 102, 128), (115, 115, 115, 128), (128, 128, 128, 128)]","(0.0, 0.0, 1.75, 1.0)","(-24.858800888061523, -10.212200164794922, -16.417999267578125, 18.632299423217773, 1.0414199829101562, 20.0)"
4068496,63968,d_x03z03        ,0,3,model   sel_fg1 ,1219,36,337,615,32768,0,126,126,1,"[(51, 51, 51, 126), (64, 64, 64, 126), (77, 77, 77, 126), (89, 89, 89, 126), (102, 102, 102, 126), (115, 115, 115, 126), (128, 128, 128, 126)]","(0.0, 0.0, 1.0, 2.0)","(-24.858800888061523, -6.558579921722412, -12.165900230407715, 20.0, -0.5750060081481934, 20.0)"
4068496,63968,d_x03z03        ,0,4,model   sel_kai ,1219,36,368,669,32768,0,0,126,2,"[(64, 64, 64, 126), (77, 77, 77, 0), (77, 77, 77, 126), (89, 89, 89, 0), (89, 89, 89, 126), (102, 102, 102, 0), (102, 102, 102, 126), (115, 115, 115, 0)]","(0.0, 0.0, 1.5, 0.6875)","(-24.0, -10.212200164794922, -12.767399787902832, 20.0, 1.0414199829101562, 20.0)"
4068496,63968,d_x03z03        ,0,5,model   sel_wl1 ,1219,36,15,21,32768,0,126,126,1,"[(89, 89, 89, 126), (115, 115, 115, 126), (128, 128, 128, 126)]","(0.25, 0.25, 0.748046875, 0.75)","(-21.50029945373535, -10.212200164794922, -15.789400100708008, 0.0, -0.5177339911460876, 16.29840087890625)"
4068496,63968,d_x03z03        ,0,6,model   sel_wl2 ,1219,36,6,11,32768,0,126,126,1,"[(77, 77, 77, 126), (102, 102, 102, 126)]","(0.25, 0.25, 0.5, 0.49609375)","(2.0, -5.9647297859191895, 8.435500144958496, 6.0, -4.264170169830322, 9.556139945983887)"
4132464,82800,d_x03z04        ,0,0,model   sel_kai ,1641,36,400,603,0,0,128,128,1,"[(51, 51, 51, 128), (64, 64, 64, 128), (89, 89, 89, 128), (102, 102, 102, 128), (115, 115, 115, 128), (128, 128, 128, 128)]","(0.0, 0.00390625, 1.0, 1.0)","(-20.0, -10.842399597167969, -20.0, 20.0, -4.6919097900390625, 8.025629997253418)"
4132464,82800,d_x03z04        ,0,1,model   sel_fg1 ,1641,36,106,219,0,0,128,128,1,"[(51, 51, 51, 128), (64, 64, 64, 128), (89, 89, 89, 128), (102, 102, 102, 128), (115, 115, 115, 128), (128, 128, 128, 128)]","(0.0, 0.0, 1.5, 1.0)","(-13.75160026550293, -10.945500373840332, -20.0, 20.0, -6.439700126647949, 8.025629997253418)"
4132464,82800,d_x03z04        ,0,2,model   sel_wl2 ,1641,36,184,295,0,0,128,128,1,"[(128, 128, 128, 128)]","(0.0, 0.0, 1.0, 1.0)","(-20.0, -22.27910041809082, -5.147079944610596, 20.0, -13.280599594116211, 31.49209976196289)"
4132464,82800,d_x03z04        ,0,3,model   sel_wl1 ,1641,36,429,1037,0,0,128,128,1,"[(89, 89, 89, 128), (102, 102, 102, 128), (115, 115, 115, 128), (128, 128, 128, 128)]","(0.0, 0.0, 2.0, 1.5)","(-20.0, -20.332599639892578, -20.0, 20.0, -4.6919097900390625, 18.88170051574707)"
4132464,82800,d_x03z04        ,0,4,                ,1641,36,4,4,0,0,128,128,1,"[(128, 128, 128, 128)]","(0.38671875, 0.0, 1.08984375, 0.05859375)","(-16.998300552368164, -14.037500381469727, -2.8508501052856445, -13.278900146484375, -13.779600143432617, 1.2010899782180786)"
4132464,82800,d_x03z04        ,0,5,model   sel_fg1 ,1641,36,317,579,32768,0,126,126,1,"[(51, 51, 51, 126), (64, 64, 64, 126), (89, 89, 89, 126), (102, 102, 102, 126), (115, 115, 115, 126), (128, 128, 128, 126)]","(0.0, 0.0, 1.0, 2.0)","(-19.442399978637695, -12.558600425720215, -20.0, 20.0, -5.225240230560303, 8.935290336608887)"
4132464,82800,d_x03z04        ,0,6,model   sel_kai ,1641,36,337,625,32768,0,0,126,2,"[(51, 51, 51, 126), (64, 64, 64, 0), (64, 64, 64, 126), (89, 89, 89, 0), (89, 89, 89, 126), (102, 102, 102, 126), (115, 115, 115, 126), (128, 128, 128, 0)]","(0.0, 0.00390625, 1.7109375, 0.6875)","(-19.442399978637695, -12.558600425720215, -20.0, 20.0, -5.225240230560303, 8.935290336608887)"
4132464,82800,d_x03z04        ,0,7,model   sel_wl1 ,1641,36,131,249,32768,0,126,126,1,"[(64, 64, 64, 126), (102, 102, 102, 126), (115, 115, 115, 126), (128, 128, 128, 126)]","(0.25, 0.0, 1.5, 0.97265625)","(-20.0, -17.874799728393555, -20.0, 16.0, -4.6919097900390625, 18.88170051574707)"
4132464,82800,d_x03z04        ,0,8,model   sel_wl2 ,1641,36,165,303,32768,0,126,126,1,"[(115, 115, 115, 126), (128, 128, 128, 126)]","(0.0, 0.00390625, 1.0, 0.99609375)","(-20.0, -22.01569938659668, -3.0690300464630127, 20.0, -12.558600425720215, 20.397600173950195)"
4215264,3984,d_x03z04p       ,0,0,model   sel_fg1 ,58,36,35,65,0,0,128,128,1,"[(51, 51, 51, 128), (64, 64, 64, 128), (115, 115, 115, 128), (128, 128, 128, 128)]","(0.0, 0.0, 1.0, 1.0)","(-8.0, -6.558579921722412, -20.0, 4.0, -6.283669948577881, -4.0)"
4215264,3984,d_x03z04p       ,0,1,model   sel_kai ,58,36,11,19,0,0,128,128,1,"[(64, 64, 64, 128), (128, 128, 128, 128)]","(0.0, 0.00390625, 1.0, 0.49609375)","(-4.0, -6.558579921722412, -16.0, 0.0, -6.558579921722412, -4.0)"
4215264,3984,d_x03z04p       ,0,2,model   sel_kai ,58,36,19,26,32768,0,0,126,2,"[(51, 51, 51, 0), (64, 64, 64, 0), (64, 64, 64, 126), (115, 115, 115, 0), (115, 115, 115, 126), (128, 128, 128, 0), (128, 128, 128, 126)]","(0.0, 0.00390625, 1.0, 0.5)","(-8.0, -6.558579921722412, -20.0, 4.0, -6.283669948577881, -4.0)"
4215264,3984,d_x03z04p       ,0,3,model   sel_fg1 ,58,36,24,36,32768,0,126,126,1,"[(51, 51, 51, 126), (64, 64, 64, 126), (115, 115, 115, 126), (128, 128, 128, 126)]","(0.0, 0.0, 1.0, 0.5)","(-8.0, -6.558579921722412, -20.0, 4.0, -6.558579921722412, -4.0)"
4215264,3984,d_x03z04p       ,0,4,model   sel_wl1 ,58,36,6,11,32768,0,126,126,1,"[(115, 115, 115, 126), (128, 128, 128, 126)]","(0.25, 0.0625, 0.50390625, 0.5)","(-8.0, -6.558579921722412, -8.0, -4.0, -6.558579921722412, -4.0)"
4219248,17600,d_x04z02        ,0,0,model   sel_kai ,347,36,77,143,0,0,128,128,1,"[(102, 102, 102, 128), (115, 115, 115, 128), (128, 128, 128, 128)]","(0.0, 0.0, 1.0, 0.5)","(-7.09414005279541, -2.6010000705718994, 8.29539966583252, 16.0, -1.3286499977111816, 20.0)"
4219248,17600,d_x04z02        ,0,1,model   sel_fg1 ,347,36,42,71,0,0,128,128,1,"[(128, 128, 128, 128)]","(0.0, 0.0, 0.998046875, 1.0)","(-4.0, -2.558579921722412, 8.156450271606445, 20.0, -2.425379991531372, 20.0)"
4219248,17600,d_x04z02        ,0,2,model   sel_wl1 ,347,36,152,273,0,0,128,128,1,"[(102, 102, 102, 128), (115, 115, 115, 128), (128, 128, 128, 128)]","(0.0, 0.25, 1.0, 1.0)","(-8.61575984954834, -2.6010000705718994, 6.624390125274658, 20.0, 1.0414199829101562, 20.0)"
4219248,17600,d_x04z02        ,0,3,model   sel_wl1 ,347,36,21,33,32768,0,126,126,1,"[(115, 115, 115, 126), (128, 128, 128, 126)]","(0.25, 0.25, 0.75, 0.75)","(0.0, -2.558579921722412, 6.624390125274658, 8.0, 1.0414199829101562, 14.0)"
4219248,17600,d_x04z02        ,0,4,model   sel_fg1 ,347,36,52,97,32768,0,126,126,1,"[(102, 102, 102, 126), (128, 128, 128, 126)]","(0.0, 0.0, 0.75, 1.0)","(-7.09414005279541, -2.6010000705718994, 8.29539966583252, 16.0, -0.9585760235786438, 20.0)"
4219248,17600,d_x04z02        ,0,5,model   sel_kai ,347,36,93,183,32768,0,126,126,1,"[(102, 102, 102, 126), (115, 115, 115, 126), (128, 128, 128, 126)]","(0.0, 0.0, 1.0, 0.5)","(-7.808949947357178, -2.6010000705718994, 7.612559795379639, 20.0, 1.0414199829101562, 20.0)"
4236848,46800,d_x04z03        ,0,0,model   sel_fg1 ,935,36,114,249,0,0,128,128,1,"[(51, 51, 51, 128), (64, 64, 64, 128), (79, 79, 79, 128), (102, 102, 102, 128), (115, 115, 115, 128), (128, 128, 128, 128)]","(0.0, 0.0, 1.46875, 1.5)","(-21.367700576782227, -6.558579921722412, -20.0, 20.0, -2.194550037384033, 20.0)"
4236848,46800,d_x04z03        ,0,1,model   sel_wl1 ,935,36,222,453,0,0,128,128,1,"[(77, 77, 77, 128), (89, 89, 89, 128), (102, 102, 102, 128), (115, 115, 115, 128), (128, 128, 128, 128)]","(0.0, 0.125, 1.25, 1.0)","(-21.43779945373535, -6.558579921722412, -20.0, 12.311599731445312, 1.0414199829101562, 20.0)"
4236848,46800,d_x04z03        ,0,2,model   sel_kai ,935,36,349,641,0,0,128,128,1,"[(51, 51, 51, 128), (64, 64, 64, 128), (77, 77, 77, 128), (79, 79, 79, 128), (89, 89, 89, 128), (102, 102, 102, 128), (115, 115, 115, 128), (128, 128, 128, 128)]","(0.0, 0.0, 1.0, 0.99609375)","(-21.43779945373535, -6.6606597900390625, -10.264900207519531, 20.0, -0.4561229944229126, 20.0)"
4236848,46800,d_x04z03        ,0,3,model   sel_kai ,935,36,267,501,32768,0,0,126,2,"[(51, 51, 51, 0), (64, 64, 64, 126), (77, 77, 77, 126), (79, 79, 79, 126), (89, 89, 89, 126), (102, 102, 102, 0), (102, 102, 102, 126), (115, 115, 115, 126)]","(0.0, 0.0, 1.0, 0.6875)","(-21.43779945373535, -6.558579921722412, -20.0, 20.0, 1.0414199829101562, 20.0)"
4236848,46800,d_x04z03        ,0,4,model   sel_fg1 ,935,36,201,329,32768,0,126,126,1,"[(51, 51, 51, 126), (64, 64, 64, 126), (77, 77, 77, 126), (79, 79, 79, 126), (89, 89, 89, 126), (102, 102, 102, 126), (115, 115, 115, 126), (128, 128, 128, 126)]","(0.0, 0.0, 1.0, 2.0)","(-20.0, -6.6606597900390625, -8.0, 20.0, -2.2690200805664062, 20.0)"
4236848,46800,d_x04z03        ,0,5,model   sel_wl1 ,935,36,17,27,32768,0,126,126,1,"[(115, 115, 115, 126), (128, 128, 128, 126)]","(0.25, 0.0625, 0.998046875, 1.0)","(-19.673999786376953, -2.7985899448394775, -7.138440132141113, 12.0, 1.0414199829101562, 4.0)"
4283648,4784,d_x04z03p       ,0,0,model   sel_kai ,76,36,40,71,0,0,128,128,1,"[(64, 64, 64, 128), (128, 128, 128, 128)]","(0.0, 0.00390625, 1.0, 0.49609375)","(-4.0, -2.558579921722412, -20.0, 12.0, -2.558579921722412, -4.0)"
4283648,4784,d_x04z03p       ,0,1,model   sel_fg1 ,76,36,23,40,0,0,128,128,1,"[(64, 64, 64, 128), (128, 128, 128, 128)]","(0.0, 0.0, 0.5, 1.5)","(-4.0, -2.558579921722412, -20.0, 16.0, -2.558579921722412, -4.0)"
4283648,4784,d_x04z03p       ,0,2,model   sel_fg1 ,76,36,35,61,32768,0,126,126,1,"[(64, 64, 64, 126), (128, 128, 128, 126)]","(0.0, 0.0, 0.75, 1.0)","(-4.0, -2.558579921722412, -20.0, 12.0, -2.558579921722412, -4.0)"
4283648,4784,d_x04z03p       ,0,3,model   sel_kai ,76,36,18,26,32768,0,126,126,1,"[(64, 64, 64, 126), (128, 128, 128, 126)]","(0.0, 0.00390625, 0.5, 0.4375)","(-4.0, -2.558579921722412, -20.0, 16.0, -2.558579921722412, -4.0)"
4288432,78736,d_x04z04        ,0,0,model   sel_kai ,1601,36,305,407,0,0,128,128,1,"[(51, 51, 51, 128), (64, 64, 64, 128), (102, 102, 102, 128), (115, 115, 115, 128), (128, 128, 128, 128)]","(0.0, 0.00390625, 1.0, 1.0)","(-20.0, -10.992600440979004, -20.0, 20.0, -5.491909980773926, 20.0)"
4288432,78736,d_x04z04        ,0,1,model   sel_fg1 ,1601,36,281,603,0,0,128,128,1,"[(51, 51, 51, 128), (64, 64, 64, 128), (77, 77, 77, 128), (89, 89, 89, 128), (102, 102, 102, 128), (115, 115, 115, 128), (128, 128, 128, 128)]","(0.0, 0.0, 1.5, 1.5)","(-20.0, -14.558600425720215, -20.0, 20.0, -6.558559894561768, 20.0)"
4288432,78736,d_x04z04        ,0,2,model   sel_wl2 ,1601,36,115,233,0,0,128,128,1,"[(115, 115, 115, 128), (128, 128, 128, 128)]","(0.25, 0.00390625, 1.75, 0.99609375)","(-20.0, -20.16160011291504, 9.239520072937012, 18.114599227905273, -12.558600425720215, 24.578100204467773)"
4288432,78736,d_x04z04        ,0,3,model   sel_wl1 ,1601,36,386,833,0,0,128,128,1,"[(77, 77, 77, 128), (89, 89, 89, 128), (102, 102, 102, 128), (115, 115, 115, 128), (128, 128, 128, 128), (153, 153, 153, 128)]","(0.0, 0.125, 1.375, 1.5)","(-20.0, -17.82080078125, -20.0, 20.0, -5.491909980773926, 21.627500534057617)"
4288432,78736,d_x04z04        ,0,4,                ,1601,36,3,3,0,0,128,128,1,"[(115, 115, 115, 128), (153, 153, 153, 128)]","(1.0, 0.0, 1.0, 0.25)","(7.446579933166504, -17.085800170898438, 17.2106990814209, 8.0, -16.072900772094727, 18.202600479125977)"
4288432,78736,d_x04z04        ,0,5,model   sel_fg1 ,1601,36,401,729,32768,0,126,126,1,"[(51, 51, 51, 126), (64, 64, 64, 126), (77, 77, 77, 126), (89, 89, 89, 126), (102, 102, 102, 126), (115, 115, 115, 126), (128, 128, 128, 126)]","(0.0, 0.0, 1.25, 2.0)","(-20.0, -15.558600425720215, -20.0, 20.0, -6.02524995803833, 20.0)"
4288432,78736,d_x04z04        ,0,6,model   sel_kai ,1601,36,283,557,32768,0,0,126,2,"[(51, 51, 51, 0), (51, 51, 51, 126), (64, 64, 64, 0), (64, 64, 64, 126), (115, 115, 115, 0), (115, 115, 115, 126), (128, 128, 128, 0), (128, 128, 128, 126)]","(0.0, 0.00390625, 1.5, 0.6875)","(-20.0, -10.992600440979004, -20.0, 20.0, -5.491909980773926, 15.362899780273438)"
4288432,78736,d_x04z04        ,0,7,model   sel_wl1 ,1601,36,76,141,32768,0,126,126,1,"[(115, 115, 115, 126), (128, 128, 128, 126)]","(0.0, 0.0, 1.5, 1.25)","(-20.0, -19.80459976196289, -8.0, 18.606199264526367, -6.558579921722412, 24.578100204467773)"
4288432,78736,d_x04z04        ,0,8,model   sel_wl2 ,1601,36,120,227,32768,0,126,126,1,"[(115, 115, 115, 126), (128, 128, 128, 126)]","(0.45703125, 0.00390625, 1.75390625, 0.87890625)","(-20.0, -20.16160011291504, 8.647560119628906, 18.606199264526367, -12.558600425720215, 24.170400619506836)"
4367168,3648,d_x04z04p       ,0,0,model   sel_kai ,55,36,37,59,0,0,128,128,1,"[(51, 51, 51, 128), (64, 64, 64, 128), (115, 115, 115, 128), (128, 128, 128, 128)]","(0.0, 0.00390625, 1.0, 0.49609375)","(-4.0, -6.76908016204834, -20.0, 8.0, -6.558579921722412, -0.0)"
4367168,3648,d_x04z04p       ,0,1,model   sel_fg1 ,55,36,14,20,0,0,128,128,1,"[(128, 128, 128, 128)]","(0.25, 0.0, 1.5, 1.0)","(4.0, -6.558579921722412, -12.0, 8.0, -6.558579921722412, -0.0)"
4367168,3648,d_x04z04p       ,0,2,model   sel_fg1 ,55,36,37,63,32768,0,126,126,1,"[(51, 51, 51, 126), (64, 64, 64, 126), (115, 115, 115, 126), (128, 128, 128, 126)]","(0.0, 0.0, 0.75, 1.0)","(-4.0, -6.76908016204834, -20.0, 8.0, -6.558579921722412, -0.0)"
4370816,61392,d_x04z05        ,0,0,model   sel_wl2 ,1130,36,350,647,0,0,128,128,1,"[(115, 115, 115, 128), (128, 128, 128, 128)]","(0.0, 0.0, 2.0, 1.0)","(-31.361099243164062, -20.832399368286133, -20.0, 20.561100006103516, -12.558600425720215, 20.0)"
4370816,61392,d_x04z05        ,0,1,model   sel_kai ,1130,36,164,301,0,0,128,128,1,"[(102, 102, 102, 128), (115, 115, 115, 128), (128, 128, 128, 128)]","(0.0, 0.00390625, 1.0, 0.99609375)","(-12.0, -14.885100364685059, -20.0, 12.0, -10.558600425720215, 20.0)"
4370816,61392,d_x04z05        ,0,2,model   sel_fg1 ,1130,36,114,187,0,0,128,128,1,"[(77, 77, 77, 128), (115, 115, 115, 128), (128, 128, 128, 128)]","(0.0, 0.0, 1.0, 1.75)","(-12.0, -14.866700172424316, -20.0, 20.0, -14.558600425720215, 20.0)"
4370816,61392,d_x04z05        ,0,3,model   sel_wl1 ,1130,36,337,763,0,0,128,128,1,"[(77, 77, 77, 128), (89, 89, 89, 128), (102, 102, 102, 128), (115, 115, 115, 128), (128, 128, 128, 128)]","(0.0, 0.0, 1.0, 1.0)","(-15.898699760437012, -18.59040069580078, -20.0, 20.717500686645508, -10.558600425720215, 20.0)"
4370816,61392,d_x04z05        ,0,4,model   sel_wl2 ,1130,36,198,337,32768,0,126,126,1,"[(115, 115, 115, 126), (128, 128, 128, 126)]","(0.0, 0.0, 1.0, 1.0)","(-24.33489990234375, -20.607200622558594, -20.0, 20.717500686645508, -14.558600425720215, 20.0)"
4370816,61392,d_x04z05        ,0,5,model   sel_fg1 ,1130,36,147,261,32768,0,126,126,1,"[(77, 77, 77, 126), (89, 89, 89, 126), (102, 102, 102, 126), (115, 115, 115, 126), (128, 128, 128, 126)]","(0.0, 0.0, 1.0, 2.0)","(-12.909899711608887, -16.5585994720459, -16.799999237060547, 18.954299926757812, -11.573800086975098, 20.0)"
4370816,61392,d_x04z05        ,0,6,model   sel_kai ,1130,36,110,213,32768,0,0,126,2,"[(102, 102, 102, 126), (115, 115, 115, 0), (115, 115, 115, 126), (128, 128, 128, 0), (128, 128, 128, 126)]","(0.0, 0.00390625, 1.0, 0.75)","(-14.045900344848633, -16.5585994720459, -19.6968994140625, 18.63640022277832, -10.558600425720215, 16.0)"
4370816,61392,d_x04z05        ,0,7,model   sel_wl1 ,1130,36,114,211,32768,0,126,126,1,"[(102, 102, 102, 126), (115, 115, 115, 126), (128, 128, 128, 126)]","(0.0, 0.0, 1.5, 1.0)","(-18.54990005493164, -19.866199493408203, -20.0, 20.717500686645508, -12.558600425720215, 20.0)"
4432208,2192,d_x04z05p       ,0,0,model   sel_fg1 ,30,36,21,32,0,0,128,128,1,"[(77, 77, 77, 128), (89, 89, 89, 128), (128, 128, 128, 128)]","(0.0, 0.0, 1.0, 1.0)","(0.0, -14.558600425720215, 12.0, 16.0, -14.558600425720215, 20.0)"
4432208,2192,d_x04z05p       ,0,1,model   sel_kai ,30,36,4,4,0,0,128,128,1,"[(77, 77, 77, 128), (128, 128, 128, 128)]","(0.5, 0.00390625, 1.0, 0.49609375)","(8.0, -14.558600425720215, 16.0, 12.0, -14.558600425720215, 20.0)"
4432208,2192,d_x04z05p       ,0,2,model   sel_fg1 ,30,36,22,34,32768,0,126,126,1,"[(77, 77, 77, 126), (89, 89, 89, 126), (128, 128, 128, 126)]","(0.0, 0.0, 1.0, 2.0)","(0.0, -14.558600425720215, 12.0, 16.0, -14.558600425720215, 20.0)"
4432208,2192,d_x04z05p       ,0,3,model   sel_kai ,30,36,4,4,32768,0,0,126,2,"[(77, 77, 77, 126), (89, 89, 89, 0), (128, 128, 128, 0), (128, 128, 128, 126)]","(0.5, 0.00390625, 1.0, 0.5)","(4.0, -14.558600425720215, 16.0, 8.0, -14.558600425720215, 20.0)"
4434400,38160,d_x04z06        ,0,0,model   sel_wl2 ,650,36,314,537,0,0,128,128,1,"[(115, 115, 115, 128), (128, 128, 128, 128)]","(0.0, 0.0, 1.875, 1.0)","(-30.337900161743164, -22.5585994720459, -20.0, 20.463899612426758, -17.280899047851562, 20.0)"
4434400,38160,d_x04z06        ,0,1,model   sel_fg1 ,650,36,105,183,0,0,128,128,1,"[(77, 77, 77, 128), (89, 89, 89, 128), (115, 115, 115, 128), (128, 128, 128, 128)]","(0.0, 0.0, 1.0, 2.0)","(-11.211600303649902, -14.927499771118164, -20.0, 18.42340087890625, -14.558600425720215, 20.0)"
4434400,38160,d_x04z06        ,0,2,model   sel_kai ,650,36,8,10,0,0,128,128,1,"[(77, 77, 77, 128), (115, 115, 115, 128), (128, 128, 128, 128)]","(0.0, 0.00390625, 1.0, 0.49609375)","(-4.0, -14.794400215148926, -20.0, 18.42340087890625, -14.558600425720215, -12.262100219726562)"
4434400,38160,d_x04z06        ,0,3,model   sel_wl1 ,650,36,148,295,0,0,128,128,1,"[(77, 77, 77, 128), (89, 89, 89, 128), (115, 115, 115, 128), (128, 128, 128, 128)]","(0.0, 0.0, 1.0, 1.0)","(-15.332900047302246, -21.78660011291504, -20.0, 20.463899612426758, -14.558600425720215, 20.0)"
4434400,38160,d_x04z06        ,0,4,model   sel_wl1 ,650,36,132,237,32768,0,0,126,2,"[(77, 77, 77, 126), (89, 89, 89, 126), (115, 115, 115, 126), (128, 128, 128, 0), (128, 128, 128, 126)]","(0.25, 0.0, 1.0, 1.0)","(-24.33489990234375, -20.607200622558594, -20.0, 18.42340087890625, -14.558600425720215, 20.0)"
4434400,38160,d_x04z06        ,0,5,model   sel_kai ,650,36,11,15,32768,0,0,126,2,"[(77, 77, 77, 126), (89, 89, 89, 0), (115, 115, 115, 126), (128, 128, 128, 0), (128, 128, 128, 126)]","(0.0, 0.0, 1.0, 0.5)","(-8.0, -14.558600425720215, -20.0, 18.42340087890625, -14.558600425720215, -12.0)"
4434400,38160,d_x04z06        ,0,6,model   sel_fg1 ,650,36,111,179,32768,0,126,126,1,"[(77, 77, 77, 126), (89, 89, 89, 126), (115, 115, 115, 126), (128, 128, 128, 126)]","(0.0, 0.0, 1.0, 2.0)","(-13.48009967803955, -16.5585994720459, -20.0, 18.954299926757812, -14.558600425720215, 20.0)"
4434400,38160,d_x04z06        ,0,7,model   sel_wl2 ,650,36,130,203,32768,0,126,126,1,"[(89, 89, 89, 126), (115, 115, 115, 126), (128, 128, 128, 126)]","(0.0, 0.0, 1.0, 1.0)","(-20.425600051879883, -21.78660011291504, -20.0, 20.463899612426758, -15.337599754333496, 20.0)"
4472560,2240,d_x04z06p       ,0,0,model   sel_fg1 ,30,36,12,16,0,0,128,128,1,"[(77, 77, 77, 128), (89, 89, 89, 128), (115, 115, 115, 128), (128, 128, 128, 128)]","(0.25, 0.0, 0.5, 1.25)","(0.0, -14.67609977722168, -20.0, 8.0, -14.558600425720215, -12.0)"
4472560,2240,d_x04z06p       ,0,1,model   sel_kai ,30,36,15,20,0,0,128,128,1,"[(77, 77, 77, 128), (89, 89, 89, 128)]","(0.0, 0.00390625, 1.0, 0.49609375)","(4.0, -14.803400039672852, -20.0, 16.0, -14.558600425720215, -12.0)"
4472560,2240,d_x04z06p       ,0,2,model   sel_kai ,30,36,7,10,32768,0,0,126,2,"[(77, 77, 77, 0), (77, 77, 77, 126), (89, 89, 89, 126), (115, 115, 115, 0), (128, 128, 128, 0)]","(0.0, 0.00390625, 1.0, 0.5)","(0.0, -14.67609977722168, -20.0, 8.0, -14.558600425720215, -12.0)"
4472560,2240,d_x04z06p       ,0,3,model   sel_fg1 ,30,36,14,18,32768,0,126,126,1,"[(77, 77, 77, 126), (89, 89, 89, 126)]","(0.0, 0.0, 0.5, 1.5)","(4.0, -14.803400039672852, -20.0, 16.0, -14.558600425720215, -12.0)"
4472560,2240,d_x04z06p       ,0,4,model   sel_wl1 ,30,36,4,4,32768,0,126,126,1,"[(77, 77, 77, 126)]","(0.25, 0.125, 0.5, 0.5)","(12.0, -14.803400039672852, -16.0, 16.0, -14.558600425720215, -12.0)"
4474800,30640,d_x04z07        ,0,0,model   sel_wl2 ,598,36,216,401,0,0,255,255,1,"[(115, 115, 115, 255), (128, 128, 128, 255)]","(0.0, 0.00390625, 1.375, 0.99609375)","(-30.337900161743164, -22.44569969177246, -20.0, 20.0, -17.15679931640625, 20.0)"
4474800,30640,d_x04z07        ,0,1,model   sel_fg1 ,598,36,63,133,0,0,255,255,1,"[(115, 115, 115, 255), (128, 128, 128, 255)]","(0.0, 0.0, 1.5, 1.5)","(-8.0, -14.900199890136719, -20.0, 4.0, -14.558600425720215, 20.0)"
4474800,30640,d_x04z07        ,0,2,model   sel_wl1 ,598,36,160,317,0,0,255,255,1,"[(115, 115, 115, 255), (128, 128, 128, 255)]","(0.0, 0.0, 1.375, 1.0)","(-11.059100151062012, -21.873699188232422, -20.0, 14.75730037689209, -14.558600425720215, 20.0)"
4474800,30640,d_x04z07        ,0,3,model   sel_kai ,598,36,6,11,0,0,255,255,1,"[(115, 115, 115, 255), (128, 128, 128, 255)]","(0.0, 0.00390625, 1.0, 0.49609375)","(0.0, -14.812899589538574, 4.0, 4.0, -14.558600425720215, 12.0)"
4474800,30640,d_x04z07        ,0,4,model   sel_kai ,598,36,75,129,32768,0,0,126,2,"[(115, 115, 115, 126), (128, 128, 128, 0), (128, 128, 128, 126)]","(0.0, 0.00390625, 1.0, 0.5)","(-17.132299423217773, -20.724199295043945, -20.0, 4.953690052032471, -14.558600425720215, 20.0)"
4474800,30640,d_x04z07        ,0,5,model   sel_wl1 ,598,36,36,57,32768,0,126,126,1,"[(115, 115, 115, 126), (128, 128, 128, 126)]","(0.25, 0.04296875, 1.0, 1.0)","(-10.984399795532227, -22.129499435424805, -20.0, 16.0, -14.558600425720215, 8.0)"
4474800,30640,d_x04z07        ,0,6,model   sel_wl2 ,598,36,150,243,32768,0,126,126,1,"[(115, 115, 115, 126), (128, 128, 128, 126)]","(0.0, 0.00390625, 1.0, 1.4921875)","(-23.622400283813477, -22.129499435424805, -20.0, 16.5039005279541, -16.07939910888672, 20.0)"
4474800,30640,d_x04z07        ,0,7,model   sel_fg1 ,598,36,59,97,32768,0,126,126,1,"[(115, 115, 115, 126), (128, 128, 128, 126)]","(0.0, 0.0, 1.0, 1.0)","(-9.198869705200195, -16.5585994720459, -16.0, 4.504449844360352, -14.558600425720215, 20.0)"
4505440,28144,d_x04z08        ,0,0,model   sel_fg1 ,584,36,81,135,0,0,128,128,1,"[(115, 115, 115, 128), (128, 128, 128, 128)]","(0.001953125, 0.00390625, 1.0, 0.99609375)","(-4.0, -14.880399703979492, -20.0, 24.84600067138672, -14.558600425720215, 13.999799728393555)"
4505440,28144,d_x04z08        ,0,1,model   sel_wl2 ,584,36,248,495,0,0,128,128,1,"[(128, 128, 128, 128)]","(0.001953125, 0.00390625, 1.0, 1.0)","(-26.337900161743164, -22.44569969177246, -20.0, 24.0, -16.83300018310547, 34.96739959716797)"
4505440,28144,d_x04z08        ,0,2,model   sel_wl1 ,584,36,99,199,0,0,128,128,1,"[(115, 115, 115, 128), (128, 128, 128, 128)]","(0.001953125, 0.00390625, 1.0, 0.99609375)","(-7.551400184631348, -18.2007999420166, -20.0, 24.100099563598633, -14.558600425720215, 16.37339973449707)"
4505440,28144,d_x04z08        ,0,3,model   sel_fg1 ,584,36,122,243,32768,0,126,126,1,"[(115, 115, 115, 126), (128, 128, 128, 126)]","(0.0, 0.00390625, 1.0, 1.5)","(-7.551400184631348, -18.166400909423828, -20.0, 24.84600067138672, -14.558600425720215, 15.472000122070312)"
4505440,28144,d_x04z08        ,0,4,model   sel_wl1 ,584,36,32,53,32768,0,126,126,1,"[(115, 115, 115, 126), (128, 128, 128, 126)]","(0.25, 0.00390625, 1.0, 0.99609375)","(-7.551400184631348, -21.354799270629883, -20.0, 18.253400802612305, -14.558600425720215, 15.973799705505371)"
4505440,28144,d_x04z08        ,0,5,model   sel_wl2 ,584,36,113,209,32768,0,126,126,1,"[(115, 115, 115, 126), (128, 128, 128, 126)]","(0.0, 0.00390625, 1.0, 1.0)","(-14.75730037689209, -21.926799774169922, -20.0, 23.3976993560791, -16.771400451660156, 23.717300415039062)"
4505440,28144,d_x04z08        ,0,6,model   sel_kai ,584,36,4,4,32768,0,0,126,2,"[(115, 115, 115, 126), (128, 128, 128, 0)]","(0.0, 0.00390625, 0.5, 0.5)","(-4.0, -14.672800064086914, -4.0, 0.0, -14.558600425720215, -0.0)"
4533584,23728,d_x05z02        ,0,0,model   sel_wl2 ,558,36,169,333,0,0,128,128,1,"[(115, 115, 115, 128), (128, 128, 128, 128)]","(0.0, 0.0, 1.0, 1.0)","(-12.273500442504883, -22.05820083618164, 2.2383599281311035, 20.0, -11.53849983215332, 20.0)"
4533584,23728,d_x05z02        ,0,1,model   sel_fg1 ,558,36,24,43,0,0,128,128,1,"[(115, 115, 115, 128), (128, 128, 128, 128)]","(0.001953125, 0.25, 0.8125, 1.25)","(-20.0, -2.558579921722412, 8.0, -12.515199661254883, -2.425379991531372, 20.0)"
4533584,23728,d_x05z02        ,0,2,model   sel_wl1 ,558,36,244,501,0,0,128,128,1,"[(115, 115, 115, 128), (128, 128, 128, 128)]","(0.0, 0.0, 1.875, 1.0)","(-20.0, -13.347000122070312, -2.904589891433716, 20.0, 1.0414199829101562, 20.0)"
4533584,23728,d_x05z02        ,0,3,model   sel_fg1 ,558,36,56,109,32768,0,126,126,1,"[(115, 115, 115, 126), (128, 128, 128, 126)]","(0.001953125, 0.00390625, 0.998046875, 0.99609375)","(-20.0, -4.07381010055542, 7.611539840698242, -12.054400444030762, -2.120690107345581, 20.0)"
4533584,23728,d_x05z02        ,0,4,model   sel_wl1 ,558,36,39,61,32768,0,126,126,1,"[(115, 115, 115, 126)]","(0.251953125, 0.00390625, 0.998046875, 0.99609375)","(-15.189900398254395, -10.073800086975098, -1.2935099601745605, -3.0185201168060303, -0.758575975894928, 12.928000450134277)"
4533584,23728,d_x05z02        ,0,5,model   sel_wl2 ,558,36,56,93,32768,0,126,126,1,"[(115, 115, 115, 126), (128, 128, 128, 126)]","(0.001953125, 0.00390625, 1.0, 0.75)","(-14.435999870300293, -14.73169994354248, 2.2383599281311035, 4.0, -9.686670303344727, 20.0)"
4557312,64720,d_x05z03        ,0,0,model   sel_fg1 ,1376,36,42,81,0,0,255,255,1,"[(115, 115, 115, 255), (128, 128, 128, 255)]","(0.0, 0.0, 0.75, 1.0)","(-20.0, -14.906999588012695, -20.0, 11.0246000289917, -2.558579921722412, 20.0)"
4557312,64720,d_x05z03        ,0,1,model   sel_wl2 ,1376,36,280,501,0,0,128,255,2,"[(115, 115, 115, 128), (115, 115, 115, 255), (128, 128, 128, 128), (128, 128, 128, 255)]","(0.0, 0.0, 2.0, 1.0)","(-14.704899787902832, -24.939699172973633, -20.0, 20.0, -13.335599899291992, 20.0)"
4557312,64720,d_x05z03        ,0,2,model   sel_kai ,1376,36,376,527,0,0,255,255,1,"[(115, 115, 115, 255), (128, 128, 128, 255)]","(0.0, 0.00390625, 1.0, 1.0)","(-20.0, -14.822699546813965, -0.0, 8.0, -2.558579921722412, 20.0)"
4557312,64720,d_x05z03        ,0,3,model   sel_wl1 ,1376,36,330,809,0,0,255,255,1,"[(115, 115, 115, 255), (128, 128, 128, 255)]","(0.0, 0.0, 2.0, 1.5)","(-19.05430030822754, -19.42840003967285, -20.0, 12.93850040435791, -2.558579921722412, 20.0)"
4557312,64720,d_x05z03        ,0,4,model   sel_fg1 ,1376,36,129,243,32768,0,126,126,1,"[(115, 115, 115, 126), (128, 128, 128, 126)]","(0.0, 0.0, 1.0, 2.0)","(-20.0, -15.86299991607666, -16.0, 11.681599617004395, -2.558579921722412, 20.0)"
4557312,64720,d_x05z03        ,0,5,model   sel_wl2 ,1376,36,249,439,32768,0,126,126,1,"[(115, 115, 115, 126), (128, 128, 128, 126)]","(0.0, 0.0, 1.259765625, 1.2890625)","(-17.074600219726562, -23.457599639892578, -18.0, 16.0, -6.01347017288208, 18.390899658203125)"
4557312,64720,d_x05z03        ,0,6,model   sel_wl1 ,1376,36,90,175,32768,0,0,126,2,"[(115, 115, 115, 126), (128, 128, 128, 0), (128, 128, 128, 126)]","(0.0, 0.0, 1.0, 1.5)","(-20.0, -20.5585994720459, -20.0, 14.419099807739258, -2.558579921722412, 20.0)"
4557312,64720,d_x05z03        ,0,7,model   sel_kai ,1376,36,125,243,32768,0,126,126,1,"[(115, 115, 115, 126), (128, 128, 128, 126)]","(0.0, 0.00390625, 1.0, 0.6875)","(-20.0, -15.86299991607666, 0.1583710014820099, 6.740340232849121, -2.8252499103546143, 20.0)"
4622032,54928,d_x05z04        ,0,0,model   sel_wl1 ,1043,36,322,719,0,0,128,128,1,"[(64, 64, 64, 128), (77, 77, 77, 128), (102, 102, 102, 128), (115, 115, 115, 128), (128, 128, 128, 128)]","(0.0, 0.0, 1.25, 1.0)","(-20.0, -20.66200065612793, -20.0, 15.300700187683105, -6.558549880981445, 20.0)"
4622032,54928,d_x05z04        ,0,1,model   sel_fg1 ,1043,36,215,453,0,0,128,128,1,"[(51, 51, 51, 128), (64, 64, 64, 128), (77, 77, 77, 128), (102, 102, 102, 128), (115, 115, 115, 128), (128, 128, 128, 128)]","(0.0, 0.0, 1.5, 2.0)","(-20.0, -14.944999694824219, -20.0, 12.520099639892578, -6.558549880981445, 20.0)"
4622032,54928,d_x05z04        ,0,2,model   sel_wl2 ,1043,36,109,215,0,0,128,128,1,"[(64, 64, 64, 128), (77, 77, 77, 128), (102, 102, 102, 128), (115, 115, 115, 128), (128, 128, 128, 128)]","(0.0, 0.00390625, 1.5, 0.99609375)","(-16.82979965209961, -23.511600494384766, -20.0, 20.361499786376953, -13.306099891662598, 20.0)"
4622032,54928,d_x05z04        ,0,3,model   sel_kai ,1043,36,227,280,0,0,128,128,1,"[(51, 51, 51, 128), (64, 64, 64, 128), (77, 77, 77, 128), (102, 102, 102, 128), (115, 115, 115, 128)]","(0.0, 0.00390625, 1.0, 1.0)","(-20.0, -14.651599884033203, -20.0, -3.3484299182891846, -6.558549880981445, 4.0)"
4622032,54928,d_x05z04        ,0,4,model   sel_kai ,1043,36,113,227,32768,0,63,126,2,"[(77, 77, 77, 63), (77, 77, 77, 126), (102, 102, 102, 63), (102, 102, 102, 126), (115, 115, 115, 126)]","(0.0, 0.00390625, 1.0, 0.6875)","(-19.304800033569336, -14.651599884033203, -19.380699157714844, -3.3484299182891846, -6.825240135192871, 3.200000047683716)"
4622032,54928,d_x05z04        ,0,5,model   sel_wl1 ,1043,36,82,145,32768,0,0,126,2,"[(51, 51, 51, 0), (51, 51, 51, 126), (77, 77, 77, 126), (102, 102, 102, 126), (115, 115, 115, 126), (128, 128, 128, 126)]","(0.25, 0.0, 1.0, 1.0)","(-20.0, -20.11829948425293, -20.0, 15.115599632263184, -6.558579921722412, 16.0)"
4622032,54928,d_x05z04        ,0,6,model   sel_fg1 ,1043,36,193,347,32768,0,126,126,1,"[(51, 51, 51, 126), (64, 64, 64, 126), (77, 77, 77, 126), (102, 102, 102, 126), (115, 115, 115, 126), (128, 128, 128, 126)]","(0.0, 0.0, 1.25, 1.0)","(-20.0, -16.02680015563965, -20.0, 13.204299926757812, -6.558549880981445, 20.0)"
4622032,54928,d_x05z04        ,0,7,model   sel_wl2 ,1043,36,112,205,32768,0,126,126,1,"[(51, 51, 51, 126), (64, 64, 64, 126), (77, 77, 77, 126), (102, 102, 102, 126), (115, 115, 115, 126), (128, 128, 128, 126)]","(0.0, 0.0, 1.0, 1.0)","(-18.596900939941406, -23.433399200439453, -18.9768009185791, 20.361499786376953, -10.558600425720215, 20.0)"
4676960,4016,d_x05z04p       ,0,0,model   sel_fg1 ,67,36,36,73,0,0,128,128,1,"[(51, 51, 51, 128), (64, 64, 64, 128), (102, 102, 102, 128), (115, 115, 115, 128), (128, 128, 128, 128)]","(0.0, 0.0, 0.75, 1.0)","(-8.0, -14.651599884033203, -20.0, 8.0, -14.100500106811523, -8.0)"
4676960,4016,d_x05z04p       ,0,1,model   sel_kai ,67,36,21,30,0,0,128,128,1,"[(51, 51, 51, 128), (64, 64, 64, 128), (102, 102, 102, 128), (115, 115, 115, 128), (128, 128, 128, 128)]","(0.0, 0.00390625, 1.0, 0.6875)","(-8.0, -14.651599884033203, -20.0, 4.0, -14.44629955291748, -8.0)"
4676960,4016,d_x05z04p       ,0,2,model   sel_wl1 ,67,36,9,11,32768,0,126,126,1,"[(102, 102, 102, 126), (115, 115, 115, 126)]","(0.4453125, 0.27734375, 1.0, 0.99609375)","(-8.0, -14.651599884033203, -18.9768009185791, -3.3484299182891846, -14.100500106811523, -16.0)"
4676960,4016,d_x05z04p       ,0,3,model   sel_fg1 ,67,36,24,38,32768,0,126,126,1,"[(51, 51, 51, 126), (64, 64, 64, 126), (102, 102, 102, 126), (115, 115, 115, 126), (128, 128, 128, 126)]","(0.0, 0.0, 1.0, 0.5)","(-8.0, -14.651599884033203, -20.0, 8.0, -14.44629955291748, -8.0)"
4676960,4016,d_x05z04p       ,0,4,model   sel_kai ,67,36,6,6,32768,0,0,126,2,"[(51, 51, 51, 0), (51, 51, 51, 126), (64, 64, 64, 0), (64, 64, 64, 126)]","(0.0, 0.00390625, 1.0, 0.5)","(-4.0, -14.558600425720215, -12.0, 4.0, -14.558600425720215, -8.0)"
4680976,23504,d_x05z05        ,0,0,model   sel_wl2 ,462,36,371,707,0,0,255,255,1,"[(115, 115, 115, 255), (128, 128, 128, 255)]","(0.0, 0.0, 2.0, 0.99609375)","(-20.0, -23.10689926147461, -20.0, 20.0, -17.19879913330078, 20.0)"
4680976,23504,d_x05z05        ,0,1,model   sel_fg1 ,462,36,26,39,0,0,255,255,1,"[(115, 115, 115, 255)]","(0.0, 0.0, 0.5, 1.0)","(-20.0, -14.893699645996094, -20.0, 8.0, -14.558600425720215, -18.03689956665039)"
4680976,23504,d_x05z05        ,0,2,model   sel_wl1 ,462,36,55,117,0,0,255,255,1,"[(115, 115, 115, 255), (128, 128, 128, 255)]","(0.0, 0.5, 1.0, 1.0)","(-20.0, -17.993900299072266, -20.0, 9.468839645385742, -14.558600425720215, -16.527599334716797)"
4680976,23504,d_x05z05        ,0,3,model   sel_wl2 ,462,36,79,123,32768,0,126,126,1,"[(115, 115, 115, 126), (128, 128, 128, 126)]","(0.0, 0.0, 1.0, 0.75)","(-19.536100387573242, -22.375999450683594, -20.0, 12.74120044708252, -15.558600425720215, 4.0)"
4680976,23504,d_x05z05        ,0,4,model   sel_wl1 ,462,36,24,37,32768,0,63,126,2,"[(115, 115, 115, 63), (128, 128, 128, 63), (128, 128, 128, 126)]","(0.25, 0.0, 0.748046875, 0.5)","(-19.536100387573242, -21.61280059814453, -8.0, -14.388099670410156, -18.043800354003906, 20.0)"
4680976,23504,d_x05z05        ,0,5,model   sel_fg1 ,462,36,31,42,32768,0,126,126,1,"[(115, 115, 115, 126)]","(0.0, 0.75, 1.0, 1.0)","(-20.0, -15.909600257873535, -20.0, 8.808059692382812, -14.558600425720215, -17.474599838256836)"
4704480,12368,d_x05z06        ,0,0,model   sel_wl2 ,258,36,276,529,0,0,128,128,1,"[(115, 115, 115, 128), (128, 128, 128, 128)]","(0.0, 0.0, 1.375, 1.0)","(-20.0, -22.929399490356445, -20.0, 20.0, -18.35449981689453, 20.0)"
4704480,12368,d_x05z06        ,0,1,model   sel_wl2 ,258,36,31,47,32768,0,126,126,1,"[(115, 115, 115, 126), (128, 128, 128, 126)]","(0.001953125, 0.5, 1.25, 0.75)","(-20.0, -22.5585994720459, -20.0, -15.004599571228027, -18.35449981689453, -5.899010181427002)"
4716848,14704,d_x06z02        ,0,0,model   sel_wl2 ,326,36,160,285,0,0,128,128,1,"[(115, 115, 115, 128), (128, 128, 128, 128)]","(0.0, 0.0, 1.0, 1.0)","(-20.0, -22.05820083618164, 4.489729881286621, 20.0, -12.159000396728516, 20.0)"
4716848,14704,d_x06z02        ,0,1,model   sel_wl1 ,326,36,88,169,0,0,128,128,1,"[(115, 115, 115, 128)]","(0.0, 0.0, 0.875, 1.0)","(-20.0, -12.865799903869629, -1.8834600448608398, 20.0, 1.0414199829101562, 7.370820045471191)"
4716848,14704,d_x06z02        ,0,2,model   sel_wl2 ,326,36,75,118,32768,0,126,126,1,"[(115, 115, 115, 126), (128, 128, 128, 126)]","(0.001953125, 0.00390625, 1.0, 0.99609375)","(-20.0, -20.806400299072266, 2.6375699043273926, 16.0, -2.558579921722412, 14.668700218200684)"
4716848,14704,d_x06z02        ,0,3,model   sel_wl1 ,326,36,44,64,32768,0,126,126,1,"[(115, 115, 115, 126)]","(0.001953125, 0.00390625, 0.998046875, 0.99609375)","(-20.0, -10.073800086975098, -0.35963499546051025, 16.0, 1.0414199829101562, 6.373489856719971)"
4731552,16192,d_x07z02        ,0,0,model   sel_wl2 ,338,36,177,269,0,0,128,128,1,"[(115, 115, 115, 128), (128, 128, 128, 128)]","(0.0, 0.0, 1.25, 1.0)","(-20.0, -20.876699447631836, 5.0140299797058105, 20.0, -10.59570026397705, 23.470300674438477)"
4731552,16192,d_x07z02        ,0,1,model   sel_wl1 ,338,36,87,165,0,0,128,128,1,"[(115, 115, 115, 128)]","(0.125, 0.0, 1.375, 1.0)","(-20.0, -12.159000396728516, -0.5027030110359192, 20.0, 1.0414199829101562, 6.486629962921143)"
4731552,16192,d_x07z02        ,0,2,model   sel_wl2 ,338,36,104,152,32768,0,126,126,1,"[(115, 115, 115, 126), (128, 128, 128, 126)]","(0.001953125, 0.00390625, 1.0, 0.75)","(-20.0, -18.390100479125977, 2.0565199851989746, 20.0, -2.558579921722412, 14.783900260925293)"
4731552,16192,d_x07z02        ,0,3,model   sel_wl1 ,338,36,40,54,32768,0,126,126,1,"[(115, 115, 115, 126)]","(0.251953125, 0.00390625, 0.998046875, 0.99609375)","(-16.0, -11.274499893188477, 0.08899500221014023, 20.0, 1.0414199829101562, 5.384809970855713)"
4747744,18272,dammyroom       ,0,0,model   sel_hus1,324,36,455,873,0,0,128,128,1,"[(64, 64, 64, 128)]","(0.001953125, 0.00390625, 0.998046875, 0.9375)","(-7.742030143737793, -4.166930198669434, -21.566299438476562, 3.8526599407196045, 3.999999989900971e-06, 7.7205400466918945)"
4766016,20624,dammyroom02     ,0,0,model   sel_hus1,368,36,514,991,0,0,128,128,1,"[(64, 64, 64, 128)]","(0.001953125, 0.00390625, 0.998046875, 0.9375)","(-15.258700370788574, -4.166930198669434, -21.566299438476562, 3.8526599407196045, 3.999999989900971e-06, 7.7205400466918945)"
4786640,1120,doorl           ,0,0,model   sel_hus1,12,36,16,22,0,0,255,255,1,"[(128, 128, 128, 255)]","(0.625, 0.50390625, 0.875, 0.53125)","(-0.04021399840712547, -2.878269910812378, -0.0, 0.041763998568058014, -0.0, 1.0961699485778809)"
4786640,1120,doorl           ,0,1,model   sel_kmn1,12,36,4,4,0,0,255,255,1,"[(128, 128, 128, 255)]","(0.375, 0.50390625, 0.7421875, 0.87109375)","(-0.04021399840712547, -2.878269910812378, -0.0, -0.04021399840712547, -0.0, 1.0961699485778809)"
4786640,1120,doorl           ,0,2,model   sel_kmn1,12,36,4,4,4096,0,255,255,1,"[(128, 128, 128, 255)]","(0.0078125, 0.50390625, 0.375, 0.87109375)","(0.041763998568058014, -2.878269910812378, -0.0, 0.041763998568058014, -0.0, 1.0961699485778809)"
4787760,1120,doorr           ,0,0,model   sel_hus1,12,36,16,22,0,0,255,255,1,"[(128, 128, 128, 255)]","(0.625, 0.50390625, 0.875, 0.53125)","(-0.04021399840712547, -2.878269910812378, -1.0961699485778809, 0.041763998568058014, -0.0, -0.0)"
4787760,1120,doorr           ,0,1,model   sel_kmn1,12,36,4,4,0,0,255,255,1,"[(128, 128, 128, 255)]","(0.0078125, 0.50390625, 0.375, 0.87109375)","(-0.04021399840712547, -2.878269910812378, -1.0961699485778809, -0.04021399840712547, -0.0, -0.0)"
4787760,1120,doorr           ,0,2,model   sel_kmn1,12,36,4,4,4096,0,255,255,1,"[(128, 128, 128, 255)]","(0.375, 0.50390625, 0.7421875, 0.87109375)","(0.041763998568058014, -2.878269910812378, -1.0961699485778809, 0.041763998568058014, -0.0, -0.0)"
4788880,6144,gate01          ,0,0,model   sel_kmn2,152,36,118,168,0,0,128,128,1,"[(77, 77, 77, 128), (102, 102, 102, 128), (128, 128, 128, 128)]","(0.564453125, 0.0078125, 0.78125, 0.49609375)","(-0.34084901213645935, -4.949769973754883, -0.33504799008369446, 0.3408440053462982, -0.0, 0.3350389897823334)"
4788880,6144,gate01          ,0,1,model   sel_hus1,152,36,18,18,0,0,128,128,1,"[(102, 102, 102, 128), (128, 128, 128, 128)]","(0.125, 0.3125, 0.375, 0.5)","(-0.30000200867652893, -4.685009956359863, -0.30000901222229004, 0.2999979853630066, -3.744539976119995, 0.30000001192092896)"
4788880,6144,gate01          ,0,2,model   sel_fg1 ,152,36,18,18,32768,0,126,126,1,"[(102, 102, 102, 126), (128, 128, 128, 126)]","(0.5, 0.9375, 0.75, 1.0)","(-0.30000200867652893, -0.2618730068206787, -0.30000901222229004, 0.2999979853630066, -0.0, 0.30000001192092896)"
4795024,9232,gate02          ,0,0,model   sel_kmn2,126,36,165,257,0,0,128,128,1,"[(77, 77, 77, 128), (89, 89, 89, 128), (102, 102, 102, 128), (115, 115, 115, 128), (128, 128, 128, 128)]","(0.578125, 0.00390625, 0.78125, 0.47265625)","(-2.6903998851776123, -3.533289909362793, -0.0, 0.0, 0.2618730068206787, 0.30592599511146545)"
4795024,9232,gate02          ,0,1,model   sel_hus1,126,36,40,58,0,0,128,128,1,"[(102, 102, 102, 128), (128, 128, 128, 128)]","(0.125, 0.00390625, 0.453125, 1.0)","(-2.6903998851776123, -3.4826700687408447, 0.04769200086593628, 0.0, -0.22309300303459167, 0.2582530081272125)"
4795024,9232,gate02          ,0,2,model   sel_hus1,126,36,16,22,32768,0,126,126,1,"[(128, 128, 128, 126)]","(0.0, 0.75, 0.25, 1.05859375)","(-2.6903998851776123, -3.4826700687408447, 0.04769200086593628, 0.0, -2.6677699089050293, 0.2582530081272125)"
4795024,9232,gate02          ,0,3,model   sel_fg1 ,126,36,10,10,32768,0,126,126,1,"[(115, 115, 115, 126), (128, 128, 128, 126)]","(0.5625, 0.9375, 0.6875, 1.0)","(-1.448390007019043, -0.0, -0.0, -1.22461998462677, 0.2618730068206787, 0.30592599511146545)"
4804256,3024,gate03          ,0,0,model   sel_kmn2,44,36,59,101,0,0,128,128,1,"[(77, 77, 77, 128), (115, 115, 115, 128), (128, 128, 128, 128)]","(0.5625, 0.00390625, 0.78125, 0.5)","(0.0, -2.029010057449341, -0.25324198603630066, 0.14901700615882874, -0.0, 1.5888999700546265)"
4804256,3024,gate03          ,0,1,model   sel_fg1 ,44,36,13,27,32768,0,126,126,1,"[(77, 77, 77, 126), (115, 115, 115, 126), (128, 128, 128, 126)]","(0.53125, 0.5, 0.65625, 1.0)","(0.0, -1.0114699602127075, -0.25324198603630066, 0.14901700615882874, -0.0, 0.7944560050964355)"
4807280,15264,gate04          ,0,0,model   sel_kmn1,246,36,24,34,0,0,128,255,2,"[(128, 128, 128, 128), (128, 128, 128, 255)]","(0.0625, 0.03125, 0.9921875, 0.37109375)","(-0.962119996547699, -0.9266219735145569, -0.06407199800014496, -0.15662400424480438, -0.1266230046749115, -0.032722000032663345)"
4807280,15264,gate04          ,0,1,model   sel_kmn2,246,36,354,625,0,0,128,128,1,"[(77, 77, 77, 128), (128, 128, 128, 128)]","(0.599609375, 0.0, 0.78125, 0.47265625)","(-3.11149001121521, -1.051509976387024, -0.10682699829339981, 1.9927400350570679, 0.40345999598503113, -0.0)"
4807280,15264,gate04          ,0,2,model   sel_kmn1,246,36,4,4,32768,0,110,110,1,"[(128, 128, 128, 110)]","(0.7578125, 0.25390625, 0.9921875, 0.37109375)","(-0.8621199727058411, -0.8266199827194214, -0.06407199800014496, -0.257997989654541, -0.226623997092247, -0.06407199800014496)"
4822544,12512,gate05a         ,0,0,model   sel_kmn2,212,36,287,451,0,0,128,128,1,"[(77, 77, 77, 128), (89, 89, 89, 128), (102, 102, 102, 128), (128, 128, 128, 128)]","(0.5625, 0.0, 0.7890625, 0.5)","(-0.07000000029802322, -2.7058799266815186, -0.07797999680042267, 2.386169910430908, -0.0, 0.07559999823570251)"
4822544,12512,gate05a         ,0,1,model   sel_hus1,212,36,16,22,0,0,128,128,1,"[(89, 89, 89, 128)]","(0.001953125, 0.75, 0.5, 1.0)","(0.38872599601745605, -2.4775800704956055, -0.0520859993994236, 2.1801300048828125, -0.4753569960594177, 0.049706000834703445)"
4822544,12512,gate05a         ,0,2,model   sel_fg1 ,212,36,12,14,32768,0,126,126,1,"[(89, 89, 89, 126), (102, 102, 102, 126)]","(0.53125, 0.9375, 0.65625, 1.0)","(2.1801300048828125, -0.26738598942756653, -0.07797999680042267, 2.386169910430908, -0.0, 0.07559999823570251)"
4835056,2064,gate05b         ,0,0,model   sel_kmn2,28,36,49,81,0,0,128,128,1,"[(89, 89, 89, 128), (128, 128, 128, 128)]","(0.595703125, 0.4375, 0.65625, 0.5)","(1.8139400482177734, -1.207859992980957, -0.13170400261878967, 1.939389944076538, -0.8286550045013428, 0.02590000070631504)"
4837120,2064,gate06b         ,0,0,model   sel_kmn2,28,36,49,81,0,0,128,128,1,"[(77, 77, 77, 128), (89, 89, 89, 128), (128, 128, 128, 128)]","(0.595703125, 0.4375, 0.654296875, 0.5)","(-1.9165500402450562, -1.207859992980957, -0.1317089945077896, -1.7910900115966797, -0.8286550045013428, 0.025894999504089355)"
4839184,26304,gate7a          ,0,0,model   sel_kmn2,605,36,596,889,0,0,128,255,2,"[(77, 77, 77, 128), (77, 77, 77, 255), (89, 89, 89, 128), (89, 89, 89, 255), (102, 102, 102, 128), (115, 115, 115, 255), (128, 128, 128, 128), (128, 128, 128, 255)]","(0.564453125, 0.0, 0.78125, 0.49609375)","(-0.38546401262283325, -4.949769973754883, -0.3722989857196808, 0.5327500104904175, -9.999999974752427e-07, 0.37229201197624207)"
4839184,26304,gate7a          ,0,1,model   sel_hus1,605,36,30,46,0,0,255,255,1,"[(102, 102, 102, 255), (128, 128, 128, 255)]","(0.125, 0.5, 0.25, 0.99609375)","(-0.30000099539756775, -4.685009956359863, -0.30001100897789, 0.2999970018863678, -3.0015599727630615, 0.3000029921531677)"
4839184,26304,gate7a          ,0,2,model   sel_fg1 ,605,36,20,20,32768,0,126,126,1,"[(89, 89, 89, 126), (115, 115, 115, 126)]","(0.5, 0.9375, 0.75, 1.0)","(-0.34084901213645935, -0.2618739902973175, -0.3350450098514557, 0.3091740012168884, -9.999999974752427e-07, 0.3350369930267334)"
4839184,26304,gate7a          ,0,3,model   sel_kmn2,605,36,23,49,32768,0,125,128,2,"[(102, 102, 102, 125), (102, 102, 102, 128), (128, 128, 128, 125)]","(0.658203125, 0.00390625, 0.71875, 0.234375)","(0.2725600004196167, -2.6748900413513184, 0.1068120002746582, 0.4241330027580261, -0.2618730068206787, 0.26325199007987976)"
4865488,28240,gate7b          ,0,0,model   sel_kmn2,621,36,617,1145,0,0,128,255,2,"[(77, 77, 77, 128), (89, 89, 89, 128), (89, 89, 89, 255), (102, 102, 102, 128), (115, 115, 115, 128), (115, 115, 115, 255), (128, 128, 128, 128), (128, 128, 128, 255)]","(0.564453125, 0.00390625, 0.7890625, 0.49609375)","(-0.5327510237693787, -4.949769973754883, -0.3722989857196808, 0.38546401262283325, -0.0, 0.37229201197624207)"
4865488,28240,gate7b          ,0,1,model   sel_hus1,621,36,30,69,0,0,255,255,1,"[(102, 102, 102, 255), (128, 128, 128, 255)]","(0.125, 0.5, 0.25, 1.0)","(-0.2999970018863678, -4.685009956359863, -0.30001100897789, 0.30000099539756775, -3.0015599727630615, 0.3000029921531677)"
4865488,28240,gate7b          ,0,2,model   sel_fg1 ,621,36,20,25,32768,0,126,126,1,"[(89, 89, 89, 126), (115, 115, 115, 126)]","(0.5, 0.9375, 0.75, 1.0)","(-0.3091740012168884, -0.2618730068206787, -0.3350450098514557, 0.34084901213645935, -0.0, 0.3350369930267334)"
4865488,28240,gate7b          ,0,3,model   sel_kmn2,621,36,39,60,32768,0,125,128,2,"[(89, 89, 89, 125), (89, 89, 89, 128)]","(0.658203125, 0.00390625, 0.716796875, 0.28515625)","(-0.5009369850158691, -2.6748900413513184, 0.0755390003323555, -0.2725600004196167, -0.26187199354171753, 0.26325199007987976)"
4893728,45232,guardroom01     ,0,0,model   sel_hus1,815,36,814,1465,0,0,128,255,2,"[(0, 0, 0, 128), (89, 89, 89, 255), (102, 102, 102, 255), (128, 128, 128, 255)]","(0.0, 0.0, 1.0, 1.0)","(-7.094480037689209, -0.4147399961948395, -4.102700233459473, 7.094480037689209, 4.24606990814209, 4.102700233459473)"
4893728,45232,guardroom01     ,0,1,model   sel_hus1,815,36,324,585,32768,0,50,126,2,"[(102, 102, 102, 126), (128, 128, 128, 50), (128, 128, 128, 126)]","(0.0, 0.5, 0.5, 1.05859375)","(-6.995920181274414, -0.4147399961948395, -4.0, 6.995920181274414, 4.24606990814209, 4.0)"
4938960,7568,guardroom01p    ,0,0,model   sel_hus1,119,36,134,229,0,0,255,255,1,"[(89, 89, 89, 255), (102, 102, 102, 255), (128, 128, 128, 255)]","(0.0, 0.0625, 1.0, 1.0)","(-6.0973801612854, -0.4147379994392395, -4.102700233459473, 3.0, 4.24606990814209, -3.868489980697632)"
4938960,7568,guardroom01p    ,0,1,model   sel_kmn1,119,36,9,19,0,0,255,255,1,"[(89, 89, 89, 255), (128, 128, 128, 255)]","(0.0078125, 0.50390625, 0.7421875, 0.87109375)","(-2.1475799083709717, 1.590459942817688, -3.868489980697632, -0.14284299314022064, 4.095210075378418, -3.868489980697632)"
4938960,7568,guardroom01p    ,0,2,model   sel_hus1,119,36,44,73,32768,0,50,126,2,"[(89, 89, 89, 126), (102, 102, 102, 126), (128, 128, 128, 50), (128, 128, 128, 126)]","(0.0, 0.3125, 0.5, 1.0625)","(-6.0, -0.4147379994392395, -4.0, 3.0, 4.24606990814209, -4.0)"
4946528,11088,guardroom02     ,0,0,                ,150,36,278,465,0,0,128,128,1,"[(0, 0, 0, 128), (16, 16, 20, 128)]","(0.0, 0.0, 1.0, 1.0)","(-0.11745999753475189, -2.2825798988342285, -4.515170097351074, 11.925399780273438, 1.691789984703064, 2.577929973602295)"
4957616,1936,guardroom03     ,0,0,model   sel_hus1,24,36,46,71,0,0,255,255,1,"[(89, 89, 89, 255), (128, 128, 128, 255)]","(0.001953125, 0.0, 0.875, 0.90234375)","(-4.336609840393066, -2.541759967803955, -2.2741498947143555, -3.5212299823760986, -1.7417900562286377, 2.2473299503326416)"
4959552,3264,guardroom04     ,0,0,model   sel_hus1,40,36,69,102,0,0,255,255,1,"[(89, 89, 89, 255), (102, 102, 102, 255), (128, 128, 128, 255)]","(0.125, 0.00390625, 0.875, 0.90234375)","(-1.4252599477767944, 0.5159090161323547, -1.1566599607467651, 2.574739933013916, 1.507599949836731, 0.10324099659919739)"
4959552,3264,guardroom04     ,0,1,model   sel_hus1,40,36,10,21,32768,0,126,126,1,"[(102, 102, 102, 126), (128, 128, 128, 126)]","(0.0, 0.75, 0.5, 1.0625)","(-1.4252599477767944, 0.5159090161323547, -1.1566599607467651, 2.574739933013916, 1.0291999578475952, 0.06449899822473526)"
4962816,1712,guardroom05     ,0,0,model   sel_kmn2,20,36,8,10,0,0,255,255,1,"[(128, 128, 128, 255)]","(0.296875, 0.5625, 0.328125, 0.59375)","(0.0, -0.04980900138616562, -0.6639940142631531, 0.04999899864196777, 0.061076998710632324, -0.0)"
4962816,1712,guardroom05     ,0,1,model   sel_kmn1,20,36,32,46,0,0,255,255,1,"[(89, 89, 89, 255), (128, 128, 128, 255)]","(0.5078125, 0.00390625, 0.9921875, 0.21875)","(0.0, -0.04980900138616562, -0.6639940142631531, 1.1558300256729126, 0.061076998710632324, -0.0)"
4964528,9456,guardroom06     ,0,0,model   sel_kmn1,158,36,229,445,0,0,255,255,1,"[(102, 102, 102, 255), (128, 128, 128, 255)]","(0.0, 0.0, 1.0, 0.24609375)","(-1.643880009651184, -1.2954699993133545, -0.3047719895839691, 1.643880009651184, -0.0, 0.0606440007686615)"
4964528,9456,guardroom06     ,0,1,model   sel_kmn1,158,36,4,4,32768,0,110,110,1,"[(102, 102, 102, 110), (128, 128, 128, 110)]","(0.7578125, 0.25390625, 0.9921875, 0.37109375)","(-0.411516010761261, -0.9774540066719055, -0.2491540014743805, 0.4154820144176483, -0.15801000595092773, -0.05420000106096268)"
4973984,2032,guardroom07     ,0,0,model   sel_hus1,30,36,36,67,0,0,255,255,1,"[(59, 59, 59, 255), (102, 102, 102, 255), (128, 128, 128, 255)]","(0.0, 0.0, 0.748046875, 0.90234375)","(-1.002369999885559, -0.150860995054245, -1.0157099962234497, 1.002369999885559, 0.25724101066589355, 0.5)"
4973984,2032,guardroom07     ,0,1,model   sel_hus1,30,36,11,16,32768,0,75,126,2,"[(128, 128, 128, 75), (128, 128, 128, 126)]","(0.25, 0.9375, 0.5, 1.05859375)","(-1.002369999885559, -0.150860995054245, -1.0157099962234497, 1.002369999885559, 0.25724101066589355, 0.5)"
4976016,9232,guildmark-ryoush,0,0,model   sel_kmn1,158,36,223,445,0,0,255,255,1,"[(128, 128, 128, 255)]","(0.0, 0.0, 1.0, 0.24609375)","(-1.643880009651184, -1.2954699993133545, -0.3047719895839691, 1.643880009651184, -0.0, 0.0606440007686615)"
4976016,9232,guildmark-ryoush,0,1,model   sel_kmn1,158,36,4,4,32768,0,100,100,1,"[(128, 128, 128, 100)]","(0.2578125, 0.25390625, 0.4921875, 0.37109375)","(-0.411516010761261, -0.9774540066719055, -0.2491540014743805, 0.4154820144176483, -0.15801000595092773, -0.05420000106096268)"
4985248,9424,guildmark-syokko,0,0,model   sel_kmn1,158,36,228,445,0,0,255,255,1,"[(102, 102, 102, 255), (128, 128, 128, 255)]","(0.0, 0.0, 1.0, 0.24609375)","(-1.643880009651184, -1.2954699993133545, -0.3047719895839691, 1.643880009651184, -0.0, 0.0606440007686615)"
4985248,9424,guildmark-syokko,0,1,model   sel_kmn1,158,36,4,4,32768,0,100,100,1,"[(102, 102, 102, 100)]","(0.0078125, 0.25390625, 0.2421875, 0.37109375)","(-0.411516010761261, -0.9774540066719055, -0.2491540014743805, 0.4154820144176483, -0.15801000595092773, -0.05420000106096268)"
4994672,1920,hako            ,0,0,model   sel_kmn3,28,36,45,77,0,0,255,255,1,"[(59, 59, 59, 255), (64, 64, 64, 255), (89, 89, 89, 255), (102, 102, 102, 255), (115, 115, 115, 255), (128, 128, 128, 255)]","(0.00390625, 0.00390625, 0.43359375, 0.26171875)","(0.0, -0.4617080092430115, -0.0, 0.9722449779510498, -0.0, 1.4670100212097168)"
4996592,2192,hakohuta        ,0,0,model   sel_kmn3,32,36,52,91,0,0,255,255,1,"[(89, 89, 89, 255), (102, 102, 102, 255), (128, 128, 128, 255)]","(0.00390625, 0.11328125, 0.43359375, 0.44921875)","(0.0, -0.11385399848222733, -0.0, 0.9722449779510498, -0.0, 1.4670100212097168)"
4998784,1504,himono01        ,0,0,model   sel_kmn3,30,36,34,66,0,0,255,255,1,"[(89, 89, 89, 255), (115, 115, 115, 255), (128, 128, 128, 255)]","(0.91015625, 0.00390625, 0.99609375, 0.99609375)","(-0.07000000029802322, -3.5, -0.06062199920415878, 0.07000000029802322, -0.0, 0.06062199920415878)"
5000288,12848,_ami            ,0,0,model   sel_kmn3,368,36,232,469,0,0,255,255,1,"[(77, 77, 77, 255), (89, 89, 89, 255), (102, 102, 102, 255), (128, 128, 128, 255)]","(0.00390625, 0.19140625, 0.49609375, 0.99609375)","(-1.3310699462890625, -2.680030107498169, -2.6784300804138184, 0.9974049925804138, -2.5535099506378174, -0.27240800857543945)"
5000288,12848,_ami            ,0,1,model   sel_kmn4,368,36,82,217,32768,0,126,126,1,"[(77, 77, 77, 126), (89, 89, 89, 126), (128, 128, 128, 126)]","(0.0078125, 0.0078125, 0.9921875, 0.9921875)","(-1.3310699462890625, -2.680030107498169, -2.6784300804138184, 0.9974049925804138, -2.5535099506378174, -0.47202199697494507)"
5013136,14880,hitsujigoya01   ,0,0,model   sel_koy1,276,36,356,631,0,0,255,255,1,"[(59, 59, 59, 255), (77, 77, 77, 255), (89, 89, 89, 255), (102, 102, 102, 255), (128, 128, 128, 255)]","(0.00390625, 0.00390625, 0.99609375, 0.99609375)","(-6.07781982421875, -3.346519947052002, -0.07138500362634659, 0.06742300093173981, 0.5590450167655945, 4.070859909057617)"
5013136,14880,hitsujigoya01   ,0,1,model   sel_hus1,276,36,16,26,0,0,255,255,1,"[(40, 40, 40, 255), (128, 128, 128, 255)]","(0.501953125, 0.00390625, 0.873046875, 0.49609375)","(-5.825850009918213, -0.2050739973783493, 0.20270800590515137, -0.18644699454307556, -0.0, 3.8183000087738037)"
5028016,2112,hitsujigoya02   ,0,0,model   sel_koy1,44,36,49,105,0,0,255,255,1,"[(40, 40, 40, 255), (102, 102, 102, 255), (128, 128, 128, 255)]","(0.09765625, 0.37890625, 0.83984375, 0.87109375)","(-3.2346699237823486, -0.5184530019760132, -0.5, 3.2346699237823486, 0.05000000074505806, 4.253910064697266)"
5030128,816,hitsujigoya03   ,0,0,model   sel_koy1,10,36,13,18,0,0,255,255,1,"[(89, 89, 89, 255), (128, 128, 128, 255)]","(0.00390625, 0.75390625, 0.08984375, 0.99609375)","(-0.07500000298023224, -1.399999976158142, -0.07500000298023224, 0.07500000298023224, -0.0, 0.07500000298023224)"
5030128,816,hitsujigoya03   ,0,1,model   sel_hus1,10,36,4,4,0,0,255,255,1,"[(128, 128, 128, 255)]","(0.189453125, 0.00390625, 0.216796875, 0.05859375)","(-0.07500000298023224, -1.399999976158142, -0.07500000298023224, 0.07500000298023224, -1.399999976158142, 0.07500000298023224)"
5030944,1248,hitsujigoya04   ,0,0,model   sel_hus1,16,36,28,49,0,0,255,255,1,"[(102, 102, 102, 255), (128, 128, 128, 255)]","(0.501953125, 0.90625, 0.8125, 0.99609375)","(-0.044109001755714417, -0.7044010162353516, -1.5, 0.0, -0.0, -0.0)"
5032192,2096,hitsujigoya05   ,0,0,model   sel_koy1,28,36,41,75,0,0,255,255,1,"[(77, 77, 77, 255), (89, 89, 89, 255), (128, 128, 128, 255)]","(0.00390625, 0.75390625, 0.96484375, 0.99609375)","(-1.3724600076675415, -1.0, -0.0, 0.0, 0.11198999732732773, 0.07149700075387955)"
5032192,2096,hitsujigoya05   ,0,1,model   sel_hus1,28,36,8,10,0,0,255,255,1,"[(128, 128, 128, 255)]","(0.001953125, 0.00390625, 0.21875, 0.046875)","(-1.3724600076675415, -1.0, -0.0, -1.2172499895095825, 0.11198999732732773, 0.07149700075387955)"
5034288,2144,hitsujigoya06   ,0,0,model   sel_koy1,48,36,50,99,0,0,255,255,1,"[(89, 89, 89, 255), (102, 102, 102, 255), (128, 128, 128, 255)]","(0.09765625, 0.87890625, 0.77734375, 0.99609375)","(-0.31422901153564453, -0.4954330027103424, -0.929390013217926, 0.326898992061615, -0.0, 0.929390013217926)"
5036432,76160,house-a01       ,0,0,model   sel_hus1,1253,36,1587,2661,0,0,128,255,2,"[(0, 0, 0, 128), (26, 26, 26, 128), (89, 89, 89, 255), (102, 102, 102, 255), (115, 115, 115, 255), (128, 128, 128, 128), (128, 128, 128, 255), (153, 153, 153, 255)]","(0.0, 0.0, 1.0, 1.0)","(-6.16146993637085, -5.696450233459473, -14.12969970703125, 8.145050048828125, -0.17562299966812134, 16.141799926757812)"
5036432,76160,house-a01       ,0,1,model   sel_hus1,1253,36,343,593,32768,0,40,126,2,"[(102, 102, 102, 126), (128, 128, 128, 40), (128, 128, 128, 126), (153, 153, 153, 126)]","(0.0, 0.3125, 0.625, 1.0625)","(-6.16146993637085, -5.696450233459473, -14.0, 8.145050048828125, -0.17562299966812134, 16.141799926757812)"
5112592,8992,house-a01p      ,0,0,model   sel_hus1,142,36,172,267,0,0,255,255,1,"[(89, 89, 89, 255), (102, 102, 102, 255), (128, 128, 128, 255)]","(0.0, 0.0625, 1.0, 1.0)","(7.852660179138184, -5.696450233459473, 4.0, 8.145050048828125, -0.17562299966812134, 16.141799926757812)"
5112592,8992,house-a01p      ,0,1,model   sel_hus1,142,36,53,91,32768,0,40,126,2,"[(102, 102, 102, 126), (128, 128, 128, 40), (128, 128, 128, 126)]","(0.0, 0.3125, 0.5, 1.05859375)","(7.852660179138184, -5.696450233459473, 4.0, 8.145050048828125, -0.17562299966812134, 16.141799926757812)"
5121584,768,house-a02       ,0,0,model   sel_hus1,8,36,16,22,0,0,255,255,1,"[(77, 77, 77, 255), (128, 128, 128, 255)]","(0.064453125, 0.75, 0.3125, 1.0)","(0.0, -0.0, -0.5, 0.5, 1.3559800386428833, -0.0)"
5122352,1296,house-a03       ,0,0,model   sel_hus1,14,36,16,22,0,0,255,255,1,"[(77, 77, 77, 255), (89, 89, 89, 255), (115, 115, 115, 255)]","(0.126953125, 0.5, 0.875, 1.0)","(0.02839300036430359, -0.0, -0.5, 0.4716069996356964, 2.6166000366210938, 2.594680070877075)"
5122352,1296,house-a03       ,0,1,model   sel_hus1,14,36,13,21,32768,0,126,126,1,"[(89, 89, 89, 126), (115, 115, 115, 126)]","(0.0, 0.875, 0.5, 1.05859375)","(0.02839300036430359, -0.0, -0.5, 0.4716069996356964, 2.6166000366210938, 2.594680070877075)"
5123648,1328,house-a04       ,0,0,model   sel_hus1,14,36,24,34,0,0,255,255,1,"[(89, 89, 89, 255), (102, 102, 102, 255), (128, 128, 128, 255)]","(0.0, 0.03125, 0.873046875, 0.90234375)","(-0.030712999403476715, -0.0, -0.0, 0.49501800537109375, 0.9677559733390808, 0.8315250277519226)"
5123648,1328,house-a04       ,0,1,model   sel_hus1,14,36,6,9,32768,0,126,126,1,"[(128, 128, 128, 126)]","(0.25, 0.75, 0.5, 1.05859375)","(0.0, -0.0, -0.0, 0.49501800537109375, 0.9517819881439209, 0.8315250277519226)"
5124976,1072,house-a05       ,0,0,model   sel_hus1,12,36,24,34,0,0,255,255,1,"[(128, 128, 128, 255)]","(0.4453125, 0.00390625, 1.0, 0.6171875)","(-0.06795299798250198, -0.23543700575828552, -0.02500000037252903, 0.45760101079940796, 0.013043000362813473, 0.02500000037252903)"
5126048,2704,house-a06       ,0,0,model   sel_hus1,40,36,56,103,0,0,128,128,1,"[(102, 102, 102, 128), (128, 128, 128, 128)]","(0.001953125, 0.00390625, 0.875, 0.90234375)","(-1.5157099962234497, -0.7293919920921326, -0.0, 0.1840279996395111, -0.0, 2.1923398971557617)"
5126048,2704,house-a06       ,0,1,model   sel_hus1,40,36,8,10,32768,0,126,126,1,"[(102, 102, 102, 126), (128, 128, 128, 126)]","(0.25, 0.96875, 0.5, 1.05859375)","(-1.5157099962234497, -0.7293919920921326, -0.0, -0.05634399875998497, -0.1611119955778122, 2.1923398971557617)"
5128752,3440,house-a07       ,0,0,model   sel_hus1,48,36,72,125,0,0,128,128,1,"[(89, 89, 89, 128), (102, 102, 102, 128), (128, 128, 128, 128)]","(0.5, 0.78125, 0.875, 1.0)","(-1.2595100402832031, -3.7992799282073975, -0.0, 0.0, -0.0, 0.26029399037361145)"
5128752,3440,house-a07       ,0,1,model   sel_hus1,48,36,11,14,32768,0,126,126,1,"[(89, 89, 89, 126), (128, 128, 128, 126)]","(0.25, 0.25, 0.375, 1.05078125)","(-0.2318039983510971, -3.744220018386841, 0.030146999284625053, -0.031801000237464905, -0.46007999777793884, 0.23014700412750244)"
5132192,1408,house-a08       ,0,0,model   sel_hus1,16,36,20,28,0,0,255,255,1,"[(89, 89, 89, 255), (128, 128, 128, 255)]","(0.0, 0.0, 0.375, 1.0)","(-0.014550000429153442, -0.047835998237133026, -2.0, 1.9831899404525757, 0.6466019749641418, 2.0)"
5132192,1408,house-a08       ,0,1,model   sel_hus1,16,36,12,16,32768,0,126,126,1,"[(89, 89, 89, 126), (128, 128, 128, 126)]","(0.0, 0.0, 0.375, 1.05859375)","(-0.014550000429153442, -0.047835998237133026, -2.0, 1.9831899404525757, 0.6466019749641418, 2.0)"
5133600,9792,house-a09       ,0,0,model   sel_kmn2,232,36,229,328,0,0,128,128,1,"[(0, 0, 0, 128), (102, 102, 102, 128), (128, 128, 128, 128)]","(0.625, 0.00390625, 0.78125, 0.47265625)","(-0.8599380254745483, -5.082729816436768, -0.8647580146789551, 0.8599389791488647, -0.0, 0.8647580146789551)"
5133600,9792,house-a09       ,0,1,model   sel_hus1,232,36,19,22,32768,0,126,126,1,"[(102, 102, 102, 126), (128, 128, 128, 126)]","(0.25, 1.0, 0.5, 1.05859375)","(-0.8599380254745483, -0.2809920012950897, -0.8647580146789551, 0.8599389791488647, -0.0, 0.8647580146789551)"
5143392,74448,house-b01       ,0,0,model   sel_hus1,1242,36,1546,2871,0,0,128,128,1,"[(0, 0, 0, 128), (26, 26, 26, 128), (89, 89, 89, 128), (102, 102, 102, 128), (128, 128, 128, 128), (153, 153, 153, 128)]","(0.0, 0.0, 1.0, 1.0)","(-8.145050048828125, -5.176819801330566, -14.12969970703125, 6.16146993637085, 0.3440130054950714, 16.141799926757812)"
5143392,74448,house-b01       ,0,1,model   sel_hus1,1242,36,323,627,32768,0,126,126,1,"[(102, 102, 102, 126), (128, 128, 128, 126), (153, 153, 153, 126)]","(0.0, 0.25, 0.5, 1.05859375)","(-8.0, -5.176819801330566, -14.0, 6.16146993637085, 0.3440130054950714, 16.141799926757812)"
5217840,8432,house-b01p      ,0,0,model   sel_hus1,136,36,168,301,0,0,128,128,1,"[(89, 89, 89, 128), (128, 128, 128, 128)]","(0.0, 0.0625, 1.0, 1.0)","(-8.145050048828125, -5.176819801330566, 4.0, -7.852660179138184, 0.3440130054950714, 16.141799926757812)"
5217840,8432,house-b01p      ,0,1,model   sel_hus1,136,36,41,65,32768,0,126,126,1,"[(89, 89, 89, 126), (128, 128, 128, 126)]","(0.0, 0.25, 0.59375, 1.05859375)","(-8.0, -5.176819801330566, 4.0, -8.0, -0.4486350119113922, 16.0)"
5226272,20656,house-b02       ,0,0,model   sel_kai1,374,36,204,347,0,0,255,255,1,"[(102, 102, 102, 255), (128, 128, 128, 255)]","(0.0078125, 0.50390625, 0.9921875, 0.68359375)","(0.0, -5.421450138092041, -0.5579379796981812, 12.93589973449707, -0.0, 4.0)"
5226272,20656,house-b02       ,0,1,model   sel_hus1,374,36,198,453,0,0,255,255,1,"[(89, 89, 89, 255), (102, 102, 102, 255), (128, 128, 128, 255)]","(0.501953125, 0.37890625, 0.998046875, 0.99609375)","(3.4234399795532227, -5.421450138092041, -0.28029099106788635, 12.641400337219238, -1.3179800510406494, 3.6463000774383545)"
5226272,20656,house-b02       ,0,2,model   sel_koy1,374,36,111,195,0,0,255,255,1,"[(89, 89, 89, 255), (102, 102, 102, 255), (128, 128, 128, 255)]","(0.00390625, 0.37890625, 0.08984375, 0.99609375)","(3.023439884185791, -4.810269832611084, 0.2978590130805969, 12.641400337219238, -0.0, 3.705359935760498)"
5246928,132912,house-c01       ,0,0,model   sel_hus1,2310,36,2813,5191,0,0,128,128,1,"[(0, 0, 0, 128), (89, 89, 89, 128), (102, 102, 102, 128), (128, 128, 128, 128)]","(0.0, 0.0, 1.0, 1.0)","(-13.740599632263184, -5.282060146331787, -26.12969970703125, 13.740599632263184, 0.23876400291919708, 4.1417999267578125)"
5246928,132912,house-c01       ,0,1,model   sel_hus1,2310,36,532,967,32768,0,126,126,1,"[(102, 102, 102, 126), (128, 128, 128, 126)]","(0.0, 0.25, 0.625, 1.0625)","(-13.740599632263184, -5.282060146331787, -26.0, 13.740599632263184, 0.23876400291919708, 4.1417999267578125)"
5379840,8576,house-c01p      ,0,0,model   sel_hus1,140,36,165,259,0,0,128,128,1,"[(102, 102, 102, 128), (128, 128, 128, 128)]","(0.0, 0.0625, 1.0, 1.0)","(13.448200225830078, -5.282060146331787, -8.0, 13.740599632263184, 0.23876400291919708, 4.1417999267578125)"
5379840,8576,house-c01p      ,0,1,model   sel_hus1,140,36,49,89,32768,0,85,126,2,"[(102, 102, 102, 85), (102, 102, 102, 126), (128, 128, 128, 85), (128, 128, 128, 126)]","(0.0, 0.25, 0.5625, 1.05859375)","(13.448200225830078, -5.282060146331787, -8.0, 13.740599632263184, 0.23876400291919708, 4.1417999267578125)"
5388416,21616,housestep01     ,0,0,model   sel_kai1,374,36,208,435,0,0,255,255,1,"[(89, 89, 89, 255), (102, 102, 102, 255), (128, 128, 128, 255)]","(0.0078125, 0.50390625, 0.9921875, 0.68359375)","(-12.93589973449707, -5.421450138092041, -0.5579370260238647, 0.0, -0.0, 4.0)"
5388416,21616,housestep01     ,0,1,model   sel_hus1,374,36,198,459,0,0,255,255,1,"[(89, 89, 89, 255), (102, 102, 102, 255), (128, 128, 128, 255)]","(0.501953125, 0.00390625, 0.998046875, 0.99609375)","(-12.641400337219238, -5.421450138092041, -0.28029099106788635, -3.4234399795532227, -1.3179800510406494, 3.6463000774383545)"
5388416,21616,housestep01     ,0,2,model   sel_koy1,374,36,125,261,0,0,255,255,1,"[(89, 89, 89, 255), (102, 102, 102, 255), (128, 128, 128, 255)]","(0.00390625, 0.37890625, 0.08984375, 0.99609375)","(-12.641400337219238, -4.810269832611084, 0.2978599965572357, -3.023439884185791, -0.0, 3.705359935760498)"
5410032,6768,housestep02     ,0,0,model   sel_kai1,126,36,98,135,0,0,255,255,1,"[(102, 102, 102, 255), (128, 128, 128, 255)]","(0.0078125, 0.00390625, 0.9921875, 0.49609375)","(-8.71835994720459, -5.421450138092041, -3.410720109939575, 0.0, -0.0, -0.0)"
5410032,6768,housestep02     ,0,1,model   sel_hus1,126,36,20,31,0,0,255,255,1,"[(89, 89, 89, 255), (128, 128, 128, 255)]","(0.501953125, 0.00390625, 0.998046875, 0.49609375)","(-11.985199928283691, -5.421450138092041, -3.410720109939575, -0.17801299691200256, -0.0, -0.0)"
5410032,6768,housestep02     ,0,2,model   sel_hus1,126,36,51,82,32768,0,126,126,1,"[(102, 102, 102, 126), (128, 128, 128, 126)]","(0.0, 0.5, 0.5, 1.05859375)","(-11.985199928283691, -5.421450138092041, -3.410720109939575, 0.0, -0.0, -0.0)"
5416800,1728,houtyou         ,0,0,model   sel_kmn2,26,36,40,69,0,0,128,128,1,"[(89, 89, 89, 128), (128, 128, 128, 128)]","(0.21875, 0.81640625, 0.25, 0.99609375)","(0.0, -0.020441999658942223, -0.5290420055389404, 0.1042810007929802, -0.0, -0.0)"
5418528,6976,isu             ,0,0,model   sel_kmn2,92,36,159,234,0,0,128,128,1,"[(64, 64, 64, 128), (89, 89, 89, 128), (128, 128, 128, 128)]","(0.001953125, 0.36328125, 0.3203125, 0.59375)","(-1.0626499652862549, -0.4078899919986725, -0.33057901263237, 1.0626499652862549, -0.0, 0.327455997467041)"
5418528,6976,isu             ,0,1,                ,92,36,16,22,0,0,255,255,1,"[(42, 65, 109, 255), (89, 89, 89, 255)]","(0.0, -1.0, 1.0, 0.0)","(-1.0037000179290771, -0.33905500173568726, -0.27163800597190857, 0.9947800040245056, -0.33905500173568726, 0.2780829966068268)"
5425744,288,kami            ,0,0,model   sel_kmn1,2,36,4,4,0,0,255,255,1,"[(128, 128, 128, 255)]","(0.7578125, 0.37890625, 0.9921875, 0.49609375)","(0.0, -0.0, -0.0, 0.3893350064754486, -0.0, 0.27965500950813293)"
5426032,40560,kobune01        ,0,0,model   sel_f2  ,744,36,852,1599,0,0,255,255,1,"[(77, 77, 77, 255), (89, 89, 89, 255), (102, 102, 102, 255), (128, 128, 128, 255)]","(0.0, 0.5, 1.0, 1.0)","(-5.874849796295166, -2.494800090789795, 0.7258520126342773, 5.820099830627441, 2.115989923477173, 1.971869945526123)"
5426032,40560,kobune01        ,0,1,model   sel_f1  ,744,36,124,279,0,0,255,255,1,"[(59, 59, 59, 255), (77, 77, 77, 255), (89, 89, 89, 255), (102, 102, 102, 255), (128, 128, 128, 255)]","(0.0, 0.01953125, 1.0, 1.0)","(-5.692880153656006, -2.3121299743652344, 0.9216790199279785, 5.638120174407959, 1.8816100358963013, 1.9122099876403809)"
5426032,40560,kobune01        ,0,2,model   sel_f3  ,744,36,10,10,0,0,255,255,1,"[(89, 89, 89, 255), (128, 128, 128, 255)]","(0.0078125, 0.9140625, 0.4921875, 0.9609375)","(-2.6915700435638428, -0.49238601326942444, 1.669800043106079, -2.262939929962158, -0.28830501437187195, 1.9007099866867065)"
5426032,40560,kobune01        ,0,3,model   sel_f1  ,744,36,27,47,32768,0,126,126,1,"[(59, 59, 59, 126), (77, 77, 77, 126)]","(0.0, 0.0, 1.0, 0.4375)","(-3.0411601066589355, -0.8326460123062134, 1.7007999420166016, 2.9863998889923096, 0.7314479947090149, 1.79885995388031)"
5466592,8192,kobune02        ,0,0,model   sel_f2  ,160,36,80,167,0,0,128,128,1,"[(77, 77, 77, 128), (89, 89, 89, 128), (102, 102, 102, 128), (128, 128, 128, 128)]","(0.0, 0.0, 1.0, 0.71875)","(-5.404319763183594, -0.8382800221443176, -1.8808300495147705, 5.349559783935547, 0.24507200717926025, 1.810789942741394)"
5466592,8192,kobune02        ,0,1,model   sel_f1  ,160,36,73,169,0,0,128,128,1,"[(77, 77, 77, 128), (89, 89, 89, 128), (102, 102, 102, 128), (128, 128, 128, 128)]","(0.0, 0.0, 1.0, 1.0)","(-5.364099979400635, -0.6803190112113953, -1.7960100173950195, 5.309340000152588, 1.7229100465774536, 1.8096200227737427)"
5466592,8192,kobune02        ,0,2,model   sel_f1  ,160,36,45,99,32768,0,126,126,1,"[(77, 77, 77, 126), (89, 89, 89, 126), (102, 102, 102, 126), (128, 128, 128, 126)]","(0.0, 0.0, 1.0, 0.49609375)","(-5.072120189666748, -0.34406301379203796, -1.8808300495147705, 5.017360210418701, 0.24507200717926025, 1.810789942741394)"
5474784,7408,kobune03        ,0,0,model   sel_f3  ,168,36,184,322,0,0,128,255,2,"[(59, 59, 59, 255), (77, 77, 77, 255), (89, 89, 89, 128), (89, 89, 89, 255), (128, 128, 128, 255)]","(0.0078125, 0.69140625, 0.9921875, 0.74609375)","(-3.896470069885254, -1.754930019378662, -1.4720900058746338, -0.5384510159492493, 0.24507200717926025, 1.393180012702942)"
5482192,9328,kobune04        ,0,0,model   sel_f3  ,248,36,226,521,0,0,255,255,1,"[(89, 89, 89, 255), (102, 102, 102, 255), (128, 128, 128, 255)]","(0.0, 0.00390625, 1.0, 0.91015625)","(-3.885590076446533, -1.628290057182312, -1.3981000185012817, -0.5484920144081116, 0.22600199282169342, 1.403730034828186)"
5491520,928,kobune05        ,0,0,model   sel_f3  ,12,36,20,30,0,0,255,255,1,"[(64, 64, 64, 255), (128, 128, 128, 255)]","(0.5078125, 0.75390625, 0.9921875, 0.99609375)","(-3.0320301055908203, -0.11336400359869003, -1.540910005569458, -2.2131099700927734, 0.24507200717926025, -0.7709839940071106)"
5492448,8432,kobune06        ,0,0,model   sel_f1  ,234,36,106,162,0,0,255,255,1,"[(59, 59, 59, 255), (64, 64, 64, 255), (77, 77, 77, 255), (89, 89, 89, 255), (128, 128, 128, 255)]","(0.0078125, 0.25390625, 0.9296875, 0.8125)","(-4.937290191650391, -0.9459090232849121, -0.9116079807281494, -3.9402201175689697, -0.34406301379203796, 0.08545999974012375)"
5492448,8432,kobune06        ,0,1,model   sel_f3  ,234,36,101,243,0,0,255,255,1,"[(64, 64, 64, 255), (77, 77, 77, 255), (89, 89, 89, 255), (128, 128, 128, 255)]","(0.0078125, 0.75390625, 0.4921875, 0.90625)","(-4.757530212402344, -0.768451988697052, -0.7317039966583252, -3.9487600326538086, -0.4439440071582794, -0.09444399923086166)"
5500880,3664,kobune07        ,0,0,model   sel_f3  ,88,36,89,155,0,0,255,255,1,"[(64, 64, 64, 255), (77, 77, 77, 255), (89, 89, 89, 255)]","(0.0078125, 0.50390625, 1.0, 0.68359375)","(-0.06777799874544144, -3.5700199604034424, -0.25460800528526306, 0.06777799874544144, -0.0, 0.25460800528526306)"
5504544,3184,kobune-part01   ,0,0,model   sel_f3  ,58,36,76,155,0,0,255,255,1,"[(89, 89, 89, 255), (102, 102, 102, 255), (115, 115, 115, 255), (128, 128, 128, 255)]","(0.0078125, 0.9140625, 0.4921875, 0.99609375)","(0.0, -0.2260739952325821, -0.041409000754356384, 0.5487480163574219, -0.0, 0.17099399864673615)"
5507728,6320,kobune-part02   ,0,0,model   sel_f3  ,126,36,123,177,0,0,255,255,1,"[(89, 89, 89, 255), (128, 128, 128, 255)]","(0.0078125, 0.72265625, 0.4921875, 0.90625)","(-1.5275100469589233, -0.7170490026473999, -3.109639883041382, 0.17000000178813934, -0.37332698702812195, 0.19052700698375702)"
5507728,6320,kobune-part02   ,0,1,model   sel_f1  ,126,36,21,29,0,0,255,255,1,"[(128, 128, 128, 255)]","(0.5390625, 0.30078125, 0.9296875, 0.48046875)","(-0.05000000074505806, -0.7788619995117188, -0.0, 0.15000000596046448, -0.0, 0.17320600152015686)"
5507728,6320,kobune-part02   ,0,2,model   sel_kai ,126,36,14,14,32768,0,126,126,1,"[(128, 128, 128, 126)]","(0.0, 0.0, 0.5, 0.25)","(-0.05000000074505806, -0.7788619995117188, -0.0, 0.15000000596046448, -0.0, 0.17320600152015686)"
5514048,1888,lightbase       ,0,0,model   sel_kmn2,30,36,44,77,0,0,128,128,1,"[(89, 89, 89, 128), (102, 102, 102, 128)]","(0.283203125, 0.6875, 0.375, 0.90625)","(0.0, -0.5, -0.7883949875831604, 0.15000200271606445, -0.0, -0.0)"
5515936,10656,lightbody       ,0,0,model   sel_kmn2,206,36,246,505,0,0,128,128,1,"[(89, 89, 89, 128), (102, 102, 102, 128), (128, 128, 128, 128)]","(0.0, 0.68359375, 0.34375, 0.99609375)","(-0.15861499309539795, -0.0, -0.20254099369049072, 0.2413879930973053, 0.8972089886665344, 0.1974720060825348)"
5515936,10656,lightbody       ,0,1,model   sel_kmn2,206,36,16,22,32768,0,0,64,2,"[(128, 128, 128, 0), (128, 128, 128, 64)]","(0.095703125, 0.875, 0.154296875, 0.99609375)","(-0.08931700140237808, 0.4292280077934265, -0.1332319974899292, 0.1720850020647049, 0.8050540089607239, 0.12817400693893433)"
5526592,6544,loofstep01      ,0,0,model   sel_hus1,108,36,163,265,0,0,255,255,1,"[(89, 89, 89, 255), (102, 102, 102, 255), (128, 128, 128, 255)]","(0.5, 1.09765625, 2.0, 1.5625)","(-6.779860019683838, -0.2999989986419678, -0.0, 6.9413299560546875, 1.5210700035095215, 0.30000001192092896)"
5533136,1072,loofstep02      ,0,0,model   sel_hus1,12,36,24,34,0,0,255,255,1,"[(89, 89, 89, 255), (102, 102, 102, 255), (128, 128, 128, 255)]","(1.3125, 1.0, 1.998046875, 1.4296875)","(-0.1969829946756363, -0.0, -3.7618799209594727, 0.1969829946756363, 0.1578730046749115, -0.0)"
5534208,1648,loofstep03      ,0,0,model   sel_hus1,18,36,24,34,0,0,128,128,1,"[(77, 77, 77, 128), (102, 102, 102, 128), (115, 115, 115, 128), (128, 128, 128, 128), (153, 153, 153, 128)]","(0.4375, 0.0, 0.828125, 0.55078125)","(-1.183519959449768, -0.0, -4.0, 0.0, 0.3015249967575073, -0.0)"
5534208,1648,loofstep03      ,0,1,model   sel_hus1,18,36,14,21,32768,0,75,126,2,"[(77, 77, 77, 75), (77, 77, 77, 126), (115, 115, 115, 126), (128, 128, 128, 75), (153, 153, 153, 126)]","(0.0, 0.625, 0.5, 1.05859375)","(-1.183519959449768, -0.0, -4.0, 0.0, 0.3015249967575073, -0.0)"
5535856,1040,manaita         ,0,0,model   sel_kmn2,12,36,23,34,0,0,128,128,1,"[(102, 102, 102, 128), (128, 128, 128, 128)]","(0.27734375, 0.56640625, 0.376953125, 0.64453125)","(-0.47956201434135437, -0.011397999711334705, -0.20602299273014069, 0.47956201434135437, 0.02500000037252903, 0.20602299273014069)"
5537376,8256,mixmdl_0006     ,0,0,model   sel_hus1,104,36,208,310,0,0,255,255,1,"[(77, 77, 77, 255), (128, 128, 128, 255)]","(0.064453125, 0.75, 0.3125, 1.0)","(-10.529800415039062, -0.0, -5.590720176696777, 2.569819927215576, 1.3559800386428833, 16.6023006439209)"
5545632,8256,mixmdl_0007     ,0,0,model   sel_hus1,104,36,208,310,0,0,255,255,1,"[(77, 77, 77, 255), (128, 128, 128, 255)]","(0.064453125, 0.75, 0.3125, 1.0)","(-12.635600090026855, -0.0, -0.5, 0.5, 1.3559800386428833, 21.69300079345703)"
5553888,124784,mixmdl_0008     ,0,0,model   sel_kmn2,2442,36,2376,4661,0,0,128,128,1,"[(59, 59, 59, 128), (89, 89, 89, 128), (102, 102, 102, 128), (128, 128, 128, 128)]","(0.578125, 0.00390625, 0.703125, 0.5)","(-1.2971700429916382, -1.2104400396347046, -0.17175300419330597, 0.10869599878787994, -0.0, 20.161100387573242)"
5553888,124784,mixmdl_0008     ,0,1,model   sel_kmn3,2442,36,572,1141,0,0,128,128,1,"[(89, 89, 89, 128), (128, 128, 128, 128)]","(0.72265625, 0.00390625, 0.74609375, 0.49609375)","(-1.281980037689209, -1.036769986152649, 0.08486559987068176, -0.014795299619436264, -0.8507009744644165, 20.092899322509766)"
5553888,124784,mixmdl_0008     ,0,2,model   sel_fg1 ,2442,36,176,262,32768,0,126,126,1,"[(102, 102, 102, 126), (128, 128, 128, 126)]","(0.625, 0.25, 0.71875, 1.0)","(-1.1701099872589111, -1.2104400396347046, -0.11104200035333633, 0.0796843022108078, -0.0, 18.444799423217773)"
5678672,153952,mixmdl_0009     ,0,0,model   sel_kmn2,3004,36,2955,5809,0,0,128,128,1,"[(59, 59, 59, 128), (89, 89, 89, 128), (102, 102, 102, 128), (128, 128, 128, 128)]","(0.578125, 0.00390625, 0.703125, 0.5)","(-18.67340087890625, -1.1972099542617798, -0.0502471998333931, 5.668399810791016, 0.2220200002193451, 1.007949948310852)"
5678672,153952,mixmdl_0009     ,0,1,model   sel_kmn3,3004,36,676,1349,0,0,128,128,1,"[(89, 89, 89, 128), (128, 128, 128, 128)]","(0.72265625, 0.00390625, 0.74609375, 0.49609375)","(-18.39419937133789, -1.03056001663208, -0.04431150108575821, 5.378779888153076, -0.7118579745292664, 0.9364240169525146)"
5678672,153952,mixmdl_0009     ,0,2,model   sel_fg1 ,3004,36,224,334,32768,0,126,126,1,"[(102, 102, 102, 126), (128, 128, 128, 126)]","(0.625, 0.25, 0.71875, 1.0)","(-18.60219955444336, -1.1972099542617798, -0.03910829871892929, 5.591050148010254, 0.2220200002193451, 0.9981420040130615)"
5832624,40672,mixmdl_0010     ,0,0,model   sel_kmn2,784,36,795,1569,0,0,128,128,1,"[(59, 59, 59, 128), (89, 89, 89, 128), (102, 102, 102, 128), (128, 128, 128, 128)]","(0.578125, 0.00390625, 0.703125, 0.5)","(-0.19110800325870514, -1.2000000476837158, -0.033840201795101166, 5.668409824371338, -0.0, 0.04508969932794571)"
5832624,40672,mixmdl_0010     ,0,1,model   sel_kmn3,784,36,156,309,0,0,128,128,1,"[(89, 89, 89, 128), (128, 128, 128, 128)]","(0.72265625, 0.00390625, 0.74609375, 0.49609375)","(0.10360199958086014, -1.0230900049209595, -0.027902599424123764, 5.378799915313721, -0.8507009744644165, 0.032026298344135284)"
5832624,40672,mixmdl_0010     ,0,2,model   sel_fg1 ,784,36,64,94,32768,0,126,126,1,"[(102, 102, 102, 126), (128, 128, 128, 126)]","(0.625, 0.25, 0.71875, 1.0)","(-0.11376000195741653, -1.2000000476837158, -0.025581400841474533, 5.591070175170898, -0.0, 0.025581400841474533)"
5873296,8256,mixmdl_0011     ,0,0,model   sel_hus1,104,36,208,310,0,0,255,255,1,"[(77, 77, 77, 255), (128, 128, 128, 255)]","(0.064453125, 0.75, 0.3125, 1.0)","(-13.240699768066406, -0.0, -3.96658992767334, 11.739100456237793, 1.3559800386428833, 19.525400161743164)"
5881552,35008,mixmdl_0012     ,0,0,model   sel_kmn2,832,36,876,1661,0,0,128,255,2,"[(77, 77, 77, 128), (89, 89, 89, 255), (102, 102, 102, 128), (115, 115, 115, 255), (128, 128, 128, 128)]","(0.0625, 0.04296875, 1.0, 1.0)","(-2.9637300968170166, -0.5565099716186523, -0.8849999904632568, 0.8104659914970398, 0.41252198815345764, 1.049720048904419)"
5916560,9040,mixmdl_0013     ,0,0,model   sel_kmn3,140,36,225,397,0,0,255,255,1,"[(59, 59, 59, 255), (64, 64, 64, 255), (89, 89, 89, 255), (102, 102, 102, 255), (115, 115, 115, 255), (128, 128, 128, 255)]","(0.00390625, 0.00390625, 0.43359375, 0.26171875)","(0.0, -0.4617080092430115, -0.6700760126113892, 2.7959699630737305, 1.0083099603652954, 1.1555900573730469)"
5925600,8384,mixmdl_0014     ,0,0,model   sel_kmn3,128,36,208,373,0,0,255,255,1,"[(89, 89, 89, 255), (102, 102, 102, 255), (128, 128, 128, 255)]","(0.00390625, 0.11328125, 0.43359375, 0.44921875)","(-1.2489299774169922, -0.05471929907798767, -1.7609800100326538, 0.0, 0.5582910180091858, 1.0039299726486206)"
5933984,27712,mixmdl_0015     ,0,0,model   sel_kmn2,506,36,662,1233,0,0,128,255,2,"[(64, 64, 64, 128), (77, 77, 77, 128), (89, 89, 89, 128), (102, 102, 102, 128), (115, 115, 115, 128), (128, 128, 128, 128), (128, 128, 128, 255), (153, 153, 153, 128)]","(0.0, 0.0, 0.466796875, 1.0)","(-0.7658309936523438, -0.34135499596595764, -1.5542900562286377, 3.522979974746704, 0.8291199803352356, 1.6363699436187744)"
5933984,27712,mixmdl_0015     ,0,1,                ,506,36,32,46,0,0,255,255,1,"[(27, 42, 70, 255), (42, 65, 109, 255), (89, 89, 89, 255)]","(-1.0, -1.0, 2.0, 1.0)","(-0.20701399445533752, 0.1838490068912506, -1.4854199886322021, 3.4453399181365967, 0.4484559893608093, 1.3765100240707397)"
5961696,23184,mixmdl_0016     ,0,0,model   sel_kmn3,360,36,582,1041,0,0,255,255,1,"[(59, 59, 59, 255), (64, 64, 64, 255), (89, 89, 89, 255), (102, 102, 102, 255), (115, 115, 115, 255), (128, 128, 128, 255)]","(0.00390625, 0.00390625, 0.43359375, 0.44921875)","(-1.4777289628982544, -0.11385399848222733, -1.911260962486267, 0.1757200062274933, 1.675469994544983, 1.0685919523239136)"
5984880,8496,mixmdl_0017     ,0,0,model   sel_hus1,144,36,216,286,0,0,255,255,1,"[(59, 59, 59, 255), (128, 128, 128, 255)]","(0.064453125, 0.875, 0.310546875, 0.99609375)","(-6.4982099533081055, -0.2770319879055023, -0.09999849647283554, 6.755889892578125, 0.01848509907722473, 7.740349769592285)"
5993536,14496,mixmdl_0020     ,0,0,model   sel_hus1,184,36,368,550,0,0,255,255,1,"[(77, 77, 77, 255), (128, 128, 128, 255)]","(0.064453125, 0.75, 0.3125, 1.0)","(-5.590720176696777, -0.0, -0.5000010132789612, 16.6023006439209, 1.3559800386428833, 25.764999389648438)"
6008032,29728,mixmdl_0021     ,0,0,model   sel_hus1,364,36,672,1006,0,0,255,255,1,"[(89, 89, 89, 255), (102, 102, 102, 255), (128, 128, 128, 255)]","(0.0, 0.00390625, 1.0, 0.90234375)","(-16.510700225830078, -1.0597699880599976, -27.75950050354004, 0.43859899044036865, 0.013042399659752846, 0.5302389860153198)"
6008032,29728,mixmdl_0021     ,0,1,model   sel_hus1,364,36,84,165,32768,0,126,126,1,"[(128, 128, 128, 126)]","(0.25, 0.75, 0.5, 1.05859375)","(-16.510700225830078, -1.0597699880599976, -27.75950050354004, 0.43859899044036865, -0.10798799991607666, 0.5302389860153198)"
6037760,14944,mixmdl_0022     ,0,0,model   sel_hus1,182,36,336,502,0,0,255,255,1,"[(89, 89, 89, 255), (102, 102, 102, 255), (128, 128, 128, 255)]","(0.0, 0.00390625, 1.0, 0.90234375)","(-2.4034299850463867, -1.0597699880599976, -1.9260300397872925, 10.6875, 0.013043399900197983, 15.023300170898438)"
6037760,14944,mixmdl_0022     ,0,1,model   sel_hus1,182,36,42,81,32768,0,126,126,1,"[(128, 128, 128, 126)]","(0.25, 0.75, 0.5, 1.05859375)","(-2.4034299850463867, -1.0597699880599976, -1.9260300397872925, 10.6875, -0.10798899829387665, 15.023300170898438)"
6052704,14944,mixmdl_0023     ,0,0,model   sel_hus1,182,36,336,502,0,0,255,255,1,"[(89, 89, 89, 255), (102, 102, 102, 255), (128, 128, 128, 255)]","(0.0, 0.00390625, 1.0, 0.90234375)","(-2.4112000465393066, -1.0597699880599976, -1.9260300397872925, 10.667699813842773, 0.013043399900197983, 15.023300170898438)"
6052704,14944,mixmdl_0023     ,0,1,model   sel_hus1,182,36,42,81,32768,0,126,126,1,"[(128, 128, 128, 126)]","(0.25, 0.75, 0.5, 1.05859375)","(-2.4112000465393066, -1.0597699880599976, -1.9260300397872925, 10.667699813842773, -0.10798899829387665, 15.023300170898438)"
6067648,7376,oke             ,0,0,model   sel_kmn2,140,36,186,265,0,0,128,128,1,"[(77, 77, 77, 128), (102, 102, 102, 128), (128, 128, 128, 128)]","(0.0625, 0.04296875, 0.78125, 0.35546875)","(-0.8994989991188049, -0.800000011920929, -0.8449490070343018, 0.8994989991188049, -0.0, 0.8449500203132629)"
6075024,3040,pen             ,0,0,model   sel_kmn2,40,36,69,117,0,0,128,128,1,"[(128, 128, 128, 128)]","(0.251953125, 0.94140625, 0.404296875, 0.99609375)","(0.0, -0.25652700662612915, -0.0, 0.08333399891853333, -0.0, 0.06999800354242325)"
6075024,3040,pen             ,0,1,                ,40,36,4,4,0,0,255,255,1,"[(35, 36, 128, 255)]","(0.0, -3.0, 1.0, -2.0)","(0.030981000512838364, -0.06280899792909622, 0.03062799945473671, 0.040017999708652496, -0.06280899792909622, 0.03942500054836273)"
6078064,40976,riyakaa         ,0,0,model   sel_kmn2,700,36,1049,1537,0,0,128,128,1,"[(64, 64, 64, 128), (77, 77, 77, 128), (89, 89, 89, 128), (102, 102, 102, 128), (115, 115, 115, 128), (128, 128, 128, 128)]","(0.0, 0.0625, 0.560546875, 0.99609375)","(-1.523569941520691, -3.7819199562072754, -4.607359886169434, 1.165910005569458, -2.1109399795532227, -0.041475001722574234)"
6119040,1840,sakana          ,0,0,model   sel_kmn2,46,36,42,91,0,0,255,255,1,"[(89, 89, 89, 255), (115, 115, 115, 255)]","(0.935546875, 0.6171875, 1.0, 1.0)","(-0.20000000298023224, -0.0880960002541542, -0.5, 0.20000000298023224, 0.0880960002541542, 0.6341300010681152)"
6120880,6672,saku            ,0,0,model   sel_kmn2,118,36,147,297,0,0,128,128,1,"[(59, 59, 59, 128), (89, 89, 89, 128), (102, 102, 102, 128), (128, 128, 128, 128)]","(0.578125, 0.00390625, 0.703125, 0.5)","(-0.19110800325870514, -1.2000000476837158, -0.02558100037276745, 0.07699599862098694, -0.0, 0.02558100037276745)"
6120880,6672,saku            ,0,1,model   sel_fg1 ,118,36,16,22,32768,0,126,126,1,"[(102, 102, 102, 126), (128, 128, 128, 126)]","(0.625, 0.25, 0.71875, 1.0)","(-0.11376000195741653, -1.2000000476837158, -0.02558100037276745, -0.00035200000274926424, -0.0, 0.02558100037276745)"
6127552,4976,sakurope        ,0,0,model   sel_kmn2,104,36,69,121,0,0,128,128,1,"[(89, 89, 89, 128), (128, 128, 128, 128)]","(0.625, 0.4375, 0.65625, 0.5)","(-1.8348499536514282, -1.025149941444397, -0.04236000031232834, -0.14493900537490845, -0.9597730040550232, 0.03218799829483032)"
6127552,4976,sakurope        ,0,1,model   sel_kmn3,104,36,52,101,0,0,128,128,1,"[(89, 89, 89, 128), (128, 128, 128, 128)]","(0.72265625, 0.00390625, 0.74609375, 0.49609375)","(-1.7623000144958496, -1.018180012702942, -0.03642300143837929, -0.2155109941959381, -0.8479070067405701, 0.01912499964237213)"
6132528,1504,sanbashi        ,0,0,model   sel_hus1,16,36,22,35,0,0,255,255,1,"[(102, 102, 102, 255), (128, 128, 128, 255)]","(0.25, 0.00390625, 0.90625, 0.5)","(0.0, -0.23706600069999695, -1.1586099863052368, 3.1670000553131104, -0.0, -0.0)"
6132528,1504,sanbashi        ,0,1,model   sel_hus1,16,36,12,21,32768,0,126,126,1,"[(128, 128, 128, 126)]","(0.25, 0.5, 0.5, 1.05859375)","(0.0, -0.23706600069999695, -1.1586099863052368, 3.1670000553131104, -0.0, -0.0)"
6134032,6448,sanbashi00      ,0,0,model   sel_hus1,88,36,161,255,0,0,255,255,1,"[(89, 89, 89, 255), (102, 102, 102, 255), (128, 128, 128, 255)]","(0.001953125, 0.15625, 1.3125, 1.16015625)","(-0.018919000402092934, -1.6081299781799316, -3.055180072784424, 0.33107900619506836, 0.985131025314331, 6.345709800720215)"
6140480,1344,sanbashi02      ,0,0,model   sel_hus1,16,36,22,35,0,0,255,255,1,"[(102, 102, 102, 255), (128, 128, 128, 255)]","(0.25, 0.00390625, 0.90625, 0.5)","(0.0, -0.23706600069999695, -1.1586099863052368, 3.1670000553131104, -0.0, -0.0)"
6140480,1344,sanbashi02      ,0,1,model   sel_fg1 ,16,36,8,10,32768,0,126,126,1,"[(102, 102, 102, 126), (128, 128, 128, 126)]","(0.0, 0.75, 0.75, 1.0)","(0.0, -0.23706600069999695, -1.1586099863052368, 3.1670000553131104, -0.0, -0.0)"
6141824,5968,sara            ,0,0,model   sel_kmn2,128,36,144,321,0,0,128,128,1,"[(77, 77, 77, 128), (89, 89, 89, 128), (102, 102, 102, 128), (115, 115, 115, 128), (128, 128, 128, 128), (153, 153, 153, 128)]","(0.15625, 0.75, 0.466796875, 1.0)","(-0.30000001192092896, -0.07741600275039673, -0.30000001192092896, 0.30000001192092896, -0.0, 0.30000001192092896)"
6147792,35968,s-corp01        ,0,0,model   sel_hus1,642,36,621,1249,0,0,128,128,1,"[(59, 59, 59, 128), (89, 89, 89, 128), (102, 102, 102, 128), (128, 128, 128, 128)]","(0.0, 0.0, 1.0, 1.0)","(-3.111219882965088, -4.277029991149902, -4.521420001983643, 3.111219882965088, -0.2770319879055023, 4.521420001983643)"
6147792,35968,s-corp01        ,0,1,model   sel_hus1,642,36,273,559,32768,0,40,126,3,"[(102, 102, 102, 126), (128, 128, 128, 40), (128, 128, 128, 75), (128, 128, 128, 126)]","(0.0, 0.5, 0.5, 1.05859375)","(-3.0, -4.277029991149902, -4.487390041351318, 3.0, -0.2770319879055023, 4.487390041351318)"
6183760,14832,s-corp01p       ,0,0,model   sel_kmn1,234,36,12,25,0,0,128,128,1,"[(89, 89, 89, 128), (102, 102, 102, 128)]","(0.0078125, 0.50390625, 0.375, 0.87109375)","(-2.664979934692383, -2.630280017852783, -1.6632800102233887, 2.664979934692383, -0.4269320070743561, 1.6632800102233887)"
6183760,14832,s-corp01p       ,0,1,model   sel_hus1,234,36,255,497,0,0,128,128,1,"[(89, 89, 89, 128), (102, 102, 102, 128), (128, 128, 128, 128)]","(0.0, 0.0625, 1.0, 1.0)","(-3.111219882965088, -4.277029991149902, -4.083330154418945, 3.111219882965088, -0.2770319879055023, 4.083330154418945)"
6183760,14832,s-corp01p       ,0,2,model   sel_hus1,234,36,101,175,32768,0,75,126,2,"[(89, 89, 89, 126), (102, 102, 102, 126), (128, 128, 128, 75), (128, 128, 128, 126)]","(0.0, 0.25, 0.5, 1.05859375)","(-3.051729917526245, -4.277029991149902, -4.0, 3.051729917526245, -0.2770319879055023, 4.0)"
6198592,608,s-corp02        ,0,0,model   sel_hus1,8,36,12,14,0,0,255,255,1,"[(59, 59, 59, 255), (128, 128, 128, 255)]","(0.064453125, 0.875, 0.310546875, 0.99609375)","(-0.10000000149011612, -0.2770319879055023, -0.10000000149011612, 0.10000000149011612, 0.018485000357031822, 0.10000000149011612)"
6199200,5008,s-corp03        ,0,0,model   sel_hus1,64,36,108,163,0,0,255,255,1,"[(89, 89, 89, 255), (128, 128, 128, 255)]","(0.001953125, 0.0, 1.0, 0.75)","(-4.918059825897217, -3.5475099086761475, -3.0484800338745117, -2.8693599700927734, -2.0651700496673584, 3.0484800338745117)"
6199200,5008,s-corp03        ,0,1,model   sel_hus1,64,36,16,22,32768,0,126,126,1,"[(89, 89, 89, 126), (128, 128, 128, 126)]","(0.0, 0.75, 0.5, 1.05859375)","(-4.918059825897217, -3.5475099086761475, -3.0484800338745117, -3.001810073852539, -2.777869939804077, 3.0484800338745117)"
6204208,19936,s-corp04        ,0,0,model   sel_kmn2,292,36,480,779,0,0,128,255,2,"[(77, 77, 77, 128), (77, 77, 77, 255), (89, 89, 89, 128), (89, 89, 89, 255), (102, 102, 102, 128), (115, 115, 115, 128), (115, 115, 115, 255), (128, 128, 128, 128)]","(0.0, 0.01953125, 0.685546875, 0.625)","(-4.932340145111084, -0.9954950213432312, -2.9991300106048584, -3.0, 0.018485000357031822, 2.9907801151275635)"
6204208,19936,s-corp04        ,0,1,model   sel_wl1 ,292,36,24,34,32768,0,126,126,1,"[(89, 89, 89, 126), (128, 128, 128, 126)]","(0.25, 0.25, 0.5, 0.5)","(-4.872759819030762, -0.8867949843406677, -2.923830032348633, -3.140049934387207, -0.3890630006790161, 2.9297499656677246)"
6224144,1952,s-corp05        ,0,0,model   sel_kmn2,24,36,42,60,0,0,128,128,1,"[(77, 77, 77, 128), (89, 89, 89, 128), (102, 102, 102, 128), (115, 115, 115, 128), (128, 128, 128, 128)]","(0.001953125, 0.34375, 0.216796875, 0.75)","(-3.942689895629883, -0.9954950213432312, 2.3514699935913086, -3.0140299797058105, -0.6236339807510376, 2.9907801151275635)"
6224144,1952,s-corp05        ,0,1,                ,24,36,4,4,0,0,255,255,1,"[(70, 120, 128, 255)]","(-1.0, 0.0, 0.0, 1.0)","(-3.942689895629883, -0.8867949843406677, 2.635040044784546, -3.942689895629883, -0.6236339807510376, 2.6963601112365723)"
6226096,1888,s-corp06        ,0,0,model   sel_kmn2,26,36,44,81,0,0,128,128,1,"[(128, 128, 128, 128)]","(0.609375, 0.4375, 0.654296875, 0.49609375)","(-1.1199699640274048, -3.0467801094055176, -4.63916015625, -1.0199700593948364, -2.8668899536132812, -4.412139892578125)"
6227984,9760,s-corp07        ,0,0,model   sel_kmn1,158,36,243,431,0,0,128,255,2,"[(79, 79, 79, 128), (79, 79, 79, 255), (89, 89, 89, 128), (89, 89, 89, 255), (102, 102, 102, 128), (102, 102, 102, 255)]","(0.0, 0.0, 1.0, 0.37109375)","(-1.6743700504302979, -4.247290134429932, -4.766860008239746, 1.6133899688720703, -2.9396800994873047, -4.476809978485107)"
6237744,4656,s-corp08        ,0,0,model   sel_kmn2,120,36,105,154,0,0,128,128,1,"[(0, 0, 0, 128), (128, 128, 128, 128)]","(0.65625, 0.00390625, 0.78125, 0.375)","(-2.1969399452209473, -6.653689861297607, 1.9359699487686157, -0.623757004737854, -3.8094100952148438, 3.514580011367798)"
6237744,4656,s-corp08        ,0,1,                ,120,36,10,20,0,0,255,255,1,"[(0, 0, 0, 255)]","(0.0, 0.0, 0.6981316804885864, 0.11111116409301758)","(-1.6191699504852295, -6.1847100257873535, 2.508039951324463, -1.2015299797058105, -6.1847100257873535, 2.942509889602661)"
6242400,3424,s-corp09        ,0,0,model   sel_kmn2,88,36,73,118,0,0,128,128,1,"[(0, 0, 0, 128), (128, 128, 128, 128)]","(0.65625, 0.00390625, 0.78125, 0.375)","(1.1963000297546387, -5.5868401527404785, -3.1272199153900146, 2.0538699626922607, -3.8094100952148438, -2.2542901039123535)"
6242400,3424,s-corp09        ,0,1,                ,88,36,10,20,0,0,255,255,1,"[(0, 0, 0, 255)]","(0.0, 0.0, 0.6981316804885864, 0.11111116409301758)","(1.4445699453353882, -5.117869853973389, -2.873699903488159, 1.8056000471115112, -5.117869853973389, -2.507810115814209)"
6245824,2112,s-corp10        ,0,0,model   sel_kmn1,32,36,24,40,0,0,128,128,1,"[(89, 89, 89, 128), (102, 102, 102, 128)]","(0.0, 0.0, 0.7421875, 0.49609375)","(-3.070739984512329, -2.1795499324798584, -1.7267500162124634, -3.0, -1.4795500040054321, -1.0267499685287476)"
6245824,2112,s-corp10        ,0,1,model   sel_kmn2,32,36,21,35,0,0,128,128,1,"[(59, 59, 59, 128), (89, 89, 89, 128), (102, 102, 102, 128)]","(0.078125, 0.90625, 0.09375, 0.96875)","(-3.1167500019073486, -1.582110047340393, -1.4083499908447266, -3.0, -1.435789942741394, -1.3644299507141113)"
6245824,2112,s-corp10        ,0,2,                ,32,36,4,4,0,0,255,255,1,"[(41, 78, 78, 255)]","(0.0, -1.0, 1.0, 0.0)","(-3.1167500019073486, -1.582110047340393, -1.4083499908447266, -3.070470094680786, -1.582110047340393, -1.3644299507141113)"
6248096,9056,sityousyamark   ,0,0,model   sel_kmn1,156,36,223,445,0,0,255,255,1,"[(128, 128, 128, 255)]","(0.0, 0.0, 1.0, 0.37109375)","(-1.643880009651184, -1.2954699993133545, -0.3047719895839691, 1.643880009651184, -0.0, 0.0606440007686615)"
6257152,8304,table           ,0,0,model   sel_kmn2,136,36,190,341,0,0,128,128,1,"[(64, 64, 64, 128), (89, 89, 89, 128), (128, 128, 128, 128)]","(0.0, 0.0, 0.40625, 0.66796875)","(-1.9159400463104248, -0.8291199803352356, -0.7242940068244934, 1.9170500040054321, -0.0, 0.7242940068244934)"
6257152,8304,table           ,0,1,                ,136,36,16,22,0,0,255,255,1,"[(27, 42, 70, 255)]","(-1.0, 0.0, 2.0, 1.0)","(-1.1970700025558472, -0.6452710032463074, -0.6208760142326355, 1.1993499994277954, -0.5429229736328125, 0.6139990091323853)"
6265456,4400,tokkuri         ,0,0,model   sel_kmn2,112,36,106,221,0,0,128,255,2,"[(64, 64, 64, 128), (89, 89, 89, 128), (102, 102, 102, 128), (115, 115, 115, 128), (128, 128, 128, 128), (128, 128, 128, 255)]","(0.15625, 0.68359375, 0.28125, 0.87109375)","(-0.12562400102615356, -0.34135499596595764, -0.1260019987821579, 0.12562400102615356, -0.0, 0.1260019987821579)"
6269856,5952,umisaku01       ,0,0,model   sel_kmn3,126,36,56,86,0,0,128,128,1,"[(77, 77, 77, 128), (128, 128, 128, 128)]","(0.6875, 0.0, 0.99609375, 0.9375)","(-0.25, -5.56673002243042, -0.21650700271129608, 0.25, -0.0, 0.21650700271129608)"
6269856,5952,umisaku01       ,0,1,model   sel_kmn2,126,36,92,139,0,0,128,128,1,"[(128, 128, 128, 128)]","(0.5625, 0.0, 0.78125, 0.74609375)","(-0.4505769908428192, -7.310699939727783, -0.3849869966506958, 0.440189003944397, -5.56673002243042, 0.3849869966506958)"
6275808,2192,umisaku02       ,0,0,model   sel_kmn3,72,36,51,106,0,0,128,128,1,"[(128, 128, 128, 128)]","(0.69140625, 0.00390625, 0.71875, 0.49609375)","(-8.684300422668457, -4.880760192871094, -0.07071100175380707, 0.08647999912500381, -4.167570114135742, 0.07071100175380707)"
6278000,1648,water           ,0,0,                ,50,36,37,85,0,0,254,255,2,"[(90, 97, 36, 254), (90, 97, 36, 255)]","(0.0, 1.0, 0.0, 1.0)","(-20.0, 10.0, -20.0, 20.0, 10.0, 20.0)"
6279648,496,water2          ,0,0,                ,8,36,9,14,0,0,255,255,1,"[(90, 97, 36, 255)]","(0.0, 0.0, 0.0, 0.0)","(-20.0, 10.0, -20.0, 20.0, 10.0, 20.0)"
6280144,9520,yadoyamark      ,0,0,model   sel_kmn1,158,36,231,445,0,0,255,255,1,"[(102, 102, 102, 255), (115, 115, 115, 255), (128, 128, 128, 255)]","(0.0, 0.0, 1.0, 0.24609375)","(-1.643880009651184, -1.2954699993133545, -0.3047719895839691, 1.643880009651184, -0.0, 0.0606440007686615)"
6280144,9520,yadoyamark      ,0,1,model   sel_kmn1,158,36,4,4,32768,0,100,100,1,"[(115, 115, 115, 100)]","(0.0078125, 0.37890625, 0.2421875, 0.49609375)","(-0.411516010761261, -0.9774540066719055, -0.2491540014743805, 0.4154820144176483, -0.15801000595092773, -0.05420000106096268)"
6289744,1024,d_x04z03p1      ,0,0,model   sel_fg1 ,16,36,22,43,0,0,128,128,1,"[(115, 115, 115, 128), (128, 128, 128, 128)]","(0.0, 0.0, 1.25, 1.5)","(16.0, -2.558579921722412, -20.0, 20.0, -2.558579921722412, -4.0)"
6361392,3424,sunsphere       ,0,0,                ,144,36,81,186,0,0,0,128,5,"[(128, 128, 128, 0), (128, 128, 128, 32), (128, 128, 128, 64), (128, 128, 128, 96), (128, 128, 128, 128)]","(0.0, 1.0, 0.0, 1.0)","(0.0, -21.828031539916992, -21.63985824584961, 16.35417366027832, 21.828041076660156, 21.639860153198242)"
6364816,24496,suny_a01        ,0,0,suny    suny_a01,668,36,117,211,0,0,128,128,1,"[(128, 128, 128, 128)]","(0.0, 0.0, 1.0, 1.0)","(-70.98619842529297, -34.38290023803711, -70.77739715576172, 70.98619842529297, -23.802400588989258, 70.93409729003906)"
6364816,24496,suny_a01        ,0,1,suny    suny_a01,668,36,493,975,32768,0,0,128,8,"[(128, 128, 128, 0), (128, 128, 128, 48), (128, 128, 128, 64), (128, 128, 128, 80), (128, 128, 128, 100), (128, 128, 128, 110), (128, 128, 128, 120), (128, 128, 128, 128)]","(0.0, 0.0, 1.0, 1.0)","(-120.4260025024414, -31.448699951171875, -120.24700164794922, 120.4260025024414, 0.012745000422000885, 120.24700164794922)"
6514048,2224,moonsphere      ,0,0,                ,80,36,49,157,0,0,0,128,3,"[(128, 128, 128, 0), (128, 128, 128, 72), (136, 136, 136, 72), (153, 153, 153, 72), (170, 170, 170, 72), (187, 187, 187, 128)]","(0.0, 1.0, 0.0, 1.0)","(0.0, -8.189419746398926, -8.189419746398926, 0.830780029296875, 8.189430236816406, 8.189430236816406)"
6538064,20784,star            ,0,0,star    star01  ,172,36,516,1029,0,0,128,255,2,"[(0, 0, 255, 128), (0, 99, 255, 128), (0, 140, 217, 128), (0, 163, 194, 128), (61, 255, 57, 128), (90, 90, 90, 128), (121, 0, 191, 128), (121, 118, 223, 128)]","(0.0, 0.0, 1.0, 1.0)","(-109.69400024414062, -33.714500427246094, -111.71299743652344, 108.88299560546875, -0.06890899688005447, 120.697998046875)"
6558848,24768,stardust02      ,0,0,star    star02  ,330,36,613,1275,0,0,128,128,1,"[(0, 0, 0, 128), (16, 108, 108, 128), (29, 156, 204, 128), (40, 40, 40, 128), (50, 50, 50, 128), (60, 60, 60, 128), (83, 83, 182, 128), (90, 90, 90, 128)]","(0.0, 0.0, 4.0, 4.0)","(-120.4260025024414, -34.38290023803711, -120.13400268554688, 120.4260025024414, 0.012745000422000885, 120.24700164794922)"
6651376,24496,clod_a01        ,0,0,clod    clod_a01,668,36,117,211,0,0,128,128,1,"[(128, 128, 128, 128)]","(0.0, 0.0, 1.0, 1.0)","(-70.98619842529297, -34.38290023803711, -70.77739715576172, 70.98619842529297, -23.802400588989258, 70.93409729003906)"
6651376,24496,clod_a01        ,0,1,clod    clod_a01,668,36,493,975,32768,0,0,128,8,"[(128, 128, 128, 0), (128, 128, 128, 48), (128, 128, 128, 64), (128, 128, 128, 80), (128, 128, 128, 100), (128, 128, 128, 110), (128, 128, 128, 120), (128, 128, 128, 128)]","(0.0, 0.0, 1.0, 1.0)","(-120.4260025024414, -31.448699951171875, -120.24700164794922, 120.4260025024414, 0.012745000422000885, 120.24700164794922)"
6675872,3424,sunsphere       ,0,0,                ,144,36,81,186,0,0,0,128,5,"[(128, 128, 128, 0), (128, 128, 128, 32), (128, 128, 128, 64), (128, 128, 128, 96), (128, 128, 128, 128)]","(0.0, 1.0, 0.0, 1.0)","(0.0, -24.974899291992188, -24.759599685668945, 11.35420036315918, 24.974899291992188, 24.759599685668945)"
6755008,1776,dryw00          ,0,0,                ,56,36,42,62,0,0,0,128,7,"[(128, 128, 128, 0), (128, 128, 128, 45), (128, 128, 128, 64), (128, 128, 128, 89), (128, 128, 128, 104), (128, 128, 128, 108), (128, 128, 128, 128)]","(0.0, 1.0, 0.0, 1.0)","(-4.054314136505127, -2.8806099891662598, -4.115711212158203, 4.054314136505127, 1.1191960573196411, 4.1157121658325195)"
6756784,4352,cld_fine_a01    ,0,0,dryw    fine_a01,128,36,108,158,0,0,128,128,1,"[(178, 178, 178, 128)]","(0.0, 0.0, 1.0, 1.0)","(-40.0, -16.327999114990234, -39.91550064086914, 40.0, 0.002689999993890524, 39.98569869995117)"
6761136,3424,sunsphere       ,0,0,                ,144,36,81,186,0,0,0,128,5,"[(128, 128, 128, 0), (128, 128, 128, 32), (128, 128, 128, 64), (128, 128, 128, 96), (128, 128, 128, 128)]","(0.0, 1.0, 0.0, 1.0)","(0.0, -24.97486114501953, -24.75956153869629, 11.354174613952637, 24.974870681762695, 24.759563446044922)"
6889264,2224,moonsphere      ,0,0,                ,80,36,49,157,0,0,0,128,3,"[(128, 128, 128, 0), (128, 128, 128, 72), (136, 136, 136, 72), (153, 153, 153, 72), (170, 170, 170, 72), (187, 187, 187, 128)]","(0.0, 1.0, 0.0, 1.0)","(0.0, -8.189419746398926, -8.189419746398926, 0.830780029296875, 8.189430236816406, 8.189430236816406)"
6913280,20784,star            ,0,0,star    star01  ,172,36,516,1029,0,0,128,255,2,"[(0, 0, 255, 128), (0, 99, 255, 128), (0, 140, 217, 128), (0, 163, 194, 128), (61, 255, 57, 128), (90, 90, 90, 128), (121, 0, 191, 128), (121, 118, 223, 128)]","(0.0, 0.0, 1.0, 1.0)","(-109.69400024414062, -33.714500427246094, -111.71299743652344, 108.88299560546875, -0.06890899688005447, 120.697998046875)"
6934064,24768,stardust02      ,0,0,star    star02  ,330,36,613,1275,0,0,128,128,1,"[(0, 0, 0, 128), (16, 108, 108, 128), (29, 156, 204, 128), (40, 40, 40, 128), (50, 50, 50, 128), (60, 60, 60, 128), (83, 83, 182, 128), (90, 90, 90, 128)]","(0.0, 0.0, 4.0, 4.0)","(-120.4260025024414, -34.38290023803711, -120.13400268554688, 120.4260025024414, 0.012745000422000885, 120.24700164794922)"
7043600,3424,sunsphere       ,0,0,                ,144,36,81,186,0,0,0,128,5,"[(128, 128, 128, 0), (128, 128, 128, 32), (128, 128, 128, 64), (128, 128, 128, 96), (128, 128, 128, 128)]","(0.0, 1.0, 0.0, 1.0)","(0.0, -21.828031539916992, -21.63985824584961, 16.35417366027832, 21.828041076660156, 21.639860153198242)"
7047024,24496,suny_c01        ,0,0,dust    suny_c01,668,36,117,211,0,0,128,128,1,"[(128, 128, 128, 128)]","(0.0, 0.0, 1.0, 1.0)","(-70.98619842529297, -34.38290023803711, -70.77739715576172, 70.98619842529297, -23.802400588989258, 70.93409729003906)"
7047024,24496,suny_c01        ,0,1,dust    suny_c01,668,36,493,975,32768,0,0,128,8,"[(128, 128, 128, 0), (128, 128, 128, 48), (128, 128, 128, 64), (128, 128, 128, 80), (128, 128, 128, 100), (128, 128, 128, 110), (128, 128, 128, 120), (128, 128, 128, 128)]","(0.0, 0.0, 1.0, 1.0)","(-120.4260025024414, -31.448699951171875, -120.24700164794922, 120.4260025024414, 0.012745000422000885, 120.24700164794922)"
7071520,3888,dust00          ,0,0,dust    dust00  ,48,36,96,142,32768,0,0,128,4,"[(128, 128, 128, 0), (128, 128, 128, 78), (128, 128, 128, 101), (128, 128, 128, 128)]","(0.0, 0.0, 1.0, 1.0)","(-15.0, -8.0, -0.0, 16.0, 8.0, -0.0)"
7163360,2224,moonsphere      ,0,0,                ,80,36,49,157,0,0,0,128,3,"[(128, 128, 128, 0), (128, 128, 128, 72), (136, 136, 136, 72), (153, 153, 153, 72), (170, 170, 170, 72), (187, 187, 187, 128)]","(0.0, 1.0, 0.0, 1.0)","(0.0, -8.189419746398926, -8.189419746398926, 0.830780029296875, 8.189430236816406, 8.189430236816406)"
7224592,20784,star            ,0,0,star    star01  ,172,36,516,1029,0,0,128,255,2,"[(0, 0, 255, 128), (0, 99, 255, 128), (0, 140, 217, 128), (0, 163, 194, 128), (61, 255, 57, 128), (90, 90, 90, 128), (121, 0, 191, 128), (121, 118, 223, 128)]","(0.0, 0.0, 1.0, 1.0)","(-109.69400024414062, -33.714500427246094, -111.71299743652344, 108.88299560546875, -0.06890899688005447, 120.697998046875)"
7245376,24768,stardust02      ,0,0,star    star02  ,330,36,613,1275,0,0,128,128,1,"[(0, 0, 0, 128), (16, 108, 108, 128), (29, 156, 204, 128), (40, 40, 40, 128), (50, 50, 50, 128), (60, 60, 60, 128), (83, 83, 182, 128), (90, 90, 90, 128)]","(0.0, 0.0, 4.0, 4.0)","(-120.4260025024414, -34.38290023803711, -120.13400268554688, 120.4260025024414, 0.012745000422000885, 120.24700164794922)"
7305680,4352,cld_fine_a01    ,0,0,fine    fine_a01,128,36,108,158,0,0,128,128,1,"[(178, 178, 178, 128)]","(0.0, 0.0, 1.0, 1.0)","(-40.0, -16.327999114990234, -39.91550064086914, 40.0, 0.002689999993890524, 39.98569869995117)"
7310032,3424,sunsphere       ,0,0,                ,144,36,81,186,0,0,0,128,5,"[(128, 128, 128, 0), (128, 128, 128, 32), (128, 128, 128, 64), (128, 128, 128, 96), (128, 128, 128, 128)]","(0.0, 1.0, 0.0, 1.0)","(0.0, -24.97486114501953, -24.75956153869629, 11.354174613952637, 24.974870681762695, 24.759563446044922)"
7337280,20784,star            ,0,0,star    star01  ,172,36,516,1029,0,0,128,255,2,"[(0, 0, 255, 128), (0, 99, 255, 128), (0, 140, 217, 128), (0, 163, 194, 128), (61, 255, 57, 128), (90, 90, 90, 128), (121, 0, 191, 128), (121, 118, 223, 128)]","(0.0, 0.0, 1.0, 1.0)","(-109.69400024414062, -33.714500427246094, -111.71299743652344, 108.88299560546875, -0.06890899688005447, 120.697998046875)"
7358064,24768,stardust02      ,0,0,star    star02  ,330,36,613,1275,0,0,128,128,1,"[(0, 0, 0, 128), (16, 108, 108, 128), (29, 156, 204, 128), (40, 40, 40, 128), (50, 50, 50, 128), (60, 60, 60, 128), (83, 83, 182, 128), (90, 90, 90, 128)]","(0.0, 0.0, 4.0, 4.0)","(-120.4260025024414, -34.38290023803711, -120.13400268554688, 120.4260025024414, 0.012745000422000885, 120.24700164794922)"
7468560,2224,moonsphere      ,0,0,                ,80,36,49,157,0,0,0,128,3,"[(128, 128, 128, 0), (128, 128, 128, 72), (136, 136, 136, 72), (153, 153, 153, 72), (170, 170, 170, 72), (187, 187, 187, 128)]","(0.0, 1.0, 0.0, 1.0)","(0.0, -8.189419746398926, -8.189419746398926, 0.830780029296875, 8.189430236816406, 8.189430236816406)"
7575472,24496,clod_a01        ,0,0,mist    clod_a01,668,36,117,211,0,0,128,128,1,"[(128, 128, 128, 128)]","(0.0, 0.0, 1.0, 1.0)","(-70.98619842529297, -34.38290023803711, -70.77739715576172, 70.98619842529297, -23.802400588989258, 70.93409729003906)"
7575472,24496,clod_a01        ,0,1,mist    clod_a01,668,36,493,975,32768,0,0,128,8,"[(128, 128, 128, 0), (128, 128, 128, 48), (128, 128, 128, 64), (128, 128, 128, 80), (128, 128, 128, 100), (128, 128, 128, 110), (128, 128, 128, 120), (128, 128, 128, 128)]","(0.0, 0.0, 1.0, 1.0)","(-120.4260025024414, -31.448699951171875, -120.24700164794922, 120.4260025024414, 0.012745000422000885, 120.24700164794922)"
7599968,3424,sunsphere       ,0,0,                ,144,36,81,186,0,0,0,128,5,"[(128, 128, 128, 0), (128, 128, 128, 32), (128, 128, 128, 64), (128, 128, 128, 96), (128, 128, 128, 128)]","(0.0, 1.0, 0.0, 1.0)","(0.0, -24.974899291992188, -24.759599685668945, 11.35420036315918, 24.974899291992188, 24.759599685668945)"
